d,o,c
2015-01-02,32480.000000,32976.000000
2015-01-05,33856.000000,35440.000000
2015-01-06,35200.000000,36208.000000
2015-01-07,35120.000000,35008.000000
2015-01-08,33632.000000,32768.000000
2015-01-09,32400.000000,34048.000000
2015-01-12,34288.000000,35664.000000
2015-01-13,34816.000000,36688.000000
2015-01-14,38400.000000,37344.000000
2015-01-15,36928.000000,38496.000000
2015-01-16,38576.000000,37680.000000
2015-01-20,36560.000000,37344.000000
2015-01-21,37776.000000,35536.000000
2015-01-22,34560.000000,33296.000000
2015-01-23,33776.000000,34144.000000
2015-01-26,33808.000000,32608.000000
2015-01-27,34240.000000,34016.000000
2015-01-28,33120.000000,36896.000000
2015-01-29,36864.000000,35648.000000
2015-01-30,36800.000000,39280.000000
2015-02-02,37984.000000,37136.000000
2015-02-03,36464.000000,35376.000000
2015-02-04,35808.000000,36368.000000
2015-02-05,35888.000000,35008.000000
2015-02-06,34560.000000,36512.000000
2015-02-09,37184.000000,36688.000000
2015-02-10,35824.000000,35296.000000
2015-02-11,35632.000000,35440.000000
2015-02-12,34624.000000,33344.000000
2015-02-13,33136.000000,32944.000000
2015-02-17,33248.000000,33024.000000
2015-02-18,33424.000000,32736.000000
2015-02-19,33104.000000,32016.000000
2015-02-20,32640.000000,30864.000000
2015-02-23,31200.000000,30976.000000
2015-02-24,30896.000000,29680.000000
2015-02-25,29776.000000,29888.000000
2015-02-26,29808.000000,29520.000000
2015-02-27,29504.000000,29408.000000
2015-03-02,29232.000000,28384.000000
2015-03-03,28688.000000,29008.000000
2015-03-04,29440.000000,28928.000000
2015-03-05,28768.000000,28544.000000
2015-03-06,28976.000000,29856.000000
2015-03-09,29632.000000,29440.000000
2015-03-10,30272.000000,30384.000000
2015-03-11,30416.000000,31040.000000
2015-03-12,30496.000000,29200.000000
2015-03-13,29328.000000,29872.000000
2015-03-16,29504.000000,29200.000000
2015-03-17,29584.000000,29008.000000
2015-03-18,29232.000000,27760.000000
2015-03-19,28208.000000,27808.000000
2015-03-20,27456.000000,27360.000000
2015-03-23,27136.000000,26864.000000
2015-03-24,26896.000000,26720.000000
2015-03-25,26608.000000,27952.000000
2015-03-26,28496.000000,27712.000000
2015-03-27,27728.000000,27376.000000
2015-03-30,26720.000000,26528.000000
2015-03-31,26640.000000,27216.000000
2015-04-01,27280.000000,27200.000000
2015-04-02,27024.000000,26656.000000
2015-04-06,26912.000000,26016.000000
2015-04-07,25872.000000,26032.000000
2015-04-08,25824.000000,25520.000000
2015-04-09,25392.000000,24640.000000
2015-04-10,24416.000000,23552.000000
2015-04-13,23232.000000,24160.000000
2015-04-14,24448.000000,23920.000000
2015-04-15,23600.000000,23392.000000
2015-04-16,23456.000000,22912.000000
2015-04-17,23664.000000,23664.000000
2015-04-20,23232.000000,22896.000000
2015-04-21,22640.000000,22896.000000
2015-04-22,22800.000000,22656.000000
2015-04-23,22800.000000,22448.000000
2015-04-24,22320.000000,22208.000000
2015-04-27,22032.000000,22896.000000
2015-04-28,23024.000000,22048.000000
2015-04-29,22624.000000,22656.000000
2015-04-30,22960.000000,23264.000000
2015-05-01,22944.000000,22112.000000
2015-05-04,21968.000000,22176.000000
2015-05-05,22304.000000,22896.000000
2015-05-06,22624.000000,23312.000000
2015-05-07,23424.000000,23104.000000
2015-05-08,22240.000000,21920.000000
2015-05-11,21984.000000,22512.000000
2015-05-12,22880.000000,22416.000000
2015-05-13,22208.000000,22016.000000
2015-05-14,21776.000000,21552.000000
2015-05-15,21504.000000,21360.000000
2015-05-18,21376.000000,20672.000000
2015-05-19,20560.000000,20368.000000
2015-05-20,20304.000000,20416.000000
2015-05-21,20560.000000,19824.000000
2015-05-22,19824.000000,19872.000000
2015-05-26,20112.000000,20672.000000
2015-05-27,20480.000000,19888.000000
2015-05-28,20112.000000,20128.000000
2015-05-29,20192.000000,20240.000000
2015-06-01,20016.000000,20064.000000
2015-06-02,20240.000000,20360.000000
2015-06-03,20208.000000,20016.000000
2015-06-04,20288.000000,20688.000000
2015-06-05,20736.000000,20320.000000
2015-06-08,20416.000000,20752.000000
2015-06-09,20832.000000,20496.000000
2015-06-10,20224.000000,19648.000000
2015-06-11,19408.000000,19216.000000
2015-06-12,19472.000000,19456.000000
2015-06-15,19968.000000,20304.000000
2015-06-16,20496.000000,19888.000000
2015-06-17,19824.000000,19824.000000
2015-06-18,19584.000000,19280.000000
2015-06-19,19280.000000,19488.000000
2015-06-22,18960.000000,18576.000000
2015-06-23,18448.000000,18080.000000
2015-06-24,18192.000000,18464.000000
2015-06-25,18288.000000,18592.000000
2015-06-26,18512.000000,18480.000000
2015-06-29,19680.000000,21632.000000
2015-06-30,20480.000000,21472.000000
2015-07-01,20288.000000,19984.000000
2015-07-02,19968.000000,21264.000000
2015-07-06,22256.000000,21808.000000
2015-07-07,21760.000000,20656.000000
2015-07-08,21584.000000,22736.000000
2015-07-09,21456.000000,22880.000000
2015-07-10,21712.000000,21136.000000
2015-07-13,19984.000000,19104.000000
2015-07-14,19136.000000,18912.000000
2015-07-15,18880.000000,18864.000000
2015-07-16,18272.000000,17632.000000
2015-07-17,17536.000000,17488.000000
2015-07-20,17472.000000,17424.000000
2015-07-21,17328.000000,17264.000000
2015-07-22,17712.000000,17168.000000
2015-07-23,17008.000000,17392.000000
2015-07-24,17456.000000,17984.000000
2015-07-27,18688.000000,18928.000000
2015-07-28,18352.000000,17488.000000
2015-07-29,17408.000000,17216.000000
2015-07-30,17312.000000,17104.000000
2015-07-31,16992.000000,17072.000000
2015-08-03,17040.000000,16832.000000
2015-08-04,16912.000000,16896.000000
2015-08-05,16816.000000,16720.000000
2015-08-06,16784.000000,17360.000000
2015-08-07,17328.000000,17200.000000
2015-08-10,16768.000000,16560.000000
2015-08-11,17200.000000,17328.000000
2015-08-12,18256.000000,17280.000000
2015-08-13,17136.000000,17088.000000
2015-08-14,17024.000000,17056.000000
2015-08-17,17216.000000,16848.000000
2015-08-18,16928.000000,17032.000000
2015-08-19,17296.000000,17360.000000
2015-08-20,18112.000000,18880.000000
2015-08-21,19824.000000,22016.000000
2015-08-24,28752.000000,25952.000000
2015-08-25,23216.000000,28288.000000
2015-08-26,25856.000000,25616.000000
2015-08-27,24576.000000,26288.000000
2015-08-28,27168.000000,27584.000000
2015-08-31,27952.000000,28624.000000
2015-09-01,31264.000000,32688.000000
2015-09-02,30912.000000,29296.000000
2015-09-03,28336.000000,29104.000000
2015-09-04,30528.000000,31232.000000
2015-09-08,29392.000000,28544.000000
2015-09-09,26976.000000,29120.000000
2015-09-10,30016.000000,28416.000000
2015-09-11,28576.000000,27760.000000
2015-09-14,27728.000000,27824.000000
2015-09-15,27392.000000,25024.000000
2015-09-16,24112.000000,23632.000000
2015-09-17,23440.000000,23408.000000
2015-09-18,25696.000000,26272.000000
2015-09-21,25504.000000,24528.000000
2015-09-22,25824.000000,25952.000000
2015-09-23,25968.000000,25392.000000
2015-09-24,26656.000000,26080.000000
2015-09-25,25040.000000,26752.000000
2015-09-28,27712.000000,28624.000000
2015-09-29,28304.000000,28656.000000
2015-09-30,27408.000000,27328.000000
2015-10-01,27328.000000,27008.000000
2015-10-02,28016.000000,25632.000000
2015-10-05,25056.000000,24192.000000
2015-10-06,24112.000000,24432.000000
2015-10-07,24112.000000,23840.000000
2015-10-08,23728.000000,22688.000000
2015-10-09,22592.000000,22672.000000
2015-10-12,22624.000000,21264.000000
2015-10-13,21760.000000,22446.720000
2015-10-14,22608.000000,22848.000000
2015-10-15,22320.000000,21232.000000
2015-10-16,20848.000000,20992.000000
2015-10-19,21040.000000,19488.000000
2015-10-20,19728.000000,20224.000000
2015-10-21,20000.000000,21632.000000
2015-10-22,21040.000000,19664.000000
2015-10-23,19200.000000,19824.000000
2015-10-26,20128.000000,20496.000000
2015-10-27,20800.000000,20064.000000
2015-10-28,20000.000000,19488.000000
2015-10-29,19808.000000,19728.000000
2015-10-30,19824.000000,20048.000000
2015-11-02,20032.000000,19008.000000
2015-11-03,19216.000000,19408.000000
2015-11-04,19264.000000,20048.000000
2015-11-05,20032.000000,19616.000000
2015-11-06,19680.000000,19200.000000
2015-11-09,19312.000000,20256.000000
2015-11-10,20464.000000,19648.000000
2015-11-11,19504.000000,20080.000000
2015-11-12,20608.000000,21856.000000
2015-11-13,21984.000000,23360.000000
2015-11-16,23264.000000,21008.000000
2015-11-17,20768.000000,22160.000000
2015-11-18,21712.000000,20688.000000
2015-11-19,20880.000000,21424.000000
2015-11-20,20768.000000,20672.000000
2015-11-23,20560.000000,20144.000000
2015-11-24,20688.000000,20232.000000
2015-11-25,20160.000000,19936.000000
2015-11-27,19920.000000,20112.000000
2015-11-30,19984.000000,19984.000000
2015-12-01,19744.000000,19152.000000
2015-12-02,19200.000000,19872.000000
2015-12-03,19536.000000,21328.000000
2015-12-04,20672.000000,19344.000000
2015-12-07,19424.000000,19840.000000
2015-12-08,20656.000000,20432.000000
2015-12-09,20720.000000,21296.000000
2015-12-10,21360.000000,21552.000000
2015-12-11,22704.000000,24784.000000
2015-12-14,24576.000000,22992.000000
2015-12-15,22176.000000,22048.000000
2015-12-16,21280.000000,20544.000000
2015-12-17,20400.000000,21440.000000
2015-12-18,22144.000000,23184.000000
2015-12-21,22272.000000,22064.000000
2015-12-22,21376.000000,20944.000000
2015-12-23,20480.000000,20464.000000
2015-12-24,20624.000000,20816.000000
2015-12-28,21216.000000,20592.000000
2015-12-29,20272.000000,20256.000000
2015-12-30,20496.000000,20848.000000
2015-12-31,21104.000000,21328.000000
2016-01-04,23008.000000,22720.000000
2016-01-05,22160.000000,21936.000000
2016-01-06,23408.000000,22656.000000
2016-01-07,24160.000000,25088.000000
2016-01-08,24160.000000,26384.000000
2016-01-11,26128.000000,25552.000000
2016-01-12,24464.000000,24304.000000
2016-01-13,23856.000000,26816.000000
2016-01-14,26512.000000,25808.000000
2016-01-15,28672.000000,28384.000000
2016-01-19,27264.000000,28368.000000
2016-01-20,29280.000000,29120.000000
2016-01-21,28800.000000,28992.000000
2016-01-22,27568.000000,26560.000000
2016-01-25,26880.000000,27824.000000
2016-01-26,27456.000000,26528.000000
2016-01-27,26832.000000,27632.000000
2016-01-28,26720.000000,26736.000000
2016-01-29,26496.000000,25584.000000
2016-02-01,25744.000000,25264.000000
2016-02-02,26112.000000,26944.000000
2016-02-03,26528.000000,26640.000000
2016-02-04,26976.000000,26896.000000
2016-02-05,26816.000000,27968.000000
2016-02-08,29072.000000,29312.000000
2016-02-09,30448.000000,29568.000000
2016-02-10,29024.000000,29776.000000
2016-02-11,31824.000000,31616.000000
2016-02-12,30640.000000,30304.000000
2016-02-16,29216.000000,28896.000000
2016-02-17,28224.000000,27728.000000
2016-02-18,27536.000000,27664.000000
2016-02-19,28160.000000,26944.000000
2016-02-22,26160.000000,25424.000000
2016-02-23,25744.000000,26720.000000
2016-02-24,27808.000000,26528.000000
2016-02-25,26336.000000,25584.000000
2016-02-26,25200.000000,25984.000000
2016-02-29,25888.000000,26336.000000
2016-03-01,25712.000000,24080.000000
2016-03-02,24144.000000,23632.000000
2016-03-03,23776.000000,22880.000000
2016-03-04,22496.000000,23136.000000
2016-03-07,23616.000000,23200.000000
2016-03-08,23680.000000,24080.000000
2016-03-09,23824.000000,23760.000000
2016-03-10,23376.000000,23296.000000
2016-03-11,22784.000000,22160.000000
2016-03-14,22304.000000,21776.000000
2016-03-15,22432.000000,22096.000000
2016-03-16,22416.000000,21312.000000
2016-03-17,21312.000000,20640.000000
2016-03-18,20400.000000,20480.000000
2016-03-21,20496.000000,19904.000000
2016-03-22,20160.000000,19616.000000
2016-03-23,19840.000000,20576.000000
2016-03-24,21312.000000,20464.000000
2016-03-28,20256.000000,20176.000000
2016-03-29,20240.000000,18992.000000
2016-03-30,18704.000000,18544.000000
2016-03-31,18720.000000,18688.000000
2016-04-01,19264.000000,18112.000000
2016-04-04,18080.000000,18624.000000
2016-04-05,19312.000000,19664.000000
2016-04-06,19584.000000,18368.000000
2016-04-07,18928.000000,20064.000000
2016-04-08,19344.000000,19568.000000
2016-04-11,19232.000000,19840.000000
2016-04-12,19824.000000,19168.000000
2016-04-13,18736.000000,18240.000000
2016-04-14,18176.000000,18160.000000
2016-04-15,18112.000000,17920.000000
2016-04-18,18144.000000,16800.000000
2016-04-19,16736.000000,16960.000000
2016-04-20,16720.000000,17056.000000
2016-04-21,17232.000000,17376.000000
2016-04-22,17472.000000,16928.000000
2016-04-25,17200.000000,17120.000000
2016-04-26,16912.000000,16768.000000
2016-04-27,17008.000000,16272.000000
2016-04-28,16592.000000,17216.000000
2016-04-29,17440.000000,17760.000000
2016-05-02,17440.000000,16720.000000
2016-05-03,17216.000000,17472.000000
2016-05-04,17920.000000,17696.000000
2016-05-05,17344.000000,17696.000000
2016-05-06,17760.000000,16896.000000
2016-05-09,16720.000000,16528.000000
2016-05-10,16096.000000,15712.000000
2016-05-11,15744.000000,16256.000000
2016-05-12,16032.000000,16032.000000
2016-05-13,16064.000000,16608.000000
2016-05-16,16480.000000,15840.000000
2016-05-17,15984.000000,16544.000000
2016-05-18,16592.000000,16496.000000
2016-05-19,16784.000000,16576.000000
2016-05-20,16224.000000,15984.000000
2016-05-23,15968.000000,15888.000000
2016-05-24,15680.000000,15216.000000
2016-05-25,14992.000000,14944.000000
2016-05-26,14912.000000,14784.000000
2016-05-27,14672.000000,14384.000000
2016-05-31,14176.000000,14368.000000
2016-06-01,14608.000000,14208.000000
2016-06-02,14400.000000,13856.000000
2016-06-03,14096.000000,13776.000000
2016-06-06,13712.000000,13616.000000
2016-06-07,13504.000000,13632.000000
2016-06-08,13616.000000,13728.000000
2016-06-09,14000.000000,13968.000000
2016-06-10,14624.000000,15232.000000
2016-06-13,15920.000000,17504.000000
2016-06-14,17824.000000,17120.000000
2016-06-15,16944.000000,16928.000000
2016-06-16,17712.000000,16496.000000
2016-06-17,16496.000000,16496.000000
2016-06-20,15408.000000,15328.000000
2016-06-21,15056.000000,15424.000000
2016-06-22,15424.000000,15968.000000
2016-06-23,15072.000000,14368.000000
2016-06-24,17216.000000,17824.000000
2016-06-27,17920.000000,17808.000000
2016-06-28,17152.000000,16000.000000
2016-06-29,15520.000000,15152.000000
2016-06-30,14944.000000,14656.000000
2016-07-01,14560.000000,14224.000000
2016-07-05,14480.000000,14480.000000
2016-07-06,14704.000000,14128.000000
2016-07-07,13888.000000,13872.000000
2016-07-08,13376.000000,12960.000000
2016-07-11,12768.000000,12976.000000
2016-07-12,12672.000000,12672.000000
2016-07-13,12544.000000,12496.000000
2016-07-14,12336.000000,12448.000000
2016-07-15,12368.000000,12416.000000
2016-07-18,12480.000000,12192.000000
2016-07-19,12192.000000,12160.000000
2016-07-20,11920.000000,11824.000000
2016-07-21,11856.000000,12176.000000
2016-07-22,12096.000000,11872.000000
2016-07-25,11766.400000,11792.000000
2016-07-26,11811.200000,11686.400000
2016-07-27,11532.800000,11420.800000
2016-07-28,11475.200000,11206.400000
2016-07-29,11200.000000,10816.000000
2016-08-01,10732.800000,10630.400000
2016-08-02,10758.400000,11059.200000
2016-08-03,11072.000000,10780.800000
2016-08-04,10630.400000,10467.200000
2016-08-05,10220.800000,10121.600000
2016-08-08,9980.800000,9891.200000
2016-08-09,9747.200000,9731.200000
2016-08-10,9670.400000,9964.800000
2016-08-11,9843.200000,9916.800000
2016-08-12,9920.000000,9811.200000
2016-08-15,9715.200000,9657.600000
2016-08-16,9856.000000,9987.200000
2016-08-17,9958.400000,9737.600000
2016-08-18,9782.400000,9561.600000
2016-08-19,9670.400000,9603.200000
2016-08-22,9670.400000,9638.400000
2016-08-23,9571.200000,9612.800000
2016-08-24,9660.800000,9820.800000
2016-08-25,10000.000000,9840.000000
2016-08-26,9753.600000,9868.800000
2016-08-29,9833.600000,9657.600000
2016-08-30,9622.400000,9590.400000
2016-08-31,9619.200000,9632.000000
2016-09-01,9587.200000,9584.000000
2016-09-02,9392.000000,9241.600000
2016-09-06,9164.800000,9011.200000
2016-09-07,9008.000000,8880.000000
2016-09-08,8889.600000,8908.800000
2016-09-09,9267.200000,10355.200000
2016-09-12,10457.600000,9644.800000
2016-09-13,10041.600000,10950.400000
2016-09-14,10784.000000,10883.200000
2016-09-15,10870.400000,10470.400000
2016-09-16,10691.200000,10339.200000
2016-09-19,9984.000000,10083.200000
2016-09-20,9846.400000,10003.200000
2016-09-21,9868.800000,9219.200000
2016-09-22,8979.200000,8924.800000
2016-09-23,8972.800000,8988.800000
2016-09-26,9337.600000,9484.800000
2016-09-27,9481.600000,8976.000000
2016-09-28,8918.400000,8880.000000
2016-09-29,8928.000000,9433.600000
2016-09-30,9123.200000,9065.600000
2016-10-03,9158.400000,9008.000000
2016-10-04,8940.800000,8988.800000
2016-10-05,8883.200000,8918.400000
2016-10-06,8950.400000,8835.200000
2016-10-07,8796.800000,8854.400000
2016-10-10,8752.000000,8652.800000
2016-10-11,8726.400000,9129.600000
2016-10-12,9097.600000,9145.600000
2016-10-13,9510.400000,9433.600000
2016-10-14,9148.800000,9328.000000
2016-10-17,9276.800000,9289.600000
2016-10-18,9040.000000,8915.200000
2016-10-19,8729.600000,8700.800000
2016-10-20,8729.600000,8592.000000
2016-10-21,8640.000000,8406.400000
2016-10-24,8220.800000,8118.400000
2016-10-25,8099.200000,8188.800000
2016-10-26,8384.000000,8393.600000
2016-10-27,8265.600000,8550.400000
2016-10-28,8572.800000,8908.800000
2016-10-31,8854.400000,9094.400000
2016-11-01,9116.800000,9360.000000
2016-11-02,9411.200000,9571.200000
2016-11-03,9577.600000,10099.200000
2016-11-04,9987.200000,10108.800000
2016-11-07,9248.000000,8838.400000
2016-11-08,8889.600000,8572.800000
2016-11-09,9056.000000,8371.200000
2016-11-10,8121.600000,8572.800000
2016-11-11,8710.400000,8377.600000
2016-11-14,8422.400000,8342.400000
2016-11-15,8249.600000,7987.200000
2016-11-16,8131.200000,8025.600000
2016-11-17,8003.200000,7785.600000
2016-11-18,7779.200000,7744.000000
2016-11-21,7654.400000,7398.400000
2016-11-22,7398.400000,7449.600000
2016-11-23,7520.000000,7456.000000
2016-11-25,7446.400000,7420.800000
2016-11-28,7510.400000,7478.400000
2016-11-29,7494.400000,7427.200000
2016-11-30,7321.600000,7436.800000
2016-12-01,7424.000000,7724.800000
2016-12-02,7766.400000,7728.000000
2016-12-05,7456.000000,7216.000000
2016-12-06,7088.000000,6966.400000
2016-12-07,6944.000000,6992.000000
2016-12-08,6992.000000,7001.600000
2016-12-09,7065.600000,6934.400000
2016-12-12,6934.400000,6979.200000
2016-12-13,6969.600000,7046.400000
2016-12-14,7084.800000,7020.800000
2016-12-15,6918.400000,6924.800000
2016-12-16,6835.200000,6828.800000
2016-12-19,6755.200000,6592.000000
2016-12-20,6524.800000,6473.600000
2016-12-21,6416.000000,6368.000000
2016-12-22,6361.600000,6464.000000
2016-12-23,6492.800000,6444.800000
2016-12-27,6432.000000,6342.400000
2016-12-28,6320.000000,6563.200000
2016-12-29,6592.000000,6675.200000
2016-12-30,6595.200000,6803.200000
2017-01-03,6528.000000,6316.800000
2017-01-04,6249.600000,5996.800000
2017-01-05,6048.000000,5971.200000
2017-01-06,5910.400000,5897.600000
2017-01-09,5923.200000,5878.400000
2017-01-10,5820.800000,5840.000000
2017-01-11,5846.400000,5715.200000
2017-01-12,5760.000000,5718.400000
2017-01-13,5689.600000,5728.000000
2017-01-17,5804.800000,5702.400000
2017-01-18,5670.400000,5680.000000
2017-01-19,5648.000000,5744.000000
2017-01-20,5680.000000,5520.000000
2017-01-23,5523.200000,5472.000000
2017-01-24,5408.000000,5216.000000
2017-01-25,5139.200000,5088.000000
2017-01-26,5110.400000,5123.200000
2017-01-27,5104.000000,5065.600000
2017-01-30,5166.400000,5206.400000
2017-01-31,5251.200000,5177.600000
2017-02-01,5078.400000,5091.200000
2017-02-02,5132.800000,5132.800000
2017-02-03,5030.400000,5020.800000
2017-02-06,5084.800000,5030.400000
2017-02-07,5016.000000,5062.400000
2017-02-08,5078.400000,5040.000000
2017-02-09,5017.600000,4937.600000
2017-02-10,4883.200000,4851.200000
2017-02-13,4774.400000,4700.800000
2017-02-14,4697.600000,4499.200000
2017-02-15,4499.200000,4652.800000
2017-02-16,4646.400000,4675.200000
2017-02-17,4784.000000,4688.000000
2017-02-21,4624.000000,4732.800000
2017-02-22,4777.600000,4761.600000
2017-02-23,4769.600000,4883.200000
2017-02-24,5062.400000,4825.600000
2017-02-27,4825.600000,4800.000000
2017-02-28,4828.800000,4915.200000
2017-03-01,4707.200000,4816.000000
2017-03-02,4816.000000,4822.400000
2017-03-03,4758.400000,4675.200000
2017-03-06,4672.000000,4592.000000
2017-03-07,4595.200000,4592.000000
2017-03-08,4547.200000,4627.200000
2017-03-09,4601.600000,4601.600000
2017-03-10,4556.800000,4537.600000
2017-03-13,4524.800000,4448.000000
2017-03-14,4464.000000,4528.000000
2017-03-15,4470.400000,4352.000000
2017-03-16,4326.400000,4268.800000
2017-03-17,4236.800000,4220.800000
2017-03-20,4214.400000,4220.448000
2017-03-21,4140.800000,4380.800000
2017-03-22,4422.400000,4403.200000
2017-03-23,4444.800000,4553.600000
2017-03-24,4480.000000,4470.400000
2017-03-27,4643.200000,4380.800000
2017-03-28,4332.800000,4140.800000
2017-03-29,4121.600000,4124.800000
2017-03-30,4131.200000,4140.800000
2017-03-31,4147.200000,4214.400000
2017-04-03,4217.600000,4233.600000
2017-04-04,4284.800000,4182.400000
2017-04-05,4131.200000,4316.800000
2017-04-06,4268.800000,4240.000000
2017-04-07,4297.600000,4390.400000
2017-04-10,4404.800000,4547.200000
2017-04-11,4659.200000,4755.200000
2017-04-12,4758.400000,4774.400000
2017-04-13,4787.200000,4870.400000
2017-04-17,4784.000000,4627.200000
2017-04-18,4678.400000,4588.800000
2017-04-19,4512.000000,4691.200000
2017-04-20,4633.600000,4579.200000
2017-04-21,4604.800000,4592.000000
2017-04-24,4220.800000,4105.600000
2017-04-25,4041.600000,4006.400000
2017-04-26,4016.000000,4038.400000
2017-04-27,4003.200000,4000.000000
2017-04-28,4006.400000,4003.200000
2017-05-01,3964.800000,3849.600000
2017-05-02,3843.200000,3856.000000
2017-05-03,3904.000000,3932.800000
2017-05-04,3875.200000,3840.000000
2017-05-05,3827.200000,3856.000000
2017-05-08,3798.400000,3760.000000
2017-05-09,3704.000000,3747.200000
2017-05-10,3772.800000,3763.200000
2017-05-11,3808.000000,3756.800000
2017-05-12,3772.800000,3750.400000
2017-05-15,3712.000000,3667.200000
2017-05-16,3628.800000,3635.200000
2017-05-17,3856.000000,4291.200000
2017-05-18,4249.600000,4188.800000
2017-05-19,4048.000000,3891.200000
2017-05-22,3788.800000,3718.400000
2017-05-23,3699.200000,3712.000000
2017-05-24,3705.600000,3619.200000
2017-05-25,3616.000000,3648.000000
2017-05-26,3676.800000,3590.400000
2017-05-30,3641.600000,3568.000000
2017-05-31,3555.200000,3596.800000
2017-06-01,3555.200000,3513.600000
2017-06-02,3529.600000,3516.800000
2017-06-05,3539.200000,3536.000000
2017-06-06,3574.400000,3616.000000
2017-06-07,3580.800000,3574.400000
2017-06-08,3577.600000,3497.600000
2017-06-09,3464.000000,3545.600000
2017-06-12,3596.800000,3584.000000
2017-06-13,3510.400000,3462.400000
2017-06-14,3459.200000,3446.400000
2017-06-15,3580.800000,3491.200000
2017-06-16,3459.200000,3452.800000
2017-06-19,3395.200000,3347.200000
2017-06-20,3379.200000,3440.000000
2017-06-21,3382.400000,3408.000000
2017-06-22,3398.400000,3376.000000
2017-06-23,3369.600000,3340.800000
2017-06-26,3299.200000,3270.400000
2017-06-27,3286.400000,3376.000000
2017-06-28,3321.600000,3280.000000
2017-06-29,3286.400000,3449.600000
2017-06-30,3360.000000,3401.600000
2017-07-03,3340.800000,3446.400000
2017-07-05,3420.800000,3440.000000
2017-07-06,3504.000000,3609.600000
2017-07-07,3539.200000,3491.200000
2017-07-10,3481.600000,3401.600000
2017-07-11,3411.200000,3392.000000
2017-07-12,3331.200000,3299.200000
2017-07-13,3289.600000,3264.000000
2017-07-14,3251.200000,3200.000000
2017-07-17,3136.000000,3114.400000
2017-07-18,3147.200000,3076.800000
2017-07-19,3046.400000,3040.800000
2017-07-20,3014.400000,3012.800000
2017-07-21,3029.600000,2984.800000
2017-07-24,2976.000000,2932.000000
2017-07-25,2923.200000,2944.000000
2017-07-26,2926.400000,2948.800000
2017-07-27,2924.000000,2972.800000
2017-07-28,3040.000000,3003.200000
2017-07-31,2963.200000,2982.400000
2017-08-01,2945.600000,2944.000000
2017-08-02,2926.400000,2960.000000
2017-08-03,2965.600000,2997.600000
2017-08-04,2981.600000,2984.800000
2017-08-07,2974.400000,2948.000000
2017-08-08,2952.000000,3032.000000
2017-08-09,3113.600000,3111.200000
2017-08-10,3192.800000,3535.200000
2017-08-11,3564.000000,3640.000000
2017-08-14,3356.800000,3165.600000
2017-08-15,3078.400000,3143.200000
2017-08-16,3142.400000,3124.800000
2017-08-17,3203.200000,3642.400000
2017-08-18,3528.800000,3535.200000
2017-08-21,3508.000000,3395.200000
2017-08-22,3294.400000,3145.600000
2017-08-23,3276.800000,3172.800000
2017-08-24,3156.800000,3260.800000
2017-08-25,3202.400000,3170.400000
2017-08-28,3133.600000,3142.400000
2017-08-29,3371.200000,3180.000000
2017-08-30,3176.000000,3163.200000
2017-08-31,3143.200000,3076.800000
2017-09-01,3049.600000,3068.000000
2017-09-05,3180.800000,3235.200000
2017-09-06,3168.800000,3160.000000
2017-09-07,3160.000000,3144.000000
2017-09-08,3191.200000,3220.800000
2017-09-11,3106.400000,3041.600000
2017-09-12,3000.000000,2960.000000
2017-09-13,2960.000000,2856.800000
2017-09-14,2895.200000,2895.200000
2017-09-15,2883.200000,2845.600000
2017-09-18,2806.400000,2720.000000
2017-09-19,2720.800000,2720.000000
2017-09-20,2735.200000,2722.400000
2017-09-21,2716.000000,2722.400000
2017-09-22,2772.000000,2737.600000
2017-09-25,2748.800000,2743.200000
2017-09-26,2724.000000,2709.600000
2017-09-27,2681.600000,2694.400000
2017-09-28,2701.600000,2653.600000
2017-09-29,2648.800000,2602.400000
2017-10-02,2587.200000,2547.200000
2017-10-03,2526.400000,2541.600000
2017-10-04,2547.200000,2546.400000
2017-10-05,2528.000000,2460.000000
2017-10-06,2472.800000,2465.600000
2017-10-09,2453.600000,2512.000000
2017-10-10,2472.800000,2458.400000
2017-10-11,2453.600000,2407.200000
2017-10-12,2412.800000,2392.800000
2017-10-13,2367.200000,2350.400000
2017-10-16,2324.000000,2308.000000
2017-10-17,2314.400000,2315.200000
2017-10-18,2302.400000,2302.400000
2017-10-19,2378.400000,2286.400000
2017-10-20,2252.000000,2244.000000
2017-10-23,2230.400000,2316.000000
2017-10-24,2277.600000,2340.000000
2017-10-25,2368.000000,2417.600000
2017-10-26,2382.400000,2406.400000
2017-10-27,2346.400000,2274.400000
2017-10-30,2305.600000,2294.400000
2017-10-31,2276.000000,2252.800000
2017-11-01,2232.000000,2264.800000
2017-11-02,2264.000000,2240.000000
2017-11-03,2228.000000,2235.200000
2017-11-06,2230.400000,2213.600000
2017-11-07,2212.800000,2227.200000
2017-11-08,2244.800000,2228.000000
2017-11-09,2314.400000,2261.600000
2017-11-10,2287.200000,2312.000000
2017-11-13,2355.200000,2319.200000
2017-11-14,2355.200000,2337.600000
2017-11-15,2406.400000,2423.200000
2017-11-16,2345.600000,2324.800000
2017-11-17,2324.000000,2288.000000
2017-11-20,2256.800000,2216.000000
2017-11-21,2169.600000,2129.600000
2017-11-22,2110.400000,2111.200000
2017-11-24,2096.800000,2101.600000
2017-11-27,2108.000000,2096.800000
2017-11-28,2077.600000,2068.800000
2017-11-29,2072.800000,2116.000000
2017-11-30,2078.400000,2122.400000
2017-12-01,2144.800000,2180.800000
2017-12-04,2083.200000,2163.200000
2017-12-05,2143.200000,2153.600000
2017-12-06,2182.400000,2152.800000
2017-12-07,2152.000000,2080.800000
2017-12-08,2048.800000,2015.200000
2017-12-11,2005.600000,1945.600000
2017-12-12,1936.800000,1950.400000
2017-12-13,1933.600000,1943.200000
2017-12-14,1933.600000,1934.400000
2017-12-15,1919.200000,1868.800000
2017-12-18,1844.000000,1843.200000
2017-12-19,1839.200000,1851.200000
2017-12-20,1819.200000,1845.600000
2017-12-21,1837.600000,1831.200000
2017-12-22,1828.800000,1842.400000
2017-12-26,1858.400000,1842.400000
2017-12-27,1836.000000,1852.800000
2017-12-28,1843.200000,1822.400000
2017-12-29,1814.400000,1852.000000
2018-01-02,1842.400000,1786.400000
2018-01-03,1765.600000,1751.200000
2018-01-04,1732.800000,1745.600000
2018-01-05,1741.600000,1746.400000
2018-01-08,1741.600000,1724.000000
2018-01-09,1712.800000,1741.600000
2018-01-10,1762.400000,1724.800000
2018-01-11,1708.800000,1714.400000
2018-01-12,1707.200000,1715.200000
2018-01-16,1726.400000,1820.800000
2018-01-17,1800.000000,1778.400000
2018-01-18,1809.600000,1787.200000
2018-01-19,1782.400000,1780.800000
2018-01-22,1793.600000,1743.200000
2018-01-23,1761.600000,1771.200000
2018-01-24,1781.600000,1817.600000
2018-01-25,1808.000000,1848.000000
2018-01-26,1830.400000,1834.400000
2018-01-29,1879.200000,1968.000000
2018-01-30,2036.000000,2030.400000
2018-01-31,1986.400000,1984.000000
2018-02-01,2000.000000,1923.200000
2018-02-02,1981.600000,2184.800000
2018-02-05,2295.200000,2932.800000
2018-02-06,3606.400000,2837.600000
2018-02-07,2979.200000,2949.600000
2018-02-08,2978.400000,3661.600000
2018-02-09,3352.800000,3312.800000
2018-02-12,3199.200000,3174.400000
2018-02-13,3257.600000,3177.600000
2018-02-14,3159.200000,2806.400000
2018-02-15,2716.000000,2752.000000
2018-02-16,2833.600000,2790.400000
2018-02-20,2888.800000,2911.200000
2018-02-21,2872.800000,2949.600000
2018-02-22,2869.600000,2899.200000
2018-02-23,2832.800000,2679.200000
2018-02-26,2610.400000,2568.000000
2018-02-27,2611.200000,2809.600000
2018-02-28,2728.800000,2935.200000
2018-03-01,2928.800000,3134.400000
2018-03-02,3284.800000,3009.600000
2018-03-05,3063.200000,2869.600000
2018-03-06,2849.600000,2891.200000
2018-03-07,3010.400000,2858.400000
2018-03-08,2816.000000,2752.000000
2018-03-09,2712.000000,2533.600000
2018-03-12,2580.000000,2639.200000
2018-03-13,2592.800000,2696.000000
2018-03-14,2652.800000,2749.600000
2018-03-15,2713.600000,2664.800000
2018-03-16,2648.800000,2621.600000
2018-03-19,2676.800000,2865.600000
2018-03-20,2841.600000,2805.600000
2018-03-21,2779.200000,2773.600000
2018-03-22,2944.000000,3135.200000
2018-03-23,3079.200000,3312.000000
2018-03-26,3081.600000,3055.200000
2018-03-27,3064.000000,3300.000000
2018-03-28,3260.800000,3372.000000
2018-03-29,3292.000000,3132.000000
2018-04-02,3222.400000,3429.600000
2018-04-03,3344.800000,3278.400000
2018-04-04,3531.200000,3224.800000
2018-04-05,3180.000000,3104.800000
2018-04-06,3204.000000,3299.200000
2018-04-09,3241.600000,3300.000000
2018-04-10,3198.400000,3216.800000
2018-04-11,3300.800000,3242.400000
2018-04-12,3183.200000,3109.600000
2018-04-13,3032.800000,2995.200000
2018-04-16,2931.200000,2844.800000
2018-04-17,2801.600000,2674.400000
2018-04-18,2729.600000,2684.000000
2018-04-19,2752.800000,2724.800000
2018-04-20,2713.600000,2804.800000
2018-04-23,2767.200000,2773.600000
2018-04-24,2709.600000,2919.200000
2018-04-25,2932.800000,2941.600000
2018-04-26,2872.000000,2797.600000
2018-04-27,2760.000000,2743.200000
2018-04-30,2713.600000,2746.400000
2018-05-01,2770.400000,2706.400000
2018-05-02,2694.400000,2688.800000
2018-05-03,2744.000000,2741.600000
2018-05-04,2777.600000,2656.000000
2018-05-07,2641.600000,2639.200000
2018-05-08,2661.600000,2631.200000
2018-05-09,2608.800000,2521.600000
2018-05-10,2506.400000,2408.800000
2018-05-11,2409.600000,2369.600000
2018-05-14,2341.600000,2291.200000
2018-05-15,2384.000000,2453.600000
2018-05-16,2416.000000,2365.600000
2018-05-17,2356.800000,2304.800000
2018-05-18,2332.000000,2335.200000
2018-05-21,2248.800000,2261.600000
2018-05-22,2240.800000,2288.800000
2018-05-23,2356.000000,2247.200000
2018-05-24,2256.000000,2234.400000
2018-05-25,2268.800000,2263.200000
2018-05-29,2368.000000,2536.800000
2018-05-30,2468.000000,2412.800000
2018-05-31,2431.200000,2444.800000
2018-06-01,2344.000000,2342.400000
2018-06-04,2289.600000,2244.000000
2018-06-05,2243.200000,2219.200000
2018-06-06,2200.000000,2134.400000
2018-06-07,2123.200000,2165.600000
2018-06-08,2208.800000,2151.200000
2018-06-11,2156.800000,2121.600000
2018-06-12,2104.000000,2112.000000
2018-06-13,2085.600000,2140.000000
2018-06-14,2079.200000,2072.000000
2018-06-15,2110.400000,2089.600000
2018-06-18,2150.400000,2063.200000
2018-06-19,2201.600000,2163.200000
2018-06-20,2120.000000,2115.200000
2018-06-21,2128.000000,2254.400000
2018-06-22,2180.000000,2193.600000
2018-06-25,2258.400000,2513.600000
2018-06-26,2411.200000,2410.400000
2018-06-27,2386.400000,2548.000000
2018-06-28,2565.600000,2509.600000
2018-06-29,2422.400000,2441.600000
2018-07-02,2560.000000,2453.600000
2018-07-03,2394.400000,2472.800000
2018-07-05,2406.400000,2381.600000
2018-07-06,2383.200000,2262.400000
2018-07-09,2200.800000,2140.800000
2018-07-10,2122.400000,2100.800000
2018-07-11,2203.200000,2171.200000
2018-07-12,2126.400000,2095.200000
2018-07-13,2117.600000,2073.600000
2018-07-16,2064.000000,2060.000000
2018-07-17,2092.000000,2036.000000
2018-07-18,2013.600000,2018.400000
2018-07-19,2056.800000,2057.600000
2018-07-20,2088.800000,2064.800000
2018-07-23,2067.200000,2056.800000
2018-07-24,1999.200000,2016.000000
2018-07-25,2041.600000,2009.600000
2018-07-26,2012.800000,2015.200000
2018-07-27,1998.400000,2071.200000
2018-07-30,2057.600000,2129.600000
2018-07-31,2080.000000,2070.400000
2018-08-01,2044.800000,2052.000000
2018-08-02,2124.800000,2030.400000
2018-08-03,2017.600000,1999.200000
2018-08-06,1984.000000,1920.800000
2018-08-07,1897.600000,1884.000000
2018-08-08,1882.400000,1856.000000
2018-08-09,1852.800000,1881.600000
2018-08-10,1965.600000,1973.600000
2018-08-13,1996.000000,2092.800000
2018-08-14,2047.200000,1984.800000
2018-08-15,2088.000000,2109.600000
2018-08-16,2032.800000,1996.000000
2018-08-17,2016.800000,1944.000000
2018-08-20,1903.200000,1906.400000
2018-08-21,1894.400000,1946.800000
2018-08-22,1944.800000,1923.200000
2018-08-23,1904.800000,1908.800000
2018-08-24,1884.800000,1899.200000
2018-08-27,1872.800000,1905.600000
2018-08-28,1888.800000,1903.200000
2018-08-29,1902.400000,1903.200000
2018-08-30,1906.400000,1942.400000
2018-08-31,1963.200000,1915.200000
2018-09-04,1927.200000,1924.000000
2018-09-05,1944.800000,1940.800000
2018-09-06,1943.200000,2000.800000
2018-09-07,2040.800000,2034.400000
2018-09-10,1993.600000,1978.400000
2018-09-11,2002.400000,1916.800000
2018-09-12,1913.600000,1894.400000
2018-09-13,1853.600000,1839.200000
2018-09-14,1828.800000,1804.000000
2018-09-17,1800.800000,1853.600000
2018-09-18,1840.800000,1850.400000
2018-09-19,1798.400000,1784.000000
2018-09-20,1758.400000,1756.000000
2018-09-21,1751.200000,1757.600000
2018-09-24,1768.000000,1757.600000
2018-09-25,1736.000000,1772.800000
2018-09-26,1753.600000,1790.400000
2018-09-27,1768.800000,1758.400000
2018-09-28,1780.800000,1755.200000
2018-10-01,1712.000000,1736.800000
2018-10-02,1740.800000,1740.000000
2018-10-03,1716.800000,1723.200000
2018-10-04,1754.400000,1829.600000
2018-10-05,1809.600000,1867.200000
2018-10-08,1920.000000,1887.200000
2018-10-09,1936.000000,1921.600000
2018-10-10,1955.200000,2235.200000
2018-10-11,2208.000000,2434.400000
2018-10-12,2200.000000,2240.800000
2018-10-15,2297.600000,2272.800000
2018-10-16,2201.600000,2115.200000
2018-10-17,2106.400000,2139.200000
2018-10-18,2160.000000,2282.400000
2018-10-19,2256.800000,2260.800000
2018-10-22,2241.600000,2275.200000
2018-10-23,2472.000000,2365.600000
2018-10-24,2348.800000,2576.000000
2018-10-25,2526.400000,2492.800000
2018-10-26,2661.600000,2646.400000
2018-10-29,2545.600000,2649.600000
2018-10-30,2670.400000,2559.200000
2018-10-31,2503.200000,2476.000000
2018-11-01,2478.400000,2396.800000
2018-11-02,2356.800000,2412.800000
2018-11-05,2418.400000,2387.200000
2018-11-06,2397.600000,2309.600000
2018-11-07,2225.600000,2146.400000
2018-11-08,2144.800000,2128.000000
2018-11-09,2170.400000,2193.600000
2018-11-12,2196.800000,2372.000000
2018-11-13,2376.000000,2393.600000
2018-11-14,2345.600000,2452.800000
2018-11-15,2499.200000,2428.800000
2018-11-16,2466.400000,2316.000000
2018-11-19,2316.800000,2453.600000
2018-11-20,2598.400000,2596.000000
2018-11-21,2532.800000,2533.600000
2018-11-23,2579.200000,2550.400000
2018-11-26,2490.400000,2405.600000
2018-11-27,2431.200000,2359.200000
2018-11-28,2325.600000,2291.200000
2018-11-29,2328.800000,2336.000000
2018-11-30,2352.000000,2269.600000
2018-12-03,2108.000000,2145.600000
2018-12-04,2165.600000,2421.600000
2018-12-06,2620.000000,2472.000000
2018-12-07,2484.000000,2658.400000
2018-12-10,2658.400000,2645.600000
2018-12-11,2545.600000,2632.800000
2018-12-12,2553.600000,2611.200000
2018-12-13,2568.000000,2568.000000
2018-12-14,2627.200000,2669.600000
2018-12-17,2699.200000,2806.400000
2018-12-18,2749.600000,2820.800000
2018-12-19,2812.800000,2809.600000
2018-12-20,2876.800000,2952.800000
2018-12-21,2952.800000,3106.400000
2018-12-24,3136.000000,3254.400000
2018-12-26,3230.400000,3083.200000
2018-12-27,3268.000000,3209.600000
2018-12-28,3217.600000,3212.000000
2018-12-31,3124.800000,3088.800000
2019-01-02,3201.600000,2996.800000
2019-01-03,3060.800000,3137.600000
2019-01-04,3005.600000,2885.600000
2019-01-07,2862.400000,2824.800000
2019-01-08,2775.200000,2765.600000
2019-01-09,2741.600000,2701.600000
2019-01-10,2746.400000,2673.600000
2019-01-11,2707.200000,2586.400000
2019-01-14,2655.200000,2596.800000
2019-01-15,2581.600000,2480.000000
2019-01-16,2457.600000,2524.800000
2019-01-17,2544.000000,2499.200000
2019-01-18,2430.400000,2436.000000
2019-01-22,2464.000000,2659.200000
2019-01-23,2610.400000,2633.600000
2019-01-24,2642.400000,2548.800000
2019-01-25,2488.000000,2450.928000
2019-01-28,2542.400000,2556.000000
2019-01-29,2518.400000,2546.400000
2019-01-30,2507.200000,2432.800000
2019-01-31,2428.800000,2332.000000
2019-02-01,2324.800000,2308.800000
2019-02-04,2300.000000,2236.000000
2019-02-05,2216.000000,2220.000000
2019-02-06,2198.400000,2204.000000
2019-02-07,2272.800000,2280.800000
2019-02-08,2332.800000,2253.600000
2019-02-11,2225.600000,2228.000000
2019-02-12,2175.200000,2188.000000
2019-02-13,2172.000000,2180.800000
2019-02-14,2233.600000,2220.000000
2019-02-15,2176.800000,2144.800000
2019-02-19,2184.800000,2149.600000
2019-02-20,2132.000000,2066.400000
2019-02-21,2071.200000,2087.200000
2019-02-22,2054.400000,2010.400000
2019-02-25,1960.800000,2048.000000
2019-02-26,2080.000000,2066.400000
2019-02-27,2088.000000,2069.600000
2019-02-28,2072.800000,2065.600000
2019-03-01,2012.000000,1973.600000
2019-03-04,1948.800000,2021.600000
2019-03-05,2012.000000,2034.400000
2019-03-06,2032.800000,2086.400000
2019-03-07,2116.800000,2172.800000
2019-03-08,2243.200000,2185.600000
2019-03-11,2144.000000,2027.200000
2019-03-12,2007.200000,1968.000000
2019-03-13,1960.000000,1948.000000
2019-03-14,1949.600000,1917.600000
2019-03-15,1905.600000,1880.000000
2019-03-18,1894.400000,1884.800000
2019-03-19,1854.400000,1900.000000
2019-03-20,1900.000000,1917.600000
2019-03-21,1946.400000,1888.800000
2019-03-22,1932.800000,2108.000000
2019-03-25,2108.800000,2112.000000
2019-03-26,2029.600000,1999.200000
2019-03-27,1995.200000,2029.600000
2019-03-28,2016.800000,1985.600000
2019-03-29,1948.800000,1921.600000
2019-04-01,1904.800000,1889.600000
2019-04-02,1897.600000,1884.000000
2019-04-03,1853.600000,1897.600000
2019-04-04,1888.000000,1881.600000
2019-04-05,1856.800000,1840.800000
2019-04-08,1848.000000,1832.800000
2019-04-09,1859.200000,1897.600000
2019-04-10,1877.600000,1846.400000
2019-04-11,1821.600000,1807.200000
2019-04-12,1770.400000,1724.000000
2019-04-15,1700.000000,1704.000000
2019-04-16,1696.000000,1692.800000
2019-04-17,1661.600000,1702.400000
2019-04-18,1701.600000,1674.400000
2019-04-22,1692.800000,1660.800000
2019-04-23,1651.200000,1646.400000
2019-04-24,1648.000000,1685.600000
2019-04-25,1707.200000,1720.000000
2019-04-26,1707.200000,1664.000000
2019-04-29,1673.600000,1687.200000
2019-04-30,1686.400000,1689.600000
2019-05-01,1672.800000,1752.000000
2019-05-02,1734.400000,1754.400000
2019-05-03,1708.800000,1671.200000
2019-05-06,1838.400000,1760.800000
2019-05-07,1866.400000,2056.000000
2019-05-08,2036.000000,2016.000000
2019-05-09,2122.400000,2013.600000
2019-05-10,2028.000000,1857.600000
2019-05-13,2089.600000,2128.800000
2019-05-14,2054.400000,2014.400000
2019-05-15,2073.600000,1931.200000
2019-05-16,1916.000000,1849.600000
2019-05-17,1923.200000,1875.200000
2019-05-20,1925.600000,1903.200000
2019-05-21,1844.000000,1808.800000
2019-05-22,1816.800000,1788.800000
2019-05-23,1859.200000,1907.200000
2019-05-24,1854.400000,1868.800000
2019-05-28,1856.800000,1924.000000
2019-05-29,1964.000000,1962.400000
2019-05-30,1920.000000,1921.600000
2019-05-31,2022.400000,2005.600000
2019-06-03,1999.200000,2018.400000
2019-06-04,1959.200000,1909.600000
2019-06-05,1890.400000,1868.800000
2019-06-06,1857.600000,1832.000000
2019-06-07,1826.400000,1847.200000
2019-06-10,1820.800000,1828.800000
2019-06-11,1797.600000,1835.200000
2019-06-12,1850.400000,1824.000000
2019-06-13,1808.000000,1816.000000
2019-06-14,1828.800000,1798.400000
2019-06-17,1795.200000,1777.600000
2019-06-18,1755.200000,1764.000000
2019-06-19,1750.400000,1703.200000
2019-06-20,1675.200000,1711.200000
2019-06-21,1724.800000,1752.000000
2019-06-24,1737.600000,1734.400000
2019-06-25,1736.800000,1781.600000
2019-06-26,1748.000000,1764.800000
2019-06-27,1752.800000,1735.200000
2019-06-28,1724.000000,1712.000000
2019-07-01,1620.800000,1613.600000
2019-07-02,1616.800000,1553.600000
2019-07-03,1557.600000,1545.600000
2019-07-05,1581.600000,1551.200000
2019-07-08,1589.600000,1592.800000
2019-07-09,1636.800000,1599.200000
2019-07-10,1574.400000,1549.600000
2019-07-11,1534.400000,1523.200000
2019-07-12,1512.800000,1496.000000
2019-07-15,1494.400000,1495.200000
2019-07-16,1489.600000,1500.000000
2019-07-17,1487.200000,1534.400000
2019-07-18,1535.200000,1520.800000
2019-07-19,1492.800000,1537.600000
2019-07-22,1535.200000,1505.600000
2019-07-23,1482.400000,1454.400000
2019-07-24,1469.600000,1416.000000
2019-07-25,1427.200000,1460.800000
2019-07-26,1432.000000,1424.000000
2019-07-29,1424.800000,1433.600000
2019-07-30,1462.400000,1469.600000
2019-07-31,1464.800000,1552.000000
2019-08-01,1551.200000,1672.000000
2019-08-02,1675.200000,1684.000000
2019-08-05,1808.800000,1932.000000
2019-08-06,1856.000000,1809.600000
2019-08-07,1937.600000,1817.600000
2019-08-08,1779.200000,1708.000000
2019-08-09,1740.000000,1772.000000
2019-08-12,1804.000000,1900.800000
2019-08-13,1928.800000,1758.400000
2019-08-14,1882.400000,2004.800000
2019-08-15,1952.000000,1955.200000
2019-08-16,1920.000000,1846.400000
2019-08-19,1764.000000,1708.000000
2019-08-20,1720.800000,1748.800000
2019-08-21,1678.400000,1665.600000
2019-08-22,1655.200000,1692.000000
2019-08-23,1746.400000,1902.400000
2019-08-26,1809.600000,1852.000000
2019-08-27,1817.600000,1885.600000
2019-08-28,1928.800000,1842.400000
2019-08-29,1788.800000,1768.000000
2019-08-30,1735.200000,1769.600000
2019-09-03,1839.200000,1858.400000
2019-09-04,1781.600000,1740.800000
2019-09-05,1696.000000,1672.800000
2019-09-06,1652.000000,1627.200000
2019-09-09,1596.000000,1609.600000
2019-09-10,1634.400000,1608.000000
2019-09-11,1606.400000,1576.800000
2019-09-12,1550.400000,1539.200000
2019-09-13,1524.000000,1516.000000
2019-09-16,1547.200000,1540.000000
2019-09-17,1549.600000,1533.600000
2019-09-18,1521.600000,1482.400000
2019-09-19,1468.000000,1456.800000
2019-09-20,1442.400000,1527.200000
2019-09-23,1533.600000,1517.600000
2019-09-24,1479.200000,1588.000000
2019-09-25,1591.200000,1553.600000
2019-09-26,1551.200000,1564.000000
2019-09-27,1546.400000,1607.200000
2019-09-30,1592.000000,1561.600000
2019-10-01,1527.200000,1629.600000
2019-10-02,1679.200000,1740.000000
2019-10-03,1734.400000,1675.200000
2019-10-04,1661.600000,1583.200000
2019-10-07,1612.000000,1600.000000
2019-10-08,1657.600000,1727.200000
2019-10-09,1673.600000,1663.200000
2019-10-10,1663.200000,1609.600000
2019-10-11,1557.600000,1517.600000
2019-10-14,1521.600000,1465.600000
2019-10-15,1440.000000,1424.800000
2019-10-16,1422.400000,1406.400000
2019-10-17,1390.400000,1400.000000
2019-10-18,1407.200000,1397.600000
2019-10-21,1381.600000,1360.000000
2019-10-22,1352.800000,1380.800000
2019-10-23,1393.600000,1364.000000
2019-10-24,1352.800000,1345.600000
2019-10-25,1354.400000,1300.000000
2019-10-28,1296.000000,1314.400000
2019-10-29,1328.000000,1313.600000
2019-10-30,1312.800000,1280.000000
2019-10-31,1294.400000,1300.800000
2019-11-01,1260.000000,1241.600000
2019-11-04,1223.200000,1244.800000
2019-11-05,1250.400000,1269.600000
2019-11-06,1267.200000,1264.000000
2019-11-07,1240.000000,1252.000000
2019-11-08,1256.800000,1225.600000
2019-11-11,1252.000000,1222.400000
2019-11-12,1210.400000,1208.000000
2019-11-13,1220.000000,1216.000000
2019-11-14,1218.400000,1197.600000
2019-11-15,1179.200000,1145.600000
2019-11-18,1147.200000,1144.000000
2019-11-19,1137.600000,1156.000000
2019-11-20,1156.800000,1167.200000
2019-11-21,1158.400000,1169.600000
2019-11-22,1155.200000,1136.000000
2019-11-25,1110.400000,1085.600000
2019-11-26,1079.200000,1071.200000
2019-11-27,1063.200000,1066.400000
2019-11-29,1075.200000,1084.000000
2019-12-02,1084.000000,1144.800000
2019-12-03,1229.600000,1210.400000
2019-12-04,1173.600000,1154.400000
2019-12-05,1136.800000,1140.000000
2019-12-06,1095.200000,1101.600000
2019-12-09,1105.600000,1157.600000
2019-12-10,1153.600000,1158.400000
2019-12-11,1148.000000,1135.200000
2019-12-12,1131.200000,1070.400000
2019-12-13,1072.800000,1022.400000
2019-12-16,988.800000,999.200000
2019-12-17,988.800000,991.200000
2019-12-18,980.000000,1002.400000
2019-12-19,997.600000,977.600000
2019-12-20,975.200000,988.000000
2019-12-23,988.000000,992.800000
2019-12-24,988.000000,982.400000
2019-12-26,975.200000,980.000000
2019-12-27,976.800000,1001.600000
2019-12-30,1011.200000,1037.600000
2019-12-31,1049.600000,994.400000
2020-01-02,968.000000,956.000000
2020-01-03,1032.000000,1004.000000
2020-01-06,1035.200000,992.000000
2020-01-07,996.800000,988.000000
2020-01-08,980.000000,968.800000
2020-01-09,942.400000,934.080000
2020-01-10,930.400000,928.800000
2020-01-13,917.600000,904.000000
2020-01-14,904.000000,899.200000
2020-01-15,897.600000,895.200000
2020-01-16,882.400000,874.400000
2020-01-17,873.600000,876.800000
2020-01-21,886.400000,882.400000
2020-01-22,867.200000,888.000000
2020-01-23,904.800000,885.600000
2020-01-24,872.000000,936.800000
2020-01-27,1016.800000,1033.600000
2020-01-28,1007.200000,975.200000
2020-01-29,957.600000,976.000000
2020-01-30,1013.600000,960.800000
2020-01-31,984.000000,1069.600000
2020-02-03,1037.600000,1029.600000
2020-02-04,980.000000,973.600000
2020-02-05,940.800000,935.200000
2020-02-06,925.600000,926.400000
2020-02-07,949.600000,938.400000
2020-02-10,953.600000,928.000000
2020-02-11,913.600000,929.600000
2020-02-12,908.800000,884.800000
2020-02-13,915.200000,900.000000
2020-02-14,892.800000,888.000000
2020-02-18,903.200000,903.200000
2020-02-19,888.000000,892.000000
2020-02-20,896.800000,920.800000
2020-02-21,951.200000,980.800000
2020-02-24,1128.000000,1160.800000
2020-02-25,1120.800000,1272.800000
2020-02-26,1231.200000,1243.200000
2020-02-27,1355.200000,1444.800000
2020-02-28,1608.000000,1507.200000
2020-03-02,1468.800000,1444.800000
2020-03-03,1447.200000,1608.800000
2020-03-04,1538.400000,1521.600000
2020-03-05,1654.400000,1763.200000
2020-03-06,2080.000000,1946.400000
2020-03-09,2680.000000,2480.000000
2020-03-10,2164.800000,2237.600000
2020-03-11,2421.600000,2513.600000
2020-03-12,2961.600000,3116.800000
2020-03-13,2766.400000,2840.000000
2020-03-16,3600.000000,3950.400000
2020-03-17,3784.000000,3854.400000
2020-03-18,4320.800000,4504.000000
2020-03-19,4796.000000,4080.000000
2020-03-20,3889.600000,4001.600000
2020-03-23,3734.400000,3374.400000
2020-03-24,2727.200000,3078.400000
2020-03-25,3160.000000,3328.000000
2020-03-26,3222.400000,3036.000000
2020-03-27,3301.600000,3304.800000
2020-03-30,3312.800000,3199.200000
2020-03-31,3211.200000,3034.400000
2020-04-01,3246.400000,3295.200000
2020-04-02,3249.600000,3116.000000
2020-04-03,3083.200000,2980.000000
2020-04-06,2771.200000,2768.000000
2020-04-07,2686.400000,2848.800000
2020-04-08,2820.000000,2789.600000
2020-04-09,2768.800000,2729.600000
2020-04-13,2720.000000,2672.000000
2020-04-14,2520.800000,2457.600000
2020-04-15,2624.800000,2661.600000
2020-04-16,2679.200000,2676.800000
2020-04-17,2564.000000,2566.400000
2020-04-20,2703.200000,2819.200000
2020-04-21,3028.000000,3048.000000
2020-04-22,2935.200000,2900.800000
2020-04-23,2866.400000,2899.200000
2020-04-24,2844.800000,2740.000000
2020-04-27,2658.400000,2524.000000
2020-04-28,2440.000000,2567.200000
2020-04-29,2424.000000,2406.400000
2020-04-30,2460.800000,2485.600000
2020-05-01,2696.800000,2701.600000
2020-05-04,2796.000000,2646.400000
2020-05-05,2548.800000,2544.800000
2020-05-06,2496.800000,2573.600000
2020-05-07,2483.200000,2469.600000
2020-05-08,2393.600000,2299.200000
2020-05-11,2357.600000,2141.600000
2020-05-12,2080.800000,2357.600000
2020-05-13,2389.600000,2599.200000
2020-05-14,2731.200000,2472.000000
2020-05-15,2581.600000,2404.800000
2020-05-18,2242.400000,2251.200000
2020-05-19,2259.200000,2364.800000
2020-05-20,2255.200000,2221.600000
2020-05-21,2219.200000,2270.400000
2020-05-22,2288.000000,2252.800000
2020-05-26,2147.200000,2224.000000
2020-05-27,2163.200000,2172.800000
2020-05-28,2197.600000,2256.800000
2020-05-29,2274.400000,2184.000000
2020-06-01,2232.800000,2194.400000
2020-06-02,2180.800000,2135.200000
2020-06-03,2088.800000,2041.600000
2020-06-04,2052.000000,2022.400000
2020-06-05,1900.800000,1913.600000
2020-06-08,1909.600000,1956.000000
2020-06-09,2016.000000,2054.400000
2020-06-10,2068.000000,2041.600000
2020-06-11,2267.200000,2727.200000
2020-06-12,2520.000000,2538.400000
2020-06-15,2769.600000,2476.800000
2020-06-16,2313.600000,2426.400000
2020-06-17,2400.000000,2421.600000
2020-06-18,2460.000000,2380.800000
2020-06-19,2324.000000,2419.200000
2020-06-22,2438.400000,2300.000000
2020-06-23,2199.200000,2255.200000
2020-06-24,2342.400000,2411.200000
2020-06-25,2456.000000,2316.800000
2020-06-26,2324.000000,2461.600000
2020-06-29,2420.000000,2342.400000
2020-06-30,2363.200000,2220.800000
2020-07-01,2188.792000,2158.400000
2020-07-02,2069.600000,2121.600000
2020-07-06,2052.800000,2120.000000
2020-07-07,2136.800000,2182.400000
2020-07-08,2156.000000,2132.800000
2020-07-09,2139.200000,2168.000000
2020-07-10,2184.000000,2112.800000
2020-07-13,2086.400000,2314.400000
2020-07-14,2314.400000,2176.800000
2020-07-15,2112.800000,2119.200000
2020-07-16,2163.200000,2080.800000
2020-07-17,2063.200000,2006.400000
2020-07-20,1983.200000,1913.600000
2020-07-21,1868.000000,1930.400000
2020-07-22,1944.800000,1909.600000
2020-07-23,1896.000000,1968.000000
2020-07-24,2034.400000,1976.000000
2020-07-27,1955.200000,1920.800000
2020-07-28,1924.000000,1909.600000
2020-07-29,1885.600000,1870.400000
2020-07-30,1960.800000,1914.400000
2020-07-31,1866.400000,1875.200000
2020-08-03,1856.800000,1864.000000
2020-08-04,1860.000000,1808.000000
2020-08-05,1784.000000,1772.000000
2020-08-06,1779.200000,1752.000000
2020-08-07,1776.800000,1740.000000
2020-08-10,1716.800000,1688.000000
2020-08-11,1649.600000,1767.200000
2020-08-12,1700.000000,1671.200000
2020-08-13,1684.800000,1671.200000
2020-08-14,1684.800000,1672.800000
2020-08-17,1633.600000,1608.800000
2020-08-18,1599.200000,1593.600000
2020-08-19,1582.400000,1624.800000
2020-08-20,1688.800000,1607.200000
2020-08-21,1635.200000,1614.400000
2020-08-24,1570.400000,1608.800000
2020-08-25,1616.000000,1597.600000
2020-08-26,1588.000000,1634.400000
2020-08-27,1617.600000,1686.400000
2020-08-28,1706.264000,1677.600000
2020-08-31,1721.600000,1757.600000
2020-09-01,1760.792000,1789.600000
2020-09-02,1784.000000,1837.600000
2020-09-03,1855.200000,2080.800000
2020-09-04,2029.600000,1907.200000
2020-09-08,2051.200000,1852.800000
2020-09-09,1806.400000,1759.200000
2020-09-10,1742.400000,1779.200000
2020-09-11,1732.000000,1670.400000
2020-09-14,1652.800000,1644.000000
2020-09-15,1628.000000,1643.200000
2020-09-16,1630.400000,1633.600000
2020-09-17,1687.200000,1597.600000
2020-09-18,1587.200000,1598.400000
2020-09-21,1666.400000,1651.200000
2020-09-22,1649.600000,1662.400000
2020-09-23,1654.400000,1751.200000
2020-09-24,1752.800000,1720.000000
2020-09-25,1720.000000,1673.600000
2020-09-28,1658.400000,1668.000000
2020-09-29,1672.800000,1635.200000
2020-09-30,1613.600000,1632.800000
2020-10-01,1615.200000,1640.800000
2020-10-02,1722.400000,1687.200000
2020-10-05,1673.600000,1637.600000
2020-10-06,1623.200000,1658.400000
2020-10-07,1626.400000,1606.400000
2020-10-08,1585.600000,1543.200000
2020-10-09,1494.400000,1461.600000
2020-10-12,1436.000000,1434.400000
2020-10-13,1450.400000,1449.600000
2020-10-14,1439.200000,1437.600000
2020-10-15,1499.200000,1448.800000
2020-10-16,1447.200000,1458.400000
2020-10-19,1452.000000,1523.200000
2020-10-20,1512.800000,1522.400000
2020-10-21,1514.400000,1485.600000
2020-10-22,1484.000000,1452.000000
2020-10-23,1449.600000,1453.600000
2020-10-26,1489.600000,1580.800000
2020-10-27,1584.000000,1588.000000
2020-10-28,1711.200000,1816.800000
2020-10-29,1781.600000,1664.000000
2020-10-30,1714.400000,1738.400000
2020-11-02,1659.200000,1700.800000
2020-11-03,1648.800000,1611.200000
2020-11-04,1540.000000,1469.600000
2020-11-05,1420.800000,1441.600000
2020-11-06,1428.800000,1348.000000
2020-11-09,1254.400000,1317.600000
2020-11-10,1284.800000,1275.200000
2020-11-11,1256.000000,1249.600000
2020-11-12,1266.400000,1333.600000
2020-11-13,1289.600000,1251.200000
2020-11-16,1220.000000,1219.200000
2020-11-17,1246.400000,1200.000000
2020-11-18,1187.200000,1244.800000
2020-11-19,1232.000000,1221.600000
2020-11-20,1220.800000,1217.600000
2020-11-23,1204.000000,1202.400000
2020-11-24,1179.200000,1184.000000
2020-11-25,1186.400000,1140.800000
2020-11-27,1129.600000,1148.000000
2020-11-30,1154.400000,1125.600000
2020-12-01,1116.000000,1134.400000
2020-12-02,1138.400000,1129.600000
2020-12-03,1118.400000,1138.400000
2020-12-04,1126.400000,1121.600000
2020-12-07,1133.600000,1128.000000
2020-12-08,1136.800000,1088.800000
2020-12-09,1076.800000,1128.000000
2020-12-10,1135.200000,1137.600000
2020-12-11,1164.800000,1180.800000
2020-12-14,1141.600000,1208.800000
2020-12-15,1180.000000,1152.000000
2020-12-16,1150.400000,1112.000000
2020-12-17,1116.800000,1100.000000
2020-12-18,1107.200000,1126.400000
2020-12-21,1231.200000,1208.000000
2020-12-22,1194.400000,1184.800000
2020-12-23,1162.400000,1139.200000
2020-12-24,1123.200000,1108.000000
2020-12-28,1089.600000,1100.000000
2020-12-29,1084.800000,1143.200000
2020-12-30,1136.000000,1100.000000
2020-12-31,1100.000000,1099.200000
2021-01-04,1099.200000,1204.000000
2021-01-05,1224.800000,1158.400000
2021-01-06,1144.800000,1151.200000
2021-01-07,1099.200000,1080.800000
2021-01-08,1075.200000,1070.400000
2021-01-11,1111.200000,1136.000000
2021-01-12,1110.400000,1097.200000
2021-01-13,1096.800000,1080.000000
2021-01-14,1072.000000,1093.600000
2021-01-15,1109.600000,1120.800000
2021-01-19,1092.800000,1089.600000
2021-01-20,1075.200000,1067.200000
2021-01-21,1068.000000,1058.400000
2021-01-22,1086.400000,1073.600000
2021-01-25,1084.800000,1116.800000
2021-01-26,1098.400000,1098.400000
2021-01-27,1157.600000,1326.400000
2021-01-28,1268.800000,1299.200000
2021-01-29,1329.600000,1384.000000
2021-02-01,1316.000000,1303.200000
2021-02-02,1240.000000,1194.400000
2021-02-03,1164.800000,1130.400000
2021-02-04,1106.400000,1080.800000
2021-02-05,1076.800000,1078.000000
2021-02-08,1073.600000,1069.600000
2021-02-09,1084.000000,1075.200000
2021-02-10,1068.000000,1090.400000
2021-02-11,1079.200000,1065.600000
2021-02-12,1076.800000,1031.200000
2021-02-16,1036.800000,1032.800000
2021-02-17,1057.600000,1018.400000
2021-02-18,1050.400000,1027.200000
2021-02-19,1016.000000,987.200000
2021-02-22,1023.200000,1028.800000
2021-02-23,1036.800000,986.400000
2021-02-24,1014.400000,948.800000
2021-02-25,968.000000,1096.000000
2021-02-26,1053.600000,1044.000000
2021-03-01,987.200000,964.000000
2021-03-02,973.600000,980.000000
2021-03-03,973.600000,1023.200000
2021-03-04,1011.200000,1065.600000
2021-03-05,1026.400000,992.000000
2021-03-08,992.800000,1016.000000
2021-03-09,980.000000,967.200000
2021-03-10,941.600000,956.000000
2021-03-11,940.000000,931.200000
2021-03-12,949.600000,915.200000
2021-03-15,912.000000,863.200000
2021-03-16,861.600000,863.200000
2021-03-17,872.000000,824.000000
2021-03-18,841.600000,871.200000
2021-03-19,864.400000,843.200000
2021-03-22,826.400000,780.000000
2021-03-23,787.200000,820.000000
2021-03-24,801.600000,824.800000
2021-03-25,831.200000,799.200000
2021-03-26,786.400000,768.000000
2021-03-29,787.200000,789.600000
2021-03-30,786.400000,752.800000
2021-03-31,745.600000,748.000000
2021-04-01,737.600000,724.800000
2021-04-05,701.600000,703.200000
2021-04-06,704.000000,709.600000
2021-04-07,705.600000,688.000000
2021-04-08,677.600000,677.600000
2021-04-09,682.400000,676.000000
2021-04-12,681.600000,665.600000
2021-04-13,666.400000,660.000000
2021-04-14,663.200000,675.200000
2021-04-15,659.200000,652.800000
2021-04-16,652.000000,642.400000
2021-04-19,648.000000,664.800000
2021-04-20,674.400000,680.000000
2021-04-21,684.800000,644.800000
2021-04-22,644.000000,689.600000
2021-04-23,677.600000,658.400000
2021-04-26,652.000000,653.600000
2021-04-27,649.600000,639.200000
2021-04-28,636.000000,636.800000
2021-04-29,624.800000,632.800000
2021-04-30,646.400000,658.400000
2021-05-03,642.400000,633.600000
2021-05-04,651.200000,657.600000
2021-05-05,647.200000,642.400000
2021-05-06,644.000000,638.400000
2021-05-07,637.600000,600.000000
2021-05-10,600.000000,626.400000
2021-05-11,664.000000,675.200000
2021-05-12,700.800000,791.200000
2021-05-13,746.400000,716.800000
2021-05-14,677.600000,632.800000
2021-05-17,646.400000,645.600000
2021-05-18,644.000000,663.200000
2021-05-19,706.400000,692.000000
2021-05-20,674.400000,655.200000
2021-05-21,643.200000,646.400000
2021-05-24,633.600000,616.800000
2021-05-25,612.800000,616.800000
2021-05-26,607.800000,587.800000
2021-05-27,581.000000,559.200000
2021-05-28,553.200000,567.200000
2021-06-01,554.400000,581.400000
2021-06-02,574.800000,567.200000
2021-06-03,584.000000,577.600000
2021-06-04,559.000000,547.000000
2021-06-07,546.200000,537.200000
2021-06-08,533.000000,543.800000
2021-06-09,536.600000,552.000000
2021-06-10,536.800000,518.600000
2021-06-11,508.800000,504.600000
2021-06-14,503.000000,508.400000
2021-06-15,511.000000,519.900000
2021-06-16,513.800000,525.000000
2021-06-17,526.400000,521.800000
2021-06-18,546.200000,567.200000
2021-06-21,547.400000,530.000000
2021-06-22,536.000000,505.400000
2021-06-23,499.000000,495.400000
2021-06-24,483.000000,484.600000
2021-06-25,484.000000,477.400000
2021-06-28,474.000000,478.200000
2021-06-29,474.000000,486.600000
2021-06-30,490.600000,481.600000
2021-07-01,477.000000,475.000000
2021-07-02,462.600000,472.600000
2021-07-06,468.800000,484.000000
2021-07-07,479.200000,485.200000
2021-07-08,527.000000,517.600000
2021-07-09,500.400000,481.400000
2021-07-12,482.800000,478.800000
2021-07-13,478.200000,485.000000
2021-07-14,472.600000,473.600000
2021-07-15,485.600000,480.600000
2021-07-16,469.600000,499.000000
2021-07-19,529.000000,571.200000
2021-07-20,567.000000,525.600000
2021-07-21,511.000000,489.800000
2021-07-22,492.800000,498.600000
2021-07-23,487.400000,495.400000
2021-07-26,501.400000,488.800000
2021-07-27,499.400000,505.000000
2021-07-28,499.400000,492.200000
2021-07-29,488.000000,482.200000
2021-07-30,499.800000,495.400000
2021-08-02,488.400000,513.600000
2021-08-03,505.800000,488.000000
2021-08-04,497.400000,487.600000
2021-08-05,482.800000,474.800000
2021-08-06,470.600000,462.800000
2021-08-09,462.200000,457.400000
2021-08-10,453.400000,451.000000
2021-08-11,446.500000,438.600000
2021-08-12,440.800000,429.000000
2021-08-13,423.800000,429.000000
2021-08-16,442.400000,431.000000
2021-08-17,444.000000,445.000000
2021-08-18,451.400000,475.400000
2021-08-19,498.000000,490.800000
2021-08-20,483.200000,454.000000
2021-08-23,441.400000,438.200000
2021-08-24,436.600000,437.200000
2021-08-25,435.200000,427.200000
2021-08-26,433.400000,445.800000
2021-08-27,438.600000,422.800000
2021-08-30,418.200000,418.400000
2021-08-31,420.600000,417.000000
2021-09-01,414.000000,406.200000
2021-09-02,401.400000,405.400000
2021-09-03,412.600000,409.200000
2021-09-07,411.400000,418.200000
2021-09-08,425.200000,417.600000
2021-09-09,420.200000,426.800000
2021-09-10,411.400000,441.000000
2021-09-13,423.800000,426.800000
2021-09-14,420.400000,433.600000
2021-09-15,425.200000,416.000000
2021-09-16,417.800000,411.800000
2021-09-17,414.400000,438.800000
2021-09-20,473.600000,486.600000
2021-09-21,472.400000,468.400000
2021-09-22,456.600000,442.000000
2021-09-23,427.600000,414.600000
2021-09-24,425.000000,402.000000
2021-09-27,404.000000,405.600000
2021-09-28,422.800000,448.800000
2021-09-29,445.200000,454.800000
2021-09-30,443.600000,456.000000
2021-10-01,445.000000,438.600000
2021-10-04,439.100000,451.200000
2021-10-05,447.200000,434.600000
2021-10-06,445.000000,429.600000
2021-10-07,420.400000,413.400000
2021-10-08,408.000000,405.600000
2021-10-11,408.800000,410.200000
2021-10-12,404.000000,402.400000
2021-10-13,400.200000,394.800000
2021-10-14,382.200000,373.400000
2021-10-15,369.400000,373.200000
2021-10-18,379.000000,365.600000
2021-10-19,363.000000,362.200000
2021-10-20,363.000000,359.200000
2021-10-21,361.200000,347.400000
2021-10-22,348.400000,354.400000
2021-10-25,351.600000,344.000000
2021-10-26,340.000000,350.600000
2021-10-27,349.800000,358.800000
2021-10-28,353.200000,347.600000
2021-10-29,356.400000,349.800000
2021-11-01,346.800000,345.000000
2021-11-02,344.600000,336.000000
2021-11-03,337.000000,323.800000
2021-11-04,320.600000,328.600000
2021-11-05,325.000000,339.800000
2021-11-08,335.400000,340.600000
2021-11-09,343.000000,346.200000
2021-11-10,354.400000,352.200000
2021-11-11,344.800000,345.400000
2021-11-12,339.600000,333.600000
2021-11-15,329.000000,329.000000
2021-11-16,332.000000,329.800000
2021-11-17,329.000000,335.800000
2021-11-18,332.600000,338.200000
2021-11-19,340.800000,342.800000
2021-11-22,335.800000,348.400000
2021-11-23,349.000000,340.800000
2021-11-24,349.200000,335.800000
2021-11-26,375.600000,419.800000
2021-11-29,378.400000,363.000000
2021-11-30,384.500000,414.000000
2021-12-01,386.600000,445.800000
2021-12-02,432.800000,421.000000
2021-12-03,416.200000,457.800000
2021-12-06,441.200000,420.800000
2021-12-07,397.400000,375.400000
2021-12-08,371.400000,353.400000
2021-12-09,353.400000,363.200000
2021-12-10,345.600000,339.600000
2021-12-13,343.400000,353.200000
2021-12-14,365.200000,359.400000
2021-12-15,362.400000,333.600000
2021-12-16,327.800000,348.000000
2021-12-17,362.200000,359.200000
2021-12-20,392.800000,371.600000
2021-12-21,360.400000,353.800000
2021-12-22,353.200000,333.800000
2021-12-23,330.200000,329.600000
2021-12-27,327.000000,322.000000
2021-12-28,320.000000,313.800000
2021-12-29,313.400000,306.000000
2021-12-30,303.800000,305.800000
2021-12-31,305.000000,303.400000
2022-01-03,298.600000,292.400000
2022-01-04,290.600000,292.200000
2022-01-05,294.600000,314.600000
2022-01-06,316.800000,316.800000
2022-01-07,316.600000,307.600000
2022-01-10,319.600000,301.800000
2022-01-11,305.800000,291.400000
2022-01-12,287.200000,288.400000
2022-01-13,287.800000,306.600000
2022-01-14,316.600000,301.600000
2022-01-18,314.600000,324.800000
2022-01-19,317.800000,332.800000
2022-01-20,324.600000,347.000000
2022-01-21,353.600000,379.200000
2022-01-24,405.000000,387.400000
2022-01-25,414.000000,390.600000
2022-01-26,372.600000,396.800000
2022-01-27,376.800000,400.200000
2022-01-28,392.000000,374.600000
2022-01-31,379.400000,349.600000
2022-02-01,343.400000,323.800000
2022-02-02,321.800000,317.400000
2022-02-03,337.200000,355.600000
2022-02-04,351.400000,343.200000
2022-02-07,335.400000,334.000000
2022-02-08,330.800000,318.600000
2022-02-09,309.400000,306.400000
2022-02-10,322.000000,334.800000
2022-02-11,334.200000,379.200000
2022-02-14,381.000000,379.200000
2022-02-15,354.000000,349.000000
2022-02-16,355.000000,335.400000
2022-02-17,355.000000,374.000000
2022-02-18,378.400000,383.800000
2022-02-22,388.800000,381.800000
2022-02-23,371.200000,403.000000
2022-02-24,448.000000,390.400000
2022-02-25,387.600000,374.400000
2022-02-28,403.200000,393.000000
2022-03-01,402.600000,435.200000
2022-03-02,429.600000,408.000000
2022-03-03,403.000000,410.000000
2022-03-04,432.800000,427.000000
2022-03-07,429.000000,464.800000
2022-03-08,461.200000,460.200000
2022-03-09,436.200000,441.400000
2022-03-10,447.800000,422.200000
2022-03-11,409.400000,430.200000
2022-03-14,428.200000,444.000000
2022-03-15,438.000000,429.400000
2022-03-16,412.400000,385.200000
2022-03-17,386.200000,379.200000
2022-03-18,386.000000,361.400000
2022-03-21,361.400000,357.600000
2022-03-22,351.600000,351.000000
2022-03-23,360.800000,350.400000
2022-03-24,349.400000,342.400000
2022-03-25,340.600000,332.600000
2022-03-28,336.600000,327.600000
2022-03-29,319.800000,312.400000
2022-03-30,315.200000,315.800000
2022-03-31,318.000000,331.400000
2022-04-01,327.000000,320.000000
2022-04-04,317.400000,302.800000
2022-04-05,307.600000,328.400000
2022-04-06,340.000000,336.000000
2022-04-07,338.400000,326.200000
2022-04-08,330.800000,326.200000
2022-04-11,333.400000,344.800000
2022-04-12,336.800000,348.000000
2022-04-13,349.200000,324.600000
2022-04-14,319.400000,332.400000
2022-04-18,335.000000,327.800000
2022-04-19,327.200000,311.600000
2022-04-20,306.000000,304.400000
2022-04-21,298.800000,326.400000
2022-04-22,327.400000,367.200000
2022-04-25,372.000000,358.600000
2022-04-26,364.000000,396.200000
2022-04-27,397.800000,404.400000
2022-04-28,383.600000,383.400000
2022-04-29,389.000000,412.600000
2022-05-02,415.000000,407.000000
2022-05-03,400.400000,382.400000
2022-05-04,377.400000,347.400000
2022-05-05,356.600000,409.000000
2022-05-06,415.000000,403.600000
2022-05-09,421.400000,435.800000
2022-05-10,414.800000,421.400000
2022-05-11,422.800000,417.600000
2022-05-12,425.000000,410.200000
2022-05-13,395.600000,383.600000
2022-05-16,381.400000,367.800000
2022-05-17,357.400000,358.800000
2022-05-18,367.000000,411.400000
2022-05-19,418.400000,384.800000
2022-05-20,372.400000,386.600000
2022-05-23,379.000000,380.600000
2022-05-24,389.000000,382.400000
2022-05-25,388.600000,373.800000
2022-05-26,369.800000,369.800000
2022-05-27,360.800000,355.800000
2022-05-31,363.400000,349.800000
2022-06-01,345.400000,347.400000
2022-06-02,348.600000,340.200000
2022-06-03,346.800000,343.400000
2022-06-06,337.000000,339.400000
2022-06-07,347.400000,330.000000
2022-06-08,334.400000,330.000000
2022-06-09,336.000000,346.000000
2022-06-10,359.600000,366.800000
2022-06-13,393.000000,416.200000
2022-06-14,412.600000,403.600000
2022-06-15,393.200000,379.600000
2022-06-16,399.200000,403.800000
2022-06-17,402.400000,392.000000
2022-06-21,376.800000,384.200000
2022-06-22,390.800000,369.200000
2022-06-23,366.400000,369.200000
2022-06-24,361.800000,361.600000
2022-06-27,359.000000,350.400000
2022-06-28,346.400000,360.600000
2022-06-29,363.000000,361.600000
2022-06-30,369.200000,365.000000
2022-07-01,368.600000,355.600000
2022-07-05,368.600000,355.400000
2022-07-06,356.200000,349.600000
2022-07-07,347.400000,345.800000
2022-07-08,347.000000,338.600000
2022-07-11,344.000000,348.200000
2022-07-12,348.800000,351.600000
2022-07-13,360.400000,346.200000
2022-07-14,357.000000,346.800000
2022-07-15,339.200000,329.200000
2022-07-18,327.200000,338.800000
2022-07-19,332.000000,334.000000
2022-07-20,331.200000,326.600000
2022-07-21,325.400000,318.200000
2022-07-22,318.000000,316.600000
2022-07-25,315.600000,312.600000
2022-07-26,316.200000,319.800000
2022-07-27,313.000000,310.000000
2022-07-28,306.000000,294.000000
2022-07-29,293.200000,291.200000
2022-08-01,296.200000,301.400000
2022-08-02,305.200000,304.400000
2022-08-03,298.600000,289.200000
2022-08-04,291.600000,290.200000
2022-08-05,296.400000,282.800000
2022-08-08,283.200000,284.400000
2022-08-09,288.200000,286.400000
2022-08-10,276.000000,270.000000
2022-08-11,268.800000,272.200000
2022-08-12,270.000000,268.800000
2022-08-15,272.600000,264.600000
2022-08-16,265.400000,266.600000
2022-08-17,269.600000,265.400000
2022-08-18,265.400000,261.200000
2022-08-19,267.000000,274.200000
2022-08-22,286.000000,292.000000
2022-08-23,290.600000,287.000000
2022-08-24,285.200000,277.600000
2022-08-25,274.600000,268.200000
2022-08-26,270.600000,295.400000
2022-08-29,299.400000,292.600000
2022-08-30,290.600000,297.600000
2022-08-31,291.400000,291.800000
2022-09-01,297.000000,289.600000
2022-09-02,279.400000,292.200000
2022-09-06,286.200000,298.400000
2022-09-07,300.000000,282.400000
2022-09-08,287.200000,278.000000
2022-09-09,273.200000,275.200000
2022-09-12,270.000000,273.800000
2022-09-13,286.200000,297.600000
2022-09-14,297.200000,297.000000
2022-09-15,298.000000,296.400000
2022-09-16,304.000000,296.400000
2022-09-19,301.000000,287.000000
2022-09-20,293.400000,296.600000
2022-09-21,292.600000,306.200000
2022-09-22,303.200000,304.400000
2022-09-23,311.800000,323.000000
2022-09-26,330.200000,334.200000
2022-09-27,325.800000,339.200000
2022-09-28,336.600000,325.200000
2022-09-29,333.800000,334.400000
2022-09-30,337.400000,342.000000
2022-10-03,331.600000,326.200000
2022-10-04,313.200000,314.400000
2022-10-05,319.800000,316.800000
2022-10-06,314.400000,326.000000
2022-10-07,330.600000,339.400000
2022-10-10,341.400000,347.600000
2022-10-11,349.600000,353.000000
2022-10-12,351.600000,349.800000
2022-10-13,355.400000,339.800000
2022-10-14,332.600000,346.800000
2022-10-17,336.400000,338.000000
2022-10-18,331.000000,331.400000
2022-10-19,334.000000,333.800000
2022-10-20,332.000000,329.600000
2022-10-21,327.800000,328.400000
2022-10-24,324.800000,323.200000
2022-10-25,323.600000,310.400000
2022-10-26,313.200000,303.200000
2022-10-27,301.600000,297.200000
2022-10-28,297.400000,290.200000
2022-10-31,292.800000,285.800000
2022-11-01,282.700000,283.000000
2022-11-02,285.400000,290.600000
2022-11-03,294.800000,284.200000
2022-11-04,278.200000,280.800000
2022-11-07,280.000000,278.200000
2022-11-08,275.200000,285.600000
2022-11-09,286.000000,294.200000
2022-11-10,277.800000,278.200000
2022-11-11,280.600000,275.000000
2022-11-14,275.400000,274.800000
2022-11-15,268.200000,278.000000
2022-11-16,275.000000,270.800000
2022-11-17,277.600000,268.400000
2022-11-18,265.600000,265.600000
2022-11-21,266.200000,258.600000
2022-11-22,256.200000,249.600000
2022-11-23,249.600000,244.200000
2022-11-25,246.800000,245.200000
2022-11-28,250.400000,254.200000
2022-11-29,253.000000,250.800000
2022-11-30,250.800000,241.200000
2022-12-01,240.200000,237.200000
2022-12-02,242.200000,232.400000
2022-12-05,235.600000,237.000000
2022-12-06,235.380000,243.600000
2022-12-07,245.200000,247.000000
2022-12-08,246.400000,242.200000
2022-12-09,243.200000,247.800000
2022-12-12,247.000000,246.200000
2022-12-13,232.200000,236.000000
2022-12-14,234.600000,227.200000
2022-12-15,231.800000,241.800000
2022-12-16,247.000000,243.200000
2022-12-19,241.400000,236.800000
2022-12-20,237.400000,234.800000
2022-12-21,229.200000,226.400000
2022-12-22,227.600000,238.200000
2022-12-23,238.200000,231.600000
2022-12-27,232.200000,231.800000
2022-12-28,229.200000,231.600000
2022-12-29,227.400000,228.600000
2022-12-30,231.000000,227.600000
2023-01-03,226.000000,226.600000
2023-01-04,224.200000,219.800000
2023-01-05,222.200000,221.600000
2023-01-06,217.400000,216.400000
2023-01-09,215.200000,217.600000
2023-01-10,218.200000,208.400000
2023-01-11,207.200000,209.600000
2023-01-12,205.000000,199.200000
2023-01-13,200.000000,194.400000
2023-01-17,197.400000,196.000000
2023-01-18,193.200000,202.600000
2023-01-19,208.000000,203.600000
2023-01-20,202.600000,196.600000
2023-01-23,196.600000,194.600000
2023-01-24,195.800000,187.800000
2023-01-25,193.000000,187.500000
2023-01-26,185.200000,185.200000
2023-01-27,185.400000,182.000000
2023-01-30,186.200000,187.200000
2023-01-31,187.000000,183.000000
2023-02-01,182.600000,176.600000
2023-02-02,173.000000,181.000000
2023-02-03,186.200000,182.200000
2023-02-06,184.600000,187.000000
2023-02-07,188.200000,181.200000
2023-02-08,183.600000,188.600000
2023-02-09,184.800000,193.800000
2023-02-10,197.400000,196.400000
2023-02-13,192.800000,189.400000
2023-02-14,186.400000,182.200000
2023-02-15,182.800000,178.600000
2023-02-16,183.800000,188.000000
2023-02-17,191.600000,189.000000
2023-02-21,197.420000,203.400000
2023-02-22,203.400000,197.000000
2023-02-23,192.400000,190.400000
2023-02-24,197.000000,197.600000
2023-02-27,192.600000,190.600000
2023-02-28,189.600000,186.400000
2023-03-01,187.400000,187.600000
2023-03-02,191.400000,181.000000
2023-03-03,179.200000,175.200000
2023-03-06,174.400000,173.400000
2023-03-07,173.000000,177.000000
2023-03-08,177.800000,173.400000
2023-03-09,172.000000,192.200000
2023-03-10,193.400000,212.400000
2023-03-13,234.800000,219.000000
2023-03-14,203.800000,206.800000
2023-03-15,225.400000,222.400000
2023-03-16,229.800000,203.200000
2023-03-17,209.600000,224.600000
2023-03-20,225.800000,215.200000
2023-03-21,204.400000,195.400000
2023-03-22,195.000000,202.800000
2023-03-23,196.800000,209.000000
2023-03-24,214.400000,200.200000
2023-03-27,195.800000,192.400000
2023-03-28,192.800000,188.000000
2023-03-29,182.600000,181.800000
2023-03-30,180.800000,181.600000
2023-03-31,180.800000,181.000000
2023-04-03,180.600000,176.200000
2023-04-04,177.800000,179.400000
2023-04-05,180.800000,178.200000
2023-04-06,179.400000,175.000000
2023-04-10,176.800000,173.200000
2023-04-11,171.500000,171.800000
2023-04-12,168.000000,172.000000
2023-04-13,169.000000,166.200000
2023-04-14,167.000000,163.600000
2023-04-17,162.400000,159.000000
2023-04-18,158.400000,157.600000
2023-04-19,158.600000,157.400000
2023-04-20,160.600000,160.800000
2023-04-21,159.600000,157.800000
2023-04-24,158.200000,157.400000
2023-04-25,159.200000,170.000000
2023-04-26,167.400000,165.600000
2023-04-27,159.800000,158.400000
2023-04-28,157.400000,151.600000
2023-05-01,150.800000,149.700000
2023-05-02,152.600000,156.600000
2023-05-03,157.600000,161.000000
2023-05-04,164.800000,169.000000
2023-05-05,162.200000,156.000000
2023-05-08,154.800000,153.400000
2023-05-09,156.000000,156.600000
2023-05-10,152.000000,152.000000
2023-05-11,154.000000,150.600000
2023-05-12,149.200000,150.400000
2023-05-15,149.400000,147.000000
2023-05-16,148.200000,150.800000
2023-05-17,147.400000,145.800000
2023-05-18,145.400000,139.800000
2023-05-19,139.200000,143.800000
2023-05-22,144.000000,144.200000
2023-05-23,145.600000,146.400000
2023-05-24,150.400000,152.600000
2023-05-25,148.200000,148.800000
2023-05-26,145.400000,143.000000
2023-05-30,137.600000,139.200000
2023-05-31,140.400000,138.000000
2023-06-01,136.000000,130.400000
2023-06-02,127.000000,125.200000
2023-06-05,125.200000,122.600000
2023-06-06,125.200000,115.200000
2023-06-07,116.200000,116.000000
2023-06-08,116.400000,112.800000
2023-06-09,112.600000,114.000000
2023-06-12,114.400000,114.400000
2023-06-13,112.600000,113.800000
2023-06-14,113.600000,110.600000
2023-06-15,109.800000,113.800000
2023-06-16,113.600000,109.200000
2023-06-20,110.600000,109.600000
2023-06-21,108.200000,107.200000
2023-06-22,108.600000,105.000000
2023-06-23,107.360000,106.240000
2023-06-26,106.600000,105.840000
2023-06-27,105.060000,103.240000
2023-06-28,102.440000,99.400000
2023-06-29,100.040000,101.680000
2023-06-30,100.360000,99.840000
2023-07-03,99.400000,99.040000
2023-07-05,100.880000,100.960000
2023-07-06,105.720000,106.280000
2023-07-07,107.520000,103.880000
2023-07-10,104.160000,103.040000
2023-07-11,100.960000,102.200000
2023-07-12,98.560000,96.480000
2023-07-13,94.680000,97.120000
2023-07-14,97.080000,95.960000
2023-07-17,96.200000,95.760000
2023-07-18,95.360000,94.240000
2023-07-19,93.240000,96.320000
2023-07-20,96.960000,96.160000
2023-07-21,94.920000,94.920000
2023-07-24,94.720000,93.360000
2023-07-25,93.440000,93.240000
2023-07-26,94.320000,90.840000
2023-07-27,89.000000,95.520000
2023-07-28,91.840000,91.600000
2023-07-31,91.440000,90.680000
2023-08-01,93.080000,91.880000
2023-08-02,97.680000,100.520000
2023-08-03,103.760000,99.960000
2023-08-04,96.480000,103.440000
2023-08-07,101.080000,98.000000
2023-08-08,102.200000,100.160000
2023-08-09,98.920000,99.120000
2023-08-10,95.680000,99.480000
2023-08-11,101.200000,95.560000
2023-08-14,97.000000,93.920000
2023-08-15,95.440000,99.320000
2023-08-16,99.240000,100.920000
2023-08-17,99.480000,105.800000
2023-08-18,109.000000,103.120000
2023-08-21,101.760000,100.440000
2023-08-22,98.160000,100.840000
2023-08-23,99.600000,97.480000
2023-08-24,96.000000,101.200000
2023-08-25,100.040000,96.800000
2023-08-28,95.000000,93.120000
2023-08-29,92.840000,90.680000
2023-08-30,89.760000,87.600000
2023-08-31,87.800000,86.080000
2023-09-01,84.480000,84.880000
2023-09-05,85.200000,85.760000
2023-09-06,85.800000,87.120000
2023-09-07,89.840000,86.960000
2023-09-08,86.680000,85.240000
2023-09-11,83.600000,83.040000
2023-09-12,84.040000,83.680000
2023-09-13,82.920000,82.200000
2023-09-14,80.880000,79.680000
2023-09-15,80.120000,82.720000
2023-09-18,83.680000,82.160000
2023-09-19,82.160000,81.600000
2023-09-20,80.280000,84.640000
2023-09-21,88.680000,91.400000
2023-09-22,90.920000,91.600000
2023-09-25,94.120000,91.400000
2023-09-26,93.680000,100.680000
2023-09-27,97.240000,95.840000
2023-09-28,95.960000,91.600000
2023-09-29,87.960000,93.200000
2023-10-02,93.520000,93.520000
2023-10-03,96.200000,102.240000
2023-10-04,100.520000,97.020000
2023-10-05,97.160000,95.880000
2023-10-06,98.880000,94.480000
2023-10-09,98.000000,93.240000
2023-10-10,92.040000,90.120000
2023-10-11,88.960000,88.520000
2023-10-12,87.400000,90.480000
2023-10-13,90.000000,101.480000
2023-10-16,97.240000,91.640000
2023-10-17,95.080000,94.160000
2023-10-18,96.160000,99.920000
2023-10-19,98.520000,104.920000
2023-10-20,105.120000,105.760000
2023-10-23,107.680000,102.040000
2023-10-24,99.360000,97.640000
2023-10-25,98.000000,103.800000
2023-10-26,104.019200,104.760000
2023-10-27,102.560000,108.160000
2023-10-30,104.040000,100.280000
2023-10-31,99.480000,93.680000
2023-11-01,93.000000,89.600000
2023-11-02,87.640000,86.640000
2023-11-03,85.240000,84.600000
2023-11-06,83.600000,81.800000
2023-11-07,81.680000,81.360000
2023-11-08,80.400000,79.920000
2023-11-09,79.920000,83.080000
2023-11-10,81.640000,79.520000
2023-11-13,80.080000,78.920000
2023-11-14,75.960000,78.120000
2023-11-15,76.960000,76.400000
2023-11-16,76.440000,75.240000
2023-11-17,74.960000,74.120000
2023-11-20,73.760000,73.560000
2023-11-21,73.880000,72.000000
2023-11-22,71.200000,72.680000
2023-11-24,72.200000,69.560000
2023-11-27,70.120000,69.960000
2023-11-28,69.800000,69.120000
2023-11-29,68.400000,70.160000
2023-11-30,69.680000,69.040000
2023-12-01,68.800000,68.600000
2023-12-04,69.820000,69.000000
2023-12-05,69.280000,68.360000
2023-12-06,67.640000,68.800000
2023-12-07,68.600000,68.800000
2023-12-08,68.360000,66.800000
2023-12-11,66.680000,65.360000
2023-12-12,64.520000,63.520000
2023-12-13,63.200000,62.680000
2023-12-14,62.040000,62.440000
2023-12-15,62.640000,64.400000
2023-12-18,64.360000,64.560000
2023-12-19,64.980000,65.560000
2023-12-20,65.360000,69.600000
2023-12-21,68.480000,67.880000
2023-12-22,67.600000,66.320000
2023-12-26,66.160000,64.500000
2023-12-27,64.040000,61.900000
2023-12-28,61.680000,61.800000
2023-12-29,61.640000,62.040000
2024-01-02,63.600000,62.040000
2024-01-03,63.080000,64.200000
2024-01-04,64.280000,64.120000
2024-01-05,63.500000,62.000000
2024-01-08,62.000000,60.480000
2024-01-09,61.240000,59.160000
2024-01-10,58.760000,58.560000
2024-01-11,57.640000,58.320000
2024-01-12,58.000000,59.240000
2024-01-16,60.720000,61.200000
2024-01-17,63.200000,63.520000
2024-01-18,61.920000,61.200000
2024-01-19,60.120000,59.760000
2024-01-22,59.000000,57.680000
2024-01-23,57.120000,56.200000
2024-01-24,55.600000,57.680000
2024-01-25,57.360000,58.360000
2024-01-26,58.080000,57.720000
2024-01-29,57.960000,58.440000
2024-01-30,57.960000,57.360000
2024-01-31,57.600000,60.320000
2024-02-01,59.480000,59.760000
2024-02-02,59.480000,59.600000
2024-02-05,59.160000,57.480000
2024-02-06,56.800000,56.040000
2024-02-07,55.480000,55.760000
2024-02-08,55.600000,55.480000
2024-02-09,55.200000,56.000000
2024-02-12,55.520000,57.000000
2024-02-13,58.960000,61.200000
2024-02-14,58.680000,57.880000
2024-02-15,57.240000,57.400000
2024-02-16,57.800000,57.320000
2024-02-20,58.200000,59.040000
2024-02-21,59.520000,58.800000
2024-02-22,56.440000,57.600000
2024-02-23,56.600000,55.360000
2024-02-26,55.080000,54.800000
2024-02-27,54.360000,53.880000
2024-02-28,54.360000,54.720000
2024-02-29,53.840000,53.960000
2024-03-01,53.488400,54.080000
2024-03-04,53.800000,54.040000
2024-03-05,54.560000,56.200000
2024-03-06,54.840000,56.480000
2024-03-07,55.220000,56.080000
2024-03-08,55.360000,57.600000
2024-03-11,58.120000,57.040000
2024-03-12,55.720000,54.200000
2024-03-13,54.040000,53.840000
2024-03-14,53.600000,55.320000
2024-03-15,56.160000,56.360000
2024-03-18,55.680000,55.160000
2024-03-19,55.200000,53.680000
2024-03-20,53.720000,52.400000
2024-03-21,51.760000,52.000000
2024-03-22,52.240000,52.240000
2024-03-25,52.320000,51.920000
2024-03-26,51.480000,51.720000
2024-03-27,51.040000,50.720000
2024-03-28,50.920000,51.840000
2024-04-01,51.680000,52.120000
2024-04-02,53.960000,53.520000
2024-04-03,54.280000,53.280000
2024-04-04,52.360000,55.720000
2024-04-05,56.360000,56.840000
2024-04-08,55.720000,54.520000
2024-04-09,54.240000,54.200000
2024-04-10,55.640000,55.080000
2024-04-11,55.280000,54.040000
2024-04-12,56.680000,58.800000
2024-04-15,57.040000,62.120000
2024-04-16,61.800000,60.120000
2024-04-17,59.800000,59.560000
2024-04-18,58.720000,60.000000
2024-04-19,60.200000,61.440000
2024-04-22,59.080000,56.800000
2024-04-23,55.560000,54.480000
2024-04-24,54.280000,54.000000
2024-04-25,57.040000,55.200000
2024-04-26,53.680000,53.400000
2024-04-29,52.960000,52.680000
2024-04-30,52.920000,54.160000
2024-05-01,54.680000,54.280000
2024-05-02,53.200000,52.560000
2024-05-03,50.800000,50.760000
2024-05-06,50.040000,49.480000
2024-05-07,49.200000,49.280000
2024-05-08,49.320000,48.840000
2024-05-09,48.880000,48.560000
2024-05-10,48.480000,47.960000
2024-05-13,47.880000,48.600000
2024-05-14,48.400000,47.680000
2024-05-15,46.600000,45.720000
2024-05-16,45.760000,45.740000
2024-05-17,45.760000,45.320000
2024-05-20,45.200000,45.440000
2024-05-21,45.440000,44.400000
2024-05-22,44.680000,45.520000
2024-05-23,44.400000,46.120000
2024-05-24,45.720000,44.560000
2024-05-28,44.560000,45.680000
2024-05-29,47.720000,47.360000
2024-05-30,47.480000,47.280000
2024-05-31,46.440000,45.760000
2024-06-03,45.200000,45.520000
2024-06-04,46.200000,45.720000
2024-06-05,45.200000,44.840000
2024-06-06,44.640000,44.520000
2024-06-07,44.560000,44.080000
2024-06-10,44.800000,44.200000
2024-06-11,44.640000,44.160000
2024-06-12,43.160000,43.200000
2024-06-13,43.200000,43.200000
2024-06-14,44.160000,44.640000
2024-06-17,44.640000,44.320000
2024-06-18,43.880000,44.000000
2024-06-20,44.040000,45.560000
2024-06-21,45.900000,44.760000
2024-06-24,44.960000,44.520000
2024-06-25,44.400000,43.520000
2024-06-26,43.680000,43.080000
2024-06-27,43.040000,42.720000
2024-06-28,42.880000,43.400000
2024-07-01,42.880000,41.660000
2024-07-02,41.920000,41.160000
2024-07-03,41.160000,41.360000
2024-07-05,41.200000,41.480000
2024-07-08,41.000000,40.800000
2024-07-09,40.640000,40.800000
2024-07-10,40.720000,40.720000
2024-07-11,40.280000,40.840000
2024-07-12,40.240000,40.160000
2024-07-15,39.920000,40.960000
2024-07-16,40.640000,41.120000
2024-07-17,42.280000,42.520000
2024-07-18,41.680000,43.800000
2024-07-19,44.480000,45.720000
2024-07-22,44.880000,43.240000
2024-07-23,43.200000,42.840000
2024-07-24,44.200000,48.800000
2024-07-25,48.120000,49.200000
2024-07-26,47.720000,46.400000
2024-07-29,45.960000,45.680000
2024-07-30,45.400000,47.080000
2024-07-31,45.760000,45.800000
2024-08-01,45.600000,49.920000
2024-08-02,53.800000,61.880000
2024-08-05,89.400000,88.520000
2024-08-06,76.680000,70.360000
2024-08-07,61.040000,68.240000
2024-08-08,64.720000,62.760000
2024-08-09,62.040000,54.500000
2024-08-12,54.120000,54.200000
2024-08-13,52.840000,49.960000
2024-08-14,48.880000,46.600000
2024-08-15,46.000000,44.880000
2024-08-16,45.640000,44.840000
2024-08-19,44.760000,43.840000
2024-08-20,44.400000,45.760000
2024-08-21,45.560000,46.240000
2024-08-22,45.960000,48.320000
2024-08-23,47.080000,45.400000
2024-08-26,45.160000,45.480000
2024-08-27,46.080000,44.440000
2024-08-28,44.640000,46.920000
2024-08-29,45.480000,45.320000
2024-08-30,44.640000,44.000000
2024-09-03,45.360000,52.920000
2024-09-04,54.280000,54.040000
2024-09-05,53.360000,51.720000
2024-09-06,50.680000,55.400000
2024-09-09,54.320000,51.960000
2024-09-10,51.320000,50.960000
2024-09-11,50.280000,48.760000
2024-09-12,49.360000,48.440000
2024-09-13,48.640000,48.240000
2024-09-16,48.520000,48.560000
2024-09-17,48.600000,49.800000
2024-09-18,49.520000,49.200000
2024-09-19,47.400000,47.360000
2024-09-20,47.560000,47.040000
2024-09-23,46.560000,47.200000
2024-09-24,46.920000,47.240000
2024-09-25,47.440000,47.760000
2024-09-26,47.600000,47.800000
2024-09-27,47.840000,50.020000
2024-09-30,50.240000,49.000000
2024-10-01,49.080000,52.840000
2024-10-02,52.920000,52.000000
2024-10-03,53.280000,54.280000
2024-10-04,53.080000,52.360000
2024-10-07,53.200000,56.920000
2024-10-08,55.040000,54.680000
2024-10-09,54.280000,53.280000
2024-10-10,53.760000,54.000000
2024-10-11,54.200000,53.440000
2024-10-14,52.640000,51.560000
2024-10-15,50.600000,53.120000
2024-10-16,53.080000,52.680000
2024-10-17,52.120000,51.800000
2024-10-18,51.400000,50.600000
2024-10-21,50.920000,50.640000
2024-10-22,51.400000,50.520000
2024-10-23,51.120000,53.000000
2024-10-24,52.000000,52.120000
2024-10-25,51.600000,54.520000
2024-10-28,52.280000,52.040000
2024-10-29,52.240000,51.760000
2024-10-30,52.240000,52.960000
2024-10-31,54.400000,57.200000
2024-11-01,55.640000,56.200000
2024-11-04,55.560000,53.720000
2024-11-05,53.000000,50.880000
2024-11-06,45.711200,45.760000
2024-11-07,45.030000,44.360000
2024-11-08,44.400000,44.170000
2024-11-11,43.750000,44.070000
2024-11-12,44.270000,43.980000
2024-11-13,43.690000,42.920000
2024-11-14,42.730000,42.880000
2024-11-15,43.580000,45.870000
2024-11-18,45.540000,44.200000
2024-11-19,46.812400,45.800000
2024-11-20,45.840000,47.320000
2024-11-21,45.920000,46.970000
2024-11-22,46.690000,45.040000
2024-11-25,43.740000,43.460000
2024-11-26,43.460000,43.010000
2024-11-27,43.030000,42.820000
2024-11-29,42.395000,41.990000
2024-12-02,41.990000,41.950000
2024-12-03,42.000000,41.460000
2024-12-04,41.010000,41.710000
2024-12-05,41.990000,41.790000
2024-12-06,41.030000,41.090000
2024-12-09,41.110000,41.980000
2024-12-10,41.700000,41.920000
2024-12-11,40.920000,41.440000
2024-12-12,41.580000,41.920000
2024-12-13,41.330000,41.760000
2024-12-16,41.680000,42.610000
2024-12-17,43.130000,43.580000
2024-12-18,43.250000,50.960000
2024-12-19,48.590000,55.310000
2024-12-20,54.820000,47.030000
2024-12-23,46.370000,44.060000
2024-12-24,43.260000,41.560000
2024-12-26,42.220000,41.810000
2024-12-27,42.620000,43.810000
2024-12-30,46.130000,44.730000
2024-12-31,44.060000,45.020000
2025-01-02,44.210000,45.960000
2025-01-03,45.250000,43.490000
2025-01-06,43.060000,43.160000
2025-01-07,42.670000,45.820000
2025-01-08,46.290000,45.520000
2025-01-10,47.340000,48.650000
2025-01-13,50.240000,47.670000
2025-01-14,46.830000,46.730000
2025-01-15,44.500000,42.820000
2025-01-16,42.770000,42.900000
2025-01-17,42.170000,43.140000
2025-01-21,42.280000,41.380000
2025-01-22,41.310000,41.960000
2025-01-23,41.780000,41.180000
2025-01-24,40.920000,41.060000
2025-01-27,46.000000,43.770000
2025-01-28,43.290000,42.310000
2025-01-29,42.220000,42.030000
2025-01-30,41.580000,41.870000
2025-01-31,41.490000,43.370000
2025-02-03,46.450000,44.210000
2025-02-04,43.650000,42.990000
2025-02-05,43.080000,42.030000
2025-02-06,41.740000,41.790000
2025-02-07,41.500000,43.210000
2025-02-10,42.350000,42.110000
2025-02-11,42.440000,42.270000
2025-02-12,43.140000,42.030000
2025-02-13,41.890000,41.330000
2025-02-14,41.290000,41.180000
2025-02-18,40.950000,40.890000
2025-02-19,41.270000,40.500000
2025-02-20,40.480000,40.730000
2025-02-21,40.770000,43.560000
2025-02-24,42.860000,43.840000
2025-02-25,44.110000,44.160000
2025-02-26,43.680000,43.230000
2025-02-27,42.700000,45.670000
2025-02-28,46.070000,44.770000
2025-03-03,43.990000,48.450000
2025-03-04,50.625000,49.700000
2025-03-05,49.360000,47.420000
2025-03-06,50.481200,52.680000
2025-03-07,52.520000,50.290000
2025-03-10,53.110000,55.770000
2025-03-11,56.060000,55.760000
2025-03-12,53.630000,52.900000
2025-03-13,53.260000,55.210000
2025-03-14,53.400000,50.380000
2025-03-17,49.930000,48.490000
2025-03-18,48.220000,49.830000
2025-03-19,49.360000,48.130000
2025-03-20,49.090000,47.330000
2025-03-21,48.280000,47.360000
2025-03-24,45.680000,44.310000
2025-03-25,44.010000,44.670000
2025-03-26,44.130000,46.030000
2025-03-27,46.430000,46.330000
2025-03-28,47.000000,50.480000
2025-03-31,53.330000,50.260000
2025-04-01,51.070000,50.330000
2025-04-02,52.420000,48.950000
2025-04-03,56.394000,60.950000
2025-04-04,68.450000,73.120000
2025-04-07,80.050000,73.520000
2025-04-08,66.210000,82.830000
2025-04-09,85.350000,65.500000
2025-04-10,70.340000,77.910000
2025-04-11,80.000000,75.690000
2025-04-14,68.840000,67.000000
2025-04-15,67.160000,66.500000
2025-04-16,69.220000,72.050000
2025-04-17,70.350000,69.960000
2025-04-21,70.860000,74.100000
2025-04-22,71.560000,69.580000
2025-04-23,65.980000,67.110000
2025-04-24,66.430000,64.840000
2025-04-25,64.420000,61.910000
2025-04-28,61.240000,62.340000
2025-04-29,62.930000,61.720000
2025-04-30,63.870000,63.140000
2025-05-01,61.370000,62.200000
2025-05-02,60.800000,59.570000
2025-05-05,60.770000,60.790000
2025-05-06,62.510000,63.150000
2025-05-07,62.480000,61.550000
2025-05-08,60.390000,59.150000
2025-05-09,58.830000,58.720000
2025-05-12,54.030000,51.100000
2025-05-13,50.180000,50.500000
2025-05-14,50.660000,51.730000
2025-05-15,52.270000,50.860000
2025-05-16,50.440000,51.290000
2025-05-19,53.000000,51.290000
2025-05-20,51.200000,50.830000
2025-05-21,52.060000,54.350000
2025-05-22,54.640000,53.930000
2025-05-23,57.690000,57.470000
2025-05-27,53.860000,51.720000
2025-05-28,51.620000,52.240000
2025-05-29,50.990000,52.310000
2025-05-30,53.040000,52.770000
2025-06-02,53.150000,52.000000
2025-06-03,51.810000,50.910000
2025-06-04,50.810000,51.060000
2025-06-05,50.310000,52.000000
2025-06-06,50.510000,49.780000
2025-06-09,49.300000,49.110000
2025-06-10,49.070000,48.940000
2025-06-11,48.080000,49.160000
2025-06-12,49.940000,49.960000
2025-06-13,52.370000,53.810000
2025-06-16,51.750000,49.810000
2025-06-17,51.040000,52.830000
2025-06-18,53.010000,51.580000
2025-06-20,51.100000,52.160000
2025-06-23,52.160000,51.410000
2025-06-24,48.870000,47.750000
2025-06-25,47.450000,47.390000
2025-06-26,47.300000,47.190000
2025-06-27,46.760000,47.130000
2025-06-30,46.500000,46.880000
2025-07-01,47.250000,46.810000
2025-07-02,46.890000,46.670000
2025-07-03,45.890000,46.290000
2025-07-07,46.940000,46.860000
2025-07-08,45.930000,45.800000
2025-07-09,44.620000,44.200000
2025-07-10,43.990000,43.860000
2025-07-11,44.810000,44.070000
2025-07-14,44.540000,44.740000
2025-07-15,43.790000,44.410000
2025-07-16,44.350000,44.820000
2025-07-17,44.610000,44.620000
2025-07-18,44.150000,43.960000
2025-07-21,43.500000,43.700000
2025-07-22,43.530000,43.550000
2025-07-23,42.880000,41.770000
2025-07-24,41.460000,41.610000
2025-07-25,41.670000,41.230000
2025-07-28,40.400000,40.100000
2025-07-29,39.690000,41.040000
2025-07-30,40.920000,41.240000
2025-07-31,40.390000,41.490000
2025-08-01,43.400000,44.760000
2025-08-04,43.590000,41.730000
2025-08-05,41.630000,42.160000
2025-08-06,42.060000,40.860000
2025-08-07,40.280000,41.180000
2025-08-08,40.500000,39.760000
2025-08-11,39.640000,39.950000
2025-08-12,39.200000,38.250000
2025-08-13,37.750000,38.030000
2025-08-14,38.740000,38.140000
2025-08-15,37.930000,37.970000
2025-08-18,37.960000,37.110000
2025-08-19,36.700000,37.850000
2025-08-20,37.950000,37.610000
2025-08-21,38.190000,38.185000
2025-08-22,37.970000,35.190000
2025-08-25,35.430000,35.130000
2025-08-26,35.460000,34.940000
2025-08-27,35.020000,35.090000
2025-08-28,34.600000,34.550000
2025-08-29,34.510000,35.260000
2025-09-02,37.140000,36.350000
2025-09-03,36.190000,35.500000
2025-09-04,35.260000,34.460000
2025-09-05,33.660000,34.495000
2025-09-08,34.160000,33.880000
2025-09-09,34.090000,33.710000
2025-09-10,33.340000,33.580000
2025-09-11,33.010000,32.730000
2025-09-12,32.760000,32.680000
2025-09-15,32.380000,33.080000
2025-09-16,33.140000,33.580000
2025-09-17,33.310000,32.365000
2025-09-18,31.820000,32.250000
2025-09-19,32.030000,32.340000
2025-09-22,32.530000,32.880000
2025-09-23,32.770000,33.250000
2025-09-24,33.050000,32.830000
2025-09-25,33.590000,33.270000
2025-09-26,32.970000,31.990000
2025-09-29,31.820000,32.400000
2025-09-30,32.570000,32.300000
2025-10-01,32.480000,32.100000
2025-10-02,31.930000,32.470000
2025-10-03,32.330000,32.240000
2025-10-06,32.100000,32.160000
2025-10-07,32.010000,32.790000
2025-10-08,32.630000,32.290000
2025-10-09,32.140000,32.370000
2025-10-10,32.370000,36.380000
2025-10-13,34.500000,33.720000
2025-10-14,35.590000,35.140000
2025-10-15,34.220000,35.520000
2025-10-16,35.200000,38.950000
2025-10-17,38.220000,35.730000
2025-10-20,34.780000,33.010000
2025-10-21,33.370000,32.840000
2025-10-22,33.010000,33.230000
2025-10-23,33.460000,32.600000
2025-10-24,31.760000,32.220000
2025-10-27,31.100000,31.160000
2025-10-28,31.130000,32.040000
2025-10-29,31.750000,32.650000
2025-10-30,32.380000,32.910000
2025-10-31,32.140000,33.030000
2025-11-03,32.630000,32.670000
2025-11-04,34.000000,33.900000
2025-11-05,33.940000,32.600000
2025-11-06,32.910000,34.010000
2025-11-07,34.910000,33.690000
2025-11-10,32.410000,31.930000
2025-11-11,31.980000,31.840000
2025-11-12,31.620000,32.030000
2025-11-13,32.350000,34.160000
2025-11-14,35.170000,33.590000
2025-11-17,34.160000,35.300000
2025-11-18,36.380000,36.750000
2025-11-19,36.500000,35.820000
2025-11-20,33.350000,38.200000
2025-11-21,37.240000,36.250000
2025-11-24,35.710000,33.660000
2025-11-25,33.665000,32.760000
2025-11-26,32.320000,31.840000
2025-11-28,31.680000,31.130000
2025-12-01,31.820000,31.150000
2025-12-02,30.820000,30.600000
2025-12-03,30.980000,30.430000
2025-12-04,30.220000,30.160000
2025-12-05,30.020000,29.790000
2025-12-08,29.770000,30.100000
2025-12-09,30.360000,30.280000
2025-12-10,30.420000,29.060000
2025-12-11,29.400000,28.650000
2025-12-12,28.470000,28.720000
2025-12-15,28.380000,28.690000
2025-12-16,28.770000,28.570000
2025-12-17,28.480000,29.060000
2025-12-18,28.350000,28.110000
2025-12-19,27.860000,27.050000
2025-12-22,26.470000,26.120000
2025-12-23,26.350000,26.220000
2025-12-24,26.160000,26.190000
2025-12-26,26.050000,26.140000
2025-12-29,26.410000,25.860000
2025-12-30,25.750000,25.470000
2025-12-31,25.490000,25.640000
2026-01-02,25.230000,25.210000
2026-01-05,25.100000,25.570000
2026-01-06,25.530000,25.260000
2026-01-07,25.310000,25.680000
2026-01-08,25.780000,25.340000
2026-01-09,25.320000,24.980000
2026-01-12,25.480000,25.030000
2026-01-13,24.920000,25.630000
2026-01-14,26.290000,26.260000
2026-01-15,25.460000,25.480000
2026-01-16,25.350000,25.600000
2026-01-20,27.860000,28.460000
2026-01-21,27.290000,25.840000
2026-01-22,25.480000,25.220000
2026-01-23,25.530000,25.680000
2026-01-26,25.660000,25.630000
2026-01-27,25.610000,26.090000
2026-01-28,25.950000,26.090000
2026-01-29,26.440000,26.270000
2026-01-30,26.600000,26.710000
2026-02-02,26.450000,25.280000
2026-02-03,25.510000,26.370000
2026-02-04,26.220000,26.750000
2026-02-05,27.820000,28.420000
2026-02-06,27.590000,26.710000
2026-02-09,26.570000,25.810000
2026-02-10,25.860000,26.340000
2026-02-11,25.730000,26.240000
2026-02-12,26.010000,27.900000
2026-02-13,27.860000,28.310000
2026-02-17,28.520000,27.300000
2026-02-18,27.410000,27.370000
2026-02-19,28.050000,28.050000
2026-02-20,28.500000,27.400000
2026-02-23,27.510000,28.470000
2026-02-24,28.435000,27.580000
2026-02-25,27.040000,26.540000
2026-02-26,26.330000,26.810000
2026-02-27,28.220000,27.860000
2026-03-02,29.610000,28.220000
2026-03-03,30.505000,29.530000
2026-03-04,29.230000,28.530000
2026-03-05,29.365000,30.350000
2026-03-06,32.720000,34.450000
2026-03-09,34.910000,31.170000
2026-03-10,31.305000,32.680000
2026-03-11,32.130000,31.190000
2026-03-12,32.700000,33.320000
2026-03-13,32.490000,33.880000
2026-03-16,32.710000,31.330000
2026-03-17,30.850000,30.880000
2026-03-18,31.850000,33.590000
2026-03-19,35.130000,32.650000
2026-03-20,32.805000,34.970000
2026-03-23,32.440000,33.140000
2026-03-24,34.150000,33.840000
2026-03-25,32.950000,33.210000
2026-03-26,33.870000,35.490000
2026-03-27,36.070000,38.230000
2026-03-30,36.610000,37.880000
2026-03-31,36.170000,34.350000
2026-04-01,33.860000,33.570000
2026-04-02,35.670000,33.530000
2026-04-06,33.630000,32.710000
2026-04-07,33.510000,33.860000
2026-04-08,30.490000,30.510000
2026-04-09,30.810000,29.400000
2026-04-10,29.250000,29.750000
2026-04-13,30.160000,28.620000
2026-04-14,27.890000,28.110000
2026-04-15,28.020000,28.330000
2026-04-16,28.340000,28.290000
2026-04-17,27.620000,27.930000
2026-04-20,28.330000,28.390000
2026-04-21,28.300000,28.910000
2026-04-22,28.160000,28.540000
2026-04-23,28.660000,28.510000
2026-04-24,28.370000,28.770000
2026-04-27,28.590000,27.810000
2026-04-28,28.290000,27.390000
2026-04-29,27.460000,28.010000
2026-04-30,27.690000,27.220000
2026-05-01,26.960000,27.430000
2026-05-04,27.350000,27.720000
2026-05-05,27.220000,27.700000
2026-05-06,26.990000,27.090000
2026-05-07,26.870000,26.850000
2026-05-08,26.820000,27.050000
2026-05-11,27.080000,27.410000
2026-05-12,27.690000,26.770000
2026-05-13,26.930000,27.330000
2026-05-14,27.170000,26.680000
2026-05-15,27.520000,26.930000
2026-05-18,26.550000,26.300000
2026-05-19,26.590000,26.620000
2026-05-20,26.440000,26.020000
2026-05-21,26.280000,25.290000
2026-05-22,25.440000,25.430000
2026-05-26,24.850000,24.640000
2026-05-27,24.590000,24.130000
2026-05-28,24.300000,23.700000
2026-05-29,23.440000,23.290000
2026-06-01,23.590000,23.850000
2026-06-02,23.570000,23.460000
2026-06-03,23.640000,23.520000
2026-06-04,23.680000,22.670000
2026-06-05,22.930000,24.310000
2026-06-08,23.660000,23.910000
2026-06-09,23.580000,24.270000
2026-06-10,24.810000,25.680000
2026-06-11,25.460000,24.410000
2026-06-12,24.050000,23.290000
2026-06-15,22.200000,21.700000
2026-06-16,21.740000,21.820000
2026-06-17,21.580000,22.700000
2026-06-18,21.930000,21.900000
2026-06-22,21.470000,21.850000
2026-06-23,23.000000,22.980000
2026-06-24,22.810000,22.910000
2026-06-25,22.020000,22.480000
2026-06-26,23.180000,22.620000
2026-06-29,22.030000,21.700000
2026-06-30,21.780000,21.290000
2026-07-01,21.510000,21.520000
2026-07-02,21.260000,21.230000
2026-07-06,20.940000,20.650000
2026-07-07,20.690000,20.870000
2026-07-08,21.330000,21.230000
2026-07-09,21.080000,20.810000
2026-07-10,20.750000,20.340000
2026-07-13,20.590000,21.020000
2026-07-14,20.660000,20.660000
2026-07-15,20.430000,20.060000
2026-07-16,20.290000,20.560000
2026-07-17,21.890000,21.650000
2026-07-20,20.890000,21.230000
2026-07-21,20.770000,20.660000
2026-07-22,20.770000,20.720000
2026-07-23,21.950000,21.780000
2026-07-24,21.610000,21.440000
2026-07-27,20.970000,21.380000
2026-07-28,21.320000,21.240000
2026-07-29,21.530000,22.530000
2026-07-30,21.620000,21.070000
2026-07-31,20.810000,20.510000
2026-08-03,20.210000,20.350000
2026-08-04,19.975000,20.450000
2026-08-05,20.530000,19.770000
2026-08-06,19.910000,19.530000
2026-08-07,19.580000,19.560000
2026-08-10,19.490000,19.550000
2026-08-11,19.490000,19.300000
2026-08-12,19.150000,18.770000
2026-08-13,18.690000,18.860000
2026-08-14,18.710000,18.630000
2026-08-17,18.620000,18.820000
2026-08-18,18.910000,18.860000
2026-08-19,18.620000,18.310000
2026-08-20,18.540000,18.440000
2026-08-21,18.250000,18.210000
2026-08-24,18.110000,18.240000
2026-08-25,18.100000,18.010000
2026-08-26,17.950000,17.830000
2026-08-27,17.800000,17.350000
2026-08-28,17.560000,17.660000
2026-08-31,17.720000,17.280000
