d,c
1980-03-17,3.145833
1980-03-18,3.031250
1980-03-19,3.041667
1980-03-20,3.010417
1980-03-21,2.916667
1980-03-24,2.666667
1980-03-25,2.604167
1980-03-26,2.447917
1980-03-27,2.375000
1980-03-28,2.541667
1980-03-31,2.541667
1980-04-01,2.739583
1980-04-02,2.625000
1980-04-03,2.635417
1980-04-07,2.541667
1980-04-08,2.593750
1980-04-09,2.666667
1980-04-10,2.739583
1980-04-11,2.635417
1980-04-14,2.562500
1980-04-15,2.562500
1980-04-16,2.354167
1980-04-17,2.427083
1980-04-18,2.322917
1980-04-21,2.291667
1980-04-22,2.562500
1980-04-23,2.614583
1980-04-24,2.781250
1980-04-25,2.708333
1980-04-28,2.729167
1980-04-29,2.666667
1980-04-30,2.552083
1980-05-01,2.458333
1980-05-02,2.468750
1980-05-05,2.604167
1980-05-06,2.687500
1980-05-07,2.687500
1980-05-08,2.604167
1980-05-09,2.541667
1980-05-12,2.614583
1980-05-13,2.687500
1980-05-14,2.770833
1980-05-15,2.729167
1980-05-16,2.666667
1980-05-19,2.687500
1980-05-20,2.750000
1980-05-21,2.781250
1980-05-22,2.916667
1980-05-23,2.989583
1980-05-27,3.010417
1980-05-28,3.145833
1980-05-29,3.083333
1980-05-30,3.166667
1980-06-02,3.104167
1980-06-03,3.020833
1980-06-04,3.072917
1980-06-05,3.020833
1980-06-06,3.000000
1980-06-09,2.864583
1980-06-10,2.968750
1980-06-11,3.052083
1980-06-12,3.093750
1980-06-13,3.093750
1980-06-16,3.031250
1980-06-17,3.062500
1980-06-18,3.020833
1980-06-19,2.968750
1980-06-20,2.927083
1980-06-23,2.937500
1980-06-24,2.937500
1980-06-25,3.072917
1980-06-26,3.020833
1980-06-27,3.041667
1980-06-30,3.041667
1980-07-01,3.072917
1980-07-02,3.177083
1980-07-03,3.343750
1980-07-07,3.458333
1980-07-08,3.385417
1980-07-09,3.437500
1980-07-10,3.500000
1980-07-11,3.614583
1980-07-14,3.729167
1980-07-15,3.708333
1980-07-16,3.614583
1980-07-17,3.645833
1980-07-18,3.614583
1980-07-21,3.572917
1980-07-22,3.572917
1980-07-23,3.562500
1980-07-24,3.583333
1980-07-25,3.510417
1980-07-28,3.520833
1980-07-29,3.739583
1980-07-30,4.031250
1980-07-31,4.135417
1980-08-01,4.260417
1980-08-04,4.312500
1980-08-05,4.364583
1980-08-06,4.239583
1980-08-07,4.218750
1980-08-08,4.270833
1980-08-11,4.416667
1980-08-12,4.354167
1980-08-13,4.270833
1980-08-14,4.385417
1980-08-15,4.333333
1980-08-18,4.104167
1980-08-19,3.947917
1980-08-20,4.166667
1980-08-21,4.416667
1980-08-22,4.562500
1980-08-25,4.520833
1980-08-26,4.635417
1980-08-27,4.479167
1980-08-28,4.375000
1980-08-29,4.270833
1980-09-02,4.239583
1980-09-03,4.437500
1980-09-04,4.479167
1980-09-05,4.531250
1980-09-08,4.302083
1980-09-09,4.354167
1980-09-10,4.416667
1980-09-11,4.500000
1980-09-12,4.395833
1980-09-15,4.312500
1980-09-16,4.500000
1980-09-17,4.677083
1980-09-18,4.739583
1980-09-19,5.031250
1980-09-22,5.250000
1980-09-23,5.427083
1980-09-24,5.708333
1980-09-25,5.572917
1980-09-26,5.114583
1980-09-29,4.833333
1980-09-30,5.177083
1980-10-01,5.041667
1980-10-02,4.968750
1980-10-03,5.177083
1980-10-06,5.375000
1980-10-07,5.437500
1980-10-08,5.437500
1980-10-09,5.531250
1980-10-10,5.166667
1980-10-13,5.375000
1980-10-14,5.291667
1980-10-15,5.270833
1980-10-16,5.187500
1980-10-17,5.093750
1980-10-20,5.104167
1980-10-21,5.114583
1980-10-22,5.187500
1980-10-23,5.052083
1980-10-24,5.250000
1980-10-27,4.916667
1980-10-28,5.000000
1980-10-29,5.041667
1980-10-30,4.520833
1980-10-31,4.791667
1980-11-03,4.833333
1980-11-05,5.416667
1980-11-06,5.166667
1980-11-07,5.145833
1980-11-10,5.354167
1980-11-11,5.520833
1980-11-12,5.666667
1980-11-13,6.041667
1980-11-14,6.333333
1980-11-17,6.583333
1980-11-18,6.833333
1980-11-19,7.083333
1980-11-20,7.333333
1980-11-21,6.791667
1980-11-24,7.000000
1980-11-25,6.854167
1980-11-26,6.916667
1980-11-28,6.958333
1980-12-01,6.937500
1980-12-02,6.687500
1980-12-03,6.541667
1980-12-04,6.666667
1980-12-05,6.250000
1980-12-08,5.833333
1980-12-09,6.166667
1980-12-10,5.604167
1980-12-11,5.729167
1980-12-12,5.854167
1980-12-15,5.916667
1980-12-16,5.583333
1980-12-17,5.333333
1980-12-18,5.270833
1980-12-19,4.958333
1980-12-22,5.041667
1980-12-23,5.354167
1980-12-24,5.645833
1980-12-26,5.687500
1980-12-29,5.479167
1980-12-30,5.687500
1980-12-31,5.750000
1981-01-02,5.875000
1981-01-05,5.437500
1981-01-06,5.312500
1981-01-07,5.187500
1981-01-08,4.937500
1981-01-09,4.541667
1981-01-12,4.666667
1981-01-13,4.583333
1981-01-14,4.625000
1981-01-15,4.687500
1981-01-16,4.729167
1981-01-19,4.812500
1981-01-20,4.562500
1981-01-21,4.604167
1981-01-22,4.562500
1981-01-23,4.375000
1981-01-26,4.083333
1981-01-27,4.145833
1981-01-28,4.125000
1981-01-29,4.125000
1981-01-30,3.937500
1981-02-02,3.479167
1981-02-03,4.000000
1981-02-04,4.041667
1981-02-05,4.145833
1981-02-06,4.291667
1981-02-09,4.104167
1981-02-10,3.979167
1981-02-11,3.916667
1981-02-12,3.812500
1981-02-13,3.770833
1981-02-17,3.875000
1981-02-18,3.895833
1981-02-19,3.791667
1981-02-20,3.708333
1981-02-23,3.854167
1981-02-24,3.916667
1981-02-25,3.750000
1981-02-26,3.666667
1981-02-27,3.875000
1981-03-02,4.083333
1981-03-03,4.000000
1981-03-04,3.958333
1981-03-05,3.750000
1981-03-06,3.833333
1981-03-09,3.854167
1981-03-10,3.812500
1981-03-11,3.791667
1981-03-12,4.083333
1981-03-13,3.958333
1981-03-16,4.229167
1981-03-17,4.187500
1981-03-18,4.166667
1981-03-19,4.104167
1981-03-20,4.166667
1981-03-23,4.333333
1981-03-24,4.395833
1981-03-25,4.520833
1981-03-26,4.458333
1981-03-27,4.291667
1981-03-30,4.229167
1981-03-31,4.354167
1981-04-01,4.250000
1981-04-02,4.125000
1981-04-03,4.062500
1981-04-06,4.083333
1981-04-07,4.145833
1981-04-08,4.229167
1981-04-09,4.333333
1981-04-10,4.416667
1981-04-13,4.604167
1981-04-14,4.562500
1981-04-15,4.645833
1981-04-16,4.791667
1981-04-20,5.145833
1981-04-21,4.770833
1981-04-22,4.875000
1981-04-23,4.958333
1981-04-24,4.937500
1981-04-27,4.791667
1981-04-28,4.666667
1981-04-29,4.583333
1981-04-30,4.562500
1981-05-01,4.437500
1981-05-04,4.312500
1981-05-05,4.312500
1981-05-06,4.458333
1981-05-07,4.541667
1981-05-08,4.562500
1981-05-11,4.458333
1981-05-12,4.729167
1981-05-13,4.541667
1981-05-14,4.479167
1981-05-15,4.541667
1981-05-18,4.625000
1981-05-19,4.562500
1981-05-20,4.520833
1981-05-21,4.541667
1981-05-22,4.458333
1981-05-26,4.583333
1981-05-27,4.562500
1981-05-28,4.833333
1981-05-29,4.750000
1981-06-01,4.666667
1981-06-02,4.416667
1981-06-03,4.291667
1981-06-04,4.250000
1981-06-05,4.375000
1981-06-08,4.354167
1981-06-09,4.229167
1981-06-10,4.312500
1981-06-11,4.458333
1981-06-12,4.458333
1981-06-15,4.437500
1981-06-16,4.020833
1981-06-17,4.250000
1981-06-18,4.062500
1981-06-19,4.062500
1981-06-22,3.833333
1981-06-23,3.895833
1981-06-24,3.854167
1981-06-25,3.895833
1981-06-26,4.125000
1981-06-29,4.041667
1981-06-30,3.916667
1981-07-01,3.833333
1981-07-02,3.583333
1981-07-06,3.708333
1981-07-07,3.708333
1981-07-08,3.541667
1981-07-09,3.687500
1981-07-10,3.541667
1981-07-13,3.604167
1981-07-14,3.500000
1981-07-15,3.604167
1981-07-16,3.625000
1981-07-17,3.645833
1981-07-20,3.604167
1981-07-21,3.583333
1981-07-22,3.604167
1981-07-23,3.625000
1981-07-24,3.604167
1981-07-27,3.541667
1981-07-28,3.416667
1981-07-29,3.458333
1981-07-30,3.437500
1981-07-31,3.333333
1981-08-03,3.270833
1981-08-04,3.250000
1981-08-05,3.375000
1981-08-06,3.270833
1981-08-07,3.229167
1981-08-10,3.208333
1981-08-11,3.333333
1981-08-12,3.250000
1981-08-13,3.375000
1981-08-14,3.479167
1981-08-17,3.479167
1981-08-18,3.520833
1981-08-19,3.479167
1981-08-20,3.416667
1981-08-21,3.291667
1981-08-24,3.145833
1981-08-25,3.208333
1981-08-26,3.187500
1981-08-27,3.104167
1981-08-28,3.145833
1981-08-31,3.062500
1981-09-01,3.062500
1981-09-02,3.145833
1981-09-03,2.958333
1981-09-04,2.979167
1981-09-08,2.895833
1981-09-09,2.895833
1981-09-10,3.104167
1981-09-11,3.145833
1981-09-14,3.041667
1981-09-15,3.000000
1981-09-16,2.833333
1981-09-17,2.687500
1981-09-18,2.750000
1981-09-21,2.729167
1981-09-22,2.604167
1981-09-23,2.500000
1981-09-24,2.583333
1981-09-25,2.458333
1981-09-28,2.791667
1981-09-29,2.666667
1981-09-30,2.708333
1981-10-01,2.770833
1981-10-02,2.979167
1981-10-05,3.000000
1981-10-06,2.895833
1981-10-07,2.875000
1981-10-08,2.895833
1981-10-09,2.937500
1981-10-12,3.020833
1981-10-13,3.270833
1981-10-14,3.104167
1981-10-15,3.187500
1981-10-16,3.125000
1981-10-19,3.145833
1981-10-20,3.166667
1981-10-21,3.291667
1981-10-22,3.125000
1981-10-23,2.979167
1981-10-26,3.020833
1981-10-27,3.062500
1981-10-28,3.291667
1981-10-29,3.208333
1981-10-30,3.291667
1981-11-02,3.395833
1981-11-03,3.437500
1981-11-04,3.437500
1981-11-05,3.333333
1981-11-06,3.229167
1981-11-09,3.229167
1981-11-10,3.125000
1981-11-11,3.104167
1981-11-12,3.125000
1981-11-13,2.875000
1981-11-16,2.875000
1981-11-17,2.854167
1981-11-18,2.833333
1981-11-19,2.833333
1981-11-20,2.895833
1981-11-23,2.854167
1981-11-24,2.979167
1981-11-25,2.895833
1981-11-27,2.729167
1981-11-30,2.833333
1981-12-01,2.958333
1981-12-02,3.083333
1981-12-03,3.062500
1981-12-04,3.041667
1981-12-07,3.000000
1981-12-08,2.895833
1981-12-09,2.895833
1981-12-10,2.958333
1981-12-11,2.979167
1981-12-14,2.875000
1981-12-15,2.937500
1981-12-16,2.895833
1981-12-17,2.958333
1981-12-18,3.000000
1981-12-21,3.000000
1981-12-22,2.979167
1981-12-23,3.020833
1981-12-24,3.020833
1981-12-28,3.000000
1981-12-29,2.979167
1981-12-30,2.937500
1981-12-31,2.937500
1982-01-04,2.979167
1982-01-05,2.895833
1982-01-06,2.812500
1982-01-07,2.770833
1982-01-08,2.770833
1982-01-11,2.708333
1982-01-12,2.708333
1982-01-13,2.645833
1982-01-14,2.583333
1982-01-15,2.666667
1982-01-18,2.833333
1982-01-19,2.770833
1982-01-20,2.812500
1982-01-21,2.833333
1982-01-22,2.875000
1982-01-25,2.895833
1982-01-26,3.041667
1982-01-27,3.104167
1982-01-28,3.187500
1982-01-29,3.270833
1982-02-01,3.187500
1982-02-02,3.270833
1982-02-03,3.104167
1982-02-04,2.979167
1982-02-05,3.145833
1982-02-08,3.000000
1982-02-09,2.958333
1982-02-10,2.916667
1982-02-11,2.916667
1982-02-12,2.916667
1982-02-16,3.041667
1982-02-17,3.000000
1982-02-18,3.000000
1982-02-19,2.958333
1982-02-22,2.833333
1982-02-23,2.958333
1982-02-24,2.979167
1982-02-25,3.125000
1982-02-26,3.125000
1982-03-01,3.270833
1982-03-02,3.270833
1982-03-03,3.125000
1982-03-04,3.270833
1982-03-05,3.250000
1982-03-08,3.145833
1982-03-09,3.041667
1982-03-10,3.104167
1982-03-11,3.187500
1982-03-12,3.145833
1982-03-15,3.312500
1982-03-16,3.333333
1982-03-17,3.375000
1982-03-18,3.666667
1982-03-19,3.791667
1982-03-22,3.875000
1982-03-23,3.708333
1982-03-24,3.666667
1982-03-25,3.708333
1982-03-26,3.666667
1982-03-29,3.729167
1982-03-30,3.729167
1982-03-31,3.750000
1982-04-01,3.791667
1982-04-02,3.916667
1982-04-05,3.895833
1982-04-06,3.854167
1982-04-07,3.895833
1982-04-08,4.000000
1982-04-12,4.062500
1982-04-13,4.104167
1982-04-14,3.958333
1982-04-15,4.083333
1982-04-16,4.062500
1982-04-19,4.041667
1982-04-20,3.854167
1982-04-21,3.895833
1982-04-22,4.000000
1982-04-23,4.104167
1982-04-26,4.062500
1982-04-27,3.937500
1982-04-28,4.104167
1982-04-29,4.145833
1982-04-30,4.166667
1982-05-03,4.270833
1982-05-04,4.270833
1982-05-05,4.229167
1982-05-06,4.208333
1982-05-07,4.250000
1982-05-10,4.250000
1982-05-11,4.354167
1982-05-12,4.250000
1982-05-13,4.354167
1982-05-14,4.500000
1982-05-17,4.333333
1982-05-18,4.166667
1982-05-19,4.125000
1982-05-20,4.041667
1982-05-21,4.083333
1982-05-24,4.104167
1982-05-25,4.041667
1982-05-26,3.854167
1982-05-27,3.895833
1982-05-28,3.916667
1982-06-01,3.958333
1982-06-02,4.000000
1982-06-03,4.020833
1982-06-04,3.770833
1982-06-07,3.812500
1982-06-08,3.833333
1982-06-09,3.729167
1982-06-10,3.812500
1982-06-11,4.020833
1982-06-14,3.958333
1982-06-15,3.791667
1982-06-16,3.854167
1982-06-17,3.812500
1982-06-18,3.729167
1982-06-21,3.750000
1982-06-22,3.958333
1982-06-23,4.166667
1982-06-24,3.895833
1982-06-25,3.895833
1982-06-28,4.000000
1982-06-29,4.041667
1982-06-30,4.041667
1982-07-01,3.937500
1982-07-02,3.895833
1982-07-06,3.895833
1982-07-07,3.916667
1982-07-08,3.854167
1982-07-09,3.916667
1982-07-12,3.958333
1982-07-13,4.208333
1982-07-14,4.375000
1982-07-15,4.291667
1982-07-16,4.375000
1982-07-19,4.333333
1982-07-20,4.500000
1982-07-21,4.458333
1982-07-22,4.500000
1982-07-23,4.520833
1982-07-26,4.458333
1982-07-27,4.416667
1982-07-28,4.458333
1982-07-29,4.541667
1982-07-30,4.208333
1982-08-02,4.270833
1982-08-03,4.333333
1982-08-04,4.187500
1982-08-05,3.937500
1982-08-06,3.875000
1982-08-09,3.833333
1982-08-10,3.729167
1982-08-11,3.708333
1982-08-12,3.541667
1982-08-13,3.500000
1982-08-16,3.520833
1982-08-17,4.000000
1982-08-18,3.770833
1982-08-19,3.791667
1982-08-20,4.000000
1982-08-23,4.270833
1982-08-24,4.375000
1982-08-25,4.541667
1982-08-26,4.833333
1982-08-27,4.750000
1982-08-30,5.083333
1982-08-31,5.041667
1982-09-01,4.791667
1982-09-02,5.062500
1982-09-03,5.187500
1982-09-07,5.041667
1982-09-08,5.062500
1982-09-09,4.791667
1982-09-10,4.875000
1982-09-13,4.895833
1982-09-14,5.041667
1982-09-15,4.979167
1982-09-16,4.895833
1982-09-17,4.645833
1982-09-20,4.645833
1982-09-21,4.895833
1982-09-22,4.916667
1982-09-23,5.000000
1982-09-24,4.750000
1982-09-27,4.645833
1982-09-28,4.604167
1982-09-29,4.437500
1982-09-30,4.437500
1982-10-01,4.500000
1982-10-04,4.437500
1982-10-05,4.437500
1982-10-06,4.895833
1982-10-07,5.104167
1982-10-08,5.125000
1982-10-11,5.229167
1982-10-12,4.937500
1982-10-13,5.208333
1982-10-14,5.145833
1982-10-15,5.291667
1982-10-18,5.541667
1982-10-19,5.625000
1982-10-20,5.791667
1982-10-21,5.979167
1982-10-22,6.125000
1982-10-25,5.520833
1982-10-26,5.833333
1982-10-27,5.791667
1982-10-28,5.656250
1982-10-29,5.937500
1982-11-01,6.000000
1982-11-02,6.250000
1982-11-03,6.781250
1982-11-04,6.937500
1982-11-05,6.875000
1982-11-08,6.562500
1982-11-09,6.625000
1982-11-10,6.062500
1982-11-11,6.156250
1982-11-12,6.156250
1982-11-15,6.125000
1982-11-16,5.750000
1982-11-17,6.125000
1982-11-18,6.062500
1982-11-19,5.875000
1982-11-22,5.843750
1982-11-23,5.812500
1982-11-24,5.625000
1982-11-26,5.687500
1982-11-29,5.593750
1982-11-30,6.250000
1982-12-01,6.187500
1982-12-02,5.968750
1982-12-03,5.812500
1982-12-06,6.156250
1982-12-07,6.343750
1982-12-08,6.312500
1982-12-09,5.875000
1982-12-10,5.875000
1982-12-13,5.937500
1982-12-14,5.812500
1982-12-15,5.750000
1982-12-16,5.968750
1982-12-17,6.187500
1982-12-20,6.218750
1982-12-21,6.500000
1982-12-22,6.750000
1982-12-23,6.656250
1982-12-27,6.593750
1982-12-28,6.375000
1982-12-29,6.218750
1982-12-30,6.312500
1982-12-31,6.281250
1983-01-03,6.125000
1983-01-04,6.218750
1983-01-05,6.093750
1983-01-06,6.531250
1983-01-07,6.781250
1983-01-10,6.937500
1983-01-11,6.968750
1983-01-12,7.250000
1983-01-13,7.281250
1983-01-14,8.000000
1983-01-17,8.343750
1983-01-18,8.906250
1983-01-19,8.687500
1983-01-20,8.875000
1983-01-21,8.562500
1983-01-24,7.968750
1983-01-25,8.343750
1983-01-26,8.531250
1983-01-27,8.781250
1983-01-28,8.781250
1983-01-31,9.000000
1983-02-01,9.000000
1983-02-02,8.750000
1983-02-03,8.875000
1983-02-04,9.500000
1983-02-07,9.218750
1983-02-08,8.687500
1983-02-09,8.437500
1983-02-10,8.750000
1983-02-11,8.781250
1983-02-14,9.218750
1983-02-15,9.343750
1983-02-16,9.062500
1983-02-17,8.750000
1983-02-18,8.937500
1983-02-22,8.875000
1983-02-23,9.437500
1983-02-24,9.687500
1983-02-25,9.312500
1983-02-28,9.125000
1983-03-01,9.062500
1983-03-02,8.656250
1983-03-03,8.656250
1983-03-04,8.750000
1983-03-07,8.718750
1983-03-08,8.406250
1983-03-09,8.437500
1983-03-10,8.281250
1983-03-11,8.156250
1983-03-14,8.375000
1983-03-15,8.812500
1983-03-16,8.968750
1983-03-17,8.781250
1983-03-18,8.875000
1983-03-21,9.000000
1983-03-22,8.500000
1983-03-23,8.718750
1983-03-24,8.781250
1983-03-25,8.875000
1983-03-28,8.687500
1983-03-29,8.437500
1983-03-30,8.750000
1983-03-31,8.375000
1983-04-04,8.281250
1983-04-05,8.156250
1983-04-06,7.875000
1983-04-07,7.937500
1983-04-08,8.156250
1983-04-11,8.406250
1983-04-12,8.437500
1983-04-13,8.968750
1983-04-14,9.437500
1983-04-15,9.406250
1983-04-18,9.250000
1983-04-19,9.093750
1983-04-20,9.625000
1983-04-21,9.468750
1983-04-22,9.250000
1983-04-25,8.875000
1983-04-26,9.437500
1983-04-27,9.375000
1983-04-28,9.312500
1983-04-29,9.500000
1983-05-02,9.375000
1983-05-03,9.843750
1983-05-04,10.468750
1983-05-05,10.968750
1983-05-06,11.468750
1983-05-09,11.312500
1983-05-10,11.437500
1983-05-11,11.281250
1983-05-12,10.968750
1983-05-13,11.531250
1983-05-16,11.312500
1983-05-17,11.312500
1983-05-18,11.343750
1983-05-19,11.187500
1983-05-20,11.750000
1983-05-23,11.968750
1983-05-24,12.593750
1983-05-25,13.093750
1983-05-26,12.500000
1983-05-27,12.406250
1983-05-31,12.125000
1983-06-01,12.625000
1983-06-02,13.093750
1983-06-03,13.406250
1983-06-06,13.625000
1983-06-07,13.218750
1983-06-08,13.187500
1983-06-09,13.093750
1983-06-10,13.062500
1983-06-13,12.906250
1983-06-14,12.656250
1983-06-15,13.062500
1983-06-16,13.656250
1983-06-17,13.656250
1983-06-20,13.468750
1983-06-21,13.500000
1983-06-22,14.656250
1983-06-23,15.812500
1983-06-24,16.062500
1983-06-27,16.125000
1983-06-28,15.250000
1983-06-29,15.843750
1983-06-30,16.125000
1983-07-01,16.156250
1983-07-05,15.781250
1983-07-06,15.906250
1983-07-07,16.062500
1983-07-08,15.875000
1983-07-11,16.218750
1983-07-12,15.906250
1983-07-13,15.437500
1983-07-14,14.750000
1983-07-15,14.437500
1983-07-18,14.031250
1983-07-19,14.718750
1983-07-20,15.750000
1983-07-21,16.968750
1983-07-22,16.281250
1983-07-25,16.468750
1983-07-26,16.562500
1983-07-27,15.968750
1983-07-28,14.843750
1983-07-29,14.875000
1983-08-01,15.000000
1983-08-02,14.656250
1983-08-03,14.500000
1983-08-04,14.187500
1983-08-05,14.187500
1983-08-08,14.000000
1983-08-09,13.375000
1983-08-10,13.406250
1983-08-11,14.000000
1983-08-12,14.187500
1983-08-15,14.281250
1983-08-16,13.468750
1983-08-17,13.531250
1983-08-18,13.312500
1983-08-19,13.687500
1983-08-22,12.968750
1983-08-23,13.750000
1983-08-24,13.500000
1983-08-25,13.687500
1983-08-26,14.625000
1983-08-29,15.375000
1983-08-30,15.312500
1983-08-31,15.875000
1983-09-01,15.437500
1983-09-02,16.000000
1983-09-06,16.437500
1983-09-07,16.000000
1983-09-08,16.000000
1983-09-09,15.187500
1983-09-12,14.625000
1983-09-13,14.687500
1983-09-14,14.375000
1983-09-15,14.875000
1983-09-16,15.250000
1983-09-19,16.000000
1983-09-20,15.750000
1983-09-21,15.750000
1983-09-22,16.125000
1983-09-23,15.375000
1983-09-26,15.000000
1983-09-27,15.062500
1983-09-28,15.875000
1983-09-29,15.312500
1983-09-30,14.500000
1983-10-03,15.000000
1983-10-04,15.437500
1983-10-05,15.562500
1983-10-06,16.062500
1983-10-07,16.312500
1983-10-10,16.812500
1983-10-11,15.812500
1983-10-12,15.625000
1983-10-13,15.812500
1983-10-14,16.000000
1983-10-17,16.437500
1983-10-18,15.062500
1983-10-19,15.062500
1983-10-20,15.187500
1983-10-21,14.750000
1983-10-24,15.625000
1983-10-25,15.625000
1983-10-26,15.250000
1983-10-27,15.312500
1983-10-28,15.500000
1983-10-31,15.000000
1983-11-01,14.812500
1983-11-02,15.125000
1983-11-03,14.687500
1983-11-04,14.625000
1983-11-07,13.812500
1983-11-08,13.375000
1983-11-09,14.750000
1983-11-10,15.375000
1983-11-11,16.125000
1983-11-14,15.750000
1983-11-15,15.812500
1983-11-16,15.875000
1983-11-17,16.375000
1983-11-18,16.750000
1983-11-21,17.062500
1983-11-22,16.500000
1983-11-23,16.312500
1983-11-25,16.687500
1983-11-28,16.687500
1983-11-29,17.687500
1983-11-30,17.000000
1983-12-01,16.812500
1983-12-02,16.875000
1983-12-05,16.687500
1983-12-06,16.812500
1983-12-07,17.187500
1983-12-08,16.562500
1983-12-09,16.375000
1983-12-12,16.625000
1983-12-13,16.500000
1983-12-14,16.125000
1983-12-15,16.187500
1983-12-16,16.000000
1983-12-19,16.062500
1983-12-20,16.312500
1983-12-21,15.937500
1983-12-22,16.125000
1983-12-23,16.187500
1983-12-27,16.562500
1983-12-28,16.375000
1983-12-29,16.812500
1983-12-30,16.812500
1984-01-03,16.875000
1984-01-04,17.562500
1984-01-05,17.750000
1984-01-06,18.000000
1984-01-09,18.375000
1984-01-10,17.937500
1984-01-11,17.812500
1984-01-12,18.375000
1984-01-13,18.000000
1984-01-16,18.000000
1984-01-17,18.375000
1984-01-18,17.875000
1984-01-19,18.125000
1984-01-20,17.625000
1984-01-23,17.187500
1984-01-24,17.312500
1984-01-25,16.625000
1984-01-26,15.625000
1984-01-27,15.062500
1984-01-30,14.500000
1984-01-31,14.375000
1984-02-01,14.187500
1984-02-02,14.562500
1984-02-03,14.250000
1984-02-06,13.375000
1984-02-07,13.875000
1984-02-08,13.000000
1984-02-09,13.500000
1984-02-10,13.187500
1984-02-13,13.375000
1984-02-14,13.937500
1984-02-15,13.687500
1984-02-16,13.812500
1984-02-17,13.500000
1984-02-21,13.875000
1984-02-22,13.937500
1984-02-23,13.500000
1984-02-24,14.875000
1984-02-27,14.875000
1984-02-28,14.187500
1984-02-29,14.125000
1984-03-01,14.562500
1984-03-02,14.500000
1984-03-05,14.625000
1984-03-06,13.750000
1984-03-07,13.562500
1984-03-08,13.750000
1984-03-09,13.750000
1984-03-12,14.625000
1984-03-13,15.000000
1984-03-14,14.937500
1984-03-15,14.937500
1984-03-16,15.250000
1984-03-19,14.875000
1984-03-20,14.875000
1984-03-21,14.437500
1984-03-22,14.062500
1984-03-23,13.937500
1984-03-26,14.125000
1984-03-27,14.125000
1984-03-28,14.812500
1984-03-29,14.562500
1984-03-30,14.250000
1984-04-02,14.625000
1984-04-03,14.437500
1984-04-04,13.812500
1984-04-05,13.375000
1984-04-06,13.875000
1984-04-09,14.250000
1984-04-10,14.562500
1984-04-11,14.312500
1984-04-12,15.375000
1984-04-13,15.250000
1984-04-16,15.875000
1984-04-17,16.187500
1984-04-18,16.062500
1984-04-19,16.125000
1984-04-23,16.125000
1984-04-24,15.875000
1984-04-25,16.187500
1984-04-26,16.750000
1984-04-27,17.125000
1984-04-30,17.187500
1984-05-01,17.375000
1984-05-02,17.312500
1984-05-03,17.000000
1984-05-04,16.125000
1984-05-07,16.062500
1984-05-08,16.625000
1984-05-09,16.625000
1984-05-10,16.687500
1984-05-11,16.562500
1984-05-14,16.625000
1984-05-15,16.812500
1984-05-16,16.437500
1984-05-17,15.750000
1984-05-18,15.500000
1984-05-21,15.187500
1984-05-22,15.375000
1984-05-23,15.437500
1984-05-24,15.250000
1984-05-25,15.437500
1984-05-29,15.312500
1984-05-30,15.750000
1984-05-31,15.812500
1984-06-01,16.187500
1984-06-04,15.937500
1984-06-05,16.000000
1984-06-06,16.500000
1984-06-07,16.562500
1984-06-08,16.312500
1984-06-11,15.625000
1984-06-12,15.562500
1984-06-13,15.375000
1984-06-14,14.250000
1984-06-15,14.687500
1984-06-18,15.500000
1984-06-19,15.250000
1984-06-20,16.000000
1984-06-21,15.937500
1984-06-22,16.000000
1984-06-25,15.750000
1984-06-26,15.062500
1984-06-27,15.000000
1984-06-28,15.375000
1984-06-29,15.375000
1984-07-02,15.187500
1984-07-03,15.437500
1984-07-05,15.125000
1984-07-06,15.250000
1984-07-09,15.437500
1984-07-10,15.562500
1984-07-11,15.125000
1984-07-12,14.562500
1984-07-13,14.750000
1984-07-16,14.937500
1984-07-17,14.875000
1984-07-18,14.750000
1984-07-19,13.312500
1984-07-20,13.312500
1984-07-23,13.125000
1984-07-24,12.812500
1984-07-25,13.437500
1984-07-26,14.125000
1984-07-27,14.750000
1984-07-30,14.125000
1984-07-31,14.500000
1984-08-01,15.312500
1984-08-02,15.875000
1984-08-03,17.562500
1984-08-06,17.625000
1984-08-07,17.687500
1984-08-08,17.312500
1984-08-09,18.875000
1984-08-10,18.187500
1984-08-13,19.000000
1984-08-14,18.437500
1984-08-15,18.500000
1984-08-16,19.062500
1984-08-17,19.375000
1984-08-20,19.562500
1984-08-21,20.250000
1984-08-22,19.750000
1984-08-23,20.500000
1984-08-24,20.375000
1984-08-27,20.000000
1984-08-28,20.187500
1984-08-29,20.312500
1984-08-30,19.937500
1984-08-31,19.687500
1984-09-04,19.437500
1984-09-05,19.562500
1984-09-06,19.750000
1984-09-07,19.062500
1984-09-10,19.000000
1984-09-11,19.375000
1984-09-12,18.750000
1984-09-13,19.437500
1984-09-14,19.750000
1984-09-17,20.125000
1984-09-18,19.625000
1984-09-19,18.500000
1984-09-20,18.750000
1984-09-21,18.625000
1984-09-24,18.312500
1984-09-25,18.312500
1984-09-26,17.875000
1984-09-27,17.562500
1984-09-28,17.375000
1984-10-01,16.812500
1984-10-02,16.500000
1984-10-03,17.250000
1984-10-04,17.312500
1984-10-05,16.562500
1984-10-08,16.250000
1984-10-09,16.500000
1984-10-10,17.812500
1984-10-11,17.187500
1984-10-12,17.375000
1984-10-15,17.812500
1984-10-16,17.500000
1984-10-17,17.312500
1984-10-18,18.312500
1984-10-19,18.062500
1984-10-22,17.750000
1984-10-23,18.312500
1984-10-24,17.750000
1984-10-25,16.562500
1984-10-26,15.562500
1984-10-29,15.625000
1984-10-30,16.187500
1984-10-31,16.000000
1984-11-01,15.312500
1984-11-02,14.812500
1984-11-05,15.187500
1984-11-06,15.750000
1984-11-07,15.500000
1984-11-08,15.750000
1984-11-09,15.562500
1984-11-12,15.625000
1984-11-13,15.187500
1984-11-14,15.000000
1984-11-15,14.875000
1984-11-16,14.562500
1984-11-19,14.500000
1984-11-20,14.687500
1984-11-21,14.312500
1984-11-23,14.062500
1984-11-26,14.250000
1984-11-27,14.062500
1984-11-28,13.500000
1984-11-29,13.812500
1984-11-30,13.875000
1984-12-03,14.125000
1984-12-04,14.250000
1984-12-05,14.125000
1984-12-06,14.500000
1984-12-07,14.437500
1984-12-10,13.812500
1984-12-11,13.500000
1984-12-12,13.437500
1984-12-13,12.750000
1984-12-14,13.000000
1984-12-17,13.062500
1984-12-18,14.187500
1984-12-19,14.625000
1984-12-20,14.250000
1984-12-21,14.500000
1984-12-24,14.875000
1984-12-26,14.937500
1984-12-27,14.687500
1984-12-28,14.812500
1984-12-31,14.750000
1985-01-02,14.500000
1985-01-03,14.437500
1985-01-04,14.500000
1985-01-07,14.312500
1985-01-08,13.437500
1985-01-09,14.187500
1985-01-10,15.000000
1985-01-11,15.250000
1985-01-14,16.125000
1985-01-15,16.312500
1985-01-16,16.375000
1985-01-17,16.000000
1985-01-18,16.062500
1985-01-21,16.687500
1985-01-22,16.937500
1985-01-23,17.500000
1985-01-24,17.187500
1985-01-25,17.375000
1985-01-28,17.250000
1985-01-29,17.750000
1985-01-30,17.937500
1985-01-31,17.562500
1985-02-01,17.312500
1985-02-04,17.687500
1985-02-05,17.687500
1985-02-06,17.375000
1985-02-07,17.437500
1985-02-08,17.250000
1985-02-11,17.437500
1985-02-12,17.562500
1985-02-13,17.937500
1985-02-14,17.187500
1985-02-15,16.562500
1985-02-19,16.312500
1985-02-20,16.875000
1985-02-21,16.812500
1985-02-22,16.437500
1985-02-25,16.000000
1985-02-26,16.750000
1985-02-27,16.500000
1985-02-28,16.625000
1985-03-01,16.687500
1985-03-04,16.250000
1985-03-05,16.187500
1985-03-06,15.812500
1985-03-07,15.875000
1985-03-08,16.000000
1985-03-11,16.062500
1985-03-12,16.250000
1985-03-13,15.500000
1985-03-14,15.250000
1985-03-15,15.250000
1985-03-18,15.625000
1985-03-19,16.687500
1985-03-20,16.000000
1985-03-21,15.937500
1985-03-22,15.812500
1985-03-25,15.812500
1985-03-26,15.812500
1985-03-27,16.312500
1985-03-28,16.500000
1985-03-29,16.687500
1985-04-01,16.875000
1985-04-02,16.500000
1985-04-03,15.937500
1985-04-04,15.625000
1985-04-08,15.625000
1985-04-09,15.375000
1985-04-10,15.562500
1985-04-11,15.750000
1985-04-12,15.250000
1985-04-15,15.375000
1985-04-16,15.437500
1985-04-17,15.625000
1985-04-18,14.937500
1985-04-19,15.000000
1985-04-22,14.312500
1985-04-23,14.625000
1985-04-24,14.562500
1985-04-25,14.750000
1985-04-26,14.500000
1985-04-29,13.625000
1985-04-30,13.937500
1985-05-01,13.437500
1985-05-02,13.687500
1985-05-03,14.000000
1985-05-06,13.375000
1985-05-07,13.937500
1985-05-08,14.250000
1985-05-09,14.687500
1985-05-10,15.125000
1985-05-13,14.250000
1985-05-14,14.000000
1985-05-15,14.125000
1985-05-16,14.562500
1985-05-17,14.625000
1985-05-20,14.875000
1985-05-21,14.500000
1985-05-22,14.375000
1985-05-23,14.250000
1985-05-24,14.625000
1985-05-28,14.375000
1985-05-29,13.875000
1985-05-30,13.312500
1985-05-31,13.250000
1985-06-03,13.062500
1985-06-04,13.312500
1985-06-05,12.562500
1985-06-06,13.000000
1985-06-07,13.125000
1985-06-10,13.750000
1985-06-11,13.437500
1985-06-12,13.000000
1985-06-13,12.437500
1985-06-14,12.000000
1985-06-17,11.750000
1985-06-18,11.312500
1985-06-19,11.500000
1985-06-20,11.875000
1985-06-21,12.312500
1985-06-24,13.000000
1985-06-25,12.875000
1985-06-26,12.875000
1985-06-27,13.375000
1985-06-28,13.000000
1985-07-01,13.562500
1985-07-02,13.375000
1985-07-03,13.000000
1985-07-05,13.125000
1985-07-08,12.812500
1985-07-09,12.437500
1985-07-10,13.250000
1985-07-11,13.437500
1985-07-12,13.250000
1985-07-15,13.000000
1985-07-16,13.937500
1985-07-17,14.500000
1985-07-18,14.500000
1985-07-19,14.875000
1985-07-22,14.312500
1985-07-23,14.687500
1985-07-24,14.750000
1985-07-25,14.875000
1985-07-26,14.937500
1985-07-29,14.500000
1985-07-30,14.562500
1985-07-31,14.875000
1985-08-01,15.187500
1985-08-02,15.250000
1985-08-05,14.875000
1985-08-06,14.500000
1985-08-07,14.625000
1985-08-08,14.875000
1985-08-09,14.437500
1985-08-12,13.875000
1985-08-13,13.937500
1985-08-14,14.375000
1985-08-15,14.000000
1985-08-16,14.187500
1985-08-19,14.312500
1985-08-20,14.500000
1985-08-21,14.437500
1985-08-22,14.000000
1985-08-23,13.812500
1985-08-26,13.375000
1985-08-27,13.750000
1985-08-28,13.937500
1985-08-29,13.687500
1985-08-30,13.250000
1985-09-03,13.187500
1985-09-04,13.062500
1985-09-05,13.000000
1985-09-06,13.500000
1985-09-09,13.562500
1985-09-10,12.625000
1985-09-11,12.687500
1985-09-12,12.875000
1985-09-13,13.125000
1985-09-16,13.250000
1985-09-17,13.000000
1985-09-18,13.562500
1985-09-19,13.812500
1985-09-20,13.500000
1985-09-23,13.500000
1985-09-24,13.125000
1985-09-25,13.125000
1985-09-26,13.437500
1985-09-30,13.125000
1985-10-01,12.937500
1985-10-02,12.125000
1985-10-03,12.312500
1985-10-04,12.125000
1985-10-07,12.312500
1985-10-08,11.625000
1985-10-09,11.625000
1985-10-10,11.937500
1985-10-11,12.062500
1985-10-14,12.687500
1985-10-15,12.375000
1985-10-16,12.625000
1985-10-17,12.375000
1985-10-18,12.312500
1985-10-21,12.187500
1985-10-22,12.312500
1985-10-23,12.187500
1985-10-24,12.500000
1985-10-25,12.062500
1985-10-28,11.812500
1985-10-29,11.937500
1985-10-30,11.750000
1985-10-31,11.687500
1985-11-01,12.062500
1985-11-04,11.500000
1985-11-05,11.625000
1985-11-06,12.375000
1985-11-07,12.312500
1985-11-08,12.250000
1985-11-11,12.375000
1985-11-12,12.500000
1985-11-13,12.500000
1985-11-14,12.937500
1985-11-15,13.000000
1985-11-18,12.937500
1985-11-19,13.625000
1985-11-20,13.312500
1985-11-21,13.500000
1985-11-22,13.500000
1985-11-25,13.187500
1985-11-26,13.375000
1985-11-27,13.750000
1985-11-29,13.937500
1985-12-02,13.687500
1985-12-03,14.062500
1985-12-04,14.750000
1985-12-05,14.500000
1985-12-06,14.937500
1985-12-09,15.062500
1985-12-10,15.187500
1985-12-11,15.375000
1985-12-12,14.937500
1985-12-13,14.750000
1985-12-16,14.875000
1985-12-17,14.625000
1985-12-18,14.437500
1985-12-19,14.562500
1985-12-20,14.437500
1985-12-23,14.125000
1985-12-24,14.250000
1985-12-26,14.500000
1985-12-27,14.625000
1985-12-30,14.500000
1985-12-31,14.500000
1986-01-02,14.437500
1986-01-03,14.375000
1986-01-06,14.000000
1986-01-07,14.500000
1986-01-08,13.437500
1986-01-09,13.750000
1986-01-10,13.500000
1986-01-13,13.375000
1986-01-14,13.812500
1986-01-15,14.000000
1986-01-16,14.187500
1986-01-17,14.500000
1986-01-20,14.750000
1986-01-21,14.500000
1986-01-22,14.000000
1986-01-23,14.125000
1986-01-24,14.562500
1986-01-27,14.125000
1986-01-28,14.500000
1986-01-29,14.125000
1986-01-30,14.000000
1986-01-31,13.687500
1986-02-03,13.562500
1986-02-04,14.062500
1986-02-05,14.437500
1986-02-06,14.625000
1986-02-07,14.875000
1986-02-10,15.250000
1986-02-11,15.687500
1986-02-12,15.875000
1986-02-13,15.562500
1986-02-14,15.375000
1986-02-18,15.937500
1986-02-19,15.875000
1986-02-20,16.125000
1986-02-21,16.250000
1986-02-24,16.062500
1986-02-25,15.812500
1986-02-26,15.625000
1986-02-27,15.875000
1986-02-28,15.562500
1986-03-03,15.125000
1986-03-04,15.125000
1986-03-05,15.187500
1986-03-06,15.000000
1986-03-07,14.625000
1986-03-10,15.062500
1986-03-11,16.000000
1986-03-12,15.875000
1986-03-13,15.875000
1986-03-14,14.625000
1986-03-17,15.812500
1986-03-18,15.687500
1986-03-19,15.312500
1986-03-20,15.187500
1986-03-21,14.875000
1986-03-24,15.187500
1986-03-25,15.062500
1986-03-26,14.750000
1986-03-27,14.625000
1986-03-31,14.250000
1986-04-01,13.750000
1986-04-02,13.875000
1986-04-03,13.812500
1986-04-04,13.937500
1986-04-07,14.250000
1986-04-08,14.500000
1986-04-09,14.375000
1986-04-10,15.000000
1986-04-11,15.125000
1986-04-14,15.250000
1986-04-15,14.937500
1986-04-16,15.187500
1986-04-17,15.000000
1986-04-18,15.000000
1986-04-21,15.062500
1986-04-22,14.875000
1986-04-23,14.812500
1986-04-24,15.312500
1986-04-25,15.437500
1986-04-28,15.125000
1986-04-29,14.750000
1986-04-30,14.187500
1986-05-01,14.437500
1986-05-02,14.062500
1986-05-05,14.187500
1986-05-06,14.312500
1986-05-07,14.000000
1986-05-08,13.750000
1986-05-09,14.125000
1986-05-12,13.750000
1986-05-13,13.375000
1986-05-14,13.125000
1986-05-15,13.000000
1986-05-16,13.062500
1986-05-19,13.250000
1986-05-20,13.437500
1986-05-21,12.687500
1986-05-22,12.625000
1986-05-23,12.375000
1986-05-27,12.375000
1986-05-28,13.000000
1986-05-29,13.437500
1986-05-30,13.312500
1986-06-02,12.875000
1986-06-03,12.625000
1986-06-04,12.312500
1986-06-05,12.500000
1986-06-06,12.000000
1986-06-09,11.937500
1986-06-10,12.000000
1986-06-11,12.500000
1986-06-12,12.000000
1986-06-13,11.687500
1986-06-16,11.187500
1986-06-17,10.875000
1986-06-18,10.750000
1986-06-19,10.937500
1986-06-20,10.875000
1986-06-23,10.250000
1986-06-24,10.562500
1986-06-25,10.750000
1986-06-26,10.500000
1986-06-27,10.562500
1986-06-30,10.000000
1986-07-01,10.000000
1986-07-02,10.000000
1986-07-03,9.750000
1986-07-07,9.125000
1986-07-08,9.625000
1986-07-09,9.375000
1986-07-10,8.937500
1986-07-11,8.750000
1986-07-14,8.000000
1986-07-15,7.562500
1986-07-16,7.250000
1986-07-17,7.375000
1986-07-18,7.187500
1986-07-21,7.375000
1986-07-22,7.500000
1986-07-23,7.312500
1986-07-24,7.250000
1986-07-25,7.562500
1986-07-28,7.375000
1986-07-29,7.312500
1986-07-30,8.125000
1986-07-31,7.875000
1986-08-01,7.750000
1986-08-04,7.562500
1986-08-05,7.312500
1986-08-06,7.312500
1986-08-07,7.500000
1986-08-08,7.812500
1986-08-11,8.125000
1986-08-12,8.375000
1986-08-13,8.187500
1986-08-14,8.187500
1986-08-15,8.312500
1986-08-18,8.000000
1986-08-19,8.000000
1986-08-20,8.312500
1986-08-21,8.500000
1986-08-22,9.062500
1986-08-25,9.500000
1986-08-26,9.500000
1986-08-27,9.812500
1986-08-28,9.750000
1986-08-29,9.687500
1986-09-02,9.437500
1986-09-03,9.562500
1986-09-04,9.625000
1986-09-05,9.875000
1986-09-08,9.750000
1986-09-09,9.437500
1986-09-10,9.437500
1986-09-11,9.000000
1986-09-12,8.750000
1986-09-15,8.625000
1986-09-16,8.500000
1986-09-17,8.687500
1986-09-18,8.875000
1986-09-19,8.562500
1986-09-22,8.500000
1986-09-23,8.687500
1986-09-24,8.812500
1986-09-25,8.500000
1986-09-26,8.250000
1986-09-29,7.812500
1986-09-30,7.875000
1986-10-01,7.937500
1986-10-02,7.375000
1986-10-03,7.250000
1986-10-06,6.937500
1986-10-07,6.812500
1986-10-08,6.875000
1986-10-09,6.875000
1986-10-10,7.000000
1986-10-13,7.250000
1986-10-14,7.375000
1986-10-15,7.375000
1986-10-16,7.312500
1986-10-17,7.062500
1986-10-20,6.750000
1986-10-21,6.687500
1986-10-22,6.625000
1986-10-23,7.125000
1986-10-24,7.187500
1986-10-27,7.187500
1986-10-28,6.937500
1986-10-29,7.000000
1986-10-30,7.062500
1986-10-31,6.875000
1986-11-03,7.187500
1986-11-04,7.875000
1986-11-05,8.000000
1986-11-06,8.000000
1986-11-07,8.000000
1986-11-10,8.125000
1986-11-11,8.062500
1986-11-12,7.937500
1986-11-13,7.875000
1986-11-14,7.812500
1986-11-17,7.937500
1986-11-18,7.437500
1986-11-19,7.625000
1986-11-20,7.687500
1986-11-21,7.812500
1986-11-24,8.000000
1986-11-25,7.875000
1986-11-26,7.875000
1986-11-28,7.812500
1986-12-01,8.375000
1986-12-02,8.250000
1986-12-03,8.062500
1986-12-04,8.125000
1986-12-05,7.812500
1986-12-08,7.812500
1986-12-09,7.562500
1986-12-10,7.500000
1986-12-11,7.375000
1986-12-12,7.250000
1986-12-15,7.375000
1986-12-16,7.250000
1986-12-17,7.187500
1986-12-18,7.187500
1986-12-19,7.125000
1986-12-22,7.125000
1986-12-23,6.812500
1986-12-24,6.937500
1986-12-26,7.062500
1986-12-29,6.875000
1986-12-30,6.812500
1986-12-31,6.875000
1987-01-02,7.000000
1987-01-05,7.062500
1987-01-06,7.062500
1987-01-07,7.250000
1987-01-08,7.625000
1987-01-09,7.625000
1987-01-12,7.750000
1987-01-13,8.062500
1987-01-14,9.000000
1987-01-15,9.125000
1987-01-16,8.687500
1987-01-19,9.250000
1987-01-20,9.062500
1987-01-21,8.750000
1987-01-22,9.062500
1987-01-23,8.687500
1987-01-26,8.750000
1987-01-27,8.812500
1987-01-28,8.750000
1987-01-29,8.500000
1987-01-30,8.750000
1987-02-02,9.500000
1987-02-03,10.562500
1987-02-04,10.500000
1987-02-05,11.500000
1987-02-06,11.187500
1987-02-09,10.875000
1987-02-10,10.562500
1987-02-11,11.250000
1987-02-12,10.687500
1987-02-13,11.000000
1987-02-17,11.687500
1987-02-18,11.562500
1987-02-19,11.437500
1987-02-20,10.875000
1987-02-23,10.750000
1987-02-24,11.000000
1987-02-25,10.750000
1987-02-26,10.687500
1987-02-27,10.875000
1987-03-02,10.562500
1987-03-03,10.312500
1987-03-04,10.625000
1987-03-05,10.562500
1987-03-06,10.500000
1987-03-09,10.625000
1987-03-10,10.687500
1987-03-11,10.312500
1987-03-12,10.250000
1987-03-13,10.250000
1987-03-16,10.500000
1987-03-17,10.750000
1987-03-18,10.437500
1987-03-19,10.750000
1987-03-20,10.625000
1987-03-23,10.625000
1987-03-24,10.062500
1987-03-25,9.875000
1987-03-26,9.812500
1987-03-27,9.937500
1987-03-30,9.625000
1987-03-31,9.937500
1987-04-01,10.187500
1987-04-02,9.875000
1987-04-03,10.375000
1987-04-06,10.500000
1987-04-07,10.125000
1987-04-08,10.062500
1987-04-09,10.125000
1987-04-10,10.500000
1987-04-13,10.062500
1987-04-14,9.937500
1987-04-15,10.187500
1987-04-16,10.187500
1987-04-20,10.125000
1987-04-21,10.375000
1987-04-22,10.312500
1987-04-23,10.125000
1987-04-24,10.687500
1987-04-27,11.125000
1987-04-28,11.625000
1987-04-29,11.500000
1987-04-30,11.062500
1987-05-01,11.437500
1987-05-04,11.250000
1987-05-05,11.500000
1987-05-06,11.062500
1987-05-07,11.000000
1987-05-08,10.875000
1987-05-11,11.125000
1987-05-12,11.125000
1987-05-13,10.875000
1987-05-14,10.812500
1987-05-15,10.687500
1987-05-18,10.625000
1987-05-19,10.250000
1987-05-20,10.062500
1987-05-21,10.187500
1987-05-22,10.062500
1987-05-26,10.500000
1987-05-27,10.562500
1987-05-28,10.625000
1987-05-29,10.812500
1987-06-01,11.062500
1987-06-02,10.687500
1987-06-03,10.375000
1987-06-04,10.500000
1987-06-05,10.375000
1987-06-08,10.687500
1987-06-09,10.875000
1987-06-10,10.625000
1987-06-11,10.500000
1987-06-12,10.375000
1987-06-15,10.125000
1987-06-16,9.937500
1987-06-17,10.000000
1987-06-18,9.937500
1987-06-19,9.937500
1987-06-22,10.000000
1987-06-23,9.937500
1987-06-24,9.812500
1987-06-25,9.312500
1987-06-26,9.437500
1987-06-29,9.625000
1987-06-30,9.500000
1987-07-01,9.375000
1987-07-02,9.562500
1987-07-06,9.375000
1987-07-07,9.187500
1987-07-08,9.062500
1987-07-09,9.062500
1987-07-10,9.125000
1987-07-13,9.250000
1987-07-14,9.187500
1987-07-15,8.875000
1987-07-16,9.062500
1987-07-17,8.812500
1987-07-20,8.812500
1987-07-21,8.625000
1987-07-22,8.437500
1987-07-23,8.625000
1987-07-24,8.687500
1987-07-27,8.875000
1987-07-28,8.937500
1987-07-29,8.937500
1987-07-30,8.875000
1987-07-31,9.062500
1987-08-03,9.000000
1987-08-04,8.875000
1987-08-05,9.062500
1987-08-06,9.812500
1987-08-07,10.125000
1987-08-10,10.625000
1987-08-11,10.125000
1987-08-12,10.250000
1987-08-13,10.250000
1987-08-14,10.000000
1987-08-17,10.125000
1987-08-18,9.937500
1987-08-19,10.187500
1987-08-20,10.375000
1987-08-21,10.687500
1987-08-24,10.875000
1987-08-25,11.250000
1987-08-26,11.250000
1987-08-27,11.500000
1987-08-28,11.000000
1987-08-31,11.000000
1987-09-01,10.500000
1987-09-02,10.312500
1987-09-03,10.187500
1987-09-04,10.125000
1987-09-08,10.125000
1987-09-09,10.062500
1987-09-10,10.562500
1987-09-11,10.812500
1987-09-14,10.687500
1987-09-15,10.437500
1987-09-16,10.437500
1987-09-17,10.250000
1987-09-18,10.125000
1987-09-21,10.125000
1987-09-22,10.500000
1987-09-23,11.187500
1987-09-24,11.375000
1987-09-25,10.937500
1987-09-28,11.062500
1987-09-29,11.187500
1987-09-30,11.000000
1987-10-01,12.000000
1987-10-02,12.312500
1987-10-05,12.312500
1987-10-06,11.500000
1987-10-07,11.500000
1987-10-08,11.437500
1987-10-09,11.125000
1987-10-12,9.875000
1987-10-13,10.375000
1987-10-14,10.000000
1987-10-15,9.500000
1987-10-16,9.000000
1987-10-19,5.750000
1987-10-20,6.125000
1987-10-21,6.375000
1987-10-22,6.000000
1987-10-23,5.687500
1987-10-26,4.875000
1987-10-27,5.312500
1987-10-28,5.500000
1987-10-29,6.062500
1987-10-30,5.750000
1987-11-02,5.250000
1987-11-03,5.250000
1987-11-04,5.437500
1987-11-05,5.562500
1987-11-06,5.250000
1987-11-09,5.062500
1987-11-10,4.875000
1987-11-11,5.125000
1987-11-12,5.375000
1987-11-13,5.375000
1987-11-16,5.250000
1987-11-17,5.000000
1987-11-18,5.125000
1987-11-19,4.937500
1987-11-20,4.937500
1987-11-23,5.062500
1987-11-24,5.000000
1987-11-25,4.937500
1987-11-27,4.687500
1987-11-30,4.625000
1987-12-01,4.500000
1987-12-02,4.312500
1987-12-03,4.000000
1987-12-04,4.062500
1987-12-07,4.250000
1987-12-08,4.312500
1987-12-09,4.562500
1987-12-10,4.625000
1987-12-11,4.687500
1987-12-14,5.000000
1987-12-15,4.937500
1987-12-16,5.187500
1987-12-17,5.000000
1987-12-18,5.250000
1987-12-21,5.312500
1987-12-22,5.125000
1987-12-23,5.187500
1987-12-24,5.125000
1987-12-28,4.937500
1987-12-29,4.812500
1987-12-30,5.000000
1987-12-31,4.937500
1988-01-04,5.312500
1988-01-05,5.437500
1988-01-06,5.375000
1988-01-07,5.500000
1988-01-08,5.125000
1988-01-11,5.000000
1988-01-12,4.750000
1988-01-13,4.750000
1988-01-14,4.875000
1988-01-15,5.000000
1988-01-18,4.875000
1988-01-19,4.750000
1988-01-20,4.437500
1988-01-21,4.625000
1988-01-22,4.687500
1988-01-25,4.687500
1988-01-26,4.562500
1988-01-27,4.687500
1988-01-28,4.875000
1988-01-29,4.812500
1988-02-01,4.812500
1988-02-02,4.875000
1988-02-03,4.750000
1988-02-04,4.812500
1988-02-05,4.875000
1988-02-08,4.812500
1988-02-09,4.875000
1988-02-10,4.937500
1988-02-11,5.125000
1988-02-12,5.062500
1988-02-16,5.250000
1988-02-17,5.312500
1988-02-18,5.250000
1988-02-19,5.312500
1988-02-22,5.937500
1988-02-23,5.875000
1988-02-24,6.125000
1988-02-25,6.000000
1988-02-26,5.937500
1988-02-29,6.000000
1988-03-01,5.875000
1988-03-02,6.187500
1988-03-03,6.187500
1988-03-04,6.062500
1988-03-07,6.312500
1988-03-08,6.562500
1988-03-09,6.625000
1988-03-10,6.312500
1988-03-11,6.250000
1988-03-14,6.250000
1988-03-15,6.312500
1988-03-16,6.125000
1988-03-17,6.187500
1988-03-18,6.250000
1988-03-21,6.062500
1988-03-22,6.250000
1988-03-23,6.125000
1988-03-24,5.937500
1988-03-25,5.625000
1988-03-28,5.562500
1988-03-29,5.687500
1988-03-30,5.500000
1988-03-31,5.500000
1988-04-04,5.562500
1988-04-05,5.687500
1988-04-06,6.000000
1988-04-07,6.250000
1988-04-08,6.687500
1988-04-11,6.875000
1988-04-12,6.812500
1988-04-13,6.687500
1988-04-14,6.312500
1988-04-15,6.250000
1988-04-18,6.437500
1988-04-19,6.312500
1988-04-20,6.250000
1988-04-21,6.250000
1988-04-22,6.562500
1988-04-25,6.750000
1988-04-26,6.875000
1988-04-27,7.125000
1988-04-28,7.250000
1988-04-29,7.187500
1988-05-02,7.187500
1988-05-03,7.125000
1988-05-04,7.250000
1988-05-05,7.250000
1988-05-06,7.125000
1988-05-09,6.812500
1988-05-10,6.937500
1988-05-11,6.937500
1988-05-12,7.250000
1988-05-13,7.500000
1988-05-16,7.500000
1988-05-17,7.375000
1988-05-18,7.125000
1988-05-19,7.437500
1988-05-20,7.312500
1988-05-23,7.062500
1988-05-24,7.250000
1988-05-25,7.187500
1988-05-26,7.125000
1988-05-27,7.125000
1988-05-31,7.500000
1988-06-01,7.812500
1988-06-02,7.625000
1988-06-03,7.750000
1988-06-06,8.125000
1988-06-07,7.937500
1988-06-08,8.187500
1988-06-09,8.000000
1988-06-10,8.000000
1988-06-13,8.000000
1988-06-14,8.062500
1988-06-15,8.000000
1988-06-16,7.812500
1988-06-17,7.875000
1988-06-20,7.562500
1988-06-21,7.875000
1988-06-22,8.000000
1988-06-23,8.062500
1988-06-24,8.125000
1988-06-27,8.000000
1988-06-28,8.375000
1988-06-29,8.125000
1988-06-30,8.250000
1988-07-01,8.250000
1988-07-05,8.312500
1988-07-06,8.000000
1988-07-07,8.125000
1988-07-08,8.187500
1988-07-11,7.500000
1988-07-12,7.437500
1988-07-13,7.437500
1988-07-14,7.375000
1988-07-15,7.187500
1988-07-18,7.125000
1988-07-19,6.812500
1988-07-20,7.062500
1988-07-21,6.875000
1988-07-22,6.937500
1988-07-25,6.875000
1988-07-26,6.812500
1988-07-27,6.437500
1988-07-28,6.500000
1988-07-29,6.687500
1988-08-01,6.687500
1988-08-02,6.687500
1988-08-03,6.750000
1988-08-04,6.687500
1988-08-05,6.437500
1988-08-08,6.375000
1988-08-09,6.312500
1988-08-10,6.062500
1988-08-11,6.000000
1988-08-12,6.125000
1988-08-15,5.875000
1988-08-16,6.000000
1988-08-17,5.937500
1988-08-18,5.875000
1988-08-19,5.937500
1988-08-22,5.812500
1988-08-23,5.625000
1988-08-24,5.937500
1988-08-25,5.875000
1988-08-26,5.875000
1988-08-29,5.875000
1988-08-30,5.875000
1988-08-31,5.687500
1988-09-01,5.375000
1988-09-02,5.687500
1988-09-06,5.687500
1988-09-07,5.500000
1988-09-08,5.562500
1988-09-09,5.812500
1988-09-12,5.750000
1988-09-13,5.750000
1988-09-14,5.750000
1988-09-15,5.625000
1988-09-16,5.875000
1988-09-19,5.750000
1988-09-20,5.750000
1988-09-21,5.500000
1988-09-22,5.687500
1988-09-23,5.687500
1988-09-26,5.625000
1988-09-27,5.500000
1988-09-28,5.437500
1988-09-29,5.375000
1988-09-30,4.625000
1988-10-03,4.500000
1988-10-04,4.500000
1988-10-05,4.375000
1988-10-06,4.375000
1988-10-07,4.375000
1988-10-10,4.312500
1988-10-11,4.625000
1988-10-12,4.937500
1988-10-13,5.250000
1988-10-14,4.937500
1988-10-17,4.750000
1988-10-18,4.750000
1988-10-19,4.687500
1988-10-20,4.625000
1988-10-21,4.687500
1988-10-24,4.500000
1988-10-25,4.562500
1988-10-26,4.500000
1988-10-27,4.312500
1988-10-28,4.312500
1988-10-31,4.500000
1988-11-01,4.437500
1988-11-02,4.250000
1988-11-03,4.375000
1988-11-04,4.375000
1988-11-07,4.250000
1988-11-08,4.375000
1988-11-09,4.250000
1988-11-10,4.125000
1988-11-11,4.062500
1988-11-14,3.875000
1988-11-15,3.812500
1988-11-16,3.687500
1988-11-17,3.750000
1988-11-18,3.875000
1988-11-21,3.812500
1988-11-22,3.812500
1988-11-23,3.812500
1988-11-25,3.750000
1988-11-28,3.625000
1988-11-29,3.687500
1988-11-30,3.750000
1988-12-01,4.000000
1988-12-02,3.937500
1988-12-05,3.937500
1988-12-06,3.750000
1988-12-07,3.750000
1988-12-08,3.750000
1988-12-09,3.562500
1988-12-12,3.625000
1988-12-13,3.687500
1988-12-14,3.750000
1988-12-15,4.125000
1988-12-16,4.375000
1988-12-19,4.500000
1988-12-20,4.250000
1988-12-21,4.187500
1988-12-22,4.187500
1988-12-23,4.312500
1988-12-27,4.312500
1988-12-28,4.250000
1988-12-29,4.375000
1988-12-30,4.312500
1989-01-03,4.375000
1989-01-04,4.500000
1989-01-05,4.562500
1989-01-06,4.562500
1989-01-09,4.562500
1989-01-10,4.562500
1989-01-11,4.312500
1989-01-12,4.375000
1989-01-13,4.437500
1989-01-16,4.375000
1989-01-17,4.250000
1989-01-18,4.312500
1989-01-19,4.312500
1989-01-20,4.250000
1989-01-23,4.312500
1989-01-24,4.312500
1989-01-25,4.375000
1989-01-26,4.562500
1989-01-27,4.562500
1989-01-30,4.500000
1989-01-31,4.562500
1989-02-01,4.500000
1989-02-02,4.687500
1989-02-03,4.750000
1989-02-06,4.687500
1989-02-07,4.687500
1989-02-08,4.500000
1989-02-09,4.437500
1989-02-10,4.437500
1989-02-13,4.437500
1989-02-14,4.312500
1989-02-15,4.375000
1989-02-16,4.312500
1989-02-17,4.312500
1989-02-21,4.500000
1989-02-22,4.312500
1989-02-23,4.312500
1989-02-24,4.187500
1989-02-27,4.187500
1989-02-28,4.125000
1989-03-01,4.062500
1989-03-02,4.062500
1989-03-03,4.062500
1989-03-06,4.125000
1989-03-07,4.062500
1989-03-08,4.125000
1989-03-09,4.312500
1989-03-10,4.312500
1989-03-13,4.375000
1989-03-14,4.312500
1989-03-15,4.187500
1989-03-16,4.187500
1989-03-17,4.062500
1989-03-20,4.125000
1989-03-21,4.125000
1989-03-22,4.000000
1989-03-23,4.125000
1989-03-27,4.250000
1989-03-28,4.187500
1989-03-29,4.125000
1989-03-30,4.125000
1989-03-31,4.250000
1989-04-03,4.312500
1989-04-04,4.250000
1989-04-05,4.312500
1989-04-06,4.312500
1989-04-07,4.625000
1989-04-10,4.437500
1989-04-11,4.562500
1989-04-12,4.500000
1989-04-13,4.500000
1989-04-14,4.437500
1989-04-17,4.437500
1989-04-18,4.562500
1989-04-19,4.500000
1989-04-20,4.500000
1989-04-21,4.437500
1989-04-24,4.562500
1989-04-25,4.500000
1989-04-26,4.437500
1989-04-27,4.437500
1989-04-28,4.437500
1989-05-01,4.437500
1989-05-02,4.375000
1989-05-03,4.437500
1989-05-04,4.437500
1989-05-05,4.312500
1989-05-08,4.375000
1989-05-09,4.312500
1989-05-10,4.375000
1989-05-11,4.312500
1989-05-12,4.562500
1989-05-15,4.437500
1989-05-16,4.500000
1989-05-17,4.687500
1989-05-18,4.625000
1989-05-19,4.687500
1989-05-22,4.625000
1989-05-23,4.562500
1989-05-24,4.562500
1989-05-25,4.687500
1989-05-26,4.750000
1989-05-30,5.125000
1989-05-31,5.187500
1989-06-01,5.125000
1989-06-02,5.187500
1989-06-05,5.062500
1989-06-06,5.062500
1989-06-07,5.125000
1989-06-08,5.062500
1989-06-09,5.000000
1989-06-12,5.187500
1989-06-13,5.062500
1989-06-14,5.062500
1989-06-15,4.875000
1989-06-16,4.937500
1989-06-19,4.875000
1989-06-20,4.937500
1989-06-21,4.875000
1989-06-22,5.000000
1989-06-23,5.125000
1989-06-26,5.062500
1989-06-27,5.062500
1989-06-28,5.000000
1989-06-29,4.875000
1989-06-30,4.875000
1989-07-03,4.937500
1989-07-05,4.937500
1989-07-06,5.000000
1989-07-07,5.000000
1989-07-10,4.937500
1989-07-11,4.687500
1989-07-12,4.687500
1989-07-13,4.750000
1989-07-14,4.687500
1989-07-17,4.687500
1989-07-18,4.687500
1989-07-19,4.625000
1989-07-20,4.562500
1989-07-21,4.500000
1989-07-24,4.500000
1989-07-25,4.437500
1989-07-26,4.500000
1989-07-27,4.437500
1989-07-28,4.250000
1989-07-31,4.312500
1989-08-01,4.250000
1989-08-02,4.250000
1989-08-03,4.250000
1989-08-04,4.437500
1989-08-07,4.500000
1989-08-08,4.312500
1989-08-09,4.312500
1989-08-10,4.375000
1989-08-11,4.312500
1989-08-14,4.312500
1989-08-15,4.312500
1989-08-16,4.250000
1989-08-17,4.187500
1989-08-18,4.250000
1989-08-21,4.187500
1989-08-22,4.125000
1989-08-23,4.312500
1989-08-24,4.312500
1989-08-25,4.250000
1989-08-28,4.250000
1989-08-29,4.250000
1989-08-30,4.187500
1989-08-31,4.312500
1989-09-01,4.250000
1989-09-05,4.187500
1989-09-06,4.125000
1989-09-07,4.125000
1989-09-08,4.187500
1989-09-11,4.187500
1989-09-12,4.250000
1989-09-13,4.500000
1989-09-14,4.375000
1989-09-15,4.375000
1989-09-18,4.312500
1989-09-19,4.250000
1989-09-20,4.250000
1989-09-21,4.312500
1989-09-22,4.312500
1989-09-25,4.250000
1989-09-26,4.312500
1989-09-27,4.312500
1989-09-28,4.500000
1989-09-29,4.437500
1989-10-02,4.375000
1989-10-03,4.375000
1989-10-04,4.312500
1989-10-05,4.250000
1989-10-06,4.312500
1989-10-09,4.312500
1989-10-10,4.375000
1989-10-11,4.312500
1989-10-12,4.312500
1989-10-13,4.062500
1989-10-16,4.187500
1989-10-17,4.125000
1989-10-18,4.187500
1989-10-19,4.187500
1989-10-20,4.125000
1989-10-23,4.187500
1989-10-24,4.125000
1989-10-25,4.062500
1989-10-26,3.937500
1989-10-27,3.937500
1989-10-30,3.875000
1989-10-31,3.937500
1989-11-01,3.812500
1989-11-02,3.750000
1989-11-03,3.750000
1989-11-06,3.625000
1989-11-07,3.687500
1989-11-08,3.687500
1989-11-09,3.687500
1989-11-10,3.812500
1989-11-13,3.812500
1989-11-14,3.812500
1989-11-15,3.750000
1989-11-16,3.812500
1989-11-17,3.875000
1989-11-20,3.812500
1989-11-21,3.812500
1989-11-22,3.750000
1989-11-24,3.812500
1989-11-27,3.812500
1989-11-28,3.812500
1989-11-29,3.750000
1989-11-30,3.750000
1989-12-01,3.812500
1989-12-04,3.812500
1989-12-05,3.750000
1989-12-06,3.750000
1989-12-07,3.750000
1989-12-08,3.875000
1989-12-11,3.812500
1989-12-12,3.875000
1989-12-13,4.000000
1989-12-14,4.062500
1989-12-15,4.000000
1989-12-18,3.875000
1989-12-19,3.812500
1989-12-20,3.812500
1989-12-21,3.812500
1989-12-22,3.875000
1989-12-26,3.937500
1989-12-27,3.937500
1989-12-28,3.875000
1989-12-29,3.937500
1990-01-02,4.125000
1990-01-03,4.000000
1990-01-04,3.937500
1990-01-05,3.812500
1990-01-08,3.812500
1990-01-09,3.875000
1990-01-10,3.812500
1990-01-11,3.875000
1990-01-12,3.750000
1990-01-15,3.625000
1990-01-16,3.937500
1990-01-17,3.812500
1990-01-18,3.812500
1990-01-19,3.750000
1990-01-22,3.750000
1990-01-23,3.687500
1990-01-24,3.812500
1990-01-25,3.812500
1990-01-26,3.687500
1990-01-29,3.687500
1990-01-30,3.625000
1990-01-31,3.625000
1990-02-01,3.625000
1990-02-02,3.500000
1990-02-05,3.562500
1990-02-06,3.500000
1990-02-07,3.687500
1990-02-08,3.687500
1990-02-09,3.625000
1990-02-12,3.500000
1990-02-13,3.562500
1990-02-14,3.562500
1990-02-15,3.562500
1990-02-16,3.625000
1990-02-20,3.562500
1990-02-21,3.750000
1990-02-22,3.875000
1990-02-23,3.875000
1990-02-26,4.062500
1990-02-27,4.312500
1990-02-28,4.125000
1990-03-01,4.375000
1990-03-02,4.500000
1990-03-05,4.625000
1990-03-06,4.562500
1990-03-07,4.500000
1990-03-08,4.500000
1990-03-09,4.500000
1990-03-12,4.437500
1990-03-13,4.437500
1990-03-14,4.562500
1990-03-15,4.500000
1990-03-16,4.625000
1990-03-19,4.812500
1990-03-20,4.500000
1990-03-21,4.750000
1990-03-22,4.812500
1990-03-23,4.937500
1990-03-26,4.812500
1990-03-27,4.875000
1990-03-28,4.750000
1990-03-29,4.687500
1990-03-30,4.562500
1990-04-02,4.687500
1990-04-03,4.625000
1990-04-04,4.562500
1990-04-05,4.500000
1990-04-06,4.437500
1990-04-09,4.250000
1990-04-10,4.375000
1990-04-11,4.437500
1990-04-12,4.437500
1990-04-16,4.312500
1990-04-17,4.437500
1990-04-18,4.375000
1990-04-19,4.312500
1990-04-20,4.312500
1990-04-23,4.187500
1990-04-24,4.187500
1990-04-25,4.187500
1990-04-26,4.312500
1990-04-27,4.312500
1990-04-30,4.375000
1990-05-01,4.375000
1990-05-02,4.312500
1990-05-03,4.312500
1990-05-04,4.187500
1990-05-07,4.312500
1990-05-08,4.500000
1990-05-09,4.500000
1990-05-10,4.562500
1990-05-11,4.750000
1990-05-14,4.937500
1990-05-15,5.062500
1990-05-16,5.000000
1990-05-17,5.250000
1990-05-18,5.187500
1990-05-21,5.375000
1990-05-22,5.375000
1990-05-23,5.562500
1990-05-24,5.437500
1990-05-25,5.375000
1990-05-29,5.500000
1990-05-30,5.375000
1990-05-31,5.250000
1990-06-01,5.250000
1990-06-04,5.375000
1990-06-05,5.062500
1990-06-06,5.125000
1990-06-07,4.875000
1990-06-08,4.812500
1990-06-11,4.875000
1990-06-12,4.937500
1990-06-13,4.937500
1990-06-14,4.687500
1990-06-15,4.687500
1990-06-18,4.625000
1990-06-19,4.625000
1990-06-20,4.562500
1990-06-21,4.625000
1990-06-22,4.500000
1990-06-25,4.500000
1990-06-26,4.500000
1990-06-27,4.562500
1990-06-28,4.687500
1990-06-29,4.750000
1990-07-02,4.875000
1990-07-03,4.750000
1990-07-05,4.750000
1990-07-06,4.812500
1990-07-09,4.687500
1990-07-10,4.500000
1990-07-11,4.687500
1990-07-12,4.687500
1990-07-13,4.812500
1990-07-16,4.812500
1990-07-17,4.687500
1990-07-18,4.562500
1990-07-19,4.500000
1990-07-20,3.625000
1990-07-23,3.562500
1990-07-24,3.562500
1990-07-25,3.625000
1990-07-26,3.625000
1990-07-27,3.562500
1990-07-30,3.562500
1990-07-31,3.500000
1990-08-01,3.437500
1990-08-02,3.187500
1990-08-03,3.062500
1990-08-06,2.812500
1990-08-07,2.687500
1990-08-08,2.812500
1990-08-09,2.812500
1990-08-10,2.750000
1990-08-13,2.875000
1990-08-14,3.000000
1990-08-15,3.000000
1990-08-16,2.937500
1990-08-17,2.875000
1990-08-20,2.875000
1990-08-21,2.750000
1990-08-22,2.812500
1990-08-23,2.750000
1990-08-24,2.750000
1990-08-27,2.875000
1990-08-28,2.812500
1990-08-29,2.625000
1990-08-30,2.625000
1990-08-31,2.687500
1990-09-04,2.812500
1990-09-05,2.937500
1990-09-06,2.937500
1990-09-07,3.125000
1990-09-10,3.000000
1990-09-11,3.000000
1990-09-12,2.937500
1990-09-13,2.937500
1990-09-14,2.875000
1990-09-17,2.875000
1990-09-18,2.812500
1990-09-19,2.875000
1990-09-20,2.812500
1990-09-21,2.750000
1990-09-24,2.625000
1990-09-25,2.625000
1990-09-26,2.687500
1990-09-27,2.625000
1990-09-28,2.562500
1990-10-01,2.687500
1990-10-02,2.687500
1990-10-03,2.500000
1990-10-04,2.437500
1990-10-05,2.500000
1990-10-08,2.312500
1990-10-09,2.000000
1990-10-10,1.937500
1990-10-11,2.125000
1990-10-12,2.000000
1990-10-15,2.062500
1990-10-16,2.000000
1990-10-17,1.875000
1990-10-18,1.937500
1990-10-19,2.000000
1990-10-22,2.000000
1990-10-23,2.000000
1990-10-24,2.000000
1990-10-25,2.062500
1990-10-26,2.062500
1990-10-29,2.000000
1990-10-30,2.000000
1990-10-31,1.937500
1990-11-01,1.937500
1990-11-02,1.875000
1990-11-05,1.875000
1990-11-06,1.875000
1990-11-07,1.875000
1990-11-08,1.937500
1990-11-09,1.937500
1990-11-12,2.312500
1990-11-13,2.312500
1990-11-14,2.375000
1990-11-15,2.125000
1990-11-16,2.125000
1990-11-19,2.062500
1990-11-20,2.062500
1990-11-21,2.125000
1990-11-23,2.000000
1990-11-26,2.062500
1990-11-27,2.062500
1990-11-28,2.125000
1990-11-29,2.062500
1990-11-30,2.187500
1990-12-03,2.187500
1990-12-04,2.187500
1990-12-05,2.312500
1990-12-06,2.250000
1990-12-07,2.312500
1990-12-10,2.562500
1990-12-11,2.437500
1990-12-12,2.437500
1990-12-13,2.437500
1990-12-14,2.437500
1990-12-17,2.437500
1990-12-18,2.500000
1990-12-19,2.625000
1990-12-20,2.625000
1990-12-21,2.687500
1990-12-24,2.562500
1990-12-26,2.562500
1990-12-27,2.437500
1990-12-28,2.375000
1990-12-31,2.437500
1991-01-02,2.500000
1991-01-03,2.562500
1991-01-04,2.562500
1991-01-07,2.500000
1991-01-08,2.500000
1991-01-09,2.375000
1991-01-10,2.437500
1991-01-11,2.500000
1991-01-14,2.375000
1991-01-15,2.562500
1991-01-16,2.687500
1991-01-17,2.812500
1991-01-18,2.812500
1991-01-21,2.812500
1991-01-22,2.937500
1991-01-23,3.250000
1991-01-24,3.437500
1991-01-25,3.625000
1991-01-28,3.437500
1991-01-29,3.437500
1991-01-30,3.500000
1991-01-31,3.625000
1991-02-01,3.750000
1991-02-04,4.062500
1991-02-05,4.000000
1991-02-06,3.937500
1991-02-07,4.062500
1991-02-08,3.937500
1991-02-11,4.062500
1991-02-12,4.062500
1991-02-13,4.062500
1991-02-14,3.875000
1991-02-15,3.937500
1991-02-19,3.937500
1991-02-20,4.062500
1991-02-21,4.000000
1991-02-22,3.875000
1991-02-25,3.687500
1991-02-26,3.750000
1991-02-27,4.062500
1991-02-28,4.062500
1991-03-01,4.000000
1991-03-04,4.625000
1991-03-05,4.875000
1991-03-06,4.812500
1991-03-07,4.750000
1991-03-08,4.687500
1991-03-11,4.687500
1991-03-12,4.562500
1991-03-13,4.812500
1991-03-14,5.125000
1991-03-15,5.125000
1991-03-18,5.187500
1991-03-19,5.375000
1991-03-20,5.250000
1991-03-21,5.500000
1991-03-22,5.625000
1991-03-25,5.562500
1991-03-26,5.500000
1991-03-27,5.250000
1991-03-28,5.250000
1991-04-01,5.062500
1991-04-02,5.312500
1991-04-03,5.375000
1991-04-04,5.562500
1991-04-05,5.687500
1991-04-08,5.812500
1991-04-09,5.750000
1991-04-10,5.812500
1991-04-11,6.312500
1991-04-12,6.812500
1991-04-15,6.750000
1991-04-16,6.937500
1991-04-17,7.125000
1991-04-18,6.937500
1991-04-19,6.750000
1991-04-22,6.250000
1991-04-23,6.437500
1991-04-24,6.500000
1991-04-25,6.375000
1991-04-26,6.187500
1991-04-29,6.187500
1991-04-30,6.125000
1991-05-01,6.187500
1991-05-02,6.000000
1991-05-03,6.062500
1991-05-06,6.000000
1991-05-07,5.812500
1991-05-08,5.937500
1991-05-09,6.312500
1991-05-10,6.125000
1991-05-13,6.000000
1991-05-14,5.937500
1991-05-15,5.562500
1991-05-16,5.562500
1991-05-17,5.500000
1991-05-20,5.687500
1991-05-21,6.000000
1991-05-22,6.500000
1991-05-23,6.437500
1991-05-24,6.500000
1991-05-28,6.500000
1991-05-29,6.437500
1991-05-30,6.625000
1991-05-31,6.750000
1991-06-03,7.000000
1991-06-04,7.000000
1991-06-05,6.750000
1991-06-06,6.750000
1991-06-07,6.500000
1991-06-10,6.625000
1991-06-11,6.750000
1991-06-12,6.375000
1991-06-13,6.375000
1991-06-14,6.437500
1991-06-17,6.375000
1991-06-18,6.125000
1991-06-19,6.062500
1991-06-20,6.000000
1991-06-21,6.000000
1991-06-24,5.750000
1991-06-25,5.875000
1991-06-26,5.812500
1991-06-27,5.812500
1991-06-28,6.000000
1991-07-01,6.187500
1991-07-02,6.000000
1991-07-03,5.750000
1991-07-05,5.687500
1991-07-08,5.750000
1991-07-09,5.937500
1991-07-10,6.187500
1991-07-11,6.437500
1991-07-12,6.500000
1991-07-15,6.750000
1991-07-16,5.937500
1991-07-17,5.812500
1991-07-18,5.812500
1991-07-19,5.562500
1991-07-22,5.437500
1991-07-23,5.187500
1991-07-24,5.312500
1991-07-25,5.312500
1991-07-26,5.187500
1991-07-29,5.125000
1991-07-30,5.375000
1991-07-31,5.562500
1991-08-01,5.750000
1991-08-02,5.750000
1991-08-05,5.625000
1991-08-06,5.687500
1991-08-07,5.687500
1991-08-08,5.687500
1991-08-09,5.500000
1991-08-12,5.562500
1991-08-13,5.687500
1991-08-14,5.750000
1991-08-15,5.687500
1991-08-16,5.562500
1991-08-19,5.312500
1991-08-20,5.500000
1991-08-21,5.687500
1991-08-22,5.875000
1991-08-23,5.750000
1991-08-26,5.750000
1991-08-27,5.750000
1991-08-28,6.062500
1991-08-29,6.062500
1991-08-30,6.187500
1991-09-03,6.000000
1991-09-04,6.000000
1991-09-05,5.812500
1991-09-06,5.937500
1991-09-09,6.000000
1991-09-10,5.812500
1991-09-11,5.937500
1991-09-12,5.875000
1991-09-13,5.625000
1991-09-16,5.375000
1991-09-17,5.125000
1991-09-18,5.375000
1991-09-19,5.250000
1991-09-20,5.187500
1991-09-23,5.125000
1991-09-24,5.062500
1991-09-25,5.125000
1991-09-26,5.250000
1991-09-27,4.812500
1991-09-30,4.687500
1991-10-01,4.500000
1991-10-02,4.687500
1991-10-03,4.312500
1991-10-04,4.500000
1991-10-07,4.500000
1991-10-08,4.500000
1991-10-09,4.625000
1991-10-10,5.000000
1991-10-11,5.250000
1991-10-14,5.562500
1991-10-15,5.500000
1991-10-16,5.687500
1991-10-17,5.562500
1991-10-18,5.562500
1991-10-21,5.375000
1991-10-22,5.437500
1991-10-23,5.375000
1991-10-24,5.312500
1991-10-25,5.187500
1991-10-28,5.312500
1991-10-29,5.500000
1991-10-30,5.562500
1991-10-31,6.375000
1991-11-01,6.125000
1991-11-04,6.125000
1991-11-05,6.187500
1991-11-06,6.312500
1991-11-07,6.625000
1991-11-08,6.500000
1991-11-11,6.500000
1991-11-12,6.562500
1991-11-13,7.000000
1991-11-14,6.875000
1991-11-15,6.312500
1991-11-18,6.500000
1991-11-19,6.250000
1991-11-20,6.375000
1991-11-21,6.500000
1991-11-22,6.937500
1991-11-25,6.937500
1991-11-26,7.062500
1991-11-27,7.187500
1991-11-29,7.187500
1991-12-02,7.125000
1991-12-03,7.437500
1991-12-04,7.500000
1991-12-05,7.500000
1991-12-06,7.562500
1991-12-09,7.437500
1991-12-10,7.437500
1991-12-11,7.562500
1991-12-12,7.875000
1991-12-13,7.875000
1991-12-16,7.875000
1991-12-17,7.750000
1991-12-18,7.500000
1991-12-19,8.375000
1991-12-20,8.250000
1991-12-23,8.687500
1991-12-24,8.750000
1991-12-26,8.500000
1991-12-27,8.375000
1991-12-30,8.500000
1991-12-31,8.750000
1992-01-02,8.937500
1992-01-03,9.125000
1992-01-06,9.625000
1992-01-07,9.937500
1992-01-08,9.500000
1992-01-09,9.437500
1992-01-10,9.562500
1992-01-13,9.937500
1992-01-14,10.062500
1992-01-15,9.625000
1992-01-16,8.875000
1992-01-17,9.312500
1992-01-20,9.687500
1992-01-21,10.000000
1992-01-22,10.500000
1992-01-23,10.312500
1992-01-24,10.312500
1992-01-27,10.500000
1992-01-28,10.375000
1992-01-29,10.500000
1992-01-30,9.625000
1992-01-31,9.437500
1992-02-03,9.750000
1992-02-04,10.312500
1992-02-05,10.625000
1992-02-06,10.062500
1992-02-07,10.125000
1992-02-10,10.375000
1992-02-11,10.312500
1992-02-12,10.375000
1992-02-13,10.000000
1992-02-14,9.687500
1992-02-18,9.750000
1992-02-19,9.625000
1992-02-20,9.937500
1992-02-21,9.750000
1992-02-24,9.562500
1992-02-25,9.625000
1992-02-26,9.125000
1992-02-27,9.000000
1992-02-28,9.187500
1992-03-02,9.062500
1992-03-03,8.937500
1992-03-04,8.625000
1992-03-05,8.250000
1992-03-06,8.562500
1992-03-09,9.000000
1992-03-10,9.125000
1992-03-11,8.937500
1992-03-12,8.812500
1992-03-13,8.937500
1992-03-16,8.937500
1992-03-17,9.000000
1992-03-18,9.375000
1992-03-19,9.250000
1992-03-20,9.375000
1992-03-23,9.375000
1992-03-24,9.125000
1992-03-25,9.625000
1992-03-26,9.562500
1992-03-27,8.750000
1992-03-30,8.687500
1992-03-31,8.875000
1992-04-01,8.812500
1992-04-02,8.875000
1992-04-03,8.875000
1992-04-06,9.437500
1992-04-07,8.812500
1992-04-08,8.812500
1992-04-09,8.500000
1992-04-10,8.312500
1992-04-13,8.312500
1992-04-14,8.687500
1992-04-15,8.750000
1992-04-16,8.437500
1992-04-20,8.187500
1992-04-21,8.187500
1992-04-22,8.000000
1992-04-23,7.500000
1992-04-24,7.500000
1992-04-27,7.625000
1992-04-28,7.750000
1992-04-29,8.375000
1992-04-30,8.937500
1992-05-01,8.437500
1992-05-04,8.500000
1992-05-05,9.000000
1992-05-06,8.875000
1992-05-07,9.000000
1992-05-08,8.937500
1992-05-11,9.062500
1992-05-12,9.000000
1992-05-13,8.750000
1992-05-14,7.812500
1992-05-15,7.750000
1992-05-18,7.500000
1992-05-19,8.000000
1992-05-20,7.437500
1992-05-21,7.500000
1992-05-22,7.687500
1992-05-26,7.625000
1992-05-27,7.687500
1992-05-28,7.812500
1992-05-29,7.875000
1992-06-01,7.750000
1992-06-02,7.687500
1992-06-03,7.625000
1992-06-04,7.500000
1992-06-05,7.500000
1992-06-08,7.312500
1992-06-09,7.687500
1992-06-10,7.937500
1992-06-11,7.875000
1992-06-12,7.437500
1992-06-15,7.687500
1992-06-16,7.500000
1992-06-17,7.250000
1992-06-18,4.500000
1992-06-19,4.687500
1992-06-22,4.875000
1992-06-23,4.562500
1992-06-24,4.437500
1992-06-25,4.375000
1992-06-26,4.312500
1992-06-29,4.437500
1992-06-30,4.375000
1992-07-01,4.375000
1992-07-02,3.812500
1992-07-06,3.812500
1992-07-07,3.875000
1992-07-08,3.875000
1992-07-09,4.000000
1992-07-10,4.125000
1992-07-13,4.250000
1992-07-14,4.375000
1992-07-15,4.437500
1992-07-16,4.437500
1992-07-17,4.312500
1992-07-20,4.312500
1992-07-21,4.437500
1992-07-22,4.312500
1992-07-23,4.312500
1992-07-24,4.187500
1992-07-27,4.250000
1992-07-28,4.250000
1992-07-29,4.312500
1992-07-30,4.312500
1992-07-31,4.437500
1992-08-03,4.750000
1992-08-04,4.687500
1992-08-05,4.625000
1992-08-06,4.687500
1992-08-07,4.687500
1992-08-10,4.562500
1992-08-11,4.500000
1992-08-12,4.500000
1992-08-13,4.625000
1992-08-14,4.687500
1992-08-17,4.562500
1992-08-18,4.500000
1992-08-19,4.500000
1992-08-20,4.437500
1992-08-21,4.312500
1992-08-24,4.250000
1992-08-25,4.562500
1992-08-26,4.750000
1992-08-27,4.812500
1992-08-28,4.750000
1992-08-31,5.062500
1992-09-01,5.250000
1992-09-02,5.687500
1992-09-03,5.687500
1992-09-04,5.562500
1992-09-08,5.500000
1992-09-09,5.750000
1992-09-10,6.125000
1992-09-11,6.187500
1992-09-14,6.125000
1992-09-15,6.125000
1992-09-16,6.062500
1992-09-17,6.125000
1992-09-18,6.125000
1992-09-21,6.125000
1992-09-22,6.000000
1992-09-23,5.812500
1992-09-24,5.875000
1992-09-25,5.750000
1992-09-28,5.750000
1992-09-29,5.750000
1992-09-30,5.625000
1992-10-01,5.437500
1992-10-02,5.625000
1992-10-05,5.875000
1992-10-06,6.437500
1992-10-07,6.187500
1992-10-08,6.187500
1992-10-09,5.937500
1992-10-12,6.250000
1992-10-13,6.375000
1992-10-14,6.375000
1992-10-15,6.312500
1992-10-16,6.500000
1992-10-19,6.875000
1992-10-20,7.000000
1992-10-21,7.125000
1992-10-22,7.187500
1992-10-23,7.187500
1992-10-26,7.312500
1992-10-27,7.375000
1992-10-28,7.750000
1992-10-29,7.937500
1992-10-30,8.250000
1992-11-02,7.937500
1992-11-03,7.750000
1992-11-04,8.125000
1992-11-05,8.187500
1992-11-06,8.125000
1992-11-09,8.000000
1992-11-10,8.000000
1992-11-11,8.187500
1992-11-12,8.187500
1992-11-13,8.250000
1992-11-16,8.187500
1992-11-17,8.062500
1992-11-18,8.187500
1992-11-19,9.000000
1992-11-20,9.187500
1992-11-23,9.250000
1992-11-24,9.000000
1992-11-25,8.812500
1992-11-27,8.687500
1992-11-30,8.937500
1992-12-01,9.125000
1992-12-02,8.937500
1992-12-03,8.062500
1992-12-04,8.375000
1992-12-07,8.812500
1992-12-08,8.812500
1992-12-09,8.625000
1992-12-10,8.437500
1992-12-11,8.375000
1992-12-14,8.375000
1992-12-15,8.187500
1992-12-16,8.312500
1992-12-17,9.000000
1992-12-18,9.125000
1992-12-21,9.125000
1992-12-22,9.187500
1992-12-23,8.812500
1992-12-24,8.812500
1992-12-28,8.875000
1992-12-29,8.937500
1992-12-30,9.062500
1992-12-31,9.062500
1993-01-04,8.812500
1993-01-05,9.500000
1993-01-06,9.875000
1993-01-07,10.000000
1993-01-08,9.625000
1993-01-11,9.937500
1993-01-12,9.750000
1993-01-13,9.875000
1993-01-14,10.187500
1993-01-15,10.000000
1993-01-18,10.000000
1993-01-19,10.312500
1993-01-20,10.062500
1993-01-21,10.000000
1993-01-22,9.875000
1993-01-25,9.937500
1993-01-26,9.812500
1993-01-27,9.687500
1993-01-28,9.500000
1993-01-29,9.375000
1993-02-01,9.562500
1993-02-02,10.125000
1993-02-03,10.250000
1993-02-04,10.062500
1993-02-05,9.812500
1993-02-08,9.875000
1993-02-09,9.875000
1993-02-10,9.875000
1993-02-11,10.500000
1993-02-12,10.687500
1993-02-16,9.875000
1993-02-17,10.187500
1993-02-18,10.562500
1993-02-19,11.062500
1993-02-22,10.875000
1993-02-23,10.687500
1993-02-24,11.000000
1993-02-25,11.062500
1993-02-26,10.875000
1993-03-01,10.625000
1993-03-02,11.125000
1993-03-03,11.437500
1993-03-04,11.312500
1993-03-05,11.625000
1993-03-08,12.000000
1993-03-09,11.812500
1993-03-10,11.812500
1993-03-11,11.875000
1993-03-12,11.875000
1993-03-15,11.937500
1993-03-16,11.750000
1993-03-17,11.562500
1993-03-18,11.625000
1993-03-19,11.312500
1993-03-22,11.125000
1993-03-23,11.000000
1993-03-24,11.125000
1993-03-25,11.562500
1993-03-26,11.375000
1993-03-29,11.437500
1993-03-30,11.500000
1993-03-31,11.500000
1993-04-01,11.312500
1993-04-02,10.687500
1993-04-05,11.125000
1993-04-06,11.750000
1993-04-07,12.562500
1993-04-08,12.437500
1993-04-12,12.937500
1993-04-13,12.375000
1993-04-14,12.250000
1993-04-15,12.187500
1993-04-16,12.062500
1993-04-19,14.000000
1993-04-20,13.812500
1993-04-21,14.500000
1993-04-22,15.500000
1993-04-23,15.250000
1993-04-26,14.500000
1993-04-27,14.875000
1993-04-28,15.062500
1993-04-29,14.562500
1993-04-30,14.062500
1993-05-03,14.687500
1993-05-04,15.125000
1993-05-05,14.750000
1993-05-06,14.375000
1993-05-07,14.750000
1993-05-10,14.750000
1993-05-11,14.562500
1993-05-12,14.437500
1993-05-13,14.437500
1993-05-14,14.250000
1993-05-17,14.000000
1993-05-18,14.250000
1993-05-19,14.562500
1993-05-20,14.375000
1993-05-21,14.437500
1993-05-24,14.500000
1993-05-25,14.812500
1993-05-26,15.187500
1993-05-27,14.687500
1993-05-28,14.312500
1993-06-01,14.125000
1993-06-02,13.812500
1993-06-03,14.250000
1993-06-04,14.000000
1993-06-07,11.875000
1993-06-08,11.937500
1993-06-09,11.500000
1993-06-10,11.125000
1993-06-11,10.562500
1993-06-14,10.687500
1993-06-15,10.875000
1993-06-16,10.500000
1993-06-17,10.312500
1993-06-18,10.375000
1993-06-21,10.687500
1993-06-22,10.687500
1993-06-23,10.562500
1993-06-24,10.625000
1993-06-25,10.687500
1993-06-28,11.062500
1993-06-29,12.000000
1993-06-30,12.062500
1993-07-01,12.062500
1993-07-02,11.937500
1993-07-06,11.625000
1993-07-07,12.000000
1993-07-08,12.437500
1993-07-09,12.437500
1993-07-12,12.312500
1993-07-13,12.312500
1993-07-14,12.500000
1993-07-15,12.187500
1993-07-16,11.500000
1993-07-19,11.625000
1993-07-20,12.250000
1993-07-21,12.437500
1993-07-22,12.187500
1993-07-23,12.187500
1993-07-26,12.312500
1993-07-27,12.187500
1993-07-28,12.125000
1993-07-29,11.937500
1993-07-30,11.937500
1993-08-02,12.312500
1993-08-03,12.500000
1993-08-04,12.937500
1993-08-05,13.500000
1993-08-06,14.125000
1993-08-09,14.312500
1993-08-10,14.187500
1993-08-11,14.812500
1993-08-12,15.062500
1993-08-13,15.125000
1993-08-16,15.625000
1993-08-17,15.937500
1993-08-18,15.687500
1993-08-19,15.000000
1993-08-20,15.500000
1993-08-23,15.812500
1993-08-24,15.500000
1993-08-25,15.312500
1993-08-26,15.437500
1993-08-27,15.625000
1993-08-30,15.750000
1993-08-31,16.187500
1993-09-01,15.812500
1993-09-02,15.500000
1993-09-03,14.500000
1993-09-07,13.812500
1993-09-08,13.687500
1993-09-09,13.875000
1993-09-10,14.250000
1993-09-13,14.187500
1993-09-14,13.875000
1993-09-15,13.875000
1993-09-16,14.375000
1993-09-17,14.687500
1993-09-20,14.875000
1993-09-21,14.437500
1993-09-22,14.937500
1993-09-23,15.062500
1993-09-24,15.000000
1993-09-27,14.687500
1993-09-28,15.000000
1993-09-29,14.062500
1993-09-30,13.187500
1993-10-01,12.937500
1993-10-04,13.375000
1993-10-05,11.000000
1993-10-06,10.500000
1993-10-07,10.375000
1993-10-08,10.250000
1993-10-11,10.062500
1993-10-12,10.187500
1993-10-13,10.062500
1993-10-14,9.937500
1993-10-15,10.125000
1993-10-18,10.062500
1993-10-19,9.750000
1993-10-20,9.437500
1993-10-21,9.937500
1993-10-22,10.000000
1993-10-25,9.875000
1993-10-26,9.687500
1993-10-27,9.937500
1993-10-28,9.875000
1993-10-29,9.875000
1993-11-01,10.187500
1993-11-02,10.125000
1993-11-03,9.812500
1993-11-04,9.437500
1993-11-05,9.625000
1993-11-08,9.500000
1993-11-09,9.437500
1993-11-10,9.812500
1993-11-11,10.000000
1993-11-12,9.875000
1993-11-15,10.000000
1993-11-16,9.812500
1993-11-17,9.500000
1993-11-18,9.125000
1993-11-19,9.250000
1993-11-22,9.125000
1993-11-23,9.250000
1993-11-24,9.500000
1993-11-26,9.562500
1993-11-29,9.437500
1993-11-30,9.500000
1993-12-01,9.437500
1993-12-02,9.312500
1993-12-03,9.250000
1993-12-06,8.875000
1993-12-07,9.062500
1993-12-08,9.062500
1993-12-09,8.812500
1993-12-10,8.812500
1993-12-13,9.062500
1993-12-14,9.000000
1993-12-15,9.000000
1993-12-16,8.812500
1993-12-17,8.937500
1993-12-20,8.875000
1993-12-21,8.562500
1993-12-22,8.687500
1993-12-23,8.687500
1993-12-27,8.750000
1993-12-28,9.062500
1993-12-29,8.875000
1993-12-30,8.875000
1993-12-31,8.875000
1994-01-03,8.937500
1994-01-04,9.125000
1994-01-05,9.062500
1994-01-06,9.125000
1994-01-07,9.187500
1994-01-10,9.062500
1994-01-11,8.875000
1994-01-12,8.937500
1994-01-13,9.062500
1994-01-14,9.437500
1994-01-17,9.750000
1994-01-18,9.750000
1994-01-19,9.562500
1994-01-20,9.375000
1994-01-21,9.625000
1994-01-24,10.250000
1994-01-25,10.000000
1994-01-26,10.312500
1994-01-27,10.375000
1994-01-28,10.187500
1994-01-31,10.250000
1994-02-01,10.125000
1994-02-02,10.312500
1994-02-03,10.437500
1994-02-04,10.187500
1994-02-07,10.187500
1994-02-08,11.000000
1994-02-09,10.937500
1994-02-10,10.875000
1994-02-11,10.625000
1994-02-14,10.687500
1994-02-15,10.937500
1994-02-16,10.875000
1994-02-17,11.000000
1994-02-18,10.875000
1994-02-22,10.875000
1994-02-23,10.937500
1994-02-24,10.750000
1994-02-25,10.625000
1994-02-28,10.750000
1994-03-01,10.875000
1994-03-02,10.875000
1994-03-03,11.750000
1994-03-04,11.687500
1994-03-07,11.312500
1994-03-08,10.750000
1994-03-09,11.375000
1994-03-10,14.437500
1994-03-11,14.125000
1994-03-14,13.875000
1994-03-15,14.312500
1994-03-16,14.750000
1994-03-17,14.812500
1994-03-18,14.875000
1994-03-21,15.437500
1994-03-22,15.625000
1994-03-23,15.375000
1994-03-24,15.000000
1994-03-25,14.812500
1994-03-28,14.562500
1994-03-29,14.625000
1994-03-30,15.437500
1994-03-31,15.625000
1994-04-04,15.500000
1994-04-05,15.125000
1994-04-06,14.625000
1994-04-07,14.250000
1994-04-08,14.000000
1994-04-11,13.812500
1994-04-12,12.812500
1994-04-13,12.750000
1994-04-14,12.562500
1994-04-15,12.000000
1994-04-18,12.000000
1994-04-19,11.812500
1994-04-20,12.000000
1994-04-21,12.812500
1994-04-22,12.750000
1994-04-25,12.875000
1994-04-26,13.437500
1994-04-28,13.000000
1994-04-29,13.187500
1994-05-02,13.375000
1994-05-03,12.937500
1994-05-04,12.625000
1994-05-05,12.500000
1994-05-06,12.250000
1994-05-09,12.375000
1994-05-10,12.625000
1994-05-11,12.062500
1994-05-12,11.875000
1994-05-13,11.875000
1994-05-16,11.812500
1994-05-17,11.812500
1994-05-18,12.437500
1994-05-19,12.812500
1994-05-20,12.562500
1994-05-23,12.937500
1994-05-24,13.500000
1994-05-25,13.500000
1994-05-26,13.375000
1994-05-27,13.125000
1994-05-31,13.500000
1994-06-01,14.437500
1994-06-02,14.562500
1994-06-03,14.125000
1994-06-06,14.000000
1994-06-07,13.875000
1994-06-08,13.187500
1994-06-09,13.062500
1994-06-10,13.437500
1994-06-13,13.312500
1994-06-14,13.437500
1994-06-15,13.250000
1994-06-16,13.000000
1994-06-17,13.000000
1994-06-20,12.750000
1994-06-21,12.375000
1994-06-22,12.875000
1994-06-23,12.312500
1994-06-24,12.187500
1994-06-27,12.750000
1994-06-28,13.062500
1994-06-29,13.250000
1994-06-30,12.500000
1994-07-01,13.000000
1994-07-05,12.937500
1994-07-06,12.500000
1994-07-07,13.187500
1994-07-08,13.375000
1994-07-11,13.500000
1994-07-12,13.375000
1994-07-13,13.250000
1994-07-14,13.000000
1994-07-15,12.687500
1994-07-18,12.750000
1994-07-19,12.375000
1994-07-20,12.312500
1994-07-21,12.937500
1994-07-22,12.937500
1994-07-25,12.750000
1994-07-26,12.812500
1994-07-27,12.812500
1994-07-28,12.875000
1994-07-29,13.500000
1994-08-01,13.500000
1994-08-02,13.437500
1994-08-03,13.437500
1994-08-04,13.187500
1994-08-05,13.312500
1994-08-08,13.562500
1994-08-09,13.812500
1994-08-10,14.062500
1994-08-11,14.062500
1994-08-12,14.187500
1994-08-15,14.125000
1994-08-16,14.000000
1994-08-17,14.375000
1994-08-18,14.250000
1994-08-19,14.375000
1994-08-22,14.375000
1994-08-23,14.500000
1994-08-24,14.562500
1994-08-25,14.562500
1994-08-26,14.687500
1994-08-29,14.500000
1994-08-30,14.750000
1994-08-31,14.500000
1994-09-01,13.750000
1994-09-02,14.062500
1994-09-06,13.937500
1994-09-07,13.812500
1994-09-08,14.062500
1994-09-09,13.937500
1994-09-12,13.750000
1994-09-13,14.187500
1994-09-14,14.500000
1994-09-15,14.687500
1994-09-16,15.000000
1994-09-19,15.000000
1994-09-20,14.812500
1994-09-21,14.562500
1994-09-22,14.875000
1994-09-23,15.000000
1994-09-26,14.750000
1994-09-27,14.812500
1994-09-28,15.000000
1994-09-29,14.812500
1994-09-30,14.875000
1994-10-03,13.250000
1994-10-04,12.562500
1994-10-05,12.625000
1994-10-06,12.250000
1994-10-07,12.312500
1994-10-10,12.625000
1994-10-11,12.312500
1994-10-12,11.750000
1994-10-13,11.625000
1994-10-14,11.375000
1994-10-17,11.812500
1994-10-18,11.687500
1994-10-19,11.562500
1994-10-20,11.750000
1994-10-21,11.875000
1994-10-24,12.312500
1994-10-25,12.125000
1994-10-26,12.250000
1994-10-27,12.937500
1994-10-28,13.187500
1994-10-31,13.187500
1994-11-01,12.875000
1994-11-02,13.187500
1994-11-03,13.187500
1994-11-04,13.000000
1994-11-07,12.812500
1994-11-08,12.875000
1994-11-09,12.937500
1994-11-10,12.375000
1994-11-11,12.250000
1994-11-14,12.250000
1994-11-15,12.375000
1994-11-16,12.312500
1994-11-17,12.437500
1994-11-18,12.625000
1994-11-21,12.812500
1994-11-22,12.437500
1994-11-23,12.375000
1994-11-25,12.625000
1994-11-28,12.687500
1994-11-29,12.687500
1994-11-30,12.625000
1994-12-01,12.437500
1994-12-02,12.500000
1994-12-05,12.562500
1994-12-06,12.312500
1994-12-07,12.000000
1994-12-08,11.750000
1994-12-09,11.875000
1994-12-12,11.625000
1994-12-13,11.375000
1994-12-14,11.687500
1994-12-15,11.812500
1994-12-16,11.562500
1994-12-19,11.250000
1994-12-20,11.437500
1994-12-21,11.437500
1994-12-22,11.437500
1994-12-23,11.437500
1994-12-27,12.000000
1994-12-28,12.062500
1994-12-29,12.375000
1994-12-30,12.437500
1995-01-03,12.500000
1995-01-04,12.812500
1995-01-05,12.750000
1995-01-06,13.937500
1995-01-09,14.437500
1995-01-10,14.562500
1995-01-11,14.312500
1995-01-12,15.875000
1995-01-13,15.750000
1995-01-16,15.937500
1995-01-17,15.750000
1995-01-18,16.062500
1995-01-19,16.000000
1995-01-20,15.687500
1995-01-23,15.375000
1995-01-24,15.625000
1995-01-25,15.250000
1995-01-26,15.062500
1995-01-27,15.125000
1995-01-30,14.875000
1995-01-31,14.687500
1995-02-01,15.125000
1995-02-02,15.437500
1995-02-03,15.687500
1995-02-06,15.812500
1995-02-07,15.250000
1995-02-08,15.312500
1995-02-09,15.625000
1995-02-10,15.750000
1995-02-13,15.500000
1995-02-14,15.375000
1995-02-15,15.375000
1995-02-16,15.562500
1995-02-17,15.375000
1995-02-21,14.812500
1995-02-22,15.000000
1995-02-23,14.750000
1995-02-24,14.875000
1995-02-27,14.750000
1995-02-28,15.187500
1995-03-01,14.937500
1995-03-02,14.875000
1995-03-03,15.750000
1995-03-06,17.125000
1995-03-07,16.812500
1995-03-08,16.750000
1995-03-09,17.062500
1995-03-10,16.937500
1995-03-13,17.250000
1995-03-14,17.437500
1995-03-15,17.312500
1995-03-16,17.500000
1995-03-17,17.250000
1995-03-20,17.250000
1995-03-21,17.000000
1995-03-22,16.625000
1995-03-23,17.500000
1995-03-24,17.187500
1995-03-27,17.437500
1995-03-28,17.375000
1995-03-29,17.187500
1995-03-30,17.125000
1995-03-31,16.937500
1995-04-03,17.062500
1995-04-04,17.500000
1995-04-05,17.375000
1995-04-06,17.687500
1995-04-07,18.437500
1995-04-10,18.375000
1995-04-11,16.750000
1995-04-12,17.250000
1995-04-13,17.437500
1995-04-17,16.812500
1995-04-18,16.937500
1995-04-19,16.375000
1995-04-20,16.750000
1995-04-21,17.000000
1995-04-24,17.437500
1995-04-25,17.562500
1995-04-26,18.125000
1995-04-27,18.250000
1995-04-28,18.000000
1995-05-01,17.625000
1995-05-02,17.375000
1995-05-03,17.375000
1995-05-04,17.375000
1995-05-05,17.312500
1995-05-08,17.687500
1995-05-09,17.937500
1995-05-10,18.562500
1995-05-11,18.500000
1995-05-12,17.812500
1995-05-15,17.875000
1995-05-16,17.812500
1995-05-17,17.562500
1995-05-18,17.375000
1995-05-19,17.437500
1995-05-22,17.312500
1995-05-23,17.562500
1995-05-24,17.437500
1995-05-25,17.062500
1995-05-26,17.000000
1995-05-30,16.437500
1995-05-31,16.500000
1995-06-01,16.937500
1995-06-02,17.062500
1995-06-05,17.312500
1995-06-06,17.000000
1995-06-07,16.875000
1995-06-08,17.187500
1995-06-09,17.187500
1995-06-12,17.250000
1995-06-13,17.625000
1995-06-14,17.875000
1995-06-15,17.687500
1995-06-16,17.375000
1995-06-19,18.500000
1995-06-20,18.250000
1995-06-21,17.687500
1995-06-22,18.312500
1995-06-23,19.437500
1995-06-26,18.437500
1995-06-27,18.125000
1995-06-28,18.312500
1995-06-29,18.250000
1995-06-30,18.250000
1995-07-03,18.125000
1995-07-05,17.687500
1995-07-06,17.687500
1995-07-07,17.750000
1995-07-10,17.062500
1995-07-11,17.187500
1995-07-12,17.875000
1995-07-13,17.437500
1995-07-14,17.437500
1995-07-17,17.187500
1995-07-18,16.875000
1995-07-19,16.312500
1995-07-20,16.312500
1995-07-21,16.125000
1995-07-24,16.750000
1995-07-25,16.812500
1995-07-26,16.562500
1995-07-27,16.750000
1995-07-28,16.625000
1995-07-31,16.312500
1995-08-01,15.812500
1995-08-02,15.500000
1995-08-03,15.875000
1995-08-04,16.000000
1995-08-07,16.125000
1995-08-08,16.125000
1995-08-09,16.500000
1995-08-10,16.500000
1995-08-11,16.750000
1995-08-14,17.250000
1995-08-15,17.250000
1995-08-16,17.687500
1995-08-17,17.750000
1995-08-18,17.562500
1995-08-21,17.187500
1995-08-22,16.875000
1995-08-23,16.750000
1995-08-24,16.750000
1995-08-25,16.437500
1995-08-28,16.125000
1995-08-29,16.500000
1995-08-30,16.687500
1995-08-31,16.875000
1995-09-01,16.875000
1995-09-05,17.312500
1995-09-06,17.562500
1995-09-07,17.562500
1995-09-08,17.125000
1995-09-11,17.062500
1995-09-12,17.312500
1995-09-13,17.500000
1995-09-14,17.250000
1995-09-15,17.000000
1995-09-18,17.187500
1995-09-19,17.062500
1995-09-20,17.187500
1995-09-21,16.562500
1995-09-22,16.562500
1995-09-25,15.562500
1995-09-26,14.875000
1995-09-27,14.562500
1995-09-28,15.000000
1995-09-29,14.562500
1995-10-02,14.312500
1995-10-03,14.437500
1995-10-04,13.750000
1995-10-05,13.625000
1995-10-06,13.687500
1995-10-09,13.125000
1995-10-10,12.500000
1995-10-11,13.437500
1995-10-12,13.875000
1995-10-13,13.812500
1995-10-16,13.500000
1995-10-17,13.937500
1995-10-18,13.812500
1995-10-19,13.437500
1995-10-20,13.062500
1995-10-23,13.750000
1995-10-24,13.125000
1995-10-25,12.750000
1995-10-26,12.500000
1995-10-27,12.250000
1995-10-30,12.250000
1995-10-31,11.750000
1995-11-01,11.375000
1995-11-02,11.625000
1995-11-03,11.437500
1995-11-06,11.250000
1995-11-07,11.250000
1995-11-08,10.500000
1995-11-09,11.187500
1995-11-10,10.875000
1995-11-13,10.562500
1995-11-14,10.500000
1995-11-15,10.812500
1995-11-16,10.875000
1995-11-17,10.750000
1995-11-20,10.687500
1995-11-21,10.250000
1995-11-22,10.187500
1995-11-24,10.375000
1995-11-27,10.375000
1995-11-28,10.312500
1995-11-29,10.562500
1995-11-30,10.250000
1995-12-01,9.750000
1995-12-04,10.187500
1995-12-05,10.062500
1995-12-06,10.000000
1995-12-07,9.875000
1995-12-08,9.937500
1995-12-11,9.687500
1995-12-12,9.312500
1995-12-13,9.062500
1995-12-14,9.312500
1995-12-15,9.125000
1995-12-18,8.562500
1995-12-19,8.750000
1995-12-20,8.437500
1995-12-21,8.625000
1995-12-22,8.687500
1995-12-26,8.625000
1995-12-27,8.500000
1995-12-28,8.312500
1995-12-29,8.250000
1996-01-02,8.625000
1996-01-03,8.562500
1996-01-04,8.375000
1996-01-05,9.062500
1996-01-08,8.687500
1996-01-09,8.250000
1996-01-10,8.812500
1996-01-11,8.937500
1996-01-12,9.000000
1996-01-15,8.750000
1996-01-16,9.500000
1996-01-17,9.375000
1996-01-18,9.437500
1996-01-19,9.312500
1996-01-22,9.625000
1996-01-23,9.687500
1996-01-24,10.375000
1996-01-25,10.250000
1996-01-26,10.062500
1996-01-29,10.000000
1996-01-30,10.000000
1996-01-31,9.875000
1996-02-01,10.250000
1996-02-02,10.062500
1996-02-05,10.312500
1996-02-06,10.437500
1996-02-07,10.312500
1996-02-08,10.062500
1996-02-09,10.562500
1996-02-12,10.500000
1996-02-13,10.250000
1996-02-14,10.125000
1996-02-15,10.000000
1996-02-16,10.000000
1996-02-20,9.937500
1996-02-21,9.937500
1996-02-22,10.312500
1996-02-23,10.250000
1996-02-26,9.875000
1996-02-27,9.875000
1996-02-28,9.500000
1996-02-29,9.687500
1996-03-01,9.562500
1996-03-04,9.375000
1996-03-05,9.375000
1996-03-06,8.937500
1996-03-07,8.625000
1996-03-08,8.750000
1996-03-11,8.812500
1996-03-12,8.625000
1996-03-13,8.625000
1996-03-14,8.625000
1996-03-15,8.875000
1996-03-18,9.062500
1996-03-19,9.062500
1996-03-20,8.687500
1996-03-21,8.625000
1996-03-22,8.437500
1996-03-25,8.437500
1996-03-26,8.625000
1996-03-27,8.875000
1996-03-28,8.750000
1996-03-29,8.687500
1996-04-01,8.812500
1996-04-02,8.750000
1996-04-03,8.750000
1996-04-04,8.625000
1996-04-08,8.937500
1996-04-09,8.812500
1996-04-10,8.750000
1996-04-11,8.625000
1996-04-12,8.562500
1996-04-15,8.625000
1996-04-16,8.562500
1996-04-17,8.437500
1996-04-18,8.625000
1996-04-19,8.687500
1996-04-22,8.687500
1996-04-23,8.687500
1996-04-24,9.187500
1996-04-25,9.375000
1996-04-26,9.250000
1996-04-29,9.062500
1996-04-30,9.312500
1996-05-01,9.562500
1996-05-02,9.687500
1996-05-03,9.750000
1996-05-06,9.687500
1996-05-07,9.500000
1996-05-08,9.500000
1996-05-09,9.375000
1996-05-10,9.125000
1996-05-13,9.375000
1996-05-14,9.375000
1996-05-15,9.187500
1996-05-16,9.312500
1996-05-17,9.687500
1996-05-20,9.187500
1996-05-21,8.812500
1996-05-22,8.812500
1996-05-23,8.750000
1996-05-24,8.687500
1996-05-28,8.875000
1996-05-29,8.812500
1996-05-30,8.875000
1996-05-31,8.812500
1996-06-03,8.750000
1996-06-04,8.750000
1996-06-05,8.750000
1996-06-06,8.562500
1996-06-07,8.687500
1996-06-10,8.437500
1996-06-11,8.375000
1996-06-12,8.437500
1996-06-13,8.375000
1996-06-14,8.125000
1996-06-17,8.062500
1996-06-18,7.625000
1996-06-19,7.812500
1996-06-20,7.875000
1996-06-21,7.125000
1996-06-24,7.062500
1996-06-25,6.937500
1996-06-26,6.625000
1996-06-27,6.625000
1996-06-28,6.812500
1996-07-01,7.000000
1996-07-02,6.812500
1996-07-03,6.875000
1996-07-05,6.812500
1996-07-08,6.562500
1996-07-09,6.562500
1996-07-10,6.500000
1996-07-11,6.125000
1996-07-12,6.062500
1996-07-15,5.937500
1996-07-16,5.875000
1996-07-17,5.937500
1996-07-18,5.625000
1996-07-19,5.562500
1996-07-22,5.437500
1996-07-23,5.375000
1996-07-24,5.312500
1996-07-25,5.250000
1996-07-26,6.187500
1996-07-29,6.062500
1996-07-30,6.000000
1996-07-31,6.062500
1996-08-01,6.187500
1996-08-02,6.250000
1996-08-05,6.250000
1996-08-06,6.500000
1996-08-07,7.062500
1996-08-08,6.937500
1996-08-09,6.937500
1996-08-12,6.875000
1996-08-13,6.625000
1996-08-14,6.750000
1996-08-15,6.687500
1996-08-16,6.562500
1996-08-19,6.562500
1996-08-20,6.437500
1996-08-21,6.500000
1996-08-22,6.562500
1996-08-23,6.312500
1996-08-26,6.312500
1996-08-27,6.187500
1996-08-28,6.125000
1996-08-29,6.375000
1996-08-30,6.375000
1996-09-03,6.250000
1996-09-04,6.312500
1996-09-05,6.125000
1996-09-06,6.187500
1996-09-09,6.437500
1996-09-10,6.437500
1996-09-11,6.500000
1996-09-12,6.500000
1996-09-13,6.500000
1996-09-16,6.687500
1996-09-17,7.062500
1996-09-18,7.000000
1996-09-19,7.125000
1996-09-20,7.187500
1996-09-23,7.062500
1996-09-24,7.500000
1996-09-25,8.000000
1996-09-26,7.625000
1996-09-27,7.375000
1996-09-30,7.375000
1996-10-01,7.187500
1996-10-02,7.250000
1996-10-03,7.125000
1996-10-04,7.250000
1996-10-07,7.875000
1996-10-08,8.062500
1996-10-09,7.875000
1996-10-10,7.937500
1996-10-11,8.062500
1996-10-14,8.812500
1996-10-15,8.937500
1996-10-16,8.812500
1996-10-17,8.750000
1996-10-18,8.687500
1996-10-21,8.812500
1996-10-22,8.687500
1996-10-23,8.812500
1996-10-24,8.625000
1996-10-25,8.750000
1996-10-28,8.937500
1996-10-29,8.937500
1996-10-30,8.875000
1996-10-31,8.875000
1996-11-01,8.875000
1996-11-04,9.437500
1996-11-05,9.500000
1996-11-06,9.875000
1996-11-07,10.187500
1996-11-08,10.125000
1996-11-11,10.250000
1996-11-12,10.000000
1996-11-13,10.812500
1996-11-14,12.375000
1996-11-15,12.562500
1996-11-18,12.437500
1996-11-19,12.625000
1996-11-20,12.437500
1996-11-21,12.187500
1996-11-22,12.375000
1996-11-25,12.312500
1996-11-26,12.375000
1996-11-27,12.187500
1996-11-29,12.125000
1996-12-02,12.687500
1996-12-03,12.062500
1996-12-04,12.125000
1996-12-05,11.687500
1996-12-06,12.875000
1996-12-09,13.312500
1996-12-10,13.062500
1996-12-11,13.437500
1996-12-12,13.562500
1996-12-13,14.000000
1996-12-16,13.312500
1996-12-17,12.750000
1996-12-18,13.500000
1996-12-19,13.312500
1996-12-20,13.000000
1996-12-23,12.937500
1996-12-24,13.062500
1996-12-26,13.187500
1996-12-27,13.062500
1996-12-30,12.875000
1996-12-31,12.875000
1997-01-02,13.562500
1997-01-03,14.000000
1997-01-06,14.250000
1997-01-07,14.937500
1997-01-08,14.437500
1997-01-09,13.750000
1997-01-10,13.875000
1997-01-13,14.500000
1997-01-14,16.250000
1997-01-15,16.812500
1997-01-16,16.875000
1997-01-17,17.500000
1997-01-20,17.187500
1997-01-21,17.125000
1997-01-22,16.875000
1997-01-23,16.250000
1997-01-24,15.875000
1997-01-27,15.375000
1997-01-28,15.812500
1997-01-29,16.437500
1997-01-30,17.562500
1997-01-31,17.562500
1997-02-03,16.937500
1997-02-04,16.937500
1997-02-05,16.375000
1997-02-06,16.812500
1997-02-07,17.250000
1997-02-10,16.500000
1997-02-11,16.000000
1997-02-12,17.125000
1997-02-13,17.062500
1997-02-14,16.937500
1997-02-18,17.250000
1997-02-19,17.750000
1997-02-20,18.187500
1997-02-21,17.375000
1997-02-24,18.187500
1997-02-25,18.312500
1997-02-26,18.062500
1997-02-27,17.687500
1997-02-28,18.000000
1997-03-03,17.937500
1997-03-04,19.250000
1997-03-05,19.125000
1997-03-06,18.875000
1997-03-07,19.750000
1997-03-10,20.000000
1997-03-11,20.812500
1997-03-12,22.937500
1997-03-13,23.687500
1997-03-14,22.250000
1997-03-17,22.625000
1997-03-18,20.937500
1997-03-19,19.750000
1997-03-20,20.062500
1997-03-21,19.562500
1997-03-24,18.812500
1997-03-25,20.375000
1997-03-26,21.125000
1997-03-27,20.500000
1997-03-31,20.750000
1997-04-01,19.812500
1997-04-02,19.750000
1997-04-03,19.000000
1997-04-04,19.812500
1997-04-07,21.500000
1997-04-08,21.687500
1997-04-09,20.875000
1997-04-10,19.875000
1997-04-11,19.125000
1997-04-14,19.125000
1997-04-15,18.750000
1997-04-16,19.125000
1997-04-17,19.312500
1997-04-18,18.375000
1997-04-21,17.750000
1997-04-22,19.000000
1997-04-23,18.750000
1997-04-24,20.750000
1997-04-25,20.312500
1997-04-28,20.625000
1997-04-29,21.312500
1997-04-30,21.250000
1997-05-01,21.750000
1997-05-02,22.000000
1997-05-05,22.250000
1997-05-06,21.437500
1997-05-07,21.812500
1997-05-08,22.375000
1997-05-09,22.500000
1997-05-12,21.625000
1997-05-13,21.937500
1997-05-14,21.562500
1997-05-15,22.000000
1997-05-16,21.312500
1997-05-19,20.000000
1997-05-20,21.125000
1997-05-21,20.562500
1997-05-22,20.500000
1997-05-23,20.437500
1997-05-27,21.062500
1997-05-28,21.125000
1997-05-29,19.937500
1997-05-30,20.000000
1997-06-02,19.875000
1997-06-03,19.375000
1997-06-04,19.375000
1997-06-05,18.750000
1997-06-06,19.312500
1997-06-09,20.312500
1997-06-10,19.562500
1997-06-11,19.687500
1997-06-12,19.000000
1997-06-13,18.437500
1997-06-16,18.875000
1997-06-17,19.562500
1997-06-18,19.312500
1997-06-19,18.937500
1997-06-20,18.468750
1997-06-23,18.500000
1997-06-24,18.750000
1997-06-25,19.062500
1997-06-26,18.156250
1997-06-27,17.875000
1997-06-30,17.937500
1997-07-01,17.375000
1997-07-02,17.531250
1997-07-03,17.968750
1997-07-07,19.000000
1997-07-08,18.875000
1997-07-09,19.500000
1997-07-10,19.218750
1997-07-11,18.968750
1997-07-14,19.281250
1997-07-15,19.343750
1997-07-16,20.000000
1997-07-17,19.656250
1997-07-18,18.656250
1997-07-21,18.062500
1997-07-22,18.593750
1997-07-23,18.156250
1997-07-24,17.875000
1997-07-25,17.562500
1997-07-28,17.750000
1997-07-29,17.250000
1997-07-30,16.906250
1997-07-31,17.562500
1997-08-01,18.187500
1997-08-04,18.531250
1997-08-05,19.187500
1997-08-06,19.093750
1997-08-07,18.437500
1997-08-08,18.031250
1997-08-11,17.812500
1997-08-12,17.875000
1997-08-13,19.000000
1997-08-14,19.000000
1997-08-15,18.750000
1997-08-18,21.250000
1997-08-19,20.687500
1997-08-20,20.562500
1997-08-21,20.968750
1997-08-22,20.906250
1997-08-25,20.531250
1997-08-26,19.750000
1997-08-27,19.562500
1997-08-28,19.250000
1997-08-29,18.812500
1997-09-02,19.437500
1997-09-03,19.437500
1997-09-04,17.625000
1997-09-05,17.656250
1997-09-08,17.000000
1997-09-09,16.875000
1997-09-10,16.375000
1997-09-11,17.062500
1997-09-12,17.750000
1997-09-15,17.000000
1997-09-16,17.031250
1997-09-17,16.531250
1997-09-18,16.093750
1997-09-19,16.250000
1997-09-22,16.593750
1997-09-23,16.250000
1997-09-24,15.625000
1997-09-25,16.312500
1997-09-26,16.187500
1997-09-29,16.375000
1997-09-30,16.281250
1997-10-01,13.500000
1997-10-02,14.406250
1997-10-03,14.906250
1997-10-06,14.031250
1997-10-07,15.000000
1997-10-08,15.312500
1997-10-09,15.593750
1997-10-10,15.406250
1997-10-13,15.343750
1997-10-14,14.906250
1997-10-15,14.750000
1997-10-16,14.375000
1997-10-17,14.062500
1997-10-20,14.031250
1997-10-21,14.718750
1997-10-22,14.187500
1997-10-23,13.750000
1997-10-24,13.093750
1997-10-27,10.500000
1997-10-28,12.500000
1997-10-29,12.062500
1997-10-30,11.093750
1997-10-31,11.500000
1997-11-03,12.031250
1997-11-04,11.968750
1997-11-05,12.062500
1997-11-06,10.937500
1997-11-07,11.281250
1997-11-10,10.625000
1997-11-11,10.812500
1997-11-12,9.968750
1997-11-13,10.562500
1997-11-14,10.218750
1997-11-17,11.000000
1997-11-18,10.968750
1997-11-19,10.468750
1997-11-20,11.406250
1997-11-21,11.312500
1997-11-24,11.125000
1997-11-25,11.062500
1997-11-26,10.781250
1997-11-28,10.906250
1997-12-01,11.281250
1997-12-02,10.687500
1997-12-03,10.750000
1997-12-04,10.468750
1997-12-05,10.562500
1997-12-08,10.937500
1997-12-09,10.406250
1997-12-10,9.937500
1997-12-11,9.343750
1997-12-12,9.093750
1997-12-15,9.218750
1997-12-16,9.156250
1997-12-17,9.468750
1997-12-18,9.125000
1997-12-19,9.406250
1997-12-22,9.281250
1997-12-23,8.968750
1997-12-24,8.875000
1997-12-26,8.781250
1997-12-29,8.687500
1997-12-30,8.562500
1997-12-31,8.875000
1998-01-02,9.656250
1998-01-05,9.656250
1998-01-06,9.968750
1998-01-07,9.500000
1998-01-08,9.468750
1998-01-09,9.125000
1998-01-12,8.875000
1998-01-13,10.437500
1998-01-14,9.218750
1998-01-15,9.031250
1998-01-16,8.906250
1998-01-20,9.281250
1998-01-21,9.281250
1998-01-22,9.187500
1998-01-23,9.062500
1998-01-26,9.468750
1998-01-27,9.375000
1998-01-28,9.593750
1998-01-29,9.875000
1998-01-30,10.093750
1998-02-02,10.031250
1998-02-03,10.000000
1998-02-04,10.000000
1998-02-05,9.531250
1998-02-06,9.250000
1998-02-09,9.562500
1998-02-10,9.687500
1998-02-11,9.562500
1998-02-12,9.500000
1998-02-13,9.562500
1998-02-17,9.468750
1998-02-18,9.562500
1998-02-19,9.750000
1998-02-20,9.875000
1998-02-23,10.375000
1998-02-24,10.343750
1998-02-25,10.875000
1998-02-26,12.562500
1998-02-27,11.750000
1998-03-02,11.125000
1998-03-03,11.406250
1998-03-04,10.250000
1998-03-05,10.500000
1998-03-06,10.906250
1998-03-09,10.281250
1998-03-10,10.875000
1998-03-11,10.687500
1998-03-12,11.085938
1998-03-13,10.968750
1998-03-16,11.500000
1998-03-17,11.031250
1998-03-18,11.156250
1998-03-19,11.968750
1998-03-20,11.187500
1998-03-23,11.406250
1998-03-24,11.531250
1998-03-25,11.468750
1998-03-26,11.687500
1998-03-27,12.343750
1998-03-30,13.281250
1998-03-31,14.531250
1998-04-01,14.968750
1998-04-02,14.843750
1998-04-03,14.281250
1998-04-06,15.218750
1998-04-07,15.250000
1998-04-08,13.656250
1998-04-09,13.312500
1998-04-13,12.656250
1998-04-14,13.125000
1998-04-15,13.125000
1998-04-16,12.875000
1998-04-17,13.875000
1998-04-20,13.937500
1998-04-21,13.875000
1998-04-22,14.281250
1998-04-23,14.656250
1998-04-24,14.562500
1998-04-27,14.093750
1998-04-28,13.718750
1998-04-29,14.000000
1998-04-30,13.875000
1998-05-01,13.781250
1998-05-04,13.312500
1998-05-05,12.875000
1998-05-06,12.718750
1998-05-07,12.687500
1998-05-08,12.968750
1998-05-11,12.687500
1998-05-12,13.000000
1998-05-13,13.000000
1998-05-14,12.562500
1998-05-15,11.125000
1998-05-18,11.093750
1998-05-19,11.187500
1998-05-20,10.312500
1998-05-21,10.093750
1998-05-22,10.031250
1998-05-26,10.000000
1998-05-27,9.968750
1998-05-28,10.062500
1998-05-29,9.781250
1998-06-01,9.625000
1998-06-02,9.375000
1998-06-03,9.000000
1998-06-04,9.187500
1998-06-05,9.156250
1998-06-08,9.062500
1998-06-09,9.312500
1998-06-10,8.812500
1998-06-11,8.812500
1998-06-12,8.437500
1998-06-15,8.500000
1998-06-16,8.906250
1998-06-17,8.812500
1998-06-18,9.000000
1998-06-19,8.750000
1998-06-22,9.125000
1998-06-23,8.937500
1998-06-24,9.125000
1998-06-25,9.000000
1998-06-26,8.875000
1998-06-29,8.687500
1998-06-30,8.531250
1998-07-01,8.375000
1998-07-02,8.375000
1998-07-06,8.250000
1998-07-07,9.000000
1998-07-08,9.062500
1998-07-09,7.937500
1998-07-10,7.843750
1998-07-13,7.718750
1998-07-14,8.187500
1998-07-15,8.687500
1998-07-16,8.375000
1998-07-17,8.281250
1998-07-20,8.687500
1998-07-21,8.843750
1998-07-22,8.281250
1998-07-23,8.187500
1998-07-24,8.125000
1998-07-27,8.156250
1998-07-28,8.250000
1998-07-29,7.843750
1998-07-30,8.562500
1998-07-31,8.625000
1998-08-03,8.437500
1998-08-04,8.000000
1998-08-05,7.937500
1998-08-06,8.375000
1998-08-07,9.000000
1998-08-10,9.000000
1998-08-11,8.937500
1998-08-12,9.312500
1998-08-13,9.000000
1998-08-14,9.000000
1998-08-17,9.437500
1998-08-18,10.031250
1998-08-19,9.406250
1998-08-20,8.906250
1998-08-21,8.812500
1998-08-24,8.656250
1998-08-25,8.781250
1998-08-26,8.500000
1998-08-27,7.687500
1998-08-28,7.593750
1998-08-31,6.500000
1998-09-01,7.187500
1998-09-02,7.343750
1998-09-03,7.000000
1998-09-04,7.125000
1998-09-08,7.562500
1998-09-09,8.125000
1998-09-10,8.093750
1998-09-11,8.625000
1998-09-14,8.406250
1998-09-15,8.468750
1998-09-16,8.375000
1998-09-17,8.875000
1998-09-18,8.968750
1998-09-21,9.000000
1998-09-22,9.375000
1998-09-23,10.468750
1998-09-24,9.968750
1998-09-25,10.218750
1998-09-28,9.781250
1998-09-29,9.406250
1998-09-30,9.281250
1998-10-01,8.812500
1998-10-02,9.375000
1998-10-05,9.187500
1998-10-06,9.937500
1998-10-07,7.875000
1998-10-08,7.000000
1998-10-09,7.593750
1998-10-12,8.000000
1998-10-13,7.843750
1998-10-14,8.031250
1998-10-15,8.468750
1998-10-16,8.593750
1998-10-19,8.468750
1998-10-20,8.562500
1998-10-21,8.593750
1998-10-22,8.500000
1998-10-23,8.718750
1998-10-26,8.718750
1998-10-27,8.718750
1998-10-28,9.406250
1998-10-29,9.937500
1998-10-30,11.281250
1998-11-02,11.562500
1998-11-03,11.718750
1998-11-04,12.562500
1998-11-05,12.312500
1998-11-06,12.218750
1998-11-09,12.500000
1998-11-10,13.250000
1998-11-11,13.500000
1998-11-12,13.750000
1998-11-13,13.375000
1998-11-16,13.843750
1998-11-17,13.531250
1998-11-18,13.843750
1998-11-19,14.312500
1998-11-20,13.718750
1998-11-23,13.250000
1998-11-24,12.812500
1998-11-25,14.562500
1998-11-27,14.593750
1998-11-30,13.843750
1998-12-01,14.593750
1998-12-02,14.312500
1998-12-03,14.750000
1998-12-04,15.687500
1998-12-07,15.750000
1998-12-08,16.000000
1998-12-09,15.468750
1998-12-10,14.875000
1998-12-11,15.093750
1998-12-14,14.281250
1998-12-15,14.375000
1998-12-16,13.718750
1998-12-17,14.000000
1998-12-18,14.031250
1998-12-21,14.437500
1998-12-22,14.375000
1998-12-23,13.843750
1998-12-24,14.000000
1998-12-28,13.656250
1998-12-29,13.750000
1998-12-30,14.562500
1998-12-31,14.500000
1999-01-04,14.000000
1999-01-05,13.843750
1999-01-06,13.625000
1999-01-07,13.718750
1999-01-08,14.000000
1999-01-11,15.937500
1999-01-12,15.750000
1999-01-13,13.875000
1999-01-14,11.250000
1999-01-15,11.187500
1999-01-19,11.062500
1999-01-20,11.000000
1999-01-21,10.500000
1999-01-22,10.781250
1999-01-25,10.718750
1999-01-26,11.000000
1999-01-27,10.625000
1999-01-28,11.437500
1999-01-29,11.468750
1999-02-01,12.437500
1999-02-02,12.156250
1999-02-03,10.468750
1999-02-04,9.468750
1999-02-05,8.406250
1999-02-08,8.562500
1999-02-09,8.375000
1999-02-10,8.312500
1999-02-11,8.593750
1999-02-12,8.781250
1999-02-16,8.531250
1999-02-17,8.500000
1999-02-18,8.562500
1999-02-19,8.812500
1999-02-22,9.656250
1999-02-23,9.375000
1999-02-24,9.281250
1999-02-25,9.062500
1999-02-26,8.937500
1999-03-01,9.156250
1999-03-02,9.250000
1999-03-03,9.062500
1999-03-04,9.250000
1999-03-05,9.218750
1999-03-08,9.468750
1999-03-09,8.750000
1999-03-10,8.687500
1999-03-11,8.500000
1999-03-12,8.250000
1999-03-15,8.156250
1999-03-16,8.500000
1999-03-17,8.437500
1999-03-18,8.281250
1999-03-19,8.031250
1999-03-22,8.031250
1999-03-23,7.843750
1999-03-24,7.875000
1999-03-25,8.062500
1999-03-26,8.000000
1999-03-29,7.937500
1999-03-30,7.875000
1999-03-31,7.750000
1999-04-01,7.812500
1999-04-05,7.843750
1999-04-06,7.875000
1999-04-07,8.093750
1999-04-08,7.781250
1999-04-09,7.812500
1999-04-12,7.531250
1999-04-13,7.500000
1999-04-14,7.375000
1999-04-15,8.187500
1999-04-16,8.187500
1999-04-19,7.968750
1999-04-20,8.000000
1999-04-21,8.406250
1999-04-22,8.468750
1999-04-23,8.562500
1999-04-26,8.375000
1999-04-27,8.343750
1999-04-28,8.187500
1999-04-29,8.250000
1999-04-30,8.250000
1999-05-03,8.218750
1999-05-04,8.312500
1999-05-05,8.656250
1999-05-06,8.656250
1999-05-07,8.812500
1999-05-10,9.343750
1999-05-11,9.750000
1999-05-12,9.750000
1999-05-13,9.156250
1999-05-14,9.375000
1999-05-17,9.437500
1999-05-18,9.687500
1999-05-19,10.812500
1999-05-20,10.187500
1999-05-21,10.250000
1999-05-24,9.531250
1999-05-25,9.218750
1999-05-26,9.656250
1999-05-27,9.437500
1999-05-28,9.250000
1999-06-01,9.281250
1999-06-02,9.250000
1999-06-03,8.906250
1999-06-04,8.968750
1999-06-07,8.968750
1999-06-08,8.843750
1999-06-09,8.718750
1999-06-10,8.687500
1999-06-11,8.406250
1999-06-14,8.468750
1999-06-15,9.156250
1999-06-16,9.125000
1999-06-17,9.187500
1999-06-18,9.375000
1999-06-21,9.593750
1999-06-22,9.625000
1999-06-23,9.093750
1999-06-24,8.531250
1999-06-25,8.625000
1999-06-28,8.562500
1999-06-29,9.031250
1999-06-30,9.031250
1999-07-01,8.687500
1999-07-02,8.593750
1999-07-06,8.562500
1999-07-07,8.437500
1999-07-08,8.687500
1999-07-09,8.500000
1999-07-12,8.687500
1999-07-13,8.531250
1999-07-14,9.000000
1999-07-15,8.843750
1999-07-16,8.781250
1999-07-19,8.656250
1999-07-20,8.375000
1999-07-21,8.500000
1999-07-22,8.156250
1999-07-23,8.062500
1999-07-26,8.187500
1999-07-27,8.281250
1999-07-28,8.406250
1999-07-29,8.750000
1999-07-30,8.687500
1999-08-02,8.500000
1999-08-03,8.312500
1999-08-04,8.156250
1999-08-05,8.062500
1999-08-06,8.687500
1999-08-09,9.625000
1999-08-10,9.218750
1999-08-11,9.468750
1999-08-12,9.250000
1999-08-13,9.468750
1999-08-16,9.375000
1999-08-17,9.312500
1999-08-18,9.281250
1999-08-19,9.062500
1999-08-20,9.125000
1999-08-23,9.593750
1999-08-24,9.375000
1999-08-25,9.500000
1999-08-26,9.437500
1999-08-27,9.843750
1999-08-30,10.125000
1999-08-31,10.343750
1999-09-01,9.937500
1999-09-02,9.906250
1999-09-03,10.500000
1999-09-07,11.625000
1999-09-08,10.843750
1999-09-09,11.125000
1999-09-10,10.843750
1999-09-13,10.625000
1999-09-14,10.875000
1999-09-15,10.531250
1999-09-16,10.000000
1999-09-17,10.156250
1999-09-20,9.656250
1999-09-21,9.250000
1999-09-22,9.468750
1999-09-23,8.625000
1999-09-24,8.718750
1999-09-27,9.031250
1999-09-28,8.593750
1999-09-29,8.687500
1999-09-30,8.593750
1999-10-01,8.625000
1999-10-04,8.937500
1999-10-05,9.312500
1999-10-06,9.718750
1999-10-07,9.312500
1999-10-08,9.281250
1999-10-11,9.500000
1999-10-12,9.375000
1999-10-13,9.125000
1999-10-14,9.000000
1999-10-15,8.781250
1999-10-18,8.625000
1999-10-19,8.218750
1999-10-20,8.500000
1999-10-21,9.437500
1999-10-22,9.343750
1999-10-25,9.531250
1999-10-26,9.562500
1999-10-27,9.218750
1999-10-28,9.500000
1999-10-29,9.906250
1999-11-01,10.156250
1999-11-02,10.281250
1999-11-03,10.656250
1999-11-04,10.312500
1999-11-05,10.625000
1999-11-08,10.718750
1999-11-09,10.531250
1999-11-10,11.500000
1999-11-11,14.125000
1999-11-12,13.281250
1999-11-15,12.781250
1999-11-16,12.875000
1999-11-17,13.343750
1999-11-18,13.000000
1999-11-19,13.562500
1999-11-22,13.468750
1999-11-23,13.500000
1999-11-24,13.625000
1999-11-26,13.843750
1999-11-29,15.250000
1999-11-30,14.125000
1999-12-01,13.750000
1999-12-02,15.250000
1999-12-03,15.750000
1999-12-06,15.718750
1999-12-07,15.875000
1999-12-08,14.875000
1999-12-09,14.687500
1999-12-10,14.625000
1999-12-13,14.531250
1999-12-14,13.812500
1999-12-15,13.562500
1999-12-16,14.750000
1999-12-17,14.406250
1999-12-20,14.625000
1999-12-21,15.031250
1999-12-22,14.406250
1999-12-23,14.312500
1999-12-27,14.468750
1999-12-28,14.375000
1999-12-29,14.218750
1999-12-30,14.218750
1999-12-31,14.468750
2000-01-03,15.500000
2000-01-04,14.625000
2000-01-05,15.000000
2000-01-06,16.000000
2000-01-07,16.250000
2000-01-10,17.500000
2000-01-11,17.250000
2000-01-12,18.125000
2000-01-13,18.875000
2000-01-14,20.187500
2000-01-18,19.500000
2000-01-19,19.593750
2000-01-20,19.500000
2000-01-21,18.937500
2000-01-24,17.250000
2000-01-25,20.000000
2000-01-26,18.500000
2000-01-27,18.468750
2000-01-28,17.625000
2000-01-31,18.000000
2000-02-01,18.281250
2000-02-02,18.031250
2000-02-03,19.500000
2000-02-04,19.281250
2000-02-07,20.656250
2000-02-08,20.687500
2000-02-09,21.031250
2000-02-10,21.250000
2000-02-11,22.750000
2000-02-14,21.625000
2000-02-15,21.750000
2000-02-16,21.875000
2000-02-17,21.500000
2000-02-18,21.500000
2000-02-22,20.906250
2000-02-23,20.531250
2000-02-24,21.281250
2000-02-25,20.250000
2000-02-28,18.875000
2000-02-29,19.750000
2000-03-01,20.250000
2000-03-02,19.625000
2000-03-03,20.750000
2000-03-06,23.750000
2000-03-07,27.500000
2000-03-08,26.750000
2000-03-09,29.062500
2000-03-10,26.000000
2000-03-13,25.750000
2000-03-14,24.000000
2000-03-15,24.625000
2000-03-16,24.593750
2000-03-17,25.000000
2000-03-20,26.875000
2000-03-21,27.406250
2000-03-22,28.750000
2000-03-23,27.687500
2000-03-24,27.000000
2000-03-27,27.093750
2000-03-28,27.562500
2000-03-29,27.375000
2000-03-30,30.000000
2000-03-31,29.500000
2000-04-03,30.437500
2000-04-04,30.562500
2000-04-05,34.187500
2000-04-06,35.500000
2000-04-07,37.750000
2000-04-10,37.750000
2000-04-11,35.312500
2000-04-12,38.000000
2000-04-13,35.500000
2000-04-14,33.000000
2000-04-17,36.312500
2000-04-18,39.500000
2000-04-19,37.625000
2000-04-20,39.125000
2000-04-24,40.500000
2000-04-25,43.750000
2000-04-26,41.125000
2000-04-27,42.625000
2000-04-28,43.750000
2000-05-01,44.187500
2000-05-02,44.750000
2000-05-03,43.875000
2000-05-04,45.000000
2000-05-05,46.000000
2000-05-08,44.375000
2000-05-09,41.750000
2000-05-10,39.968750
2000-05-11,43.875000
2000-05-12,42.843750
2000-05-15,42.750000
2000-05-16,44.250000
2000-05-17,42.500000
2000-05-18,43.250000
2000-05-19,41.906250
2000-05-22,40.250000
2000-05-23,37.750000
2000-05-24,36.343750
2000-05-25,35.312500
2000-05-26,37.000000
2000-05-30,43.000000
2000-05-31,40.875000
2000-06-01,42.000000
2000-06-02,45.062500
2000-06-05,45.562500
2000-06-06,45.125000
2000-06-07,43.500000
2000-06-08,43.562500
2000-06-09,44.375000
2000-06-12,42.750000
2000-06-13,44.000000
2000-06-14,41.875000
2000-06-15,41.437500
2000-06-16,41.250000
2000-06-19,45.906250
2000-06-20,45.625000
2000-06-21,47.500000
2000-06-22,45.625000
2000-06-23,43.875000
2000-06-26,43.625000
2000-06-27,42.125000
2000-06-28,40.343750
2000-06-29,38.125000
2000-06-30,38.625000
2000-07-03,42.125000
2000-07-05,37.625000
2000-07-06,38.750000
2000-07-07,41.000000
2000-07-10,42.500000
2000-07-11,41.750000
2000-07-12,42.156250
2000-07-13,42.750000
2000-07-14,45.000000
2000-07-17,45.625000
2000-07-18,45.500000
2000-07-19,45.125000
2000-07-20,43.062500
2000-07-21,40.062500
2000-07-24,39.000000
2000-07-25,39.375000
2000-07-26,38.093750
2000-07-27,35.000000
2000-07-28,35.500000
2000-07-31,36.000000
2000-08-01,33.875000
2000-08-02,31.250000
2000-08-03,32.750000
2000-08-04,31.375000
2000-08-07,32.500000
2000-08-08,30.625000
2000-08-09,30.875000
2000-08-10,28.500000
2000-08-11,28.875000
2000-08-14,31.500000
2000-08-15,32.000000
2000-08-16,32.625000
2000-08-17,34.062500
2000-08-18,35.125000
2000-08-21,34.093750
2000-08-22,34.437500
2000-08-23,34.750000
2000-08-24,34.937500
2000-08-25,34.500000
2000-08-28,34.500000
2000-08-29,34.750000
2000-08-30,35.000000
2000-08-31,37.500000
2000-09-01,37.500000
2000-09-05,34.750000
2000-09-06,32.000000
2000-09-07,33.000000
2000-09-08,31.875000
2000-09-11,32.250000
2000-09-12,30.500000
2000-09-13,29.000000
2000-09-14,28.375000
2000-09-15,27.750000
2000-09-18,26.500000
2000-09-19,30.375000
2000-09-20,29.687500
2000-09-21,23.937500
2000-09-22,26.500000
2000-09-25,25.937500
2000-09-26,24.875000
2000-09-27,24.000000
2000-09-28,23.625000
2000-09-29,24.000000
2000-10-02,23.250000
2000-10-03,23.687500
2000-10-04,24.500000
2000-10-05,23.500000
2000-10-06,22.000000
2000-10-09,22.375000
2000-10-10,22.750000
2000-10-11,23.500000
2000-10-12,22.562500
2000-10-13,21.875000
2000-10-16,20.375000
2000-10-17,18.375000
2000-10-18,18.125000
2000-10-19,21.812500
2000-10-20,22.125000
2000-10-23,21.875000
2000-10-24,20.187500
2000-10-25,19.187500
2000-10-26,20.312500
2000-10-27,20.437500
2000-10-30,20.250000
2000-10-31,22.625000
2000-11-01,23.812500
2000-11-02,23.750000
2000-11-03,23.750000
2000-11-06,24.312500
2000-11-07,22.562500
2000-11-08,21.687500
2000-11-09,21.000000
2000-11-10,20.062500
2000-11-13,21.312500
2000-11-14,21.750000
2000-11-15,21.937500
2000-11-16,20.562500
2000-11-17,20.562500
2000-11-20,20.375000
2000-11-21,19.937500
2000-11-22,19.625000
2000-11-24,20.812500
2000-11-27,19.000000
2000-11-28,17.750000
2000-11-29,17.062500
2000-11-30,15.250000
2000-12-01,15.437500
2000-12-04,15.375000
2000-12-05,15.750000
2000-12-06,14.437500
2000-12-07,14.500000
2000-12-08,16.062500
2000-12-11,17.312500
2000-12-12,17.250000
2000-12-13,16.750000
2000-12-14,16.500000
2000-12-15,16.187500
2000-12-18,15.250000
2000-12-19,15.375000
2000-12-20,14.562500
2000-12-21,13.687500
2000-12-22,14.312500
2000-12-26,14.125000
2000-12-27,14.625000
2000-12-28,14.312500
2000-12-29,13.812500
2001-01-02,14.375000
2001-01-03,16.250000
2001-01-04,16.687500
2001-01-05,16.000000
2001-01-08,16.187500
2001-01-09,16.750000
2001-01-10,17.125000
2001-01-11,18.187500
2001-01-12,17.812500
2001-01-16,17.125000
2001-01-17,18.500000
2001-01-18,22.687500
2001-01-19,22.000000
2001-01-22,21.437500
2001-01-23,22.312500
2001-01-24,22.687500
2001-01-25,21.937500
2001-01-26,21.375000
2001-01-29,23.000000
2001-01-30,24.020000
2001-01-31,24.600000
2001-02-01,25.709999
2001-02-02,23.889999
2001-02-05,24.000000
2001-02-06,24.049999
2001-02-07,23.570000
2001-02-08,24.000000
2001-02-09,24.370001
2001-02-12,24.000000
2001-02-13,24.010000
2001-02-14,24.950001
2001-02-15,26.230000
2001-02-16,24.709999
2001-02-20,22.570000
2001-02-21,23.000000
2001-02-22,21.000000
2001-02-23,22.100000
2001-02-26,22.830000
2001-02-27,21.980000
2001-02-28,21.500000
2001-03-01,20.950001
2001-03-02,21.740000
2001-03-05,23.129999
2001-03-06,24.750000
2001-03-07,25.100000
2001-03-08,26.000000
2001-03-09,23.299999
2001-03-12,22.730000
2001-03-13,23.780001
2001-03-14,23.940001
2001-03-15,23.559999
2001-03-16,23.400000
2001-03-19,23.730000
2001-03-20,22.430000
2001-03-21,23.290001
2001-03-22,26.450001
2001-03-23,29.440001
2001-03-26,28.740000
2001-03-27,29.690001
2001-03-28,27.700001
2001-03-29,28.299999
2001-03-30,26.540001
2001-04-02,25.500000
2001-04-03,23.680000
2001-04-04,20.740000
2001-04-05,23.020000
2001-04-06,20.049999
2001-04-09,19.700001
2001-04-10,21.320000
2001-04-11,23.510000
2001-04-12,24.850000
2001-04-16,23.500000
2001-04-17,23.000000
2001-04-18,27.850000
2001-04-19,29.010000
2001-04-20,29.000000
2001-04-23,27.600000
2001-04-24,27.350000
2001-04-25,26.900000
2001-04-26,27.510000
2001-04-27,30.000000
2001-04-30,31.000000
2001-05-01,31.860001
2001-05-02,32.950001
2001-05-03,32.610001
2001-05-04,30.990000
2001-05-07,30.010000
2001-05-08,29.750000
2001-05-09,28.150000
2001-05-10,28.700001
2001-05-11,27.680000
2001-05-14,27.200001
2001-05-15,29.139999
2001-05-16,31.500000
2001-05-17,31.549999
2001-05-18,32.490002
2001-05-21,34.400002
2001-05-22,33.990002
2001-05-23,32.660000
2001-05-24,31.950001
2001-05-25,31.940001
2001-05-29,29.430000
2001-05-30,27.950001
2001-05-31,28.250000
2001-06-01,29.600000
2001-06-04,27.610001
2001-06-05,28.900000
2001-06-06,28.370001
2001-06-07,30.280001
2001-06-08,31.100000
2001-06-11,30.049999
2001-06-12,29.670000
2001-06-13,29.280001
2001-06-14,27.440001
2001-06-15,27.559999
2001-06-18,26.400000
2001-06-19,24.990000
2001-06-20,23.950001
2001-06-21,24.480000
2001-06-22,24.670000
2001-06-25,25.290001
2001-06-26,26.150000
2001-06-27,26.500000
2001-06-28,27.430000
2001-06-29,28.900000
2001-07-02,29.740000
2001-07-03,29.760000
2001-07-05,28.639999
2001-07-06,20.799999
2001-07-09,21.200001
2001-07-10,21.000000
2001-07-11,21.120001
2001-07-12,22.700001
2001-07-13,21.080000
2001-07-16,20.000000
2001-07-17,20.420000
2001-07-18,17.870001
2001-07-19,17.540001
2001-07-20,17.000000
2001-07-23,16.870001
2001-07-24,16.379999
2001-07-25,16.299999
2001-07-26,17.500000
2001-07-27,17.680000
2001-07-30,18.209999
2001-07-31,18.260000
2001-08-01,18.900000
2001-08-02,19.760000
2001-08-03,19.250000
2001-08-06,17.620001
2001-08-07,17.549999
2001-08-08,16.700001
2001-08-09,16.690001
2001-08-10,16.209999
2001-08-13,16.610001
2001-08-14,15.500000
2001-08-15,14.750000
2001-08-16,15.000000
2001-08-17,14.390000
2001-08-20,14.460000
2001-08-21,14.750000
2001-08-22,14.510000
2001-08-23,14.300000
2001-08-24,15.000000
2001-08-27,15.300000
2001-08-28,14.860000
2001-08-29,14.200000
2001-08-30,13.290000
2001-08-31,13.550000
2001-09-04,12.950000
2001-09-05,12.050000
2001-09-06,11.400000
2001-09-07,11.500000
2001-09-10,11.850000
2001-09-17,10.140000
2001-09-18,9.500000
2001-09-19,9.110000
2001-09-20,8.990000
2001-09-21,9.300000
2001-09-24,9.810000
2001-09-25,9.050000
2001-09-26,8.350000
2001-09-27,8.000000
2001-09-28,8.150000
2001-10-01,7.930000
2001-10-02,8.000000
2001-10-03,8.460000
2001-10-04,9.000000
2001-10-05,8.600000
2001-10-08,8.780000
2001-10-09,8.860000
2001-10-10,9.590000
2001-10-11,10.500000
2001-10-12,10.400000
2001-10-15,10.230000
2001-10-16,10.610000
2001-10-17,9.710000
2001-10-18,9.500000
2001-10-19,9.190000
2001-10-22,9.580000
2001-10-23,9.660000
2001-10-24,9.950000
2001-10-25,10.260000
2001-10-26,10.340000
2001-10-29,9.560000
2001-10-30,9.430000
2001-10-31,9.840000
2001-11-01,11.500000
2001-11-02,12.250000
2001-11-05,13.040000
2001-11-06,13.000000
2001-11-07,13.520000
2001-11-08,12.400000
2001-11-09,12.390000
2001-11-12,12.800000
2001-11-13,13.650000
2001-11-14,14.000000
2001-11-15,13.750000
2001-11-16,13.650000
2001-11-19,13.650000
2001-11-20,13.190000
2001-11-21,13.340000
2001-11-23,13.360000
2001-11-26,14.150000
2001-11-27,13.800000
2001-11-28,13.210000
2001-11-29,13.530000
2001-11-30,13.560000
2001-12-03,14.050000
2001-12-04,14.900000
2001-12-05,16.240000
2001-12-06,16.250000
2001-12-07,17.850000
2001-12-10,17.500000
2001-12-11,17.860001
2001-12-12,18.309999
2001-12-13,16.180000
2001-12-14,17.469999
2001-12-17,17.799999
2001-12-18,17.580000
2001-12-19,16.959999
2001-12-20,15.650000
2001-12-21,15.870000
2001-12-24,15.560000
2001-12-26,15.620000
2001-12-27,16.120001
2001-12-28,16.379999
2001-12-31,15.860000
2002-01-02,16.389999
2002-01-03,19.370001
2002-01-04,20.000000
2002-01-07,19.980000
2002-01-08,19.900000
2002-01-09,19.090000
2002-01-10,18.639999
2002-01-11,19.150000
2002-01-14,19.610001
2002-01-15,19.150000
2002-01-16,17.900000
2002-01-17,17.280001
2002-01-18,16.809999
2002-01-22,16.290001
2002-01-23,16.700001
2002-01-24,16.129999
2002-01-25,16.299999
2002-01-28,16.360001
2002-01-29,15.890000
2002-01-30,15.760000
2002-01-31,16.049999
2002-02-01,15.800000
2002-02-04,15.050000
2002-02-05,14.580000
2002-02-06,14.050000
2002-02-07,13.490000
2002-02-08,15.250000
2002-02-11,15.000000
2002-02-12,15.120000
2002-02-13,15.500000
2002-02-14,14.850000
2002-02-15,14.520000
2002-02-19,13.760000
2002-02-20,14.720000
2002-02-21,13.140000
2002-02-22,12.850000
2002-02-25,13.570000
2002-02-26,13.700000
2002-02-27,14.020000
2002-02-28,13.500000
2002-03-01,15.150000
2002-03-04,15.240000
2002-03-05,15.740000
2002-03-06,15.460000
2002-03-07,15.310000
2002-03-08,16.209999
2002-03-11,16.250000
2002-03-12,15.750000
2002-03-13,14.300000
2002-03-14,14.350000
2002-03-15,14.600000
2002-03-18,14.820000
2002-03-19,14.790000
2002-03-20,14.170000
2002-03-21,14.490000
2002-03-22,14.760000
2002-03-25,14.130000
2002-03-26,14.360000
2002-03-27,14.140000
2002-03-28,14.710000
2002-04-01,14.750000
2002-04-02,14.170000
2002-04-03,13.800000
2002-04-04,13.760000
2002-04-05,13.500000
2002-04-08,13.750000
2002-04-09,13.360000
2002-04-10,13.500000
2002-04-11,13.230000
2002-04-12,13.150000
2002-04-15,13.500000
2002-04-16,14.350000
2002-04-17,14.820000
2002-04-18,12.600000
2002-04-19,12.160000
2002-04-22,11.480000
2002-04-23,11.840000
2002-04-24,11.690000
2002-04-25,11.350000
2002-04-26,11.200000
2002-04-29,11.000000
2002-04-30,11.180000
2002-05-01,11.520000
2002-05-02,11.340000
2002-05-03,11.050000
2002-05-06,10.610000
2002-05-07,10.640000
2002-05-08,11.510000
2002-05-09,11.410000
2002-05-10,11.040000
2002-05-13,11.500000
2002-05-14,12.400000
2002-05-15,12.510000
2002-05-16,12.400000
2002-05-17,12.200000
2002-05-20,12.140000
2002-05-21,11.740000
2002-05-22,11.780000
2002-05-23,12.000000
2002-05-24,11.650000
2002-05-28,11.730000
2002-05-29,11.600000
2002-05-30,11.380000
2002-05-31,11.430000
2002-06-03,10.760000
2002-06-04,10.990000
2002-06-05,10.970000
2002-06-06,10.610000
2002-06-07,9.810000
2002-06-10,9.890000
2002-06-11,9.330000
2002-06-12,9.670000
2002-06-13,9.390000
2002-06-14,9.600000
2002-06-17,10.800000
2002-06-18,10.300000
2002-06-19,8.700000
2002-06-20,8.270000
2002-06-21,8.040000
2002-06-24,8.700000
2002-06-25,8.380000
2002-06-26,8.970000
2002-06-27,9.050000
2002-06-28,9.720000
2002-07-01,9.140000
2002-07-02,8.800000
2002-07-03,8.430000
2002-07-05,9.340000
2002-07-08,9.050000
2002-07-09,8.980000
2002-07-10,9.010000
2002-07-11,9.330000
2002-07-12,9.100000
2002-07-15,9.250000
2002-07-16,9.400000
2002-07-17,9.330000
2002-07-18,8.720000
2002-07-19,8.490000
2002-07-22,8.420000
2002-07-23,8.150000
2002-07-24,8.460000
2002-07-25,7.860000
2002-07-26,7.820000
2002-07-29,8.150000
2002-07-30,8.450000
2002-07-31,8.030000
2002-08-01,7.730000
2002-08-02,7.310000
2002-08-05,7.570000
2002-08-06,8.320000
2002-08-07,8.600000
2002-08-08,8.940000
2002-08-09,8.830000
2002-08-12,8.830000
2002-08-13,8.500000
2002-08-14,9.050000
2002-08-15,9.100000
2002-08-16,9.930000
2002-08-19,10.500000
2002-08-20,10.190000
2002-08-21,10.700000
2002-08-22,10.410000
2002-08-23,9.670000
2002-08-26,9.720000
2002-08-27,9.090000
2002-08-28,8.700000
2002-08-29,8.760000
2002-08-30,8.850000
2002-09-03,8.260000
2002-09-04,8.450000
2002-09-05,7.990000
2002-09-06,8.040000
2002-09-09,7.970000
2002-09-10,8.270000
2002-09-11,8.240000
2002-09-12,7.640000
2002-09-13,7.210000
2002-09-16,7.030000
2002-09-17,6.830000
2002-09-18,6.780000
2002-09-19,6.270000
2002-09-20,6.400000
2002-09-23,5.980000
2002-09-24,5.750000
2002-09-25,5.930000
2002-09-26,6.070000
2002-09-27,5.740000
2002-09-30,5.340000
2002-10-01,5.270000
2002-10-02,5.370000
2002-10-03,3.630000
2002-10-04,3.510000
2002-10-07,3.200000
2002-10-08,3.550000
2002-10-09,3.560000
2002-10-10,3.630000
2002-10-11,3.760000
2002-10-14,3.930000
2002-10-15,4.200000
2002-10-16,3.490000
2002-10-17,4.330000
2002-10-18,4.400000
2002-10-21,5.550000
2002-10-22,5.320000
2002-10-23,5.850000
2002-10-24,5.920000
2002-10-25,6.090000
2002-10-28,6.110000
2002-10-29,5.830000
2002-10-30,6.320000
2002-10-31,6.140000
2002-11-01,6.510000
2002-11-04,6.730000
2002-11-05,6.800000
2002-11-06,7.230000
2002-11-07,6.820000
2002-11-08,6.100000
2002-11-11,5.950000
2002-11-12,6.370000
2002-11-13,6.330000
2002-11-14,6.590000
2002-11-15,6.480000
2002-11-18,6.520000
2002-11-19,5.580000
2002-11-20,5.550000
2002-11-21,6.140000
2002-11-22,6.860000
2002-11-25,7.950000
2002-11-26,7.960000
2002-11-27,8.550000
2002-11-29,9.000000
2002-12-02,8.930000
2002-12-03,8.120000
2002-12-04,7.850000
2002-12-05,8.250000
2002-12-06,8.110000
2002-12-09,7.310000
2002-12-10,7.950000
2002-12-11,7.720000
2002-12-12,7.750000
2002-12-13,7.320000
2002-12-16,7.470000
2002-12-17,7.340000
2002-12-18,6.670000
2002-12-19,6.470000
2002-12-20,6.620000
2002-12-23,6.760000
2002-12-24,6.570000
2002-12-26,6.460000
2002-12-27,6.350000
2002-12-30,6.350000
2002-12-31,6.460000
2003-01-02,7.010000
2003-01-03,6.940000
2003-01-06,7.160000
2003-01-07,7.170000
2003-01-08,6.690000
2003-01-09,6.910000
2003-01-10,7.410000
2003-01-13,7.450000
2003-01-14,7.430000
2003-01-15,7.450000
2003-01-16,7.200000
2003-01-17,6.030000
2003-01-21,6.000000
2003-01-22,5.720000
2003-01-23,5.650000
2003-01-24,5.430000
2003-01-27,5.280000
2003-01-28,5.300000
2003-01-29,5.610000
2003-01-30,5.170000
2003-01-31,5.240000
2003-02-03,5.050000
2003-02-04,5.060000
2003-02-05,5.030000
2003-02-06,5.070000
2003-02-07,5.040000
2003-02-10,5.170000
2003-02-11,5.080000
2003-02-12,4.940000
2003-02-13,5.000000
2003-02-14,5.100000
2003-02-18,5.480000
2003-02-19,5.580000
2003-02-20,5.330000
2003-02-21,5.390000
2003-02-24,5.310000
2003-02-25,5.250000
2003-02-26,5.150000
2003-02-27,5.230000
2003-02-28,5.490000
2003-03-03,5.370000
2003-03-04,5.260000
2003-03-05,5.420000
2003-03-06,5.320000
2003-03-07,5.250000
2003-03-10,5.530000
2003-03-11,5.600000
2003-03-12,5.520000
2003-03-13,5.790000
2003-03-14,5.770000
2003-03-17,5.810000
2003-03-18,6.550000
2003-03-19,6.870000
2003-03-20,7.050000
2003-03-21,7.150000
2003-03-24,6.590000
2003-03-25,6.690000
2003-03-26,6.460000
2003-03-27,6.440000
2003-03-28,6.220000
2003-03-31,6.180000
2003-04-01,6.380000
2003-04-02,7.000000
2003-04-03,7.200000
2003-04-04,7.100000
2003-04-07,7.150000
2003-04-08,7.000000
2003-04-09,6.920000
2003-04-10,6.980000
2003-04-11,7.150000
2003-04-14,7.400000
2003-04-15,7.600000
2003-04-16,7.900000
2003-04-17,8.030000
2003-04-21,8.320000
2003-04-22,8.440000
2003-04-23,8.380000
2003-04-24,7.800000
2003-04-25,7.540000
2003-04-28,7.590000
2003-04-29,7.660000
2003-04-30,7.440000
2003-05-01,7.360000
2003-05-02,7.400000
2003-05-05,7.570000
2003-05-06,7.640000
2003-05-07,7.490000
2003-05-08,7.250000
2003-05-09,7.350000
2003-05-12,7.430000
2003-05-13,7.500000
2003-05-14,7.520000
2003-05-15,7.470000
2003-05-16,7.600000
2003-05-19,7.210000
2003-05-20,7.000000
2003-05-21,7.050000
2003-05-22,7.050000
2003-05-23,6.910000
2003-05-27,7.200000
2003-05-28,7.320000
2003-05-29,7.420000
2003-05-30,7.280000
2003-06-02,6.870000
2003-06-03,6.940000
2003-06-04,7.010000
2003-06-05,7.020000
2003-06-06,6.930000
2003-06-09,6.550000
2003-06-10,6.680000
2003-06-11,6.410000
2003-06-12,6.900000
2003-06-13,6.520000
2003-06-16,6.610000
2003-06-17,6.580000
2003-06-18,6.750000
2003-06-19,6.810000
2003-06-20,6.790000
2003-06-23,6.590000
2003-06-24,6.310000
2003-06-25,6.350000
2003-06-26,6.550000
2003-06-27,6.380000
2003-06-30,6.410000
2003-07-01,6.540000
2003-07-02,6.750000
2003-07-03,6.710000
2003-07-07,7.180000
2003-07-08,7.100000
2003-07-09,7.120000
2003-07-10,7.050000
2003-07-11,7.200000
2003-07-14,7.200000
2003-07-15,7.280000
2003-07-16,7.320000
2003-07-17,7.270000
2003-07-18,7.120000
2003-07-21,7.100000
2003-07-22,7.290000
2003-07-23,7.190000
2003-07-24,7.060000
2003-07-25,7.160000
2003-07-28,7.330000
2003-07-29,7.310000
2003-07-30,7.280000
2003-07-31,7.300000
2003-08-01,7.190000
2003-08-04,7.220000
2003-08-05,7.270000
2003-08-06,7.260000
2003-08-07,7.560000
2003-08-08,7.260000
2003-08-11,7.390000
2003-08-12,7.400000
2003-08-13,7.570000
2003-08-14,7.820000
2003-08-15,7.800000
2003-08-18,8.910000
2003-08-19,9.230000
2003-08-20,9.120000
2003-08-21,9.450000
2003-08-22,9.910000
2003-08-25,10.090000
2003-08-26,10.100000
2003-08-27,10.240000
2003-08-28,10.920000
2003-08-29,11.290000
2003-09-02,11.160000
2003-09-03,11.010000
2003-09-04,11.700000
2003-09-05,12.100000
2003-09-08,12.450000
2003-09-09,12.280000
2003-09-10,11.260000
2003-09-11,11.830000
2003-09-12,12.160000
2003-09-15,11.900000
2003-09-16,12.240000
2003-09-17,12.500000
2003-09-18,12.790000
2003-09-19,12.680000
2003-09-22,12.420000
2003-09-23,12.380000
2003-09-24,11.550000
2003-09-25,11.370000
2003-09-26,10.870000
2003-09-29,11.200000
2003-09-30,11.110000
2003-10-01,11.170000
2003-10-02,11.690000
2003-10-03,11.890000
2003-10-06,12.160000
2003-10-07,12.790000
2003-10-08,12.960000
2003-10-09,13.090000
2003-10-10,13.240000
2003-10-13,13.400000
2003-10-14,13.630000
2003-10-15,13.660000
2003-10-16,13.960000
2003-10-17,13.990000
2003-10-20,14.120000
2003-10-21,14.290000
2003-10-22,13.960000
2003-10-23,13.650000
2003-10-24,13.590000
2003-10-27,13.850000
2003-10-28,14.850000
2003-10-29,15.090000
2003-10-30,15.180000
2003-10-31,15.200000
2003-11-03,15.930000
2003-11-04,16.549999
2003-11-05,17.010000
2003-11-06,17.040001
2003-11-07,17.010000
2003-11-10,16.820000
2003-11-11,16.620001
2003-11-12,18.080000
2003-11-13,18.290001
2003-11-14,17.860001
2003-11-17,17.360001
2003-11-18,17.330000
2003-11-19,17.600000
2003-11-20,16.500000
2003-11-21,16.799999
2003-11-24,17.410000
2003-11-25,17.490000
2003-11-26,17.730000
2003-11-28,17.969999
2003-12-01,18.070000
2003-12-02,17.900000
2003-12-03,17.290001
2003-12-04,16.660000
2003-12-05,16.070000
2003-12-08,15.740000
2003-12-09,14.920000
2003-12-10,14.680000
2003-12-11,15.190000
2003-12-12,15.270000
2003-12-15,14.730000
2003-12-16,14.360000
2003-12-17,13.990000
2003-12-18,14.560000
2003-12-19,14.260000
2003-12-22,14.230000
2003-12-23,14.670000
2003-12-24,14.510000
2003-12-26,14.700000
2003-12-29,15.280000
2003-12-30,15.110000
2003-12-31,14.900000
2004-01-02,14.860000
2004-01-05,15.200000
2004-01-06,15.610000
2004-01-07,15.660000
2004-01-08,15.930000
2004-01-09,15.540000
2004-01-12,15.770000
2004-01-13,15.190000
2004-01-14,15.200000
2004-01-15,15.900000
2004-01-16,16.760000
2004-01-20,17.379999
2004-01-21,15.900000
2004-01-22,15.430000
2004-01-23,15.320000
2004-01-26,15.600000
2004-01-27,15.560000
2004-01-28,15.300000
2004-01-29,14.680000
2004-01-30,14.860000
2004-02-02,14.640000
2004-02-03,14.750000
2004-02-04,14.130000
2004-02-05,14.170000
2004-02-06,14.940000
2004-02-09,15.060000
2004-02-10,15.540000
2004-02-11,15.710000
2004-02-12,15.090000
2004-02-13,14.940000
2004-02-17,14.930000
2004-02-18,15.300000
2004-02-19,14.970000
2004-02-20,14.650000
2004-02-23,13.990000
2004-02-24,14.010000
2004-02-25,14.520000
2004-02-26,15.050000
2004-02-27,15.000000
2004-03-01,14.890000
2004-03-02,14.930000
2004-03-03,14.700000
2004-03-04,15.390000
2004-03-05,15.360000
2004-03-08,14.700000
2004-03-09,14.530000
2004-03-10,14.430000
2004-03-11,14.440000
2004-03-12,15.000000
2004-03-15,14.600000
2004-03-16,14.920000
2004-03-17,15.350000
2004-03-18,15.350000
2004-03-19,15.250000
2004-03-22,14.790000
2004-03-23,14.860000
2004-03-24,15.540000
2004-03-25,15.870000
2004-03-26,15.510000
2004-03-29,15.730000
2004-03-30,16.030001
2004-03-31,16.230000
2004-04-01,16.790001
2004-04-02,17.450001
2004-04-05,17.430000
2004-04-06,17.100000
2004-04-07,16.900000
2004-04-08,17.000000
2004-04-12,17.370001
2004-04-13,17.160000
2004-04-14,17.120001
2004-04-15,16.219999
2004-04-16,16.049999
2004-04-19,16.290001
2004-04-20,15.790000
2004-04-21,16.280001
2004-04-22,16.459999
2004-04-23,16.360001
2004-04-26,16.000000
2004-04-27,15.590000
2004-04-28,15.170000
2004-04-29,14.600000
2004-04-30,14.220000
2004-05-03,14.220000
2004-05-04,14.460000
2004-05-05,14.350000
2004-05-06,14.370000
2004-05-07,14.910000
2004-05-10,15.020000
2004-05-11,15.480000
2004-05-12,15.140000
2004-05-13,14.670000
2004-05-14,13.870000
2004-05-17,13.880000
2004-05-18,13.950000
2004-05-19,14.490000
2004-05-20,14.190000
2004-05-21,14.240000
2004-05-24,14.360000
2004-05-25,14.920000
2004-05-26,15.120000
2004-05-27,15.200000
2004-05-28,15.550000
2004-06-01,15.300000
2004-06-02,15.080000
2004-06-03,14.590000
2004-06-04,15.120000
2004-06-07,15.800000
2004-06-08,16.180000
2004-06-09,15.510000
2004-06-10,15.750000
2004-06-14,15.150000
2004-06-15,15.390000
2004-06-16,15.240000
2004-06-17,14.760000
2004-06-18,14.880000
2004-06-21,14.100000
2004-06-22,14.670000
2004-06-23,15.400000
2004-06-24,15.320000
2004-06-25,15.500000
2004-06-28,15.290000
2004-06-29,15.820000
2004-06-30,15.900000
2004-07-01,15.500000
2004-07-02,15.270000
2004-07-06,14.810000
2004-07-07,15.200000
2004-07-08,15.100000
2004-07-09,14.810000
2004-07-12,14.430000
2004-07-13,14.500000
2004-07-14,13.740000
2004-07-15,12.970000
2004-07-16,12.640000
2004-07-19,12.550000
2004-07-20,12.680000
2004-07-21,12.120000
2004-07-22,12.640000
2004-07-23,12.120000
2004-07-26,11.650000
2004-07-27,11.610000
2004-07-28,11.330000
2004-07-29,11.840000
2004-07-30,12.490000
2004-08-02,12.290000
2004-08-03,11.600000
2004-08-04,11.860000
2004-08-05,11.810000
2004-08-06,11.260000
2004-08-09,11.170000
2004-08-10,11.520000
2004-08-11,10.930000
2004-08-12,10.900000
2004-08-13,11.060000
2004-08-16,11.240000
2004-08-17,11.380000
2004-08-18,11.870000
2004-08-19,11.750000
2004-08-20,11.970000
2004-08-23,12.260000
2004-08-24,11.950000
2004-08-25,12.200000
2004-08-26,11.820000
2004-08-27,11.960000
2004-08-30,11.590000
2004-08-31,11.430000
2004-09-01,11.700000
2004-09-02,11.680000
2004-09-03,10.900000
2004-09-07,10.970000
2004-09-08,10.860000
2004-09-09,11.600000
2004-09-10,12.210000
2004-09-13,12.900000
2004-09-14,12.700000
2004-09-15,12.220000
2004-09-16,12.170000
2004-09-17,12.700000
2004-09-20,12.790000
2004-09-21,13.030000
2004-09-22,12.980000
2004-09-23,12.820000
2004-09-24,12.420000
2004-09-27,12.470000
2004-09-28,12.460000
2004-09-29,12.800000
2004-09-30,13.000000
2004-10-01,13.430000
2004-10-04,13.700000
2004-10-05,13.680000
2004-10-06,13.970000
2004-10-07,14.110000
2004-10-08,13.500000
2004-10-11,13.950000
2004-10-12,13.700000
2004-10-13,13.840000
2004-10-14,13.590000
2004-10-15,14.000000
2004-10-18,14.190000
2004-10-19,14.750000
2004-10-20,15.410000
2004-10-21,15.950000
2004-10-22,15.560000
2004-10-25,15.500000
2004-10-26,15.620000
2004-10-27,16.230000
2004-10-28,16.690001
2004-10-29,16.820000
2004-11-01,17.340000
2004-11-02,17.700001
2004-11-03,17.100000
2004-11-04,16.980000
2004-11-05,17.090000
2004-11-08,17.370001
2004-11-09,17.219999
2004-11-10,17.290001
2004-11-11,18.590000
2004-11-12,21.020000
2004-11-15,20.980000
2004-11-16,20.879999
2004-11-17,21.990000
2004-11-18,21.959999
2004-11-19,20.809999
2004-11-22,20.959999
2004-11-23,21.389999
2004-11-24,21.570000
2004-11-26,21.540001
2004-11-29,21.230000
2004-11-30,21.280001
2004-12-01,22.610001
2004-12-02,22.620001
2004-12-03,23.219999
2004-12-06,24.850000
2004-12-07,23.490000
2004-12-08,22.900000
2004-12-09,22.100000
2004-12-10,21.830000
2004-12-13,22.110001
2004-12-14,22.540001
2004-12-15,22.639999
2004-12-16,22.490000
2004-12-17,22.430000
2004-12-20,21.840000
2004-12-21,21.730000
2004-12-22,21.830000
2004-12-23,22.120001
2004-12-27,21.900000
2004-12-28,21.730000
2004-12-29,21.959999
2004-12-30,21.950001
2004-12-31,22.020000
2005-01-03,21.410000
2005-01-04,20.209999
2005-01-05,19.750000
2005-01-06,19.719999
2005-01-07,19.920000
2005-01-10,20.129999
2005-01-11,14.860000
2005-01-12,15.020000
2005-01-13,15.160000
2005-01-14,15.160000
2005-01-18,15.500000
2005-01-19,15.500000
2005-01-20,15.640000
2005-01-21,15.490000
2005-01-24,15.160000
2005-01-25,15.750000
2005-01-26,15.980000
2005-01-27,16.120001
2005-01-28,15.710000
2005-01-31,15.800000
2005-02-01,16.270000
2005-02-02,16.660000
2005-02-03,16.670000
2005-02-04,17.490000
2005-02-07,17.219999
2005-02-08,17.639999
2005-02-09,17.940001
2005-02-10,17.750000
2005-02-11,18.110001
2005-02-14,18.240000
2005-02-15,17.680000
2005-02-16,17.450001
2005-02-17,17.059999
2005-02-18,16.900000
2005-02-22,17.000000
2005-02-23,16.600000
2005-02-24,17.620001
2005-02-25,17.770000
2005-02-28,17.450001
2005-03-01,17.959999
2005-03-02,17.650000
2005-03-03,17.520000
2005-03-04,17.430000
2005-03-07,17.469999
2005-03-08,17.120001
2005-03-09,16.940001
2005-03-10,17.020000
2005-03-11,16.360001
2005-03-14,16.440001
2005-03-15,16.070000
2005-03-16,16.030001
2005-03-17,16.120001
2005-03-18,16.080000
2005-03-21,15.750000
2005-03-22,15.380000
2005-03-23,15.650000
2005-03-24,16.120001
2005-03-28,15.470000
2005-03-29,15.420000
2005-03-30,16.209999
2005-03-31,16.120001
2005-04-01,16.190001
2005-04-04,15.950000
2005-04-05,15.850000
2005-04-06,15.740000
2005-04-07,16.180000
2005-04-08,17.090000
2005-04-11,17.020000
2005-04-12,17.230000
2005-04-13,17.059999
2005-04-14,16.260000
2005-04-15,15.450000
2005-04-18,15.280000
2005-04-19,15.280000
2005-04-20,14.650000
2005-04-21,14.990000
2005-04-22,14.600000
2005-04-25,14.700000
2005-04-26,14.620000
2005-04-27,14.510000
2005-04-28,14.160000
2005-04-29,14.230000
2005-05-02,14.320000
2005-05-03,14.360000
2005-05-04,14.680000
2005-05-05,14.740000
2005-05-06,14.900000
2005-05-09,15.050000
2005-05-10,15.070000
2005-05-11,15.090000
2005-05-12,15.300000
2005-05-13,15.480000
2005-05-16,15.670000
2005-05-17,15.670000
2005-05-18,15.820000
2005-05-19,15.860000
2005-05-20,16.000000
2005-05-23,15.950000
2005-05-24,16.120001
2005-05-25,16.160000
2005-05-26,16.360001
2005-05-27,16.209999
2005-05-31,16.400000
2005-06-01,16.719999
2005-06-02,17.049999
2005-06-03,17.080000
2005-06-06,17.010000
2005-06-07,17.559999
2005-06-08,17.799999
2005-06-09,18.209999
2005-06-10,17.570000
2005-06-13,17.320000
2005-06-14,17.080000
2005-06-15,17.049999
2005-06-16,17.389999
2005-06-17,17.440001
2005-06-20,17.530001
2005-06-21,17.799999
2005-06-22,17.910000
2005-06-23,17.620001
2005-06-24,17.170000
2005-06-27,16.650000
2005-06-28,17.700001
2005-06-29,17.370001
2005-06-30,17.340000
2005-07-01,17.450001
2005-07-05,18.040001
2005-07-06,18.510000
2005-07-07,18.730000
2005-07-08,18.940001
2005-07-11,19.010000
2005-07-12,19.370001
2005-07-13,19.250000
2005-07-14,19.879999
2005-07-15,20.010000
2005-07-18,19.940001
2005-07-19,20.670000
2005-07-20,20.590000
2005-07-21,20.370001
2005-07-22,20.490000
2005-07-25,19.750000
2005-07-26,19.850000
2005-07-27,20.100000
2005-07-28,20.270000
2005-07-29,20.080000
2005-08-01,20.049999
2005-08-02,20.420000
2005-08-03,20.650000
2005-08-04,20.150000
2005-08-05,19.910000
2005-08-08,19.959999
2005-08-09,20.420000
2005-08-10,20.600000
2005-08-11,20.690001
2005-08-12,20.700001
2005-08-15,20.850000
2005-08-16,20.299999
2005-08-17,21.190001
2005-08-18,20.870001
2005-08-19,20.549999
2005-08-22,20.629999
2005-08-23,20.500000
2005-08-24,20.650000
2005-08-25,20.990000
2005-08-26,21.000000
2005-08-29,20.840000
2005-08-30,20.370001
2005-08-31,20.770000
2005-09-01,20.879999
2005-09-02,20.900000
2005-09-06,21.520000
2005-09-07,22.549999
2005-09-08,23.080000
2005-09-09,23.850000
2005-09-12,23.379999
2005-09-13,23.299999
2005-09-14,23.629999
2005-09-15,23.639999
2005-09-16,22.650000
2005-09-19,22.340000
2005-09-20,23.000000
2005-09-21,22.100000
2005-09-22,22.209999
2005-09-23,22.980000
2005-09-26,23.629999
2005-09-27,23.770000
2005-09-28,24.170000
2005-09-29,24.870001
2005-09-30,25.200001
2005-10-03,25.660000
2005-10-04,24.360001
2005-10-05,24.000000
2005-10-06,23.830000
2005-10-07,24.000000
2005-10-10,23.110001
2005-10-11,24.000000
2005-10-12,21.000000
2005-10-13,21.629999
2005-10-14,21.190001
2005-10-17,21.370001
2005-10-18,21.049999
2005-10-19,21.340000
2005-10-20,21.000000
2005-10-21,21.850000
2005-10-24,22.120001
2005-10-25,22.350000
2005-10-26,22.820000
2005-10-27,21.820000
2005-10-28,22.320000
2005-10-31,23.219999
2005-11-01,23.080000
2005-11-02,24.200001
2005-11-03,24.500000
2005-11-04,24.629999
2005-11-07,24.889999
2005-11-08,24.540001
2005-11-09,24.520000
2005-11-10,24.820000
2005-11-11,24.760000
2005-11-14,25.000000
2005-11-15,25.500000
2005-11-16,25.549999
2005-11-17,25.889999
2005-11-18,26.740000
2005-11-21,27.040001
2005-11-22,27.090000
2005-11-23,26.219999
2005-11-25,26.520000
2005-11-28,26.490000
2005-11-29,25.580000
2005-11-30,26.180000
2005-12-01,27.410000
2005-12-02,27.950001
2005-12-05,27.270000
2005-12-06,26.950001
2005-12-07,26.670000
2005-12-08,25.650000
2005-12-09,26.900000
2005-12-12,26.990000
2005-12-13,27.030001
2005-12-14,27.549999
2005-12-15,27.900000
2005-12-16,28.170000
2005-12-19,28.120001
2005-12-20,29.219999
2005-12-21,29.340000
2005-12-22,30.020000
2005-12-23,30.500000
2005-12-27,31.200001
2005-12-28,31.700001
2005-12-29,30.530001
2005-12-30,30.600000
2006-01-03,32.400002
2006-01-04,32.560001
2006-01-05,33.680000
2006-01-06,33.779999
2006-01-09,33.250000
2006-01-10,34.930000
2006-01-11,36.270000
2006-01-12,35.349998
2006-01-13,34.130001
2006-01-17,32.860001
2006-01-18,34.150002
2006-01-19,37.130001
2006-01-20,35.700001
2006-01-23,35.470001
2006-01-24,36.770000
2006-01-25,38.380001
2006-01-26,40.410000
2006-01-27,39.849998
2006-01-30,41.400002
2006-01-31,41.799999
2006-02-01,42.099998
2006-02-02,41.020000
2006-02-03,39.540001
2006-02-06,41.220001
2006-02-07,41.009998
2006-02-08,40.860001
2006-02-09,40.060001
2006-02-10,40.099998
2006-02-13,38.959999
2006-02-14,40.220001
2006-02-15,40.240002
2006-02-16,41.740002
2006-02-17,40.330002
2006-02-21,40.049999
2006-02-22,40.799999
2006-02-23,40.389999
2006-02-24,40.540001
2006-02-27,40.619999
2006-02-28,38.669998
2006-03-01,40.070000
2006-03-02,41.330002
2006-03-03,39.509998
2006-03-06,39.389999
2006-03-07,38.270000
2006-03-08,37.090000
2006-03-09,36.209999
2006-03-10,36.630001
2006-03-13,34.000000
2006-03-14,34.990002
2006-03-15,35.119999
2006-03-16,34.080002
2006-03-17,33.950001
2006-03-20,34.150002
2006-03-21,34.439999
2006-03-22,34.369999
2006-03-23,34.750000
2006-03-24,36.130001
2006-03-27,35.330002
2006-03-28,34.090000
2006-03-29,34.290001
2006-03-30,33.590000
2006-03-31,33.160000
2006-04-03,33.180000
2006-04-04,33.430000
2006-04-05,34.779999
2006-04-06,34.700001
2006-04-07,33.689999
2006-04-10,34.570000
2006-04-11,34.349998
2006-04-12,35.419998
2006-04-13,31.799999
2006-04-17,30.600000
2006-04-18,31.230000
2006-04-19,31.540001
2006-04-20,31.379999
2006-04-21,31.730000
2006-04-24,32.810001
2006-04-25,33.410000
2006-04-26,32.799999
2006-04-27,32.799999
2006-04-28,32.349998
2006-05-01,31.790001
2006-05-02,32.619999
2006-05-03,33.270000
2006-05-04,33.950001
2006-05-05,34.430000
2006-05-08,33.950001
2006-05-09,34.160000
2006-05-10,32.830002
2006-05-11,31.490000
2006-05-12,31.660000
2006-05-15,31.120001
2006-05-16,30.809999
2006-05-17,30.770000
2006-05-18,31.350000
2006-05-19,34.950001
2006-05-22,33.180000
2006-05-23,31.790001
2006-05-24,31.180000
2006-05-25,30.969999
2006-05-26,31.629999
2006-05-30,30.480000
2006-05-31,30.889999
2006-06-01,31.389999
2006-06-02,30.100000
2006-06-05,29.059999
2006-06-06,28.950001
2006-06-07,28.000000
2006-06-08,27.030001
2006-06-09,26.750000
2006-06-12,25.680000
2006-06-13,24.389999
2006-06-14,25.110001
2006-06-15,26.110001
2006-06-16,25.639999
2006-06-19,24.950001
2006-06-20,24.870001
2006-06-21,25.420000
2006-06-22,25.370001
2006-06-23,25.139999
2006-06-26,24.660000
2006-06-27,24.260000
2006-06-28,23.889999
2006-06-29,24.809999
2006-06-30,24.420000
2006-07-03,24.600000
2006-07-05,23.900000
2006-07-06,23.830000
2006-07-07,23.559999
2006-07-10,22.510000
2006-07-11,22.980000
2006-07-12,22.840000
2006-07-13,22.129999
2006-07-14,21.600000
2006-07-17,20.920000
2006-07-18,20.549999
2006-07-19,21.459999
2006-07-20,21.650000
2006-07-21,18.260000
2006-07-24,17.389999
2006-07-25,17.799999
2006-07-26,18.250000
2006-07-27,18.059999
2006-07-28,19.100000
2006-07-31,19.389999
2006-08-01,19.100000
2006-08-02,19.600000
2006-08-03,20.450001
2006-08-04,20.469999
2006-08-07,20.219999
2006-08-08,20.120001
2006-08-09,19.850000
2006-08-10,20.010000
2006-08-11,19.780001
2006-08-14,19.870001
2006-08-15,20.870001
2006-08-16,22.570000
2006-08-17,24.200001
2006-08-18,23.930000
2006-08-21,23.400000
2006-08-22,24.879999
2006-08-23,24.900000
2006-08-24,24.760000
2006-08-25,24.559999
2006-08-28,23.920000
2006-08-29,24.400000
2006-08-30,25.030001
2006-08-31,24.990000
2006-09-01,24.660000
2006-09-05,26.219999
2006-09-06,24.530001
2006-09-07,24.590000
2006-09-08,25.799999
2006-09-11,25.660000
2006-09-12,26.480000
2006-09-13,27.150000
2006-09-14,27.020000
2006-09-15,26.530001
2006-09-18,27.320000
2006-09-19,26.930000
2006-09-20,27.379999
2006-09-21,26.980000
2006-09-22,26.209999
2006-09-25,26.770000
2006-09-26,25.990000
2006-09-27,25.320000
2006-09-28,25.070000
2006-09-29,24.850000
2006-10-02,24.809999
2006-10-03,24.129999
2006-10-04,25.030001
2006-10-05,25.110001
2006-10-06,24.010000
2006-10-09,23.000000
2006-10-10,23.139999
2006-10-11,24.270000
2006-10-12,24.690001
2006-10-13,25.230000
2006-10-16,25.379999
2006-10-17,24.480000
2006-10-18,24.230000
2006-10-19,21.010000
2006-10-20,20.120001
2006-10-23,20.240000
2006-10-24,20.320000
2006-10-25,20.830000
2006-10-26,21.500000
2006-10-27,20.860001
2006-10-30,21.320000
2006-10-31,21.270000
2006-11-01,20.730000
2006-11-02,20.850000
2006-11-03,20.879999
2006-11-06,21.389999
2006-11-07,21.559999
2006-11-08,21.250000
2006-11-09,20.889999
2006-11-10,21.070000
2006-11-13,21.200001
2006-11-14,21.340000
2006-11-15,21.709999
2006-11-16,21.740000
2006-11-17,21.450001
2006-11-20,21.440001
2006-11-21,21.240000
2006-11-22,21.770000
2006-11-24,21.799999
2006-11-27,21.830000
2006-11-28,21.930000
2006-11-29,21.410000
2006-11-30,21.570000
2006-12-01,20.690001
2006-12-04,21.040001
2006-12-05,21.340000
2006-12-06,21.490000
2006-12-07,21.049999
2006-12-08,20.930000
2006-12-11,20.690001
2006-12-12,20.469999
2006-12-13,20.170000
2006-12-14,22.709999
2006-12-15,22.120001
2006-12-18,21.969999
2006-12-19,21.639999
2006-12-20,21.850000
2006-12-21,20.950001
2006-12-22,20.770000
2006-12-26,20.600000
2006-12-27,20.700001
2006-12-28,20.570000
2006-12-29,20.350000
2007-01-03,19.520000
2007-01-04,19.790001
2007-01-05,19.709999
2007-01-08,19.469999
2007-01-09,19.650000
2007-01-10,20.010000
2007-01-11,20.180000
2007-01-12,18.260000
2007-01-16,18.129999
2007-01-17,18.200001
2007-01-18,17.920000
2007-01-19,17.730000
2007-01-22,17.530001
2007-01-23,17.510000
2007-01-24,16.030001
2007-01-25,16.049999
2007-01-26,16.219999
2007-01-29,15.950000
2007-01-30,15.790000
2007-01-31,15.550000
2007-02-01,15.770000
2007-02-02,15.690000
2007-02-05,15.600000
2007-02-06,15.320000
2007-02-07,15.500000
2007-02-08,15.130000
2007-02-09,14.900000
2007-02-12,14.690000
2007-02-13,14.600000
2007-02-14,14.950000
2007-02-15,14.830000
2007-02-16,14.940000
2007-02-20,14.920000
2007-02-21,14.560000
2007-02-22,14.540000
2007-02-23,14.690000
2007-02-26,15.680000
2007-02-27,15.080000
2007-02-28,15.070000
2007-03-01,14.790000
2007-03-02,14.180000
2007-03-05,13.950000
2007-03-06,14.090000
2007-03-07,14.100000
2007-03-08,14.190000
2007-03-09,14.200000
2007-03-12,14.170000
2007-03-13,13.940000
2007-03-14,14.130000
2007-03-15,13.930000
2007-03-16,14.010000
2007-03-19,13.720000
2007-03-20,13.410000
2007-03-21,13.600000
2007-03-22,13.350000
2007-03-23,13.500000
2007-03-26,13.550000
2007-03-27,13.500000
2007-03-28,13.380000
2007-03-29,13.080000
2007-03-30,13.060000
2007-04-02,12.830000
2007-04-03,12.900000
2007-04-04,12.710000
2007-04-05,12.860000
2007-04-09,13.350000
2007-04-10,13.270000
2007-04-11,13.190000
2007-04-12,13.660000
2007-04-13,13.570000
2007-04-16,13.520000
2007-04-17,13.470000
2007-04-18,13.910000
2007-04-19,14.280000
2007-04-20,14.160000
2007-04-23,14.040000
2007-04-24,14.570000
2007-04-25,14.650000
2007-04-26,14.500000
2007-04-27,14.320000
2007-04-30,13.820000
2007-05-01,13.540000
2007-05-02,13.630000
2007-05-03,13.690000
2007-05-04,13.530000
2007-05-07,13.280000
2007-05-08,13.180000
2007-05-09,13.570000
2007-05-10,14.050000
2007-05-11,14.680000
2007-05-14,15.360000
2007-05-15,15.400000
2007-05-16,15.580000
2007-05-17,15.430000
2007-05-18,15.590000
2007-05-21,15.430000
2007-05-22,15.420000
2007-05-23,15.210000
2007-05-24,14.880000
2007-05-25,14.760000
2007-05-29,14.600000
2007-05-30,14.370000
2007-05-31,14.270000
2007-06-01,14.310000
2007-06-04,14.170000
2007-06-05,13.980000
2007-06-06,13.630000
2007-06-07,13.680000
2007-06-08,14.070000
2007-06-11,13.910000
2007-06-12,13.800000
2007-06-13,13.960000
2007-06-14,13.780000
2007-06-15,13.630000
2007-06-18,13.510000
2007-06-19,13.570000
2007-06-20,13.640000
2007-06-21,14.720000
2007-06-22,14.570000
2007-06-25,14.280000
2007-06-26,14.180000
2007-06-27,14.580000
2007-06-28,14.490000
2007-06-29,14.300000
2007-07-02,14.360000
2007-07-03,14.360000
2007-07-05,14.190000
2007-07-06,14.390000
2007-07-09,14.570000
2007-07-10,14.430000
2007-07-11,14.650000
2007-07-12,15.360000
2007-07-13,15.430000
2007-07-16,15.720000
2007-07-17,15.840000
2007-07-18,15.460000
2007-07-19,15.780000
2007-07-20,15.500000
2007-07-23,15.360000
2007-07-24,15.210000
2007-07-25,15.580000
2007-07-26,14.730000
2007-07-27,13.870000
2007-07-30,13.790000
2007-07-31,13.540000
2007-08-01,13.410000
2007-08-02,13.400000
2007-08-03,12.850000
2007-08-06,12.770000
2007-08-07,12.630000
2007-08-08,13.420000
2007-08-09,13.080000
2007-08-10,13.010000
2007-08-13,12.840000
2007-08-14,12.540000
2007-08-15,11.950000
2007-08-16,11.640000
2007-08-17,11.890000
2007-08-20,12.100000
2007-08-21,12.170000
2007-08-22,12.010000
2007-08-23,12.060000
2007-08-24,12.130000
2007-08-27,11.980000
2007-08-28,11.660000
2007-08-29,12.300000
2007-08-30,12.420000
2007-08-31,13.000000
2007-09-04,13.170000
2007-09-05,12.900000
2007-09-06,12.940000
2007-09-07,12.610000
2007-09-10,12.940000
2007-09-11,12.970000
2007-09-12,12.830000
2007-09-13,12.730000
2007-09-14,12.690000
2007-09-17,12.840000
2007-09-18,13.300000
2007-09-19,13.100000
2007-09-20,13.350000
2007-09-21,13.240000
2007-09-24,13.480000
2007-09-25,13.810000
2007-09-26,13.750000
2007-09-27,13.280000
2007-09-28,13.200000
2007-10-01,13.230000
2007-10-02,13.200000
2007-10-03,13.230000
2007-10-04,13.350000
2007-10-05,13.630000
2007-10-08,13.630000
2007-10-09,13.790000
2007-10-10,14.020000
2007-10-11,13.800000
2007-10-12,13.940000
2007-10-15,13.980000
2007-10-16,13.960000
2007-10-17,14.110000
2007-10-18,14.550000
2007-10-19,13.800000
2007-10-22,13.750000
2007-10-23,13.730000
2007-10-24,13.120000
2007-10-25,12.750000
2007-10-26,12.890000
2007-10-29,12.880000
2007-10-30,13.000000
2007-10-31,13.080000
2007-11-01,12.800000
2007-11-02,13.170000
2007-11-05,13.420000
2007-11-06,13.430000
2007-11-07,13.010000
2007-11-08,12.510000
2007-11-09,12.370000
2007-11-12,11.950000
2007-11-13,12.400000
2007-11-14,12.280000
2007-11-15,12.700000
2007-11-16,12.640000
2007-11-19,12.070000
2007-11-20,11.280000
2007-11-21,10.830000
2007-11-23,10.780000
2007-11-26,10.270000
2007-11-27,10.150000
2007-11-28,10.350000
2007-11-29,10.140000
2007-11-30,9.760000
2007-12-03,9.660000
2007-12-04,9.250000
2007-12-05,8.910000
2007-12-06,9.070000
2007-12-07,9.050000
2007-12-10,9.180000
2007-12-11,9.070000
2007-12-12,8.970000
2007-12-13,8.840000
2007-12-14,8.430000
2007-12-17,7.950000
2007-12-18,7.680000
2007-12-19,7.980000
2007-12-20,7.970000
2007-12-21,7.790000
2007-12-24,7.770000
2007-12-26,7.770000
2007-12-27,7.530000
2007-12-28,7.320000
2007-12-31,7.500000
2008-01-02,7.140000
2008-01-03,6.770000
2008-01-04,6.250000
2008-01-07,6.080000
2008-01-08,6.000000
2008-01-09,5.530000
2008-01-10,5.960000
2008-01-11,6.250000
2008-01-14,6.410000
2008-01-15,6.120000
2008-01-16,6.570000
2008-01-17,6.340000
2008-01-18,7.070000
2008-01-22,6.830000
2008-01-23,7.560000
2008-01-24,7.580000
2008-01-25,7.150000
2008-01-28,7.460000
2008-01-29,7.610000
2008-01-30,7.610000
2008-01-31,7.590000
2008-02-01,8.000000
2008-02-04,7.920000
2008-02-05,7.210000
2008-02-06,6.740000
2008-02-07,6.590000
2008-02-08,6.340000
2008-02-11,6.280000
2008-02-12,6.410000
2008-02-13,6.700000
2008-02-14,6.530000
2008-02-15,6.450000
2008-02-19,6.500000
2008-02-20,6.830000
2008-02-21,6.960000
2008-02-22,6.710000
2008-02-25,6.970000
2008-02-26,7.130000
2008-02-27,7.280000
2008-02-28,7.020000
2008-02-29,7.210000
2008-03-03,6.760000
2008-03-04,6.760000
2008-03-05,6.840000
2008-03-06,6.490000
2008-03-07,6.490000
2008-03-10,6.160000
2008-03-11,6.480000
2008-03-12,6.430000
2008-03-13,6.730000
2008-03-14,6.380000
2008-03-17,6.340000
2008-03-18,6.390000
2008-03-19,6.150000
2008-03-20,6.110000
2008-03-24,6.210000
2008-03-25,6.300000
2008-03-26,6.220000
2008-03-27,6.160000
2008-03-28,5.910000
2008-03-31,5.890000
2008-04-01,6.070000
2008-04-02,6.190000
2008-04-03,6.260000
2008-04-04,6.230000
2008-04-07,6.340000
2008-04-08,6.030000
2008-04-09,6.260000
2008-04-10,6.270000
2008-04-11,6.010000
2008-04-14,5.860000
2008-04-15,5.780000
2008-04-16,6.070000
2008-04-17,6.190000
2008-04-18,6.110000
2008-04-21,6.140000
2008-04-22,5.960000
2008-04-23,5.920000
2008-04-24,6.030000
2008-04-25,6.060000
2008-04-28,6.000000
2008-04-29,6.020000
2008-04-30,5.960000
2008-05-01,6.220000
2008-05-02,6.160000
2008-05-05,6.530000
2008-05-06,7.120000
2008-05-07,6.910000
2008-05-08,6.930000
2008-05-09,6.940000
2008-05-12,7.160000
2008-05-13,7.190000
2008-05-14,7.160000
2008-05-15,7.410000
2008-05-16,7.260000
2008-05-19,7.100000
2008-05-20,7.120000
2008-05-21,7.080000
2008-05-22,7.070000
2008-05-23,6.880000
2008-05-27,6.920000
2008-05-28,6.820000
2008-05-29,6.770000
2008-05-30,6.880000
2008-06-02,6.800000
2008-06-03,6.810000
2008-06-04,7.190000
2008-06-05,7.780000
2008-06-06,7.430000
2008-06-09,7.680000
2008-06-10,7.430000
2008-06-11,6.960000
2008-06-12,7.140000
2008-06-13,7.520000
2008-06-16,7.710000
2008-06-17,7.720000
2008-06-18,7.290000
2008-06-19,7.330000
2008-06-20,6.990000
2008-06-23,6.550000
2008-06-24,6.240000
2008-06-25,6.430000
2008-06-26,6.130000
2008-06-27,5.950000
2008-06-30,5.830000
2008-07-01,5.650000
2008-07-02,5.440000
2008-07-03,5.300000
2008-07-07,5.380000
2008-07-08,5.530000
2008-07-09,5.060000
2008-07-10,4.960000
2008-07-11,4.840000
2008-07-14,4.820000
2008-07-15,4.720000
2008-07-16,5.060000
2008-07-17,5.300000
2008-07-18,4.650000
2008-07-21,4.590000
2008-07-22,4.410000
2008-07-23,4.670000
2008-07-24,4.370000
2008-07-25,4.360000
2008-07-28,4.190000
2008-07-29,4.210000
2008-07-30,4.230000
2008-07-31,4.210000
2008-08-01,4.280000
2008-08-04,4.480000
2008-08-05,4.600000
2008-08-06,4.800000
2008-08-07,5.030000
2008-08-08,5.130000
2008-08-11,5.110000
2008-08-12,5.210000
2008-08-13,5.150000
2008-08-14,5.300000
2008-08-15,5.640000
2008-08-18,5.910000
2008-08-19,5.580000
2008-08-20,5.700000
2008-08-21,5.760000
2008-08-22,5.810000
2008-08-25,5.930000
2008-08-26,5.930000
2008-08-27,6.070000
2008-08-28,6.250000
2008-08-29,6.290000
2008-09-02,6.340000
2008-09-03,6.150000
2008-09-04,5.840000
2008-09-05,5.960000
2008-09-08,6.070000
2008-09-09,5.770000
2008-09-10,5.780000
2008-09-11,5.710000
2008-09-12,5.750000
2008-09-15,5.180000
2008-09-16,5.260000
2008-09-17,4.900000
2008-09-18,5.300000
2008-09-19,5.420000
2008-09-22,4.990000
2008-09-23,4.940000
2008-09-24,4.880000
2008-09-25,5.230000
2008-09-26,5.160000
2008-09-29,4.290000
2008-09-30,5.250000
2008-10-01,4.740000
2008-10-02,4.140000
2008-10-03,4.530000
2008-10-06,4.230000
2008-10-07,4.590000
2008-10-08,4.050000
2008-10-09,4.040000
2008-10-10,3.810000
2008-10-13,4.210000
2008-10-14,4.270000
2008-10-15,3.910000
2008-10-16,4.120000
2008-10-17,4.210000
2008-10-20,4.110000
2008-10-21,3.910000
2008-10-22,3.620000
2008-10-23,3.280000
2008-10-24,3.030000
2008-10-27,2.940000
2008-10-28,2.840000
2008-10-29,2.980000
2008-10-30,3.560000
2008-10-31,3.500000
2008-11-03,3.610000
2008-11-04,3.800000
2008-11-05,3.550000
2008-11-06,3.170000
2008-11-07,3.160000
2008-11-10,3.040000
2008-11-11,2.960000
2008-11-12,2.570000
2008-11-13,2.700000
2008-11-14,2.430000
2008-11-17,2.500000
2008-11-18,2.500000
2008-11-19,2.120000
2008-11-20,1.910000
2008-11-21,1.820000
2008-11-24,1.860000
2008-11-25,1.800000
2008-11-26,2.130000
2008-11-28,2.360000
2008-12-01,2.000000
2008-12-02,2.030000
2008-12-03,2.200000
2008-12-04,2.080000
2008-12-05,2.130000
2008-12-08,2.100000
2008-12-09,2.270000
2008-12-10,2.200000
2008-12-11,2.200000
2008-12-12,2.280000
2008-12-15,2.210000
2008-12-16,2.250000
2008-12-17,2.290000
2008-12-18,2.230000
2008-12-19,2.270000
2008-12-22,2.020000
2008-12-23,1.960000
2008-12-24,1.990000
2008-12-26,2.180000
2008-12-29,2.100000
2008-12-30,2.210000
2008-12-31,2.160000
2009-01-02,2.380000
2009-01-05,2.670000
2009-01-06,2.780000
2009-01-07,2.660000
2009-01-08,2.740000
2009-01-09,2.690000
2009-01-12,2.520000
2009-01-13,2.380000
2009-01-14,2.150000
2009-01-15,2.260000
2009-01-16,2.290000
2009-01-20,2.000000
2009-01-21,2.250000
2009-01-22,2.020000
2009-01-23,2.070000
2009-01-26,2.010000
2009-01-27,2.140000
2009-01-28,2.350000
2009-01-29,2.200000
2009-01-30,2.190000
2009-02-02,2.150000
2009-02-03,2.210000
2009-02-04,2.270000
2009-02-05,2.360000
2009-02-06,2.410000
2009-02-09,2.360000
2009-02-10,2.110000
2009-02-11,2.150000
2009-02-12,2.280000
2009-02-13,2.420000
2009-02-17,2.370000
2009-02-18,2.200000
2009-02-19,2.120000
2009-02-20,2.030000
2009-02-23,2.020000
2009-02-24,2.120000
2009-02-25,2.220000
2009-02-26,2.090000
2009-02-27,2.180000
2009-03-02,2.010000
2009-03-03,2.070000
2009-03-04,2.300000
2009-03-05,2.160000
2009-03-06,2.140000
2009-03-09,2.140000
2009-03-10,2.320000
2009-03-11,2.310000
2009-03-12,2.400000
2009-03-13,2.520000
2009-03-16,2.480000
2009-03-17,2.760000
2009-03-18,2.970000
2009-03-19,2.960000
2009-03-20,2.670000
2009-03-23,3.020000
2009-03-24,3.140000
2009-03-25,3.170000
2009-03-26,3.560000
2009-03-27,3.370000
2009-03-30,3.190000
2009-03-31,3.050000
2009-04-01,3.020000
2009-04-02,3.160000
2009-04-03,3.430000
2009-04-06,3.530000
2009-04-07,3.440000
2009-04-08,3.680000
2009-04-09,3.750000
2009-04-13,3.610000
2009-04-14,3.630000
2009-04-15,3.440000
2009-04-16,3.570000
2009-04-17,3.560000
2009-04-20,3.310000
2009-04-21,3.360000
2009-04-22,3.330000
2009-04-23,3.530000
2009-04-24,3.510000
2009-04-27,3.470000
2009-04-28,3.410000
2009-04-29,3.510000
2009-04-30,3.610000
2009-05-01,3.820000
2009-05-04,4.260000
2009-05-05,4.320000
2009-05-06,4.310000
2009-05-07,4.010000
2009-05-08,3.930000
2009-05-11,4.220000
2009-05-12,4.350000
2009-05-13,4.380000
2009-05-14,4.240000
2009-05-15,4.010000
2009-05-18,4.140000
2009-05-19,4.390000
2009-05-20,4.500000
2009-05-21,4.340000
2009-05-22,4.260000
2009-05-26,4.530000
2009-05-27,4.710000
2009-05-28,4.700000
2009-05-29,4.540000
2009-06-01,4.730000
2009-06-02,4.560000
2009-06-03,4.480000
2009-06-04,4.650000
2009-06-05,4.630000
2009-06-08,4.610000
2009-06-09,4.750000
2009-06-10,4.820000
2009-06-11,4.700000
2009-06-12,4.470000
2009-06-15,4.260000
2009-06-16,4.130000
2009-06-17,4.080000
2009-06-18,3.850000
2009-06-19,3.870000
2009-06-22,3.620000
2009-06-23,3.550000
2009-06-24,3.660000
2009-06-25,3.640000
2009-06-26,3.620000
2009-06-29,3.720000
2009-06-30,3.870000
2009-07-01,3.910000
2009-07-02,3.780000
2009-07-06,3.550000
2009-07-07,3.430000
2009-07-08,3.360000
2009-07-09,3.480000
2009-07-10,3.490000
2009-07-13,3.560000
2009-07-14,3.550000
2009-07-15,3.860000
2009-07-16,3.920000
2009-07-17,4.000000
2009-07-20,4.170000
2009-07-21,4.080000
2009-07-22,3.550000
2009-07-23,3.590000
2009-07-24,3.770000
2009-07-27,3.800000
2009-07-28,3.770000
2009-07-29,3.710000
2009-07-30,3.660000
2009-07-31,3.660000
2009-08-03,3.740000
2009-08-04,3.760000
2009-08-05,3.750000
2009-08-06,3.710000
2009-08-07,3.700000
2009-08-10,3.680000
2009-08-11,3.590000
2009-08-12,3.590000
2009-08-13,3.680000
2009-08-14,3.690000
2009-08-17,3.550000
2009-08-18,3.560000
2009-08-19,3.520000
2009-08-20,3.520000
2009-08-21,3.700000
2009-08-24,4.000000
2009-08-25,4.020000
2009-08-26,4.060000
2009-08-27,4.230000
2009-08-28,4.470000
2009-08-31,4.360000
2009-09-01,4.220000
2009-09-02,4.280000
2009-09-03,4.530000
2009-09-04,4.530000
2009-09-08,5.190000
2009-09-09,5.200000
2009-09-10,5.380000
2009-09-11,5.680000
2009-09-14,5.720000
2009-09-15,5.880000
2009-09-16,5.690000
2009-09-17,5.670000
2009-09-18,5.700000
2009-09-21,5.810000
2009-09-22,6.080000
2009-09-23,6.020000
2009-09-24,5.660000
2009-09-25,5.830000
2009-09-28,5.940000
2009-09-29,5.780000
2009-09-30,5.660000
2009-10-01,5.390000
2009-10-02,5.310000
2009-10-05,5.540000
2009-10-06,5.640000
2009-10-07,5.540000
2009-10-08,5.510000
2009-10-09,5.880000
2009-10-12,6.140000
2009-10-13,6.080000
2009-10-14,6.250000
2009-10-15,6.190000
2009-10-16,5.740000
2009-10-19,5.870000
2009-10-20,5.980000
2009-10-21,5.770000
2009-10-22,5.830000
2009-10-23,5.600000
2009-10-26,5.420000
2009-10-27,5.150000
2009-10-28,4.850000
2009-10-29,4.930000
2009-10-30,4.600000
2009-11-02,4.600000
2009-11-03,4.640000
2009-11-04,4.690000
2009-11-05,4.830000
2009-11-06,5.040000
2009-11-09,5.210000
2009-11-10,5.140000
2009-11-11,5.320000
2009-11-12,6.480000
2009-11-13,6.530000
2009-11-16,6.430000
2009-11-17,6.620000
2009-11-18,7.320000
2009-11-19,7.050000
2009-11-20,6.950000
2009-11-23,7.000000
2009-11-24,6.950000
2009-11-25,7.110000
2009-11-27,6.850000
2009-11-30,7.010000
2009-12-01,7.200000
2009-12-02,7.300000
2009-12-03,8.030000
2009-12-04,7.860000
2009-12-07,8.520000
2009-12-08,8.670000
2009-12-09,8.710000
2009-12-10,8.580000
2009-12-11,8.640000
2009-12-14,8.680000
2009-12-15,8.820000
2009-12-16,9.150000
2009-12-17,9.120000
2009-12-18,9.050000
2009-12-21,9.530000
2009-12-22,9.430000
2009-12-23,9.670000
2009-12-24,9.910000
2009-12-28,9.830000
2009-12-29,9.750000
2009-12-30,9.720000
2009-12-31,9.680000
2010-01-04,9.700000
2010-01-05,9.710000
2010-01-06,9.570000
2010-01-07,9.470000
2010-01-08,9.430000
2010-01-11,9.140000
2010-01-12,8.650000
2010-01-13,9.150000
2010-01-14,9.000000
2010-01-15,8.840000
2010-01-19,9.010000
2010-01-20,8.870000
2010-01-21,8.990000
2010-01-22,7.880000
2010-01-25,8.070000
2010-01-26,8.090000
2010-01-27,8.190000
2010-01-28,7.880000
2010-01-29,7.460000
2010-02-01,7.980000
2010-02-02,7.910000
2010-02-03,7.810000
2010-02-04,7.190000
2010-02-05,7.350000
2010-02-08,7.420000
2010-02-09,7.540000
2010-02-10,7.640000
2010-02-11,7.840000
2010-02-12,7.870000
2010-02-16,8.060000
2010-02-17,8.030000
2010-02-18,7.950000
2010-02-19,7.930000
2010-02-22,7.900000
2010-02-23,7.790000
2010-02-24,8.050000
2010-02-25,7.890000
2010-02-26,7.910000
2010-03-01,8.210000
2010-03-02,8.380000
2010-03-03,8.350000
2010-03-04,8.500000
2010-03-05,8.610000
2010-03-08,8.640000
2010-03-09,8.630000
2010-03-10,8.920000
2010-03-11,8.950000
2010-03-12,8.930000
2010-03-15,8.920000
2010-03-16,9.400000
2010-03-17,9.670000
2010-03-18,9.390000
2010-03-19,9.110000
2010-03-22,9.310000
2010-03-23,9.450000
2010-03-24,9.230000
2010-03-25,9.030000
2010-03-26,9.020000
2010-03-29,9.110000
2010-03-30,9.270000
2010-03-31,9.270000
2010-04-01,9.370000
2010-04-05,9.530000
2010-04-06,9.350000
2010-04-07,9.660000
2010-04-08,9.420000
2010-04-09,9.300000
2010-04-12,9.420000
2010-04-13,9.560000
2010-04-14,9.890000
2010-04-15,10.160000
2010-04-16,9.810000
2010-04-19,9.580000
2010-04-20,9.770000
2010-04-21,9.780000
2010-04-22,9.860000
2010-04-23,9.760000
2010-04-26,9.970000
2010-04-27,9.580000
2010-04-28,9.550000
2010-04-29,9.720000
2010-04-30,9.070000
2010-05-03,9.290000
2010-05-04,8.680000
2010-05-05,8.580000
2010-05-06,8.270000
2010-05-07,8.380000
2010-05-10,8.990000
2010-05-11,9.070000
2010-05-12,9.490000
2010-05-13,9.420000
2010-05-14,8.800000
2010-05-17,8.850000
2010-05-18,8.420000
2010-05-19,8.470000
2010-05-20,8.090000
2010-05-21,8.400000
2010-05-24,8.090000
2010-05-25,8.150000
2010-05-26,8.220000
2010-05-27,8.800000
2010-05-28,8.570000
2010-06-01,8.140000
2010-06-02,8.540000
2010-06-03,8.690000
2010-06-04,8.110000
2010-06-07,7.710000
2010-06-08,7.770000
2010-06-09,7.610000
2010-06-10,8.010000
2010-06-11,8.120000
2010-06-14,8.280000
2010-06-15,8.820000
2010-06-16,8.900000
2010-06-17,8.910000
2010-06-18,8.830000
2010-06-21,8.800000
2010-06-22,8.580000
2010-06-23,8.560000
2010-06-24,8.130000
2010-06-25,8.090000
2010-06-28,8.050000
2010-06-29,7.480000
2010-06-30,7.320000
2010-07-01,7.390000
2010-07-02,7.170000
2010-07-06,7.040000
2010-07-07,7.390000
2010-07-08,7.370000
2010-07-09,7.340000
2010-07-12,7.360000
2010-07-13,7.520000
2010-07-14,7.440000
2010-07-15,7.410000
2010-07-16,7.370000
2010-07-19,7.440000
2010-07-20,7.600000
2010-07-21,7.400000
2010-07-22,7.610000
2010-07-23,7.820000
2010-07-26,8.070000
2010-07-27,8.210000
2010-07-28,7.980000
2010-07-29,7.780000
2010-07-30,7.490000
2010-08-02,7.650000
2010-08-03,7.510000
2010-08-04,7.520000
2010-08-05,7.500000
2010-08-06,7.450000
2010-08-09,7.420000
2010-08-10,6.830000
2010-08-11,6.490000
2010-08-12,6.570000
2010-08-13,6.490000
2010-08-16,6.620000
2010-08-17,6.630000
2010-08-18,6.570000
2010-08-19,6.420000
2010-08-20,6.250000
2010-08-23,6.140000
2010-08-24,5.990000
2010-08-25,6.130000
2010-08-26,5.870000
2010-08-27,6.080000
2010-08-30,5.780000
2010-08-31,5.610000
2010-09-01,5.760000
2010-09-02,5.930000
2010-09-03,6.090000
2010-09-07,5.950000
2010-09-08,5.830000
2010-09-09,5.860000
2010-09-10,5.810000
2010-09-13,6.180000
2010-09-14,6.270000
2010-09-15,6.220000
2010-09-16,6.150000
2010-09-17,6.120000
2010-09-20,6.090000
2010-09-21,6.170000
2010-09-22,6.260000
2010-09-23,6.400000
2010-09-24,6.840000
2010-09-27,7.020000
2010-09-28,6.950000
2010-09-29,7.280000
2010-09-30,7.110000
2010-10-01,7.050000
2010-10-04,6.940000
2010-10-05,6.980000
2010-10-06,6.860000
2010-10-07,6.870000
2010-10-08,7.050000
2010-10-11,7.240000
2010-10-12,7.300000
2010-10-13,7.220000
2010-10-14,7.140000
2010-10-15,7.120000
2010-10-18,6.960000
2010-10-19,6.950000
2010-10-20,6.820000
2010-10-21,6.890000
2010-10-22,6.890000
2010-10-25,7.260000
2010-10-26,7.200000
2010-10-27,7.350000
2010-10-28,7.630000
2010-10-29,7.340000
2010-11-01,7.360000
2010-11-02,7.540000
2010-11-03,7.640000
2010-11-04,8.000000
2010-11-05,8.040000
2010-11-08,8.140000
2010-11-09,7.910000
2010-11-10,7.750000
2010-11-11,7.630000
2010-11-12,7.630000
2010-11-15,7.570000
2010-11-16,7.430000
2010-11-17,7.330000
2010-11-18,7.350000
2010-11-19,7.470000
2010-11-22,7.410000
2010-11-23,7.320000
2010-11-24,7.620000
2010-11-26,7.550000
2010-11-29,7.380000
2010-11-30,7.290000
2010-12-01,7.510000
2010-12-02,7.540000
2010-12-03,7.650000
2010-12-06,7.820000
2010-12-07,8.020000
2010-12-08,8.170000
2010-12-09,7.950000
2010-12-10,8.070000
2010-12-13,8.230000
2010-12-14,8.050000
2010-12-15,8.020000
2010-12-16,8.030000
2010-12-17,8.100000
2010-12-20,8.240000
2010-12-21,8.140000
2010-12-22,8.110000
2010-12-23,8.040000
2010-12-27,8.050000
2010-12-28,8.090000
2010-12-29,8.080000
2010-12-30,8.140000
2010-12-31,8.180000
2011-01-03,8.470000
2011-01-04,8.770000
2011-01-05,8.910000
2011-01-06,8.690000
2011-01-07,8.830000
2011-01-10,9.190000
2011-01-11,8.360000
2011-01-12,8.390000
2011-01-13,8.260000
2011-01-14,8.200000
2011-01-18,8.100000
2011-01-19,7.930000
2011-01-20,8.020000
2011-01-21,7.540000
2011-01-24,7.680000
2011-01-25,7.480000
2011-01-26,7.490000
2011-01-27,7.750000
2011-01-28,7.490000
2011-01-31,7.830000
2011-02-01,8.220000
2011-02-02,8.290000
2011-02-03,8.330000
2011-02-04,8.400000
2011-02-07,8.330000
2011-02-08,8.240000
2011-02-09,8.230000
2011-02-10,8.220000
2011-02-11,8.280000
2011-02-14,8.630000
2011-02-15,8.600000
2011-02-16,8.990000
2011-02-17,9.440000
2011-02-18,9.180000
2011-02-22,8.850000
2011-02-23,8.550000
2011-02-24,9.100000
2011-02-25,9.290000
2011-02-28,9.210000
2011-03-01,9.030000
2011-03-02,9.170000
2011-03-03,9.280000
2011-03-04,9.230000
2011-03-07,8.840000
2011-03-08,8.990000
2011-03-09,8.670000
2011-03-10,8.420000
2011-03-11,8.650000
2011-03-14,8.430000
2011-03-15,8.280000
2011-03-16,8.120000
2011-03-17,8.310000
2011-03-18,8.550000
2011-03-21,8.550000
2011-03-22,8.360000
2011-03-23,8.590000
2011-03-24,8.830000
2011-03-25,8.880000
2011-03-28,8.690000
2011-03-29,8.680000
2011-03-30,8.790000
2011-03-31,8.600000
2011-04-01,8.360000
2011-04-04,8.100000
2011-04-05,8.110000
2011-04-06,8.430000
2011-04-07,8.410000
2011-04-08,8.470000
2011-04-11,8.420000
2011-04-12,8.260000
2011-04-13,8.200000
2011-04-14,8.190000
2011-04-15,8.270000
2011-04-18,8.200000
2011-04-19,8.270000
2011-04-20,8.630000
2011-04-21,8.710000
2011-04-25,8.700000
2011-04-26,8.880000
2011-04-27,8.950000
2011-04-28,9.070000
2011-04-29,9.100000
2011-05-02,9.030000
2011-05-03,8.800000
2011-05-04,8.790000
2011-05-05,8.870000
2011-05-06,8.920000
2011-05-09,8.940000
2011-05-10,8.940000
2011-05-11,8.880000
2011-05-12,8.930000
2011-05-13,8.900000
2011-05-16,8.670000
2011-05-17,8.540000
2011-05-18,8.670000
2011-05-19,8.640000
2011-05-20,8.620000
2011-05-23,8.490000
2011-05-24,8.390000
2011-05-25,8.430000
2011-05-26,8.480000
2011-05-27,8.490000
2011-05-31,8.680000
2011-06-01,8.370000
2011-06-02,8.240000
2011-06-03,7.970000
2011-06-06,7.800000
2011-06-07,7.710000
2011-06-08,7.620000
2011-06-09,7.640000
2011-06-10,7.590000
2011-06-13,7.540000
2011-06-14,7.670000
2011-06-15,7.500000
2011-06-16,7.190000
2011-06-17,7.000000
2011-06-20,6.890000
2011-06-21,7.220000
2011-06-22,7.060000
2011-06-23,7.060000
2011-06-24,6.900000
2011-06-27,6.920000
2011-06-28,6.950000
2011-06-29,6.890000
2011-06-30,6.990000
2011-07-01,7.110000
2011-07-05,7.140000
2011-07-06,7.000000
2011-07-07,7.150000
2011-07-08,6.950000
2011-07-11,6.760000
2011-07-12,6.430000
2011-07-13,6.480000
2011-07-14,6.440000
2011-07-15,6.430000
2011-07-18,6.180000
2011-07-19,6.480000
2011-07-20,6.600000
2011-07-21,6.500000
2011-07-22,7.750000
2011-07-25,7.630000
2011-07-26,7.660000
2011-07-27,7.510000
2011-07-28,7.420000
2011-07-29,7.340000
2011-08-01,7.220000
2011-08-02,7.110000
2011-08-03,7.160000
2011-08-04,6.500000
2011-08-05,6.560000
2011-08-08,5.940000
2011-08-09,6.180000
2011-08-10,5.850000
2011-08-11,6.170000
2011-08-12,6.210000
2011-08-15,6.430000
2011-08-16,6.340000
2011-08-17,6.140000
2011-08-18,5.790000
2011-08-19,5.980000
2011-08-22,6.050000
2011-08-23,6.500000
2011-08-24,6.340000
2011-08-25,6.370000
2011-08-26,6.490000
2011-08-29,6.830000
2011-08-30,6.840000
2011-08-31,6.830000
2011-09-01,6.680000
2011-09-02,6.320000
2011-09-06,6.270000
2011-09-07,6.760000
2011-09-08,6.810000
2011-09-09,6.520000
2011-09-12,6.710000
2011-09-13,6.960000
2011-09-14,7.210000
2011-09-15,7.340000
2011-09-16,7.200000
2011-09-19,6.920000
2011-09-20,6.740000
2011-09-21,6.480000
2011-09-22,6.120000
2011-09-23,6.170000
2011-09-26,6.400000
2011-09-27,6.490000
2011-09-28,6.150000
2011-09-29,5.310000
2011-09-30,5.080000
2011-10-03,4.530000
2011-10-04,4.720000
2011-10-05,4.830000
2011-10-06,4.850000
2011-10-07,4.730000
2011-10-10,4.840000
2011-10-11,4.860000
2011-10-12,4.930000
2011-10-13,4.970000
2011-10-14,4.920000
2011-10-17,4.670000
2011-10-18,4.830000
2011-10-19,4.730000
2011-10-20,4.540000
2011-10-21,4.720000
2011-10-24,5.060000
2011-10-25,4.910000
2011-10-26,5.100000
2011-10-27,5.540000
2011-10-28,5.940000
2011-10-31,5.830000
2011-11-01,5.300000
2011-11-02,5.460000
2011-11-03,5.730000
2011-11-04,5.670000
2011-11-07,5.680000
2011-11-08,5.750000
2011-11-09,5.380000
2011-11-10,5.660000
2011-11-11,5.950000
2011-11-14,5.790000
2011-11-15,5.760000
2011-11-16,5.680000
2011-11-17,5.440000
2011-11-18,5.470000
2011-11-21,5.420000
2011-11-22,5.300000
2011-11-23,5.050000
2011-11-25,4.990000
2011-11-28,5.300000
2011-11-29,5.320000
2011-11-30,5.690000
2011-12-01,5.700000
2011-12-02,5.650000
2011-12-05,5.760000
2011-12-06,5.660000
2011-12-07,5.720000
2011-12-08,5.470000
2011-12-09,5.540000
2011-12-12,5.300000
2011-12-13,5.180000
2011-12-14,5.070000
2011-12-15,5.040000
2011-12-16,5.130000
2011-12-19,4.860000
2011-12-20,5.190000
2011-12-21,5.080000
2011-12-22,5.450000
2011-12-23,5.410000
2011-12-27,5.380000
2011-12-28,5.280000
2011-12-29,5.340000
2011-12-30,5.400000
2012-01-03,5.480000
2012-01-04,5.460000
2012-01-05,5.460000
2012-01-06,5.430000
2012-01-09,5.590000
2012-01-10,5.710000
2012-01-11,5.810000
2012-01-12,5.820000
2012-01-13,5.660000
2012-01-17,5.730000
2012-01-18,5.970000
2012-01-19,6.220000
2012-01-20,6.420000
2012-01-23,6.520000
2012-01-24,6.530000
2012-01-25,6.730000
2012-01-26,6.770000
2012-01-27,6.820000
2012-01-30,6.740000
2012-01-31,6.710000
2012-02-01,6.900000
2012-02-02,6.930000
2012-02-03,7.080000
2012-02-06,6.920000
2012-02-07,7.130000
2012-02-08,7.250000
2012-02-09,7.240000
2012-02-10,7.050000
2012-02-13,7.290000
2012-02-14,7.320000
2012-02-15,7.300000
2012-02-16,7.590000
2012-02-17,7.420000
2012-02-21,7.280000
2012-02-22,7.140000
2012-02-23,7.290000
2012-02-24,7.460000
2012-02-27,7.470000
2012-02-28,7.520000
2012-02-29,7.350000
2012-03-01,7.510000
2012-03-02,7.460000
2012-03-05,7.070000
2012-03-06,6.900000
2012-03-07,7.170000
2012-03-08,7.470000
2012-03-09,7.580000
2012-03-12,7.500000
2012-03-13,7.760000
2012-03-14,7.760000
2012-03-15,8.250000
2012-03-16,8.200000
2012-03-19,8.180000
2012-03-20,8.060000
2012-03-21,8.040000
2012-03-22,8.030000
2012-03-23,8.090000
2012-03-26,8.240000
2012-03-27,8.190000
2012-03-28,8.080000
2012-03-29,8.120000
2012-03-30,8.020000
2012-04-02,8.200000
2012-04-03,7.980000
2012-04-04,7.810000
2012-04-05,7.870000
2012-04-09,7.750000
2012-04-10,7.530000
2012-04-11,7.640000
2012-04-12,7.920000
2012-04-13,7.730000
2012-04-16,7.700000
2012-04-17,7.940000
2012-04-18,7.970000
2012-04-19,7.970000
2012-04-20,7.760000
2012-04-23,7.390000
2012-04-24,7.310000
2012-04-25,7.390000
2012-04-26,7.450000
2012-04-27,7.330000
2012-04-30,7.360000
2012-05-01,7.590000
2012-05-02,7.630000
2012-05-03,7.410000
2012-05-04,7.180000
2012-05-07,7.180000
2012-05-08,7.030000
2012-05-09,6.860000
2012-05-10,6.780000
2012-05-11,6.780000
2012-05-14,6.750000
2012-05-15,6.600000
2012-05-16,6.390000
2012-05-17,6.130000
2012-05-18,6.010000
2012-05-21,6.300000
2012-05-22,6.160000
2012-05-23,6.080000
2012-05-24,6.020000
2012-05-25,6.220000
2012-05-29,6.460000
2012-05-30,6.150000
2012-05-31,6.080000
2012-06-01,5.730000
2012-06-04,5.630000
2012-06-05,5.830000
2012-06-06,6.020000
2012-06-07,5.760000
2012-06-08,5.910000
2012-06-11,5.690000
2012-06-12,5.910000
2012-06-13,5.760000
2012-06-14,5.760000
2012-06-15,5.870000
2012-06-18,5.930000
2012-06-19,5.810000
2012-06-20,6.060000
2012-06-21,5.720000
2012-06-22,5.730000
2012-06-25,5.410000
2012-06-26,5.440000
2012-06-27,5.500000
2012-06-28,5.410000
2012-06-29,5.730000
2012-07-02,5.750000
2012-07-03,6.030000
2012-07-05,5.880000
2012-07-06,5.750000
2012-07-09,5.620000
2012-07-10,4.990000
2012-07-11,4.890000
2012-07-12,4.880000
2012-07-13,4.900000
2012-07-16,4.830000
2012-07-17,4.870000
2012-07-18,4.890000
2012-07-19,4.860000
2012-07-20,4.220000
2012-07-23,4.150000
2012-07-24,4.060000
2012-07-25,4.010000
2012-07-26,4.040000
2012-07-27,4.090000
2012-07-30,4.100000
2012-07-31,4.060000
2012-08-01,4.050000
2012-08-02,3.970000
2012-08-03,4.090000
2012-08-06,4.010000
2012-08-07,4.020000
2012-08-08,4.400000
2012-08-09,4.370000
2012-08-10,4.340000
2012-08-13,4.260000
2012-08-14,4.120000
2012-08-15,4.190000
2012-08-16,4.170000
2012-08-17,4.100000
2012-08-20,4.090000
2012-08-21,4.070000
2012-08-22,4.010000
2012-08-23,3.900000
2012-08-24,3.940000
2012-08-27,3.850000
2012-08-28,3.790000
2012-08-29,3.770000
2012-08-30,3.700000
2012-08-31,3.720000
2012-09-04,3.640000
2012-09-05,3.510000
2012-09-06,3.660000
2012-09-07,3.450000
2012-09-10,3.470000
2012-09-11,3.750000
2012-09-12,3.890000
2012-09-13,3.920000
2012-09-14,3.900000
2012-09-17,4.010000
2012-09-18,3.620000
2012-09-19,3.660000
2012-09-20,3.590000
2012-09-21,3.600000
2012-09-24,3.460000
2012-09-25,3.280000
2012-09-26,3.320000
2012-09-27,3.430000
2012-09-28,3.370000
2012-10-01,3.280000
2012-10-02,3.270000
2012-10-03,3.120000
2012-10-04,3.220000
2012-10-05,3.220000
2012-10-08,3.190000
2012-10-09,3.250000
2012-10-10,3.150000
2012-10-11,3.200000
2012-10-12,2.740000
2012-10-15,2.750000
2012-10-16,2.680000
2012-10-17,2.770000
2012-10-18,2.620000
2012-10-19,2.180000
2012-10-22,2.100000
2012-10-23,2.140000
2012-10-24,2.080000
2012-10-25,2.120000
2012-10-26,2.070000
2012-10-31,2.050000
2012-11-01,2.140000
2012-11-02,2.100000
2012-11-05,2.110000
2012-11-06,2.070000
2012-11-07,2.010000
2012-11-08,1.980000
2012-11-09,2.030000
2012-11-12,1.990000
2012-11-13,2.090000
2012-11-14,1.930000
2012-11-15,1.870000
2012-11-16,1.860000
2012-11-19,1.920000
2012-11-20,1.880000
2012-11-21,1.870000
2012-11-23,1.950000
2012-11-26,1.870000
2012-11-27,1.880000
2012-11-28,1.960000
2012-11-29,2.040000
2012-11-30,2.200000
2012-12-03,2.360000
2012-12-04,2.260000
2012-12-05,2.290000
2012-12-06,2.340000
2012-12-07,2.360000
2012-12-10,2.320000
2012-12-11,2.330000
2012-12-12,2.370000
2012-12-13,2.410000
2012-12-14,2.390000
2012-12-17,2.460000
2012-12-18,2.520000
2012-12-19,2.520000
2012-12-20,2.400000
2012-12-21,2.590000
2012-12-24,2.480000
2012-12-26,2.430000
2012-12-27,2.390000
2012-12-28,2.280000
2012-12-31,2.400000
2013-01-02,2.530000
2013-01-03,2.490000
2013-01-04,2.590000
2013-01-07,2.670000
2013-01-08,2.670000
2013-01-09,2.630000
2013-01-10,2.620000
2013-01-11,2.670000
2013-01-14,2.640000
2013-01-15,2.680000
2013-01-16,2.720000
2013-01-17,2.740000
2013-01-18,2.460000
2013-01-22,2.450000
2013-01-23,2.730000
2013-01-24,2.790000
2013-01-25,2.850000
2013-01-28,2.820000
2013-01-29,2.740000
2013-01-30,2.650000
2013-01-31,2.600000
2013-02-01,2.600000
2013-02-04,2.520000
2013-02-05,2.600000
2013-02-06,2.600000
2013-02-07,2.570000
2013-02-08,2.590000
2013-02-11,2.670000
2013-02-12,2.770000
2013-02-13,2.750000
2013-02-14,2.750000
2013-02-15,2.710000
2013-02-19,2.820000
2013-02-20,2.700000
2013-02-21,2.600000
2013-02-22,2.610000
2013-02-25,2.530000
2013-02-26,2.460000
2013-02-27,2.530000
2013-02-28,2.490000
2013-03-01,2.420000
2013-03-04,2.400000
2013-03-05,2.430000
2013-03-06,2.430000
2013-03-07,2.550000
2013-03-08,2.560000
2013-03-11,2.590000
2013-03-12,2.610000
2013-03-13,2.600000
2013-03-14,2.630000
2013-03-15,2.600000
2013-03-18,2.650000
2013-03-19,2.670000
2013-03-20,2.750000
2013-03-21,2.640000
2013-03-22,2.540000
2013-03-25,2.510000
2013-03-26,2.540000
2013-03-27,2.550000
2013-03-28,2.550000
2013-04-01,2.440000
2013-04-02,2.390000
2013-04-03,2.320000
2013-04-04,2.330000
2013-04-05,2.290000
2013-04-08,2.590000
2013-04-09,2.630000
2013-04-10,2.610000
2013-04-11,2.520000
2013-04-12,2.480000
2013-04-15,2.400000
2013-04-16,2.440000
2013-04-17,2.400000
2013-04-18,2.510000
2013-04-19,2.470000
2013-04-22,2.460000
2013-04-23,2.530000
2013-04-24,2.610000
2013-04-25,2.680000
2013-04-26,2.640000
2013-04-29,2.680000
2013-04-30,2.820000
2013-05-01,3.220000
2013-05-02,3.410000
2013-05-03,3.600000
2013-05-06,3.610000
2013-05-07,3.540000
2013-05-08,3.830000
2013-05-09,3.860000
2013-05-10,3.950000
2013-05-13,4.170000
2013-05-14,4.260000
2013-05-15,4.380000
2013-05-16,3.830000
2013-05-17,4.070000
2013-05-20,4.100000
2013-05-21,4.020000
2013-05-22,3.960000
2013-05-23,4.010000
2013-05-24,4.050000
2013-05-28,4.050000
2013-05-29,3.980000
2013-05-30,4.040000
2013-05-31,4.000000
2013-06-03,3.960000
2013-06-04,4.010000
2013-06-05,3.910000
2013-06-06,3.940000
2013-06-07,3.910000
2013-06-10,4.060000
2013-06-11,3.960000
2013-06-12,3.900000
2013-06-13,3.950000
2013-06-14,3.940000
2013-06-17,4.050000
2013-06-18,4.090000
2013-06-19,4.070000
2013-06-20,3.870000
2013-06-21,4.000000
2013-06-24,4.050000
2013-06-25,4.150000
2013-06-26,4.140000
2013-06-27,4.080000
2013-06-28,4.080000
2013-07-01,4.100000
2013-07-02,3.970000
2013-07-03,4.060000
2013-07-05,4.070000
2013-07-08,4.000000
2013-07-09,4.050000
2013-07-10,3.980000
2013-07-11,4.450000
2013-07-12,4.320000
2013-07-15,4.400000
2013-07-16,4.430000
2013-07-17,4.380000
2013-07-18,4.640000
2013-07-19,4.030000
2013-07-22,3.900000
2013-07-23,3.660000
2013-07-24,3.630000
2013-07-25,3.700000
2013-07-26,3.820000
2013-07-29,3.750000
2013-07-30,3.820000
2013-07-31,3.770000
2013-08-01,3.810000
2013-08-02,3.800000
2013-08-05,3.820000
2013-08-06,3.720000
2013-08-07,3.690000
2013-08-08,3.710000
2013-08-09,3.650000
2013-08-12,3.650000
2013-08-13,3.690000
2013-08-14,3.820000
2013-08-15,3.690000
2013-08-16,3.660000
2013-08-19,3.600000
2013-08-20,3.630000
2013-08-21,3.610000
2013-08-22,3.630000
2013-08-23,3.650000
2013-08-26,3.580000
2013-08-27,3.390000
2013-08-28,3.420000
2013-08-29,3.380000
2013-08-30,3.270000
2013-09-03,3.270000
2013-09-04,3.310000
2013-09-05,3.410000
2013-09-06,3.570000
2013-09-09,3.690000
2013-09-10,3.870000
2013-09-11,3.820000
2013-09-12,3.750000
2013-09-13,3.830000
2013-09-16,3.820000
2013-09-17,3.850000
2013-09-18,3.930000
2013-09-19,3.950000
2013-09-20,3.830000
2013-09-23,3.790000
2013-09-24,3.800000
2013-09-25,3.910000
2013-09-26,3.890000
2013-09-27,3.860000
2013-09-30,3.810000
2013-10-01,3.860000
2013-10-02,3.900000
2013-10-03,3.900000
2013-10-04,3.910000
2013-10-07,3.860000
2013-10-08,3.720000
2013-10-09,3.650000
2013-10-10,3.790000
2013-10-11,3.830000
2013-10-14,3.970000
2013-10-15,4.020000
2013-10-16,4.090000
2013-10-17,4.090000
2013-10-18,3.530000
2013-10-21,3.370000
2013-10-22,3.180000
2013-10-23,3.140000
2013-10-24,3.230000
2013-10-25,3.340000
2013-10-28,3.320000
2013-10-29,3.330000
2013-10-30,3.300000
2013-10-31,3.340000
2013-11-01,3.310000
2013-11-04,3.320000
2013-11-05,3.330000
2013-11-06,3.320000
2013-11-07,3.280000
2013-11-08,3.270000
2013-11-11,3.340000
2013-11-12,3.440000
2013-11-13,3.540000
2013-11-14,3.520000
2013-11-15,3.500000
2013-11-18,3.470000
2013-11-19,3.420000
2013-11-20,3.420000
2013-11-21,3.370000
2013-11-22,3.340000
2013-11-25,3.390000
2013-11-26,3.450000
2013-11-27,3.560000
2013-11-29,3.640000
2013-12-02,3.660000
2013-12-03,3.620000
2013-12-04,3.570000
2013-12-05,3.640000
2013-12-06,3.660000
2013-12-09,3.630000
2013-12-10,3.720000
2013-12-11,3.680000
2013-12-12,3.690000
2013-12-13,3.690000
2013-12-16,3.590000
2013-12-17,3.650000
2013-12-18,3.650000
2013-12-19,3.650000
2013-12-20,3.690000
2013-12-23,3.750000
2013-12-24,3.770000
2013-12-26,3.800000
2013-12-27,3.780000
2013-12-30,3.850000
2013-12-31,3.870000
2014-01-02,3.950000
2014-01-03,4.000000
2014-01-06,4.130000
2014-01-07,4.180000
2014-01-08,4.180000
2014-01-09,4.090000
2014-01-10,4.170000
2014-01-13,4.130000
2014-01-14,4.300000
2014-01-15,4.470000
2014-01-16,4.380000
2014-01-17,4.180000
2014-01-21,4.170000
2014-01-22,3.670000
2014-01-23,3.620000
2014-01-24,3.470000
2014-01-27,3.410000
2014-01-28,3.540000
2014-01-29,3.480000
2014-01-30,3.480000
2014-01-31,3.430000
2014-02-03,3.330000
2014-02-04,3.370000
2014-02-05,3.310000
2014-02-06,3.410000
2014-02-07,3.470000
2014-02-10,3.630000
2014-02-11,3.700000
2014-02-12,3.690000
2014-02-13,3.700000
2014-02-14,3.690000
2014-02-18,3.700000
2014-02-19,3.720000
2014-02-20,3.690000
2014-02-21,3.690000
2014-02-24,3.710000
2014-02-25,3.690000
2014-02-26,3.700000
2014-02-27,3.710000
2014-02-28,3.710000
2014-03-03,3.670000
2014-03-04,3.700000
2014-03-05,3.710000
2014-03-06,3.730000
2014-03-07,3.950000
2014-03-10,3.810000
2014-03-11,3.850000
2014-03-12,3.910000
2014-03-13,3.860000
2014-03-14,3.850000
2014-03-17,3.800000
2014-03-18,3.890000
2014-03-19,3.980000
2014-03-20,4.050000
2014-03-21,4.040000
2014-03-24,4.050000
2014-03-25,4.050000
2014-03-26,4.050000
2014-03-27,3.910000
2014-03-28,3.880000
2014-03-31,4.010000
2014-04-01,4.070000
2014-04-02,4.060000
2014-04-03,4.000000
2014-04-04,4.010000
2014-04-07,3.880000
2014-04-08,3.990000
2014-04-09,3.980000
2014-04-10,3.850000
2014-04-11,3.650000
2014-04-14,3.710000
2014-04-15,3.790000
2014-04-16,3.760000
2014-04-17,3.690000
2014-04-21,4.120000
2014-04-22,4.300000
2014-04-23,4.250000
2014-04-24,4.280000
2014-04-25,4.050000
2014-04-28,3.960000
2014-04-29,4.030000
2014-04-30,4.090000
2014-05-01,4.200000
2014-05-02,4.120000
2014-05-05,4.090000
2014-05-06,4.010000
2014-05-07,3.970000
2014-05-08,3.930000
2014-05-09,3.870000
2014-05-12,3.970000
2014-05-13,4.030000
2014-05-14,3.980000
2014-05-15,3.960000
2014-05-16,4.020000
2014-05-19,4.090000
2014-05-20,4.050000
2014-05-21,4.100000
2014-05-22,4.010000
2014-05-23,4.020000
2014-05-27,4.040000
2014-05-28,4.000000
2014-05-29,4.030000
2014-05-30,4.000000
2014-06-02,3.970000
2014-06-03,3.940000
2014-06-04,4.040000
2014-06-05,4.080000
2014-06-06,4.060000
2014-06-09,4.070000
2014-06-10,4.200000
2014-06-11,4.290000
2014-06-12,4.290000
2014-06-13,4.280000
2014-06-16,4.440000
2014-06-17,4.470000
2014-06-18,4.400000
2014-06-19,4.360000
2014-06-20,4.100000
2014-06-23,4.010000
2014-06-24,3.940000
2014-06-25,3.960000
2014-06-26,4.030000
2014-06-27,4.110000
2014-06-30,4.190000
2014-07-01,4.220000
2014-07-02,4.340000
2014-07-03,4.240000
2014-07-07,4.260000
2014-07-08,4.220000
2014-07-09,4.230000
2014-07-10,4.290000
2014-07-11,4.370000
2014-07-14,4.640000
2014-07-15,4.530000
2014-07-16,4.660000
2014-07-17,4.570000
2014-07-18,3.830000
2014-07-21,3.780000
2014-07-22,3.800000
2014-07-23,3.760000
2014-07-24,3.730000
2014-07-25,3.760000
2014-07-28,3.730000
2014-07-29,3.790000
2014-07-30,3.820000
2014-07-31,3.910000
2014-08-01,3.970000
2014-08-04,4.000000
2014-08-05,4.080000
2014-08-06,4.120000
2014-08-07,4.100000
2014-08-08,4.120000
2014-08-11,4.140000
2014-08-12,4.080000
2014-08-13,4.110000
2014-08-14,4.080000
2014-08-15,4.130000
2014-08-18,4.210000
2014-08-19,4.270000
2014-08-20,4.280000
2014-08-21,4.240000
2014-08-22,4.250000
2014-08-25,4.180000
2014-08-26,4.190000
2014-08-27,4.160000
2014-08-28,4.140000
2014-08-29,4.170000
2014-09-02,4.160000
2014-09-03,4.190000
2014-09-04,4.150000
2014-09-05,4.150000
2014-09-08,4.130000
2014-09-09,4.080000
2014-09-10,4.080000
2014-09-11,4.080000
2014-09-12,3.960000
2014-09-15,3.910000
2014-09-16,3.810000
2014-09-17,3.820000
2014-09-18,3.880000
2014-09-19,3.810000
2014-09-22,3.760000
2014-09-23,3.690000
2014-09-24,3.700000
2014-09-25,3.630000
2014-09-26,3.600000
2014-09-29,3.550000
2014-09-30,3.410000
2014-10-01,3.350000
2014-10-02,3.390000
2014-10-03,3.400000
2014-10-06,3.360000
2014-10-07,3.280000
2014-10-08,3.280000
2014-10-09,2.950000
2014-10-10,2.720000
2014-10-13,2.740000
2014-10-14,2.620000
2014-10-15,2.610000
2014-10-16,2.640000
2014-10-17,2.720000
2014-10-20,2.670000
2014-10-21,2.770000
2014-10-22,2.640000
2014-10-23,2.690000
2014-10-24,2.680000
2014-10-27,2.660000
2014-10-28,2.720000
2014-10-29,2.770000
2014-10-30,2.750000
2014-10-31,2.800000
2014-11-03,2.870000
2014-11-04,2.830000
2014-11-05,2.800000
2014-11-06,2.760000
2014-11-07,2.780000
2014-11-10,2.760000
2014-11-11,2.730000
2014-11-12,2.710000
2014-11-13,2.660000
2014-11-14,2.610000
2014-11-17,2.670000
2014-11-18,2.650000
2014-11-19,2.630000
2014-11-20,2.690000
2014-11-21,2.770000
2014-11-24,2.830000
2014-11-25,2.830000
2014-11-26,2.840000
2014-11-28,2.790000
2014-12-01,2.670000
2014-12-02,2.680000
2014-12-03,2.740000
2014-12-04,2.690000
2014-12-05,2.660000
2014-12-08,2.580000
2014-12-09,2.590000
2014-12-10,2.480000
2014-12-11,2.490000
2014-12-12,2.520000
2014-12-15,2.470000
2014-12-16,2.500000
2014-12-17,2.550000
2014-12-18,2.550000
2014-12-19,2.570000
2014-12-22,2.660000
2014-12-23,2.670000
2014-12-24,2.650000
2014-12-26,2.650000
2014-12-29,2.660000
2014-12-30,2.630000
2014-12-31,2.670000
2015-01-02,2.670000
2015-01-05,2.660000
2015-01-06,2.630000
2015-01-07,2.580000
2015-01-08,2.610000
2015-01-09,2.630000
2015-01-12,2.630000
2015-01-13,2.660000
2015-01-14,2.630000
2015-01-15,2.520000
2015-01-16,2.390000
2015-01-20,2.240000
2015-01-21,2.450000
2015-01-22,2.470000
2015-01-23,2.450000
2015-01-26,2.610000
2015-01-27,2.700000
2015-01-28,2.630000
2015-01-29,2.610000
2015-01-30,2.570000
2015-02-02,2.670000
2015-02-03,2.760000
2015-02-04,2.850000
2015-02-05,3.310000
2015-02-06,3.030000
2015-02-09,3.040000
2015-02-10,3.040000
2015-02-11,3.070000
2015-02-12,3.120000
2015-02-13,3.150000
2015-02-17,3.110000
2015-02-18,3.080000
2015-02-19,3.060000
2015-02-20,3.060000
2015-02-23,3.060000
2015-02-24,3.110000
2015-02-25,3.100000
2015-02-26,3.080000
2015-02-27,3.110000
2015-03-02,3.210000
2015-03-03,3.140000
2015-03-04,3.050000
2015-03-05,2.980000
2015-03-06,2.920000
2015-03-09,2.930000
2015-03-10,2.920000
2015-03-11,2.840000
2015-03-12,2.760000
2015-03-13,2.750000
2015-03-16,2.760000
2015-03-17,2.770000
2015-03-18,2.750000
2015-03-19,2.740000
2015-03-20,2.800000
2015-03-23,2.840000
2015-03-24,2.790000
2015-03-25,2.630000
2015-03-26,2.650000
2015-03-27,2.720000
2015-03-30,2.700000
2015-03-31,2.680000
2015-04-01,2.690000
2015-04-02,2.690000
2015-04-06,2.700000
2015-04-07,2.700000
2015-04-08,2.710000
2015-04-09,2.720000
2015-04-10,2.760000
2015-04-13,2.780000
2015-04-14,2.670000
2015-04-15,2.700000
2015-04-16,2.870000
2015-04-17,2.580000
2015-04-20,2.490000
2015-04-21,2.350000
2015-04-22,2.280000
2015-04-23,2.330000
2015-04-24,2.300000
2015-04-27,2.340000
2015-04-28,2.310000
2015-04-29,2.280000
2015-04-30,2.260000
2015-05-01,2.310000
2015-05-04,2.310000
2015-05-05,2.280000
2015-05-06,2.290000
2015-05-07,2.320000
2015-05-08,2.310000
2015-05-11,2.320000
2015-05-12,2.350000
2015-05-13,2.370000
2015-05-14,2.330000
2015-05-15,2.320000
2015-05-18,2.350000
2015-05-19,2.280000
2015-05-20,2.320000
2015-05-21,2.280000
2015-05-22,2.280000
2015-05-26,2.220000
2015-05-27,2.280000
2015-05-28,2.270000
2015-05-29,2.280000
2015-06-01,2.250000
2015-06-02,2.300000
2015-06-03,2.280000
2015-06-04,2.330000
2015-06-05,2.330000
2015-06-08,2.310000
2015-06-09,2.290000
2015-06-10,2.320000
2015-06-11,2.320000
2015-06-12,2.310000
2015-06-15,2.320000
2015-06-16,2.350000
2015-06-17,2.470000
2015-06-18,2.520000
2015-06-19,2.580000
2015-06-22,2.620000
2015-06-23,2.610000
2015-06-24,2.620000
2015-06-25,2.580000
2015-06-26,2.470000
2015-06-29,2.340000
2015-06-30,2.400000
2015-07-01,2.420000
2015-07-02,2.530000
2015-07-06,2.470000
2015-07-07,2.090000
2015-07-08,2.010000
2015-07-09,1.980000
2015-07-10,1.960000
2015-07-13,1.960000
2015-07-14,2.050000
2015-07-15,1.960000
2015-07-16,1.870000
2015-07-17,1.790000
2015-07-20,1.800000
2015-07-21,1.800000
2015-07-22,1.790000
2015-07-23,1.760000
2015-07-24,1.670000
2015-07-27,1.620000
2015-07-28,1.770000
2015-07-29,1.960000
2015-07-30,1.930000
2015-07-31,1.930000
2015-08-03,2.200000
2015-08-04,2.130000
2015-08-05,2.160000
2015-08-06,2.110000
2015-08-07,2.090000
2015-08-10,1.930000
2015-08-11,1.900000
2015-08-12,1.900000
2015-08-13,1.790000
2015-08-14,1.840000
2015-08-17,1.800000
2015-08-18,1.800000
2015-08-19,1.800000
2015-08-20,1.700000
2015-08-21,1.780000
2015-08-24,1.750000
2015-08-25,1.660000
2015-08-26,1.720000
2015-08-27,1.780000
2015-08-28,1.850000
2015-08-31,1.810000
2015-09-01,1.710000
2015-09-02,1.770000
2015-09-03,1.790000
2015-09-04,1.820000
2015-09-08,1.880000
2015-09-09,1.850000
2015-09-10,1.840000
2015-09-11,2.010000
2015-09-14,1.820000
2015-09-15,1.860000
2015-09-16,1.890000
2015-09-17,1.890000
2015-09-18,1.870000
2015-09-21,1.810000
2015-09-22,1.730000
2015-09-23,1.700000
2015-09-24,1.720000
2015-09-25,1.710000
2015-09-28,1.660000
2015-09-29,1.670000
2015-09-30,1.720000
2015-10-01,1.740000
2015-10-02,1.830000
2015-10-05,1.800000
2015-10-06,1.830000
2015-10-07,1.860000
2015-10-08,1.930000
2015-10-09,1.960000
2015-10-12,1.870000
2015-10-13,1.920000
2015-10-14,1.950000
2015-10-15,1.970000
2015-10-16,1.940000
2015-10-19,2.010000
2015-10-20,2.020000
2015-10-21,2.100000
2015-10-22,2.140000
2015-10-23,2.210000
2015-10-26,2.150000
2015-10-27,2.150000
2015-10-28,2.180000
2015-10-29,2.130000
2015-10-30,2.120000
2015-11-02,2.190000
2015-11-03,2.280000
2015-11-04,2.200000
2015-11-05,2.200000
2015-11-06,2.150000
2015-11-09,2.110000
2015-11-10,2.020000
2015-11-11,2.070000
2015-11-12,2.000000
2015-11-13,1.990000
2015-11-16,1.990000
2015-11-17,1.980000
2015-11-18,2.120000
2015-11-19,2.140000
2015-11-20,2.220000
2015-11-23,2.220000
2015-11-24,2.340000
2015-11-25,2.380000
2015-11-27,2.330000
2015-11-30,2.360000
2015-12-01,2.340000
2015-12-02,2.270000
2015-12-03,2.230000
2015-12-04,2.280000
2015-12-07,2.360000
2015-12-08,2.390000
2015-12-09,2.350000
2015-12-10,2.450000
2015-12-11,2.360000
2015-12-14,2.340000
2015-12-15,2.360000
2015-12-16,2.540000
2015-12-17,2.560000
2015-12-18,2.450000
2015-12-21,2.530000
2015-12-22,2.770000
2015-12-23,2.830000
2015-12-24,2.920000
2015-12-28,3.000000
2015-12-29,3.000000
2015-12-30,2.980000
2015-12-31,2.870000
2016-01-04,2.770000
2016-01-05,2.750000
2016-01-06,2.510000
2016-01-07,2.280000
2016-01-08,2.140000
2016-01-11,2.340000
2016-01-12,2.390000
2016-01-13,2.250000
2016-01-14,2.210000
2016-01-15,2.030000
2016-01-19,1.950000
2016-01-20,1.800000
2016-01-21,2.090000
2016-01-22,2.020000
2016-01-25,2.120000
2016-01-26,2.070000
2016-01-27,2.130000
2016-01-28,2.080000
2016-01-29,2.200000
2016-02-01,2.140000
2016-02-02,1.990000
2016-02-03,2.070000
2016-02-04,2.090000
2016-02-05,1.980000
2016-02-08,1.930000
2016-02-09,1.900000
2016-02-10,1.840000
2016-02-11,1.860000
2016-02-12,1.830000
2016-02-16,1.830000
2016-02-17,1.900000
2016-02-18,1.910000
2016-02-19,1.910000
2016-02-22,2.010000
2016-02-23,1.970000
2016-02-24,2.020000
2016-02-25,2.030000
2016-02-26,2.070000
2016-02-29,2.140000
2016-03-01,2.180000
2016-03-02,2.320000
2016-03-03,2.460000
2016-03-04,2.370000
2016-03-07,2.470000
2016-03-08,2.300000
2016-03-09,2.260000
2016-03-10,2.260000
2016-03-11,2.520000
2016-03-14,2.720000
2016-03-15,2.490000
2016-03-16,2.630000
2016-03-17,2.800000
2016-03-18,2.930000
2016-03-21,2.800000
2016-03-22,2.790000
2016-03-23,2.680000
2016-03-24,2.790000
2016-03-28,2.780000
2016-03-29,2.860000
2016-03-30,2.860000
2016-03-31,2.850000
2016-04-01,2.830000
2016-04-04,2.830000
2016-04-05,2.760000
2016-04-06,2.800000
2016-04-07,2.640000
2016-04-08,2.740000
2016-04-11,2.760000
2016-04-12,2.810000
2016-04-13,2.800000
2016-04-14,2.720000
2016-04-15,2.700000
2016-04-18,2.760000
2016-04-19,2.620000
2016-04-20,2.700000
2016-04-21,2.620000
2016-04-22,3.990000
2016-04-25,3.450000
2016-04-26,3.660000
2016-04-27,3.730000
2016-04-28,3.610000
2016-04-29,3.550000
2016-05-02,3.740000
2016-05-03,3.600000
2016-05-04,3.600000
2016-05-05,3.660000
2016-05-06,3.680000
2016-05-09,3.650000
2016-05-10,3.640000
2016-05-11,3.650000
2016-05-12,3.590000
2016-05-13,3.670000
2016-05-16,3.790000
2016-05-17,3.790000
2016-05-18,3.840000
2016-05-19,3.770000
2016-05-20,3.870000
2016-05-23,4.040000
2016-05-24,4.200000
2016-05-25,4.180000
2016-05-26,4.350000
2016-05-27,4.600000
2016-05-31,4.570000
2016-06-01,4.430000
2016-06-02,4.240000
2016-06-03,4.160000
2016-06-06,4.470000
2016-06-07,4.510000
2016-06-08,4.460000
2016-06-09,4.520000
2016-06-10,4.320000
2016-06-13,4.400000
2016-06-14,4.390000
2016-06-15,4.420000
2016-06-16,4.750000
2016-06-17,5.260000
2016-06-20,5.100000
2016-06-21,5.450000
2016-06-22,5.020000
2016-06-23,5.210000
2016-06-24,4.880000
2016-06-27,4.720000
2016-06-28,5.120000
2016-06-29,5.130000
2016-06-30,5.140000
2016-07-01,5.070000
2016-07-05,4.960000
2016-07-06,5.040000
2016-07-07,5.020000
2016-07-08,5.100000
2016-07-11,5.010000
2016-07-12,5.140000
2016-07-13,5.090000
2016-07-14,5.170000
2016-07-15,5.140000
2016-07-18,5.510000
2016-07-19,5.410000
2016-07-20,5.410000
2016-07-21,5.220000
2016-07-22,5.840000
2016-07-25,6.700000
2016-07-26,6.980000
2016-07-27,6.850000
2016-07-28,6.820000
2016-07-29,6.860000
2016-08-01,6.640000
2016-08-02,6.260000
2016-08-03,6.300000
2016-08-04,6.470000
2016-08-05,6.610000
2016-08-08,6.680000
2016-08-09,6.600000
2016-08-10,6.490000
2016-08-11,6.580000
2016-08-12,6.730000
2016-08-15,6.950000
2016-08-16,6.780000
2016-08-17,6.680000
2016-08-18,7.040000
2016-08-19,7.620000
2016-08-22,7.580000
2016-08-23,7.670000
2016-08-24,7.430000
2016-08-25,7.470000
2016-08-26,7.670000
2016-08-29,7.590000
2016-08-30,7.490000
2016-08-31,7.400000
2016-09-01,7.350000
2016-09-02,7.510000
2016-09-06,7.340000
2016-09-07,6.840000
2016-09-08,6.230000
2016-09-09,5.900000
2016-09-12,5.940000
2016-09-13,5.740000
2016-09-14,6.040000
2016-09-15,6.020000
2016-09-16,6.050000
2016-09-19,6.160000
2016-09-20,6.170000
2016-09-21,6.290000
2016-09-22,6.370000
2016-09-23,6.550000
2016-09-26,6.320000
2016-09-27,6.540000
2016-09-28,6.590000
2016-09-29,6.670000
2016-09-30,6.910000
2016-10-03,6.950000
2016-10-04,6.970000
2016-10-05,6.780000
2016-10-06,6.960000
2016-10-07,6.750000
2016-10-10,6.840000
2016-10-11,6.500000
2016-10-12,6.620000
2016-10-13,6.490000
2016-10-14,6.750000
2016-10-17,6.670000
2016-10-18,6.730000
2016-10-19,6.770000
2016-10-20,6.960000
2016-10-21,6.520000
2016-10-24,7.010000
2016-10-25,7.500000
2016-10-26,7.290000
2016-10-27,7.110000
2016-10-28,7.200000
2016-10-31,7.230000
2016-11-01,7.090000
2016-11-02,6.760000
2016-11-03,6.700000
2016-11-04,6.560000
2016-11-07,6.960000
2016-11-08,7.000000
2016-11-09,6.940000
2016-11-10,6.300000
2016-11-11,6.690000
2016-11-14,6.790000
2016-11-15,6.970000
2016-11-16,7.670000
2016-11-17,8.460000
2016-11-18,8.710000
2016-11-21,8.940000
2016-11-22,8.690000
2016-11-23,8.800000
2016-11-25,8.770000
2016-11-28,8.830000
2016-11-29,8.930000
2016-11-30,8.910000
2016-12-01,8.390000
2016-12-02,8.530000
2016-12-05,8.680000
2016-12-06,9.450000
2016-12-07,9.560000
2016-12-08,10.340000
2016-12-09,10.340000
2016-12-12,10.680000
2016-12-13,10.540000
2016-12-14,10.550000
2016-12-15,10.860000
2016-12-16,10.660000
2016-12-19,10.950000
2016-12-20,11.510000
2016-12-21,11.470000
2016-12-22,11.600000
2016-12-23,11.580000
2016-12-27,12.070000
2016-12-28,11.550000
2016-12-29,11.590000
2016-12-30,11.340000
2017-01-03,11.430000
2017-01-04,11.430000
2017-01-05,11.240000
2017-01-06,11.320000
2017-01-09,11.490000
2017-01-10,11.440000
2017-01-11,11.200000
2017-01-12,10.760000
2017-01-13,10.580000
2017-01-17,9.820000
2017-01-18,9.880000
2017-01-19,9.770000
2017-01-20,9.750000
2017-01-23,9.910000
2017-01-24,10.440000
2017-01-25,10.350000
2017-01-26,10.520000
2017-01-27,10.670000
2017-01-30,10.610000
2017-01-31,10.370000
2017-02-01,12.060000
2017-02-02,12.280000
2017-02-03,12.240000
2017-02-06,13.630000
2017-02-07,13.290000
2017-02-08,13.560000
2017-02-09,13.420000
2017-02-10,13.580000
2017-02-13,13.490000
2017-02-14,13.260000
2017-02-15,13.300000
2017-02-16,12.970000
2017-02-17,13.130000
2017-02-21,14.000000
2017-02-22,14.280000
2017-02-23,14.320000
2017-02-24,14.120000
2017-02-27,15.200000
2017-02-28,14.460000
2017-03-01,14.960000
2017-03-02,13.900000
2017-03-03,13.030000
2017-03-06,13.040000
2017-03-07,13.050000
2017-03-08,13.220000
2017-03-09,13.330000
2017-03-10,13.910000
2017-03-13,14.280000
2017-03-14,14.100000
2017-03-15,13.980000
2017-03-16,13.650000
2017-03-17,13.490000
2017-03-20,14.400000
2017-03-21,13.820000
2017-03-22,14.100000
2017-03-23,13.790000
2017-03-24,13.700000
2017-03-27,13.700000
2017-03-28,13.690000
2017-03-29,13.710000
2017-03-30,14.050000
2017-03-31,14.550000
2017-04-03,14.640000
2017-04-04,14.160000
2017-04-05,14.170000
2017-04-06,13.270000
2017-04-07,13.520000
2017-04-10,13.100000
2017-04-11,13.100000
2017-04-12,12.760000
2017-04-13,12.310000
2017-04-17,12.790000
2017-04-18,12.950000
2017-04-19,12.840000
2017-04-20,13.110000
2017-04-21,13.000000
2017-04-24,13.130000
2017-04-25,13.490000
2017-04-26,13.410000
2017-04-27,13.620000
2017-04-28,13.300000
2017-05-01,13.620000
2017-05-02,10.320000
2017-05-03,10.390000
2017-05-04,10.100000
2017-05-05,10.190000
2017-05-08,10.040000
2017-05-09,10.180000
2017-05-10,10.790000
2017-05-11,11.070000
2017-05-12,11.260000
2017-05-15,11.420000
2017-05-16,12.750000
2017-05-17,11.200000
2017-05-18,11.280000
2017-05-19,11.410000
2017-05-22,11.040000
2017-05-23,10.890000
2017-05-24,10.890000
2017-05-25,10.980000
2017-05-26,11.000000
2017-05-30,11.120000
2017-05-31,11.190000
2017-06-01,10.930000
2017-06-02,10.900000
2017-06-05,11.240000
2017-06-06,12.030000
2017-06-07,12.380000
2017-06-08,12.900000
2017-06-09,12.280000
2017-06-12,12.090000
2017-06-13,11.960000
2017-06-14,11.770000
2017-06-15,11.500000
2017-06-16,11.440000
2017-06-19,11.930000
2017-06-20,12.640000
2017-06-21,13.980000
2017-06-22,14.380000
2017-06-23,14.170000
2017-06-26,14.080000
2017-06-27,13.400000
2017-06-28,13.230000
2017-06-29,12.600000
2017-06-30,12.480000
2017-07-03,12.150000
2017-07-05,13.190000
2017-07-06,13.020000
2017-07-07,13.360000
2017-07-10,13.810000
2017-07-11,13.890000
2017-07-12,14.290000
2017-07-13,13.530000
2017-07-14,13.920000
2017-07-17,13.800000
2017-07-18,13.480000
2017-07-19,13.550000
2017-07-20,13.800000
2017-07-21,13.880000
2017-07-24,14.160000
2017-07-25,14.110000
2017-07-26,14.760000
2017-07-27,14.120000
2017-07-28,13.950000
2017-07-31,13.610000
2017-08-01,13.710000
2017-08-02,13.370000
2017-08-03,13.240000
2017-08-04,13.120000
2017-08-07,13.430000
2017-08-08,13.110000
2017-08-09,12.830000
2017-08-10,12.120000
2017-08-11,12.230000
2017-08-14,12.760000
2017-08-15,13.020000
2017-08-16,12.630000
2017-08-17,12.340000
2017-08-18,12.370000
2017-08-21,12.050000
2017-08-22,12.170000
2017-08-23,12.480000
2017-08-24,12.500000
2017-08-25,12.430000
2017-08-28,12.230000
2017-08-29,12.150000
2017-08-30,12.670000
2017-08-31,13.000000
2017-09-01,13.190000
2017-09-05,12.920000
2017-09-06,12.860000
2017-09-07,12.630000
2017-09-08,12.250000
2017-09-11,12.550000
2017-09-12,12.300000
2017-09-13,12.220000
2017-09-14,12.260000
2017-09-15,12.520000
2017-09-18,13.080000
2017-09-19,13.120000
2017-09-20,13.740000
2017-09-21,13.410000
2017-09-22,13.300000
2017-09-25,12.610000
2017-09-26,12.450000
2017-09-27,12.740000
2017-09-28,12.740000
2017-09-29,12.750000
2017-10-02,12.710000
2017-10-03,13.420000
2017-10-04,13.310000
2017-10-05,13.340000
2017-10-06,13.230000
2017-10-09,13.470000
2017-10-10,13.700000
2017-10-11,13.880000
2017-10-12,14.200000
2017-10-13,14.220000
2017-10-16,14.260000
2017-10-17,14.160000
2017-10-18,14.070000
2017-10-19,13.950000
2017-10-20,13.810000
2017-10-23,14.100000
2017-10-24,14.250000
2017-10-25,12.330000
2017-10-26,12.010000
2017-10-27,11.840000
2017-10-30,10.890000
2017-10-31,10.990000
2017-11-01,10.800000
2017-11-02,10.850000
2017-11-03,11.120000
2017-11-06,11.930000
2017-11-07,12.050000
2017-11-08,11.710000
2017-11-09,11.120000
2017-11-10,11.260000
2017-11-13,11.090000
2017-11-14,11.120000
2017-11-15,11.070000
2017-11-16,11.250000
2017-11-17,11.380000
2017-11-20,11.340000
2017-11-21,11.400000
2017-11-22,11.370000
2017-11-24,11.380000
2017-11-27,11.550000
2017-11-28,11.170000
2017-11-29,10.830000
2017-11-30,10.890000
2017-12-01,10.730000
2017-12-04,10.030000
2017-12-05,9.910000
2017-12-06,10.000000
2017-12-07,10.040000
2017-12-08,9.940000
2017-12-11,10.160000
2017-12-12,9.900000
2017-12-13,10.110000
2017-12-14,10.130000
2017-12-15,10.290000
2017-12-18,10.980000
2017-12-19,10.950000
2017-12-20,10.980000
2017-12-21,10.890000
2017-12-22,10.540000
2017-12-26,10.460000
2017-12-27,10.530000
2017-12-28,10.550000
2017-12-29,10.280000
2018-01-02,10.980000
2018-01-03,11.550000
2018-01-04,12.120000
2018-01-05,11.880000
2018-01-08,12.280000
2018-01-09,11.820000
2018-01-10,11.960000
2018-01-11,12.140000
2018-01-12,12.020000
2018-01-16,11.910000
2018-01-17,12.180000
2018-01-18,12.470000
2018-01-19,12.590000
2018-01-22,12.650000
2018-01-23,12.940000
2018-01-24,12.710000
2018-01-25,12.410000
2018-01-26,12.950000
2018-01-29,13.320000
2018-01-30,12.870000
2018-01-31,13.740000
2018-02-01,13.250000
2018-02-02,12.450000
2018-02-05,11.570000
2018-02-06,11.650000
2018-02-07,11.600000
2018-02-08,11.220000
2018-02-09,11.310000
2018-02-12,11.680000
2018-02-13,11.780000
2018-02-14,12.200000
2018-02-15,12.190000
2018-02-16,11.820000
2018-02-20,12.020000
2018-02-21,11.720000
2018-02-22,11.840000
2018-02-23,12.070000
2018-02-26,12.420000
2018-02-27,12.530000
2018-02-28,12.110000
2018-03-01,11.900000
2018-03-02,11.810000
2018-03-05,11.910000
2018-03-06,11.760000
2018-03-07,12.240000
2018-03-08,11.970000
2018-03-09,11.700000
2018-03-12,11.520000
2018-03-13,11.640000
2018-03-14,11.360000
2018-03-15,11.460000
2018-03-16,11.470000
2018-03-19,11.430000
2018-03-20,11.110000
2018-03-21,11.260000
2018-03-22,10.910000
2018-03-23,10.630000
2018-03-26,10.440000
2018-03-27,10.000000
2018-03-28,9.810000
2018-03-29,10.050000
2018-04-02,9.530000
2018-04-03,9.550000
2018-04-04,9.770000
2018-04-05,10.020000
2018-04-06,9.610000
2018-04-09,9.530000
2018-04-10,9.980000
2018-04-11,9.820000
2018-04-12,10.080000
2018-04-13,9.930000
2018-04-16,10.090000
2018-04-17,10.520000
2018-04-18,10.360000
2018-04-19,10.110000
2018-04-20,9.990000
2018-04-23,10.040000
2018-04-24,10.090000
2018-04-25,9.710000
2018-04-26,11.040000
2018-04-27,11.110000
2018-04-30,10.880000
2018-05-01,11.130000
2018-05-02,10.970000
2018-05-03,10.930000
2018-05-04,11.280000
2018-05-07,11.590000
2018-05-08,11.610000
2018-05-09,11.950000
2018-05-10,12.130000
2018-05-11,11.950000
2018-05-14,12.230000
2018-05-15,12.450000
2018-05-16,12.820000
2018-05-17,12.820000
2018-05-18,13.000000
2018-05-21,12.990000
2018-05-22,12.980000
2018-05-23,13.100000
2018-05-24,13.410000
2018-05-25,13.540000
2018-05-29,13.360000
2018-05-30,13.820000
2018-05-31,13.730000
2018-06-01,14.400000
2018-06-04,14.850000
2018-06-05,14.850000
2018-06-06,15.670000
2018-06-07,14.890000
2018-06-08,15.250000
2018-06-11,15.730000
2018-06-12,15.850000
2018-06-13,16.320000
2018-06-14,16.250000
2018-06-15,16.340000
2018-06-18,17.110001
2018-06-19,16.690001
2018-06-20,16.520000
2018-06-21,15.650000
2018-06-22,15.800000
2018-06-25,15.110000
2018-06-26,15.500000
2018-06-27,14.970000
2018-06-28,15.310000
2018-06-29,14.990000
2018-07-02,15.160000
2018-07-03,15.000000
2018-07-05,15.500000
2018-07-06,16.360001
2018-07-09,16.610001
2018-07-10,16.549999
2018-07-11,16.270000
2018-07-12,16.559999
2018-07-13,16.270000
2018-07-16,16.580000
2018-07-17,16.870001
2018-07-18,16.850000
2018-07-19,16.709999
2018-07-20,16.500000
2018-07-23,16.660000
2018-07-24,16.190001
2018-07-25,16.049999
2018-07-26,18.350000
2018-07-27,18.940001
2018-07-30,19.420000
2018-07-31,18.330000
2018-08-01,18.480000
2018-08-02,18.790001
2018-08-03,18.490000
2018-08-06,19.430000
2018-08-07,19.559999
2018-08-08,19.580000
2018-08-09,19.100000
2018-08-10,19.059999
2018-08-13,19.730000
2018-08-14,20.020000
2018-08-15,19.700001
2018-08-16,19.330000
2018-08-17,19.770000
2018-08-20,19.980000
2018-08-21,20.400000
2018-08-22,20.900000
2018-08-23,22.290001
2018-08-24,23.980000
2018-08-27,25.260000
2018-08-28,25.049999
2018-08-29,25.200001
2018-08-30,24.889999
2018-08-31,25.170000
2018-09-04,28.059999
2018-09-05,28.510000
2018-09-06,27.840000
2018-09-07,27.379999
2018-09-10,29.889999
2018-09-11,30.100000
2018-09-12,32.209999
2018-09-13,30.480000
2018-09-14,32.720001
2018-09-17,32.430000
2018-09-18,31.930000
2018-09-19,31.209999
2018-09-20,31.180000
2018-09-21,31.020000
2018-09-24,32.610001
2018-09-25,32.570000
2018-09-26,32.189999
2018-09-27,32.590000
2018-09-28,30.889999
2018-10-01,31.420000
2018-10-02,29.020000
2018-10-03,28.430000
2018-10-04,27.780001
2018-10-05,27.350000
2018-10-08,26.459999
2018-10-09,27.240000
2018-10-10,25.000000
2018-10-11,25.299999
2018-10-12,26.340000
2018-10-15,26.260000
2018-10-16,28.180000
2018-10-17,27.299999
2018-10-18,26.620001
2018-10-19,23.660000
2018-10-22,25.030001
2018-10-23,25.090000
2018-10-24,22.790001
2018-10-25,19.270000
2018-10-26,17.629999
2018-10-29,16.850000
2018-10-30,17.200001
2018-10-31,18.209999
2018-11-01,20.219999
2018-11-02,20.230000
2018-11-05,19.900000
2018-11-06,20.680000
2018-11-07,21.840000
2018-11-08,21.200001
2018-11-09,21.030001
2018-11-12,19.030001
2018-11-13,19.610001
2018-11-14,20.809999
2018-11-15,21.490000
2018-11-16,20.660000
2018-11-19,19.110001
2018-11-20,19.209999
2018-11-21,18.730000
2018-11-23,19.379999
2018-11-26,20.080000
2018-11-27,21.049999
2018-11-28,21.340000
2018-11-29,21.430000
2018-11-30,21.299999
2018-12-03,23.709999
2018-12-04,21.120001
2018-12-06,21.299999
2018-12-07,19.459999
2018-12-10,19.990000
2018-12-11,19.980000
2018-12-12,20.480000
2018-12-13,19.860001
2018-12-14,19.900000
2018-12-17,18.830000
2018-12-18,19.500000
2018-12-19,18.160000
2018-12-20,17.940001
2018-12-21,16.930000
2018-12-24,16.650000
2018-12-26,17.900000
2018-12-27,17.490000
2018-12-28,17.820000
2018-12-31,18.459999
2019-01-02,18.830000
2019-01-03,17.049999
2019-01-04,19.000000
2019-01-07,20.570000
2019-01-08,20.750000
2019-01-09,20.190001
2019-01-10,19.740000
2019-01-11,20.270000
2019-01-14,20.230000
2019-01-15,20.379999
2019-01-16,19.730000
2019-01-17,20.250000
2019-01-18,20.770000
2019-01-22,19.760000
2019-01-23,19.799999
2019-01-24,20.850000
2019-01-25,21.930000
2019-01-28,20.180000
2019-01-29,19.250000
2019-01-30,23.090000
2019-01-31,24.410000
2019-02-01,24.510000
2019-02-04,24.129999
2019-02-05,23.309999
2019-02-06,23.260000
2019-02-07,22.670000
2019-02-08,23.049999
2019-02-11,22.959999
2019-02-12,22.820000
2019-02-13,22.850000
2019-02-14,23.129999
2019-02-15,23.680000
2019-02-19,23.950001
2019-02-20,23.950001
2019-02-21,23.920000
2019-02-22,24.360001
2019-02-25,24.709999
2019-02-26,24.209999
2019-02-27,23.480000
2019-02-28,23.530001
2019-03-01,23.680000
2019-03-04,23.370001
2019-03-05,23.500000
2019-03-06,22.410000
2019-03-07,22.080000
2019-03-08,22.010000
2019-03-11,22.959999
2019-03-12,23.490000
2019-03-13,23.379999
2019-03-14,22.820000
2019-03-15,23.290001
2019-03-18,23.250000
2019-03-19,26.000000
2019-03-20,25.700001
2019-03-21,27.889999
2019-03-22,26.370001
2019-03-25,25.969999
2019-03-26,25.690001
2019-03-27,24.889999
2019-03-28,25.059999
2019-03-29,25.520000
2019-04-01,26.360001
2019-04-02,26.750000
2019-04-03,29.020000
2019-04-04,29.090000
2019-04-05,28.980000
2019-04-08,28.530001
2019-04-09,27.240000
2019-04-10,27.830000
2019-04-11,27.790001
2019-04-12,27.850000
2019-04-15,27.330000
2019-04-16,27.930000
2019-04-17,27.490000
2019-04-18,27.680000
2019-04-22,28.180000
2019-04-23,27.969999
2019-04-24,28.459999
2019-04-25,27.660000
2019-04-26,27.879999
2019-04-29,27.690001
2019-04-30,27.629999
2019-05-01,26.809999
2019-05-02,28.290001
2019-05-03,28.219999
2019-05-06,27.420000
2019-05-07,26.660000
2019-05-08,27.090000
2019-05-09,27.209999
2019-05-10,27.959999
2019-05-13,26.240000
2019-05-14,27.320000
2019-05-15,27.580000
2019-05-16,28.010000
2019-05-17,27.500000
2019-05-20,26.680000
2019-05-21,27.350000
2019-05-22,27.410000
2019-05-23,26.360001
2019-05-24,26.440001
2019-05-28,29.049999
2019-05-29,28.090000
2019-05-30,28.030001
2019-05-31,27.410000
2019-06-03,27.580000
2019-06-04,29.570000
2019-06-05,29.500000
2019-06-06,31.820000
2019-06-07,32.410000
2019-06-10,33.230000
2019-06-11,32.410000
2019-06-12,32.180000
2019-06-13,31.389999
2019-06-14,30.360001
2019-06-17,29.200001
2019-06-18,30.450001
2019-06-19,30.500000
2019-06-20,30.010000
2019-06-21,29.100000
2019-06-24,29.260000
2019-06-25,28.860001
2019-06-26,29.920000
2019-06-27,30.740000
2019-06-28,30.370001
2019-07-01,31.200001
2019-07-02,31.240000
2019-07-03,31.190001
2019-07-05,31.500000
2019-07-08,32.040001
2019-07-09,33.150002
2019-07-10,33.790001
2019-07-11,33.060001
2019-07-12,33.209999
2019-07-15,34.389999
2019-07-16,33.849998
2019-07-17,33.599998
2019-07-18,33.000000
2019-07-19,32.509998
2019-07-22,32.849998
2019-07-23,33.490002
2019-07-24,34.110001
2019-07-25,33.669998
2019-07-26,34.020000
2019-07-29,33.480000
2019-07-30,33.869999
2019-07-31,30.450001
2019-08-01,29.860001
2019-08-02,29.440001
2019-08-05,27.990000
2019-08-06,28.860001
2019-08-07,29.190001
2019-08-08,33.919998
2019-08-09,34.189999
2019-08-12,32.430000
2019-08-13,32.110001
2019-08-14,30.240000
2019-08-15,29.670000
2019-08-16,31.180000
2019-08-19,31.480000
2019-08-20,30.719999
2019-08-21,31.700001
2019-08-22,31.900000
2019-08-23,29.540001
2019-08-26,30.280001
2019-08-27,30.200001
2019-08-28,30.780001
2019-08-29,31.450001
2019-08-30,31.450001
2019-09-03,30.900000
2019-09-04,30.950001
2019-09-05,31.500000
2019-09-06,30.559999
2019-09-09,30.500000
2019-09-10,30.230000
2019-09-11,29.760000
2019-09-12,30.209999
2019-09-13,30.690001
2019-09-16,30.830000
2019-09-17,30.990000
2019-09-18,30.420000
2019-09-19,30.290001
2019-09-20,30.049999
2019-09-23,30.639999
2019-09-24,29.520000
2019-09-25,29.540001
2019-09-26,29.469999
2019-09-27,28.719999
2019-09-30,28.990000
2019-10-01,28.760000
2019-10-02,28.309999
2019-10-03,28.680000
2019-10-04,29.010000
2019-10-07,28.930000
2019-10-08,28.230000
2019-10-09,28.459999
2019-10-10,28.379999
2019-10-11,29.750000
2019-10-14,30.530001
2019-10-15,30.719999
2019-10-16,30.809999
2019-10-17,31.139999
2019-10-18,30.969999
2019-10-21,32.029999
2019-10-22,31.510000
2019-10-23,31.360001
2019-10-24,31.719999
2019-10-25,32.709999
2019-10-28,33.689999
2019-10-29,33.029999
2019-10-30,33.130001
2019-10-31,33.930000
2019-11-01,34.889999
2019-11-04,36.290001
2019-11-05,36.150002
2019-11-06,35.930000
2019-11-07,36.279999
2019-11-08,36.290001
2019-11-11,36.310001
2019-11-12,36.709999
2019-11-13,37.520000
2019-11-14,38.349998
2019-11-15,38.560001
2019-11-18,39.880001
2019-11-19,41.290001
2019-11-20,40.980000
2019-11-21,39.520000
2019-11-22,39.150002
2019-11-25,39.790001
2019-11-26,38.990002
2019-11-27,39.410000
2019-11-29,39.150002
2019-12-02,38.730000
2019-12-03,38.900002
2019-12-04,39.689999
2019-12-05,39.619999
2019-12-06,39.630001
2019-12-09,38.930000
2019-12-10,39.439999
2019-12-11,39.470001
2019-12-12,42.590000
2019-12-13,41.150002
2019-12-16,42.349998
2019-12-17,42.770000
2019-12-18,42.299999
2019-12-19,42.830002
2019-12-20,44.150002
2019-12-23,45.459999
2019-12-24,46.540001
2019-12-26,46.630001
2019-12-27,46.180000
2019-12-30,45.520000
2019-12-31,45.860001
2020-01-02,49.099998
2020-01-03,48.599998
2020-01-06,48.389999
2020-01-07,48.250000
2020-01-08,47.830002
2020-01-09,48.970001
2020-01-10,48.169998
2020-01-13,48.750000
2020-01-14,48.209999
2020-01-15,48.549999
2020-01-16,49.770000
2020-01-17,50.930000
2020-01-21,51.049999
2020-01-22,51.430000
2020-01-23,51.709999
2020-01-24,50.349998
2020-01-27,49.259998
2020-01-28,50.529999
2020-01-29,47.509998
2020-01-30,48.779999
2020-01-31,47.000000
2020-02-03,48.020000
2020-02-04,49.450001
2020-02-05,49.840000
2020-02-06,49.320000
2020-02-07,49.730000
2020-02-10,52.259998
2020-02-11,53.799999
2020-02-12,53.889999
2020-02-13,54.529999
2020-02-14,55.310001
2020-02-18,56.889999
2020-02-19,58.900002
2020-02-20,57.270000
2020-02-21,53.279999
2020-02-24,49.119999
2020-02-25,47.570000
2020-02-26,47.490002
2020-02-27,44.009998
2020-02-28,45.480000
2020-03-02,47.459999
2020-03-03,46.750000
2020-03-04,50.110001
2020-03-05,48.110001
2020-03-06,48.590000
2020-03-09,43.270000
2020-03-10,45.380001
2020-03-11,45.700001
2020-03-12,39.009998
2020-03-13,43.900002
2020-03-16,38.709999
2020-03-17,41.880001
2020-03-18,39.119999
2020-03-19,39.820000
2020-03-20,39.610001
2020-03-23,41.639999
2020-03-24,46.220001
2020-03-25,44.630001
2020-03-26,47.500000
2020-03-27,46.580002
2020-03-30,47.860001
2020-03-31,45.480000
2020-04-01,43.660000
2020-04-02,44.490002
2020-04-03,42.590000
2020-04-06,47.520000
2020-04-07,47.560001
2020-04-08,48.790001
2020-04-09,48.380001
2020-04-13,50.939999
2020-04-14,54.930000
2020-04-15,54.990002
2020-04-16,56.950001
2020-04-17,56.599998
2020-04-20,56.970001
2020-04-21,52.919998
2020-04-22,55.919998
2020-04-23,55.900002
2020-04-24,56.180000
2020-04-27,56.490002
2020-04-28,55.509998
2020-04-29,53.660000
2020-04-30,52.389999
2020-05-01,49.880001
2020-05-04,52.560001
2020-05-05,52.189999
2020-05-06,52.160000
2020-05-07,51.950001
2020-05-08,53.189999
2020-05-11,55.740002
2020-05-12,53.759998
2020-05-13,52.180000
2020-05-14,54.509998
2020-05-15,54.200001
2020-05-18,54.590000
2020-05-19,55.470001
2020-05-20,56.389999
2020-05-21,54.650002
2020-05-22,55.169998
2020-05-26,53.189999
2020-05-27,52.740002
2020-05-28,51.740002
2020-05-29,53.799999
2020-06-01,53.630001
2020-06-02,53.540001
2020-06-03,52.730000
2020-06-04,52.630001
2020-06-05,53.099998
2020-06-08,52.970001
2020-06-09,56.389999
2020-06-10,57.439999
2020-06-11,52.830002
2020-06-12,53.500000
2020-06-15,54.680000
2020-06-16,54.459999
2020-06-17,54.549999
2020-06-18,54.040001
2020-06-19,54.230000
2020-06-22,54.759998
2020-06-23,53.990002
2020-06-24,52.389999
2020-06-25,51.930000
2020-06-26,50.099998
2020-06-29,50.279999
2020-06-30,52.610001
2020-07-01,52.580002
2020-07-02,52.340000
2020-07-06,53.400002
2020-07-07,52.930000
2020-07-08,53.430000
2020-07-09,57.259998
2020-07-10,55.880001
2020-07-13,53.590000
2020-07-14,54.720001
2020-07-15,55.340000
2020-07-16,54.919998
2020-07-17,55.040001
2020-07-20,57.459999
2020-07-21,57.000000
2020-07-22,61.790001
2020-07-23,59.570000
2020-07-24,69.400002
2020-07-27,68.970001
2020-07-28,67.610001
2020-07-29,76.089996
2020-07-30,78.199997
2020-07-31,77.430000
2020-08-03,77.669998
2020-08-04,85.040001
2020-08-05,85.309998
2020-08-06,86.709999
2020-08-07,84.849998
2020-08-10,82.239998
2020-08-11,76.879997
2020-08-12,82.610001
2020-08-13,81.839996
2020-08-14,81.300003
2020-08-17,82.419998
2020-08-18,81.660004
2020-08-19,81.089996
2020-08-20,82.769997
2020-08-21,83.809998
2020-08-24,83.080002
2020-08-25,86.349998
2020-08-26,86.019997
2020-08-27,83.800003
2020-08-28,85.550003
2020-08-31,90.820000
2020-09-01,92.180000
2020-09-02,90.220001
2020-09-03,82.540001
2020-09-04,82.010002
2020-09-08,78.690002
2020-09-09,81.910004
2020-09-10,78.980003
2020-09-11,76.339996
2020-09-14,77.900002
2020-09-15,78.930000
2020-09-16,76.660004
2020-09-17,76.550003
2020-09-18,74.930000
2020-09-21,77.940002
2020-09-22,77.699997
2020-09-23,74.730003
2020-09-24,75.820000
2020-09-25,78.059998
2020-09-28,79.480003
2020-09-29,81.769997
2020-09-30,81.989998
2020-10-01,84.860001
2020-10-02,81.800003
2020-10-05,86.150002
2020-10-06,84.480003
2020-10-07,86.690002
2020-10-08,86.510002
2020-10-09,83.099998
2020-10-12,84.290001
2020-10-13,85.279999
2020-10-14,84.209999
2020-10-15,83.129997
2020-10-16,83.169998
2020-10-19,82.000000
2020-10-20,81.559998
2020-10-21,79.199997
2020-10-22,79.419998
2020-10-23,81.959999
2020-10-26,82.230003
2020-10-27,78.879997
2020-10-28,76.400002
2020-10-29,78.019997
2020-10-30,75.290001
2020-11-02,74.699997
2020-11-03,76.580002
2020-11-04,81.349998
2020-11-05,83.000000
2020-11-06,85.879997
2020-11-09,83.120003
2020-11-10,77.989998
2020-11-11,81.279999
2020-11-12,81.839996
2020-11-13,81.430000
2020-11-16,83.730003
2020-11-17,83.360001
2020-11-18,82.540001
2020-11-19,85.540001
2020-11-20,84.639999
2020-11-23,85.309998
2020-11-24,85.070000
2020-11-25,86.709999
2020-11-27,87.190002
2020-11-30,92.660004
2020-12-01,92.629997
2020-12-02,93.739998
2020-12-03,92.309998
2020-12-04,94.040001
2020-12-07,94.070000
2020-12-08,92.919998
2020-12-09,89.830002
2020-12-10,91.660004
2020-12-11,91.650002
2020-12-14,94.779999
2020-12-15,97.120003
2020-12-16,96.849998
2020-12-17,96.839996
2020-12-18,95.919998
2020-12-21,93.230003
2020-12-22,93.160004
2020-12-23,91.550003
2020-12-24,91.809998
2020-12-28,91.599998
2020-12-29,90.620003
2020-12-30,92.290001
2020-12-31,91.709999
2021-01-04,92.300003
2021-01-05,92.769997
2021-01-06,90.330002
2021-01-07,95.160004
2021-01-08,94.580002
2021-01-11,97.250000
2021-01-12,95.360001
2021-01-13,91.779999
2021-01-14,90.790001
2021-01-15,88.209999
2021-01-19,89.449997
2021-01-20,88.750000
2021-01-21,91.529999
2021-01-22,92.790001
2021-01-25,94.129997
2021-01-26,94.709999
2021-01-27,88.839996
2021-01-28,87.519997
2021-01-29,85.639999
2021-02-01,87.660004
2021-02-02,88.860001
2021-02-03,87.889999
2021-02-04,87.839996
2021-02-05,87.900002
2021-02-08,91.470001
2021-02-09,90.910004
2021-02-10,92.349998
2021-02-11,92.660004
2021-02-12,93.769997
2021-02-16,91.459999
2021-02-17,89.940002
2021-02-18,88.639999
2021-02-19,89.580002
2021-02-22,85.370003
2021-02-23,84.739998
2021-02-24,86.940002
2021-02-25,82.419998
2021-02-26,84.510002
2021-03-01,86.389999
2021-03-02,84.129997
2021-03-03,80.860001
2021-03-04,77.750000
2021-03-05,78.519997
2021-03-08,73.959999
2021-03-09,78.529999
2021-03-10,77.519997
2021-03-11,81.230003
2021-03-12,81.050003
2021-03-15,82.500000
2021-03-16,82.750000
2021-03-17,82.629997
2021-03-18,78.120003
2021-03-19,79.059998
2021-03-22,80.300003
2021-03-23,78.379997
2021-03-24,76.480003
2021-03-25,76.220001
2021-03-26,77.410004
2021-03-29,77.139999
2021-03-30,76.000000
2021-03-31,78.500000
2021-04-01,81.089996
2021-04-05,81.430000
2021-04-06,81.440002
2021-04-07,82.199997
2021-04-08,83.349998
2021-04-09,82.760002
2021-04-12,78.580002
2021-04-13,80.190002
2021-04-14,78.550003
2021-04-15,83.010002
2021-04-16,82.150002
2021-04-19,81.110001
2021-04-20,79.269997
2021-04-21,81.610001
2021-04-22,79.059998
2021-04-23,82.760002
2021-04-26,85.410004
2021-04-27,85.209999
2021-04-28,84.019997
2021-04-29,83.910004
2021-04-30,81.620003
2021-05-03,78.550003
2021-05-04,78.610001
2021-05-05,77.830002
2021-05-06,77.889999
2021-05-07,78.809998
2021-05-10,75.989998
2021-05-11,76.830002
2021-05-12,74.639999
2021-05-13,73.089996
2021-05-14,74.589996
2021-05-17,74.650002
2021-05-18,74.440002
2021-05-19,76.230003
2021-05-20,78.059998
2021-05-21,77.169998
2021-05-24,77.440002
2021-05-25,77.860001
2021-05-26,78.339996
2021-05-27,78.419998
2021-05-28,80.080002
2021-06-01,80.809998
2021-06-02,81.970001
2021-06-03,80.279999
2021-06-04,81.580002
2021-06-07,81.349998
2021-06-08,80.889999
2021-06-09,79.959999
2021-06-10,81.559998
2021-06-11,81.309998
2021-06-14,81.550003
2021-06-15,80.470001
2021-06-16,80.110001
2021-06-17,84.559998
2021-06-18,84.650002
2021-06-21,82.589996
2021-06-22,83.580002
2021-06-23,83.820000
2021-06-24,86.099998
2021-06-25,85.620003
2021-06-28,87.080002
2021-06-29,89.519997
2021-06-30,93.930000
2021-07-01,93.309998
2021-07-02,94.699997
2021-07-06,94.470001
2021-07-07,90.540001
2021-07-08,89.739998
2021-07-09,90.900002
2021-07-12,90.809998
2021-07-13,90.260002
2021-07-14,89.050003
2021-07-15,86.930000
2021-07-16,85.889999
2021-07-19,86.580002
2021-07-20,87.110001
2021-07-21,89.410004
2021-07-22,91.209999
2021-07-23,92.150002
2021-07-26,91.820000
2021-07-27,91.029999
2021-07-28,97.930000
2021-07-29,102.949997
2021-07-30,106.190002
2021-08-02,108.629997
2021-08-03,112.559998
2021-08-04,118.769997
2021-08-05,112.349998
2021-08-06,110.110001
2021-08-09,107.580002
2021-08-10,106.480003
2021-08-11,107.680000
2021-08-12,106.500000
2021-08-13,110.550003
2021-08-16,107.480003
2021-08-17,107.559998
2021-08-18,103.440002
2021-08-19,103.699997
2021-08-20,104.650002
2021-08-23,108.769997
2021-08-24,107.650002
2021-08-25,108.300003
2021-08-26,107.269997
2021-08-27,111.400002
2021-08-30,111.320000
2021-08-31,110.720001
2021-09-01,109.989998
2021-09-02,109.199997
2021-09-03,109.919998
2021-09-07,109.150002
2021-09-08,106.169998
2021-09-09,106.150002
2021-09-10,105.199997
2021-09-13,104.800003
2021-09-14,105.730003
2021-09-15,105.599998
2021-09-16,106.220001
2021-09-17,103.879997
2021-09-20,101.550003
2021-09-21,102.820000
2021-09-22,104.379997
2021-09-23,106.150002
2021-09-24,105.800003
2021-09-27,108.160004
2021-09-28,101.519997
2021-09-29,100.349998
2021-09-30,102.900002
2021-10-01,102.449997
2021-10-04,100.339996
2021-10-05,101.809998
2021-10-06,103.639999
2021-10-07,106.449997
2021-10-08,105.059998
2021-10-11,104.680000
2021-10-12,105.040001
2021-10-13,109.160004
2021-10-14,111.989998
2021-10-15,112.120003
2021-10-18,116.430000
2021-10-19,116.330002
2021-10-20,116.389999
2021-10-21,119.330002
2021-10-22,119.820000
2021-10-25,122.360001
2021-10-26,122.930000
2021-10-27,122.279999
2021-10-28,121.160004
2021-10-29,120.230003
2021-11-01,125.230003
2021-11-02,127.629997
2021-11-03,130.529999
2021-11-04,137.500000
2021-11-05,136.339996
2021-11-08,150.160004
2021-11-09,148.919998
2021-11-10,139.869995
2021-11-11,146.009995
2021-11-12,147.889999
2021-11-15,146.490005
2021-11-16,152.449997
2021-11-17,151.339996
2021-11-18,155.020004
2021-11-19,155.410004
2021-11-22,152.520004
2021-11-23,149.919998
2021-11-24,157.800003
2021-11-26,154.809998
2021-11-29,161.910004
2021-11-30,158.369995
2021-12-01,149.110001
2021-12-02,150.679993
2021-12-03,144.009995
2021-12-06,139.059998
2021-12-07,144.850006
2021-12-08,145.240005
2021-12-09,138.100006
2021-12-10,138.550003
2021-12-13,133.800003
2021-12-14,135.600006
2021-12-15,146.500000
2021-12-16,138.639999
2021-12-17,137.750000
2021-12-20,135.800003
2021-12-21,144.250000
2021-12-22,143.880005
2021-12-23,146.139999
2021-12-27,154.360001
2021-12-28,153.149994
2021-12-29,148.259995
2021-12-30,145.149994
2021-12-31,143.899994
2022-01-03,150.240005
2022-01-04,144.419998
2022-01-05,136.149994
2022-01-06,136.229996
2022-01-07,132.000000
2022-01-10,132.000000
2022-01-11,137.309998
2022-01-12,137.470001
2022-01-13,132.740005
2022-01-14,136.880005
2022-01-18,131.929993
2022-01-19,128.270004
2022-01-20,121.889999
2022-01-21,118.809998
2022-01-24,116.529999
2022-01-25,111.129997
2022-01-26,110.709999
2022-01-27,102.599998
2022-01-28,105.239998
2022-01-31,114.250000
2022-02-01,116.779999
2022-02-02,122.760002
2022-02-03,120.080002
2022-02-04,123.599998
2022-02-07,123.669998
2022-02-08,128.229996
2022-02-09,132.850006
2022-02-10,125.769997
2022-02-11,113.180000
2022-02-14,114.269997
2022-02-15,121.470001
2022-02-16,117.690002
2022-02-17,112.370003
2022-02-18,113.830002
2022-02-22,115.650002
2022-02-23,109.760002
2022-02-24,116.610001
2022-02-25,121.059998
2022-02-28,123.339996
2022-03-01,113.830002
2022-03-02,118.279999
2022-03-03,111.980003
2022-03-04,108.410004
2022-03-07,102.949997
2022-03-08,105.529999
2022-03-09,111.050003
2022-03-10,106.459999
2022-03-11,104.290001
2022-03-14,102.250000
2022-03-15,109.330002
2022-03-16,115.370003
2022-03-17,111.690002
2022-03-18,113.459999
2022-03-21,115.919998
2022-03-22,114.779999
2022-03-23,113.919998
2022-03-24,120.529999
2022-03-25,119.669998
2022-03-28,120.239998
2022-03-29,123.230003
2022-03-30,119.220001
2022-03-31,109.339996
2022-04-01,108.190002
2022-04-04,110.529999
2022-04-05,106.820000
2022-04-06,103.669998
2022-04-07,103.720001
2022-04-08,101.000000
2022-04-11,97.370003
2022-04-12,95.099998
2022-04-13,97.739998
2022-04-14,93.059998
2022-04-18,93.889999
2022-04-19,96.930000
2022-04-20,94.019997
2022-04-21,89.849998
2022-04-22,88.139999
2022-04-25,90.690002
2022-04-26,85.160004
2022-04-27,84.910004
2022-04-28,89.639999
2022-04-29,85.519997
2022-05-02,89.839996
2022-05-03,91.129997
2022-05-04,99.419998
2022-05-05,93.870003
2022-05-06,95.339996
2022-05-09,86.360001
2022-05-10,88.730003
2022-05-11,87.919998
2022-05-12,87.059998
2022-05-13,95.120003
2022-05-16,94.239998
2022-05-17,102.470001
2022-05-18,96.279999
2022-05-19,96.669998
2022-05-20,93.500000
2022-05-23,95.070000
2022-05-24,91.160004
2022-05-25,92.650002
2022-05-26,98.750000
2022-05-27,102.260002
2022-05-31,101.860001
2022-06-01,101.220001
2022-06-02,108.589996
2022-06-03,106.300003
2022-06-06,105.650002
2022-06-07,105.279999
2022-06-08,101.900002
2022-06-09,98.800003
2022-06-10,94.820000
2022-06-13,86.989998
2022-06-14,86.989998
2022-06-15,89.300003
2022-06-16,82.050003
2022-06-17,81.570000
2022-06-21,83.790001
2022-06-22,83.750000
2022-06-23,82.430000
2022-06-24,87.080002
2022-06-27,86.160004
2022-06-28,80.779999
2022-06-29,77.989998
2022-06-30,76.470001
2022-07-01,73.669998
2022-07-05,75.199997
2022-07-06,75.349998
2022-07-07,79.300003
2022-07-08,79.349998
2022-07-11,76.949997
2022-07-12,76.360001
2022-07-13,77.519997
2022-07-14,78.599998
2022-07-15,81.110001
2022-07-18,81.430000
2022-07-19,85.879997
2022-07-20,89.430000
2022-07-21,91.089996
2022-07-22,88.099998
2022-07-25,87.540001
2022-07-26,85.250000
2022-07-27,89.820000
2022-07-28,91.669998
2022-07-29,94.470001
2022-08-01,96.779999
2022-08-02,99.290001
2022-08-03,98.089996
2022-08-04,103.910004
2022-08-05,102.309998
2022-08-08,100.070000
2022-08-09,95.540001
2022-08-10,99.050003
2022-08-11,98.120003
2022-08-12,100.830002
2022-08-15,101.010002
2022-08-16,100.199997
2022-08-17,98.269997
2022-08-18,100.440002
2022-08-19,95.949997
2022-08-22,92.839996
2022-08-23,92.489998
2022-08-24,92.730003
2022-08-25,97.180000
2022-08-26,91.180000
2022-08-29,88.489998
2022-08-30,86.940002
2022-08-31,84.870003
2022-09-01,82.330002
2022-09-02,80.239998
2022-09-06,78.720001
2022-09-07,79.610001
2022-09-08,82.779999
2022-09-09,85.449997
2022-09-12,84.639999
2022-09-13,77.029999
2022-09-14,77.449997
2022-09-15,76.660004
2022-09-16,76.510002
2022-09-19,76.769997
2022-09-20,75.250000
2022-09-21,74.480003
2022-09-22,69.500000
2022-09-23,67.959999
2022-09-26,66.300003
2022-09-27,67.169998
2022-09-28,68.360001
2022-09-29,64.139999
2022-09-30,63.360001
2022-10-03,66.110001
2022-10-04,67.900002
2022-10-05,67.940002
2022-10-06,67.849998
2022-10-07,58.439999
2022-10-10,57.810001
2022-10-11,57.630001
2022-10-12,57.849998
2022-10-13,58.939999
2022-10-14,55.939999
2022-10-17,57.959999
2022-10-18,57.919998
2022-10-19,57.230000
2022-10-20,57.770000
2022-10-21,58.820000
2022-10-24,58.700001
2022-10-25,61.470001
2022-10-26,59.730000
2022-10-27,58.599998
2022-10-28,62.009998
2022-10-31,60.060001
2022-11-01,59.660000
2022-11-02,58.630001
2022-11-03,60.110001
2022-11-04,62.189999
2022-11-07,63.080002
2022-11-08,63.849998
2022-11-09,59.919998
2022-11-10,68.470001
2022-11-11,72.370003
2022-11-14,73.529999
2022-11-15,76.370003
2022-11-16,72.699997
2022-11-17,73.900002
2022-11-18,73.570000
2022-11-21,72.459999
2022-11-22,75.250000
2022-11-23,76.400002
2022-11-25,75.139999
2022-11-28,73.190002
2022-11-29,73.389999
2022-11-30,77.629997
2022-12-01,77.480003
2022-12-02,74.980003
2022-12-05,73.620003
2022-12-06,70.269997
2022-12-07,70.139999
2022-12-08,70.470001
2022-12-09,68.589996
2022-12-12,70.669998
2022-12-13,71.650002
2022-12-14,68.930000
2022-12-15,66.529999
2022-12-16,65.410004
2022-12-19,64.589996
2022-12-20,65.050003
2022-12-21,67.680000
2022-12-22,63.860001
2022-12-23,64.519997
2022-12-27,63.270000
2022-12-28,62.570000
2022-12-29,64.820000
2022-12-30,64.769997
2023-01-03,64.019997
2023-01-04,64.660004
2023-01-05,62.330002
2023-01-06,63.959999
2023-01-09,67.239998
2023-01-10,68.050003
2023-01-11,69.059998
2023-01-12,70.800003
2023-01-13,71.000000
2023-01-17,71.589996
2023-01-18,70.529999
2023-01-19,67.709999
2023-01-20,70.070000
2023-01-23,76.529999
2023-01-24,74.699997
2023-01-25,74.910004
2023-01-26,75.160004
2023-01-27,75.400002
2023-01-30,72.449997
2023-01-31,75.150002
2023-02-01,84.639999
2023-02-02,88.309998
2023-02-03,86.089996
2023-02-06,83.680000
2023-02-07,85.910004
2023-02-08,84.690002
2023-02-09,83.209999
2023-02-10,81.480003
2023-02-13,83.129997
2023-02-14,85.949997
2023-02-15,85.180000
2023-02-16,80.080002
2023-02-17,78.500000
2023-02-21,76.769997
2023-02-22,76.610001
2023-02-23,79.750000
2023-02-24,78.089996
2023-02-27,78.769997
2023-02-28,78.580002
2023-03-01,78.290001
2023-03-02,80.440002
2023-03-03,81.519997
2023-03-06,81.160004
2023-03-07,82.110001
2023-03-08,85.370003
2023-03-09,84.029999
2023-03-10,82.669998
2023-03-13,82.010002
2023-03-14,87.449997
2023-03-15,89.680000
2023-03-16,96.599998
2023-03-17,97.839996
2023-03-20,96.809998
2023-03-21,95.930000
2023-03-22,97.580002
2023-03-23,100.279999
2023-03-24,97.949997
2023-03-27,96.610001
2023-03-28,94.559998
2023-03-29,96.089996
2023-03-30,97.879997
2023-03-31,98.010002
2023-04-03,96.559998
2023-04-04,95.870003
2023-04-05,92.559998
2023-04-06,92.470001
2023-04-10,95.480003
2023-04-11,94.029999
2023-04-12,92.330002
2023-04-13,92.089996
2023-04-14,91.750000
2023-04-17,89.870003
2023-04-18,89.779999
2023-04-19,89.940002
2023-04-20,90.110001
2023-04-21,88.430000
2023-04-24,87.570000
2023-04-25,83.800003
2023-04-26,85.940002
2023-04-27,87.440002
2023-04-28,89.370003
2023-05-01,89.690002
2023-05-02,89.910004
2023-05-03,81.620003
2023-05-04,86.610001
2023-05-05,89.839996
2023-05-08,95.040001
2023-05-09,95.059998
2023-05-10,97.019997
2023-05-11,97.099998
2023-05-12,95.260002
2023-05-15,97.400002
2023-05-16,101.480003
2023-05-17,103.750000
2023-05-18,107.930000
2023-05-19,105.820000
2023-05-22,108.000000
2023-05-23,108.120003
2023-05-24,108.269997
2023-05-25,120.349998
2023-05-26,127.029999
2023-05-30,125.269997
2023-05-31,118.209999
2023-06-01,119.470001
2023-06-02,117.860001
2023-06-05,117.930000
2023-06-06,124.230003
2023-06-07,117.830002
2023-06-08,121.050003
2023-06-09,124.919998
2023-06-12,129.190002
2023-06-13,124.529999
2023-06-14,127.330002
2023-06-15,124.239998
2023-06-16,120.080002
2023-06-20,118.930000
2023-06-21,112.110001
2023-06-22,110.699997
2023-06-23,110.010002
2023-06-26,107.510002
2023-06-27,110.389999
2023-06-28,110.169998
2023-06-29,111.239998
2023-06-30,113.910004
2023-07-03,115.820000
2023-07-05,113.949997
2023-07-06,113.480003
2023-07-07,113.169998
2023-07-10,113.580002
2023-07-11,111.320000
2023-07-12,114.580002
2023-07-13,115.919998
2023-07-14,115.940002
2023-07-17,118.320000
2023-07-18,117.930000
2023-07-19,116.430000
2023-07-20,110.250000
2023-07-21,110.949997
2023-07-24,110.610001
2023-07-25,113.000000
2023-07-26,110.089996
2023-07-27,111.099998
2023-07-28,112.959999
2023-07-31,114.400002
2023-08-01,117.599998
2023-08-02,109.349998
2023-08-03,113.150002
2023-08-04,115.820000
2023-08-07,116.809998
2023-08-08,113.230003
2023-08-09,110.470001
2023-08-10,110.230003
2023-08-11,107.570000
2023-08-14,111.980003
2023-08-15,111.349998
2023-08-16,107.190002
2023-08-17,104.440002
2023-08-18,105.449997
2023-08-21,108.220001
2023-08-22,105.660004
2023-08-23,109.430000
2023-08-24,101.800003
2023-08-25,102.250000
2023-08-28,102.610001
2023-08-29,105.919998
2023-08-30,106.589996
2023-08-31,105.720001
2023-09-01,109.449997
2023-09-05,110.779999
2023-09-06,109.279999
2023-09-07,106.589996
2023-09-08,106.089996
2023-09-11,105.320000
2023-09-12,105.309998
2023-09-13,107.709999
2023-09-14,106.629997
2023-09-15,101.489998
2023-09-18,102.370003
2023-09-19,101.610001
2023-09-20,100.339996
2023-09-21,96.110001
2023-09-22,96.199997
2023-09-25,97.379997
2023-09-26,95.959999
2023-09-27,98.070000
2023-09-28,102.760002
2023-09-29,102.820000
2023-10-02,103.269997
2023-10-03,100.080002
2023-10-04,104.070000
2023-10-05,102.910004
2023-10-06,107.239998
2023-10-09,106.970001
2023-10-10,109.010002
2023-10-11,108.309998
2023-10-12,108.790001
2023-10-13,105.089996
2023-10-16,106.459999
2023-10-17,105.139999
2023-10-18,102.169998
2023-10-19,102.400002
2023-10-20,101.809998
2023-10-23,100.010002
2023-10-24,101.669998
2023-10-25,96.059998
2023-10-26,93.669998
2023-10-27,96.430000
2023-10-30,96.180000
2023-10-31,98.500000
2023-11-01,108.040001
2023-11-02,107.830002
2023-11-03,112.250000
2023-11-06,111.750000
2023-11-07,113.449997
2023-11-08,113.589996
2023-11-09,113.489998
2023-11-10,118.589996
2023-11-13,116.790001
2023-11-14,119.879997
2023-11-15,118.000000
2023-11-16,119.830002
2023-11-17,120.620003
2023-11-20,121.529999
2023-11-21,119.160004
2023-11-22,122.510002
2023-11-24,122.309998
2023-11-27,122.650002
2023-11-28,122.010002
2023-11-29,123.849998
2023-11-30,121.160004
2023-12-01,121.389999
2023-12-04,118.570000
2023-12-05,118.379997
2023-12-06,116.820000
2023-12-07,128.369995
2023-12-08,128.919998
2023-12-11,134.410004
2023-12-12,137.610001
2023-12-13,138.190002
2023-12-14,138.000000
2023-12-15,139.149994
2023-12-18,138.899994
2023-12-19,140.149994
2023-12-20,135.470001
2023-12-21,139.910004
2023-12-22,139.600006
2023-12-26,143.410004
2023-12-27,146.070007
2023-12-28,148.759995
2023-12-29,147.410004
2024-01-02,138.580002
2024-01-03,135.320007
2024-01-04,136.009995
2024-01-05,138.580002
2024-01-08,146.179993
2024-01-09,149.259995
2024-01-10,148.539993
2024-01-11,148.020004
2024-01-12,146.559998
2024-01-16,158.740005
2024-01-17,160.169998
2024-01-18,162.669998
2024-01-19,174.229996
2024-01-22,168.179993
2024-01-23,168.419998
2024-01-24,178.289993
2024-01-25,180.330002
2024-01-26,177.250000
2024-01-29,177.830002
2024-01-30,172.059998
2024-01-31,167.690002
2024-02-01,170.479996
2024-02-02,177.660004
2024-02-05,174.229996
2024-02-06,167.880005
2024-02-07,170.940002
2024-02-08,169.350006
2024-02-09,172.479996
2024-02-12,171.910004
2024-02-13,171.539993
2024-02-14,178.699997
2024-02-15,176.759995
2024-02-16,173.869995
2024-02-20,165.690002
2024-02-21,164.289993
2024-02-22,181.860001
2024-02-23,176.520004
2024-02-26,176.009995
2024-02-27,178.000000
2024-02-28,176.539993
2024-02-29,192.529999
2024-03-01,202.639999
2024-03-04,205.360001
2024-03-05,205.130005
2024-03-06,210.630005
2024-03-07,211.380005
2024-03-08,207.389999
2024-03-11,198.389999
2024-03-12,202.759995
2024-03-13,194.789993
2024-03-14,187.059998
2024-03-15,191.059998
2024-03-18,190.649994
2024-03-19,181.419998
2024-03-20,179.729996
2024-03-21,178.679993
2024-03-22,179.649994
2024-03-25,178.630005
2024-03-26,177.869995
2024-03-27,179.589996
2024-03-28,180.490005
2024-04-01,183.339996
2024-04-02,178.699997
2024-04-03,180.770004
2024-04-04,165.830002
2024-04-05,170.419998
2024-04-08,169.899994
2024-04-09,170.779999
2024-04-10,167.139999
2024-04-11,170.500000
2024-04-12,163.279999
2024-04-15,160.320007
2024-04-16,163.460007
2024-04-17,154.020004
2024-04-18,155.080002
2024-04-19,146.639999
2024-04-22,148.639999
2024-04-23,152.270004
2024-04-24,151.740005
2024-04-25,153.759995
2024-04-26,157.399994
2024-04-29,160.199997
2024-04-30,158.380005
2024-05-01,144.270004
2024-05-02,146.160004
2024-05-03,150.600006
2024-05-06,155.779999
2024-05-07,154.429993
2024-05-08,153.619995
2024-05-09,152.389999
2024-05-10,151.919998
2024-05-13,150.559998
2024-05-14,153.160004
2024-05-15,159.669998
2024-05-16,162.619995
2024-05-17,164.470001
2024-05-20,166.330002
2024-05-21,164.660004
2024-05-22,165.520004
2024-05-23,160.429993
2024-05-24,166.360001
2024-05-28,171.610001
2024-05-29,165.139999
2024-05-30,166.750000
2024-05-31,166.899994
2024-06-03,163.550003
2024-06-04,159.990005
2024-06-05,166.169998
2024-06-06,166.779999
2024-06-07,167.869995
2024-06-10,160.339996
2024-06-11,158.960007
2024-06-12,160.240005
2024-06-13,159.899994
2024-06-14,159.630005
2024-06-17,158.399994
2024-06-18,154.630005
2024-06-20,161.779999
2024-06-21,161.229996
2024-06-24,160.250000
2024-06-25,160.250000
2024-06-26,157.539993
2024-06-27,159.470001
2024-06-28,162.210007
2024-07-01,157.690002
2024-07-02,164.309998
2024-07-03,163.899994
2024-07-05,171.899994
2024-07-08,178.690002
2024-07-09,177.100006
2024-07-10,183.960007
2024-07-11,181.940002
2024-07-12,181.610001
2024-07-15,179.830002
2024-07-16,177.550003
2024-07-17,159.429993
2024-07-18,155.770004
2024-07-19,151.580002
2024-07-22,155.869995
2024-07-23,154.000000
2024-07-24,144.630005
2024-07-25,138.320007
2024-07-26,139.990005
2024-07-29,139.750000
2024-07-30,138.440002
2024-07-31,144.479996
2024-08-01,132.539993
2024-08-02,132.500000
2024-08-05,134.820007
2024-08-06,130.179993
2024-08-07,128.669998
2024-08-08,136.320007
2024-08-09,134.270004
2024-08-12,136.770004
2024-08-13,141.130005
2024-08-14,140.750000
2024-08-15,147.360001
2024-08-16,148.559998
2024-08-19,155.279999
2024-08-20,156.399994
2024-08-21,157.809998
2024-08-22,151.699997
2024-08-23,154.979996
2024-08-26,149.990005
2024-08-27,150.500000
2024-08-28,146.360001
2024-08-29,145.490005
2024-08-30,148.559998
2024-09-03,136.940002
2024-09-04,140.869995
2024-09-05,139.440002
2024-09-06,134.350006
2024-09-09,138.149994
2024-09-10,142.839996
2024-09-11,149.860001
2024-09-12,150.770004
2024-09-13,152.309998
2024-09-16,152.080002
2024-09-17,150.820007
2024-09-18,148.289993
2024-09-19,156.740005
2024-09-20,155.949997
2024-09-23,156.750000
2024-09-24,158.320007
2024-09-25,162.020004
2024-09-26,167.490005
2024-09-27,164.350006
2024-09-30,164.080002
2024-10-01,159.750000
2024-10-02,159.779999
2024-10-03,162.850006
2024-10-04,170.899994
2024-10-07,170.970001
2024-10-08,172.800003
2024-10-09,171.020004
2024-10-10,164.179993
2024-10-11,167.889999
2024-10-14,165.270004
2024-10-15,156.639999
2024-10-16,156.130005
2024-10-17,156.250000
2024-10-18,155.970001
2024-10-21,157.899994
2024-10-22,154.089996
2024-10-23,152.910004
2024-10-24,153.440002
2024-10-25,156.229996
2024-10-28,159.919998
2024-10-29,166.250000
2024-10-30,148.600006
2024-10-31,144.070007
2024-11-01,141.860001
2024-11-04,140.710007
2024-11-05,141.660004
2024-11-06,145.100006
2024-11-07,149.820007
2024-11-08,147.949997
2024-11-11,147.350006
2024-11-12,143.630005
2024-11-13,139.300003
2024-11-14,138.839996
2024-11-15,134.899994
2024-11-18,138.929993
2024-11-19,139.389999
2024-11-20,137.600006
2024-11-21,137.490005
2024-11-22,138.350006
2024-11-25,141.130005
2024-11-26,137.720001
2024-11-27,136.240005
2024-11-29,137.179993
2024-12-02,142.059998
2024-12-03,141.979996
2024-12-04,143.990005
2024-12-05,141.360001
2024-12-06,138.589996
2024-12-09,130.869995
2024-12-10,127.739998
2024-12-11,130.149994
2024-12-12,130.600006
2024-12-13,126.910004
2024-12-16,126.690002
2024-12-17,125.019997
2024-12-18,121.410004
2024-12-19,118.879997
2024-12-20,119.209999
2024-12-23,124.599998
2024-12-24,126.290001
2024-12-26,125.059998
2024-12-27,125.190002
2024-12-30,122.440002
2024-12-31,120.790001
2025-01-02,120.629997
2025-01-03,125.370003
2025-01-06,129.550003
2025-01-07,127.330002
2025-01-08,121.839996
2025-01-10,116.040001
2025-01-13,117.320000
2025-01-14,116.089996
2025-01-15,119.959999
2025-01-16,118.440002
2025-01-17,121.459999
2025-01-21,122.279999
2025-01-22,123.750000
2025-01-23,123.040001
2025-01-24,122.839996
2025-01-27,115.010002
2025-01-28,114.169998
2025-01-29,117.349998
2025-01-30,118.860001
2025-01-31,115.949997
2025-02-03,114.269997
2025-02-04,119.500000
2025-02-05,112.010002
2025-02-06,110.160004
2025-02-07,107.559998
2025-02-10,110.480003
2025-02-11,111.099998
2025-02-12,111.720001
2025-02-13,111.809998
2025-02-14,113.099998
2025-02-18,114.279999
2025-02-19,114.690002
2025-02-20,114.169998
2025-02-21,110.839996
2025-02-24,108.110001
2025-02-25,103.959999
2025-02-26,104.739998
2025-02-27,99.510002
2025-02-28,99.860001
2025-03-03,98.230003
2025-03-04,100.750000
2025-03-05,101.669998
2025-03-06,98.849998
2025-03-07,100.309998
2025-03-10,96.629997
2025-03-11,96.760002
2025-03-12,100.790001
2025-03-13,98.110001
2025-03-14,100.970001
2025-03-17,104.589996
2025-03-18,103.510002
2025-03-19,106.230003
2025-03-20,107.139999
2025-03-21,106.440002
2025-03-24,113.849998
2025-03-25,114.809998
2025-03-26,110.190002
2025-03-27,106.650002
2025-03-28,103.220001
2025-03-31,102.739998
2025-04-01,102.779999
2025-04-02,102.959999
2025-04-03,93.800003
2025-04-04,85.760002
2025-04-07,83.639999
2025-04-08,78.209999
2025-04-09,96.839996
2025-04-10,88.699997
2025-04-11,93.400002
2025-04-14,94.500000
2025-04-15,95.290001
2025-04-16,88.290001
2025-04-17,87.500000
2025-04-21,85.559998
2025-04-22,86.260002
2025-04-23,90.389999
2025-04-24,94.470001
2025-04-25,96.650002
2025-04-28,96.389999
2025-04-29,96.059998
2025-04-30,97.349998
2025-05-01,96.650002
2025-05-02,98.800003
2025-05-05,100.589996
2025-05-06,98.620003
2025-05-07,100.360001
2025-05-08,101.699997
2025-05-09,102.839996
2025-05-12,108.120003
2025-05-13,112.459999
2025-05-14,117.720001
2025-05-15,114.989998
2025-05-16,117.169998
2025-05-19,114.739998
2025-05-20,113.510002
2025-05-21,112.059998
2025-05-22,110.709999
2025-05-23,110.309998
2025-05-27,114.559998
2025-05-28,112.860001
2025-05-29,113.029999
2025-05-30,110.730003
2025-06-02,114.629997
2025-06-03,117.309998
2025-06-04,118.580002
2025-06-05,115.690002
2025-06-06,116.190002
2025-06-09,121.730003
2025-06-10,123.239998
2025-06-11,121.139999
2025-06-12,118.500000
2025-06-13,116.160004
2025-06-16,126.389999
2025-06-17,127.099998
2025-06-18,126.790001
2025-06-20,128.240005
2025-06-23,129.580002
2025-06-24,138.429993
2025-06-25,143.399994
2025-06-26,143.679993
2025-06-27,143.809998
2025-06-30,141.899994
2025-07-01,136.110001
2025-07-02,138.520004
2025-07-03,137.910004
2025-07-07,134.800003
2025-07-08,137.820007
2025-07-09,138.410004
2025-07-10,144.160004
2025-07-11,146.419998
2025-07-14,146.240005
2025-07-15,155.610001
2025-07-16,160.080002
2025-07-17,160.410004
2025-07-18,156.990005
2025-07-21,157.000000
2025-07-22,154.720001
2025-07-23,158.649994
2025-07-24,162.119995
2025-07-25,166.470001
2025-07-28,173.660004
2025-07-29,177.440002
2025-07-30,179.509995
2025-07-31,176.309998
2025-08-01,171.699997
2025-08-04,176.779999
2025-08-05,174.309998
2025-08-06,163.119995
2025-08-07,172.399994
2025-08-08,172.759995
2025-08-11,172.279999
2025-08-12,174.949997
2025-08-13,184.419998
2025-08-14,180.949997
2025-08-15,177.509995
2025-08-18,176.139999
2025-08-19,166.550003
2025-08-20,165.199997
2025-08-21,163.710007
2025-08-22,167.759995
2025-08-25,163.360001
2025-08-26,166.619995
2025-08-27,167.130005
2025-08-28,168.580002
2025-08-29,162.630005
2025-09-02,162.320007
2025-09-03,162.130005
2025-09-04,161.789993
2025-09-05,151.139999
2025-09-08,151.410004
2025-09-09,155.820007
2025-09-10,159.539993
2025-09-11,155.669998
2025-09-12,158.570007
2025-09-15,161.160004
2025-09-16,160.460007
2025-09-17,159.160004
2025-09-18,157.919998
2025-09-19,157.389999
2025-09-22,159.789993
2025-09-23,160.899994
2025-09-24,160.880005
2025-09-25,161.270004
2025-09-26,159.460007
2025-09-29,161.360001
2025-09-30,161.789993
2025-10-01,164.009995
2025-10-02,169.729996
2025-10-03,164.669998
2025-10-06,203.710007
2025-10-07,211.509995
2025-10-08,235.559998
2025-10-09,232.889999
2025-10-10,214.899994
2025-10-13,216.419998
2025-10-14,218.089996
2025-10-15,238.600006
2025-10-16,234.559998
2025-10-17,233.080002
2025-10-20,240.559998
2025-10-21,238.029999
2025-10-22,230.229996
2025-10-23,234.990005
2025-10-24,252.919998
2025-10-27,259.670013
2025-10-28,258.010010
2025-10-29,264.329987
2025-10-30,254.839996
2025-10-31,256.119995
2025-11-03,259.649994
2025-11-04,250.050003
2025-11-05,256.329987
2025-11-06,237.699997
2025-11-07,233.539993
2025-11-10,243.979996
2025-11-11,237.520004
2025-11-12,258.890015
2025-11-13,247.960007
2025-11-14,246.809998
2025-11-17,240.520004
2025-11-18,230.289993
2025-11-19,223.550003
2025-11-20,206.020004
2025-11-21,203.779999
2025-11-24,215.050003
2025-11-25,206.130005
2025-11-26,214.240005
2025-11-28,217.529999
2025-12-01,219.759995
2025-12-02,215.240005
2025-12-03,217.600006
2025-12-04,215.979996
2025-12-05,217.970001
2025-12-08,221.110001
2025-12-09,221.619995
2025-12-10,221.419998
2025-12-11,221.429993
2025-12-12,210.779999
2025-12-15,207.580002
2025-12-16,209.169998
2025-12-17,198.110001
2025-12-18,201.059998
2025-12-19,213.429993
2025-12-22,214.949997
2025-12-23,214.899994
2025-12-24,215.039993
2025-12-26,214.990005
2025-12-29,215.610001
2025-12-30,215.339996
2025-12-31,214.160004
2026-01-02,223.470001
2026-01-05,221.080002
2026-01-06,214.350006
2026-01-07,210.020004
2026-01-08,204.679993
2026-01-09,203.169998
2026-01-12,207.690002
2026-01-13,220.970001
2026-01-14,223.600006
2026-01-15,227.919998
2026-01-16,231.830002
2026-01-20,231.919998
2026-01-21,249.800003
2026-01-22,253.729996
2026-01-23,259.679993
2026-01-26,251.309998
2026-01-27,252.029999
2026-01-28,252.740005
2026-01-29,252.179993
2026-01-30,236.729996
2026-02-02,246.270004
2026-02-03,242.110001
2026-02-04,200.190002
2026-02-05,192.500000
2026-02-06,208.440002
2026-02-09,216.000000
2026-02-10,213.570007
2026-02-11,213.580002
2026-02-12,205.940002
2026-02-13,207.320007
2026-02-17,203.080002
2026-02-18,200.119995
2026-02-19,203.369995
2026-02-20,200.149994
2026-02-23,196.600006
2026-02-24,213.839996
2026-02-25,210.860001
2026-02-26,203.679993
2026-02-27,200.210007
2026-03-02,198.619995
2026-03-03,190.949997
2026-03-04,202.070007
2026-03-05,199.449997
2026-03-06,192.429993
2026-03-09,202.679993
2026-03-10,203.229996
2026-03-11,204.830002
2026-03-12,197.740005
2026-03-13,193.389999
2026-03-16,196.580002
2026-03-17,196.309998
2026-03-18,199.460007
2026-03-19,205.270004
2026-03-20,201.330002
2026-03-23,202.679993
2026-03-24,205.369995
2026-03-25,220.270004
2026-03-26,203.770004
2026-03-27,201.990005
2026-03-30,196.039993
2026-03-31,203.429993
2026-04-01,210.210007
2026-04-02,217.500000
2026-04-06,220.179993
2026-04-07,221.529999
2026-04-08,231.820007
2026-04-09,236.639999
2026-04-10,245.039993
2026-04-13,246.830002
2026-04-14,255.070007
2026-04-15,258.119995
2026-04-16,278.260010
2026-04-17,278.390015
2026-04-20,274.950012
2026-04-21,284.489990
2026-04-22,303.459991
2026-04-23,305.329987
2026-04-24,347.809998
2026-04-27,334.630005
2026-04-28,323.209991
2026-04-29,337.109985
2026-04-30,354.489990
2026-05-01,360.540009
2026-05-04,341.540009
2026-05-05,355.260010
2026-05-06,421.390015
2026-05-07,408.459991
2026-05-08,455.190002
2026-05-11,458.790009
2026-05-12,448.290009
2026-05-13,445.500000
2026-05-14,449.700012
2026-05-15,424.100006
2026-05-18,420.989990
2026-05-19,414.049988
2026-05-20,447.579987
2026-05-21,449.589996
2026-05-22,467.510010
2026-05-26,503.890015
2026-05-27,495.540009
2026-05-28,518.090027
2026-05-29,516.099976
2026-06-01,510.130005
2026-06-02,521.539978
2026-06-03,542.520020
2026-06-04,523.200012
2026-06-05,466.380005
2026-06-08,490.329987
2026-06-09,475.510010
2026-06-10,452.399994
2026-06-11,488.450012
2026-06-12,511.570007
2026-06-15,547.260010
2026-06-16,507.290009
2026-06-17,512.479980
2026-06-18,537.369995
2026-06-22,551.630005
2026-06-23,519.849976
2026-06-24,519.739990
2026-06-25,532.570007
2026-06-26,521.580017
2026-06-29,539.489990
2026-06-30,580.909973
2026-07-01,540.880005
2026-07-02,517.820007
2026-07-06,552.049988
2026-07-07,516.109985
2026-07-08,517.409973
2026-07-09,546.719971
2026-07-10,557.890015
2026-07-13,534.390015
2026-07-14,548.130005
2026-07-15,529.140015
2026-07-16,500.940002
2026-07-17,495.760010
2026-07-20,503.570007
2026-07-21,544.429993
2026-07-22,552.330017
2026-07-23,539.690002
2026-07-24,521.950012
2026-07-27,494.950012
2026-07-28,454.619995
2026-07-29,429.559998
2026-07-30,485.390015
2026-07-31,476.149994
2026-08-03,484.640015
2026-08-04,518.580017
2026-08-05,482.049988
2026-08-06,489.279999
2026-08-07,483.359985
2026-08-10,469.559998
2026-08-11,474.320007
2026-08-12,482.929993
2026-08-13,483.010010
2026-08-14,514.390015
2026-08-17,506.000000
2026-08-18,484.390015
2026-08-19,466.420013
2026-08-20,469.459991
2026-08-21,473.250000
2026-08-24,456.750000
2026-08-25,479.179993
2026-08-26,480.929993
2026-08-27,476.670013
2026-08-28,465.579987
2026-08-31,470.720001
2026-09-01,459.609985
2026-09-02,457.059998
2026-09-03,456.160004
2026-09-04,477.570007
2026-09-08,505.739990
2026-09-09,521.099976
