d,c
1983-06-17,0.343750
1983-06-20,0.302083
1983-06-21,0.302083
1983-06-22,0.312500
1983-06-23,0.312500
1983-06-24,0.307292
1983-06-27,0.270833
1983-06-28,0.270833
1983-06-29,0.265625
1983-06-30,0.270833
1983-07-01,0.270833
1983-07-05,0.260417
1983-07-06,0.260417
1983-07-07,0.265625
1983-07-08,0.260417
1983-07-11,0.265625
1983-07-12,0.265625
1983-07-13,0.276042
1983-07-14,0.278646
1983-07-15,0.278646
1983-07-18,0.276042
1983-07-19,0.270833
1983-07-20,0.268229
1983-07-21,0.255208
1983-07-22,0.252604
1983-07-25,0.252604
1983-07-26,0.252604
1983-07-27,0.242188
1983-07-28,0.242188
1983-07-29,0.239583
1983-08-01,0.234375
1983-08-02,0.231771
1983-08-03,0.231771
1983-08-04,0.223958
1983-08-05,0.218750
1983-08-08,0.213542
1983-08-09,0.205729
1983-08-10,0.205729
1983-08-11,0.205729
1983-08-12,0.205729
1983-08-15,0.203125
1983-08-16,0.203125
1983-08-17,0.203125
1983-08-18,0.190104
1983-08-19,0.187500
1983-08-22,0.166667
1983-08-23,0.166667
1983-08-24,0.166667
1983-08-25,0.164063
1983-08-26,0.166667
1983-08-29,0.166667
1983-08-30,0.166667
1983-08-31,0.174479
1983-09-01,0.184896
1983-09-02,0.197917
1983-09-06,0.200521
1983-09-07,0.200521
1983-09-08,0.203125
1983-09-09,0.203125
1983-09-12,0.205729
1983-09-13,0.205729
1983-09-14,0.203125
1983-09-15,0.187500
1983-09-16,0.161458
1983-09-19,0.164063
1983-09-20,0.169271
1983-09-21,0.169271
1983-09-22,0.171875
1983-09-23,0.177083
1983-09-26,0.179688
1983-09-27,0.177083
1983-09-28,0.179688
1983-09-29,0.179688
1983-09-30,0.177083
1983-10-03,0.177083
1983-10-04,0.177083
1983-10-05,0.177083
1983-10-06,0.177083
1983-10-07,0.177083
1983-10-10,0.171875
1983-10-11,0.161458
1983-10-12,0.158854
1983-10-13,0.153646
1983-10-14,0.156250
1983-10-17,0.156250
1983-10-18,0.151042
1983-10-19,0.140625
1983-10-20,0.140625
1983-10-21,0.140625
1983-10-24,0.140625
1983-10-25,0.135417
1983-10-26,0.135417
1983-10-27,0.135417
1983-10-28,0.135417
1983-10-31,0.135417
1983-11-01,0.130208
1983-11-02,0.122396
1983-11-03,0.122396
1983-11-04,0.125000
1983-11-07,0.122396
1983-11-08,0.122396
1983-11-09,0.122396
1983-11-10,0.122396
1983-11-11,0.122396
1983-11-14,0.132813
1983-11-15,0.140625
1983-11-16,0.153646
1983-11-17,0.161458
1983-11-18,0.161458
1983-11-21,0.156250
1983-11-22,0.148438
1983-11-23,0.143229
1983-11-25,0.145833
1983-11-28,0.145833
1983-11-29,0.143229
1983-11-30,0.143229
1983-12-01,0.143229
1983-12-02,0.143229
1983-12-05,0.135417
1983-12-06,0.132813
1983-12-07,0.135417
1983-12-08,0.135417
1983-12-09,0.140625
1983-12-12,0.140625
1983-12-13,0.143229
1983-12-14,0.140625
1983-12-15,0.140625
1983-12-16,0.138021
1983-12-19,0.143229
1983-12-20,0.140625
1983-12-21,0.143229
1983-12-22,0.143229
1983-12-23,0.140625
1983-12-27,0.145833
1983-12-28,0.148438
1983-12-29,0.148438
1983-12-30,0.151042
1984-01-03,0.151042
1984-01-04,0.148438
1984-01-05,0.156250
1984-01-06,0.166667
1984-01-09,0.164063
1984-01-10,0.169271
1984-01-11,0.171875
1984-01-12,0.166667
1984-01-13,0.166667
1984-01-16,0.169271
1984-01-17,0.166667
1984-01-18,0.161458
1984-01-19,0.166667
1984-01-20,0.161458
1984-01-23,0.156250
1984-01-24,0.166667
1984-01-25,0.164063
1984-01-26,0.169271
1984-01-27,0.166667
1984-01-30,0.166667
1984-01-31,0.161458
1984-02-01,0.158854
1984-02-02,0.158854
1984-02-03,0.156250
1984-02-06,0.148438
1984-02-07,0.148438
1984-02-08,0.145833
1984-02-09,0.140625
1984-02-10,0.143229
1984-02-13,0.132813
1984-02-14,0.138021
1984-02-15,0.138021
1984-02-16,0.127604
1984-02-17,0.132813
1984-02-21,0.127604
1984-02-22,0.132813
1984-02-23,0.127604
1984-02-24,0.132813
1984-02-27,0.135417
1984-02-28,0.130208
1984-02-29,0.125000
1984-03-01,0.125000
1984-03-02,0.130208
1984-03-05,0.127604
1984-03-06,0.130208
1984-03-07,0.130208
1984-03-08,0.132813
1984-03-09,0.130208
1984-03-12,0.130208
1984-03-13,0.127604
1984-03-14,0.130208
1984-03-15,0.127604
1984-03-16,0.127604
1984-03-19,0.130208
1984-03-20,0.132813
1984-03-21,0.130208
1984-03-22,0.127604
1984-03-23,0.130208
1984-03-26,0.125000
1984-03-27,0.125000
1984-03-28,0.127604
1984-03-29,0.127604
1984-03-30,0.125000
1984-04-02,0.122396
1984-04-03,0.122396
1984-04-04,0.119792
1984-04-05,0.125000
1984-04-06,0.119792
1984-04-09,0.119792
1984-04-10,0.114583
1984-04-11,0.119792
1984-04-12,0.114583
1984-04-13,0.111979
1984-04-16,0.106771
1984-04-17,0.106771
1984-04-18,0.104167
1984-04-19,0.106771
1984-04-23,0.109375
1984-04-24,0.106771
1984-04-25,0.106771
1984-04-26,0.111979
1984-04-27,0.111979
1984-04-30,0.111979
1984-05-01,0.109375
1984-05-02,0.114583
1984-05-03,0.109375
1984-05-04,0.109375
1984-05-07,0.109375
1984-05-08,0.106771
1984-05-09,0.104167
1984-05-10,0.098958
1984-05-11,0.104167
1984-05-14,0.106771
1984-05-15,0.109375
1984-05-16,0.114583
1984-05-17,0.114583
1984-05-18,0.114583
1984-05-21,0.117188
1984-05-22,0.114583
1984-05-23,0.117188
1984-05-24,0.117188
1984-05-25,0.117188
1984-05-29,0.111979
1984-05-30,0.111979
1984-05-31,0.111979
1984-06-01,0.114583
1984-06-04,0.117188
1984-06-05,0.111979
1984-06-06,0.111979
1984-06-07,0.114583
1984-06-08,0.117188
1984-06-11,0.111979
1984-06-12,0.111979
1984-06-13,0.114583
1984-06-14,0.111979
1984-06-15,0.111979
1984-06-18,0.111979
1984-06-19,0.114583
1984-06-20,0.111979
1984-06-21,0.117188
1984-06-22,0.122396
1984-06-25,0.122396
1984-06-26,0.119792
1984-06-27,0.119792
1984-06-28,0.119792
1984-06-29,0.119792
1984-07-02,0.122396
1984-07-03,0.114583
1984-07-05,0.119792
1984-07-06,0.119792
1984-07-09,0.114583
1984-07-10,0.117188
1984-07-11,0.111979
1984-07-12,0.111979
1984-07-13,0.109375
1984-07-16,0.109375
1984-07-17,0.109375
1984-07-18,0.109375
1984-07-19,0.109375
1984-07-20,0.106771
1984-07-23,0.104167
1984-07-24,0.104167
1984-07-25,0.101563
1984-07-26,0.104167
1984-07-27,0.104167
1984-07-30,0.098958
1984-07-31,0.098958
1984-08-01,0.101563
1984-08-02,0.101563
1984-08-03,0.106771
1984-08-06,0.114583
1984-08-07,0.104167
1984-08-08,0.109375
1984-08-09,0.106771
1984-08-10,0.104167
1984-08-13,0.106771
1984-08-14,0.104167
1984-08-15,0.101563
1984-08-16,0.104167
1984-08-17,0.098958
1984-08-20,0.096354
1984-08-21,0.101563
1984-08-22,0.101563
1984-08-23,0.101563
1984-08-24,0.101563
1984-08-27,0.106771
1984-08-28,0.106771
1984-08-29,0.104167
1984-08-30,0.106771
1984-08-31,0.106771
1984-09-04,0.104167
1984-09-05,0.106771
1984-09-06,0.104167
1984-09-07,0.104167
1984-09-10,0.106771
1984-09-11,0.104167
1984-09-12,0.104167
1984-09-13,0.104167
1984-09-14,0.104167
1984-09-17,0.106771
1984-09-18,0.106771
1984-09-19,0.104167
1984-09-20,0.101563
1984-09-21,0.104167
1984-09-24,0.101563
1984-09-25,0.101563
1984-09-26,0.101563
1984-09-27,0.101563
1984-09-28,0.104167
1984-10-01,0.101563
1984-10-02,0.098958
1984-10-03,0.098958
1984-10-04,0.096354
1984-10-05,0.093750
1984-10-08,0.096354
1984-10-09,0.091146
1984-10-10,0.091146
1984-10-11,0.093750
1984-10-12,0.096354
1984-10-15,0.104167
1984-10-16,0.098958
1984-10-17,0.096354
1984-10-18,0.096354
1984-10-19,0.096354
1984-10-22,0.101563
1984-10-23,0.101563
1984-10-24,0.096354
1984-10-25,0.101563
1984-10-26,0.101563
1984-10-29,0.098958
1984-10-30,0.098958
1984-10-31,0.093750
1984-11-01,0.096354
1984-11-02,0.093750
1984-11-05,0.093750
1984-11-06,0.093750
1984-11-07,0.093750
1984-11-08,0.093750
1984-11-09,0.091146
1984-11-12,0.091146
1984-11-13,0.091146
1984-11-14,0.088542
1984-11-15,0.088542
1984-11-16,0.083333
1984-11-19,0.075521
1984-11-20,0.083333
1984-11-21,0.085938
1984-11-23,0.088542
1984-11-26,0.093750
1984-11-27,0.093750
1984-11-28,0.091146
1984-11-29,0.088542
1984-11-30,0.091146
1984-12-03,0.088542
1984-12-04,0.096354
1984-12-05,0.093750
1984-12-06,0.091146
1984-12-07,0.093750
1984-12-10,0.093750
1984-12-11,0.093750
1984-12-12,0.093750
1984-12-13,0.096354
1984-12-14,0.098958
1984-12-17,0.093750
1984-12-18,0.093750
1984-12-19,0.093750
1984-12-20,0.093750
1984-12-21,0.093750
1984-12-24,0.098958
1984-12-26,0.104167
1984-12-27,0.104167
1984-12-28,0.098958
1984-12-31,0.104167
1985-01-02,0.098958
1985-01-03,0.101563
1985-01-04,0.101563
1985-01-07,0.101563
1985-01-08,0.096354
1985-01-09,0.098958
1985-01-10,0.098958
1985-01-11,0.101563
1985-01-14,0.098958
1985-01-15,0.101563
1985-01-16,0.104167
1985-01-17,0.098958
1985-01-18,0.104167
1985-01-21,0.106771
1985-01-22,0.104167
1985-01-23,0.106771
1985-01-24,0.117188
1985-01-25,0.135417
1985-01-28,0.140625
1985-01-29,0.148438
1985-01-30,0.151042
1985-01-31,0.145833
1985-02-01,0.145833
1985-02-04,0.140625
1985-02-05,0.135417
1985-02-06,0.132813
1985-02-07,0.132813
1985-02-08,0.130208
1985-02-11,0.127604
1985-02-12,0.125000
1985-02-13,0.127604
1985-02-14,0.122396
1985-02-15,0.117188
1985-02-19,0.122396
1985-02-20,0.119792
1985-02-21,0.122396
1985-02-22,0.122396
1985-02-25,0.119792
1985-02-26,0.119792
1985-02-27,0.119792
1985-02-28,0.114583
1985-03-01,0.114583
1985-03-04,0.117188
1985-03-05,0.119792
1985-03-06,0.122396
1985-03-07,0.122396
1985-03-08,0.119792
1985-03-11,0.114583
1985-03-12,0.114583
1985-03-13,0.122396
1985-03-14,0.122396
1985-03-15,0.119792
1985-03-18,0.117188
1985-03-19,0.114583
1985-03-20,0.117188
1985-03-21,0.109375
1985-03-22,0.104167
1985-03-25,0.101563
1985-03-26,0.104167
1985-03-27,0.106771
1985-03-28,0.114583
1985-03-29,0.114583
1985-04-01,0.114583
1985-04-02,0.114583
1985-04-03,0.114583
1985-04-04,0.117188
1985-04-08,0.114583
1985-04-09,0.109375
1985-04-10,0.114583
1985-04-11,0.109375
1985-04-12,0.114583
1985-04-15,0.109375
1985-04-16,0.106771
1985-04-17,0.106771
1985-04-18,0.106771
1985-04-19,0.109375
1985-04-22,0.114583
1985-04-23,0.125000
1985-04-24,0.122396
1985-04-25,0.125000
1985-04-26,0.125000
1985-04-29,0.125000
1985-04-30,0.127604
1985-05-01,0.135417
1985-05-02,0.135417
1985-05-03,0.138021
1985-05-06,0.132813
1985-05-07,0.132813
1985-05-08,0.132813
1985-05-09,0.135417
1985-05-10,0.138021
1985-05-13,0.135417
1985-05-14,0.138021
1985-05-15,0.138021
1985-05-16,0.140625
1985-05-17,0.148438
1985-05-20,0.164063
1985-05-21,0.171875
1985-05-22,0.169271
1985-05-23,0.161458
1985-05-24,0.158854
1985-05-28,0.161458
1985-05-29,0.164063
1985-05-30,0.164063
1985-05-31,0.161458
1985-06-03,0.161458
1985-06-04,0.161458
1985-06-05,0.156250
1985-06-06,0.151042
1985-06-07,0.153646
1985-06-10,0.151042
1985-06-11,0.148438
1985-06-12,0.145833
1985-06-13,0.145833
1985-06-14,0.148438
1985-06-17,0.151042
1985-06-18,0.156250
1985-06-19,0.156250
1985-06-20,0.158854
1985-06-21,0.156250
1985-06-24,0.158854
1985-06-25,0.158854
1985-06-26,0.158854
1985-06-27,0.158854
1985-06-28,0.166667
1985-07-01,0.161458
1985-07-02,0.156250
1985-07-03,0.158854
1985-07-05,0.158854
1985-07-08,0.158854
1985-07-09,0.153646
1985-07-10,0.145833
1985-07-11,0.140625
1985-07-12,0.148438
1985-07-15,0.140625
1985-07-16,0.140625
1985-07-17,0.148438
1985-07-18,0.148438
1985-07-19,0.140625
1985-07-22,0.140625
1985-07-23,0.140625
1985-07-24,0.140625
1985-07-25,0.145833
1985-07-26,0.148438
1985-07-29,0.148438
1985-07-30,0.148438
1985-07-31,0.151042
1985-08-01,0.151042
1985-08-02,0.153646
1985-08-05,0.148438
1985-08-06,0.148438
1985-08-07,0.148438
1985-08-08,0.145833
1985-08-09,0.145833
1985-08-12,0.148438
1985-08-13,0.145833
1985-08-14,0.148438
1985-08-15,0.145833
1985-08-16,0.145833
1985-08-19,0.145833
1985-08-20,0.156250
1985-08-21,0.158854
1985-08-22,0.158854
1985-08-23,0.161458
1985-08-26,0.161458
1985-08-27,0.166667
1985-08-28,0.161458
1985-08-29,0.158854
1985-08-30,0.158854
1985-09-03,0.156250
1985-09-04,0.158854
1985-09-05,0.158854
1985-09-06,0.158854
1985-09-09,0.161458
1985-09-10,0.169271
1985-09-11,0.166667
1985-09-12,0.158854
1985-09-13,0.158854
1985-09-16,0.156250
1985-09-17,0.151042
1985-09-18,0.148438
1985-09-19,0.153646
1985-09-20,0.153646
1985-09-23,0.156250
1985-09-24,0.156250
1985-09-25,0.166667
1985-09-26,0.169271
1985-09-30,0.166667
1985-10-01,0.169271
1985-10-02,0.177083
1985-10-03,0.169271
1985-10-04,0.171875
1985-10-07,0.169271
1985-10-08,0.169271
1985-10-09,0.171875
1985-10-10,0.171875
1985-10-11,0.171875
1985-10-14,0.169271
1985-10-15,0.171875
1985-10-16,0.179688
1985-10-17,0.190104
1985-10-18,0.213542
1985-10-21,0.200521
1985-10-22,0.208333
1985-10-23,0.208333
1985-10-24,0.208333
1985-10-25,0.203125
1985-10-28,0.208333
1985-10-29,0.210938
1985-10-30,0.216146
1985-10-31,0.218750
1985-11-01,0.223958
1985-11-04,0.221354
1985-11-05,0.223958
1985-11-06,0.226563
1985-11-07,0.229167
1985-11-08,0.231771
1985-11-11,0.229167
1985-11-12,0.226563
1985-11-13,0.229167
1985-11-14,0.231771
1985-11-15,0.229167
1985-11-18,0.231771
1985-11-19,0.231771
1985-11-20,0.231771
1985-11-21,0.231771
1985-11-22,0.231771
1985-11-25,0.231771
1985-11-26,0.231771
1985-11-27,0.234375
1985-11-29,0.231771
1985-12-02,0.239583
1985-12-03,0.234375
1985-12-04,0.283854
1985-12-05,0.302083
1985-12-06,0.289063
1985-12-09,0.265625
1985-12-10,0.247396
1985-12-11,0.244792
1985-12-12,0.231771
1985-12-13,0.250000
1985-12-16,0.255208
1985-12-17,0.252604
1985-12-18,0.255208
1985-12-19,0.276042
1985-12-20,0.286458
1985-12-23,0.289063
1985-12-24,0.281250
1985-12-26,0.281250
1985-12-27,0.283854
1985-12-30,0.276042
1985-12-31,0.281250
1986-01-02,0.263021
1986-01-03,0.265625
1986-01-06,0.263021
1986-01-07,0.260417
1986-01-08,0.263021
1986-01-09,0.263021
1986-01-10,0.270833
1986-01-13,0.270833
1986-01-14,0.263021
1986-01-15,0.270833
1986-01-16,0.270833
1986-01-17,0.263021
1986-01-20,0.270833
1986-01-21,0.265625
1986-01-22,0.260417
1986-01-23,0.260417
1986-01-24,0.263021
1986-01-27,0.270833
1986-01-28,0.276042
1986-01-29,0.291667
1986-01-30,0.283854
1986-01-31,0.294271
1986-02-03,0.270833
1986-02-04,0.278646
1986-02-05,0.281250
1986-02-06,0.296875
1986-02-07,0.291667
1986-02-10,0.289063
1986-02-11,0.283854
1986-02-12,0.283854
1986-02-13,0.281250
1986-02-14,0.270833
1986-02-18,0.270833
1986-02-19,0.263021
1986-02-20,0.263021
1986-02-21,0.270833
1986-02-24,0.270833
1986-02-25,0.276042
1986-02-26,0.286458
1986-02-27,0.296875
1986-02-28,0.312500
1986-03-03,0.302083
1986-03-04,0.302083
1986-03-05,0.296875
1986-03-06,0.296875
1986-03-07,0.294271
1986-03-10,0.296875
1986-03-11,0.294271
1986-03-12,0.312500
1986-03-13,0.312500
1986-03-14,0.322917
1986-03-17,0.312500
1986-03-18,0.315104
1986-03-19,0.325521
1986-03-20,0.341146
1986-03-21,0.356771
1986-03-24,0.359375
1986-03-25,0.359375
1986-03-26,0.367188
1986-03-27,0.377604
1986-03-31,0.385417
1986-04-01,0.390625
1986-04-02,0.385417
1986-04-03,0.382813
1986-04-04,0.380208
1986-04-07,0.385417
1986-04-08,0.388021
1986-04-09,0.406250
1986-04-10,0.489583
1986-04-11,0.481771
1986-04-14,0.500000
1986-04-15,0.515625
1986-04-16,0.559896
1986-04-17,0.531250
1986-04-18,0.507813
1986-04-21,0.466146
1986-04-22,0.481771
1986-04-23,0.492188
1986-04-24,0.489583
1986-04-25,0.479167
1986-04-28,0.481771
1986-04-29,0.479167
1986-04-30,0.427083
1986-05-01,0.434896
1986-05-02,0.497396
1986-05-05,0.554688
1986-05-06,0.541667
1986-05-07,0.528646
1986-05-08,0.541667
1986-05-09,0.536458
1986-05-12,0.533854
1986-05-13,0.513021
1986-05-14,0.552083
1986-05-15,0.539063
1986-05-16,0.541667
1986-05-19,0.531250
1986-05-20,0.541667
1986-05-21,0.565104
1986-05-22,0.585938
1986-05-23,0.583333
1986-05-27,0.583333
1986-05-28,0.583333
1986-05-29,0.552083
1986-05-30,0.536458
1986-06-02,0.544271
1986-06-03,0.554688
1986-06-04,0.585938
1986-06-05,0.591146
1986-06-06,0.585938
1986-06-09,0.565104
1986-06-10,0.570313
1986-06-11,0.583333
1986-06-12,0.572917
1986-06-13,0.552083
1986-06-16,0.544271
1986-06-17,0.552083
1986-06-18,0.533854
1986-06-19,0.552083
1986-06-20,0.539063
1986-06-23,0.541667
1986-06-24,0.528646
1986-06-25,0.526042
1986-06-26,0.513021
1986-06-27,0.513021
1986-06-30,0.515625
1986-07-01,0.505208
1986-07-02,0.505208
1986-07-03,0.531250
1986-07-07,0.489583
1986-07-08,0.447917
1986-07-09,0.458333
1986-07-10,0.466146
1986-07-11,0.473958
1986-07-14,0.468750
1986-07-15,0.450521
1986-07-16,0.466146
1986-07-17,0.489583
1986-07-18,0.492188
1986-07-21,0.510417
1986-07-22,0.520833
1986-07-23,0.531250
1986-07-24,0.528646
1986-07-25,0.531250
1986-07-28,0.513021
1986-07-29,0.497396
1986-07-30,0.476563
1986-07-31,0.466146
1986-08-01,0.450521
1986-08-04,0.447917
1986-08-05,0.447917
1986-08-06,0.450521
1986-08-07,0.442708
1986-08-08,0.427083
1986-08-11,0.450521
1986-08-12,0.473958
1986-08-13,0.481771
1986-08-14,0.505208
1986-08-15,0.502604
1986-08-18,0.479167
1986-08-19,0.458333
1986-08-20,0.471354
1986-08-21,0.466146
1986-08-22,0.458333
1986-08-25,0.460938
1986-08-26,0.460938
1986-08-27,0.458333
1986-08-28,0.458333
1986-08-29,0.450521
1986-09-02,0.440104
1986-09-03,0.453125
1986-09-04,0.442708
1986-09-05,0.406250
1986-09-08,0.356771
1986-09-09,0.333333
1986-09-10,0.325521
1986-09-11,0.322917
1986-09-12,0.294271
1986-09-15,0.294271
1986-09-16,0.289063
1986-09-17,0.294271
1986-09-18,0.325521
1986-09-19,0.341146
1986-09-22,0.364583
1986-09-23,0.380208
1986-09-24,0.364583
1986-09-25,0.356771
1986-09-26,0.364583
1986-09-29,0.356771
1986-09-30,0.364583
1986-10-01,0.375000
1986-10-02,0.388021
1986-10-03,0.390625
1986-10-06,0.388021
1986-10-07,0.372396
1986-10-08,0.372396
1986-10-09,0.372396
1986-10-10,0.380208
1986-10-13,0.388021
1986-10-14,0.385417
1986-10-15,0.375000
1986-10-16,0.372396
1986-10-17,0.375000
1986-10-20,0.367188
1986-10-21,0.377604
1986-10-22,0.388021
1986-10-23,0.406250
1986-10-24,0.429688
1986-10-27,0.437500
1986-10-28,0.476563
1986-10-29,0.458333
1986-10-30,0.460938
1986-10-31,0.471354
1986-11-03,0.460938
1986-11-04,0.437500
1986-11-05,0.419271
1986-11-06,0.388021
1986-11-07,0.388021
1986-11-10,0.429688
1986-11-11,0.484375
1986-11-12,0.481771
1986-11-13,0.484375
1986-11-14,0.479167
1986-11-17,0.460938
1986-11-18,0.447917
1986-11-19,0.458333
1986-11-20,0.481771
1986-11-21,0.481771
1986-11-24,0.500000
1986-11-25,0.492188
1986-11-26,0.497396
1986-11-28,0.497396
1986-12-01,0.473958
1986-12-02,0.466146
1986-12-03,0.453125
1986-12-04,0.458333
1986-12-05,0.458333
1986-12-08,0.450521
1986-12-09,0.442708
1986-12-10,0.421875
1986-12-11,0.419271
1986-12-12,0.408854
1986-12-15,0.414063
1986-12-16,0.429688
1986-12-17,0.416667
1986-12-18,0.414063
1986-12-19,0.427083
1986-12-22,0.442708
1986-12-23,0.453125
1986-12-24,0.479167
1986-12-26,0.479167
1986-12-29,0.473958
1986-12-30,0.468750
1986-12-31,0.458333
1987-01-02,0.492188
1987-01-05,0.541667
1987-01-06,0.554688
1987-01-07,0.552083
1987-01-08,0.585938
1987-01-09,0.554688
1987-01-12,0.578125
1987-01-13,0.565104
1987-01-14,0.565104
1987-01-15,0.565104
1987-01-16,0.528646
1987-01-19,0.567708
1987-01-20,0.554688
1987-01-21,0.546875
1987-01-22,0.572917
1987-01-23,0.541667
1987-01-26,0.515625
1987-01-27,0.544271
1987-01-28,0.552083
1987-01-29,0.531250
1987-01-30,0.544271
1987-02-02,0.539063
1987-02-03,0.541667
1987-02-04,0.572917
1987-02-05,0.585938
1987-02-06,0.606771
1987-02-09,0.656250
1987-02-10,0.640625
1987-02-11,0.679688
1987-02-12,0.697917
1987-02-13,0.703125
1987-02-17,0.710938
1987-02-18,0.716146
1987-02-19,0.708333
1987-02-20,0.708333
1987-02-23,0.700521
1987-02-24,0.708333
1987-02-25,0.760417
1987-02-26,0.794271
1987-02-27,0.781250
1987-03-02,0.770833
1987-03-03,0.729167
1987-03-04,0.729167
1987-03-05,0.700521
1987-03-06,0.742188
1987-03-09,0.770833
1987-03-10,0.809896
1987-03-11,0.833333
1987-03-12,0.914063
1987-03-13,0.848958
1987-03-16,0.880208
1987-03-17,0.927083
1987-03-18,0.885417
1987-03-19,0.888021
1987-03-20,0.867188
1987-03-23,0.854167
1987-03-24,0.864583
1987-03-25,0.864583
1987-03-26,0.841146
1987-03-27,0.848958
1987-03-30,0.809896
1987-03-31,0.802083
1987-04-01,0.794271
1987-04-02,0.804688
1987-04-03,0.835938
1987-04-06,0.848958
1987-04-07,0.786458
1987-04-08,0.804688
1987-04-09,0.809896
1987-04-10,0.809896
1987-04-13,0.794271
1987-04-14,0.710938
1987-04-15,0.710938
1987-04-16,0.794271
1987-04-20,0.781250
1987-04-21,0.781250
1987-04-22,0.781250
1987-04-23,0.802083
1987-04-24,0.786458
1987-04-27,0.794271
1987-04-28,0.794271
1987-04-29,0.794271
1987-04-30,0.825521
1987-05-01,0.864583
1987-05-04,0.854167
1987-05-05,0.856771
1987-05-06,0.833333
1987-05-07,0.786458
1987-05-08,0.802083
1987-05-11,0.781250
1987-05-12,0.809896
1987-05-13,0.841146
1987-05-14,0.825521
1987-05-15,0.822917
1987-05-18,0.825521
1987-05-19,0.786458
1987-05-20,0.791667
1987-05-21,0.794271
1987-05-22,0.778646
1987-05-26,0.802083
1987-05-27,0.817708
1987-05-28,0.864583
1987-05-29,0.843750
1987-06-01,0.786458
1987-06-02,0.804688
1987-06-03,0.835938
1987-06-04,0.854167
1987-06-05,0.833333
1987-06-08,0.833333
1987-06-09,0.822917
1987-06-10,0.835938
1987-06-11,0.835938
1987-06-12,0.835938
1987-06-15,0.809896
1987-06-16,0.791667
1987-06-17,0.791667
1987-06-18,0.817708
1987-06-19,0.833333
1987-06-22,0.822917
1987-06-23,0.817708
1987-06-24,0.804688
1987-06-25,0.804688
1987-06-26,0.802083
1987-06-29,0.794271
1987-06-30,0.794271
1987-07-01,0.661458
1987-07-02,0.677083
1987-07-06,0.653646
1987-07-07,0.585938
1987-07-08,0.606771
1987-07-09,0.606771
1987-07-10,0.585938
1987-07-13,0.585938
1987-07-14,0.554688
1987-07-15,0.567708
1987-07-16,0.596354
1987-07-17,0.591146
1987-07-20,0.585938
1987-07-21,0.583333
1987-07-22,0.583333
1987-07-23,0.575521
1987-07-24,0.572917
1987-07-27,0.554688
1987-07-28,0.567708
1987-07-29,0.559896
1987-07-30,0.572917
1987-07-31,0.617188
1987-08-03,0.604167
1987-08-04,0.606771
1987-08-05,0.606771
1987-08-06,0.635417
1987-08-07,0.677083
1987-08-10,0.708333
1987-08-11,0.710938
1987-08-12,0.692708
1987-08-13,0.669271
1987-08-14,0.669271
1987-08-17,0.669271
1987-08-18,0.666667
1987-08-19,0.661458
1987-08-20,0.661458
1987-08-21,0.666667
1987-08-24,0.622396
1987-08-25,0.656250
1987-08-26,0.666667
1987-08-27,0.656250
1987-08-28,0.645833
1987-08-31,0.666667
1987-09-01,0.669271
1987-09-02,0.669271
1987-09-03,0.661458
1987-09-04,0.645833
1987-09-08,0.632813
1987-09-09,0.635417
1987-09-10,0.635417
1987-09-11,0.666667
1987-09-14,0.669271
1987-09-15,0.669271
1987-09-16,0.666667
1987-09-17,0.669271
1987-09-18,0.666667
1987-09-21,0.669271
1987-09-22,0.669271
1987-09-23,0.666667
1987-09-24,0.661458
1987-09-25,0.656250
1987-09-28,0.645833
1987-09-29,0.656250
1987-09-30,0.679688
1987-10-01,0.710938
1987-10-02,0.747396
1987-10-05,0.776042
1987-10-06,0.755208
1987-10-07,0.731771
1987-10-08,0.716146
1987-10-09,0.692708
1987-10-12,0.684896
1987-10-13,0.697917
1987-10-14,0.700521
1987-10-15,0.679688
1987-10-16,0.598958
1987-10-19,0.489583
1987-10-20,0.416667
1987-10-21,0.468750
1987-10-22,0.447917
1987-10-23,0.416667
1987-10-26,0.338542
1987-10-27,0.359375
1987-10-28,0.450521
1987-10-29,0.473958
1987-10-30,0.554688
1987-11-02,0.598958
1987-11-03,0.536458
1987-11-04,0.520833
1987-11-05,0.559896
1987-11-06,0.552083
1987-11-09,0.544271
1987-11-10,0.513021
1987-11-11,0.536458
1987-11-12,0.492188
1987-11-13,0.520833
1987-11-16,0.536458
1987-11-17,0.510417
1987-11-18,0.520833
1987-11-19,0.489583
1987-11-20,0.479167
1987-11-23,0.489583
1987-11-24,0.505208
1987-11-25,0.479167
1987-11-27,0.458333
1987-11-30,0.442708
1987-12-01,0.458333
1987-12-02,0.460938
1987-12-03,0.437500
1987-12-04,0.458333
1987-12-07,0.489583
1987-12-08,0.513021
1987-12-09,0.544271
1987-12-10,0.541667
1987-12-11,0.541667
1987-12-14,0.583333
1987-12-15,0.583333
1987-12-16,0.614583
1987-12-17,0.606771
1987-12-18,0.617188
1987-12-21,0.604167
1987-12-22,0.609375
1987-12-23,0.645833
1987-12-24,0.645833
1987-12-28,0.609375
1987-12-29,0.619792
1987-12-30,0.630208
1987-12-31,0.645833
1988-01-04,0.671875
1988-01-05,0.687500
1988-01-06,0.703125
1988-01-07,0.713542
1988-01-08,0.661458
1988-01-11,0.682292
1988-01-12,0.666667
1988-01-13,0.661458
1988-01-14,0.645833
1988-01-15,0.666667
1988-01-18,0.666667
1988-01-19,0.656250
1988-01-20,0.625000
1988-01-21,0.643229
1988-01-22,0.687500
1988-01-25,0.692708
1988-01-26,0.677083
1988-01-27,0.671875
1988-01-28,0.677083
1988-01-29,0.677083
1988-02-01,0.677083
1988-02-02,0.651042
1988-02-03,0.645833
1988-02-04,0.635417
1988-02-05,0.635417
1988-02-08,0.632813
1988-02-09,0.645833
1988-02-10,0.677083
1988-02-11,0.682292
1988-02-12,0.677083
1988-02-16,0.684896
1988-02-17,0.671875
1988-02-18,0.666667
1988-02-19,0.692708
1988-02-22,0.677083
1988-02-23,0.713542
1988-02-24,0.744792
1988-02-25,0.703125
1988-02-26,0.703125
1988-02-29,0.692708
1988-03-01,0.682292
1988-03-02,0.692708
1988-03-03,0.687500
1988-03-04,0.687500
1988-03-07,0.708333
1988-03-08,0.729167
1988-03-09,0.734375
1988-03-10,0.708333
1988-03-11,0.697917
1988-03-14,0.682292
1988-03-15,0.661458
1988-03-16,0.677083
1988-03-17,0.682292
1988-03-18,0.692708
1988-03-21,0.697917
1988-03-22,0.703125
1988-03-23,0.703125
1988-03-24,0.697917
1988-03-25,0.697917
1988-03-28,0.697917
1988-03-29,0.687500
1988-03-30,0.677083
1988-03-31,0.671875
1988-04-04,0.645833
1988-04-05,0.635417
1988-04-06,0.625000
1988-04-07,0.611979
1988-04-08,0.625000
1988-04-11,0.640625
1988-04-12,0.640625
1988-04-13,0.640625
1988-04-14,0.625000
1988-04-15,0.619792
1988-04-18,0.593750
1988-04-19,0.593750
1988-04-20,0.575521
1988-04-21,0.567708
1988-04-22,0.572917
1988-04-25,0.593750
1988-04-26,0.604167
1988-04-27,0.604167
1988-04-28,0.609375
1988-04-29,0.609375
1988-05-02,0.604167
1988-05-03,0.614583
1988-05-04,0.617188
1988-05-05,0.601563
1988-05-06,0.583333
1988-05-09,0.583333
1988-05-10,0.567708
1988-05-11,0.562500
1988-05-12,0.572917
1988-05-13,0.593750
1988-05-16,0.609375
1988-05-17,0.583333
1988-05-18,0.567708
1988-05-19,0.562500
1988-05-20,0.562500
1988-05-23,0.546875
1988-05-24,0.562500
1988-05-25,0.578125
1988-05-26,0.588542
1988-05-27,0.572917
1988-05-31,0.588542
1988-06-01,0.604167
1988-06-02,0.604167
1988-06-03,0.604167
1988-06-06,0.640625
1988-06-07,0.635417
1988-06-08,0.656250
1988-06-09,0.645833
1988-06-10,0.651042
1988-06-13,0.619792
1988-06-14,0.604167
1988-06-15,0.609375
1988-06-16,0.588542
1988-06-17,0.588542
1988-06-20,0.578125
1988-06-21,0.593750
1988-06-22,0.578125
1988-06-23,0.578125
1988-06-24,0.578125
1988-06-27,0.567708
1988-06-28,0.578125
1988-06-29,0.572917
1988-06-30,0.562500
1988-07-01,0.567708
1988-07-05,0.567708
1988-07-06,0.562500
1988-07-07,0.567708
1988-07-08,0.562500
1988-07-11,0.541667
1988-07-12,0.536458
1988-07-13,0.536458
1988-07-14,0.544271
1988-07-15,0.546875
1988-07-18,0.567708
1988-07-19,0.578125
1988-07-20,0.593750
1988-07-21,0.588542
1988-07-22,0.572917
1988-07-25,0.562500
1988-07-26,0.567708
1988-07-27,0.557292
1988-07-28,0.570313
1988-07-29,0.593750
1988-08-01,0.588542
1988-08-02,0.583333
1988-08-03,0.619792
1988-08-04,0.640625
1988-08-05,0.625000
1988-08-08,0.635417
1988-08-09,0.656250
1988-08-10,0.651042
1988-08-11,0.656250
1988-08-12,0.651042
1988-08-15,0.640625
1988-08-16,0.640625
1988-08-17,0.625000
1988-08-18,0.635417
1988-08-19,0.645833
1988-08-22,0.630208
1988-08-23,0.640625
1988-08-24,0.645833
1988-08-25,0.640625
1988-08-26,0.640625
1988-08-29,0.666667
1988-08-30,0.656250
1988-08-31,0.656250
1988-09-01,0.635417
1988-09-02,0.640625
1988-09-06,0.645833
1988-09-07,0.640625
1988-09-08,0.651042
1988-09-09,0.640625
1988-09-12,0.645833
1988-09-13,0.651042
1988-09-14,0.661458
1988-09-15,0.651042
1988-09-16,0.645833
1988-09-19,0.635417
1988-09-20,0.638021
1988-09-21,0.630208
1988-09-22,0.630208
1988-09-23,0.645833
1988-09-26,0.635417
1988-09-27,0.630208
1988-09-28,0.640625
1988-09-29,0.677083
1988-09-30,0.682292
1988-10-03,0.682292
1988-10-04,0.692708
1988-10-05,0.687500
1988-10-06,0.666667
1988-10-07,0.651042
1988-10-10,0.648438
1988-10-11,0.651042
1988-10-12,0.651042
1988-10-13,0.656250
1988-10-14,0.656250
1988-10-17,0.661458
1988-10-18,0.661458
1988-10-19,0.661458
1988-10-20,0.671875
1988-10-21,0.677083
1988-10-24,0.671875
1988-10-25,0.656250
1988-10-26,0.651042
1988-10-27,0.651042
1988-10-28,0.661458
1988-10-31,0.661458
1988-11-01,0.658854
1988-11-02,0.645833
1988-11-03,0.630208
1988-11-04,0.619792
1988-11-07,0.604167
1988-11-08,0.593750
1988-11-09,0.604167
1988-11-10,0.614583
1988-11-11,0.614583
1988-11-14,0.614583
1988-11-15,0.598958
1988-11-16,0.580729
1988-11-17,0.588542
1988-11-18,0.583333
1988-11-21,0.578125
1988-11-22,0.609375
1988-11-23,0.604167
1988-11-25,0.604167
1988-11-28,0.651042
1988-11-29,0.645833
1988-11-30,0.656250
1988-12-01,0.656250
1988-12-02,0.687500
1988-12-05,0.687500
1988-12-06,0.656250
1988-12-07,0.640625
1988-12-08,0.651042
1988-12-09,0.671875
1988-12-12,0.666667
1988-12-13,0.671875
1988-12-14,0.671875
1988-12-15,0.682292
1988-12-16,0.692708
1988-12-19,0.684896
1988-12-20,0.687500
1988-12-21,0.687500
1988-12-22,0.690104
1988-12-23,0.695313
1988-12-27,0.687500
1988-12-28,0.682292
1988-12-29,0.682292
1988-12-30,0.703125
1989-01-03,0.666667
1989-01-04,0.690104
1989-01-05,0.697917
1989-01-06,0.692708
1989-01-09,0.677083
1989-01-10,0.684896
1989-01-11,0.687500
1989-01-12,0.664063
1989-01-13,0.664063
1989-01-16,0.666667
1989-01-17,0.674479
1989-01-18,0.682292
1989-01-19,0.708333
1989-01-20,0.739583
1989-01-23,0.729167
1989-01-24,0.765625
1989-01-25,0.786458
1989-01-26,0.799479
1989-01-27,0.770833
1989-01-30,0.770833
1989-01-31,0.786458
1989-02-01,0.786458
1989-02-02,0.791667
1989-02-03,0.776042
1989-02-06,0.776042
1989-02-07,0.817708
1989-02-08,0.796875
1989-02-09,0.812500
1989-02-10,0.807292
1989-02-13,0.812500
1989-02-14,0.765625
1989-02-15,0.802083
1989-02-16,0.802083
1989-02-17,0.804688
1989-02-21,0.802083
1989-02-22,0.781250
1989-02-23,0.781250
1989-02-24,0.776042
1989-02-27,0.781250
1989-02-28,0.786458
1989-03-01,0.776042
1989-03-02,0.781250
1989-03-03,0.791667
1989-03-06,0.807292
1989-03-07,0.812500
1989-03-08,0.848958
1989-03-09,0.872396
1989-03-10,0.864583
1989-03-13,0.854167
1989-03-14,0.843750
1989-03-15,0.843750
1989-03-16,0.880208
1989-03-17,0.869792
1989-03-20,0.869792
1989-03-21,0.875000
1989-03-22,0.885417
1989-03-23,0.921875
1989-03-27,0.833333
1989-03-28,0.838542
1989-03-29,0.833333
1989-03-30,0.877604
1989-03-31,0.854167
1989-04-03,0.875000
1989-04-04,0.895833
1989-04-05,0.901042
1989-04-06,0.895833
1989-04-07,0.885417
1989-04-10,0.848958
1989-04-11,0.830729
1989-04-12,0.828125
1989-04-13,0.815104
1989-04-14,0.838542
1989-04-17,0.848958
1989-04-18,0.807292
1989-04-19,0.812500
1989-04-20,0.833333
1989-04-21,0.817708
1989-04-24,0.807292
1989-04-25,0.807292
1989-04-26,0.812500
1989-04-27,0.822917
1989-04-28,0.833333
1989-05-01,0.838542
1989-05-02,0.835938
1989-05-03,0.825521
1989-05-04,0.833333
1989-05-05,0.812500
1989-05-08,0.783854
1989-05-09,0.755208
1989-05-10,0.770833
1989-05-11,0.833333
1989-05-12,0.833333
1989-05-15,0.822917
1989-05-16,0.815104
1989-05-17,0.802083
1989-05-18,0.802083
1989-05-19,0.796875
1989-05-22,0.773438
1989-05-23,0.770833
1989-05-24,0.822917
1989-05-25,0.812500
1989-05-26,0.807292
1989-05-30,0.802083
1989-05-31,0.835938
1989-06-01,0.854167
1989-06-02,0.932292
1989-06-05,0.968750
1989-06-06,0.968750
1989-06-07,0.932292
1989-06-08,0.968750
1989-06-09,0.953125
1989-06-12,0.963542
1989-06-13,0.966146
1989-06-14,0.947917
1989-06-15,0.911458
1989-06-16,0.932292
1989-06-19,0.911458
1989-06-20,0.898438
1989-06-21,0.895833
1989-06-22,0.906250
1989-06-23,0.942708
1989-06-26,0.916667
1989-06-27,0.927083
1989-06-28,0.937500
1989-06-29,0.911458
1989-06-30,0.901042
1989-07-03,0.901042
1989-07-05,0.921875
1989-07-06,0.916667
1989-07-07,0.945313
1989-07-10,0.958333
1989-07-11,0.958333
1989-07-12,0.958333
1989-07-13,0.958333
1989-07-14,0.963542
1989-07-17,0.947917
1989-07-18,0.958333
1989-07-19,0.942708
1989-07-20,0.932292
1989-07-21,0.937500
1989-07-24,0.921875
1989-07-25,0.921875
1989-07-26,0.921875
1989-07-27,0.916667
1989-07-28,0.916667
1989-07-31,0.906250
1989-08-01,0.901042
1989-08-02,0.898438
1989-08-03,0.890625
1989-08-04,0.875000
1989-08-07,0.875000
1989-08-08,0.854167
1989-08-09,0.833333
1989-08-10,0.809896
1989-08-11,0.822917
1989-08-14,0.833333
1989-08-15,0.833333
1989-08-16,0.817708
1989-08-17,0.802083
1989-08-18,0.812500
1989-08-21,0.796875
1989-08-22,0.802083
1989-08-23,0.822917
1989-08-24,0.833333
1989-08-25,0.838542
1989-08-28,0.828125
1989-08-29,0.812500
1989-08-30,0.809896
1989-08-31,0.812500
1989-09-01,0.825521
1989-09-05,0.859375
1989-09-06,0.859375
1989-09-07,0.864583
1989-09-08,0.890625
1989-09-11,0.895833
1989-09-12,0.885417
1989-09-13,0.848958
1989-09-14,0.843750
1989-09-15,0.848958
1989-09-18,0.895833
1989-09-19,0.880208
1989-09-20,0.895833
1989-09-21,0.895833
1989-09-22,0.895833
1989-09-25,0.916667
1989-09-26,0.895833
1989-09-27,0.880208
1989-09-28,0.880208
1989-09-29,0.875000
1989-10-02,0.885417
1989-10-03,0.916667
1989-10-04,0.942708
1989-10-05,0.958333
1989-10-06,0.971354
1989-10-09,0.973958
1989-10-10,0.994792
1989-10-11,1.036458
1989-10-12,1.052083
1989-10-13,0.973958
1989-10-16,1.015625
1989-10-17,1.026042
1989-10-18,1.057292
1989-10-19,1.098958
1989-10-20,1.093750
1989-10-23,1.140625
1989-10-24,1.135417
1989-10-25,1.166667
1989-10-26,1.166667
1989-10-27,1.125000
1989-10-30,1.161458
1989-10-31,1.197917
1989-11-01,1.187500
1989-11-02,1.177083
1989-11-03,1.187500
1989-11-06,1.171875
1989-11-07,1.197917
1989-11-08,1.218750
1989-11-09,1.223958
1989-11-10,1.223958
1989-11-13,1.216146
1989-11-14,1.197917
1989-11-15,1.229167
1989-11-16,1.250000
1989-11-17,1.244792
1989-11-20,1.203125
1989-11-21,1.195313
1989-11-22,1.203125
1989-11-24,1.218750
1989-11-27,1.213542
1989-11-28,1.221354
1989-11-29,1.192708
1989-11-30,1.166667
1989-12-01,1.138021
1989-12-04,1.177083
1989-12-05,1.197917
1989-12-06,1.208333
1989-12-07,1.239583
1989-12-08,1.203125
1989-12-11,1.187500
1989-12-12,1.197917
1989-12-13,1.190104
1989-12-14,1.177083
1989-12-15,1.156250
1989-12-18,1.065104
1989-12-19,1.062500
1989-12-20,1.046875
1989-12-21,1.072917
1989-12-22,1.093750
1989-12-26,1.078125
1989-12-27,1.062500
1989-12-28,1.007813
1989-12-29,1.020833
1990-01-02,1.072917
1990-01-03,1.098958
1990-01-04,1.119792
1990-01-05,1.135417
1990-01-08,1.132813
1990-01-09,1.109375
1990-01-10,1.114583
1990-01-11,1.091146
1990-01-12,1.072917
1990-01-15,1.078125
1990-01-16,1.109375
1990-01-17,1.106771
1990-01-18,1.088542
1990-01-19,1.098958
1990-01-22,1.067708
1990-01-23,1.078125
1990-01-24,1.080729
1990-01-25,1.093750
1990-01-26,1.078125
1990-01-29,1.078125
1990-01-30,0.984375
1990-01-31,0.973958
1990-02-01,0.932292
1990-02-02,1.010417
1990-02-05,1.036458
1990-02-06,1.010417
1990-02-07,1.067708
1990-02-08,1.106771
1990-02-09,1.088542
1990-02-12,1.093750
1990-02-13,1.083333
1990-02-14,1.083333
1990-02-15,1.156250
1990-02-16,1.156250
1990-02-20,1.171875
1990-02-21,1.190104
1990-02-22,1.161458
1990-02-23,1.153646
1990-02-26,1.177083
1990-02-27,1.197917
1990-02-28,1.197917
1990-03-01,1.177083
1990-03-02,1.197917
1990-03-05,1.208333
1990-03-06,1.234375
1990-03-07,1.208333
1990-03-08,1.197917
1990-03-09,1.171875
1990-03-12,1.229167
1990-03-13,1.239583
1990-03-14,1.234375
1990-03-15,1.260417
1990-03-16,1.250000
1990-03-19,1.286458
1990-03-20,1.286458
1990-03-21,1.270833
1990-03-22,1.270833
1990-03-23,1.276042
1990-03-26,1.265625
1990-03-27,1.289063
1990-03-28,1.270833
1990-03-29,1.268229
1990-03-30,1.286458
1990-04-02,1.291667
1990-04-03,1.322917
1990-04-04,1.302083
1990-04-05,1.317708
1990-04-06,1.286458
1990-04-09,1.255208
1990-04-10,1.270833
1990-04-11,1.255208
1990-04-12,1.281250
1990-04-16,1.283854
1990-04-17,1.257813
1990-04-18,1.302083
1990-04-19,1.328125
1990-04-20,1.317708
1990-04-23,1.296875
1990-04-24,1.281250
1990-04-25,1.302083
1990-04-26,1.322917
1990-04-27,1.286458
1990-04-30,1.333333
1990-05-01,1.361979
1990-05-02,1.348958
1990-05-03,1.343750
1990-05-04,1.343750
1990-05-07,1.367188
1990-05-08,1.338542
1990-05-09,1.328125
1990-05-10,1.328125
1990-05-11,1.348958
1990-05-14,1.364583
1990-05-15,1.390625
1990-05-16,1.411458
1990-05-17,1.416667
1990-05-18,1.442708
1990-05-21,1.520833
1990-05-22,1.484375
1990-05-23,1.541667
1990-05-24,1.562500
1990-05-25,1.554688
1990-05-29,1.562500
1990-05-30,1.515625
1990-05-31,1.460938
1990-06-01,1.526042
1990-06-04,1.572917
1990-06-05,1.523438
1990-06-06,1.526042
1990-06-07,1.489583
1990-06-08,1.447917
1990-06-11,1.468750
1990-06-12,1.510417
1990-06-13,1.541667
1990-06-14,1.565104
1990-06-15,1.567708
1990-06-18,1.552083
1990-06-19,1.567708
1990-06-20,1.572917
1990-06-21,1.593750
1990-06-22,1.557292
1990-06-25,1.557292
1990-06-26,1.520833
1990-06-27,1.557292
1990-06-28,1.614583
1990-06-29,1.619792
1990-07-02,1.625000
1990-07-03,1.619792
1990-07-05,1.625000
1990-07-06,1.661458
1990-07-09,1.692708
1990-07-10,1.661458
1990-07-11,1.682292
1990-07-12,1.713542
1990-07-13,1.718750
1990-07-16,1.726563
1990-07-17,1.729167
1990-07-18,1.723958
1990-07-19,1.744792
1990-07-20,1.765625
1990-07-23,1.781250
1990-07-24,1.822917
1990-07-25,1.885417
1990-07-26,1.906250
1990-07-27,1.835938
1990-07-30,1.825521
1990-07-31,1.796875
1990-08-01,1.848958
1990-08-02,1.854167
1990-08-03,1.786458
1990-08-06,1.697917
1990-08-07,1.671875
1990-08-08,1.718750
1990-08-09,1.812500
1990-08-10,1.833333
1990-08-13,1.958333
1990-08-14,2.000000
1990-08-15,2.031250
1990-08-16,1.947917
1990-08-17,1.906250
1990-08-20,1.848958
1990-08-21,1.802083
1990-08-22,1.781250
1990-08-23,1.723958
1990-08-24,1.833333
1990-08-27,1.911458
1990-08-28,1.916667
1990-08-29,1.895833
1990-08-30,1.864583
1990-08-31,1.885417
1990-09-04,1.901042
1990-09-05,1.895833
1990-09-06,1.833333
1990-09-07,1.864583
1990-09-10,1.916667
1990-09-11,1.921875
1990-09-12,2.000000
1990-09-13,2.020833
1990-09-14,2.041667
1990-09-17,2.062500
1990-09-18,2.062500
1990-09-19,2.031250
1990-09-20,2.000000
1990-09-21,1.984375
1990-09-24,1.953125
1990-09-25,2.046875
1990-09-26,2.026042
1990-09-27,1.927083
1990-09-28,1.864583
1990-10-01,1.937500
1990-10-02,1.953125
1990-10-03,1.901042
1990-10-04,1.864583
1990-10-05,1.864583
1990-10-08,1.906250
1990-10-09,1.843750
1990-10-10,1.822917
1990-10-11,1.770833
1990-10-12,1.750000
1990-10-15,1.812500
1990-10-16,1.812500
1990-10-17,1.812500
1990-10-18,1.859375
1990-10-19,1.822917
1990-10-22,1.911458
1990-10-23,1.906250
1990-10-24,1.968750
1990-10-25,1.942708
1990-10-26,1.906250
1990-10-29,1.859375
1990-10-30,1.947917
1990-10-31,1.968750
1990-11-01,1.989583
1990-11-02,1.994792
1990-11-05,2.020833
1990-11-06,2.031250
1990-11-07,2.000000
1990-11-08,2.000000
1990-11-09,2.041667
1990-11-12,2.093750
1990-11-13,2.145833
1990-11-14,2.197917
1990-11-15,2.177083
1990-11-16,2.197917
1990-11-19,2.312500
1990-11-20,2.244792
1990-11-21,2.229167
1990-11-23,2.229167
1990-11-26,2.276042
1990-11-27,2.364583
1990-11-28,2.375000
1990-11-29,2.406250
1990-11-30,2.416667
1990-12-03,2.307292
1990-12-04,2.364583
1990-12-05,2.333333
1990-12-06,2.239583
1990-12-07,2.260417
1990-12-10,2.364583
1990-12-11,2.401042
1990-12-12,2.270833
1990-12-13,2.354167
1990-12-14,2.468750
1990-12-17,2.572917
1990-12-18,2.640625
1990-12-19,2.593750
1990-12-20,2.552083
1990-12-21,2.583333
1990-12-24,2.583333
1990-12-26,2.541667
1990-12-27,2.520833
1990-12-28,2.552083
1990-12-31,2.593750
1991-01-02,2.656250
1991-01-03,2.505208
1991-01-04,2.500000
1991-01-07,2.406250
1991-01-08,2.447917
1991-01-09,2.432292
1991-01-10,2.520833
1991-01-11,2.510417
1991-01-14,2.489583
1991-01-15,2.510417
1991-01-16,2.614583
1991-01-17,2.729167
1991-01-18,2.744792
1991-01-21,2.906250
1991-01-22,2.864583
1991-01-23,2.947917
1991-01-24,3.010417
1991-01-25,3.005208
1991-01-28,3.000000
1991-01-29,3.078125
1991-01-30,3.078125
1991-01-31,3.072917
1991-02-01,3.166667
1991-02-04,3.312500
1991-02-05,3.458333
1991-02-06,3.458333
1991-02-07,3.338542
1991-02-08,3.291667
1991-02-11,3.239583
1991-02-12,3.260417
1991-02-13,3.375000
1991-02-14,3.458333
1991-02-15,3.536458
1991-02-19,3.588542
1991-02-20,3.697917
1991-02-21,3.979167
1991-02-22,4.239583
1991-02-25,4.119792
1991-02-26,4.062500
1991-02-27,3.885417
1991-02-28,3.802083
1991-03-01,3.963542
1991-03-04,4.041667
1991-03-05,4.208333
1991-03-06,4.708333
1991-03-07,5.380208
1991-03-08,5.260417
1991-03-11,5.145833
1991-03-12,4.875000
1991-03-13,5.125000
1991-03-14,5.208333
1991-03-15,5.093750
1991-03-18,5.026042
1991-03-19,5.145833
1991-03-20,5.208333
1991-03-21,5.093750
1991-03-22,5.000000
1991-03-25,5.281250
1991-03-26,5.416667
1991-03-27,5.510417
1991-03-28,5.468750
1991-04-01,5.364583
1991-04-02,5.479167
1991-04-03,5.427083
1991-04-04,5.458333
1991-04-05,5.406250
1991-04-08,5.364583
1991-04-09,5.270833
1991-04-10,5.177083
1991-04-11,5.416667
1991-04-12,5.562500
1991-04-15,5.500000
1991-04-16,5.562500
1991-04-17,5.500000
1991-04-18,5.375000
1991-04-19,5.312500
1991-04-22,5.520833
1991-04-23,5.510417
1991-04-24,5.583333
1991-04-25,5.604167
1991-04-26,5.583333
1991-04-29,5.489583
1991-04-30,5.281250
1991-05-01,5.385417
1991-05-02,5.572917
1991-05-03,5.541667
1991-05-06,5.416667
1991-05-07,5.322917
1991-05-08,5.281250
1991-05-09,5.385417
1991-05-10,5.260417
1991-05-13,5.062500
1991-05-14,4.906250
1991-05-15,4.833333
1991-05-16,4.979167
1991-05-17,5.114583
1991-05-20,5.114583
1991-05-21,5.145833
1991-05-22,5.072917
1991-05-23,5.187500
1991-05-24,5.229167
1991-05-28,5.406250
1991-05-29,5.458333
1991-05-30,5.276042
1991-05-31,5.093750
1991-06-03,5.062500
1991-06-04,5.098958
1991-06-05,5.072917
1991-06-06,4.875000
1991-06-07,4.911458
1991-06-10,5.000000
1991-06-11,4.968750
1991-06-12,4.822917
1991-06-13,4.791667
1991-06-14,4.916667
1991-06-17,4.947917
1991-06-18,4.885417
1991-06-19,4.828125
1991-06-20,4.895833
1991-06-21,4.895833
1991-06-24,4.750000
1991-06-25,4.541667
1991-06-26,4.614583
1991-06-27,4.906250
1991-06-28,4.911458
1991-07-01,4.875000
1991-07-02,4.838542
1991-07-03,4.781250
1991-07-05,4.843750
1991-07-08,5.083333
1991-07-09,5.093750
1991-07-10,5.177083
1991-07-11,5.239583
1991-07-12,5.322917
1991-07-15,5.468750
1991-07-16,5.447917
1991-07-17,5.500000
1991-07-18,5.614583
1991-07-19,5.770833
1991-07-22,5.781250
1991-07-23,5.885417
1991-07-24,5.812500
1991-07-25,5.739583
1991-07-26,5.864583
1991-07-29,6.031250
1991-07-30,6.208333
1991-07-31,6.166667
1991-08-01,6.093750
1991-08-02,6.114583
1991-08-05,6.052083
1991-08-06,5.947917
1991-08-07,6.041667
1991-08-08,6.114583
1991-08-09,6.093750
1991-08-12,6.104167
1991-08-13,6.218750
1991-08-14,6.239583
1991-08-15,6.125000
1991-08-16,6.083333
1991-08-19,5.968750
1991-08-20,6.072917
1991-08-21,6.354167
1991-08-22,6.302083
1991-08-23,6.270833
1991-08-26,6.380208
1991-08-27,6.447917
1991-08-28,6.781250
1991-08-29,6.635417
1991-08-30,6.656250
1991-09-03,6.552083
1991-09-04,6.531250
1991-09-05,6.604167
1991-09-06,6.572917
1991-09-09,6.791667
1991-09-10,6.682292
1991-09-11,6.953125
1991-09-12,7.250000
1991-09-13,6.953125
1991-09-16,7.000000
1991-09-17,6.890625
1991-09-18,6.906250
1991-09-19,7.125000
1991-09-20,7.281250
1991-09-23,7.109375
1991-09-24,6.984375
1991-09-25,7.031250
1991-09-26,6.906250
1991-09-27,6.812500
1991-09-30,6.906250
1991-10-01,7.000000
1991-10-02,6.968750
1991-10-03,6.687500
1991-10-04,6.609375
1991-10-07,6.859375
1991-10-08,6.968750
1991-10-09,6.906250
1991-10-10,6.968750
1991-10-11,7.062500
1991-10-14,7.343750
1991-10-15,7.718750
1991-10-16,7.843750
1991-10-17,7.765625
1991-10-18,7.531250
1991-10-21,7.515625
1991-10-22,7.687500
1991-10-23,7.875000
1991-10-24,7.640625
1991-10-25,7.375000
1991-10-28,7.328125
1991-10-29,7.437500
1991-10-30,7.562500
1991-10-31,7.500000
1991-11-01,7.281250
1991-11-04,7.093750
1991-11-05,7.156250
1991-11-06,7.062500
1991-11-07,6.937500
1991-11-08,7.187500
1991-11-11,7.375000
1991-11-12,7.421875
1991-11-13,7.359375
1991-11-14,7.187500
1991-11-15,6.500000
1991-11-18,6.875000
1991-11-19,7.031250
1991-11-20,7.093750
1991-11-21,6.968750
1991-11-22,6.906250
1991-11-25,6.843750
1991-11-26,6.937500
1991-11-27,6.968750
1991-11-29,7.000000
1991-12-02,7.468750
1991-12-03,7.218750
1991-12-04,7.375000
1991-12-05,7.484375
1991-12-06,7.781250
1991-12-09,7.781250
1991-12-10,7.750000
1991-12-11,7.625000
1991-12-12,7.671875
1991-12-13,7.828125
1991-12-16,7.781250
1991-12-17,7.562500
1991-12-18,7.406250
1991-12-19,7.281250
1991-12-20,7.531250
1991-12-23,7.562500
1991-12-24,7.625000
1991-12-26,7.906250
1991-12-27,8.187500
1991-12-30,8.671875
1991-12-31,9.468750
1992-01-02,9.343750
1992-01-03,9.343750
1992-01-06,9.218750
1992-01-07,9.203125
1992-01-08,9.328125
1992-01-09,9.375000
1992-01-10,9.468750
1992-01-13,9.593750
1992-01-14,9.687500
1992-01-15,9.125000
1992-01-16,8.578125
1992-01-17,8.750000
1992-01-20,8.468750
1992-01-21,8.281250
1992-01-22,8.875000
1992-01-23,8.843750
1992-01-24,8.781250
1992-01-27,8.375000
1992-01-28,8.406250
1992-01-29,8.437500
1992-01-30,8.968750
1992-01-31,8.812500
1992-02-03,8.718750
1992-02-04,8.875000
1992-02-05,8.828125
1992-02-06,8.687500
1992-02-07,8.484375
1992-02-10,8.281250
1992-02-11,8.125000
1992-02-12,8.515625
1992-02-13,8.343750
1992-02-14,8.156250
1992-02-18,7.781250
1992-02-19,7.875000
1992-02-20,8.062500
1992-02-21,7.875000
1992-02-24,7.843750
1992-02-25,7.937500
1992-02-26,8.328125
1992-02-27,8.234375
1992-02-28,8.156250
1992-03-02,8.343750
1992-03-03,8.265625
1992-03-04,8.031250
1992-03-05,7.796875
1992-03-06,7.625000
1992-03-09,7.781250
1992-03-10,8.171875
1992-03-11,8.031250
1992-03-12,7.875000
1992-03-13,8.031250
1992-03-16,7.968750
1992-03-17,8.062500
1992-03-18,8.093750
1992-03-19,7.984375
1992-03-20,7.828125
1992-03-23,7.921875
1992-03-24,7.875000
1992-03-25,7.968750
1992-03-26,7.812500
1992-03-27,7.687500
1992-03-30,7.796875
1992-03-31,7.812500
1992-04-01,7.781250
1992-04-02,7.437500
1992-04-03,7.500000
1992-04-06,7.562500
1992-04-07,7.328125
1992-04-08,7.156250
1992-04-09,7.484375
1992-04-10,7.375000
1992-04-13,7.500000
1992-04-14,7.625000
1992-04-15,7.421875
1992-04-16,7.125000
1992-04-20,6.812500
1992-04-21,7.171875
1992-04-22,6.875000
1992-04-23,6.625000
1992-04-24,6.453125
1992-04-27,6.437500
1992-04-28,6.250000
1992-04-29,6.750000
1992-04-30,7.000000
1992-05-01,6.843750
1992-05-04,7.000000
1992-05-05,7.078125
1992-05-06,7.125000
1992-05-07,6.875000
1992-05-08,6.828125
1992-05-11,6.640625
1992-05-12,6.656250
1992-05-13,6.875000
1992-05-14,6.718750
1992-05-15,6.843750
1992-05-18,6.812500
1992-05-19,7.046875
1992-05-20,7.156250
1992-05-21,7.375000
1992-05-22,7.359375
1992-05-26,7.218750
1992-05-27,7.359375
1992-05-28,7.625000
1992-05-29,7.625000
1992-06-01,7.593750
1992-06-02,7.515625
1992-06-03,7.609375
1992-06-04,7.562500
1992-06-05,7.515625
1992-06-08,7.265625
1992-06-09,6.968750
1992-06-10,6.875000
1992-06-11,7.031250
1992-06-12,7.062500
1992-06-15,7.109375
1992-06-16,7.031250
1992-06-17,6.843750
1992-06-18,6.781250
1992-06-19,6.812500
1992-06-22,7.000000
1992-06-23,7.125000
1992-06-24,7.046875
1992-06-25,7.093750
1992-06-26,7.187500
1992-06-29,7.625000
1992-06-30,7.609375
1992-07-01,7.625000
1992-07-02,7.703125
1992-07-06,7.906250
1992-07-07,7.843750
1992-07-08,7.718750
1992-07-09,7.875000
1992-07-10,7.812500
1992-07-13,7.937500
1992-07-14,8.000000
1992-07-15,8.015625
1992-07-16,7.968750
1992-07-17,7.875000
1992-07-20,7.781250
1992-07-21,7.750000
1992-07-22,8.125000
1992-07-23,8.046875
1992-07-24,7.890625
1992-07-27,8.046875
1992-07-28,8.140625
1992-07-29,8.203125
1992-07-30,8.156250
1992-07-31,8.187500
1992-08-03,8.375000
1992-08-04,8.406250
1992-08-05,8.281250
1992-08-06,8.234375
1992-08-07,8.296875
1992-08-10,8.171875
1992-08-11,8.125000
1992-08-12,8.031250
1992-08-13,7.906250
1992-08-14,7.718750
1992-08-17,8.000000
1992-08-18,7.937500
1992-08-19,7.968750
1992-08-20,8.093750
1992-08-21,8.046875
1992-08-24,7.781250
1992-08-25,7.859375
1992-08-26,8.062500
1992-08-27,8.140625
1992-08-28,8.015625
1992-08-31,7.921875
1992-09-01,8.062500
1992-09-02,8.125000
1992-09-03,8.187500
1992-09-04,8.062500
1992-09-08,8.046875
1992-09-09,8.031250
1992-09-10,8.187500
1992-09-11,8.250000
1992-09-14,8.593750
1992-09-15,8.484375
1992-09-16,8.468750
1992-09-17,8.312500
1992-09-18,8.468750
1992-09-21,8.656250
1992-09-22,8.437500
1992-09-23,8.437500
1992-09-24,8.390625
1992-09-25,7.984375
1992-09-28,7.812500
1992-09-29,7.781250
1992-09-30,7.843750
1992-10-01,7.656250
1992-10-02,7.500000
1992-10-05,7.437500
1992-10-06,7.593750
1992-10-07,7.328125
1992-10-08,7.437500
1992-10-09,7.171875
1992-10-12,7.281250
1992-10-13,7.203125
1992-10-14,7.281250
1992-10-15,7.578125
1992-10-16,7.750000
1992-10-19,8.015625
1992-10-20,8.312500
1992-10-21,8.312500
1992-10-22,8.187500
1992-10-23,8.171875
1992-10-26,8.296875
1992-10-27,8.218750
1992-10-28,8.187500
1992-10-29,8.375000
1992-10-30,8.343750
1992-11-02,8.343750
1992-11-03,8.218750
1992-11-04,8.078125
1992-11-05,8.234375
1992-11-06,8.281250
1992-11-09,8.609375
1992-11-10,8.843750
1992-11-11,9.109375
1992-11-12,9.078125
1992-11-13,9.203125
1992-11-16,9.281250
1992-11-17,9.093750
1992-11-18,9.343750
1992-11-19,9.343750
1992-11-20,9.312500
1992-11-23,9.375000
1992-11-24,9.703125
1992-11-25,9.640625
1992-11-27,9.656250
1992-11-30,9.593750
1992-12-01,9.718750
1992-12-02,9.640625
1992-12-03,9.500000
1992-12-04,9.234375
1992-12-07,9.375000
1992-12-08,9.375000
1992-12-09,9.093750
1992-12-10,8.875000
1992-12-11,9.093750
1992-12-14,9.000000
1992-12-15,8.906250
1992-12-16,9.078125
1992-12-17,9.203125
1992-12-18,9.187500
1992-12-21,9.218750
1992-12-22,9.031250
1992-12-23,8.843750
1992-12-24,8.875000
1992-12-28,8.968750
1992-12-29,8.906250
1992-12-30,8.906250
1992-12-31,8.828125
1993-01-04,8.828125
1993-01-05,8.468750
1993-01-06,8.406250
1993-01-07,8.468750
1993-01-08,8.687500
1993-01-11,8.781250
1993-01-12,8.656250
1993-01-13,8.843750
1993-01-14,8.734375
1993-01-15,8.750000
1993-01-18,8.453125
1993-01-19,8.125000
1993-01-20,8.437500
1993-01-21,8.515625
1993-01-22,8.281250
1993-01-25,8.250000
1993-01-26,7.968750
1993-01-27,7.500000
1993-01-28,7.375000
1993-01-29,7.750000
1993-02-01,7.500000
1993-02-02,7.375000
1993-02-03,7.156250
1993-02-04,7.468750
1993-02-05,6.734375
1993-02-08,6.218750
1993-02-09,6.546875
1993-02-10,6.843750
1993-02-11,6.812500
1993-02-12,6.734375
1993-02-16,6.234375
1993-02-17,6.031250
1993-02-18,6.140625
1993-02-19,5.625000
1993-02-22,5.187500
1993-02-23,5.437500
1993-02-24,5.781250
1993-02-25,4.625000
1993-02-26,4.531250
1993-03-01,4.703125
1993-03-02,4.687500
1993-03-03,4.593750
1993-03-04,4.359375
1993-03-05,4.156250
1993-03-08,4.125000
1993-03-09,4.156250
1993-03-10,4.250000
1993-03-11,4.328125
1993-03-12,4.453125
1993-03-15,4.562500
1993-03-16,4.375000
1993-03-17,4.328125
1993-03-18,4.250000
1993-03-19,4.125000
1993-03-22,4.375000
1993-03-23,4.500000
1993-03-24,4.343750
1993-03-25,4.359375
1993-03-26,4.312500
1993-03-29,4.375000
1993-03-30,4.625000
1993-03-31,4.718750
1993-04-01,4.625000
1993-04-02,4.500000
1993-04-05,4.625000
1993-04-06,4.531250
1993-04-07,4.500000
1993-04-08,4.453125
1993-04-12,4.718750
1993-04-13,4.656250
1993-04-14,4.750000
1993-04-15,4.750000
1993-04-16,4.656250
1993-04-19,4.890625
1993-04-20,5.125000
1993-04-21,4.906250
1993-04-22,4.906250
1993-04-23,4.968750
1993-04-26,4.765625
1993-04-27,5.125000
1993-04-28,5.062500
1993-04-29,5.015625
1993-04-30,5.000000
1993-05-03,5.093750
1993-05-04,5.078125
1993-05-05,5.312500
1993-05-06,5.187500
1993-05-07,5.187500
1993-05-10,5.187500
1993-05-11,5.187500
1993-05-12,5.125000
1993-05-13,5.000000
1993-05-14,5.203125
1993-05-17,4.812500
1993-05-18,4.781250
1993-05-19,4.765625
1993-05-20,4.875000
1993-05-21,4.812500
1993-05-24,4.531250
1993-05-25,4.437500
1993-05-26,4.500000
1993-05-27,4.421875
1993-05-28,4.437500
1993-06-01,4.531250
1993-06-02,4.390625
1993-06-03,4.328125
1993-06-04,4.156250
1993-06-07,4.015625
1993-06-08,4.187500
1993-06-09,4.218750
1993-06-10,4.328125
1993-06-11,4.390625
1993-06-14,4.359375
1993-06-15,4.500000
1993-06-16,4.515625
1993-06-17,4.468750
1993-06-18,4.343750
1993-06-21,4.343750
1993-06-22,4.375000
1993-06-23,4.515625
1993-06-24,4.578125
1993-06-25,4.640625
1993-06-28,4.718750
1993-06-29,4.468750
1993-06-30,4.562500
1993-07-01,4.484375
1993-07-02,4.421875
1993-07-06,4.406250
1993-07-07,4.500000
1993-07-08,4.437500
1993-07-09,4.468750
1993-07-12,4.437500
1993-07-13,4.406250
1993-07-14,4.437500
1993-07-15,4.375000
1993-07-16,4.328125
1993-07-19,4.312500
1993-07-20,4.406250
1993-07-21,4.312500
1993-07-22,4.312500
1993-07-23,4.515625
1993-07-26,4.531250
1993-07-27,4.531250
1993-07-28,4.500000
1993-07-29,4.500000
1993-07-30,4.375000
1993-08-02,4.343750
1993-08-03,4.375000
1993-08-04,4.390625
1993-08-05,4.375000
1993-08-06,4.375000
1993-08-09,4.015625
1993-08-10,4.078125
1993-08-11,4.000000
1993-08-12,3.937500
1993-08-13,3.937500
1993-08-16,4.187500
1993-08-17,4.343750
1993-08-18,4.453125
1993-08-19,4.500000
1993-08-20,4.390625
1993-08-23,4.375000
1993-08-24,4.421875
1993-08-25,4.359375
1993-08-26,4.343750
1993-08-27,4.500000
1993-08-30,4.578125
1993-08-31,4.625000
1993-09-01,4.687500
1993-09-02,4.890625
1993-09-03,4.859375
1993-09-07,4.718750
1993-09-08,4.609375
1993-09-09,4.625000
1993-09-10,4.562500
1993-09-13,4.531250
1993-09-14,4.625000
1993-09-15,4.812500
1993-09-16,4.812500
1993-09-17,4.781250
1993-09-20,4.750000
1993-09-21,4.765625
1993-09-22,4.890625
1993-09-23,5.203125
1993-09-24,4.968750
1993-09-27,4.781250
1993-09-28,4.671875
1993-09-29,4.750000
1993-09-30,4.828125
1993-10-01,4.984375
1993-10-04,5.031250
1993-10-05,5.000000
1993-10-06,4.906250
1993-10-07,5.000000
1993-10-08,4.968750
1993-10-11,5.125000
1993-10-12,5.218750
1993-10-13,5.437500
1993-10-14,5.562500
1993-10-15,5.531250
1993-10-18,5.593750
1993-10-19,5.328125
1993-10-20,5.437500
1993-10-21,5.500000
1993-10-22,5.687500
1993-10-25,5.609375
1993-10-26,5.468750
1993-10-27,5.656250
1993-10-28,5.609375
1993-10-29,5.703125
1993-11-01,5.687500
1993-11-02,5.781250
1993-11-03,5.750000
1993-11-04,5.500000
1993-11-05,5.500000
1993-11-08,5.500000
1993-11-09,5.718750
1993-11-10,5.781250
1993-11-11,5.765625
1993-11-12,5.843750
1993-11-15,5.875000
1993-11-16,5.875000
1993-11-17,5.765625
1993-11-18,5.656250
1993-11-19,5.625000
1993-11-22,5.437500
1993-11-23,5.531250
1993-11-24,5.593750
1993-11-26,5.656250
1993-11-29,5.625000
1993-11-30,5.656250
1993-12-01,5.843750
1993-12-02,5.843750
1993-12-03,5.906250
1993-12-06,5.812500
1993-12-07,5.718750
1993-12-08,5.640625
1993-12-09,5.625000
1993-12-10,5.500000
1993-12-13,5.562500
1993-12-14,5.562500
1993-12-15,5.562500
1993-12-16,5.625000
1993-12-17,5.625000
1993-12-20,5.531250
1993-12-21,5.656250
1993-12-22,5.687500
1993-12-23,5.812500
1993-12-27,6.031250
1993-12-28,6.218750
1993-12-29,6.359375
1993-12-30,6.281250
1993-12-31,6.187500
1994-01-03,6.140625
1994-01-04,6.062500
1994-01-05,6.125000
1994-01-06,6.156250
1994-01-07,6.062500
1994-01-10,6.218750
1994-01-11,6.281250
1994-01-12,6.234375
1994-01-13,6.250000
1994-01-14,6.406250
1994-01-17,6.468750
1994-01-18,6.406250
1994-01-19,6.218750
1994-01-20,6.250000
1994-01-21,6.250000
1994-01-24,6.156250
1994-01-25,6.250000
1994-01-26,6.187500
1994-01-27,6.187500
1994-01-28,6.218750
1994-01-31,6.093750
1994-02-01,5.875000
1994-02-02,5.500000
1994-02-03,5.437500
1994-02-04,5.234375
1994-02-07,5.500000
1994-02-08,5.375000
1994-02-09,5.281250
1994-02-10,5.218750
1994-02-11,5.250000
1994-02-14,5.218750
1994-02-15,5.265625
1994-02-16,5.328125
1994-02-17,5.218750
1994-02-18,5.156250
1994-02-22,5.109375
1994-02-23,5.062500
1994-02-24,5.031250
1994-02-25,5.031250
1994-02-28,5.218750
1994-03-01,5.156250
1994-03-02,5.125000
1994-03-03,5.000000
1994-03-04,5.062500
1994-03-07,5.109375
1994-03-08,5.109375
1994-03-09,5.203125
1994-03-10,5.156250
1994-03-11,5.078125
1994-03-14,5.000000
1994-03-15,4.906250
1994-03-16,4.937500
1994-03-17,4.875000
1994-03-18,4.796875
1994-03-21,4.765625
1994-03-22,4.750000
1994-03-23,4.718750
1994-03-24,4.781250
1994-03-25,4.781250
1994-03-28,4.890625
1994-03-29,4.906250
1994-03-30,4.812500
1994-03-31,4.781250
1994-04-04,4.687500
1994-04-05,4.812500
1994-04-06,4.875000
1994-04-07,4.843750
1994-04-08,4.812500
1994-04-11,4.734375
1994-04-12,4.703125
1994-04-13,4.625000
1994-04-14,4.656250
1994-04-15,4.578125
1994-04-18,4.419922
1994-04-19,4.437500
1994-04-20,4.437500
1994-04-21,4.656250
1994-04-22,5.250000
1994-04-25,5.171875
1994-04-26,5.218750
1994-04-28,5.078125
1994-04-29,5.062500
1994-05-02,5.218750
1994-05-03,5.531250
1994-05-04,5.484375
1994-05-05,5.445313
1994-05-06,5.437500
1994-05-09,5.390625
1994-05-10,5.523438
1994-05-11,5.500000
1994-05-12,5.593750
1994-05-13,5.593750
1994-05-16,5.554688
1994-05-17,5.562500
1994-05-18,5.781250
1994-05-19,5.898438
1994-05-20,5.781250
1994-05-23,5.640625
1994-05-24,5.718750
1994-05-25,5.593750
1994-05-26,5.656250
1994-05-27,5.757813
1994-05-31,5.820313
1994-06-01,5.781250
1994-06-02,5.859375
1994-06-03,5.796875
1994-06-06,5.687500
1994-06-07,5.578125
1994-06-08,5.484375
1994-06-09,5.562500
1994-06-10,5.687500
1994-06-13,5.687500
1994-06-14,5.593750
1994-06-15,5.656250
1994-06-16,5.804688
1994-06-17,5.671875
1994-06-20,5.609375
1994-06-21,5.656250
1994-06-22,5.359375
1994-06-23,5.203125
1994-06-24,5.281250
1994-06-27,5.468750
1994-06-28,5.484375
1994-06-29,5.453125
1994-06-30,5.359375
1994-07-01,5.484375
1994-07-05,5.593750
1994-07-06,5.453125
1994-07-07,5.523438
1994-07-08,5.437500
1994-07-11,5.406250
1994-07-12,5.578125
1994-07-13,5.812500
1994-07-14,6.101563
1994-07-15,5.921875
1994-07-18,5.843750
1994-07-19,6.109375
1994-07-20,6.015625
1994-07-21,6.031250
1994-07-22,5.867188
1994-07-25,5.835938
1994-07-26,5.929688
1994-07-27,6.171875
1994-07-28,6.140625
1994-07-29,6.210938
1994-08-01,6.265625
1994-08-02,6.187500
1994-08-03,6.390625
1994-08-04,6.343750
1994-08-05,6.351563
1994-08-08,6.375000
1994-08-09,6.289063
1994-08-10,6.320313
1994-08-11,6.468750
1994-08-12,6.671875
1994-08-15,6.656250
1994-08-16,6.710938
1994-08-17,6.859375
1994-08-18,6.984375
1994-08-19,6.906250
1994-08-22,6.875000
1994-08-23,7.000000
1994-08-24,6.656250
1994-08-25,6.562500
1994-08-26,6.671875
1994-08-29,6.734375
1994-08-30,6.750000
1994-08-31,6.593750
1994-09-01,6.750000
1994-09-02,6.750000
1994-09-06,6.757813
1994-09-07,6.640625
1994-09-08,6.625000
1994-09-09,6.453125
1994-09-12,6.640625
1994-09-13,6.656250
1994-09-14,6.851563
1994-09-15,7.046875
1994-09-16,7.046875
1994-09-19,7.109375
1994-09-20,7.000000
1994-09-21,6.960938
1994-09-22,6.765625
1994-09-23,6.765625
1994-09-26,6.734375
1994-09-27,6.742188
1994-09-28,6.703125
1994-09-29,6.640625
1994-09-30,6.656250
1994-10-03,6.640625
1994-10-04,6.359375
1994-10-05,6.591797
1994-10-06,6.468750
1994-10-07,6.390625
1994-10-10,6.453125
1994-10-11,6.710938
1994-10-12,6.781250
1994-10-13,6.687500
1994-10-14,6.656250
1994-10-17,6.656250
1994-10-18,6.742188
1994-10-19,7.250000
1994-10-20,7.343750
1994-10-21,7.289063
1994-10-24,7.375000
1994-10-25,7.312500
1994-10-26,7.234375
1994-10-27,7.250000
1994-10-28,7.093750
1994-10-31,6.968750
1994-11-01,6.859375
1994-11-02,6.820313
1994-11-03,6.671875
1994-11-04,6.716797
1994-11-07,6.750000
1994-11-08,6.750000
1994-11-09,7.078125
1994-11-10,7.062500
1994-11-11,7.250000
1994-11-14,7.320313
1994-11-15,6.984375
1994-11-16,7.109375
1994-11-17,7.132813
1994-11-18,7.109375
1994-11-21,7.093750
1994-11-22,7.000000
1994-11-23,6.953125
1994-11-25,6.937500
1994-11-28,6.929688
1994-11-29,7.187500
1994-11-30,7.296875
1994-12-01,7.250000
1994-12-02,7.093750
1994-12-05,7.015625
1994-12-06,7.031250
1994-12-07,6.968750
1994-12-08,6.734375
1994-12-09,6.812500
1994-12-12,6.828125
1994-12-13,6.796875
1994-12-14,6.859375
1994-12-15,6.921875
1994-12-16,6.796875
1994-12-19,6.773438
1994-12-20,6.875000
1994-12-21,7.078125
1994-12-22,7.007813
1994-12-23,7.320313
1994-12-27,7.390625
1994-12-28,7.265625
1994-12-29,7.421875
1994-12-30,7.375000
1995-01-03,7.281250
1995-01-04,7.320313
1995-01-05,7.500000
1995-01-06,7.328125
1995-01-09,7.234375
1995-01-10,7.109375
1995-01-11,7.171875
1995-01-12,7.062500
1995-01-13,7.242188
1995-01-16,7.328125
1995-01-17,7.343750
1995-01-18,7.312500
1995-01-19,7.250000
1995-01-20,7.218750
1995-01-23,7.265625
1995-01-24,7.375000
1995-01-25,7.460938
1995-01-26,7.671875
1995-01-27,7.671875
1995-01-30,7.578125
1995-01-31,7.953125
1995-02-01,7.750000
1995-02-02,7.734375
1995-02-03,7.859375
1995-02-06,8.234375
1995-02-07,8.171875
1995-02-08,8.843750
1995-02-09,8.343750
1995-02-10,8.554688
1995-02-13,8.187500
1995-02-14,8.234375
1995-02-15,8.218750
1995-02-16,8.359375
1995-02-17,8.281250
1995-02-21,8.250000
1995-02-22,8.203125
1995-02-23,8.171875
1995-02-24,8.328125
1995-02-27,8.156250
1995-02-28,8.625000
1995-03-01,8.500000
1995-03-02,8.578125
1995-03-03,8.609375
1995-03-06,8.492188
1995-03-07,8.328125
1995-03-08,8.375000
1995-03-09,8.328125
1995-03-10,8.390625
1995-03-13,8.421875
1995-03-14,8.250000
1995-03-15,8.179688
1995-03-16,8.171875
1995-03-17,8.234375
1995-03-20,8.281250
1995-03-21,8.367188
1995-03-22,8.484375
1995-03-23,8.437500
1995-03-24,8.437500
1995-03-27,8.500000
1995-03-28,8.671875
1995-03-29,8.515625
1995-03-30,8.453125
1995-03-31,8.421875
1995-04-03,8.343750
1995-04-04,8.265625
1995-04-05,8.265625
1995-04-06,8.390625
1995-04-07,8.265625
1995-04-10,8.453125
1995-04-11,8.546875
1995-04-12,8.546875
1995-04-13,8.562500
1995-04-17,8.492188
1995-04-18,8.437500
1995-04-19,8.531250
1995-04-20,8.453125
1995-04-21,8.593750
1995-04-24,8.531250
1995-04-25,8.484375
1995-04-26,8.796875
1995-04-27,9.156250
1995-04-28,9.085938
1995-05-01,8.843750
1995-05-02,8.984375
1995-05-03,9.250000
1995-05-04,9.296875
1995-05-05,9.375000
1995-05-08,9.359375
1995-05-09,9.171875
1995-05-10,9.093750
1995-05-11,9.062500
1995-05-12,9.031250
1995-05-15,9.000000
1995-05-16,9.109375
1995-05-17,9.031250
1995-05-18,8.937500
1995-05-19,9.046875
1995-05-22,8.937500
1995-05-23,8.804688
1995-05-24,8.765625
1995-05-25,8.812500
1995-05-26,8.812500
1995-05-30,8.765625
1995-05-31,9.062500
1995-06-01,9.078125
1995-06-02,9.234375
1995-06-05,9.437500
1995-06-06,9.187500
1995-06-07,9.187500
1995-06-08,9.125000
1995-06-09,8.890625
1995-06-12,9.078125
1995-06-13,9.140625
1995-06-14,9.125000
1995-06-15,9.109375
1995-06-16,9.234375
1995-06-19,9.468750
1995-06-20,9.640625
1995-06-21,9.515625
1995-06-22,9.765625
1995-06-23,9.593750
1995-06-26,9.609375
1995-06-27,9.703125
1995-06-28,9.968750
1995-06-29,9.937500
1995-06-30,10.054688
1995-07-03,9.968750
1995-07-05,9.960938
1995-07-06,10.078125
1995-07-07,9.984375
1995-07-10,9.812500
1995-07-11,9.875000
1995-07-12,9.937500
1995-07-13,9.890625
1995-07-14,10.140625
1995-07-17,10.062500
1995-07-18,10.046875
1995-07-19,9.890625
1995-07-20,9.812500
1995-07-21,10.000000
1995-07-24,9.984375
1995-07-25,9.984375
1995-07-26,10.531250
1995-07-27,10.828125
1995-07-28,10.703125
1995-07-31,10.640625
1995-08-01,10.437500
1995-08-02,10.390625
1995-08-03,10.468750
1995-08-04,10.453125
1995-08-07,10.546875
1995-08-08,10.953125
1995-08-09,11.281250
1995-08-10,11.281250
1995-08-11,11.640625
1995-08-14,11.937500
1995-08-15,11.765625
1995-08-16,11.906250
1995-08-17,11.875000
1995-08-18,12.156250
1995-08-21,12.250000
1995-08-22,12.062500
1995-08-23,11.875000
1995-08-24,11.593750
1995-08-25,11.625000
1995-08-28,11.187500
1995-08-29,11.750000
1995-08-30,11.656250
1995-08-31,11.968750
1995-09-01,11.781250
1995-09-05,12.218750
1995-09-06,12.062500
1995-09-07,12.312500
1995-09-08,12.484375
1995-09-11,13.000000
1995-09-12,12.953125
1995-09-13,12.843750
1995-09-14,12.718750
1995-09-15,12.468750
1995-09-18,11.953125
1995-09-19,12.250000
1995-09-20,12.484375
1995-09-21,12.343750
1995-09-22,12.562500
1995-09-25,12.500000
1995-09-26,12.593750
1995-09-27,12.406250
1995-09-28,12.625000
1995-09-29,12.468750
1995-10-02,12.250000
1995-10-03,11.875000
1995-10-04,12.250000
1995-10-05,12.312500
1995-10-06,12.234375
1995-10-09,11.750000
1995-10-10,11.687500
1995-10-11,11.781250
1995-10-12,11.875000
1995-10-13,12.046875
1995-10-16,12.031250
1995-10-17,12.375000
1995-10-18,12.187500
1995-10-19,12.593750
1995-10-20,11.531250
1995-10-23,11.312500
1995-10-24,10.875000
1995-10-25,11.218750
1995-10-26,11.250000
1995-10-27,11.750000
1995-10-30,11.968750
1995-10-31,12.000000
1995-11-01,11.875000
1995-11-02,11.656250
1995-11-03,12.031250
1995-11-06,11.921875
1995-11-07,11.906250
1995-11-08,11.937500
1995-11-09,12.375000
1995-11-10,12.593750
1995-11-13,12.609375
1995-11-14,12.468750
1995-11-15,12.125000
1995-11-16,11.937500
1995-11-17,12.000000
1995-11-20,11.875000
1995-11-21,11.718750
1995-11-22,11.687500
1995-11-24,11.843750
1995-11-27,11.781250
1995-11-28,12.496094
1995-11-29,12.531250
1995-11-30,12.406250
1995-12-01,12.375000
1995-12-04,12.968750
1995-12-05,13.031250
1995-12-06,13.062500
1995-12-07,12.890625
1995-12-08,12.968750
1995-12-11,12.875000
1995-12-12,12.718750
1995-12-13,12.781250
1995-12-14,12.531250
1995-12-15,12.703125
1995-12-18,12.562500
1995-12-19,12.750000
1995-12-20,12.968750
1995-12-21,13.875000
1995-12-22,14.656250
1995-12-26,14.406250
1995-12-27,14.562500
1995-12-28,14.718750
1995-12-29,14.843750
1996-01-02,14.562500
1996-01-03,14.406250
1996-01-04,13.781250
1996-01-05,14.093750
1996-01-08,13.859375
1996-01-09,13.531250
1996-01-10,13.187500
1996-01-11,13.406250
1996-01-12,13.656250
1996-01-15,13.718750
1996-01-16,13.781250
1996-01-17,13.906250
1996-01-18,14.343750
1996-01-19,14.375000
1996-01-22,14.000000
1996-01-23,14.437500
1996-01-24,14.437500
1996-01-25,14.500000
1996-01-26,14.875000
1996-01-29,14.718750
1996-01-30,15.328125
1996-01-31,15.031250
1996-02-01,15.750000
1996-02-02,15.093750
1996-02-05,15.250000
1996-02-06,15.187500
1996-02-07,15.687500
1996-02-08,15.593750
1996-02-09,15.687500
1996-02-12,15.687500
1996-02-13,15.656250
1996-02-14,15.281250
1996-02-15,15.156250
1996-02-16,15.468750
1996-02-20,15.125000
1996-02-21,15.031250
1996-02-22,15.406250
1996-02-23,15.312500
1996-02-26,15.218750
1996-02-27,15.093750
1996-02-28,15.000000
1996-02-29,14.937500
1996-03-01,15.000000
1996-03-04,15.312500
1996-03-05,16.031250
1996-03-06,16.250000
1996-03-07,16.375000
1996-03-08,15.250000
1996-03-11,15.375000
1996-03-12,15.218750
1996-03-13,15.500000
1996-03-14,15.562500
1996-03-15,15.531250
1996-03-18,15.468750
1996-03-19,15.156250
1996-03-20,14.968750
1996-03-21,15.437500
1996-03-22,15.687500
1996-03-25,14.781250
1996-03-26,14.750000
1996-03-27,14.812500
1996-03-28,14.875000
1996-03-29,14.531250
1996-04-01,14.406250
1996-04-02,14.718750
1996-04-03,14.812500
1996-04-04,14.781250
1996-04-08,14.312500
1996-04-09,14.062500
1996-04-10,13.125000
1996-04-11,13.343750
1996-04-12,13.687500
1996-04-15,13.640625
1996-04-16,13.625000
1996-04-17,13.281250
1996-04-18,14.312500
1996-04-19,14.062500
1996-04-22,14.093750
1996-04-23,14.218750
1996-04-24,13.781250
1996-04-25,14.156250
1996-04-26,14.250000
1996-04-29,14.218750
1996-04-30,14.375000
1996-05-01,14.375000
1996-05-02,13.375000
1996-05-03,13.093750
1996-05-06,13.640625
1996-05-07,13.656250
1996-05-08,13.968750
1996-05-09,13.906250
1996-05-10,14.062500
1996-05-13,14.453125
1996-05-14,14.500000
1996-05-15,14.375000
1996-05-16,14.687500
1996-05-17,14.968750
1996-05-20,14.875000
1996-05-21,14.812500
1996-05-22,15.062500
1996-05-23,15.250000
1996-05-24,15.156250
1996-05-28,14.906250
1996-05-29,14.875000
1996-05-30,15.062500
1996-05-31,14.875000
1996-06-03,14.765625
1996-06-04,14.875000
1996-06-05,15.093750
1996-06-06,15.125000
1996-06-07,14.906250
1996-06-10,14.937500
1996-06-11,14.875000
1996-06-12,14.750000
1996-06-13,14.906250
1996-06-14,14.718750
1996-06-17,14.843750
1996-06-18,14.531250
1996-06-19,14.125000
1996-06-20,14.062500
1996-06-21,13.906250
1996-06-24,14.093750
1996-06-25,14.187500
1996-06-26,14.156250
1996-06-27,13.558594
1996-06-28,13.500000
1996-07-01,13.937500
1996-07-02,13.687500
1996-07-03,13.687500
1996-07-05,13.218750
1996-07-08,12.875000
1996-07-09,13.250000
1996-07-10,13.062500
1996-07-11,13.156250
1996-07-12,13.593750
1996-07-15,13.718750
1996-07-16,13.750000
1996-07-17,13.593750
1996-07-18,13.843750
1996-07-19,14.062500
1996-07-22,13.750000
1996-07-23,13.250000
1996-07-24,13.437500
1996-07-25,13.703125
1996-07-26,13.656250
1996-07-29,13.593750
1996-07-30,13.687500
1996-07-31,13.656250
1996-08-01,13.781250
1996-08-02,13.718750
1996-08-05,13.718750
1996-08-06,14.062500
1996-08-07,14.000000
1996-08-08,13.890625
1996-08-09,13.843750
1996-08-12,14.187500
1996-08-13,14.406250
1996-08-14,14.375000
1996-08-15,14.750000
1996-08-16,14.625000
1996-08-19,14.437500
1996-08-20,13.937500
1996-08-21,14.562500
1996-08-22,15.500000
1996-08-23,15.750000
1996-08-26,15.437500
1996-08-27,15.406250
1996-08-28,15.000000
1996-08-29,14.593750
1996-08-30,14.562500
1996-09-03,14.531250
1996-09-04,14.375000
1996-09-05,14.062500
1996-09-06,14.312500
1996-09-09,14.562500
1996-09-10,14.375000
1996-09-11,14.250000
1996-09-12,14.656250
1996-09-13,14.875000
1996-09-16,14.875000
1996-09-17,14.875000
1996-09-18,14.937500
1996-09-19,15.000000
1996-09-20,15.187500
1996-09-23,15.218750
1996-09-24,15.468750
1996-09-25,15.843750
1996-09-26,15.781250
1996-09-27,15.750000
1996-09-30,15.781250
1996-10-01,15.937500
1996-10-02,15.500000
1996-10-03,15.343750
1996-10-04,15.500000
1996-10-07,15.218750
1996-10-08,15.343750
1996-10-09,15.437500
1996-10-10,15.406250
1996-10-11,16.000000
1996-10-14,15.828125
1996-10-15,14.906250
1996-10-16,14.625000
1996-10-17,14.968750
1996-10-18,15.468750
1996-10-21,15.687500
1996-10-22,15.343750
1996-10-23,15.406250
1996-10-24,15.625000
1996-10-25,15.625000
1996-10-28,15.718750
1996-10-29,15.562500
1996-10-30,15.218750
1996-10-31,15.328125
1996-11-01,15.187500
1996-11-04,14.718750
1996-11-05,14.781250
1996-11-06,14.968750
1996-11-07,14.656250
1996-11-08,14.500000
1996-11-11,14.156250
1996-11-12,14.687500
1996-11-13,14.875000
1996-11-14,14.906250
1996-11-15,14.656250
1996-11-18,14.359375
1996-11-19,14.343750
1996-11-20,14.625000
1996-11-21,14.625000
1996-11-22,14.968750
1996-11-25,15.000000
1996-11-26,15.375000
1996-11-27,15.281250
1996-11-29,15.218750
1996-12-02,15.312500
1996-12-03,15.406250
1996-12-04,15.406250
1996-12-05,15.437500
1996-12-06,15.062500
1996-12-09,14.937500
1996-12-10,15.156250
1996-12-11,14.812500
1996-12-12,14.468750
1996-12-13,14.531250
1996-12-16,14.281250
1996-12-17,14.125000
1996-12-18,14.281250
1996-12-19,14.437500
1996-12-20,14.343750
1996-12-23,14.125000
1996-12-24,13.968750
1996-12-26,13.906250
1996-12-27,14.093750
1996-12-30,13.781250
1996-12-31,13.593750
1997-01-02,13.656250
1997-01-03,14.281250
1997-01-06,14.187500
1997-01-07,14.312500
1997-01-08,14.250000
1997-01-09,14.468750
1997-01-10,13.765625
1997-01-13,13.250000
1997-01-14,13.687500
1997-01-15,13.781250
1997-01-16,13.875000
1997-01-17,13.625000
1997-01-20,13.500000
1997-01-21,13.562500
1997-01-22,13.875000
1997-01-23,13.750000
1997-01-24,14.062500
1997-01-27,13.734375
1997-01-28,13.937500
1997-01-29,13.875000
1997-01-30,14.062500
1997-01-31,14.093750
1997-02-03,14.187500
1997-02-04,14.343750
1997-02-05,14.437500
1997-02-06,14.250000
1997-02-07,14.281250
1997-02-10,14.093750
1997-02-11,14.156250
1997-02-12,13.875000
1997-02-13,14.312500
1997-02-14,14.593750
1997-02-18,14.875000
1997-02-19,14.843750
1997-02-20,15.218750
1997-02-21,15.687500
1997-02-24,15.750000
1997-02-25,15.718750
1997-02-26,15.500000
1997-02-27,15.140625
1997-02-28,15.281250
1997-03-03,15.281250
1997-03-04,15.406250
1997-03-05,15.406250
1997-03-06,15.156250
1997-03-07,15.656250
1997-03-10,15.687500
1997-03-11,15.312500
1997-03-12,15.031250
1997-03-13,15.250000
1997-03-14,15.203125
1997-03-17,14.984375
1997-03-18,15.000000
1997-03-19,15.093750
1997-03-20,14.906250
1997-03-21,14.937500
1997-03-24,14.968750
1997-03-25,14.937500
1997-03-26,14.781250
1997-03-27,14.437500
1997-03-31,13.968750
1997-04-01,14.421875
1997-04-02,14.250000
1997-04-03,14.187500
1997-04-04,14.281250
1997-04-07,14.625000
1997-04-08,14.531250
1997-04-09,14.437500
1997-04-10,14.437500
1997-04-11,14.000000
1997-04-14,14.000000
1997-04-15,13.968750
1997-04-16,14.250000
1997-04-17,14.687500
1997-04-18,14.375000
1997-04-21,14.187500
1997-04-22,14.375000
1997-04-23,14.781250
1997-04-24,14.468750
1997-04-25,14.187500
1997-04-28,14.281250
1997-04-29,14.531250
1997-04-30,14.718750
1997-05-01,14.375000
1997-05-02,15.312500
1997-05-05,15.656250
1997-05-06,15.375000
1997-05-07,15.281250
1997-05-08,15.187500
1997-05-09,15.093750
1997-05-12,15.093750
1997-05-13,15.625000
1997-05-14,15.984375
1997-05-15,16.187500
1997-05-16,16.031250
1997-05-19,16.375000
1997-05-20,16.968750
1997-05-21,17.093750
1997-05-22,16.656250
1997-05-23,16.343750
1997-05-27,16.781250
1997-05-28,16.687500
1997-05-29,16.593750
1997-05-30,16.718750
1997-06-02,15.750000
1997-06-03,15.656250
1997-06-04,15.625000
1997-06-05,15.703125
1997-06-06,15.750000
1997-06-09,15.968750
1997-06-10,15.656250
1997-06-11,15.515625
1997-06-12,15.648438
1997-06-13,15.687500
1997-06-16,15.531250
1997-06-17,14.640625
1997-06-18,14.765625
1997-06-19,14.875000
1997-06-20,14.875000
1997-06-23,14.718750
1997-06-24,15.046875
1997-06-25,14.812500
1997-06-26,14.859375
1997-06-27,14.859375
1997-06-30,14.531250
1997-07-01,14.140625
1997-07-02,14.328125
1997-07-03,14.625000
1997-07-07,14.312500
1997-07-08,14.375000
1997-07-09,14.078125
1997-07-10,14.000000
1997-07-11,13.933594
1997-07-14,13.843750
1997-07-15,14.312500
1997-07-16,15.000000
1997-07-17,15.046875
1997-07-18,14.625000
1997-07-21,14.937500
1997-07-22,14.828125
1997-07-23,15.437500
1997-07-24,15.281250
1997-07-25,14.984375
1997-07-28,14.687500
1997-07-29,14.734375
1997-07-30,14.937500
1997-07-31,14.703125
1997-08-01,14.625000
1997-08-04,14.421875
1997-08-05,14.328125
1997-08-06,14.750000
1997-08-07,14.468750
1997-08-08,14.343750
1997-08-11,14.281250
1997-08-12,12.546875
1997-08-13,12.312500
1997-08-14,12.468750
1997-08-15,12.140625
1997-08-18,12.453125
1997-08-19,12.609375
1997-08-20,13.093750
1997-08-21,13.140625
1997-08-22,13.265625
1997-08-25,13.078125
1997-08-26,12.718750
1997-08-27,12.562500
1997-08-28,12.156250
1997-08-29,12.390625
1997-09-02,12.468750
1997-09-03,12.343750
1997-09-04,12.390625
1997-09-05,12.265625
1997-09-08,12.343750
1997-09-09,12.562500
1997-09-10,12.390625
1997-09-11,12.156250
1997-09-12,12.058594
1997-09-15,11.859375
1997-09-16,11.734375
1997-09-17,11.906250
1997-09-18,12.015625
1997-09-19,12.093750
1997-09-22,12.187500
1997-09-23,12.312500
1997-09-24,12.250000
1997-09-25,11.781250
1997-09-26,12.046875
1997-09-29,12.000000
1997-09-30,11.984375
1997-10-01,11.812500
1997-10-02,11.812500
1997-10-03,11.671875
1997-10-06,11.921875
1997-10-07,12.359375
1997-10-08,12.476563
1997-10-09,11.953125
1997-10-10,12.015625
1997-10-13,12.234375
1997-10-14,12.093750
1997-10-15,12.015625
1997-10-16,11.953125
1997-10-17,11.875000
1997-10-20,11.718750
1997-10-21,11.562500
1997-10-22,11.484375
1997-10-23,12.000000
1997-10-24,12.062500
1997-10-27,11.625000
1997-10-28,12.085938
1997-10-29,11.843750
1997-10-30,11.859375
1997-10-31,12.312500
1997-11-03,13.125000
1997-11-04,13.296875
1997-11-05,13.218750
1997-11-06,12.890625
1997-11-07,13.140625
1997-11-10,12.968750
1997-11-11,12.875000
1997-11-12,12.375000
1997-11-13,12.656250
1997-11-14,13.218750
1997-11-17,13.234375
1997-11-18,13.062500
1997-11-19,12.968750
1997-11-20,12.921875
1997-11-21,12.796875
1997-11-24,12.734375
1997-11-25,12.671875
1997-11-26,12.625000
1997-11-28,12.781250
1997-12-01,13.015625
1997-12-02,12.750000
1997-12-03,13.000000
1997-12-04,13.234375
1997-12-05,13.093750
1997-12-08,13.062500
1997-12-09,13.171875
1997-12-10,13.187500
1997-12-11,13.125000
1997-12-12,13.187500
1997-12-15,13.484375
1997-12-16,13.500000
1997-12-17,13.390625
1997-12-18,13.296875
1997-12-19,13.156250
1997-12-22,13.171875
1997-12-23,13.093750
1997-12-24,13.078125
1997-12-26,13.296875
1997-12-29,13.328125
1997-12-30,13.312500
1997-12-31,13.531250
1998-01-02,13.484375
1998-01-05,13.437500
1998-01-06,13.281250
1998-01-07,13.296875
1998-01-08,13.343750
1998-01-09,13.156250
1998-01-12,13.234375
1998-01-13,12.984375
1998-01-14,12.500000
1998-01-15,12.250000
1998-01-16,12.250000
1998-01-20,12.484375
1998-01-21,12.390625
1998-01-22,11.781250
1998-01-23,12.125000
1998-01-26,12.171875
1998-01-27,12.281250
1998-01-28,12.578125
1998-01-29,12.359375
1998-01-30,12.500000
1998-02-02,13.500000
1998-02-03,13.390625
1998-02-04,13.234375
1998-02-05,12.812500
1998-02-06,13.484375
1998-02-09,13.234375
1998-02-10,13.765625
1998-02-11,13.703125
1998-02-12,13.750000
1998-02-13,13.421875
1998-02-17,13.453125
1998-02-18,13.750000
1998-02-19,13.750000
1998-02-20,13.562500
1998-02-23,13.609375
1998-02-24,13.250000
1998-02-25,13.328125
1998-02-26,13.390625
1998-02-27,13.281250
1998-03-02,13.101563
1998-03-03,13.359375
1998-03-04,13.187500
1998-03-05,13.109375
1998-03-06,13.218750
1998-03-09,13.593750
1998-03-10,13.593750
1998-03-11,13.750000
1998-03-12,14.593750
1998-03-13,14.609375
1998-03-16,14.906250
1998-03-17,15.054688
1998-03-18,15.281250
1998-03-19,15.250000
1998-03-20,15.187500
1998-03-23,15.265625
1998-03-24,15.296875
1998-03-25,15.406250
1998-03-26,15.343750
1998-03-27,15.140625
1998-03-30,15.031250
1998-03-31,15.218750
1998-04-01,15.031250
1998-04-02,14.781250
1998-04-03,14.562500
1998-04-06,14.363281
1998-04-07,14.546875
1998-04-08,14.421875
1998-04-09,14.390625
1998-04-13,14.359375
1998-04-14,14.500000
1998-04-15,14.484375
1998-04-16,13.953125
1998-04-17,14.406250
1998-04-20,14.421875
1998-04-21,14.406250
1998-04-22,14.312500
1998-04-23,14.406250
1998-04-24,14.562500
1998-04-27,14.203125
1998-04-28,14.203125
1998-04-29,14.515625
1998-04-30,14.906250
1998-05-01,14.687500
1998-05-04,14.515625
1998-05-05,14.953125
1998-05-06,14.531250
1998-05-07,14.312500
1998-05-08,14.781250
1998-05-11,14.953125
1998-05-12,14.968750
1998-05-13,15.171875
1998-05-14,15.218750
1998-05-15,15.421875
1998-05-18,15.500000
1998-05-19,15.531250
1998-05-20,15.453125
1998-05-21,15.453125
1998-05-22,16.390625
1998-05-26,15.156250
1998-05-27,15.046875
1998-05-28,15.171875
1998-05-29,15.125000
1998-06-01,14.937500
1998-06-02,15.500000
1998-06-03,15.406250
1998-06-04,15.515625
1998-06-05,15.828125
1998-06-08,15.921875
1998-06-09,16.046875
1998-06-10,15.875000
1998-06-11,15.828125
1998-06-12,15.890625
1998-06-15,15.515625
1998-06-16,15.531250
1998-06-17,15.578125
1998-06-18,15.500000
1998-06-19,15.390625
1998-06-22,15.031250
1998-06-23,15.671875
1998-06-24,16.687500
1998-06-25,16.125000
1998-06-26,16.250000
1998-06-29,16.375000
1998-06-30,16.343750
1998-07-01,16.375000
1998-07-02,16.718750
1998-07-06,16.968750
1998-07-07,17.109375
1998-07-08,17.250000
1998-07-09,16.843750
1998-07-10,17.015625
1998-07-13,17.125000
1998-07-14,17.484375
1998-07-15,17.718750
1998-07-16,17.625000
1998-07-17,18.125000
1998-07-20,18.171875
1998-07-21,18.546875
1998-07-22,17.890625
1998-07-23,19.078125
1998-07-24,18.890625
1998-07-27,18.640625
1998-07-28,18.515625
1998-07-29,18.734375
1998-07-30,19.000000
1998-07-31,18.359375
1998-08-03,18.078125
1998-08-04,17.156250
1998-08-05,17.390625
1998-08-06,17.078125
1998-08-07,17.671875
1998-08-10,17.953125
1998-08-11,17.406250
1998-08-12,17.390625
1998-08-13,16.984375
1998-08-14,17.406250
1998-08-17,17.718750
1998-08-18,17.625000
1998-08-19,17.515625
1998-08-20,17.359375
1998-08-21,16.765625
1998-08-24,17.343750
1998-08-25,17.656250
1998-08-26,17.500000
1998-08-27,16.937500
1998-08-28,16.281250
1998-08-31,15.218750
1998-09-01,15.312500
1998-09-02,15.875000
1998-09-03,16.000000
1998-09-04,15.953125
1998-09-08,17.437500
1998-09-09,17.109375
1998-09-10,17.750000
1998-09-11,18.125000
1998-09-14,17.984375
1998-09-15,17.906250
1998-09-16,17.781250
1998-09-17,17.906250
1998-09-18,18.312500
1998-09-21,18.812500
1998-09-22,18.625000
1998-09-23,19.500000
1998-09-24,18.875000
1998-09-25,19.125000
1998-09-28,19.906250
1998-09-29,19.328125
1998-09-30,18.890625
1998-10-01,18.468750
1998-10-02,18.781250
1998-10-05,18.062500
1998-10-06,17.921875
1998-10-07,17.343750
1998-10-08,17.265625
1998-10-09,17.750000
1998-10-12,18.046875
1998-10-13,17.812500
1998-10-14,18.421875
1998-10-15,19.187500
1998-10-16,18.796875
1998-10-19,19.437500
1998-10-20,18.515625
1998-10-21,18.265625
1998-10-22,18.640625
1998-10-23,19.125000
1998-10-26,19.484375
1998-10-27,19.406250
1998-10-28,19.312500
1998-10-29,19.843750
1998-10-30,19.640625
1998-11-02,19.890625
1998-11-03,20.125000
1998-11-04,20.296875
1998-11-05,20.437500
1998-11-06,20.640625
1998-11-09,20.843750
1998-11-10,20.437500
1998-11-11,19.906250
1998-11-12,20.062500
1998-11-13,20.093750
1998-11-16,19.718750
1998-11-17,19.312500
1998-11-18,19.812500
1998-11-19,19.265625
1998-11-20,19.312500
1998-11-23,19.750000
1998-11-24,18.968750
1998-11-25,19.078125
1998-11-27,19.125000
1998-11-30,18.812500
1998-12-01,19.156250
1998-12-02,19.781250
1998-12-03,18.875000
1998-12-04,19.687500
1998-12-07,20.078125
1998-12-08,20.375000
1998-12-09,20.765625
1998-12-10,20.781250
1998-12-11,20.765625
1998-12-14,20.312500
1998-12-15,20.984375
1998-12-16,21.437500
1998-12-17,21.515625
1998-12-18,22.031250
1998-12-21,25.078125
1998-12-22,25.750000
1998-12-23,25.562500
1998-12-24,25.250000
1998-12-28,26.140625
1998-12-29,26.218750
1998-12-30,25.843750
1998-12-31,26.140625
1999-01-04,26.843750
1999-01-05,26.750000
1999-01-06,26.562500
1999-01-07,27.468750
1999-01-08,27.703125
1999-01-11,27.156250
1999-01-12,26.750000
1999-01-13,27.250000
1999-01-14,26.250000
1999-01-15,27.218750
1999-01-19,27.812500
1999-01-20,28.437500
1999-01-21,27.500000
1999-01-22,28.656250
1999-01-25,28.546875
1999-01-26,28.187500
1999-01-27,28.968750
1999-01-28,29.890625
1999-01-29,31.953125
1999-02-01,31.281250
1999-02-02,31.750000
1999-02-03,31.921875
1999-02-04,31.484375
1999-02-05,29.906250
1999-02-08,30.312500
1999-02-09,28.921875
1999-02-10,29.187500
1999-02-11,31.187500
1999-02-12,30.062500
1999-02-16,30.562500
1999-02-17,30.625000
1999-02-18,30.875000
1999-02-19,31.031250
1999-02-22,31.656250
1999-02-23,32.218750
1999-02-24,31.750000
1999-02-25,31.687500
1999-02-26,31.218750
1999-03-01,32.125000
1999-03-02,32.000000
1999-03-03,31.281250
1999-03-04,32.343750
1999-03-05,33.062500
1999-03-08,34.125000
1999-03-09,33.718750
1999-03-10,35.250000
1999-03-11,37.312500
1999-03-12,37.500000
1999-03-15,38.312500
1999-03-16,37.250000
1999-03-17,37.312500
1999-03-18,39.000000
1999-03-19,38.781250
1999-03-22,39.531250
1999-03-23,37.906250
1999-03-24,36.875000
1999-03-25,37.625000
1999-03-26,37.312500
1999-03-29,38.625000
1999-03-30,39.281250
1999-03-31,37.437500
1999-04-01,38.437500
1999-04-05,39.625000
1999-04-06,40.000000
1999-04-07,38.531250
1999-04-08,39.562500
1999-04-09,39.031250
1999-04-12,39.031250
1999-04-13,37.937500
1999-04-14,36.031250
1999-04-15,34.437500
1999-04-16,33.406250
1999-04-19,30.468750
1999-04-20,34.500000
1999-04-21,32.000000
1999-04-22,31.406250
1999-04-23,32.562500
1999-04-26,34.125000
1999-04-27,34.875000
1999-04-28,32.968750
1999-04-29,32.218750
1999-04-30,30.718750
1999-05-03,30.468750
1999-05-04,30.250000
1999-05-05,31.218750
1999-05-06,30.687500
1999-05-07,31.812500
1999-05-10,31.906250
1999-05-11,32.031250
1999-05-12,31.281250
1999-05-13,31.968750
1999-05-14,30.500000
1999-05-17,29.531250
1999-05-18,29.812500
1999-05-19,30.343750
1999-05-20,31.718750
1999-05-21,30.625000
1999-05-24,30.093750
1999-05-25,30.187500
1999-05-26,30.687500
1999-05-27,31.406250
1999-05-28,31.625000
1999-06-01,30.968750
1999-06-02,30.875000
1999-06-03,30.250000
1999-06-04,30.250000
1999-06-07,30.343750
1999-06-08,29.625000
1999-06-09,28.875000
1999-06-10,26.843750
1999-06-11,26.156250
1999-06-14,26.906250
1999-06-15,27.656250
1999-06-16,27.812500
1999-06-17,27.718750
1999-06-18,26.531250
1999-06-21,26.437500
1999-06-22,26.500000
1999-06-23,26.625000
1999-06-24,27.843750
1999-06-25,27.968750
1999-06-28,29.093750
1999-06-29,29.968750
1999-06-30,30.437500
1999-07-01,30.437500
1999-07-02,30.468750
1999-07-06,29.500000
1999-07-07,31.406250
1999-07-08,32.812500
1999-07-09,34.656250
1999-07-12,33.156250
1999-07-13,36.156250
1999-07-14,38.562500
1999-07-15,39.437500
1999-07-16,38.812500
1999-07-19,36.718750
1999-07-20,36.500000
1999-07-21,37.343750
1999-07-22,36.093750
1999-07-23,37.687500
1999-07-26,36.500000
1999-07-27,37.281250
1999-07-28,37.531250
1999-07-29,36.812500
1999-07-30,38.437500
1999-08-02,39.375000
1999-08-03,38.312500
1999-08-04,38.531250
1999-08-05,39.593750
1999-08-06,38.218750
1999-08-09,38.406250
1999-08-10,37.500000
1999-08-11,38.625000
1999-08-12,39.750000
1999-08-13,41.906250
1999-08-16,41.687500
1999-08-17,40.812500
1999-08-18,40.375000
1999-08-19,39.125000
1999-08-20,40.031250
1999-08-23,41.843750
1999-08-24,40.437500
1999-08-25,40.718750
1999-08-26,40.062500
1999-08-27,40.312500
1999-08-30,40.468750
1999-08-31,41.593750
1999-09-01,42.250000
1999-09-02,41.343750
1999-09-03,43.187500
1999-09-07,42.625000
1999-09-08,42.281250
1999-09-09,42.937500
1999-09-10,43.781250
1999-09-13,43.531250
1999-09-14,43.000000
1999-09-15,41.031250
1999-09-16,41.062500
1999-09-17,41.562500
1999-09-20,42.812500
1999-09-21,41.343750
1999-09-22,41.937500
1999-09-23,40.031250
1999-09-24,38.937500
1999-09-27,40.718750
1999-09-28,41.750000
1999-09-29,41.531250
1999-09-30,40.750000
1999-10-01,43.343750
1999-10-04,43.031250
1999-10-05,42.500000
1999-10-06,44.093750
1999-10-07,44.125000
1999-10-08,44.250000
1999-10-11,44.968750
1999-10-12,43.906250
1999-10-13,42.750000
1999-10-14,42.703125
1999-10-15,40.375000
1999-10-18,40.281250
1999-10-19,41.968750
1999-10-20,43.062500
1999-10-21,40.062500
1999-10-22,40.562500
1999-10-25,39.968750
1999-10-26,37.968750
1999-10-27,37.843750
1999-10-28,39.187500
1999-10-29,39.875000
1999-11-01,40.156250
1999-11-02,40.531250
1999-11-03,39.281250
1999-11-04,41.906250
1999-11-05,42.562500
1999-11-08,42.718750
1999-11-09,42.937500
1999-11-10,43.875000
1999-11-11,45.250000
1999-11-12,45.968750
1999-11-15,44.875000
1999-11-16,45.500000
1999-11-17,45.562500
1999-11-18,45.593750
1999-11-19,47.343750
1999-11-22,48.187500
1999-11-23,47.562500
1999-11-24,49.437500
1999-11-26,49.375000
1999-11-29,48.750000
1999-11-30,45.562500
1999-12-01,44.312500
1999-12-02,44.750000
1999-12-03,46.250000
1999-12-06,45.000000
1999-12-07,44.812500
1999-12-08,45.250000
1999-12-09,44.000000
1999-12-10,44.750000
1999-12-13,46.625000
1999-12-14,46.062500
1999-12-15,45.562500
1999-12-16,44.437500
1999-12-17,45.562500
1999-12-20,48.875000
1999-12-21,50.125000
1999-12-22,52.937500
1999-12-23,54.187500
1999-12-27,53.187500
1999-12-28,57.687500
1999-12-29,61.812500
1999-12-30,64.875000
1999-12-31,60.062500
2000-01-03,62.937500
2000-01-04,58.125000
2000-01-05,60.125000
2000-01-06,61.125000
2000-01-07,68.000000
2000-01-10,72.125000
2000-01-11,66.437500
2000-01-12,63.562500
2000-01-13,66.812500
2000-01-14,68.312500
2000-01-18,69.062500
2000-01-19,72.000000
2000-01-20,71.812500
2000-01-21,74.687500
2000-01-24,69.250000
2000-01-25,69.375000
2000-01-26,64.125000
2000-01-27,61.375000
2000-01-28,59.687500
2000-01-31,63.687500
2000-02-01,65.312500
2000-02-02,63.687500
2000-02-03,64.000000
2000-02-04,64.625000
2000-02-07,69.187500
2000-02-08,70.500000
2000-02-09,66.812500
2000-02-10,65.187500
2000-02-11,62.625000
2000-02-14,65.062500
2000-02-15,65.062500
2000-02-16,69.875000
2000-02-17,72.750000
2000-02-18,71.312500
2000-02-22,67.500000
2000-02-23,71.437500
2000-02-24,72.562500
2000-02-25,73.562500
2000-02-28,68.437500
2000-02-29,68.187500
2000-03-01,65.062500
2000-03-02,65.312500
2000-03-03,66.312500
2000-03-06,64.562500
2000-03-07,61.000000
2000-03-08,61.375000
2000-03-09,59.000000
2000-03-10,59.562500
2000-03-13,58.000000
2000-03-14,52.250000
2000-03-15,58.500000
2000-03-16,64.750000
2000-03-17,63.125000
2000-03-20,58.000000
2000-03-21,61.125000
2000-03-22,61.750000
2000-03-23,57.687500
2000-03-24,54.562500
2000-03-27,60.375000
2000-03-28,62.812500
2000-03-29,62.250000
2000-03-30,60.250000
2000-03-31,61.375000
2000-04-03,59.375000
2000-04-04,56.437500
2000-04-05,59.625000
2000-04-06,62.312500
2000-04-07,60.937500
2000-04-10,58.875000
2000-04-11,59.125000
2000-04-12,58.390625
2000-04-13,57.812500
2000-04-14,52.750000
2000-04-17,53.375000
2000-04-18,58.375000
2000-04-19,56.000000
2000-04-20,54.000000
2000-04-24,51.312500
2000-04-25,54.312500
2000-04-26,57.250000
2000-04-27,54.125000
2000-04-28,56.000000
2000-05-01,55.875000
2000-05-02,56.125000
2000-05-03,53.750000
2000-05-04,56.562500
2000-05-05,59.562500
2000-05-08,61.875000
2000-05-09,59.937500
2000-05-10,59.812500
2000-05-11,61.625000
2000-05-12,62.375000
2000-05-15,64.187500
2000-05-16,64.687500
2000-05-17,62.921875
2000-05-18,61.187500
2000-05-19,59.875000
2000-05-22,57.187500
2000-05-23,55.562500
2000-05-24,59.625000
2000-05-25,57.937500
2000-05-26,59.000000
2000-05-30,63.375000
2000-05-31,63.625000
2000-06-01,64.812500
2000-06-02,67.000000
2000-06-05,67.062500
2000-06-06,67.500000
2000-06-07,68.000000
2000-06-08,65.687500
2000-06-09,62.625000
2000-06-12,61.000000
2000-06-13,65.687500
2000-06-14,64.312500
2000-06-15,66.437500
2000-06-16,68.000000
2000-06-19,70.375000
2000-06-20,70.000000
2000-06-21,70.312500
2000-06-22,66.687500
2000-06-23,66.625000
2000-06-26,69.937500
2000-06-27,67.375000
2000-06-28,69.125000
2000-06-29,68.250000
2000-06-30,70.250000
2000-07-03,68.500000
2000-07-05,73.812500
2000-07-06,73.250000
2000-07-07,73.937500
2000-07-10,73.125000
2000-07-11,73.187500
2000-07-12,73.375000
2000-07-13,69.437500
2000-07-14,70.750000
2000-07-17,72.375000
2000-07-18,74.859375
2000-07-19,73.437500
2000-07-20,74.062500
2000-07-21,78.000000
2000-07-24,74.750000
2000-07-25,73.625000
2000-07-26,69.375000
2000-07-27,68.500000
2000-07-28,66.375000
2000-07-31,64.937500
2000-08-01,69.000000
2000-08-02,70.312500
2000-08-03,70.187500
2000-08-04,69.125000
2000-08-07,72.125000
2000-08-08,69.500000
2000-08-09,68.937500
2000-08-10,67.937500
2000-08-11,69.687500
2000-08-14,69.437500
2000-08-15,67.750000
2000-08-16,67.687500
2000-08-17,67.812500
2000-08-18,65.875000
2000-08-21,67.250000
2000-08-22,69.062500
2000-08-23,70.562500
2000-08-24,72.625000
2000-08-25,74.625000
2000-08-28,73.750000
2000-08-29,72.125000
2000-08-30,73.062500
2000-08-31,75.812500
2000-09-01,76.437500
2000-09-05,72.500000
2000-09-06,68.062500
2000-09-07,72.000000
2000-09-08,74.937500
2000-09-11,72.250000
2000-09-12,72.750000
2000-09-13,71.937500
2000-09-14,67.437500
2000-09-15,67.625000
2000-09-18,65.187500
2000-09-19,65.687500
2000-09-20,69.125000
2000-09-21,68.437500
2000-09-22,72.062500
2000-09-25,69.687500
2000-09-26,71.562500
2000-09-27,71.375000
2000-09-28,70.250000
2000-09-29,69.828125
2000-10-02,65.750000
2000-10-03,66.750000
2000-10-04,64.437500
2000-10-05,66.625000
2000-10-06,63.062500
2000-10-09,63.187500
2000-10-10,60.687500
2000-10-11,65.687500
2000-10-12,61.875000
2000-10-13,64.875000
2000-10-16,63.812500
2000-10-17,63.875000
2000-10-18,67.562500
2000-10-19,67.812500
2000-10-20,68.750000
2000-10-23,70.937500
2000-10-24,71.375000
2000-10-25,68.625000
2000-10-26,68.500000
2000-10-27,59.312500
2000-10-30,54.125000
2000-10-31,57.937500
2000-11-01,60.359375
2000-11-02,61.437500
2000-11-03,59.812500
2000-11-06,59.875000
2000-11-07,61.812500
2000-11-08,61.625000
2000-11-09,62.750000
2000-11-10,64.562500
2000-11-13,62.625000
2000-11-14,64.125000
2000-11-15,67.375000
2000-11-16,65.875000
2000-11-17,65.125000
2000-11-20,63.375000
2000-11-21,64.625000
2000-11-22,65.312500
2000-11-24,66.062500
2000-11-27,67.187500
2000-11-28,66.343750
2000-11-29,68.125000
2000-11-30,63.625000
2000-12-01,64.812500
2000-12-04,64.937500
2000-12-05,68.625000
2000-12-06,66.000000
2000-12-07,65.437500
2000-12-08,68.375000
2000-12-11,69.250000
2000-12-12,68.250000
2000-12-13,67.125000
2000-12-14,64.312500
2000-12-15,59.937500
2000-12-18,63.812500
2000-12-19,65.312500
2000-12-20,63.625000
2000-12-21,63.687500
2000-12-22,66.750000
2000-12-26,67.750000
2000-12-27,65.687500
2000-12-28,66.437500
2000-12-29,63.937500
2001-01-02,62.875000
2001-01-03,67.062500
2001-01-04,62.687500
2001-01-05,58.312500
2001-01-08,58.687500
2001-01-09,62.000000
2001-01-10,60.750000
2001-01-11,60.625000
2001-01-12,59.750000
2001-01-16,61.562500
2001-01-17,60.500000
2001-01-18,62.062500
2001-01-19,60.000000
2001-01-22,67.625000
2001-01-23,67.750000
2001-01-24,69.062500
2001-01-25,72.000000
2001-01-26,71.687500
2001-01-29,71.000000
2001-01-30,71.000000
2001-01-31,70.312500
2001-02-01,69.312500
2001-02-02,69.937500
2001-02-05,68.312500
2001-02-06,69.875000
2001-02-07,70.625000
2001-02-08,69.812500
2001-02-09,72.562500
2001-02-12,74.187500
2001-02-13,72.312500
2001-02-14,72.000000
2001-02-15,72.062500
2001-02-16,71.250000
2001-02-20,68.437500
2001-02-21,70.625000
2001-02-22,70.062500
2001-02-23,70.437500
2001-02-26,73.375000
2001-02-27,73.937500
2001-02-28,72.062500
2001-03-01,71.015625
2001-03-02,72.437500
2001-03-05,72.812500
2001-03-06,73.687500
2001-03-07,71.187500
2001-03-08,68.562500
2001-03-09,66.625000
2001-03-12,61.312500
2001-03-13,65.062500
2001-03-14,65.000000
2001-03-15,65.125000
2001-03-16,62.375000
2001-03-19,63.937500
2001-03-20,61.312500
2001-03-21,55.437500
2001-03-22,54.937500
2001-03-23,56.187500
2001-03-26,58.875000
2001-03-27,60.750000
2001-03-28,59.562500
2001-03-29,59.687500
2001-03-30,60.187500
2001-04-02,57.000000
2001-04-03,54.687500
2001-04-04,55.000000
2001-04-05,56.812500
2001-04-06,54.437500
2001-04-09,53.970001
2001-04-10,51.509998
2001-04-11,51.869999
2001-04-12,54.139999
2001-04-16,54.580002
2001-04-17,57.099998
2001-04-18,61.549999
2001-04-19,61.080002
2001-04-20,59.560001
2001-04-23,59.950001
2001-04-24,57.450001
2001-04-25,58.400002
2001-04-26,55.889999
2001-04-27,59.880001
2001-04-30,61.139999
2001-05-01,61.389999
2001-05-02,62.240002
2001-05-03,59.439999
2001-05-04,62.389999
2001-05-07,62.090000
2001-05-08,62.180000
2001-05-09,60.959999
2001-05-10,60.180000
2001-05-11,60.599998
2001-05-14,60.950001
2001-05-15,60.570000
2001-05-16,65.000000
2001-05-17,66.809998
2001-05-18,65.459999
2001-05-21,66.889999
2001-05-22,66.239998
2001-05-23,64.110001
2001-05-24,67.139999
2001-05-25,65.870003
2001-05-29,67.300003
2001-05-30,65.820000
2001-05-31,66.379997
2001-06-01,68.580002
2001-06-04,69.889999
2001-06-05,70.019997
2001-06-06,68.199997
2001-06-07,68.820000
2001-06-08,67.449997
2001-06-11,66.750000
2001-06-12,66.919998
2001-06-13,67.750000
2001-06-14,66.949997
2001-06-15,67.059998
2001-06-18,66.980003
2001-06-19,66.970001
2001-06-20,67.440002
2001-06-21,67.300003
2001-06-22,65.139999
2001-06-25,64.250000
2001-06-26,63.169998
2001-06-27,63.110001
2001-06-28,62.669998
2001-06-29,60.680000
2001-07-02,61.669998
2001-07-03,60.720001
2001-07-05,58.220001
2001-07-06,57.160000
2001-07-09,58.720001
2001-07-10,57.529999
2001-07-11,57.009998
2001-07-12,55.099998
2001-07-13,55.639999
2001-07-16,54.009998
2001-07-17,55.060001
2001-07-18,60.049999
2001-07-19,59.490002
2001-07-20,60.709999
2001-07-23,58.590000
2001-07-24,57.770000
2001-07-25,59.180000
2001-07-26,57.720001
2001-07-27,60.820000
2001-07-30,60.470001
2001-07-31,62.709999
2001-08-01,62.090000
2001-08-02,62.240002
2001-08-03,61.910000
2001-08-06,62.360001
2001-08-07,62.650002
2001-08-08,60.889999
2001-08-09,61.000000
2001-08-10,61.099998
2001-08-13,62.950001
2001-08-14,61.919998
2001-08-15,60.090000
2001-08-16,61.000000
2001-08-17,59.950001
2001-08-20,59.930000
2001-08-21,58.410000
2001-08-22,60.880001
2001-08-23,62.919998
2001-08-24,64.930000
2001-08-27,64.480003
2001-08-28,63.000000
2001-08-29,62.599998
2001-08-30,64.570000
2001-08-31,64.300003
2001-09-04,64.139999
2001-09-05,65.199997
2001-09-06,65.660004
2001-09-07,63.900002
2001-09-10,64.129997
2001-09-17,60.849998
2001-09-18,59.380001
2001-09-19,57.950001
2001-09-20,59.000000
2001-09-21,56.020000
2001-09-24,55.259998
2001-09-25,56.500000
2001-09-26,57.290001
2001-09-27,59.450001
2001-09-28,58.770000
2001-10-01,58.509998
2001-10-02,59.220001
2001-10-03,59.840000
2001-10-04,57.450001
2001-10-05,58.740002
2001-10-08,57.720001
2001-10-09,57.419998
2001-10-10,58.980000
2001-10-11,61.650002
2001-10-12,61.610001
2001-10-15,62.209999
2001-10-16,61.549999
2001-10-17,59.009998
2001-10-18,59.099998
2001-10-19,59.919998
2001-10-22,59.840000
2001-10-23,59.049999
2001-10-24,57.080002
2001-10-25,58.250000
2001-10-26,59.450001
2001-10-29,57.130001
2001-10-30,56.880001
2001-10-31,56.820000
2001-11-01,58.000000
2001-11-02,57.639999
2001-11-05,58.540001
2001-11-06,59.259998
2001-11-07,59.939999
2001-11-08,57.580002
2001-11-09,56.889999
2001-11-12,56.270000
2001-11-13,57.990002
2001-11-14,57.330002
2001-11-15,57.040001
2001-11-16,56.520000
2001-11-19,58.349998
2001-11-20,57.910000
2001-11-21,61.980000
2001-11-23,64.419998
2001-11-26,67.389999
2001-11-27,65.849998
2001-11-28,64.519997
2001-11-29,65.790001
2001-11-30,66.430000
2001-12-03,65.480003
2001-12-04,66.660004
2001-12-05,67.739998
2001-12-06,68.489998
2001-12-07,66.800003
2001-12-10,64.870003
2001-12-11,64.300003
2001-12-12,64.389999
2001-12-13,60.189999
2001-12-14,56.029999
2001-12-17,59.490002
2001-12-18,58.389999
2001-12-19,58.330002
2001-12-20,57.799999
2001-12-21,57.970001
2001-12-24,57.020000
2001-12-26,58.290001
2001-12-27,58.400002
2001-12-28,59.060001
2001-12-31,56.439999
2002-01-02,56.400002
2002-01-03,54.340000
2002-01-04,55.619999
2002-01-07,55.689999
2002-01-08,56.540001
2002-01-09,55.770000
2002-01-10,56.490002
2002-01-11,57.099998
2002-01-14,55.500000
2002-01-15,56.259998
2002-01-16,55.689999
2002-01-17,55.799999
2002-01-18,54.330002
2002-01-22,56.060001
2002-01-23,58.459999
2002-01-24,57.209999
2002-01-25,57.060001
2002-01-28,56.299999
2002-01-29,54.500000
2002-01-30,55.040001
2002-01-31,55.500000
2002-02-01,57.880001
2002-02-04,56.369999
2002-02-05,56.680000
2002-02-06,56.439999
2002-02-07,56.009998
2002-02-08,57.900002
2002-02-11,57.639999
2002-02-12,59.000000
2002-02-13,58.919998
2002-02-14,58.000000
2002-02-15,58.189999
2002-02-19,56.900002
2002-02-20,58.950001
2002-02-21,57.590000
2002-02-22,57.549999
2002-02-25,58.970001
2002-02-26,58.619999
2002-02-27,57.869999
2002-02-28,57.980000
2002-03-01,58.529999
2002-03-04,59.880001
2002-03-05,58.939999
2002-03-06,60.590000
2002-03-07,59.799999
2002-03-08,59.720001
2002-03-11,59.400002
2002-03-12,59.590000
2002-03-13,59.860001
2002-03-14,60.250000
2002-03-15,61.410000
2002-03-18,62.480000
2002-03-19,62.310001
2002-03-20,61.060001
2002-03-21,62.240002
2002-03-22,61.799999
2002-03-25,60.380001
2002-03-26,60.630001
2002-03-27,60.849998
2002-03-28,59.680000
2002-04-01,61.389999
2002-04-02,59.750000
2002-04-03,59.939999
2002-04-04,58.970001
2002-04-05,58.220001
2002-04-08,58.990002
2002-04-09,56.360001
2002-04-10,58.639999
2002-04-11,57.169998
2002-04-12,57.209999
2002-04-15,56.849998
2002-04-16,57.750000
2002-04-17,56.439999
2002-04-18,57.520000
2002-04-19,56.820000
2002-04-22,56.020000
2002-04-23,54.750000
2002-04-24,56.110001
2002-04-25,55.200001
2002-04-26,53.840000
2002-04-29,51.880001
2002-04-30,52.880001
2002-05-01,51.520000
2002-05-02,50.320000
2002-05-03,48.799999
2002-05-06,46.810001
2002-05-07,46.540001
2002-05-08,49.150002
2002-05-09,47.590000
2002-05-10,45.660000
2002-05-13,47.959999
2002-05-14,51.790001
2002-05-15,51.349998
2002-05-16,50.349998
2002-05-17,50.689999
2002-05-20,49.790001
2002-05-21,48.650002
2002-05-22,49.430000
2002-05-23,52.700001
2002-05-24,50.709999
2002-05-28,51.610001
2002-05-29,50.619999
2002-05-30,50.119999
2002-05-31,47.630001
2002-06-03,45.189999
2002-06-04,44.400002
2002-06-05,45.509998
2002-06-06,42.790001
2002-06-07,41.250000
2002-06-10,41.810001
2002-06-11,38.750000
2002-06-12,38.169998
2002-06-13,37.799999
2002-06-14,40.180000
2002-06-17,42.700001
2002-06-18,43.250000
2002-06-19,43.029999
2002-06-20,41.320000
2002-06-21,40.450001
2002-06-24,41.779999
2002-06-25,40.660000
2002-06-26,40.810001
2002-06-27,41.490002
2002-06-28,41.880001
2002-07-01,38.360001
2002-07-02,36.950001
2002-07-03,35.830002
2002-07-05,38.070000
2002-07-08,36.209999
2002-07-09,34.930000
2002-07-10,32.529999
2002-07-11,34.410000
2002-07-12,34.299999
2002-07-15,31.070000
2002-07-16,32.869999
2002-07-17,37.099998
2002-07-18,34.279999
2002-07-19,35.459999
2002-07-22,35.279999
2002-07-23,35.599998
2002-07-24,37.090000
2002-07-25,41.939999
2002-07-26,43.380001
2002-07-29,44.020000
2002-07-30,45.490002
2002-07-31,45.639999
2002-08-01,43.400002
2002-08-02,43.509998
2002-08-05,42.220001
2002-08-06,44.230000
2002-08-07,45.720001
2002-08-08,48.029999
2002-08-09,47.730000
2002-08-12,47.980000
2002-08-13,45.639999
2002-08-14,47.520000
2002-08-15,47.799999
2002-08-16,47.529999
2002-08-19,46.419998
2002-08-20,46.669998
2002-08-21,47.700001
2002-08-22,48.540001
2002-08-23,47.270000
2002-08-26,46.840000
2002-08-27,45.209999
2002-08-28,45.180000
2002-08-29,45.380001
2002-08-30,45.029999
2002-09-03,42.939999
2002-09-04,44.119999
2002-09-05,43.200001
2002-09-06,44.750000
2002-09-09,44.950001
2002-09-10,46.049999
2002-09-11,45.650002
2002-09-12,45.080002
2002-09-13,45.669998
2002-09-16,45.290001
2002-09-17,45.169998
2002-09-18,45.480000
2002-09-19,42.009998
2002-09-20,41.720001
2002-09-23,40.009998
2002-09-24,42.070000
2002-09-25,44.060001
2002-09-26,43.660000
2002-09-27,42.000000
2002-09-30,41.700001
2002-10-01,44.560001
2002-10-02,44.750000
2002-10-03,45.750000
2002-10-04,43.660000
2002-10-07,44.700001
2002-10-08,45.790001
2002-10-09,45.619999
2002-10-10,48.240002
2002-10-11,48.090000
2002-10-14,49.189999
2002-10-15,50.480000
2002-10-16,50.380001
2002-10-17,50.150002
2002-10-18,50.480000
2002-10-21,50.380001
2002-10-22,49.799999
2002-10-23,50.000000
2002-10-24,48.680000
2002-10-25,49.790001
2002-10-28,49.070000
2002-10-29,48.860001
2002-10-30,48.040001
2002-10-31,46.560001
2002-11-01,46.599998
2002-11-04,48.360001
2002-11-05,50.080002
2002-11-06,46.209999
2002-11-07,45.340000
2002-11-08,44.139999
2002-11-11,44.200001
2002-11-12,45.520000
2002-11-13,44.950001
2002-11-14,47.200001
2002-11-15,47.750000
2002-11-18,46.200001
2002-11-19,45.730000
2002-11-20,46.820000
2002-11-21,47.860001
2002-11-22,47.450001
2002-11-25,46.849998
2002-11-26,47.020000
2002-11-27,48.290001
2002-11-29,47.200001
2002-12-02,48.570000
2002-12-03,47.150002
2002-12-04,46.930000
2002-12-05,48.029999
2002-12-06,49.400002
2002-12-09,47.639999
2002-12-10,47.080002
2002-12-11,47.270000
2002-12-12,50.450001
2002-12-13,50.320000
2002-12-16,50.509998
2002-12-17,51.619999
2002-12-18,51.750000
2002-12-19,50.770000
2002-12-20,51.480000
2002-12-23,51.639999
2002-12-24,51.450001
2002-12-26,50.680000
2002-12-27,49.540001
2002-12-30,49.160000
2002-12-31,48.340000
2003-01-02,49.320000
2003-01-03,49.189999
2003-01-06,50.270000
2003-01-07,50.240002
2003-01-08,48.880001
2003-01-09,49.689999
2003-01-10,50.439999
2003-01-13,51.520000
2003-01-14,51.099998
2003-01-15,50.720001
2003-01-16,51.180000
2003-01-17,51.320000
2003-01-21,50.869999
2003-01-22,52.500000
2003-01-23,53.500000
2003-01-24,52.240002
2003-01-27,50.779999
2003-01-28,51.590000
2003-01-29,52.189999
2003-01-30,50.980000
2003-01-31,50.959999
2003-02-03,52.130001
2003-02-04,51.830002
2003-02-05,51.270000
2003-02-06,51.290001
2003-02-07,52.090000
2003-02-10,52.980000
2003-02-11,53.450001
2003-02-12,52.320000
2003-02-13,51.779999
2003-02-14,52.599998
2003-02-18,53.619999
2003-02-19,53.980000
2003-02-20,53.990002
2003-02-21,54.599998
2003-02-24,53.150002
2003-02-25,53.860001
2003-02-26,53.250000
2003-02-27,54.060001
2003-02-28,54.639999
2003-03-03,53.849998
2003-03-04,54.119999
2003-03-05,55.330002
2003-03-06,55.400002
2003-03-07,55.700001
2003-03-10,55.099998
2003-03-11,55.000000
2003-03-12,55.160000
2003-03-13,57.000000
2003-03-14,57.639999
2003-03-17,58.610001
2003-03-18,58.869999
2003-03-19,58.299999
2003-03-20,57.970001
2003-03-21,58.560001
2003-03-24,57.340000
2003-03-25,58.459999
2003-03-26,57.950001
2003-03-27,58.570000
2003-03-28,58.560001
2003-03-31,57.549999
2003-04-01,58.520000
2003-04-02,59.730000
2003-04-03,59.400002
2003-04-04,59.279999
2003-04-07,58.410000
2003-04-08,58.650002
2003-04-09,57.599998
2003-04-10,57.950001
2003-04-11,57.880001
2003-04-14,59.080002
2003-04-15,60.150002
2003-04-16,59.540001
2003-04-17,60.130001
2003-04-21,60.080002
2003-04-22,60.939999
2003-04-23,63.799999
2003-04-24,63.990002
2003-04-25,63.000000
2003-04-28,62.889999
2003-04-29,62.099998
2003-04-30,61.299999
2003-05-01,62.529999
2003-05-02,63.270000
2003-05-05,62.709999
2003-05-06,60.970001
2003-05-07,59.549999
2003-05-08,60.470001
2003-05-09,61.240002
2003-05-12,61.990002
2003-05-13,61.500000
2003-05-14,61.849998
2003-05-15,62.630001
2003-05-16,62.310001
2003-05-19,60.270000
2003-05-20,61.029999
2003-05-21,60.689999
2003-05-22,61.869999
2003-05-23,61.790001
2003-05-27,63.650002
2003-05-28,63.750000
2003-05-29,63.320000
2003-05-30,64.739998
2003-06-02,63.549999
2003-06-03,64.059998
2003-06-04,64.489998
2003-06-05,65.440002
2003-06-06,63.380001
2003-06-09,62.730000
2003-06-10,63.669998
2003-06-11,65.330002
2003-06-12,65.029999
2003-06-13,65.000000
2003-06-16,67.500000
2003-06-17,66.839996
2003-06-18,65.870003
2003-06-19,63.820000
2003-06-20,64.970001
2003-06-23,64.120003
2003-06-24,65.050003
2003-06-25,64.589996
2003-06-26,66.320000
2003-06-27,65.180000
2003-06-30,65.940002
2003-07-01,65.849998
2003-07-02,67.209999
2003-07-03,66.379997
2003-07-07,68.910004
2003-07-08,69.989998
2003-07-09,69.949997
2003-07-10,69.510002
2003-07-11,69.800003
2003-07-14,70.489998
2003-07-15,71.540001
2003-07-16,71.379997
2003-07-17,70.720001
2003-07-18,70.769997
2003-07-21,69.080002
2003-07-22,68.930000
2003-07-23,69.720001
2003-07-24,68.300003
2003-07-25,68.709999
2003-07-28,69.889999
2003-07-29,69.290001
2003-07-30,69.639999
2003-07-31,69.430000
2003-08-01,68.250000
2003-08-04,68.160004
2003-08-05,66.169998
2003-08-06,66.070000
2003-08-07,67.019997
2003-08-08,66.820000
2003-08-11,67.510002
2003-08-12,69.050003
2003-08-13,68.040001
2003-08-14,68.580002
2003-08-15,68.699997
2003-08-18,69.510002
2003-08-19,68.320000
2003-08-20,68.610001
2003-08-21,68.699997
2003-08-22,66.480003
2003-08-25,66.199997
2003-08-26,65.529999
2003-08-27,65.730003
2003-08-28,66.279999
2003-08-29,65.940002
2003-09-02,67.839996
2003-09-03,66.309998
2003-09-04,67.139999
2003-09-05,67.279999
2003-09-08,68.199997
2003-09-09,67.419998
2003-09-10,66.989998
2003-09-11,68.250000
2003-09-12,68.519997
2003-09-15,68.500000
2003-09-16,69.809998
2003-09-17,69.629997
2003-09-18,70.000000
2003-09-19,68.889999
2003-09-22,68.459999
2003-09-23,68.580002
2003-09-24,65.849998
2003-09-25,65.379997
2003-09-26,65.150002
2003-09-29,65.370003
2003-09-30,64.519997
2003-10-01,66.279999
2003-10-02,66.150002
2003-10-03,64.970001
2003-10-06,64.930000
2003-10-07,66.209999
2003-10-08,65.180000
2003-10-09,66.529999
2003-10-10,66.059998
2003-10-13,67.139999
2003-10-14,66.809998
2003-10-15,65.330002
2003-10-16,65.160004
2003-10-17,63.009998
2003-10-20,61.889999
2003-10-21,63.650002
2003-10-22,60.299999
2003-10-23,59.740002
2003-10-24,61.470001
2003-10-27,60.830002
2003-10-28,60.849998
2003-10-29,60.150002
2003-10-30,61.110001
2003-10-31,61.759998
2003-11-03,61.150002
2003-11-04,61.090000
2003-11-05,61.240002
2003-11-06,61.130001
2003-11-07,59.950001
2003-11-10,59.139999
2003-11-11,58.980000
2003-11-12,60.279999
2003-11-13,59.950001
2003-11-14,58.250000
2003-11-17,59.939999
2003-11-18,58.840000
2003-11-19,60.099998
2003-11-20,59.750000
2003-11-21,59.950001
2003-11-24,60.169998
2003-11-25,58.910000
2003-11-26,58.139999
2003-11-28,57.619999
2003-12-01,59.230000
2003-12-02,58.889999
2003-12-03,58.840000
2003-12-04,59.610001
2003-12-05,58.299999
2003-12-08,57.950001
2003-12-09,57.930000
2003-12-10,58.209999
2003-12-11,58.740002
2003-12-12,59.430000
2003-12-15,59.730000
2003-12-16,60.380001
2003-12-17,62.150002
2003-12-18,61.590000
2003-12-19,61.849998
2003-12-22,61.160000
2003-12-23,61.770000
2003-12-24,61.459999
2003-12-26,61.119999
2003-12-29,61.869999
2003-12-30,61.970001
2003-12-31,61.790001
2004-01-02,62.349998
2004-01-05,62.349998
2004-01-06,62.549999
2004-01-07,63.380001
2004-01-08,63.360001
2004-01-09,63.000000
2004-01-12,63.029999
2004-01-13,63.750000
2004-01-14,64.050003
2004-01-15,63.150002
2004-01-16,63.500000
2004-01-20,62.950001
2004-01-21,62.810001
2004-01-22,61.470001
2004-01-23,63.930000
2004-01-26,65.330002
2004-01-27,64.500000
2004-01-28,64.300003
2004-01-29,64.989998
2004-01-30,64.660004
2004-02-02,66.129997
2004-02-03,66.230003
2004-02-04,65.360001
2004-02-05,64.550003
2004-02-06,64.860001
2004-02-09,64.220001
2004-02-10,64.970001
2004-02-11,65.839996
2004-02-12,65.349998
2004-02-13,64.669998
2004-02-17,64.550003
2004-02-18,64.080002
2004-02-19,63.270000
2004-02-20,63.570000
2004-02-23,63.119999
2004-02-24,63.270000
2004-02-25,63.730000
2004-02-26,64.389999
2004-02-27,63.529999
2004-03-01,64.250000
2004-03-02,63.540001
2004-03-03,63.040001
2004-03-04,62.889999
2004-03-05,63.250000
2004-03-08,62.459999
2004-03-09,62.759998
2004-03-10,61.040001
2004-03-11,60.200001
2004-03-12,60.849998
2004-03-15,59.480000
2004-03-16,59.049999
2004-03-17,61.299999
2004-03-18,61.180000
2004-03-19,60.950001
2004-03-22,60.110001
2004-03-23,57.830002
2004-03-24,58.180000
2004-03-25,59.029999
2004-03-26,58.090000
2004-03-29,59.549999
2004-03-30,59.020000
2004-03-31,58.150002
2004-04-01,58.639999
2004-04-02,59.509998
2004-04-05,59.689999
2004-04-06,58.750000
2004-04-07,58.009998
2004-04-08,58.299999
2004-04-12,58.849998
2004-04-13,58.599998
2004-04-14,59.060001
2004-04-15,60.360001
2004-04-16,60.139999
2004-04-19,60.430000
2004-04-20,58.570000
2004-04-21,57.009998
2004-04-22,57.139999
2004-04-23,58.310001
2004-04-26,59.060001
2004-04-27,59.930000
2004-04-28,58.630001
2004-04-29,58.119999
2004-04-30,56.410000
2004-05-03,57.939999
2004-05-04,57.700001
2004-05-05,58.450001
2004-05-06,57.779999
2004-05-07,56.950001
2004-05-10,57.220001
2004-05-11,57.070000
2004-05-12,57.340000
2004-05-13,57.200001
2004-05-14,56.740002
2004-05-17,56.419998
2004-05-18,55.950001
2004-05-19,54.500000
2004-05-20,53.549999
2004-05-21,53.900002
2004-05-24,53.549999
2004-05-25,54.630001
2004-05-26,54.770000
2004-05-27,54.980000
2004-05-28,54.700001
2004-06-01,54.290001
2004-06-02,55.160000
2004-06-03,55.169998
2004-06-04,55.430000
2004-06-07,55.770000
2004-06-08,55.700001
2004-06-09,55.160000
2004-06-10,55.369999
2004-06-14,55.459999
2004-06-15,54.860001
2004-06-16,54.400002
2004-06-17,53.970001
2004-06-18,53.480000
2004-06-21,52.820000
2004-06-22,53.099998
2004-06-23,54.220001
2004-06-24,54.520000
2004-06-25,54.130001
2004-06-28,53.560001
2004-06-29,54.090000
2004-06-30,54.570000
2004-07-01,54.759998
2004-07-02,55.200001
2004-07-06,54.029999
2004-07-07,53.889999
2004-07-08,53.320000
2004-07-09,53.610001
2004-07-12,53.980000
2004-07-13,54.520000
2004-07-14,55.500000
2004-07-15,56.000000
2004-07-16,55.730000
2004-07-19,55.610001
2004-07-20,57.000000
2004-07-21,55.849998
2004-07-22,56.099998
2004-07-23,55.360001
2004-07-26,55.500000
2004-07-27,55.910000
2004-07-28,57.000000
2004-07-29,57.000000
2004-07-30,56.880001
2004-08-02,56.310001
2004-08-03,56.349998
2004-08-04,56.549999
2004-08-05,55.099998
2004-08-06,53.799999
2004-08-09,53.230000
2004-08-10,53.900002
2004-08-11,55.200001
2004-08-12,54.830002
2004-08-13,54.360001
2004-08-16,55.770000
2004-08-17,55.980000
2004-08-18,57.259998
2004-08-19,57.389999
2004-08-20,58.200001
2004-08-23,58.049999
2004-08-24,58.830002
2004-08-25,59.310001
2004-08-26,59.160000
2004-08-27,59.680000
2004-08-30,59.009998
2004-08-31,59.290001
2004-09-01,59.340000
2004-09-02,59.910000
2004-09-03,59.529999
2004-09-07,59.919998
2004-09-08,59.980000
2004-09-09,59.060001
2004-09-10,57.299999
2004-09-13,57.919998
2004-09-14,58.340000
2004-09-15,58.150002
2004-09-16,58.189999
2004-09-17,58.070000
2004-09-20,57.900002
2004-09-21,58.560001
2004-09-22,57.570000
2004-09-23,57.570000
2004-09-24,57.139999
2004-09-27,56.639999
2004-09-28,57.349998
2004-09-29,57.990002
2004-09-30,56.810001
2004-10-01,57.759998
2004-10-04,57.630001
2004-10-05,57.500000
2004-10-06,57.580002
2004-10-07,56.560001
2004-10-08,55.669998
2004-10-11,55.889999
2004-10-12,55.669998
2004-10-13,54.990002
2004-10-14,54.000000
2004-10-15,55.220001
2004-10-18,56.630001
2004-10-19,56.639999
2004-10-20,56.410000
2004-10-21,54.279999
2004-10-22,52.700001
2004-10-25,53.189999
2004-10-26,54.919998
2004-10-27,56.020000
2004-10-28,56.419998
2004-10-29,56.799999
2004-11-01,55.669998
2004-11-02,54.990002
2004-11-03,58.549999
2004-11-04,59.000000
2004-11-05,60.660000
2004-11-08,60.049999
2004-11-09,59.820000
2004-11-10,59.340000
2004-11-11,59.880001
2004-11-12,59.970001
2004-11-15,59.919998
2004-11-16,59.840000
2004-11-17,59.869999
2004-11-18,60.080002
2004-11-19,59.880001
2004-11-22,60.369999
2004-11-23,59.950001
2004-11-24,60.450001
2004-11-26,60.209999
2004-11-29,60.740002
2004-11-30,60.040001
2004-12-01,60.959999
2004-12-02,62.939999
2004-12-03,62.009998
2004-12-06,62.860001
2004-12-07,61.950001
2004-12-08,63.070000
2004-12-09,64.330002
2004-12-10,63.950001
2004-12-13,63.950001
2004-12-14,64.360001
2004-12-15,63.540001
2004-12-16,63.240002
2004-12-17,63.099998
2004-12-20,62.950001
2004-12-21,64.000000
2004-12-22,63.470001
2004-12-23,64.150002
2004-12-27,63.590000
2004-12-28,64.599998
2004-12-29,64.760002
2004-12-30,64.279999
2004-12-31,64.150002
2005-01-03,64.279999
2005-01-04,63.259998
2005-01-05,62.259998
2005-01-06,62.840000
2005-01-07,62.970001
2005-01-10,63.639999
2005-01-11,63.779999
2005-01-12,64.870003
2005-01-13,63.889999
2005-01-14,63.810001
2005-01-18,64.160004
2005-01-19,63.480000
2005-01-20,62.560001
2005-01-21,62.570000
2005-01-24,62.119999
2005-01-25,62.169998
2005-01-26,63.560001
2005-01-27,61.580002
2005-01-28,61.299999
2005-01-31,62.240002
2005-02-01,62.529999
2005-02-02,62.650002
2005-02-03,62.139999
2005-02-04,62.750000
2005-02-07,63.150002
2005-02-08,63.029999
2005-02-09,62.090000
2005-02-10,62.779999
2005-02-11,63.419998
2005-02-14,63.250000
2005-02-15,63.689999
2005-02-16,63.340000
2005-02-17,62.349998
2005-02-18,62.000000
2005-02-22,61.639999
2005-02-23,61.340000
2005-02-24,61.900002
2005-02-25,62.810001
2005-02-28,61.610001
2005-03-01,62.240002
2005-03-02,61.439999
2005-03-03,61.970001
2005-03-04,62.040001
2005-03-07,62.110001
2005-03-08,61.750000
2005-03-09,61.130001
2005-03-10,61.029999
2005-03-11,59.810001
2005-03-14,60.430000
2005-03-15,58.610001
2005-03-16,57.980000
2005-03-17,58.950001
2005-03-18,58.860001
2005-03-21,58.070000
2005-03-22,58.180000
2005-03-23,58.860001
2005-03-24,58.980000
2005-03-28,58.470001
2005-03-29,58.259998
2005-03-30,58.990002
2005-03-31,58.209999
2005-04-01,57.349998
2005-04-04,57.330002
2005-04-05,57.860001
2005-04-06,58.049999
2005-04-07,58.750000
2005-04-08,58.680000
2005-04-11,59.330002
2005-04-12,60.580002
2005-04-13,60.470001
2005-04-14,59.669998
2005-04-15,59.950001
2005-04-18,59.029999
2005-04-19,58.580002
2005-04-20,58.130001
2005-04-21,59.250000
2005-04-22,58.889999
2005-04-25,58.029999
2005-04-26,57.200001
2005-04-27,57.910000
2005-04-28,57.349998
2005-04-29,58.209999
2005-05-02,58.740002
2005-05-03,58.150002
2005-05-04,58.959999
2005-05-05,58.830002
2005-05-06,58.590000
2005-05-09,60.330002
2005-05-10,61.029999
2005-05-11,61.419998
2005-05-12,61.799999
2005-05-13,62.119999
2005-05-16,62.990002
2005-05-17,62.900002
2005-05-18,62.349998
2005-05-19,61.820000
2005-05-20,61.869999
2005-05-23,62.110001
2005-05-24,62.529999
2005-05-25,62.380001
2005-05-26,62.700001
2005-05-27,62.849998
2005-05-31,62.580002
2005-06-01,63.180000
2005-06-02,62.880001
2005-06-03,61.490002
2005-06-06,61.009998
2005-06-07,60.200001
2005-06-08,60.049999
2005-06-09,60.400002
2005-06-10,60.209999
2005-06-13,60.009998
2005-06-14,60.169998
2005-06-15,59.840000
2005-06-16,60.270000
2005-06-17,60.619999
2005-06-20,61.139999
2005-06-21,61.150002
2005-06-22,60.880001
2005-06-23,60.759998
2005-06-24,61.320000
2005-06-27,61.080002
2005-06-28,61.790001
2005-06-29,61.060001
2005-06-30,60.459999
2005-07-01,60.860001
2005-07-05,62.509998
2005-07-06,63.599998
2005-07-07,66.930000
2005-07-08,69.129997
2005-07-11,68.970001
2005-07-12,69.470001
2005-07-13,68.959999
2005-07-14,70.430000
2005-07-15,70.629997
2005-07-18,70.500000
2005-07-19,70.519997
2005-07-20,81.169998
2005-07-21,81.949997
2005-07-22,81.309998
2005-07-25,81.070000
2005-07-26,82.139999
2005-07-27,81.279999
2005-07-28,81.000000
2005-07-29,79.769997
2005-08-01,81.629997
2005-08-02,82.629997
2005-08-03,84.000000
2005-08-04,82.680000
2005-08-05,81.889999
2005-08-08,80.400002
2005-08-09,80.160004
2005-08-10,79.480003
2005-08-11,80.839996
2005-08-12,80.419998
2005-08-15,80.589996
2005-08-16,79.510002
2005-08-17,79.000000
2005-08-18,79.570000
2005-08-19,79.660004
2005-08-22,79.190002
2005-08-23,78.820000
2005-08-24,78.739998
2005-08-25,79.580002
2005-08-26,78.680000
2005-08-29,80.089996
2005-08-30,80.160004
2005-08-31,79.900002
2005-09-01,80.070000
2005-09-02,80.330002
2005-09-06,82.379997
2005-09-07,81.660004
2005-09-08,82.290001
2005-09-09,84.510002
2005-09-12,83.370003
2005-09-13,82.769997
2005-09-14,82.370003
2005-09-15,83.580002
2005-09-16,84.860001
2005-09-19,86.169998
2005-09-20,84.980003
2005-09-21,84.349998
2005-09-22,84.000000
2005-09-23,83.290001
2005-09-26,82.050003
2005-09-27,79.970001
2005-09-28,79.820000
2005-09-29,79.769997
2005-09-30,79.669998
2005-10-03,79.620003
2005-10-04,80.099998
2005-10-05,78.010002
2005-10-06,75.959999
2005-10-07,77.019997
2005-10-10,76.699997
2005-10-11,76.339996
2005-10-12,74.769997
2005-10-13,75.820000
2005-10-14,75.750000
2005-10-17,75.400002
2005-10-18,75.870003
2005-10-19,78.089996
2005-10-20,74.099998
2005-10-21,73.370003
2005-10-24,75.309998
2005-10-25,75.989998
2005-10-26,75.199997
2005-10-27,73.550003
2005-10-28,75.779999
2005-10-31,75.620003
2005-11-01,75.290001
2005-11-02,73.900002
2005-11-03,77.510002
2005-11-04,79.190002
2005-11-07,79.889999
2005-11-08,79.800003
2005-11-09,80.220001
2005-11-10,81.809998
2005-11-11,81.099998
2005-11-14,81.650002
2005-11-15,81.650002
2005-11-16,81.250000
2005-11-17,83.080002
2005-11-18,83.220001
2005-11-21,84.419998
2005-11-22,83.860001
2005-11-23,82.820000
2005-11-25,82.790001
2005-11-28,81.330002
2005-11-29,81.029999
2005-11-30,80.930000
2005-12-01,81.639999
2005-12-02,80.779999
2005-12-05,80.690002
2005-12-06,79.779999
2005-12-07,79.010002
2005-12-08,79.720001
2005-12-09,78.379997
2005-12-12,77.459999
2005-12-13,77.459999
2005-12-14,76.779999
2005-12-15,80.440002
2005-12-16,78.989998
2005-12-19,77.629997
2005-12-20,78.480003
2005-12-21,79.089996
2005-12-22,81.089996
2005-12-23,80.870003
2005-12-27,80.269997
2005-12-28,79.699997
2005-12-29,79.019997
2005-12-30,78.860001
2006-01-03,80.360001
2006-01-04,79.980003
2006-01-05,78.820000
2006-01-06,78.099998
2006-01-09,78.980003
2006-01-10,77.980003
2006-01-11,77.809998
2006-01-12,77.199997
2006-01-13,77.599998
2006-01-17,78.220001
2006-01-18,78.830002
2006-01-19,78.389999
2006-01-20,75.680000
2006-01-23,74.900002
2006-01-24,74.940002
2006-01-25,75.470001
2006-01-26,71.900002
2006-01-27,71.309998
2006-01-30,72.320000
2006-01-31,72.889999
2006-02-01,76.190002
2006-02-02,74.660004
2006-02-03,74.620003
2006-02-06,73.500000
2006-02-07,72.940002
2006-02-08,72.050003
2006-02-09,71.010002
2006-02-10,71.449997
2006-02-13,71.139999
2006-02-14,71.930000
2006-02-15,72.970001
2006-02-16,73.970001
2006-02-17,74.889999
2006-02-21,74.529999
2006-02-22,75.080002
2006-02-23,74.690002
2006-02-24,74.750000
2006-02-27,75.480003
2006-02-28,75.480003
2006-03-01,76.050003
2006-03-02,76.470001
2006-03-03,75.389999
2006-03-06,73.550003
2006-03-07,73.790001
2006-03-08,74.199997
2006-03-09,73.580002
2006-03-10,73.489998
2006-03-13,73.589996
2006-03-14,75.010002
2006-03-15,74.889999
2006-03-16,73.839996
2006-03-17,73.250000
2006-03-20,72.849998
2006-03-21,71.970001
2006-03-22,72.430000
2006-03-23,72.800003
2006-03-24,73.180000
2006-03-27,73.099998
2006-03-28,72.610001
2006-03-29,72.019997
2006-03-30,72.620003
2006-03-31,72.750000
2006-04-03,71.879997
2006-04-04,72.019997
2006-04-05,72.860001
2006-04-06,71.849998
2006-04-07,71.029999
2006-04-10,70.739998
2006-04-11,70.239998
2006-04-12,69.970001
2006-04-13,70.070000
2006-04-17,69.610001
2006-04-18,70.970001
2006-04-19,68.300003
2006-04-20,68.510002
2006-04-21,66.820000
2006-04-24,66.739998
2006-04-25,66.550003
2006-04-26,66.480003
2006-04-27,67.370003
2006-04-28,67.699997
2006-05-01,66.860001
2006-05-02,65.989998
2006-05-03,66.389999
2006-05-04,66.949997
2006-05-05,67.110001
2006-05-08,68.050003
2006-05-09,67.900002
2006-05-10,67.540001
2006-05-11,67.279999
2006-05-12,68.110001
2006-05-15,69.830002
2006-05-16,69.389999
2006-05-17,68.370003
2006-05-18,67.099998
2006-05-19,67.690002
2006-05-22,67.790001
2006-05-23,66.849998
2006-05-24,68.070000
2006-05-25,68.160004
2006-05-26,68.809998
2006-05-30,66.830002
2006-05-31,67.589996
2006-06-01,68.790001
2006-06-02,69.180000
2006-06-05,67.480003
2006-06-06,67.610001
2006-06-07,67.209999
2006-06-08,68.410004
2006-06-09,67.639999
2006-06-12,66.889999
2006-06-13,66.940002
2006-06-14,67.349998
2006-06-15,67.440002
2006-06-16,66.820000
2006-06-19,65.750000
2006-06-20,64.959999
2006-06-21,65.559998
2006-06-22,64.970001
2006-06-23,64.930000
2006-06-26,64.849998
2006-06-27,63.980000
2006-06-28,63.939999
2006-06-29,65.099998
2006-06-30,65.230003
2006-07-03,65.790001
2006-07-05,65.489998
2006-07-06,65.940002
2006-07-07,66.389999
2006-07-10,66.599998
2006-07-11,66.709999
2006-07-12,66.220001
2006-07-13,65.610001
2006-07-14,64.349998
2006-07-17,64.559998
2006-07-18,64.180000
2006-07-19,64.559998
2006-07-20,63.919998
2006-07-21,66.150002
2006-07-24,66.870003
2006-07-25,67.830002
2006-07-26,69.610001
2006-07-27,69.279999
2006-07-28,69.070000
2006-07-31,69.709999
2006-08-01,70.059998
2006-08-02,70.769997
2006-08-03,70.919998
2006-08-04,68.790001
2006-08-07,67.870003
2006-08-08,67.019997
2006-08-09,67.279999
2006-08-10,66.910004
2006-08-11,66.400002
2006-08-14,65.690002
2006-08-15,65.690002
2006-08-16,66.610001
2006-08-17,66.919998
2006-08-18,67.309998
2006-08-21,67.010002
2006-08-22,66.739998
2006-08-23,67.320000
2006-08-24,67.110001
2006-08-25,67.519997
2006-08-28,68.260002
2006-08-29,68.580002
2006-08-30,68.239998
2006-08-31,68.029999
2006-09-01,68.389999
2006-09-05,69.260002
2006-09-06,68.489998
2006-09-07,68.330002
2006-09-08,67.930000
2006-09-11,68.290001
2006-09-12,69.160004
2006-09-13,69.150002
2006-09-14,69.570000
2006-09-15,69.769997
2006-09-18,69.760002
2006-09-19,69.449997
2006-09-20,70.980003
2006-09-21,72.010002
2006-09-22,70.889999
2006-09-25,71.220001
2006-09-26,70.750000
2006-09-27,72.139999
2006-09-28,71.550003
2006-09-29,71.529999
2006-10-02,70.300003
2006-10-03,71.330002
2006-10-04,72.970001
2006-10-05,74.730003
2006-10-06,74.010002
2006-10-09,73.919998
2006-10-10,73.730003
2006-10-11,73.470001
2006-10-12,74.089996
2006-10-13,73.220001
2006-10-16,72.430000
2006-10-17,71.790001
2006-10-18,72.379997
2006-10-19,73.050003
2006-10-20,73.949997
2006-10-23,73.370003
2006-10-24,74.940002
2006-10-25,75.430000
2006-10-26,75.980003
2006-10-27,75.519997
2006-10-30,76.500000
2006-10-31,75.910004
2006-11-01,75.279999
2006-11-02,75.290001
2006-11-03,74.870003
2006-11-06,75.110001
2006-11-07,75.209999
2006-11-08,74.760002
2006-11-09,73.529999
2006-11-10,73.459999
2006-11-13,72.699997
2006-11-14,73.139999
2006-11-15,73.610001
2006-11-16,72.440002
2006-11-17,72.510002
2006-11-20,72.919998
2006-11-21,72.980003
2006-11-22,72.680000
2006-11-24,72.500000
2006-11-27,71.879997
2006-11-28,71.760002
2006-11-29,72.419998
2006-11-30,71.040001
2006-12-01,69.379997
2006-12-04,69.150002
2006-12-05,69.059998
2006-12-06,69.889999
2006-12-07,69.199997
2006-12-08,69.879997
2006-12-11,69.889999
2006-12-12,69.669998
2006-12-13,69.839996
2006-12-14,70.050003
2006-12-15,70.220001
2006-12-18,70.050003
2006-12-19,70.300003
2006-12-20,69.449997
2006-12-21,69.220001
2006-12-22,68.709999
2006-12-26,68.690002
2006-12-27,68.459999
2006-12-28,68.540001
2006-12-29,68.309998
2007-01-03,68.400002
2007-01-04,71.330002
2007-01-05,71.500000
2007-01-08,70.930000
2007-01-09,71.269997
2007-01-10,71.040001
2007-01-11,71.910004
2007-01-12,73.269997
2007-01-16,73.500000
2007-01-17,73.930000
2007-01-18,73.690002
2007-01-19,74.250000
2007-01-22,75.849998
2007-01-23,74.599998
2007-01-24,75.139999
2007-01-25,74.849998
2007-01-26,71.500000
2007-01-29,69.970001
2007-01-30,70.330002
2007-01-31,70.370003
2007-02-01,69.489998
2007-02-02,69.449997
2007-02-05,69.839996
2007-02-06,69.660004
2007-02-07,70.000000
2007-02-08,69.779999
2007-02-09,69.050003
2007-02-12,68.489998
2007-02-13,68.800003
2007-02-14,68.800003
2007-02-15,68.279999
2007-02-16,66.730003
2007-02-20,66.349998
2007-02-21,67.410004
2007-02-22,66.739998
2007-02-23,66.230003
2007-02-26,66.199997
2007-02-27,64.250000
2007-02-28,64.260002
2007-03-01,61.700001
2007-03-02,61.750000
2007-03-05,62.160000
2007-03-06,62.299999
2007-03-07,62.020000
2007-03-08,62.169998
2007-03-09,60.860001
2007-03-12,60.680000
2007-03-13,60.389999
2007-03-14,60.689999
2007-03-15,60.009998
2007-03-16,59.299999
2007-03-19,59.139999
2007-03-20,59.430000
2007-03-21,60.599998
2007-03-22,60.470001
2007-03-23,58.020000
2007-03-26,57.139999
2007-03-27,56.209999
2007-03-28,55.720001
2007-03-29,55.830002
2007-03-30,55.880001
2007-04-02,55.549999
2007-04-03,55.730000
2007-04-04,56.680000
2007-04-05,58.330002
2007-04-09,57.189999
2007-04-10,57.119999
2007-04-11,56.340000
2007-04-12,57.639999
2007-04-13,59.029999
2007-04-16,59.650002
2007-04-17,60.099998
2007-04-18,60.009998
2007-04-19,62.320000
2007-04-20,61.970001
2007-04-23,62.189999
2007-04-24,61.220001
2007-04-25,61.689999
2007-04-26,62.549999
2007-04-27,63.270000
2007-04-30,64.139999
2007-05-01,65.099998
2007-05-02,65.070000
2007-05-03,63.910000
2007-05-04,63.740002
2007-05-07,63.759998
2007-05-08,62.660000
2007-05-09,63.099998
2007-05-10,57.330002
2007-05-11,56.299999
2007-05-14,56.070000
2007-05-15,54.009998
2007-05-16,54.330002
2007-05-17,53.680000
2007-05-18,54.040001
2007-05-21,54.180000
2007-05-22,53.959999
2007-05-23,54.740002
2007-05-24,54.570000
2007-05-25,54.549999
2007-05-29,54.610001
2007-05-30,55.259998
2007-05-31,56.450001
2007-06-01,56.939999
2007-06-04,56.910000
2007-06-05,57.610001
2007-06-06,57.290001
2007-06-07,56.639999
2007-06-08,57.369999
2007-06-11,57.410000
2007-06-12,57.459999
2007-06-13,58.139999
2007-06-14,58.230000
2007-06-15,59.029999
2007-06-18,58.610001
2007-06-19,58.130001
2007-06-20,57.700001
2007-06-21,57.270000
2007-06-22,55.959999
2007-06-25,55.860001
2007-06-26,55.099998
2007-06-27,55.500000
2007-06-28,55.310001
2007-06-29,55.290001
2007-07-02,55.240002
2007-07-03,55.189999
2007-07-05,54.860001
2007-07-06,54.820000
2007-07-09,54.549999
2007-07-10,54.290001
2007-07-11,55.130001
2007-07-12,55.950001
2007-07-13,56.930000
2007-07-16,56.029999
2007-07-17,55.590000
2007-07-18,55.799999
2007-07-19,55.570000
2007-07-20,56.180000
2007-07-23,56.799999
2007-07-24,56.439999
2007-07-25,57.160000
2007-07-26,56.160000
2007-07-27,55.619999
2007-07-30,56.189999
2007-07-31,53.740002
2007-08-01,52.090000
2007-08-02,51.439999
2007-08-03,50.900002
2007-08-06,51.770000
2007-08-07,51.389999
2007-08-08,52.000000
2007-08-09,50.990002
2007-08-10,50.080002
2007-08-13,51.259998
2007-08-14,51.320000
2007-08-15,50.590000
2007-08-16,49.410000
2007-08-17,50.080002
2007-08-20,49.790001
2007-08-21,49.240002
2007-08-22,49.299999
2007-08-23,50.250000
2007-08-24,50.270000
2007-08-27,49.919998
2007-08-28,49.009998
2007-08-29,50.189999
2007-08-30,50.080002
2007-08-31,50.110001
2007-09-04,51.340000
2007-09-05,52.320000
2007-09-06,52.009998
2007-09-07,50.900002
2007-09-10,51.040001
2007-09-11,53.880001
2007-09-12,55.639999
2007-09-13,57.119999
2007-09-14,56.320000
2007-09-17,55.459999
2007-09-18,56.009998
2007-09-19,55.799999
2007-09-20,55.310001
2007-09-21,55.419998
2007-09-24,55.290001
2007-09-25,54.880001
2007-09-26,56.080002
2007-09-27,56.560001
2007-09-28,56.570000
2007-10-01,56.410000
2007-10-02,56.040001
2007-10-03,55.520000
2007-10-04,55.389999
2007-10-05,56.840000
2007-10-08,56.580002
2007-10-09,57.080002
2007-10-10,57.619999
2007-10-11,57.830002
2007-10-12,58.169998
2007-10-15,57.669998
2007-10-16,56.779999
2007-10-17,56.410000
2007-10-18,56.709999
2007-10-19,55.950001
2007-10-22,56.119999
2007-10-23,57.700001
2007-10-24,58.130001
2007-10-25,57.310001
2007-10-26,57.180000
2007-10-29,56.790001
2007-10-30,57.060001
2007-10-31,58.110001
2007-11-01,57.240002
2007-11-02,56.619999
2007-11-05,57.459999
2007-11-06,57.889999
2007-11-07,56.200001
2007-11-08,56.029999
2007-11-09,54.279999
2007-11-12,54.500000
2007-11-13,54.439999
2007-11-14,53.630001
2007-11-15,54.790001
2007-11-16,55.490002
2007-11-19,54.660000
2007-11-20,54.130001
2007-11-21,52.840000
2007-11-23,53.759998
2007-11-26,52.680000
2007-11-27,54.020000
2007-11-28,54.709999
2007-11-29,55.459999
2007-11-30,55.250000
2007-12-03,55.090000
2007-12-04,54.910000
2007-12-05,54.889999
2007-12-06,55.150002
2007-12-07,52.099998
2007-12-10,50.990002
2007-12-11,49.779999
2007-12-12,49.990002
2007-12-13,49.419998
2007-12-14,48.400002
2007-12-17,46.779999
2007-12-18,47.290001
2007-12-19,47.189999
2007-12-20,47.560001
2007-12-21,48.020000
2007-12-24,48.160000
2007-12-26,47.500000
2007-12-27,47.360001
2007-12-28,47.060001
2007-12-31,46.439999
2008-01-02,46.599998
2008-01-03,45.689999
2008-01-04,44.799999
2008-01-07,45.389999
2008-01-08,46.330002
2008-01-09,47.650002
2008-01-10,47.560001
2008-01-11,47.619999
2008-01-14,47.930000
2008-01-15,47.380001
2008-01-16,47.490002
2008-01-17,47.419998
2008-01-18,47.450001
2008-01-22,45.400002
2008-01-23,44.750000
2008-01-24,46.119999
2008-01-25,48.139999
2008-01-28,47.860001
2008-01-29,48.000000
2008-01-30,47.279999
2008-01-31,46.590000
2008-02-01,47.360001
2008-02-04,47.180000
2008-02-05,46.310001
2008-02-06,46.529999
2008-02-07,46.730000
2008-02-08,46.560001
2008-02-11,46.380001
2008-02-12,46.540001
2008-02-13,47.060001
2008-02-14,46.770000
2008-02-15,46.639999
2008-02-19,46.860001
2008-02-20,47.349998
2008-02-21,46.740002
2008-02-22,46.430000
2008-02-25,46.750000
2008-02-26,47.820000
2008-02-27,46.599998
2008-02-28,45.529999
2008-02-29,45.520000
2008-03-03,45.509998
2008-03-04,45.639999
2008-03-05,45.250000
2008-03-06,44.240002
2008-03-07,44.180000
2008-03-10,44.680000
2008-03-11,44.619999
2008-03-12,44.990002
2008-03-13,47.180000
2008-03-14,44.459999
2008-03-17,43.080002
2008-03-18,41.209999
2008-03-19,39.970001
2008-03-20,40.110001
2008-03-24,40.980000
2008-03-25,40.840000
2008-03-26,42.000000
2008-03-27,41.490002
2008-03-28,41.450001
2008-03-31,41.779999
2008-04-01,42.160000
2008-04-02,42.450001
2008-04-03,41.570000
2008-04-04,41.529999
2008-04-07,41.490002
2008-04-08,41.490002
2008-04-09,41.590000
2008-04-10,43.980000
2008-04-11,43.009998
2008-04-14,42.950001
2008-04-15,43.360001
2008-04-16,43.410000
2008-04-17,42.630001
2008-04-18,43.070000
2008-04-21,42.610001
2008-04-22,42.099998
2008-04-23,42.689999
2008-04-24,42.400002
2008-04-25,42.250000
2008-04-28,41.849998
2008-04-29,42.130001
2008-04-30,41.869999
2008-05-01,43.230000
2008-05-02,42.930000
2008-05-05,42.790001
2008-05-06,43.000000
2008-05-07,42.200001
2008-05-08,42.020000
2008-05-09,42.049999
2008-05-12,42.950001
2008-05-13,42.500000
2008-05-14,42.200001
2008-05-15,42.049999
2008-05-16,42.029999
2008-05-19,42.340000
2008-05-20,42.450001
2008-05-21,42.099998
2008-05-22,42.770000
2008-05-23,42.380001
2008-05-27,43.040001
2008-05-28,42.820000
2008-05-29,43.419998
2008-05-30,44.029999
2008-06-02,44.220001
2008-06-03,44.150002
2008-06-04,44.500000
2008-06-05,44.930000
2008-06-06,44.240002
2008-06-09,44.299999
2008-06-10,43.820000
2008-06-11,42.950001
2008-06-12,43.220001
2008-06-13,43.970001
2008-06-16,43.990002
2008-06-17,44.389999
2008-06-18,44.220001
2008-06-19,44.860001
2008-06-20,45.169998
2008-06-23,45.889999
2008-06-24,46.360001
2008-06-25,46.820000
2008-06-26,46.360001
2008-06-27,46.369999
2008-06-30,47.160000
2008-07-01,48.639999
2008-07-02,48.840000
2008-07-03,50.840000
2008-07-07,50.270000
2008-07-08,50.380001
2008-07-09,50.849998
2008-07-10,51.689999
2008-07-11,51.020000
2008-07-14,50.990002
2008-07-15,52.660000
2008-07-16,52.430000
2008-07-17,53.189999
2008-07-18,52.560001
2008-07-21,53.160000
2008-07-22,54.599998
2008-07-23,53.919998
2008-07-24,53.840000
2008-07-25,53.919998
2008-07-28,60.480000
2008-07-29,62.279999
2008-07-30,62.299999
2008-07-31,62.630001
2008-08-01,62.779999
2008-08-04,63.669998
2008-08-05,63.689999
2008-08-06,63.490002
2008-08-07,62.040001
2008-08-08,63.799999
2008-08-11,64.010002
2008-08-12,63.549999
2008-08-13,63.490002
2008-08-14,64.209999
2008-08-15,65.059998
2008-08-18,64.500000
2008-08-19,63.939999
2008-08-20,63.570000
2008-08-21,63.810001
2008-08-22,64.010002
2008-08-25,63.959999
2008-08-26,63.930000
2008-08-27,63.709999
2008-08-28,64.080002
2008-08-29,62.849998
2008-09-02,62.509998
2008-09-03,63.099998
2008-09-04,60.880001
2008-09-05,60.410000
2008-09-08,59.779999
2008-09-09,60.509998
2008-09-10,62.099998
2008-09-11,63.389999
2008-09-12,62.869999
2008-09-15,62.189999
2008-09-16,65.889999
2008-09-17,61.730000
2008-09-18,59.990002
2008-09-19,59.970001
2008-09-22,57.560001
2008-09-23,57.570000
2008-09-24,58.380001
2008-09-25,59.930000
2008-09-26,60.669998
2008-09-29,55.500000
2008-09-30,59.270000
2008-10-01,59.180000
2008-10-02,58.590000
2008-10-03,58.889999
2008-10-06,54.980000
2008-10-07,51.689999
2008-10-08,52.119999
2008-10-09,50.259998
2008-10-10,48.580002
2008-10-13,53.799999
2008-10-14,51.610001
2008-10-15,47.759998
2008-10-16,50.799999
2008-10-17,50.189999
2008-10-20,53.349998
2008-10-21,52.330002
2008-10-22,49.700001
2008-10-23,55.549999
2008-10-24,57.169998
2008-10-27,54.740002
2008-10-28,60.000000
2008-10-29,58.880001
2008-10-30,60.529999
2008-10-31,59.889999
2008-11-03,61.549999
2008-11-04,60.570000
2008-11-05,59.419998
2008-11-06,56.560001
2008-11-07,58.869999
2008-11-10,58.779999
2008-11-11,58.430000
2008-11-12,55.470001
2008-11-13,59.599998
2008-11-14,58.230000
2008-11-17,56.090000
2008-11-18,56.340000
2008-11-19,53.639999
2008-11-20,50.130001
2008-11-21,54.900002
2008-11-24,55.990002
2008-11-25,54.930000
2008-11-26,55.900002
2008-11-28,55.540001
2008-12-01,54.770000
2008-12-02,54.639999
2008-12-03,57.470001
2008-12-04,56.340000
2008-12-05,57.400002
2008-12-08,58.169998
2008-12-09,57.959999
2008-12-10,58.049999
2008-12-11,57.250000
2008-12-12,58.130001
2008-12-15,57.709999
2008-12-16,59.380001
2008-12-17,58.419998
2008-12-18,58.020000
2008-12-19,57.830002
2008-12-22,57.130001
2008-12-23,57.369999
2008-12-24,57.160000
2008-12-26,57.360001
2008-12-29,56.869999
2008-12-30,57.590000
2008-12-31,57.750000
2009-01-02,58.990002
2009-01-05,59.650002
2009-01-06,58.340000
2009-01-07,58.200001
2009-01-08,59.259998
2009-01-09,57.779999
2009-01-12,57.060001
2009-01-13,57.709999
2009-01-14,56.080002
2009-01-15,57.160000
2009-01-16,57.520000
2009-01-20,55.000000
2009-01-21,55.529999
2009-01-22,55.230000
2009-01-23,53.189999
2009-01-26,54.410000
2009-01-27,53.090000
2009-01-28,54.750000
2009-01-29,54.820000
2009-01-30,54.849998
2009-02-02,55.360001
2009-02-03,56.660000
2009-02-04,56.770000
2009-02-05,57.110001
2009-02-06,58.029999
2009-02-09,58.740002
2009-02-10,57.410000
2009-02-11,58.009998
2009-02-12,58.410000
2009-02-13,57.900002
2009-02-17,56.410000
2009-02-18,57.389999
2009-02-19,57.080002
2009-02-20,56.689999
2009-02-23,56.130001
2009-02-24,56.799999
2009-02-25,56.560001
2009-02-26,51.230000
2009-02-27,48.930000
2009-03-02,47.880001
2009-03-03,47.709999
2009-03-04,48.590000
2009-03-05,47.200001
2009-03-06,46.380001
2009-03-09,46.270000
2009-03-10,48.340000
2009-03-11,47.270000
2009-03-12,50.270000
2009-03-13,51.250000
2009-03-16,50.779999
2009-03-17,51.750000
2009-03-18,50.509998
2009-03-19,48.849998
2009-03-20,48.619999
2009-03-23,50.910000
2009-03-24,49.000000
2009-03-25,49.820000
2009-03-26,51.470001
2009-03-27,51.650002
2009-03-30,50.520000
2009-03-31,49.520000
2009-04-01,48.330002
2009-04-02,47.290001
2009-04-03,46.570000
2009-04-06,47.840000
2009-04-07,47.380001
2009-04-08,47.970001
2009-04-09,47.840000
2009-04-13,47.549999
2009-04-14,48.080002
2009-04-15,47.619999
2009-04-16,47.180000
2009-04-17,47.070000
2009-04-20,45.740002
2009-04-21,46.090000
2009-04-22,45.110001
2009-04-23,46.820000
2009-04-24,49.830002
2009-04-27,50.180000
2009-04-28,50.439999
2009-04-29,51.029999
2009-04-30,48.470001
2009-05-01,48.610001
2009-05-04,48.509998
2009-05-05,47.990002
2009-05-06,47.630001
2009-05-07,47.080002
2009-05-08,47.200001
2009-05-11,47.919998
2009-05-12,48.220001
2009-05-13,48.049999
2009-05-14,48.180000
2009-05-15,48.160000
2009-05-18,49.340000
2009-05-19,49.939999
2009-05-20,50.590000
2009-05-21,49.490002
2009-05-22,49.299999
2009-05-26,50.330002
2009-05-27,49.750000
2009-05-28,50.080002
2009-05-29,49.939999
2009-06-01,50.099998
2009-06-02,50.730000
2009-06-03,51.919998
2009-06-04,51.009998
2009-06-05,50.889999
2009-06-08,50.919998
2009-06-09,50.750000
2009-06-10,50.110001
2009-06-11,49.880001
2009-06-12,50.400002
2009-06-15,49.439999
2009-06-16,51.209999
2009-06-17,52.810001
2009-06-18,53.029999
2009-06-19,52.340000
2009-06-22,50.990002
2009-06-23,51.139999
2009-06-24,51.009998
2009-06-25,51.919998
2009-06-26,52.799999
2009-06-29,53.110001
2009-06-30,52.939999
2009-07-01,52.759998
2009-07-02,51.470001
2009-07-06,52.049999
2009-07-07,52.230000
2009-07-08,59.500000
2009-07-09,58.130001
2009-07-10,57.810001
2009-07-13,58.009998
2009-07-14,58.099998
2009-07-15,57.869999
2009-07-16,58.470001
2009-07-17,58.790001
2009-07-20,58.270000
2009-07-21,58.630001
2009-07-22,58.369999
2009-07-23,59.840000
2009-07-24,60.919998
2009-07-27,60.770000
2009-07-28,62.419998
2009-07-29,63.230000
2009-07-30,63.110001
2009-07-31,62.310001
2009-08-03,62.880001
2009-08-04,64.410004
2009-08-05,62.310001
2009-08-06,60.689999
2009-08-07,60.490002
2009-08-10,61.240002
2009-08-11,62.810001
2009-08-12,62.160000
2009-08-13,60.860001
2009-08-14,60.849998
2009-08-17,59.840000
2009-08-18,59.759998
2009-08-19,60.139999
2009-08-20,60.290001
2009-08-21,60.639999
2009-08-24,60.380001
2009-08-25,60.360001
2009-08-26,61.240002
2009-08-27,60.250000
2009-08-28,59.610001
2009-08-31,59.779999
2009-09-01,58.980000
2009-09-02,59.099998
2009-09-03,58.470001
2009-09-04,58.950001
2009-09-08,59.160000
2009-09-09,59.180000
2009-09-10,59.029999
2009-09-11,58.540001
2009-09-14,59.209999
2009-09-15,58.480000
2009-09-16,59.689999
2009-09-17,60.520000
2009-09-18,60.799999
2009-09-21,62.310001
2009-09-22,60.830002
2009-09-23,60.549999
2009-09-24,60.779999
2009-09-25,60.270000
2009-09-28,60.450001
2009-09-29,60.459999
2009-09-30,60.230000
2009-10-01,59.000000
2009-10-02,58.580002
2009-10-05,58.310001
2009-10-06,58.860001
2009-10-07,58.540001
2009-10-08,58.889999
2009-10-09,59.419998
2009-10-12,59.509998
2009-10-13,59.270000
2009-10-14,60.570000
2009-10-15,61.830002
2009-10-16,61.320000
2009-10-19,60.240002
2009-10-20,58.139999
2009-10-21,59.400002
2009-10-22,56.849998
2009-10-23,56.169998
2009-10-26,54.330002
2009-10-27,54.410000
2009-10-28,53.709999
2009-10-29,54.290001
2009-10-30,53.619999
2009-11-02,52.430000
2009-11-03,52.540001
2009-11-04,52.119999
2009-11-05,54.049999
2009-11-06,54.689999
2009-11-09,54.910000
2009-11-10,54.099998
2009-11-11,54.779999
2009-11-12,55.220001
2009-11-13,55.410000
2009-11-16,56.139999
2009-11-17,56.279999
2009-11-18,56.139999
2009-11-19,56.060001
2009-11-20,55.380001
2009-11-23,56.250000
2009-11-24,56.799999
2009-11-25,57.080002
2009-11-27,56.500000
2009-11-30,56.349998
2009-12-01,57.080002
2009-12-02,57.500000
2009-12-03,56.549999
2009-12-04,56.849998
2009-12-07,56.480000
2009-12-08,55.930000
2009-12-09,56.080002
2009-12-10,56.200001
2009-12-11,56.310001
2009-12-14,56.860001
2009-12-15,55.750000
2009-12-16,55.070000
2009-12-17,54.580002
2009-12-18,55.799999
2009-12-21,56.730000
2009-12-22,57.220001
2009-12-23,57.349998
2009-12-24,57.419998
2009-12-28,57.660000
2009-12-29,57.520000
2009-12-30,57.540001
2009-12-31,56.570000
2010-01-04,57.720001
2010-01-05,57.220001
2010-01-06,56.790001
2010-01-07,56.270000
2010-01-08,56.770000
2010-01-11,57.020000
2010-01-12,56.029999
2010-01-13,56.529999
2010-01-14,56.160000
2010-01-15,56.250000
2010-01-19,57.549999
2010-01-20,57.200001
2010-01-21,56.630001
2010-01-22,56.599998
2010-01-25,55.709999
2010-01-26,56.580002
2010-01-27,57.740002
2010-01-28,58.080002
2010-01-29,58.480000
2010-02-01,58.720001
2010-02-02,59.230000
2010-02-03,59.070000
2010-02-04,57.529999
2010-02-05,57.680000
2010-02-08,57.459999
2010-02-09,57.209999
2010-02-10,56.840000
2010-02-11,56.500000
2010-02-12,56.480000
2010-02-16,56.990002
2010-02-17,57.200001
2010-02-18,57.270000
2010-02-19,57.380001
2010-02-22,57.099998
2010-02-23,56.380001
2010-02-24,56.740002
2010-02-25,56.250000
2010-02-26,56.610001
2010-03-01,56.900002
2010-03-02,56.869999
2010-03-03,56.900002
2010-03-04,56.770000
2010-03-05,57.240002
2010-03-08,57.610001
2010-03-09,57.759998
2010-03-10,57.779999
2010-03-11,57.490002
2010-03-12,57.430000
2010-03-15,56.889999
2010-03-16,57.419998
2010-03-17,57.430000
2010-03-18,58.310001
2010-03-19,60.000000
2010-03-22,60.090000
2010-03-23,60.060001
2010-03-24,59.070000
2010-03-25,59.259998
2010-03-26,59.410000
2010-03-29,59.910000
2010-03-30,60.090000
2010-03-31,59.840000
2010-04-01,60.799999
2010-04-05,60.419998
2010-04-06,60.290001
2010-04-07,60.349998
2010-04-08,60.520000
2010-04-09,60.900002
2010-04-12,60.369999
2010-04-13,60.680000
2010-04-14,61.139999
2010-04-15,60.639999
2010-04-16,60.720001
2010-04-19,61.070000
2010-04-20,60.180000
2010-04-21,58.709999
2010-04-22,58.160000
2010-04-23,58.880001
2010-04-26,58.430000
2010-04-27,57.840000
2010-04-28,58.180000
2010-04-29,58.590000
2010-04-30,57.310001
2010-05-03,57.590000
2010-05-04,56.830002
2010-05-05,56.599998
2010-05-06,54.750000
2010-05-07,54.459999
2010-05-10,55.580002
2010-05-11,55.930000
2010-05-12,56.599998
2010-05-13,55.880001
2010-05-14,54.689999
2010-05-17,54.810001
2010-05-18,54.669998
2010-05-19,55.259998
2010-05-20,52.939999
2010-05-21,52.439999
2010-05-24,52.660000
2010-05-25,52.549999
2010-05-26,50.360001
2010-05-27,51.430000
2010-05-28,51.779999
2010-06-01,50.759998
2010-06-02,56.090000
2010-06-03,55.639999
2010-06-04,54.340000
2010-06-07,53.509998
2010-06-08,53.820000
2010-06-09,53.150002
2010-06-10,54.009998
2010-06-11,54.099998
2010-06-14,54.070000
2010-06-15,55.119999
2010-06-16,55.220001
2010-06-17,55.439999
2010-06-18,55.200001
2010-06-21,56.520000
2010-06-22,56.119999
2010-06-23,56.200001
2010-06-24,56.150002
2010-06-25,56.259998
2010-06-28,55.410000
2010-06-29,54.119999
2010-06-30,52.599998
2010-07-01,52.020000
2010-07-02,51.700001
2010-07-06,51.299999
2010-07-07,51.400002
2010-07-08,52.230000
2010-07-09,52.560001
2010-07-12,52.439999
2010-07-13,52.759998
2010-07-14,52.619999
2010-07-15,52.919998
2010-07-16,52.169998
2010-07-19,53.599998
2010-07-20,53.200001
2010-07-21,52.250000
2010-07-22,53.310001
2010-07-23,52.750000
2010-07-26,53.669998
2010-07-27,54.509998
2010-07-28,53.759998
2010-07-29,53.369999
2010-07-30,54.529999
2010-08-02,54.869999
2010-08-03,54.709999
2010-08-04,55.759998
2010-08-05,55.320000
2010-08-06,55.939999
2010-08-09,55.660000
2010-08-10,55.720001
2010-08-11,53.689999
2010-08-12,54.750000
2010-08-13,55.020000
2010-08-16,54.080002
2010-08-17,53.959999
2010-08-18,54.139999
2010-08-19,52.720001
2010-08-20,52.340000
2010-08-23,51.950001
2010-08-24,51.060001
2010-08-25,51.840000
2010-08-26,50.930000
2010-08-27,52.080002
2010-08-30,51.630001
2010-08-31,51.040001
2010-09-01,52.590000
2010-09-02,52.509998
2010-09-03,52.910000
2010-09-07,52.509998
2010-09-08,52.939999
2010-09-09,53.790001
2010-09-10,54.349998
2010-09-13,54.400002
2010-09-14,54.520000
2010-09-15,55.299999
2010-09-16,55.099998
2010-09-17,55.220001
2010-09-20,55.939999
2010-09-21,55.750000
2010-09-22,56.270000
2010-09-23,55.720001
2010-09-24,56.320000
2010-09-27,55.689999
2010-09-28,56.000000
2010-09-29,54.939999
2010-09-30,55.110001
2010-10-01,55.509998
2010-10-04,55.049999
2010-10-05,56.119999
2010-10-06,55.830002
2010-10-07,55.959999
2010-10-08,56.389999
2010-10-11,56.099998
2010-10-12,55.939999
2010-10-13,55.490002
2010-10-14,54.860001
2010-10-15,56.709999
2010-10-18,57.959999
2010-10-19,57.330002
2010-10-20,57.730000
2010-10-21,57.619999
2010-10-22,57.549999
2010-10-25,57.950001
2010-10-26,57.259998
2010-10-27,57.029999
2010-10-28,57.270000
2010-10-29,57.189999
2010-11-01,57.430000
2010-11-02,57.340000
2010-11-03,57.299999
2010-11-04,56.009998
2010-11-05,55.419998
2010-11-08,55.290001
2010-11-09,54.930000
2010-11-10,54.700001
2010-11-11,54.619999
2010-11-12,54.470001
2010-11-15,54.509998
2010-11-16,54.029999
2010-11-17,53.869999
2010-11-18,55.139999
2010-11-19,55.000000
2010-11-22,54.740002
2010-11-23,53.599998
2010-11-24,53.830002
2010-11-26,53.560001
2010-11-29,53.320000
2010-11-30,52.689999
2010-12-01,53.520000
2010-12-02,53.840000
2010-12-03,53.730000
2010-12-06,53.400002
2010-12-07,53.130001
2010-12-08,53.279999
2010-12-09,53.400002
2010-12-10,53.889999
2010-12-13,54.110001
2010-12-14,56.759998
2010-12-15,55.669998
2010-12-16,56.630001
2010-12-17,57.419998
2010-12-20,57.650002
2010-12-21,57.389999
2010-12-22,56.950001
2010-12-23,56.709999
2010-12-27,56.439999
2010-12-28,55.959999
2010-12-29,55.869999
2010-12-30,55.529999
2010-12-31,54.900002
2011-01-03,55.549999
2011-01-04,56.750000
2011-01-05,56.730000
2011-01-06,56.549999
2011-01-07,56.980000
2011-01-10,56.439999
2011-01-11,56.189999
2011-01-12,56.849998
2011-01-13,56.320000
2011-01-14,56.500000
2011-01-18,57.290001
2011-01-19,56.980000
2011-01-20,57.310001
2011-01-21,56.970001
2011-01-24,57.290001
2011-01-25,57.160000
2011-01-26,56.480000
2011-01-27,56.480000
2011-01-28,55.290001
2011-01-31,55.080002
2011-02-01,55.709999
2011-02-02,55.630001
2011-02-03,55.450001
2011-02-04,55.200001
2011-02-07,54.880001
2011-02-08,54.939999
2011-02-09,54.430000
2011-02-10,54.270000
2011-02-11,53.740002
2011-02-14,53.860001
2011-02-15,53.840000
2011-02-16,52.950001
2011-02-17,52.410000
2011-02-18,52.240002
2011-02-22,51.880001
2011-02-23,51.070000
2011-02-24,50.950001
2011-02-25,52.259998
2011-02-28,51.330002
2011-03-01,51.910000
2011-03-02,51.389999
2011-03-03,52.369999
2011-03-04,52.320000
2011-03-07,51.740002
2011-03-08,52.520000
2011-03-09,52.480000
2011-03-10,51.840000
2011-03-11,53.529999
2011-03-14,53.520000
2011-03-15,53.000000
2011-03-16,52.689999
2011-03-17,53.560001
2011-03-18,52.939999
2011-03-21,53.090000
2011-03-22,52.779999
2011-03-23,52.689999
2011-03-24,53.270000
2011-03-25,53.150002
2011-03-28,52.650002
2011-03-29,53.430000
2011-03-30,53.900002
2011-03-31,53.450001
2011-04-01,53.080002
2011-04-04,54.029999
2011-04-05,54.070000
2011-04-06,54.029999
2011-04-07,53.970001
2011-04-08,53.900002
2011-04-11,54.310001
2011-04-12,54.619999
2011-04-13,54.939999
2011-04-14,54.830002
2011-04-15,55.509998
2011-04-18,55.220001
2011-04-19,55.180000
2011-04-20,56.180000
2011-04-21,53.689999
2011-04-25,54.689999
2011-04-26,56.220001
2011-04-27,56.820000
2011-04-28,57.139999
2011-04-29,56.849998
2011-05-02,57.380001
2011-05-03,57.500000
2011-05-04,57.680000
2011-05-05,57.419998
2011-05-06,57.630001
2011-05-09,57.689999
2011-05-10,58.299999
2011-05-11,58.860001
2011-05-12,59.660000
2011-05-13,60.470001
2011-05-16,59.860001
2011-05-17,60.889999
2011-05-18,61.169998
2011-05-19,61.040001
2011-05-20,60.860001
2011-05-23,60.459999
2011-05-24,59.919998
2011-05-25,59.840000
2011-05-26,59.759998
2011-05-27,59.349998
2011-05-31,60.540001
2011-06-01,59.700001
2011-06-02,59.250000
2011-06-03,58.689999
2011-06-06,58.599998
2011-06-07,58.830002
2011-06-08,58.950001
2011-06-09,58.880001
2011-06-10,57.990002
2011-06-13,58.389999
2011-06-14,58.529999
2011-06-15,57.889999
2011-06-16,58.340000
2011-06-17,58.009998
2011-06-20,58.450001
2011-06-21,58.169998
2011-06-22,58.150002
2011-06-23,57.930000
2011-06-24,57.040001
2011-06-27,57.880001
2011-06-28,58.650002
2011-06-29,57.779999
2011-06-30,58.349998
2011-07-01,58.279999
2011-07-05,57.919998
2011-07-06,57.700001
2011-07-07,57.910000
2011-07-08,57.639999
2011-07-11,56.900002
2011-07-12,56.900002
2011-07-13,56.610001
2011-07-14,55.680000
2011-07-15,55.049999
2011-07-18,54.660000
2011-07-19,55.270000
2011-07-20,54.990002
2011-07-21,55.490002
2011-07-22,55.220001
2011-07-25,54.900002
2011-07-26,54.700001
2011-07-27,53.799999
2011-07-28,53.430000
2011-07-29,54.700001
2011-08-01,53.770000
2011-08-02,53.310001
2011-08-03,53.320000
2011-08-04,51.560001
2011-08-05,52.119999
2011-08-08,49.880001
2011-08-09,50.549999
2011-08-10,48.270000
2011-08-11,49.639999
2011-08-12,50.000000
2011-08-15,51.599998
2011-08-16,51.270000
2011-08-17,51.720001
2011-08-18,51.439999
2011-08-19,51.980000
2011-08-22,52.310001
2011-08-23,53.619999
2011-08-24,54.250000
2011-08-25,53.459999
2011-08-26,54.080002
2011-08-29,54.790001
2011-08-30,55.240002
2011-08-31,55.400002
2011-09-01,55.020000
2011-09-02,54.099998
2011-09-06,54.520000
2011-09-07,55.380001
2011-09-08,55.310001
2011-09-09,54.040001
2011-09-12,54.060001
2011-09-13,54.910000
2011-09-14,55.259998
2011-09-15,56.259998
2011-09-16,56.709999
2011-09-19,56.529999
2011-09-20,57.369999
2011-09-21,56.040001
2011-09-22,55.040001
2011-09-23,55.099998
2011-09-26,55.430000
2011-09-27,56.520000
2011-09-28,55.669998
2011-09-29,55.779999
2011-09-30,54.959999
2011-10-03,53.900002
2011-10-04,54.349998
2011-10-05,55.930000
2011-10-06,56.830002
2011-10-07,56.270000
2011-10-10,57.369999
2011-10-11,57.090000
2011-10-12,56.639999
2011-10-13,56.980000
2011-10-14,57.490002
2011-10-17,56.439999
2011-10-18,57.279999
2011-10-19,57.320000
2011-10-20,57.270000
2011-10-21,58.590000
2011-10-24,58.950001
2011-10-25,56.470001
2011-10-26,56.950001
2011-10-27,58.060001
2011-10-28,57.240002
2011-10-31,57.270000
2011-11-01,55.540001
2011-11-02,54.799999
2011-11-03,55.700001
2011-11-04,55.169998
2011-11-07,58.430000
2011-11-08,58.000000
2011-11-09,57.509998
2011-11-10,57.959999
2011-11-11,57.860001
2011-11-14,57.330002
2011-11-15,56.590000
2011-11-16,56.009998
2011-11-17,55.910000
2011-11-18,55.570000
2011-11-21,54.970001
2011-11-22,55.660000
2011-11-23,54.939999
2011-11-25,54.650002
2011-11-28,55.900002
2011-11-29,56.139999
2011-11-30,57.910000
2011-12-01,58.000000
2011-12-02,58.099998
2011-12-05,57.500000
2011-12-06,57.889999
2011-12-07,58.340000
2011-12-08,58.400002
2011-12-09,58.590000
2011-12-12,57.160000
2011-12-13,57.430000
2011-12-14,57.619999
2011-12-15,58.619999
2011-12-16,60.049999
2011-12-19,60.169998
2011-12-20,61.160000
2011-12-21,63.139999
2011-12-22,63.340000
2011-12-23,63.689999
2011-12-27,64.419998
2011-12-28,64.000000
2011-12-29,64.739998
2011-12-30,64.209999
2012-01-03,64.110001
2012-01-04,63.759998
2012-01-05,64.410004
2012-01-06,64.760002
2012-01-09,64.199997
2012-01-10,65.669998
2012-01-11,66.400002
2012-01-12,67.540001
2012-01-13,67.599998
2012-01-17,68.070000
2012-01-18,69.220001
2012-01-19,69.139999
2012-01-20,69.570000
2012-01-23,67.779999
2012-01-24,68.190002
2012-01-25,69.209999
2012-01-26,68.080002
2012-01-27,68.339996
2012-01-30,68.330002
2012-01-31,67.930000
2012-02-01,69.839996
2012-02-02,69.620003
2012-02-03,69.279999
2012-02-06,69.120003
2012-02-07,69.169998
2012-02-08,68.059998
2012-02-09,66.839996
2012-02-10,67.360001
2012-02-13,68.199997
2012-02-14,67.839996
2012-02-15,67.900002
2012-02-16,68.889999
2012-02-17,67.779999
2012-02-21,66.690002
2012-02-22,66.790001
2012-02-23,67.339996
2012-02-24,67.730003
2012-02-27,67.440002
2012-02-28,68.150002
2012-02-29,68.010002
2012-03-01,67.589996
2012-03-02,67.730003
2012-03-05,67.230003
2012-03-06,66.540001
2012-03-07,66.949997
2012-03-08,67.800003
2012-03-09,68.010002
2012-03-12,68.029999
2012-03-13,68.910004
2012-03-14,68.260002
2012-03-15,68.260002
2012-03-16,67.379997
2012-03-19,68.050003
2012-03-20,67.580002
2012-03-21,67.050003
2012-03-22,66.620003
2012-03-23,66.660004
2012-03-26,67.519997
2012-03-27,67.809998
2012-03-28,67.680000
2012-03-29,67.320000
2012-03-30,67.970001
2012-04-02,68.110001
2012-04-03,67.930000
2012-04-04,67.849998
2012-04-05,68.019997
2012-04-09,67.019997
2012-04-10,66.190002
2012-04-11,66.730003
2012-04-12,66.919998
2012-04-13,65.589996
2012-04-16,66.260002
2012-04-17,67.349998
2012-04-18,67.150002
2012-04-19,67.129997
2012-04-20,68.470001
2012-04-23,68.290001
2012-04-24,68.629997
2012-04-25,70.190002
2012-04-26,70.790001
2012-04-27,71.639999
2012-04-30,71.110001
2012-05-01,70.690002
2012-05-02,71.169998
2012-05-03,70.910004
2012-05-04,69.769997
2012-05-07,69.610001
2012-05-08,70.699997
2012-05-09,69.620003
2012-05-10,70.089996
2012-05-11,70.779999
2012-05-14,70.199997
2012-05-15,70.680000
2012-05-16,70.980003
2012-05-17,70.540001
2012-05-18,69.150002
2012-05-21,69.320000
2012-05-22,68.910004
2012-05-23,68.379997
2012-05-24,69.099998
2012-05-25,69.050003
2012-05-29,69.279999
2012-05-30,69.589996
2012-05-31,69.519997
2012-06-01,67.750000
2012-06-04,68.699997
2012-06-05,68.449997
2012-06-06,69.980003
2012-06-07,69.099998
2012-06-08,68.870003
2012-06-11,67.790001
2012-06-12,68.620003
2012-06-13,68.820000
2012-06-14,70.419998
2012-06-15,71.290001
2012-06-18,72.019997
2012-06-19,73.019997
2012-06-20,72.790001
2012-06-21,71.650002
2012-06-22,72.459999
2012-06-25,71.389999
2012-06-26,71.459999
2012-06-27,72.370003
2012-06-28,71.419998
2012-06-29,72.910004
2012-07-02,74.360001
2012-07-03,75.160004
2012-07-05,74.330002
2012-07-06,73.849998
2012-07-09,74.800003
2012-07-10,74.930000
2012-07-11,76.089996
2012-07-12,75.809998
2012-07-13,76.959999
2012-07-16,77.269997
2012-07-17,78.760002
2012-07-18,79.620003
2012-07-19,79.639999
2012-07-20,77.769997
2012-07-23,77.529999
2012-07-24,76.379997
2012-07-25,77.959999
2012-07-26,79.290001
2012-07-27,83.919998
2012-07-30,83.459999
2012-07-31,82.599998
2012-08-01,81.820000
2012-08-02,81.040001
2012-08-03,82.209999
2012-08-06,82.430000
2012-08-07,81.570000
2012-08-08,81.370003
2012-08-09,81.970001
2012-08-10,82.730003
2012-08-13,82.230003
2012-08-14,83.540001
2012-08-15,83.650002
2012-08-16,83.099998
2012-08-17,83.379997
2012-08-20,83.239998
2012-08-21,83.110001
2012-08-22,83.870003
2012-08-23,83.660004
2012-08-24,84.589996
2012-08-27,84.430000
2012-08-28,84.010002
2012-08-29,83.720001
2012-08-30,83.150002
2012-08-31,83.919998
2012-09-04,84.330002
2012-09-05,84.080002
2012-09-06,84.809998
2012-09-07,83.959999
2012-09-10,84.050003
2012-09-11,83.940002
2012-09-12,83.150002
2012-09-13,83.320000
2012-09-14,81.360001
2012-09-17,82.089996
2012-09-18,82.040001
2012-09-19,81.709999
2012-09-20,82.300003
2012-09-21,82.029999
2012-09-24,82.910004
2012-09-25,83.809998
2012-09-26,83.459999
2012-09-27,84.239998
2012-09-28,84.290001
2012-10-01,85.080002
2012-10-02,86.349998
2012-10-03,86.800003
2012-10-04,86.389999
2012-10-05,86.940002
2012-10-08,86.040001
2012-10-09,85.430000
2012-10-10,84.650002
2012-10-11,84.610001
2012-10-12,84.000000
2012-10-15,86.220001
2012-10-16,88.040001
2012-10-17,89.199997
2012-10-18,89.790001
2012-10-19,87.160004
2012-10-22,87.800003
2012-10-23,87.320000
2012-10-24,87.500000
2012-10-25,88.050003
2012-10-26,87.629997
2012-10-31,86.489998
2012-11-01,87.209999
2012-11-02,86.449997
2012-11-05,86.349998
2012-11-06,87.290001
2012-11-07,85.339996
2012-11-08,84.739998
2012-11-09,85.169998
2012-11-12,85.519997
2012-11-13,85.769997
2012-11-14,84.019997
2012-11-15,84.150002
2012-11-16,84.540001
2012-11-19,85.400002
2012-11-20,86.570000
2012-11-21,86.650002
2012-11-23,87.599998
2012-11-26,87.290001
2012-11-27,86.980003
2012-11-28,87.040001
2012-11-29,88.610001
2012-11-30,88.800003
2012-12-03,88.400002
2012-12-04,88.330002
2012-12-05,89.010002
2012-12-06,88.540001
2012-12-07,88.320000
2012-12-10,89.739998
2012-12-11,89.949997
2012-12-12,90.169998
2012-12-13,89.150002
2012-12-14,89.199997
2012-12-17,89.500000
2012-12-18,89.290001
2012-12-19,88.489998
2012-12-20,88.410004
2012-12-21,87.160004
2012-12-24,87.400002
2012-12-26,86.889999
2012-12-27,86.150002
2012-12-28,85.239998
2012-12-31,86.199997
2013-01-02,89.150002
2013-01-03,88.589996
2013-01-04,88.980003
2013-01-07,88.529999
2013-01-08,88.150002
2013-01-09,88.669998
2013-01-10,87.809998
2013-01-11,86.959999
2013-01-14,86.919998
2013-01-15,85.080002
2013-01-16,84.320000
2013-01-17,83.940002
2013-01-18,82.080002
2013-01-22,83.290001
2013-01-23,83.070000
2013-01-24,82.620003
2013-01-25,83.419998
2013-01-28,85.589996
2013-01-29,86.589996
2013-01-30,85.379997
2013-01-31,85.459999
2013-02-01,86.300003
2013-02-04,85.739998
2013-02-05,86.529999
2013-02-06,86.589996
2013-02-07,85.220001
2013-02-08,86.769997
2013-02-11,84.919998
2013-02-12,84.540001
2013-02-13,84.940002
2013-02-14,84.720001
2013-02-15,83.610001
2013-02-19,84.129997
2013-02-20,84.650002
2013-02-21,85.129997
2013-02-22,86.820000
2013-02-25,89.550003
2013-02-26,89.470001
2013-02-27,91.029999
2013-02-28,91.550003
2013-03-01,92.580002
2013-03-04,92.730003
2013-03-05,93.440002
2013-03-06,93.269997
2013-03-07,92.949997
2013-03-08,93.000000
2013-03-11,91.440002
2013-03-12,91.750000
2013-03-13,91.540001
2013-03-14,92.180000
2013-03-15,91.809998
2013-03-18,90.389999
2013-03-19,92.400002
2013-03-20,94.050003
2013-03-21,94.309998
2013-03-22,96.559998
2013-03-25,96.809998
2013-03-26,98.660004
2013-03-27,100.150002
2013-03-28,102.510002
2013-04-01,102.309998
2013-04-02,106.400002
2013-04-03,104.809998
2013-04-04,105.879997
2013-04-05,104.040001
2013-04-08,105.099998
2013-04-09,104.300003
2013-04-10,108.250000
2013-04-11,108.220001
2013-04-12,111.570000
2013-04-15,108.480003
2013-04-16,110.849998
2013-04-17,109.440002
2013-04-18,107.459999
2013-04-19,111.379997
2013-04-22,113.419998
2013-04-23,112.760002
2013-04-24,104.930000
2013-04-25,108.660004
2013-04-26,108.379997
2013-04-29,106.669998
2013-04-30,104.209999
2013-05-01,104.540001
2013-05-02,105.589996
2013-05-03,106.480003
2013-05-06,104.830002
2013-05-07,104.459999
2013-05-08,105.070000
2013-05-09,104.559998
2013-05-10,106.720001
2013-05-13,106.889999
2013-05-14,107.940002
2013-05-15,107.419998
2013-05-16,104.970001
2013-05-17,105.629997
2013-05-20,102.180000
2013-05-21,104.239998
2013-05-22,104.529999
2013-05-23,105.620003
2013-05-24,105.910004
2013-05-28,106.199997
2013-05-29,104.389999
2013-05-30,105.220001
2013-05-31,100.529999
2013-06-03,99.129997
2013-06-04,97.290001
2013-06-05,94.599998
2013-06-06,97.489998
2013-06-07,98.809998
2013-06-10,98.309998
2013-06-11,97.930000
2013-06-12,96.370003
2013-06-13,98.510002
2013-06-14,97.419998
2013-06-17,99.080002
2013-06-18,101.500000
2013-06-19,99.180000
2013-06-20,96.279999
2013-06-21,98.279999
2013-06-24,96.139999
2013-06-25,96.379997
2013-06-26,99.599998
2013-06-27,98.989998
2013-06-28,98.660004
2013-07-01,97.489998
2013-07-02,96.059998
2013-07-03,95.809998
2013-07-05,97.639999
2013-07-08,98.180000
2013-07-09,98.330002
2013-07-10,102.059998
2013-07-11,103.260002
2013-07-12,104.269997
2013-07-15,104.449997
2013-07-16,104.050003
2013-07-17,104.309998
2013-07-18,104.769997
2013-07-19,109.389999
2013-07-22,108.949997
2013-07-23,106.620003
2013-07-24,106.599998
2013-07-25,109.510002
2013-07-26,109.599998
2013-07-29,109.370003
2013-07-30,111.199997
2013-07-31,108.290001
2013-08-01,109.389999
2013-08-02,109.059998
2013-08-05,107.430000
2013-08-06,105.220001
2013-08-07,112.400002
2013-08-08,110.379997
2013-08-09,109.629997
2013-08-12,108.209999
2013-08-13,107.860001
2013-08-14,106.639999
2013-08-15,105.760002
2013-08-16,104.910004
2013-08-19,104.470001
2013-08-20,105.599998
2013-08-21,104.650002
2013-08-22,106.290001
2013-08-23,105.599998
2013-08-26,113.750000
2013-08-27,109.129997
2013-08-28,109.199997
2013-08-29,108.860001
2013-08-30,108.940002
2013-09-03,111.010002
2013-09-04,113.019997
2013-09-05,112.930000
2013-09-06,111.010002
2013-09-09,111.669998
2013-09-10,111.160004
2013-09-11,111.970001
2013-09-12,113.459999
2013-09-13,115.059998
2013-09-16,117.180000
2013-09-17,115.730003
2013-09-18,117.519997
2013-09-19,117.180000
2013-09-20,116.849998
2013-09-23,115.050003
2013-09-24,114.779999
2013-09-25,112.480003
2013-09-26,112.849998
2013-09-27,113.190002
2013-09-30,111.919998
2013-10-01,114.580002
2013-10-02,113.059998
2013-10-03,111.120003
2013-10-04,112.910004
2013-10-07,110.220001
2013-10-08,107.760002
2013-10-09,106.279999
2013-10-10,109.919998
2013-10-11,110.889999
2013-10-14,111.580002
2013-10-15,111.440002
2013-10-16,114.279999
2013-10-17,115.849998
2013-10-18,114.919998
2013-10-21,113.639999
2013-10-22,116.209999
2013-10-23,115.669998
2013-10-24,116.199997
2013-10-25,116.320000
2013-10-28,118.330002
2013-10-29,118.269997
2013-10-30,116.879997
2013-10-31,116.139999
2013-11-01,118.690002
2013-11-04,117.279999
2013-11-05,115.139999
2013-11-06,113.330002
2013-11-07,111.029999
2013-11-08,113.209999
2013-11-11,113.169998
2013-11-12,112.709999
2013-11-13,113.529999
2013-11-14,115.410004
2013-11-15,114.980003
2013-11-18,116.029999
2013-11-19,115.459999
2013-11-20,115.559998
2013-11-21,112.250000
2013-11-22,113.029999
2013-11-25,113.959999
2013-11-26,113.669998
2013-11-27,113.820000
2013-11-29,114.080002
2013-12-02,114.470001
2013-12-03,113.449997
2013-12-04,113.070000
2013-12-05,113.349998
2013-12-06,114.120003
2013-12-09,113.980003
2013-12-10,114.099998
2013-12-11,113.050003
2013-12-12,112.570000
2013-12-13,112.160004
2013-12-16,112.120003
2013-12-17,111.000000
2013-12-18,112.730003
2013-12-19,112.599998
2013-12-20,114.029999
2013-12-23,113.199997
2013-12-24,112.250000
2013-12-26,114.360001
2013-12-27,115.120003
2013-12-30,115.489998
2013-12-31,114.080002
2014-01-02,115.800003
2014-01-03,114.470001
2014-01-06,113.480003
2014-01-07,116.430000
2014-01-08,115.879997
2014-01-09,118.889999
2014-01-10,117.989998
2014-01-13,116.400002
2014-01-14,117.720001
2014-01-15,118.510002
2014-01-16,119.029999
2014-01-17,119.150002
2014-01-21,119.250000
2014-01-22,124.370003
2014-01-23,123.599998
2014-01-24,119.290001
2014-01-27,118.519997
2014-01-28,120.699997
2014-01-29,119.169998
2014-01-30,120.889999
2014-01-31,118.949997
2014-02-03,116.750000
2014-02-04,115.779999
2014-02-05,115.070000
2014-02-06,116.070000
2014-02-07,118.900002
2014-02-10,120.300003
2014-02-11,121.239998
2014-02-12,122.209999
2014-02-13,124.150002
2014-02-14,123.839996
2014-02-18,124.940002
2014-02-19,123.349998
2014-02-20,123.489998
2014-02-21,123.849998
2014-02-24,125.790001
2014-02-25,124.360001
2014-02-26,121.860001
2014-02-27,123.080002
2014-02-28,124.019997
2014-03-03,123.690002
2014-03-04,126.000000
2014-03-05,126.190002
2014-03-06,124.190002
2014-03-07,122.260002
2014-03-10,125.400002
2014-03-11,124.269997
2014-03-12,125.980003
2014-03-13,123.959999
2014-03-14,122.540001
2014-03-17,123.860001
2014-03-18,127.470001
2014-03-19,126.580002
2014-03-20,127.050003
2014-03-21,122.930000
2014-03-24,121.279999
2014-03-25,120.629997
2014-03-26,120.110001
2014-03-27,122.290001
2014-03-28,120.550003
2014-03-31,123.339996
2014-04-01,126.070000
2014-04-02,125.980003
2014-04-03,124.129997
2014-04-04,119.110001
2014-04-07,118.820000
2014-04-08,117.980003
2014-04-09,120.000000
2014-04-10,114.110001
2014-04-11,111.940002
2014-04-14,113.320000
2014-04-15,115.000000
2014-04-16,115.540001
2014-04-17,115.459999
2014-04-21,117.019997
2014-04-22,119.300003
2014-04-23,113.320000
2014-04-24,113.720001
2014-04-25,111.410004
2014-04-28,111.480003
2014-04-29,111.900002
2014-04-30,111.750000
2014-05-01,112.760002
2014-05-02,112.419998
2014-05-05,113.180000
2014-05-06,112.279999
2014-05-07,112.769997
2014-05-08,110.779999
2014-05-09,111.480003
2014-05-12,111.730003
2014-05-13,110.809998
2014-05-14,112.070000
2014-05-15,110.290001
2014-05-16,111.940002
2014-05-19,112.080002
2014-05-20,112.220001
2014-05-21,113.489998
2014-05-22,114.860001
2014-05-23,114.330002
2014-05-27,115.889999
2014-05-28,115.669998
2014-05-29,116.000000
2014-05-30,115.989998
2014-06-02,116.449997
2014-06-03,117.120003
2014-06-04,119.150002
2014-06-05,117.739998
2014-06-06,117.820000
2014-06-09,116.400002
2014-06-10,117.099998
2014-06-11,116.339996
2014-06-12,116.199997
2014-06-13,116.029999
2014-06-16,116.160004
2014-06-17,116.169998
2014-06-18,117.489998
2014-06-19,117.849998
2014-06-20,120.970001
2014-06-23,119.129997
2014-06-24,118.790001
2014-06-25,119.419998
2014-06-26,119.139999
2014-06-27,118.589996
2014-06-30,118.370003
2014-07-01,120.309998
2014-07-02,121.029999
2014-07-03,122.849998
2014-07-07,120.160004
2014-07-08,119.959999
2014-07-09,119.570000
2014-07-10,118.949997
2014-07-11,119.769997
2014-07-14,118.980003
2014-07-15,116.860001
2014-07-16,117.709999
2014-07-17,115.389999
2014-07-18,118.300003
2014-07-21,119.029999
2014-07-22,121.110001
2014-07-23,122.010002
2014-07-24,122.260002
2014-07-25,122.839996
2014-07-28,122.650002
2014-07-29,123.309998
2014-07-30,130.009995
2014-07-31,127.389999
2014-08-01,125.550003
2014-08-04,128.649994
2014-08-05,127.879997
2014-08-06,127.089996
2014-08-07,125.750000
2014-08-08,126.949997
2014-08-11,127.320000
2014-08-12,126.320000
2014-08-13,127.339996
2014-08-14,131.860001
2014-08-15,132.800003
2014-08-18,133.220001
2014-08-19,133.020004
2014-08-20,132.679993
2014-08-21,132.529999
2014-08-22,132.820007
2014-08-25,134.789993
2014-08-26,137.270004
2014-08-27,137.830002
2014-08-28,138.690002
2014-08-29,139.380005
2014-09-02,137.960007
2014-09-03,138.580002
2014-09-04,138.009995
2014-09-05,137.880005
2014-09-08,139.270004
2014-09-09,137.389999
2014-09-10,139.190002
2014-09-11,138.960007
2014-09-12,137.889999
2014-09-15,137.970001
2014-09-16,139.330002
2014-09-17,140.710007
2014-09-18,142.020004
2014-09-19,144.009995
2014-09-22,142.179993
2014-09-23,140.679993
2014-09-24,142.240005
2014-09-25,139.850006
2014-09-26,141.059998
2014-09-29,140.070007
2014-09-30,140.460007
2014-10-01,138.820007
2014-10-02,137.199997
2014-10-03,139.149994
2014-10-06,137.610001
2014-10-07,136.029999
2014-10-08,140.070007
2014-10-09,137.580002
2014-10-10,137.389999
2014-10-13,133.559998
2014-10-14,132.199997
2014-10-15,130.899994
2014-10-16,130.449997
2014-10-17,133.690002
2014-10-20,137.509995
2014-10-21,144.089996
2014-10-22,143.639999
2014-10-23,147.250000
2014-10-24,147.259995
2014-10-27,148.199997
2014-10-28,157.190002
2014-10-29,158.880005
2014-10-30,161.580002
2014-10-31,162.179993
2014-11-03,161.559998
2014-11-04,160.410004
2014-11-05,158.940002
2014-11-06,160.350006
2014-11-07,160.250000
2014-11-10,163.089996
2014-11-11,162.419998
2014-11-12,161.929993
2014-11-13,160.850006
2014-11-14,157.679993
2014-11-17,159.139999
2014-11-18,162.240005
2014-11-19,162.639999
2014-11-20,162.679993
2014-11-21,162.809998
2014-11-24,164.179993
2014-11-25,162.240005
2014-11-26,164.720001
2014-11-28,165.309998
2014-12-01,166.410004
2014-12-02,169.279999
2014-12-03,168.070007
2014-12-04,166.550003
2014-12-05,169.240005
2014-12-08,171.639999
2014-12-09,169.389999
2014-12-10,165.389999
2014-12-11,166.080002
2014-12-12,164.529999
2014-12-15,159.600006
2014-12-16,159.440002
2014-12-17,163.479996
2014-12-18,168.479996
2014-12-19,170.169998
2014-12-22,164.529999
2014-12-23,157.520004
2014-12-24,160.669998
2014-12-26,163.460007
2014-12-29,162.850006
2014-12-30,160.630005
2014-12-31,159.289993
2015-01-02,159.889999
2015-01-05,157.990005
2015-01-06,152.899994
2015-01-07,158.240005
2015-01-08,157.669998
2015-01-09,155.729996
2015-01-12,156.220001
2015-01-13,155.139999
2015-01-14,155.160004
2015-01-15,151.919998
2015-01-16,158.429993
2015-01-20,157.600006
2015-01-21,157.380005
2015-01-22,159.570007
2015-01-23,159.809998
2015-01-26,159.729996
2015-01-27,158.889999
2015-01-28,154.639999
2015-01-29,156.369995
2015-01-30,152.259995
2015-02-02,152.500000
2015-02-03,152.229996
2015-02-04,151.449997
2015-02-05,153.360001
2015-02-06,151.399994
2015-02-09,150.009995
2015-02-10,152.570007
2015-02-11,153.110001
2015-02-12,153.179993
2015-02-13,153.479996
2015-02-17,154.240005
2015-02-18,155.779999
2015-02-19,156.050003
2015-02-20,157.660004
2015-02-23,158.419998
2015-02-24,157.369995
2015-02-25,158.080002
2015-02-26,158.970001
2015-02-27,157.720001
2015-03-02,159.630005
2015-03-03,158.559998
2015-03-04,159.190002
2015-03-05,159.600006
2015-03-06,154.880005
2015-03-09,155.009995
2015-03-10,153.580002
2015-03-11,152.699997
2015-03-12,154.250000
2015-03-13,154.259995
2015-03-16,163.029999
2015-03-17,163.070007
2015-03-18,166.539993
2015-03-19,169.110001
2015-03-20,170.100006
2015-03-23,166.539993
2015-03-24,166.009995
2015-03-25,160.619995
2015-03-26,160.550003
2015-03-27,162.589996
2015-03-30,164.309998
2015-03-31,159.850006
2015-04-01,157.100006
2015-04-02,155.880005
2015-04-06,155.279999
2015-04-07,157.279999
2015-04-08,160.330002
2015-04-09,161.490005
2015-04-10,163.380005
2015-04-13,162.490005
2015-04-14,162.570007
2015-04-15,165.470001
2015-04-16,166.869995
2015-04-17,163.580002
2015-04-20,165.970001
2015-04-21,168.460007
2015-04-22,169.100006
2015-04-23,169.169998
2015-04-24,167.910004
2015-04-27,162.380005
2015-04-28,162.490005
2015-04-29,160.979996
2015-04-30,157.910004
2015-05-01,160.360001
2015-05-04,162.110001
2015-05-05,159.440002
2015-05-06,158.949997
2015-05-07,157.899994
2015-05-08,162.339996
2015-05-11,161.050003
2015-05-12,158.240005
2015-05-13,158.389999
2015-05-14,161.979996
2015-05-15,162.360001
2015-05-18,163.440002
2015-05-19,163.559998
2015-05-20,163.979996
2015-05-21,163.839996
2015-05-22,163.580002
2015-05-26,159.009995
2015-05-27,160.440002
2015-05-28,157.350006
2015-05-29,156.259995
2015-06-01,157.029999
2015-06-02,156.440002
2015-06-03,157.130005
2015-06-04,158.089996
2015-06-05,157.250000
2015-06-08,156.470001
2015-06-09,154.800003
2015-06-10,155.550003
2015-06-11,157.960007
2015-06-12,156.119995
2015-06-15,156.100006
2015-06-16,156.229996
2015-06-17,155.649994
2015-06-18,160.119995
2015-06-19,160.720001
2015-06-22,162.220001
2015-06-23,161.690002
2015-06-24,159.889999
2015-06-25,158.759995
2015-06-26,158.020004
2015-06-29,151.600006
2015-06-30,153.520004
2015-07-01,154.990005
2015-07-02,153.259995
2015-07-06,154.500000
2015-07-07,155.389999
2015-07-08,152.309998
2015-07-09,151.309998
2015-07-10,154.100006
2015-07-13,155.759995
2015-07-14,159.320007
2015-07-15,160.449997
2015-07-16,163.039993
2015-07-17,163.270004
2015-07-20,164.339996
2015-07-21,163.699997
2015-07-22,164.250000
2015-07-23,164.100006
2015-07-24,158.589996
2015-07-27,165.539993
2015-07-28,172.740005
2015-07-29,171.470001
2015-07-30,171.690002
2015-07-31,176.589996
2015-08-03,175.589996
2015-08-04,174.800003
2015-08-05,176.440002
2015-08-06,169.660004
2015-08-07,172.309998
2015-08-10,170.600006
2015-08-11,168.559998
2015-08-12,170.619995
2015-08-13,168.580002
2015-08-14,167.720001
2015-08-17,169.789993
2015-08-18,167.720001
2015-08-19,166.570007
2015-08-20,161.149994
2015-08-21,155.190002
2015-08-24,147.639999
2015-08-25,145.190002
2015-08-26,153.979996
2015-08-27,155.720001
2015-08-28,155.889999
2015-08-31,151.779999
2015-09-01,147.460007
2015-09-02,152.289993
2015-09-03,149.229996
2015-09-04,147.020004
2015-09-08,154.559998
2015-09-09,151.080002
2015-09-10,153.139999
2015-09-11,153.210007
2015-09-14,151.000000
2015-09-15,152.139999
2015-09-16,151.179993
2015-09-17,153.910004
2015-09-18,150.589996
2015-09-21,147.089996
2015-09-22,145.929993
2015-09-23,145.720001
2015-09-24,143.509995
2015-09-25,138.529999
2015-09-28,132.240005
2015-09-29,133.820007
2015-09-30,138.320007
2015-10-01,140.229996
2015-10-02,142.470001
2015-10-05,143.800003
2015-10-06,141.220001
2015-10-07,148.050003
2015-10-08,149.899994
2015-10-09,149.589996
2015-10-12,153.029999
2015-10-13,147.580002
2015-10-14,147.809998
2015-10-15,152.539993
2015-10-16,152.610001
2015-10-19,154.470001
2015-10-20,150.449997
2015-10-21,150.089996
2015-10-22,152.309998
2015-10-23,155.750000
2015-10-26,158.580002
2015-10-27,161.979996
2015-10-28,162.669998
2015-10-29,160.580002
2015-10-30,158.179993
2015-11-02,162.309998
2015-11-03,162.460007
2015-11-04,161.880005
2015-11-05,161.220001
2015-11-06,160.460007
2015-11-09,159.630005
2015-11-10,158.369995
2015-11-11,156.860001
2015-11-12,150.979996
2015-11-13,151.550003
2015-11-16,154.500000
2015-11-17,157.600006
2015-11-18,160.919998
2015-11-19,159.490005
2015-11-20,159.910004
2015-11-23,162.470001
2015-11-24,162.779999
2015-11-25,163.949997
2015-11-27,163.520004
2015-11-30,161.100006
2015-12-01,161.979996
2015-12-02,160.520004
2015-12-03,154.649994
2015-12-04,161.429993
2015-12-07,158.300003
2015-12-08,159.350006
2015-12-09,157.889999
2015-12-10,159.669998
2015-12-11,155.149994
2015-12-14,158.110001
2015-12-15,162.619995
2015-12-16,164.580002
2015-12-17,161.429993
2015-12-18,158.800003
2015-12-21,159.279999
2015-12-22,162.300003
2015-12-23,162.720001
2015-12-24,163.550003
2015-12-28,161.729996
2015-12-29,164.440002
2015-12-30,163.289993
2015-12-31,162.330002
2016-01-04,158.339996
2016-01-05,158.169998
2016-01-06,156.720001
2016-01-07,152.979996
2016-01-08,150.710007
2016-01-11,147.690002
2016-01-12,150.789993
2016-01-13,145.460007
2016-01-14,153.160004
2016-01-15,151.300003
2016-01-19,151.300003
2016-01-20,155.020004
2016-01-21,152.779999
2016-01-22,156.080002
2016-01-25,153.429993
2016-01-26,153.779999
2016-01-27,150.470001
2016-01-28,148.350006
2016-01-29,152.729996
2016-02-01,152.750000
2016-02-02,150.110001
2016-02-03,150.690002
2016-02-04,149.910004
2016-02-05,145.039993
2016-02-08,143.000000
2016-02-09,143.160004
2016-02-10,144.809998
2016-02-11,141.460007
2016-02-12,144.720001
2016-02-16,147.149994
2016-02-17,151.070007
2016-02-18,149.300003
2016-02-19,150.119995
2016-02-22,148.559998
2016-02-23,147.259995
2016-02-24,147.110001
2016-02-25,146.750000
2016-02-26,147.600006
2016-02-29,142.279999
2016-03-01,148.389999
2016-03-02,147.490005
2016-03-03,145.839996
2016-03-04,145.979996
2016-03-07,147.309998
2016-03-08,144.630005
2016-03-09,140.899994
2016-03-10,141.029999
2016-03-11,144.570007
2016-03-14,144.619995
2016-03-15,143.210007
2016-03-16,143.979996
2016-03-17,144.130005
2016-03-18,145.509995
2016-03-21,147.009995
2016-03-22,150.619995
2016-03-23,148.759995
2016-03-24,149.240005
2016-03-28,148.369995
2016-03-29,149.490005
2016-03-30,149.479996
2016-03-31,149.929993
2016-04-01,154.160004
2016-04-04,154.660004
2016-04-05,152.949997
2016-04-06,159.660004
2016-04-07,157.380005
2016-04-08,156.460007
2016-04-11,156.389999
2016-04-12,158.600006
2016-04-13,160.059998
2016-04-14,160.119995
2016-04-15,160.130005
2016-04-18,161.699997
2016-04-19,162.100006
2016-04-20,162.759995
2016-04-21,164.350006
2016-04-22,163.190002
2016-04-25,163.460007
2016-04-26,162.850006
2016-04-27,161.000000
2016-04-28,160.559998
2016-04-29,158.300003
2016-05-02,158.990005
2016-05-03,156.350006
2016-05-04,154.179993
2016-05-05,154.250000
2016-05-06,153.190002
2016-05-09,155.410004
2016-05-10,157.240005
2016-05-11,154.179993
2016-05-12,152.899994
2016-05-13,152.350006
2016-05-16,153.270004
2016-05-17,150.110001
2016-05-18,150.830002
2016-05-19,148.669998
2016-05-20,150.179993
2016-05-23,149.300003
2016-05-24,152.720001
2016-05-25,155.570007
2016-05-26,155.550003
2016-05-27,156.740005
2016-05-31,157.949997
2016-06-01,158.050003
2016-06-02,159.869995
2016-06-03,159.190002
2016-06-06,160.190002
2016-06-07,158.889999
2016-06-08,158.000000
2016-06-09,156.779999
2016-06-10,154.779999
2016-06-13,153.080002
2016-06-14,152.990005
2016-06-15,151.899994
2016-06-16,152.300003
2016-06-17,149.619995
2016-06-20,150.649994
2016-06-21,149.419998
2016-06-22,149.809998
2016-06-23,152.270004
2016-06-24,146.449997
2016-06-27,144.580002
2016-06-28,148.419998
2016-06-29,150.100006
2016-06-30,152.149994
2016-07-01,154.279999
2016-07-05,154.270004
2016-07-06,156.050003
2016-07-07,156.589996
2016-07-08,161.100006
2016-07-11,160.179993
2016-07-12,161.960007
2016-07-13,160.520004
2016-07-14,162.740005
2016-07-15,163.279999
2016-07-18,162.929993
2016-07-19,162.490005
2016-07-20,163.250000
2016-07-21,164.190002
2016-07-22,165.669998
2016-07-25,166.559998
2016-07-26,167.669998
2016-07-27,170.679993
2016-07-28,171.279999
2016-07-29,172.029999
2016-08-01,174.160004
2016-08-02,174.149994
2016-08-03,173.429993
2016-08-04,172.669998
2016-08-05,173.660004
2016-08-08,172.339996
2016-08-09,172.080002
2016-08-10,171.229996
2016-08-11,172.429993
2016-08-12,173.020004
2016-08-15,174.580002
2016-08-16,172.160004
2016-08-17,174.309998
2016-08-18,174.750000
2016-08-19,173.619995
2016-08-22,174.350006
2016-08-23,174.399994
2016-08-24,170.839996
2016-08-25,170.229996
2016-08-26,171.970001
2016-08-29,171.509995
2016-08-30,170.759995
2016-08-31,170.059998
2016-09-01,170.130005
2016-09-02,169.770004
2016-09-06,170.839996
2016-09-07,170.630005
2016-09-08,170.970001
2016-09-09,166.550003
2016-09-12,172.039993
2016-09-13,169.300003
2016-09-14,170.139999
2016-09-15,172.639999
2016-09-16,172.960007
2016-09-19,171.380005
2016-09-20,173.380005
2016-09-21,173.850006
2016-09-22,175.619995
2016-09-23,174.800003
2016-09-26,173.529999
2016-09-27,171.630005
2016-09-28,169.710007
2016-09-29,165.449997
2016-09-30,166.809998
2016-10-03,167.339996
2016-10-04,167.550003
2016-10-05,167.240005
2016-10-06,166.899994
2016-10-07,167.500000
2016-10-10,168.309998
2016-10-11,164.320007
2016-10-12,163.880005
2016-10-13,164.289993
2016-10-14,161.899994
2016-10-17,162.619995
2016-10-18,162.800003
2016-10-19,161.080002
2016-10-20,161.500000
2016-10-21,158.509995
2016-10-24,158.759995
2016-10-25,157.899994
2016-10-26,158.990005
2016-10-27,160.570007
2016-10-28,145.179993
2016-10-31,141.160004
2016-11-01,140.759995
2016-11-02,138.699997
2016-11-03,135.220001
2016-11-04,135.399994
2016-11-07,139.210007
2016-11-08,138.449997
2016-11-09,146.419998
2016-11-10,151.570007
2016-11-11,149.039993
2016-11-14,146.419998
2016-11-15,147.059998
2016-11-16,147.229996
2016-11-17,147.360001
2016-11-18,145.229996
2016-11-21,145.550003
2016-11-22,144.330002
2016-11-23,145.029999
2016-11-25,145.429993
2016-11-28,145.070007
2016-11-29,146.000000
2016-11-30,144.070007
2016-12-01,142.389999
2016-12-02,144.009995
2016-12-05,145.289993
2016-12-06,145.110001
2016-12-07,141.190002
2016-12-08,140.589996
2016-12-09,143.449997
2016-12-12,145.759995
2016-12-13,148.369995
2016-12-14,148.690002
2016-12-15,150.389999
2016-12-16,149.369995
2016-12-19,147.740005
2016-12-20,147.220001
2016-12-21,146.169998
2016-12-22,146.360001
2016-12-23,147.550003
2016-12-27,148.360001
2016-12-28,147.669998
2016-12-29,147.779999
2016-12-30,146.210007
2017-01-03,150.729996
2017-01-04,152.869995
2017-01-05,152.979996
2017-01-06,156.779999
2017-01-09,158.839996
2017-01-10,158.759995
2017-01-11,156.619995
2017-01-12,155.360001
2017-01-13,156.119995
2017-01-17,154.800003
2017-01-18,155.770004
2017-01-19,153.800003
2017-01-20,154.669998
2017-01-23,152.720001
2017-01-24,151.850006
2017-01-25,154.100006
2017-01-26,152.979996
2017-01-27,157.160004
2017-01-30,154.429993
2017-01-31,156.679993
2017-02-01,159.669998
2017-02-02,159.580002
2017-02-03,167.529999
2017-02-06,166.580002
2017-02-07,166.820007
2017-02-08,168.119995
2017-02-09,167.470001
2017-02-10,167.889999
2017-02-13,167.660004
2017-02-14,168.050003
2017-02-15,171.789993
2017-02-16,172.110001
2017-02-17,173.289993
2017-02-21,173.139999
2017-02-22,172.610001
2017-02-23,174.009995
2017-02-24,174.559998
2017-02-27,176.130005
2017-02-28,176.529999
2017-03-01,178.240005
2017-03-02,178.070007
2017-03-03,180.199997
2017-03-06,179.460007
2017-03-07,177.380005
2017-03-08,177.779999
2017-03-09,178.919998
2017-03-10,181.440002
2017-03-13,181.050003
2017-03-14,180.119995
2017-03-15,182.600006
2017-03-16,180.110001
2017-03-17,168.610001
2017-03-20,169.240005
2017-03-21,166.850006
2017-03-22,167.449997
2017-03-23,166.039993
2017-03-24,165.740005
2017-03-27,164.910004
2017-03-28,164.710007
2017-03-29,163.059998
2017-03-30,164.380005
2017-03-31,164.070007
2017-04-03,163.889999
2017-04-04,164.360001
2017-04-05,162.240005
2017-04-06,162.250000
2017-04-07,163.380005
2017-04-10,162.789993
2017-04-11,163.110001
2017-04-12,163.050003
2017-04-13,161.610001
2017-04-17,162.110001
2017-04-18,161.250000
2017-04-19,161.259995
2017-04-20,162.039993
2017-04-21,160.410004
2017-04-24,163.139999
2017-04-25,164.699997
2017-04-26,164.610001
2017-04-27,162.720001
2017-04-28,163.320007
2017-05-01,162.600006
2017-05-02,163.490005
2017-05-03,163.809998
2017-05-04,164.289993
2017-05-05,163.809998
2017-05-08,163.029999
2017-05-09,163.220001
2017-05-10,160.509995
2017-05-11,160.080002
2017-05-12,160.220001
2017-05-15,159.970001
2017-05-16,159.990005
2017-05-17,157.059998
2017-05-18,157.960007
2017-05-19,156.509995
2017-05-22,153.020004
2017-05-23,154.070007
2017-05-24,154.600006
2017-05-25,155.429993
2017-05-26,155.009995
2017-05-30,153.850006
2017-05-31,155.240005
2017-06-01,156.240005
2017-06-02,159.149994
2017-06-05,160.220001
2017-06-06,159.529999
2017-06-07,161.660004
2017-06-08,162.649994
2017-06-09,164.059998
2017-06-12,164.880005
2017-06-13,164.429993
2017-06-14,165.100006
2017-06-15,164.110001
2017-06-16,162.419998
2017-06-19,165.089996
2017-06-20,166.289993
2017-06-21,171.350006
2017-06-22,173.820007
2017-06-23,172.500000
2017-06-26,173.669998
2017-06-27,170.850006
2017-06-28,174.070007
2017-06-29,172.589996
2017-06-30,172.229996
2017-07-03,172.800003
2017-07-05,174.259995
2017-07-06,171.720001
2017-07-07,171.429993
2017-07-10,172.199997
2017-07-11,173.320007
2017-07-12,173.270004
2017-07-13,175.039993
2017-07-14,177.130005
2017-07-17,177.399994
2017-07-18,177.479996
2017-07-19,179.179993
2017-07-20,179.320007
2017-07-21,180.210007
2017-07-24,181.059998
2017-07-25,180.889999
2017-07-26,175.889999
2017-07-27,172.149994
2017-07-28,174.539993
2017-07-31,174.509995
2017-08-01,174.130005
2017-08-02,174.460007
2017-08-03,174.179993
2017-08-04,173.850006
2017-08-07,174.580002
2017-08-08,173.690002
2017-08-09,173.550003
2017-08-10,169.110001
2017-08-11,169.429993
2017-08-14,171.669998
2017-08-15,170.039993
2017-08-16,171.389999
2017-08-17,167.809998
2017-08-18,167.289993
2017-08-21,168.160004
2017-08-22,170.070007
2017-08-23,169.000000
2017-08-24,169.949997
2017-08-25,169.740005
2017-08-28,171.779999
2017-08-29,172.229996
2017-08-30,173.649994
2017-08-31,177.770004
2017-09-01,178.710007
2017-09-05,176.740005
2017-09-06,178.380005
2017-09-07,180.710007
2017-09-08,180.639999
2017-09-11,186.490005
2017-09-12,191.000000
2017-09-13,189.699997
2017-09-14,189.440002
2017-09-15,187.470001
2017-09-18,186.470001
2017-09-19,186.320007
2017-09-20,188.169998
2017-09-21,186.639999
2017-09-22,185.759995
2017-09-25,186.289993
2017-09-26,185.600006
2017-09-27,184.880005
2017-09-28,185.460007
2017-09-29,186.449997
2017-10-02,187.169998
2017-10-03,187.229996
2017-10-04,188.589996
2017-10-05,186.850006
2017-10-06,185.820007
2017-10-09,185.460007
2017-10-10,185.789993
2017-10-11,184.149994
2017-10-12,182.759995
2017-10-13,183.009995
2017-10-16,181.899994
2017-10-17,186.190002
2017-10-18,186.279999
2017-10-19,184.119995
2017-10-20,182.960007
2017-10-23,180.529999
2017-10-24,180.369995
2017-10-25,177.500000
2017-10-26,176.520004
2017-10-27,175.279999
2017-10-30,174.589996
2017-10-31,175.220001
2017-11-01,175.419998
2017-11-02,172.410004
2017-11-03,173.440002
2017-11-06,170.800003
2017-11-07,173.479996
2017-11-08,173.580002
2017-11-09,174.000000
2017-11-10,172.350006
2017-11-13,171.500000
2017-11-14,170.130005
2017-11-15,169.380005
2017-11-16,170.770004
2017-11-17,170.000000
2017-11-20,168.789993
2017-11-21,169.839996
2017-11-22,169.960007
2017-11-24,170.119995
2017-11-27,169.710007
2017-11-28,170.259995
2017-11-29,172.229996
2017-11-30,175.660004
2017-12-01,177.199997
2017-12-04,178.690002
2017-12-05,178.669998
2017-12-06,176.220001
2017-12-07,173.960007
2017-12-08,175.410004
2017-12-11,176.830002
2017-12-12,176.259995
2017-12-13,177.380005
2017-12-14,174.919998
2017-12-15,177.039993
2017-12-18,176.139999
2017-12-19,176.869995
2017-12-20,177.110001
2017-12-21,176.679993
2017-12-22,176.419998
2017-12-26,176.089996
2017-12-27,176.210007
2017-12-28,175.250000
2017-12-29,173.899994
2018-01-02,177.000000
2018-01-03,180.339996
2018-01-04,179.580002
2018-01-05,180.649994
2018-01-08,180.600006
2018-01-09,183.380005
2018-01-10,182.860001
2018-01-11,181.960007
2018-01-12,185.039993
2018-01-16,185.539993
2018-01-17,188.009995
2018-01-18,187.589996
2018-01-19,189.279999
2018-01-22,192.330002
2018-01-23,191.990005
2018-01-24,190.630005
2018-01-25,190.080002
2018-01-26,196.009995
2018-01-29,198.000000
2018-01-30,191.270004
2018-01-31,186.050003
2018-02-01,185.559998
2018-02-02,187.009995
2018-02-05,174.750000
2018-02-06,176.649994
2018-02-07,177.470001
2018-02-08,173.119995
2018-02-09,173.460007
2018-02-12,174.869995
2018-02-13,175.940002
2018-02-14,179.520004
2018-02-15,183.600006
2018-02-16,183.550003
2018-02-20,182.979996
2018-02-21,182.429993
2018-02-22,182.449997
2018-02-23,186.669998
2018-02-26,188.500000
2018-02-27,185.789993
2018-02-28,183.770004
2018-03-01,183.289993
2018-03-02,185.080002
2018-03-05,190.130005
2018-03-06,190.350006
2018-03-07,187.529999
2018-03-08,187.160004
2018-03-09,191.100006
2018-03-12,189.300003
2018-03-13,189.750000
2018-03-14,190.570007
2018-03-15,189.750000
2018-03-16,188.240005
2018-03-19,182.550003
2018-03-20,182.029999
2018-03-21,181.589996
2018-03-22,176.080002
2018-03-23,169.429993
2018-03-26,175.190002
2018-03-27,171.149994
2018-03-28,170.460007
2018-03-29,170.479996
2018-04-02,166.050003
2018-04-03,168.220001
2018-04-04,173.520004
2018-04-05,172.000000
2018-04-06,168.139999
2018-04-09,169.619995
2018-04-10,173.130005
2018-04-11,172.410004
2018-04-12,171.020004
2018-04-13,171.479996
2018-04-16,171.380005
2018-04-17,174.880005
2018-04-18,175.110001
2018-04-19,172.929993
2018-04-20,171.559998
2018-04-23,174.660004
2018-04-24,171.940002
2018-04-25,174.830002
2018-04-26,175.369995
2018-04-27,177.460007
2018-04-30,174.479996
2018-05-01,169.279999
2018-05-02,169.429993
2018-05-03,166.389999
2018-05-04,167.979996
2018-05-07,168.059998
2018-05-08,168.490005
2018-05-09,169.639999
2018-05-10,170.770004
2018-05-11,173.889999
2018-05-14,175.960007
2018-05-15,172.339996
2018-05-16,173.800003
2018-05-17,174.649994
2018-05-18,176.300003
2018-05-21,176.470001
2018-05-22,178.360001
2018-05-23,179.940002
2018-05-24,177.960007
2018-05-25,178.240005
2018-05-29,177.440002
2018-05-30,180.240005
2018-05-31,179.619995
2018-06-01,183.570007
2018-06-04,185.440002
2018-06-05,181.729996
2018-06-06,183.550003
2018-06-07,183.300003
2018-06-08,184.300003
2018-06-11,184.610001
2018-06-12,185.070007
2018-06-13,183.679993
2018-06-14,185.789993
2018-06-15,185.009995
2018-06-18,183.949997
2018-06-19,186.190002
2018-06-20,186.509995
2018-06-21,185.990005
2018-06-22,185.149994
2018-06-25,185.360001
2018-06-26,184.589996
2018-06-27,183.529999
2018-06-28,183.339996
2018-06-29,184.589996
2018-07-02,185.289993
2018-07-03,185.710007
2018-07-05,187.360001
2018-07-06,191.009995
2018-07-09,194.169998
2018-07-10,195.690002
2018-07-11,193.149994
2018-07-12,194.080002
2018-07-13,195.910004
2018-07-16,194.880005
2018-07-17,193.919998
2018-07-18,192.800003
2018-07-19,191.759995
2018-07-20,190.490005
2018-07-23,189.970001
2018-07-24,191.399994
2018-07-25,193.039993
2018-07-26,194.050003
2018-07-27,192.440002
2018-07-30,190.630005
2018-07-31,196.550003
2018-08-01,195.839996
2018-08-02,196.380005
2018-08-03,197.990005
2018-08-06,197.610001
2018-08-07,200.399994
2018-08-08,196.199997
2018-08-09,193.970001
2018-08-10,194.419998
2018-08-13,195.610001
2018-08-14,195.759995
2018-08-15,195.259995
2018-08-16,196.440002
2018-08-17,197.419998
2018-08-20,197.559998
2018-08-21,197.309998
2018-08-22,197.839996
2018-08-23,196.600006
2018-08-24,196.639999
2018-08-27,198.600006
2018-08-28,198.619995
2018-08-29,199.750000
2018-08-30,200.350006
2018-08-31,199.809998
2018-09-04,196.729996
2018-09-05,197.750000
2018-09-06,196.149994
2018-09-07,196.300003
2018-09-10,202.500000
2018-09-11,199.470001
2018-09-12,199.500000
2018-09-13,202.929993
2018-09-14,200.580002
2018-09-17,200.809998
2018-09-18,202.339996
2018-09-19,203.199997
2018-09-20,205.100006
2018-09-21,205.100006
2018-09-24,207.210007
2018-09-25,206.460007
2018-09-26,206.830002
2018-09-27,208.889999
2018-09-28,207.289993
2018-10-01,206.910004
2018-10-02,207.669998
2018-10-03,206.899994
2018-10-04,203.470001
2018-10-05,204.020004
2018-10-08,205.570007
2018-10-09,206.000000
2018-10-10,201.199997
2018-10-11,193.850006
2018-10-12,197.389999
2018-10-15,195.589996
2018-10-16,202.339996
2018-10-17,202.770004
2018-10-18,202.720001
2018-10-19,201.800003
2018-10-22,198.020004
2018-10-23,197.639999
2018-10-24,187.880005
2018-10-25,188.100006
2018-10-26,185.979996
2018-10-29,188.190002
2018-10-30,189.080002
2018-10-31,192.789993
2018-11-01,192.899994
2018-11-02,187.059998
2018-11-05,189.919998
2018-11-06,190.750000
2018-11-07,197.619995
2018-11-08,196.020004
2018-11-09,193.160004
2018-11-12,191.559998
2018-11-13,191.550003
2018-11-14,190.360001
2018-11-15,192.449997
2018-11-16,194.179993
2018-11-19,194.910004
2018-11-20,196.440002
2018-11-21,192.770004
2018-11-23,192.570007
2018-11-26,194.300003
2018-11-27,197.100006
2018-11-28,201.419998
2018-11-29,202.369995
2018-11-30,208.250000
2018-12-03,202.929993
2018-12-04,197.759995
2018-12-06,199.009995
2018-12-07,191.440002
2018-12-10,194.089996
2018-12-11,196.179993
2018-12-12,196.410004
2018-12-13,197.529999
2018-12-14,192.070007
2018-12-17,190.080002
2018-12-18,187.100006
2018-12-19,185.490005
2018-12-20,184.960007
2018-12-21,180.210007
2018-12-24,178.399994
2018-12-26,187.860001
2018-12-27,190.330002
2018-12-28,190.729996
2018-12-31,194.669998
2019-01-02,191.899994
2019-01-03,188.979996
2019-01-04,195.440002
2019-01-07,198.070007
2019-01-08,200.610001
2019-01-09,200.369995
2019-01-10,202.679993
2019-01-11,200.559998
2019-01-14,196.779999
2019-01-15,199.380005
2019-01-16,198.889999
2019-01-17,201.919998
2019-01-18,203.880005
2019-01-22,201.979996
2019-01-23,201.559998
2019-01-24,200.970001
2019-01-25,198.770004
2019-01-28,191.949997
2019-01-29,192.110001
2019-01-30,184.860001
2019-01-31,187.110001
2019-02-01,187.070007
2019-02-04,186.179993
2019-02-05,188.309998
2019-02-06,190.759995
2019-02-07,184.229996
2019-02-08,186.000000
2019-02-11,185.789993
2019-02-12,188.429993
2019-02-13,188.979996
2019-02-14,186.679993
2019-02-15,188.339996
2019-02-19,186.970001
2019-02-20,186.919998
2019-02-21,185.500000
2019-02-22,187.500000
2019-02-25,189.809998
2019-02-26,190.080002
2019-02-27,191.419998
2019-02-28,190.080002
2019-03-01,191.160004
2019-03-04,189.779999
2019-03-05,188.820007
2019-03-06,183.149994
2019-03-07,181.460007
2019-03-08,180.869995
2019-03-11,184.139999
2019-03-12,184.179993
2019-03-13,187.350006
2019-03-14,187.759995
2019-03-15,191.240005
2019-03-18,191.309998
2019-03-19,191.490005
2019-03-20,191.119995
2019-03-21,191.889999
2019-03-22,186.699997
2019-03-25,186.589996
2019-03-26,188.270004
2019-03-27,186.320007
2019-03-28,187.649994
2019-03-29,189.979996
2019-04-01,191.770004
2019-04-02,192.429993
2019-04-03,192.919998
2019-04-04,192.330002
2019-04-05,195.410004
2019-04-08,194.880005
2019-04-09,192.979996
2019-04-10,193.889999
2019-04-11,192.110001
2019-04-12,191.419998
2019-04-15,191.199997
2019-04-16,188.050003
2019-04-17,182.470001
2019-04-18,177.470001
2019-04-22,176.360001
2019-04-23,179.759995
2019-04-24,178.300003
2019-04-25,180.479996
2019-04-26,181.470001
2019-04-29,181.169998
2019-04-30,179.320007
2019-05-01,176.139999
2019-05-02,176.500000
2019-05-03,177.309998
2019-05-06,177.059998
2019-05-07,173.869995
2019-05-08,172.149994
2019-05-09,172.869995
2019-05-10,171.850006
2019-05-13,167.600006
2019-05-14,167.809998
2019-05-15,169.869995
2019-05-16,169.919998
2019-05-17,169.910004
2019-05-20,168.389999
2019-05-21,169.690002
2019-05-22,171.300003
2019-05-23,172.110001
2019-05-24,171.279999
2019-05-28,168.850006
2019-05-29,169.179993
2019-05-30,169.039993
2019-05-31,166.699997
2019-06-03,172.360001
2019-06-04,174.729996
2019-06-05,174.550003
2019-06-06,174.449997
2019-06-07,175.509995
2019-06-10,175.580002
2019-06-11,174.619995
2019-06-12,175.600006
2019-06-13,176.710007
2019-06-14,176.080002
2019-06-17,178.389999
2019-06-18,181.610001
2019-06-19,182.770004
2019-06-20,184.080002
2019-06-21,187.110001
2019-06-24,184.830002
2019-06-25,184.440002
2019-06-26,183.169998
2019-06-27,184.020004
2019-06-28,184.279999
2019-07-01,186.350006
2019-07-02,186.639999
2019-07-03,188.580002
2019-07-05,185.940002
2019-07-08,182.240005
2019-07-09,181.589996
2019-07-10,182.270004
2019-07-11,178.000000
2019-07-12,174.929993
2019-07-15,176.119995
2019-07-16,177.470001
2019-07-17,177.059998
2019-07-18,179.539993
2019-07-19,178.389999
2019-07-22,175.889999
2019-07-23,176.009995
2019-07-24,175.770004
2019-07-25,174.110001
2019-07-26,175.339996
2019-07-29,176.080002
2019-07-30,176.449997
2019-07-31,186.580002
2019-08-01,186.000000
2019-08-02,187.220001
2019-08-05,181.500000
2019-08-06,184.460007
2019-08-07,183.539993
2019-08-08,185.229996
2019-08-09,196.250000
2019-08-12,205.779999
2019-08-13,206.119995
2019-08-14,198.869995
2019-08-15,199.309998
2019-08-16,204.020004
2019-08-19,206.000000
2019-08-20,203.169998
2019-08-21,203.940002
2019-08-22,203.419998
2019-08-23,199.080002
2019-08-26,205.410004
2019-08-27,206.490005
2019-08-28,207.520004
2019-08-29,206.979996
2019-08-30,208.619995
2019-09-03,205.520004
2019-09-04,206.320007
2019-09-05,207.649994
2019-09-06,207.729996
2019-09-09,202.339996
2019-09-10,196.869995
2019-09-11,195.839996
2019-09-12,194.000000
2019-09-13,195.470001
2019-09-16,194.080002
2019-09-17,196.720001
2019-09-18,195.039993
2019-09-19,195.649994
2019-09-20,196.940002
2019-09-23,197.759995
2019-09-24,196.550003
2019-09-25,196.059998
2019-09-26,195.380005
2019-09-27,194.940002
2019-09-30,193.509995
2019-10-01,193.190002
2019-10-02,189.210007
2019-10-03,192.619995
2019-10-04,195.589996
2019-10-07,197.169998
2019-10-08,196.080002
2019-10-09,196.690002
2019-10-10,198.679993
2019-10-11,200.800003
2019-10-14,202.889999
2019-10-15,204.660004
2019-10-16,203.210007
2019-10-17,203.559998
2019-10-18,202.720001
2019-10-21,202.929993
2019-10-22,204.830002
2019-10-23,203.320007
2019-10-24,203.059998
2019-10-25,203.050003
2019-10-28,205.009995
2019-10-29,208.990005
2019-10-30,210.880005
2019-10-31,213.250000
2019-11-01,217.949997
2019-11-04,214.410004
2019-11-05,215.080002
2019-11-06,216.399994
2019-11-07,217.990005
2019-11-08,221.110001
2019-11-11,220.699997
2019-11-12,221.309998
2019-11-13,219.669998
2019-11-14,218.500000
2019-11-15,220.860001
2019-11-18,220.669998
2019-11-19,224.500000
2019-11-20,225.509995
2019-11-21,227.820007
2019-11-22,230.740005
2019-11-25,234.539993
2019-11-26,234.389999
2019-11-27,234.539993
2019-11-29,234.720001
2019-12-02,233.479996
2019-12-03,232.770004
2019-12-04,233.880005
2019-12-05,233.410004
2019-12-06,233.770004
2019-12-09,232.820007
2019-12-10,233.839996
2019-12-11,234.009995
2019-12-12,235.990005
2019-12-13,236.740005
2019-12-16,243.199997
2019-12-17,242.839996
2019-12-18,241.940002
2019-12-19,241.839996
2019-12-20,243.059998
2019-12-23,243.029999
2019-12-24,242.330002
2019-12-26,241.899994
2019-12-27,241.529999
2019-12-30,240.270004
2019-12-31,241.070007
2020-01-02,240.100006
2020-01-03,238.470001
2020-01-06,240.300003
2020-01-07,238.039993
2020-01-08,238.220001
2020-01-09,238.929993
2020-01-10,238.259995
2020-01-13,236.919998
2020-01-14,240.000000
2020-01-15,241.699997
2020-01-16,240.500000
2020-01-17,241.490005
2020-01-21,237.600006
2020-01-22,236.750000
2020-01-23,235.039993
2020-01-24,225.589996
2020-01-27,222.949997
2020-01-28,224.839996
2020-01-29,227.149994
2020-01-30,226.149994
2020-01-31,216.050003
2020-02-03,216.880005
2020-02-04,221.809998
2020-02-05,231.940002
2020-02-06,231.449997
2020-02-07,229.330002
2020-02-10,227.419998
2020-02-11,228.960007
2020-02-12,227.000000
2020-02-13,223.039993
2020-02-14,223.479996
2020-02-18,221.690002
2020-02-19,222.960007
2020-02-20,222.139999
2020-02-21,222.789993
2020-02-24,217.880005
2020-02-25,210.380005
2020-02-26,214.539993
2020-02-27,203.500000
2020-02-28,199.729996
2020-03-02,212.199997
2020-03-03,204.419998
2020-03-04,215.110001
2020-03-05,212.119995
2020-03-06,210.649994
2020-03-09,198.369995
2020-03-10,206.800003
2020-03-11,198.649994
2020-03-12,182.240005
2020-03-13,202.100006
2020-03-16,188.679993
2020-03-17,207.800003
2020-03-18,204.880005
2020-03-19,198.759995
2020-03-20,188.250000
2020-03-23,185.929993
2020-03-24,202.339996
2020-03-25,193.139999
2020-03-26,198.490005
2020-03-27,198.270004
2020-03-30,208.479996
2020-03-31,202.729996
2020-04-01,197.809998
2020-04-02,208.880005
2020-04-03,205.410004
2020-04-06,211.580002
2020-04-07,208.779999
2020-04-08,219.190002
2020-04-09,218.210007
2020-04-13,218.270004
2020-04-14,226.800003
2020-04-15,221.800003
2020-04-16,230.899994
2020-04-17,234.970001
2020-04-20,236.600006
2020-04-21,230.750000
2020-04-22,229.289993
2020-04-23,232.490005
2020-04-24,236.279999
2020-04-27,242.429993
2020-04-28,237.669998
2020-04-29,235.690002
2020-04-30,239.220001
2020-05-01,230.979996
2020-05-04,230.910004
2020-05-05,236.360001
2020-05-06,236.589996
2020-05-07,233.330002
2020-05-08,234.820007
2020-05-11,242.740005
2020-05-12,237.210007
2020-05-13,236.830002
2020-05-14,237.979996
2020-05-15,240.199997
2020-05-18,233.190002
2020-05-19,227.429993
2020-05-20,227.869995
2020-05-21,224.779999
2020-05-22,226.429993
2020-05-26,222.399994
2020-05-27,224.809998
2020-05-28,224.130005
2020-05-29,229.699997
2020-06-01,226.910004
2020-06-02,223.720001
2020-06-03,221.000000
2020-06-04,220.880005
2020-06-05,225.669998
2020-06-08,225.750000
2020-06-09,224.899994
2020-06-10,227.119995
2020-06-11,218.899994
2020-06-12,217.899994
2020-06-15,219.779999
2020-06-16,226.869995
2020-06-17,225.970001
2020-06-18,230.320007
2020-06-19,238.699997
2020-06-22,234.190002
2020-06-23,235.750000
2020-06-24,232.509995
2020-06-25,235.110001
2020-06-26,232.839996
2020-06-29,231.559998
2020-06-30,235.860001
2020-07-01,255.119995
2020-07-02,258.239990
2020-07-06,256.250000
2020-07-07,253.149994
2020-07-08,251.589996
2020-07-09,251.660004
2020-07-10,249.039993
2020-07-13,250.039993
2020-07-14,253.089996
2020-07-15,253.309998
2020-07-16,255.199997
2020-07-17,258.459991
2020-07-20,260.950012
2020-07-21,257.910004
2020-07-22,256.980011
2020-07-23,252.240005
2020-07-24,247.979996
2020-07-27,253.649994
2020-07-28,255.270004
2020-07-29,248.850006
2020-07-30,246.139999
2020-07-31,244.669998
2020-08-03,247.360001
2020-08-04,243.589996
2020-08-05,241.470001
2020-08-06,241.550003
2020-08-07,240.690002
2020-08-10,238.169998
2020-08-11,234.649994
2020-08-12,241.720001
2020-08-13,240.460007
2020-08-14,239.710007
2020-08-17,243.009995
2020-08-18,241.500000
2020-08-19,240.490005
2020-08-20,238.729996
2020-08-21,237.639999
2020-08-24,235.570007
2020-08-25,248.220001
2020-08-26,250.179993
2020-08-27,252.809998
2020-08-28,253.119995
2020-08-31,253.320007
2020-09-01,250.860001
2020-09-02,258.119995
2020-09-03,247.910004
2020-09-04,248.399994
2020-09-08,241.179993
2020-09-09,245.570007
2020-09-10,240.639999
2020-09-11,243.210007
2020-09-14,246.750000
2020-09-15,248.350006
2020-09-16,247.759995
2020-09-17,248.080002
2020-09-18,247.720001
2020-09-21,243.190002
2020-09-22,247.500000
2020-09-23,242.589996
2020-09-24,240.320007
2020-09-25,243.820007
2020-09-28,247.029999
2020-09-29,248.300003
2020-09-30,254.160004
2020-10-01,255.389999
2020-10-02,245.410004
2020-10-05,256.010010
2020-10-06,252.690002
2020-10-07,257.670013
2020-10-08,240.089996
2020-10-09,236.699997
2020-10-12,239.509995
2020-10-13,239.339996
2020-10-14,237.649994
2020-10-15,235.009995
2020-10-16,235.720001
2020-10-19,230.710007
2020-10-20,231.100006
2020-10-21,228.970001
2020-10-22,227.979996
2020-10-23,227.160004
2020-10-26,224.889999
2020-10-27,223.460007
2020-10-28,216.380005
2020-10-29,217.820007
2020-10-30,216.940002
2020-11-02,220.210007
2020-11-03,220.059998
2020-11-04,230.330002
2020-11-05,231.970001
2020-11-06,231.669998
2020-11-09,235.000000
2020-11-10,241.600006
2020-11-11,240.690002
2020-11-12,237.139999
2020-11-13,237.360001
2020-11-16,236.660004
2020-11-17,232.440002
2020-11-18,227.759995
2020-11-19,224.669998
2020-11-20,223.169998
2020-11-23,222.220001
2020-11-24,220.460007
2020-11-25,220.309998
2020-11-27,224.809998
2020-11-30,222.039993
2020-12-01,225.080002
2020-12-02,226.559998
2020-12-03,226.910004
2020-12-04,229.210007
2020-12-07,226.449997
2020-12-08,228.940002
2020-12-09,229.850006
2020-12-10,228.160004
2020-12-11,227.399994
2020-12-14,229.460007
2020-12-15,230.529999
2020-12-16,228.440002
2020-12-17,231.240005
2020-12-18,228.490005
2020-12-21,227.309998
2020-12-22,220.990005
2020-12-23,222.940002
2020-12-24,222.929993
2020-12-28,223.649994
2020-12-29,226.869995
2020-12-30,227.169998
2020-12-31,229.919998
2021-01-04,226.660004
2021-01-05,227.759995
2021-01-06,233.250000
2021-01-07,234.020004
2021-01-08,238.490005
2021-01-11,237.570007
2021-01-12,236.589996
2021-01-13,237.740005
2021-01-14,241.660004
2021-01-15,245.490005
2021-01-19,248.270004
2021-01-20,252.360001
2021-01-21,252.029999
2021-01-22,253.500000
2021-01-25,257.100006
2021-01-26,258.600006
2021-01-27,251.059998
2021-01-28,247.750000
2021-01-29,241.429993
2021-02-01,240.429993
2021-02-02,240.490005
2021-02-03,237.080002
2021-02-04,237.220001
2021-02-05,236.320007
2021-02-08,237.570007
2021-02-09,236.649994
2021-02-10,238.460007
2021-02-11,235.039993
2021-02-12,237.210007
2021-02-16,232.839996
2021-02-17,235.610001
2021-02-18,232.529999
2021-02-19,231.690002
2021-02-22,231.470001
2021-02-23,232.460007
2021-02-24,229.990005
2021-02-25,227.520004
2021-02-26,224.919998
2021-03-01,227.039993
2021-03-02,225.690002
2021-03-03,223.940002
2021-03-04,221.910004
2021-03-05,227.729996
2021-03-08,227.809998
2021-03-09,228.990005
2021-03-10,229.960007
2021-03-11,231.169998
2021-03-12,230.360001
2021-03-15,235.960007
2021-03-16,240.320007
2021-03-17,244.270004
2021-03-18,244.419998
2021-03-19,245.940002
2021-03-22,249.690002
2021-03-23,245.039993
2021-03-24,245.470001
2021-03-25,246.250000
2021-03-26,252.860001
2021-03-29,254.960007
2021-03-30,249.750000
2021-03-31,248.809998
2021-04-01,249.169998
2021-04-05,252.020004
2021-04-06,249.100006
2021-04-07,248.119995
2021-04-08,246.880005
2021-04-09,248.949997
2021-04-12,248.940002
2021-04-13,249.949997
2021-04-14,249.619995
2021-04-15,255.130005
2021-04-16,255.710007
2021-04-19,255.970001
2021-04-20,259.140015
2021-04-21,258.779999
2021-04-22,255.050003
2021-04-23,257.029999
2021-04-26,255.520004
2021-04-27,255.130005
2021-04-28,236.710007
2021-04-29,234.710007
2021-04-30,239.639999
2021-05-03,245.380005
2021-05-04,247.360001
2021-05-05,249.350006
2021-05-06,251.300003
2021-05-07,254.210007
2021-05-10,252.619995
2021-05-11,252.300003
2021-05-12,250.830002
2021-05-13,252.070007
2021-05-14,251.380005
2021-05-17,252.380005
2021-05-18,250.860001
2021-05-19,248.630005
2021-05-20,251.929993
2021-05-21,251.009995
2021-05-24,247.750000
2021-05-25,242.000000
2021-05-26,238.550003
2021-05-27,235.309998
2021-05-28,237.940002
2021-06-01,233.580002
2021-06-02,235.160004
2021-06-03,235.740005
2021-06-04,236.850006
2021-06-07,237.190002
2021-06-08,236.820007
2021-06-09,239.520004
2021-06-10,244.639999
2021-06-11,242.770004
2021-06-14,241.190002
2021-06-15,239.850006
2021-06-16,239.580002
2021-06-17,240.759995
2021-06-18,238.679993
2021-06-21,240.240005
2021-06-22,239.910004
2021-06-23,238.710007
2021-06-24,240.949997
2021-06-25,242.679993
2021-06-28,242.839996
2021-06-29,242.460007
2021-06-30,243.750000
2021-07-01,246.899994
2021-07-02,248.699997
2021-07-06,243.649994
2021-07-07,243.220001
2021-07-08,244.279999
2021-07-09,245.199997
2021-07-12,244.369995
2021-07-13,244.830002
2021-07-14,244.699997
2021-07-15,246.630005
2021-07-16,247.960007
2021-07-19,246.729996
2021-07-20,246.889999
2021-07-21,244.850006
2021-07-22,244.740005
2021-07-23,247.720001
2021-07-26,245.080002
2021-07-27,244.679993
2021-07-28,244.250000
2021-07-29,242.460007
2021-07-30,241.539993
2021-08-02,239.789993
2021-08-03,244.080002
2021-08-04,228.309998
2021-08-05,233.990005
2021-08-06,230.149994
2021-08-09,227.889999
2021-08-10,227.960007
2021-08-11,228.130005
2021-08-12,228.149994
2021-08-13,229.679993
2021-08-16,231.070007
2021-08-17,231.199997
2021-08-18,226.839996
2021-08-19,224.389999
2021-08-20,223.529999
2021-08-23,225.639999
2021-08-24,224.380005
2021-08-25,221.589996
2021-08-26,221.470001
2021-08-27,222.779999
2021-08-30,224.130005
2021-08-31,225.529999
2021-09-01,223.350006
2021-09-02,225.960007
2021-09-03,226.369995
2021-09-07,221.339996
2021-09-08,220.869995
2021-09-09,215.580002
2021-09-10,213.750000
2021-09-13,216.720001
2021-09-14,216.039993
2021-09-15,218.130005
2021-09-16,217.360001
2021-09-17,219.380005
2021-09-20,215.110001
2021-09-21,215.360001
2021-09-22,213.639999
2021-09-23,215.050003
2021-09-24,213.610001
2021-09-27,213.110001
2021-09-28,212.270004
2021-09-29,214.899994
2021-09-30,212.649994
2021-10-01,213.919998
2021-10-04,211.440002
2021-10-05,211.860001
2021-10-06,209.979996
2021-10-07,209.119995
2021-10-08,208.949997
2021-10-11,206.699997
2021-10-12,201.889999
2021-10-13,203.610001
2021-10-14,206.779999
2021-10-15,207.839996
2021-10-18,203.130005
2021-10-19,206.779999
2021-10-20,209.660004
2021-10-21,208.990005
2021-10-22,209.240005
2021-10-25,207.630005
2021-10-26,208.679993
2021-10-27,206.580002
2021-10-28,207.169998
2021-10-29,206.970001
2021-11-01,209.789993
2021-11-02,214.259995
2021-11-03,218.130005
2021-11-04,214.929993
2021-11-05,213.770004
2021-11-08,211.369995
2021-11-09,211.710007
2021-11-10,213.210007
2021-11-11,211.559998
2021-11-12,211.389999
2021-11-15,207.399994
2021-11-16,205.389999
2021-11-17,205.820007
2021-11-18,204.020004
2021-11-19,206.080002
2021-11-22,202.729996
2021-11-23,204.529999
2021-11-24,203.970001
2021-11-26,201.089996
2021-11-29,203.470001
2021-11-30,198.880005
2021-12-01,200.800003
2021-12-02,201.169998
2021-12-03,202.440002
2021-12-06,208.789993
2021-12-07,211.320007
2021-12-08,213.529999
2021-12-09,212.570007
2021-12-10,210.889999
2021-12-13,211.389999
2021-12-14,213.740005
2021-12-15,219.250000
2021-12-16,222.580002
2021-12-17,222.500000
2021-12-20,219.990005
2021-12-21,220.919998
2021-12-22,221.529999
2021-12-23,223.789993
2021-12-27,225.169998
2021-12-28,225.770004
2021-12-29,227.600006
2021-12-30,226.470001
2021-12-31,224.970001
2022-01-03,226.690002
2022-01-04,227.839996
2022-01-05,225.139999
2022-01-06,225.169998
2022-01-07,227.289993
2022-01-10,230.369995
2022-01-11,232.380005
2022-01-12,231.759995
2022-01-13,230.850006
2022-01-14,235.360001
2022-01-18,233.830002
2022-01-19,231.300003
2022-01-20,228.899994
2022-01-21,227.720001
2022-01-24,226.080002
2022-01-25,225.039993
2022-01-26,222.539993
2022-01-27,224.000000
2022-01-28,229.139999
2022-01-31,227.139999
2022-02-01,228.679993
2022-02-02,228.929993
2022-02-03,224.039993
2022-02-04,222.110001
2022-02-07,223.529999
2022-02-08,241.009995
2022-02-09,237.190002
2022-02-10,228.820007
2022-02-11,228.199997
2022-02-14,224.270004
2022-02-15,223.940002
2022-02-16,222.660004
2022-02-17,221.679993
2022-02-18,220.770004
2022-02-22,221.410004
2022-02-23,221.000000
2022-02-24,219.270004
2022-02-25,227.029999
2022-02-28,226.479996
2022-03-01,225.210007
2022-03-02,228.589996
2022-03-03,232.639999
2022-03-04,232.910004
2022-03-07,234.360001
2022-03-08,231.100006
2022-03-09,231.460007
2022-03-10,226.949997
2022-03-11,228.850006
2022-03-14,229.210007
2022-03-15,231.559998
2022-03-16,231.669998
2022-03-17,235.860001
2022-03-18,236.250000
2022-03-21,236.320007
2022-03-22,236.470001
2022-03-23,234.179993
2022-03-24,236.869995
2022-03-25,238.789993
2022-03-28,240.470001
2022-03-29,241.539993
2022-03-30,242.570007
2022-03-31,241.820007
2022-04-01,243.119995
2022-04-04,244.869995
2022-04-05,244.559998
2022-04-06,249.929993
2022-04-07,251.639999
2022-04-08,252.020004
2022-04-11,250.869995
2022-04-12,250.039993
2022-04-13,253.509995
2022-04-14,254.020004
2022-04-18,251.929993
2022-04-19,253.369995
2022-04-20,255.380005
2022-04-21,255.460007
2022-04-22,250.350006
2022-04-25,252.169998
2022-04-26,249.869995
2022-04-27,248.789993
2022-04-28,238.130005
2022-04-29,233.190002
2022-05-02,230.919998
2022-05-03,232.190002
2022-05-04,236.100006
2022-05-05,234.350006
2022-05-06,236.500000
2022-05-09,239.240005
2022-05-10,240.710007
2022-05-11,240.639999
2022-05-12,244.720001
2022-05-13,243.399994
2022-05-16,243.869995
2022-05-17,245.350006
2022-05-18,243.960007
2022-05-19,244.770004
2022-05-20,247.500000
2022-05-23,249.039993
2022-05-24,251.889999
2022-05-25,253.009995
2022-05-26,253.050003
2022-05-27,255.259995
2022-05-31,256.739990
2022-06-01,253.419998
2022-06-02,248.279999
2022-06-03,248.449997
2022-06-06,245.440002
2022-06-07,246.410004
2022-06-08,245.479996
2022-06-09,241.750000
2022-06-10,240.009995
2022-06-13,236.770004
2022-06-14,235.699997
2022-06-15,235.580002
2022-06-16,230.710007
2022-06-17,234.720001
2022-06-21,238.410004
2022-06-22,240.139999
2022-06-23,243.089996
2022-06-24,245.369995
2022-06-27,244.850006
2022-06-28,243.509995
2022-06-29,245.429993
2022-06-30,243.300003
2022-07-01,245.550003
2022-07-05,246.729996
2022-07-06,245.250000
2022-07-07,247.419998
2022-07-08,248.479996
2022-07-11,247.779999
2022-07-12,246.970001
2022-07-13,247.089996
2022-07-14,245.589996
2022-07-15,248.690002
2022-07-18,243.839996
2022-07-19,247.320007
2022-07-20,246.630005
2022-07-21,245.779999
2022-07-22,245.949997
2022-07-25,248.720001
2022-07-26,251.139999
2022-07-27,251.720001
2022-07-28,249.750000
2022-07-29,247.470001
2022-08-01,245.639999
2022-08-02,243.910004
2022-08-03,247.139999
2022-08-04,246.979996
2022-08-05,246.250000
2022-08-08,247.289993
2022-08-09,248.360001
2022-08-10,252.089996
2022-08-11,248.350006
2022-08-12,248.389999
2022-08-15,251.080002
2022-08-16,253.149994
2022-08-17,250.580002
2022-08-18,249.699997
2022-08-19,250.860001
2022-08-22,246.899994
2022-08-23,244.470001
2022-08-24,244.490005
2022-08-25,245.679993
2022-08-26,240.649994
2022-08-29,239.380005
2022-08-30,239.119995
2022-08-31,240.300003
2022-09-01,245.500000
2022-09-02,242.369995
2022-09-06,242.220001
2022-09-07,244.789993
2022-09-08,245.449997
2022-09-09,247.690002
2022-09-12,237.619995
2022-09-13,226.860001
2022-09-14,228.119995
2022-09-15,227.660004
2022-09-16,231.139999
2022-09-19,230.759995
2022-09-20,227.710007
2022-09-21,224.460007
2022-09-22,227.750000
2022-09-23,226.970001
2022-09-26,226.869995
2022-09-27,225.990005
2022-09-28,230.979996
2022-09-29,228.410004
2022-09-30,225.399994
2022-10-03,230.440002
2022-10-04,233.020004
2022-10-05,233.820007
2022-10-06,230.940002
2022-10-07,229.029999
2022-10-10,232.149994
2022-10-11,245.440002
2022-10-12,246.440002
2022-10-13,251.660004
2022-10-14,251.339996
2022-10-17,252.929993
2022-10-18,252.119995
2022-10-19,248.190002
2022-10-20,247.449997
2022-10-21,251.940002
2022-10-24,261.320007
2022-10-25,259.989990
2022-10-26,266.660004
2022-10-27,267.230011
2022-10-28,273.809998
2022-10-31,270.350006
2022-11-01,272.059998
2022-11-02,269.010010
2022-11-03,265.880005
2022-11-04,269.040009
2022-11-07,277.019989
2022-11-08,292.390015
2022-11-09,289.649994
2022-11-10,291.010010
2022-11-11,285.019989
2022-11-14,285.299988
2022-11-15,283.600006
2022-11-16,283.769989
2022-11-17,287.299988
2022-11-18,287.290009
2022-11-21,288.160004
2022-11-22,287.049988
2022-11-23,283.399994
2022-11-25,283.739990
2022-11-28,282.619995
2022-11-29,281.989990
2022-11-30,286.399994
2022-12-01,285.940002
2022-12-02,285.510010
2022-12-05,284.910004
2022-12-06,283.290009
2022-12-07,285.760010
2022-12-08,285.570007
2022-12-09,278.649994
2022-12-12,276.779999
2022-12-13,272.260010
2022-12-14,271.130005
2022-12-15,266.140015
2022-12-16,267.410004
2022-12-19,265.700012
2022-12-20,264.750000
2022-12-21,266.260010
2022-12-22,265.260010
2022-12-23,263.920013
2022-12-27,263.390015
2022-12-28,261.420013
2022-12-29,263.160004
2022-12-30,262.640015
2023-01-03,261.649994
2023-01-04,264.390015
2023-01-05,266.859985
2023-01-06,275.200012
2023-01-09,270.119995
2023-01-10,273.880005
2023-01-11,272.910004
2023-01-12,270.920013
2023-01-13,271.730011
2023-01-17,269.420013
2023-01-18,264.390015
2023-01-19,262.029999
2023-01-20,263.239990
2023-01-23,260.970001
2023-01-24,259.700012
2023-01-25,256.540009
2023-01-26,254.880005
2023-01-27,253.649994
2023-01-30,251.589996
2023-01-31,252.399994
2023-02-01,246.410004
2023-02-02,246.529999
2023-02-03,245.169998
2023-02-06,243.850006
2023-02-07,244.000000
2023-02-08,240.199997
2023-02-09,240.000000
2023-02-10,242.500000
2023-02-13,243.660004
2023-02-14,241.029999
2023-02-15,240.070007
2023-02-16,234.220001
2023-02-17,240.529999
2023-02-21,238.240005
2023-02-22,236.160004
2023-02-23,237.619995
2023-02-24,233.660004
2023-02-27,234.449997
2023-02-28,231.660004
2023-03-01,236.190002
2023-03-02,234.740005
2023-03-03,234.809998
2023-03-06,235.110001
2023-03-07,228.720001
2023-03-08,228.429993
2023-03-09,225.789993
2023-03-10,227.869995
2023-03-13,233.179993
2023-03-14,230.580002
2023-03-15,234.899994
2023-03-16,234.570007
2023-03-17,229.789993
2023-03-20,234.720001
2023-03-21,232.949997
2023-03-22,229.830002
2023-03-23,233.100006
2023-03-24,238.029999
2023-03-27,236.759995
2023-03-28,238.479996
2023-03-29,241.029999
2023-03-30,241.500000
2023-03-31,241.750000
2023-04-03,244.440002
2023-04-04,247.529999
2023-04-05,253.369995
2023-04-06,253.320007
2023-04-10,250.899994
2023-04-11,251.429993
2023-04-12,249.500000
2023-04-13,251.440002
2023-04-14,250.000000
2023-04-17,248.070007
2023-04-18,246.089996
2023-04-19,246.210007
2023-04-20,243.460007
2023-04-21,243.860001
2023-04-24,244.449997
2023-04-25,244.869995
2023-04-26,238.800003
2023-04-27,240.339996
2023-04-28,239.740005
2023-05-01,238.899994
2023-05-02,235.970001
2023-05-03,229.309998
2023-05-04,231.889999
2023-05-05,236.529999
2023-05-08,234.619995
2023-05-09,234.429993
2023-05-10,234.110001
2023-05-11,232.289993
2023-05-12,232.949997
2023-05-15,233.529999
2023-05-16,227.880005
2023-05-17,225.020004
2023-05-18,224.229996
2023-05-19,223.419998
2023-05-22,223.990005
2023-05-23,224.440002
2023-05-24,221.320007
2023-05-25,217.460007
2023-05-26,216.929993
2023-05-30,218.529999
2023-05-31,220.649994
2023-06-01,214.270004
2023-06-02,218.070007
2023-06-05,221.880005
2023-06-06,221.220001
2023-06-07,221.250000
2023-06-08,220.759995
2023-06-09,218.759995
2023-06-12,217.360001
2023-06-13,221.990005
2023-06-14,222.279999
2023-06-15,228.440002
2023-06-16,229.660004
2023-06-20,228.589996
2023-06-21,227.039993
2023-06-22,229.660004
2023-06-23,227.110001
2023-06-26,224.729996
2023-06-27,222.610001
2023-06-28,221.309998
2023-06-29,221.160004
2023-06-30,222.020004
2023-07-03,225.009995
2023-07-05,225.880005
2023-07-06,222.979996
2023-07-07,218.649994
2023-07-10,224.729996
2023-07-11,223.860001
2023-07-12,225.679993
2023-07-13,227.660004
2023-07-14,227.429993
2023-07-17,227.839996
2023-07-18,232.570007
2023-07-19,232.050003
2023-07-20,233.229996
2023-07-21,234.820007
2023-07-24,235.419998
2023-07-25,235.309998
2023-07-26,235.210007
2023-07-27,236.050003
2023-07-28,236.369995
2023-07-31,234.149994
2023-08-01,232.119995
2023-08-02,230.410004
2023-08-03,230.699997
2023-08-04,243.279999
2023-08-07,252.940002
2023-08-08,260.799988
2023-08-09,259.320007
2023-08-10,262.059998
2023-08-11,262.510010
2023-08-14,260.970001
2023-08-15,266.010010
2023-08-16,265.019989
2023-08-17,263.850006
2023-08-18,261.820007
2023-08-21,260.700012
2023-08-22,257.619995
2023-08-23,257.359985
2023-08-24,256.619995
2023-08-25,256.380005
2023-08-28,256.549988
2023-08-29,259.640015
2023-08-30,257.880005
2023-08-31,256.339996
2023-09-01,256.709991
2023-09-05,254.009995
2023-09-06,249.009995
2023-09-07,254.389999
2023-09-08,259.429993
2023-09-11,261.720001
2023-09-12,260.309998
2023-09-13,257.230011
2023-09-14,262.299988
2023-09-15,260.720001
2023-09-18,263.149994
2023-09-19,264.309998
2023-09-20,271.459991
2023-09-21,269.410004
2023-09-22,267.700012
2023-09-25,266.859985
2023-09-26,269.040009
2023-09-27,268.980011
2023-09-28,270.820007
2023-09-29,268.760010
2023-10-02,266.309998
2023-10-03,261.010010
2023-10-04,265.440002
2023-10-05,265.079987
2023-10-06,267.470001
2023-10-09,271.540009
2023-10-10,271.250000
2023-10-11,283.600006
2023-10-12,285.040009
2023-10-13,284.100006
2023-10-16,286.880005
2023-10-17,284.420013
2023-10-18,283.579987
2023-10-19,280.600006
2023-10-20,278.809998
2023-10-23,273.059998
2023-10-24,276.119995
2023-10-25,272.160004
2023-10-26,269.709991
2023-10-27,261.570007
2023-10-30,263.190002
2023-10-31,255.699997
2023-11-01,260.839996
2023-11-02,266.589996
2023-11-03,269.859985
2023-11-06,272.829987
2023-11-07,271.109985
2023-11-08,273.260010
2023-11-09,264.059998
2023-11-10,267.309998
2023-11-13,266.690002
2023-11-14,270.019989
2023-11-15,273.029999
2023-11-16,269.000000
2023-11-17,265.390015
2023-11-20,265.350006
2023-11-21,262.820007
2023-11-22,264.589996
2023-11-24,265.459991
2023-11-27,264.269989
2023-11-28,265.519989
2023-11-29,266.600006
2023-11-30,269.640015
2023-12-01,272.450012
2023-12-04,272.540009
2023-12-05,270.869995
2023-12-06,269.350006
2023-12-07,271.309998
2023-12-08,269.119995
2023-12-11,272.140015
2023-12-12,273.989990
2023-12-13,281.619995
2023-12-14,276.320007
2023-12-15,275.450012
2023-12-18,275.480011
2023-12-19,278.440002
2023-12-20,275.179993
2023-12-21,279.329987
2023-12-22,284.160004
2023-12-26,283.899994
2023-12-27,286.529999
2023-12-28,288.459991
2023-12-29,288.019989
2024-01-02,297.390015
2024-01-03,300.690002
2024-01-04,303.170013
2024-01-05,303.000000
2024-01-08,310.880005
2024-01-09,307.260010
2024-01-10,304.570007
2024-01-11,303.100006
2024-01-12,306.510010
2024-01-16,303.480011
2024-01-17,304.079987
2024-01-18,304.489990
2024-01-19,307.809998
2024-01-22,310.160004
2024-01-23,309.910004
2024-01-24,305.500000
2024-01-25,310.260010
2024-01-26,311.769989
2024-01-29,313.450012
2024-01-30,314.619995
2024-01-31,314.260010
2024-02-01,324.559998
2024-02-02,323.190002
2024-02-05,321.970001
2024-02-06,316.070007
2024-02-07,295.869995
2024-02-08,294.850006
2024-02-09,291.119995
2024-02-12,294.429993
2024-02-13,290.480011
2024-02-14,290.070007
2024-02-15,289.070007
2024-02-16,283.700012
2024-02-20,283.510010
2024-02-21,283.459991
2024-02-22,285.179993
2024-02-23,289.179993
2024-02-26,286.369995
2024-02-27,278.489990
2024-02-28,277.459991
2024-02-29,273.829987
2024-03-01,280.329987
2024-03-04,279.390015
2024-03-05,276.649994
2024-03-06,276.589996
2024-03-07,272.859985
2024-03-08,273.750000
2024-03-11,275.359985
2024-03-12,276.540009
2024-03-13,275.989990
2024-03-14,271.540009
2024-03-15,268.869995
2024-03-18,270.899994
2024-03-19,271.730011
2024-03-20,273.049988
2024-03-21,276.950012
2024-03-22,276.170013
2024-03-25,280.820007
2024-03-26,281.769989
2024-03-27,286.299988
2024-03-28,284.320007
2024-04-01,283.040009
2024-04-02,276.209991
2024-04-03,274.420013
2024-04-04,268.089996
2024-04-05,269.950012
2024-04-08,269.200012
2024-04-09,270.359985
2024-04-10,266.450012
2024-04-11,270.000000
2024-04-12,267.279999
2024-04-15,265.510010
2024-04-16,265.640015
2024-04-17,264.070007
2024-04-18,262.750000
2024-04-19,268.929993
2024-04-22,271.910004
2024-04-23,273.540009
2024-04-24,273.010010
2024-04-25,269.380005
2024-04-26,269.980011
2024-04-29,276.380005
2024-04-30,273.940002
2024-05-01,277.369995
2024-05-02,278.390015
2024-05-03,311.290009
2024-05-06,299.480011
2024-05-07,300.299988
2024-05-08,307.309998
2024-05-09,312.859985
2024-05-10,310.149994
2024-05-13,308.450012
2024-05-14,311.410004
2024-05-15,319.040009
2024-05-16,314.720001
2024-05-17,312.470001
2024-05-20,314.540009
2024-05-21,314.850006
2024-05-22,309.410004
2024-05-23,306.500000
2024-05-24,305.839996
2024-05-28,300.190002
2024-05-29,296.369995
2024-05-30,301.000000
2024-05-31,305.850006
2024-06-03,307.420013
2024-06-04,307.369995
2024-06-05,307.380005
2024-06-06,305.690002
2024-06-07,305.019989
2024-06-10,304.720001
2024-06-11,300.700012
2024-06-12,301.079987
2024-06-13,298.500000
2024-06-14,298.619995
2024-06-17,303.279999
2024-06-18,305.989990
2024-06-20,309.890015
2024-06-21,308.160004
2024-06-24,318.149994
2024-06-25,319.309998
2024-06-26,312.820007
2024-06-27,313.690002
2024-06-28,312.450012
2024-07-01,311.010010
2024-07-02,310.769989
2024-07-03,309.380005
2024-07-05,310.880005
2024-07-08,311.459991
2024-07-09,315.910004
2024-07-10,321.670013
2024-07-11,325.089996
2024-07-12,330.829987
2024-07-15,330.149994
2024-07-16,333.140015
2024-07-17,335.670013
2024-07-18,330.970001
2024-07-19,331.290009
2024-07-22,335.970001
2024-07-23,333.239990
2024-07-24,335.609985
2024-07-25,334.299988
2024-07-26,334.850006
2024-07-29,332.510010
2024-07-30,333.279999
2024-07-31,332.470001
2024-08-01,335.529999
2024-08-02,333.989990
2024-08-05,325.220001
2024-08-06,328.950012
2024-08-07,312.500000
2024-08-08,324.690002
2024-08-09,322.489990
2024-08-12,320.000000
2024-08-13,323.450012
2024-08-14,322.730011
2024-08-15,325.390015
2024-08-16,321.440002
2024-08-19,327.970001
2024-08-20,328.549988
2024-08-21,329.149994
2024-08-22,324.529999
2024-08-23,328.799988
2024-08-26,326.779999
2024-08-27,326.929993
2024-08-28,329.489990
2024-08-29,331.010010
2024-08-30,333.829987
2024-09-03,330.510010
2024-09-04,330.640015
2024-09-05,324.359985
2024-09-06,320.559998
2024-09-09,325.920013
2024-09-10,328.929993
2024-09-11,329.980011
2024-09-12,330.059998
2024-09-13,332.450012
2024-09-16,335.260010
2024-09-17,332.799988
2024-09-18,332.920013
2024-09-19,335.950012
2024-09-20,337.380005
2024-09-23,335.609985
2024-09-24,330.920013
2024-09-25,312.859985
2024-09-26,319.100006
2024-09-27,322.670013
2024-09-30,322.209991
2024-10-01,320.320007
2024-10-02,319.730011
2024-10-03,317.480011
2024-10-04,319.660004
2024-10-07,317.450012
2024-10-08,317.679993
2024-10-09,322.410004
2024-10-10,321.010010
2024-10-11,328.350006
2024-10-14,324.619995
2024-10-15,325.089996
2024-10-16,321.630005
2024-10-17,321.329987
2024-10-18,321.660004
2024-10-21,316.739990
2024-10-22,319.660004
2024-10-23,314.899994
2024-10-24,315.690002
2024-10-25,316.980011
2024-10-28,317.170013
2024-10-29,316.000000
2024-10-30,315.540009
2024-10-31,320.160004
2024-11-01,319.220001
2024-11-04,316.910004
2024-11-05,319.290009
2024-11-06,321.790009
2024-11-07,321.910004
2024-11-08,325.279999
2024-11-11,321.809998
2024-11-12,298.839996
2024-11-13,301.440002
2024-11-14,295.929993
2024-11-15,283.609985
2024-11-18,278.760010
2024-11-19,279.950012
2024-11-20,287.869995
2024-11-21,289.899994
2024-11-22,294.529999
2024-11-25,294.000000
2024-11-26,280.010010
2024-11-27,280.070007
2024-11-29,282.869995
2024-12-02,278.100006
2024-12-03,278.320007
2024-12-04,278.260010
2024-12-05,274.329987
2024-12-06,272.579987
2024-12-09,277.630005
2024-12-10,275.750000
2024-12-11,273.410004
2024-12-12,274.059998
2024-12-13,270.619995
2024-12-16,266.500000
2024-12-17,265.950012
2024-12-18,258.779999
2024-12-19,261.190002
2024-12-20,263.380005
2024-12-23,264.000000
2024-12-24,264.489990
2024-12-26,263.179993
2024-12-27,262.649994
2024-12-30,259.299988
2024-12-31,260.640015
2025-01-02,259.279999
2025-01-03,261.220001
2025-01-06,258.589996
2025-01-07,262.059998
2025-01-08,264.209991
2025-01-10,262.230011
2025-01-13,270.190002
2025-01-14,267.100006
2025-01-15,268.940002
2025-01-16,269.429993
2025-01-17,272.109985
2025-01-21,274.809998
2025-01-22,273.440002
2025-01-23,277.880005
2025-01-24,275.420013
2025-01-27,282.950012
2025-01-28,280.299988
2025-01-29,281.679993
2025-01-30,284.019989
2025-01-31,285.420013
2025-02-03,288.869995
2025-02-04,289.019989
2025-02-05,307.809998
2025-02-06,297.779999
2025-02-07,293.540009
2025-02-10,294.790009
2025-02-11,296.660004
2025-02-12,295.059998
2025-02-13,296.970001
2025-02-14,291.160004
2025-02-18,292.799988
2025-02-19,294.269989
2025-02-20,297.929993
2025-02-21,303.010010
2025-02-24,309.720001
2025-02-25,315.630005
2025-02-26,306.380005
2025-02-27,305.820007
2025-02-28,308.059998
2025-03-03,310.779999
2025-03-04,312.190002
2025-03-05,316.570007
2025-03-06,317.820007
2025-03-07,324.859985
2025-03-10,327.359985
2025-03-11,318.890015
2025-03-12,312.500000
2025-03-13,312.640015
2025-03-14,313.709991
2025-03-17,317.170013
2025-03-18,318.649994
2025-03-19,315.750000
2025-03-20,315.040009
2025-03-21,316.040009
2025-03-24,314.380005
2025-03-25,306.859985
2025-03-26,305.709991
2025-03-27,305.769989
2025-03-28,306.950012
2025-03-31,311.549988
2025-04-01,306.920013
2025-04-02,305.700012
2025-04-03,309.850006
2025-04-04,294.390015
2025-04-07,289.690002
2025-04-08,280.260010
2025-04-09,291.089996
2025-04-10,281.410004
2025-04-11,285.980011
2025-04-14,293.920013
2025-04-15,295.299988
2025-04-16,282.640015
2025-04-17,277.290009
2025-04-21,273.679993
2025-04-22,278.399994
2025-04-23,277.899994
2025-04-24,279.839996
2025-04-25,280.839996
2025-04-28,283.089996
2025-04-29,288.559998
2025-04-30,290.920013
2025-05-01,283.779999
2025-05-02,281.220001
2025-05-05,280.059998
2025-05-06,270.440002
2025-05-07,275.839996
2025-05-08,272.049988
2025-05-09,265.859985
2025-05-12,274.760010
2025-05-13,270.450012
2025-05-14,262.279999
2025-05-15,271.690002
2025-05-16,272.410004
2025-05-19,275.850006
2025-05-20,275.010010
2025-05-21,271.339996
2025-05-22,271.899994
2025-05-23,271.660004
2025-05-27,279.450012
2025-05-28,278.399994
2025-05-29,283.540009
2025-05-30,288.179993
2025-06-02,288.470001
2025-06-03,289.570007
2025-06-04,287.010010
2025-06-05,287.100006
2025-06-06,290.329987
2025-06-09,289.980011
2025-06-10,293.429993
2025-06-11,291.809998
2025-06-12,297.290009
2025-06-13,295.220001
2025-06-16,295.559998
2025-06-17,290.049988
2025-06-18,289.630005
2025-06-20,289.329987
2025-06-23,272.440002
2025-06-24,277.489990
2025-06-25,280.350006
2025-06-26,279.109985
2025-06-27,277.130005
2025-06-30,279.209991
2025-07-01,290.519989
2025-07-02,296.850006
2025-07-03,298.239990
2025-07-07,292.950012
2025-07-08,297.000000
2025-07-09,296.519989
2025-07-10,300.369995
2025-07-11,295.269989
2025-07-14,297.029999
2025-07-15,292.510010
2025-07-16,299.019989
2025-07-17,298.250000
2025-07-18,294.760010
2025-07-21,295.869995
2025-07-22,305.690002
2025-07-23,309.220001
2025-07-24,308.549988
2025-07-25,306.579987
2025-07-28,301.290009
2025-07-29,303.559998
2025-07-30,301.369995
2025-07-31,295.100006
2025-08-01,296.880005
2025-08-04,301.940002
2025-08-05,300.079987
2025-08-06,284.670013
2025-08-07,284.700012
2025-08-08,288.230011
2025-08-11,285.089996
2025-08-12,284.980011
2025-08-13,289.329987
2025-08-14,290.290009
2025-08-15,296.470001
2025-08-18,292.619995
2025-08-19,295.549988
2025-08-20,296.450012
2025-08-21,295.760010
2025-08-22,293.720001
2025-08-25,288.470001
2025-08-26,289.579987
2025-08-27,287.970001
2025-08-28,285.609985
2025-08-29,287.709991
2025-09-02,286.920013
2025-09-03,283.850006
2025-09-04,280.100006
2025-09-05,283.640015
2025-09-08,280.190002
2025-09-09,279.970001
2025-09-10,278.510010
2025-09-11,282.730011
2025-09-12,276.390015
2025-09-15,274.399994
2025-09-16,273.079987
2025-09-17,274.709991
2025-09-18,275.829987
2025-09-19,285.410004
2025-09-22,286.000000
2025-09-23,286.809998
2025-09-24,279.220001
2025-09-25,271.179993
2025-09-26,272.980011
2025-09-29,273.970001
2025-09-30,282.200012
2025-10-01,298.500000
2025-10-02,297.399994
2025-10-03,297.890015
2025-10-06,294.119995
2025-10-07,295.540009
2025-10-08,294.619995
2025-10-09,295.429993
2025-10-10,290.130005
2025-10-13,292.399994
2025-10-14,293.850006
2025-10-15,297.320007
2025-10-16,295.809998
2025-10-17,298.809998
2025-10-20,303.329987
2025-10-21,301.140015
2025-10-22,295.980011
2025-10-23,292.890015
2025-10-24,291.760010
2025-10-27,291.160004
2025-10-28,292.089996
2025-10-29,291.769989
2025-10-30,292.000000
2025-10-31,298.429993
2025-11-03,296.299988
2025-11-04,296.700012
2025-11-05,319.859985
2025-11-06,315.589996
2025-11-07,320.200012
2025-11-10,323.660004
2025-11-11,338.450012
2025-11-12,336.279999
2025-11-13,336.000000
2025-11-14,336.739990
2025-11-17,341.709991
2025-11-18,343.989990
2025-11-19,342.399994
2025-11-20,336.070007
2025-11-21,337.540009
2025-11-24,334.299988
2025-11-25,341.109985
2025-11-26,344.570007
2025-11-28,345.459991
2025-12-01,337.489990
2025-12-02,338.359985
2025-12-03,345.420013
2025-12-04,340.160004
2025-12-05,329.890015
2025-12-08,321.230011
2025-12-09,313.850006
2025-12-10,315.380005
2025-12-11,317.380005
2025-12-12,317.739990
2025-12-15,325.309998
2025-12-16,326.739990
2025-12-17,326.010010
2025-12-18,324.420013
2025-12-19,327.380005
2025-12-22,331.390015
2025-12-23,331.489990
2025-12-24,333.959991
2025-12-26,332.929993
2025-12-29,329.630005
2025-12-30,328.690002
2025-12-31,327.309998
2026-01-02,327.640015
2026-01-05,320.720001
2026-01-06,330.170013
2026-01-07,341.640015
2026-01-08,330.109985
2026-01-09,326.100006
2026-01-12,325.540009
2026-01-13,324.299988
2026-01-14,328.970001
2026-01-15,330.029999
2026-01-16,330.410004
2026-01-20,331.000000
2026-01-21,343.600006
2026-01-22,347.070007
2026-01-23,344.750000
2026-01-26,349.690002
2026-01-27,351.320007
2026-01-28,342.220001
2026-01-29,342.940002
2026-01-30,341.880005
2026-02-02,344.679993
2026-02-03,338.589996
2026-02-04,366.200012
2026-02-05,367.799988
2026-02-06,384.320007
2026-02-09,375.820007
2026-02-10,364.649994
2026-02-11,366.579987
2026-02-12,366.200012
2026-02-13,369.190002
2026-02-17,373.359985
2026-02-18,379.730011
2026-02-19,375.500000
2026-02-20,374.750000
2026-02-23,379.420013
2026-02-24,382.869995
2026-02-25,384.329987
2026-02-26,379.329987
2026-02-27,388.160004
2026-03-02,385.700012
2026-03-03,377.000000
2026-03-04,379.269989
2026-03-05,367.600006
2026-03-06,369.529999
2026-03-09,376.970001
2026-03-10,375.429993
2026-03-11,377.640015
2026-03-12,367.790009
2026-03-13,366.209991
2026-03-16,366.250000
2026-03-17,361.130005
2026-03-18,351.480011
2026-03-19,349.920013
2026-03-20,347.799988
2026-03-23,349.769989
2026-03-24,348.429993
2026-03-25,353.929993
2026-03-26,353.160004
2026-03-27,348.769989
2026-03-30,349.000000
2026-03-31,351.850006
2026-04-01,353.279999
2026-04-02,347.940002
2026-04-06,342.570007
2026-04-07,340.000000
2026-04-08,349.809998
2026-04-09,355.600006
2026-04-10,351.019989
2026-04-13,349.820007
2026-04-14,350.950012
2026-04-15,348.220001
2026-04-16,349.390015
2026-04-17,355.299988
2026-04-20,350.160004
2026-04-21,344.859985
2026-04-22,345.920013
2026-04-23,348.619995
2026-04-24,344.549988
2026-04-27,340.179993
2026-04-28,339.570007
2026-04-29,338.019989
2026-04-30,346.250000
2026-05-01,329.820007
2026-05-04,323.850006
2026-05-05,329.589996
2026-05-06,331.109985
2026-05-07,329.089996
2026-05-08,331.700012
2026-05-11,329.589996
2026-05-12,336.290009
2026-05-13,336.450012
2026-05-14,336.230011
2026-05-15,326.309998
2026-05-18,324.390015
2026-05-19,330.750000
2026-05-20,331.570007
2026-05-21,337.420013
2026-05-22,339.299988
2026-05-26,335.940002
2026-05-27,336.059998
2026-05-28,336.480011
2026-05-29,336.790009
2026-06-01,329.130005
2026-06-02,328.260010
2026-06-03,338.220001
2026-06-04,345.600006
2026-06-05,349.579987
2026-06-08,345.730011
2026-06-09,344.570007
2026-06-10,337.730011
2026-06-11,354.059998
2026-06-12,355.200012
2026-06-15,350.529999
2026-06-16,347.839996
2026-06-17,341.660004
2026-06-18,337.600006
2026-06-22,344.720001
2026-06-23,347.010010
2026-06-24,351.429993
2026-06-25,352.820007
2026-06-26,358.329987
2026-06-29,360.549988
2026-06-30,362.119995
2026-07-01,361.329987
2026-07-02,374.149994
2026-07-06,366.440002
2026-07-07,368.100006
2026-07-08,367.989990
2026-07-09,363.619995
2026-07-10,363.390015
2026-07-13,360.450012
2026-07-14,355.250000
2026-07-15,358.320007
2026-07-16,371.579987
2026-07-17,366.290009
2026-07-20,364.170013
2026-07-21,366.239990
2026-07-22,366.049988
2026-07-23,371.500000
2026-07-24,376.040009
2026-07-27,376.260010
2026-07-28,393.100006
2026-07-29,387.640015
2026-07-30,387.640015
2026-07-31,385.160004
2026-08-03,378.869995
2026-08-04,390.019989
2026-08-05,407.829987
2026-08-06,404.850006
2026-08-07,410.950012
2026-08-10,417.200012
2026-08-11,414.299988
2026-08-12,416.179993
2026-08-13,417.839996
2026-08-14,415.209991
2026-08-17,419.380005
2026-08-18,425.279999
2026-08-19,442.359985
2026-08-20,433.730011
2026-08-21,439.329987
2026-08-24,443.839996
2026-08-25,442.239990
2026-08-26,440.339996
2026-08-27,436.989990
2026-08-28,432.420013
2026-08-31,429.880005
2026-09-01,438.119995
2026-09-02,442.839996
2026-09-03,444.119995
2026-09-04,437.230011
2026-09-08,393.170013
2026-09-09,391.269989
