d,c
1997-05-15,0.097917
1997-05-16,0.086458
1997-05-19,0.085417
1997-05-20,0.081771
1997-05-21,0.071354
1997-05-22,0.069792
1997-05-23,0.075000
1997-05-27,0.079167
1997-05-28,0.076563
1997-05-29,0.075260
1997-05-30,0.075000
1997-06-02,0.075521
1997-06-03,0.073958
1997-06-04,0.070833
1997-06-05,0.077083
1997-06-06,0.082813
1997-06-09,0.084375
1997-06-10,0.079167
1997-06-11,0.077083
1997-06-12,0.080208
1997-06-13,0.079167
1997-06-16,0.078646
1997-06-17,0.075260
1997-06-18,0.075521
1997-06-19,0.075521
1997-06-20,0.076302
1997-06-23,0.075000
1997-06-24,0.075521
1997-06-25,0.075521
1997-06-26,0.075521
1997-06-27,0.074479
1997-06-30,0.077083
1997-07-01,0.075781
1997-07-02,0.079427
1997-07-03,0.095573
1997-07-07,0.100000
1997-07-08,0.115104
1997-07-09,0.116146
1997-07-10,0.128125
1997-07-11,0.114583
1997-07-14,0.106771
1997-07-15,0.121875
1997-07-16,0.116667
1997-07-17,0.110938
1997-07-18,0.107813
1997-07-21,0.109115
1997-07-22,0.106771
1997-07-23,0.114583
1997-07-24,0.113021
1997-07-25,0.111458
1997-07-28,0.116146
1997-07-29,0.123958
1997-07-30,0.122396
1997-07-31,0.119792
1997-08-01,0.120833
1997-08-04,0.115625
1997-08-05,0.110417
1997-08-06,0.112500
1997-08-07,0.108854
1997-08-08,0.114583
1997-08-11,0.116406
1997-08-12,0.109896
1997-08-13,0.109896
1997-08-14,0.107813
1997-08-15,0.105729
1997-08-18,0.102083
1997-08-19,0.108333
1997-08-20,0.108333
1997-08-21,0.105729
1997-08-22,0.106250
1997-08-25,0.110938
1997-08-26,0.117188
1997-08-27,0.115885
1997-08-28,0.118750
1997-08-29,0.116927
1997-09-02,0.117708
1997-09-03,0.116667
1997-09-04,0.127604
1997-09-05,0.125000
1997-09-08,0.150000
1997-09-09,0.161979
1997-09-10,0.165104
1997-09-11,0.157813
1997-09-12,0.184375
1997-09-15,0.154688
1997-09-16,0.167708
1997-09-17,0.170313
1997-09-18,0.164583
1997-09-19,0.197396
1997-09-22,0.225000
1997-09-23,0.231250
1997-09-24,0.218750
1997-09-25,0.203906
1997-09-26,0.208333
1997-09-29,0.202083
1997-09-30,0.216927
1997-10-01,0.201042
1997-10-02,0.200521
1997-10-03,0.200781
1997-10-06,0.206250
1997-10-07,0.202865
1997-10-08,0.200260
1997-10-09,0.187500
1997-10-10,0.195052
1997-10-13,0.200000
1997-10-14,0.198958
1997-10-15,0.196094
1997-10-16,0.181250
1997-10-17,0.181250
1997-10-20,0.191146
1997-10-21,0.221354
1997-10-22,0.226042
1997-10-23,0.225000
1997-10-24,0.251302
1997-10-27,0.213542
1997-10-28,0.247396
1997-10-29,0.269531
1997-10-30,0.256250
1997-10-31,0.254167
1997-11-03,0.253646
1997-11-04,0.247917
1997-11-05,0.243750
1997-11-06,0.233073
1997-11-07,0.223958
1997-11-10,0.210417
1997-11-11,0.197396
1997-11-12,0.188542
1997-11-13,0.192969
1997-11-14,0.208333
1997-11-17,0.218750
1997-11-18,0.220833
1997-11-19,0.225521
1997-11-20,0.229167
1997-11-21,0.224479
1997-11-24,0.211458
1997-11-25,0.210156
1997-11-26,0.213021
1997-11-28,0.206250
1997-12-01,0.213542
1997-12-02,0.211719
1997-12-03,0.218229
1997-12-04,0.225000
1997-12-05,0.229688
1997-12-08,0.235417
1997-12-09,0.234375
1997-12-10,0.225521
1997-12-11,0.234375
1997-12-12,0.227083
1997-12-15,0.229167
1997-12-16,0.222917
1997-12-17,0.219531
1997-12-18,0.214583
1997-12-19,0.225000
1997-12-22,0.234896
1997-12-23,0.231250
1997-12-24,0.230208
1997-12-26,0.226042
1997-12-29,0.237500
1997-12-30,0.242448
1997-12-31,0.251042
1998-01-02,0.247917
1998-01-05,0.237500
1998-01-06,0.241927
1998-01-07,0.239063
1998-01-08,0.230729
1998-01-09,0.213021
1998-01-12,0.215104
1998-01-13,0.232292
1998-01-14,0.243750
1998-01-15,0.247656
1998-01-16,0.239583
1998-01-20,0.247656
1998-01-21,0.253646
1998-01-22,0.256771
1998-01-23,0.246875
1998-01-26,0.240625
1998-01-27,0.237500
1998-01-28,0.238542
1998-01-29,0.247917
1998-01-30,0.245833
1998-02-02,0.259896
1998-02-03,0.257552
1998-02-04,0.253125
1998-02-05,0.246875
1998-02-06,0.245313
1998-02-09,0.242708
1998-02-10,0.265104
1998-02-11,0.264583
1998-02-12,0.263021
1998-02-13,0.259375
1998-02-17,0.257292
1998-02-18,0.253646
1998-02-19,0.261458
1998-02-20,0.263542
1998-02-23,0.270313
1998-02-24,0.270313
1998-02-25,0.274479
1998-02-26,0.303125
1998-02-27,0.320833
1998-03-02,0.317708
1998-03-03,0.298958
1998-03-04,0.305990
1998-03-05,0.312500
1998-03-06,0.319792
1998-03-09,0.347917
1998-03-10,0.346289
1998-03-11,0.331771
1998-03-12,0.327083
1998-03-13,0.327865
1998-03-16,0.329167
1998-03-17,0.332813
1998-03-18,0.355469
1998-03-19,0.350000
1998-03-20,0.350000
1998-03-23,0.349219
1998-03-24,0.351042
1998-03-25,0.340365
1998-03-26,0.344792
1998-03-27,0.354167
1998-03-30,0.357813
1998-03-31,0.356380
1998-04-01,0.375521
1998-04-02,0.396094
1998-04-03,0.387500
1998-04-06,0.369271
1998-04-07,0.358333
1998-04-08,0.369271
1998-04-09,0.396875
1998-04-13,0.392969
1998-04-14,0.404948
1998-04-15,0.400521
1998-04-16,0.410417
1998-04-17,0.395313
1998-04-20,0.392708
1998-04-21,0.387760
1998-04-22,0.363542
1998-04-23,0.337500
1998-04-24,0.353646
1998-04-27,0.344792
1998-04-28,0.398438
1998-04-29,0.397917
1998-04-30,0.382292
1998-05-01,0.393750
1998-05-04,0.396875
1998-05-05,0.390495
1998-05-06,0.376563
1998-05-07,0.379167
1998-05-08,0.384896
1998-05-11,0.361979
1998-05-12,0.380729
1998-05-13,0.386979
1998-05-14,0.381510
1998-05-15,0.373438
1998-05-18,0.366927
1998-05-19,0.376563
1998-05-20,0.369271
1998-05-21,0.369792
1998-05-22,0.358333
1998-05-26,0.341146
1998-05-27,0.360938
1998-05-28,0.358073
1998-05-29,0.367188
1998-06-01,0.356771
1998-06-02,0.364063
1998-06-03,0.352083
1998-06-04,0.365625
1998-06-05,0.368750
1998-06-08,0.385417
1998-06-09,0.427083
1998-06-10,0.451042
1998-06-11,0.520833
1998-06-12,0.508333
1998-06-15,0.547917
1998-06-16,0.613542
1998-06-17,0.658333
1998-06-18,0.601042
1998-06-19,0.631771
1998-06-22,0.678125
1998-06-23,0.772396
1998-06-24,0.831771
1998-06-25,0.825521
1998-06-26,0.785417
1998-06-29,0.822917
1998-06-30,0.831250
1998-07-01,0.951042
1998-07-02,1.033333
1998-07-06,1.162500
1998-07-07,1.017708
1998-07-08,0.892708
1998-07-09,0.879167
1998-07-10,0.829167
1998-07-13,0.896875
1998-07-14,0.958333
1998-07-15,0.937500
1998-07-16,0.944792
1998-07-17,0.998438
1998-07-20,1.145833
1998-07-21,1.100521
1998-07-22,1.116667
1998-07-23,1.063542
1998-07-24,1.035417
1998-07-27,1.046354
1998-07-28,0.991146
1998-07-29,0.898438
1998-07-30,0.947917
1998-07-31,0.923958
1998-08-03,0.902083
1998-08-04,0.915625
1998-08-05,0.884896
1998-08-06,0.912500
1998-08-07,0.966667
1998-08-10,1.013542
1998-08-11,1.033333
1998-08-12,1.086458
1998-08-13,1.062500
1998-08-14,1.022917
1998-08-17,0.997396
1998-08-18,1.072396
1998-08-19,1.072917
1998-08-20,1.076042
1998-08-21,1.080729
1998-08-24,1.122917
1998-08-25,1.096875
1998-08-26,1.060417
1998-08-27,0.991667
1998-08-28,0.882422
1998-08-31,0.697917
1998-09-01,0.666276
1998-09-02,0.732292
1998-09-03,0.715625
1998-09-04,0.718750
1998-09-08,0.768750
1998-09-09,0.704167
1998-09-10,0.663542
1998-09-11,0.633854
1998-09-14,0.614063
1998-09-15,0.608333
1998-09-16,0.704167
1998-09-17,0.641667
1998-09-18,0.664063
1998-09-21,0.712500
1998-09-22,0.734896
1998-09-23,0.876042
1998-09-24,0.851042
1998-09-25,0.910417
1998-09-28,0.963542
1998-09-29,0.942708
1998-09-30,0.930208
1998-10-01,0.855208
1998-10-02,0.918750
1998-10-05,0.872526
1998-10-06,0.902604
1998-10-07,0.778646
1998-10-08,0.718229
1998-10-09,0.759896
1998-10-12,0.776563
1998-10-13,0.761458
1998-10-14,0.779167
1998-10-15,0.808854
1998-10-16,0.828646
1998-10-19,0.881250
1998-10-20,0.889583
1998-10-21,0.916667
1998-10-22,0.955729
1998-10-23,0.967708
1998-10-26,1.011979
1998-10-27,0.969271
1998-10-28,0.975521
1998-10-29,1.054167
1998-10-30,1.053646
1998-11-02,1.091667
1998-11-03,1.050521
1998-11-04,1.081771
1998-11-05,1.070833
1998-11-06,1.038021
1998-11-09,1.057292
1998-11-10,1.097917
1998-11-11,1.055208
1998-11-12,1.091667
1998-11-13,1.064583
1998-11-16,1.052083
1998-11-17,1.237500
1998-11-18,1.366667
1998-11-19,1.277083
1998-11-20,1.505208
1998-11-23,1.816667
1998-11-24,1.787500
1998-11-25,1.752604
1998-11-27,1.805208
1998-11-30,1.600000
1998-12-01,1.745833
1998-12-02,1.662500
1998-12-03,1.579167
1998-12-04,1.570833
1998-12-07,1.591667
1998-12-08,1.700521
1998-12-09,1.802083
1998-12-10,1.776042
1998-12-11,1.858333
1998-12-14,1.852083
1998-12-15,2.022917
1998-12-16,2.408333
1998-12-17,2.306250
1998-12-18,2.389063
1998-12-21,2.656250
1998-12-22,2.686458
1998-12-23,2.708333
1998-12-24,2.706771
1998-12-28,2.932813
1998-12-29,2.769271
1998-12-30,2.677083
1998-12-31,2.677083
1999-01-04,2.957813
1999-01-05,3.112500
1999-01-06,3.450000
1999-01-07,3.971875
1999-01-08,4.006250
1999-01-11,4.615625
1999-01-12,4.084375
1999-01-13,3.700000
1999-01-14,3.450000
1999-01-15,3.509375
1999-01-19,3.495313
1999-01-20,2.825000
1999-01-21,2.650000
1999-01-22,3.075000
1999-01-25,2.809375
1999-01-26,2.877344
1999-01-27,3.140625
1999-01-28,3.071875
1999-01-29,2.923438
1999-02-01,2.896875
1999-02-02,2.756250
1999-02-03,3.143750
1999-02-04,2.950000
1999-02-05,2.896875
1999-02-08,2.728125
1999-02-09,2.500000
1999-02-10,2.435938
1999-02-11,2.746875
1999-02-12,2.612500
1999-02-16,2.465625
1999-02-17,2.337500
1999-02-18,2.237500
1999-02-19,2.546875
1999-02-22,2.662500
1999-02-23,2.879688
1999-02-24,2.773438
1999-02-25,3.125000
1999-02-26,3.203125
1999-03-01,3.325000
1999-03-02,3.032813
1999-03-03,3.087500
1999-03-04,3.003125
1999-03-05,3.037500
1999-03-08,3.054688
1999-03-09,3.248438
1999-03-10,3.428125
1999-03-11,3.371875
1999-03-12,3.332813
1999-03-15,3.473438
1999-03-16,3.345313
1999-03-17,3.275000
1999-03-18,3.460938
1999-03-19,3.376563
1999-03-22,3.300000
1999-03-23,2.984375
1999-03-24,3.092188
1999-03-25,3.496875
1999-03-26,3.476563
1999-03-29,3.740625
1999-03-30,4.117188
1999-03-31,4.304688
1999-04-01,4.275000
1999-04-05,4.662500
1999-04-06,4.571875
1999-04-07,4.395313
1999-04-08,4.475000
1999-04-09,4.571875
1999-04-12,4.610938
1999-04-13,4.459375
1999-04-14,4.200000
1999-04-15,4.181250
1999-04-16,4.750000
1999-04-19,3.973438
1999-04-20,4.300000
1999-04-21,4.481250
1999-04-22,4.751563
1999-04-23,5.253125
1999-04-26,5.179688
1999-04-27,5.146875
1999-04-28,4.837500
1999-04-29,4.206250
1999-04-30,4.301563
1999-05-03,3.773438
1999-05-04,3.575000
1999-05-05,3.662500
1999-05-06,3.434375
1999-05-07,3.409375
1999-05-10,3.671875
1999-05-11,3.709375
1999-05-12,3.573438
1999-05-13,3.400000
1999-05-14,3.309375
1999-05-17,3.440625
1999-05-18,3.315625
1999-05-19,3.489063
1999-05-20,3.270313
1999-05-21,3.214063
1999-05-24,2.937500
1999-05-25,2.789063
1999-05-26,3.023438
1999-05-27,2.864063
1999-05-28,2.968750
1999-06-01,2.645313
1999-06-02,2.803125
1999-06-03,2.626563
1999-06-04,2.710938
1999-06-07,2.934375
1999-06-08,2.789063
1999-06-09,2.850000
1999-06-10,2.898438
1999-06-11,2.645313
1999-06-14,2.300000
1999-06-15,2.412500
1999-06-16,2.792188
1999-06-17,2.823438
1999-06-18,2.782813
1999-06-21,3.087500
1999-06-22,2.937500
1999-06-23,2.943750
1999-06-24,2.840625
1999-06-25,2.754688
1999-06-28,2.767188
1999-06-29,2.901563
1999-06-30,3.128125
1999-07-01,3.059375
1999-07-02,3.101563
1999-07-06,3.171875
1999-07-07,3.046875
1999-07-08,3.134375
1999-07-09,3.137500
1999-07-12,2.934375
1999-07-13,3.153125
1999-07-14,3.375000
1999-07-15,3.489063
1999-07-16,3.440625
1999-07-19,3.292188
1999-07-20,3.003125
1999-07-21,3.135938
1999-07-22,2.670313
1999-07-23,2.864063
1999-07-26,2.648438
1999-07-27,2.525000
1999-07-28,2.643750
1999-07-29,2.539063
1999-07-30,2.501563
1999-08-02,2.350000
1999-08-03,2.371875
1999-08-04,2.210938
1999-08-05,2.431250
1999-08-06,2.239063
1999-08-09,2.137500
1999-08-10,2.275000
1999-08-11,2.273438
1999-08-12,2.293750
1999-08-13,2.435938
1999-08-16,2.457813
1999-08-17,2.731250
1999-08-18,2.828125
1999-08-19,2.653125
1999-08-20,2.835938
1999-08-23,2.959375
1999-08-24,3.001563
1999-08-25,3.321875
1999-08-26,3.214063
1999-08-27,3.212500
1999-08-30,2.981250
1999-08-31,3.109375
1999-09-01,2.976563
1999-09-02,3.003125
1999-09-03,3.121875
1999-09-07,3.146875
1999-09-08,3.071875
1999-09-09,3.181250
1999-09-10,3.325000
1999-09-13,3.165625
1999-09-14,3.300000
1999-09-15,3.278125
1999-09-16,3.262500
1999-09-17,3.190625
1999-09-20,3.137500
1999-09-21,3.112500
1999-09-22,3.300000
1999-09-23,3.112500
1999-09-24,3.250000
1999-09-27,3.128125
1999-09-28,3.293750
1999-09-29,4.037500
1999-09-30,3.996875
1999-10-01,3.862500
1999-10-04,3.853125
1999-10-05,3.921875
1999-10-06,4.121875
1999-10-07,4.365625
1999-10-08,4.462500
1999-10-11,4.418750
1999-10-12,4.246875
1999-10-13,3.996875
1999-10-14,3.979688
1999-10-15,3.753125
1999-10-18,3.703125
1999-10-19,3.831250
1999-10-20,4.025000
1999-10-21,4.037500
1999-10-22,3.931250
1999-10-25,4.137500
1999-10-26,4.062500
1999-10-27,3.796875
1999-10-28,3.550000
1999-10-29,3.531250
1999-11-01,3.456250
1999-11-02,3.321875
1999-11-03,3.290625
1999-11-04,3.153125
1999-11-05,3.246875
1999-11-08,3.900000
1999-11-09,3.540625
1999-11-10,3.600000
1999-11-11,3.650000
1999-11-12,3.746875
1999-11-15,3.675000
1999-11-16,3.946875
1999-11-17,3.825000
1999-11-18,3.896875
1999-11-19,3.896875
1999-11-22,4.025000
1999-11-23,4.087500
1999-11-24,4.362500
1999-11-26,4.656250
1999-11-29,4.521875
1999-11-30,4.253125
1999-12-01,4.250000
1999-12-02,4.453125
1999-12-03,4.328125
1999-12-06,4.387500
1999-12-07,4.303125
1999-12-08,4.428125
1999-12-09,5.181250
1999-12-10,5.334375
1999-12-13,5.125000
1999-12-14,4.781250
1999-12-15,4.825000
1999-12-16,4.743750
1999-12-17,4.703125
1999-12-20,4.850000
1999-12-21,4.993750
1999-12-22,4.884375
1999-12-23,4.500000
1999-12-27,4.056250
1999-12-28,4.115625
1999-12-29,4.175000
1999-12-30,3.953125
1999-12-31,3.806250
2000-01-03,4.468750
2000-01-04,4.096875
2000-01-05,3.487500
2000-01-06,3.278125
2000-01-07,3.478125
2000-01-10,3.459375
2000-01-11,3.337500
2000-01-12,3.178125
2000-01-13,3.296875
2000-01-14,3.212500
2000-01-18,3.206250
2000-01-19,3.340625
2000-01-20,3.237500
2000-01-21,3.103125
2000-01-24,3.506250
2000-01-25,3.462500
2000-01-26,3.240625
2000-01-27,3.346875
2000-01-28,3.084375
2000-01-31,3.228125
2000-02-01,3.371875
2000-02-02,3.471875
2000-02-03,4.209375
2000-02-04,3.928125
2000-02-07,3.750000
2000-02-08,4.156250
2000-02-09,4.012500
2000-02-10,3.809375
2000-02-11,3.809375
2000-02-14,3.721875
2000-02-15,3.690625
2000-02-16,3.534375
2000-02-17,3.450000
2000-02-18,3.237500
2000-02-22,3.178125
2000-02-23,3.521875
2000-02-24,3.421875
2000-02-25,3.456250
2000-02-28,3.287500
2000-02-29,3.443750
2000-03-01,3.293750
2000-03-02,3.128125
2000-03-03,3.125000
2000-03-06,3.196875
2000-03-07,3.175000
2000-03-08,3.181250
2000-03-09,3.440625
2000-03-10,3.343750
2000-03-13,3.265625
2000-03-14,3.281250
2000-03-15,3.187500
2000-03-16,3.312500
2000-03-17,3.240625
2000-03-20,3.209375
2000-03-21,3.618750
2000-03-22,3.534375
2000-03-23,3.384375
2000-03-24,3.634375
2000-03-27,3.656250
2000-03-28,3.506250
2000-03-29,3.312500
2000-03-30,3.325000
2000-03-31,3.350000
2000-04-03,3.178125
2000-04-04,3.196875
2000-04-05,3.109375
2000-04-06,3.212500
2000-04-07,3.378125
2000-04-10,3.168750
2000-04-11,3.168750
2000-04-12,2.818750
2000-04-13,2.400000
2000-04-14,2.343750
2000-04-17,2.353125
2000-04-18,2.746875
2000-04-19,2.671875
2000-04-20,2.618750
2000-04-24,2.490625
2000-04-25,2.621875
2000-04-26,2.675000
2000-04-27,2.643750
2000-04-28,2.759375
2000-05-01,2.996875
2000-05-02,2.806250
2000-05-03,2.706250
2000-05-04,2.753125
2000-05-05,2.925000
2000-05-08,2.800781
2000-05-09,2.812500
2000-05-10,2.665625
2000-05-11,2.743750
2000-05-12,2.687500
2000-05-15,2.803125
2000-05-16,2.953125
2000-05-17,3.050000
2000-05-18,2.768750
2000-05-19,2.631250
2000-05-22,2.593750
2000-05-23,2.334375
2000-05-24,2.428125
2000-05-25,2.275000
2000-05-26,2.325000
2000-05-30,2.587500
2000-05-31,2.415625
2000-06-01,2.509375
2000-06-02,2.893750
2000-06-05,2.725000
2000-06-06,2.528125
2000-06-07,2.590625
2000-06-08,2.593750
2000-06-09,2.609375
2000-06-12,2.421875
2000-06-13,2.450000
2000-06-14,2.321875
2000-06-15,2.315625
2000-06-16,2.300000
2000-06-19,2.265625
2000-06-20,2.306250
2000-06-21,2.303125
2000-06-22,2.100000
2000-06-23,1.693750
2000-06-26,1.696875
2000-06-27,1.825000
2000-06-28,1.893750
2000-06-29,1.856250
2000-06-30,1.815625
2000-07-03,1.850000
2000-07-05,1.825000
2000-07-06,1.803125
2000-07-07,1.806250
2000-07-10,1.753125
2000-07-11,1.656250
2000-07-12,1.753125
2000-07-13,1.750000
2000-07-14,2.131250
2000-07-17,2.056250
2000-07-18,2.087500
2000-07-19,2.043750
2000-07-20,2.015625
2000-07-21,2.056250
2000-07-24,1.937500
2000-07-25,1.881250
2000-07-26,1.803125
2000-07-27,1.568750
2000-07-28,1.500000
2000-07-31,1.506250
2000-08-01,1.512500
2000-08-02,1.540625
2000-08-03,1.575000
2000-08-04,1.625000
2000-08-07,1.690625
2000-08-08,1.646875
2000-08-09,1.543750
2000-08-10,1.521875
2000-08-11,1.684375
2000-08-14,1.743750
2000-08-15,1.878125
2000-08-16,1.931250
2000-08-17,1.912500
2000-08-18,1.950000
2000-08-21,1.875000
2000-08-22,1.825000
2000-08-23,1.940625
2000-08-24,1.968750
2000-08-25,1.996875
2000-08-28,1.956250
2000-08-29,1.981250
2000-08-30,2.146875
2000-08-31,2.075000
2000-09-01,2.075000
2000-09-05,2.284375
2000-09-06,2.293750
2000-09-07,2.175000
2000-09-08,2.146875
2000-09-11,2.118750
2000-09-12,2.134375
2000-09-13,2.121875
2000-09-14,2.243750
2000-09-15,2.181250
2000-09-18,2.140625
2000-09-19,2.037500
2000-09-20,1.875000
2000-09-21,2.003125
2000-09-22,2.071875
2000-09-25,2.018750
2000-09-26,1.987500
2000-09-27,1.893750
2000-09-28,2.000000
2000-09-29,1.921875
2000-10-02,1.793750
2000-10-03,1.753125
2000-10-04,1.800000
2000-10-05,1.678125
2000-10-06,1.578125
2000-10-09,1.503125
2000-10-10,1.521875
2000-10-11,1.390625
2000-10-12,1.256250
2000-10-13,1.421875
2000-10-16,1.215625
2000-10-17,1.096875
2000-10-18,1.256250
2000-10-19,1.387500
2000-10-20,1.540625
2000-10-23,1.500000
2000-10-24,1.478125
2000-10-25,1.593750
2000-10-26,1.843750
2000-10-27,1.781250
2000-10-30,1.643750
2000-10-31,1.831250
2000-11-01,1.868750
2000-11-02,1.987500
2000-11-03,1.878125
2000-11-06,1.828125
2000-11-07,1.846875
2000-11-08,1.693750
2000-11-09,1.562500
2000-11-10,1.503125
2000-11-13,1.390625
2000-11-14,1.446875
2000-11-15,1.475000
2000-11-16,1.390625
2000-11-17,1.371875
2000-11-20,1.290625
2000-11-21,1.212500
2000-11-22,1.259375
2000-11-24,1.446875
2000-11-27,1.400000
2000-11-28,1.251563
2000-11-29,1.346875
2000-11-30,1.234375
2000-12-01,1.231250
2000-12-04,1.328125
2000-12-05,1.268750
2000-12-06,1.181250
2000-12-07,1.068750
2000-12-08,1.171875
2000-12-11,1.265625
2000-12-12,1.293750
2000-12-13,1.187500
2000-12-14,1.134375
2000-12-15,1.143750
2000-12-18,0.993750
2000-12-19,0.912500
2000-12-20,0.834375
2000-12-21,0.759375
2000-12-22,0.778125
2000-12-26,0.846875
2000-12-27,0.843750
2000-12-28,0.868750
2000-12-29,0.778125
2001-01-02,0.693750
2001-01-03,0.878125
2001-01-04,0.775000
2001-01-05,0.728125
2001-01-08,0.746875
2001-01-09,0.818750
2001-01-10,0.825000
2001-01-11,0.850000
2001-01-12,0.884375
2001-01-16,0.903125
2001-01-17,0.918750
2001-01-18,0.975000
2001-01-19,0.996875
2001-01-22,0.925000
2001-01-23,0.947656
2001-01-24,1.093750
2001-01-25,0.950000
2001-01-26,0.975000
2001-01-29,1.006250
2001-01-30,0.946875
2001-01-31,0.865625
2001-02-01,0.812500
2001-02-02,0.718750
2001-02-05,0.721875
2001-02-06,0.790625
2001-02-07,0.750000
2001-02-08,0.718750
2001-02-09,0.668750
2001-02-12,0.725000
2001-02-13,0.687500
2001-02-14,0.721875
2001-02-15,0.725000
2001-02-16,0.684375
2001-02-20,0.625000
2001-02-21,0.596875
2001-02-22,0.596875
2001-02-23,0.590625
2001-02-26,0.596875
2001-02-27,0.587500
2001-02-28,0.509375
2001-03-01,0.521875
2001-03-02,0.500000
2001-03-05,0.631250
2001-03-06,0.593750
2001-03-07,0.612500
2001-03-08,0.584375
2001-03-09,0.612500
2001-03-12,0.531250
2001-03-13,0.550000
2001-03-14,0.531250
2001-03-15,0.543750
2001-03-16,0.550000
2001-03-19,0.525000
2001-03-20,0.512500
2001-03-21,0.500000
2001-03-22,0.509375
2001-03-23,0.509375
2001-03-26,0.547000
2001-03-27,0.582000
2001-03-28,0.540000
2001-03-29,0.500000
2001-03-30,0.511500
2001-04-02,0.455000
2001-04-03,0.431500
2001-04-04,0.420000
2001-04-05,0.456000
2001-04-06,0.418500
2001-04-09,0.559000
2001-04-10,0.600500
2001-04-11,0.666000
2001-04-12,0.733500
2001-04-16,0.701500
2001-04-17,0.737000
2001-04-18,0.827000
2001-04-19,0.799500
2001-04-20,0.789000
2001-04-23,0.810000
2001-04-24,0.784000
2001-04-25,0.804500
2001-04-26,0.771500
2001-04-27,0.763500
2001-04-30,0.789000
2001-05-01,0.844500
2001-05-02,0.855500
2001-05-03,0.837500
2001-05-04,0.878000
2001-05-07,0.846000
2001-05-08,0.809000
2001-05-09,0.750500
2001-05-10,0.731000
2001-05-11,0.734000
2001-05-14,0.666500
2001-05-15,0.677000
2001-05-16,0.706500
2001-05-17,0.739000
2001-05-18,0.736000
2001-05-21,0.819000
2001-05-22,0.812500
2001-05-23,0.780000
2001-05-24,0.837500
2001-05-25,0.854500
2001-05-29,0.861000
2001-05-30,0.783000
2001-05-31,0.834500
2001-06-01,0.847500
2001-06-04,0.845500
2001-06-05,0.822000
2001-06-06,0.799500
2001-06-07,0.806500
2001-06-08,0.785000
2001-06-11,0.743000
2001-06-12,0.732000
2001-06-13,0.706000
2001-06-14,0.664500
2001-06-15,0.624500
2001-06-18,0.591500
2001-06-19,0.568000
2001-06-20,0.626500
2001-06-21,0.654000
2001-06-22,0.620000
2001-06-25,0.640500
2001-06-26,0.662500
2001-06-27,0.702000
2001-06-28,0.718000
2001-06-29,0.707500
2001-07-02,0.726500
2001-07-03,0.706500
2001-07-05,0.763500
2001-07-06,0.763500
2001-07-09,0.790500
2001-07-10,0.780500
2001-07-11,0.767000
2001-07-12,0.824500
2001-07-13,0.849000
2001-07-16,0.800500
2001-07-17,0.817500
2001-07-18,0.798000
2001-07-19,0.824500
2001-07-20,0.849000
2001-07-23,0.801500
2001-07-24,0.603000
2001-07-25,0.575500
2001-07-26,0.616500
2001-07-27,0.612500
2001-07-30,0.627500
2001-07-31,0.624500
2001-08-01,0.625000
2001-08-02,0.609500
2001-08-03,0.607500
2001-08-06,0.595000
2001-08-07,0.580000
2001-08-08,0.555500
2001-08-09,0.523000
2001-08-10,0.497500
2001-08-13,0.506000
2001-08-14,0.526500
2001-08-15,0.504000
2001-08-16,0.490500
2001-08-17,0.499500
2001-08-20,0.520000
2001-08-21,0.494500
2001-08-22,0.510000
2001-08-23,0.481500
2001-08-24,0.511500
2001-08-27,0.506500
2001-08-28,0.498500
2001-08-29,0.459500
2001-08-30,0.434500
2001-08-31,0.447000
2001-09-04,0.429500
2001-09-05,0.382500
2001-09-06,0.407500
2001-09-07,0.425500
2001-09-10,0.431500
2001-09-17,0.374500
2001-09-18,0.364500
2001-09-19,0.365500
2001-09-20,0.374000
2001-09-21,0.374000
2001-09-24,0.373000
2001-09-25,0.354500
2001-09-26,0.317500
2001-09-27,0.310000
2001-09-28,0.298500
2001-10-01,0.300500
2001-10-02,0.304000
2001-10-03,0.338000
2001-10-04,0.352000
2001-10-05,0.360000
2001-10-08,0.356000
2001-10-09,0.345500
2001-10-10,0.363000
2001-10-11,0.392500
2001-10-12,0.403500
2001-10-15,0.444000
2001-10-16,0.478000
2001-10-17,0.446000
2001-10-18,0.423500
2001-10-19,0.400500
2001-10-22,0.438500
2001-10-23,0.477500
2001-10-24,0.382000
2001-10-25,0.388500
2001-10-26,0.378000
2001-10-29,0.352500
2001-10-30,0.321000
2001-10-31,0.349000
2001-11-01,0.347500
2001-11-02,0.335500
2001-11-05,0.349500
2001-11-06,0.352500
2001-11-07,0.371500
2001-11-08,0.348500
2001-11-09,0.356000
2001-11-12,0.352500
2001-11-13,0.364500
2001-11-14,0.474500
2001-11-15,0.452500
2001-11-16,0.447500
2001-11-19,0.459500
2001-11-20,0.430000
2001-11-21,0.440000
2001-11-23,0.454000
2001-11-26,0.610500
2001-11-27,0.574000
2001-11-28,0.579500
2001-11-29,0.557500
2001-11-30,0.566000
2001-12-03,0.524500
2001-12-04,0.596500
2001-12-05,0.588000
2001-12-06,0.605000
2001-12-07,0.585500
2001-12-10,0.582500
2001-12-11,0.612000
2001-12-12,0.595500
2001-12-13,0.544500
2001-12-14,0.550000
2001-12-17,0.540500
2001-12-18,0.543000
2001-12-19,0.535500
2001-12-20,0.507500
2001-12-21,0.500000
2001-12-24,0.491500
2001-12-26,0.555000
2001-12-27,0.530000
2001-12-28,0.545000
2001-12-31,0.541000
2002-01-02,0.548000
2002-01-03,0.595000
2002-01-04,0.612500
2002-01-07,0.617000
2002-01-08,0.592500
2002-01-09,0.576500
2002-01-10,0.552000
2002-01-11,0.551500
2002-01-14,0.505500
2002-01-15,0.514500
2002-01-16,0.456500
2002-01-17,0.487000
2002-01-18,0.508000
2002-01-22,0.630000
2002-01-23,0.623500
2002-01-24,0.700500
2002-01-25,0.722000
2002-01-28,0.775000
2002-01-29,0.711000
2002-01-30,0.695000
2002-01-31,0.709500
2002-02-01,0.686500
2002-02-04,0.626500
2002-02-05,0.575000
2002-02-06,0.563000
2002-02-07,0.562000
2002-02-08,0.626000
2002-02-11,0.665000
2002-02-12,0.645000
2002-02-13,0.664500
2002-02-14,0.694000
2002-02-15,0.670500
2002-02-19,0.650500
2002-02-20,0.648000
2002-02-21,0.663000
2002-02-22,0.653500
2002-02-25,0.686500
2002-02-26,0.720000
2002-02-27,0.713500
2002-02-28,0.705000
2002-03-01,0.769500
2002-03-04,0.824000
2002-03-05,0.798500
2002-03-06,0.816500
2002-03-07,0.781000
2002-03-08,0.817500
2002-03-11,0.835500
2002-03-12,0.815500
2002-03-13,0.787000
2002-03-14,0.724000
2002-03-15,0.701500
2002-03-18,0.750500
2002-03-19,0.733000
2002-03-20,0.725000
2002-03-21,0.758500
2002-03-22,0.776500
2002-03-25,0.737000
2002-03-26,0.741500
2002-03-27,0.712500
2002-03-28,0.715000
2002-04-01,0.740000
2002-04-02,0.712500
2002-04-03,0.683500
2002-04-04,0.677000
2002-04-05,0.675000
2002-04-08,0.697500
2002-04-09,0.680000
2002-04-10,0.674000
2002-04-11,0.637000
2002-04-12,0.665500
2002-04-15,0.694500
2002-04-16,0.700500
2002-04-17,0.741000
2002-04-18,0.713000
2002-04-19,0.726500
2002-04-22,0.715500
2002-04-23,0.703000
2002-04-24,0.839500
2002-04-25,0.841000
2002-04-26,0.845500
2002-04-29,0.809000
2002-04-30,0.834500
2002-05-01,0.824500
2002-05-02,0.816000
2002-05-03,0.802500
2002-05-06,0.806000
2002-05-07,0.805500
2002-05-08,0.866000
2002-05-09,0.886500
2002-05-10,0.847000
2002-05-13,0.866000
2002-05-14,0.940500
2002-05-15,0.997000
2002-05-16,0.980500
2002-05-17,0.958000
2002-05-20,0.969500
2002-05-21,0.938000
2002-05-22,0.937500
2002-05-23,0.972500
2002-05-24,0.973500
2002-05-28,0.953000
2002-05-29,0.945500
2002-05-30,0.918500
2002-05-31,0.911500
2002-06-03,0.898000
2002-06-04,0.898500
2002-06-05,0.899500
2002-06-06,0.908500
2002-06-07,0.929000
2002-06-10,0.865000
2002-06-11,0.857000
2002-06-12,0.854000
2002-06-13,0.871500
2002-06-14,0.841000
2002-06-17,0.920500
2002-06-18,0.939000
2002-06-19,0.915000
2002-06-20,0.877500
2002-06-21,0.876500
2002-06-24,0.875500
2002-06-25,0.767000
2002-06-26,0.792500
2002-06-27,0.793000
2002-06-28,0.812500
2002-07-01,0.677500
2002-07-02,0.666000
2002-07-03,0.712500
2002-07-05,0.760500
2002-07-08,0.747000
2002-07-09,0.780000
2002-07-10,0.748000
2002-07-11,0.777500
2002-07-12,0.771500
2002-07-15,0.797000
2002-07-16,0.814500
2002-07-17,0.808000
2002-07-18,0.777500
2002-07-19,0.764500
2002-07-22,0.775000
2002-07-23,0.727500
2002-07-24,0.705000
2002-07-25,0.624500
2002-07-26,0.646500
2002-07-29,0.716500
2002-07-30,0.738500
2002-07-31,0.722500
2002-08-01,0.708000
2002-08-02,0.692000
2002-08-05,0.643500
2002-08-06,0.687000
2002-08-07,0.680000
2002-08-08,0.695000
2002-08-09,0.713000
2002-08-12,0.723000
2002-08-13,0.696500
2002-08-14,0.695500
2002-08-15,0.731000
2002-08-16,0.745000
2002-08-19,0.775000
2002-08-20,0.799000
2002-08-21,0.769000
2002-08-22,0.786500
2002-08-23,0.758500
2002-08-26,0.746500
2002-08-27,0.726000
2002-08-28,0.728500
2002-08-29,0.757000
2002-08-30,0.747000
2002-09-03,0.730000
2002-09-04,0.741500
2002-09-05,0.712500
2002-09-06,0.765500
2002-09-09,0.825500
2002-09-10,0.856500
2002-09-11,0.855500
2002-09-12,0.837500
2002-09-13,0.830500
2002-09-16,0.835500
2002-09-17,0.867500
2002-09-18,0.886500
2002-09-19,0.860500
2002-09-20,0.793000
2002-09-23,0.802500
2002-09-24,0.796500
2002-09-25,0.786500
2002-09-26,0.857500
2002-09-27,0.850500
2002-09-30,0.796500
2002-10-01,0.847500
2002-10-02,0.850500
2002-10-03,0.837500
2002-10-04,0.827500
2002-10-07,0.832000
2002-10-08,0.847000
2002-10-09,0.843000
2002-10-10,0.898000
2002-10-11,0.923000
2002-10-14,0.960000
2002-10-15,0.947000
2002-10-16,0.974500
2002-10-17,0.937000
2002-10-18,0.952000
2002-10-21,0.963000
2002-10-22,0.969000
2002-10-23,0.987500
2002-10-24,0.993000
2002-10-25,0.965000
2002-10-28,0.929500
2002-10-29,0.928500
2002-10-30,0.954000
2002-10-31,0.968000
2002-11-01,0.990000
2002-11-04,0.939000
2002-11-05,0.936000
2002-11-06,0.967000
2002-11-07,0.956000
2002-11-08,0.975500
2002-11-11,0.950000
2002-11-12,0.991000
2002-11-13,1.020500
2002-11-14,1.060500
2002-11-15,1.110500
2002-11-18,1.121000
2002-11-19,1.064500
2002-11-20,1.145000
2002-11-21,1.170000
2002-11-22,1.199500
2002-11-25,1.212500
2002-11-26,1.170000
2002-11-27,1.204000
2002-11-29,1.167500
2002-12-02,1.205500
2002-12-03,1.187000
2002-12-04,1.169500
2002-12-05,1.129000
2002-12-06,1.130500
2002-12-09,1.084000
2002-12-10,1.093000
2002-12-11,1.106500
2002-12-12,1.115000
2002-12-13,1.109000
2002-12-16,1.125500
2002-12-17,1.123000
2002-12-18,1.105000
2002-12-19,1.084500
2002-12-20,1.096500
2002-12-23,1.112000
2002-12-24,1.094000
2002-12-26,1.015000
2002-12-27,0.943000
2002-12-30,0.962500
2002-12-31,0.944500
2003-01-02,0.978500
2003-01-03,1.026000
2003-01-06,1.035000
2003-01-07,1.077500
2003-01-08,1.051000
2003-01-09,1.072500
2003-01-10,1.066000
2003-01-13,1.102000
2003-01-14,1.137000
2003-01-15,1.113500
2003-01-16,1.090000
2003-01-17,1.070000
2003-01-21,1.054000
2003-01-22,1.058500
2003-01-23,1.089500
2003-01-24,1.105500
2003-01-27,1.089000
2003-01-28,1.081000
2003-01-29,1.104000
2003-01-30,1.091000
2003-01-31,1.092500
2003-02-03,1.108000
2003-02-04,1.102500
2003-02-05,1.108500
2003-02-06,1.104500
2003-02-07,1.072000
2003-02-10,1.070000
2003-02-11,1.039000
2003-02-12,1.056500
2003-02-13,1.003000
2003-02-14,1.003000
2003-02-18,1.069500
2003-02-19,1.059500
2003-02-20,1.068000
2003-02-21,1.089000
2003-02-24,1.089000
2003-02-25,1.094000
2003-02-26,1.082000
2003-02-27,1.081000
2003-02-28,1.100500
2003-03-03,1.090500
2003-03-04,1.113500
2003-03-05,1.121000
2003-03-06,1.134500
2003-03-07,1.148500
2003-03-10,1.144000
2003-03-11,1.139000
2003-03-12,1.168000
2003-03-13,1.221000
2003-03-14,1.235500
2003-03-17,1.327500
2003-03-18,1.339000
2003-03-19,1.327000
2003-03-20,1.372500
2003-03-21,1.396500
2003-03-24,1.311500
2003-03-25,1.345000
2003-03-26,1.388000
2003-03-27,1.388500
2003-03-28,1.359000
2003-03-31,1.301500
2003-04-01,1.277000
2003-04-02,1.319000
2003-04-03,1.332500
2003-04-04,1.311000
2003-04-07,1.341000
2003-04-08,1.326000
2003-04-09,1.253000
2003-04-10,1.283500
2003-04-11,1.287500
2003-04-14,1.252500
2003-04-15,1.256500
2003-04-16,1.219000
2003-04-17,1.249500
2003-04-21,1.262500
2003-04-22,1.279000
2003-04-23,1.271500
2003-04-24,1.256000
2003-04-25,1.448500
2003-04-28,1.455500
2003-04-29,1.444500
2003-04-30,1.434500
2003-05-01,1.433000
2003-05-02,1.471500
2003-05-05,1.498000
2003-05-06,1.544000
2003-05-07,1.535000
2003-05-08,1.522500
2003-05-09,1.548000
2003-05-12,1.585000
2003-05-13,1.647500
2003-05-14,1.630000
2003-05-15,1.631500
2003-05-16,1.652500
2003-05-19,1.578000
2003-05-20,1.574000
2003-05-21,1.587500
2003-05-22,1.650000
2003-05-23,1.636000
2003-05-27,1.742500
2003-05-28,1.743000
2003-05-29,1.777500
2003-05-30,1.794500
2003-06-02,1.770000
2003-06-03,1.761500
2003-06-04,1.769500
2003-06-05,1.776000
2003-06-06,1.667500
2003-06-09,1.684000
2003-06-10,1.703500
2003-06-11,1.732500
2003-06-12,1.760000
2003-06-13,1.706500
2003-06-16,1.792000
2003-06-17,1.792000
2003-06-18,1.792500
2003-06-19,1.775000
2003-06-20,1.752000
2003-06-23,1.779000
2003-06-24,1.770000
2003-06-25,1.769500
2003-06-26,1.836000
2003-06-27,1.815000
2003-06-30,1.816000
2003-07-01,1.862500
2003-07-02,1.892500
2003-07-03,1.896000
2003-07-07,1.952500
2003-07-08,2.025500
2003-07-09,2.025000
2003-07-10,1.912500
2003-07-11,1.882500
2003-07-14,1.963500
2003-07-15,1.921500
2003-07-16,1.884000
2003-07-17,1.816000
2003-07-18,1.749000
2003-07-21,1.766500
2003-07-22,1.743500
2003-07-23,2.005500
2003-07-24,2.065500
2003-07-25,2.080000
2003-07-28,2.104000
2003-07-29,2.069500
2003-07-30,2.033000
2003-07-31,2.082000
2003-08-01,2.001500
2003-08-04,1.982500
2003-08-05,1.933500
2003-08-06,1.947000
2003-08-07,1.950500
2003-08-08,1.957500
2003-08-11,1.946500
2003-08-12,1.992500
2003-08-13,2.010500
2003-08-14,2.015000
2003-08-15,2.005000
2003-08-18,2.151000
2003-08-19,2.178500
2003-08-20,2.188000
2003-08-21,2.285000
2003-08-22,2.261000
2003-08-25,2.292500
2003-08-26,2.296500
2003-08-27,2.294000
2003-08-28,2.297000
2003-08-29,2.316000
2003-09-02,2.366500
2003-09-03,2.309500
2003-09-04,2.364500
2003-09-05,2.326000
2003-09-08,2.364000
2003-09-09,2.334000
2003-09-10,2.311000
2003-09-11,2.259500
2003-09-12,2.284000
2003-09-15,2.275500
2003-09-16,2.312000
2003-09-17,2.308000
2003-09-18,2.394500
2003-09-19,2.379000
2003-09-22,2.373500
2003-09-23,2.522000
2003-09-24,2.480500
2003-09-25,2.502500
2003-09-26,2.428000
2003-09-29,2.493000
2003-09-30,2.421500
2003-10-01,2.456000
2003-10-02,2.504500
2003-10-03,2.644500
2003-10-06,2.707500
2003-10-07,2.745500
2003-10-08,2.785000
2003-10-09,2.893000
2003-10-10,2.903000
2003-10-13,2.915000
2003-10-14,2.995500
2003-10-15,2.927500
2003-10-16,2.995500
2003-10-17,2.984500
2003-10-20,2.979500
2003-10-21,2.967500
2003-10-22,2.701500
2003-10-23,2.716000
2003-10-24,2.725500
2003-10-27,2.741000
2003-10-28,2.836500
2003-10-29,2.834500
2003-10-30,2.791500
2003-10-31,2.721500
2003-11-03,2.837000
2003-11-04,2.843000
2003-11-05,2.837000
2003-11-06,2.749500
2003-11-07,2.715500
2003-11-10,2.599000
2003-11-11,2.611500
2003-11-12,2.706500
2003-11-13,2.740000
2003-11-14,2.622500
2003-11-17,2.518000
2003-11-18,2.425000
2003-11-19,2.476500
2003-11-20,2.442500
2003-11-21,2.429000
2003-11-24,2.566500
2003-11-25,2.623500
2003-11-26,2.648000
2003-11-28,2.698500
2003-12-01,2.732500
2003-12-02,2.696500
2003-12-03,2.575500
2003-12-04,2.590000
2003-12-05,2.578000
2003-12-08,2.554000
2003-12-09,2.467000
2003-12-10,2.460000
2003-12-11,2.540000
2003-12-12,2.549500
2003-12-15,2.520500
2003-12-16,2.475000
2003-12-17,2.379000
2003-12-18,2.437500
2003-12-19,2.462000
2003-12-22,2.494500
2003-12-23,2.624000
2003-12-24,2.666000
2003-12-26,2.673500
2003-12-29,2.673500
2003-12-30,2.641500
2003-12-31,2.631000
2004-01-02,2.595000
2004-01-05,2.663500
2004-01-06,2.651500
2004-01-07,2.595000
2004-01-08,2.512000
2004-01-09,2.579500
2004-01-12,2.647500
2004-01-13,2.745500
2004-01-14,2.790000
2004-01-15,2.809000
2004-01-16,2.786000
2004-01-20,2.830500
2004-01-21,2.810000
2004-01-22,2.859000
2004-01-23,2.855500
2004-01-26,2.851500
2004-01-27,2.787000
2004-01-28,2.598000
2004-01-29,2.461000
2004-01-30,2.520000
2004-02-02,2.413500
2004-02-03,2.247000
2004-02-04,2.269500
2004-02-05,2.302000
2004-02-06,2.317500
2004-02-09,2.293000
2004-02-10,2.279500
2004-02-11,2.357000
2004-02-12,2.353000
2004-02-13,2.319000
2004-02-17,2.276500
2004-02-18,2.243500
2004-02-19,2.232500
2004-02-20,2.258500
2004-02-23,2.198500
2004-02-24,2.116000
2004-02-25,2.147000
2004-02-26,2.182500
2004-02-27,2.150500
2004-03-01,2.148500
2004-03-02,2.100500
2004-03-03,2.158500
2004-03-04,2.219500
2004-03-05,2.204500
2004-03-08,2.175000
2004-03-09,2.135500
2004-03-10,2.077500
2004-03-11,2.064000
2004-03-12,2.122000
2004-03-15,2.054000
2004-03-16,2.106500
2004-03-17,2.140000
2004-03-18,2.150500
2004-03-19,2.140000
2004-03-22,2.042500
2004-03-23,2.011500
2004-03-24,1.981500
2004-03-25,2.099500
2004-03-26,2.085000
2004-03-29,2.138000
2004-03-30,2.190000
2004-03-31,2.164000
2004-04-01,2.237000
2004-04-02,2.304500
2004-04-05,2.348000
2004-04-06,2.322000
2004-04-07,2.292500
2004-04-08,2.405000
2004-04-12,2.398000
2004-04-13,2.329000
2004-04-14,2.339500
2004-04-15,2.349500
2004-04-16,2.275000
2004-04-19,2.355500
2004-04-20,2.260000
2004-04-21,2.286000
2004-04-22,2.443000
2004-04-23,2.314500
2004-04-26,2.362500
2004-04-27,2.400000
2004-04-28,2.348500
2004-04-29,2.309500
2004-04-30,2.180000
2004-05-03,2.220500
2004-05-04,2.197500
2004-05-05,2.213000
2004-05-06,2.157000
2004-05-07,2.095000
2004-05-10,2.063000
2004-05-11,2.135000
2004-05-12,2.151000
2004-05-13,2.180500
2004-05-14,2.152500
2004-05-17,2.104000
2004-05-18,2.099500
2004-05-19,2.084500
2004-05-20,2.049000
2004-05-21,2.058500
2004-05-24,2.081500
2004-05-25,2.181000
2004-05-26,2.234500
2004-05-27,2.381000
2004-05-28,2.425000
2004-06-01,2.511500
2004-06-02,2.517500
2004-06-03,2.470000
2004-06-04,2.547500
2004-06-07,2.588000
2004-06-08,2.597000
2004-06-09,2.512000
2004-06-10,2.497000
2004-06-14,2.462500
2004-06-15,2.505500
2004-06-16,2.528500
2004-06-17,2.488500
2004-06-18,2.480000
2004-06-21,2.488500
2004-06-22,2.450000
2004-06-23,2.540500
2004-06-24,2.551000
2004-06-25,2.590000
2004-06-28,2.669500
2004-06-29,2.685500
2004-06-30,2.720000
2004-07-01,2.628000
2004-07-02,2.629500
2004-07-06,2.562000
2004-07-07,2.550000
2004-07-08,2.475000
2004-07-09,2.416000
2004-07-12,2.452500
2004-07-13,2.480000
2004-07-14,2.475000
2004-07-15,2.433500
2004-07-16,2.355000
2004-07-19,2.301000
2004-07-20,2.349500
2004-07-21,2.238000
2004-07-22,2.291000
2004-07-23,1.999000
2004-07-26,1.939000
2004-07-27,1.955500
2004-07-28,1.898500
2004-07-29,1.929000
2004-07-30,1.946000
2004-08-02,1.915000
2004-08-03,1.880500
2004-08-04,1.856000
2004-08-05,1.780500
2004-08-06,1.774500
2004-08-09,1.766000
2004-08-10,1.855000
2004-08-11,1.828000
2004-08-12,1.814500
2004-08-13,1.806500
2004-08-16,1.897500
2004-08-17,1.911500
2004-08-18,1.968000
2004-08-19,1.931500
2004-08-20,1.975500
2004-08-23,1.972500
2004-08-24,1.952500
2004-08-25,2.015000
2004-08-26,2.009500
2004-08-27,1.995000
2004-08-30,1.915500
2004-08-31,1.907000
2004-09-01,1.912000
2004-09-02,1.959000
2004-09-03,1.937000
2004-09-07,1.925500
2004-09-08,1.900500
2004-09-09,1.903500
2004-09-10,1.928500
2004-09-13,2.000500
2004-09-14,2.133500
2004-09-15,2.110500
2004-09-16,2.128500
2004-09-17,2.148000
2004-09-20,2.163500
2004-09-21,2.164500
2004-09-22,2.069000
2004-09-23,2.091500
2004-09-24,2.047000
2004-09-27,1.996500
2004-09-28,1.971500
2004-09-29,2.042000
2004-09-30,2.043000
2004-10-01,2.023500
2004-10-04,2.050500
2004-10-05,2.048000
2004-10-06,2.068000
2004-10-07,2.057500
2004-10-08,2.000000
2004-10-11,2.007500
2004-10-12,2.011000
2004-10-13,1.999000
2004-10-14,1.955000
2004-10-15,1.927500
2004-10-18,1.963500
2004-10-19,1.916500
2004-10-20,1.917500
2004-10-21,1.973500
2004-10-22,1.730000
2004-10-25,1.698500
2004-10-26,1.691500
2004-10-27,1.711500
2004-10-28,1.722500
2004-10-29,1.706500
2004-11-01,1.755000
2004-11-02,1.812000
2004-11-03,1.796000
2004-11-04,1.845500
2004-11-05,1.828000
2004-11-08,1.866000
2004-11-09,1.870000
2004-11-10,1.904500
2004-11-11,1.941500
2004-11-12,2.023000
2004-11-15,2.044500
2004-11-16,2.003500
2004-11-17,1.995000
2004-11-18,2.018500
2004-11-19,1.927500
2004-11-22,1.902500
2004-11-23,1.915500
2004-11-24,1.937500
2004-11-26,1.954500
2004-11-29,1.947000
2004-11-30,1.984000
2004-12-01,1.999000
2004-12-02,2.008500
2004-12-03,2.004500
2004-12-06,1.974500
2004-12-07,1.910000
2004-12-08,1.936000
2004-12-09,1.991000
2004-12-10,1.952500
2004-12-13,1.991500
2004-12-14,2.022000
2004-12-15,2.050000
2004-12-16,2.002500
2004-12-17,2.000500
2004-12-20,1.947500
2004-12-21,1.969500
2004-12-22,1.976000
2004-12-23,1.946500
2004-12-27,2.112500
2004-12-28,2.231500
2004-12-29,2.241000
2004-12-30,2.248500
2004-12-31,2.214500
2005-01-03,2.226000
2005-01-04,2.107000
2005-01-05,2.088500
2005-01-06,2.052500
2005-01-07,2.116000
2005-01-10,2.092000
2005-01-11,2.082000
2005-01-12,2.115000
2005-01-13,2.130000
2005-01-14,2.227500
2005-01-18,2.229000
2005-01-19,2.198000
2005-01-20,2.118000
2005-01-21,2.058000
2005-01-24,2.019000
2005-01-25,2.047000
2005-01-26,2.067000
2005-01-27,2.115500
2005-01-28,2.111000
2005-01-31,2.161000
2005-02-01,2.124000
2005-02-02,2.094000
2005-02-03,1.787500
2005-02-04,1.786000
2005-02-07,1.784500
2005-02-08,1.815000
2005-02-09,1.794500
2005-02-10,1.789000
2005-02-11,1.789000
2005-02-14,1.801500
2005-02-15,1.807000
2005-02-16,1.783000
2005-02-17,1.784500
2005-02-18,1.765500
2005-02-22,1.736000
2005-02-23,1.707000
2005-02-24,1.734500
2005-02-25,1.749500
2005-02-28,1.759000
2005-03-01,1.769500
2005-03-02,1.775000
2005-03-03,1.782500
2005-03-04,1.792500
2005-03-07,1.816000
2005-03-08,1.791500
2005-03-09,1.770000
2005-03-10,1.745500
2005-03-11,1.737500
2005-03-14,1.730000
2005-03-15,1.709000
2005-03-16,1.693500
2005-03-17,1.698500
2005-03-18,1.708000
2005-03-21,1.683500
2005-03-22,1.657500
2005-03-23,1.659000
2005-03-24,1.644000
2005-03-28,1.669500
2005-03-29,1.671500
2005-03-30,1.716000
2005-03-31,1.713500
2005-04-01,1.700500
2005-04-04,1.750000
2005-04-05,1.764000
2005-04-06,1.741000
2005-04-07,1.745000
2005-04-08,1.730000
2005-04-11,1.730000
2005-04-12,1.731500
2005-04-13,1.715000
2005-04-14,1.698500
2005-04-15,1.651000
2005-04-18,1.650000
2005-04-19,1.639000
2005-04-20,1.662500
2005-04-21,1.686500
2005-04-22,1.652000
2005-04-25,1.676500
2005-04-26,1.635500
2005-04-27,1.586000
2005-04-28,1.626000
2005-04-29,1.618000
2005-05-02,1.655000
2005-05-03,1.660500
2005-05-04,1.698000
2005-05-05,1.698000
2005-05-06,1.726000
2005-05-09,1.732000
2005-05-10,1.711500
2005-05-11,1.691000
2005-05-12,1.692500
2005-05-13,1.695000
2005-05-16,1.727000
2005-05-17,1.736500
2005-05-18,1.766500
2005-05-19,1.779500
2005-05-20,1.775000
2005-05-23,1.784000
2005-05-24,1.777000
2005-05-25,1.762500
2005-05-26,1.772500
2005-05-27,1.775000
2005-05-31,1.775500
2005-06-01,1.825000
2005-06-02,1.820500
2005-06-03,1.779500
2005-06-06,1.788500
2005-06-07,1.767500
2005-06-08,1.741500
2005-06-09,1.760000
2005-06-10,1.747500
2005-06-13,1.743500
2005-06-14,1.752000
2005-06-15,1.762000
2005-06-16,1.779000
2005-06-17,1.765500
2005-06-20,1.784500
2005-06-21,1.769000
2005-06-22,1.761000
2005-06-23,1.771500
2005-06-24,1.751000
2005-06-27,1.725000
2005-06-28,1.685500
2005-06-29,1.667500
2005-06-30,1.654500
2005-07-01,1.645500
2005-07-05,1.704000
2005-07-06,1.703000
2005-07-07,1.698000
2005-07-08,1.737000
2005-07-11,1.779500
2005-07-12,1.815500
2005-07-13,1.825500
2005-07-14,1.859500
2005-07-15,1.857500
2005-07-18,1.859500
2005-07-19,1.908500
2005-07-20,1.908500
2005-07-21,1.897500
2005-07-22,1.897500
2005-07-25,1.897500
2005-07-26,1.887000
2005-07-27,2.182500
2005-07-28,2.284000
2005-07-29,2.257500
2005-08-01,2.246500
2005-08-02,2.325500
2005-08-03,2.305500
2005-08-04,2.273000
2005-08-05,2.263500
2005-08-08,2.283000
2005-08-09,2.296500
2005-08-10,2.238000
2005-08-11,2.260500
2005-08-12,2.210000
2005-08-15,2.252000
2005-08-16,2.213500
2005-08-17,2.206000
2005-08-18,2.186500
2005-08-19,2.186000
2005-08-22,2.188500
2005-08-23,2.171000
2005-08-24,2.118500
2005-08-25,2.115500
2005-08-26,2.118500
2005-08-29,2.139500
2005-08-30,2.124500
2005-08-31,2.135000
2005-09-01,2.092000
2005-09-02,2.075500
2005-09-06,2.181000
2005-09-07,2.186500
2005-09-08,2.148000
2005-09-09,2.147500
2005-09-12,2.225000
2005-09-13,2.196500
2005-09-14,2.155000
2005-09-15,2.135500
2005-09-16,2.140000
2005-09-19,2.137500
2005-09-20,2.093500
2005-09-21,2.062500
2005-09-22,2.104000
2005-09-23,2.109500
2005-09-26,2.167000
2005-09-27,2.158000
2005-09-28,2.168500
2005-09-29,2.239500
2005-09-30,2.265000
2005-10-03,2.300500
2005-10-04,2.246500
2005-10-05,2.224500
2005-10-06,2.200500
2005-10-07,2.186000
2005-10-10,2.188000
2005-10-11,2.170000
2005-10-12,2.127500
2005-10-13,2.131000
2005-10-14,2.189500
2005-10-17,2.251000
2005-10-18,2.232500
2005-10-19,2.293000
2005-10-20,2.250500
2005-10-21,2.297500
2005-10-24,2.346500
2005-10-25,2.308500
2005-10-26,1.987500
2005-10-27,1.953000
2005-10-28,1.947500
2005-10-31,1.993000
2005-11-01,2.018500
2005-11-02,2.037500
2005-11-03,2.078000
2005-11-04,2.054500
2005-11-07,2.069500
2005-11-08,2.097500
2005-11-09,2.070000
2005-11-10,2.109000
2005-11-11,2.134000
2005-11-14,2.126500
2005-11-15,2.222500
2005-11-16,2.265000
2005-11-17,2.337000
2005-11-18,2.399000
2005-11-21,2.399500
2005-11-22,2.442500
2005-11-23,2.412000
2005-11-25,2.403000
2005-11-28,2.417500
2005-11-29,2.427500
2005-11-30,2.423000
2005-12-01,2.450000
2005-12-02,2.453000
2005-12-05,2.441500
2005-12-06,2.463000
2005-12-07,2.441500
2005-12-08,2.417500
2005-12-09,2.437000
2005-12-12,2.453500
2005-12-13,2.475000
2005-12-14,2.470500
2005-12-15,2.474000
2005-12-16,2.460500
2005-12-19,2.418500
2005-12-20,2.407000
2005-12-21,2.448500
2005-12-22,2.461000
2005-12-23,2.461000
2005-12-27,2.428000
2005-12-28,2.403000
2005-12-29,2.399500
2005-12-30,2.357500
2006-01-03,2.379000
2006-01-04,2.362500
2006-01-05,2.382500
2006-01-06,2.393500
2006-01-09,2.354000
2006-01-10,2.282500
2006-01-11,2.246500
2006-01-12,2.218000
2006-01-13,2.220000
2006-01-17,2.200000
2006-01-18,2.216000
2006-01-19,2.222500
2006-01-20,2.196000
2006-01-23,2.186500
2006-01-24,2.201000
2006-01-25,2.180000
2006-01-26,2.234000
2006-01-27,2.261000
2006-01-30,2.248000
2006-01-31,2.241000
2006-02-01,2.199000
2006-02-02,2.137000
2006-02-03,1.916500
2006-02-06,1.897500
2006-02-07,1.876000
2006-02-08,1.908500
2006-02-09,1.899500
2006-02-10,1.926000
2006-02-13,1.893000
2006-02-14,1.912500
2006-02-15,1.963000
2006-02-16,1.957500
2006-02-17,1.959500
2006-02-21,1.914500
2006-02-22,1.936000
2006-02-23,1.895000
2006-02-24,1.917500
2006-02-27,1.900500
2006-02-28,1.872000
2006-03-01,1.856000
2006-03-02,1.844000
2006-03-03,1.860500
2006-03-06,1.843000
2006-03-07,1.846500
2006-03-08,1.840500
2006-03-09,1.806000
2006-03-10,1.811000
2006-03-13,1.809500
2006-03-14,1.845500
2006-03-15,1.844500
2006-03-16,1.838500
2006-03-17,1.799500
2006-03-20,1.811500
2006-03-21,1.796000
2006-03-22,1.800000
2006-03-23,1.784000
2006-03-24,1.773500
2006-03-27,1.762500
2006-03-28,1.784500
2006-03-29,1.816000
2006-03-30,1.833500
2006-03-31,1.826500
2006-04-03,1.807000
2006-04-04,1.838500
2006-04-05,1.867000
2006-04-06,1.925500
2006-04-07,1.854500
2006-04-10,1.830500
2006-04-11,1.803000
2006-04-12,1.806500
2006-04-13,1.831000
2006-04-17,1.763500
2006-04-18,1.814000
2006-04-19,1.844500
2006-04-20,1.817000
2006-04-21,1.801500
2006-04-24,1.789500
2006-04-25,1.777500
2006-04-26,1.789500
2006-04-27,1.787000
2006-04-28,1.760500
2006-05-01,1.729500
2006-05-02,1.719000
2006-05-03,1.698000
2006-05-04,1.723500
2006-05-05,1.752000
2006-05-08,1.734500
2006-05-09,1.742000
2006-05-10,1.708000
2006-05-11,1.676500
2006-05-12,1.636500
2006-05-15,1.639000
2006-05-16,1.638000
2006-05-17,1.580500
2006-05-18,1.630500
2006-05-19,1.697000
2006-05-22,1.741500
2006-05-23,1.688000
2006-05-24,1.759500
2006-05-25,1.781500
2006-05-26,1.803500
2006-05-30,1.732000
2006-05-31,1.730500
2006-06-01,1.753500
2006-06-02,1.738000
2006-06-05,1.674500
2006-06-06,1.670500
2006-06-07,1.688500
2006-06-08,1.677500
2006-06-09,1.689000
2006-06-12,1.680000
2006-06-13,1.673500
2006-06-14,1.684000
2006-06-15,1.748000
2006-06-16,1.754500
2006-06-19,1.753500
2006-06-20,1.774000
2006-06-21,1.832500
2006-06-22,1.818500
2006-06-23,1.827500
2006-06-26,1.838500
2006-06-27,1.824000
2006-06-28,1.835000
2006-06-29,1.926000
2006-06-30,1.934000
2006-07-03,1.930500
2006-07-05,1.855500
2006-07-06,1.840000
2006-07-07,1.805500
2006-07-10,1.789500
2006-07-11,1.783000
2006-07-12,1.731500
2006-07-13,1.686500
2006-07-14,1.646000
2006-07-17,1.683500
2006-07-18,1.674500
2006-07-19,1.724000
2006-07-20,1.709000
2006-07-21,1.659500
2006-07-24,1.715500
2006-07-25,1.679500
2006-07-26,1.313000
2006-07-27,1.328000
2006-07-28,1.358500
2006-07-31,1.344500
2006-08-01,1.316000
2006-08-02,1.304500
2006-08-03,1.334500
2006-08-04,1.364500
2006-08-07,1.339000
2006-08-08,1.318000
2006-08-09,1.310500
2006-08-10,1.324500
2006-08-11,1.303500
2006-08-14,1.326500
2006-08-15,1.388500
2006-08-16,1.397500
2006-08-17,1.454500
2006-08-18,1.456000
2006-08-21,1.406500
2006-08-22,1.418500
2006-08-23,1.407000
2006-08-24,1.398500
2006-08-25,1.401500
2006-08-28,1.445500
2006-08-29,1.476000
2006-08-30,1.533500
2006-08-31,1.541500
2006-09-01,1.588000
2006-09-05,1.611500
2006-09-06,1.540000
2006-09-07,1.486500
2006-09-08,1.525500
2006-09-11,1.539500
2006-09-12,1.586000
2006-09-13,1.583500
2006-09-14,1.582500
2006-09-15,1.626000
2006-09-18,1.604000
2006-09-19,1.579000
2006-09-20,1.606000
2006-09-21,1.511000
2006-09-22,1.542000
2006-09-25,1.589500
2006-09-26,1.625000
2006-09-27,1.616500
2006-09-28,1.592000
2006-09-29,1.606000
2006-10-02,1.543500
2006-10-03,1.585000
2006-10-04,1.638000
2006-10-05,1.666000
2006-10-06,1.629500
2006-10-09,1.669000
2006-10-10,1.631000
2006-10-11,1.645500
2006-10-12,1.677500
2006-10-13,1.666000
2006-10-16,1.630000
2006-10-17,1.623500
2006-10-18,1.615500
2006-10-19,1.627000
2006-10-20,1.628500
2006-10-23,1.644000
2006-10-24,1.681500
2006-10-25,1.884000
2006-10-26,1.915000
2006-10-27,1.912000
2006-10-30,1.907500
2006-10-31,1.904500
2006-11-01,1.878000
2006-11-02,1.872500
2006-11-03,1.873000
2006-11-06,1.910500
2006-11-07,1.938500
2006-11-08,1.973500
2006-11-09,1.942000
2006-11-10,1.963000
2006-11-13,1.999500
2006-11-14,2.075500
2006-11-15,2.130000
2006-11-16,2.142000
2006-11-17,2.127500
2006-11-20,2.122000
2006-11-21,2.127000
2006-11-22,2.148000
2006-11-24,2.120500
2006-11-27,2.042500
2006-11-28,2.046000
2006-11-29,2.031500
2006-11-30,2.017000
2006-12-01,1.970500
2006-12-04,1.955000
2006-12-05,1.949000
2006-12-06,1.945000
2006-12-07,1.906000
2006-12-08,1.923000
2006-12-11,1.934500
2006-12-12,1.923000
2006-12-13,1.925000
2006-12-14,1.951000
2006-12-15,2.000500
2006-12-18,1.963000
2006-12-19,1.971000
2006-12-20,2.000500
2006-12-21,1.994500
2006-12-22,2.012000
2006-12-26,1.990000
2006-12-27,2.014500
2006-12-28,2.010500
2006-12-29,1.973000
2007-01-03,1.935000
2007-01-04,1.945000
2007-01-05,1.918500
2007-01-08,1.875000
2007-01-09,1.889000
2007-01-10,1.857500
2007-01-11,1.870000
2007-01-12,1.910000
2007-01-16,1.933000
2007-01-17,1.894000
2007-01-18,1.849000
2007-01-19,1.851000
2007-01-22,1.847500
2007-01-23,1.821500
2007-01-24,1.863000
2007-01-25,1.854000
2007-01-26,1.842500
2007-01-29,1.871500
2007-01-30,1.852500
2007-01-31,1.883500
2007-02-01,1.935000
2007-02-02,1.869500
2007-02-05,1.858000
2007-02-06,1.913500
2007-02-07,1.949000
2007-02-08,1.955000
2007-02-09,1.936000
2007-02-12,1.942500
2007-02-13,1.965500
2007-02-14,2.007000
2007-02-15,2.003000
2007-02-16,2.016500
2007-02-20,2.075500
2007-02-21,2.063000
2007-02-22,2.050000
2007-02-23,2.039000
2007-02-26,2.044000
2007-02-27,1.941500
2007-02-28,1.957000
2007-03-01,1.942500
2007-03-02,1.884500
2007-03-05,1.852500
2007-03-06,1.929000
2007-03-07,1.918000
2007-03-08,1.905000
2007-03-09,1.942000
2007-03-12,1.940500
2007-03-13,1.891000
2007-03-14,1.904000
2007-03-15,1.889000
2007-03-16,1.892500
2007-03-19,1.922500
2007-03-20,1.929000
2007-03-21,1.990000
2007-03-22,1.974500
2007-03-23,1.949000
2007-03-26,1.950500
2007-03-27,1.968500
2007-03-28,1.967000
2007-03-29,1.990500
2007-03-30,1.989500
2007-04-02,2.021000
2007-04-03,2.059500
2007-04-04,2.076500
2007-04-05,2.084000
2007-04-09,2.083000
2007-04-10,2.093000
2007-04-11,2.084000
2007-04-12,2.113500
2007-04-13,2.120500
2007-04-16,2.260000
2007-04-17,2.253500
2007-04-18,2.249500
2007-04-19,2.232000
2007-04-20,2.247500
2007-04-23,2.238500
2007-04-24,2.237500
2007-04-25,2.840500
2007-04-26,3.139000
2007-04-27,3.130000
2007-04-30,3.066500
2007-05-01,3.102000
2007-05-02,3.059000
2007-05-03,3.109500
2007-05-04,3.161500
2007-05-07,3.041000
2007-05-08,3.091500
2007-05-09,3.142500
2007-05-10,3.046000
2007-05-11,3.078000
2007-05-14,3.085000
2007-05-15,3.029000
2007-05-16,3.161000
2007-05-17,3.108500
2007-05-18,3.165000
2007-05-21,3.415000
2007-05-22,3.444000
2007-05-23,3.450000
2007-05-24,3.467500
2007-05-25,3.427500
2007-05-29,3.481500
2007-05-30,3.493000
2007-05-31,3.457000
2007-06-01,3.429000
2007-06-04,3.521000
2007-06-05,3.682500
2007-06-06,3.614500
2007-06-07,3.602000
2007-06-08,3.662000
2007-06-11,3.558500
2007-06-12,3.503500
2007-06-13,3.544500
2007-06-14,3.597000
2007-06-15,3.620000
2007-06-18,3.591500
2007-06-19,3.490500
2007-06-20,3.455000
2007-06-21,3.483500
2007-06-22,3.443000
2007-06-25,3.433000
2007-06-26,3.374000
2007-06-27,3.407000
2007-06-28,3.444500
2007-06-29,3.420500
2007-07-02,3.480500
2007-07-03,3.472500
2007-07-05,3.436500
2007-07-06,3.448500
2007-07-09,3.603500
2007-07-10,3.514000
2007-07-11,3.536500
2007-07-12,3.639500
2007-07-13,3.755000
2007-07-16,3.684500
2007-07-17,3.689500
2007-07-18,3.666000
2007-07-19,3.667500
2007-07-20,3.581500
2007-07-23,3.587000
2007-07-24,3.462500
2007-07-25,4.309000
2007-07-26,4.200500
2007-07-27,4.202000
2007-07-30,4.135000
2007-07-31,3.927000
2007-08-01,3.865500
2007-08-02,3.985500
2007-08-03,3.840000
2007-08-06,3.950000
2007-08-07,3.957000
2007-08-08,3.889000
2007-08-09,3.705500
2007-08-10,3.739000
2007-08-13,3.743500
2007-08-14,3.672500
2007-08-15,3.619000
2007-08-16,3.639500
2007-08-17,3.751000
2007-08-20,3.735000
2007-08-21,3.874500
2007-08-22,3.925000
2007-08-23,3.865000
2007-08-24,3.962500
2007-08-27,3.932500
2007-08-28,3.811000
2007-08-29,3.952500
2007-08-30,3.934000
2007-08-31,3.995500
2007-09-04,4.135000
2007-09-05,4.187500
2007-09-06,4.310500
2007-09-07,4.226000
2007-09-10,4.167000
2007-09-11,4.314000
2007-09-12,4.365000
2007-09-13,4.363000
2007-09-14,4.388500
2007-09-17,4.345500
2007-09-18,4.437500
2007-09-19,4.450000
2007-09-20,4.482500
2007-09-21,4.565000
2007-09-24,4.629500
2007-09-25,4.674000
2007-09-26,4.671500
2007-09-27,4.669000
2007-09-28,4.657500
2007-10-01,4.670500
2007-10-02,4.618000
2007-10-03,4.623000
2007-10-04,4.613000
2007-10-05,4.671500
2007-10-08,4.792500
2007-10-09,4.766000
2007-10-10,4.733000
2007-10-11,4.467000
2007-10-12,4.618500
2007-10-15,4.526500
2007-10-16,4.476500
2007-10-17,4.527500
2007-10-18,4.492500
2007-10-19,4.488000
2007-10-22,4.564500
2007-10-23,5.041000
2007-10-24,4.436500
2007-10-25,4.410500
2007-10-26,4.500000
2007-10-29,4.505000
2007-10-30,4.412000
2007-10-31,4.457500
2007-11-01,4.382500
2007-11-02,4.299000
2007-11-05,4.218500
2007-11-06,4.363500
2007-11-07,4.352000
2007-11-08,4.179000
2007-11-09,3.944500
2007-11-12,3.850000
2007-11-13,3.993000
2007-11-14,3.925500
2007-11-15,3.892500
2007-11-16,3.930000
2007-11-19,3.959000
2007-11-20,4.019500
2007-11-21,3.988000
2007-11-23,4.071500
2007-11-26,4.065000
2007-11-27,4.279500
2007-11-28,4.515000
2007-11-29,4.457500
2007-11-30,4.528000
2007-12-03,4.545500
2007-12-04,4.720500
2007-12-05,4.659500
2007-12-06,4.710500
2007-12-07,4.715500
2007-12-10,4.651000
2007-12-11,4.537500
2007-12-12,4.564000
2007-12-13,4.620000
2007-12-14,4.454000
2007-12-17,4.254500
2007-12-18,4.344500
2007-12-19,4.469000
2007-12-20,4.529000
2007-12-21,4.563000
2007-12-24,4.550500
2007-12-26,4.642500
2007-12-27,4.712500
2007-12-28,4.722500
2007-12-31,4.632000
2008-01-02,4.812500
2008-01-03,4.760500
2008-01-04,4.439500
2008-01-07,4.441000
2008-01-08,4.394000
2008-01-09,4.261000
2008-01-10,4.213000
2008-01-11,4.054000
2008-01-14,4.143500
2008-01-15,4.012000
2008-01-16,4.017500
2008-01-17,4.006000
2008-01-18,3.988000
2008-01-22,3.924000
2008-01-23,3.698500
2008-01-24,3.883500
2008-01-25,3.880000
2008-01-28,3.791000
2008-01-29,3.697500
2008-01-30,3.710500
2008-01-31,3.885000
2008-02-01,3.731500
2008-02-04,3.697500
2008-02-05,3.604500
2008-02-06,3.424500
2008-02-07,3.545500
2008-02-08,3.675000
2008-02-11,3.759500
2008-02-12,3.722500
2008-02-13,3.886500
2008-02-14,3.790000
2008-02-15,3.648000
2008-02-19,3.604000
2008-02-20,3.682000
2008-02-21,3.495000
2008-02-22,3.604000
2008-02-25,3.663500
2008-02-26,3.584500
2008-02-27,3.543500
2008-02-28,3.392500
2008-02-29,3.223500
2008-03-03,3.121500
2008-03-04,3.267000
2008-03-05,3.249500
2008-03-06,3.137000
2008-03-07,3.204500
2008-03-10,3.173500
2008-03-11,3.357500
2008-03-12,3.325500
2008-03-13,3.416000
2008-03-14,3.411000
2008-03-17,3.326500
2008-03-18,3.585000
2008-03-19,3.508500
2008-03-20,3.659500
2008-03-24,3.797500
2008-03-25,3.758500
2008-03-26,3.690000
2008-03-27,3.540000
2008-03-28,3.488000
2008-03-31,3.565000
2008-04-01,3.835000
2008-04-02,3.868500
2008-04-03,3.747000
2008-04-04,3.843500
2008-04-07,3.845000
2008-04-08,3.865000
2008-04-09,3.719500
2008-04-10,3.741500
2008-04-11,3.599500
2008-04-14,3.630500
2008-04-15,3.625000
2008-04-16,3.729500
2008-04-17,3.702000
2008-04-18,4.005000
2008-04-21,4.009000
2008-04-22,3.980000
2008-04-23,4.050000
2008-04-24,3.884500
2008-04-25,4.043000
2008-04-28,4.098500
2008-04-29,4.037000
2008-04-30,3.931500
2008-05-01,3.968000
2008-05-02,3.865500
2008-05-05,3.796000
2008-05-06,3.785500
2008-05-07,3.659000
2008-05-08,3.639500
2008-05-09,3.620500
2008-05-12,3.726500
2008-05-13,3.728000
2008-05-14,3.710000
2008-05-15,3.806000
2008-05-16,3.823000
2008-05-19,4.114500
2008-05-20,4.036000
2008-05-21,3.915000
2008-05-22,3.963000
2008-05-23,3.917500
2008-05-27,4.031000
2008-05-28,4.004000
2008-05-29,4.017500
2008-05-30,4.081000
2008-06-02,4.011500
2008-06-03,4.005500
2008-06-04,4.075000
2008-06-05,4.225500
2008-06-06,4.031500
2008-06-09,3.971500
2008-06-10,3.981000
2008-06-11,3.864000
2008-06-12,3.807500
2008-06-13,3.958500
2008-06-16,4.085000
2008-06-17,4.148500
2008-06-18,4.126000
2008-06-19,4.213000
2008-06-20,4.055000
2008-06-23,4.034000
2008-06-24,3.982000
2008-06-25,4.025500
2008-06-26,3.815000
2008-06-27,3.733000
2008-06-30,3.666500
2008-07-01,3.681000
2008-07-02,3.572000
2008-07-03,3.600000
2008-07-07,3.624500
2008-07-08,3.752000
2008-07-09,3.530500
2008-07-10,3.531500
2008-07-11,3.427000
2008-07-14,3.314000
2008-07-15,3.351500
2008-07-16,3.592000
2008-07-17,3.605500
2008-07-18,3.456000
2008-07-21,3.424000
2008-07-22,3.398500
2008-07-23,3.527000
2008-07-24,3.936000
2008-07-25,3.915500
2008-07-28,3.799000
2008-07-29,3.910500
2008-07-30,3.910500
2008-07-31,3.817000
2008-08-01,3.787500
2008-08-04,3.785500
2008-08-05,3.955500
2008-08-06,3.904500
2008-08-07,3.847500
2008-08-08,4.025500
2008-08-11,4.404500
2008-08-12,4.362500
2008-08-13,4.334500
2008-08-14,4.401500
2008-08-15,4.320000
2008-08-18,4.155500
2008-08-19,4.064500
2008-08-20,4.106500
2008-08-21,4.163000
2008-08-22,4.263000
2008-08-25,4.142500
2008-08-26,4.088000
2008-08-27,4.086500
2008-08-28,4.171000
2008-08-29,4.040500
2008-09-02,4.070500
2008-09-03,4.038500
2008-09-04,3.901500
2008-09-05,3.959500
2008-09-08,4.058000
2008-09-09,3.952000
2008-09-10,3.837000
2008-09-11,3.975500
2008-09-12,3.915000
2008-09-15,3.867000
2008-09-16,3.936500
2008-09-17,3.577000
2008-09-18,3.825000
2008-09-19,4.050000
2008-09-22,3.746500
2008-09-23,3.588000
2008-09-24,3.498000
2008-09-25,3.604000
2008-09-26,3.535000
2008-09-29,3.167500
2008-09-30,3.638000
2008-10-01,3.479000
2008-10-02,3.368000
2008-10-03,3.350000
2008-10-06,3.261500
2008-10-07,2.926000
2008-10-08,3.051000
2008-10-09,2.800000
2008-10-10,2.812500
2008-10-13,3.101000
2008-10-14,2.793000
2008-10-15,2.436000
2008-10-16,2.514500
2008-10-17,2.532500
2008-10-20,2.648500
2008-10-21,2.511500
2008-10-22,2.499500
2008-10-23,2.516000
2008-10-24,2.448000
2008-10-27,2.479000
2008-10-28,2.802000
2008-10-29,2.844500
2008-10-30,2.835500
2008-10-31,2.862000
2008-11-03,2.788500
2008-11-04,2.922500
2008-11-05,2.599000
2008-11-06,2.361000
2008-11-07,2.460500
2008-11-10,2.423000
2008-11-11,2.315000
2008-11-12,2.078000
2008-11-13,2.246500
2008-11-14,2.087500
2008-11-17,1.984500
2008-11-18,1.922000
2008-11-19,1.792000
2008-11-20,1.751500
2008-11-21,1.893500
2008-11-24,2.125000
2008-11-25,2.109500
2008-11-26,2.198000
2008-11-28,2.135000
2008-12-01,2.023500
2008-12-02,2.059500
2008-12-03,2.260500
2008-12-04,2.366000
2008-12-05,2.413000
2008-12-08,2.570500
2008-12-09,2.562500
2008-12-10,2.485000
2008-12-11,2.412500
2008-12-12,2.562500
2008-12-15,2.442500
2008-12-16,2.631500
2008-12-17,2.659000
2008-12-18,2.604000
2008-12-19,2.578000
2008-12-22,2.492000
2008-12-23,2.554000
2008-12-24,2.572000
2008-12-26,2.589000
2008-12-29,2.470000
2008-12-30,2.538000
2008-12-31,2.564000
2009-01-02,2.718000
2009-01-05,2.703000
2009-01-06,2.868000
2009-01-07,2.810000
2009-01-08,2.858000
2009-01-09,2.775500
2009-01-12,2.596000
2009-01-13,2.572500
2009-01-14,2.424500
2009-01-15,2.572000
2009-01-16,2.579500
2009-01-20,2.422000
2009-01-21,2.527000
2009-01-22,2.497000
2009-01-23,2.531500
2009-01-26,2.481500
2009-01-27,2.422000
2009-01-28,2.518000
2009-01-29,2.500000
2009-01-30,2.941000
2009-02-02,3.057500
2009-02-03,3.179500
2009-02-04,3.053000
2009-02-05,3.159000
2009-02-06,3.327500
2009-02-09,3.335500
2009-02-10,3.165500
2009-02-11,3.217500
2009-02-12,3.198000
2009-02-13,3.163000
2009-02-17,3.083500
2009-02-18,3.117500
2009-02-19,3.097500
2009-02-20,3.193000
2009-02-23,3.085500
2009-02-24,3.280000
2009-02-25,3.185500
2009-02-26,3.117000
2009-02-27,3.239500
2009-03-02,3.099500
2009-03-03,3.085000
2009-03-04,3.240500
2009-03-05,3.238500
2009-03-06,3.084500
2009-03-09,3.024500
2009-03-10,3.285500
2009-03-11,3.427000
2009-03-12,3.479000
2009-03-13,3.431500
2009-03-16,3.349000
2009-03-17,3.567500
2009-03-18,3.562500
2009-03-19,3.505000
2009-03-20,3.498000
2009-03-23,3.779000
2009-03-24,3.640500
2009-03-25,3.620000
2009-03-26,3.684500
2009-03-27,3.526000
2009-03-30,3.572000
2009-03-31,3.672000
2009-04-01,3.675000
2009-04-02,3.817000
2009-04-03,3.908500
2009-04-06,3.899500
2009-04-07,3.775500
2009-04-08,3.849000
2009-04-09,3.988500
2009-04-13,3.947000
2009-04-14,3.861000
2009-04-15,3.735500
2009-04-16,3.862500
2009-04-17,3.902500
2009-04-20,3.878500
2009-04-21,3.937000
2009-04-22,3.960000
2009-04-23,4.030500
2009-04-24,4.223000
2009-04-27,4.156000
2009-04-28,4.120000
2009-04-29,3.989500
2009-04-30,4.026000
2009-05-01,3.948000
2009-05-04,3.988500
2009-05-05,4.095000
2009-05-06,4.099500
2009-05-07,3.964000
2009-05-08,3.897500
2009-05-11,3.930500
2009-05-12,3.896500
2009-05-13,3.709500
2009-05-14,3.755500
2009-05-15,3.680000
2009-05-18,3.797500
2009-05-19,3.893500
2009-05-20,3.898500
2009-05-21,3.798000
2009-05-22,3.782000
2009-05-26,3.919500
2009-05-27,3.855000
2009-05-28,3.882500
2009-05-29,3.899500
2009-06-01,4.152500
2009-06-02,4.246500
2009-06-03,4.284000
2009-06-04,4.276000
2009-06-05,4.378000
2009-06-08,4.318000
2009-06-09,4.354000
2009-06-10,4.329500
2009-06-11,4.284500
2009-06-12,4.204000
2009-06-15,4.159000
2009-06-16,4.107500
2009-06-17,4.132500
2009-06-18,4.080000
2009-06-19,4.148000
2009-06-22,3.957500
2009-06-23,3.884000
2009-06-24,3.963500
2009-06-25,4.110000
2009-06-26,4.194000
2009-06-29,4.151500
2009-06-30,4.183000
2009-07-01,4.080000
2009-07-02,3.966000
2009-07-06,3.905000
2009-07-07,3.781500
2009-07-08,3.868000
2009-07-09,3.905000
2009-07-10,3.881500
2009-07-13,4.073500
2009-07-14,4.097500
2009-07-15,4.227500
2009-07-16,4.305500
2009-07-17,4.292500
2009-07-20,4.411500
2009-07-21,4.450500
2009-07-22,4.439500
2009-07-23,4.693500
2009-07-24,4.324500
2009-07-27,4.212000
2009-07-28,4.249000
2009-07-29,4.217000
2009-07-30,4.304500
2009-07-31,4.288000
2009-08-03,4.372000
2009-08-04,4.290000
2009-08-05,4.214500
2009-08-06,4.223500
2009-08-07,4.266000
2009-08-10,4.222000
2009-08-11,4.178000
2009-08-12,4.298000
2009-08-13,4.230000
2009-08-14,4.179000
2009-08-17,4.053000
2009-08-18,4.106000
2009-08-19,4.150000
2009-08-20,4.204500
2009-08-21,4.250000
2009-08-24,4.225000
2009-08-25,4.209500
2009-08-26,4.200000
2009-08-27,4.215500
2009-08-28,4.138000
2009-08-31,4.059500
2009-09-01,3.958000
2009-09-02,3.907000
2009-09-03,3.923000
2009-09-04,3.943500
2009-09-08,4.045000
2009-09-09,4.112000
2009-09-10,4.192500
2009-09-11,4.227000
2009-09-14,4.193000
2009-09-15,4.177500
2009-09-16,4.535000
2009-09-17,4.522000
2009-09-18,4.514000
2009-09-21,4.528000
2009-09-22,4.687500
2009-09-23,4.619000
2009-09-24,4.605500
2009-09-25,4.526000
2009-09-28,4.610500
2009-09-29,4.586000
2009-09-30,4.668000
2009-10-01,4.552000
2009-10-02,4.492500
2009-10-05,4.433500
2009-10-06,4.545500
2009-10-07,4.698500
2009-10-08,4.761000
2009-10-09,4.785500
2009-10-12,4.680000
2009-10-13,4.741500
2009-10-14,4.873000
2009-10-15,4.800500
2009-10-16,4.766000
2009-10-19,4.734000
2009-10-20,4.749000
2009-10-21,4.671000
2009-10-22,4.672500
2009-10-23,5.924500
2009-10-26,6.232000
2009-10-27,6.103500
2009-10-28,6.082000
2009-10-29,6.129000
2009-10-30,5.940500
2009-11-02,5.942000
2009-11-03,5.918500
2009-11-04,5.855000
2009-11-05,6.030500
2009-11-06,6.310000
2009-11-09,6.333500
2009-11-10,6.507500
2009-11-11,6.495500
2009-11-12,6.526500
2009-11-13,6.648500
2009-11-16,6.579500
2009-11-17,6.562500
2009-11-18,6.564500
2009-11-19,6.449500
2009-11-20,6.483000
2009-11-23,6.650000
2009-11-24,6.647000
2009-11-25,6.701500
2009-11-27,6.587000
2009-11-30,6.795500
2009-12-01,6.925000
2009-12-02,7.112500
2009-12-03,7.058500
2009-12-04,6.879000
2009-12-07,6.710500
2009-12-08,6.705500
2009-12-09,6.565500
2009-12-10,6.769000
2009-12-11,6.707500
2009-12-14,6.569000
2009-12-15,6.511500
2009-12-16,6.418000
2009-12-17,6.345500
2009-12-18,6.424000
2009-12-21,6.639500
2009-12-22,6.687500
2009-12-23,6.947000
2009-12-24,6.923500
2009-12-28,6.965500
2009-12-29,6.970500
2009-12-30,6.824500
2009-12-31,6.726000
2010-01-04,6.695000
2010-01-05,6.734500
2010-01-06,6.612500
2010-01-07,6.500000
2010-01-08,6.676000
2010-01-11,6.515500
2010-01-12,6.367500
2010-01-13,6.455500
2010-01-14,6.367500
2010-01-15,6.357000
2010-01-19,6.380500
2010-01-20,6.289000
2010-01-21,6.331000
2010-01-22,6.071500
2010-01-25,6.015500
2010-01-26,5.974000
2010-01-27,6.137500
2010-01-28,6.301500
2010-01-29,6.270500
2010-02-01,5.943500
2010-02-02,5.906000
2010-02-03,5.955000
2010-02-04,5.797000
2010-02-05,5.869500
2010-02-08,5.841500
2010-02-09,5.901500
2010-02-10,5.868000
2010-02-11,6.004500
2010-02-12,5.983000
2010-02-16,5.876500
2010-02-17,5.815500
2010-02-18,5.904000
2010-02-19,5.876000
2010-02-22,5.900500
2010-02-23,5.862000
2010-02-24,5.986000
2010-02-25,5.910000
2010-02-26,5.920000
2010-03-01,6.227000
2010-03-02,6.276500
2010-03-03,6.294500
2010-03-04,6.426500
2010-03-05,6.445500
2010-03-08,6.505500
2010-03-09,6.441000
2010-03-10,6.525500
2010-03-11,6.679000
2010-03-12,6.591000
2010-03-15,6.556500
2010-03-16,6.589500
2010-03-17,6.567000
2010-03-18,6.638000
2010-03-19,6.517500
2010-03-22,6.523500
2010-03-23,6.463000
2010-03-24,6.402000
2010-03-25,6.736500
2010-03-26,6.753000
2010-03-29,6.756000
2010-03-30,6.829000
2010-03-31,6.788500
2010-04-01,6.590500
2010-04-05,6.574500
2010-04-06,6.778000
2010-04-07,6.743500
2010-04-08,7.048000
2010-04-09,7.003000
2010-04-12,7.060000
2010-04-13,7.008000
2010-04-14,7.214000
2010-04-15,7.291000
2010-04-16,7.108500
2010-04-19,7.121500
2010-04-20,7.210000
2010-04-21,7.321500
2010-04-22,7.504500
2010-04-23,7.181500
2010-04-26,7.355500
2010-04-27,7.101000
2010-04-28,6.967500
2010-04-29,7.086500
2010-04-30,6.855000
2010-05-03,6.874500
2010-05-04,6.491500
2010-05-05,6.546500
2010-05-06,6.435500
2010-05-07,6.249000
2010-05-10,6.564500
2010-05-11,6.523000
2010-05-12,6.693500
2010-05-13,6.573500
2010-05-14,6.426500
2010-05-17,6.445500
2010-05-18,6.314000
2010-05-19,6.229500
2010-05-20,5.985500
2010-05-21,6.136000
2010-05-24,6.106000
2010-05-25,6.243000
2010-05-26,6.160500
2010-05-27,6.335000
2010-05-28,6.273000
2010-06-01,6.162000
2010-06-02,6.315500
2010-06-03,6.438000
2010-06-04,6.138500
2010-06-07,6.100500
2010-06-08,5.942000
2010-06-09,5.895500
2010-06-10,6.160500
2010-06-11,6.151500
2010-06-14,6.191500
2010-06-15,6.342000
2010-06-16,6.345000
2010-06-17,6.294500
2010-06-18,6.291500
2010-06-21,6.127500
2010-06-22,6.115500
2010-06-23,6.072500
2010-06-24,5.916500
2010-06-25,6.050000
2010-06-28,5.890000
2010-06-29,5.430500
2010-06-30,5.463000
2010-07-01,5.548000
2010-07-02,5.457000
2010-07-06,5.503000
2010-07-07,5.671500
2010-07-08,5.811000
2010-07-09,5.863000
2010-07-12,5.975500
2010-07-13,6.182500
2010-07-14,6.165000
2010-07-15,6.103000
2010-07-16,5.924500
2010-07-19,5.997000
2010-07-20,6.005000
2010-07-21,5.871500
2010-07-22,6.003500
2010-07-23,5.943500
2010-07-26,5.920000
2010-07-27,5.856500
2010-07-28,5.856500
2010-07-29,5.843000
2010-07-30,5.894500
2010-08-02,6.003500
2010-08-03,6.121000
2010-08-04,6.379000
2010-08-05,6.391500
2010-08-06,6.416000
2010-08-09,6.441500
2010-08-10,6.500000
2010-08-11,6.294500
2010-08-12,6.328000
2010-08-13,6.234500
2010-08-16,6.303500
2010-08-17,6.443000
2010-08-18,6.482500
2010-08-19,6.378500
2010-08-20,6.388000
2010-08-23,6.330000
2010-08-24,6.226500
2010-08-25,6.342500
2010-08-26,6.243000
2010-08-27,6.332000
2010-08-30,6.189500
2010-08-31,6.241500
2010-09-01,6.624500
2010-09-02,6.760500
2010-09-03,6.939500
2010-09-07,6.861000
2010-09-08,6.957000
2010-09-09,7.019000
2010-09-10,7.122000
2010-09-13,7.253500
2010-09-14,7.287500
2010-09-15,7.272500
2010-09-16,7.406500
2010-09-17,7.416000
2010-09-20,7.565000
2010-09-21,7.536500
2010-09-22,7.591500
2010-09-23,7.642500
2010-09-24,8.036500
2010-09-27,7.968500
2010-09-28,7.985000
2010-09-29,7.949500
2010-09-30,7.853000
2010-10-01,7.685500
2010-10-04,7.769500
2010-10-05,8.043500
2010-10-06,7.770000
2010-10-07,7.813500
2010-10-08,7.777500
2010-10-11,7.651500
2010-10-12,7.824000
2010-10-13,7.758500
2010-10-14,7.776500
2010-10-15,8.232000
2010-10-18,8.178000
2010-10-19,7.933500
2010-10-20,7.933500
2010-10-21,8.248500
2010-10-22,8.456500
2010-10-25,8.450000
2010-10-26,8.497500
2010-10-27,8.375500
2010-10-28,8.342000
2010-10-29,8.261500
2010-11-01,8.129000
2010-11-02,8.230500
2010-11-03,8.423500
2010-11-04,8.446500
2010-11-05,8.538500
2010-11-08,8.599500
2010-11-09,8.513500
2010-11-10,8.666500
2010-11-11,8.518500
2010-11-12,8.284000
2010-11-15,7.945000
2010-11-16,7.889000
2010-11-17,7.917500
2010-11-18,8.208500
2010-11-19,8.241000
2010-11-22,8.519500
2010-11-23,8.410000
2010-11-24,8.862500
2010-11-26,8.860000
2010-11-29,8.974500
2010-11-30,8.770000
2010-12-01,8.827500
2010-12-02,8.826500
2010-12-03,8.784000
2010-12-06,8.902500
2010-12-07,8.838500
2010-12-08,8.814500
2010-12-09,8.742500
2010-12-10,8.781000
2010-12-13,8.712500
2010-12-14,8.697000
2010-12-15,8.778500
2010-12-16,8.902000
2010-12-17,8.879000
2010-12-20,9.164500
2010-12-21,9.237500
2010-12-22,9.238000
2010-12-23,9.129500
2010-12-27,9.107000
2010-12-28,9.054500
2010-12-29,9.168500
2010-12-30,9.137500
2010-12-31,9.000000
2011-01-03,9.211000
2011-01-04,9.250500
2011-01-05,9.371000
2011-01-06,9.293000
2011-01-07,9.274500
2011-01-10,9.234000
2011-01-11,9.217000
2011-01-12,9.204000
2011-01-13,9.276500
2011-01-14,9.437500
2011-01-18,9.562500
2011-01-19,9.343500
2011-01-20,9.098000
2011-01-21,8.871000
2011-01-24,8.842500
2011-01-25,8.835000
2011-01-26,8.769500
2011-01-27,9.222500
2011-01-28,8.557000
2011-01-31,8.482000
2011-02-01,8.605500
2011-02-02,8.676500
2011-02-03,8.685500
2011-02-04,8.796500
2011-02-07,8.821500
2011-02-08,9.153000
2011-02-09,9.265000
2011-02-10,9.310500
2011-02-11,9.462500
2011-02-14,9.521000
2011-02-15,9.451500
2011-02-16,9.331000
2011-02-17,9.388000
2011-02-18,9.325000
2011-02-22,9.021000
2011-02-23,8.834000
2011-02-24,8.887500
2011-02-25,8.862000
2011-02-28,8.664500
2011-03-01,8.472000
2011-03-02,8.601000
2011-03-03,8.639500
2011-03-04,8.583500
2011-03-07,8.454000
2011-03-08,8.344500
2011-03-09,8.452500
2011-03-10,8.307000
2011-03-11,8.403500
2011-03-14,8.336500
2011-03-15,8.254000
2011-03-16,8.235000
2011-03-17,8.048500
2011-03-18,8.091000
2011-03-21,8.226000
2011-03-22,8.130000
2011-03-23,8.266000
2011-03-24,8.555000
2011-03-25,8.549000
2011-03-28,8.467500
2011-03-29,8.731000
2011-03-30,8.971000
2011-03-31,9.006500
2011-04-01,9.006500
2011-04-04,9.147000
2011-04-05,9.264500
2011-04-06,9.138000
2011-04-07,9.245500
2011-04-08,9.235500
2011-04-11,9.202000
2011-04-12,9.024000
2011-04-13,9.114500
2011-04-14,9.091000
2011-04-15,9.000500
2011-04-18,8.917000
2011-04-19,8.941000
2011-04-20,9.193500
2011-04-21,9.294500
2011-04-25,9.271000
2011-04-26,9.115000
2011-04-27,9.831500
2011-04-28,9.753500
2011-04-29,9.790500
2011-05-02,10.059500
2011-05-03,9.922500
2011-05-04,9.998500
2011-05-05,9.855500
2011-05-06,9.880000
2011-05-09,10.040000
2011-05-10,10.197000
2011-05-11,10.219000
2011-05-12,10.303500
2011-05-13,10.128000
2011-05-16,9.625500
2011-05-17,9.740500
2011-05-18,9.854500
2011-05-19,9.940000
2011-05-20,9.932500
2011-05-23,9.811000
2011-05-24,9.663500
2011-05-25,9.613000
2011-05-26,9.750000
2011-05-27,9.706500
2011-05-31,9.834500
2011-06-01,9.620000
2011-06-02,9.682500
2011-06-03,9.416000
2011-06-06,9.284500
2011-06-07,9.377500
2011-06-08,9.402500
2011-06-09,9.484000
2011-06-10,9.326500
2011-06-13,9.314500
2011-06-14,9.498000
2011-06-15,9.299000
2011-06-16,9.182500
2011-06-17,9.318500
2011-06-20,9.386000
2011-06-21,9.711500
2011-06-22,9.581500
2011-06-23,9.708000
2011-06-24,9.627500
2011-06-27,10.062500
2011-06-28,10.117500
2011-06-29,10.209000
2011-06-30,10.224500
2011-07-01,10.474500
2011-07-05,10.659500
2011-07-06,10.709500
2011-07-07,10.837000
2011-07-08,10.914000
2011-07-11,10.627500
2011-07-12,10.561500
2011-07-13,10.675000
2011-07-14,10.519000
2011-07-15,10.643500
2011-07-18,10.576500
2011-07-19,10.903000
2011-07-20,10.777500
2011-07-21,10.660500
2011-07-22,10.826000
2011-07-25,10.674500
2011-07-26,10.709000
2011-07-27,11.126000
2011-07-28,11.195000
2011-07-29,11.126000
2011-08-01,11.066000
2011-08-02,10.585000
2011-08-03,10.498000
2011-08-04,10.074000
2011-08-05,10.135000
2011-08-08,9.685000
2011-08-09,10.254500
2011-08-10,9.706500
2011-08-11,9.918000
2011-08-12,10.115000
2011-08-15,10.147500
2011-08-16,9.884000
2011-08-17,9.796500
2011-08-18,9.126000
2011-08-19,8.946500
2011-08-22,8.877000
2011-08-23,9.677500
2011-08-24,9.686500
2011-08-25,9.601500
2011-08-26,9.963500
2011-08-29,10.326500
2011-08-30,10.546000
2011-08-31,10.761500
2011-09-01,10.627000
2011-09-02,10.500000
2011-09-06,10.809000
2011-09-07,10.995000
2011-09-08,10.863000
2011-09-09,10.569500
2011-09-12,10.828000
2011-09-13,10.976500
2011-09-14,11.128500
2011-09-15,11.339000
2011-09-16,11.965000
2011-09-19,12.084500
2011-09-20,11.662500
2011-09-21,11.593500
2011-09-22,11.161500
2011-09-23,11.180500
2011-09-26,11.492500
2011-09-27,11.210500
2011-09-28,11.485500
2011-09-29,11.122000
2011-09-30,10.811500
2011-10-03,10.599000
2011-10-04,10.625000
2011-10-05,10.975000
2011-10-06,11.075500
2011-10-07,11.237000
2011-10-10,11.566000
2011-10-11,11.774000
2011-10-12,11.840500
2011-10-13,11.807500
2011-10-14,12.335500
2011-10-17,12.116500
2011-10-18,12.194000
2011-10-19,11.576500
2011-10-20,11.680500
2011-10-21,11.739000
2011-10-24,11.880500
2011-10-25,11.357500
2011-10-26,9.920000
2011-10-27,10.339000
2011-10-28,10.866000
2011-10-31,10.675500
2011-11-01,10.605000
2011-11-02,10.781000
2011-11-03,10.914500
2011-11-04,10.824000
2011-11-07,10.850000
2011-11-08,10.899500
2011-11-09,10.561000
2011-11-10,10.539500
2011-11-11,10.869500
2011-11-14,10.946500
2011-11-15,10.891500
2011-11-16,10.599500
2011-11-17,10.226000
2011-11-18,9.857000
2011-11-21,9.462500
2011-11-22,9.617000
2011-11-23,9.449500
2011-11-25,9.120000
2011-11-28,9.707500
2011-11-29,9.419500
2011-11-30,9.614500
2011-12-01,9.856500
2011-12-02,9.801500
2011-12-05,9.812000
2011-12-06,9.599500
2011-12-07,9.766000
2011-12-08,9.524000
2011-12-09,9.651500
2011-12-12,9.476000
2011-12-13,9.025500
2011-12-14,9.010500
2011-12-15,9.063000
2011-12-16,9.063000
2011-12-19,8.966500
2011-12-20,9.126000
2011-12-21,8.717500
2011-12-22,8.951500
2011-12-23,8.864000
2011-12-27,8.813500
2011-12-28,8.694500
2011-12-29,8.693000
2011-12-30,8.655000
2012-01-03,8.951500
2012-01-04,8.875500
2012-01-05,8.880500
2012-01-06,9.130500
2012-01-09,8.928000
2012-01-10,8.967000
2012-01-11,8.945000
2012-01-12,8.796500
2012-01-13,8.921000
2012-01-17,9.083000
2012-01-18,9.472000
2012-01-19,9.722500
2012-01-20,9.546500
2012-01-23,9.304500
2012-01-24,9.350000
2012-01-25,9.390000
2012-01-26,9.666000
2012-01-27,9.768500
2012-01-30,9.607500
2012-01-31,9.722000
2012-02-01,8.973000
2012-02-02,9.086000
2012-02-03,9.384000
2012-02-06,9.157000
2012-02-07,9.209500
2012-02-08,9.274000
2012-02-09,9.249000
2012-02-10,9.277000
2012-02-13,9.579500
2012-02-14,9.565000
2012-02-15,9.223500
2012-02-16,8.996500
2012-02-17,9.125000
2012-02-21,9.113000
2012-02-22,9.029000
2012-02-23,8.944500
2012-02-24,8.956500
2012-02-27,8.926500
2012-02-28,9.190000
2012-02-29,8.984500
2012-03-01,9.002000
2012-03-02,8.965000
2012-03-05,9.013000
2012-03-06,9.054500
2012-03-07,9.188500
2012-03-08,9.382000
2012-03-09,9.216000
2012-03-12,9.169500
2012-03-13,9.229500
2012-03-14,9.113000
2012-03-15,9.221500
2012-03-16,9.252500
2012-03-19,9.276000
2012-03-20,9.616500
2012-03-21,9.586500
2012-03-22,9.620000
2012-03-23,9.752000
2012-03-26,10.143500
2012-03-27,10.272000
2012-03-28,10.058000
2012-03-29,10.230500
2012-03-30,10.125500
2012-04-02,9.902500
2012-04-03,9.983000
2012-04-04,9.699500
2012-04-05,9.719500
2012-04-09,9.593500
2012-04-10,9.349000
2012-04-11,9.398500
2012-04-12,9.534500
2012-04-13,9.423000
2012-04-16,9.275000
2012-04-17,9.419500
2012-04-18,9.553500
2012-04-19,9.555000
2012-04-20,9.499000
2012-04-23,9.412000
2012-04-24,9.516500
2012-04-25,9.721000
2012-04-26,9.799500
2012-04-27,11.342500
2012-04-30,11.595000
2012-05-01,11.502000
2012-05-02,11.512500
2012-05-03,11.472500
2012-05-04,11.199500
2012-05-07,11.258000
2012-05-08,11.195000
2012-05-09,11.149000
2012-05-10,11.334500
2012-05-11,11.384000
2012-05-14,11.146500
2012-05-15,11.219500
2012-05-16,11.203000
2012-05-17,10.918000
2012-05-18,10.692500
2012-05-21,10.905500
2012-05-22,10.766500
2012-05-23,10.864000
2012-05-24,10.762000
2012-05-25,10.644500
2012-05-29,10.737500
2012-05-30,10.461500
2012-05-31,10.645500
2012-06-01,10.411000
2012-06-04,10.728500
2012-06-05,10.660500
2012-06-06,10.882000
2012-06-07,10.940000
2012-06-08,10.924000
2012-06-11,10.825000
2012-06-12,10.821000
2012-06-13,10.736500
2012-06-14,10.722500
2012-06-15,10.917500
2012-06-18,11.133000
2012-06-19,11.201500
2012-06-20,11.151000
2012-06-21,11.028500
2012-06-22,11.108000
2012-06-25,11.003500
2012-06-26,11.280500
2012-06-27,11.281000
2012-06-28,11.065500
2012-06-29,11.417500
2012-07-02,11.466000
2012-07-03,11.476500
2012-07-05,11.353000
2012-07-06,11.252500
2012-07-09,11.252500
2012-07-10,10.975000
2012-07-11,10.918500
2012-07-12,10.768000
2012-07-13,10.919500
2012-07-16,10.800500
2012-07-17,10.846500
2012-07-18,10.873500
2012-07-19,11.308500
2012-07-20,11.414500
2012-07-23,11.300500
2012-07-24,11.152000
2012-07-25,10.852500
2012-07-26,11.000500
2012-07-27,11.866000
2012-07-30,11.804500
2012-07-31,11.665000
2012-08-01,11.604500
2012-08-02,11.540500
2012-08-03,11.748500
2012-08-06,11.699500
2012-08-07,11.828000
2012-08-08,11.719000
2012-08-09,11.703000
2012-08-10,11.637500
2012-08-13,11.622000
2012-08-14,11.659500
2012-08-15,11.871000
2012-08-16,12.077500
2012-08-17,12.058500
2012-08-20,12.017500
2012-08-21,11.972500
2012-08-22,12.155000
2012-08-23,12.060000
2012-08-24,12.287000
2012-08-27,12.196000
2012-08-28,12.305500
2012-08-29,12.356000
2012-08-30,12.311000
2012-08-31,12.413500
2012-09-04,12.394000
2012-09-05,12.311000
2012-09-06,12.569000
2012-09-07,12.957000
2012-09-10,12.854500
2012-09-11,12.783500
2012-09-12,12.781500
2012-09-13,13.012000
2012-09-14,13.063500
2012-09-17,12.900000
2012-09-18,12.937500
2012-09-19,13.084000
2012-09-20,13.040500
2012-09-21,12.873500
2012-09-24,12.740000
2012-09-25,12.623000
2012-09-26,12.483500
2012-09-27,12.829500
2012-09-28,12.716000
2012-10-01,12.600500
2012-10-02,12.530000
2012-10-03,12.796000
2012-10-04,13.023500
2012-10-05,12.925500
2012-10-08,12.953000
2012-10-09,12.548000
2012-10-10,12.249500
2012-10-11,12.211000
2012-10-12,12.118000
2012-10-15,12.209000
2012-10-16,12.197000
2012-10-17,12.374500
2012-10-18,12.242500
2012-10-19,12.000000
2012-10-22,11.689000
2012-10-23,11.715500
2012-10-24,11.424500
2012-10-25,11.146000
2012-10-26,11.912000
2012-10-31,11.644500
2012-11-01,11.607000
2012-11-02,11.621000
2012-11-05,11.716500
2012-11-06,11.878000
2012-11-07,11.603000
2012-11-08,11.367500
2012-11-09,11.315500
2012-11-12,11.323500
2012-11-13,11.330000
2012-11-14,11.147500
2012-11-15,11.030000
2012-11-16,11.261500
2012-11-19,11.485500
2012-11-20,11.689000
2012-11-21,11.901500
2012-11-23,11.994000
2012-11-26,12.181000
2012-11-27,12.170000
2012-11-28,12.355500
2012-11-29,12.563500
2012-11-30,12.602500
2012-12-03,12.516500
2012-12-04,12.624500
2012-12-05,12.698000
2012-12-06,12.668500
2012-12-07,12.663500
2012-12-10,12.388500
2012-12-11,12.534500
2012-12-12,12.588000
2012-12-13,12.562500
2012-12-14,12.459500
2012-12-17,12.693000
2012-12-18,13.020000
2012-12-19,12.899500
2012-12-20,13.075000
2012-12-21,12.846000
2012-12-24,12.931000
2012-12-26,12.431500
2012-12-27,12.415500
2012-12-28,12.259000
2012-12-31,12.543500
2013-01-02,12.865500
2013-01-03,12.924000
2013-01-04,12.957500
2013-01-07,13.423000
2013-01-08,13.319000
2013-01-09,13.317500
2013-01-10,13.267000
2013-01-11,13.397000
2013-01-14,13.636500
2013-01-15,13.595000
2013-01-16,13.446500
2013-01-17,13.524000
2013-01-18,13.606000
2013-01-22,13.509500
2013-01-23,13.405500
2013-01-24,13.673000
2013-01-25,14.199500
2013-01-28,13.802000
2013-01-29,13.017500
2013-01-30,13.638000
2013-01-31,13.275000
2013-02-01,13.250000
2013-02-04,12.999000
2013-02-05,13.344500
2013-02-06,13.111000
2013-02-07,13.011500
2013-02-08,13.097500
2013-02-11,12.860500
2013-02-12,12.935000
2013-02-13,13.473500
2013-02-14,13.462000
2013-02-15,13.254500
2013-02-19,13.487500
2013-02-20,13.320500
2013-02-21,13.297000
2013-02-22,13.271000
2013-02-25,12.993500
2013-02-26,12.968000
2013-02-27,13.162500
2013-02-28,13.213500
2013-03-01,13.287000
2013-03-04,13.655500
2013-03-05,13.779500
2013-03-06,13.689500
2013-03-07,13.694000
2013-03-08,13.709500
2013-03-11,13.562000
2013-03-12,13.706500
2013-03-13,13.755000
2013-03-14,13.287000
2013-03-15,13.091000
2013-03-18,12.894500
2013-03-19,12.820500
2013-03-20,12.864000
2013-03-21,12.669500
2013-03-22,12.887500
2013-03-25,12.801000
2013-03-26,13.015500
2013-03-27,13.265000
2013-03-28,13.324500
2013-04-01,13.080500
2013-04-02,13.166000
2013-04-03,12.951500
2013-04-04,12.954000
2013-04-05,12.774000
2013-04-08,12.947500
2013-04-09,13.057000
2013-04-10,13.238500
2013-04-11,13.492500
2013-04-12,13.643500
2013-04-15,13.386000
2013-04-16,13.617000
2013-04-17,13.370000
2013-04-18,12.971000
2013-04-19,13.016000
2013-04-22,13.177500
2013-04-23,13.445000
2013-04-24,13.439000
2013-04-25,13.735000
2013-04-26,12.740500
2013-04-29,12.487000
2013-04-30,12.690500
2013-05-01,12.411500
2013-05-02,12.627500
2013-05-03,12.902500
2013-05-06,12.786000
2013-05-07,12.886500
2013-05-08,12.934000
2013-05-09,13.008000
2013-05-10,13.181500
2013-05-13,13.225500
2013-05-14,13.416500
2013-05-15,13.328000
2013-05-16,13.206000
2013-05-17,13.495000
2013-05-20,13.381500
2013-05-21,13.443000
2013-05-22,13.148000
2013-05-23,13.090000
2013-05-24,13.087000
2013-05-28,13.364500
2013-05-29,13.276500
2013-05-30,13.341500
2013-05-31,13.460000
2013-06-03,13.344000
2013-06-04,13.285000
2013-06-05,13.358500
2013-06-06,13.391500
2013-06-07,13.843500
2013-06-10,14.053500
2013-06-11,13.739000
2013-06-12,13.583500
2013-06-13,13.789500
2013-06-14,13.699500
2013-06-17,13.903000
2013-06-18,14.088000
2013-06-19,13.908000
2013-06-20,13.672000
2013-06-21,13.668000
2013-06-24,13.530500
2013-06-25,13.604500
2013-06-26,13.878500
2013-06-27,13.877500
2013-06-28,13.884500
2013-07-01,14.105000
2013-07-02,14.186500
2013-07-03,14.201500
2013-07-05,14.294000
2013-07-08,14.529500
2013-07-09,14.576500
2013-07-10,14.616500
2013-07-11,14.983000
2013-07-12,15.377500
2013-07-15,15.328500
2013-07-16,15.343500
2013-07-17,15.434500
2013-07-18,15.205500
2013-07-19,15.261500
2013-07-22,15.174000
2013-07-23,15.053000
2013-07-24,14.947000
2013-07-25,15.170000
2013-07-26,15.600500
2013-07-29,15.305000
2013-07-30,15.120500
2013-07-31,15.061000
2013-08-01,15.278500
2013-08-02,15.210500
2013-08-05,15.049500
2013-08-06,15.037500
2013-08-07,14.845500
2013-08-08,14.787000
2013-08-09,14.863000
2013-08-12,14.834500
2013-08-13,14.698500
2013-08-14,14.567000
2013-08-15,14.323500
2013-08-16,14.241000
2013-08-19,14.278500
2013-08-20,14.354500
2013-08-21,14.228500
2013-08-22,14.486500
2013-08-23,14.500500
2013-08-26,14.310500
2013-08-27,14.046500
2013-08-28,14.079000
2013-08-29,14.199000
2013-08-30,14.049000
2013-09-03,14.440000
2013-09-04,14.682000
2013-09-05,14.705000
2013-09-06,14.793000
2013-09-09,14.985500
2013-09-10,15.018000
2013-09-11,14.982000
2013-09-12,14.943000
2013-09-13,14.896000
2013-09-16,14.803000
2013-09-17,15.208500
2013-09-18,15.601500
2013-09-19,15.603000
2013-09-20,15.817000
2013-09-23,15.574500
2013-09-24,15.706500
2013-09-25,15.632500
2013-09-26,15.906000
2013-09-27,15.800500
2013-09-30,15.632000
2013-10-01,16.047501
2013-10-02,16.025499
2013-10-03,15.738000
2013-10-04,15.952000
2013-10-07,15.501500
2013-10-08,15.161500
2013-10-09,14.911500
2013-10-10,15.258500
2013-10-11,15.544500
2013-10-14,15.535000
2013-10-15,15.320000
2013-10-16,15.524500
2013-10-17,15.538500
2013-10-18,16.446501
2013-10-21,16.322001
2013-10-22,16.627001
2013-10-23,16.337999
2013-10-24,16.610500
2013-10-25,18.169500
2013-10-28,17.908001
2013-10-29,18.135000
2013-10-30,18.054001
2013-10-31,18.201500
2013-11-01,17.950001
2013-11-04,17.937000
2013-11-05,17.944500
2013-11-06,17.809000
2013-11-07,17.177999
2013-11-08,17.515499
2013-11-11,17.719000
2013-11-12,17.476500
2013-11-13,17.811001
2013-11-14,18.370001
2013-11-15,18.458500
2013-11-18,18.309000
2013-11-19,18.247000
2013-11-20,18.128500
2013-11-21,18.445999
2013-11-22,18.615499
2013-11-25,18.832001
2013-11-26,19.068501
2013-11-27,19.335501
2013-11-29,19.681000
2013-12-02,19.615000
2013-12-03,19.233000
2013-12-04,19.298000
2013-12-05,19.224501
2013-12-06,19.347500
2013-12-09,19.244499
2013-12-10,19.389000
2013-12-11,19.109501
2013-12-12,19.062500
2013-12-13,19.212000
2013-12-16,19.448500
2013-12-17,19.382500
2013-12-18,19.798000
2013-12-19,19.759501
2013-12-20,20.110001
2013-12-23,20.146000
2013-12-24,19.959999
2013-12-26,20.219500
2013-12-27,19.903999
2013-12-30,19.668501
2013-12-31,19.939501
2014-01-02,19.898500
2014-01-03,19.822001
2014-01-06,19.681499
2014-01-07,19.901501
2014-01-08,20.096001
2014-01-09,20.050501
2014-01-10,19.882999
2014-01-13,19.549000
2014-01-14,19.877001
2014-01-15,19.793501
2014-01-16,19.790001
2014-01-17,19.980499
2014-01-21,20.352501
2014-01-22,20.226999
2014-01-23,19.993500
2014-01-24,19.379999
2014-01-27,19.313999
2014-01-28,19.721500
2014-01-29,19.209999
2014-01-30,20.150499
2014-01-31,17.934500
2014-02-03,17.307501
2014-02-04,17.397499
2014-02-05,17.322500
2014-02-06,17.729500
2014-02-07,18.054001
2014-02-10,18.043501
2014-02-11,18.089500
2014-02-12,17.462500
2014-02-13,17.860001
2014-02-14,17.867500
2014-02-18,17.682501
2014-02-19,17.368999
2014-02-20,17.490000
2014-02-21,17.337999
2014-02-24,17.589001
2014-02-25,17.916000
2014-02-26,17.990000
2014-02-27,18.006500
2014-02-28,18.105000
2014-03-03,17.989000
2014-03-04,18.195000
2014-03-05,18.618500
2014-03-06,18.608000
2014-03-07,18.603001
2014-03-10,18.526501
2014-03-11,18.441000
2014-03-12,18.532000
2014-03-13,18.575500
2014-03-14,18.687000
2014-03-17,18.752001
2014-03-18,18.938499
2014-03-19,18.661501
2014-03-20,18.448500
2014-03-21,18.031000
2014-03-24,17.592501
2014-03-25,17.735500
2014-03-26,17.170500
2014-03-27,16.923500
2014-03-28,16.914499
2014-03-31,16.818501
2014-04-01,17.149500
2014-04-02,17.098000
2014-04-03,16.681000
2014-04-04,16.150000
2014-04-07,15.888000
2014-04-08,16.353500
2014-04-09,16.590500
2014-04-10,15.855500
2014-04-11,15.586500
2014-04-14,15.795500
2014-04-15,15.804000
2014-04-16,16.184000
2014-04-17,16.245501
2014-04-21,16.543501
2014-04-22,16.466000
2014-04-23,16.229000
2014-04-24,16.857500
2014-04-25,15.191500
2014-04-28,14.829000
2014-04-29,15.019000
2014-04-30,15.206500
2014-05-01,15.394500
2014-05-02,15.400500
2014-05-05,15.502500
2014-05-06,14.869000
2014-05-07,14.635500
2014-05-08,14.416000
2014-05-09,14.612000
2014-05-12,15.143000
2014-05-13,15.232000
2014-05-14,14.881000
2014-05-15,14.759500
2014-05-16,14.885000
2014-05-19,14.838000
2014-05-20,15.059500
2014-05-21,15.250500
2014-05-22,15.245500
2014-05-23,15.612000
2014-05-27,15.541000
2014-05-28,15.508000
2014-05-29,15.689000
2014-05-30,15.627500
2014-06-02,15.442000
2014-06-03,15.359500
2014-06-04,15.339000
2014-06-05,16.178499
2014-06-06,16.483500
2014-06-09,16.375000
2014-06-10,16.620501
2014-06-11,16.760000
2014-06-12,16.295500
2014-06-13,16.313499
2014-06-16,16.381001
2014-06-17,16.281000
2014-06-18,16.719000
2014-06-19,16.350000
2014-06-20,16.209999
2014-06-23,16.362000
2014-06-24,16.208000
2014-06-25,16.372000
2014-06-26,16.284500
2014-06-27,16.228500
2014-06-30,16.239000
2014-07-01,16.619499
2014-07-02,16.642500
2014-07-03,16.874500
2014-07-07,16.677500
2014-07-08,16.190500
2014-07-09,16.498501
2014-07-10,16.396000
2014-07-11,17.309999
2014-07-14,17.766001
2014-07-15,17.722000
2014-07-16,17.795000
2014-07-17,17.622499
2014-07-18,17.933001
2014-07-21,17.988001
2014-07-22,18.042000
2014-07-23,17.907000
2014-07-24,17.930500
2014-07-25,16.200500
2014-07-28,16.020500
2014-07-29,16.000000
2014-07-30,16.125500
2014-07-31,15.649500
2014-08-01,15.353000
2014-08-04,15.682500
2014-08-05,15.616000
2014-08-06,15.694500
2014-08-07,15.572500
2014-08-08,15.840000
2014-08-11,15.916500
2014-08-12,15.966000
2014-08-13,16.313999
2014-08-14,16.660500
2014-08-15,16.681499
2014-08-18,16.726500
2014-08-19,16.756500
2014-08-20,16.789000
2014-08-21,16.645500
2014-08-22,16.579500
2014-08-25,16.701000
2014-08-26,17.091499
2014-08-27,17.159000
2014-08-28,17.000999
2014-08-29,16.952000
2014-09-02,17.118999
2014-09-03,16.950001
2014-09-04,17.297501
2014-09-05,17.319000
2014-09-08,17.117001
2014-09-09,16.487499
2014-09-10,16.566500
2014-09-11,16.525999
2014-09-12,16.559500
2014-09-15,16.194500
2014-09-16,16.388000
2014-09-17,16.200001
2014-09-18,16.250000
2014-09-19,16.566000
2014-09-22,16.225000
2014-09-23,16.181499
2014-09-24,16.410500
2014-09-25,16.096500
2014-09-26,16.160500
2014-09-29,16.091000
2014-09-30,16.122000
2014-10-01,15.873000
2014-10-02,15.920500
2014-10-03,16.136999
2014-10-06,16.110001
2014-10-07,15.849000
2014-10-08,16.135000
2014-10-09,15.768500
2014-10-10,15.569500
2014-10-13,15.322500
2014-10-14,15.415500
2014-10-15,15.298500
2014-10-16,15.143000
2014-10-17,15.182000
2014-10-20,15.310500
2014-10-21,15.766500
2014-10-22,15.648500
2014-10-23,15.659000
2014-10-24,14.353000
2014-10-27,14.498500
2014-10-28,14.779500
2014-10-29,14.706000
2014-10-30,14.953500
2014-10-31,15.273000
2014-11-03,15.286000
2014-11-04,15.140500
2014-11-05,14.826000
2014-11-06,14.832000
2014-11-07,14.993000
2014-11-10,15.255500
2014-11-11,15.600500
2014-11-12,15.575500
2014-11-13,15.824000
2014-11-14,16.391001
2014-11-17,16.152500
2014-11-18,16.246500
2014-11-19,16.327000
2014-11-20,16.527000
2014-11-21,16.631500
2014-11-24,16.782000
2014-11-25,16.752001
2014-11-26,16.678499
2014-11-28,16.931999
2014-12-01,16.299999
2014-12-02,16.315500
2014-12-03,15.825000
2014-12-04,15.846500
2014-12-05,15.631500
2014-12-08,15.332000
2014-12-09,15.625000
2014-12-10,15.292000
2014-12-11,15.368000
2014-12-12,15.366000
2014-12-15,15.303500
2014-12-16,14.753000
2014-12-17,14.944000
2014-12-18,14.886500
2014-12-19,14.995000
2014-12-22,15.327000
2014-12-23,15.314500
2014-12-24,15.151500
2014-12-26,15.454500
2014-12-29,15.602000
2014-12-30,15.515000
2014-12-31,15.517500
2015-01-02,15.426000
2015-01-05,15.109500
2015-01-06,14.764500
2015-01-07,14.921000
2015-01-08,15.023000
2015-01-09,14.846500
2015-01-12,14.570500
2015-01-13,14.737000
2015-01-14,14.663500
2015-01-15,14.347500
2015-01-16,14.537000
2015-01-20,14.472000
2015-01-21,14.862500
2015-01-22,15.516000
2015-01-23,15.619500
2015-01-26,15.483000
2015-01-27,15.337500
2015-01-28,15.195500
2015-01-29,15.589000
2015-01-30,17.726500
2015-02-02,18.223499
2015-02-03,18.177500
2015-02-04,18.237499
2015-02-05,18.694500
2015-02-06,18.714001
2015-02-09,18.528000
2015-02-10,18.650000
2015-02-11,18.757000
2015-02-12,18.858500
2015-02-13,19.091499
2015-02-17,18.771500
2015-02-18,18.668501
2015-02-19,18.950001
2015-02-20,19.183001
2015-02-23,19.007000
2015-02-24,18.929501
2015-02-25,19.268499
2015-02-26,19.240000
2015-02-27,19.007999
2015-03-02,19.283001
2015-03-03,19.230499
2015-03-04,19.136000
2015-03-05,19.391500
2015-03-06,19.004499
2015-03-09,18.927999
2015-03-10,18.475500
2015-03-11,18.318501
2015-03-12,18.712000
2015-03-13,18.528999
2015-03-16,18.667500
2015-03-17,18.596001
2015-03-18,18.757000
2015-03-19,18.662001
2015-03-20,18.924500
2015-03-23,18.755501
2015-03-24,18.704500
2015-03-25,18.548000
2015-03-26,18.367500
2015-03-27,18.528000
2015-03-30,18.729500
2015-03-31,18.605000
2015-04-01,18.513000
2015-04-02,18.612499
2015-04-06,18.851999
2015-04-07,18.720501
2015-04-08,19.059999
2015-04-09,19.177000
2015-04-10,19.132500
2015-04-13,19.118000
2015-04-14,19.255501
2015-04-15,19.172501
2015-04-16,19.302000
2015-04-17,18.778000
2015-04-20,19.475500
2015-04-21,19.559000
2015-04-22,19.490000
2015-04-23,19.499500
2015-04-24,22.254999
2015-04-27,21.927999
2015-04-28,21.465500
2015-04-29,21.468500
2015-04-30,21.089001
2015-05-01,21.143499
2015-05-04,21.152000
2015-05-05,21.059500
2015-05-06,20.955000
2015-05-07,21.344000
2015-05-08,21.684500
2015-05-11,21.642500
2015-05-12,21.551001
2015-05-13,21.343500
2015-05-14,21.614000
2015-05-15,21.299999
2015-05-18,21.261999
2015-05-19,21.085501
2015-05-20,21.193001
2015-05-21,21.581499
2015-05-22,21.381500
2015-05-26,21.273500
2015-05-27,21.570999
2015-05-28,21.328501
2015-05-29,21.461500
2015-06-01,21.546000
2015-06-02,21.549500
2015-06-03,21.829500
2015-06-04,21.539000
2015-06-05,21.347500
2015-06-08,21.174999
2015-06-09,21.274000
2015-06-10,21.538500
2015-06-11,21.648500
2015-06-12,21.496000
2015-06-15,21.183500
2015-06-16,21.363001
2015-06-17,21.390499
2015-06-18,21.969500
2015-06-19,21.746000
2015-06-22,21.814501
2015-06-23,22.299500
2015-06-24,22.042000
2015-06-25,22.004999
2015-06-26,21.905001
2015-06-29,21.493000
2015-06-30,21.704500
2015-07-01,21.869499
2015-07-02,21.885500
2015-07-06,21.802000
2015-07-07,21.836000
2015-07-08,21.485001
2015-07-09,21.719500
2015-07-10,22.175501
2015-07-13,22.778500
2015-07-14,23.278500
2015-07-15,23.059500
2015-07-16,23.774000
2015-07-17,24.150499
2015-07-20,24.405001
2015-07-21,24.400000
2015-07-22,24.413500
2015-07-23,24.108999
2015-07-24,26.471001
2015-07-27,26.570499
2015-07-28,26.301500
2015-07-29,26.450001
2015-07-30,26.837999
2015-07-31,26.807501
2015-08-03,26.751499
2015-08-04,26.594999
2015-08-05,26.850500
2015-08-06,26.473000
2015-08-07,26.131001
2015-08-10,26.200001
2015-08-11,26.372999
2015-08-12,26.295500
2015-08-13,26.483000
2015-08-14,26.576000
2015-08-17,26.761000
2015-08-18,26.750999
2015-08-19,26.646000
2015-08-20,25.789000
2015-08-21,24.723499
2015-08-24,23.168501
2015-08-25,23.318501
2015-08-26,25.038500
2015-08-27,25.918501
2015-08-28,25.900499
2015-08-31,25.644501
2015-09-01,24.827000
2015-09-02,25.527500
2015-09-03,25.236000
2015-09-04,24.950001
2015-09-08,25.877001
2015-09-09,25.844500
2015-09-10,26.112000
2015-09-11,26.472000
2015-09-14,26.069000
2015-09-15,26.118500
2015-09-16,26.369499
2015-09-17,26.943501
2015-09-18,27.013000
2015-09-21,27.419500
2015-09-22,26.920000
2015-09-23,26.803499
2015-09-24,26.687500
2015-09-25,26.212500
2015-09-28,25.202999
2015-09-29,24.803499
2015-09-30,25.594500
2015-10-01,26.035999
2015-10-02,26.627001
2015-10-05,27.184000
2015-10-06,26.874001
2015-10-07,27.097000
2015-10-08,26.658001
2015-10-09,26.990000
2015-10-12,27.509501
2015-10-13,27.445000
2015-10-14,27.241501
2015-10-15,28.122000
2015-10-16,28.538000
2015-10-19,28.657499
2015-10-20,28.044001
2015-10-21,27.788500
2015-10-22,28.195499
2015-10-23,29.951500
2015-10-26,30.430500
2015-10-27,30.550501
2015-10-28,30.855000
2015-10-29,31.327499
2015-10-30,31.295000
2015-11-02,31.417500
2015-11-03,31.265499
2015-11-04,32.047501
2015-11-05,32.782501
2015-11-06,32.968498
2015-11-09,32.774502
2015-11-10,32.984001
2015-11-11,33.662498
2015-11-12,33.279999
2015-11-13,32.117500
2015-11-16,32.390499
2015-11-17,32.165001
2015-11-18,33.176998
2015-11-19,33.063499
2015-11-20,33.422501
2015-11-23,33.949501
2015-11-24,33.557499
2015-11-25,33.766998
2015-11-27,33.662998
2015-11-30,33.240002
2015-12-01,33.952999
2015-12-02,33.800499
2015-12-03,33.312500
2015-12-04,33.632000
2015-12-07,33.491501
2015-12-08,33.866501
2015-12-09,33.239498
2015-12-10,33.116001
2015-12-11,32.007500
2015-12-14,32.895500
2015-12-15,32.931999
2015-12-16,33.788502
2015-12-17,33.532501
2015-12-18,33.207001
2015-12-21,33.225498
2015-12-22,33.157501
2015-12-23,33.185001
2015-12-24,33.139500
2015-12-28,33.759998
2015-12-29,34.698502
2015-12-30,34.453499
2015-12-31,33.794498
2016-01-04,31.849501
2016-01-05,31.689501
2016-01-06,31.632500
2016-01-07,30.396999
2016-01-08,30.352501
2016-01-11,30.886999
2016-01-12,30.894501
2016-01-13,29.090500
2016-01-14,29.650000
2016-01-15,28.509001
2016-01-19,28.724001
2016-01-20,28.588499
2016-01-21,28.750999
2016-01-22,29.819000
2016-01-25,29.826500
2016-01-26,30.062500
2016-01-27,29.167500
2016-01-28,31.767500
2016-01-29,29.350000
2016-02-01,28.740499
2016-02-02,27.605000
2016-02-03,26.553499
2016-02-04,26.813000
2016-02-05,25.106501
2016-02-08,24.405001
2016-02-09,24.103500
2016-02-10,24.524000
2016-02-11,25.191000
2016-02-12,25.354000
2016-02-16,26.055000
2016-02-17,26.705000
2016-02-18,26.250000
2016-02-19,26.745001
2016-02-22,27.975000
2016-02-23,27.646999
2016-02-24,27.702000
2016-02-25,27.757500
2016-02-26,27.761499
2016-02-29,27.625999
2016-03-01,28.952000
2016-03-02,29.010500
2016-03-03,28.874500
2016-03-04,28.757000
2016-03-07,28.139999
2016-03-08,28.013000
2016-03-09,27.973499
2016-03-10,27.946501
2016-03-11,28.480499
2016-03-14,28.668501
2016-03-15,28.851000
2016-03-16,28.713499
2016-03-17,27.972000
2016-03-18,27.604000
2016-03-21,27.698999
2016-03-22,28.024000
2016-03-23,28.481501
2016-03-24,29.147499
2016-03-28,28.993500
2016-03-29,29.693001
2016-03-30,29.934500
2016-03-31,29.681999
2016-04-01,29.924999
2016-04-04,29.659500
2016-04-05,29.306999
2016-04-06,30.104000
2016-04-07,29.571501
2016-04-08,29.730000
2016-04-11,29.796499
2016-04-12,30.158501
2016-04-13,30.740999
2016-04-14,31.037500
2016-04-15,31.294500
2016-04-18,31.767500
2016-04-19,31.395000
2016-04-20,31.649500
2016-04-21,31.549999
2016-04-22,31.025000
2016-04-25,31.309999
2016-04-26,30.844000
2016-04-27,30.328501
2016-04-28,30.100000
2016-04-29,32.979500
2016-05-02,34.192501
2016-05-03,33.566002
2016-05-04,33.544998
2016-05-05,32.954498
2016-05-06,33.697498
2016-05-09,33.987499
2016-05-10,35.153500
2016-05-11,35.661499
2016-05-12,35.896500
2016-05-13,35.495998
2016-05-16,35.533001
2016-05-17,34.763500
2016-05-18,34.872501
2016-05-19,34.925999
2016-05-20,35.139999
2016-05-23,34.837502
2016-05-24,35.209999
2016-05-25,35.417500
2016-05-26,35.745499
2016-05-27,35.612000
2016-05-31,36.139500
2016-06-01,35.972000
2016-06-02,36.411999
2016-06-03,36.277000
2016-06-06,36.336498
2016-06-07,36.187000
2016-06-08,36.332001
2016-06-09,36.382500
2016-06-10,35.895500
2016-06-13,35.762001
2016-06-14,35.965000
2016-06-15,35.713001
2016-06-16,35.875500
2016-06-17,35.319500
2016-06-20,35.700500
2016-06-21,35.791000
2016-06-22,35.529999
2016-06-23,36.104000
2016-06-24,34.948002
2016-06-27,34.568001
2016-06-28,35.397499
2016-06-29,35.779999
2016-06-30,35.780998
2016-07-01,36.284000
2016-07-05,36.404999
2016-07-06,36.880501
2016-07-07,36.828499
2016-07-08,37.290501
2016-07-11,37.688999
2016-07-12,37.410500
2016-07-13,37.131500
2016-07-14,37.060001
2016-07-15,36.771999
2016-07-18,36.803501
2016-07-19,36.997501
2016-07-20,37.285999
2016-07-21,37.221500
2016-07-22,37.243000
2016-07-25,36.980499
2016-07-26,36.779499
2016-07-27,36.833500
2016-07-28,37.630501
2016-07-29,37.940498
2016-08-01,38.387001
2016-08-02,38.028999
2016-08-03,37.731998
2016-08-04,38.038502
2016-08-05,38.299000
2016-08-08,38.327999
2016-08-09,38.415501
2016-08-10,38.428001
2016-08-11,38.562000
2016-08-12,38.627998
2016-08-15,38.424500
2016-08-16,38.202000
2016-08-17,38.231499
2016-08-18,38.223000
2016-08-19,37.865501
2016-08-22,37.973999
2016-08-23,38.122501
2016-08-24,37.862499
2016-08-25,37.960999
2016-08-26,38.450001
2016-08-29,38.564499
2016-08-30,38.379002
2016-08-31,38.458000
2016-09-01,38.530998
2016-09-02,38.622002
2016-09-06,39.443501
2016-09-07,39.223999
2016-09-08,39.202999
2016-09-09,38.007000
2016-09-12,38.574501
2016-09-13,38.050499
2016-09-14,38.054501
2016-09-15,38.484501
2016-09-16,38.925999
2016-09-19,38.755001
2016-09-20,39.011002
2016-09-21,39.487000
2016-09-22,40.235001
2016-09-23,40.287498
2016-09-26,39.958000
2016-09-27,40.805500
2016-09-28,41.436001
2016-09-29,41.452499
2016-09-30,41.865501
2016-10-03,41.837002
2016-10-04,41.701500
2016-10-05,42.217999
2016-10-06,42.083000
2016-10-07,41.971500
2016-10-10,42.085499
2016-10-11,41.549999
2016-10-12,41.704498
2016-10-13,41.464001
2016-10-14,41.147999
2016-10-17,40.647499
2016-10-18,40.882500
2016-10-19,40.884499
2016-10-20,40.515999
2016-10-21,40.949501
2016-10-24,41.904499
2016-10-25,41.758999
2016-10-26,41.129501
2016-10-27,40.917999
2016-10-28,38.816002
2016-10-31,39.491001
2016-11-01,39.270500
2016-11-02,38.278000
2016-11-03,38.351501
2016-11-04,37.752499
2016-11-07,39.246498
2016-11-08,39.387501
2016-11-09,38.594002
2016-11-10,37.118999
2016-11-11,36.950500
2016-11-14,35.953499
2016-11-15,37.161999
2016-11-16,37.324501
2016-11-17,37.820000
2016-11-18,38.007999
2016-11-21,39.000000
2016-11-22,39.266499
2016-11-23,39.006001
2016-11-25,39.018501
2016-11-28,38.338501
2016-11-29,38.125999
2016-11-30,37.528500
2016-12-01,37.182499
2016-12-02,37.016998
2016-12-05,37.967999
2016-12-06,38.236000
2016-12-07,38.521000
2016-12-08,38.366501
2016-12-09,38.432999
2016-12-12,38.006001
2016-12-13,38.716999
2016-12-14,38.441002
2016-12-15,38.049999
2016-12-16,37.888500
2016-12-19,38.299999
2016-12-20,38.561001
2016-12-21,38.529999
2016-12-22,38.317001
2016-12-23,38.029499
2016-12-27,38.570000
2016-12-28,38.606499
2016-12-29,38.257500
2016-12-30,37.493500
2017-01-03,37.683498
2017-01-04,37.859001
2017-01-05,39.022499
2017-01-06,39.799500
2017-01-09,39.846001
2017-01-10,39.794998
2017-01-11,39.951000
2017-01-12,40.681999
2017-01-13,40.856998
2017-01-17,40.486000
2017-01-18,40.374001
2017-01-19,40.452000
2017-01-20,40.416500
2017-01-23,40.894001
2017-01-24,41.122002
2017-01-25,41.826000
2017-01-26,41.957500
2017-01-27,41.788502
2017-01-30,41.519001
2017-01-31,41.174000
2017-02-01,41.617500
2017-02-02,41.997501
2017-02-03,40.509998
2017-02-06,40.382000
2017-02-07,40.625000
2017-02-08,40.985500
2017-02-09,41.068001
2017-02-10,41.373001
2017-02-13,41.826500
2017-02-14,41.819500
2017-02-15,42.134998
2017-02-16,42.207001
2017-02-17,42.253502
2017-02-21,42.821999
2017-02-22,42.780499
2017-02-23,42.609501
2017-02-24,42.262001
2017-02-27,42.431999
2017-02-28,42.251999
2017-03-01,42.653999
2017-03-02,42.445499
2017-03-03,42.493999
2017-03-06,42.330502
2017-03-07,42.300999
2017-03-08,42.525002
2017-03-09,42.650002
2017-03-10,42.623001
2017-03-13,42.729500
2017-03-14,42.626499
2017-03-15,42.648499
2017-03-16,42.671001
2017-03-17,42.615501
2017-03-20,42.848499
2017-03-21,42.160000
2017-03-22,42.403000
2017-03-23,42.368999
2017-03-24,42.280499
2017-03-27,42.341000
2017-03-28,42.799999
2017-03-29,43.716000
2017-03-30,43.817001
2017-03-31,44.327000
2017-04-03,44.575500
2017-04-04,45.341499
2017-04-05,45.464001
2017-04-06,44.914001
2017-04-07,44.743999
2017-04-10,45.352001
2017-04-11,45.118000
2017-04-12,44.811501
2017-04-13,44.233501
2017-04-17,45.099499
2017-04-18,45.188999
2017-04-19,44.959999
2017-04-20,45.103001
2017-04-21,44.926498
2017-04-24,45.370499
2017-04-25,45.381001
2017-04-26,45.464500
2017-04-27,45.918999
2017-04-28,46.249500
2017-05-01,47.411499
2017-05-02,47.347000
2017-05-03,47.051498
2017-05-04,46.876499
2017-05-05,46.707500
2017-05-08,47.452000
2017-05-09,47.640999
2017-05-10,47.447498
2017-05-11,47.381001
2017-05-12,48.067501
2017-05-15,47.898499
2017-05-16,48.303501
2017-05-17,47.237999
2017-05-18,47.924500
2017-05-19,47.992001
2017-05-22,48.533501
2017-05-23,48.577000
2017-05-24,49.017502
2017-05-25,49.668999
2017-05-26,49.789001
2017-05-30,49.834999
2017-05-31,49.730999
2017-06-01,49.797501
2017-06-02,50.336498
2017-06-05,50.567001
2017-06-06,50.150002
2017-06-07,50.503502
2017-06-08,50.513500
2017-06-09,48.915501
2017-06-12,48.245499
2017-06-13,49.039501
2017-06-14,48.823502
2017-06-15,48.208500
2017-06-16,49.385502
2017-06-19,49.758499
2017-06-20,49.629501
2017-06-21,50.111500
2017-06-22,50.064999
2017-06-23,50.187000
2017-06-26,49.699001
2017-06-27,48.839001
2017-06-28,49.516499
2017-06-29,48.796501
2017-06-30,48.400002
2017-07-03,47.682999
2017-07-05,48.570000
2017-07-06,48.257000
2017-07-07,48.938000
2017-07-10,49.823502
2017-07-11,49.706501
2017-07-12,50.325500
2017-07-13,50.031502
2017-07-14,50.090500
2017-07-17,50.501999
2017-07-18,51.222500
2017-07-19,51.343498
2017-07-20,51.435001
2017-07-21,51.283501
2017-07-24,51.947498
2017-07-25,51.993500
2017-07-26,52.639999
2017-07-27,52.299999
2017-07-28,51.001999
2017-07-31,49.389000
2017-08-01,49.809502
2017-08-02,49.794498
2017-08-03,49.346001
2017-08-04,49.379002
2017-08-07,49.613499
2017-08-08,49.492001
2017-08-09,49.100498
2017-08-10,47.846001
2017-08-11,48.399502
2017-08-14,49.165001
2017-08-15,49.137001
2017-08-16,48.909000
2017-08-17,48.028500
2017-08-18,47.923500
2017-08-21,47.664501
2017-08-22,48.345001
2017-08-23,47.900002
2017-08-24,47.622501
2017-08-25,47.263000
2017-08-28,47.300999
2017-08-29,47.702999
2017-08-30,48.379501
2017-08-31,49.029999
2017-09-01,48.912498
2017-09-05,48.263500
2017-09-06,48.389999
2017-09-07,48.973499
2017-09-08,48.294998
2017-09-11,48.897999
2017-09-12,49.129002
2017-09-13,49.980000
2017-09-14,49.610500
2017-09-15,49.339500
2017-09-18,48.709499
2017-09-19,48.493000
2017-09-20,48.660500
2017-09-21,48.232498
2017-09-22,47.755001
2017-09-25,46.989498
2017-09-26,46.930000
2017-09-27,47.543499
2017-09-28,47.820000
2017-09-29,48.067501
2017-10-02,47.959499
2017-10-03,47.855000
2017-10-04,48.272499
2017-10-05,49.042500
2017-10-06,49.479000
2017-10-09,49.549500
2017-10-10,49.360001
2017-10-11,49.750000
2017-10-12,50.046501
2017-10-13,50.146999
2017-10-16,50.317001
2017-10-17,50.456501
2017-10-18,49.849998
2017-10-19,49.330502
2017-10-20,49.145500
2017-10-23,48.314999
2017-10-24,48.794998
2017-10-25,48.645500
2017-10-26,48.621498
2017-10-27,55.047501
2017-10-30,55.542500
2017-10-31,55.264000
2017-11-01,55.183998
2017-11-02,54.710999
2017-11-03,55.580002
2017-11-06,56.033001
2017-11-07,56.158501
2017-11-08,56.644001
2017-11-09,56.456501
2017-11-10,56.267502
2017-11-13,56.458500
2017-11-14,56.841999
2017-11-15,56.334499
2017-11-16,56.864498
2017-11-17,56.493999
2017-11-20,56.315498
2017-11-21,56.974499
2017-11-22,57.807999
2017-11-24,59.299999
2017-11-27,59.791500
2017-11-28,59.680000
2017-11-29,58.063499
2017-11-30,58.837502
2017-12-01,58.117500
2017-12-04,56.697498
2017-12-05,57.078499
2017-12-06,57.617500
2017-12-07,57.989498
2017-12-08,58.099998
2017-12-11,58.445999
2017-12-12,58.254002
2017-12-13,58.206501
2017-12-14,58.713001
2017-12-15,58.957001
2017-12-18,59.528999
2017-12-19,59.368999
2017-12-20,58.881001
2017-12-21,58.737999
2017-12-22,58.417999
2017-12-26,58.838001
2017-12-27,59.112999
2017-12-28,59.305000
2017-12-29,58.473499
2018-01-02,59.450500
2018-01-03,60.209999
2018-01-04,60.479500
2018-01-05,61.457001
2018-01-08,62.343498
2018-01-09,62.634998
2018-01-10,62.716499
2018-01-11,63.834000
2018-01-12,65.260002
2018-01-16,65.242996
2018-01-17,64.750000
2018-01-18,64.666000
2018-01-19,64.728996
2018-01-22,66.365501
2018-01-23,68.126999
2018-01-24,67.875504
2018-01-25,68.897499
2018-01-26,70.102501
2018-01-29,70.884003
2018-01-30,71.890999
2018-01-31,72.544502
2018-02-01,69.500000
2018-02-02,71.497498
2018-02-05,69.500000
2018-02-06,72.141998
2018-02-07,70.838997
2018-02-08,67.525002
2018-02-09,66.980003
2018-02-12,69.311501
2018-02-13,70.725502
2018-02-14,72.552498
2018-02-15,73.087997
2018-02-16,72.434502
2018-02-20,73.417503
2018-02-21,74.146004
2018-02-22,74.266998
2018-02-23,75.000000
2018-02-26,76.097504
2018-02-27,75.598999
2018-02-28,75.622498
2018-03-01,74.672501
2018-03-02,75.012497
2018-03-05,76.180496
2018-03-06,76.882004
2018-03-07,77.250000
2018-03-08,77.593002
2018-03-09,78.944504
2018-03-12,79.919502
2018-03-13,79.408997
2018-03-14,79.550003
2018-03-15,79.115997
2018-03-16,78.584000
2018-03-19,77.246498
2018-03-20,79.325500
2018-03-21,79.093002
2018-03-22,77.246002
2018-03-23,74.778000
2018-03-26,77.792999
2018-03-27,74.852501
2018-03-28,71.570999
2018-03-29,72.366997
2018-04-02,68.599503
2018-04-03,69.602501
2018-04-04,70.528503
2018-04-05,72.587502
2018-04-06,70.261497
2018-04-09,70.304001
2018-04-10,71.810997
2018-04-11,71.352501
2018-04-12,72.425003
2018-04-13,71.539497
2018-04-16,72.074997
2018-04-17,75.191498
2018-04-18,76.391998
2018-04-19,77.845497
2018-04-20,76.374496
2018-04-23,75.892998
2018-04-24,73.004501
2018-04-25,73.008499
2018-04-26,75.898003
2018-04-27,78.630997
2018-04-30,78.306503
2018-05-01,79.112999
2018-05-02,78.484001
2018-05-03,78.603996
2018-05-04,79.047501
2018-05-07,80.007004
2018-05-08,79.619499
2018-05-09,80.400002
2018-05-10,80.454002
2018-05-11,80.145500
2018-05-14,80.077003
2018-05-15,78.806000
2018-05-16,79.363998
2018-05-17,79.087997
2018-05-18,78.718498
2018-05-21,79.273003
2018-05-22,79.070000
2018-05-23,80.093002
2018-05-24,80.153503
2018-05-25,80.507500
2018-05-29,80.643501
2018-05-30,81.244499
2018-05-31,81.481003
2018-06-01,82.077003
2018-06-04,83.263496
2018-06-05,84.817497
2018-06-06,84.787498
2018-06-07,84.464996
2018-06-08,84.199501
2018-06-11,84.456001
2018-06-12,84.937500
2018-06-13,85.242996
2018-06-14,86.193001
2018-06-15,85.798500
2018-06-18,86.189499
2018-06-19,86.738998
2018-06-20,87.503998
2018-06-21,86.511002
2018-06-22,85.783501
2018-06-25,83.157501
2018-06-26,84.554497
2018-06-27,83.025497
2018-06-28,85.072502
2018-06-29,84.989998
2018-07-02,85.689003
2018-07-03,84.697998
2018-07-05,84.986504
2018-07-06,85.531502
2018-07-09,86.950996
2018-07-10,87.153503
2018-07-11,87.750000
2018-07-12,89.831001
2018-07-13,90.651497
2018-07-16,91.124496
2018-07-17,92.196503
2018-07-18,92.146004
2018-07-19,90.648499
2018-07-20,90.684998
2018-07-23,90.099998
2018-07-24,91.461998
2018-07-25,93.180496
2018-07-26,90.400002
2018-07-27,90.863503
2018-07-30,88.960999
2018-07-31,88.872002
2018-08-01,89.858498
2018-08-02,91.716499
2018-08-03,91.164497
2018-08-06,92.387497
2018-08-07,93.124001
2018-08-08,94.325996
2018-08-09,94.926003
2018-08-10,94.315002
2018-08-13,94.809998
2018-08-14,95.982498
2018-08-15,94.130997
2018-08-16,94.325996
2018-08-17,94.111000
2018-08-20,93.835503
2018-08-21,94.170998
2018-08-22,95.245003
2018-08-23,95.144997
2018-08-24,95.269501
2018-08-27,96.384003
2018-08-28,96.640999
2018-08-29,99.904999
2018-08-30,100.119003
2018-08-31,100.635498
2018-09-04,101.975502
2018-09-05,99.740997
2018-09-06,97.915497
2018-09-07,97.603500
2018-09-10,96.950500
2018-09-11,99.357498
2018-09-12,99.500000
2018-09-13,99.493500
2018-09-14,98.509499
2018-09-17,95.401497
2018-09-18,97.052498
2018-09-19,96.320999
2018-09-20,97.214996
2018-09-21,95.750504
2018-09-24,96.718002
2018-09-25,98.727501
2018-09-26,98.742500
2018-09-27,100.649002
2018-09-28,100.150002
2018-10-01,100.218002
2018-10-02,98.565498
2018-10-03,97.638000
2018-10-04,95.471001
2018-10-05,94.482498
2018-10-08,93.221001
2018-10-09,93.515999
2018-10-10,87.762497
2018-10-11,85.968002
2018-10-12,89.430496
2018-10-15,88.047501
2018-10-16,90.998001
2018-10-17,91.586502
2018-10-18,88.536003
2018-10-19,88.201500
2018-10-22,89.464996
2018-10-23,88.434998
2018-10-24,83.209999
2018-10-25,89.108498
2018-10-26,82.140503
2018-10-29,76.944000
2018-10-30,76.521004
2018-10-31,79.900497
2018-11-01,83.276497
2018-11-02,83.276497
2018-11-05,81.389999
2018-11-06,82.140503
2018-11-07,87.774498
2018-11-08,87.745499
2018-11-09,85.621498
2018-11-12,81.842499
2018-11-13,81.558502
2018-11-14,79.950500
2018-11-15,80.972000
2018-11-16,79.670502
2018-11-19,75.614502
2018-11-20,74.773003
2018-11-21,75.836502
2018-11-23,75.102997
2018-11-26,79.066498
2018-11-27,79.070999
2018-11-28,83.887497
2018-11-29,83.678497
2018-11-30,84.508499
2018-12-03,88.617996
2018-12-04,83.419998
2018-12-06,84.959503
2018-12-07,81.456497
2018-12-10,82.051498
2018-12-11,82.162003
2018-12-12,83.177002
2018-12-13,82.918999
2018-12-14,79.595497
2018-12-17,76.045502
2018-12-18,77.573997
2018-12-19,74.753998
2018-12-20,73.041496
2018-12-21,68.872498
2018-12-24,67.197998
2018-12-26,73.544998
2018-12-27,73.082001
2018-12-28,73.901001
2018-12-31,75.098503
2019-01-02,76.956497
2019-01-03,75.014000
2019-01-04,78.769501
2019-01-07,81.475502
2019-01-08,82.829002
2019-01-09,82.971001
2019-01-10,82.810997
2019-01-11,82.028000
2019-01-14,80.860497
2019-01-15,83.727997
2019-01-16,84.189003
2019-01-17,84.661003
2019-01-18,84.809998
2019-01-22,81.608498
2019-01-23,82.000999
2019-01-24,82.746498
2019-01-25,83.528503
2019-01-28,81.894501
2019-01-29,79.694000
2019-01-30,83.521500
2019-01-31,85.936501
2019-02-01,81.311501
2019-02-04,81.665497
2019-02-05,82.940498
2019-02-06,82.013000
2019-02-07,80.718498
2019-02-08,79.411003
2019-02-11,79.550003
2019-02-12,81.900497
2019-02-13,82.000000
2019-02-14,81.132500
2019-02-15,80.397499
2019-02-19,81.378998
2019-02-20,81.105003
2019-02-21,80.972000
2019-02-22,81.578003
2019-02-25,81.650002
2019-02-26,81.820000
2019-02-27,82.054497
2019-02-28,81.991501
2019-03-01,83.586502
2019-03-04,84.808502
2019-03-05,84.621498
2019-03-06,83.447502
2019-03-07,81.297501
2019-03-08,81.040001
2019-03-11,83.530998
2019-03-12,83.654999
2019-03-13,84.540497
2019-03-14,84.310997
2019-03-15,85.617996
2019-03-18,87.107498
2019-03-19,88.092499
2019-03-20,89.863503
2019-03-21,90.962997
2019-03-22,88.238503
2019-03-25,88.712997
2019-03-26,89.188004
2019-03-27,88.285004
2019-03-28,88.670998
2019-03-29,89.037498
2019-04-01,90.709503
2019-04-02,90.698997
2019-04-03,91.035004
2019-04-04,90.943001
2019-04-05,91.863998
2019-04-08,92.492996
2019-04-09,91.792000
2019-04-10,92.366501
2019-04-11,92.203499
2019-04-12,92.153000
2019-04-15,92.243500
2019-04-16,93.152000
2019-04-17,93.240997
2019-04-18,93.084503
2019-04-22,94.365501
2019-04-23,96.188499
2019-04-24,95.087502
2019-04-25,95.112503
2019-04-26,97.531502
2019-04-29,96.921501
2019-04-30,96.325996
2019-05-01,95.575996
2019-05-02,95.041000
2019-05-03,98.123001
2019-05-06,97.527496
2019-05-07,96.050003
2019-05-08,95.888496
2019-05-09,94.993500
2019-05-10,94.499001
2019-05-13,91.134003
2019-05-14,92.005997
2019-05-15,93.557503
2019-05-16,95.378502
2019-05-17,93.449997
2019-05-20,92.948502
2019-05-21,92.875999
2019-05-22,92.984001
2019-05-23,90.774002
2019-05-24,91.164001
2019-05-28,91.821503
2019-05-29,90.959503
2019-05-30,90.816002
2019-05-31,88.753502
2019-06-03,84.634499
2019-06-04,86.477997
2019-06-05,86.925003
2019-06-06,87.718002
2019-06-07,90.201500
2019-06-10,93.031502
2019-06-11,93.184998
2019-06-12,92.765999
2019-06-13,93.514999
2019-06-14,93.483498
2019-06-17,94.301498
2019-06-18,95.068497
2019-06-19,95.439499
2019-06-20,95.909500
2019-06-21,95.565002
2019-06-24,95.695000
2019-06-25,93.913498
2019-06-26,94.891502
2019-06-27,95.213997
2019-06-28,94.681503
2019-07-01,96.109497
2019-07-02,96.715500
2019-07-03,96.949997
2019-07-05,97.145500
2019-07-08,97.615997
2019-07-09,99.415001
2019-07-10,100.870499
2019-07-11,100.053497
2019-07-12,100.550003
2019-07-15,101.049500
2019-07-16,100.495003
2019-07-17,99.601501
2019-07-18,98.894997
2019-07-19,98.225998
2019-07-22,99.281502
2019-07-23,99.724503
2019-07-24,100.040497
2019-07-25,98.691002
2019-07-26,97.152496
2019-07-29,95.622498
2019-07-30,94.926498
2019-07-31,93.338997
2019-08-01,92.765999
2019-08-02,91.162003
2019-08-05,88.256500
2019-08-06,89.391502
2019-08-07,89.669998
2019-08-08,91.644501
2019-08-09,90.378998
2019-08-12,89.246002
2019-08-13,91.217003
2019-08-14,88.148003
2019-08-15,88.806000
2019-08-16,89.628502
2019-08-19,90.806000
2019-08-20,90.069000
2019-08-21,91.177002
2019-08-22,90.233002
2019-08-23,87.481003
2019-08-26,88.443497
2019-08-27,88.091499
2019-08-28,88.212502
2019-08-29,89.320000
2019-08-30,88.814499
2019-09-03,89.491997
2019-09-04,90.030998
2019-09-05,92.036003
2019-09-06,91.675499
2019-09-09,91.567497
2019-09-10,91.027496
2019-09-11,91.149498
2019-09-12,92.177498
2019-09-13,91.967003
2019-09-16,90.391998
2019-09-17,91.127502
2019-09-18,90.873001
2019-09-19,91.074997
2019-09-20,89.708000
2019-09-23,89.264999
2019-09-24,87.080498
2019-09-25,88.416496
2019-09-26,86.991997
2019-09-27,86.272499
2019-09-30,86.795502
2019-10-01,86.782501
2019-10-02,85.661499
2019-10-03,86.221001
2019-10-04,86.982498
2019-10-07,86.633003
2019-10-08,85.275497
2019-10-09,86.099503
2019-10-10,86.013000
2019-10-11,86.596001
2019-10-14,86.821503
2019-10-15,88.369003
2019-10-16,88.871498
2019-10-17,89.374001
2019-10-18,87.875504
2019-10-21,89.282997
2019-10-22,88.286499
2019-10-23,88.108498
2019-10-24,89.039001
2019-10-25,88.066498
2019-10-28,88.853996
2019-10-29,88.135498
2019-10-30,88.999496
2019-10-31,88.833000
2019-11-01,89.571999
2019-11-04,90.233002
2019-11-05,90.085503
2019-11-06,89.788498
2019-11-07,89.410004
2019-11-08,89.293999
2019-11-11,88.582497
2019-11-12,88.900002
2019-11-13,87.655502
2019-11-14,87.730003
2019-11-15,86.974503
2019-11-18,87.626503
2019-11-19,87.639503
2019-11-20,87.276497
2019-11-21,86.735497
2019-11-22,87.286003
2019-11-25,88.692001
2019-11-26,89.847000
2019-11-27,90.925499
2019-11-29,90.040001
2019-12-02,89.080002
2019-12-03,88.498001
2019-12-04,88.034500
2019-12-05,87.024002
2019-12-06,87.580002
2019-12-09,87.475502
2019-12-10,86.960503
2019-12-11,87.435997
2019-12-12,88.016502
2019-12-13,88.046997
2019-12-16,88.460503
2019-12-17,89.532997
2019-12-18,89.201500
2019-12-19,89.613998
2019-12-20,89.324997
2019-12-23,89.650002
2019-12-24,89.460503
2019-12-26,93.438499
2019-12-27,93.489998
2019-12-30,92.344498
2019-12-31,92.391998
2020-01-02,94.900497
2020-01-03,93.748497
2020-01-06,95.143997
2020-01-07,95.343002
2020-01-08,94.598503
2020-01-09,95.052498
2020-01-10,94.157997
2020-01-13,94.565002
2020-01-14,93.472000
2020-01-15,93.100998
2020-01-16,93.897003
2020-01-17,93.236000
2020-01-21,94.599998
2020-01-22,94.373001
2020-01-23,94.228996
2020-01-24,93.082001
2020-01-27,91.417000
2020-01-28,92.662498
2020-01-29,92.900002
2020-01-30,93.533997
2020-01-31,100.435997
2020-02-03,100.209999
2020-02-04,102.483498
2020-02-05,101.993500
2020-02-06,102.511497
2020-02-07,103.963997
2020-02-10,106.695503
2020-02-11,107.540001
2020-02-12,108.000000
2020-02-13,107.493500
2020-02-14,106.743500
2020-02-18,107.783501
2020-02-19,108.511002
2020-02-20,107.654999
2020-02-21,104.798500
2020-02-24,100.464500
2020-02-25,98.637001
2020-02-26,98.979500
2020-02-27,94.214996
2020-02-28,94.187500
2020-03-02,97.697502
2020-03-03,95.449501
2020-03-04,98.791496
2020-03-05,96.201500
2020-03-06,95.054497
2020-03-09,90.030502
2020-03-10,94.591003
2020-03-11,91.042999
2020-03-12,83.830498
2020-03-13,89.250000
2020-03-16,84.457497
2020-03-17,90.391998
2020-03-18,91.500000
2020-03-19,94.046501
2020-03-20,92.304497
2020-03-23,95.141502
2020-03-24,97.004997
2020-03-25,94.292000
2020-03-26,97.774498
2020-03-27,95.004997
2020-03-30,98.197502
2020-03-31,97.486000
2020-04-01,95.385002
2020-04-02,95.941498
2020-04-03,95.329498
2020-04-06,99.879501
2020-04-07,100.580002
2020-04-08,102.150002
2020-04-09,102.138000
2020-04-13,108.443497
2020-04-14,114.166000
2020-04-15,115.384003
2020-04-16,120.409500
2020-04-17,118.750000
2020-04-20,119.680496
2020-04-21,116.405998
2020-04-22,118.174500
2020-04-23,119.972504
2020-04-24,120.511002
2020-04-27,118.800003
2020-04-28,115.704002
2020-04-29,118.635498
2020-04-30,123.699997
2020-05-01,114.302002
2020-05-04,115.799500
2020-05-05,115.889999
2020-05-06,117.563004
2020-05-07,118.380501
2020-05-08,118.980499
2020-05-11,120.449997
2020-05-12,117.847504
2020-05-13,118.396004
2020-05-14,119.442497
2020-05-15,120.488998
2020-05-18,121.313004
2020-05-19,122.466499
2020-05-20,124.897003
2020-05-21,122.336998
2020-05-22,121.844002
2020-05-26,121.093002
2020-05-27,120.519501
2020-05-28,120.055000
2020-05-29,122.118500
2020-06-01,123.552002
2020-06-02,123.620499
2020-06-03,123.919998
2020-06-04,123.029999
2020-06-05,124.150002
2020-06-08,126.203003
2020-06-09,130.042999
2020-06-10,132.372498
2020-06-11,127.898003
2020-06-12,127.250999
2020-06-15,128.634003
2020-06-16,130.763504
2020-06-17,132.048996
2020-06-18,132.699005
2020-06-19,133.750504
2020-06-22,135.690994
2020-06-23,138.220505
2020-06-24,136.720001
2020-06-25,137.729004
2020-06-26,134.643494
2020-06-29,134.018997
2020-06-30,137.940994
2020-07-01,143.934998
2020-07-02,144.514999
2020-07-06,152.852005
2020-07-07,150.005997
2020-07-08,154.055496
2020-07-09,159.131500
2020-07-10,160.000000
2020-07-13,155.199997
2020-07-14,154.199997
2020-07-15,150.443497
2020-07-16,149.994995
2020-07-17,148.098495
2020-07-20,159.841995
2020-07-21,156.914505
2020-07-22,154.995499
2020-07-23,149.327499
2020-07-24,150.445496
2020-07-27,152.760498
2020-07-28,150.016495
2020-07-29,151.676498
2020-07-30,152.593994
2020-07-31,158.233994
2020-08-03,155.594498
2020-08-04,156.941498
2020-08-05,160.251495
2020-08-06,161.250000
2020-08-07,158.373001
2020-08-10,157.408005
2020-08-11,154.033493
2020-08-12,158.112000
2020-08-13,158.050995
2020-08-14,157.401001
2020-08-17,159.120499
2020-08-18,165.624496
2020-08-19,163.024002
2020-08-20,164.868500
2020-08-21,164.235992
2020-08-24,165.373001
2020-08-25,167.324493
2020-08-26,172.092499
2020-08-27,170.000000
2020-08-28,170.089996
2020-08-31,172.548004
2020-09-01,174.955994
2020-09-02,176.572495
2020-09-03,168.399994
2020-09-04,164.731003
2020-09-08,157.492004
2020-09-09,163.430496
2020-09-10,158.755493
2020-09-11,155.811005
2020-09-14,155.148499
2020-09-15,157.806503
2020-09-16,153.904999
2020-09-17,150.436493
2020-09-18,147.745499
2020-09-21,148.023499
2020-09-22,156.449493
2020-09-23,149.992996
2020-09-24,150.989502
2020-09-25,154.756500
2020-09-28,158.702499
2020-09-29,157.244003
2020-09-30,157.436493
2020-10-01,161.063004
2020-10-02,156.250000
2020-10-05,159.960007
2020-10-06,154.998001
2020-10-07,159.784500
2020-10-08,159.527496
2020-10-09,164.332504
2020-10-12,172.146500
2020-10-13,172.181503
2020-10-14,168.185501
2020-10-15,166.932495
2020-10-16,163.635498
2020-10-19,160.360504
2020-10-20,160.850494
2020-10-21,159.246994
2020-10-22,158.820007
2020-10-23,160.220001
2020-10-26,160.352005
2020-10-27,164.316498
2020-10-28,158.139008
2020-10-29,160.550507
2020-10-30,151.807495
2020-11-02,150.223999
2020-11-03,152.420502
2020-11-04,162.057999
2020-11-05,166.100006
2020-11-06,165.568497
2020-11-09,157.186996
2020-11-10,151.751007
2020-11-11,156.869507
2020-11-12,155.514008
2020-11-13,156.440506
2020-11-16,156.552994
2020-11-17,156.783005
2020-11-18,155.272995
2020-11-19,155.850998
2020-11-20,154.970001
2020-11-23,154.919495
2020-11-24,155.903000
2020-11-25,159.253494
2020-11-27,159.766998
2020-11-30,158.401993
2020-12-01,161.003998
2020-12-02,160.176498
2020-12-03,159.336502
2020-12-04,158.128998
2020-12-07,157.899994
2020-12-08,158.864502
2020-12-09,155.210007
2020-12-10,155.074493
2020-12-11,155.820999
2020-12-14,157.848495
2020-12-15,158.255997
2020-12-16,162.048004
2020-12-17,161.804001
2020-12-18,160.082504
2020-12-21,160.309006
2020-12-22,160.326004
2020-12-23,159.263504
2020-12-24,158.634506
2020-12-28,164.197998
2020-12-29,166.100006
2020-12-30,164.292496
2020-12-31,162.846497
2021-01-04,159.331497
2021-01-05,160.925507
2021-01-06,156.919006
2021-01-07,158.108002
2021-01-08,159.134995
2021-01-11,155.710495
2021-01-12,156.041504
2021-01-13,158.294495
2021-01-14,156.373505
2021-01-15,155.212494
2021-01-19,156.037994
2021-01-20,163.169006
2021-01-21,165.349503
2021-01-22,164.611496
2021-01-25,164.699997
2021-01-26,166.306503
2021-01-27,161.628998
2021-01-28,161.880997
2021-01-29,160.309998
2021-02-01,167.143997
2021-02-02,169.000000
2021-02-03,165.626495
2021-02-04,166.550003
2021-02-05,167.607498
2021-02-08,166.147003
2021-02-09,165.250000
2021-02-10,164.328995
2021-02-11,163.106506
2021-02-12,163.885498
2021-02-16,163.447495
2021-02-17,165.432007
2021-02-18,166.411499
2021-02-19,162.494995
2021-02-22,159.037003
2021-02-23,159.725006
2021-02-24,157.976501
2021-02-25,152.858002
2021-02-26,154.646500
2021-03-01,157.307007
2021-03-02,154.726501
2021-03-03,150.250000
2021-03-04,148.878494
2021-03-05,150.022995
2021-03-08,147.597504
2021-03-09,153.142502
2021-03-10,152.882004
2021-03-11,155.679504
2021-03-12,154.474503
2021-03-15,154.084000
2021-03-16,154.593002
2021-03-17,156.786499
2021-03-18,151.399506
2021-03-19,153.748001
2021-03-22,155.543503
2021-03-23,156.875000
2021-03-24,154.353500
2021-03-25,152.313004
2021-03-26,152.601501
2021-03-29,153.786499
2021-03-30,152.764496
2021-03-31,154.703995
2021-04-01,158.050003
2021-04-05,161.336502
2021-04-06,161.190994
2021-04-07,163.969498
2021-04-08,164.964996
2021-04-09,168.610001
2021-04-12,168.969498
2021-04-13,170.000000
2021-04-14,166.649994
2021-04-15,168.954498
2021-04-16,169.972000
2021-04-19,168.600494
2021-04-20,166.734497
2021-04-21,168.100998
2021-04-22,165.451996
2021-04-23,167.044006
2021-04-26,170.449997
2021-04-27,170.871506
2021-04-28,172.925003
2021-04-29,173.565506
2021-04-30,173.371002
2021-05-03,169.324493
2021-05-04,165.593506
2021-05-05,163.526993
2021-05-06,165.318497
2021-05-07,164.580505
2021-05-10,159.524506
2021-05-11,161.195496
2021-05-12,157.597000
2021-05-13,158.073502
2021-05-14,161.145004
2021-05-17,163.519501
2021-05-18,161.613998
2021-05-19,161.589996
2021-05-20,162.384003
2021-05-21,160.154007
2021-05-24,162.249496
2021-05-25,162.952499
2021-05-26,163.257996
2021-05-27,161.505493
2021-05-28,161.153503
2021-06-01,160.932495
2021-06-02,161.699493
2021-06-03,159.350494
2021-06-04,160.311005
2021-06-07,159.900497
2021-06-08,163.205505
2021-06-09,164.057495
2021-06-10,167.482498
2021-06-11,167.341507
2021-06-14,169.193497
2021-06-15,169.156494
2021-06-16,170.762497
2021-06-17,174.462006
2021-06-18,174.345001
2021-06-21,172.697998
2021-06-22,175.272003
2021-06-23,175.190994
2021-06-24,172.453995
2021-06-25,170.072998
2021-06-28,172.194504
2021-06-29,172.406998
2021-06-30,172.007996
2021-07-01,171.648499
2021-07-02,175.548996
2021-07-06,183.787003
2021-07-07,184.828995
2021-07-08,186.570496
2021-07-09,185.966995
2021-07-12,185.927505
2021-07-13,183.867996
2021-07-14,184.084000
2021-07-15,181.559998
2021-07-16,178.681503
2021-07-19,177.479507
2021-07-20,178.659500
2021-07-21,179.259995
2021-07-22,181.901505
2021-07-23,182.832001
2021-07-26,184.990997
2021-07-27,181.319504
2021-07-28,181.516006
2021-07-29,179.996002
2021-07-30,166.379501
2021-08-02,166.574005
2021-08-03,168.311996
2021-08-04,167.735992
2021-08-05,168.799500
2021-08-06,167.246994
2021-08-09,167.093506
2021-08-10,166.033997
2021-08-11,164.605499
2021-08-12,165.175003
2021-08-13,164.698502
2021-08-16,164.949493
2021-08-17,162.098007
2021-08-18,160.061005
2021-08-19,159.387497
2021-08-20,159.997498
2021-08-23,163.293503
2021-08-24,165.289001
2021-08-25,164.959000
2021-08-26,165.800003
2021-08-27,167.481506
2021-08-30,171.078506
2021-08-31,173.539505
2021-09-01,173.949997
2021-09-02,173.156006
2021-09-03,173.902496
2021-09-07,175.464493
2021-09-08,176.274994
2021-09-09,174.207993
2021-09-10,173.457504
2021-09-13,172.858505
2021-09-14,172.500000
2021-09-15,173.789505
2021-09-16,174.412003
2021-09-17,173.126007
2021-09-20,167.786499
2021-09-21,167.181503
2021-09-22,169.002502
2021-09-23,170.800003
2021-09-24,171.276001
2021-09-27,170.289993
2021-09-28,165.798004
2021-09-29,165.056000
2021-09-30,164.251999
2021-10-01,164.162994
2021-10-04,159.488998
2021-10-05,161.050003
2021-10-06,163.100494
2021-10-07,165.121506
2021-10-08,164.431000
2021-10-11,162.315002
2021-10-12,162.366501
2021-10-13,164.214005
2021-10-14,164.992996
2021-10-15,170.451004
2021-10-18,172.337006
2021-10-19,172.207504
2021-10-20,170.753006
2021-10-21,171.750504
2021-10-22,166.777496
2021-10-25,166.018494
2021-10-26,168.803497
2021-10-27,169.624496
2021-10-28,172.328506
2021-10-29,168.621506
2021-11-01,165.905502
2021-11-02,165.637497
2021-11-03,169.199997
2021-11-04,173.850006
2021-11-05,175.949493
2021-11-08,174.449005
2021-11-09,178.811493
2021-11-10,174.102493
2021-11-11,173.625000
2021-11-12,176.257507
2021-11-15,177.283997
2021-11-16,177.035004
2021-11-17,177.449997
2021-11-18,184.802994
2021-11-19,183.828506
2021-11-22,178.628494
2021-11-23,179.001999
2021-11-24,179.020493
2021-11-26,175.227997
2021-11-29,178.078506
2021-11-30,175.353500
2021-12-01,172.186005
2021-12-02,171.867996
2021-12-03,169.489502
2021-12-06,171.368500
2021-12-07,176.164505
2021-12-08,176.158005
2021-12-09,174.171005
2021-12-10,172.212006
2021-12-13,169.567505
2021-12-14,169.091507
2021-12-15,173.315002
2021-12-16,168.871002
2021-12-17,170.017502
2021-12-20,167.078995
2021-12-21,170.417007
2021-12-22,171.037003
2021-12-23,171.068497
2021-12-27,169.669495
2021-12-28,170.660995
2021-12-29,169.201004
2021-12-30,168.644501
2021-12-31,166.716995
2022-01-03,170.404495
2022-01-04,167.522003
2022-01-05,164.356995
2022-01-06,163.253998
2022-01-07,162.554001
2022-01-10,161.485992
2022-01-11,165.362000
2022-01-12,165.207001
2022-01-13,161.214005
2022-01-14,162.138000
2022-01-18,158.917496
2022-01-19,156.298996
2022-01-20,151.667496
2022-01-21,142.643005
2022-01-24,144.544006
2022-01-25,139.985992
2022-01-26,138.872498
2022-01-27,139.637497
2022-01-28,143.977997
2022-01-31,149.573502
2022-02-01,151.193497
2022-02-02,150.612503
2022-02-03,138.845505
2022-02-04,157.639496
2022-02-07,157.935501
2022-02-08,161.413498
2022-02-09,161.189499
2022-02-10,159.003494
2022-02-11,153.293503
2022-02-14,155.167007
2022-02-15,156.510498
2022-02-16,158.100494
2022-02-17,154.652496
2022-02-18,152.601501
2022-02-22,150.197495
2022-02-23,144.826996
2022-02-24,151.358002
2022-02-25,153.788498
2022-02-28,153.563004
2022-03-01,151.141998
2022-03-02,152.052505
2022-03-03,147.898499
2022-03-04,145.641006
2022-03-07,137.453003
2022-03-08,136.014496
2022-03-09,139.279007
2022-03-10,146.817505
2022-03-11,145.524506
2022-03-14,141.852997
2022-03-15,147.366501
2022-03-16,153.104004
2022-03-17,157.238998
2022-03-18,161.250504
2022-03-21,161.491501
2022-03-22,164.889008
2022-03-23,163.408005
2022-03-24,163.649506
2022-03-25,164.773499
2022-03-28,168.990494
2022-03-29,169.315002
2022-03-30,166.300995
2022-03-31,162.997498
2022-04-01,163.559998
2022-04-04,168.346497
2022-04-05,164.054993
2022-04-06,158.755997
2022-04-07,157.784500
2022-04-08,154.460495
2022-04-11,151.121994
2022-04-12,150.787506
2022-04-13,155.541000
2022-04-14,151.706497
2022-04-18,152.785004
2022-04-19,158.115494
2022-04-20,153.998001
2022-04-21,148.296005
2022-04-22,144.350006
2022-04-25,146.074005
2022-04-26,139.391006
2022-04-27,138.167007
2022-04-28,144.596497
2022-04-29,124.281502
2022-05-02,124.500000
2022-05-03,124.253502
2022-05-04,125.928497
2022-05-05,116.406998
2022-05-06,114.772499
2022-05-09,108.789001
2022-05-10,108.859001
2022-05-11,105.372002
2022-05-12,106.930496
2022-05-13,113.055000
2022-05-16,110.810501
2022-05-17,115.368500
2022-05-18,107.112503
2022-05-19,107.319000
2022-05-20,107.591003
2022-05-23,107.556999
2022-05-24,104.099998
2022-05-25,106.775002
2022-05-26,111.077499
2022-05-27,115.146500
2022-05-31,120.209503
2022-06-01,121.683998
2022-06-02,125.511002
2022-06-03,122.349998
2022-06-06,124.790001
2022-06-07,123.000000
2022-06-08,121.180000
2022-06-09,116.150002
2022-06-10,109.650002
2022-06-13,103.669998
2022-06-14,102.309998
2022-06-15,107.669998
2022-06-16,103.660004
2022-06-17,106.220001
2022-06-21,108.680000
2022-06-22,108.949997
2022-06-23,112.440002
2022-06-24,116.459999
2022-06-27,113.220001
2022-06-28,107.400002
2022-06-29,108.919998
2022-06-30,106.209999
2022-07-01,109.559998
2022-07-05,113.500000
2022-07-06,114.330002
2022-07-07,116.330002
2022-07-08,115.540001
2022-07-11,111.750000
2022-07-12,109.220001
2022-07-13,110.400002
2022-07-14,110.629997
2022-07-15,113.550003
2022-07-18,113.760002
2022-07-19,118.209999
2022-07-20,122.769997
2022-07-21,124.629997
2022-07-22,122.419998
2022-07-25,121.139999
2022-07-26,114.809998
2022-07-27,120.970001
2022-07-28,122.279999
2022-07-29,134.949997
2022-08-01,135.389999
2022-08-02,134.160004
2022-08-03,139.520004
2022-08-04,142.570007
2022-08-05,140.800003
2022-08-08,139.410004
2022-08-09,137.830002
2022-08-10,142.690002
2022-08-11,140.639999
2022-08-12,143.550003
2022-08-15,143.179993
2022-08-16,144.779999
2022-08-17,142.100006
2022-08-18,142.300003
2022-08-19,138.229996
2022-08-22,133.220001
2022-08-23,133.619995
2022-08-24,133.800003
2022-08-25,137.279999
2022-08-26,130.750000
2022-08-29,129.789993
2022-08-30,128.729996
2022-08-31,126.769997
2022-09-01,127.820000
2022-09-02,127.510002
2022-09-06,126.110001
2022-09-07,129.479996
2022-09-08,129.820007
2022-09-09,133.270004
2022-09-12,136.449997
2022-09-13,126.820000
2022-09-14,128.550003
2022-09-15,126.279999
2022-09-16,123.529999
2022-09-19,124.660004
2022-09-20,122.190002
2022-09-21,118.540001
2022-09-22,117.309998
2022-09-23,113.779999
2022-09-26,115.150002
2022-09-27,114.410004
2022-09-28,118.010002
2022-09-29,114.800003
2022-09-30,113.000000
2022-10-03,115.879997
2022-10-04,121.089996
2022-10-05,120.949997
2022-10-06,120.300003
2022-10-07,114.559998
2022-10-10,113.669998
2022-10-11,112.209999
2022-10-12,112.900002
2022-10-13,112.529999
2022-10-14,106.900002
2022-10-17,113.790001
2022-10-18,116.360001
2022-10-19,115.070000
2022-10-20,115.250000
2022-10-21,119.320000
2022-10-24,119.820000
2022-10-25,120.599998
2022-10-26,115.660004
2022-10-27,110.959999
2022-10-28,103.410004
2022-10-31,102.440002
2022-11-01,96.790001
2022-11-02,92.120003
2022-11-03,89.300003
2022-11-04,90.980003
2022-11-07,90.529999
2022-11-08,89.980003
2022-11-09,86.139999
2022-11-10,96.629997
2022-11-11,100.790001
2022-11-14,98.489998
2022-11-15,98.940002
2022-11-16,97.120003
2022-11-17,94.849998
2022-11-18,94.139999
2022-11-21,92.459999
2022-11-22,93.199997
2022-11-23,94.129997
2022-11-25,93.410004
2022-11-28,93.949997
2022-11-29,92.419998
2022-11-30,96.540001
2022-12-01,95.500000
2022-12-02,94.129997
2022-12-05,91.010002
2022-12-06,88.250000
2022-12-07,88.459999
2022-12-08,90.349998
2022-12-09,89.089996
2022-12-12,90.550003
2022-12-13,92.489998
2022-12-14,91.580002
2022-12-15,88.449997
2022-12-16,87.860001
2022-12-19,84.919998
2022-12-20,85.190002
2022-12-21,86.769997
2022-12-22,83.790001
2022-12-23,85.250000
2022-12-27,83.040001
2022-12-28,81.820000
2022-12-29,84.180000
2022-12-30,84.000000
2023-01-03,85.820000
2023-01-04,85.139999
2023-01-05,83.120003
2023-01-06,86.080002
2023-01-09,87.360001
2023-01-10,89.870003
2023-01-11,95.089996
2023-01-12,95.269997
2023-01-13,98.120003
2023-01-17,96.050003
2023-01-18,95.459999
2023-01-19,93.680000
2023-01-20,97.250000
2023-01-23,97.519997
2023-01-24,96.320000
2023-01-25,97.180000
2023-01-26,99.220001
2023-01-27,102.239998
2023-01-30,100.550003
2023-01-31,103.129997
2023-02-01,105.150002
2023-02-02,112.910004
2023-02-03,103.389999
2023-02-06,102.180000
2023-02-07,102.110001
2023-02-08,100.050003
2023-02-09,98.239998
2023-02-10,97.610001
2023-02-13,99.540001
2023-02-14,99.699997
2023-02-15,101.160004
2023-02-16,98.150002
2023-02-17,97.199997
2023-02-21,94.580002
2023-02-22,95.790001
2023-02-23,95.820000
2023-02-24,93.500000
2023-02-27,93.760002
2023-02-28,94.230003
2023-03-01,92.169998
2023-03-02,92.129997
2023-03-03,94.900002
2023-03-06,93.750000
2023-03-07,93.550003
2023-03-08,93.919998
2023-03-09,92.250000
2023-03-10,90.730003
2023-03-13,92.430000
2023-03-14,94.879997
2023-03-15,96.199997
2023-03-16,100.040001
2023-03-17,98.949997
2023-03-20,97.709999
2023-03-21,100.610001
2023-03-22,98.699997
2023-03-23,98.709999
2023-03-24,98.129997
2023-03-27,98.040001
2023-03-28,97.239998
2023-03-29,100.250000
2023-03-30,102.000000
2023-03-31,103.290001
2023-04-03,102.410004
2023-04-04,103.949997
2023-04-05,101.099998
2023-04-06,102.059998
2023-04-10,102.169998
2023-04-11,99.919998
2023-04-12,97.830002
2023-04-13,102.400002
2023-04-14,102.510002
2023-04-17,102.739998
2023-04-18,102.300003
2023-04-19,104.300003
2023-04-20,103.809998
2023-04-21,106.959999
2023-04-24,106.209999
2023-04-25,102.570000
2023-04-26,104.980003
2023-04-27,109.820000
2023-04-28,105.449997
2023-05-01,102.050003
2023-05-02,103.629997
2023-05-03,103.650002
2023-05-04,104.000000
2023-05-05,105.660004
2023-05-08,105.830002
2023-05-09,106.620003
2023-05-10,110.190002
2023-05-11,112.180000
2023-05-12,110.260002
2023-05-15,111.199997
2023-05-16,113.400002
2023-05-17,115.500000
2023-05-18,118.150002
2023-05-19,116.250000
2023-05-22,115.010002
2023-05-23,114.989998
2023-05-24,116.750000
2023-05-25,115.000000
2023-05-26,120.110001
2023-05-30,121.660004
2023-05-31,120.580002
2023-06-01,122.769997
2023-06-02,124.250000
2023-06-05,125.300003
2023-06-06,126.610001
2023-06-07,121.230003
2023-06-08,124.250000
2023-06-09,123.430000
2023-06-12,126.570000
2023-06-13,126.660004
2023-06-14,126.419998
2023-06-15,127.110001
2023-06-16,125.489998
2023-06-20,125.779999
2023-06-21,124.830002
2023-06-22,130.149994
2023-06-23,129.330002
2023-06-26,127.330002
2023-06-27,129.179993
2023-06-28,129.039993
2023-06-29,127.900002
2023-06-30,130.360001
2023-07-03,130.220001
2023-07-05,130.380005
2023-07-06,128.360001
2023-07-07,129.779999
2023-07-10,127.129997
2023-07-11,128.779999
2023-07-12,130.800003
2023-07-13,134.300003
2023-07-14,134.679993
2023-07-17,133.559998
2023-07-18,132.830002
2023-07-19,135.360001
2023-07-20,129.960007
2023-07-21,130.000000
2023-07-24,128.800003
2023-07-25,129.130005
2023-07-26,128.149994
2023-07-27,128.250000
2023-07-28,132.210007
2023-07-31,133.679993
2023-08-01,131.690002
2023-08-02,128.210007
2023-08-03,128.910004
2023-08-04,139.570007
2023-08-07,142.220001
2023-08-08,139.940002
2023-08-09,137.850006
2023-08-10,138.559998
2023-08-11,138.410004
2023-08-14,140.570007
2023-08-15,137.669998
2023-08-16,135.070007
2023-08-17,133.979996
2023-08-18,133.220001
2023-08-21,134.679993
2023-08-22,134.250000
2023-08-23,135.520004
2023-08-24,131.839996
2023-08-25,133.259995
2023-08-28,133.139999
2023-08-29,134.910004
2023-08-30,135.070007
2023-08-31,138.009995
2023-09-01,138.119995
2023-09-05,137.270004
2023-09-06,135.360001
2023-09-07,137.850006
2023-09-08,138.229996
2023-09-11,143.100006
2023-09-12,141.229996
2023-09-13,144.850006
2023-09-14,144.720001
2023-09-15,140.389999
2023-09-18,139.979996
2023-09-19,137.630005
2023-09-20,135.289993
2023-09-21,129.330002
2023-09-22,129.119995
2023-09-25,131.270004
2023-09-26,125.980003
2023-09-27,125.980003
2023-09-28,125.980003
2023-09-29,127.120003
2023-10-02,129.460007
2023-10-03,124.720001
2023-10-04,127.000000
2023-10-05,125.959999
2023-10-06,127.959999
2023-10-09,128.259995
2023-10-10,129.479996
2023-10-11,131.830002
2023-10-12,132.330002
2023-10-13,129.789993
2023-10-16,132.550003
2023-10-17,131.470001
2023-10-18,128.130005
2023-10-19,128.399994
2023-10-20,125.169998
2023-10-23,126.559998
2023-10-24,128.559998
2023-10-25,121.389999
2023-10-26,119.570000
2023-10-27,127.739998
2023-10-30,132.710007
2023-10-31,133.089996
2023-11-01,137.000000
2023-11-02,138.070007
2023-11-03,138.600006
2023-11-06,139.740005
2023-11-07,142.710007
2023-11-08,142.080002
2023-11-09,140.600006
2023-11-10,143.559998
2023-11-13,142.589996
2023-11-14,145.800003
2023-11-15,143.199997
2023-11-16,142.830002
2023-11-17,145.179993
2023-11-20,146.130005
2023-11-21,143.899994
2023-11-22,146.710007
2023-11-24,146.740005
2023-11-27,147.729996
2023-11-28,147.029999
2023-11-29,146.320007
2023-11-30,146.089996
2023-12-01,147.029999
2023-12-04,144.839996
2023-12-05,146.880005
2023-12-06,144.520004
2023-12-07,146.880005
2023-12-08,147.419998
2023-12-11,145.889999
2023-12-12,147.479996
2023-12-13,148.839996
2023-12-14,147.419998
2023-12-15,149.970001
2023-12-18,154.070007
2023-12-19,153.789993
2023-12-20,152.119995
2023-12-21,153.839996
2023-12-22,153.419998
2023-12-26,153.410004
2023-12-27,153.339996
2023-12-28,153.380005
2023-12-29,151.940002
2024-01-02,149.929993
2024-01-03,148.470001
2024-01-04,144.570007
2024-01-05,145.240005
2024-01-08,149.100006
2024-01-09,151.369995
2024-01-10,153.729996
2024-01-11,155.179993
2024-01-12,154.619995
2024-01-16,153.160004
2024-01-17,151.710007
2024-01-18,153.500000
2024-01-19,155.339996
2024-01-22,154.779999
2024-01-23,156.020004
2024-01-24,156.869995
2024-01-25,157.750000
2024-01-26,159.119995
2024-01-29,161.259995
2024-01-30,159.000000
2024-01-31,155.199997
2024-02-01,159.279999
2024-02-02,171.809998
2024-02-05,170.309998
2024-02-06,169.149994
2024-02-07,170.529999
2024-02-08,169.839996
2024-02-09,174.449997
2024-02-12,172.339996
2024-02-13,168.639999
2024-02-14,170.979996
2024-02-15,169.800003
2024-02-16,169.509995
2024-02-20,167.080002
2024-02-21,168.589996
2024-02-22,174.580002
2024-02-23,174.990005
2024-02-26,174.729996
2024-02-27,173.539993
2024-02-28,173.160004
2024-02-29,176.759995
2024-03-01,178.220001
2024-03-04,177.580002
2024-03-05,174.119995
2024-03-06,173.509995
2024-03-07,176.820007
2024-03-08,175.350006
2024-03-11,171.960007
2024-03-12,175.389999
2024-03-13,176.559998
2024-03-14,178.750000
2024-03-15,174.419998
2024-03-18,174.479996
2024-03-19,175.899994
2024-03-20,178.149994
2024-03-21,178.149994
2024-03-22,178.869995
2024-03-25,179.710007
2024-03-26,178.300003
2024-03-27,179.830002
2024-03-28,180.380005
2024-04-01,180.970001
2024-04-02,180.690002
2024-04-03,182.410004
2024-04-04,180.000000
2024-04-05,185.070007
2024-04-08,185.190002
2024-04-09,185.669998
2024-04-10,185.949997
2024-04-11,189.050003
2024-04-12,186.130005
2024-04-15,183.619995
2024-04-16,183.320007
2024-04-17,181.279999
2024-04-18,179.220001
2024-04-19,174.630005
2024-04-22,177.229996
2024-04-23,179.539993
2024-04-24,176.589996
2024-04-25,173.669998
2024-04-26,179.619995
2024-04-29,180.960007
2024-04-30,175.000000
2024-05-01,179.000000
2024-05-02,184.720001
2024-05-03,186.210007
2024-05-06,188.699997
2024-05-07,188.759995
2024-05-08,188.000000
2024-05-09,189.500000
2024-05-10,187.479996
2024-05-13,186.570007
2024-05-14,187.070007
2024-05-15,185.990005
2024-05-16,183.630005
2024-05-17,184.699997
2024-05-20,183.539993
2024-05-21,183.149994
2024-05-22,183.130005
2024-05-23,181.050003
2024-05-24,180.750000
2024-05-28,182.149994
2024-05-29,182.020004
2024-05-30,179.320007
2024-05-31,176.440002
2024-06-03,178.339996
2024-06-04,179.339996
2024-06-05,181.279999
2024-06-06,185.000000
2024-06-07,184.300003
2024-06-10,187.059998
2024-06-11,187.229996
2024-06-12,186.889999
2024-06-13,183.830002
2024-06-14,183.660004
2024-06-17,184.059998
2024-06-18,182.809998
2024-06-20,186.100006
2024-06-21,189.080002
2024-06-24,185.570007
2024-06-25,186.339996
2024-06-26,193.610001
2024-06-27,197.850006
2024-06-28,193.250000
2024-07-01,197.199997
2024-07-02,200.000000
2024-07-03,197.589996
2024-07-05,200.000000
2024-07-08,199.289993
2024-07-09,199.339996
2024-07-10,199.789993
2024-07-11,195.050003
2024-07-12,194.490005
2024-07-15,192.720001
2024-07-16,193.020004
2024-07-17,187.929993
2024-07-18,183.750000
2024-07-19,183.130005
2024-07-22,182.550003
2024-07-23,186.410004
2024-07-24,180.830002
2024-07-25,179.850006
2024-07-26,182.500000
2024-07-29,183.199997
2024-07-30,181.710007
2024-07-31,186.979996
2024-08-01,184.070007
2024-08-02,167.899994
2024-08-05,161.020004
2024-08-06,161.929993
2024-08-07,162.770004
2024-08-08,165.800003
2024-08-09,166.940002
2024-08-12,166.800003
2024-08-13,170.229996
2024-08-14,170.100006
2024-08-15,177.589996
2024-08-16,177.059998
2024-08-19,178.220001
2024-08-20,178.880005
2024-08-21,180.110001
2024-08-22,176.130005
2024-08-23,177.039993
2024-08-26,175.500000
2024-08-27,173.119995
2024-08-28,170.800003
2024-08-29,172.119995
2024-08-30,178.500000
2024-09-03,176.250000
2024-09-04,173.330002
2024-09-05,177.889999
2024-09-06,171.389999
2024-09-09,175.399994
2024-09-10,179.550003
2024-09-11,184.520004
2024-09-12,187.000000
2024-09-13,186.490005
2024-09-16,184.889999
2024-09-17,186.880005
2024-09-18,186.429993
2024-09-19,189.869995
2024-09-20,191.600006
2024-09-23,193.880005
2024-09-24,193.960007
2024-09-25,192.529999
2024-09-26,191.160004
2024-09-27,187.970001
2024-09-30,186.330002
2024-10-01,185.130005
2024-10-02,184.759995
2024-10-03,181.960007
2024-10-04,186.509995
2024-10-07,180.800003
2024-10-08,182.720001
2024-10-09,185.169998
2024-10-10,186.649994
2024-10-11,188.820007
2024-10-14,187.539993
2024-10-15,187.690002
2024-10-16,186.889999
2024-10-17,187.529999
2024-10-18,188.990005
2024-10-21,189.070007
2024-10-22,189.699997
2024-10-23,184.710007
2024-10-24,186.380005
2024-10-25,187.830002
2024-10-28,188.389999
2024-10-29,190.830002
2024-10-30,192.729996
2024-10-31,186.399994
2024-11-01,197.929993
2024-11-04,195.779999
2024-11-05,199.500000
2024-11-06,207.089996
2024-11-07,210.050003
2024-11-08,208.179993
2024-11-11,206.839996
2024-11-12,208.910004
2024-11-13,214.100006
2024-11-14,211.479996
2024-11-15,202.610001
2024-11-18,201.699997
2024-11-19,204.610001
2024-11-20,202.880005
2024-11-21,198.380005
2024-11-22,197.119995
2024-11-25,201.449997
2024-11-26,207.860001
2024-11-27,205.740005
2024-11-29,207.889999
2024-12-02,210.710007
2024-12-03,213.440002
2024-12-04,218.160004
2024-12-05,220.550003
2024-12-06,227.029999
2024-12-09,226.089996
2024-12-10,225.039993
2024-12-11,230.259995
2024-12-12,228.970001
2024-12-13,227.460007
2024-12-16,232.929993
2024-12-17,231.149994
2024-12-18,220.520004
2024-12-19,223.289993
2024-12-20,224.919998
2024-12-23,225.059998
2024-12-24,229.050003
2024-12-26,227.050003
2024-12-27,223.750000
2024-12-30,221.300003
2024-12-31,219.389999
2025-01-02,220.220001
2025-01-03,224.190002
2025-01-06,227.610001
2025-01-07,222.110001
2025-01-08,222.130005
2025-01-10,218.940002
2025-01-13,218.460007
2025-01-14,217.759995
2025-01-15,223.350006
2025-01-16,220.660004
2025-01-17,225.940002
2025-01-21,230.710007
2025-01-22,235.009995
2025-01-23,235.419998
2025-01-24,234.850006
2025-01-27,235.419998
2025-01-28,238.149994
2025-01-29,237.070007
2025-01-30,234.639999
2025-01-31,237.679993
2025-02-03,237.419998
2025-02-04,242.059998
2025-02-05,236.169998
2025-02-06,238.830002
2025-02-07,229.149994
2025-02-10,233.139999
2025-02-11,232.759995
2025-02-12,228.929993
2025-02-13,230.369995
2025-02-14,228.679993
2025-02-18,226.649994
2025-02-19,226.630005
2025-02-20,222.880005
2025-02-21,216.580002
2025-02-24,212.710007
2025-02-25,212.800003
2025-02-26,214.350006
2025-02-27,208.740005
2025-02-28,212.279999
2025-03-03,205.020004
2025-03-04,203.800003
2025-03-05,208.360001
2025-03-06,200.699997
2025-03-07,199.250000
2025-03-10,194.539993
2025-03-11,196.589996
2025-03-12,198.889999
2025-03-13,193.889999
2025-03-14,197.949997
2025-03-17,195.740005
2025-03-18,192.820007
2025-03-19,195.539993
2025-03-20,194.949997
2025-03-21,196.210007
2025-03-24,203.259995
2025-03-25,205.710007
2025-03-26,201.130005
2025-03-27,201.360001
2025-03-28,192.720001
2025-03-31,190.259995
2025-04-01,192.169998
2025-04-02,196.009995
2025-04-03,178.410004
2025-04-04,171.000000
2025-04-07,175.259995
2025-04-08,170.660004
2025-04-09,191.100006
2025-04-10,181.220001
2025-04-11,184.869995
2025-04-14,182.119995
2025-04-15,179.589996
2025-04-16,174.330002
2025-04-17,172.610001
2025-04-21,167.320007
2025-04-22,173.179993
2025-04-23,180.600006
2025-04-24,186.539993
2025-04-25,188.990005
2025-04-28,187.699997
2025-04-29,187.389999
2025-04-30,184.419998
2025-05-01,190.199997
2025-05-02,189.979996
2025-05-05,186.350006
2025-05-06,185.009995
2025-05-07,188.710007
2025-05-08,192.080002
2025-05-09,193.059998
2025-05-12,208.639999
2025-05-13,211.369995
2025-05-14,210.250000
2025-05-15,205.169998
2025-05-16,205.589996
2025-05-19,206.160004
2025-05-20,204.070007
2025-05-21,201.119995
2025-05-22,203.100006
2025-05-23,200.990005
2025-05-27,206.020004
2025-05-28,204.720001
2025-05-29,205.699997
2025-05-30,205.009995
2025-06-02,206.649994
2025-06-03,205.710007
2025-06-04,207.229996
2025-06-05,207.910004
2025-06-06,213.570007
2025-06-09,216.979996
2025-06-10,217.610001
2025-06-11,213.199997
2025-06-12,213.240005
2025-06-13,212.100006
2025-06-16,216.100006
2025-06-17,214.820007
2025-06-18,212.520004
2025-06-20,209.690002
2025-06-23,208.470001
2025-06-24,212.770004
2025-06-25,211.990005
2025-06-26,217.119995
2025-06-27,223.300003
2025-06-30,219.389999
2025-07-01,220.460007
2025-07-02,219.919998
2025-07-03,223.410004
2025-07-07,223.470001
2025-07-08,219.360001
2025-07-09,222.539993
2025-07-10,222.259995
2025-07-11,225.020004
2025-07-14,225.690002
2025-07-15,226.350006
2025-07-16,223.190002
2025-07-17,223.880005
2025-07-18,226.130005
2025-07-21,229.300003
2025-07-22,227.470001
2025-07-23,228.289993
2025-07-24,232.229996
2025-07-25,231.440002
2025-07-28,232.789993
2025-07-29,231.009995
2025-07-30,230.190002
2025-07-31,234.110001
2025-08-01,214.750000
2025-08-04,211.649994
2025-08-05,213.750000
2025-08-06,222.309998
2025-08-07,223.130005
2025-08-08,222.690002
2025-08-11,221.300003
2025-08-12,221.470001
2025-08-13,224.559998
2025-08-14,230.979996
2025-08-15,231.029999
2025-08-18,231.490005
2025-08-19,228.009995
2025-08-20,223.809998
2025-08-21,221.949997
2025-08-22,228.839996
2025-08-25,227.940002
2025-08-26,228.710007
2025-08-27,229.119995
2025-08-28,231.600006
2025-08-29,229.000000
2025-09-02,225.339996
2025-09-03,225.990005
2025-09-04,235.679993
2025-09-05,232.330002
2025-09-08,235.839996
2025-09-09,238.240005
2025-09-10,230.330002
2025-09-11,229.949997
2025-09-12,228.149994
2025-09-15,231.429993
2025-09-16,234.050003
2025-09-17,231.619995
2025-09-18,231.229996
2025-09-19,231.479996
2025-09-22,227.630005
2025-09-23,220.710007
2025-09-24,220.210007
2025-09-25,218.149994
2025-09-26,219.779999
2025-09-29,222.169998
2025-09-30,219.570007
2025-10-01,220.630005
2025-10-02,222.410004
2025-10-03,219.509995
2025-10-06,220.899994
2025-10-07,221.779999
2025-10-08,225.220001
2025-10-09,227.740005
2025-10-10,216.369995
2025-10-13,220.070007
2025-10-14,216.389999
2025-10-15,215.570007
2025-10-16,214.470001
2025-10-17,213.039993
2025-10-20,216.479996
2025-10-21,222.029999
2025-10-22,217.949997
2025-10-23,221.089996
2025-10-24,224.210007
2025-10-27,226.970001
2025-10-28,229.250000
2025-10-29,230.300003
2025-10-30,222.860001
2025-10-31,244.220001
2025-11-03,254.000000
2025-11-04,249.320007
2025-11-05,250.199997
2025-11-06,243.039993
2025-11-07,244.410004
2025-11-10,248.399994
2025-11-11,249.100006
2025-11-12,244.199997
2025-11-13,237.580002
2025-11-14,234.690002
2025-11-17,232.869995
2025-11-18,222.550003
2025-11-19,222.690002
2025-11-20,217.139999
2025-11-21,220.690002
2025-11-24,226.279999
2025-11-25,229.669998
2025-11-26,229.160004
2025-11-28,233.220001
2025-12-01,233.880005
2025-12-02,234.419998
2025-12-03,232.380005
2025-12-04,229.110001
2025-12-05,229.529999
2025-12-08,226.889999
2025-12-09,227.919998
2025-12-10,231.779999
2025-12-11,230.279999
2025-12-12,226.190002
2025-12-15,222.539993
2025-12-16,222.559998
2025-12-17,221.270004
2025-12-18,226.759995
2025-12-19,227.350006
2025-12-22,228.429993
2025-12-23,232.139999
2025-12-24,232.380005
2025-12-26,232.520004
2025-12-29,232.070007
2025-12-30,232.529999
2025-12-31,230.820007
2026-01-02,226.500000
2026-01-05,233.059998
2026-01-06,240.929993
2026-01-07,241.559998
2026-01-08,246.289993
2026-01-09,247.380005
2026-01-12,246.470001
2026-01-13,242.600006
2026-01-14,236.649994
2026-01-15,238.179993
2026-01-16,239.119995
2026-01-20,231.000000
2026-01-21,231.309998
2026-01-22,234.339996
2026-01-23,239.160004
2026-01-26,238.419998
2026-01-27,244.679993
2026-01-28,243.009995
2026-01-29,241.729996
2026-01-30,239.300003
2026-02-02,242.960007
2026-02-03,238.619995
2026-02-04,232.990005
2026-02-05,222.690002
2026-02-06,210.320007
2026-02-09,208.720001
2026-02-10,206.960007
2026-02-11,204.080002
2026-02-12,199.600006
2026-02-13,198.789993
2026-02-17,201.149994
2026-02-18,204.789993
2026-02-19,204.860001
2026-02-20,210.110001
2026-02-23,205.270004
2026-02-24,208.559998
2026-02-25,210.639999
2026-02-26,207.919998
2026-02-27,210.000000
2026-03-02,208.389999
2026-03-03,208.729996
2026-03-04,216.820007
2026-03-05,218.940002
2026-03-06,213.210007
2026-03-09,213.490005
2026-03-10,214.330002
2026-03-11,212.649994
2026-03-12,209.529999
2026-03-13,207.669998
2026-03-16,211.740005
2026-03-17,215.199997
2026-03-18,209.869995
2026-03-19,208.759995
2026-03-20,205.369995
2026-03-23,210.139999
2026-03-24,207.240005
2026-03-25,211.710007
2026-03-26,207.539993
2026-03-27,199.339996
2026-03-30,200.949997
2026-03-31,208.270004
2026-04-01,210.570007
2026-04-02,209.770004
2026-04-06,212.789993
2026-04-07,213.770004
2026-04-08,221.250000
2026-04-09,233.649994
2026-04-10,238.380005
2026-04-13,239.889999
2026-04-14,249.020004
2026-04-15,248.500000
2026-04-16,249.699997
2026-04-17,250.559998
2026-04-20,248.279999
2026-04-21,249.910004
2026-04-22,255.360001
2026-04-23,255.080002
2026-04-24,263.989990
2026-04-27,261.119995
2026-04-28,259.700012
2026-04-29,263.040009
2026-04-30,265.059998
2026-05-01,268.260010
2026-05-04,272.049988
2026-05-05,273.549988
2026-05-06,274.989990
2026-05-07,271.170013
2026-05-08,272.679993
2026-05-11,268.989990
2026-05-12,265.820007
2026-05-13,270.130005
2026-05-14,267.220001
2026-05-15,264.140015
2026-05-18,264.859985
2026-05-19,259.339996
2026-05-20,265.010010
2026-05-21,268.459991
2026-05-22,266.320007
2026-05-26,265.290009
2026-05-27,271.850006
2026-05-28,274.000000
2026-05-29,270.640015
2026-06-01,261.260010
2026-06-02,256.519989
2026-06-03,250.020004
2026-06-04,253.789993
2026-06-05,246.029999
2026-06-08,245.220001
2026-06-09,244.190002
2026-06-10,238.000000
2026-06-11,241.509995
2026-06-12,238.550003
2026-06-15,246.020004
2026-06-16,246.000000
2026-06-17,237.500000
2026-06-18,244.389999
2026-06-22,232.789993
2026-06-23,234.110001
2026-06-24,234.270004
2026-06-25,227.009995
2026-06-26,232.690002
2026-06-29,240.139999
2026-06-30,238.339996
2026-07-01,241.699997
2026-07-02,242.669998
2026-07-06,244.160004
2026-07-07,245.979996
2026-07-08,243.619995
2026-07-09,247.039993
2026-07-10,245.339996
2026-07-13,247.309998
2026-07-14,247.490005
2026-07-15,254.960007
2026-07-16,249.889999
2026-07-17,247.229996
2026-07-20,249.990005
2026-07-21,247.550003
2026-07-22,244.850006
2026-07-23,233.660004
2026-07-24,232.110001
2026-07-27,231.389999
2026-07-28,230.860001
2026-07-29,226.649994
2026-07-30,235.500000
2026-07-31,271.579987
2026-08-03,284.019989
2026-08-04,277.420013
2026-08-05,272.649994
2026-08-06,272.260010
2026-08-07,274.480011
2026-08-10,278.089996
2026-08-11,272.269989
2026-08-12,267.279999
2026-08-13,265.130005
2026-08-14,262.649994
2026-08-17,261.309998
2026-08-18,259.450012
2026-08-19,265.839996
2026-08-20,260.109985
2026-08-21,258.630005
2026-08-24,262.070007
2026-08-25,261.059998
2026-08-26,260.279999
2026-08-27,256.260010
2026-08-28,266.429993
2026-08-31,259.769989
2026-09-01,254.919998
2026-09-02,254.979996
2026-09-03,258.899994
2026-09-04,258.510010
2026-09-08,256.970001
2026-09-09,252.399994
