d,c
1992-01-22,0.632813
1992-01-23,0.687500
1992-01-24,0.695313
1992-01-27,0.750000
1992-01-28,0.734375
1992-01-29,0.679688
1992-01-30,0.609375
1992-01-31,0.648438
1992-02-03,0.640625
1992-02-04,0.679688
1992-02-05,0.664063
1992-02-06,0.687500
1992-02-07,0.648438
1992-02-10,0.617188
1992-02-11,0.562500
1992-02-12,0.570313
1992-02-13,0.554688
1992-02-14,0.535156
1992-02-18,0.492188
1992-02-19,0.507813
1992-02-20,0.570313
1992-02-21,0.593750
1992-02-24,0.601563
1992-02-25,0.546875
1992-02-26,0.546875
1992-02-27,0.554688
1992-02-28,0.554688
1992-03-02,0.507813
1992-03-03,0.539063
1992-03-04,0.546875
1992-03-05,0.531250
1992-03-06,0.515625
1992-03-09,0.546875
1992-03-10,0.585938
1992-03-11,0.554688
1992-03-12,0.539063
1992-03-13,0.531250
1992-03-16,0.523438
1992-03-17,0.523438
1992-03-18,0.527344
1992-03-19,0.601563
1992-03-20,0.531250
1992-03-23,0.539063
1992-03-24,0.531250
1992-03-25,0.531250
1992-03-26,0.531250
1992-03-27,0.476563
1992-03-30,0.507813
1992-03-31,0.515625
1992-04-01,0.488281
1992-04-02,0.468750
1992-04-03,0.476563
1992-04-06,0.484375
1992-04-07,0.406250
1992-04-08,0.414063
1992-04-09,0.429688
1992-04-10,0.421875
1992-04-13,0.390625
1992-04-14,0.390625
1992-04-15,0.390625
1992-04-16,0.367188
1992-04-20,0.343750
1992-04-21,0.351563
1992-04-22,0.343750
1992-04-23,0.367188
1992-04-24,0.367188
1992-04-27,0.351563
1992-04-28,0.371094
1992-04-29,0.359375
1992-04-30,0.406250
1992-05-01,0.390625
1992-05-04,0.417969
1992-05-05,0.437500
1992-05-06,0.453125
1992-05-07,0.453125
1992-05-08,0.421875
1992-05-11,0.429688
1992-05-12,0.398438
1992-05-13,0.375000
1992-05-14,0.343750
1992-05-15,0.359375
1992-05-18,0.351563
1992-05-19,0.351563
1992-05-20,0.375000
1992-05-21,0.406250
1992-05-22,0.406250
1992-05-26,0.382813
1992-05-27,0.375000
1992-05-28,0.375000
1992-05-29,0.382813
1992-06-01,0.359375
1992-06-02,0.375000
1992-06-03,0.382813
1992-06-04,0.382813
1992-06-05,0.375000
1992-06-08,0.375000
1992-06-09,0.359375
1992-06-10,0.359375
1992-06-11,0.367188
1992-06-12,0.312500
1992-06-15,0.335938
1992-06-16,0.324219
1992-06-17,0.320313
1992-06-18,0.335938
1992-06-19,0.335938
1992-06-22,0.312500
1992-06-23,0.320313
1992-06-24,0.312500
1992-06-25,0.335938
1992-06-26,0.343750
1992-06-29,0.320313
1992-06-30,0.382813
1992-07-01,0.375000
1992-07-02,0.375000
1992-07-06,0.367188
1992-07-07,0.390625
1992-07-08,0.382813
1992-07-09,0.406250
1992-07-10,0.406250
1992-07-13,0.390625
1992-07-14,0.390625
1992-07-15,0.398438
1992-07-16,0.390625
1992-07-17,0.406250
1992-07-20,0.406250
1992-07-21,0.406250
1992-07-22,0.398438
1992-07-23,0.382813
1992-07-24,0.390625
1992-07-27,0.375000
1992-07-28,0.375000
1992-07-29,0.375000
1992-07-30,0.375000
1992-07-31,0.375000
1992-08-03,0.386719
1992-08-04,0.375000
1992-08-05,0.359375
1992-08-06,0.347656
1992-08-07,0.347656
1992-08-10,0.320313
1992-08-11,0.320313
1992-08-12,0.320313
1992-08-13,0.335938
1992-08-14,0.335938
1992-08-17,0.335938
1992-08-18,0.335938
1992-08-19,0.320313
1992-08-20,0.324219
1992-08-21,0.328125
1992-08-24,0.335938
1992-08-25,0.320313
1992-08-26,0.312500
1992-08-27,0.312500
1992-08-28,0.312500
1992-08-31,0.312500
1992-09-01,0.316406
1992-09-02,0.328125
1992-09-03,0.328125
1992-09-04,0.320313
1992-09-08,0.324219
1992-09-09,0.324219
1992-09-10,0.324219
1992-09-11,0.328125
1992-09-14,0.328125
1992-09-15,0.328125
1992-09-16,0.332031
1992-09-17,0.343750
1992-09-18,0.328125
1992-09-21,0.328125
1992-09-22,0.328125
1992-09-23,0.335938
1992-09-24,0.343750
1992-09-25,0.351563
1992-09-28,0.351563
1992-09-29,0.335938
1992-09-30,0.351563
1992-10-01,0.343750
1992-10-02,0.343750
1992-10-05,0.343750
1992-10-06,0.328125
1992-10-07,0.351563
1992-10-08,0.351563
1992-10-09,0.351563
1992-10-12,0.351563
1992-10-13,0.359375
1992-10-14,0.351563
1992-10-15,0.351563
1992-10-16,0.351563
1992-10-19,0.375000
1992-10-20,0.367188
1992-10-21,0.378906
1992-10-22,0.390625
1992-10-23,0.390625
1992-10-26,0.417969
1992-10-27,0.433594
1992-10-28,0.437500
1992-10-29,0.437500
1992-10-30,0.429688
1992-11-02,0.429688
1992-11-03,0.445313
1992-11-04,0.429688
1992-11-05,0.414063
1992-11-06,0.406250
1992-11-09,0.429688
1992-11-10,0.437500
1992-11-11,0.445313
1992-11-12,0.460938
1992-11-13,0.453125
1992-11-16,0.453125
1992-11-17,0.453125
1992-11-18,0.429688
1992-11-19,0.429688
1992-11-20,0.421875
1992-11-23,0.421875
1992-11-24,0.406250
1992-11-25,0.437500
1992-11-27,0.437500
1992-11-30,0.492188
1992-12-01,0.492188
1992-12-02,0.468750
1992-12-03,0.484375
1992-12-04,0.484375
1992-12-07,0.492188
1992-12-08,0.507813
1992-12-09,0.492188
1992-12-10,0.460938
1992-12-11,0.437500
1992-12-14,0.429688
1992-12-15,0.437500
1992-12-16,0.437500
1992-12-17,0.515625
1992-12-18,0.484375
1992-12-21,0.468750
1992-12-22,0.464844
1992-12-23,0.492188
1992-12-24,0.492188
1992-12-28,0.515625
1992-12-29,0.523438
1992-12-30,0.562500
1992-12-31,0.601563
1993-01-04,0.570313
1993-01-05,0.570313
1993-01-06,0.593750
1993-01-07,0.562500
1993-01-08,0.578125
1993-01-11,0.578125
1993-01-12,0.570313
1993-01-13,0.578125
1993-01-14,0.597656
1993-01-15,0.585938
1993-01-18,0.593750
1993-01-19,0.578125
1993-01-20,0.578125
1993-01-21,0.582031
1993-01-22,0.578125
1993-01-25,0.562500
1993-01-26,0.570313
1993-01-27,0.554688
1993-01-28,0.523438
1993-01-29,0.539063
1993-02-01,0.539063
1993-02-02,0.515625
1993-02-03,0.492188
1993-02-04,0.437500
1993-02-05,0.468750
1993-02-08,0.476563
1993-02-09,0.500000
1993-02-10,0.460938
1993-02-11,0.468750
1993-02-12,0.460938
1993-02-16,0.402344
1993-02-17,0.382813
1993-02-18,0.375000
1993-02-19,0.367188
1993-02-22,0.351563
1993-02-23,0.335938
1993-02-24,0.382813
1993-02-25,0.406250
1993-02-26,0.437500
1993-03-01,0.425781
1993-03-02,0.425781
1993-03-03,0.437500
1993-03-04,0.429688
1993-03-05,0.437500
1993-03-08,0.421875
1993-03-09,0.417969
1993-03-10,0.406250
1993-03-11,0.406250
1993-03-12,0.410156
1993-03-15,0.421875
1993-03-16,0.453125
1993-03-17,0.429688
1993-03-18,0.421875
1993-03-19,0.414063
1993-03-22,0.414063
1993-03-23,0.414063
1993-03-24,0.382813
1993-03-25,0.359375
1993-03-26,0.359375
1993-03-29,0.359375
1993-03-30,0.351563
1993-03-31,0.382813
1993-04-01,0.390625
1993-04-02,0.378906
1993-04-05,0.375000
1993-04-06,0.375000
1993-04-07,0.375000
1993-04-08,0.375000
1993-04-12,0.390625
1993-04-13,0.398438
1993-04-14,0.398438
1993-04-15,0.406250
1993-04-16,0.398438
1993-04-19,0.406250
1993-04-20,0.406250
1993-04-21,0.445313
1993-04-22,0.445313
1993-04-23,0.445313
1993-04-26,0.414063
1993-04-27,0.445313
1993-04-28,0.468750
1993-04-29,0.460938
1993-04-30,0.460938
1993-05-03,0.515625
1993-05-04,0.500000
1993-05-05,0.503906
1993-05-06,0.500000
1993-05-07,0.500000
1993-05-10,0.476563
1993-05-11,0.484375
1993-05-12,0.496094
1993-05-13,0.476563
1993-05-14,0.492188
1993-05-17,0.484375
1993-05-18,0.507813
1993-05-19,0.527344
1993-05-20,0.539063
1993-05-21,0.539063
1993-05-24,0.515625
1993-05-25,0.500000
1993-05-26,0.500000
1993-05-27,0.503906
1993-05-28,0.507813
1993-06-01,0.515625
1993-06-02,0.507813
1993-06-03,0.539063
1993-06-04,0.570313
1993-06-07,0.539063
1993-06-08,0.542969
1993-06-09,0.531250
1993-06-10,0.531250
1993-06-11,0.546875
1993-06-14,0.531250
1993-06-15,0.523438
1993-06-16,0.515625
1993-06-17,0.546875
1993-06-18,0.539063
1993-06-21,0.539063
1993-06-22,0.539063
1993-06-23,0.531250
1993-06-24,0.519531
1993-06-25,0.500000
1993-06-28,0.515625
1993-06-29,0.515625
1993-06-30,0.511719
1993-07-01,0.523438
1993-07-02,0.511719
1993-07-06,0.507813
1993-07-07,0.507813
1993-07-08,0.515625
1993-07-09,0.500000
1993-07-12,0.503906
1993-07-13,0.500000
1993-07-14,0.515625
1993-07-15,0.492188
1993-07-16,0.472656
1993-07-19,0.421875
1993-07-20,0.464844
1993-07-21,0.429688
1993-07-22,0.414063
1993-07-23,0.429688
1993-07-26,0.421875
1993-07-27,0.429688
1993-07-28,0.437500
1993-07-29,0.445313
1993-07-30,0.429688
1993-08-02,0.445313
1993-08-03,0.480469
1993-08-04,0.515625
1993-08-05,0.488281
1993-08-06,0.476563
1993-08-09,0.476563
1993-08-10,0.476563
1993-08-11,0.468750
1993-08-12,0.484375
1993-08-13,0.472656
1993-08-16,0.484375
1993-08-17,0.468750
1993-08-18,0.484375
1993-08-19,0.460938
1993-08-20,0.460938
1993-08-23,0.460938
1993-08-24,0.445313
1993-08-25,0.429688
1993-08-26,0.437500
1993-08-27,0.437500
1993-08-30,0.445313
1993-08-31,0.460938
1993-09-01,0.460938
1993-09-02,0.492188
1993-09-03,0.539063
1993-09-07,0.515625
1993-09-08,0.519531
1993-09-09,0.515625
1993-09-10,0.484375
1993-09-13,0.484375
1993-09-14,0.468750
1993-09-15,0.468750
1993-09-16,0.453125
1993-09-17,0.445313
1993-09-20,0.460938
1993-09-21,0.457031
1993-09-22,0.453125
1993-09-23,0.468750
1993-09-24,0.453125
1993-09-27,0.453125
1993-09-28,0.453125
1993-09-29,0.453125
1993-09-30,0.453125
1993-10-01,0.453125
1993-10-04,0.460938
1993-10-05,0.457031
1993-10-06,0.492188
1993-10-07,0.500000
1993-10-08,0.507813
1993-10-11,0.503906
1993-10-12,0.515625
1993-10-13,0.546875
1993-10-14,0.562500
1993-10-15,0.585938
1993-10-18,0.554688
1993-10-19,0.496094
1993-10-20,0.468750
1993-10-21,0.464844
1993-10-22,0.468750
1993-10-25,0.476563
1993-10-26,0.484375
1993-10-27,0.468750
1993-10-28,0.476563
1993-10-29,0.445313
1993-11-01,0.468750
1993-11-02,0.468750
1993-11-03,0.460938
1993-11-04,0.460938
1993-11-05,0.433594
1993-11-08,0.437500
1993-11-09,0.417969
1993-11-10,0.382813
1993-11-11,0.417969
1993-11-12,0.410156
1993-11-15,0.414063
1993-11-16,0.406250
1993-11-17,0.367188
1993-11-18,0.382813
1993-11-19,0.378906
1993-11-22,0.382813
1993-11-23,0.382813
1993-11-24,0.382813
1993-11-26,0.382813
1993-11-29,0.382813
1993-11-30,0.429688
1993-12-01,0.429688
1993-12-02,0.425781
1993-12-03,0.421875
1993-12-06,0.398438
1993-12-07,0.410156
1993-12-08,0.414063
1993-12-09,0.414063
1993-12-10,0.390625
1993-12-13,0.335938
1993-12-14,0.335938
1993-12-15,0.363281
1993-12-16,0.351563
1993-12-17,0.359375
1993-12-20,0.351563
1993-12-21,0.363281
1993-12-22,0.359375
1993-12-23,0.351563
1993-12-27,0.367188
1993-12-28,0.382813
1993-12-29,0.382813
1993-12-30,0.359375
1993-12-31,0.375000
1994-01-03,0.375000
1994-01-04,0.406250
1994-01-05,0.406250
1994-01-06,0.414063
1994-01-07,0.414063
1994-01-10,0.417969
1994-01-11,0.437500
1994-01-12,0.429688
1994-01-13,0.429688
1994-01-14,0.421875
1994-01-17,0.394531
1994-01-18,0.406250
1994-01-19,0.406250
1994-01-20,0.390625
1994-01-21,0.406250
1994-01-24,0.410156
1994-01-25,0.382813
1994-01-26,0.378906
1994-01-27,0.402344
1994-01-28,0.390625
1994-01-31,0.398438
1994-02-01,0.390625
1994-02-02,0.375000
1994-02-03,0.382813
1994-02-04,0.382813
1994-02-07,0.375000
1994-02-08,0.378906
1994-02-09,0.359375
1994-02-10,0.375000
1994-02-11,0.359375
1994-02-14,0.359375
1994-02-15,0.367188
1994-02-16,0.382813
1994-02-17,0.371094
1994-02-18,0.359375
1994-02-22,0.367188
1994-02-23,0.375000
1994-02-24,0.359375
1994-02-25,0.351563
1994-02-28,0.375000
1994-03-01,0.375000
1994-03-02,0.367188
1994-03-03,0.347656
1994-03-04,0.359375
1994-03-07,0.343750
1994-03-08,0.343750
1994-03-09,0.335938
1994-03-10,0.335938
1994-03-11,0.335938
1994-03-14,0.343750
1994-03-15,0.359375
1994-03-16,0.351563
1994-03-17,0.359375
1994-03-18,0.347656
1994-03-21,0.335938
1994-03-22,0.359375
1994-03-23,0.335938
1994-03-24,0.332031
1994-03-25,0.335938
1994-03-28,0.335938
1994-03-29,0.312500
1994-03-30,0.308594
1994-03-31,0.335938
1994-04-04,0.320313
1994-04-05,0.320313
1994-04-06,0.335938
1994-04-07,0.335938
1994-04-08,0.320313
1994-04-11,0.328125
1994-04-12,0.320313
1994-04-13,0.324219
1994-04-14,0.304688
1994-04-15,0.320313
1994-04-18,0.308594
1994-04-19,0.304688
1994-04-20,0.277344
1994-04-21,0.289063
1994-04-22,0.281250
1994-04-25,0.281250
1994-04-26,0.281250
1994-04-28,0.289063
1994-04-29,0.281250
1994-05-02,0.273438
1994-05-03,0.281250
1994-05-04,0.289063
1994-05-05,0.289063
1994-05-06,0.277344
1994-05-09,0.273438
1994-05-10,0.289063
1994-05-11,0.289063
1994-05-12,0.269531
1994-05-13,0.277344
1994-05-16,0.273438
1994-05-17,0.265625
1994-05-18,0.265625
1994-05-19,0.289063
1994-05-20,0.289063
1994-05-23,0.265625
1994-05-24,0.273438
1994-05-25,0.273438
1994-05-26,0.257813
1994-05-27,0.273438
1994-05-31,0.242188
1994-06-01,0.246094
1994-06-02,0.242188
1994-06-03,0.234375
1994-06-06,0.218750
1994-06-07,0.218750
1994-06-08,0.226563
1994-06-09,0.250000
1994-06-10,0.234375
1994-06-13,0.257813
1994-06-14,0.265625
1994-06-15,0.261719
1994-06-16,0.257813
1994-06-17,0.253906
1994-06-20,0.242188
1994-06-21,0.250000
1994-06-22,0.250000
1994-06-23,0.250000
1994-06-24,0.253906
1994-06-27,0.265625
1994-06-28,0.250000
1994-06-29,0.257813
1994-06-30,0.265625
1994-07-01,0.265625
1994-07-05,0.261719
1994-07-06,0.265625
1994-07-07,0.253906
1994-07-08,0.273438
1994-07-11,0.257813
1994-07-12,0.250000
1994-07-13,0.242188
1994-07-14,0.250000
1994-07-15,0.257813
1994-07-18,0.273438
1994-07-19,0.277344
1994-07-20,0.281250
1994-07-21,0.296875
1994-07-22,0.277344
1994-07-25,0.281250
1994-07-26,0.277344
1994-07-27,0.281250
1994-07-28,0.291016
1994-07-29,0.292969
1994-08-01,0.292969
1994-08-02,0.292969
1994-08-03,0.296875
1994-08-04,0.289063
1994-08-05,0.296875
1994-08-08,0.285156
1994-08-09,0.285156
1994-08-10,0.304688
1994-08-11,0.304688
1994-08-12,0.320313
1994-08-15,0.318359
1994-08-16,0.316406
1994-08-17,0.289063
1994-08-18,0.320313
1994-08-19,0.332031
1994-08-22,0.332031
1994-08-23,0.332031
1994-08-24,0.328125
1994-08-25,0.320313
1994-08-26,0.343750
1994-08-29,0.343750
1994-08-30,0.328125
1994-08-31,0.320313
1994-09-01,0.312500
1994-09-02,0.304688
1994-09-06,0.308594
1994-09-07,0.306641
1994-09-08,0.314453
1994-09-09,0.343750
1994-09-12,0.345703
1994-09-13,0.343750
1994-09-14,0.343750
1994-09-15,0.339844
1994-09-16,0.335938
1994-09-19,0.332031
1994-09-20,0.343750
1994-09-21,0.367188
1994-09-22,0.367188
1994-09-23,0.367188
1994-09-26,0.359375
1994-09-27,0.367188
1994-09-28,0.375000
1994-09-29,0.375000
1994-09-30,0.367188
1994-10-03,0.351563
1994-10-04,0.335938
1994-10-05,0.351563
1994-10-06,0.347656
1994-10-07,0.347656
1994-10-10,0.345703
1994-10-11,0.345703
1994-10-12,0.351563
1994-10-13,0.351563
1994-10-14,0.335938
1994-10-17,0.320313
1994-10-18,0.324219
1994-10-19,0.320313
1994-10-20,0.320313
1994-10-21,0.316406
1994-10-24,0.316406
1994-10-25,0.320313
1994-10-26,0.320313
1994-10-27,0.308594
1994-10-28,0.300781
1994-10-31,0.265625
1994-11-01,0.285156
1994-11-02,0.273438
1994-11-03,0.273438
1994-11-04,0.277344
1994-11-07,0.265625
1994-11-08,0.265625
1994-11-09,0.265625
1994-11-10,0.257813
1994-11-11,0.246094
1994-11-14,0.242188
1994-11-15,0.250000
1994-11-16,0.281250
1994-11-17,0.281250
1994-11-18,0.312500
1994-11-21,0.312500
1994-11-22,0.316406
1994-11-23,0.300781
1994-11-25,0.304688
1994-11-28,0.320313
1994-11-29,0.328125
1994-11-30,0.320313
1994-12-01,0.320313
1994-12-02,0.300781
1994-12-05,0.283203
1994-12-06,0.281250
1994-12-07,0.281250
1994-12-08,0.273438
1994-12-09,0.265625
1994-12-12,0.296875
1994-12-13,0.289063
1994-12-14,0.281250
1994-12-15,0.273438
1994-12-16,0.277344
1994-12-19,0.281250
1994-12-20,0.273438
1994-12-21,0.289063
1994-12-22,0.287109
1994-12-23,0.277344
1994-12-27,0.281250
1994-12-28,0.287109
1994-12-29,0.289063
1994-12-30,0.296875
1995-01-03,0.292969
1995-01-04,0.292969
1995-01-05,0.318359
1995-01-06,0.343750
1995-01-09,0.343750
1995-01-10,0.359375
1995-01-11,0.361328
1995-01-12,0.351563
1995-01-13,0.343750
1995-01-16,0.343750
1995-01-17,0.343750
1995-01-18,0.359375
1995-01-19,0.375000
1995-01-20,0.378906
1995-01-23,0.386719
1995-01-24,0.406250
1995-01-25,0.398438
1995-01-26,0.421875
1995-01-27,0.445313
1995-01-30,0.423828
1995-01-31,0.406250
1995-02-01,0.390625
1995-02-02,0.406250
1995-02-03,0.406250
1995-02-06,0.402344
1995-02-07,0.398438
1995-02-08,0.390625
1995-02-09,0.406250
1995-02-10,0.417969
1995-02-13,0.414063
1995-02-14,0.429688
1995-02-15,0.437500
1995-02-16,0.437500
1995-02-17,0.429688
1995-02-21,0.429688
1995-02-22,0.429688
1995-02-23,0.437500
1995-02-24,0.468750
1995-02-27,0.453125
1995-02-28,0.445313
1995-03-01,0.460938
1995-03-02,0.453125
1995-03-03,0.472656
1995-03-06,0.460938
1995-03-07,0.457031
1995-03-08,0.445313
1995-03-09,0.453125
1995-03-10,0.468750
1995-03-13,0.457031
1995-03-14,0.445313
1995-03-15,0.437500
1995-03-16,0.453125
1995-03-17,0.421875
1995-03-20,0.421875
1995-03-21,0.421875
1995-03-22,0.437500
1995-03-23,0.429688
1995-03-24,0.421875
1995-03-27,0.414063
1995-03-28,0.398438
1995-03-29,0.398438
1995-03-30,0.398438
1995-03-31,0.406250
1995-04-03,0.429688
1995-04-04,0.445313
1995-04-05,0.429688
1995-04-06,0.423828
1995-04-07,0.421875
1995-04-10,0.437500
1995-04-11,0.476563
1995-04-12,0.468750
1995-04-13,0.455078
1995-04-17,0.468750
1995-04-18,0.460938
1995-04-19,0.449219
1995-04-20,0.445313
1995-04-21,0.429688
1995-04-24,0.445313
1995-04-25,0.437500
1995-04-26,0.445313
1995-04-27,0.464844
1995-04-28,0.468750
1995-05-01,0.468750
1995-05-02,0.472656
1995-05-03,0.515625
1995-05-04,0.509766
1995-05-05,0.533203
1995-05-08,0.531250
1995-05-09,0.523438
1995-05-10,0.523438
1995-05-11,0.519531
1995-05-12,0.517578
1995-05-15,0.523438
1995-05-16,0.515625
1995-05-17,0.519531
1995-05-18,0.531250
1995-05-19,0.511719
1995-05-22,0.515625
1995-05-23,0.507813
1995-05-24,0.519531
1995-05-25,0.507813
1995-05-26,0.492188
1995-05-30,0.500000
1995-05-31,0.507813
1995-06-01,0.511719
1995-06-02,0.500000
1995-06-05,0.503906
1995-06-06,0.503906
1995-06-07,0.500000
1995-06-08,0.570313
1995-06-09,0.539063
1995-06-12,0.546875
1995-06-13,0.554688
1995-06-14,0.546875
1995-06-15,0.527344
1995-06-16,0.523438
1995-06-19,0.531250
1995-06-20,0.523438
1995-06-21,0.525391
1995-06-22,0.503906
1995-06-23,0.500000
1995-06-26,0.500000
1995-06-27,0.496094
1995-06-28,0.511719
1995-06-29,0.515625
1995-06-30,0.550781
1995-07-03,0.523438
1995-07-05,0.531250
1995-07-06,0.539063
1995-07-07,0.566406
1995-07-10,0.562500
1995-07-11,0.609375
1995-07-12,0.625000
1995-07-13,0.640625
1995-07-14,0.597656
1995-07-17,0.585938
1995-07-18,0.562500
1995-07-19,0.546875
1995-07-20,0.564453
1995-07-21,0.585938
1995-07-24,0.585938
1995-07-25,0.585938
1995-07-26,0.578125
1995-07-27,0.585938
1995-07-28,0.589844
1995-07-31,0.593750
1995-08-01,0.580078
1995-08-02,0.625000
1995-08-03,0.617188
1995-08-04,0.632813
1995-08-07,0.625000
1995-08-08,0.679688
1995-08-09,0.703125
1995-08-10,0.738281
1995-08-11,0.781250
1995-08-14,0.750000
1995-08-15,0.738281
1995-08-16,0.746094
1995-08-17,0.734375
1995-08-18,0.726563
1995-08-21,0.730469
1995-08-22,0.718750
1995-08-23,0.710938
1995-08-24,0.687500
1995-08-25,0.687500
1995-08-28,0.671875
1995-08-29,0.660156
1995-08-30,0.664063
1995-08-31,0.679688
1995-09-01,0.710938
1995-09-05,0.777344
1995-09-06,0.765625
1995-09-07,0.781250
1995-09-08,0.781250
1995-09-11,0.742188
1995-09-12,0.730469
1995-09-13,0.734375
1995-09-14,0.726563
1995-09-15,0.753906
1995-09-18,0.710938
1995-09-19,0.722656
1995-09-20,0.718750
1995-09-21,0.675781
1995-09-22,0.656250
1995-09-25,0.675781
1995-09-26,0.687500
1995-09-27,0.695313
1995-09-28,0.695313
1995-09-29,0.687500
1995-10-02,0.671875
1995-10-03,0.648438
1995-10-04,0.660156
1995-10-05,0.664063
1995-10-06,0.695313
1995-10-09,0.683594
1995-10-10,0.656250
1995-10-11,0.687500
1995-10-12,0.691406
1995-10-13,0.695313
1995-10-16,0.703125
1995-10-17,0.675781
1995-10-18,0.703125
1995-10-19,0.679688
1995-10-20,0.671875
1995-10-23,0.640625
1995-10-24,0.609375
1995-10-25,0.605469
1995-10-26,0.585938
1995-10-27,0.589844
1995-10-30,0.593750
1995-10-31,0.609375
1995-11-01,0.640625
1995-11-02,0.617188
1995-11-03,0.605469
1995-11-06,0.601563
1995-11-07,0.595703
1995-11-08,0.589844
1995-11-09,0.585938
1995-11-10,0.609375
1995-11-13,0.628906
1995-11-14,0.683594
1995-11-15,0.667969
1995-11-16,0.781250
1995-11-17,0.796875
1995-11-20,0.757813
1995-11-21,0.718750
1995-11-22,0.787109
1995-11-24,0.781250
1995-11-27,0.773438
1995-11-28,0.773438
1995-11-29,0.789063
1995-11-30,0.820313
1995-12-01,0.804688
1995-12-04,0.812500
1995-12-05,0.812500
1995-12-06,0.773438
1995-12-07,0.765625
1995-12-08,0.726563
1995-12-11,0.726563
1995-12-12,0.742188
1995-12-13,0.742188
1995-12-14,0.828125
1995-12-15,0.921875
1995-12-18,0.898438
1995-12-19,0.859375
1995-12-20,0.875000
1995-12-21,0.960938
1995-12-22,1.007813
1995-12-26,0.976563
1995-12-27,0.984375
1995-12-28,0.996094
1995-12-29,1.000000
1996-01-02,1.019531
1996-01-03,1.062500
1996-01-04,1.070313
1996-01-05,1.085938
1996-01-08,1.074219
1996-01-09,1.093750
1996-01-10,1.066406
1996-01-11,1.054688
1996-01-12,1.046875
1996-01-15,1.042969
1996-01-16,1.109375
1996-01-17,1.156250
1996-01-18,1.218750
1996-01-19,1.187500
1996-01-22,1.203125
1996-01-23,1.179688
1996-01-24,1.230469
1996-01-25,1.308594
1996-01-26,1.308594
1996-01-29,1.273438
1996-01-30,1.140625
1996-01-31,1.117188
1996-02-01,1.156250
1996-02-02,1.132813
1996-02-05,1.101563
1996-02-06,1.117188
1996-02-07,1.109375
1996-02-08,1.070313
1996-02-09,1.140625
1996-02-12,1.117188
1996-02-13,1.179688
1996-02-14,1.148438
1996-02-15,1.183594
1996-02-16,1.179688
1996-02-20,1.177734
1996-02-21,1.171875
1996-02-22,1.179688
1996-02-23,1.191406
1996-02-26,1.179688
1996-02-27,1.175781
1996-02-28,1.148438
1996-02-29,1.109375
1996-03-01,1.093750
1996-03-04,1.136719
1996-03-05,1.152344
1996-03-06,1.164063
1996-03-07,1.148438
1996-03-08,1.085938
1996-03-11,1.117188
1996-03-12,1.074219
1996-03-13,1.085938
1996-03-14,1.085938
1996-03-15,0.835938
1996-03-18,0.937500
1996-03-19,0.931641
1996-03-20,0.886719
1996-03-21,0.933594
1996-03-22,0.925781
1996-03-25,0.861328
1996-03-26,0.917969
1996-03-27,0.894531
1996-03-28,0.906250
1996-03-29,0.898438
1996-04-01,0.906250
1996-04-02,0.902344
1996-04-03,0.941406
1996-04-04,0.929688
1996-04-08,0.898438
1996-04-09,0.914063
1996-04-10,0.906250
1996-04-11,0.890625
1996-04-12,0.923828
1996-04-15,0.921875
1996-04-16,0.953125
1996-04-17,1.019531
1996-04-18,1.031250
1996-04-19,1.015625
1996-04-22,1.070313
1996-04-23,1.023438
1996-04-24,1.023438
1996-04-25,1.062500
1996-04-26,1.000000
1996-04-29,0.953125
1996-04-30,0.953125
1996-05-01,0.976563
1996-05-02,1.011719
1996-05-03,1.000000
1996-05-06,0.953125
1996-05-07,0.914063
1996-05-08,0.957031
1996-05-09,0.953125
1996-05-10,0.953125
1996-05-13,0.960938
1996-05-14,1.019531
1996-05-15,0.992188
1996-05-16,1.015625
1996-05-17,1.031250
1996-05-20,1.218750
1996-05-21,1.160156
1996-05-22,1.164063
1996-05-23,1.171875
1996-05-24,1.058594
1996-05-28,1.054688
1996-05-29,1.082031
1996-05-30,1.093750
1996-05-31,1.085938
1996-06-03,1.066406
1996-06-04,1.070313
1996-06-05,1.050781
1996-06-06,1.023438
1996-06-07,0.984375
1996-06-10,0.953125
1996-06-11,0.945313
1996-06-12,0.917969
1996-06-13,0.929688
1996-06-14,0.875000
1996-06-17,0.742188
1996-06-18,0.679688
1996-06-19,0.792969
1996-06-20,0.742188
1996-06-21,0.687500
1996-06-24,0.757813
1996-06-25,0.742188
1996-06-26,0.718750
1996-06-27,0.742188
1996-06-28,0.789063
1996-07-01,0.796875
1996-07-02,0.812500
1996-07-03,0.855469
1996-07-05,0.820313
1996-07-08,0.781250
1996-07-09,0.773438
1996-07-10,0.734375
1996-07-11,0.726563
1996-07-12,0.636719
1996-07-15,0.539063
1996-07-16,0.542969
1996-07-17,0.585938
1996-07-18,0.644531
1996-07-19,0.632813
1996-07-22,0.601563
1996-07-23,0.570313
1996-07-24,0.580078
1996-07-25,0.613281
1996-07-26,0.628906
1996-07-29,0.585938
1996-07-30,0.585938
1996-07-31,0.593750
1996-08-01,0.560547
1996-08-02,0.578125
1996-08-05,0.562500
1996-08-06,0.542969
1996-08-07,0.550781
1996-08-08,0.597656
1996-08-09,0.656250
1996-08-12,0.640625
1996-08-13,0.609375
1996-08-14,0.636719
1996-08-15,0.667969
1996-08-16,0.671875
1996-08-19,0.630859
1996-08-20,0.640625
1996-08-21,0.632813
1996-08-22,0.656250
1996-08-23,0.718750
1996-08-26,0.781250
1996-08-27,0.791016
1996-08-28,0.789063
1996-08-29,0.781250
1996-08-30,0.757813
1996-09-03,0.789063
1996-09-04,0.807617
1996-09-05,0.777344
1996-09-06,0.859375
1996-09-09,0.851563
1996-09-10,0.851563
1996-09-11,0.859375
1996-09-12,0.875000
1996-09-13,0.929688
1996-09-16,0.898438
1996-09-17,0.789063
1996-09-18,0.792969
1996-09-19,0.812500
1996-09-20,0.812500
1996-09-23,0.843750
1996-09-24,0.859375
1996-09-25,0.871094
1996-09-26,0.882813
1996-09-27,0.851563
1996-09-30,0.882813
1996-10-01,0.867188
1996-10-02,0.839844
1996-10-03,0.820313
1996-10-04,0.839844
1996-10-07,0.820313
1996-10-08,0.820313
1996-10-09,0.820313
1996-10-10,0.812500
1996-10-11,0.835938
1996-10-14,0.812500
1996-10-15,0.804688
1996-10-16,0.777344
1996-10-17,0.777344
1996-10-18,0.773438
1996-10-21,0.781250
1996-10-22,0.777344
1996-10-23,0.777344
1996-10-24,0.781250
1996-10-25,0.750000
1996-10-28,0.703125
1996-10-29,0.671875
1996-10-30,0.742188
1996-10-31,0.730469
1996-11-01,0.714844
1996-11-04,0.671875
1996-11-05,0.687500
1996-11-06,0.765625
1996-11-07,0.773438
1996-11-08,0.757813
1996-11-11,0.769531
1996-11-12,0.714844
1996-11-13,0.765625
1996-11-14,0.734375
1996-11-15,0.726563
1996-11-18,0.718750
1996-11-19,0.726563
1996-11-20,0.710938
1996-11-21,0.710938
1996-11-22,0.714844
1996-11-25,0.769531
1996-11-26,0.781250
1996-11-27,0.792969
1996-11-29,0.802734
1996-12-02,0.781250
1996-12-03,0.835938
1996-12-04,0.851563
1996-12-05,0.898438
1996-12-06,0.859375
1996-12-09,0.875000
1996-12-10,0.859375
1996-12-11,0.828125
1996-12-12,0.804688
1996-12-13,0.773438
1996-12-16,0.800781
1996-12-17,0.804688
1996-12-18,0.828125
1996-12-19,0.839844
1996-12-20,0.808594
1996-12-23,0.800781
1996-12-24,0.796875
1996-12-26,0.804688
1996-12-27,0.800781
1996-12-30,0.789063
1996-12-31,0.781250
1997-01-02,0.765625
1997-01-03,0.785156
1997-01-06,0.773438
1997-01-07,0.843750
1997-01-08,0.832031
1997-01-09,0.839844
1997-01-10,0.871094
1997-01-13,0.859375
1997-01-14,0.875000
1997-01-15,0.882813
1997-01-16,0.933594
1997-01-17,0.953125
1997-01-20,0.968750
1997-01-21,0.976563
1997-01-22,0.953125
1997-01-23,0.898438
1997-01-24,0.937500
1997-01-27,0.917969
1997-01-28,0.984375
1997-01-29,0.992188
1997-01-30,0.996094
1997-01-31,1.019531
1997-02-03,1.023438
1997-02-04,1.031250
1997-02-05,1.031250
1997-02-06,1.062500
1997-02-07,1.058594
1997-02-10,1.058594
1997-02-11,1.070313
1997-02-12,1.019531
1997-02-13,1.003906
1997-02-14,1.011719
1997-02-18,0.988281
1997-02-19,0.992188
1997-02-20,0.968750
1997-02-21,0.968750
1997-02-24,0.945313
1997-02-25,0.941406
1997-02-26,1.000000
1997-02-27,0.945313
1997-02-28,0.953125
1997-03-03,0.943359
1997-03-04,0.890625
1997-03-05,0.917969
1997-03-06,0.906250
1997-03-07,0.937500
1997-03-10,0.929688
1997-03-11,0.941406
1997-03-12,0.917969
1997-03-13,0.875000
1997-03-14,0.917969
1997-03-17,0.894531
1997-03-18,0.882813
1997-03-19,0.812500
1997-03-20,0.812500
1997-03-21,0.781250
1997-03-24,0.792969
1997-03-25,0.785156
1997-03-26,0.785156
1997-03-27,0.777344
1997-03-31,0.714844
1997-04-01,0.718750
1997-04-02,0.718750
1997-04-03,0.742188
1997-04-04,0.808594
1997-04-07,0.832031
1997-04-08,0.859375
1997-04-09,0.832031
1997-04-10,0.839844
1997-04-11,0.800781
1997-04-14,0.820313
1997-04-15,0.824219
1997-04-16,0.744141
1997-04-17,0.726563
1997-04-18,0.742188
1997-04-21,0.675781
1997-04-22,0.707031
1997-04-23,0.710938
1997-04-24,0.695801
1997-04-25,0.691406
1997-04-28,0.679688
1997-04-29,0.689453
1997-04-30,0.691406
1997-05-01,0.734375
1997-05-02,0.785156
1997-05-05,0.855469
1997-05-06,0.875000
1997-05-07,0.804688
1997-05-08,0.789063
1997-05-09,0.746094
1997-05-12,0.742188
1997-05-13,0.773438
1997-05-14,0.773438
1997-05-15,0.753906
1997-05-16,0.765625
1997-05-19,0.792969
1997-05-20,0.785156
1997-05-21,0.796875
1997-05-22,0.800781
1997-05-23,0.828125
1997-05-27,0.824219
1997-05-28,0.820313
1997-05-29,0.839844
1997-05-30,0.847656
1997-06-02,0.867188
1997-06-03,0.882813
1997-06-04,0.882813
1997-06-05,0.898438
1997-06-06,0.898438
1997-06-09,0.898438
1997-06-10,0.898438
1997-06-11,0.894531
1997-06-12,0.921875
1997-06-13,0.933594
1997-06-16,0.929688
1997-06-17,0.941406
1997-06-18,0.927734
1997-06-19,0.957031
1997-06-20,1.003906
1997-06-23,0.980469
1997-06-24,0.984375
1997-06-25,0.925781
1997-06-26,0.871094
1997-06-27,0.875000
1997-06-30,0.863281
1997-07-01,0.847656
1997-07-02,0.843750
1997-07-03,0.835938
1997-07-07,0.796875
1997-07-08,0.789063
1997-07-09,0.773438
1997-07-10,0.800781
1997-07-11,0.757813
1997-07-14,0.769531
1997-07-15,0.816406
1997-07-16,0.816406
1997-07-17,0.812500
1997-07-18,0.804688
1997-07-21,0.867188
1997-07-22,0.847656
1997-07-23,0.839844
1997-07-24,0.861328
1997-07-25,0.890625
1997-07-28,0.878906
1997-07-29,0.894531
1997-07-30,0.890625
1997-07-31,0.882813
1997-08-01,0.890625
1997-08-04,0.890625
1997-08-05,0.914063
1997-08-06,0.902344
1997-08-07,0.886719
1997-08-08,0.875000
1997-08-11,0.875000
1997-08-12,0.872070
1997-08-13,0.867188
1997-08-14,0.873047
1997-08-15,0.882813
1997-08-18,0.875000
1997-08-19,0.902344
1997-08-20,0.945313
1997-08-21,0.941406
1997-08-22,0.921875
1997-08-25,0.994141
1997-08-26,1.000000
1997-08-27,1.000000
1997-08-28,0.992188
1997-08-29,1.011719
1997-09-02,1.046875
1997-09-03,1.066406
1997-09-04,1.117188
1997-09-05,1.138672
1997-09-08,1.191406
1997-09-09,1.214844
1997-09-10,1.164063
1997-09-11,1.136719
1997-09-12,1.214844
1997-09-15,1.222656
1997-09-16,1.234375
1997-09-17,1.416016
1997-09-18,1.398438
1997-09-19,1.406250
1997-09-22,1.437500
1997-09-23,1.382813
1997-09-24,1.389648
1997-09-25,1.441406
1997-09-26,1.406250
1997-09-29,1.406250
1997-09-30,1.386719
1997-10-01,1.373047
1997-10-02,1.316406
1997-10-03,1.386719
1997-10-06,1.402344
1997-10-07,1.388672
1997-10-08,1.390625
1997-10-09,1.394531
1997-10-10,1.345703
1997-10-13,1.339844
1997-10-14,1.339844
1997-10-15,1.312500
1997-10-16,1.226563
1997-10-17,1.191406
1997-10-20,1.210938
1997-10-21,1.261719
1997-10-22,1.265625
1997-10-23,1.250000
1997-10-24,1.273438
1997-10-27,1.160156
1997-10-28,1.085938
1997-10-29,1.089844
1997-10-30,1.023438
1997-10-31,1.066406
1997-11-03,1.105469
1997-11-04,1.121094
1997-11-05,1.144531
1997-11-06,1.203125
1997-11-07,1.175781
1997-11-10,1.156250
1997-11-11,1.160156
1997-11-12,1.140625
1997-11-13,1.054688
1997-11-14,1.111328
1997-11-17,1.160156
1997-11-18,1.123047
1997-11-19,1.093750
1997-11-20,1.093750
1997-11-21,1.113281
1997-11-24,1.066406
1997-11-25,1.050781
1997-11-26,1.068359
1997-11-28,1.078125
1997-12-01,1.076172
1997-12-02,1.054688
1997-12-03,1.054688
1997-12-04,1.089844
1997-12-05,1.101563
1997-12-08,1.152344
1997-12-09,1.132813
1997-12-10,1.121094
1997-12-11,1.078125
1997-12-12,1.052734
1997-12-15,1.056641
1997-12-16,1.156250
1997-12-17,1.167969
1997-12-18,1.109375
1997-12-19,1.097656
1997-12-22,1.109375
1997-12-23,1.093750
1997-12-24,1.107422
1997-12-26,1.117188
1997-12-29,1.156250
1997-12-30,1.152344
1997-12-31,1.195313
1998-01-02,1.191406
1998-01-05,1.218750
1998-01-06,1.222656
1998-01-07,1.214844
1998-01-08,1.234375
1998-01-09,1.199219
1998-01-12,1.156250
1998-01-13,1.203125
1998-01-14,1.179688
1998-01-15,1.199219
1998-01-16,1.222656
1998-01-20,1.248047
1998-01-21,1.187500
1998-01-22,1.195313
1998-01-23,1.201172
1998-01-26,1.197266
1998-01-27,1.224609
1998-01-28,1.308594
1998-01-29,1.312500
1998-01-30,1.265625
1998-02-02,1.210938
1998-02-03,1.234375
1998-02-04,1.234375
1998-02-05,1.152344
1998-02-06,1.238281
1998-02-09,1.187500
1998-02-10,1.160156
1998-02-11,1.164063
1998-02-12,1.167969
1998-02-13,1.156250
1998-02-17,1.129883
1998-02-18,1.123047
1998-02-19,1.113281
1998-02-20,1.154297
1998-02-23,1.166016
1998-02-24,1.126953
1998-02-25,1.156250
1998-02-26,1.128906
1998-02-27,1.119141
1998-03-02,1.125000
1998-03-03,1.128906
1998-03-04,1.125000
1998-03-05,1.128906
1998-03-06,1.175781
1998-03-09,1.181641
1998-03-10,1.183594
1998-03-11,1.199219
1998-03-12,1.228516
1998-03-13,1.208984
1998-03-16,1.199219
1998-03-17,1.250000
1998-03-18,1.238281
1998-03-19,1.246094
1998-03-20,1.238281
1998-03-23,1.236328
1998-03-24,1.238281
1998-03-25,1.234375
1998-03-26,1.242188
1998-03-27,1.236328
1998-03-30,1.214844
1998-03-31,1.125000
1998-04-01,1.070313
1998-04-02,1.119141
1998-04-03,1.128906
1998-04-06,1.351563
1998-04-07,1.343750
1998-04-08,1.332031
1998-04-09,1.304688
1998-04-13,1.312500
1998-04-14,1.339844
1998-04-15,1.324219
1998-04-16,1.312500
1998-04-17,1.300781
1998-04-20,1.318359
1998-04-21,1.292969
1998-04-22,1.296875
1998-04-23,1.285156
1998-04-24,1.230469
1998-04-27,1.183594
1998-04-28,1.195313
1998-04-29,1.207031
1998-04-30,1.187500
1998-05-01,1.187500
1998-05-04,1.207031
1998-05-05,1.187500
1998-05-06,1.167969
1998-05-07,1.171875
1998-05-08,1.175781
1998-05-11,1.119141
1998-05-12,1.125000
1998-05-13,1.128906
1998-05-14,1.109375
1998-05-15,1.164063
1998-05-18,1.125000
1998-05-19,1.138672
1998-05-20,1.123047
1998-05-21,1.125000
1998-05-22,1.095703
1998-05-26,1.066406
1998-05-27,1.050781
1998-05-28,1.085938
1998-05-29,1.011719
1998-06-01,1.015625
1998-06-02,1.042969
1998-06-03,1.027344
1998-06-04,1.042969
1998-06-05,1.042969
1998-06-08,1.058594
1998-06-09,1.050781
1998-06-10,1.019531
1998-06-11,1.000000
1998-06-12,0.988281
1998-06-15,1.003906
1998-06-16,1.082031
1998-06-17,1.035156
1998-06-18,1.070313
1998-06-19,1.068359
1998-06-22,1.080078
1998-06-23,1.078125
1998-06-24,1.078125
1998-06-25,1.054688
1998-06-26,1.082031
1998-06-29,1.097656
1998-06-30,1.001953
1998-07-01,0.949219
1998-07-02,0.792969
1998-07-06,0.783203
1998-07-07,0.751953
1998-07-08,0.796875
1998-07-09,0.773438
1998-07-10,0.751953
1998-07-13,0.734375
1998-07-14,0.742188
1998-07-15,0.753906
1998-07-16,0.742188
1998-07-17,0.726563
1998-07-20,0.744141
1998-07-21,0.714844
1998-07-22,0.714844
1998-07-23,0.718750
1998-07-24,0.718750
1998-07-27,0.703125
1998-07-28,0.675781
1998-07-29,0.687500
1998-07-30,0.726563
1998-07-31,0.734375
1998-08-03,0.740234
1998-08-04,0.703125
1998-08-05,0.718750
1998-08-06,0.740234
1998-08-07,0.761719
1998-08-10,0.773438
1998-08-11,0.730469
1998-08-12,0.750000
1998-08-13,0.746094
1998-08-14,0.726563
1998-08-17,0.723633
1998-08-18,0.710938
1998-08-19,0.714844
1998-08-20,0.689453
1998-08-21,0.703125
1998-08-24,0.675781
1998-08-25,0.652344
1998-08-26,0.640625
1998-08-27,0.609375
1998-08-28,0.585938
1998-08-31,0.570313
1998-09-01,0.625000
1998-09-02,0.625000
1998-09-03,0.570313
1998-09-04,0.589844
1998-09-08,0.648438
1998-09-09,0.652344
1998-09-10,0.632813
1998-09-11,0.730469
1998-09-14,0.753906
1998-09-15,0.789063
1998-09-16,0.773438
1998-09-17,0.773438
1998-09-18,0.757813
1998-09-21,0.779297
1998-09-22,0.824219
1998-09-23,0.873047
1998-09-24,0.796875
1998-09-25,0.800781
1998-09-28,0.767578
1998-09-29,0.718750
1998-09-30,0.675781
1998-10-01,0.642578
1998-10-02,0.642578
1998-10-05,0.628906
1998-10-06,0.646484
1998-10-07,0.621094
1998-10-08,0.585938
1998-10-09,0.640625
1998-10-12,0.656250
1998-10-13,0.644531
1998-10-14,0.685547
1998-10-15,0.774414
1998-10-16,0.777344
1998-10-19,0.816406
1998-10-20,0.894531
1998-10-21,0.851563
1998-10-22,0.898438
1998-10-23,0.890625
1998-10-26,0.933594
1998-10-27,0.851563
1998-10-28,0.820313
1998-10-29,0.875000
1998-10-30,0.886719
1998-11-02,1.003906
1998-11-03,0.996094
1998-11-04,0.980469
1998-11-05,0.968750
1998-11-06,0.988281
1998-11-09,0.963867
1998-11-10,0.929688
1998-11-11,0.923828
1998-11-12,0.902344
1998-11-13,0.898438
1998-11-16,0.929688
1998-11-17,0.919922
1998-11-18,0.960938
1998-11-19,0.998047
1998-11-20,0.986328
1998-11-23,0.998047
1998-11-24,0.984375
1998-11-25,0.998047
1998-11-27,0.996094
1998-11-30,0.972656
1998-12-01,0.996094
1998-12-02,1.048828
1998-12-03,1.019531
1998-12-04,1.005859
1998-12-07,1.005859
1998-12-08,1.003906
1998-12-09,1.042969
1998-12-10,1.023438
1998-12-11,1.029297
1998-12-14,1.000000
1998-12-15,0.994141
1998-12-16,1.144531
1998-12-17,1.105469
1998-12-18,1.101563
1998-12-21,1.128906
1998-12-22,1.121094
1998-12-23,1.148438
1998-12-24,1.164063
1998-12-28,1.208984
1998-12-29,1.230469
1998-12-30,1.207031
1998-12-31,1.283203
1999-01-04,1.242188
1999-01-05,1.218750
1999-01-06,1.215820
1999-01-07,1.210938
1999-01-08,1.292969
1999-01-11,1.250000
1999-01-12,1.253906
1999-01-13,1.203125
1999-01-14,1.205078
1999-01-15,1.296875
1999-01-19,1.279297
1999-01-20,1.246094
1999-01-21,1.179688
1999-01-22,1.171875
1999-01-25,1.117188
1999-01-26,1.289063
1999-01-27,1.238281
1999-01-28,1.308594
1999-01-29,1.343750
1999-02-01,1.363281
1999-02-02,1.375000
1999-02-03,1.359375
1999-02-04,1.355469
1999-02-05,1.308594
1999-02-08,1.314453
1999-02-09,1.220703
1999-02-10,1.250000
1999-02-11,1.308594
1999-02-12,1.230469
1999-02-16,1.279297
1999-02-17,1.191406
1999-02-18,1.218750
1999-02-19,1.156250
1999-02-22,1.185547
1999-02-23,1.320313
1999-02-24,1.312500
1999-02-25,1.320313
1999-02-26,1.289063
1999-03-01,1.273438
1999-03-02,1.261719
1999-03-03,1.310547
1999-03-04,1.507813
1999-03-05,1.595703
1999-03-08,1.554688
1999-03-09,1.546875
1999-03-10,1.611328
1999-03-11,1.600586
1999-03-12,1.550781
1999-03-15,1.525391
1999-03-16,1.554688
1999-03-17,1.621094
1999-03-18,1.750000
1999-03-19,1.773438
1999-03-22,1.503906
1999-03-23,1.437500
1999-03-24,1.455078
1999-03-25,1.472656
1999-03-26,1.445313
1999-03-29,1.402344
1999-03-30,1.404297
1999-03-31,1.421875
1999-04-01,1.404297
1999-04-05,1.390625
1999-04-06,1.339844
1999-04-07,1.355469
1999-04-08,1.335938
1999-04-09,1.351563
1999-04-12,1.333984
1999-04-13,1.338867
1999-04-14,1.316406
1999-04-15,1.292969
1999-04-16,1.273438
1999-04-19,1.126953
1999-04-20,1.296875
1999-04-21,1.300781
1999-04-22,1.330078
1999-04-23,1.267578
1999-04-26,1.273438
1999-04-27,1.386719
1999-04-28,1.367188
1999-04-29,1.351563
1999-04-30,1.439453
1999-05-03,1.406250
1999-05-04,1.386719
1999-05-05,1.402344
1999-05-06,1.410156
1999-05-07,1.414063
1999-05-10,1.388672
1999-05-11,1.492188
1999-05-12,1.470703
1999-05-13,1.468750
1999-05-14,1.441406
1999-05-17,1.453125
1999-05-18,1.449219
1999-05-19,1.490234
1999-05-20,1.507813
1999-05-21,1.419922
1999-05-24,1.367188
1999-05-25,1.355469
1999-05-26,1.337891
1999-05-27,1.308594
1999-05-28,1.363281
1999-06-01,1.359375
1999-06-02,1.316406
1999-06-03,1.300781
1999-06-04,1.318359
1999-06-07,1.380859
1999-06-08,1.412109
1999-06-09,1.363281
1999-06-10,1.349609
1999-06-11,1.339844
1999-06-14,1.406250
1999-06-15,1.462891
1999-06-16,1.539063
1999-06-17,1.566406
1999-06-18,1.593750
1999-06-21,1.566406
1999-06-22,1.563477
1999-06-23,1.558594
1999-06-24,1.531250
1999-06-25,1.527344
1999-06-28,1.523438
1999-06-29,1.537109
1999-06-30,1.632813
1999-07-01,1.628906
1999-07-02,1.679688
1999-07-06,1.689453
1999-07-07,1.669922
1999-07-08,1.679688
1999-07-09,1.697266
1999-07-12,1.681641
1999-07-13,1.775391
1999-07-14,1.810547
1999-07-15,1.894531
1999-07-16,1.900391
1999-07-19,1.812500
1999-07-20,1.824219
1999-07-21,1.824219
1999-07-22,1.769531
1999-07-23,1.738281
1999-07-26,1.675781
1999-07-27,1.835938
1999-07-28,1.996094
1999-07-29,2.134766
1999-07-30,2.421875
1999-08-02,2.349609
1999-08-03,2.273438
1999-08-04,2.316406
1999-08-05,2.250000
1999-08-06,2.230469
1999-08-09,2.148438
1999-08-10,2.144531
1999-08-11,2.244141
1999-08-12,2.263672
1999-08-13,2.396484
1999-08-16,2.539063
1999-08-17,2.390625
1999-08-18,2.398438
1999-08-19,2.472656
1999-08-20,2.550781
1999-08-23,2.613281
1999-08-24,2.586914
1999-08-25,2.572266
1999-08-26,2.552734
1999-08-27,2.525391
1999-08-30,2.515625
1999-08-31,2.435547
1999-09-01,2.457031
1999-09-02,2.429688
1999-09-03,2.609375
1999-09-07,2.886719
1999-09-08,2.781250
1999-09-09,2.675781
1999-09-10,2.625000
1999-09-13,2.742188
1999-09-14,2.803711
1999-09-15,2.500000
1999-09-16,2.464844
1999-09-17,2.476563
1999-09-20,2.421875
1999-09-21,2.361328
1999-09-22,2.496094
1999-09-23,2.400391
1999-09-24,2.416016
1999-09-27,2.173828
1999-09-28,2.173828
1999-09-29,2.134766
1999-09-30,2.005859
1999-10-01,2.044922
1999-10-04,2.021484
1999-10-05,2.033203
1999-10-06,2.085938
1999-10-07,2.305664
1999-10-08,2.252930
1999-10-11,2.292969
1999-10-12,2.187500
1999-10-13,2.203125
1999-10-14,2.191406
1999-10-15,2.046875
1999-10-18,2.017578
1999-10-19,2.134766
1999-10-20,2.083984
1999-10-21,2.054688
1999-10-22,2.175781
1999-10-25,2.132813
1999-10-26,2.013672
1999-10-27,2.042969
1999-10-28,1.992188
1999-10-29,1.974609
1999-11-01,1.974609
1999-11-02,1.531250
1999-11-03,1.558594
1999-11-04,1.464844
1999-11-05,1.458984
1999-11-08,1.503906
1999-11-09,1.457031
1999-11-10,1.457031
1999-11-11,1.492188
1999-11-12,1.462891
1999-11-15,1.472656
1999-11-16,1.480469
1999-11-17,1.609375
1999-11-18,1.470703
1999-11-19,1.445313
1999-11-22,1.433594
1999-11-23,1.396484
1999-11-24,1.517578
1999-11-26,1.531250
1999-11-29,1.541016
1999-11-30,1.500000
1999-12-01,1.453125
1999-12-02,1.414063
1999-12-03,1.423828
1999-12-06,1.387695
1999-12-07,1.382813
1999-12-08,1.343750
1999-12-09,1.279297
1999-12-10,1.218750
1999-12-13,1.250000
1999-12-14,1.208984
1999-12-15,1.234375
1999-12-16,1.220703
1999-12-17,1.191406
1999-12-20,1.164063
1999-12-21,1.269531
1999-12-22,1.419922
1999-12-23,1.449219
1999-12-27,1.490234
1999-12-28,1.625000
1999-12-29,1.691406
1999-12-30,1.703125
1999-12-31,1.691406
2000-01-03,1.759766
2000-01-04,1.679688
2000-01-05,1.666016
2000-01-06,1.779297
2000-01-07,2.050781
2000-01-10,2.318359
2000-01-11,2.106445
2000-01-12,2.087891
2000-01-13,2.203125
2000-01-14,2.152344
2000-01-18,2.138672
2000-01-19,1.964844
2000-01-20,1.955078
2000-01-21,1.949219
2000-01-24,1.732422
2000-01-25,1.769531
2000-01-26,1.686523
2000-01-27,1.550781
2000-01-28,1.530273
2000-01-31,1.462891
2000-02-01,1.443359
2000-02-02,1.435547
2000-02-03,1.406250
2000-02-04,1.460938
2000-02-07,1.697266
2000-02-08,1.853516
2000-02-09,1.716797
2000-02-10,1.729980
2000-02-11,1.748047
2000-02-14,1.876953
2000-02-15,1.984375
2000-02-16,2.000000
2000-02-17,2.328125
2000-02-18,2.408203
2000-02-22,2.340820
2000-02-23,2.367188
2000-02-24,2.292969
2000-02-25,2.260742
2000-02-28,2.216797
2000-02-29,2.390625
2000-03-01,2.499023
2000-03-02,2.437500
2000-03-03,2.496094
2000-03-06,2.574219
2000-03-07,2.396484
2000-03-08,2.310547
2000-03-09,2.238281
2000-03-10,2.240234
2000-03-13,2.117188
2000-03-14,2.121094
2000-03-15,1.998047
2000-03-16,2.066406
2000-03-17,1.992188
2000-03-20,1.794922
2000-03-21,1.779297
2000-03-22,2.001953
2000-03-23,2.175781
2000-03-24,2.199219
2000-03-27,2.181641
2000-03-28,2.201172
2000-03-29,2.082031
2000-03-30,1.843750
2000-03-31,1.980469
2000-04-03,1.876953
2000-04-04,1.851563
2000-04-05,1.945313
2000-04-06,2.061035
2000-04-07,1.978516
2000-04-10,1.937500
2000-04-11,1.953125
2000-04-12,1.818359
2000-04-13,1.902344
2000-04-14,1.728516
2000-04-17,1.589844
2000-04-18,1.708984
2000-04-19,1.625488
2000-04-20,1.601563
2000-04-24,1.535156
2000-04-25,1.498047
2000-04-26,1.437500
2000-04-27,1.357422
2000-04-28,1.693359
2000-05-01,1.742188
2000-05-02,1.789063
2000-05-03,1.675781
2000-05-04,1.974609
2000-05-05,2.156250
2000-05-08,2.097656
2000-05-09,2.033203
2000-05-10,1.937500
2000-05-11,1.938965
2000-05-12,1.943359
2000-05-15,2.013672
2000-05-16,2.128906
2000-05-17,2.050781
2000-05-18,1.964844
2000-05-19,1.868652
2000-05-22,1.867188
2000-05-23,1.892578
2000-05-24,2.029297
2000-05-25,1.933594
2000-05-26,1.660156
2000-05-30,1.753906
2000-05-31,1.708984
2000-06-01,1.769531
2000-06-02,1.949219
2000-06-05,1.875000
2000-06-06,1.941406
2000-06-07,2.062500
2000-06-08,1.884766
2000-06-09,2.078125
2000-06-12,1.859375
2000-06-13,1.970703
2000-06-14,1.958984
2000-06-15,2.011719
2000-06-16,2.054688
2000-06-19,2.195313
2000-06-20,2.341797
2000-06-21,2.253906
2000-06-22,1.986328
2000-06-23,2.169922
2000-06-26,2.132813
2000-06-27,2.109375
2000-06-28,2.251953
2000-06-29,2.207031
2000-06-30,2.222656
2000-07-03,2.183594
2000-07-05,2.216797
2000-07-06,2.285156
2000-07-07,2.509766
2000-07-10,2.480469
2000-07-11,2.593750
2000-07-12,2.792969
2000-07-13,2.568359
2000-07-14,2.519531
2000-07-17,2.578125
2000-07-18,2.505859
2000-07-19,2.335938
2000-07-20,2.265625
2000-07-21,2.345703
2000-07-24,2.183594
2000-07-25,2.146484
2000-07-26,2.173828
2000-07-27,2.103516
2000-07-28,2.191406
2000-07-31,2.316406
2000-08-01,2.716797
2000-08-02,2.632813
2000-08-03,2.841797
2000-08-04,2.718750
2000-08-07,2.791016
2000-08-08,2.826172
2000-08-09,2.777344
2000-08-10,2.707031
2000-08-11,2.699219
2000-08-14,2.714844
2000-08-15,2.640625
2000-08-16,2.681641
2000-08-17,2.822266
2000-08-18,2.812500
2000-08-21,2.970703
2000-08-22,3.279297
2000-08-23,3.136719
2000-08-24,3.195313
2000-08-25,3.218750
2000-08-28,3.058594
2000-08-29,3.103516
2000-08-30,3.263672
2000-08-31,3.375000
2000-09-01,3.281250
2000-09-05,3.072266
2000-09-06,2.839844
2000-09-07,3.123047
2000-09-08,3.187500
2000-09-11,3.066406
2000-09-12,2.970703
2000-09-13,3.031250
2000-09-14,3.179688
2000-09-15,3.232422
2000-09-18,2.914063
2000-09-19,3.062500
2000-09-20,3.046875
2000-09-21,3.214844
2000-09-22,3.417969
2000-09-25,3.630371
2000-09-26,3.326172
2000-09-27,3.340332
2000-09-28,3.623047
2000-09-29,3.427734
2000-10-02,3.253906
2000-10-03,3.224609
2000-10-04,3.062500
2000-10-05,3.095703
2000-10-06,2.894531
2000-10-09,2.812500
2000-10-10,2.962891
2000-10-11,2.927734
2000-10-12,2.812500
2000-10-13,2.998047
2000-10-16,3.085938
2000-10-17,3.119141
2000-10-18,2.869141
2000-10-19,2.857422
2000-10-20,2.765625
2000-10-23,3.029297
2000-10-24,2.677734
2000-10-25,2.871094
2000-10-26,2.843750
2000-10-27,2.574219
2000-10-30,2.648438
2000-10-31,2.687500
2000-11-01,2.652344
2000-11-02,2.751953
2000-11-03,2.753906
2000-11-06,2.925781
2000-11-07,2.939453
2000-11-08,2.818359
2000-11-09,2.798828
2000-11-10,2.818359
2000-11-13,2.458984
2000-11-14,2.423828
2000-11-15,2.437500
2000-11-16,2.375000
2000-11-17,2.195313
2000-11-20,2.019531
2000-11-21,2.136719
2000-11-22,2.265625
2000-11-24,2.187988
2000-11-27,2.304688
2000-11-28,2.357422
2000-11-29,2.539063
2000-11-30,2.544922
2000-12-01,2.750000
2000-12-04,2.562500
2000-12-05,2.744141
2000-12-06,2.712891
2000-12-07,2.707031
2000-12-08,3.035156
2000-12-11,2.865234
2000-12-12,2.638672
2000-12-13,2.496094
2000-12-14,2.431641
2000-12-15,2.412109
2000-12-18,2.544922
2000-12-19,2.500000
2000-12-20,2.423828
2000-12-21,2.201172
2000-12-22,2.292969
2000-12-26,2.574219
2000-12-27,2.494141
2000-12-28,2.535156
2000-12-29,2.591797
2001-01-02,2.316406
2001-01-03,2.412109
2001-01-04,2.054688
2001-01-05,1.828125
2001-01-08,1.699219
2001-01-09,1.689453
2001-01-10,1.751953
2001-01-11,1.779297
2001-01-12,1.863770
2001-01-16,2.037109
2001-01-17,1.849609
2001-01-18,1.851563
2001-01-19,1.861328
2001-01-22,1.931641
2001-01-23,2.151855
2001-01-24,2.044922
2001-01-25,2.050781
2001-01-26,2.011719
2001-01-29,2.156250
2001-01-30,2.105469
2001-01-31,2.115234
2001-02-01,2.017578
2001-02-02,1.974609
2001-02-05,1.925781
2001-02-06,2.058594
2001-02-07,2.029297
2001-02-08,1.908203
2001-02-09,1.969727
2001-02-12,2.179688
2001-02-13,2.113281
2001-02-14,2.080078
2001-02-15,2.082031
2001-02-16,2.179688
2001-02-20,2.191406
2001-02-21,2.066406
2001-02-22,1.980469
2001-02-23,2.160156
2001-02-26,2.281250
2001-02-27,2.246094
2001-02-28,2.335938
2001-03-01,2.195313
2001-03-02,2.242188
2001-03-05,2.097656
2001-03-06,2.187500
2001-03-07,2.085938
2001-03-08,2.113281
2001-03-09,2.097656
2001-03-12,1.851563
2001-03-13,1.941406
2001-03-14,2.074219
2001-03-15,2.039063
2001-03-16,1.886719
2001-03-19,2.140625
2001-03-20,2.050781
2001-03-21,1.804688
2001-03-22,1.820313
2001-03-23,1.855469
2001-03-26,2.007813
2001-03-27,1.996094
2001-03-28,2.000000
2001-03-29,2.007813
2001-03-30,2.031250
2001-04-02,1.910156
2001-04-03,1.839844
2001-04-04,1.824219
2001-04-05,1.988281
2001-04-06,2.011719
2001-04-09,2.113125
2001-04-10,2.268125
2001-04-11,2.233750
2001-04-12,2.410000
2001-04-16,2.362500
2001-04-17,2.452500
2001-04-18,2.562500
2001-04-19,2.629375
2001-04-20,2.526250
2001-04-23,2.396250
2001-04-24,2.304375
2001-04-25,2.452500
2001-04-26,2.605625
2001-04-27,2.848750
2001-04-30,3.061250
2001-05-01,3.130625
2001-05-02,3.088750
2001-05-03,2.988125
2001-05-04,3.158750
2001-05-07,3.196875
2001-05-08,3.130000
2001-05-09,3.100000
2001-05-10,3.031875
2001-05-11,3.046875
2001-05-14,3.000625
2001-05-15,2.907500
2001-05-16,3.297500
2001-05-17,3.621250
2001-05-18,3.371875
2001-05-21,3.741875
2001-05-22,3.616875
2001-05-23,3.312500
2001-05-24,3.396875
2001-05-25,3.403125
2001-05-29,3.296250
2001-05-30,3.176875
2001-05-31,3.234375
2001-06-01,3.480000
2001-06-04,3.606250
2001-06-05,3.581250
2001-06-06,3.406250
2001-06-07,3.361250
2001-06-08,3.246875
2001-06-11,3.101875
2001-06-12,3.134375
2001-06-13,3.149375
2001-06-14,3.066250
2001-06-15,3.223750
2001-06-18,3.203125
2001-06-19,3.247500
2001-06-20,3.590000
2001-06-21,3.600000
2001-06-22,3.820625
2001-06-25,3.595000
2001-06-26,3.621875
2001-06-27,3.719375
2001-06-28,3.747500
2001-06-29,3.636875
2001-07-02,3.603750
2001-07-03,3.635000
2001-07-05,3.558750
2001-07-06,3.482500
2001-07-09,3.514375
2001-07-10,3.406250
2001-07-11,3.307500
2001-07-12,3.343750
2001-07-13,3.539375
2001-07-16,3.093750
2001-07-17,3.263750
2001-07-18,3.400000
2001-07-19,3.314375
2001-07-20,3.376875
2001-07-23,3.306250
2001-07-24,3.123750
2001-07-25,3.176875
2001-07-26,3.421250
2001-07-27,3.378750
2001-07-30,3.194375
2001-07-31,3.205625
2001-08-01,3.181250
2001-08-02,3.112500
2001-08-03,3.286875
2001-08-06,3.224375
2001-08-07,3.178125
2001-08-08,3.021250
2001-08-09,3.003125
2001-08-10,2.998750
2001-08-13,3.168125
2001-08-14,3.186250
2001-08-15,3.250625
2001-08-16,3.246250
2001-08-17,3.093750
2001-08-20,3.191250
2001-08-21,3.234375
2001-08-22,3.435000
2001-08-23,3.677500
2001-08-24,3.781875
2001-08-27,3.860000
2001-08-28,3.815625
2001-08-29,3.846875
2001-08-30,3.859375
2001-08-31,3.794375
2001-09-04,3.793125
2001-09-05,3.731875
2001-09-06,3.768125
2001-09-07,3.678125
2001-09-10,3.618750
2001-09-17,3.310625
2001-09-18,3.065625
2001-09-19,3.140625
2001-09-20,3.191250
2001-09-21,2.978750
2001-09-24,3.028750
2001-09-25,3.273750
2001-09-26,3.390625
2001-09-27,3.551250
2001-09-28,3.510625
2001-10-01,3.538750
2001-10-02,3.538750
2001-10-03,3.538750
2001-10-04,3.655625
2001-10-05,3.560625
2001-10-08,3.562500
2001-10-09,3.678750
2001-10-10,3.925000
2001-10-11,3.941250
2001-10-12,3.884375
2001-10-15,4.012500
2001-10-16,3.933125
2001-10-17,3.742500
2001-10-18,3.925000
2001-10-19,4.065000
2001-10-22,4.227500
2001-10-23,4.131250
2001-10-24,4.290625
2001-10-25,4.300000
2001-10-26,4.230000
2001-10-29,4.096875
2001-10-30,4.038750
2001-10-31,3.931250
2001-11-01,3.951875
2001-11-02,3.911875
2001-11-05,4.088750
2001-11-06,4.090625
2001-11-07,4.172500
2001-11-08,4.138750
2001-11-09,4.013125
2001-11-12,3.980625
2001-11-13,4.230000
2001-11-14,4.212500
2001-11-15,4.209375
2001-11-16,4.266250
2001-11-19,4.376875
2001-11-20,4.247500
2001-11-21,4.304375
2001-11-23,4.325000
2001-11-26,4.455625
2001-11-27,4.500000
2001-11-28,4.328125
2001-11-29,4.458750
2001-11-30,4.513125
2001-12-03,4.357500
2001-12-04,4.318125
2001-12-05,4.232500
2001-12-06,4.283750
2001-12-07,4.281250
2001-12-10,4.076875
2001-12-11,4.024375
2001-12-12,4.043125
2001-12-13,4.153750
2001-12-14,4.138750
2001-12-17,4.300000
2001-12-18,4.280625
2001-12-19,4.197500
2001-12-20,4.050000
2001-12-21,4.085625
2001-12-24,4.165625
2001-12-26,4.176250
2001-12-27,4.070000
2001-12-28,4.171875
2001-12-31,4.107500
2002-01-02,3.839375
2002-01-03,3.664375
2002-01-04,3.837500
2002-01-07,3.845000
2002-01-08,3.990000
2002-01-09,4.113125
2002-01-10,4.236250
2002-01-11,4.320000
2002-01-14,4.293750
2002-01-15,4.309375
2002-01-16,4.319375
2002-01-17,4.388750
2002-01-18,4.108750
2002-01-22,4.194375
2002-01-23,4.290625
2002-01-24,4.213750
2002-01-25,4.228750
2002-01-28,4.235625
2002-01-29,4.109375
2002-01-30,4.187500
2002-01-31,4.088750
2002-02-01,4.363125
2002-02-04,4.109375
2002-02-05,4.149375
2002-02-06,3.903750
2002-02-07,3.959375
2002-02-08,4.180000
2002-02-11,4.226250
2002-02-12,4.266875
2002-02-13,4.206250
2002-02-14,4.090000
2002-02-15,4.108750
2002-02-19,4.031875
2002-02-20,4.186250
2002-02-21,4.191250
2002-02-22,4.155625
2002-02-25,4.217500
2002-02-26,4.308125
2002-02-27,4.338125
2002-02-28,4.403750
2002-03-01,4.609375
2002-03-04,4.650000
2002-03-05,4.561875
2002-03-06,4.575000
2002-03-07,4.482500
2002-03-08,4.515000
2002-03-11,4.512500
2002-03-12,4.467500
2002-03-13,4.560000
2002-03-14,4.468750
2002-03-15,4.498750
2002-03-18,4.675000
2002-03-19,4.817500
2002-03-20,4.666250
2002-03-21,4.806250
2002-03-22,4.663750
2002-03-25,4.526250
2002-03-26,4.565000
2002-03-27,4.675000
2002-03-28,4.498750
2002-04-01,4.562500
2002-04-02,4.508750
2002-04-03,4.423750
2002-04-04,4.362500
2002-04-05,4.303750
2002-04-08,4.348750
2002-04-09,4.212500
2002-04-10,4.473750
2002-04-11,4.436250
2002-04-12,4.458750
2002-04-15,4.503750
2002-04-16,4.562500
2002-04-17,4.425000
2002-04-18,4.435000
2002-04-19,4.407500
2002-04-22,4.265000
2002-04-23,4.212500
2002-04-24,4.282500
2002-04-25,3.998750
2002-04-26,3.630000
2002-04-29,3.641250
2002-04-30,3.890000
2002-05-01,4.137500
2002-05-02,4.112500
2002-05-03,3.995000
2002-05-06,3.730000
2002-05-07,3.847500
2002-05-08,4.352500
2002-05-09,4.250000
2002-05-10,4.073750
2002-05-13,4.318750
2002-05-14,4.697500
2002-05-15,4.648750
2002-05-16,4.522500
2002-05-17,4.618750
2002-05-20,4.543750
2002-05-21,4.431250
2002-05-22,4.412500
2002-05-23,4.750000
2002-05-24,4.631250
2002-05-28,4.743750
2002-05-29,4.418750
2002-05-30,4.601250
2002-05-31,4.457500
2002-06-03,4.286250
2002-06-04,4.293750
2002-06-05,4.280000
2002-06-06,4.005000
2002-06-07,3.998750
2002-06-10,4.113750
2002-06-11,3.812500
2002-06-12,3.803750
2002-06-13,3.917500
2002-06-14,4.116250
2002-06-17,4.482500
2002-06-18,4.437500
2002-06-19,4.361250
2002-06-20,4.098750
2002-06-21,3.897500
2002-06-24,4.140000
2002-06-25,4.018750
2002-06-26,4.087500
2002-06-27,4.060000
2002-06-28,4.110000
2002-07-01,3.787500
2002-07-02,3.490000
2002-07-03,3.655000
2002-07-05,3.861250
2002-07-08,3.806250
2002-07-09,3.698750
2002-07-10,3.318750
2002-07-11,3.568750
2002-07-12,3.622500
2002-07-15,3.680000
2002-07-16,3.940000
2002-07-17,4.308750
2002-07-18,4.112500
2002-07-19,3.970000
2002-07-22,3.831250
2002-07-23,3.631250
2002-07-24,3.800000
2002-07-25,3.631250
2002-07-26,3.517500
2002-07-29,3.623750
2002-07-30,3.686250
2002-07-31,3.808750
2002-08-01,3.725000
2002-08-02,3.613750
2002-08-05,3.857500
2002-08-06,3.857500
2002-08-07,3.975000
2002-08-08,4.296250
2002-08-09,4.251250
2002-08-12,4.330000
2002-08-13,4.106250
2002-08-14,4.427500
2002-08-15,4.348750
2002-08-16,4.338750
2002-08-19,4.320000
2002-08-20,4.380000
2002-08-21,4.511250
2002-08-22,4.630000
2002-08-23,4.566250
2002-08-26,4.530000
2002-08-27,4.150000
2002-08-28,4.077500
2002-08-29,4.245000
2002-08-30,4.010000
2002-09-03,3.812500
2002-09-04,3.906250
2002-09-05,3.753750
2002-09-06,4.031250
2002-09-09,4.080000
2002-09-10,4.141250
2002-09-11,4.083750
2002-09-12,3.850000
2002-09-13,4.005000
2002-09-16,4.018750
2002-09-17,4.000000
2002-09-18,4.250000
2002-09-19,4.112500
2002-09-20,4.195000
2002-09-23,4.126250
2002-09-24,4.136250
2002-09-25,4.287500
2002-09-26,4.226250
2002-09-27,4.195000
2002-09-30,4.191250
2002-10-01,4.346250
2002-10-02,4.118750
2002-10-03,4.003750
2002-10-04,3.856250
2002-10-07,3.996250
2002-10-08,3.982500
2002-10-09,4.098750
2002-10-10,4.291250
2002-10-11,4.195000
2002-10-14,4.411250
2002-10-15,4.250000
2002-10-16,4.262500
2002-10-17,4.347500
2002-10-18,4.281250
2002-10-21,4.323750
2002-10-22,4.386250
2002-10-23,4.312500
2002-10-24,4.061250
2002-10-25,4.285000
2002-10-28,4.237500
2002-10-29,4.233750
2002-10-30,4.325000
2002-10-31,4.342500
2002-11-01,4.562500
2002-11-04,4.568750
2002-11-05,4.570000
2002-11-06,4.786250
2002-11-07,4.675000
2002-11-08,4.456250
2002-11-11,4.455000
2002-11-12,4.482500
2002-11-13,4.457500
2002-11-14,4.697500
2002-11-15,4.518750
2002-11-18,4.471250
2002-11-19,4.443750
2002-11-20,4.533750
2002-11-21,4.735000
2002-11-22,4.933750
2002-11-25,4.963750
2002-11-26,4.596250
2002-11-27,4.871250
2002-11-29,4.927500
2002-12-02,4.773750
2002-12-03,4.610000
2002-12-04,4.701250
2002-12-05,4.842500
2002-12-06,4.893750
2002-12-09,4.787500
2002-12-10,4.697500
2002-12-11,4.677500
2002-12-12,4.672500
2002-12-13,4.460000
2002-12-16,4.550000
2002-12-17,4.515000
2002-12-18,4.493750
2002-12-19,4.456250
2002-12-20,4.466250
2002-12-23,4.560000
2002-12-24,4.506250
2002-12-26,4.427500
2002-12-27,4.321250
2002-12-30,4.251250
2002-12-31,4.250000
2003-01-02,4.361250
2003-01-03,4.438750
2003-01-06,4.562500
2003-01-07,4.545000
2003-01-08,4.345000
2003-01-09,4.478750
2003-01-10,4.627500
2003-01-13,4.711250
2003-01-14,4.735000
2003-01-15,4.631250
2003-01-16,4.750000
2003-01-17,4.543750
2003-01-21,4.485000
2003-01-22,4.473750
2003-01-23,4.491250
2003-01-24,4.367500
2003-01-27,4.362500
2003-01-28,4.471250
2003-01-29,4.533750
2003-01-30,4.580000
2003-01-31,4.362500
2003-02-03,4.316250
2003-02-04,4.182500
2003-02-05,4.182500
2003-02-06,4.206250
2003-02-07,4.227500
2003-02-10,4.282500
2003-02-11,4.377500
2003-02-12,4.255000
2003-02-13,4.083750
2003-02-14,4.125000
2003-02-18,4.037500
2003-02-19,4.045000
2003-02-20,4.047500
2003-02-21,4.197500
2003-02-24,4.081250
2003-02-25,4.097500
2003-02-26,4.102500
2003-02-27,4.197500
2003-02-28,4.250000
2003-03-03,4.251250
2003-03-04,4.221250
2003-03-05,4.212500
2003-03-06,4.267500
2003-03-07,4.600000
2003-03-10,4.723750
2003-03-11,4.662500
2003-03-12,4.732500
2003-03-13,4.987500
2003-03-14,4.906250
2003-03-17,5.113750
2003-03-18,5.117500
2003-03-19,5.101250
2003-03-20,5.106250
2003-03-21,5.191250
2003-03-24,4.996250
2003-03-25,5.147500
2003-03-26,5.065000
2003-03-27,5.375000
2003-03-28,5.250000
2003-03-31,5.248750
2003-04-01,5.330000
2003-04-02,5.458750
2003-04-03,5.572500
2003-04-04,5.518750
2003-04-07,5.366250
2003-04-08,5.371250
2003-04-09,5.167500
2003-04-10,5.336250
2003-04-11,5.225000
2003-04-14,5.261250
2003-04-15,5.362500
2003-04-16,5.325000
2003-04-17,5.505000
2003-04-21,5.456250
2003-04-22,5.558750
2003-04-23,5.706250
2003-04-24,5.841250
2003-04-25,5.767500
2003-04-28,5.795000
2003-04-29,5.791250
2003-04-30,5.767500
2003-05-01,5.757500
2003-05-02,5.906250
2003-05-05,5.837500
2003-05-06,5.698750
2003-05-07,5.681250
2003-05-08,5.713750
2003-05-09,5.836250
2003-05-12,5.928750
2003-05-13,5.857500
2003-05-14,5.935000
2003-05-15,6.078750
2003-05-16,5.931250
2003-05-19,5.872500
2003-05-20,5.750000
2003-05-21,5.706250
2003-05-22,5.928750
2003-05-23,6.000000
2003-05-27,6.455000
2003-05-28,6.281250
2003-05-29,6.313750
2003-05-30,6.532500
2003-06-02,6.301250
2003-06-03,6.301250
2003-06-04,6.387500
2003-06-05,6.668750
2003-06-06,6.525000
2003-06-09,6.208750
2003-06-10,6.322500
2003-06-11,6.531250
2003-06-12,6.555000
2003-06-13,6.726250
2003-06-16,7.048750
2003-06-17,7.040000
2003-06-18,6.746250
2003-06-19,6.412500
2003-06-20,6.718750
2003-06-23,6.557500
2003-06-24,6.600000
2003-06-25,6.687500
2003-06-26,6.762500
2003-06-27,7.038750
2003-06-30,6.943750
2003-07-01,6.875000
2003-07-02,7.045000
2003-07-03,7.257500
2003-07-07,7.390000
2003-07-08,7.372500
2003-07-09,7.412500
2003-07-10,7.283750
2003-07-11,7.410000
2003-07-14,8.406250
2003-07-15,8.638750
2003-07-16,8.412500
2003-07-17,8.161250
2003-07-18,8.315000
2003-07-21,8.212500
2003-07-22,8.292500
2003-07-23,8.262500
2003-07-24,8.265000
2003-07-25,8.525000
2003-07-28,8.618750
2003-07-29,8.748750
2003-07-30,8.598750
2003-07-31,8.528750
2003-08-01,8.068750
2003-08-04,8.151250
2003-08-05,7.740000
2003-08-06,7.673750
2003-08-07,7.828750
2003-08-08,7.781250
2003-08-11,7.902500
2003-08-12,7.980000
2003-08-13,7.830000
2003-08-14,7.761250
2003-08-15,7.790000
2003-08-18,7.942500
2003-08-19,8.165000
2003-08-20,8.080000
2003-08-21,8.291250
2003-08-22,8.020000
2003-08-25,8.052500
2003-08-26,8.002500
2003-08-27,7.996250
2003-08-28,8.276250
2003-08-29,8.335000
2003-09-02,8.461250
2003-09-03,8.203750
2003-09-04,8.416250
2003-09-05,8.357500
2003-09-08,8.653750
2003-09-09,8.576250
2003-09-10,8.266250
2003-09-11,8.355000
2003-09-12,8.393750
2003-09-15,8.251250
2003-09-16,7.732500
2003-09-17,7.737500
2003-09-18,7.781250
2003-09-19,7.495000
2003-09-22,7.213750
2003-09-23,7.255000
2003-09-24,7.022500
2003-09-25,6.968750
2003-09-26,6.927500
2003-09-29,7.000000
2003-09-30,7.005000
2003-10-01,7.097500
2003-10-02,7.361250
2003-10-03,7.348750
2003-10-06,7.383750
2003-10-07,7.310000
2003-10-08,7.428750
2003-10-09,7.531250
2003-10-10,7.530000
2003-10-13,7.652500
2003-10-14,7.675000
2003-10-15,7.447500
2003-10-16,7.438750
2003-10-17,7.176250
2003-10-20,7.300000
2003-10-21,7.500000
2003-10-22,7.291250
2003-10-23,7.243750
2003-10-24,7.301250
2003-10-27,7.177500
2003-10-28,7.432500
2003-10-29,6.500000
2003-10-30,6.792500
2003-10-31,6.818750
2003-11-03,6.870000
2003-11-04,6.707500
2003-11-05,6.575000
2003-11-06,6.737500
2003-11-07,6.676250
2003-11-10,6.510000
2003-11-11,6.518750
2003-11-12,6.775000
2003-11-13,6.880000
2003-11-14,6.782500
2003-11-17,6.838750
2003-11-18,6.745000
2003-11-19,6.840000
2003-11-20,6.953750
2003-11-21,7.100000
2003-11-24,7.417500
2003-11-25,7.283750
2003-11-26,7.343750
2003-11-28,7.335000
2003-12-01,7.521250
2003-12-02,7.478750
2003-12-03,7.328750
2003-12-04,7.332500
2003-12-05,7.200000
2003-12-08,7.157500
2003-12-09,7.088750
2003-12-10,6.997500
2003-12-11,7.002500
2003-12-12,7.002500
2003-12-15,7.010000
2003-12-16,7.045000
2003-12-17,7.132500
2003-12-18,7.343750
2003-12-19,7.425000
2003-12-22,7.452500
2003-12-23,7.433750
2003-12-24,7.392500
2003-12-26,7.368750
2003-12-29,7.325000
2003-12-30,7.267500
2003-12-31,7.285000
2004-01-02,7.252500
2004-01-05,7.270000
2004-01-06,7.242500
2004-01-07,7.792500
2004-01-08,7.667500
2004-01-09,7.797500
2004-01-12,7.856250
2004-01-13,7.677500
2004-01-14,7.628750
2004-01-15,7.743750
2004-01-16,7.923750
2004-01-20,7.943750
2004-01-21,8.171250
2004-01-22,8.150000
2004-01-23,8.218750
2004-01-26,8.066250
2004-01-27,7.632500
2004-01-28,7.627500
2004-01-29,7.586250
2004-01-30,6.851250
2004-02-02,7.033750
2004-02-03,7.026250
2004-02-04,7.025000
2004-02-05,7.000000
2004-02-06,7.070000
2004-02-09,7.215000
2004-02-10,7.171250
2004-02-11,7.325000
2004-02-12,7.395000
2004-02-13,7.287500
2004-02-17,7.276250
2004-02-18,7.197500
2004-02-19,6.967500
2004-02-20,6.957500
2004-02-23,6.788750
2004-02-24,6.763750
2004-02-25,6.845000
2004-02-26,6.823750
2004-02-27,6.783750
2004-03-01,6.852500
2004-03-02,6.803750
2004-03-03,6.945000
2004-03-04,6.950000
2004-03-05,7.166250
2004-03-08,6.991250
2004-03-09,7.060000
2004-03-10,7.026250
2004-03-11,6.987500
2004-03-12,7.187500
2004-03-15,7.041250
2004-03-16,6.930000
2004-03-17,7.037500
2004-03-18,7.088750
2004-03-19,6.912500
2004-03-22,6.682500
2004-03-23,6.487500
2004-03-24,6.470000
2004-03-25,6.667500
2004-03-26,6.723750
2004-03-29,6.912500
2004-03-30,6.931250
2004-03-31,6.931250
2004-04-01,6.976250
2004-04-02,7.171250
2004-04-05,7.240000
2004-04-06,7.040000
2004-04-07,7.122500
2004-04-08,7.183750
2004-04-12,7.131250
2004-04-13,6.945000
2004-04-14,7.073750
2004-04-15,7.110000
2004-04-16,7.165000
2004-04-19,7.311250
2004-04-20,7.125000
2004-04-21,7.230000
2004-04-22,7.402500
2004-04-23,7.515000
2004-04-26,7.693750
2004-04-27,7.797500
2004-04-28,7.663750
2004-04-29,7.681250
2004-04-30,7.617500
2004-05-03,7.553750
2004-05-04,7.293750
2004-05-05,7.292500
2004-05-06,7.091250
2004-05-07,6.943750
2004-05-10,6.841250
2004-05-11,6.925000
2004-05-12,7.042500
2004-05-13,7.082500
2004-05-14,6.966250
2004-05-17,7.200000
2004-05-18,7.817500
2004-05-19,7.860000
2004-05-20,7.893750
2004-05-21,7.916250
2004-05-24,7.850000
2004-05-25,7.972500
2004-05-26,8.240000
2004-05-27,8.213750
2004-05-28,8.166250
2004-06-01,8.367500
2004-06-02,8.323750
2004-06-03,8.038750
2004-06-04,8.067500
2004-06-07,8.116250
2004-06-08,8.058750
2004-06-09,7.871250
2004-06-10,7.716250
2004-06-14,7.725000
2004-06-15,7.983750
2004-06-16,8.050000
2004-06-17,7.928750
2004-06-18,8.050000
2004-06-21,7.871250
2004-06-22,7.850000
2004-06-23,8.143750
2004-06-24,8.082500
2004-06-25,8.118750
2004-06-28,7.992500
2004-06-29,8.190000
2004-06-30,8.375000
2004-07-01,8.368750
2004-07-02,8.427500
2004-07-06,8.367500
2004-07-07,8.388750
2004-07-08,8.221250
2004-07-09,8.166250
2004-07-12,8.203750
2004-07-13,8.212500
2004-07-14,8.038750
2004-07-15,7.982500
2004-07-16,7.805000
2004-07-19,7.888750
2004-07-20,7.798750
2004-07-21,7.425000
2004-07-22,7.482500
2004-07-23,7.273750
2004-07-26,7.038750
2004-07-27,7.278750
2004-07-28,7.281250
2004-07-29,7.437500
2004-07-30,8.080000
2004-08-02,7.937500
2004-08-03,7.921250
2004-08-04,7.860000
2004-08-05,7.957500
2004-08-06,7.703750
2004-08-09,7.708750
2004-08-10,8.008750
2004-08-11,8.222500
2004-08-12,7.960000
2004-08-13,7.873750
2004-08-16,8.091250
2004-08-17,8.008750
2004-08-18,8.268750
2004-08-19,8.100000
2004-08-20,8.276250
2004-08-23,8.118750
2004-08-24,8.098750
2004-08-25,8.352500
2004-08-26,8.655000
2004-08-27,8.673750
2004-08-30,8.522500
2004-08-31,8.641250
2004-09-01,8.875000
2004-09-02,8.912500
2004-09-03,8.790000
2004-09-07,8.645000
2004-09-08,8.517500
2004-09-09,8.712500
2004-09-10,8.872500
2004-09-13,8.932500
2004-09-14,8.922500
2004-09-15,8.865000
2004-09-16,8.960000
2004-09-17,9.222500
2004-09-20,9.170000
2004-09-21,9.340000
2004-09-22,9.072500
2004-09-23,9.087500
2004-09-24,9.125000
2004-09-27,8.875000
2004-09-28,8.940000
2004-09-29,9.040000
2004-09-30,9.345000
2004-10-01,9.422500
2004-10-04,9.610000
2004-10-05,9.600000
2004-10-06,9.760000
2004-10-07,9.505000
2004-10-08,9.450000
2004-10-11,9.470000
2004-10-12,9.555000
2004-10-13,9.387500
2004-10-14,9.352500
2004-10-15,9.372500
2004-10-18,9.580000
2004-10-19,9.315000
2004-10-20,9.452500
2004-10-21,9.170000
2004-10-22,8.312500
2004-10-25,8.235000
2004-10-26,8.505000
2004-10-27,8.735000
2004-10-28,8.757500
2004-10-29,8.657500
2004-11-01,8.837500
2004-11-02,8.820000
2004-11-03,9.127500
2004-11-04,9.300000
2004-11-05,9.355000
2004-11-08,9.205000
2004-11-09,9.192500
2004-11-10,9.125000
2004-11-11,9.297500
2004-11-12,9.235000
2004-11-15,8.980000
2004-11-16,8.790000
2004-11-17,8.617500
2004-11-18,8.867500
2004-11-19,8.587500
2004-11-22,8.650000
2004-11-23,8.620000
2004-11-24,8.650000
2004-11-26,8.627500
2004-11-29,8.540000
2004-11-30,8.615000
2004-12-01,8.660000
2004-12-02,8.722500
2004-12-03,8.870000
2004-12-06,8.962500
2004-12-07,8.912500
2004-12-08,9.082500
2004-12-09,9.210000
2004-12-10,9.095000
2004-12-13,9.280000
2004-12-14,9.285000
2004-12-15,9.042500
2004-12-16,8.902500
2004-12-17,8.712500
2004-12-20,8.752500
2004-12-21,8.757500
2004-12-22,8.645000
2004-12-23,8.577500
2004-12-27,8.565000
2004-12-28,8.807500
2004-12-29,8.865000
2004-12-30,8.792500
2004-12-31,8.747500
2005-01-03,8.682500
2005-01-04,8.470000
2005-01-05,8.352500
2005-01-06,8.405000
2005-01-07,8.387500
2005-01-10,8.390000
2005-01-11,8.200000
2005-01-12,8.285000
2005-01-13,8.127500
2005-01-14,8.167500
2005-01-18,8.377500
2005-01-19,8.325000
2005-01-20,8.362500
2005-01-21,8.222500
2005-01-24,8.065000
2005-01-25,8.005000
2005-01-26,8.292500
2005-01-27,8.147500
2005-01-28,8.127500
2005-01-31,8.275000
2005-02-01,8.365000
2005-02-02,8.162500
2005-02-03,8.070000
2005-02-04,8.315000
2005-02-07,8.130000
2005-02-08,8.042500
2005-02-09,7.835000
2005-02-10,7.760000
2005-02-11,8.200000
2005-02-14,8.255000
2005-02-15,8.265000
2005-02-16,8.405000
2005-02-17,8.432500
2005-02-18,8.387500
2005-02-22,8.287500
2005-02-23,8.487500
2005-02-24,8.742500
2005-02-25,8.890000
2005-02-28,8.637500
2005-03-01,8.560000
2005-03-02,8.795000
2005-03-03,8.785000
2005-03-04,8.715000
2005-03-07,8.772500
2005-03-08,8.797500
2005-03-09,8.792500
2005-03-10,8.767500
2005-03-11,8.642500
2005-03-14,8.925000
2005-03-15,8.757500
2005-03-16,8.752500
2005-03-17,8.812500
2005-03-18,8.850000
2005-03-21,8.777500
2005-03-22,8.722500
2005-03-23,8.990000
2005-03-24,8.842500
2005-03-28,8.792500
2005-03-29,8.745000
2005-03-30,8.965000
2005-03-31,8.950000
2005-04-01,8.832500
2005-04-04,8.802500
2005-04-05,8.995000
2005-04-06,9.157500
2005-04-07,9.465000
2005-04-08,9.280000
2005-04-11,9.240000
2005-04-12,9.407500
2005-04-13,9.242500
2005-04-14,9.090000
2005-04-15,8.832500
2005-04-18,8.800000
2005-04-19,9.047500
2005-04-20,9.280000
2005-04-21,9.680000
2005-04-22,9.887500
2005-04-25,9.827500
2005-04-26,9.825000
2005-04-27,9.220000
2005-04-28,9.185000
2005-04-29,9.277500
2005-05-02,9.450000
2005-05-03,9.710000
2005-05-04,9.767500
2005-05-05,9.652500
2005-05-06,9.680000
2005-05-09,9.717500
2005-05-10,9.662500
2005-05-11,9.847500
2005-05-12,9.695000
2005-05-13,9.700000
2005-05-16,9.715000
2005-05-17,9.725000
2005-05-18,9.922500
2005-05-19,10.100000
2005-05-20,10.045000
2005-05-23,10.187500
2005-05-24,10.077500
2005-05-25,10.100000
2005-05-26,10.290000
2005-05-27,10.252500
2005-05-31,10.200000
2005-06-01,10.447500
2005-06-02,10.767500
2005-06-03,10.357500
2005-06-06,10.430000
2005-06-07,10.527500
2005-06-08,10.530000
2005-06-09,10.905000
2005-06-10,10.830000
2005-06-13,10.997500
2005-06-14,10.997500
2005-06-15,10.875000
2005-06-16,11.062500
2005-06-17,11.372500
2005-06-20,11.277500
2005-06-21,10.852500
2005-06-22,10.655000
2005-06-23,10.355000
2005-06-24,10.437500
2005-06-27,10.505000
2005-06-28,10.807500
2005-06-29,10.837500
2005-06-30,10.997500
2005-07-01,11.032500
2005-07-05,11.197500
2005-07-06,11.165000
2005-07-07,11.372500
2005-07-08,11.657500
2005-07-11,11.510000
2005-07-12,11.240000
2005-07-13,11.377500
2005-07-14,11.470000
2005-07-15,11.367500
2005-07-18,11.387500
2005-07-19,11.650000
2005-07-20,11.650000
2005-07-21,11.542500
2005-07-22,11.117500
2005-07-25,10.712500
2005-07-26,10.992500
2005-07-27,11.357500
2005-07-28,11.290000
2005-07-29,11.202500
2005-08-01,11.470000
2005-08-02,11.382500
2005-08-03,11.340000
2005-08-04,11.055000
2005-08-05,10.657500
2005-08-08,10.527500
2005-08-09,10.670000
2005-08-10,10.387500
2005-08-11,10.660000
2005-08-12,10.602500
2005-08-15,10.720000
2005-08-16,10.435000
2005-08-17,10.485000
2005-08-18,10.662500
2005-08-19,10.625000
2005-08-22,10.500000
2005-08-23,10.457500
2005-08-24,10.282500
2005-08-25,10.247500
2005-08-26,10.262500
2005-08-29,10.500000
2005-08-30,10.310000
2005-08-31,10.750000
2005-09-01,10.742500
2005-09-02,10.647500
2005-09-06,10.852500
2005-09-07,10.820000
2005-09-08,10.782500
2005-09-09,11.070000
2005-09-12,11.342500
2005-09-13,11.325000
2005-09-14,11.282500
2005-09-15,11.432500
2005-09-16,11.580000
2005-09-19,11.540000
2005-09-20,11.437500
2005-09-21,11.250000
2005-09-22,11.447500
2005-09-23,11.507500
2005-09-26,11.812500
2005-09-27,11.790000
2005-09-28,11.702500
2005-09-29,11.875000
2005-09-30,12.190000
2005-10-03,11.970000
2005-10-04,11.820000
2005-10-05,11.537500
2005-10-06,11.380000
2005-10-07,11.877500
2005-10-10,12.007500
2005-10-11,11.915000
2005-10-12,11.542500
2005-10-13,11.700000
2005-10-14,11.855000
2005-10-17,11.932500
2005-10-18,12.057500
2005-10-19,11.502500
2005-10-20,11.302500
2005-10-21,11.405000
2005-10-24,11.945000
2005-10-25,11.992500
2005-10-26,11.697500
2005-10-27,11.395000
2005-10-28,11.780000
2005-10-31,11.812500
2005-11-01,11.787500
2005-11-02,12.225000
2005-11-03,12.697500
2005-11-04,12.420000
2005-11-07,12.467500
2005-11-08,12.882500
2005-11-09,12.902500
2005-11-10,13.077500
2005-11-11,13.520000
2005-11-14,12.997500
2005-11-15,12.910000
2005-11-16,13.907500
2005-11-17,13.687500
2005-11-18,13.590000
2005-11-21,13.550000
2005-11-22,13.525000
2005-11-23,13.447500
2005-11-25,13.557500
2005-11-28,13.030000
2005-11-29,12.900000
2005-11-30,12.672500
2005-12-01,13.247500
2005-12-02,13.395000
2005-12-05,13.597500
2005-12-06,13.340000
2005-12-07,13.122500
2005-12-08,13.155000
2005-12-09,12.995000
2005-12-12,12.920000
2005-12-13,13.487500
2005-12-14,13.025000
2005-12-15,13.150000
2005-12-16,12.672500
2005-12-19,12.645000
2005-12-20,12.905000
2005-12-21,13.517500
2005-12-22,13.850000
2005-12-23,13.640000
2005-12-27,13.545000
2005-12-28,13.360000
2005-12-29,13.210000
2005-12-30,13.142500
2006-01-03,13.675000
2006-01-04,13.862500
2006-01-05,14.155000
2006-01-06,14.257500
2006-01-09,14.477500
2006-01-10,14.272500
2006-01-11,14.232500
2006-01-12,14.610000
2006-01-13,14.850000
2006-01-17,14.765000
2006-01-18,14.655000
2006-01-19,14.790000
2006-01-20,14.390000
2006-01-23,14.097500
2006-01-24,14.502500
2006-01-25,14.340000
2006-01-26,14.727500
2006-01-27,14.935000
2006-01-30,14.475000
2006-01-31,15.217500
2006-02-01,15.377500
2006-02-02,15.177500
2006-02-03,15.175000
2006-02-06,15.005000
2006-02-07,15.085000
2006-02-08,14.845000
2006-02-09,14.582500
2006-02-10,14.775000
2006-02-13,14.795000
2006-02-14,15.072500
2006-02-15,15.297500
2006-02-16,15.375000
2006-02-17,15.365000
2006-02-21,14.995000
2006-02-22,15.467500
2006-02-23,15.320000
2006-02-24,15.415000
2006-02-27,15.917500
2006-02-28,15.567500
2006-03-01,15.262500
2006-03-02,15.322500
2006-03-03,15.022500
2006-03-06,14.875000
2006-03-07,14.772500
2006-03-08,15.195000
2006-03-09,15.142500
2006-03-10,15.272500
2006-03-13,15.372500
2006-03-14,15.717500
2006-03-15,15.935000
2006-03-16,15.722500
2006-03-17,15.827500
2006-03-20,15.755000
2006-03-21,15.575000
2006-03-22,15.675000
2006-03-23,15.505000
2006-03-24,15.585000
2006-03-27,15.610000
2006-03-28,15.410000
2006-03-29,15.505000
2006-03-30,15.417500
2006-03-31,15.555000
2006-04-03,15.872500
2006-04-04,16.132500
2006-04-05,15.977500
2006-04-06,15.427500
2006-04-07,15.375000
2006-04-10,15.467500
2006-04-11,15.102500
2006-04-12,15.272500
2006-04-13,15.357500
2006-04-17,15.297500
2006-04-18,15.460000
2006-04-19,16.282499
2006-04-20,16.290001
2006-04-21,16.129999
2006-04-24,15.885000
2006-04-25,15.355000
2006-04-26,14.327500
2006-04-27,14.195000
2006-04-28,14.375000
2006-05-01,14.472500
2006-05-02,13.700000
2006-05-03,14.027500
2006-05-04,13.800000
2006-05-05,14.062500
2006-05-08,14.130000
2006-05-09,14.337500
2006-05-10,14.197500
2006-05-11,14.150000
2006-05-12,13.885000
2006-05-15,14.270000
2006-05-16,14.185000
2006-05-17,13.950000
2006-05-18,13.437500
2006-05-19,13.735000
2006-05-22,13.670000
2006-05-23,13.442500
2006-05-24,13.875000
2006-05-25,13.950000
2006-05-26,14.290000
2006-05-30,13.942500
2006-05-31,14.332500
2006-06-01,14.665000
2006-06-02,14.600000
2006-06-05,14.122500
2006-06-06,14.147500
2006-06-07,14.202500
2006-06-08,14.142500
2006-06-09,14.327500
2006-06-12,14.040000
2006-06-13,14.255000
2006-06-14,14.235000
2006-06-15,14.647500
2006-06-16,14.465000
2006-06-19,14.027500
2006-06-20,13.810000
2006-06-21,14.002500
2006-06-22,13.737500
2006-06-23,13.892500
2006-06-26,13.947500
2006-06-27,13.795000
2006-06-28,14.022500
2006-06-29,14.737500
2006-06-30,14.790000
2006-07-03,14.815000
2006-07-05,14.747500
2006-07-06,15.025000
2006-07-07,15.190000
2006-07-10,15.400000
2006-07-11,15.440000
2006-07-12,15.447500
2006-07-13,15.275000
2006-07-14,14.977500
2006-07-17,14.850000
2006-07-18,15.062500
2006-07-19,15.307500
2006-07-20,14.837500
2006-07-21,14.927500
2006-07-24,15.102500
2006-07-25,15.472500
2006-07-26,15.590000
2006-07-27,15.302500
2006-07-28,15.620000
2006-07-31,15.380000
2006-08-01,15.177500
2006-08-02,15.400000
2006-08-03,15.517500
2006-08-04,15.332500
2006-08-07,15.482500
2006-08-08,15.395000
2006-08-09,15.420000
2006-08-10,15.465000
2006-08-11,15.512500
2006-08-14,15.382500
2006-08-15,15.555000
2006-08-16,16.000000
2006-08-17,15.995000
2006-08-18,15.912500
2006-08-21,15.907500
2006-08-22,15.865000
2006-08-23,15.785000
2006-08-24,15.925000
2006-08-25,15.800000
2006-08-28,16.117500
2006-08-29,16.010000
2006-08-30,15.865000
2006-08-31,15.850000
2006-09-01,15.832500
2006-09-05,15.715000
2006-09-06,15.385000
2006-09-07,15.455000
2006-09-08,15.922500
2006-09-11,15.862500
2006-09-12,15.960000
2006-09-13,15.925000
2006-09-14,15.872500
2006-09-15,16.187500
2006-09-18,16.205000
2006-09-19,16.240000
2006-09-20,16.237499
2006-09-21,16.059999
2006-09-22,16.195000
2006-09-25,16.542500
2006-09-26,16.695000
2006-09-27,16.832500
2006-09-28,17.157499
2006-09-29,17.192499
2006-10-02,16.070000
2006-10-03,15.507500
2006-10-04,15.995000
2006-10-05,16.327499
2006-10-06,16.337500
2006-10-09,16.295000
2006-10-10,16.242500
2006-10-11,16.327499
2006-10-12,16.712500
2006-10-13,16.722500
2006-10-16,16.877501
2006-10-17,17.000000
2006-10-18,16.930000
2006-10-19,17.075001
2006-10-20,17.247499
2006-10-23,17.344999
2006-10-24,17.160000
2006-10-25,16.987499
2006-10-26,17.337500
2006-10-27,17.045000
2006-10-30,17.242500
2006-10-31,17.225000
2006-11-01,16.895000
2006-11-02,17.002501
2006-11-03,16.965000
2006-11-06,17.205000
2006-11-07,17.437500
2006-11-08,17.245001
2006-11-09,16.764999
2006-11-10,16.834999
2006-11-13,16.767500
2006-11-14,16.900000
2006-11-15,16.967501
2006-11-16,17.070000
2006-11-17,17.357500
2006-11-20,17.225000
2006-11-21,16.877501
2006-11-22,16.637501
2006-11-24,16.537500
2006-11-27,16.299999
2006-11-28,16.532499
2006-11-29,16.687500
2006-11-30,16.490000
2006-12-01,16.305000
2006-12-04,16.905001
2006-12-05,16.924999
2006-12-06,17.025000
2006-12-07,16.719999
2006-12-08,16.530001
2006-12-11,16.437500
2006-12-12,16.315001
2006-12-13,15.992500
2006-12-14,15.837500
2006-12-15,16.122499
2006-12-18,15.947500
2006-12-19,16.160000
2006-12-20,16.190001
2006-12-21,16.342501
2006-12-22,16.125000
2006-12-26,16.277500
2006-12-27,16.507500
2006-12-28,16.337500
2006-12-29,16.232500
2007-01-03,15.787500
2007-01-04,16.047501
2007-01-05,16.052500
2007-01-08,16.057501
2007-01-09,16.252501
2007-01-10,16.172501
2007-01-11,16.559999
2007-01-12,16.540001
2007-01-16,16.587500
2007-01-17,16.597500
2007-01-18,16.540001
2007-01-19,16.395000
2007-01-22,16.062500
2007-01-23,15.960000
2007-01-24,16.062500
2007-01-25,15.852500
2007-01-26,15.682500
2007-01-29,15.797500
2007-01-30,15.867500
2007-01-31,16.080000
2007-02-01,17.882500
2007-02-02,17.667500
2007-02-05,17.504999
2007-02-06,17.582500
2007-02-07,18.059999
2007-02-08,18.040001
2007-02-09,17.790001
2007-02-12,17.702499
2007-02-13,17.642500
2007-02-14,17.930000
2007-02-15,18.047501
2007-02-16,18.014999
2007-02-20,18.172501
2007-02-21,18.557501
2007-02-22,18.514999
2007-02-23,18.407499
2007-02-26,18.512501
2007-02-27,17.645000
2007-02-28,17.889999
2007-03-01,17.647499
2007-03-02,17.610001
2007-03-05,17.497499
2007-03-06,17.680000
2007-03-07,17.517500
2007-03-08,17.514999
2007-03-09,17.565001
2007-03-12,17.705000
2007-03-13,17.207500
2007-03-14,17.389999
2007-03-15,17.530001
2007-03-16,17.385000
2007-03-19,17.692499
2007-03-20,18.202499
2007-03-21,18.602501
2007-03-22,18.682501
2007-03-23,18.645000
2007-03-26,18.825001
2007-03-27,18.750000
2007-03-28,18.760000
2007-03-29,19.062500
2007-03-30,19.125000
2007-04-02,19.127501
2007-04-03,19.475000
2007-04-04,19.485001
2007-04-05,19.580000
2007-04-09,19.424999
2007-04-10,19.320000
2007-04-11,19.174999
2007-04-12,19.747499
2007-04-13,19.605000
2007-04-16,19.924999
2007-04-17,19.840000
2007-04-18,19.607500
2007-04-19,20.427500
2007-04-20,20.597500
2007-04-23,20.797501
2007-04-24,20.842501
2007-04-25,21.055000
2007-04-26,20.995001
2007-04-27,20.465000
2007-04-30,20.430000
2007-05-01,20.645000
2007-05-02,20.852501
2007-05-03,20.802500
2007-05-04,20.780001
2007-05-07,20.740000
2007-05-08,20.705000
2007-05-09,20.767500
2007-05-10,20.257500
2007-05-11,20.535000
2007-05-14,20.424999
2007-05-15,20.459999
2007-05-16,20.997499
2007-05-17,20.732500
2007-05-18,20.754999
2007-05-21,20.674999
2007-05-22,20.930000
2007-05-23,20.642500
2007-05-24,20.582500
2007-05-25,20.434999
2007-05-29,20.490000
2007-05-30,20.565001
2007-05-31,20.692499
2007-06-01,20.750000
2007-06-04,20.945000
2007-06-05,20.822500
2007-06-06,20.352501
2007-06-07,19.645000
2007-06-08,19.750000
2007-06-11,19.805000
2007-06-12,19.730000
2007-06-13,20.084999
2007-06-14,20.160000
2007-06-15,20.207500
2007-06-18,20.127501
2007-06-19,20.200001
2007-06-20,19.775000
2007-06-21,19.837500
2007-06-22,19.620001
2007-06-25,19.360001
2007-06-26,19.400000
2007-06-27,19.900000
2007-06-28,19.795000
2007-06-29,19.400000
2007-07-02,19.670000
2007-07-03,19.525000
2007-07-05,19.490000
2007-07-06,19.559999
2007-07-09,19.684999
2007-07-10,19.930000
2007-07-11,19.860001
2007-07-12,19.969999
2007-07-13,19.980000
2007-07-16,19.809999
2007-07-17,19.615000
2007-07-18,19.670000
2007-07-19,20.209999
2007-07-20,19.375000
2007-07-23,19.000000
2007-07-24,18.930000
2007-07-25,18.959999
2007-07-26,18.635000
2007-07-27,18.480000
2007-07-30,18.709999
2007-07-31,18.615000
2007-08-01,18.549999
2007-08-02,18.855000
2007-08-03,18.465000
2007-08-06,19.075001
2007-08-07,18.930000
2007-08-08,19.209999
2007-08-09,18.655001
2007-08-10,18.530001
2007-08-13,18.705000
2007-08-14,18.834999
2007-08-15,18.905001
2007-08-16,18.799999
2007-08-17,19.000000
2007-08-20,18.910000
2007-08-21,18.865000
2007-08-22,18.745001
2007-08-23,18.590000
2007-08-24,18.645000
2007-08-27,18.365000
2007-08-28,17.834999
2007-08-29,18.025000
2007-08-30,18.070000
2007-08-31,18.184999
2007-09-04,18.565001
2007-09-05,18.235001
2007-09-06,18.795000
2007-09-07,18.830000
2007-09-10,18.725000
2007-09-11,19.055000
2007-09-12,19.125000
2007-09-13,19.250000
2007-09-14,19.010000
2007-09-17,18.615000
2007-09-18,19.264999
2007-09-19,19.320000
2007-09-20,19.730000
2007-09-21,20.065001
2007-09-24,19.885000
2007-09-25,20.360001
2007-09-26,20.400000
2007-09-27,20.559999
2007-09-28,20.434999
2007-10-01,20.934999
2007-10-02,20.700001
2007-10-03,20.655001
2007-10-04,20.760000
2007-10-05,21.055000
2007-10-08,20.605000
2007-10-09,21.045000
2007-10-10,21.490000
2007-10-11,21.160000
2007-10-12,21.650000
2007-10-15,21.004999
2007-10-16,21.200001
2007-10-17,21.360001
2007-10-18,21.754999
2007-10-19,21.000000
2007-10-22,21.285000
2007-10-23,21.510000
2007-10-24,21.980000
2007-10-25,22.754999
2007-10-26,23.184999
2007-10-29,22.980000
2007-10-30,22.740000
2007-10-31,23.094999
2007-11-01,22.889999
2007-11-02,23.455000
2007-11-05,23.600000
2007-11-06,23.555000
2007-11-07,22.309999
2007-11-08,22.535000
2007-11-09,21.785000
2007-11-12,21.280001
2007-11-13,21.555000
2007-11-14,21.955000
2007-11-15,21.825001
2007-11-16,22.320000
2007-11-19,21.639999
2007-11-20,21.875000
2007-11-21,21.530001
2007-11-23,21.660000
2007-11-26,20.955000
2007-11-27,22.245001
2007-11-28,22.915001
2007-11-29,22.879999
2007-11-30,23.270000
2007-12-03,22.969999
2007-12-04,22.605000
2007-12-05,23.389999
2007-12-06,23.805000
2007-12-07,23.535000
2007-12-10,23.870001
2007-12-11,22.920000
2007-12-12,23.424999
2007-12-13,23.105000
2007-12-14,22.924999
2007-12-17,22.719999
2007-12-18,22.775000
2007-12-19,22.889999
2007-12-20,22.959999
2007-12-21,23.230000
2007-12-24,23.455000
2007-12-26,23.570000
2007-12-27,23.155001
2007-12-28,23.165001
2007-12-31,23.004999
2008-01-02,22.670000
2008-01-03,23.445000
2008-01-04,22.950001
2008-01-07,23.855000
2008-01-08,23.424999
2008-01-09,24.250000
2008-01-10,24.110001
2008-01-11,24.340000
2008-01-14,24.080000
2008-01-15,23.610001
2008-01-16,23.809999
2008-01-17,23.615000
2008-01-18,23.084999
2008-01-22,22.200001
2008-01-23,22.405001
2008-01-24,22.799999
2008-01-25,21.535000
2008-01-28,21.500000
2008-01-29,21.575001
2008-01-30,22.000000
2008-01-31,22.844999
2008-02-01,22.965000
2008-02-04,23.145000
2008-02-05,22.285000
2008-02-06,22.434999
2008-02-07,22.215000
2008-02-08,22.264999
2008-02-11,22.299999
2008-02-12,22.545000
2008-02-13,22.725000
2008-02-14,22.370001
2008-02-15,22.309999
2008-02-19,22.590000
2008-02-20,22.799999
2008-02-21,21.965000
2008-02-22,21.459999
2008-02-25,21.809999
2008-02-26,22.030001
2008-02-27,21.895000
2008-02-28,22.730000
2008-02-29,23.660000
2008-03-03,24.285000
2008-03-04,24.660000
2008-03-05,24.480000
2008-03-06,23.905001
2008-03-07,24.350000
2008-03-10,23.065001
2008-03-11,23.629999
2008-03-12,24.004999
2008-03-13,24.245001
2008-03-14,23.775000
2008-03-17,23.379999
2008-03-18,24.045000
2008-03-19,23.780001
2008-03-20,24.215000
2008-03-24,24.805000
2008-03-25,25.504999
2008-03-26,25.120001
2008-03-27,24.990000
2008-03-28,24.805000
2008-03-31,25.764999
2008-04-01,26.440001
2008-04-02,25.950001
2008-04-03,25.830000
2008-04-04,26.174999
2008-04-07,26.030001
2008-04-08,25.940001
2008-04-09,25.514999
2008-04-10,26.045000
2008-04-11,25.320000
2008-04-14,25.389999
2008-04-15,25.535000
2008-04-16,25.900000
2008-04-17,24.980000
2008-04-18,25.879999
2008-04-21,26.049999
2008-04-22,25.445000
2008-04-23,25.250000
2008-04-24,25.510000
2008-04-25,25.700001
2008-04-28,26.264999
2008-04-29,25.855000
2008-04-30,25.879999
2008-05-01,26.500000
2008-05-02,26.815001
2008-05-05,26.834999
2008-05-06,27.070000
2008-05-07,26.615000
2008-05-08,27.055000
2008-05-09,26.820000
2008-05-12,27.240000
2008-05-13,26.735001
2008-05-14,26.280001
2008-05-15,26.475000
2008-05-16,26.545000
2008-05-19,26.610001
2008-05-20,26.934999
2008-05-21,26.240000
2008-05-22,26.844999
2008-05-23,26.490000
2008-05-27,26.825001
2008-05-28,26.785000
2008-05-29,27.674999
2008-05-30,27.660000
2008-06-02,27.290001
2008-06-03,27.650000
2008-06-04,28.120001
2008-06-05,28.320000
2008-06-06,27.379999
2008-06-09,27.150000
2008-06-10,27.094999
2008-06-11,26.575001
2008-06-12,26.365000
2008-06-13,27.070000
2008-06-16,27.165001
2008-06-17,26.775000
2008-06-18,26.725000
2008-06-19,27.735001
2008-06-20,27.360001
2008-06-23,27.379999
2008-06-24,27.254999
2008-06-25,27.240000
2008-06-26,26.469999
2008-06-27,26.430000
2008-06-30,26.475000
2008-07-01,26.084999
2008-07-02,25.645000
2008-07-03,25.545000
2008-07-07,25.834999
2008-07-08,26.764999
2008-07-09,26.910000
2008-07-10,27.295000
2008-07-11,26.850000
2008-07-14,26.775000
2008-07-15,27.500000
2008-07-16,27.405001
2008-07-17,27.700001
2008-07-18,24.764999
2008-07-21,24.820000
2008-07-22,25.549999
2008-07-23,26.350000
2008-07-24,26.340000
2008-07-25,27.254999
2008-07-28,26.334999
2008-07-29,26.990000
2008-07-30,26.955000
2008-07-31,26.990000
2008-08-01,26.844999
2008-08-04,26.920000
2008-08-05,27.660000
2008-08-06,28.014999
2008-08-07,27.520000
2008-08-08,28.385000
2008-08-11,28.215000
2008-08-12,28.549999
2008-08-13,28.405001
2008-08-14,28.344999
2008-08-15,28.129999
2008-08-18,27.895000
2008-08-19,27.275000
2008-08-20,27.309999
2008-08-21,27.075001
2008-08-22,27.155001
2008-08-25,26.605000
2008-08-26,26.945000
2008-08-27,26.875000
2008-08-28,26.605000
2008-08-29,26.340000
2008-09-02,25.139999
2008-09-03,25.690001
2008-09-04,24.990000
2008-09-05,23.924999
2008-09-08,23.535000
2008-09-09,23.344999
2008-09-10,23.410000
2008-09-11,24.520000
2008-09-12,24.059999
2008-09-15,23.915001
2008-09-16,24.915001
2008-09-17,23.465000
2008-09-18,23.584999
2008-09-19,23.230000
2008-09-22,22.355000
2008-09-23,22.344999
2008-09-24,23.344999
2008-09-25,23.525000
2008-09-26,24.320000
2008-09-29,21.219999
2008-09-30,22.815001
2008-10-01,22.650000
2008-10-02,22.344999
2008-10-03,22.875000
2008-10-06,20.940001
2008-10-07,20.295000
2008-10-08,20.535000
2008-10-09,20.020000
2008-10-10,18.735001
2008-10-13,21.325001
2008-10-14,20.660000
2008-10-15,19.139999
2008-10-16,20.695000
2008-10-17,21.514999
2008-10-20,23.245001
2008-10-21,23.010000
2008-10-22,23.235001
2008-10-23,22.735001
2008-10-24,21.660000
2008-10-27,21.200001
2008-10-28,22.385000
2008-10-29,22.820000
2008-10-30,23.355000
2008-10-31,22.924999
2008-11-03,23.655001
2008-11-04,23.535000
2008-11-05,22.510000
2008-11-06,22.174999
2008-11-07,22.520000
2008-11-10,22.420000
2008-11-11,22.070000
2008-11-12,22.225000
2008-11-13,23.650000
2008-11-14,23.459999
2008-11-17,22.955000
2008-11-18,22.610001
2008-11-19,21.600000
2008-11-20,20.764999
2008-11-21,20.730000
2008-11-24,21.365000
2008-11-25,22.070000
2008-11-26,22.525000
2008-11-28,22.395000
2008-12-01,21.230000
2008-12-02,22.045000
2008-12-03,23.084999
2008-12-04,22.775000
2008-12-05,23.695000
2008-12-08,23.334999
2008-12-09,22.415001
2008-12-10,22.799999
2008-12-11,22.035000
2008-12-12,22.514999
2008-12-15,22.174999
2008-12-16,23.934999
2008-12-17,23.825001
2008-12-18,24.389999
2008-12-19,24.825001
2008-12-22,25.150000
2008-12-23,25.000000
2008-12-24,25.230000
2008-12-26,25.004999
2008-12-29,24.945000
2008-12-30,25.665001
2008-12-31,25.570000
2009-01-02,26.090000
2009-01-05,25.500000
2009-01-06,24.815001
2009-01-07,24.360001
2009-01-08,24.434999
2009-01-09,23.885000
2009-01-12,23.825001
2009-01-13,24.205000
2009-01-14,23.809999
2009-01-15,24.014999
2009-01-16,24.139999
2009-01-20,23.600000
2009-01-21,24.700001
2009-01-22,24.350000
2009-01-23,24.125000
2009-01-26,24.195000
2009-01-27,24.115000
2009-01-28,25.270000
2009-01-29,25.320000
2009-01-30,25.385000
2009-02-02,25.934999
2009-02-03,26.400000
2009-02-04,25.980000
2009-02-05,26.115000
2009-02-06,26.225000
2009-02-09,25.754999
2009-02-10,24.885000
2009-02-11,24.980000
2009-02-12,25.250000
2009-02-13,25.125000
2009-02-17,24.360001
2009-02-18,24.795000
2009-02-19,24.520000
2009-02-20,25.000000
2009-02-23,24.475000
2009-02-24,25.170000
2009-02-25,24.770000
2009-02-26,23.535000
2009-02-27,22.400000
2009-03-02,22.135000
2009-03-03,22.510000
2009-03-04,22.684999
2009-03-05,21.889999
2009-03-06,22.004999
2009-03-09,21.855000
2009-03-10,22.254999
2009-03-11,22.020000
2009-03-12,22.215000
2009-03-13,22.715000
2009-03-16,22.094999
2009-03-17,23.049999
2009-03-18,22.570000
2009-03-19,22.150000
2009-03-20,22.155001
2009-03-23,22.840000
2009-03-24,22.280001
2009-03-25,21.940001
2009-03-26,21.969999
2009-03-27,22.184999
2009-03-30,22.809999
2009-03-31,23.160000
2009-04-01,22.590000
2009-04-02,22.350000
2009-04-03,23.490000
2009-04-06,24.184999
2009-04-07,23.715000
2009-04-08,23.695000
2009-04-09,23.815001
2009-04-13,23.764999
2009-04-14,23.325001
2009-04-15,22.270000
2009-04-16,22.424999
2009-04-17,22.344999
2009-04-20,21.885000
2009-04-21,21.865000
2009-04-22,23.110001
2009-04-23,22.950001
2009-04-24,22.900000
2009-04-27,23.764999
2009-04-28,23.799999
2009-04-29,23.480000
2009-04-30,22.900000
2009-05-01,22.405001
2009-05-04,22.450001
2009-05-05,22.260000
2009-05-06,22.014999
2009-05-07,22.715000
2009-05-08,22.004999
2009-05-11,22.325001
2009-05-12,22.270000
2009-05-13,22.200001
2009-05-14,22.100000
2009-05-15,21.875000
2009-05-18,21.680000
2009-05-19,21.344999
2009-05-20,21.160000
2009-05-21,21.280001
2009-05-22,21.165001
2009-05-26,21.235001
2009-05-27,20.719999
2009-05-28,21.010000
2009-05-29,21.549999
2009-06-01,21.385000
2009-06-02,21.545000
2009-06-03,22.365000
2009-06-04,22.459999
2009-06-05,22.290001
2009-06-08,22.245001
2009-06-09,22.290001
2009-06-10,22.139999
2009-06-11,22.094999
2009-06-12,22.469999
2009-06-15,21.965000
2009-06-16,22.080000
2009-06-17,22.764999
2009-06-18,23.250000
2009-06-19,23.510000
2009-06-22,23.160000
2009-06-23,23.330000
2009-06-24,23.264999
2009-06-25,23.940001
2009-06-26,23.760000
2009-06-29,23.684999
2009-06-30,23.420000
2009-07-01,23.415001
2009-07-02,22.950001
2009-07-06,22.875000
2009-07-07,22.594999
2009-07-08,22.459999
2009-07-09,22.355000
2009-07-10,22.219999
2009-07-13,22.645000
2009-07-14,22.455000
2009-07-15,22.910000
2009-07-16,23.434999
2009-07-17,23.915001
2009-07-20,23.985001
2009-07-21,24.275000
2009-07-22,23.930000
2009-07-23,24.170000
2009-07-24,24.215000
2009-07-27,24.475000
2009-07-28,24.865000
2009-07-29,24.905001
2009-07-30,24.790001
2009-07-31,24.465000
2009-08-03,24.639999
2009-08-04,23.915001
2009-08-05,23.420000
2009-08-06,22.725000
2009-08-07,22.879999
2009-08-10,23.000000
2009-08-11,22.825001
2009-08-12,22.924999
2009-08-13,22.594999
2009-08-14,22.475000
2009-08-17,22.120001
2009-08-18,22.160000
2009-08-19,22.610001
2009-08-20,22.985001
2009-08-21,23.045000
2009-08-24,23.000000
2009-08-25,23.125000
2009-08-26,23.115000
2009-08-27,22.910000
2009-08-28,22.625000
2009-08-31,22.530001
2009-09-01,22.559999
2009-09-02,22.645000
2009-09-03,22.730000
2009-09-04,23.065001
2009-09-08,23.415001
2009-09-09,23.605000
2009-09-10,23.170000
2009-09-11,23.049999
2009-09-14,23.264999
2009-09-15,23.040001
2009-09-16,23.155001
2009-09-17,22.915001
2009-09-18,22.879999
2009-09-21,23.315001
2009-09-22,23.065001
2009-09-23,22.940001
2009-09-24,23.000000
2009-09-25,23.100000
2009-09-28,23.540001
2009-09-29,23.240000
2009-09-30,23.250000
2009-10-01,22.650000
2009-10-02,22.254999
2009-10-05,22.500000
2009-10-06,22.860001
2009-10-07,22.655001
2009-10-08,22.610001
2009-10-09,22.650000
2009-10-12,22.590000
2009-10-13,22.785000
2009-10-14,23.025000
2009-10-15,23.315001
2009-10-16,23.084999
2009-10-19,23.405001
2009-10-20,23.059999
2009-10-21,22.665001
2009-10-22,22.299999
2009-10-23,21.915001
2009-10-26,21.715000
2009-10-27,21.559999
2009-10-28,21.290001
2009-10-29,21.469999
2009-10-30,21.275000
2009-11-02,21.334999
2009-11-03,21.900000
2009-11-04,21.934999
2009-11-05,22.750000
2009-11-06,23.129999
2009-11-09,23.290001
2009-11-10,23.405001
2009-11-11,23.570000
2009-11-12,23.440001
2009-11-13,23.525000
2009-11-16,23.715000
2009-11-17,23.745001
2009-11-18,23.389999
2009-11-19,23.260000
2009-11-20,23.195000
2009-11-23,23.504999
2009-11-24,23.480000
2009-11-25,23.490000
2009-11-27,23.280001
2009-11-30,23.055000
2009-12-01,23.200001
2009-12-02,23.270000
2009-12-03,23.129999
2009-12-04,23.295000
2009-12-07,23.309999
2009-12-08,23.059999
2009-12-09,23.000000
2009-12-10,23.145000
2009-12-11,23.209999
2009-12-14,23.480000
2009-12-15,22.655001
2009-12-16,21.615000
2009-12-17,21.600000
2009-12-18,21.415001
2009-12-21,21.580000
2009-12-22,21.620001
2009-12-23,21.504999
2009-12-24,21.500000
2009-12-28,21.629999
2009-12-29,21.735001
2009-12-30,21.900000
2009-12-31,21.635000
2010-01-04,21.650000
2010-01-05,21.629999
2010-01-06,22.379999
2010-01-07,22.434999
2010-01-08,22.270000
2010-01-11,22.445000
2010-01-12,22.475000
2010-01-13,22.754999
2010-01-14,22.730000
2010-01-15,22.760000
2010-01-19,23.139999
2010-01-20,23.025000
2010-01-21,22.889999
2010-01-22,23.040001
2010-01-25,22.855000
2010-01-26,22.434999
2010-01-27,24.020000
2010-01-28,23.754999
2010-01-29,24.135000
2010-02-01,23.905001
2010-02-02,24.280001
2010-02-03,23.770000
2010-02-04,23.235001
2010-02-05,23.190001
2010-02-08,23.045000
2010-02-09,23.150000
2010-02-10,22.985001
2010-02-11,23.379999
2010-02-12,23.504999
2010-02-16,23.434999
2010-02-17,24.325001
2010-02-18,24.725000
2010-02-19,24.420000
2010-02-22,23.940001
2010-02-23,23.674999
2010-02-24,23.780001
2010-02-25,23.705000
2010-02-26,23.805000
2010-03-01,23.754999
2010-03-02,23.770000
2010-03-03,23.785000
2010-03-04,23.530001
2010-03-05,23.805000
2010-03-08,23.504999
2010-03-09,23.719999
2010-03-10,23.639999
2010-03-11,23.549999
2010-03-12,23.709999
2010-03-15,23.760000
2010-03-16,23.735001
2010-03-17,23.590000
2010-03-18,23.709999
2010-03-19,23.934999
2010-03-22,24.075001
2010-03-23,23.879999
2010-03-24,23.645000
2010-03-25,22.975000
2010-03-26,22.670000
2010-03-29,22.940001
2010-03-30,22.805000
2010-03-31,22.735001
2010-04-01,22.820000
2010-04-05,22.920000
2010-04-06,22.754999
2010-04-07,22.725000
2010-04-08,22.910000
2010-04-09,22.900000
2010-04-12,22.934999
2010-04-13,23.174999
2010-04-14,23.030001
2010-04-15,22.660000
2010-04-16,22.850000
2010-04-19,22.870001
2010-04-20,22.535000
2010-04-21,20.379999
2010-04-22,20.295000
2010-04-23,20.834999
2010-04-26,20.280001
2010-04-27,20.184999
2010-04-28,20.340000
2010-04-29,20.200001
2010-04-30,19.855000
2010-05-03,19.879999
2010-05-04,19.264999
2010-05-05,20.105000
2010-05-06,19.590000
2010-05-07,19.184999
2010-05-10,19.190001
2010-05-11,19.629999
2010-05-12,20.075001
2010-05-13,19.735001
2010-05-14,18.889999
2010-05-17,19.115000
2010-05-18,19.139999
2010-05-19,19.500000
2010-05-20,18.485001
2010-05-21,18.285000
2010-05-24,18.174999
2010-05-25,18.090000
2010-05-26,17.410000
2010-05-27,18.120001
2010-05-28,17.959999
2010-06-01,17.715000
2010-06-02,18.000000
2010-06-03,17.950001
2010-06-04,17.355000
2010-06-07,17.219999
2010-06-08,16.730000
2010-06-09,16.455000
2010-06-10,16.860001
2010-06-11,17.264999
2010-06-14,17.320000
2010-06-15,17.764999
2010-06-16,17.905001
2010-06-17,17.985001
2010-06-18,18.010000
2010-06-21,18.049999
2010-06-22,17.955000
2010-06-23,18.105000
2010-06-24,17.860001
2010-06-25,18.174999
2010-06-28,17.885000
2010-06-29,17.485001
2010-06-30,17.139999
2010-07-01,17.070000
2010-07-02,17.434999
2010-07-06,17.385000
2010-07-07,17.469999
2010-07-08,17.410000
2010-07-09,17.370001
2010-07-12,17.240000
2010-07-13,17.600000
2010-07-14,17.405001
2010-07-15,17.450001
2010-07-16,15.970000
2010-07-19,16.455000
2010-07-20,16.500000
2010-07-21,16.455000
2010-07-22,16.889999
2010-07-23,16.715000
2010-07-26,16.695000
2010-07-27,16.695000
2010-07-28,16.709999
2010-07-29,16.705000
2010-07-30,16.660000
2010-08-02,17.230000
2010-08-03,17.240000
2010-08-04,17.610001
2010-08-05,17.865000
2010-08-06,17.910000
2010-08-09,17.879999
2010-08-10,17.895000
2010-08-11,17.280001
2010-08-12,17.330000
2010-08-13,17.155001
2010-08-16,16.930000
2010-08-17,17.075001
2010-08-18,16.885000
2010-08-19,16.565001
2010-08-20,16.320000
2010-08-23,16.424999
2010-08-24,16.045000
2010-08-25,16.410000
2010-08-26,16.035000
2010-08-27,16.260000
2010-08-30,16.209999
2010-08-31,15.915000
2010-09-01,16.510000
2010-09-02,16.575001
2010-09-03,17.010000
2010-09-07,16.615000
2010-09-08,16.955000
2010-09-09,17.025000
2010-09-10,17.195000
2010-09-13,17.195000
2010-09-14,17.254999
2010-09-15,17.420000
2010-09-16,17.485001
2010-09-17,17.280001
2010-09-20,17.795000
2010-09-21,17.950001
2010-09-22,18.004999
2010-09-23,17.889999
2010-09-24,18.275000
2010-09-27,17.930000
2010-09-28,18.070000
2010-09-29,17.934999
2010-09-30,17.805000
2010-10-01,17.879999
2010-10-04,17.680000
2010-10-05,18.010000
2010-10-06,17.875000
2010-10-07,18.129999
2010-10-08,18.165001
2010-10-11,18.105000
2010-10-12,18.055000
2010-10-13,18.340000
2010-10-14,18.395000
2010-10-15,18.865000
2010-10-18,18.770000
2010-10-19,18.365000
2010-10-20,19.195000
2010-10-21,19.549999
2010-10-22,19.555000
2010-10-25,19.770000
2010-10-26,19.805000
2010-10-27,19.730000
2010-10-28,19.930000
2010-10-29,19.834999
2010-11-01,20.120001
2010-11-02,20.165001
2010-11-03,19.905001
2010-11-04,19.820000
2010-11-05,19.475000
2010-11-08,19.415001
2010-11-09,19.254999
2010-11-10,19.365000
2010-11-11,19.490000
2010-11-12,18.900000
2010-11-15,19.000000
2010-11-16,18.915001
2010-11-17,18.850000
2010-11-18,18.975000
2010-11-19,19.040001
2010-11-22,18.850000
2010-11-23,18.490000
2010-11-24,18.889999
2010-11-26,18.549999
2010-11-29,18.530001
2010-11-30,18.250000
2010-12-01,18.600000
2010-12-02,18.850000
2010-12-03,18.625000
2010-12-06,18.355000
2010-12-07,18.580000
2010-12-08,18.680000
2010-12-09,18.495001
2010-12-10,18.805000
2010-12-13,18.415001
2010-12-14,18.605000
2010-12-15,18.655001
2010-12-16,18.924999
2010-12-17,18.594999
2010-12-20,18.594999
2010-12-21,18.280001
2010-12-22,18.170000
2010-12-23,18.129999
2010-12-27,18.205000
2010-12-28,18.110001
2010-12-29,18.200001
2010-12-30,18.129999
2010-12-31,18.120001
2011-01-03,18.290001
2011-01-04,18.495001
2011-01-05,18.764999
2011-01-06,18.754999
2011-01-07,18.750000
2011-01-10,18.330000
2011-01-11,18.584999
2011-01-12,18.910000
2011-01-13,19.059999
2011-01-14,19.110001
2011-01-18,19.350000
2011-01-19,19.075001
2011-01-20,19.084999
2011-01-21,19.094999
2011-01-24,19.155001
2011-01-25,19.080000
2011-01-26,19.830000
2011-01-27,19.469999
2011-01-28,19.105000
2011-01-31,19.190001
2011-02-01,19.250000
2011-02-02,19.730000
2011-02-03,19.365000
2011-02-04,19.395000
2011-02-07,19.190001
2011-02-08,19.395000
2011-02-09,19.094999
2011-02-10,19.174999
2011-02-11,19.195000
2011-02-14,19.280001
2011-02-15,19.495001
2011-02-16,19.695000
2011-02-17,19.645000
2011-02-18,19.650000
2011-02-22,19.254999
2011-02-23,19.010000
2011-02-24,19.389999
2011-02-25,19.504999
2011-02-28,19.490000
2011-03-01,19.280001
2011-03-02,19.514999
2011-03-03,19.995001
2011-03-04,20.355000
2011-03-07,20.530001
2011-03-08,20.625000
2011-03-09,20.825001
2011-03-10,20.490000
2011-03-11,20.415001
2011-03-14,20.379999
2011-03-15,19.895000
2011-03-16,19.920000
2011-03-17,20.155001
2011-03-18,20.075001
2011-03-21,20.129999
2011-03-22,20.219999
2011-03-23,20.660000
2011-03-24,21.020000
2011-03-25,21.040001
2011-03-28,20.865000
2011-03-29,21.025000
2011-03-30,21.254999
2011-03-31,21.235001
2011-04-01,21.330000
2011-04-04,21.405001
2011-04-05,20.920000
2011-04-06,20.865000
2011-04-07,20.750000
2011-04-08,20.625000
2011-04-11,20.615000
2011-04-12,20.570000
2011-04-13,20.674999
2011-04-14,20.924999
2011-04-15,20.850000
2011-04-18,20.160000
2011-04-19,20.315001
2011-04-20,20.389999
2011-04-21,19.530001
2011-04-25,19.600000
2011-04-26,19.760000
2011-04-27,19.945000
2011-04-28,19.674999
2011-04-29,19.420000
2011-05-02,20.334999
2011-05-03,20.830000
2011-05-04,20.665001
2011-05-05,20.309999
2011-05-06,20.504999
2011-05-09,20.620001
2011-05-10,20.520000
2011-05-11,20.385000
2011-05-12,20.645000
2011-05-13,20.600000
2011-05-16,20.280001
2011-05-17,20.235001
2011-05-18,20.170000
2011-05-19,20.094999
2011-05-20,20.490000
2011-05-23,20.215000
2011-05-24,20.209999
2011-05-25,20.240000
2011-05-26,20.450001
2011-05-27,20.594999
2011-05-31,20.870001
2011-06-01,20.639999
2011-06-02,20.709999
2011-06-03,20.525000
2011-06-06,20.455000
2011-06-07,20.514999
2011-06-08,20.575001
2011-06-09,20.580000
2011-06-10,20.115000
2011-06-13,19.980000
2011-06-14,19.889999
2011-06-15,19.825001
2011-06-16,19.825001
2011-06-17,19.770000
2011-06-20,20.049999
2011-06-21,19.950001
2011-06-22,20.025000
2011-06-23,20.065001
2011-06-24,19.855000
2011-06-27,20.090000
2011-06-28,20.475000
2011-06-29,20.695000
2011-06-30,20.705000
2011-07-01,20.975000
2011-07-05,20.785000
2011-07-06,21.125000
2011-07-07,21.344999
2011-07-08,21.219999
2011-07-11,20.635000
2011-07-12,20.775000
2011-07-13,20.805000
2011-07-14,20.635000
2011-07-15,20.500000
2011-07-18,20.405001
2011-07-19,20.850000
2011-07-20,20.895000
2011-07-21,21.490000
2011-07-22,21.605000
2011-07-25,21.320000
2011-07-26,21.080000
2011-07-27,21.485001
2011-07-28,21.584999
2011-07-29,21.180000
2011-08-01,20.760000
2011-08-02,20.209999
2011-08-03,19.865000
2011-08-04,18.715000
2011-08-05,18.879999
2011-08-08,18.410000
2011-08-09,19.070000
2011-08-10,17.670000
2011-08-11,18.434999
2011-08-12,18.715000
2011-08-15,18.635000
2011-08-16,19.424999
2011-08-17,19.225000
2011-08-18,18.645000
2011-08-19,18.600000
2011-08-22,18.920000
2011-08-23,19.520000
2011-08-24,19.075001
2011-08-25,19.030001
2011-08-26,19.365000
2011-08-29,19.895000
2011-08-30,20.049999
2011-08-31,19.940001
2011-09-01,19.785000
2011-09-02,19.410000
2011-09-06,19.320000
2011-09-07,19.900000
2011-09-08,19.754999
2011-09-09,18.905001
2011-09-12,18.990000
2011-09-13,19.105000
2011-09-14,19.690001
2011-09-15,19.910000
2011-09-16,20.205000
2011-09-19,20.025000
2011-09-20,20.420000
2011-09-21,19.834999
2011-09-22,19.170000
2011-09-23,19.215000
2011-09-26,19.775000
2011-09-27,20.025000
2011-09-28,19.590000
2011-09-29,19.625000
2011-09-30,19.400000
2011-10-03,18.905001
2011-10-04,18.940001
2011-10-05,19.575001
2011-10-06,19.825001
2011-10-07,19.655001
2011-10-10,20.325001
2011-10-11,19.850000
2011-10-12,20.145000
2011-10-13,20.320000
2011-10-14,20.215000
2011-10-17,19.930000
2011-10-18,20.379999
2011-10-19,20.400000
2011-10-20,20.504999
2011-10-21,20.735001
2011-10-24,20.995001
2011-10-25,20.530001
2011-10-26,20.745001
2011-10-27,21.055000
2011-10-28,21.395000
2011-10-31,20.830000
2011-11-01,20.525000
2011-11-02,20.514999
2011-11-03,20.465000
2011-11-04,20.360001
2011-11-07,20.540001
2011-11-08,20.610001
2011-11-09,19.934999
2011-11-10,20.080000
2011-11-11,20.540001
2011-11-14,20.230000
2011-11-15,20.334999
2011-11-16,20.090000
2011-11-17,19.805000
2011-11-18,19.940001
2011-11-21,18.129999
2011-11-22,19.379999
2011-11-23,19.820000
2011-11-25,19.639999
2011-11-28,19.900000
2011-11-29,19.635000
2011-11-30,19.924999
2011-12-01,19.834999
2011-12-02,19.700001
2011-12-05,20.075001
2011-12-06,19.900000
2011-12-07,19.709999
2011-12-08,19.365000
2011-12-09,19.504999
2011-12-12,19.504999
2011-12-13,19.295000
2011-12-14,19.379999
2011-12-15,19.245001
2011-12-16,18.580000
2011-12-19,18.735001
2011-12-20,19.080000
2011-12-21,19.424999
2011-12-22,19.350000
2011-12-23,19.645000
2011-12-27,19.940001
2011-12-28,19.945000
2011-12-29,20.280001
2011-12-30,20.465000
2012-01-03,20.930000
2012-01-04,21.010000
2012-01-05,21.260000
2012-01-06,21.389999
2012-01-09,21.365000
2012-01-10,22.125000
2012-01-11,22.200001
2012-01-12,22.450001
2012-01-13,22.445000
2012-01-17,23.129999
2012-01-18,23.754999
2012-01-19,23.605000
2012-01-20,23.719999
2012-01-23,23.684999
2012-01-24,23.834999
2012-01-25,24.145000
2012-01-26,24.295000
2012-01-27,24.360001
2012-01-30,24.325001
2012-01-31,24.430000
2012-02-01,24.575001
2012-02-02,24.655001
2012-02-03,27.350000
2012-02-06,28.014999
2012-02-07,27.540001
2012-02-08,27.135000
2012-02-09,26.865000
2012-02-10,26.875000
2012-02-13,27.450001
2012-02-14,27.280001
2012-02-15,27.410000
2012-02-16,27.405001
2012-02-17,23.500000
2012-02-21,22.344999
2012-02-22,22.264999
2012-02-23,22.575001
2012-02-24,22.629999
2012-02-27,22.594999
2012-02-28,23.000000
2012-02-29,22.770000
2012-03-01,23.305000
2012-03-02,23.495001
2012-03-05,23.115000
2012-03-06,22.940001
2012-03-07,22.740000
2012-03-08,23.264999
2012-03-09,23.045000
2012-03-12,23.080000
2012-03-13,23.405001
2012-03-14,23.330000
2012-03-15,23.580000
2012-03-16,23.365000
2012-03-19,23.535000
2012-03-20,23.459999
2012-03-21,23.150000
2012-03-22,23.315001
2012-03-23,23.424999
2012-03-26,23.610001
2012-03-27,23.695000
2012-03-28,23.690001
2012-03-29,23.885000
2012-03-30,24.430000
2012-04-02,24.389999
2012-04-03,24.049999
2012-04-04,23.594999
2012-04-05,23.879999
2012-04-09,23.295000
2012-04-10,22.885000
2012-04-11,22.709999
2012-04-12,22.860001
2012-04-13,22.754999
2012-04-16,22.930000
2012-04-17,23.340000
2012-04-18,23.305000
2012-04-19,26.125000
2012-04-20,25.500000
2012-04-23,25.705000
2012-04-24,26.180000
2012-04-25,26.285000
2012-04-26,26.360001
2012-04-27,26.080000
2012-04-30,26.010000
2012-05-01,25.719999
2012-05-02,25.940001
2012-05-03,25.695000
2012-05-04,25.135000
2012-05-07,24.950001
2012-05-08,24.730000
2012-05-09,25.320000
2012-05-10,25.625000
2012-05-11,25.920000
2012-05-14,26.230000
2012-05-15,25.934999
2012-05-16,25.790001
2012-05-17,25.049999
2012-05-18,24.969999
2012-05-21,25.445000
2012-05-22,25.235001
2012-05-23,25.100000
2012-05-24,25.309999
2012-05-25,25.245001
2012-05-29,25.480000
2012-05-30,25.250000
2012-05-31,24.975000
2012-06-01,24.334999
2012-06-04,24.605000
2012-06-05,24.254999
2012-06-06,24.610001
2012-06-07,24.500000
2012-06-08,24.820000
2012-06-11,24.770000
2012-06-12,24.709999
2012-06-13,24.559999
2012-06-14,25.045000
2012-06-15,25.145000
2012-06-18,25.105000
2012-06-19,25.365000
2012-06-20,25.389999
2012-06-21,24.959999
2012-06-22,25.260000
2012-06-25,25.139999
2012-06-26,25.184999
2012-06-27,25.625000
2012-06-28,25.020000
2012-06-29,25.639999
2012-07-02,25.815001
2012-07-03,26.040001
2012-07-05,25.730000
2012-07-06,25.480000
2012-07-09,25.750000
2012-07-10,25.799999
2012-07-11,25.334999
2012-07-12,25.330000
2012-07-13,25.584999
2012-07-16,25.969999
2012-07-17,26.415001
2012-07-18,26.575001
2012-07-19,26.879999
2012-07-20,26.540001
2012-07-23,25.945000
2012-07-24,25.549999
2012-07-25,25.594999
2012-07-26,25.840000
2012-07-27,27.750000
2012-07-30,27.805000
2012-07-31,27.165001
2012-08-01,26.815001
2012-08-02,28.645000
2012-08-03,28.434999
2012-08-06,28.820000
2012-08-07,28.775000
2012-08-08,28.410000
2012-08-09,28.450001
2012-08-10,28.385000
2012-08-13,28.315001
2012-08-14,28.785000
2012-08-15,28.985001
2012-08-16,28.344999
2012-08-17,28.375000
2012-08-20,28.245001
2012-08-21,28.410000
2012-08-22,28.240000
2012-08-23,28.025000
2012-08-24,28.645000
2012-08-27,28.594999
2012-08-28,28.815001
2012-08-29,28.879999
2012-08-30,28.754999
2012-08-31,28.844999
2012-09-04,29.004999
2012-09-05,29.219999
2012-09-06,29.745001
2012-09-07,29.629999
2012-09-10,29.830000
2012-09-11,29.655001
2012-09-12,29.875000
2012-09-13,30.120001
2012-09-14,31.010000
2012-09-17,32.900002
2012-09-18,33.384998
2012-09-19,33.605000
2012-09-20,33.660000
2012-09-21,33.880001
2012-09-24,33.580002
2012-09-25,33.645000
2012-09-26,33.029999
2012-09-27,33.320000
2012-09-28,33.165001
2012-10-01,33.720001
2012-10-02,34.590000
2012-10-03,35.000000
2012-10-04,34.834999
2012-10-05,34.715000
2012-10-08,34.904999
2012-10-09,34.389999
2012-10-10,33.814999
2012-10-11,33.935001
2012-10-12,33.970001
2012-10-15,33.660000
2012-10-16,34.189999
2012-10-17,34.779999
2012-10-18,34.145000
2012-10-19,33.294998
2012-10-22,33.189999
2012-10-23,32.455002
2012-10-24,34.169998
2012-10-25,33.689999
2012-10-26,33.535000
2012-10-31,33.590000
2012-11-01,33.750000
2012-11-02,33.505001
2012-11-05,33.520000
2012-11-06,33.735001
2012-11-07,32.724998
2012-11-08,32.424999
2012-11-09,32.505001
2012-11-12,36.965000
2012-11-13,36.345001
2012-11-14,36.145000
2012-11-15,36.445000
2012-11-16,37.200001
2012-11-19,37.410000
2012-11-20,37.904999
2012-11-21,37.775002
2012-11-23,38.060001
2012-11-26,37.735001
2012-11-27,37.325001
2012-11-28,37.439999
2012-11-29,37.650002
2012-11-30,37.500000
2012-12-03,37.305000
2012-12-04,37.080002
2012-12-05,37.270000
2012-12-06,36.904999
2012-12-07,36.959999
2012-12-10,37.125000
2012-12-11,38.169998
2012-12-12,38.115002
2012-12-13,37.384998
2012-12-14,37.119999
2012-12-17,37.730000
2012-12-18,37.924999
2012-12-19,37.375000
2012-12-20,36.830002
2012-12-21,36.389999
2012-12-24,36.330002
2012-12-26,36.240002
2012-12-27,36.299999
2012-12-28,36.189999
2012-12-31,36.724998
2013-01-02,37.529999
2013-01-03,37.474998
2013-01-04,37.860001
2013-01-07,38.439999
2013-01-08,38.700001
2013-01-09,38.935001
2013-01-10,38.970001
2013-01-11,39.040001
2013-01-14,38.884998
2013-01-15,38.680000
2013-01-16,38.584999
2013-01-17,38.764999
2013-01-18,39.139999
2013-01-22,38.955002
2013-01-23,38.419998
2013-01-24,39.200001
2013-01-25,39.680000
2013-01-28,39.439999
2013-01-29,39.900002
2013-01-30,39.849998
2013-01-31,39.450001
2013-02-01,40.560001
2013-02-04,39.590000
2013-02-05,40.540001
2013-02-06,39.910000
2013-02-07,40.360001
2013-02-08,40.900002
2013-02-11,40.400002
2013-02-12,40.830002
2013-02-13,41.400002
2013-02-14,41.599998
2013-02-15,41.599998
2013-02-19,42.279999
2013-02-20,41.880001
2013-02-21,41.540001
2013-02-22,42.450001
2013-02-25,42.090000
2013-02-26,42.250000
2013-02-27,42.889999
2013-02-28,42.720001
2013-03-01,43.450001
2013-03-04,43.869999
2013-03-05,45.020000
2013-03-06,45.400002
2013-03-07,44.950001
2013-03-08,45.430000
2013-03-11,45.939999
2013-03-12,46.180000
2013-03-13,45.869999
2013-03-14,45.880001
2013-03-15,45.169998
2013-03-18,44.799999
2013-03-19,44.380001
2013-03-20,44.520000
2013-03-21,44.540001
2013-03-22,45.509998
2013-03-25,44.980000
2013-03-26,45.759998
2013-03-27,47.720001
2013-03-28,48.939999
2013-04-01,47.980000
2013-04-02,48.200001
2013-04-03,47.630001
2013-04-04,47.740002
2013-04-05,47.369999
2013-04-08,47.200001
2013-04-09,48.299999
2013-04-10,49.730000
2013-04-11,51.650002
2013-04-12,51.930000
2013-04-15,50.680000
2013-04-16,52.009998
2013-04-17,51.939999
2013-04-18,50.860001
2013-04-19,53.169998
2013-04-22,54.049999
2013-04-23,53.330002
2013-04-24,50.570000
2013-04-25,51.430000
2013-04-26,51.380001
2013-04-29,51.090000
2013-04-30,50.639999
2013-05-01,50.139999
2013-05-02,52.180000
2013-05-03,55.150002
2013-05-06,54.430000
2013-05-07,53.130001
2013-05-08,52.380001
2013-05-09,52.790001
2013-05-10,52.880001
2013-05-13,54.470001
2013-05-14,56.250000
2013-05-15,56.360001
2013-05-16,54.959999
2013-05-17,56.299999
2013-05-20,55.740002
2013-05-21,56.470001
2013-05-22,55.930000
2013-05-23,55.480000
2013-05-24,55.810001
2013-05-28,56.180000
2013-05-29,55.630001
2013-05-30,55.799999
2013-05-31,54.480000
2013-06-03,53.119999
2013-06-04,52.320000
2013-06-05,50.119999
2013-06-06,51.349998
2013-06-07,52.889999
2013-06-10,52.439999
2013-06-11,52.439999
2013-06-12,51.169998
2013-06-13,51.950001
2013-06-14,52.230000
2013-06-17,51.029999
2013-06-18,51.939999
2013-06-19,50.599998
2013-06-20,49.349998
2013-06-21,48.830002
2013-06-24,48.930000
2013-06-25,49.779999
2013-06-26,51.310001
2013-06-27,51.009998
2013-06-28,51.270000
2013-07-01,51.650002
2013-07-02,52.230000
2013-07-03,51.980000
2013-07-05,53.320000
2013-07-08,53.320000
2013-07-09,54.380001
2013-07-10,55.330002
2013-07-11,55.849998
2013-07-12,57.340000
2013-07-15,57.660000
2013-07-16,57.139999
2013-07-17,57.750000
2013-07-18,58.220001
2013-07-19,60.099998
2013-07-22,59.709999
2013-07-23,59.119999
2013-07-24,59.880001
2013-07-25,60.860001
2013-07-26,62.570000
2013-07-29,62.020000
2013-07-30,61.730000
2013-07-31,61.400002
2013-08-01,62.000000
2013-08-02,61.750000
2013-08-05,60.950001
2013-08-06,59.980000
2013-08-07,60.220001
2013-08-08,59.299999
2013-08-09,59.209999
2013-08-12,58.900002
2013-08-13,58.930000
2013-08-14,58.169998
2013-08-15,56.889999
2013-08-16,56.910000
2013-08-19,57.340000
2013-08-20,58.000000
2013-08-21,58.689999
2013-08-22,59.930000
2013-08-23,59.639999
2013-08-26,60.419998
2013-08-27,58.740002
2013-08-28,60.439999
2013-08-29,60.930000
2013-08-30,60.270000
2013-09-03,60.919998
2013-09-04,61.110001
2013-09-05,61.070000
2013-09-06,61.119999
2013-09-09,62.660000
2013-09-10,62.860001
2013-09-11,62.930000
2013-09-12,63.189999
2013-09-13,63.529999
2013-09-16,63.020000
2013-09-17,62.689999
2013-09-18,64.279999
2013-09-19,64.320000
2013-09-20,63.860001
2013-09-23,62.580002
2013-09-24,62.740002
2013-09-25,61.730000
2013-09-26,62.799999
2013-09-27,63.540001
2013-09-30,62.869999
2013-10-01,62.799999
2013-10-02,62.400002
2013-10-03,61.709999
2013-10-04,63.040001
2013-10-07,61.770000
2013-10-08,59.380001
2013-10-09,58.900002
2013-10-10,62.740002
2013-10-11,62.689999
2013-10-14,63.869999
2013-10-15,63.599998
2013-10-16,65.650002
2013-10-17,67.360001
2013-10-18,68.209999
2013-10-21,66.989998
2013-10-22,68.089996
2013-10-23,69.010002
2013-10-24,69.830002
2013-10-25,69.680000
2013-10-28,68.730003
2013-10-29,69.500000
2013-10-30,72.669998
2013-10-31,71.180000
2013-11-01,70.970001
2013-11-04,69.339996
2013-11-05,69.540001
2013-11-06,67.360001
2013-11-07,65.629997
2013-11-08,67.370003
2013-11-11,67.510002
2013-11-12,67.610001
2013-11-13,68.500000
2013-11-14,68.980003
2013-11-15,69.889999
2013-11-18,68.970001
2013-11-19,69.660004
2013-11-20,71.080002
2013-11-21,71.629997
2013-11-22,74.269997
2013-11-25,74.599998
2013-11-26,74.370003
2013-11-27,74.629997
2013-11-29,74.809998
2013-12-02,74.519997
2013-12-03,72.419998
2013-12-04,72.470001
2013-12-05,73.190002
2013-12-06,73.989998
2013-12-09,75.190002
2013-12-10,72.809998
2013-12-11,70.610001
2013-12-12,70.269997
2013-12-13,71.400002
2013-12-16,71.419998
2013-12-17,70.080002
2013-12-18,73.589996
2013-12-19,73.430000
2013-12-20,74.660004
2013-12-23,74.989998
2013-12-24,74.959999
2013-12-26,75.199997
2013-12-27,74.449997
2013-12-30,75.080002
2013-12-31,75.099998
2014-01-02,75.209999
2014-01-03,74.320000
2014-01-06,73.239998
2014-01-07,72.779999
2014-01-08,73.459999
2014-01-09,74.300003
2014-01-10,74.870003
2014-01-13,73.139999
2014-01-14,74.989998
2014-01-15,75.230003
2014-01-16,77.900002
2014-01-17,78.400002
2014-01-21,81.580002
2014-01-22,82.180000
2014-01-23,82.150002
2014-01-24,80.620003
2014-01-27,78.860001
2014-01-28,80.669998
2014-01-29,79.849998
2014-01-30,81.519997
2014-01-31,80.650002
2014-02-03,78.830002
2014-02-04,82.019997
2014-02-05,78.150002
2014-02-06,76.500000
2014-02-07,78.750000
2014-02-10,80.980003
2014-02-11,81.800003
2014-02-12,82.000000
2014-02-13,82.550003
2014-02-14,81.209999
2014-02-18,83.809998
2014-02-19,82.699997
2014-02-20,82.809998
2014-02-21,82.589996
2014-02-24,83.570000
2014-02-25,83.949997
2014-02-26,83.809998
2014-02-27,83.650002
2014-02-28,82.790001
2014-03-03,81.449997
2014-03-04,82.940002
2014-03-05,82.870003
2014-03-06,79.919998
2014-03-07,79.580002
2014-03-10,80.230003
2014-03-11,79.839996
2014-03-12,79.720001
2014-03-13,78.010002
2014-03-14,75.050003
2014-03-17,75.449997
2014-03-18,77.769997
2014-03-19,76.540001
2014-03-20,75.529999
2014-03-21,72.070000
2014-03-24,72.129997
2014-03-25,73.029999
2014-03-26,72.779999
2014-03-27,71.410004
2014-03-28,68.550003
2014-03-31,70.860001
2014-04-01,73.639999
2014-04-02,73.959999
2014-04-03,74.000000
2014-04-04,72.199997
2014-04-07,72.230003
2014-04-08,70.010002
2014-04-09,70.650002
2014-04-10,65.480003
2014-04-11,66.029999
2014-04-14,66.790001
2014-04-15,68.169998
2014-04-16,69.279999
2014-04-17,70.000000
2014-04-21,71.599998
2014-04-22,72.860001
2014-04-23,73.860001
2014-04-24,74.080002
2014-04-25,73.900002
2014-04-28,74.080002
2014-04-29,76.239998
2014-04-30,78.489998
2014-05-01,79.019997
2014-05-02,77.709999
2014-05-05,79.830002
2014-05-06,78.320000
2014-05-07,78.769997
2014-05-08,78.730003
2014-05-09,79.760002
2014-05-12,80.349998
2014-05-13,80.300003
2014-05-14,80.970001
2014-05-15,80.099998
2014-05-16,80.800003
2014-05-19,82.050003
2014-05-20,81.139999
2014-05-21,81.809998
2014-05-22,82.900002
2014-05-23,80.940002
2014-05-27,82.160004
2014-05-28,81.860001
2014-05-29,82.080002
2014-05-30,81.209999
2014-06-02,81.550003
2014-06-03,82.550003
2014-06-04,83.019997
2014-06-05,82.800003
2014-06-06,82.389999
2014-06-09,79.010002
2014-06-10,79.540001
2014-06-11,80.820000
2014-06-12,80.580002
2014-06-13,80.720001
2014-06-16,80.769997
2014-06-17,79.790001
2014-06-18,79.470001
2014-06-19,79.779999
2014-06-20,81.199997
2014-06-23,80.800003
2014-06-24,80.809998
2014-06-25,81.800003
2014-06-26,82.180000
2014-06-27,82.940002
2014-06-30,82.910004
2014-07-01,85.290001
2014-07-02,87.099998
2014-07-03,87.900002
2014-07-07,87.209999
2014-07-08,87.110001
2014-07-09,88.680000
2014-07-10,88.940002
2014-07-11,88.730003
2014-07-14,89.849998
2014-07-15,89.000000
2014-07-16,87.000000
2014-07-17,85.070000
2014-07-18,89.190002
2014-07-21,88.860001
2014-07-22,89.330002
2014-07-23,90.339996
2014-07-24,90.540001
2014-07-25,89.839996
2014-07-28,91.459999
2014-07-29,92.989998
2014-07-30,93.790001
2014-07-31,91.550003
2014-08-01,91.500000
2014-08-04,92.180000
2014-08-05,92.269997
2014-08-06,92.790001
2014-08-07,92.050003
2014-08-08,92.449997
2014-08-11,92.919998
2014-08-12,93.360001
2014-08-13,93.980003
2014-08-14,96.360001
2014-08-15,99.489998
2014-08-18,100.720001
2014-08-19,101.279999
2014-08-20,100.790001
2014-08-21,102.269997
2014-08-22,103.959999
2014-08-25,107.449997
2014-08-26,106.269997
2014-08-27,107.410004
2014-08-28,107.510002
2014-08-29,107.559998
2014-09-02,109.360001
2014-09-03,109.430000
2014-09-04,106.860001
2014-09-05,105.360001
2014-09-08,106.529999
2014-09-09,105.889999
2014-09-10,108.220001
2014-09-11,106.389999
2014-09-12,103.660004
2014-09-15,100.989998
2014-09-16,104.760002
2014-09-17,103.839996
2014-09-18,105.930000
2014-09-19,105.959999
2014-09-22,105.470001
2014-09-23,105.389999
2014-09-24,108.709999
2014-09-25,107.339996
2014-09-26,108.379997
2014-09-29,107.510002
2014-09-30,106.449997
2014-10-01,105.589996
2014-10-02,104.559998
2014-10-03,106.519997
2014-10-06,105.129997
2014-10-07,104.290001
2014-10-08,108.870003
2014-10-09,105.849998
2014-10-10,103.730003
2014-10-13,101.440002
2014-10-14,97.180000
2014-10-15,96.160004
2014-10-16,96.879997
2014-10-17,100.750000
2014-10-20,102.209999
2014-10-21,106.669998
2014-10-22,106.089996
2014-10-23,107.180000
2014-10-24,110.709999
2014-10-27,112.589996
2014-10-28,113.449997
2014-10-29,110.720001
2014-10-30,114.220001
2014-10-31,112.000000
2014-11-03,109.980003
2014-11-04,109.720001
2014-11-05,106.050003
2014-11-06,106.940002
2014-11-07,106.449997
2014-11-10,107.019997
2014-11-11,108.010002
2014-11-12,106.900002
2014-11-13,104.199997
2014-11-14,102.059998
2014-11-17,100.440002
2014-11-18,103.709999
2014-11-19,102.339996
2014-11-20,100.589996
2014-11-21,100.580002
2014-11-24,100.599998
2014-11-25,101.110001
2014-11-26,100.300003
2014-11-28,100.320000
2014-12-01,100.550003
2014-12-02,102.190002
2014-12-03,100.879997
2014-12-04,101.820000
2014-12-05,104.589996
2014-12-08,105.559998
2014-12-09,105.910004
2014-12-10,104.839996
2014-12-11,104.309998
2014-12-12,104.129997
2014-12-15,103.160004
2014-12-16,100.459999
2014-12-17,102.400002
2014-12-18,105.540001
2014-12-19,108.449997
2014-12-22,92.900002
2014-12-23,89.449997
2014-12-24,91.290001
2014-12-26,93.790001
2014-12-29,97.300003
2014-12-30,95.279999
2014-12-31,94.260002
2015-01-02,94.910004
2015-01-05,96.790001
2015-01-06,97.650002
2015-01-07,99.480003
2015-01-08,102.300003
2015-01-09,102.209999
2015-01-12,101.209999
2015-01-13,97.209999
2015-01-14,99.260002
2015-01-15,97.400002
2015-01-16,100.709999
2015-01-20,103.779999
2015-01-21,103.580002
2015-01-22,105.139999
2015-01-23,105.540001
2015-01-26,107.110001
2015-01-27,105.029999
2015-01-28,102.449997
2015-01-29,104.180000
2015-01-30,104.830002
2015-02-02,106.190002
2015-02-03,107.180000
2015-02-04,98.430000
2015-02-05,99.900002
2015-02-06,97.480003
2015-02-09,96.900002
2015-02-10,98.320000
2015-02-11,99.980003
2015-02-12,100.800003
2015-02-13,101.900002
2015-02-17,103.839996
2015-02-18,103.940002
2015-02-19,102.730003
2015-02-20,102.610001
2015-02-23,104.510002
2015-02-24,104.699997
2015-02-25,104.430000
2015-02-26,104.190002
2015-02-27,103.529999
2015-03-02,103.830002
2015-03-03,102.790001
2015-03-04,103.059998
2015-03-05,103.419998
2015-03-06,101.809998
2015-03-09,101.370003
2015-03-10,98.830002
2015-03-11,98.970001
2015-03-12,99.930000
2015-03-13,99.610001
2015-03-16,101.300003
2015-03-17,100.440002
2015-03-18,100.279999
2015-03-19,101.440002
2015-03-20,102.290001
2015-03-23,100.260002
2015-03-24,101.410004
2015-03-25,99.860001
2015-03-26,101.080002
2015-03-27,101.000000
2015-03-30,100.690002
2015-03-31,98.129997
2015-04-01,97.720001
2015-04-02,98.430000
2015-04-06,97.790001
2015-04-07,98.690002
2015-04-08,99.870003
2015-04-09,101.160004
2015-04-10,101.769997
2015-04-13,102.279999
2015-04-14,102.209999
2015-04-15,104.029999
2015-04-16,103.339996
2015-04-17,101.379997
2015-04-20,100.660004
2015-04-21,105.199997
2015-04-22,104.180000
2015-04-23,105.209999
2015-04-24,103.699997
2015-04-27,102.940002
2015-04-28,103.720001
2015-04-29,102.320000
2015-04-30,100.510002
2015-05-01,105.010002
2015-05-04,105.660004
2015-05-05,102.989998
2015-05-06,102.269997
2015-05-07,101.790001
2015-05-08,103.849998
2015-05-11,104.730003
2015-05-12,105.559998
2015-05-13,106.389999
2015-05-14,108.739998
2015-05-15,109.300003
2015-05-18,111.000000
2015-05-19,110.559998
2015-05-20,110.169998
2015-05-21,111.220001
2015-05-22,111.709999
2015-05-26,109.769997
2015-05-27,112.459999
2015-05-28,112.849998
2015-05-29,112.269997
2015-06-01,114.080002
2015-06-02,113.940002
2015-06-03,114.650002
2015-06-04,113.930000
2015-06-05,113.959999
2015-06-08,113.699997
2015-06-09,114.750000
2015-06-10,117.669998
2015-06-11,119.129997
2015-06-12,117.660004
2015-06-15,118.160004
2015-06-16,119.070000
2015-06-17,118.879997
2015-06-18,121.209999
2015-06-19,119.800003
2015-06-22,121.489998
2015-06-23,122.209999
2015-06-24,122.010002
2015-06-25,120.230003
2015-06-26,119.500000
2015-06-29,115.459999
2015-06-30,117.080002
2015-07-01,116.010002
2015-07-02,115.040001
2015-07-06,115.660004
2015-07-07,115.129997
2015-07-08,112.940002
2015-07-09,113.360001
2015-07-10,113.739998
2015-07-13,114.550003
2015-07-14,117.360001
2015-07-15,117.389999
2015-07-16,118.849998
2015-07-17,118.260002
2015-07-20,118.199997
2015-07-21,117.779999
2015-07-22,117.440002
2015-07-23,117.660004
2015-07-24,112.830002
2015-07-27,110.540001
2015-07-28,113.070000
2015-07-29,115.709999
2015-07-30,117.900002
2015-07-31,117.860001
2015-08-03,119.599998
2015-08-04,118.870003
2015-08-05,118.660004
2015-08-06,115.300003
2015-08-07,114.440002
2015-08-10,116.580002
2015-08-11,115.610001
2015-08-12,116.250000
2015-08-13,115.199997
2015-08-14,115.599998
2015-08-17,116.419998
2015-08-18,117.059998
2015-08-19,116.209999
2015-08-20,112.389999
2015-08-21,105.330002
2015-08-24,100.660004
2015-08-25,102.559998
2015-08-26,106.959999
2015-08-27,107.989998
2015-08-28,107.779999
2015-08-31,105.070000
2015-09-01,101.489998
2015-09-02,104.269997
2015-09-03,101.910004
2015-09-04,102.059998
2015-09-08,104.900002
2015-09-09,103.820000
2015-09-10,107.250000
2015-09-11,109.629997
2015-09-14,109.349998
2015-09-15,111.050003
2015-09-16,111.029999
2015-09-17,111.610001
2015-09-18,108.440002
2015-09-21,105.739998
2015-09-22,106.510002
2015-09-23,105.489998
2015-09-24,102.510002
2015-09-25,100.139999
2015-09-28,94.800003
2015-09-29,96.000000
2015-09-30,98.190002
2015-10-01,98.269997
2015-10-02,98.279999
2015-10-05,99.260002
2015-10-06,97.540001
2015-10-07,100.269997
2015-10-08,100.809998
2015-10-09,100.650002
2015-10-12,99.510002
2015-10-13,98.190002
2015-10-14,98.389999
2015-10-15,101.639999
2015-10-16,102.830002
2015-10-19,103.610001
2015-10-20,101.660004
2015-10-21,101.730003
2015-10-22,107.599998
2015-10-23,107.989998
2015-10-26,108.629997
2015-10-27,110.959999
2015-10-28,108.129997
2015-10-29,109.209999
2015-10-30,108.129997
2015-11-02,109.599998
2015-11-03,109.099998
2015-11-04,108.980003
2015-11-05,107.830002
2015-11-06,108.339996
2015-11-09,108.110001
2015-11-10,108.849998
2015-11-11,107.190002
2015-11-12,104.230003
2015-11-13,102.570000
2015-11-16,103.809998
2015-11-17,104.529999
2015-11-18,108.129997
2015-11-19,106.510002
2015-11-20,106.540001
2015-11-23,106.360001
2015-11-24,106.570000
2015-11-25,107.779999
2015-11-27,108.000000
2015-11-30,105.959999
2015-12-01,105.849998
2015-12-02,104.440002
2015-12-03,101.379997
2015-12-04,104.070000
2015-12-07,102.910004
2015-12-08,103.529999
2015-12-09,101.949997
2015-12-10,102.620003
2015-12-11,100.029999
2015-12-14,100.489998
2015-12-15,101.970001
2015-12-16,103.339996
2015-12-17,102.360001
2015-12-18,101.599998
2015-12-21,102.629997
2015-12-22,102.860001
2015-12-23,103.139999
2015-12-24,103.580002
2015-12-28,101.680000
2015-12-29,103.360001
2015-12-30,102.160004
2015-12-31,101.190002
2016-01-04,98.010002
2016-01-05,99.260002
2016-01-06,100.300003
2016-01-07,96.250000
2016-01-08,96.449997
2016-01-11,96.500000
2016-01-12,97.099998
2016-01-13,92.540001
2016-01-14,93.019997
2016-01-15,91.839996
2016-01-19,89.900002
2016-01-20,90.550003
2016-01-21,88.870003
2016-01-22,91.830002
2016-01-25,90.610001
2016-01-26,92.209999
2016-01-27,89.629997
2016-01-28,87.529999
2016-01-29,83.000000
2016-02-01,84.050003
2016-02-02,82.709999
2016-02-03,86.389999
2016-02-04,86.680000
2016-02-05,85.139999
2016-02-08,85.260002
2016-02-09,87.250000
2016-02-10,87.800003
2016-02-11,87.360001
2016-02-12,89.440002
2016-02-16,91.150002
2016-02-17,89.360001
2016-02-18,88.989998
2016-02-19,87.440002
2016-02-22,89.099998
2016-02-23,88.349998
2016-02-24,89.360001
2016-02-25,90.160004
2016-02-26,88.099998
2016-02-29,87.250000
2016-03-01,89.690002
2016-03-02,88.800003
2016-03-03,87.830002
2016-03-04,87.209999
2016-03-07,89.650002
2016-03-08,88.660004
2016-03-09,87.830002
2016-03-10,88.639999
2016-03-11,89.650002
2016-03-14,90.459999
2016-03-15,89.440002
2016-03-16,90.279999
2016-03-17,89.529999
2016-03-18,90.269997
2016-03-21,92.669998
2016-03-22,93.720001
2016-03-23,90.080002
2016-03-24,91.320000
2016-03-28,92.459999
2016-03-29,92.199997
2016-03-30,91.970001
2016-03-31,91.860001
2016-04-01,94.120003
2016-04-04,94.239998
2016-04-05,95.570000
2016-04-06,97.440002
2016-04-07,95.570000
2016-04-08,96.089996
2016-04-11,95.830002
2016-04-12,97.239998
2016-04-13,97.190002
2016-04-14,98.190002
2016-04-15,98.290001
2016-04-18,99.199997
2016-04-19,99.440002
2016-04-20,100.110001
2016-04-21,101.739998
2016-04-22,101.930000
2016-04-25,102.290001
2016-04-26,101.330002
2016-04-27,100.720001
2016-04-28,97.000000
2016-04-29,88.209999
2016-05-02,89.000000
2016-05-03,87.169998
2016-05-04,85.599998
2016-05-05,85.860001
2016-05-06,84.680000
2016-05-09,85.669998
2016-05-10,86.180000
2016-05-11,83.900002
2016-05-12,82.760002
2016-05-13,82.699997
2016-05-16,83.610001
2016-05-17,82.760002
2016-05-18,82.879997
2016-05-19,82.139999
2016-05-20,82.639999
2016-05-23,83.330002
2016-05-24,86.220001
2016-05-25,86.510002
2016-05-26,85.290001
2016-05-27,85.820000
2016-05-31,87.059998
2016-06-01,86.580002
2016-06-02,86.720001
2016-06-03,86.150002
2016-06-06,87.599998
2016-06-07,87.500000
2016-06-08,87.419998
2016-06-09,85.769997
2016-06-10,84.449997
2016-06-13,83.980003
2016-06-14,83.570000
2016-06-15,83.040001
2016-06-16,83.510002
2016-06-17,82.650002
2016-06-20,82.989998
2016-06-21,81.790001
2016-06-22,82.449997
2016-06-23,83.370003
2016-06-24,80.470001
2016-06-27,78.250000
2016-06-28,82.309998
2016-06-29,82.269997
2016-06-30,83.419998
2016-07-01,84.860001
2016-07-05,83.889999
2016-07-06,85.730003
2016-07-07,85.470001
2016-07-08,86.550003
2016-07-11,86.250000
2016-07-12,86.629997
2016-07-13,85.750000
2016-07-14,85.540001
2016-07-15,86.669998
2016-07-18,86.930000
2016-07-19,85.440002
2016-07-20,86.660004
2016-07-21,87.239998
2016-07-22,86.550003
2016-07-25,88.550003
2016-07-26,81.050003
2016-07-27,81.790001
2016-07-28,81.239998
2016-07-29,79.470001
2016-08-01,80.459999
2016-08-02,79.570000
2016-08-03,80.089996
2016-08-04,79.769997
2016-08-05,80.410004
2016-08-08,79.739998
2016-08-09,79.330002
2016-08-10,78.900002
2016-08-11,79.570000
2016-08-12,79.660004
2016-08-15,79.650002
2016-08-16,79.250000
2016-08-17,80.699997
2016-08-18,80.589996
2016-08-19,81.000000
2016-08-22,80.919998
2016-08-23,81.470001
2016-08-24,80.500000
2016-08-25,80.080002
2016-08-26,79.769997
2016-08-29,78.169998
2016-08-30,77.919998
2016-08-31,78.379997
2016-09-01,77.419998
2016-09-02,76.889999
2016-09-06,77.879997
2016-09-07,78.220001
2016-09-08,78.989998
2016-09-09,78.050003
2016-09-12,78.849998
2016-09-13,78.059998
2016-09-14,77.620003
2016-09-15,78.839996
2016-09-16,78.800003
2016-09-19,78.989998
2016-09-20,81.779999
2016-09-21,81.699997
2016-09-22,81.519997
2016-09-23,81.370003
2016-09-26,80.620003
2016-09-27,79.250000
2016-09-28,78.970001
2016-09-29,77.860001
2016-09-30,79.120003
2016-10-03,78.029999
2016-10-04,77.239998
2016-10-05,77.570000
2016-10-06,76.209999
2016-10-07,75.239998
2016-10-10,75.489998
2016-10-11,73.820000
2016-10-12,73.029999
2016-10-13,73.059998
2016-10-14,72.750000
2016-10-17,72.639999
2016-10-18,73.410004
2016-10-19,73.339996
2016-10-20,74.309998
2016-10-21,74.290001
2016-10-24,74.150002
2016-10-25,74.410004
2016-10-26,75.379997
2016-10-27,75.830002
2016-10-28,73.879997
2016-10-31,73.629997
2016-11-01,74.070000
2016-11-02,72.510002
2016-11-03,71.760002
2016-11-04,72.430000
2016-11-07,74.000000
2016-11-08,74.040001
2016-11-09,78.470001
2016-11-10,77.839996
2016-11-11,76.419998
2016-11-14,76.750000
2016-11-15,76.349998
2016-11-16,76.000000
2016-11-17,75.580002
2016-11-18,74.620003
2016-11-21,74.980003
2016-11-22,74.459999
2016-11-23,75.300003
2016-11-25,75.440002
2016-11-28,74.540001
2016-11-29,74.870003
2016-11-30,73.699997
2016-12-01,72.839996
2016-12-02,72.419998
2016-12-05,72.360001
2016-12-06,72.470001
2016-12-07,72.779999
2016-12-08,72.019997
2016-12-09,72.699997
2016-12-12,73.470001
2016-12-13,74.839996
2016-12-14,75.709999
2016-12-15,75.550003
2016-12-16,74.099998
2016-12-19,74.400002
2016-12-20,74.050003
2016-12-21,73.959999
2016-12-22,73.300003
2016-12-23,73.639999
2016-12-27,73.730003
2016-12-28,72.769997
2016-12-29,72.129997
2016-12-30,71.610001
2017-01-03,74.160004
2017-01-04,76.379997
2017-01-05,76.010002
2017-01-06,75.489998
2017-01-09,75.839996
2017-01-10,75.010002
2017-01-11,73.769997
2017-01-12,73.360001
2017-01-13,73.070000
2017-01-17,71.910004
2017-01-18,72.129997
2017-01-19,71.570000
2017-01-20,71.010002
2017-01-23,70.690002
2017-01-24,70.250000
2017-01-25,71.910004
2017-01-26,71.220001
2017-01-27,71.260002
2017-01-30,71.510002
2017-01-31,72.449997
2017-02-01,72.820000
2017-02-02,72.250000
2017-02-03,72.339996
2017-02-06,72.389999
2017-02-07,73.129997
2017-02-08,66.830002
2017-02-09,65.589996
2017-02-10,66.360001
2017-02-13,67.650002
2017-02-14,67.550003
2017-02-15,69.800003
2017-02-16,70.309998
2017-02-17,69.849998
2017-02-21,69.290001
2017-02-22,68.830002
2017-02-23,69.370003
2017-02-24,69.940002
2017-02-27,70.500000
2017-02-28,70.480003
2017-03-01,70.190002
2017-03-02,70.529999
2017-03-03,70.739998
2017-03-06,70.120003
2017-03-07,69.019997
2017-03-08,69.699997
2017-03-09,68.389999
2017-03-10,68.190002
2017-03-13,68.099998
2017-03-14,67.769997
2017-03-15,68.470001
2017-03-16,68.540001
2017-03-17,69.059998
2017-03-20,68.709999
2017-03-21,67.739998
2017-03-22,67.830002
2017-03-23,67.489998
2017-03-24,67.510002
2017-03-27,67.500000
2017-03-28,67.099998
2017-03-29,67.260002
2017-03-30,67.529999
2017-03-31,67.919998
2017-04-03,67.099998
2017-04-04,66.980003
2017-04-05,66.470001
2017-04-06,66.480003
2017-04-07,66.580002
2017-04-10,66.419998
2017-04-11,66.019997
2017-04-12,66.220001
2017-04-13,66.510002
2017-04-17,66.699997
2017-04-18,66.059998
2017-04-19,66.279999
2017-04-20,66.500000
2017-04-21,65.930000
2017-04-24,66.250000
2017-04-25,67.120003
2017-04-26,68.220001
2017-04-27,68.580002
2017-04-28,68.550003
2017-05-01,68.110001
2017-05-02,68.589996
2017-05-03,67.209999
2017-05-04,68.080002
2017-05-05,67.800003
2017-05-08,67.209999
2017-05-09,67.610001
2017-05-10,66.919998
2017-05-11,66.709999
2017-05-12,66.059998
2017-05-15,65.949997
2017-05-16,65.720001
2017-05-17,64.510002
2017-05-18,64.430000
2017-05-19,64.230003
2017-05-22,64.360001
2017-05-23,64.690002
2017-05-24,64.309998
2017-05-25,64.559998
2017-05-26,64.500000
2017-05-30,64.489998
2017-05-31,64.889999
2017-06-01,64.620003
2017-06-02,65.400002
2017-06-05,65.480003
2017-06-06,64.849998
2017-06-07,64.320000
2017-06-08,64.120003
2017-06-09,64.699997
2017-06-12,65.430000
2017-06-13,65.150002
2017-06-14,64.989998
2017-06-15,64.809998
2017-06-16,64.120003
2017-06-19,64.809998
2017-06-20,65.589996
2017-06-21,67.500000
2017-06-22,70.480003
2017-06-23,70.519997
2017-06-26,71.239998
2017-06-27,70.650002
2017-06-28,71.919998
2017-06-29,70.860001
2017-06-30,70.779999
2017-07-03,70.699997
2017-07-05,70.860001
2017-07-06,69.480003
2017-07-07,69.250000
2017-07-10,69.290001
2017-07-11,69.349998
2017-07-12,69.800003
2017-07-13,70.580002
2017-07-14,70.570000
2017-07-17,71.150002
2017-07-18,71.690002
2017-07-19,72.720001
2017-07-20,73.419998
2017-07-21,73.760002
2017-07-24,74.389999
2017-07-25,73.739998
2017-07-26,74.190002
2017-07-27,74.959999
2017-07-28,75.940002
2017-07-31,76.089996
2017-08-01,75.699997
2017-08-02,75.839996
2017-08-03,74.370003
2017-08-04,73.160004
2017-08-07,73.440002
2017-08-08,73.269997
2017-08-09,73.900002
2017-08-10,72.699997
2017-08-11,72.400002
2017-08-14,72.809998
2017-08-15,73.120003
2017-08-16,73.349998
2017-08-17,72.339996
2017-08-18,72.110001
2017-08-21,72.599998
2017-08-22,73.339996
2017-08-23,73.739998
2017-08-24,74.019997
2017-08-25,73.790001
2017-08-28,74.690002
2017-08-29,75.739998
2017-08-30,81.230003
2017-08-31,83.709999
2017-09-01,83.750000
2017-09-05,82.559998
2017-09-06,82.949997
2017-09-07,85.470001
2017-09-08,85.099998
2017-09-11,84.519997
2017-09-12,84.510002
2017-09-13,83.680000
2017-09-14,82.290001
2017-09-15,82.360001
2017-09-18,82.970001
2017-09-19,82.290001
2017-09-20,82.639999
2017-09-21,82.620003
2017-09-22,83.269997
2017-09-25,83.610001
2017-09-26,83.760002
2017-09-27,83.860001
2017-09-28,80.910004
2017-09-29,81.019997
2017-10-02,83.519997
2017-10-03,83.190002
2017-10-04,82.419998
2017-10-05,83.510002
2017-10-06,82.139999
2017-10-09,81.980003
2017-10-10,83.040001
2017-10-11,82.570000
2017-10-12,81.300003
2017-10-13,81.169998
2017-10-16,79.949997
2017-10-17,80.239998
2017-10-18,80.010002
2017-10-19,81.589996
2017-10-20,81.209999
2017-10-23,80.169998
2017-10-24,80.099998
2017-10-25,79.889999
2017-10-26,77.879997
2017-10-27,77.070000
2017-10-30,75.989998
2017-10-31,74.959999
2017-11-01,74.830002
2017-11-02,73.809998
2017-11-03,73.459999
2017-11-06,72.379997
2017-11-07,73.209999
2017-11-08,73.099998
2017-11-09,73.019997
2017-11-10,73.769997
2017-11-13,72.849998
2017-11-14,71.150002
2017-11-15,71.809998
2017-11-16,72.410004
2017-11-17,72.440002
2017-11-20,72.129997
2017-11-21,72.510002
2017-11-22,72.820000
2017-11-24,72.459999
2017-11-27,71.699997
2017-11-28,72.589996
2017-11-29,73.669998
2017-11-30,74.779999
2017-12-01,75.339996
2017-12-04,73.089996
2017-12-05,73.290001
2017-12-06,73.290001
2017-12-07,72.720001
2017-12-08,74.220001
2017-12-11,75.879997
2017-12-12,76.089996
2017-12-13,76.580002
2017-12-14,74.339996
2017-12-15,75.570000
2017-12-18,75.129997
2017-12-19,74.349998
2017-12-20,74.010002
2017-12-21,73.019997
2017-12-22,72.709999
2017-12-26,72.699997
2017-12-27,72.980003
2017-12-28,72.480003
2017-12-29,71.639999
2018-01-02,74.099998
2018-01-03,74.660004
2018-01-04,73.900002
2018-01-05,74.519997
2018-01-08,74.400002
2018-01-09,78.099998
2018-01-10,78.709999
2018-01-11,79.059998
2018-01-12,79.019997
2018-01-16,80.250000
2018-01-17,81.739998
2018-01-18,81.169998
2018-01-19,80.980003
2018-01-22,81.410004
2018-01-23,80.949997
2018-01-24,81.300003
2018-01-25,81.190002
2018-01-26,85.459999
2018-01-29,88.800003
2018-01-30,87.290001
2018-01-31,83.800003
2018-02-01,83.489998
2018-02-02,81.730003
2018-02-05,78.370003
2018-02-06,80.379997
2018-02-07,82.760002
2018-02-08,78.220001
2018-02-09,79.320000
2018-02-12,80.139999
2018-02-13,80.790001
2018-02-14,81.820000
2018-02-15,81.550003
2018-02-16,80.699997
2018-02-20,80.940002
2018-02-21,80.690002
2018-02-22,79.400002
2018-02-23,80.910004
2018-02-26,81.790001
2018-02-27,80.360001
2018-02-28,78.730003
2018-03-01,77.529999
2018-03-02,78.690002
2018-03-05,77.919998
2018-03-06,79.320000
2018-03-07,79.989998
2018-03-08,80.070000
2018-03-09,80.720001
2018-03-12,81.059998
2018-03-13,81.720001
2018-03-14,81.099998
2018-03-15,79.510002
2018-03-16,79.739998
2018-03-19,77.180000
2018-03-20,76.919998
2018-03-21,76.489998
2018-03-22,75.570000
2018-03-23,72.839996
2018-03-26,75.540001
2018-03-27,74.110001
2018-03-28,74.779999
2018-03-29,75.389999
2018-04-02,73.139999
2018-04-03,73.750000
2018-04-04,75.400002
2018-04-05,74.820000
2018-04-06,73.410004
2018-04-09,73.800003
2018-04-10,75.019997
2018-04-11,74.330002
2018-04-12,75.290001
2018-04-13,75.220001
2018-04-16,74.690002
2018-04-17,75.470001
2018-04-18,75.680000
2018-04-19,74.440002
2018-04-20,73.699997
2018-04-23,74.010002
2018-04-24,72.720001
2018-04-25,73.250000
2018-04-26,73.900002
2018-04-27,73.860001
2018-04-30,72.230003
2018-05-01,72.559998
2018-05-02,66.879997
2018-05-03,65.190002
2018-05-04,65.419998
2018-05-07,64.879997
2018-05-08,65.220001
2018-05-09,65.690002
2018-05-10,65.370003
2018-05-11,66.160004
2018-05-14,67.050003
2018-05-15,66.989998
2018-05-16,67.550003
2018-05-17,67.599998
2018-05-18,68.019997
2018-05-21,67.629997
2018-05-22,67.830002
2018-05-23,68.169998
2018-05-24,67.529999
2018-05-25,67.379997
2018-05-29,67.330002
2018-05-30,67.690002
2018-05-31,67.400002
2018-06-01,68.300003
2018-06-04,70.209999
2018-06-05,70.059998
2018-06-06,71.970001
2018-06-07,71.900002
2018-06-08,71.910004
2018-06-11,71.830002
2018-06-12,71.680000
2018-06-13,71.290001
2018-06-14,71.150002
2018-06-15,70.230003
2018-06-18,69.059998
2018-06-19,70.940002
2018-06-20,71.459999
2018-06-21,71.519997
2018-06-22,71.070000
2018-06-25,71.139999
2018-06-26,70.250000
2018-06-27,68.639999
2018-06-28,70.330002
2018-06-29,70.839996
2018-07-02,71.279999
2018-07-03,71.330002
2018-07-05,72.809998
2018-07-06,75.209999
2018-07-09,76.639999
2018-07-10,76.750000
2018-07-11,76.019997
2018-07-12,77.599998
2018-07-13,77.379997
2018-07-16,77.260002
2018-07-17,77.199997
2018-07-18,77.120003
2018-07-19,77.050003
2018-07-20,77.370003
2018-07-23,77.379997
2018-07-24,77.650002
2018-07-25,78.919998
2018-07-26,78.160004
2018-07-27,76.809998
2018-07-30,76.320000
2018-07-31,77.830002
2018-08-01,77.900002
2018-08-02,77.629997
2018-08-03,77.930000
2018-08-06,77.870003
2018-08-07,78.379997
2018-08-08,76.910004
2018-08-09,78.040001
2018-08-10,76.730003
2018-08-13,77.169998
2018-08-14,77.309998
2018-08-15,74.839996
2018-08-16,75.589996
2018-08-17,72.919998
2018-08-20,72.360001
2018-08-21,73.320000
2018-08-22,73.820000
2018-08-23,73.339996
2018-08-24,73.589996
2018-08-27,74.820000
2018-08-28,74.930000
2018-08-29,75.620003
2018-08-30,76.290001
2018-08-31,75.730003
2018-09-04,74.290001
2018-09-05,74.529999
2018-09-06,72.879997
2018-09-07,72.220001
2018-09-10,72.510002
2018-09-11,72.230003
2018-09-12,73.970001
2018-09-13,74.120003
2018-09-14,73.379997
2018-09-17,72.779999
2018-09-18,73.669998
2018-09-19,73.879997
2018-09-20,74.830002
2018-09-21,75.510002
2018-09-24,75.620003
2018-09-25,74.989998
2018-09-26,75.650002
2018-09-27,76.580002
2018-09-28,77.209999
2018-10-01,77.959999
2018-10-02,78.669998
2018-10-03,79.000000
2018-10-04,76.559998
2018-10-05,76.239998
2018-10-08,76.400002
2018-10-09,76.540001
2018-10-10,74.779999
2018-10-11,72.500000
2018-10-12,73.589996
2018-10-15,72.779999
2018-10-16,76.309998
2018-10-17,75.620003
2018-10-18,74.169998
2018-10-19,73.269997
2018-10-22,72.339996
2018-10-23,71.669998
2018-10-24,68.010002
2018-10-25,68.620003
2018-10-26,69.739998
2018-10-29,70.900002
2018-10-30,72.040001
2018-10-31,68.180000
2018-11-01,70.309998
2018-11-02,69.440002
2018-11-05,69.580002
2018-11-06,70.349998
2018-11-07,72.480003
2018-11-08,71.879997
2018-11-09,71.180000
2018-11-12,70.489998
2018-11-13,70.919998
2018-11-14,70.550003
2018-11-15,69.779999
2018-11-16,69.199997
2018-11-19,68.010002
2018-11-20,67.570000
2018-11-21,66.739998
2018-11-23,66.589996
2018-11-26,66.940002
2018-11-27,67.440002
2018-11-28,69.190002
2018-11-29,69.690002
2018-11-30,71.940002
2018-12-03,70.860001
2018-12-04,69.550003
2018-12-06,70.190002
2018-12-07,68.150002
2018-12-10,67.489998
2018-12-11,67.720001
2018-12-12,68.139999
2018-12-13,67.349998
2018-12-14,65.570000
2018-12-17,65.120003
2018-12-18,64.839996
2018-12-19,64.199997
2018-12-20,64.300003
2018-12-21,62.619999
2018-12-24,60.540001
2018-12-26,63.220001
2018-12-27,62.939999
2018-12-28,61.880001
2018-12-31,62.549999
2019-01-02,63.439999
2019-01-03,65.250000
2019-01-04,68.250000
2019-01-07,68.559998
2019-01-08,68.089996
2019-01-09,67.940002
2019-01-10,68.040001
2019-01-11,68.160004
2019-01-14,67.250000
2019-01-15,68.519997
2019-01-16,67.639999
2019-01-17,68.650002
2019-01-18,69.180000
2019-01-22,68.550003
2019-01-23,68.250000
2019-01-24,67.860001
2019-01-25,68.900002
2019-01-28,67.910004
2019-01-29,69.589996
2019-01-30,69.830002
2019-01-31,70.010002
2019-02-01,70.050003
2019-02-04,70.050003
2019-02-05,67.680000
2019-02-06,68.750000
2019-02-07,67.279999
2019-02-08,67.470001
2019-02-11,67.620003
2019-02-12,65.400002
2019-02-13,65.940002
2019-02-14,66.370003
2019-02-15,67.589996
2019-02-19,66.760002
2019-02-20,66.980003
2019-02-21,65.550003
2019-02-22,65.739998
2019-02-25,65.349998
2019-02-26,65.279999
2019-02-27,65.570000
2019-02-28,65.019997
2019-03-01,66.010002
2019-03-04,65.449997
2019-03-05,64.389999
2019-03-06,62.919998
2019-03-07,62.529999
2019-03-08,63.230000
2019-03-11,64.339996
2019-03-12,64.830002
2019-03-13,65.750000
2019-03-14,64.790001
2019-03-15,65.629997
2019-03-18,65.019997
2019-03-19,65.489998
2019-03-20,64.599998
2019-03-21,64.919998
2019-03-22,63.770000
2019-03-25,63.790001
2019-03-26,64.239998
2019-03-27,63.660000
2019-03-28,63.689999
2019-03-29,65.010002
2019-04-01,65.879997
2019-04-02,66.239998
2019-04-03,66.660004
2019-04-04,66.839996
2019-04-05,67.540001
2019-04-08,67.379997
2019-04-09,66.089996
2019-04-10,67.400002
2019-04-11,66.309998
2019-04-12,65.279999
2019-04-15,65.430000
2019-04-16,64.540001
2019-04-17,63.250000
2019-04-18,62.950001
2019-04-22,61.869999
2019-04-23,63.040001
2019-04-24,62.799999
2019-04-25,64.139999
2019-04-26,65.150002
2019-04-29,64.919998
2019-04-30,65.040001
2019-05-01,64.870003
2019-05-02,65.300003
2019-05-03,67.129997
2019-05-06,67.690002
2019-05-07,66.400002
2019-05-08,66.070000
2019-05-09,66.129997
2019-05-10,65.570000
2019-05-13,64.169998
2019-05-14,65.080002
2019-05-15,65.300003
2019-05-16,65.779999
2019-05-17,66.360001
2019-05-20,65.860001
2019-05-21,66.519997
2019-05-22,66.500000
2019-05-23,67.169998
2019-05-24,66.889999
2019-05-28,63.970001
2019-05-29,63.369999
2019-05-30,63.340000
2019-05-31,62.250000
2019-06-03,63.630001
2019-06-04,64.320000
2019-06-05,64.440002
2019-06-06,63.730000
2019-06-07,65.349998
2019-06-10,66.120003
2019-06-11,66.099998
2019-06-12,66.779999
2019-06-13,66.989998
2019-06-14,66.360001
2019-06-17,67.099998
2019-06-18,68.199997
2019-06-19,68.260002
2019-06-20,68.570000
2019-06-21,69.379997
2019-06-24,68.839996
2019-06-25,68.480003
2019-06-26,66.680000
2019-06-27,67.080002
2019-06-28,67.559998
2019-07-01,67.830002
2019-07-02,68.839996
2019-07-03,69.000000
2019-07-05,68.529999
2019-07-08,67.480003
2019-07-09,67.750000
2019-07-10,67.459999
2019-07-11,66.190002
2019-07-12,66.260002
2019-07-15,68.070000
2019-07-16,66.940002
2019-07-17,66.919998
2019-07-18,67.209999
2019-07-19,65.040001
2019-07-22,64.910004
2019-07-23,66.400002
2019-07-24,66.639999
2019-07-25,66.320000
2019-07-26,66.919998
2019-07-29,67.870003
2019-07-30,67.089996
2019-07-31,65.519997
2019-08-01,65.470001
2019-08-02,64.949997
2019-08-05,63.360001
2019-08-06,63.980000
2019-08-07,63.880001
2019-08-08,64.820000
2019-08-09,65.239998
2019-08-12,63.980000
2019-08-13,64.300003
2019-08-14,63.119999
2019-08-15,62.869999
2019-08-16,63.139999
2019-08-19,64.110001
2019-08-20,63.439999
2019-08-21,64.129997
2019-08-22,64.220001
2019-08-23,62.509998
2019-08-26,63.000000
2019-08-27,63.310001
2019-08-28,63.639999
2019-08-29,63.750000
2019-08-30,63.540001
2019-09-03,62.970001
2019-09-04,63.270000
2019-09-05,64.059998
2019-09-06,64.820000
2019-09-09,66.330002
2019-09-10,67.080002
2019-09-11,68.080002
2019-09-12,66.360001
2019-09-13,66.519997
2019-09-16,65.879997
2019-09-17,66.169998
2019-09-18,65.720001
2019-09-19,65.959999
2019-09-20,66.419998
2019-09-23,65.730003
2019-09-24,64.559998
2019-09-25,64.199997
2019-09-26,63.299999
2019-09-27,62.900002
2019-09-30,63.380001
2019-10-01,63.220001
2019-10-02,61.619999
2019-10-03,62.230000
2019-10-04,62.560001
2019-10-07,62.730000
2019-10-08,61.689999
2019-10-09,61.980000
2019-10-10,63.259998
2019-10-11,63.990002
2019-10-14,64.510002
2019-10-15,65.300003
2019-10-16,65.349998
2019-10-17,65.230003
2019-10-18,64.910004
2019-10-21,65.209999
2019-10-22,65.860001
2019-10-23,66.580002
2019-10-24,66.000000
2019-10-25,63.320000
2019-10-28,63.730000
2019-10-29,63.450001
2019-10-30,63.150002
2019-10-31,63.709999
2019-11-01,64.660004
2019-11-04,65.209999
2019-11-05,65.389999
2019-11-06,65.410004
2019-11-07,63.959999
2019-11-08,65.379997
2019-11-11,64.639999
2019-11-12,64.320000
2019-11-13,63.330002
2019-11-14,63.810001
2019-11-15,65.070000
2019-11-18,64.290001
2019-11-19,65.000000
2019-11-20,64.879997
2019-11-21,65.730003
2019-11-22,65.260002
2019-11-25,67.220001
2019-11-26,67.279999
2019-11-27,67.120003
2019-11-29,67.239998
2019-12-02,66.120003
2019-12-03,66.070000
2019-12-04,66.750000
2019-12-05,65.930000
2019-12-06,67.080002
2019-12-09,66.930000
2019-12-10,67.080002
2019-12-11,67.779999
2019-12-12,67.629997
2019-12-13,65.769997
2019-12-16,66.120003
2019-12-17,66.199997
2019-12-18,65.680000
2019-12-19,65.290001
2019-12-20,66.849998
2019-12-23,66.750000
2019-12-24,66.720001
2019-12-26,66.389999
2019-12-27,65.949997
2019-12-30,64.930000
2019-12-31,64.980003
2020-01-02,65.230003
2020-01-03,65.070000
2020-01-06,65.650002
2020-01-07,65.120003
2020-01-08,65.800003
2020-01-09,65.839996
2020-01-10,65.029999
2020-01-13,64.309998
2020-01-14,64.199997
2020-01-15,64.099998
2020-01-16,63.200001
2020-01-17,62.980000
2020-01-21,62.630001
2020-01-22,63.400002
2020-01-23,63.939999
2020-01-24,63.150002
2020-01-27,63.830002
2020-01-28,64.360001
2020-01-29,64.300003
2020-01-30,64.029999
2020-01-31,63.200001
2020-02-03,66.360001
2020-02-04,67.400002
2020-02-05,65.870003
2020-02-06,68.209999
2020-02-07,68.870003
2020-02-10,68.989998
2020-02-11,67.760002
2020-02-12,66.949997
2020-02-13,66.800003
2020-02-14,67.559998
2020-02-18,67.010002
2020-02-19,67.349998
2020-02-20,67.000000
2020-02-21,69.699997
2020-02-24,72.900002
2020-02-25,70.099998
2020-02-26,74.699997
2020-02-27,72.660004
2020-02-28,69.360001
2020-03-02,75.400002
2020-03-03,74.209999
2020-03-04,76.010002
2020-03-05,76.129997
2020-03-06,80.220001
2020-03-09,73.519997
2020-03-10,72.339996
2020-03-11,73.699997
2020-03-12,68.580002
2020-03-13,70.750000
2020-03-16,68.900002
2020-03-17,74.519997
2020-03-18,79.419998
2020-03-19,78.550003
2020-03-20,73.260002
2020-03-23,72.610001
2020-03-24,73.959999
2020-03-25,69.660004
2020-03-26,73.860001
2020-03-27,72.849998
2020-03-30,75.930000
2020-03-31,74.760002
2020-04-01,72.510002
2020-04-02,76.980003
2020-04-03,78.209999
2020-04-06,77.730003
2020-04-07,74.669998
2020-04-08,74.989998
2020-04-09,73.510002
2020-04-13,75.279999
2020-04-14,77.750000
2020-04-15,74.629997
2020-04-16,76.540001
2020-04-17,83.989998
2020-04-20,81.260002
2020-04-21,78.529999
2020-04-22,81.309998
2020-04-23,77.779999
2020-04-24,79.639999
2020-04-27,79.900002
2020-04-28,78.669998
2020-04-29,83.139999
2020-04-30,84.000000
2020-05-01,79.949997
2020-05-04,80.250000
2020-05-05,79.139999
2020-05-06,77.470001
2020-05-07,77.610001
2020-05-08,77.489998
2020-05-11,80.800003
2020-05-12,77.949997
2020-05-13,77.059998
2020-05-14,77.230003
2020-05-15,76.260002
2020-05-18,74.760002
2020-05-19,72.339996
2020-05-20,73.889999
2020-05-21,73.500000
2020-05-22,73.339996
2020-05-26,73.180000
2020-05-27,74.900002
2020-05-28,75.320000
2020-05-29,77.830002
2020-06-01,75.160004
2020-06-02,73.260002
2020-06-03,74.400002
2020-06-04,77.540001
2020-06-05,76.750000
2020-06-08,76.970001
2020-06-09,77.589996
2020-06-10,77.070000
2020-06-11,72.839996
2020-06-12,73.199997
2020-06-15,73.970001
2020-06-16,74.620003
2020-06-17,73.760002
2020-06-18,74.040001
2020-06-19,77.470001
2020-06-22,75.669998
2020-06-23,75.050003
2020-06-24,75.930000
2020-06-25,75.489998
2020-06-26,74.570000
2020-06-29,74.559998
2020-06-30,76.940002
2020-07-01,76.059998
2020-07-02,76.349998
2020-07-06,76.760002
2020-07-07,76.419998
2020-07-08,75.610001
2020-07-09,74.709999
2020-07-10,76.320000
2020-07-13,76.680000
2020-07-14,77.190002
2020-07-15,76.650002
2020-07-16,76.639999
2020-07-17,77.510002
2020-07-20,78.080002
2020-07-21,76.779999
2020-07-22,76.250000
2020-07-23,75.559998
2020-07-24,73.639999
2020-07-27,74.540001
2020-07-28,73.730003
2020-07-29,73.010002
2020-07-30,72.330002
2020-07-31,69.529999
2020-08-03,71.730003
2020-08-04,70.879997
2020-08-05,69.000000
2020-08-06,68.809998
2020-08-07,69.349998
2020-08-10,68.510002
2020-08-11,68.099998
2020-08-12,68.839996
2020-08-13,68.180000
2020-08-14,68.500000
2020-08-17,69.150002
2020-08-18,69.059998
2020-08-19,65.699997
2020-08-20,66.050003
2020-08-21,66.500000
2020-08-24,66.080002
2020-08-25,66.050003
2020-08-26,65.599998
2020-08-27,65.550003
2020-08-28,65.260002
2020-08-31,66.750000
2020-09-01,65.830002
2020-09-02,66.790001
2020-09-03,65.910004
2020-09-04,66.010002
2020-09-08,64.139999
2020-09-09,64.510002
2020-09-10,63.770000
2020-09-11,65.580002
2020-09-14,66.339996
2020-09-15,66.199997
2020-09-16,65.650002
2020-09-17,65.040001
2020-09-18,65.050003
2020-09-21,64.209999
2020-09-22,63.400002
2020-09-23,63.090000
2020-09-24,62.250000
2020-09-25,62.250000
2020-09-28,62.849998
2020-09-29,62.099998
2020-09-30,63.189999
2020-10-01,63.320000
2020-10-02,62.169998
2020-10-05,63.599998
2020-10-06,62.520000
2020-10-07,62.840000
2020-10-08,63.320000
2020-10-09,63.840000
2020-10-12,64.550003
2020-10-13,64.489998
2020-10-14,64.050003
2020-10-15,62.959999
2020-10-16,62.000000
2020-10-19,60.570000
2020-10-20,60.549999
2020-10-21,60.209999
2020-10-22,60.669998
2020-10-23,60.790001
2020-10-26,59.959999
2020-10-27,60.009998
2020-10-28,58.720001
2020-10-29,58.529999
2020-10-30,58.150002
2020-11-02,58.529999
2020-11-03,58.830002
2020-11-04,59.869999
2020-11-05,59.630001
2020-11-06,59.070000
2020-11-09,59.049999
2020-11-10,60.619999
2020-11-11,60.099998
2020-11-12,59.980000
2020-11-13,60.590000
2020-11-16,61.090000
2020-11-17,60.970001
2020-11-18,60.900002
2020-11-19,60.630001
2020-11-20,60.110001
2020-11-23,59.889999
2020-11-24,60.250000
2020-11-25,59.500000
2020-11-27,60.029999
2020-11-30,60.669998
2020-12-01,61.119999
2020-12-02,61.130001
2020-12-03,60.860001
2020-12-04,61.560001
2020-12-07,60.830002
2020-12-08,61.169998
2020-12-09,60.820000
2020-12-10,60.450001
2020-12-11,60.759998
2020-12-14,59.840000
2020-12-15,59.430000
2020-12-16,58.939999
2020-12-17,59.070000
2020-12-18,59.080002
2020-12-21,58.540001
2020-12-22,57.000000
2020-12-23,57.380001
2020-12-24,57.070000
2020-12-28,56.889999
2020-12-29,56.830002
2020-12-30,56.650002
2020-12-31,58.259998
2021-01-04,60.110001
2021-01-05,60.000000
2021-01-06,61.950001
2021-01-07,62.520000
2021-01-08,63.040001
2021-01-11,62.509998
2021-01-12,62.080002
2021-01-13,61.540001
2021-01-14,62.400002
2021-01-15,63.330002
2021-01-19,67.070000
2021-01-20,67.989998
2021-01-21,66.980003
2021-01-22,66.940002
2021-01-25,68.160004
2021-01-26,66.699997
2021-01-27,65.480003
2021-01-28,64.680000
2021-01-29,65.599998
2021-02-01,65.099998
2021-02-02,65.129997
2021-02-03,64.519997
2021-02-04,65.830002
2021-02-05,68.459999
2021-02-08,67.970001
2021-02-09,67.300003
2021-02-10,67.290001
2021-02-11,66.919998
2021-02-12,66.889999
2021-02-16,64.800003
2021-02-17,65.099998
2021-02-18,65.230003
2021-02-19,64.370003
2021-02-22,64.110001
2021-02-23,63.680000
2021-02-24,63.709999
2021-02-25,62.790001
2021-02-26,61.400002
2021-03-01,62.459999
2021-03-02,63.009998
2021-03-03,62.750000
2021-03-04,63.230000
2021-03-05,64.620003
2021-03-08,64.750000
2021-03-09,64.330002
2021-03-10,63.910000
2021-03-11,63.090000
2021-03-12,61.560001
2021-03-15,63.070000
2021-03-16,64.010002
2021-03-17,64.419998
2021-03-18,64.080002
2021-03-19,64.459999
2021-03-22,65.529999
2021-03-23,64.500000
2021-03-24,64.349998
2021-03-25,63.990002
2021-03-26,65.239998
2021-03-29,66.190002
2021-03-30,65.500000
2021-03-31,64.629997
2021-04-01,66.440002
2021-04-05,66.339996
2021-04-06,66.230003
2021-04-07,65.599998
2021-04-08,65.019997
2021-04-09,65.110001
2021-04-12,64.660004
2021-04-13,64.889999
2021-04-14,65.300003
2021-04-15,65.769997
2021-04-16,66.870003
2021-04-19,65.949997
2021-04-20,66.379997
2021-04-21,66.790001
2021-04-22,65.639999
2021-04-23,65.480003
2021-04-26,65.760002
2021-04-27,64.669998
2021-04-28,64.440002
2021-04-29,63.840000
2021-04-30,63.470001
2021-05-03,65.800003
2021-05-04,65.639999
2021-05-05,66.510002
2021-05-06,66.540001
2021-05-07,66.540001
2021-05-10,67.480003
2021-05-11,67.220001
2021-05-12,67.449997
2021-05-13,68.910004
2021-05-14,68.529999
2021-05-17,69.070000
2021-05-18,68.849998
2021-05-19,68.500000
2021-05-20,69.349998
2021-05-21,68.750000
2021-05-24,67.430000
2021-05-25,66.230003
2021-05-26,66.349998
2021-05-27,65.900002
2021-05-28,66.110001
2021-06-01,65.320000
2021-06-02,66.029999
2021-06-03,66.480003
2021-06-04,67.430000
2021-06-07,67.419998
2021-06-08,67.510002
2021-06-09,68.650002
2021-06-10,69.290001
2021-06-11,68.769997
2021-06-14,68.150002
2021-06-15,68.089996
2021-06-16,67.330002
2021-06-17,67.220001
2021-06-18,66.610001
2021-06-21,67.349998
2021-06-22,67.050003
2021-06-23,66.650002
2021-06-24,67.180000
2021-06-25,67.879997
2021-06-28,67.699997
2021-06-29,67.930000
2021-06-30,68.860001
2021-07-01,69.129997
2021-07-02,69.300003
2021-07-06,68.410004
2021-07-07,68.360001
2021-07-08,67.690002
2021-07-09,68.220001
2021-07-12,68.070000
2021-07-13,68.010002
2021-07-14,67.930000
2021-07-15,68.300003
2021-07-16,68.629997
2021-07-19,68.230003
2021-07-20,69.160004
2021-07-21,68.410004
2021-07-22,68.650002
2021-07-23,69.019997
2021-07-26,68.750000
2021-07-27,68.930000
2021-07-28,70.059998
2021-07-29,69.830002
2021-07-30,68.290001
2021-08-02,68.349998
2021-08-03,69.830002
2021-08-04,69.239998
2021-08-05,69.300003
2021-08-06,68.779999
2021-08-09,68.459999
2021-08-10,69.239998
2021-08-11,69.839996
2021-08-12,70.879997
2021-08-13,71.160004
2021-08-16,71.709999
2021-08-17,73.029999
2021-08-18,71.959999
2021-08-19,71.669998
2021-08-20,72.440002
2021-08-23,72.550003
2021-08-24,72.250000
2021-08-25,71.410004
2021-08-26,71.430000
2021-08-27,71.279999
2021-08-30,72.010002
2021-08-31,72.779999
2021-09-01,71.870003
2021-09-02,72.339996
2021-09-03,71.959999
2021-09-07,71.190002
2021-09-08,71.879997
2021-09-09,70.610001
2021-09-10,70.989998
2021-09-13,71.150002
2021-09-14,70.449997
2021-09-15,71.760002
2021-09-16,71.330002
2021-09-17,71.610001
2021-09-20,70.959999
2021-09-21,71.730003
2021-09-22,71.379997
2021-09-23,71.690002
2021-09-24,71.190002
2021-09-27,70.410004
2021-09-28,69.970001
2021-09-29,70.940002
2021-09-30,69.849998
2021-10-01,68.559998
2021-10-04,67.559998
2021-10-05,67.400002
2021-10-06,67.480003
2021-10-07,68.139999
2021-10-08,68.050003
2021-10-11,68.080002
2021-10-12,67.370003
2021-10-13,67.629997
2021-10-14,68.150002
2021-10-15,67.629997
2021-10-18,65.900002
2021-10-19,66.900002
2021-10-20,66.860001
2021-10-21,66.989998
2021-10-22,67.239998
2021-10-25,67.669998
2021-10-26,67.730003
2021-10-27,66.769997
2021-10-28,67.339996
2021-10-29,64.879997
2021-11-01,65.639999
2021-11-02,65.900002
2021-11-03,67.410004
2021-11-04,66.470001
2021-11-05,66.320000
2021-11-08,65.970001
2021-11-09,66.150002
2021-11-10,67.320000
2021-11-11,67.430000
2021-11-12,67.480003
2021-11-15,67.199997
2021-11-16,66.889999
2021-11-17,67.459999
2021-11-18,67.790001
2021-11-19,68.690002
2021-11-22,69.970001
2021-11-23,70.629997
2021-11-24,70.070000
2021-11-26,70.269997
2021-11-29,70.650002
2021-11-30,68.930000
2021-12-01,68.930000
2021-12-02,69.669998
2021-12-03,69.559998
2021-12-06,69.500000
2021-12-07,69.650002
2021-12-08,69.709999
2021-12-09,70.300003
2021-12-10,70.250000
2021-12-13,70.610001
2021-12-14,70.519997
2021-12-15,71.209999
2021-12-16,72.309998
2021-12-17,72.209999
2021-12-20,72.470001
2021-12-21,71.839996
2021-12-22,72.430000
2021-12-23,72.480003
2021-12-27,72.870003
2021-12-28,72.970001
2021-12-29,73.639999
2021-12-30,73.360001
2021-12-31,72.610001
2022-01-03,72.580002
2022-01-04,72.209999
2022-01-05,72.180000
2022-01-06,71.589996
2022-01-07,71.260002
2022-01-10,72.089996
2022-01-11,72.370003
2022-01-12,72.250000
2022-01-13,71.879997
2022-01-14,71.769997
2022-01-18,70.430000
2022-01-19,69.070000
2022-01-20,67.809998
2022-01-21,68.510002
2022-01-24,68.570000
2022-01-25,68.839996
2022-01-26,67.339996
2022-01-27,67.269997
2022-01-28,68.860001
2022-01-31,68.680000
2022-02-01,68.470001
2022-02-02,65.820000
2022-02-03,65.389999
2022-02-04,63.900002
2022-02-07,63.759998
2022-02-08,63.700001
2022-02-09,63.380001
2022-02-10,61.790001
2022-02-11,62.070000
2022-02-14,61.110001
2022-02-15,61.330002
2022-02-16,61.900002
2022-02-17,61.290001
2022-02-18,61.049999
2022-02-22,60.980000
2022-02-23,61.349998
2022-02-24,60.610001
2022-02-25,61.119999
2022-02-28,60.400002
2022-03-01,60.259998
2022-03-02,61.240002
2022-03-03,61.709999
2022-03-04,61.860001
2022-03-07,60.259998
2022-03-08,59.540001
2022-03-09,59.000000
2022-03-10,57.919998
2022-03-11,58.000000
2022-03-14,58.150002
2022-03-15,58.320000
2022-03-16,57.970001
2022-03-17,59.200001
2022-03-18,59.419998
2022-03-21,59.660000
2022-03-22,59.980000
2022-03-23,58.849998
2022-03-24,59.139999
2022-03-25,58.910000
2022-03-28,59.180000
2022-03-29,60.529999
2022-03-30,59.660000
2022-03-31,59.450001
2022-04-01,59.669998
2022-04-04,60.669998
2022-04-05,59.750000
2022-04-06,60.820000
2022-04-07,60.990002
2022-04-08,62.299999
2022-04-11,61.889999
2022-04-12,61.630001
2022-04-13,62.060001
2022-04-14,61.820000
2022-04-18,61.580002
2022-04-19,62.779999
2022-04-20,63.599998
2022-04-21,63.750000
2022-04-22,62.250000
2022-04-25,62.650002
2022-04-26,61.770000
2022-04-27,61.590000
2022-04-28,61.560001
2022-04-29,59.340000
2022-05-02,60.310001
2022-05-03,60.330002
2022-05-04,62.080002
2022-05-05,61.349998
2022-05-06,61.180000
2022-05-09,61.680000
2022-05-10,61.779999
2022-05-11,60.560001
2022-05-12,62.480000
2022-05-13,62.369999
2022-05-16,62.240002
2022-05-17,63.180000
2022-05-18,63.220001
2022-05-19,63.270000
2022-05-20,63.840000
2022-05-23,63.660000
2022-05-24,64.349998
2022-05-25,65.010002
2022-05-26,64.470001
2022-05-27,64.800003
2022-05-31,64.849998
2022-06-01,64.769997
2022-06-02,63.459999
2022-06-03,63.450001
2022-06-06,62.029999
2022-06-07,62.540001
2022-06-08,62.380001
2022-06-09,61.180000
2022-06-10,60.740002
2022-06-13,59.150002
2022-06-14,57.790001
2022-06-15,58.389999
2022-06-16,57.720001
2022-06-17,58.529999
2022-06-21,60.509998
2022-06-22,61.509998
2022-06-23,62.580002
2022-06-24,63.080002
2022-06-27,62.830002
2022-06-28,62.209999
2022-06-29,62.480000
2022-06-30,61.810001
2022-07-01,62.360001
2022-07-05,62.340000
2022-07-06,62.730000
2022-07-07,62.720001
2022-07-08,62.840000
2022-07-11,62.660000
2022-07-12,62.340000
2022-07-13,62.459999
2022-07-14,61.810001
2022-07-15,62.599998
2022-07-18,60.900002
2022-07-19,62.119999
2022-07-20,61.549999
2022-07-21,61.009998
2022-07-22,60.799999
2022-07-25,60.750000
2022-07-26,60.619999
2022-07-27,60.900002
2022-07-28,60.400002
2022-07-29,59.750000
2022-08-01,59.599998
2022-08-02,59.540001
2022-08-03,62.270000
2022-08-04,61.910000
2022-08-05,61.090000
2022-08-08,61.599998
2022-08-09,62.000000
2022-08-10,63.139999
2022-08-11,62.450001
2022-08-12,62.959999
2022-08-15,66.209999
2022-08-16,66.330002
2022-08-17,66.019997
2022-08-18,65.180000
2022-08-19,65.339996
2022-08-22,64.360001
2022-08-23,63.680000
2022-08-24,63.619999
2022-08-25,63.590000
2022-08-26,62.369999
2022-08-29,62.450001
2022-08-30,62.500000
2022-08-31,63.470001
2022-09-01,64.949997
2022-09-02,63.820000
2022-09-06,63.389999
2022-09-07,64.790001
2022-09-08,65.099998
2022-09-09,65.279999
2022-09-12,68.010002
2022-09-13,65.099998
2022-09-14,65.180000
2022-09-15,65.000000
2022-09-16,65.599998
2022-09-19,65.820000
2022-09-20,64.580002
2022-09-21,63.500000
2022-09-22,63.770000
2022-09-23,62.860001
2022-09-26,62.340000
2022-09-27,62.630001
2022-09-28,63.930000
2022-09-29,63.070000
2022-09-30,61.689999
2022-10-03,62.320000
2022-10-04,65.309998
2022-10-05,65.449997
2022-10-06,64.949997
2022-10-07,64.290001
2022-10-10,64.459999
2022-10-11,65.669998
2022-10-12,65.389999
2022-10-13,66.459999
2022-10-14,66.169998
2022-10-17,66.379997
2022-10-18,66.870003
2022-10-19,66.190002
2022-10-20,66.160004
2022-10-21,67.790001
2022-10-24,69.000000
2022-10-25,69.599998
2022-10-26,70.820000
2022-10-27,70.199997
2022-10-28,79.269997
2022-10-31,78.459999
2022-11-01,79.339996
2022-11-02,77.879997
2022-11-03,79.459999
2022-11-04,80.339996
2022-11-07,81.459999
2022-11-08,82.230003
2022-11-09,82.320000
2022-11-10,82.599998
2022-11-11,81.820000
2022-11-14,82.849998
2022-11-15,83.000000
2022-11-16,82.879997
2022-11-17,83.620003
2022-11-18,83.620003
2022-11-21,84.349998
2022-11-22,85.230003
2022-11-23,85.419998
2022-11-25,86.260002
2022-11-28,85.209999
2022-11-29,85.760002
2022-11-30,87.830002
2022-12-01,87.900002
2022-12-02,89.029999
2022-12-05,87.980003
2022-12-06,87.959999
2022-12-07,87.790001
2022-12-08,89.470001
2022-12-09,87.970001
2022-12-12,88.540001
2022-12-13,88.750000
2022-12-14,88.400002
2022-12-15,86.580002
2022-12-16,86.760002
2022-12-19,86.419998
2022-12-20,84.769997
2022-12-21,85.269997
2022-12-22,85.279999
2022-12-23,84.750000
2022-12-27,85.010002
2022-12-28,84.570000
2022-12-29,85.260002
2022-12-30,85.849998
2023-01-03,85.389999
2023-01-04,85.500000
2023-01-05,85.849998
2023-01-06,88.080002
2023-01-09,85.099998
2023-01-10,87.139999
2023-01-11,87.190002
2023-01-12,85.720001
2023-01-13,86.269997
2023-01-17,85.410004
2023-01-18,83.739998
2023-01-19,83.620003
2023-01-20,83.010002
2023-01-23,83.230003
2023-01-24,84.019997
2023-01-25,84.070000
2023-01-26,83.620003
2023-01-27,83.730003
2023-01-30,83.349998
2023-01-31,83.940002
2023-02-01,84.000000
2023-02-02,81.389999
2023-02-03,84.500000
2023-02-06,86.360001
2023-02-07,86.050003
2023-02-08,85.669998
2023-02-09,85.529999
2023-02-10,86.699997
2023-02-13,87.489998
2023-02-14,85.680000
2023-02-15,85.050003
2023-02-16,83.389999
2023-02-17,84.760002
2023-02-21,84.639999
2023-02-22,83.500000
2023-02-23,82.540001
2023-02-24,80.660004
2023-02-27,80.889999
2023-02-28,80.529999
2023-03-01,79.589996
2023-03-02,79.620003
2023-03-03,81.070000
2023-03-06,81.110001
2023-03-07,80.279999
2023-03-08,80.199997
2023-03-09,78.949997
2023-03-10,79.500000
2023-03-13,79.510002
2023-03-14,79.769997
2023-03-15,79.650002
2023-03-16,79.849998
2023-03-17,77.309998
2023-03-20,79.459999
2023-03-21,79.139999
2023-03-22,77.809998
2023-03-23,78.760002
2023-03-24,80.000000
2023-03-27,79.580002
2023-03-28,80.970001
2023-03-29,81.290001
2023-03-30,81.449997
2023-03-31,82.970001
2023-04-03,83.239998
2023-04-04,82.120003
2023-04-05,83.650002
2023-04-06,83.370003
2023-04-10,82.599998
2023-04-11,82.540001
2023-04-12,82.160004
2023-04-13,83.269997
2023-04-14,83.000000
2023-04-17,83.629997
2023-04-18,83.779999
2023-04-19,84.110001
2023-04-20,84.690002
2023-04-21,86.570000
2023-04-24,86.699997
2023-04-25,85.589996
2023-04-26,83.739998
2023-04-27,83.550003
2023-04-28,82.209999
2023-05-01,81.419998
2023-05-02,80.440002
2023-05-03,79.449997
2023-05-04,78.519997
2023-05-05,79.750000
2023-05-08,78.589996
2023-05-09,78.800003
2023-05-10,78.110001
2023-05-11,78.699997
2023-05-12,78.169998
2023-05-15,78.379997
2023-05-16,78.320000
2023-05-17,78.809998
2023-05-18,78.209999
2023-05-19,78.849998
2023-05-22,78.620003
2023-05-23,78.580002
2023-05-24,79.050003
2023-05-25,77.650002
2023-05-26,77.089996
2023-05-30,76.330002
2023-05-31,76.940002
2023-06-01,76.209999
2023-06-02,77.889999
2023-06-05,77.720001
2023-06-06,76.199997
2023-06-07,76.080002
2023-06-08,78.400002
2023-06-09,78.120003
2023-06-12,77.860001
2023-06-13,78.449997
2023-06-14,77.949997
2023-06-15,79.000000
2023-06-16,78.860001
2023-06-20,77.709999
2023-06-21,77.610001
2023-06-22,78.110001
2023-06-23,77.470001
2023-06-26,76.559998
2023-06-27,76.010002
2023-06-28,76.180000
2023-06-29,76.010002
2023-06-30,77.070000
2023-07-03,76.720001
2023-07-05,77.239998
2023-07-06,76.239998
2023-07-07,74.419998
2023-07-10,75.690002
2023-07-11,76.120003
2023-07-12,76.379997
2023-07-13,76.709999
2023-07-14,77.190002
2023-07-17,77.480003
2023-07-18,78.220001
2023-07-19,78.959999
2023-07-20,79.940002
2023-07-21,80.639999
2023-07-24,77.660004
2023-07-25,77.230003
2023-07-26,77.190002
2023-07-27,76.510002
2023-07-28,76.860001
2023-07-31,76.139999
2023-08-01,75.680000
2023-08-02,75.680000
2023-08-03,75.529999
2023-08-04,78.680000
2023-08-07,80.669998
2023-08-08,80.080002
2023-08-09,80.169998
2023-08-10,80.000000
2023-08-11,80.000000
2023-08-14,79.849998
2023-08-15,79.639999
2023-08-16,78.000000
2023-08-17,76.500000
2023-08-18,75.879997
2023-08-21,75.940002
2023-08-22,76.349998
2023-08-23,77.040001
2023-08-24,76.330002
2023-08-25,76.860001
2023-08-28,77.040001
2023-08-29,78.209999
2023-08-30,77.660004
2023-08-31,76.480003
2023-09-01,76.650002
2023-09-05,75.160004
2023-09-06,74.239998
2023-09-07,73.940002
2023-09-08,76.000000
2023-09-11,77.040001
2023-09-12,76.800003
2023-09-13,77.309998
2023-09-14,77.360001
2023-09-15,75.669998
2023-09-18,75.620003
2023-09-19,75.769997
2023-09-20,75.820000
2023-09-21,75.269997
2023-09-22,75.010002
2023-09-25,74.830002
2023-09-26,75.529999
2023-09-27,75.550003
2023-09-28,75.419998
2023-09-29,74.940002
2023-10-02,74.099998
2023-10-03,73.269997
2023-10-04,74.739998
2023-10-05,74.699997
2023-10-06,74.739998
2023-10-09,75.059998
2023-10-10,75.970001
2023-10-11,76.959999
2023-10-12,76.760002
2023-10-13,77.650002
2023-10-16,79.199997
2023-10-17,80.480003
2023-10-18,79.669998
2023-10-19,78.440002
2023-10-20,77.800003
2023-10-23,77.559998
2023-10-24,78.150002
2023-10-25,78.389999
2023-10-26,78.500000
2023-10-27,76.620003
2023-10-30,77.769997
2023-10-31,78.540001
2023-11-01,80.190002
2023-11-02,81.230003
2023-11-03,81.589996
2023-11-06,81.139999
2023-11-07,80.610001
2023-11-08,77.900002
2023-11-09,74.980003
2023-11-10,75.919998
2023-11-13,74.930000
2023-11-14,74.720001
2023-11-15,75.040001
2023-11-16,74.519997
2023-11-17,75.449997
2023-11-20,76.000000
2023-11-21,74.690002
2023-11-22,75.699997
2023-11-24,75.379997
2023-11-27,74.919998
2023-11-28,74.510002
2023-11-29,75.230003
2023-11-30,76.599998
2023-12-01,77.650002
2023-12-04,78.339996
2023-12-05,79.019997
2023-12-06,79.360001
2023-12-07,78.050003
2023-12-08,79.019997
2023-12-11,80.089996
2023-12-12,80.820000
2023-12-13,83.089996
2023-12-14,81.779999
2023-12-15,80.330002
2023-12-18,79.500000
2023-12-19,79.489998
2023-12-20,78.589996
2023-12-21,78.930000
2023-12-22,79.660004
2023-12-26,79.949997
2023-12-27,80.370003
2023-12-28,81.139999
2023-12-29,81.010002
2024-01-02,83.239998
2024-01-03,83.480003
2024-01-04,84.480003
2024-01-05,83.309998
2024-01-08,83.989998
2024-01-09,86.059998
2024-01-10,84.500000
2024-01-11,85.389999
2024-01-12,86.379997
2024-01-16,85.989998
2024-01-17,86.480003
2024-01-18,86.400002
2024-01-19,87.290001
2024-01-22,78.430000
2024-01-23,79.480003
2024-01-24,79.529999
2024-01-25,80.230003
2024-01-26,79.519997
2024-01-29,79.070000
2024-01-30,78.620003
2024-01-31,78.260002
2024-02-01,78.160004
2024-02-02,76.959999
2024-02-05,76.709999
2024-02-06,77.720001
2024-02-07,74.419998
2024-02-08,73.800003
2024-02-09,73.669998
2024-02-12,74.449997
2024-02-13,73.529999
2024-02-14,73.040001
2024-02-15,73.370003
2024-02-16,71.580002
2024-02-20,72.040001
2024-02-21,73.199997
2024-02-22,72.779999
2024-02-23,73.550003
2024-02-26,72.949997
2024-02-27,73.019997
2024-02-28,72.699997
2024-02-29,72.099998
2024-03-01,72.309998
2024-03-04,72.250000
2024-03-05,72.989998
2024-03-06,72.629997
2024-03-07,73.660004
2024-03-08,75.120003
2024-03-11,75.320000
2024-03-12,75.080002
2024-03-13,75.940002
2024-03-14,74.209999
2024-03-15,73.690002
2024-03-18,73.260002
2024-03-19,73.410004
2024-03-20,73.980003
2024-03-21,73.089996
2024-03-22,72.610001
2024-03-25,72.580002
2024-03-26,72.410004
2024-03-27,73.010002
2024-03-28,73.250000
2024-04-01,72.879997
2024-04-02,72.089996
2024-04-03,70.889999
2024-04-04,69.550003
2024-04-05,69.580002
2024-04-08,69.419998
2024-04-09,69.940002
2024-04-10,68.120003
2024-04-11,68.650002
2024-04-12,68.070000
2024-04-15,67.750000
2024-04-16,67.309998
2024-04-17,66.930000
2024-04-18,66.160004
2024-04-19,66.760002
2024-04-22,66.949997
2024-04-23,67.029999
2024-04-24,67.080002
2024-04-25,65.269997
2024-04-26,65.419998
2024-04-29,65.940002
2024-04-30,65.199997
2024-05-01,65.510002
2024-05-02,65.330002
2024-05-03,64.779999
2024-05-06,65.540001
2024-05-07,65.459999
2024-05-08,64.919998
2024-05-09,64.580002
2024-05-10,65.959999
2024-05-13,67.540001
2024-05-14,67.650002
2024-05-15,67.010002
2024-05-16,67.860001
2024-05-17,67.720001
2024-05-20,67.900002
2024-05-21,67.290001
2024-05-22,67.800003
2024-05-23,66.169998
2024-05-24,65.680000
2024-05-28,63.939999
2024-05-29,63.500000
2024-05-30,64.080002
2024-05-31,64.269997
2024-06-03,63.430000
2024-06-04,64.160004
2024-06-05,63.880001
2024-06-06,63.849998
2024-06-07,64.699997
2024-06-10,65.250000
2024-06-11,64.889999
2024-06-12,64.339996
2024-06-13,63.560001
2024-06-14,65.059998
2024-06-17,64.269997
2024-06-18,63.150002
2024-06-20,68.489998
2024-06-21,70.669998
2024-06-24,70.730003
2024-06-25,69.610001
2024-06-26,69.309998
2024-06-27,68.830002
2024-06-28,68.610001
2024-07-01,68.639999
2024-07-02,68.400002
2024-07-03,66.589996
2024-07-05,66.690002
2024-07-08,67.550003
2024-07-09,67.760002
2024-07-10,68.750000
2024-07-11,69.970001
2024-07-12,69.959999
2024-07-15,70.809998
2024-07-16,71.639999
2024-07-17,73.300003
2024-07-18,73.510002
2024-07-19,72.559998
2024-07-22,72.410004
2024-07-23,71.169998
2024-07-24,73.500000
2024-07-25,76.510002
2024-07-26,77.010002
2024-07-29,77.730003
2024-07-30,78.050003
2024-07-31,76.059998
2024-08-01,76.489998
2024-08-02,76.769997
2024-08-05,74.830002
2024-08-06,74.190002
2024-08-07,74.000000
2024-08-08,75.589996
2024-08-09,73.660004
2024-08-12,72.989998
2024-08-13,73.980003
2024-08-14,74.139999
2024-08-15,74.339996
2024-08-16,73.779999
2024-08-19,74.449997
2024-08-20,74.750000
2024-08-21,75.129997
2024-08-22,75.900002
2024-08-23,76.720001
2024-08-26,76.959999
2024-08-27,77.000000
2024-08-28,78.559998
2024-08-29,79.449997
2024-08-30,79.000000
2024-09-03,79.699997
2024-09-04,79.129997
2024-09-05,78.769997
2024-09-06,78.720001
2024-09-09,79.169998
2024-09-10,81.440002
2024-09-11,80.940002
2024-09-12,83.160004
2024-09-13,82.809998
2024-09-16,83.160004
2024-09-17,83.050003
2024-09-18,83.889999
2024-09-19,83.900002
2024-09-20,83.940002
2024-09-23,83.989998
2024-09-24,83.790001
2024-09-25,82.209999
2024-09-26,83.040001
2024-09-27,83.610001
2024-09-30,83.839996
2024-10-01,83.940002
2024-10-02,84.739998
2024-10-03,84.169998
2024-10-04,84.589996
2024-10-07,84.430000
2024-10-08,85.209999
2024-10-09,86.139999
2024-10-10,84.669998
2024-10-11,84.949997
2024-10-14,85.050003
2024-10-15,85.820000
2024-10-16,86.750000
2024-10-17,87.360001
2024-10-18,86.720001
2024-10-21,86.290001
2024-10-22,88.160004
2024-10-23,87.230003
2024-10-24,88.779999
2024-10-25,89.000000
2024-10-28,88.760002
2024-10-29,88.080002
2024-10-30,88.290001
2024-10-31,88.820000
2024-11-01,89.510002
2024-11-04,89.839996
2024-11-05,90.220001
2024-11-06,91.690002
2024-11-07,97.900002
2024-11-08,96.570000
2024-11-11,97.029999
2024-11-12,94.349998
2024-11-13,92.629997
2024-11-14,92.110001
2024-11-15,88.400002
2024-11-18,88.459999
2024-11-19,87.750000
2024-11-20,88.629997
2024-11-21,89.760002
2024-11-22,90.190002
2024-11-25,90.489998
2024-11-26,91.349998
2024-11-27,92.410004
2024-11-29,92.580002
2024-12-02,94.019997
2024-12-03,92.489998
2024-12-04,91.589996
2024-12-05,93.389999
2024-12-06,92.129997
2024-12-09,90.589996
2024-12-10,92.339996
2024-12-11,92.379997
2024-12-12,92.379997
2024-12-13,91.860001
2024-12-16,92.050003
2024-12-17,92.800003
2024-12-18,90.690002
2024-12-19,91.089996
2024-12-20,92.570000
2024-12-23,93.400002
2024-12-24,93.949997
2024-12-26,94.410004
2024-12-27,94.110001
2024-12-30,92.010002
2024-12-31,92.370003
2025-01-02,91.879997
2025-01-03,91.410004
2025-01-06,91.230003
2025-01-07,90.629997
2025-01-08,89.139999
2025-01-10,89.879997
2025-01-13,89.940002
2025-01-14,91.000000
2025-01-15,92.379997
2025-01-16,91.650002
2025-01-17,91.839996
2025-01-21,92.959999
2025-01-22,93.040001
2025-01-23,92.919998
2025-01-24,93.070000
2025-01-27,95.349998
2025-01-28,93.849998
2025-01-29,95.589996
2025-01-30,96.949997
2025-01-31,97.199997
2025-02-03,98.379997
2025-02-04,97.989998
2025-02-05,99.650002
2025-02-06,98.040001
2025-02-07,96.040001
2025-02-10,95.480003
2025-02-11,96.139999
2025-02-12,103.309998
2025-02-13,105.959999
2025-02-14,104.080002
2025-02-18,105.250000
2025-02-19,107.650002
2025-02-20,110.029999
2025-02-21,109.949997
2025-02-24,111.029999
2025-02-25,111.529999
2025-02-26,110.459999
2025-02-27,111.989998
2025-02-28,114.309998
2025-03-03,115.989998
2025-03-04,114.739998
2025-03-05,115.440002
2025-03-06,116.040001
2025-03-07,117.410004
2025-03-10,117.209999
2025-03-11,114.430000
2025-03-12,113.989998
2025-03-13,113.349998
2025-03-14,111.440002
2025-03-17,112.260002
2025-03-18,110.230003
2025-03-19,107.510002
2025-03-20,105.870003
2025-03-21,107.080002
2025-03-24,106.739998
2025-03-25,107.889999
2025-03-26,109.269997
2025-03-27,111.160004
2025-03-28,111.790001
2025-03-31,112.050003
2025-04-01,111.279999
2025-04-02,111.889999
2025-04-03,112.389999
2025-04-04,107.250000
2025-04-07,105.519997
2025-04-08,103.190002
2025-04-09,105.250000
2025-04-10,101.400002
2025-04-11,103.629997
2025-04-14,106.500000
2025-04-15,105.680000
2025-04-16,104.879997
2025-04-17,104.540001
2025-04-21,104.330002
2025-04-22,105.510002
2025-04-23,106.379997
2025-04-24,106.150002
2025-04-25,103.169998
2025-04-28,106.339996
2025-04-29,104.209999
2025-04-30,106.540001
2025-05-01,103.250000
2025-05-02,103.680000
2025-05-05,102.809998
2025-05-06,97.879997
2025-05-07,98.900002
2025-05-08,98.160004
2025-05-09,96.910004
2025-05-12,103.820000
2025-05-13,101.430000
2025-05-14,98.379997
2025-05-15,100.339996
2025-05-16,102.500000
2025-05-19,106.160004
2025-05-20,109.110001
2025-05-21,107.720001
2025-05-22,106.739998
2025-05-23,107.370003
2025-05-27,109.089996
2025-05-28,108.440002
2025-05-29,111.110001
2025-05-30,110.080002
2025-06-02,108.910004
2025-06-03,109.330002
2025-06-04,109.019997
2025-06-05,110.459999
2025-06-06,112.459999
2025-06-09,113.000000
2025-06-10,110.089996
2025-06-11,109.300003
2025-06-12,112.050003
2025-06-13,109.980003
2025-06-16,110.830002
2025-06-17,108.000000
2025-06-18,108.000000
2025-06-20,108.500000
2025-06-23,106.190002
2025-06-24,107.199997
2025-06-25,105.930000
2025-06-26,107.620003
2025-06-27,110.669998
2025-06-30,110.870003
2025-07-01,111.730003
2025-07-02,111.510002
2025-07-03,111.750000
2025-07-07,111.779999
2025-07-08,111.059998
2025-07-09,113.239998
2025-07-10,114.540001
2025-07-11,109.639999
2025-07-14,112.089996
2025-07-15,109.059998
2025-07-16,109.849998
2025-07-17,108.800003
2025-07-18,108.220001
2025-07-21,108.279999
2025-07-22,110.169998
2025-07-23,113.559998
2025-07-24,113.199997
2025-07-25,116.199997
2025-07-28,113.029999
2025-07-29,114.230003
2025-07-30,114.760002
2025-07-31,112.290001
2025-08-01,113.180000
2025-08-04,114.510002
2025-08-05,112.459999
2025-08-06,110.279999
2025-08-07,110.279999
2025-08-08,119.410004
2025-08-11,120.470001
2025-08-12,120.019997
2025-08-13,120.139999
2025-08-14,119.019997
2025-08-15,118.370003
2025-08-18,117.989998
2025-08-19,117.980003
2025-08-20,118.730003
2025-08-21,116.139999
2025-08-22,114.769997
2025-08-25,114.150002
2025-08-26,114.750000
2025-08-27,113.919998
2025-08-28,112.559998
2025-08-29,112.970001
2025-09-02,112.709999
2025-09-03,112.989998
2025-09-04,112.769997
2025-09-05,115.050003
2025-09-08,115.879997
2025-09-09,115.760002
2025-09-10,115.250000
2025-09-11,117.860001
2025-09-12,114.550003
2025-09-15,112.540001
2025-09-16,110.860001
2025-09-17,112.260002
2025-09-18,113.620003
2025-09-19,114.089996
2025-09-22,112.489998
2025-09-23,114.400002
2025-09-24,113.669998
2025-09-25,110.989998
2025-09-26,112.099998
2025-09-29,112.620003
2025-09-30,111.000000
2025-10-01,111.150002
2025-10-02,110.559998
2025-10-03,112.690002
2025-10-06,113.580002
2025-10-07,116.779999
2025-10-08,118.250000
2025-10-09,116.739998
2025-10-10,117.180000
2025-10-13,118.209999
2025-10-14,118.480003
2025-10-15,118.300003
2025-10-16,117.849998
2025-10-17,122.809998
2025-10-20,123.110001
2025-10-21,124.080002
2025-10-22,121.459999
2025-10-23,120.739998
2025-10-24,120.940002
2025-10-27,120.470001
2025-10-28,117.879997
2025-10-29,118.500000
2025-10-30,118.440002
2025-10-31,119.790001
2025-11-03,122.050003
2025-11-04,123.000000
2025-11-05,122.580002
2025-11-06,123.400002
2025-11-07,118.839996
2025-11-10,118.150002
2025-11-11,122.559998
2025-11-12,123.400002
2025-11-13,125.199997
2025-11-14,125.019997
2025-11-17,124.089996
2025-11-18,127.180000
2025-11-19,128.070007
2025-11-20,124.989998
2025-11-21,126.639999
2025-11-24,125.269997
2025-11-25,127.120003
2025-11-26,127.510002
2025-11-28,125.839996
2025-12-01,124.330002
2025-12-02,123.910004
2025-12-03,125.000000
2025-12-04,122.620003
2025-12-05,121.220001
2025-12-08,121.190002
2025-12-09,119.360001
2025-12-10,121.339996
2025-12-11,123.209999
2025-12-12,120.400002
2025-12-15,119.779999
2025-12-16,118.779999
2025-12-17,121.360001
2025-12-18,121.470001
2025-12-19,124.290001
2025-12-22,124.160004
2025-12-23,125.190002
2025-12-24,125.669998
2025-12-26,124.699997
2025-12-29,124.910004
2025-12-30,123.180000
2025-12-31,122.739998
2026-01-02,121.599998
2026-01-05,118.300003
2026-01-06,121.360001
2026-01-07,124.349998
2026-01-08,120.669998
2026-01-09,121.099998
2026-01-12,122.599998
2026-01-13,121.760002
2026-01-14,124.070000
2026-01-15,121.260002
2026-01-16,124.910004
2026-01-20,124.139999
2026-01-21,129.110001
2026-01-22,131.139999
2026-01-23,135.929993
2026-01-26,137.779999
2026-01-27,140.970001
2026-01-28,139.720001
2026-01-29,139.550003
2026-01-30,141.949997
2026-02-02,142.889999
2026-02-03,143.279999
2026-02-04,146.229996
2026-02-05,149.369995
2026-02-06,152.500000
2026-02-09,151.679993
2026-02-10,147.229996
2026-02-11,155.800003
2026-02-12,151.809998
2026-02-13,154.979996
2026-02-17,155.270004
2026-02-18,152.740005
2026-02-19,151.119995
2026-02-20,151.399994
2026-02-23,149.830002
2026-02-24,147.639999
2026-02-25,147.119995
2026-02-26,143.770004
2026-02-27,148.949997
2026-03-02,150.029999
2026-03-03,147.830002
2026-03-04,148.220001
2026-03-05,145.139999
2026-03-06,143.929993
2026-03-09,146.630005
2026-03-10,148.559998
2026-03-11,146.000000
2026-03-12,145.210007
2026-03-13,144.990005
2026-03-16,145.210007
2026-03-17,144.399994
2026-03-18,141.289993
2026-03-19,141.110001
2026-03-20,137.210007
2026-03-23,137.339996
2026-03-24,138.110001
2026-03-25,138.259995
2026-03-26,136.880005
2026-03-27,134.250000
2026-03-30,136.339996
2026-03-31,139.369995
2026-04-01,140.300003
2026-04-02,139.710007
2026-04-06,140.130005
2026-04-07,138.800003
2026-04-08,141.539993
2026-04-09,142.089996
2026-04-10,138.990005
2026-04-13,139.029999
2026-04-14,140.449997
2026-04-15,139.770004
2026-04-16,138.550003
2026-04-17,137.639999
2026-04-20,135.869995
2026-04-21,133.289993
2026-04-22,132.899994
2026-04-23,133.639999
2026-04-24,130.399994
2026-04-27,127.750000
2026-04-28,129.259995
2026-04-29,128.839996
2026-04-30,130.839996
2026-05-01,131.649994
2026-05-04,132.690002
2026-05-05,133.479996
2026-05-06,136.300003
2026-05-07,134.059998
2026-05-08,131.330002
2026-05-11,133.520004
2026-05-12,134.940002
2026-05-13,133.050003
2026-05-14,132.059998
2026-05-15,129.580002
2026-05-18,129.669998
2026-05-19,130.500000
2026-05-20,130.690002
2026-05-21,130.500000
2026-05-22,134.360001
2026-05-26,133.729996
2026-05-27,133.690002
2026-05-28,136.220001
2026-05-29,134.429993
2026-06-01,131.100006
2026-06-02,127.570000
2026-06-03,128.990005
2026-06-04,129.179993
2026-06-05,129.160004
2026-06-08,128.100006
2026-06-09,125.500000
2026-06-10,121.480003
2026-06-11,125.870003
2026-06-12,125.589996
2026-06-15,124.300003
2026-06-16,127.230003
2026-06-17,125.449997
2026-06-18,123.760002
2026-06-22,124.870003
2026-06-23,125.050003
2026-06-24,125.160004
2026-06-25,123.839996
2026-06-26,127.879997
2026-06-29,126.330002
2026-06-30,126.339996
2026-07-01,125.970001
2026-07-02,131.270004
2026-07-06,129.610001
2026-07-07,136.360001
2026-07-08,135.820007
2026-07-09,134.839996
2026-07-10,129.830002
2026-07-13,131.399994
2026-07-14,130.039993
2026-07-15,131.699997
2026-07-16,136.300003
2026-07-17,134.279999
2026-07-20,133.210007
2026-07-21,130.279999
2026-07-22,130.339996
2026-07-23,130.860001
2026-07-24,129.309998
2026-07-27,130.520004
2026-07-28,134.320007
2026-07-29,132.729996
2026-07-30,131.279999
2026-07-31,130.210007
2026-08-03,131.149994
2026-08-04,135.250000
2026-08-05,131.759995
2026-08-06,130.860001
2026-08-07,133.210007
2026-08-10,133.059998
2026-08-11,135.770004
2026-08-12,135.869995
2026-08-13,138.139999
2026-08-14,138.360001
2026-08-17,138.919998
2026-08-18,143.440002
2026-08-19,147.600006
2026-08-20,143.440002
2026-08-21,146.119995
2026-08-24,146.740005
2026-08-25,148.770004
2026-08-26,148.089996
2026-08-27,148.860001
2026-08-28,145.679993
2026-08-31,146.339996
2026-09-01,149.919998
2026-09-02,149.610001
2026-09-03,151.220001
2026-09-04,151.000000
2026-09-08,146.639999
2026-09-09,145.649994
