d,c
1985-10-01,112.1400
1985-10-02,110.8250
1985-10-03,110.8700
1985-10-04,110.0750
1985-10-07,108.2000
1985-10-08,107.1600
1985-10-09,108.6300
1985-10-10,109.4350
1985-10-11,111.0500
1985-10-14,113.1850
1985-10-15,113.3800
1985-10-16,114.3150
1985-10-17,114.7400
1985-10-18,114.3200
1985-10-21,113.6800
1985-10-22,114.4400
1985-10-23,115.0650
1985-10-24,115.4850
1985-10-25,113.9100
1985-10-28,113.8200
1985-10-29,115.4000
1985-10-30,115.7700
1985-10-31,115.4800
1985-11-01,116.2750
1985-11-04,116.0400
1985-11-05,116.4400
1985-11-06,117.3800
1985-11-07,117.6200
1985-11-08,119.2600
1985-11-11,120.4000
1985-11-12,121.8200
1985-11-13,121.1650
1985-11-14,121.8350
1985-11-15,122.1750
1985-11-18,121.9550
1985-11-19,122.5700
1985-11-20,122.2000
1985-11-21,123.6100
1985-11-22,123.9700
1985-11-25,123.1350
1985-11-26,123.9500
1985-11-27,125.7700
1985-11-29,126.0600
1985-12-02,125.1850
1985-12-03,125.2300
1985-12-04,127.9400
1985-12-05,128.4600
1985-12-06,126.9550
1985-12-09,127.4850
1985-12-10,127.9750
1985-12-11,129.1800
1985-12-12,129.7650
1985-12-13,132.1250
1985-12-16,132.6100
1985-12-17,131.5350
1985-12-18,131.1400
1985-12-19,131.9250
1985-12-20,132.2600
1985-12-23,130.7250
1985-12-24,130.0300
1985-12-26,130.3450
1985-12-27,131.4850
1985-12-30,131.9450
1985-12-31,132.2950
1986-01-02,131.2550
1986-01-03,130.5500
1986-01-06,130.3550
1986-01-07,132.7900
1986-01-08,131.1600
1986-01-09,128.8000
1986-01-10,129.5650
1986-01-13,129.0950
1986-01-14,129.1800
1986-01-15,131.5350
1986-01-16,133.0600
1986-01-17,132.7700
1986-01-20,131.6050
1986-01-21,131.0900
1986-01-22,129.6150
1986-01-23,129.2700
1986-01-24,130.2000
1986-01-27,130.7950
1986-01-28,131.9900
1986-01-29,133.0600
1986-01-30,132.1900
1986-01-31,132.9250
1986-02-03,134.2400
1986-02-04,134.6000
1986-02-05,135.7150
1986-02-06,136.6400
1986-02-07,137.4200
1986-02-10,138.1250
1986-02-11,138.2600
1986-02-12,138.6650
1986-02-13,139.1650
1986-02-14,140.1600
1986-02-18,140.7350
1986-02-19,139.6400
1986-02-20,139.9450
1986-02-21,141.1450
1986-02-24,140.2000
1986-02-25,139.4000
1986-02-26,138.8750
1986-02-27,140.5250
1986-02-28,140.4250
1986-03-03,139.7400
1986-03-04,140.5450
1986-03-05,140.2450
1986-03-06,140.8000
1986-03-07,140.7100
1986-03-10,142.4350
1986-03-11,145.3450
1986-03-12,146.6200
1986-03-13,147.0100
1986-03-14,147.0000
1986-03-17,146.3650
1986-03-18,147.6250
1986-03-19,147.4750
1986-03-20,147.8000
1986-03-21,148.0050
1986-03-24,147.0900
1986-03-25,147.4850
1986-03-26,147.2550
1986-03-27,148.3750
1986-03-31,148.8600
1986-04-01,148.4500
1986-04-02,148.9200
1986-04-03,148.7100
1986-04-04,147.0350
1986-04-07,146.0550
1986-04-08,148.9300
1986-04-09,149.0550
1986-04-10,151.7650
1986-04-11,152.6650
1986-04-14,153.9250
1986-04-15,154.9200
1986-04-16,158.8950
1986-04-17,159.0550
1986-04-18,157.6600
1986-04-21,158.5250
1986-04-22,157.8600
1986-04-23,157.4600
1986-04-24,159.8550
1986-04-25,160.4600
1986-04-28,159.9000
1986-04-29,158.2500
1986-04-30,154.9100
1986-05-01,154.2050
1986-05-02,155.0100
1986-05-05,157.1400
1986-05-06,157.1250
1986-05-07,156.2550
1986-05-08,157.1600
1986-05-09,157.9150
1986-05-12,157.7500
1986-05-13,157.0500
1986-05-14,157.0050
1986-05-15,155.7650
1986-05-16,154.9950
1986-05-19,155.3100
1986-05-20,157.0100
1986-05-21,157.4400
1986-05-22,159.6300
1986-05-23,160.1650
1986-05-27,161.1750
1986-05-28,161.3050
1986-05-29,161.6200
1986-05-30,163.1600
1986-06-02,162.0300
1986-06-03,162.1100
1986-06-04,161.8250
1986-06-05,162.3600
1986-06-06,161.8850
1986-06-09,158.6100
1986-06-10,158.1050
1986-06-11,160.0350
1986-06-12,160.3650
1986-06-13,162.3550
1986-06-16,160.8000
1986-06-17,158.5750
1986-06-18,158.4800
1986-06-19,159.2800
1986-06-20,159.5850
1986-06-23,159.5550
1986-06-24,160.8000
1986-06-25,162.0000
1986-06-26,161.7200
1986-06-27,161.6150
1986-06-30,162.6150
1986-07-01,163.3250
1986-07-02,163.9600
1986-07-03,164.5150
1986-07-07,157.6250
1986-07-08,153.2600
1986-07-09,155.4100
1986-07-10,154.2900
1986-07-11,152.8550
1986-07-14,149.2850
1986-07-15,146.2550
1986-07-16,147.3950
1986-07-17,148.4650
1986-07-18,147.7600
1986-07-21,147.0750
1986-07-22,147.4050
1986-07-23,147.1750
1986-07-24,147.2800
1986-07-25,148.2600
1986-07-28,145.5050
1986-07-29,144.2050
1986-07-30,144.5200
1986-07-31,144.7050
1986-08-01,144.1900
1986-08-04,142.5250
1986-08-05,141.8600
1986-08-06,140.5450
1986-08-07,140.6950
1986-08-08,142.2950
1986-08-11,145.4400
1986-08-12,147.0600
1986-08-13,148.8350
1986-08-14,149.9950
1986-08-15,149.5750
1986-08-18,149.0700
1986-08-19,148.5950
1986-08-20,149.7550
1986-08-21,150.0100
1986-08-22,150.9450
1986-08-25,149.9100
1986-08-26,151.1550
1986-08-27,152.0200
1986-08-28,152.0450
1986-08-29,151.7000
1986-09-02,149.3400
1986-09-03,149.8200
1986-09-04,151.3950
1986-09-05,149.6700
1986-09-08,146.5500
1986-09-09,145.7600
1986-09-10,144.7400
1986-09-11,138.4600
1986-09-12,135.0350
1986-09-15,134.9400
1986-09-16,135.2100
1986-09-17,136.3900
1986-09-18,138.1350
1986-09-19,138.4550
1986-09-22,140.1200
1986-09-23,139.5650
1986-09-24,139.2350
1986-09-25,137.6150
1986-09-26,137.5850
1986-09-29,135.5350
1986-09-30,137.4950
1986-10-01,138.2650
1986-10-02,138.2200
1986-10-03,138.5550
1986-10-06,139.1150
1986-10-07,138.2550
1986-10-08,139.2650
1986-10-09,139.1650
1986-10-10,139.8700
1986-10-13,140.6750
1986-10-14,140.9650
1986-10-15,142.1000
1986-10-16,141.9000
1986-10-17,141.1950
1986-10-20,140.1000
1986-10-21,139.9250
1986-10-22,140.3000
1986-10-23,142.1500
1986-10-24,141.9650
1986-10-27,141.7600
1986-10-28,142.4950
1986-10-29,143.1300
1986-10-30,144.7800
1986-10-31,144.4800
1986-11-03,144.8100
1986-11-04,145.9650
1986-11-05,146.1800
1986-11-06,145.4100
1986-11-07,144.9100
1986-11-10,144.2950
1986-11-11,145.3500
1986-11-12,145.5800
1986-11-13,143.4150
1986-11-14,143.5050
1986-11-17,143.1950
1986-11-18,140.6600
1986-11-19,139.5450
1986-11-20,141.3100
1986-11-21,142.9000
1986-11-24,144.4950
1986-11-25,145.7700
1986-11-26,146.8700
1986-11-28,147.9400
1986-12-01,146.8550
1986-12-02,148.8650
1986-12-03,150.0800
1986-12-04,149.9800
1986-12-05,149.0450
1986-12-08,147.8450
1986-12-09,146.8650
1986-12-10,146.9550
1986-12-11,146.0800
1986-12-12,144.9800
1986-12-15,144.0750
1986-12-16,144.4900
1986-12-17,143.0450
1986-12-18,142.8550
1986-12-19,143.7700
1986-12-22,144.0850
1986-12-23,142.8050
1986-12-24,142.7950
1986-12-26,142.9350
1986-12-29,141.5150
1986-12-30,141.5250
1986-12-31,141.4050
1987-01-02,142.8600
1987-01-05,147.4050
1987-01-06,149.0600
1987-01-07,152.9750
1987-01-08,155.6900
1987-01-09,156.9900
1987-01-12,159.3050
1987-01-13,159.6200
1987-01-14,162.6600
1987-01-15,164.1450
1987-01-16,162.5150
1987-01-19,166.4550
1987-01-20,166.5200
1987-01-21,164.2600
1987-01-22,167.9450
1987-01-23,166.7650
1987-01-26,164.1400
1987-01-27,166.6550
1987-01-28,167.6250
1987-01-29,165.7400
1987-01-30,166.6750
1987-02-02,170.3050
1987-02-03,171.5550
1987-02-04,173.5000
1987-02-05,174.6350
1987-02-06,174.6300
1987-02-09,173.6250
1987-02-10,172.3250
1987-02-11,175.9800
1987-02-12,176.2650
1987-02-13,179.0650
1987-02-17,183.6500
1987-02-18,181.2100
1987-02-19,179.8700
1987-02-20,178.6850
1987-02-23,177.7050
1987-02-24,178.9400
1987-02-25,180.9700
1987-02-26,182.1850
1987-02-27,182.7500
1987-03-02,181.0650
1987-03-03,180.5650
1987-03-04,183.2750
1987-03-05,184.6700
1987-03-06,184.2850
1987-03-09,182.4750
1987-03-10,184.4650
1987-03-11,185.3100
1987-03-12,184.7700
1987-03-13,183.1650
1987-03-16,182.7300
1987-03-17,185.9000
1987-03-18,186.0450
1987-03-19,187.9600
1987-03-20,189.8250
1987-03-23,189.4000
1987-03-24,190.1800
1987-03-25,190.1950
1987-03-26,190.7050
1987-03-27,189.0500
1987-03-30,183.8350
1987-03-31,186.0400
1987-04-01,186.0750
1987-04-02,187.6600
1987-04-03,191.3600
1987-04-06,190.9150
1987-04-07,187.4350
1987-04-08,189.2800
1987-04-09,188.7300
1987-04-10,188.2850
1987-04-13,183.9450
1987-04-14,179.7250
1987-04-15,182.4600
1987-04-16,183.7450
1987-04-20,182.1250
1987-04-21,184.6350
1987-04-22,183.9550
1987-04-23,183.7700
1987-04-24,180.3750
1987-04-27,179.5500
1987-04-28,181.2650
1987-04-29,182.2200
1987-04-30,184.8300
1987-05-01,185.8300
1987-05-04,186.4500
1987-05-05,189.7350
1987-05-06,189.2950
1987-05-07,190.0150
1987-05-08,190.3600
1987-05-11,189.2400
1987-05-12,188.9750
1987-05-13,190.2950
1987-05-14,190.7400
1987-05-15,187.9100
1987-05-18,185.4550
1987-05-19,181.4650
1987-05-20,181.7000
1987-05-21,182.6600
1987-05-22,181.6400
1987-05-26,185.1700
1987-05-27,185.9550
1987-05-28,188.1100
1987-05-29,188.7700
1987-06-01,185.8600
1987-06-02,184.5000
1987-06-03,185.7600
1987-06-04,186.2550
1987-06-05,185.6850
1987-06-08,187.5350
1987-06-09,189.4750
1987-06-10,190.0200
1987-06-11,189.6650
1987-06-12,190.3600
1987-06-15,189.6000
1987-06-16,191.1400
1987-06-17,191.3200
1987-06-18,192.3700
1987-06-19,192.0500
1987-06-22,192.9000
1987-06-23,191.8400
1987-06-24,191.9050
1987-06-25,191.3450
1987-06-26,191.0600
1987-06-29,190.7000
1987-06-30,189.2400
1987-07-01,189.4750
1987-07-02,190.3850
1987-07-06,189.0250
1987-07-07,187.7550
1987-07-08,187.3850
1987-07-09,187.9750
1987-07-10,188.7350
1987-07-13,190.4200
1987-07-14,194.9850
1987-07-15,194.8700
1987-07-16,196.0400
1987-07-17,195.8650
1987-07-20,193.8600
1987-07-21,193.1950
1987-07-22,193.6350
1987-07-23,191.5050
1987-07-24,193.0250
1987-07-27,193.1950
1987-07-28,193.7550
1987-07-29,194.7250
1987-07-30,196.5650
1987-07-31,196.3500
1987-08-03,195.2400
1987-08-04,195.8800
1987-08-05,198.2450
1987-08-06,201.8650
1987-08-07,203.7300
1987-08-10,206.0300
1987-08-11,208.3900
1987-08-12,207.0600
1987-08-13,206.4700
1987-08-14,206.4650
1987-08-17,206.8300
1987-08-18,203.9000
1987-08-19,205.3900
1987-08-20,208.9300
1987-08-21,210.5750
1987-08-24,209.4800
1987-08-25,210.7150
1987-08-26,211.1600
1987-08-27,210.6350
1987-08-28,208.8450
1987-08-31,209.5750
1987-09-01,206.8900
1987-09-02,205.7300
1987-09-03,205.0150
1987-09-04,204.0600
1987-09-08,199.9000
1987-09-09,201.6000
1987-09-10,205.1650
1987-09-11,206.3650
1987-09-14,205.1600
1987-09-15,202.2550
1987-09-16,201.3000
1987-09-17,202.0550
1987-09-18,201.6750
1987-09-21,197.2600
1987-09-22,201.4300
1987-09-23,204.0750
1987-09-24,204.6400
1987-09-25,205.1150
1987-09-28,204.6250
1987-09-29,204.1500
1987-09-30,205.5050
1987-10-01,209.7050
1987-10-02,212.1450
1987-10-05,213.8100
1987-10-06,208.0700
1987-10-07,206.8900
1987-10-08,203.6250
1987-10-09,202.4650
1987-10-12,199.6250
1987-10-13,201.2300
1987-10-14,197.4950
1987-10-15,193.0650
1987-10-16,183.2850
1987-10-19,155.6500
1987-10-20,143.9600
1987-10-21,158.7800
1987-10-22,149.9850
1987-10-23,145.4200
1987-10-26,128.4250
1987-10-27,129.8650
1987-10-28,131.2100
1987-10-29,143.6400
1987-10-30,150.0700
1987-11-02,152.1950
1987-11-03,147.1350
1987-11-04,147.9450
1987-11-05,153.0300
1987-11-06,150.6800
1987-11-09,146.4850
1987-11-10,143.4450
1987-11-11,145.4800
1987-11-12,149.8450
1987-11-13,147.9500
1987-11-16,147.4600
1987-11-17,143.5750
1987-11-18,144.8350
1987-11-19,141.0600
1987-11-20,140.8350
1987-11-23,141.8400
1987-11-24,144.6600
1987-11-25,144.9950
1987-11-27,143.3550
1987-11-30,137.1250
1987-12-01,137.1600
1987-12-02,137.9550
1987-12-03,132.9500
1987-12-04,130.4350
1987-12-07,133.1450
1987-12-08,136.6900
1987-12-09,139.7600
1987-12-10,139.0150
1987-12-11,139.8200
1987-12-14,146.0800
1987-12-15,146.8900
1987-12-16,151.0600
1987-12-17,149.9100
1987-12-18,154.7450
1987-12-21,156.0200
1987-12-22,155.5550
1987-12-23,158.0600
1987-12-24,158.1850
1987-12-28,152.7800
1987-12-29,154.3450
1987-12-30,157.2850
1987-12-31,156.2500
1988-01-04,161.8100
1988-01-05,164.2800
1988-01-06,166.1750
1988-01-07,168.7000
1988-01-08,158.1950
1988-01-11,158.8750
1988-01-12,155.7250
1988-01-13,155.5450
1988-01-14,156.0350
1988-01-15,159.8250
1988-01-18,159.0250
1988-01-19,158.0100
1988-01-20,152.4650
1988-01-21,152.9500
1988-01-22,154.3550
1988-01-25,157.0550
1988-01-26,155.2300
1988-01-27,155.4250
1988-01-28,157.6550
1988-01-29,159.1300
1988-02-01,158.6150
1988-02-02,158.9750
1988-02-03,156.5800
1988-02-04,157.3800
1988-02-05,158.0150
1988-02-08,157.8750
1988-02-09,158.9300
1988-02-10,162.2400
1988-02-11,162.9550
1988-02-12,163.9350
1988-02-16,165.5400
1988-02-17,165.8050
1988-02-18,165.7500
1988-02-19,167.0750
1988-02-22,170.2000
1988-02-23,171.2850
1988-02-24,172.4750
1988-02-25,170.7850
1988-02-26,170.6450
1988-02-29,172.6400
1988-03-01,172.6350
1988-03-02,175.1150
1988-03-03,176.5000
1988-03-04,177.3900
1988-03-07,178.4650
1988-03-08,179.6250
1988-03-09,181.2400
1988-03-10,178.4350
1988-03-11,177.8900
1988-03-14,179.2100
1988-03-15,178.3150
1988-03-16,180.4200
1988-03-17,181.2350
1988-03-18,181.0350
1988-03-21,178.9000
1988-03-22,180.0150
1988-03-23,179.2450
1988-03-24,174.7650
1988-03-25,172.8800
1988-03-28,172.8400
1988-03-29,173.6650
1988-03-30,172.1300
1988-03-31,173.2600
1988-04-04,171.4050
1988-04-05,172.8950
1988-04-06,176.6000
1988-04-07,177.3300
1988-04-08,178.9300
1988-04-11,179.9400
1988-04-12,180.1000
1988-04-13,180.3850
1988-04-14,173.2700
1988-04-15,173.1350
1988-04-18,173.5500
1988-04-19,174.3550
1988-04-20,172.9350
1988-04-21,172.0700
1988-04-22,173.3200
1988-04-25,174.4000
1988-04-26,176.7450
1988-04-27,177.2100
1988-04-28,176.7300
1988-04-29,175.9200
1988-05-02,176.7450
1988-05-03,178.9950
1988-05-04,178.6250
1988-05-05,177.6800
1988-05-06,177.1800
1988-05-09,174.9300
1988-05-10,174.3200
1988-05-11,170.8000
1988-05-12,171.7050
1988-05-13,173.8450
1988-05-16,174.9850
1988-05-17,174.0700
1988-05-18,170.2850
1988-05-19,170.3450
1988-05-20,169.8850
1988-05-23,167.6500
1988-05-24,169.2100
1988-05-25,169.0100
1988-05-26,169.8550
1988-05-27,169.5850
1988-05-31,173.3450
1988-06-01,176.6750
1988-06-02,176.4500
1988-06-03,178.0050
1988-06-06,179.7450
1988-06-07,179.7650
1988-06-08,183.0150
1988-06-09,182.7750
1988-06-10,184.2850
1988-06-13,184.7350
1988-06-14,185.7750
1988-06-15,186.1050
1988-06-16,184.5050
1988-06-17,183.9400
1988-06-20,183.1950
1988-06-21,184.7900
1988-06-22,186.9800
1988-06-23,187.0700
1988-06-24,187.3500
1988-06-27,185.1150
1988-06-28,188.1900
1988-06-29,187.7850
1988-06-30,189.0250
1988-07-01,189.9550
1988-07-05,191.9050
1988-07-06,190.4300
1988-07-07,189.3850
1988-07-08,188.1450
1988-07-11,187.6850
1988-07-12,187.2350
1988-07-13,188.1200
1988-07-14,188.6800
1988-07-15,188.5100
1988-07-18,188.7950
1988-07-19,185.7800
1988-07-20,185.2550
1988-07-21,182.4050
1988-07-22,181.8600
1988-07-25,181.5900
1988-07-26,179.7050
1988-07-27,177.3700
1988-07-28,178.2200
1988-07-29,181.1600
1988-08-01,181.4400
1988-08-02,180.5350
1988-08-03,181.0700
1988-08-04,181.1750
1988-08-05,179.8950
1988-08-08,179.8150
1988-08-09,177.2700
1988-08-10,172.6800
1988-08-11,174.6350
1988-08-12,173.7450
1988-08-15,170.0850
1988-08-16,172.6450
1988-08-17,172.9050
1988-08-18,173.5500
1988-08-19,172.8150
1988-08-22,169.8950
1988-08-23,169.6050
1988-08-24,171.9550
1988-08-25,170.5300
1988-08-26,170.9800
1988-08-29,172.7650
1988-08-30,172.3650
1988-08-31,170.9950
1988-09-01,168.2200
1988-09-02,171.4650
1988-09-06,171.9350
1988-09-07,172.0950
1988-09-08,172.9650
1988-09-09,175.4800
1988-09-12,175.5950
1988-09-13,175.8700
1988-09-14,176.9800
1988-09-15,175.4150
1988-09-16,176.6450
1988-09-19,176.1100
1988-09-20,176.8050
1988-09-21,177.8050
1988-09-22,178.2750
1988-09-23,177.4750
1988-09-26,175.8700
1988-09-27,175.8000
1988-09-28,177.0550
1988-09-29,178.8250
1988-09-30,179.3650
1988-10-03,176.7900
1988-10-04,176.2900
1988-10-05,175.8600
1988-10-06,176.2350
1988-10-07,176.0000
1988-10-10,174.9350
1988-10-11,175.6250
1988-10-12,173.2900
1988-10-13,174.8350
1988-10-14,175.3700
1988-10-17,175.7850
1988-10-18,176.9900
1988-10-19,176.9900
1988-10-20,180.3650
1988-10-21,179.7400
1988-10-24,178.4100
1988-10-25,177.4000
1988-10-26,176.3500
1988-10-27,174.2800
1988-10-28,174.8850
1988-10-31,174.7800
1988-11-01,174.5950
1988-11-02,174.0150
1988-11-03,174.2500
1988-11-04,173.5600
1988-11-07,171.3400
1988-11-08,173.7500
1988-11-09,173.4950
1988-11-10,173.2750
1988-11-11,169.2400
1988-11-14,168.9550
1988-11-15,168.1050
1988-11-16,165.5250
1988-11-17,166.2050
1988-11-18,166.5250
1988-11-21,163.8150
1988-11-22,164.3500
1988-11-23,167.1900
1988-11-25,165.7200
1988-11-28,165.9950
1988-11-29,167.1700
1988-11-30,169.1850
1988-12-01,171.3300
1988-12-02,171.6150
1988-12-05,172.8550
1988-12-06,174.0150
1988-12-07,172.8400
1988-12-08,171.8850
1988-12-09,171.7950
1988-12-12,171.1100
1988-12-13,170.2550
1988-12-14,170.8700
1988-12-15,171.6200
1988-12-16,174.0150
1988-12-19,175.3900
1988-12-20,175.0750
1988-12-21,174.6600
1988-12-22,174.7600
1988-12-23,175.6100
1988-12-27,175.2200
1988-12-28,175.1300
1988-12-29,176.6800
1988-12-30,177.4100
1989-01-03,174.6250
1989-01-04,177.5600
1989-01-05,177.4850
1989-01-06,177.5200
1989-01-09,177.6500
1989-01-10,177.0650
1989-01-11,177.5950
1989-01-12,179.0000
1989-01-13,179.1000
1989-01-16,179.2000
1989-01-17,177.0900
1989-01-18,178.6450
1989-01-19,180.5700
1989-01-20,180.3200
1989-01-23,178.2050
1989-01-24,180.1750
1989-01-25,181.5600
1989-01-26,183.9950
1989-01-27,183.5450
1989-01-30,184.7850
1989-01-31,186.4700
1989-02-01,188.3700
1989-02-02,189.8650
1989-02-03,189.9750
1989-02-06,189.4650
1989-02-07,192.0550
1989-02-08,190.0500
1989-02-09,188.6900
1989-02-10,185.7050
1989-02-13,185.4050
1989-02-14,185.6300
1989-02-15,187.4150
1989-02-16,187.8250
1989-02-17,188.5100
1989-02-21,188.1700
1989-02-22,185.7600
1989-02-23,186.4700
1989-02-24,184.5900
1989-02-27,183.8150
1989-02-28,183.7900
1989-03-01,183.6000
1989-03-02,185.4600
1989-03-03,185.8150
1989-03-06,187.5050
1989-03-07,186.7000
1989-03-08,186.2550
1989-03-09,185.3500
1989-03-10,184.9950
1989-03-13,185.8800
1989-03-14,185.3550
1989-03-15,185.3650
1989-03-16,187.1350
1989-03-17,182.0100
1989-03-20,179.8750
1989-03-21,182.0400
1989-03-22,180.5900
1989-03-23,181.0400
1989-03-27,181.1450
1989-03-28,182.0150
1989-03-29,183.3400
1989-03-30,184.3650
1989-03-31,185.8700
1989-04-03,185.8300
1989-04-04,185.5350
1989-04-05,186.0900
1989-04-06,186.2000
1989-04-07,188.4000
1989-04-10,189.2750
1989-04-11,190.9100
1989-04-12,192.5300
1989-04-13,191.8300
1989-04-14,194.6300
1989-04-17,194.5900
1989-04-18,196.8300
1989-04-19,198.0700
1989-04-20,197.6500
1989-04-21,198.8600
1989-04-24,198.3150
1989-04-25,197.2400
1989-04-26,197.2500
1989-04-27,199.5700
1989-04-28,200.4700
1989-05-01,200.7500
1989-05-02,200.7450
1989-05-03,201.5850
1989-05-04,202.0950
1989-05-05,203.4400
1989-05-08,203.0400
1989-05-09,202.6850
1989-05-10,203.0150
1989-05-11,203.5150
1989-05-12,207.1550
1989-05-15,208.8950
1989-05-16,208.2550
1989-05-17,210.7300
1989-05-18,211.0600
1989-05-19,212.6100
1989-05-22,212.3700
1989-05-23,210.6250
1989-05-24,211.9850
1989-05-25,212.8400
1989-05-26,214.4350
1989-05-30,213.5900
1989-05-31,214.5450
1989-06-01,215.5900
1989-06-02,217.7900
1989-06-05,213.4000
1989-06-06,214.3950
1989-06-07,219.8800
1989-06-08,219.3900
1989-06-09,218.7950
1989-06-12,218.6000
1989-06-13,216.5450
1989-06-14,216.6650
1989-06-15,213.0900
1989-06-16,212.8150
1989-06-19,212.2850
1989-06-20,211.0400
1989-06-21,210.9100
1989-06-22,212.2200
1989-06-23,214.2600
1989-06-26,213.6150
1989-06-27,213.9350
1989-06-28,211.0700
1989-06-29,206.7700
1989-06-30,204.5850
1989-07-03,205.4650
1989-07-05,206.3650
1989-07-06,207.6700
1989-07-07,209.5800
1989-07-10,209.3300
1989-07-11,209.9400
1989-07-12,210.8700
1989-07-13,211.4800
1989-07-14,212.8650
1989-07-17,213.7350
1989-07-18,211.3850
1989-07-19,213.6100
1989-07-20,211.0950
1989-07-21,210.8650
1989-07-24,208.1150
1989-07-25,208.0150
1989-07-26,209.8950
1989-07-27,212.7550
1989-07-28,213.1450
1989-07-31,214.2750
1989-08-01,212.8350
1989-08-02,212.8400
1989-08-03,214.5600
1989-08-04,215.1400
1989-08-07,218.7600
1989-08-08,219.7300
1989-08-09,217.8500
1989-08-10,217.4200
1989-08-11,216.3050
1989-08-14,214.8100
1989-08-15,215.8700
1989-08-16,214.8700
1989-08-17,216.1500
1989-08-18,216.7200
1989-08-21,214.1850
1989-08-22,215.3850
1989-08-23,217.4900
1989-08-24,220.3950
1989-08-25,220.8200
1989-08-28,221.4600
1989-08-29,220.3000
1989-08-30,221.4000
1989-08-31,222.0050
1989-09-01,223.5150
1989-09-05,223.5800
1989-09-06,221.6700
1989-09-07,221.2000
1989-09-08,222.6550
1989-09-11,222.9600
1989-09-12,224.3250
1989-09-13,224.6150
1989-09-14,222.4100
1989-09-15,221.9600
1989-09-18,221.7500
1989-09-19,221.9350
1989-09-20,222.3050
1989-09-21,222.6550
1989-09-22,223.8900
1989-09-25,223.8900
1989-09-26,223.8700
1989-09-27,223.8050
1989-09-28,226.2500
1989-09-29,226.3900
1989-10-02,228.1100
1989-10-03,228.7350
1989-10-04,230.9000
1989-10-05,231.7400
1989-10-06,234.4050
1989-10-09,236.7850
1989-10-10,236.0850
1989-10-11,235.0850
1989-10-12,234.5450
1989-10-13,224.6650
1989-10-16,224.9450
1989-10-17,224.2450
1989-10-18,226.5250
1989-10-19,231.5300
1989-10-20,231.0500
1989-10-23,228.7600
1989-10-24,226.1750
1989-10-25,226.1150
1989-10-26,222.0550
1989-10-27,218.8400
1989-10-30,219.0750
1989-10-31,222.6150
1989-11-01,223.3100
1989-11-02,219.4500
1989-11-03,219.0550
1989-11-06,215.1850
1989-11-07,217.6500
1989-11-08,220.3700
1989-11-09,220.6500
1989-11-10,222.5300
1989-11-13,222.7550
1989-11-14,221.3700
1989-11-15,222.3450
1989-11-16,221.7000
1989-11-17,222.6300
1989-11-20,223.4150
1989-11-21,222.7600
1989-11-22,223.6250
1989-11-24,224.8350
1989-11-27,223.6450
1989-11-28,223.5850
1989-11-29,223.4950
1989-11-30,224.4450
1989-12-01,225.3150
1989-12-04,226.7200
1989-12-05,227.3050
1989-12-06,224.1550
1989-12-07,224.7650
1989-12-08,224.0250
1989-12-11,220.2650
1989-12-12,217.8050
1989-12-13,217.9100
1989-12-14,216.3550
1989-12-15,214.1400
1989-12-18,210.8500
1989-12-19,211.1850
1989-12-20,213.2350
1989-12-21,216.2300
1989-12-22,217.6250
1989-12-26,217.6150
1989-12-27,221.5750
1989-12-28,221.5800
1989-12-29,223.8350
1990-01-02,227.7250
1990-01-03,226.1000
1990-01-04,224.7150
1990-01-05,223.1400
1990-01-08,223.5400
1990-01-09,221.1800
1990-01-10,216.5550
1990-01-11,213.5050
1990-01-12,208.7950
1990-01-15,207.6150
1990-01-16,211.9150
1990-01-17,210.6050
1990-01-18,210.5700
1990-01-19,213.9100
1990-01-22,208.0600
1990-01-23,207.4800
1990-01-24,206.7450
1990-01-25,205.7750
1990-01-26,203.2450
1990-01-29,202.0550
1990-01-30,197.6550
1990-01-31,201.9400
1990-02-01,203.0450
1990-02-02,205.6150
1990-02-05,206.4900
1990-02-06,205.0750
1990-02-07,206.8050
1990-02-08,207.2450
1990-02-09,208.4950
1990-02-12,206.8800
1990-02-13,207.2000
1990-02-14,208.0600
1990-02-15,209.9300
1990-02-16,208.3550
1990-02-20,205.0650
1990-02-21,204.7500
1990-02-22,204.1900
1990-02-23,201.7950
1990-02-26,204.6250
1990-02-27,205.7850
1990-02-28,207.9150
1990-03-01,209.1050
1990-03-02,211.5400
1990-03-05,210.3900
1990-03-06,210.9600
1990-03-07,210.1550
1990-03-08,213.1100
1990-03-09,213.8200
1990-03-12,213.5250
1990-03-13,211.5100
1990-03-14,212.2700
1990-03-15,213.4800
1990-03-16,217.9600
1990-03-19,219.8700
1990-03-20,216.9250
1990-03-21,215.8500
1990-03-22,212.5400
1990-03-23,214.4900
1990-03-26,216.4350
1990-03-27,217.4700
1990-03-28,214.2300
1990-03-29,213.1100
1990-03-30,213.1450
1990-04-02,212.6700
1990-04-03,216.8100
1990-04-04,215.4800
1990-04-05,214.0600
1990-04-06,212.4750
1990-04-09,212.1150
1990-04-10,213.2250
1990-04-11,214.5250
1990-04-12,216.0450
1990-04-16,216.9250
1990-04-17,216.5000
1990-04-18,213.1450
1990-04-19,210.8700
1990-04-20,208.6200
1990-04-23,205.6300
1990-04-24,204.7600
1990-04-25,205.5800
1990-04-26,205.7850
1990-04-27,203.6700
1990-04-30,205.8150
1990-05-01,207.0400
1990-05-02,208.5000
1990-05-03,210.0900
1990-05-04,212.7050
1990-05-07,215.0300
1990-05-08,215.1700
1990-05-09,215.4300
1990-05-10,216.8100
1990-05-11,220.8900
1990-05-14,223.8600
1990-05-15,224.4900
1990-05-16,225.1250
1990-05-17,226.6400
1990-05-18,228.5100
1990-05-21,232.2150
1990-05-22,232.8450
1990-05-23,236.0600
1990-05-24,237.0350
1990-05-25,232.2000
1990-05-29,235.8400
1990-05-30,236.3550
1990-05-31,236.1500
1990-06-01,237.8850
1990-06-04,240.1100
1990-06-05,237.8450
1990-06-06,238.0550
1990-06-07,237.3850
1990-06-08,234.7300
1990-06-11,236.9500
1990-06-12,240.1100
1990-06-13,242.0550
1990-06-14,240.5150
1990-06-15,240.7850
1990-06-18,236.7100
1990-06-19,236.7750
1990-06-20,237.3150
1990-06-21,238.1450
1990-06-22,235.7400
1990-06-25,232.9150
1990-06-26,232.9400
1990-06-27,234.9500
1990-06-28,237.4150
1990-06-29,238.4600
1990-07-02,238.4200
1990-07-03,238.1850
1990-07-05,237.3000
1990-07-06,238.4650
1990-07-09,239.6000
1990-07-10,238.6600
1990-07-11,240.7750
1990-07-12,243.4250
1990-07-13,244.7400
1990-07-16,246.1800
1990-07-17,241.5250
1990-07-18,238.2200
1990-07-19,236.4000
1990-07-20,232.4400
1990-07-23,227.3800
1990-07-24,226.4850
1990-07-25,228.7650
1990-07-26,227.2000
1990-07-27,225.6350
1990-07-30,223.9200
1990-07-31,223.3850
1990-08-01,223.1150
1990-08-02,218.9700
1990-08-03,212.6050
1990-08-06,201.4550
1990-08-07,202.6550
1990-08-08,205.5800
1990-08-09,209.1250
1990-08-10,206.2300
1990-08-13,207.4200
1990-08-14,208.2950
1990-08-15,208.4650
1990-08-16,202.1900
1990-08-17,196.8450
1990-08-20,193.1000
1990-08-21,188.2550
1990-08-22,185.0150
1990-08-23,178.2950
1990-08-24,184.9650
1990-08-27,193.9750
1990-08-28,194.9050
1990-08-29,192.9050
1990-08-30,190.7250
1990-08-31,193.6150
1990-09-04,194.7450
1990-09-05,193.8150
1990-09-06,190.6700
1990-09-07,191.8000
1990-09-10,192.6500
1990-09-11,190.9650
1990-09-12,192.3550
1990-09-13,189.7200
1990-09-14,189.5200
1990-09-17,189.6050
1990-09-18,189.4300
1990-09-19,188.7750
1990-09-20,183.9800
1990-09-21,183.2000
1990-09-24,177.6050
1990-09-25,180.7100
1990-09-26,179.4550
1990-09-27,174.1900
1990-09-28,177.0550
1990-10-01,184.7350
1990-10-02,184.9200
1990-10-03,180.5050
1990-10-04,179.4950
1990-10-05,178.3650
1990-10-08,179.5650
1990-10-09,173.6250
1990-10-10,169.4650
1990-10-11,165.1950
1990-10-12,166.7150
1990-10-15,169.3500
1990-10-16,165.4900
1990-10-17,167.2700
1990-10-18,172.3800
1990-10-19,174.6200
1990-10-22,178.5650
1990-10-23,178.4000
1990-10-24,178.4700
1990-10-25,177.3400
1990-10-26,174.2100
1990-10-29,171.7550
1990-10-30,172.9950
1990-10-31,172.5550
1990-11-01,172.8850
1990-11-02,176.8650
1990-11-05,180.4600
1990-11-06,180.2600
1990-11-07,177.0800
1990-11-08,177.7050
1990-11-09,182.2400
1990-11-12,188.6700
1990-11-13,189.8750
1990-11-14,192.4500
1990-11-15,189.5500
1990-11-16,184.9600
1990-11-19,187.0400
1990-11-20,183.3150
1990-11-21,183.9350
1990-11-23,184.2800
1990-11-26,185.1200
1990-11-27,189.1750
1990-11-28,189.6950
1990-11-29,191.1100
1990-11-30,192.5800
1990-12-03,194.5250
1990-12-04,195.6050
1990-12-05,199.0250
1990-12-06,199.4850
1990-12-07,199.3450
1990-12-10,199.4400
1990-12-11,196.5550
1990-12-12,198.0250
1990-12-13,198.0300
1990-12-14,196.1350
1990-12-17,195.0550
1990-12-18,199.2400
1990-12-19,200.4150
1990-12-20,201.5150
1990-12-21,202.7550
1990-12-24,201.2200
1990-12-26,200.5700
1990-12-27,199.1600
1990-12-28,199.4200
1990-12-31,200.5300
1991-01-02,199.7650
1991-01-03,196.3950
1991-01-04,196.8250
1991-01-07,192.3500
1991-01-08,192.0900
1991-01-09,191.6850
1991-01-10,196.0800
1991-01-11,196.1950
1991-01-14,193.7700
1991-01-15,195.3350
1991-01-16,202.9550
1991-01-17,209.2600
1991-01-18,211.4950
1991-01-21,214.3650
1991-01-22,211.9750
1991-01-23,215.8300
1991-01-24,219.7850
1991-01-25,221.0150
1991-01-28,222.2400
1991-01-29,224.4700
1991-01-30,229.2750
1991-01-31,232.4250
1991-02-01,234.4500
1991-02-04,236.8700
1991-02-05,241.5650
1991-02-06,247.0550
1991-02-07,243.4250
1991-02-08,244.4750
1991-02-11,249.3050
1991-02-12,248.2000
1991-02-13,250.3350
1991-02-14,245.5900
1991-02-15,248.3350
1991-02-19,250.8150
1991-02-20,247.7600
1991-02-21,246.8550
1991-02-22,248.6350
1991-02-25,250.0400
1991-02-26,247.8050
1991-02-27,249.7150
1991-02-28,250.1150
1991-03-01,252.3900
1991-03-04,253.3800
1991-03-05,262.1800
1991-03-06,263.1500
1991-03-07,264.5650
1991-03-08,262.8600
1991-03-11,255.1800
1991-03-12,250.6700
1991-03-13,257.0700
1991-03-14,255.7950
1991-03-15,254.6300
1991-03-18,255.6250
1991-03-19,253.8500
1991-03-20,256.0900
1991-03-21,252.9700
1991-03-22,252.2700
1991-03-25,255.7750
1991-03-26,264.6700
1991-03-27,266.5550
1991-03-28,264.9050
1991-04-01,264.5950
1991-04-02,273.8500
1991-04-03,275.1500
1991-04-04,277.2850
1991-04-05,275.4400
1991-04-08,275.6550
1991-04-09,272.9350
1991-04-10,271.0650
1991-04-11,278.4500
1991-04-12,279.2050
1991-04-15,278.2900
1991-04-16,282.0300
1991-04-17,283.3850
1991-04-18,277.7800
1991-04-19,274.0050
1991-04-22,271.3250
1991-04-23,272.1450
1991-04-24,274.5350
1991-04-25,271.9650
1991-04-26,271.3000
1991-04-29,266.1450
1991-04-30,263.6550
1991-05-01,264.2200
1991-05-02,266.5150
1991-05-03,267.1100
1991-05-06,267.3300
1991-05-07,266.2450
1991-05-08,267.1650
1991-05-09,271.2400
1991-05-10,268.7100
1991-05-13,268.9900
1991-05-14,266.0900
1991-05-15,258.1100
1991-05-16,260.6950
1991-05-17,260.4650
1991-05-20,258.6200
1991-05-21,261.2550
1991-05-22,265.6900
1991-05-23,267.1750
1991-05-24,269.5050
1991-05-28,273.3750
1991-05-29,274.3600
1991-05-30,277.2400
1991-05-31,279.0000
1991-06-03,280.9350
1991-06-04,281.1300
1991-06-05,277.3650
1991-06-06,274.2100
1991-06-07,270.5700
1991-06-10,268.3750
1991-06-11,269.2550
1991-06-12,265.2900
1991-06-13,264.7900
1991-06-14,267.8000
1991-06-17,267.5700
1991-06-18,265.4800
1991-06-19,260.2700
1991-06-20,260.5600
1991-06-21,260.2800
1991-06-24,250.8850
1991-06-25,250.9950
1991-06-26,252.4500
1991-06-27,255.2550
1991-06-28,254.1950
1991-07-01,259.1200
1991-07-02,256.0900
1991-07-03,252.4250
1991-07-05,251.9750
1991-07-08,258.9300
1991-07-09,260.6800
1991-07-10,263.3250
1991-07-11,263.8400
1991-07-12,267.4400
1991-07-15,268.9000
1991-07-16,264.4750
1991-07-17,263.3800
1991-07-18,266.2350
1991-07-19,266.9250
1991-07-22,264.3400
1991-07-23,259.3200
1991-07-24,257.8550
1991-07-25,261.2000
1991-07-26,264.2200
1991-07-29,264.6250
1991-07-30,269.3150
1991-07-31,272.1550
1991-08-01,274.2400
1991-08-02,275.4700
1991-08-05,272.1600
1991-08-06,274.7400
1991-08-07,276.5400
1991-08-08,278.7600
1991-08-09,278.1550
1991-08-12,280.2500
1991-08-13,282.4700
1991-08-14,284.7250
1991-08-15,281.8100
1991-08-16,279.5100
1991-08-19,271.9600
1991-08-20,274.2000
1991-08-21,286.0650
1991-08-22,284.5550
1991-08-23,286.7750
1991-08-26,286.7000
1991-08-27,286.7750
1991-08-28,289.8750
1991-08-29,288.5900
1991-08-30,287.4050
1991-09-03,284.3300
1991-09-04,281.8150
1991-09-05,280.7350
1991-09-06,279.9650
1991-09-09,281.3400
1991-09-10,276.3850
1991-09-11,279.6550
1991-09-12,285.5500
1991-09-13,279.4950
1991-09-16,278.5750
1991-09-17,278.0900
1991-09-18,281.0350
1991-09-19,283.5100
1991-09-20,286.6350
1991-09-23,284.8650
1991-09-24,287.3450
1991-09-25,288.9900
1991-09-26,287.9150
1991-09-27,285.9400
1991-09-30,287.5350
1991-10-01,288.3700
1991-10-02,285.0600
1991-10-03,280.4100
1991-10-04,280.5150
1991-10-07,278.8950
1991-10-08,280.0250
1991-10-09,276.5100
1991-10-10,279.1150
1991-10-11,281.5000
1991-10-14,287.1650
1991-10-15,293.3100
1991-10-16,297.6550
1991-10-17,292.4650
1991-10-18,293.1100
1991-10-21,290.8600
1991-10-22,290.7850
1991-10-23,289.3450
1991-10-24,285.6500
1991-10-25,282.9400
1991-10-28,286.3750
1991-10-29,290.0850
1991-10-30,294.7200
1991-10-31,292.5050
1991-11-01,290.0050
1991-11-04,286.9350
1991-11-05,289.0500
1991-11-06,289.4300
1991-11-07,292.8750
1991-11-08,295.5500
1991-11-11,297.8450
1991-11-12,301.9650
1991-11-13,302.8300
1991-11-14,301.0450
1991-11-15,284.5200
1991-11-18,288.5900
1991-11-19,284.3900
1991-11-20,285.2050
1991-11-21,288.6100
1991-11-22,286.3200
1991-11-25,283.0150
1991-11-26,284.1300
1991-11-27,285.2250
1991-11-29,284.7900
1991-12-02,293.9300
1991-12-03,293.9450
1991-12-04,295.1100
1991-12-05,294.3350
1991-12-06,296.1400
1991-12-09,295.7700
1991-12-10,296.3250
1991-12-11,294.8400
1991-12-12,297.9750
1991-12-13,301.3300
1991-12-16,303.0200
1991-12-17,298.8850
1991-12-18,299.6100
1991-12-19,294.5300
1991-12-20,295.8200
1991-12-23,303.2950
1991-12-24,307.0850
1991-12-26,313.6800
1991-12-27,316.7750
1991-12-30,326.7350
1991-12-31,330.8550
1992-01-02,333.3650
1992-01-03,334.8250
1992-01-06,336.8950
1992-01-07,339.6450
1992-01-08,344.2900
1992-01-09,350.3200
1992-01-10,347.1100
1992-01-13,348.2650
1992-01-14,352.5900
1992-01-15,355.5950
1992-01-16,351.9150
1992-01-17,349.7300
1992-01-20,341.8100
1992-01-21,328.0400
1992-01-22,346.3200
1992-01-23,346.0750
1992-01-24,345.4550
1992-01-27,340.4800
1992-01-28,340.8450
1992-01-29,337.2900
1992-01-30,338.3850
1992-01-31,338.3150
1992-02-03,341.3800
1992-02-04,346.9150
1992-02-05,350.8600
1992-02-06,349.0700
1992-02-07,346.8050
1992-02-10,345.2350
1992-02-11,344.4050
1992-02-12,355.9750
1992-02-13,349.8100
1992-02-14,346.6950
1992-02-18,338.5450
1992-02-19,338.0600
1992-02-20,345.3350
1992-02-21,342.3900
1992-02-24,338.9650
1992-02-25,338.3300
1992-02-26,347.8100
1992-02-27,347.3900
1992-02-28,345.8800
1992-03-02,346.6350
1992-03-03,345.7050
1992-03-04,341.6100
1992-03-05,337.5200
1992-03-06,333.0000
1992-03-09,333.3150
1992-03-10,340.3200
1992-03-11,335.0450
1992-03-12,334.8300
1992-03-13,336.4700
1992-03-16,338.2750
1992-03-17,342.9200
1992-03-18,342.6250
1992-03-19,342.5500
1992-03-20,340.8650
1992-03-23,339.0350
1992-03-24,336.9350
1992-03-25,337.6550
1992-03-26,333.2950
1992-03-27,324.2200
1992-03-30,322.3500
1992-03-31,323.0500
1992-04-01,323.9150
1992-04-02,317.6650
1992-04-03,316.3850
1992-04-06,324.5500
1992-04-07,312.9550
1992-04-08,310.8500
1992-04-09,319.5350
1992-04-10,312.9850
1992-04-13,317.1500
1992-04-14,320.5500
1992-04-15,326.0700
1992-04-16,319.2350
1992-04-20,307.8750
1992-04-21,305.6250
1992-04-22,309.5400
1992-04-23,307.5200
1992-04-24,303.8150
1992-04-27,299.6500
1992-04-28,294.6250
1992-04-29,302.9750
1992-04-30,307.8600
1992-05-01,307.4750
1992-05-04,310.7150
1992-05-05,314.7700
1992-05-06,315.1050
1992-05-07,312.7250
1992-05-08,311.2650
1992-05-11,311.9000
1992-05-12,310.0400
1992-05-13,308.7500
1992-05-14,304.5450
1992-05-15,303.0150
1992-05-18,304.5750
1992-05-19,306.4100
1992-05-20,309.5500
1992-05-21,307.9400
1992-05-22,308.3800
1992-05-26,305.8950
1992-05-27,308.0750
1992-05-28,311.9800
1992-05-29,315.2950
1992-06-01,318.9800
1992-06-02,317.2350
1992-06-03,317.3400
1992-06-04,315.9350
1992-06-05,313.2450
1992-06-08,310.2300
1992-06-09,304.8550
1992-06-10,302.6000
1992-06-11,302.5750
1992-06-12,304.1100
1992-06-15,303.8650
1992-06-16,299.2050
1992-06-17,293.4000
1992-06-18,291.9350
1992-06-19,296.8650
1992-06-22,295.2450
1992-06-23,297.4450
1992-06-24,295.2900
1992-06-25,291.2550
1992-06-26,290.0300
1992-06-29,300.7950
1992-06-30,301.2300
1992-07-01,306.0300
1992-07-02,300.8750
1992-07-06,302.4000
1992-07-07,296.2650
1992-07-08,297.5600
1992-07-09,302.1900
1992-07-10,302.8350
1992-07-13,304.9800
1992-07-14,309.2450
1992-07-15,309.3900
1992-07-16,311.2800
1992-07-17,305.5400
1992-07-20,300.4450
1992-07-21,305.1000
1992-07-22,301.1700
1992-07-23,302.4950
1992-07-24,303.4250
1992-07-27,301.8400
1992-07-28,306.7550
1992-07-29,310.1050
1992-07-30,310.9350
1992-07-31,310.8950
1992-08-03,312.7500
1992-08-04,311.0750
1992-08-05,306.5850
1992-08-06,304.5600
1992-08-07,303.3150
1992-08-10,304.2300
1992-08-11,302.5100
1992-08-12,300.9550
1992-08-13,301.2750
1992-08-14,302.2300
1992-08-17,300.3850
1992-08-18,300.4400
1992-08-19,298.3150
1992-08-20,299.4250
1992-08-21,295.6900
1992-08-24,290.7150
1992-08-25,292.0850
1992-08-26,296.2050
1992-08-27,299.4600
1992-08-28,299.1350
1992-08-31,299.2600
1992-09-01,301.9700
1992-09-02,306.5650
1992-09-03,308.1700
1992-09-04,306.3950
1992-09-08,305.7700
1992-09-09,309.9900
1992-09-10,314.8150
1992-09-11,315.1900
1992-09-14,324.6300
1992-09-15,319.8850
1992-09-16,318.4450
1992-09-17,319.2350
1992-09-18,319.9100
1992-09-21,319.2550
1992-09-22,314.2750
1992-09-23,315.8150
1992-09-24,317.5350
1992-09-25,310.2250
1992-09-28,307.8700
1992-09-29,310.6500
1992-09-30,313.1850
1992-10-01,309.0350
1992-10-02,304.3900
1992-10-05,303.6850
1992-10-06,307.9600
1992-10-07,305.3800
1992-10-08,308.3500
1992-10-09,305.6300
1992-10-12,308.1050
1992-10-13,310.1300
1992-10-14,309.5850
1992-10-15,312.1350
1992-10-16,316.3850
1992-10-19,322.7850
1992-10-20,323.3800
1992-10-21,326.0700
1992-10-22,326.0950
1992-10-23,325.4400
1992-10-26,327.1700
1992-10-27,323.9250
1992-10-28,326.6750
1992-10-29,331.0900
1992-10-30,329.1550
1992-11-02,330.3300
1992-11-03,325.9650
1992-11-04,327.7600
1992-11-05,336.4900
1992-11-06,338.1450
1992-11-09,340.5850
1992-11-10,344.3900
1992-11-11,347.8550
1992-11-12,346.8000
1992-11-13,348.4900
1992-11-16,344.6300
1992-11-17,338.2300
1992-11-18,344.3100
1992-11-19,346.7550
1992-11-20,348.8050
1992-11-23,343.4400
1992-11-24,349.9750
1992-11-25,349.6600
1992-11-27,349.3150
1992-11-30,350.9600
1992-12-01,352.6700
1992-12-02,351.5700
1992-12-03,354.7900
1992-12-04,358.4000
1992-12-07,361.8350
1992-12-08,360.5750
1992-12-09,357.8150
1992-12-10,354.5550
1992-12-11,350.8950
1992-12-14,349.4050
1992-12-15,346.9450
1992-12-16,348.9500
1992-12-17,356.8450
1992-12-18,357.8950
1992-12-21,359.3350
1992-12-22,355.6400
1992-12-23,356.4950
1992-12-24,357.5600
1992-12-28,359.0650
1992-12-29,359.8100
1992-12-30,359.9350
1992-12-31,360.1850
1993-01-04,356.3700
1993-01-05,360.2350
1993-01-06,366.9700
1993-01-07,364.0150
1993-01-08,365.5400
1993-01-11,370.8050
1993-01-12,367.9050
1993-01-13,375.8500
1993-01-14,381.3400
1993-01-15,379.2350
1993-01-18,378.7550
1993-01-19,376.0200
1993-01-20,375.7300
1993-01-21,379.3400
1993-01-22,377.8200
1993-01-25,381.0550
1993-01-26,379.3750
1993-01-27,372.6100
1993-01-28,370.6650
1993-01-29,370.5600
1993-02-01,375.4750
1993-02-02,377.4400
1993-02-03,376.5350
1993-02-04,374.2450
1993-02-05,369.0000
1993-02-08,365.7250
1993-02-09,362.9500
1993-02-10,367.3000
1993-02-11,366.3250
1993-02-12,361.1900
1993-02-16,346.8900
1993-02-17,345.9100
1993-02-18,348.2800
1993-02-19,347.9150
1993-02-22,340.3500
1993-02-23,341.2400
1993-02-24,350.1250
1993-02-25,351.6650
1993-02-26,351.1400
1993-03-01,349.0950
1993-03-02,356.2100
1993-03-03,359.9600
1993-03-04,355.5300
1993-03-05,355.5650
1993-03-08,359.4400
1993-03-09,359.4000
1993-03-10,361.2600
1993-03-11,361.7350
1993-03-12,362.6500
1993-03-15,364.3150
1993-03-16,363.6100
1993-03-17,355.6550
1993-03-18,355.5000
1993-03-19,351.5550
1993-03-22,349.4150
1993-03-23,348.1350
1993-03-24,348.5050
1993-03-25,354.3750
1993-03-26,352.6450
1993-03-29,351.4050
1993-03-30,357.7200
1993-03-31,359.4200
1993-04-01,354.3350
1993-04-02,341.1800
1993-04-05,344.7050
1993-04-06,340.5550
1993-04-07,345.1850
1993-04-08,341.5600
1993-04-12,349.0050
1993-04-13,345.8700
1993-04-14,346.4900
1993-04-15,343.8950
1993-04-16,340.6500
1993-04-19,337.4550
1993-04-20,339.0600
1993-04-21,340.1950
1993-04-22,338.4800
1993-04-23,333.6600
1993-04-26,327.2800
1993-04-27,334.6000
1993-04-28,339.6600
1993-04-29,338.9800
1993-04-30,339.9450
1993-05-03,344.9700
1993-05-04,353.2800
1993-05-05,355.3450
1993-05-06,351.7150
1993-05-07,353.2300
1993-05-10,354.8450
1993-05-11,353.0050
1993-05-12,350.9600
1993-05-13,347.7100
1993-05-14,349.8000
1993-05-17,352.6700
1993-05-18,356.0000
1993-05-19,364.6750
1993-05-20,370.4550
1993-05-21,366.6700
1993-05-24,367.0900
1993-05-25,366.2200
1993-05-26,374.3450
1993-05-27,372.7300
1993-05-28,368.1100
1993-06-01,372.5300
1993-06-02,372.6850
1993-06-03,372.0600
1993-06-04,368.6250
1993-06-07,364.3550
1993-06-08,360.7400
1993-06-09,360.2500
1993-06-10,359.5500
1993-06-11,363.0750
1993-06-14,367.1450
1993-06-15,366.9750
1993-06-16,365.0150
1993-06-17,364.0100
1993-06-18,357.9600
1993-06-21,357.8650
1993-06-22,356.2000
1993-06-23,354.9350
1993-06-24,357.8250
1993-06-25,362.2250
1993-06-28,368.4500
1993-06-29,365.9600
1993-06-30,366.1250
1993-07-01,363.7300
1993-07-02,364.2150
1993-07-06,360.7950
1993-07-07,357.8650
1993-07-08,360.7000
1993-07-09,362.4600
1993-07-12,362.8700
1993-07-13,361.9800
1993-07-14,363.7400
1993-07-15,360.4650
1993-07-16,351.0700
1993-07-19,349.0600
1993-07-20,355.7600
1993-07-21,352.6350
1993-07-22,348.3500
1993-07-23,353.2050
1993-07-26,356.4050
1993-07-27,352.0150
1993-07-28,356.8100
1993-07-29,357.3300
1993-07-30,352.8650
1993-08-02,355.2500
1993-08-03,356.2300
1993-08-04,360.1150
1993-08-05,362.4100
1993-08-06,363.1450
1993-08-09,362.2950
1993-08-10,358.6450
1993-08-11,359.7350
1993-08-12,359.4050
1993-08-13,360.4550
1993-08-16,370.6000
1993-08-17,374.1600
1993-08-18,375.8150
1993-08-19,370.2650
1993-08-20,370.8700
1993-08-23,370.4900
1993-08-24,371.0000
1993-08-25,367.9550
1993-08-26,364.6700
1993-08-27,366.5000
1993-08-30,369.3050
1993-08-31,372.6500
1993-09-01,374.1600
1993-09-02,374.5650
1993-09-03,373.7050
1993-09-07,366.6800
1993-09-08,364.8450
1993-09-09,368.3000
1993-09-10,370.6350
1993-09-13,367.5900
1993-09-14,364.1950
1993-09-15,367.3200
1993-09-16,365.7400
1993-09-17,366.1850
1993-09-20,367.4550
1993-09-21,365.6450
1993-09-22,374.0000
1993-09-23,377.0650
1993-09-24,378.0400
1993-09-27,382.5050
1993-09-28,386.0200
1993-09-29,386.8900
1993-09-30,382.7150
1993-10-01,382.8100
1993-10-04,384.2950
1993-10-05,381.2750
1993-10-06,380.4200
1993-10-07,377.9950
1993-10-08,381.3150
1993-10-11,380.6550
1993-10-12,382.5650
1993-10-13,386.3000
1993-10-14,391.9850
1993-10-15,392.4500
1993-10-18,389.8500
1993-10-19,382.7300
1993-10-20,383.9300
1993-10-21,387.3550
1993-10-22,388.1900
1993-10-25,387.4050
1993-10-26,384.6000
1993-10-27,390.2500
1993-10-28,389.2450
1993-10-29,390.9850
1993-11-01,395.0300
1993-11-02,395.3200
1993-11-03,387.9300
1993-11-04,377.4650
1993-11-05,383.6350
1993-11-08,384.8500
1993-11-09,385.9150
1993-11-10,392.9850
1993-11-11,394.6600
1993-11-12,395.1750
1993-11-15,391.1200
1993-11-16,393.3750
1993-11-17,385.7950
1993-11-18,381.7400
1993-11-19,380.5650
1993-11-22,373.3700
1993-11-23,381.2200
1993-11-24,385.0350
1993-11-26,386.3150
1993-11-29,383.1850
1993-11-30,386.7600
1993-12-01,392.9450
1993-12-02,396.1650
1993-12-03,401.7750
1993-12-06,399.0050
1993-12-07,396.9850
1993-12-08,394.8100
1993-12-09,387.2500
1993-12-10,386.9600
1993-12-13,387.7800
1993-12-14,382.8300
1993-12-15,384.9450
1993-12-16,386.1800
1993-12-17,389.0350
1993-12-20,389.7200
1993-12-21,388.5100
1993-12-22,388.4050
1993-12-23,390.3200
1993-12-27,391.8400
1993-12-28,394.7400
1993-12-29,395.3800
1993-12-30,397.7250
1993-12-31,398.2800
1994-01-03,395.5300
1994-01-04,398.1900
1994-01-05,401.0700
1994-01-06,404.2100
1994-01-07,404.7800
1994-01-10,408.9100
1994-01-11,407.8500
1994-01-12,408.4700
1994-01-13,408.0000
1994-01-14,411.7500
1994-01-17,410.7900
1994-01-18,410.9500
1994-01-19,406.3800
1994-01-20,411.5300
1994-01-21,411.5900
1994-01-24,409.2300
1994-01-25,406.4800
1994-01-26,407.1900
1994-01-27,409.9300
1994-01-28,412.5200
1994-01-31,413.9900
1994-02-01,410.2200
1994-02-02,411.7800
1994-02-03,410.0500
1994-02-04,397.4800
1994-02-07,399.6200
1994-02-08,401.4600
1994-02-09,403.9100
1994-02-10,401.3100
1994-02-11,401.8300
1994-02-14,405.1100
1994-02-15,408.2800
1994-02-16,408.7400
1994-02-17,407.3900
1994-02-18,407.9400
1994-02-22,410.4800
1994-02-23,408.9100
1994-02-24,402.7900
1994-02-25,406.4500
1994-02-28,412.1700
1994-03-01,409.6900
1994-03-02,408.1800
1994-03-03,408.1700
1994-03-04,411.9900
1994-03-07,415.3000
1994-03-08,411.9700
1994-03-09,413.0800
1994-03-10,409.7700
1994-03-11,409.4300
1994-03-14,412.9300
1994-03-15,412.8300
1994-03-16,415.3100
1994-03-17,418.4500
1994-03-18,417.5200
1994-03-21,412.9900
1994-03-22,410.6700
1994-03-23,410.5000
1994-03-24,403.9200
1994-03-25,399.8600
1994-03-28,393.9200
1994-03-29,383.0000
1994-03-30,380.2500
1994-03-31,382.9600
1994-04-04,375.4200
1994-04-05,389.3100
1994-04-06,388.7600
1994-04-07,390.9700
1994-04-08,384.9000
1994-04-11,383.8500
1994-04-12,375.4600
1994-04-13,367.2500
1994-04-14,365.6500
1994-04-15,366.2900
1994-04-18,360.4600
1994-04-19,357.3600
1994-04-20,355.3800
1994-04-21,367.0200
1994-04-22,369.0800
1994-04-25,374.7900
1994-04-26,375.4600
1994-04-28,372.4500
1994-04-29,373.2500
1994-05-02,379.8200
1994-05-03,377.0700
1994-05-04,377.5300
1994-05-05,378.2300
1994-05-06,374.5700
1994-05-09,368.0000
1994-05-10,370.0200
1994-05-11,365.1800
1994-05-12,366.6400
1994-05-13,364.8200
1994-05-16,360.4900
1994-05-17,360.5000
1994-05-18,368.5900
1994-05-19,371.7100
1994-05-20,370.3700
1994-05-23,369.8900
1994-05-24,377.0000
1994-05-25,378.2400
1994-05-26,375.8000
1994-05-27,376.8100
1994-05-31,378.8500
1994-06-01,379.2300
1994-06-02,380.6600
1994-06-03,382.7800
1994-06-06,382.8000
1994-06-07,379.9900
1994-06-08,371.0000
1994-06-09,370.3000
1994-06-10,374.6400
1994-06-13,371.8800
1994-06-14,377.3800
1994-06-15,377.7800
1994-06-16,377.8000
1994-06-17,371.9400
1994-06-20,367.8300
1994-06-21,360.9800
1994-06-22,363.2300
1994-06-23,353.4900
1994-06-24,351.7600
1994-06-27,361.1600
1994-06-28,362.0500
1994-06-29,362.7300
1994-06-30,360.3000
1994-07-01,360.0300
1994-07-05,356.9100
1994-07-06,353.6200
1994-07-07,359.2300
1994-07-08,359.3100
1994-07-11,358.7900
1994-07-12,361.3100
1994-07-13,369.1400
1994-07-14,367.5200
1994-07-15,367.2400
1994-07-18,368.1800
1994-07-19,364.7200
1994-07-20,359.5300
1994-07-21,362.2100
1994-07-22,365.0600
1994-07-25,366.1100
1994-07-26,364.0100
1994-07-27,361.8100
1994-07-28,362.1400
1994-07-29,370.1600
1994-08-01,373.5800
1994-08-02,372.7800
1994-08-03,370.4800
1994-08-04,367.5500
1994-08-05,367.1500
1994-08-08,368.8900
1994-08-09,370.6600
1994-08-10,373.9300
1994-08-11,374.4900
1994-08-12,376.9600
1994-08-15,377.0800
1994-08-16,380.5300
1994-08-17,386.9000
1994-08-18,385.6300
1994-08-19,384.1200
1994-08-22,382.8100
1994-08-23,386.7400
1994-08-24,388.4400
1994-08-25,391.4900
1994-08-26,399.2600
1994-08-29,398.4400
1994-08-30,401.7400
1994-08-31,397.9000
1994-09-01,391.6100
1994-09-02,391.4100
1994-09-06,393.6900
1994-09-07,397.0500
1994-09-08,400.7500
1994-09-09,394.8400
1994-09-12,391.6700
1994-09-13,396.6900
1994-09-14,397.7900
1994-09-15,407.1000
1994-09-16,404.4700
1994-09-19,403.8800
1994-09-20,396.8500
1994-09-21,393.7100
1994-09-22,393.5500
1994-09-23,390.2000
1994-09-26,388.9000
1994-09-27,389.3300
1994-09-28,391.9700
1994-09-29,391.2200
1994-09-30,393.8500
1994-10-03,392.7200
1994-10-04,382.7100
1994-10-05,386.9900
1994-10-06,382.8500
1994-10-07,387.3600
1994-10-10,392.8500
1994-10-11,400.2900
1994-10-12,399.8500
1994-10-13,399.8600
1994-10-14,398.8000
1994-10-17,396.8500
1994-10-18,398.0000
1994-10-19,403.7300
1994-10-20,402.9900
1994-10-21,400.5200
1994-10-24,398.7900
1994-10-25,398.4800
1994-10-26,403.8300
1994-10-27,405.6200
1994-10-28,411.8400
1994-10-31,413.0500
1994-11-01,410.0600
1994-11-02,408.9100
1994-11-03,408.1700
1994-11-04,401.4600
1994-11-07,400.1900
1994-11-08,407.4400
1994-11-09,408.3200
1994-11-10,406.1200
1994-11-11,404.7800
1994-11-14,412.1700
1994-11-15,411.7800
1994-11-16,412.7200
1994-11-17,410.9800
1994-11-18,412.4300
1994-11-21,409.2800
1994-11-22,397.9300
1994-11-23,397.1700
1994-11-25,401.1700
1994-11-28,403.8200
1994-11-29,409.1000
1994-11-30,404.8200
1994-12-01,397.6600
1994-12-02,402.0400
1994-12-05,402.7100
1994-12-06,399.9800
1994-12-07,395.7500
1994-12-08,386.3000
1994-12-09,388.6300
1994-12-12,388.8800
1994-12-13,387.5300
1994-12-14,391.6500
1994-12-15,393.7000
1994-12-16,392.0100
1994-12-19,390.4200
1994-12-20,390.6100
1994-12-21,397.8000
1994-12-22,399.8000
1994-12-23,401.1500
1994-12-27,404.0300
1994-12-28,400.2600
1994-12-29,406.3100
1994-12-30,404.2700
1995-01-03,398.0000
1995-01-04,399.6500
1995-01-05,398.0200
1995-01-06,401.5900
1995-01-09,403.5300
1995-01-10,407.5700
1995-01-11,407.1000
1995-01-12,407.3200
1995-01-13,410.4800
1995-01-16,413.6500
1995-01-17,416.8900
1995-01-18,419.2600
1995-01-19,417.8300
1995-01-20,410.1300
1995-01-23,411.8900
1995-01-24,413.6000
1995-01-25,410.8700
1995-01-26,406.5000
1995-01-27,407.2200
1995-01-30,401.7100
1995-01-31,405.3300
1995-02-01,407.0600
1995-02-02,411.1500
1995-02-03,416.1400
1995-02-06,420.9300
1995-02-07,420.5700
1995-02-08,425.6600
1995-02-09,426.4300
1995-02-10,430.7700
1995-02-13,428.7700
1995-02-14,429.8100
1995-02-15,432.4900
1995-02-16,430.8600
1995-02-17,425.6600
1995-02-21,424.8200
1995-02-22,429.2100
1995-02-23,431.0300
1995-02-24,428.4200
1995-02-27,424.7500
1995-02-28,432.5000
1995-03-01,429.8000
1995-03-02,431.6800
1995-03-03,436.6800
1995-03-06,437.2400
1995-03-07,432.1200
1995-03-08,437.0100
1995-03-09,437.0200
1995-03-10,441.7600
1995-03-13,440.8200
1995-03-14,446.2700
1995-03-15,443.5700
1995-03-16,444.6800
1995-03-17,443.9400
1995-03-20,446.6100
1995-03-21,447.1300
1995-03-22,447.1300
1995-03-23,448.8200
1995-03-24,455.4300
1995-03-27,457.1200
1995-03-28,460.5400
1995-03-29,451.8700
1995-03-30,448.4200
1995-03-31,447.1500
1995-04-03,448.4900
1995-04-04,441.8600
1995-04-05,444.6600
1995-04-06,439.9200
1995-04-07,444.0100
1995-04-10,449.3600
1995-04-11,453.3300
1995-04-12,456.9800
1995-04-13,458.9300
1995-04-17,457.0600
1995-04-18,453.4300
1995-04-19,447.0600
1995-04-20,449.0100
1995-04-21,451.3400
1995-04-24,456.4100
1995-04-25,459.1000
1995-04-26,463.0300
1995-04-27,465.3400
1995-04-28,469.5600
1995-05-01,466.0500
1995-05-02,465.3800
1995-05-03,474.9300
1995-05-04,474.1000
1995-05-05,470.3000
1995-05-08,476.7800
1995-05-09,476.0000
1995-05-10,472.8800
1995-05-11,479.5700
1995-05-12,483.1900
1995-05-15,486.3400
1995-05-16,491.0400
1995-05-17,494.6900
1995-05-18,488.0200
1995-05-19,489.8700
1995-05-22,495.0900
1995-05-23,503.1200
1995-05-24,500.5000
1995-05-25,501.6600
1995-05-26,496.0600
1995-05-30,482.0800
1995-05-31,488.1000
1995-06-01,490.9600
1995-06-02,492.6500
1995-06-05,500.8100
1995-06-06,495.1200
1995-06-07,497.1500
1995-06-08,500.8600
1995-06-09,500.4100
1995-06-12,501.6900
1995-06-13,505.3200
1995-06-14,506.0900
1995-06-15,511.9900
1995-06-16,517.5700
1995-06-19,530.5300
1995-06-20,539.5500
1995-06-21,535.5200
1995-06-22,546.0600
1995-06-23,544.6600
1995-06-26,536.4900
1995-06-27,527.8400
1995-06-28,530.6500
1995-06-29,536.2100
1995-06-30,538.0300
1995-07-03,538.9700
1995-07-05,543.3900
1995-07-06,553.8700
1995-07-07,567.5600
1995-07-10,573.5600
1995-07-11,563.9800
1995-07-12,579.7100
1995-07-13,583.2500
1995-07-14,589.8500
1995-07-17,596.9100
1995-07-18,578.4600
1995-07-19,547.1200
1995-07-20,550.3300
1995-07-21,547.7800
1995-07-24,562.6400
1995-07-25,572.7100
1995-07-26,576.8400
1995-07-27,584.2500
1995-07-28,574.1800
1995-07-31,568.8800
1995-08-01,559.2100
1995-08-02,551.5600
1995-08-03,553.0600
1995-08-04,560.5800
1995-08-07,563.6500
1995-08-08,565.7100
1995-08-09,575.4900
1995-08-10,569.7500
1995-08-11,575.6400
1995-08-14,584.7300
1995-08-15,584.0500
1995-08-16,596.4300
1995-08-17,596.2800
1995-08-18,595.5200
1995-08-21,578.8900
1995-08-22,589.2500
1995-08-23,591.3200
1995-08-24,583.1600
1995-08-25,580.1000
1995-08-28,566.0500
1995-08-29,566.8200
1995-08-30,572.8300
1995-08-31,576.7700
1995-09-01,573.2100
1995-09-05,595.3600
1995-09-06,594.1200
1995-09-07,599.1400
1995-09-08,604.2700
1995-09-11,609.7500
1995-09-12,605.9900
1995-09-13,607.7000
1995-09-14,604.1200
1995-09-15,589.0100
1995-09-18,591.1300
1995-09-19,601.0200
1995-09-20,603.1900
1995-09-21,594.8500
1995-09-22,592.6400
1995-09-25,587.9300
1995-09-26,580.7700
1995-09-27,576.2200
1995-09-28,595.4400
1995-09-29,585.0800
1995-10-02,573.8700
1995-10-03,573.1600
1995-10-04,558.9900
1995-10-05,572.7500
1995-10-06,567.4200
1995-10-09,546.9300
1995-10-10,550.7600
1995-10-11,564.3300
1995-10-12,573.1000
1995-10-13,570.0000
1995-10-16,568.4600
1995-10-17,589.4300
1995-10-18,597.9700
1995-10-19,601.2600
1995-10-20,591.8800
1995-10-23,593.2700
1995-10-24,594.2300
1995-10-25,584.3300
1995-10-26,582.4700
1995-10-27,593.5300
1995-10-30,607.1000
1995-10-31,598.7800
1995-11-01,600.9100
1995-11-02,614.6900
1995-11-03,621.7100
1995-11-06,615.7200
1995-11-07,596.2300
1995-11-08,598.7200
1995-11-09,616.9500
1995-11-10,613.6100
1995-11-13,608.3200
1995-11-14,591.6800
1995-11-15,593.4800
1995-11-16,591.7000
1995-11-17,588.8100
1995-11-20,571.6700
1995-11-21,574.2200
1995-11-22,569.0400
1995-11-24,578.3200
1995-11-27,573.9100
1995-11-28,598.0000
1995-11-29,599.5800
1995-11-30,593.7200
1995-12-01,587.0200
1995-12-04,598.0000
1995-12-05,591.2300
1995-12-06,589.9800
1995-12-07,587.1300
1995-12-08,599.3800
1995-12-11,596.1100
1995-12-12,585.0400
1995-12-13,587.5400
1995-12-14,566.2900
1995-12-15,563.2800
1995-12-18,548.0400
1995-12-19,575.0100
1995-12-20,565.1500
1995-12-21,580.7600
1995-12-22,585.1800
1995-12-26,585.0900
1995-12-27,580.3700
1995-12-28,571.9600
1995-12-29,576.2300
1996-01-02,585.9400
1996-01-03,572.2900
1996-01-04,563.4800
1996-01-05,565.1400
1996-01-08,563.1500
1996-01-09,534.4200
1996-01-10,535.2900
1996-01-11,555.2000
1996-01-12,552.7100
1996-01-15,534.4400
1996-01-16,546.0500
1996-01-17,545.5100
1996-01-18,554.3200
1996-01-19,564.6400
1996-01-22,571.2500
1996-01-23,567.3500
1996-01-24,582.1400
1996-01-25,572.2600
1996-01-26,577.0500
1996-01-29,576.2300
1996-01-30,583.9900
1996-01-31,591.8200
1996-02-01,601.8800
1996-02-02,601.4200
1996-02-05,615.4700
1996-02-06,619.2000
1996-02-07,615.0700
1996-02-08,623.8000
1996-02-09,623.0100
1996-02-12,625.2900
1996-02-13,618.5400
1996-02-14,617.5900
1996-02-15,620.2300
1996-02-16,619.0400
1996-02-20,616.8300
1996-02-21,627.2800
1996-02-22,643.4100
1996-02-23,642.5900
1996-02-26,637.9200
1996-02-27,631.1000
1996-02-28,631.4400
1996-02-29,622.8300
1996-03-01,604.7600
1996-03-04,601.5000
1996-03-05,615.8800
1996-03-06,607.8400
1996-03-07,609.5500
1996-03-08,591.7100
1996-03-11,605.4800
1996-03-12,599.0200
1996-03-13,614.7500
1996-03-14,610.5600
1996-03-15,621.7100
1996-03-18,633.2600
1996-03-19,629.3900
1996-03-20,615.2600
1996-03-21,611.5100
1996-03-22,612.8800
1996-03-25,597.8200
1996-03-26,602.0800
1996-03-27,608.0600
1996-03-28,608.0800
1996-03-29,609.6900
1996-04-01,612.9900
1996-04-02,615.8100
1996-04-03,618.5700
1996-04-04,618.0000
1996-04-08,610.6100
1996-04-09,611.0600
1996-04-10,609.1100
1996-04-11,604.0700
1996-04-12,605.0500
1996-04-15,611.0800
1996-04-16,625.9400
1996-04-17,620.7100
1996-04-18,633.4400
1996-04-19,633.0100
1996-04-22,644.2900
1996-04-23,654.4900
1996-04-24,664.0100
1996-04-25,666.6800
1996-04-26,666.6500
1996-04-29,667.0000
1996-04-30,666.7300
1996-05-01,673.3600
1996-05-02,656.7300
1996-05-03,661.0700
1996-05-06,662.9300
1996-05-07,660.8200
1996-05-08,663.5300
1996-05-09,662.5400
1996-05-10,672.5400
1996-05-13,688.5200
1996-05-14,695.4300
1996-05-15,690.1600
1996-05-16,695.2500
1996-05-17,690.8100
1996-05-20,693.2700
1996-05-21,687.8600
1996-05-22,688.4300
1996-05-23,692.0900
1996-05-24,688.9100
1996-05-28,685.0700
1996-05-29,677.0900
1996-05-30,684.0400
1996-05-31,692.3900
1996-06-03,689.2500
1996-06-04,692.5900
1996-06-05,699.3500
1996-06-06,687.0100
1996-06-07,691.4600
1996-06-10,688.8400
1996-06-11,690.9400
1996-06-12,697.1600
1996-06-13,691.8400
1996-06-14,681.1300
1996-06-17,678.4400
1996-06-18,666.0700
1996-06-19,667.7200
1996-06-20,664.4500
1996-06-21,672.5300
1996-06-24,677.1700
1996-06-25,668.0400
1996-06-26,659.6900
1996-06-27,671.1500
1996-06-28,677.3000
1996-07-01,687.0700
1996-07-02,680.1700
1996-07-03,673.8400
1996-07-05,657.6800
1996-07-08,656.0000
1996-07-09,660.7600
1996-07-10,657.4500
1996-07-11,635.7800
1996-07-12,635.0600
1996-07-15,606.8900
1996-07-16,614.2500
1996-07-17,631.3000
1996-07-18,643.7400
1996-07-19,633.0500
1996-07-22,624.0300
1996-07-23,598.3400
1996-07-24,605.0500
1996-07-25,620.3900
1996-07-26,633.3900
1996-07-29,620.5100
1996-07-30,630.3200
1996-07-31,636.0100
1996-08-01,651.0700
1996-08-02,667.8400
1996-08-05,661.0200
1996-08-06,671.6900
1996-08-07,682.3700
1996-08-08,677.5200
1996-08-09,678.3100
1996-08-12,679.3900
1996-08-13,669.1000
1996-08-14,677.1700
1996-08-15,677.0900
1996-08-16,672.2800
1996-08-19,670.2500
1996-08-20,662.8700
1996-08-21,667.4200
1996-08-22,681.6300
1996-08-23,677.5700
1996-08-26,672.9200
1996-08-27,679.0500
1996-08-28,679.6700
1996-08-29,671.1000
1996-08-30,663.5700
1996-09-03,669.2900
1996-09-04,669.2000
1996-09-05,652.3200
1996-09-06,664.2200
1996-09-09,671.9800
1996-09-10,671.6500
1996-09-11,675.1200
1996-09-12,685.6500
1996-09-13,707.8600
1996-09-16,709.2200
1996-09-17,722.5000
1996-09-18,727.6300
1996-09-19,736.7600
1996-09-20,743.4200
1996-09-23,733.4100
1996-09-24,736.6100
1996-09-25,745.6900
1996-09-26,744.6100
1996-09-27,744.7300
1996-09-30,737.5700
1996-10-01,734.5000
1996-10-02,747.5500
1996-10-03,743.2800
1996-10-04,759.1200
1996-10-07,764.8200
1996-10-08,753.2400
1996-10-09,753.9700
1996-10-10,751.4400
1996-10-11,765.6400
1996-10-14,771.9900
1996-10-15,775.0800
1996-10-16,767.6400
1996-10-17,755.8000
1996-10-18,756.8300
1996-10-21,746.2800
1996-10-22,736.6400
1996-10-23,749.7000
1996-10-24,748.4100
1996-10-25,743.5500
1996-10-28,741.6400
1996-10-29,731.2100
1996-10-30,736.3600
1996-10-31,751.9900
1996-11-01,755.5100
1996-11-04,756.2300
1996-11-05,769.9100
1996-11-06,786.9000
1996-11-07,795.4200
1996-11-08,798.6600
1996-11-11,804.7200
1996-11-12,794.0900
1996-11-13,798.7000
1996-11-14,809.7500
1996-11-15,799.4400
1996-11-18,793.2900
1996-11-19,805.7800
1996-11-20,808.3900
1996-11-21,800.4700
1996-11-22,818.3700
1996-11-25,821.2400
1996-11-26,825.5100
1996-11-27,832.3700
1996-11-29,834.0100
1996-12-02,844.6300
1996-12-03,837.9100
1996-12-04,834.6500
1996-12-05,835.8000
1996-12-06,827.2100
1996-12-09,856.6400
1996-12-10,848.9600
1996-12-11,856.3800
1996-12-12,843.3700
1996-12-13,828.4500
1996-12-16,804.7800
1996-12-17,815.7900
1996-12-18,836.5400
1996-12-19,843.7300
1996-12-20,834.0500
1996-12-23,824.7900
1996-12-24,835.4000
1996-12-26,842.9800
1996-12-27,835.4600
1996-12-30,826.4900
1996-12-31,821.3600
1997-01-02,815.6000
1997-01-03,848.1700
1997-01-06,853.2500
1997-01-07,864.5500
1997-01-08,853.0900
1997-01-09,856.9500
1997-01-10,865.5800
1997-01-13,864.3800
1997-01-14,881.3800
1997-01-15,864.2900
1997-01-16,873.6300
1997-01-17,883.4400
1997-01-20,899.7800
1997-01-21,913.7300
1997-01-22,925.5200
1997-01-23,912.7400
1997-01-24,898.3700
1997-01-27,889.8200
1997-01-28,890.7900
1997-01-29,892.4600
1997-01-30,911.7100
1997-01-31,921.5500
1997-02-03,918.0100
1997-02-04,916.3000
1997-02-05,887.3900
1997-02-06,885.5200
1997-02-07,899.8400
1997-02-10,872.0600
1997-02-11,871.7100
1997-02-12,900.5000
1997-02-13,907.5400
1997-02-14,899.9100
1997-02-18,897.5300
1997-02-19,897.6500
1997-02-20,880.2800
1997-02-21,864.2800
1997-02-24,880.2600
1997-02-25,882.0400
1997-02-26,880.7400
1997-02-27,848.5800
1997-02-28,850.4600
1997-03-03,856.0800
1997-03-04,862.0400
1997-03-05,872.0700
1997-03-06,851.5100
1997-03-07,841.0300
1997-03-10,854.8400
1997-03-11,848.5000
1997-03-12,839.3200
1997-03-13,840.5000
1997-03-14,838.9800
1997-03-17,832.2400
1997-03-18,827.5700
1997-03-19,811.8000
1997-03-20,821.7300
1997-03-21,812.7300
1997-03-24,802.3700
1997-03-25,807.1900
1997-03-26,834.3800
1997-03-27,818.7400
1997-03-31,797.0600
1997-04-01,796.7900
1997-04-02,783.9200
1997-04-03,804.6700
1997-04-04,822.4000
1997-04-07,832.3100
1997-04-08,840.3600
1997-04-09,828.7300
1997-04-10,813.4300
1997-04-11,789.9700
1997-04-14,806.7900
1997-04-15,798.0000
1997-04-16,798.6800
1997-04-17,808.2200
1997-04-18,816.4300
1997-04-21,802.5000
1997-04-22,818.0800
1997-04-23,837.9700
1997-04-24,837.7500
1997-04-25,818.5700
1997-04-28,829.3900
1997-04-29,856.2600
1997-04-30,874.7400
1997-05-01,882.1200
1997-05-02,909.4900
1997-05-05,932.8900
1997-05-06,914.9000
1997-05-07,909.2900
1997-05-08,919.3100
1997-05-09,919.0800
1997-05-12,924.6400
1997-05-13,910.5700
1997-05-14,909.9200
1997-05-15,931.8300
1997-05-16,915.2900
1997-05-19,913.5700
1997-05-20,942.1100
1997-05-21,950.5300
1997-05-22,946.1000
1997-05-23,959.0800
1997-05-27,984.6100
1997-05-28,982.6000
1997-05-29,970.5400
1997-05-30,958.8500
1997-06-02,958.6900
1997-06-03,929.8100
1997-06-04,921.9600
1997-06-05,930.6100
1997-06-06,944.9900
1997-06-09,954.7600
1997-06-10,941.1800
1997-06-11,949.0000
1997-06-12,950.0000
1997-06-13,964.4000
1997-06-16,975.9900
1997-06-17,989.3700
1997-06-18,971.5500
1997-06-19,981.9500
1997-06-20,981.4100
1997-06-23,969.0600
1997-06-24,986.4200
1997-06-25,979.2200
1997-06-26,967.3400
1997-06-27,963.0100
1997-06-30,957.3000
1997-07-01,953.4400
1997-07-02,975.9300
1997-07-03,986.5200
1997-07-07,991.0400
1997-07-08,1005.8100
1997-07-09,1010.1000
1997-07-10,1010.0400
1997-07-11,1015.6200
1997-07-14,1041.8800
1997-07-15,1059.0200
1997-07-16,1103.4301
1997-07-17,1094.8500
1997-07-18,1070.9900
1997-07-21,1058.4500
1997-07-22,1090.9399
1997-07-23,1092.0601
1997-07-24,1088.1801
1997-07-25,1085.3900
1997-07-28,1075.1801
1997-07-29,1087.9200
1997-07-30,1100.9800
1997-07-31,1107.0300
1997-08-01,1108.9399
1997-08-04,1124.0800
1997-08-05,1136.4100
1997-08-06,1141.8199
1997-08-07,1135.6100
1997-08-08,1115.0200
1997-08-11,1101.1801
1997-08-12,1090.7800
1997-08-13,1099.1000
1997-08-14,1103.5100
1997-08-15,1076.6700
1997-08-18,1089.5500
1997-08-19,1121.1801
1997-08-20,1145.0699
1997-08-21,1118.7200
1997-08-22,1110.9100
1997-08-25,1107.7500
1997-08-26,1093.2100
1997-08-27,1091.8900
1997-08-28,1070.5699
1997-08-29,1074.0500
1997-09-02,1102.7500
1997-09-03,1100.4399
1997-09-04,1105.8199
1997-09-05,1111.1500
1997-09-08,1117.8199
1997-09-09,1126.7300
1997-09-10,1102.9500
1997-09-11,1105.0601
1997-09-12,1106.0699
1997-09-15,1080.2900
1997-09-16,1116.5200
1997-09-17,1108.6300
1997-09-18,1109.2900
1997-09-19,1118.6801
1997-09-22,1123.6500
1997-09-23,1135.0400
1997-09-24,1115.8800
1997-09-25,1106.4800
1997-09-26,1106.8199
1997-09-29,1118.7700
1997-09-30,1097.1600
1997-10-01,1102.0601
1997-10-02,1112.8400
1997-10-03,1124.4399
1997-10-06,1125.9301
1997-10-07,1140.7400
1997-10-08,1145.3400
1997-10-09,1148.2100
1997-10-10,1137.7700
1997-10-13,1140.4800
1997-10-14,1131.4301
1997-10-15,1119.0699
1997-10-16,1099.3800
1997-10-17,1075.1200
1997-10-20,1088.2500
1997-10-21,1110.5500
1997-10-22,1098.7100
1997-10-23,1074.6500
1997-10-24,1057.3400
1997-10-27,978.1300
1997-10-28,1046.8700
1997-10-29,1029.7600
1997-10-30,1000.7000
1997-10-31,1019.6200
1997-11-03,1050.7200
1997-11-04,1047.6200
1997-11-05,1046.9200
1997-11-06,1034.1700
1997-11-07,1028.3199
1997-11-10,1011.5400
1997-11-11,1010.9600
1997-11-12,980.1200
1997-11-13,1005.2500
1997-11-14,1027.8500
1997-11-17,1049.7000
1997-11-18,1036.3101
1997-11-19,1039.1200
1997-11-20,1062.4900
1997-11-21,1056.5900
1997-11-24,1030.2200
1997-11-25,1038.0601
1997-11-26,1044.2400
1997-11-28,1050.5100
1997-12-01,1079.2300
1997-12-02,1052.0699
1997-12-03,1061.6200
1997-12-04,1052.7600
1997-12-05,1070.2700
1997-12-08,1082.9200
1997-12-09,1050.6700
1997-12-10,1033.2100
1997-12-11,1001.8800
1997-12-12,978.4900
1997-12-15,984.3800
1997-12-16,997.3100
1997-12-17,983.6300
1997-12-18,966.7700
1997-12-19,969.9000
1997-12-22,975.6700
1997-12-23,949.5700
1997-12-24,938.9900
1997-12-26,954.0700
1997-12-29,978.5300
1997-12-30,998.4600
1997-12-31,990.8300
1998-01-02,1008.2300
1998-01-05,1017.4200
1998-01-06,1006.2900
1998-01-07,991.1900
1998-01-08,994.5500
1998-01-09,956.1900
1998-01-12,971.1700
1998-01-13,995.0500
1998-01-14,996.3700
1998-01-15,995.5800
1998-01-16,1005.8700
1998-01-20,1026.8800
1998-01-21,1026.5200
1998-01-22,1020.6300
1998-01-23,1024.4700
1998-01-26,1016.4000
1998-01-27,1035.7600
1998-01-28,1063.2000
1998-01-29,1069.0000
1998-01-30,1071.1300
1998-02-02,1100.9900
1998-02-03,1111.2600
1998-02-04,1124.4399
1998-02-05,1114.8600
1998-02-06,1134.3199
1998-02-09,1122.7200
1998-02-10,1139.7900
1998-02-11,1138.8101
1998-02-12,1144.8000
1998-02-13,1136.6899
1998-02-17,1128.6300
1998-02-18,1140.7400
1998-02-19,1156.7500
1998-02-20,1159.7300
1998-02-23,1185.5300
1998-02-24,1172.4000
1998-02-25,1200.3900
1998-02-26,1206.9700
1998-02-27,1194.1300
1998-03-02,1177.5900
1998-03-03,1175.7200
1998-03-04,1179.8700
1998-03-05,1126.8300
1998-03-06,1163.1100
1998-03-09,1128.3700
1998-03-10,1148.6100
1998-03-11,1153.8700
1998-03-12,1163.2700
1998-03-13,1169.2900
1998-03-16,1180.1700
1998-03-17,1167.8900
1998-03-18,1177.0100
1998-03-19,1186.1600
1998-03-20,1169.4301
1998-03-23,1179.1801
1998-03-24,1197.8101
1998-03-25,1214.8199
1998-03-26,1217.9399
1998-03-27,1211.6400
1998-03-30,1206.6400
1998-03-31,1220.6600
1998-04-01,1228.4100
1998-04-02,1230.1801
1998-04-03,1233.6600
1998-04-06,1205.3700
1998-04-07,1182.1300
1998-04-08,1191.0601
1998-04-09,1196.9000
1998-04-13,1202.9700
1998-04-14,1213.1200
1998-04-15,1231.3600
1998-04-16,1227.5300
1998-04-17,1231.2500
1998-04-20,1253.1100
1998-04-21,1269.7000
1998-04-22,1290.9000
1998-04-23,1258.5800
1998-04-24,1250.1400
1998-04-27,1220.0500
1998-04-28,1222.5000
1998-04-29,1239.5601
1998-04-30,1248.1200
1998-05-01,1251.5300
1998-05-04,1255.8199
1998-05-05,1247.2700
1998-05-06,1242.2500
1998-05-07,1222.6801
1998-05-08,1254.0300
1998-05-11,1237.6600
1998-05-12,1256.4100
1998-05-13,1263.0800
1998-05-14,1266.1500
1998-05-15,1249.4900
1998-05-18,1242.5000
1998-05-19,1255.5900
1998-05-20,1237.7500
1998-05-21,1223.7000
1998-05-22,1214.1300
1998-05-26,1200.1200
1998-05-27,1209.4600
1998-05-28,1214.8300
1998-05-29,1192.0699
1998-06-01,1165.5500
1998-06-02,1187.1500
1998-06-03,1163.9800
1998-06-04,1195.1899
1998-06-05,1206.7000
1998-06-08,1207.0200
1998-06-09,1223.4800
1998-06-10,1199.3101
1998-06-11,1185.1100
1998-06-12,1186.9900
1998-06-15,1173.5699
1998-06-16,1210.9000
1998-06-17,1224.0800
1998-06-18,1227.3300
1998-06-19,1239.7100
1998-06-22,1263.9301
1998-06-23,1302.3900
1998-06-24,1331.1600
1998-06-25,1311.4000
1998-06-26,1320.9399
1998-06-29,1339.7100
1998-06-30,1337.3400
1998-07-01,1356.1400
1998-07-02,1332.5300
1998-07-06,1342.5800
1998-07-07,1346.3199
1998-07-08,1377.8400
1998-07-09,1383.2200
1998-07-10,1391.1100
1998-07-13,1420.5800
1998-07-14,1418.1300
1998-07-15,1449.5800
1998-07-16,1452.6200
1998-07-17,1463.9700
1998-07-20,1465.8900
1998-07-21,1431.8900
1998-07-22,1430.5800
1998-07-23,1405.8000
1998-07-24,1408.6000
1998-07-27,1426.3700
1998-07-28,1393.2800
1998-07-29,1380.0800
1998-07-30,1422.0500
1998-07-31,1377.2600
1998-08-03,1368.4399
1998-08-04,1317.2400
1998-08-05,1329.9000
1998-08-06,1365.8700
1998-08-07,1364.0699
1998-08-10,1362.8800
1998-08-11,1330.1300
1998-08-12,1354.6600
1998-08-13,1338.3900
1998-08-14,1330.0400
1998-08-17,1367.7900
1998-08-18,1401.2400
1998-08-19,1398.2600
1998-08-20,1398.2000
1998-08-21,1374.7700
1998-08-24,1370.9200
1998-08-25,1388.3500
1998-08-26,1374.0500
1998-08-27,1311.5300
1998-08-28,1265.0400
1998-08-31,1140.3400
1998-09-01,1215.0601
1998-09-02,1221.4399
1998-09-03,1208.9600
1998-09-04,1205.4100
1998-09-08,1286.4700
1998-09-09,1261.7700
1998-09-10,1235.3700
1998-09-11,1290.2000
1998-09-14,1308.2300
1998-09-15,1324.1899
1998-09-16,1331.4500
1998-09-17,1291.7900
1998-09-18,1300.7000
1998-09-21,1327.7000
1998-09-22,1336.1899
1998-09-23,1394.6500
1998-09-24,1356.4600
1998-09-25,1390.0900
1998-09-28,1383.2500
1998-09-29,1384.8900
1998-09-30,1345.4800
1998-10-01,1273.7400
1998-10-02,1276.4399
1998-10-05,1207.6801
1998-10-06,1184.8400
1998-10-07,1151.0900
1998-10-08,1128.8800
1998-10-09,1197.8700
1998-10-12,1243.4000
1998-10-13,1206.9000
1998-10-14,1235.6700
1998-10-15,1299.6600
1998-10-16,1293.9100
1998-10-19,1310.1700
1998-10-20,1283.2300
1998-10-21,1332.0500
1998-10-22,1355.1899
1998-10-23,1340.6000
1998-10-26,1368.9301
1998-10-27,1353.3400
1998-10-28,1379.9600
1998-10-29,1396.3000
1998-10-30,1400.5200
1998-11-02,1418.7900
1998-11-03,1401.7300
1998-11-04,1434.0000
1998-11-05,1442.0400
1998-11-06,1458.3400
1998-11-09,1467.6300
1998-11-10,1477.4800
1998-11-11,1480.7100
1998-11-12,1466.5400
1998-11-13,1465.2200
1998-11-16,1475.6000
1998-11-17,1498.5500
1998-11-18,1514.8900
1998-11-19,1537.4500
1998-11-20,1544.2200
1998-11-23,1589.0601
1998-11-24,1580.8300
1998-11-25,1598.4800
1998-11-27,1628.3500
1998-11-30,1557.9600
1998-12-01,1632.5300
1998-12-02,1619.0900
1998-12-03,1573.7800
1998-12-04,1630.0100
1998-12-07,1676.8900
1998-12-08,1668.1600
1998-12-09,1685.3800
1998-12-10,1652.7600
1998-12-11,1675.0100
1998-12-14,1614.0900
1998-12-15,1663.7800
1998-12-16,1656.2800
1998-12-17,1689.6300
1998-12-18,1735.0000
1998-12-21,1787.3000
1998-12-22,1767.8199
1998-12-23,1818.9600
1998-12-24,1806.0400
1998-12-28,1823.9900
1998-12-29,1823.3101
1998-12-30,1810.9700
1998-12-31,1836.0100
1999-01-04,1854.3900
1999-01-05,1903.0000
1999-01-06,1963.9500
1999-01-07,1966.3500
1999-01-08,1973.6600
1999-01-11,2000.1801
1999-01-12,1939.0800
1999-01-13,1948.7100
1999-01-14,1906.1200
1999-01-15,1981.6200
1999-01-19,2033.7100
1999-01-20,2033.7100
1999-01-21,1961.7600
1999-01-22,1964.2100
1999-01-25,1997.1600
1999-01-26,2062.2000
1999-01-27,2030.3600
1999-01-28,2104.5901
1999-01-29,2127.1899
1999-02-01,2130.9299
1999-02-02,2078.6899
1999-02-03,2119.9399
1999-02-04,2027.6600
1999-02-05,1988.5500
1999-02-08,2034.2100
1999-02-09,1935.3300
1999-02-10,1944.1801
1999-02-11,2044.6801
1999-02-12,1958.6000
1999-02-16,1954.4900
1999-02-17,1891.3700
1999-02-18,1906.0900
1999-02-19,1931.5900
1999-02-22,1996.0200
1999-02-23,2028.2300
1999-02-24,1989.1400
1999-02-25,1974.3900
1999-02-26,1925.2800
1999-03-01,1937.7000
1999-03-02,1888.6600
1999-03-03,1899.8101
1999-03-04,1933.0300
1999-03-05,1969.8700
1999-03-08,2034.0500
1999-03-09,2028.5699
1999-03-10,2038.5100
1999-03-11,2043.7600
1999-03-12,2008.9600
1999-03-15,2060.3401
1999-03-16,2073.3101
1999-03-17,2064.5000
1999-03-18,2102.7700
1999-03-19,2053.6899
1999-03-22,2027.1400
1999-03-23,1961.3101
1999-03-24,2013.5500
1999-03-25,2083.3501
1999-03-26,2067.3000
1999-03-29,2144.6599
1999-03-30,2125.6899
1999-03-31,2106.3899
1999-04-01,2146.1299
1999-04-05,2219.6399
1999-04-06,2218.8301
1999-04-07,2192.2900
1999-04-08,2224.7500
1999-04-09,2232.4700
1999-04-12,2219.2100
1999-04-13,2175.1799
1999-04-14,2103.6299
1999-04-15,2135.8101
1999-04-16,2086.4600
1999-04-19,1967.5800
1999-04-20,2030.2800
1999-04-21,2105.8201
1999-04-22,2183.4900
1999-04-23,2210.4399
1999-04-26,2260.6599
1999-04-27,2207.0300
1999-04-28,2150.4399
1999-04-29,2119.2900
1999-04-30,2136.3899
1999-05-03,2137.9500
1999-05-04,2097.5500
1999-05-05,2155.7700
1999-05-06,2078.6299
1999-05-07,2117.7300
1999-05-10,2134.7500
1999-05-11,2175.8501
1999-05-12,2217.6799
1999-05-13,2179.0801
1999-05-14,2125.1499
1999-05-17,2175.7400
1999-05-18,2159.2600
1999-05-19,2186.2000
1999-05-20,2139.9500
1999-05-21,2114.3999
1999-05-24,2060.5901
1999-05-25,1999.0400
1999-05-26,2053.0400
1999-05-27,2050.0901
1999-05-28,2089.7000
1999-06-01,2025.7900
1999-06-02,2074.5400
1999-06-03,2030.4000
1999-06-04,2109.4099
1999-06-07,2152.6899
1999-06-08,2086.7500
1999-06-09,2135.4800
1999-06-10,2097.7900
1999-06-11,2062.2900
1999-06-14,2028.9200
1999-06-15,2058.1699
1999-06-16,2167.4900
1999-06-17,2190.8301
1999-06-18,2205.4600
1999-06-21,2268.6599
1999-06-22,2209.8899
1999-06-23,2239.3301
1999-06-24,2184.8701
1999-06-25,2185.7600
1999-06-28,2243.9399
1999-06-29,2280.0601
1999-06-30,2296.7700
1999-07-01,2322.3201
1999-07-02,2347.8799
1999-07-06,2330.7300
1999-07-07,2340.6699
1999-07-08,2374.5801
1999-07-09,2393.0200
1999-07-12,2384.2400
1999-07-13,2373.6599
1999-07-14,2417.0500
1999-07-15,2429.2700
1999-07-16,2459.4800
1999-07-19,2424.6201
1999-07-20,2329.3201
1999-07-21,2363.6299
1999-07-22,2281.9199
1999-07-23,2302.0200
1999-07-26,2233.5100
1999-07-27,2308.7800
1999-07-28,2333.7800
1999-07-29,2263.0601
1999-07-30,2270.9299
1999-08-02,2264.8101
1999-08-03,2239.1799
1999-08-04,2204.3301
1999-08-05,2232.2300
1999-08-06,2212.1499
1999-08-09,2187.6101
1999-08-10,2163.7700
1999-08-11,2241.8000
1999-08-12,2214.3301
1999-08-13,2307.0601
1999-08-16,2313.0801
1999-08-17,2337.3701
1999-08-18,2317.3899
1999-08-19,2278.7900
1999-08-20,2315.0701
1999-08-23,2385.8701
1999-08-24,2404.8201
1999-08-25,2460.9199
1999-08-26,2417.3000
1999-08-27,2402.5701
1999-08-30,2366.8799
1999-08-31,2396.8701
1999-09-01,2404.9399
1999-09-02,2392.6001
1999-09-03,2506.6899
1999-09-07,2491.8201
1999-09-08,2454.6699
1999-09-09,2505.5000
1999-09-10,2534.6101
1999-09-13,2483.1001
1999-09-14,2522.4600
1999-09-15,2463.0901
1999-09-16,2466.8799
1999-09-17,2536.9099
1999-09-20,2545.4099
1999-09-21,2473.7400
1999-09-22,2513.9399
1999-09-23,2403.0701
1999-09-24,2399.5801
1999-09-27,2426.5100
1999-09-28,2428.1101
1999-09-29,2398.7800
1999-09-30,2407.8999
1999-10-01,2404.4500
1999-10-04,2467.9199
1999-10-05,2471.5000
1999-10-06,2532.3999
1999-10-07,2532.0000
1999-10-08,2555.3601
1999-10-11,2578.8799
1999-10-12,2526.8201
1999-10-13,2454.4900
1999-10-14,2470.9900
1999-10-15,2403.8101
1999-10-18,2362.1101
1999-10-19,2362.2500
1999-10-20,2466.2900
1999-10-21,2477.1399
1999-10-22,2485.8999
1999-10-25,2484.1899
1999-10-26,2466.3999
1999-10-27,2457.4600
1999-10-28,2539.9299
1999-10-29,2637.4399
1999-11-01,2616.3601
1999-11-02,2626.9900
1999-11-03,2672.7200
1999-11-04,2703.1101
1999-11-05,2755.7000
1999-11-08,2786.2700
1999-11-09,2763.5801
1999-11-10,2797.6101
1999-11-11,2849.8101
1999-11-12,2888.9099
1999-11-15,2875.8701
1999-11-16,2940.2500
1999-11-17,2911.6899
1999-11-18,3003.4900
1999-11-19,3028.8401
1999-11-22,3049.6101
1999-11-23,2999.7800
1999-11-24,3108.5200
1999-11-26,3116.6201
1999-11-29,3063.2300
1999-11-30,2966.7100
1999-12-01,2997.2800
1999-12-02,3108.4700
1999-12-03,3172.3701
1999-12-06,3191.0901
1999-12-07,3205.0801
1999-12-08,3164.0801
1999-12-09,3167.5200
1999-12-10,3203.2800
1999-12-13,3242.3701
1999-12-14,3167.2900
1999-12-15,3239.1799
1999-12-16,3332.3101
1999-12-17,3359.8601
1999-12-20,3390.0100
1999-12-21,3528.5300
1999-12-22,3562.2900
1999-12-23,3590.2800
1999-12-27,3598.5100
1999-12-28,3579.9500
1999-12-29,3689.6799
1999-12-30,3683.6699
1999-12-31,3707.8301
2000-01-03,3790.5500
2000-01-04,3546.2000
2000-01-05,3507.3101
2000-01-06,3340.8101
2000-01-07,3529.6001
2000-01-10,3717.4099
2000-01-11,3544.3501
2000-01-12,3478.1399
2000-01-13,3612.0801
2000-01-14,3704.7400
2000-01-18,3757.7800
2000-01-19,3790.8899
2000-01-20,3841.7400
2000-01-21,3849.9600
2000-01-24,3660.9600
2000-01-25,3759.1101
2000-01-26,3621.2100
2000-01-27,3593.1499
2000-01-28,3446.1299
2000-01-31,3570.0500
2000-02-01,3701.7800
2000-02-02,3724.4600
2000-02-03,3851.1599
2000-02-04,3874.3701
2000-02-07,3933.3401
2000-02-08,4062.7700
2000-02-09,3968.4600
2000-02-10,4090.0000
2000-02-11,3968.8899
2000-02-14,3986.1299
2000-02-15,3997.0300
2000-02-16,3997.9700
2000-02-17,4125.3799
2000-02-18,3965.7500
2000-02-22,3969.1299
2000-02-23,4170.0898
2000-02-24,4253.0498
2000-02-25,4178.5801
2000-02-28,4162.1299
2000-02-29,4266.9399
2000-03-01,4309.0098
2000-03-02,4234.2598
2000-03-03,4442.8701
2000-03-06,4457.1802
2000-03-07,4390.8301
2000-03-08,4445.6802
2000-03-09,4586.2598
2000-03-10,4587.1602
2000-03-13,4426.7998
2000-03-14,4226.9902
2000-03-15,4130.0098
2000-03-16,4353.3301
2000-03-17,4440.4502
2000-03-20,4261.1499
2000-03-21,4449.3301
2000-03-22,4596.8101
2000-03-23,4660.6201
2000-03-24,4691.6099
2000-03-27,4704.7300
2000-03-28,4583.3901
2000-03-29,4413.9199
2000-03-30,4250.1899
2000-03-31,4397.8398
2000-04-03,4077.0200
2000-04-04,4034.1699
2000-04-05,4030.2600
2000-04-06,4086.7300
2000-04-07,4291.5298
2000-04-10,3998.2600
2000-04-11,3909.2100
2000-04-12,3633.6299
2000-04-13,3553.8101
2000-04-14,3207.9600
2000-04-17,3529.4500
2000-04-18,3715.8101
2000-04-19,3583.0701
2000-04-20,3505.2900
2000-04-24,3353.5300
2000-04-25,3621.5601
2000-04-26,3505.7100
2000-04-27,3692.5701
2000-04-28,3773.1799
2000-05-01,3829.8401
2000-05-02,3627.3101
2000-05-03,3562.1599
2000-05-04,3570.7300
2000-05-05,3688.3601
2000-05-08,3521.6001
2000-05-09,3445.2600
2000-05-10,3244.7300
2000-05-11,3381.5701
2000-05-12,3406.2500
2000-05-15,3512.1101
2000-05-16,3646.8899
2000-05-17,3550.5000
2000-05-18,3426.3501
2000-05-19,3260.6399
2000-05-22,3264.7100
2000-05-23,3023.4199
2000-05-24,3180.3101
2000-05-25,3099.2800
2000-05-26,3101.4399
2000-05-30,3414.0300
2000-05-31,3324.0801
2000-06-01,3518.9800
2000-06-02,3755.6699
2000-06-05,3730.3101
2000-06-06,3646.3201
2000-06-07,3736.0100
2000-06-08,3707.3101
2000-06-09,3760.2600
2000-06-12,3638.4199
2000-06-13,3765.8101
2000-06-14,3677.4900
2000-06-15,3752.0100
2000-06-16,3787.3601
2000-06-19,3933.7000
2000-06-20,3933.8301
2000-06-21,3970.0000
2000-06-22,3804.1101
2000-06-23,3685.3000
2000-06-26,3771.4500
2000-06-27,3699.0000
2000-06-28,3771.0601
2000-06-29,3665.8301
2000-06-30,3763.7900
2000-07-03,3804.7800
2000-07-05,3649.8000
2000-07-06,3793.4800
2000-07-07,3841.2700
2000-07-10,3772.2000
2000-07-11,3744.5300
2000-07-12,3901.1201
2000-07-13,3956.6699
2000-07-14,4041.1499
2000-07-17,4061.8799
2000-07-18,3960.9600
2000-07-19,3843.9800
2000-07-20,3995.4600
2000-07-21,3908.7500
2000-07-24,3790.6201
2000-07-25,3865.3899
2000-07-26,3818.3101
2000-07-27,3681.6299
2000-07-28,3477.3101
2000-07-31,3609.3501
2000-08-01,3521.1499
2000-08-02,3490.3401
2000-08-03,3623.5000
2000-08-04,3618.6299
2000-08-07,3710.3899
2000-08-08,3686.3701
2000-08-09,3693.0400
2000-08-10,3595.1899
2000-08-11,3644.6101
2000-08-14,3719.6101
2000-08-15,3722.6201
2000-08-16,3721.2500
2000-08-17,3830.5901
2000-08-18,3807.5100
2000-08-21,3827.6201
2000-08-22,3827.8899
2000-08-23,3896.9199
2000-08-24,3949.5701
2000-08-25,3931.2500
2000-08-28,3954.2400
2000-08-29,3951.9399
2000-08-30,3968.7300
2000-08-31,4077.5901
2000-09-01,4099.2998
2000-09-05,3987.0300
2000-09-06,3837.6201
2000-09-07,3953.3601
2000-09-08,3813.4399
2000-09-11,3706.7400
2000-09-12,3666.8701
2000-09-13,3741.7500
2000-09-14,3737.4199
2000-09-15,3676.3301
2000-09-18,3585.5200
2000-09-19,3756.3999
2000-09-20,3790.4500
2000-09-21,3718.1499
2000-09-22,3701.1799
2000-09-25,3622.1001
2000-09-26,3582.5901
2000-09-27,3571.8999
2000-09-28,3725.1499
2000-09-29,3570.6101
2000-10-02,3457.9700
2000-10-03,3353.3401
2000-10-04,3453.3601
2000-10-05,3424.3201
2000-10-06,3311.9399
2000-10-09,3318.8999
2000-10-10,3188.2900
2000-10-11,3100.5300
2000-10-12,3004.4500
2000-10-13,3277.7700
2000-10-16,3249.4600
2000-10-17,3172.1899
2000-10-18,3139.3101
2000-10-19,3402.9500
2000-10-20,3456.6101
2000-10-23,3422.0000
2000-10-24,3353.2600
2000-10-25,3107.6101
2000-10-26,3167.1399
2000-10-27,3175.2500
2000-10-30,3081.0701
2000-10-31,3282.3000
2000-11-01,3225.2700
2000-11-02,3308.4800
2000-11-03,3321.9099
2000-11-06,3290.4700
2000-11-07,3279.5701
2000-11-08,3059.0901
2000-11-09,3057.0601
2000-11-10,2890.2600
2000-11-13,2836.6201
2000-11-14,3039.5000
2000-11-15,3076.7000
2000-11-16,2925.1599
2000-11-17,2934.8101
2000-11-20,2792.4099
2000-11-21,2786.5300
2000-11-22,2668.2500
2000-11-24,2830.0901
2000-11-27,2769.3201
2000-11-28,2621.1101
2000-11-29,2602.8501
2000-11-30,2506.5400
2000-12-01,2549.7400
2000-12-04,2554.3999
2000-12-05,2852.8701
2000-12-06,2743.7000
2000-12-07,2719.9099
2000-12-08,2895.3899
2000-12-11,2972.9099
2000-12-12,2863.2100
2000-12-13,2748.8799
2000-12-14,2639.2600
2000-12-15,2543.0901
2000-12-18,2543.0901
2000-12-19,2399.6299
2000-12-20,2210.3201
2000-12-21,2224.8401
2000-12-22,2436.2600
2000-12-26,2404.6001
2000-12-27,2460.2100
2000-12-28,2464.6201
2000-12-29,2341.7000
2001-01-02,2128.7800
2001-01-03,2528.3799
2001-01-04,2460.0400
2001-01-05,2267.8501
2001-01-08,2281.5400
2001-01-09,2311.3999
2001-01-10,2413.7100
2001-01-11,2524.2900
2001-01-12,2506.0500
2001-01-16,2470.7200
2001-01-17,2558.6699
2001-01-18,2670.4700
2001-01-19,2655.7700
2001-01-22,2643.1299
2001-01-23,2730.0500
2001-01-24,2726.4500
2001-01-25,2595.8501
2001-01-26,2631.7800
2001-01-29,2694.5300
2001-01-30,2686.1399
2001-01-31,2593.0000
2001-02-01,2607.1599
2001-02-02,2472.1799
2001-02-05,2467.3000
2001-02-06,2473.2400
2001-02-07,2409.6599
2001-02-08,2355.6699
2001-02-09,2261.7700
2001-02-12,2286.7600
2001-02-13,2208.3999
2001-02-14,2305.8201
2001-02-15,2371.0400
2001-02-16,2212.5100
2001-02-20,2095.1101
2001-02-21,2058.5400
2001-02-22,2032.4200
2001-02-23,2056.0601
2001-02-26,2097.6399
2001-02-27,1964.5200
2001-02-28,1908.3199
2001-03-01,1968.0200
2001-03-02,1881.3400
2001-03-05,1916.6801
2001-03-06,1976.3101
2001-03-07,1996.2300
2001-03-08,1938.1500
2001-03-09,1813.0200
2001-03-12,1680.6400
2001-03-13,1789.7000
2001-03-14,1745.1300
2001-03-15,1697.9200
2001-03-16,1647.5100
2001-03-19,1730.4600
2001-03-20,1614.4700
2001-03-21,1605.0400
2001-03-22,1701.9000
2001-03-23,1705.0200
2001-03-26,1676.9000
2001-03-27,1735.6300
2001-03-28,1602.2200
2001-03-29,1563.1400
2001-03-30,1573.2500
2001-04-02,1516.5800
2001-04-03,1399.0500
2001-04-04,1370.7500
2001-04-05,1519.0500
2001-04-06,1448.1600
2001-04-09,1481.2200
2001-04-10,1597.8700
2001-04-11,1647.3600
2001-04-12,1714.2900
2001-04-16,1650.2100
2001-04-17,1671.5100
2001-04-18,1830.7900
2001-04-19,1953.2800
2001-04-20,1933.5699
2001-04-23,1811.8900
2001-04-24,1762.2100
2001-04-25,1814.3300
2001-04-26,1763.3300
2001-04-27,1810.4700
2001-04-30,1855.1500
2001-05-01,1919.0100
2001-05-02,1962.4200
2001-05-03,1877.8000
2001-05-04,1924.1200
2001-05-07,1895.4100
2001-05-08,1929.2400
2001-05-09,1876.6000
2001-05-10,1838.3199
2001-05-11,1821.2000
2001-05-14,1795.0601
2001-05-15,1797.0800
2001-05-16,1899.4700
2001-05-17,1925.1400
2001-05-18,1927.6899
2001-05-21,2052.5701
2001-05-22,2042.9301
2001-05-23,1957.5601
2001-05-24,2003.3700
2001-05-25,1960.7400
2001-05-29,1873.5300
2001-05-30,1779.0000
2001-05-31,1799.8900
2001-06-01,1840.8300
2001-06-04,1838.8400
2001-06-05,1923.9000
2001-06-06,1903.8400
2001-06-07,1963.3101
2001-06-08,1896.2200
2001-06-11,1846.5000
2001-06-12,1852.0300
2001-06-13,1790.2100
2001-06-14,1711.3900
2001-06-15,1701.5300
2001-06-18,1666.4900
2001-06-19,1675.9000
2001-06-20,1721.5601
2001-06-21,1751.2200
2001-06-22,1727.4700
2001-06-25,1743.9000
2001-06-26,1751.6200
2001-06-27,1756.0200
2001-06-28,1808.9399
2001-06-29,1830.1899
2001-07-02,1830.1899
2001-07-03,1822.1600
2001-07-05,1751.0000
2001-07-06,1668.5900
2001-07-09,1697.0500
2001-07-10,1624.9500
2001-07-11,1641.5601
2001-07-12,1750.1300
2001-07-13,1751.1100
2001-07-16,1685.7400
2001-07-17,1729.5500
2001-07-18,1666.8700
2001-07-19,1695.8900
2001-07-20,1676.4600
2001-07-23,1629.9301
2001-07-24,1604.8600
2001-07-25,1627.8600
2001-07-26,1673.3900
2001-07-27,1683.1801
2001-07-30,1670.0300
2001-07-31,1683.6100
2001-08-01,1729.5300
2001-08-02,1751.4500
2001-08-03,1725.9000
2001-08-06,1702.8400
2001-08-07,1696.3700
2001-08-08,1626.2000
2001-08-09,1628.9200
2001-08-10,1617.4500
2001-08-13,1653.2700
2001-08-14,1629.9500
2001-08-15,1572.0300
2001-08-16,1581.9800
2001-08-17,1516.5800
2001-08-20,1535.9900
2001-08-21,1480.7400
2001-08-22,1515.4100
2001-08-23,1496.9800
2001-08-24,1579.6200
2001-08-27,1578.3300
2001-08-28,1526.3000
2001-08-29,1499.7600
2001-08-30,1453.9000
2001-08-31,1469.7000
2001-09-04,1424.1200
2001-09-05,1415.3000
2001-09-06,1361.6899
2001-09-07,1354.2700
2001-09-10,1365.3900
2001-09-17,1252.7000
2001-09-18,1224.6400
2001-09-19,1208.2300
2001-09-20,1166.2700
2001-09-21,1126.9500
2001-09-24,1191.0200
2001-09-25,1187.7700
2001-09-26,1143.4800
2001-09-27,1144.2700
2001-09-28,1168.3700
2001-10-01,1151.2400
2001-10-02,1159.3700
2001-10-03,1249.4100
2001-10-04,1260.6600
2001-10-05,1271.7300
2001-10-08,1279.6300
2001-10-09,1244.5601
2001-10-10,1304.6801
2001-10-11,1389.8700
2001-10-12,1393.8400
2001-10-15,1378.9200
2001-10-16,1404.8101
2001-10-17,1314.8000
2001-10-18,1330.3300
2001-10-19,1347.5900
2001-10-22,1383.0699
2001-10-23,1384.0601
2001-10-24,1424.6899
2001-10-25,1479.0500
2001-10-26,1454.9000
2001-10-29,1374.5800
2001-10-30,1342.2600
2001-10-31,1364.7800
2001-11-01,1424.1500
2001-11-02,1425.7800
2001-11-05,1480.2100
2001-11-06,1523.0900
2001-11-07,1524.6700
2001-11-08,1510.6000
2001-11-09,1514.9600
2001-11-12,1528.7500
2001-11-13,1580.7600
2001-11-14,1585.8900
2001-11-15,1582.5800
2001-11-16,1582.1400
2001-11-19,1617.5800
2001-11-20,1549.7000
2001-11-21,1552.0100
2001-11-23,1577.4700
2001-11-26,1619.6500
2001-11-27,1609.8700
2001-11-28,1557.0300
2001-11-29,1599.3000
2001-11-30,1596.0500
2001-12-03,1567.5400
2001-12-04,1634.2700
2001-12-05,1720.9100
2001-12-06,1717.9700
2001-12-07,1673.9000
2001-12-10,1645.3600
2001-12-11,1661.2700
2001-12-12,1669.9500
2001-12-13,1601.9100
2001-12-14,1605.6700
2001-12-17,1640.3400
2001-12-18,1657.6801
2001-12-19,1628.6899
2001-12-20,1557.3600
2001-12-21,1578.2700
2001-12-24,1577.3101
2001-12-26,1590.8400
2001-12-27,1606.4800
2001-12-28,1621.1300
2001-12-31,1577.0500
2002-01-02,1610.3900
2002-01-03,1666.6600
2002-01-04,1675.0300
2002-01-07,1649.8300
2002-01-08,1666.5800
2002-01-09,1653.7600
2002-01-10,1656.6801
2002-01-11,1634.1700
2002-01-14,1603.7600
2002-01-15,1612.4600
2002-01-16,1558.9800
2002-01-17,1602.3199
2002-01-18,1548.2200
2002-01-22,1501.7800
2002-01-23,1549.2100
2002-01-24,1565.1300
2002-01-25,1558.2600
2002-01-28,1564.8600
2002-01-29,1519.3300
2002-01-30,1538.9399
2002-01-31,1550.1700
2002-02-01,1528.1500
2002-02-04,1479.1700
2002-02-05,1462.8600
2002-02-06,1445.9600
2002-02-07,1413.8600
2002-02-08,1452.1700
2002-02-11,1477.6400
2002-02-12,1464.7600
2002-02-13,1486.7500
2002-02-14,1474.7100
2002-02-15,1436.7000
2002-02-19,1387.2700
2002-02-20,1408.2600
2002-02-21,1348.2500
2002-02-22,1356.1600
2002-02-25,1407.9900
2002-02-26,1401.1899
2002-02-27,1378.4800
2002-02-28,1359.2200
2002-03-01,1435.4100
2002-03-04,1494.7000
2002-03-05,1498.9500
2002-03-06,1519.9500
2002-03-07,1506.8101
2002-03-08,1555.1100
2002-03-11,1553.8000
2002-03-12,1520.5400
2002-03-13,1486.2700
2002-03-14,1477.1899
2002-03-15,1495.4100
2002-03-18,1505.8900
2002-03-19,1504.6700
2002-03-20,1451.0200
2002-03-21,1488.9700
2002-03-22,1470.1000
2002-03-25,1427.6000
2002-03-26,1439.5500
2002-03-27,1436.5100
2002-03-28,1452.8101
2002-04-01,1478.5200
2002-04-02,1410.4100
2002-04-03,1394.2100
2002-04-04,1396.9700
2002-04-05,1376.7200
2002-04-08,1392.9600
2002-04-09,1345.3199
2002-04-10,1363.2900
2002-04-11,1324.6500
2002-04-12,1351.8500
2002-04-15,1355.0900
2002-04-16,1413.9301
2002-04-17,1403.7100
2002-04-18,1395.9000
2002-04-19,1385.0100
2002-04-22,1349.8300
2002-04-23,1322.8101
2002-04-24,1302.3199
2002-04-25,1302.3199
2002-04-26,1250.8900
2002-04-29,1246.7500
2002-04-30,1277.0699
2002-05-01,1267.4399
2002-05-02,1225.3700
2002-05-03,1190.7400
2002-05-06,1161.1600
2002-05-07,1159.2500
2002-05-08,1282.4100
2002-05-09,1240.4100
2002-05-10,1188.7800
2002-05-13,1241.5400
2002-05-14,1305.5500
2002-05-15,1311.0500
2002-05-16,1315.8500
2002-05-17,1325.8000
2002-05-20,1292.2100
2002-05-21,1255.9100
2002-05-22,1264.5100
2002-05-23,1286.7700
2002-05-24,1253.0300
2002-05-28,1244.8199
2002-05-29,1218.6801
2002-05-30,1227.9000
2002-05-31,1208.3400
2002-06-03,1159.1500
2002-06-04,1178.8000
2002-06-05,1195.6000
2002-06-06,1157.6200
2002-06-07,1140.2400
2002-06-10,1135.6200
2002-06-11,1100.9700
2002-06-12,1123.3400
2002-06-13,1106.5400
2002-06-14,1109.6000
2002-06-17,1149.9100
2002-06-18,1138.4700
2002-06-19,1097.5400
2002-06-20,1062.4500
2002-06-21,1035.6300
2002-06-24,1057.6801
2002-06-25,1022.7400
2002-06-26,1027.2200
2002-06-27,1050.6400
2002-06-28,1051.4100
2002-07-01,998.1700
2002-07-02,963.6600
2002-07-03,995.6800
2002-07-05,1060.8900
2002-07-08,1014.3300
2002-07-09,990.2300
2002-07-10,959.0500
2002-07-11,998.0300
2002-07-12,1000.8200
2002-07-15,1021.0200
2002-07-16,1011.3000
2002-07-17,1028.7400
2002-07-18,994.6100
2002-07-19,965.3700
2002-07-22,939.1000
2002-07-23,896.8200
2002-07-24,951.5800
2002-07-25,894.4500
2002-07-26,910.9100
2002-07-29,970.1300
2002-07-30,980.3600
2002-07-31,962.1000
2002-08-01,913.5900
2002-08-02,892.5100
2002-08-05,857.0800
2002-08-06,901.9100
2002-08-07,919.0800
2002-08-08,947.2400
2002-08-09,937.3300
2002-08-12,938.9800
2002-08-13,907.6200
2002-08-14,968.8400
2002-08-15,980.9800
2002-08-16,996.0600
2002-08-19,1026.0601
2002-08-20,1008.0200
2002-08-21,1035.4700
2002-08-22,1049.0300
2002-08-23,1010.4900
2002-08-26,1016.7900
2002-08-27,974.4700
2002-08-28,944.8300
2002-08-29,961.7500
2002-08-30,942.3800
2002-09-03,899.6400
2002-09-04,920.9800
2002-09-05,882.9200
2002-09-06,922.2200
2002-09-09,932.2300
2002-09-10,947.7200
2002-09-11,946.4000
2002-09-12,915.0100
2002-09-13,923.8300
2002-09-16,908.4800
2002-09-17,897.5300
2002-09-18,895.2000
2002-09-19,865.9300
2002-09-20,871.6000
2002-09-23,843.0800
2002-09-24,843.6100
2002-09-25,880.4400
2002-09-26,873.7400
2002-09-27,860.3500
2002-09-30,832.5200
2002-10-01,870.6300
2002-10-02,849.5500
2002-10-03,833.2100
2002-10-04,815.4000
2002-10-07,804.6400
2002-10-08,811.5000
2002-10-09,807.4200
2002-10-10,849.5700
2002-10-11,890.6100
2002-10-14,900.7500
2002-10-15,950.4200
2002-10-16,910.1300
2002-10-17,945.0600
2002-10-18,956.1300
2002-10-21,979.3500
2002-10-22,963.8700
2002-10-23,989.3200
2002-10-24,964.9100
2002-10-25,995.5500
2002-10-28,979.5500
2002-10-29,960.8200
2002-10-30,986.0900
2002-10-31,989.5400
2002-11-01,1019.0600
2002-11-04,1046.9900
2002-11-05,1050.3900
2002-11-06,1065.8600
2002-11-07,1025.7900
2002-11-08,1008.3500
2002-11-11,972.4800
2002-11-12,1001.9400
2002-11-13,1011.9400
2002-11-14,1057.8300
2002-11-15,1061.2800
2002-11-18,1045.1899
2002-11-19,1025.9600
2002-11-20,1070.5300
2002-11-21,1118.1400
2002-11-22,1116.0100
2002-11-25,1127.0601
2002-11-26,1087.4900
2002-11-27,1125.6700
2002-11-29,1116.1000
2002-12-02,1120.4900
2002-12-03,1088.8000
2002-12-04,1069.4399
2002-12-05,1053.0601
2002-12-06,1065.9700
2002-12-09,1014.8400
2002-12-10,1033.0699
2002-12-11,1036.3400
2002-12-12,1039.9500
2002-12-13,1005.8500
2002-12-16,1042.4399
2002-12-17,1040.0100
2002-12-18,1013.6700
2002-12-19,1006.0500
2002-12-20,1013.9000
2002-12-23,1032.3000
2002-12-24,1023.2900
2002-12-26,1016.4600
2002-12-27,997.8500
2002-12-30,989.8900
2002-12-31,984.3700
2003-01-02,1027.8600
2003-01-03,1031.6300
2003-01-06,1061.4800
2003-01-07,1071.8500
2003-01-08,1042.5200
2003-01-09,1076.0500
2003-01-10,1087.3600
2003-01-13,1083.0000
2003-01-14,1094.8700
2003-01-15,1073.6000
2003-01-16,1061.4600
2003-01-17,1017.5800
2003-01-21,1008.9300
2003-01-22,1006.5100
2003-01-23,1032.6700
2003-01-24,996.1800
2003-01-27,986.4100
2003-01-28,1001.4100
2003-01-29,1016.5600
2003-01-30,985.5200
2003-01-31,983.0500
2003-02-03,987.0700
2003-02-04,971.7300
2003-02-05,968.9700
2003-02-06,970.5500
2003-02-07,957.0500
2003-02-10,969.9600
2003-02-11,971.6100
2003-02-12,956.7700
2003-02-13,951.9000
2003-02-14,982.0900
2003-02-18,1014.9100
2003-02-19,1005.8800
2003-02-20,1001.4700
2003-02-21,1015.9200
2003-02-24,994.6900
2003-02-25,999.2800
2003-02-26,974.4900
2003-02-27,994.8000
2003-02-28,1009.7400
2003-03-03,991.0700
2003-03-04,982.9800
2003-03-05,990.2300
2003-03-06,983.9600
2003-03-07,986.8200
2003-03-10,964.2900
2003-03-11,958.8200
2003-03-12,970.5400
2003-03-13,1029.7900
2003-03-14,1030.4500
2003-03-17,1077.0100
2003-03-18,1082.1899
2003-03-19,1074.9700
2003-03-20,1080.2400
2003-03-21,1093.1200
2003-03-24,1047.1000
2003-03-25,1066.5699
2003-03-26,1066.3000
2003-03-27,1061.9301
2003-03-28,1046.7200
2003-03-31,1018.6600
2003-04-01,1022.6300
2003-04-02,1063.4600
2003-04-03,1064.0601
2003-04-04,1050.7000
2003-04-07,1053.2800
2003-04-08,1046.3000
2003-04-09,1023.5200
2003-04-10,1033.1400
2003-04-11,1026.1500
2003-04-14,1048.3101
2003-04-15,1053.0800
2003-04-16,1054.8900
2003-04-17,1083.5601
2003-04-21,1081.0400
2003-04-22,1102.4399
2003-04-23,1112.9301
2003-04-24,1108.1200
2003-04-25,1083.1899
2003-04-28,1107.1300
2003-04-29,1116.7900
2003-04-30,1106.0601
2003-05-01,1113.2100
2003-05-02,1136.3500
2003-05-05,1136.2600
2003-05-06,1152.7800
2003-05-07,1135.8500
2003-05-08,1118.7600
2003-05-09,1143.5500
2003-05-12,1160.4200
2003-05-13,1155.9700
2003-05-14,1148.1400
2003-05-15,1162.9301
2003-05-16,1154.4800
2003-05-19,1112.4900
2003-05-20,1112.8500
2003-05-21,1113.6801
2003-05-22,1131.4500
2003-05-23,1130.0500
2003-05-27,1172.5800
2003-05-28,1173.3101
2003-05-29,1181.8199
2003-05-30,1197.8900
2003-06-02,1185.1300
2003-06-03,1198.5699
2003-06-04,1224.7600
2003-06-05,1231.7200
2003-06-06,1213.1100
2003-06-09,1195.5500
2003-06-10,1212.9900
2003-06-11,1228.2400
2003-06-12,1229.3199
2003-06-13,1203.9100
2003-06-16,1241.5800
2003-06-17,1239.6300
2003-06-18,1247.9000
2003-06-19,1225.8900
2003-06-20,1223.4000
2003-06-23,1200.1700
2003-06-24,1191.7000
2003-06-25,1188.3300
2003-06-26,1214.5800
2003-06-27,1205.2400
2003-06-30,1201.6899
2003-07-01,1217.3700
2003-07-02,1245.7500
2003-07-03,1231.3400
2003-07-07,1281.8900
2003-07-08,1298.3700
2003-07-09,1295.1600
2003-07-10,1268.6500
2003-07-11,1280.5699
2003-07-14,1295.7400
2003-07-15,1294.4700
2003-07-16,1291.9900
2003-07-17,1255.9399
2003-07-18,1259.9100
2003-07-21,1240.7800
2003-07-22,1257.6300
2003-07-23,1268.5200
2003-07-24,1253.7600
2003-07-25,1278.3101
2003-07-28,1280.5300
2003-07-29,1275.1700
2003-07-30,1263.7800
2003-07-31,1276.9399
2003-08-01,1264.3400
2003-08-04,1267.3800
2003-08-05,1229.7200
2003-08-06,1215.1300
2003-08-07,1217.1700
2003-08-08,1207.2800
2003-08-11,1223.1400
2003-08-12,1240.7000
2003-08-13,1240.3700
2003-08-14,1251.9000
2003-08-15,1253.6300
2003-08-18,1284.8101
2003-08-19,1299.6899
2003-08-20,1299.7300
2003-08-21,1314.6500
2003-08-22,1304.5400
2003-08-25,1306.6400
2003-08-26,1309.0500
2003-08-27,1318.9301
2003-08-28,1332.3300
2003-08-29,1341.2000
2003-09-02,1361.0900
2003-09-03,1360.1899
2003-09-04,1373.2600
2003-09-05,1361.9000
2003-09-08,1386.7300
2003-09-09,1370.5601
2003-09-10,1332.2800
2003-09-11,1350.8000
2003-09-12,1357.6300
2003-09-15,1347.7700
2003-09-16,1382.8199
2003-09-17,1376.8000
2003-09-18,1400.1300
2003-09-19,1392.2600
2003-09-22,1366.3199
2003-09-23,1388.1500
2003-09-24,1339.6400
2003-09-25,1325.7500
2003-09-26,1309.3101
2003-09-29,1335.5100
2003-09-30,1303.7000
2003-10-01,1335.3400
2003-10-02,1337.1000
2003-10-03,1375.3199
2003-10-06,1381.7000
2003-10-07,1392.5601
2003-10-08,1382.4000
2003-10-09,1396.9500
2003-10-10,1404.8700
2003-10-13,1414.7200
2003-10-14,1420.6600
2003-10-15,1417.5900
2003-10-16,1426.7100
2003-10-17,1394.0200
2003-10-20,1409.3101
2003-10-21,1422.1300
2003-10-22,1387.4000
2003-10-23,1378.1100
2003-10-24,1370.6100
2003-10-27,1377.4100
2003-10-28,1420.0200
2003-10-29,1419.9200
2003-10-30,1417.3800
2003-10-31,1416.3900
2003-11-03,1443.1300
2003-11-04,1429.3800
2003-11-05,1429.5601
2003-11-06,1440.0800
2003-11-07,1436.7300
2003-11-10,1414.6200
2003-11-11,1409.6400
2003-11-12,1443.5200
2003-11-13,1439.8700
2003-11-14,1407.5100
2003-11-17,1393.7500
2003-11-18,1364.7000
2003-11-19,1378.9000
2003-11-20,1363.4900
2003-11-21,1373.3199
2003-11-24,1419.3101
2003-11-25,1411.3600
2003-11-26,1420.1100
2003-11-28,1424.2500
2003-12-01,1447.0800
2003-12-02,1431.8900
2003-12-03,1419.7700
2003-12-04,1432.3800
2003-12-05,1406.9100
2003-12-08,1418.0500
2003-12-09,1383.6600
2003-12-10,1388.9600
2003-12-11,1416.9600
2003-12-12,1417.2700
2003-12-15,1396.8199
2003-12-16,1403.2800
2003-12-17,1400.0000
2003-12-18,1431.3101
2003-12-19,1426.1700
2003-12-22,1431.7100
2003-12-23,1448.1700
2003-12-24,1443.1899
2003-12-26,1443.8600
2003-12-29,1470.3700
2003-12-30,1470.0100
2003-12-31,1467.9200
2004-01-02,1463.5699
2004-01-05,1496.5800
2004-01-06,1501.2600
2004-01-07,1514.2600
2004-01-08,1530.6500
2004-01-09,1520.4600
2004-01-12,1539.7700
2004-01-13,1524.7800
2004-01-14,1534.0800
2004-01-15,1532.0100
2004-01-16,1553.6200
2004-01-20,1552.8700
2004-01-21,1546.6000
2004-01-22,1530.4200
2004-01-23,1531.2100
2004-01-26,1553.6600
2004-01-27,1519.2300
2004-01-28,1491.5699
2004-01-29,1496.4000
2004-01-30,1493.0800
2004-02-02,1487.8400
2004-02-03,1491.8500
2004-02-04,1462.6100
2004-02-05,1465.0300
2004-02-06,1498.9500
2004-02-09,1490.9100
2004-02-10,1500.2900
2004-02-11,1514.1801
2004-02-12,1501.3400
2004-02-13,1484.4700
2004-02-17,1506.5699
2004-02-18,1507.4900
2004-02-19,1484.8000
2004-02-20,1482.1000
2004-02-23,1463.7500
2004-02-24,1462.0500
2004-02-25,1470.2200
2004-02-26,1477.1300
2004-02-27,1470.3800
2004-03-01,1489.4900
2004-03-02,1473.2200
2004-03-03,1466.0900
2004-03-04,1481.3600
2004-03-05,1472.9900
2004-03-08,1441.1200
2004-03-09,1437.4700
2004-03-10,1417.5000
2004-03-11,1402.2000
2004-03-12,1431.4000
2004-03-15,1399.8700
2004-03-16,1407.0699
2004-03-17,1428.8900
2004-03-18,1417.7700
2004-03-19,1398.5800
2004-03-22,1381.3900
2004-03-23,1370.0400
2004-03-24,1381.8600
2004-03-25,1425.8600
2004-03-26,1415.3900
2004-03-29,1442.3101
2004-03-30,1445.2500
2004-03-31,1438.4100
2004-04-01,1453.2200
2004-04-02,1490.3000
2004-04-05,1508.3700
2004-04-06,1493.5800
2004-04-07,1481.9600
2004-04-08,1485.5100
2004-04-12,1495.9301
2004-04-13,1472.8800
2004-04-14,1475.6600
2004-04-15,1459.4500
2004-04-16,1449.0601
2004-04-19,1473.4800
2004-04-20,1436.9000
2004-04-21,1451.0100
2004-04-22,1485.5000
2004-04-23,1497.0100
2004-04-26,1480.5300
2004-04-27,1479.4700
2004-04-28,1453.0300
2004-04-29,1431.3600
2004-04-30,1401.3600
2004-05-03,1415.2900
2004-05-04,1422.1100
2004-05-05,1428.4200
2004-05-06,1415.6000
2004-05-07,1406.1899
2004-05-10,1397.1000
2004-05-11,1421.8900
2004-05-12,1414.8300
2004-05-13,1417.0900
2004-05-14,1399.8500
2004-05-17,1379.9000
2004-05-18,1397.4700
2004-05-19,1396.3400
2004-05-20,1396.8700
2004-05-21,1408.1700
2004-05-24,1413.9700
2004-05-25,1447.7200
2004-05-26,1453.8700
2004-05-27,1463.1100
2004-05-28,1466.2200
2004-06-01,1468.5400
2004-06-02,1464.2200
2004-06-03,1445.2100
2004-06-04,1455.0400
2004-06-07,1491.4500
2004-06-08,1495.9700
2004-06-09,1469.5000
2004-06-10,1481.2700
2004-06-14,1458.6400
2004-06-15,1479.2000
2004-06-16,1479.9900
2004-06-17,1464.0300
2004-06-18,1464.6500
2004-06-21,1453.2300
2004-06-22,1474.8700
2004-06-23,1493.5200
2004-06-24,1488.3101
2004-06-25,1498.3800
2004-06-28,1493.0699
2004-06-29,1505.6500
2004-06-30,1516.6400
2004-07-01,1489.5699
2004-07-02,1481.1899
2004-07-06,1445.7100
2004-07-07,1452.4900
2004-07-08,1431.1300
2004-07-09,1440.0000
2004-07-12,1432.1100
2004-07-13,1428.6801
2004-07-14,1416.0500
2004-07-15,1415.9200
2004-07-16,1392.1700
2004-07-19,1396.7700
2004-07-20,1421.0699
2004-07-21,1386.5699
2004-07-22,1408.5100
2004-07-23,1375.4800
2004-07-26,1368.4000
2004-07-27,1391.5000
2004-07-28,1383.7500
2004-07-29,1398.5500
2004-07-30,1400.3900
2004-08-02,1406.3300
2004-08-03,1379.1400
2004-08-04,1379.2100
2004-08-05,1353.4399
2004-08-06,1315.3000
2004-08-09,1318.8300
2004-08-10,1346.7100
2004-08-11,1324.6500
2004-08-12,1304.4301
2004-08-13,1307.8199
2004-08-16,1326.8400
2004-08-17,1335.7200
2004-08-18,1363.7300
2004-08-19,1353.2400
2004-08-20,1366.7300
2004-08-23,1370.9000
2004-08-24,1369.7800
2004-08-25,1389.1700
2004-08-26,1383.9800
2004-08-27,1388.5601
2004-08-30,1367.9399
2004-08-31,1368.6801
2004-09-01,1377.9600
2004-09-02,1398.3400
2004-09-03,1371.8199
2004-09-07,1381.8400
2004-09-08,1376.7700
2004-09-09,1391.5300
2004-09-10,1413.0000
2004-09-13,1427.3400
2004-09-14,1434.3700
2004-09-15,1415.3000
2004-09-16,1417.9700
2004-09-17,1426.3000
2004-09-20,1424.7200
2004-09-21,1435.9100
2004-09-22,1404.2200
2004-09-23,1405.7700
2004-09-24,1399.0500
2004-09-27,1385.5500
2004-09-28,1389.7000
2004-09-29,1410.8600
2004-09-30,1412.7400
2004-10-01,1452.9399
2004-10-04,1459.0100
2004-10-05,1461.7600
2004-10-06,1474.3600
2004-10-07,1455.7700
2004-10-08,1430.9600
2004-10-11,1437.7300
2004-10-12,1435.0000
2004-10-13,1434.4600
2004-10-14,1425.2100
2004-10-15,1430.9800
2004-10-18,1457.3101
2004-10-19,1443.8000
2004-10-20,1452.2600
2004-10-21,1474.7900
2004-10-22,1438.2500
2004-10-25,1432.5699
2004-10-26,1442.1400
2004-10-27,1480.0300
2004-10-28,1487.1200
2004-10-29,1486.7200
2004-11-01,1488.7900
2004-11-02,1494.8300
2004-11-03,1503.8900
2004-11-04,1516.2000
2004-11-05,1525.2400
2004-11-08,1527.1300
2004-11-09,1527.0000
2004-11-10,1517.0601
2004-11-11,1541.7000
2004-11-12,1558.4100
2004-11-15,1560.9600
2004-11-16,1548.5300
2004-11-17,1571.1200
2004-11-18,1580.8101
2004-11-19,1552.1100
2004-11-22,1568.2800
2004-11-23,1562.6000
2004-11-24,1582.5500
2004-11-26,1578.2600
2004-11-29,1580.4399
2004-11-30,1571.5000
2004-12-01,1607.1500
2004-12-02,1613.1500
2004-12-03,1614.4000
2004-12-06,1619.5900
2004-12-07,1589.3300
2004-12-08,1601.9100
2004-12-09,1609.7900
2004-12-10,1605.1600
2004-12-13,1621.1600
2004-12-14,1627.4600
2004-12-15,1623.6300
2004-12-16,1607.6200
2004-12-17,1596.6100
2004-12-20,1591.9700
2004-12-21,1609.2600
2004-12-22,1613.5699
2004-12-23,1613.7700
2004-12-27,1607.5900
2004-12-28,1624.1899
2004-12-29,1624.9500
2004-12-30,1623.7600
2004-12-31,1621.1200
2005-01-03,1603.5100
2005-01-04,1571.8300
2005-01-05,1563.7600
2005-01-06,1557.5200
2005-01-07,1564.8101
2005-01-10,1564.9200
2005-01-11,1553.4000
2005-01-12,1565.7800
2005-01-13,1545.1801
2005-01-14,1561.1100
2005-01-18,1573.4900
2005-01-19,1545.6500
2005-01-20,1514.5601
2005-01-21,1503.6400
2005-01-24,1480.6600
2005-01-25,1490.5699
2005-01-26,1509.0100
2005-01-27,1507.5500
2005-01-28,1499.4600
2005-01-31,1519.6300
2005-02-01,1523.6600
2005-02-02,1525.1000
2005-02-03,1508.2400
2005-02-04,1534.4900
2005-02-07,1529.0500
2005-02-08,1532.6899
2005-02-09,1506.8101
2005-02-10,1506.8300
2005-02-11,1530.5100
2005-02-14,1538.2100
2005-02-15,1547.3000
2005-02-16,1542.4100
2005-02-17,1519.2900
2005-02-18,1515.4000
2005-02-22,1494.0699
2005-02-23,1497.0900
2005-02-24,1517.7100
2005-02-25,1526.9000
2005-02-28,1511.0200
2005-03-01,1527.2500
2005-03-02,1525.2800
2005-03-03,1511.8900
2005-03-04,1520.5800
2005-03-07,1545.2000
2005-03-08,1528.6500
2005-03-09,1521.9800
2005-03-10,1524.3800
2005-03-11,1505.6400
2005-03-14,1515.0900
2005-03-15,1502.0601
2005-03-16,1486.2300
2005-03-17,1487.6300
2005-03-18,1484.4000
2005-03-21,1484.4500
2005-03-22,1465.0900
2005-03-23,1471.7700
2005-03-24,1469.9399
2005-03-28,1472.7100
2005-03-29,1464.3400
2005-03-30,1491.7400
2005-03-31,1482.5300
2005-04-01,1469.3500
2005-04-04,1476.7200
2005-04-05,1483.7500
2005-04-06,1480.6700
2005-04-07,1499.7100
2005-04-08,1485.6000
2005-04-11,1478.5500
2005-04-12,1489.1600
2005-04-13,1461.6801
2005-04-14,1441.1300
2005-04-15,1408.5900
2005-04-18,1409.9800
2005-04-19,1420.8000
2005-04-20,1406.8500
2005-04-21,1447.3700
2005-04-22,1421.2100
2005-04-25,1437.3101
2005-04-26,1420.4301
2005-04-27,1423.7600
2005-04-28,1409.2900
2005-04-29,1420.7900
2005-05-02,1423.7100
2005-05-03,1427.6100
2005-05-04,1452.2000
2005-05-05,1450.1600
2005-05-06,1456.0000
2005-05-09,1463.3800
2005-05-10,1450.3600
2005-05-11,1459.5500
2005-05-12,1454.7900
2005-05-13,1470.6300
2005-05-16,1480.6801
2005-05-17,1490.1400
2005-05-18,1509.2600
2005-05-19,1521.4301
2005-05-20,1528.0601
2005-05-23,1535.2200
2005-05-24,1540.4700
2005-05-25,1532.7100
2005-05-26,1548.8000
2005-05-27,1549.8000
2005-05-31,1542.6300
2005-06-01,1559.5000
2005-06-02,1568.9600
2005-06-03,1544.4800
2005-06-06,1545.2700
2005-06-07,1531.1200
2005-06-08,1527.6801
2005-06-09,1539.4600
2005-06-10,1521.0200
2005-06-13,1529.1300
2005-06-14,1524.4200
2005-06-15,1529.4900
2005-06-16,1537.4200
2005-06-17,1538.1300
2005-06-20,1537.3101
2005-06-21,1536.4800
2005-06-22,1534.3600
2005-06-23,1515.9500
2005-06-24,1500.1801
2005-06-27,1493.7500
2005-06-28,1508.6100
2005-06-29,1504.1100
2005-06-30,1493.5200
2005-07-01,1490.5300
2005-07-05,1506.3500
2005-07-06,1498.0500
2005-07-07,1503.7800
2005-07-08,1533.2700
2005-07-11,1547.6600
2005-07-12,1555.5900
2005-07-13,1557.6200
2005-07-14,1573.4399
2005-07-15,1577.8199
2005-07-18,1570.0900
2005-07-19,1590.4900
2005-07-20,1602.7500
2005-07-21,1601.8900
2005-07-22,1600.7600
2005-07-25,1593.5699
2005-07-26,1598.9301
2005-07-27,1611.9500
2005-07-28,1618.6400
2005-07-29,1605.1400
2005-08-01,1610.1100
2005-08-02,1627.0100
2005-08-03,1627.1899
2005-08-04,1608.7400
2005-08-05,1601.5900
2005-08-08,1589.9700
2005-08-09,1601.1400
2005-08-10,1585.7100
2005-08-11,1600.6500
2005-08-12,1591.7500
2005-08-15,1600.7100
2005-08-16,1574.0100
2005-08-17,1582.2900
2005-08-18,1575.7600
2005-08-19,1573.7200
2005-08-22,1575.5900
2005-08-23,1571.3000
2005-08-24,1561.7100
2005-08-25,1565.8800
2005-08-26,1558.8400
2005-08-29,1571.5200
2005-08-30,1565.7300
2005-08-31,1581.7100
2005-09-01,1577.2500
2005-09-02,1573.1200
2005-09-06,1597.2700
2005-09-07,1599.8600
2005-09-08,1597.6801
2005-09-09,1607.8300
2005-09-12,1612.2000
2005-09-13,1607.3800
2005-09-14,1589.6300
2005-09-15,1588.5500
2005-09-16,1599.4399
2005-09-19,1586.0500
2005-09-20,1578.2000
2005-09-21,1561.8400
2005-09-22,1567.3600
2005-09-23,1571.7500
2005-09-26,1572.8600
2005-09-27,1568.8400
2005-09-28,1568.8101
2005-09-29,1589.9301
2005-09-30,1601.6600
2005-10-03,1605.5900
2005-10-04,1595.5400
2005-10-05,1571.5200
2005-10-06,1552.9399
2005-10-07,1555.9200
2005-10-10,1546.9900
2005-10-11,1539.3101
2005-10-12,1521.1899
2005-10-13,1533.8000
2005-10-14,1544.2900
2005-10-17,1549.8800
2005-10-18,1538.4301
2005-10-19,1569.6100
2005-10-20,1555.5900
2005-10-21,1565.1200
2005-10-24,1590.6500
2005-10-25,1585.8199
2005-10-26,1575.1400
2005-10-27,1543.3800
2005-10-28,1557.1100
2005-10-31,1579.1801
2005-11-01,1576.5200
2005-11-02,1597.2900
2005-11-03,1619.6700
2005-11-04,1628.0300
2005-11-07,1629.2700
2005-11-08,1628.4000
2005-11-09,1630.2100
2005-11-10,1650.9301
2005-11-11,1653.3600
2005-11-14,1651.9000
2005-11-15,1644.3101
2005-11-16,1651.4500
2005-11-17,1676.3900
2005-11-18,1679.8500
2005-11-21,1686.2300
2005-11-22,1694.1400
2005-11-23,1696.7700
2005-11-25,1701.0500
2005-11-28,1684.3900
2005-11-29,1676.8400
2005-11-30,1672.5601
2005-12-01,1704.2800
2005-12-02,1709.1000
2005-12-05,1694.7700
2005-12-06,1701.3500
2005-12-07,1697.0400
2005-12-08,1685.5900
2005-12-09,1692.6200
2005-12-12,1698.3500
2005-12-13,1705.7700
2005-12-14,1698.9800
2005-12-15,1701.7000
2005-12-16,1688.6801
2005-12-19,1664.3600
2005-12-20,1665.0699
2005-12-21,1670.6100
2005-12-22,1683.3500
2005-12-23,1682.9200
2005-12-27,1668.3700
2005-12-28,1667.1000
2005-12-29,1655.3600
2005-12-30,1645.2000
2006-01-03,1679.9301
2006-01-04,1695.8300
2006-01-05,1705.2900
2006-01-06,1734.9900
2006-01-09,1741.9000
2006-01-10,1744.0200
2006-01-11,1758.2400
2006-01-12,1747.3500
2006-01-13,1746.7800
2006-01-17,1736.3900
2006-01-18,1716.6200
2006-01-19,1729.9200
2006-01-20,1676.3800
2006-01-23,1676.3000
2006-01-24,1686.2200
2006-01-25,1677.0000
2006-01-26,1690.4900
2006-01-27,1711.1100
2006-01-30,1713.4500
2006-01-31,1710.7500
2006-02-01,1713.0200
2006-02-02,1685.7700
2006-02-03,1664.5300
2006-02-06,1657.5400
2006-02-07,1651.8400
2006-02-08,1670.4700
2006-02-09,1654.0800
2006-02-10,1663.7500
2006-02-13,1645.8300
2006-02-14,1661.9500
2006-02-15,1673.1500
2006-02-16,1688.6100
2006-02-17,1675.2100
2006-02-21,1655.6801
2006-02-22,1677.5200
2006-02-23,1672.2900
2006-02-24,1676.5000
2006-02-27,1695.6600
2006-02-28,1670.5699
2006-03-01,1694.5800
2006-03-02,1693.7800
2006-03-03,1684.3199
2006-03-06,1669.9399
2006-03-07,1661.0200
2006-03-08,1661.8600
2006-03-09,1645.0900
2006-03-10,1648.2300
2006-03-13,1653.7900
2006-03-14,1681.1500
2006-03-15,1694.4600
2006-03-16,1679.0500
2006-03-17,1685.6600
2006-03-20,1688.9800
2006-03-21,1672.4700
2006-03-22,1676.3199
2006-03-23,1670.7300
2006-03-24,1679.8101
2006-03-27,1680.6300
2006-03-28,1673.0300
2006-03-29,1703.8400
2006-03-30,1708.6801
2006-03-31,1703.6600
2006-04-03,1706.7700
2006-04-04,1716.5500
2006-04-05,1732.7400
2006-04-06,1739.2000
2006-04-07,1723.0300
2006-04-10,1718.8600
2006-04-11,1704.4000
2006-04-12,1704.7500
2006-04-13,1712.0699
2006-04-17,1694.3199
2006-04-18,1726.6400
2006-04-19,1734.0400
2006-04-20,1728.9000
2006-04-21,1709.0200
2006-04-24,1706.4399
2006-04-25,1701.4700
2006-04-26,1702.2000
2006-04-27,1717.1400
2006-04-28,1700.7100
2006-05-01,1686.6100
2006-05-02,1689.9301
2006-05-03,1686.3000
2006-05-04,1701.0300
2006-05-05,1713.8400
2006-05-08,1715.2300
2006-05-09,1711.1700
2006-05-10,1694.8199
2006-05-11,1657.4800
2006-05-12,1635.8101
2006-05-15,1634.7800
2006-05-16,1623.6899
2006-05-17,1598.9100
2006-05-18,1587.1100
2006-05-19,1600.8600
2006-05-22,1584.5699
2006-05-23,1569.0100
2006-05-24,1580.1801
2006-05-25,1599.6801
2006-05-26,1606.3700
2006-05-30,1571.2900
2006-05-31,1579.5800
2006-06-01,1616.5699
2006-06-02,1612.9000
2006-06-05,1577.5000
2006-06-06,1575.3900
2006-06-07,1565.2200
2006-06-08,1561.5500
2006-06-09,1550.9700
2006-06-12,1520.3101
2006-06-13,1516.8500
2006-06-14,1530.2600
2006-06-15,1573.0800
2006-06-16,1562.8400
2006-06-19,1548.9399
2006-06-20,1548.3199
2006-06-21,1573.5601
2006-06-22,1554.4900
2006-06-23,1551.0500
2006-06-26,1556.1700
2006-06-27,1527.0000
2006-06-28,1538.2500
2006-06-29,1585.5601
2006-06-30,1575.2300
2006-07-03,1586.2500
2006-07-05,1553.9500
2006-07-06,1551.5500
2006-07-07,1533.7100
2006-07-10,1520.9000
2006-07-11,1533.0601
2006-07-12,1501.4600
2006-07-13,1478.1600
2006-07-14,1462.1700
2006-07-17,1468.5000
2006-07-18,1472.3400
2006-07-19,1490.6000
2006-07-20,1466.8900
2006-07-21,1451.8800
2006-07-24,1482.3400
2006-07-25,1489.5200
2006-07-26,1487.8800
2006-07-27,1478.5300
2006-07-28,1510.3000
2006-07-31,1509.4301
2006-08-01,1484.9399
2006-08-02,1500.4800
2006-08-03,1510.6000
2006-08-04,1503.8400
2006-08-07,1494.1300
2006-08-08,1484.8000
2006-08-09,1485.6400
2006-08-10,1496.2800
2006-08-11,1486.7400
2006-08-14,1494.3300
2006-08-15,1534.4301
2006-08-16,1570.0601
2006-08-17,1573.5900
2006-08-18,1576.4600
2006-08-21,1561.1200
2006-08-22,1563.4301
2006-08-23,1550.4100
2006-08-24,1555.1899
2006-08-25,1557.7000
2006-08-28,1570.2900
2006-08-29,1573.6500
2006-08-30,1581.9500
2006-08-31,1579.7300
2006-09-01,1589.4700
2006-09-05,1603.6899
2006-09-06,1572.2000
2006-09-07,1564.8400
2006-09-08,1574.7100
2006-09-11,1583.7800
2006-09-12,1615.7500
2006-09-13,1623.9900
2006-09-14,1625.9800
2006-09-15,1632.4399
2006-09-18,1632.1700
2006-09-19,1621.0699
2006-09-20,1645.3500
2006-09-21,1634.8700
2006-09-22,1622.3700
2006-09-25,1650.3700
2006-09-26,1659.2000
2006-09-27,1655.6700
2006-09-28,1661.5900
2006-09-29,1654.1300
2006-10-02,1632.8101
2006-10-03,1640.2900
2006-10-04,1681.1400
2006-10-05,1689.4301
2006-10-06,1684.8800
2006-10-09,1691.0800
2006-10-10,1693.2900
2006-10-11,1691.2800
2006-10-12,1718.5400
2006-10-13,1727.2100
2006-10-16,1727.6100
2006-10-17,1709.6100
2006-10-18,1700.7500
2006-10-19,1706.3700
2006-10-20,1709.5800
2006-10-23,1725.9301
2006-10-24,1713.8800
2006-10-25,1726.7600
2006-10-26,1744.0699
2006-10-27,1717.6100
2006-10-30,1727.8000
2006-10-31,1732.5400
2006-11-01,1707.6500
2006-11-02,1710.1700
2006-11-03,1703.9800
2006-11-06,1732.2600
2006-11-07,1741.5300
2006-11-08,1749.7500
2006-11-09,1740.1400
2006-11-10,1751.1100
2006-11-13,1768.0000
2006-11-14,1787.2300
2006-11-15,1793.8199
2006-11-16,1801.9700
2006-11-17,1800.6700
2006-11-20,1803.8101
2006-11-21,1808.8800
2006-11-22,1819.7600
2006-11-24,1815.5300
2006-11-27,1775.1700
2006-11-28,1780.3400
2006-11-29,1792.7700
2006-11-30,1791.2500
2006-12-01,1775.1200
2006-12-04,1799.9301
2006-12-05,1804.8500
2006-12-06,1799.1300
2006-12-07,1777.4600
2006-12-08,1786.2100
2006-12-11,1791.7400
2006-12-12,1781.9700
2006-12-13,1783.4399
2006-12-14,1803.4100
2006-12-15,1808.5601
2006-12-18,1790.9900
2006-12-19,1785.1200
2006-12-20,1777.9200
2006-12-21,1766.2800
2006-12-22,1748.6100
2006-12-26,1753.5500
2006-12-27,1763.4100
2006-12-28,1758.9399
2006-12-29,1756.9000
2007-01-03,1759.3700
2007-01-04,1792.9100
2007-01-05,1785.3000
2007-01-08,1787.1400
2007-01-09,1795.6300
2007-01-10,1816.1500
2007-01-11,1834.8600
2007-01-12,1844.8101
2007-01-16,1842.4399
2007-01-17,1827.6801
2007-01-18,1793.6801
2007-01-19,1796.8101
2007-01-22,1779.0200
2007-01-23,1773.4000
2007-01-24,1802.6300
2007-01-25,1777.7500
2007-01-26,1772.9700
2007-01-29,1775.0800
2007-01-30,1777.7600
2007-01-31,1792.2800
2007-02-01,1791.4500
2007-02-02,1798.1300
2007-02-05,1795.3900
2007-02-06,1793.0601
2007-02-07,1810.9500
2007-02-08,1810.5400
2007-02-09,1785.5300
2007-02-12,1778.4200
2007-02-13,1783.8199
2007-02-14,1814.9800
2007-02-15,1823.4100
2007-02-16,1821.4900
2007-02-20,1833.7100
2007-02-21,1839.1300
2007-02-22,1846.3400
2007-02-23,1839.7700
2007-02-26,1830.5900
2007-02-27,1756.2700
2007-02-28,1761.6000
2007-03-01,1753.4500
2007-03-02,1726.0300
2007-03-05,1712.9399
2007-03-06,1743.1000
2007-03-07,1736.1000
2007-03-08,1746.4301
2007-03-09,1744.7400
2007-03-12,1756.4200
2007-03-13,1722.4800
2007-03-14,1743.1500
2007-03-15,1744.8700
2007-03-16,1742.2300
2007-03-19,1758.2300
2007-03-20,1767.2500
2007-03-21,1806.3500
2007-03-22,1799.7500
2007-03-23,1794.0400
2007-03-26,1802.9500
2007-03-27,1789.9301
2007-03-28,1770.5400
2007-03-29,1771.7200
2007-03-30,1772.3600
2007-04-02,1773.3300
2007-04-03,1796.3101
2007-04-04,1801.7400
2007-04-05,1812.9399
2007-04-09,1808.1899
2007-04-10,1816.9301
2007-04-11,1798.0900
2007-04-12,1813.4900
2007-04-13,1816.8500
2007-04-16,1833.9600
2007-04-17,1834.9100
2007-04-18,1832.3900
2007-04-19,1832.4700
2007-04-20,1845.8900
2007-04-23,1850.1801
2007-04-24,1858.8700
2007-04-25,1881.3300
2007-04-26,1889.5699
2007-04-27,1891.0601
2007-04-30,1867.7500
2007-05-01,1873.4301
2007-05-02,1889.7300
2007-05-03,1895.6400
2007-05-04,1895.7000
2007-05-07,1895.9600
2007-05-08,1899.8300
2007-05-09,1905.6500
2007-05-10,1875.2000
2007-05-11,1898.7900
2007-05-14,1888.0800
2007-05-15,1871.7900
2007-05-16,1891.5699
2007-05-17,1884.6801
2007-05-18,1896.9301
2007-05-21,1911.1600
2007-05-22,1916.4500
2007-05-23,1904.4100
2007-05-24,1874.6000
2007-05-25,1889.2500
2007-05-29,1899.7900
2007-05-30,1918.0800
2007-05-31,1928.1899
2007-06-01,1928.2600
2007-06-04,1933.7300
2007-06-05,1932.3500
2007-06-06,1914.8500
2007-06-07,1882.1700
2007-06-08,1906.2600
2007-06-11,1901.9600
2007-06-12,1890.6700
2007-06-13,1913.8700
2007-06-14,1924.5400
2007-06-15,1942.4100
2007-06-18,1944.3700
2007-06-19,1941.7500
2007-06-20,1922.1200
2007-06-21,1941.3199
2007-06-22,1921.9399
2007-06-25,1912.9000
2007-06-26,1908.6400
2007-06-27,1933.0601
2007-06-28,1931.6700
2007-06-29,1934.1000
2007-07-02,1954.1200
2007-07-03,1965.2000
2007-07-05,1981.0601
2007-07-06,1988.3101
2007-07-09,1989.2000
2007-07-10,1971.8900
2007-07-11,1984.0800
2007-07-12,2021.0300
2007-07-13,2032.1600
2007-07-16,2028.0200
2007-07-17,2041.7800
2007-07-18,2037.9800
2007-07-19,2052.9900
2007-07-20,2035.8800
2007-07-23,2036.3300
2007-07-24,2000.5500
2007-07-25,2011.1400
2007-07-26,1986.6000
2007-07-27,1956.1899
2007-07-30,1973.9301
2007-07-31,1932.0601
2007-08-01,1945.0800
2007-08-02,1966.6000
2007-08-03,1918.5601
2007-08-06,1954.3700
2007-08-07,1961.6400
2007-08-08,1987.3400
2007-08-09,1936.7600
2007-08-10,1925.1400
2007-08-13,1934.4100
2007-08-14,1901.3199
2007-08-15,1864.9200
2007-08-16,1846.0900
2007-08-17,1888.7800
2007-08-20,1893.0500
2007-08-21,1910.9900
2007-08-22,1936.7700
2007-08-23,1931.8800
2007-08-24,1961.3800
2007-08-27,1947.4900
2007-08-28,1899.2400
2007-08-29,1954.8500
2007-08-30,1963.7500
2007-08-31,1988.7300
2007-09-04,2020.5100
2007-09-05,1994.3800
2007-09-06,1998.6700
2007-09-07,1958.3500
2007-09-10,1960.2000
2007-09-11,1988.9800
2007-09-12,1988.9600
2007-09-13,1998.6300
2007-09-14,2000.8199
2007-09-17,1983.0800
2007-09-18,2035.3700
2007-09-19,2041.3600
2007-09-20,2032.6100
2007-09-21,2049.4800
2007-09-24,2057.2500
2007-09-25,2076.8301
2007-09-26,2088.3799
2007-09-27,2096.3899
2007-09-28,2091.1101
2007-10-01,2116.9700
2007-10-02,2115.8899
2007-10-03,2103.0100
2007-10-04,2105.5601
2007-10-05,2149.6699
2007-10-08,2163.2600
2007-10-09,2171.2100
2007-10-10,2176.9800
2007-10-11,2140.9199
2007-10-12,2177.9900
2007-10-15,2158.9199
2007-10-16,2151.1399
2007-10-17,2179.1399
2007-10-18,2187.5200
2007-10-19,2131.0801
2007-10-22,2157.4500
2007-10-23,2205.1799
2007-10-24,2188.5901
2007-10-25,2161.5200
2007-10-26,2194.5901
2007-10-29,2203.4199
2007-10-30,2207.6101
2007-10-31,2238.9800
2007-11-01,2197.0701
2007-11-02,2213.8601
2007-11-05,2200.4800
2007-11-06,2223.9700
2007-11-07,2169.4299
2007-11-08,2106.1599
2007-11-09,2034.3000
2007-11-12,1982.1600
2007-11-13,2066.0801
2007-11-14,2038.0500
2007-11-15,2024.0300
2007-11-16,2048.6201
2007-11-19,2021.1400
2007-11-20,2029.9399
2007-11-21,2006.3800
2007-11-23,2028.9000
2007-11-26,1989.3600
2007-11-27,2033.7600
2007-11-28,2095.3899
2007-11-29,2102.4199
2007-11-30,2089.1001
2007-12-03,2067.4500
2007-12-04,2059.0601
2007-12-05,2099.3101
2007-12-06,2127.6499
2007-12-07,2130.0000
2007-12-10,2134.8799
2007-12-11,2083.7200
2007-12-12,2101.3601
2007-12-13,2094.6799
2007-12-14,2072.1101
2007-12-17,2020.8000
2007-12-18,2029.4900
2007-12-19,2031.0000
2007-12-20,2069.6799
2007-12-21,2111.7700
2007-12-24,2128.6201
2007-12-26,2136.9399
2007-12-27,2106.0901
2007-12-28,2107.0500
2007-12-31,2084.9299
2008-01-02,2049.7100
2008-01-03,2051.7600
2008-01-04,1963.5200
2008-01-07,1957.4399
2008-01-08,1910.3300
2008-01-09,1949.2000
2008-01-10,1953.6400
2008-01-11,1912.8101
2008-01-14,1949.1500
2008-01-15,1894.0900
2008-01-16,1872.2900
2008-01-17,1842.1000
2008-01-18,1844.0900
2008-01-22,1795.6100
2008-01-23,1789.5300
2008-01-24,1826.9200
2008-01-25,1789.1700
2008-01-28,1805.0800
2008-01-29,1807.6700
2008-01-30,1808.5100
2008-01-31,1841.4200
2008-02-01,1855.2700
2008-02-04,1828.8000
2008-02-05,1773.4900
2008-02-06,1740.9500
2008-02-07,1753.3000
2008-02-08,1773.7400
2008-02-11,1793.0900
2008-02-12,1780.5400
2008-02-13,1823.0000
2008-02-14,1787.5900
2008-02-15,1780.3800
2008-02-19,1764.8101
2008-02-20,1787.4500
2008-02-21,1766.3000
2008-02-22,1773.4399
2008-02-25,1785.4600
2008-02-26,1791.3101
2008-02-27,1799.9399
2008-02-28,1794.4600
2008-02-29,1745.2700
2008-03-03,1733.2700
2008-03-04,1743.7000
2008-03-05,1753.5699
2008-03-06,1712.5000
2008-03-07,1707.5000
2008-03-10,1673.0300
2008-03-11,1740.9500
2008-03-12,1735.1801
2008-03-13,1750.4000
2008-03-14,1713.8300
2008-03-17,1687.1899
2008-03-18,1761.0500
2008-03-19,1715.5900
2008-03-20,1751.9900
2008-03-24,1814.4000
2008-03-25,1824.5400
2008-03-26,1817.2800
2008-03-27,1777.8900
2008-03-28,1767.5699
2008-03-31,1781.9301
2008-04-01,1855.4800
2008-04-02,1848.8000
2008-04-03,1855.1899
2008-04-04,1865.8700
2008-04-07,1860.8300
2008-04-08,1846.1400
2008-04-09,1826.1899
2008-04-10,1852.9700
2008-04-11,1798.7200
2008-04-14,1790.9301
2008-04-15,1794.7300
2008-04-16,1846.8900
2008-04-17,1840.8800
2008-04-18,1900.2800
2008-04-21,1913.1200
2008-04-22,1881.6500
2008-04-23,1906.6600
2008-04-24,1924.5800
2008-04-25,1918.5800
2008-04-28,1923.2600
2008-04-29,1933.6000
2008-04-30,1917.7000
2008-05-01,1980.4399
2008-05-02,1981.8700
2008-05-05,1975.8199
2008-05-06,1990.6100
2008-05-07,1951.4200
2008-05-08,1966.8600
2008-05-09,1960.2900
2008-05-12,1997.0200
2008-05-13,2000.6100
2008-05-14,1997.3000
2008-05-15,2031.3400
2008-05-16,2031.2700
2008-05-19,2016.6000
2008-05-20,2000.6700
2008-05-21,1956.8000
2008-05-22,1964.9200
2008-05-23,1958.9600
2008-05-27,1995.4399
2008-05-28,2000.0699
2008-05-29,2019.0200
2008-05-30,2032.5699
2008-06-02,2006.8400
2008-06-03,1996.7900
2008-06-04,2021.4500
2008-06-05,2055.1101
2008-06-06,1990.3900
2008-06-09,1979.7100
2008-06-10,1972.5400
2008-06-11,1924.3300
2008-06-12,1924.2600
2008-06-13,1966.0100
2008-06-16,1984.7600
2008-06-17,1972.8199
2008-06-18,1951.1000
2008-06-19,1982.6899
2008-06-20,1928.3900
2008-06-23,1913.3101
2008-06-24,1903.7400
2008-06-25,1933.8600
2008-06-26,1855.3900
2008-06-27,1855.7200
2008-06-30,1837.0900
2008-07-01,1862.7100
2008-07-02,1816.1500
2008-07-03,1816.3500
2008-07-07,1826.9301
2008-07-08,1871.2800
2008-07-09,1819.1801
2008-07-10,1839.5699
2008-07-11,1810.8800
2008-07-14,1798.0300
2008-07-15,1798.3500
2008-07-16,1843.8700
2008-07-17,1853.4700
2008-07-18,1823.2300
2008-07-21,1819.7600
2008-07-22,1821.6200
2008-07-23,1845.5601
2008-07-24,1816.9800
2008-07-25,1846.5500
2008-07-28,1802.9900
2008-07-29,1845.5500
2008-07-30,1852.8000
2008-07-31,1849.1500
2008-08-01,1826.5601
2008-08-04,1804.8400
2008-08-05,1869.7600
2008-08-06,1895.2100
2008-08-07,1880.0900
2008-08-08,1926.2300
2008-08-11,1941.2300
2008-08-12,1941.0699
2008-08-13,1942.0200
2008-08-14,1964.3800
2008-08-15,1957.5601
2008-08-18,1932.7000
2008-08-19,1908.6801
2008-08-20,1913.0200
2008-08-21,1906.7400
2008-08-22,1931.4700
2008-08-25,1889.7200
2008-08-26,1886.3199
2008-08-27,1900.3000
2008-08-28,1915.1200
2008-08-29,1872.5400
2008-09-02,1850.1400
2008-09-03,1833.0900
2008-09-04,1774.7800
2008-09-05,1768.2300
2008-09-08,1762.9500
2008-09-09,1721.5500
2008-09-10,1738.0699
2008-09-11,1773.6500
2008-09-12,1767.1300
2008-09-15,1705.4600
2008-09-16,1724.0800
2008-09-17,1632.4500
2008-09-18,1697.4200
2008-09-19,1745.0601
2008-09-22,1665.9399
2008-09-23,1648.4000
2008-09-24,1661.3300
2008-09-25,1687.5500
2008-09-26,1672.0400
2008-09-29,1496.1500
2008-09-30,1594.6300
2008-10-01,1563.8000
2008-10-02,1491.1100
2008-10-03,1470.8400
2008-10-06,1411.2800
2008-10-07,1329.9800
2008-10-08,1330.6100
2008-10-09,1275.1000
2008-10-10,1269.8000
2008-10-13,1429.5400
2008-10-14,1364.5900
2008-10-15,1244.2300
2008-10-16,1312.9700
2008-10-17,1311.7200
2008-10-20,1352.7600
2008-10-21,1283.4301
2008-10-22,1237.0900
2008-10-23,1239.1600
2008-10-24,1202.2700
2008-10-27,1169.7800
2008-10-28,1297.5699
2008-10-29,1302.1200
2008-10-30,1333.9399
2008-10-31,1334.7800
2008-11-03,1334.7500
2008-11-04,1378.4000
2008-11-05,1299.9800
2008-11-06,1241.9700
2008-11-07,1271.6200
2008-11-10,1251.0000
2008-11-11,1225.5900
2008-11-12,1165.3800
2008-11-13,1240.9301
2008-11-14,1179.6300
2008-11-17,1151.9600
2008-11-18,1155.7500
2008-11-19,1087.6000
2008-11-20,1036.5100
2008-11-21,1085.5699
2008-11-24,1154.3400
2008-11-25,1142.5800
2008-11-26,1193.0900
2008-11-28,1185.7500
2008-12-01,1091.1600
2008-12-02,1130.0000
2008-12-03,1166.2000
2008-12-04,1127.7500
2008-12-05,1177.8700
2008-12-08,1225.0601
2008-12-09,1212.4500
2008-12-10,1222.3800
2008-12-11,1180.4600
2008-12-12,1206.6500
2008-12-15,1181.8700
2008-12-16,1243.4900
2008-12-17,1225.8600
2008-12-18,1204.6899
2008-12-19,1217.1899
2008-12-22,1189.1500
2008-12-23,1183.1899
2008-12-24,1184.3000
2008-12-26,1185.4399
2008-12-29,1173.1500
2008-12-30,1201.3400
2008-12-31,1211.6500
2009-01-02,1263.7000
2009-01-05,1262.5200
2009-01-06,1274.4900
2009-01-07,1238.6000
2009-01-08,1252.5200
2009-01-09,1223.0100
2009-01-12,1201.1300
2009-01-13,1202.6500
2009-01-14,1163.4200
2009-01-15,1183.5200
2009-01-16,1198.1400
2009-01-20,1136.6100
2009-01-21,1185.7600
2009-01-22,1168.0800
2009-01-23,1175.8900
2009-01-26,1184.5601
2009-01-27,1194.4100
2009-01-28,1235.9100
2009-01-29,1203.8500
2009-01-30,1180.2500
2009-02-02,1195.7500
2009-02-03,1215.6600
2009-02-04,1215.4301
2009-02-05,1245.1100
2009-02-06,1277.4900
2009-02-09,1281.6500
2009-02-10,1229.2900
2009-02-11,1227.0500
2009-02-12,1242.8101
2009-02-13,1236.8500
2009-02-17,1187.0400
2009-02-18,1188.7700
2009-02-19,1167.8900
2009-02-20,1172.7100
2009-02-23,1128.9700
2009-02-24,1171.4500
2009-02-25,1160.8300
2009-02-26,1127.1000
2009-02-27,1116.9900
2009-03-02,1076.6700
2009-03-03,1080.6700
2009-03-04,1110.3000
2009-03-05,1074.5200
2009-03-06,1064.7000
2009-03-09,1043.8700
2009-03-10,1112.4399
2009-03-11,1125.9500
2009-03-12,1164.7100
2009-03-13,1168.5200
2009-03-16,1145.4500
2009-03-17,1192.1700
2009-03-18,1206.9600
2009-03-19,1204.2100
2009-03-20,1187.1801
2009-03-23,1259.8101
2009-03-24,1234.3400
2009-03-25,1236.6600
2009-03-26,1281.3000
2009-03-27,1251.4700
2009-03-30,1220.8101
2009-03-31,1237.0100
2009-04-01,1252.5100
2009-04-02,1294.3000
2009-04-03,1316.1600
2009-04-06,1313.1000
2009-04-07,1275.4200
2009-04-08,1300.7500
2009-04-09,1340.2800
2009-04-13,1336.6700
2009-04-14,1322.3101
2009-04-15,1316.5100
2009-04-16,1352.9800
2009-04-17,1353.9200
2009-04-20,1309.3700
2009-04-21,1329.0601
2009-04-22,1335.7200
2009-04-23,1344.4100
2009-04-24,1373.2800
2009-04-27,1369.9399
2009-04-28,1361.9200
2009-04-29,1382.3800
2009-04-30,1394.3300
2009-05-01,1396.6200
2009-05-04,1427.9600
2009-05-05,1423.8101
2009-05-06,1423.8500
2009-05-07,1389.8300
2009-05-08,1394.1600
2009-05-11,1395.7900
2009-05-12,1377.4000
2009-05-13,1339.8300
2009-05-14,1359.6700
2009-05-15,1355.1100
2009-05-18,1392.7300
2009-05-19,1398.0500
2009-05-20,1393.7200
2009-05-21,1367.3900
2009-05-22,1363.1700
2009-05-26,1412.6100
2009-05-27,1401.8800
2009-05-28,1420.3101
2009-05-29,1435.5699
2009-06-01,1477.1200
2009-06-02,1480.3101
2009-06-03,1475.4399
2009-06-04,1492.7400
2009-06-05,1493.2100
2009-06-08,1488.4900
2009-06-09,1501.5500
2009-06-10,1495.2700
2009-06-11,1497.0100
2009-06-12,1489.9700
2009-06-15,1456.9600
2009-06-16,1443.2500
2009-06-17,1455.8900
2009-06-18,1453.8000
2009-06-19,1471.2300
2009-06-22,1426.6100
2009-06-23,1424.4600
2009-06-24,1447.0601
2009-06-25,1475.8199
2009-06-26,1480.2000
2009-06-29,1483.8300
2009-06-30,1477.2500
2009-07-01,1481.3400
2009-07-02,1446.2800
2009-07-06,1441.0100
2009-07-07,1404.7800
2009-07-08,1411.5300
2009-07-09,1414.9800
2009-07-10,1419.8400
2009-07-13,1447.7000
2009-07-14,1452.8400
2009-07-15,1500.9800
2009-07-16,1518.8700
2009-07-17,1527.2600
2009-07-20,1544.0000
2009-07-21,1553.0100
2009-07-22,1565.0000
2009-07-23,1601.5200
2009-07-24,1599.0601
2009-07-27,1599.3101
2009-07-28,1605.4700
2009-07-29,1599.6100
2009-07-30,1609.8700
2009-07-31,1603.3600
2009-08-03,1628.1200
2009-08-04,1628.4900
2009-08-05,1614.4399
2009-08-06,1600.2900
2009-08-07,1619.4900
2009-08-10,1610.4301
2009-08-11,1594.6899
2009-08-12,1619.5900
2009-08-13,1628.6500
2009-08-14,1611.5800
2009-08-17,1564.8900
2009-08-18,1586.5000
2009-08-19,1596.6100
2009-08-20,1614.2200
2009-08-21,1637.7800
2009-08-24,1634.7800
2009-08-25,1639.9000
2009-08-26,1637.0000
2009-08-27,1640.9700
2009-08-28,1643.2400
2009-08-31,1625.1899
2009-09-01,1595.8400
2009-09-02,1594.2800
2009-09-03,1605.9800
2009-09-04,1638.0699
2009-09-08,1654.8101
2009-09-09,1669.2300
2009-09-10,1686.1600
2009-09-11,1685.4600
2009-09-14,1693.7600
2009-09-15,1699.5300
2009-09-16,1723.7300
2009-09-17,1721.0900
2009-09-18,1725.2400
2009-09-21,1731.5800
2009-09-22,1734.0900
2009-09-23,1724.2700
2009-09-24,1709.7600
2009-09-25,1694.1500
2009-09-28,1724.5900
2009-09-29,1717.6700
2009-09-30,1718.9900
2009-10-01,1666.4100
2009-10-02,1662.4900
2009-10-05,1675.6400
2009-10-06,1705.2500
2009-10-07,1710.4500
2009-10-08,1717.7900
2009-10-09,1727.7600
2009-10-12,1729.6300
2009-10-13,1730.2700
2009-10-14,1754.2600
2009-10-15,1753.3600
2009-10-16,1739.3199
2009-10-19,1756.6801
2009-10-20,1756.1899
2009-10-21,1753.5601
2009-10-22,1763.1500
2009-10-23,1753.6300
2009-10-26,1746.7500
2009-10-27,1722.4600
2009-10-28,1682.0601
2009-10-29,1711.2700
2009-10-30,1667.1300
2009-11-02,1672.9100
2009-11-03,1679.2000
2009-11-04,1680.6700
2009-11-05,1721.0900
2009-11-06,1730.7600
2009-11-09,1768.4000
2009-11-10,1773.1700
2009-11-11,1782.9500
2009-11-12,1773.1400
2009-11-13,1788.6100
2009-11-16,1807.5601
2009-11-17,1812.2100
2009-11-18,1801.7400
2009-11-19,1773.1899
2009-11-20,1764.3900
2009-11-23,1792.9399
2009-11-24,1786.2500
2009-11-25,1793.6700
2009-11-27,1765.4600
2009-11-30,1767.4301
2009-12-01,1787.7100
2009-12-02,1790.8199
2009-12-03,1782.9100
2009-12-04,1791.9100
2009-12-07,1783.6500
2009-12-08,1772.7300
2009-12-09,1789.7000
2009-12-10,1799.3700
2009-12-11,1792.0601
2009-12-14,1809.0900
2009-12-15,1798.2100
2009-12-16,1800.8199
2009-12-17,1778.2700
2009-12-18,1807.3600
2009-12-21,1828.7900
2009-12-22,1839.5100
2009-12-23,1851.9900
2009-12-24,1869.8400
2009-12-28,1878.1801
2009-12-29,1872.0200
2009-12-30,1878.6500
2009-12-31,1860.3101
2010-01-04,1886.7000
2010-01-05,1888.4301
2010-01-06,1878.4200
2010-01-07,1876.7200
2010-01-08,1892.5900
2010-01-11,1886.2400
2010-01-12,1861.7900
2010-01-13,1886.1300
2010-01-14,1886.5200
2010-01-15,1864.5200
2010-01-19,1895.4800
2010-01-20,1867.9500
2010-01-21,1850.5699
2010-01-22,1794.8199
2010-01-25,1802.3900
2010-01-26,1803.8600
2010-01-27,1818.9000
2010-01-28,1771.1000
2010-01-29,1741.0400
2010-02-01,1760.7200
2010-02-02,1776.9200
2010-02-03,1784.7000
2010-02-04,1732.9900
2010-02-05,1746.1200
2010-02-08,1734.8800
2010-02-09,1753.8400
2010-02-10,1749.7600
2010-02-11,1775.7400
2010-02-12,1779.1100
2010-02-16,1802.0601
2010-02-17,1810.8600
2010-02-18,1823.3900
2010-02-19,1823.3199
2010-02-22,1817.6300
2010-02-23,1793.8199
2010-02-24,1812.5100
2010-02-25,1812.9100
2010-02-26,1818.6801
2010-03-01,1846.4000
2010-03-02,1851.2100
2010-03-03,1851.5699
2010-03-04,1859.7200
2010-03-05,1888.5601
2010-03-08,1890.8900
2010-03-09,1901.3800
2010-03-10,1917.3500
2010-03-11,1923.8101
2010-03-12,1924.4301
2010-03-15,1920.0900
2010-03-16,1932.2400
2010-03-17,1936.2200
2010-03-18,1943.9399
2010-03-19,1932.4301
2010-03-22,1949.5900
2010-03-23,1963.2000
2010-03-24,1951.8400
2010-03-25,1949.1500
2010-03-26,1952.6300
2010-03-29,1961.2200
2010-03-30,1967.9600
2010-03-31,1958.3400
2010-04-01,1959.5601
2010-04-05,1977.8300
2010-04-06,1981.9500
2010-04-07,1977.3000
2010-04-08,1980.7300
2010-04-09,1994.4301
2010-04-12,1995.6500
2010-04-13,2003.8101
2010-04-14,2028.8199
2010-04-15,2038.6400
2010-04-16,2012.8400
2010-04-19,2013.5300
2010-04-20,2023.6000
2010-04-21,2034.5300
2010-04-22,2045.1600
2010-04-23,2055.3301
2010-04-26,2049.0901
2010-04-27,2006.2500
2010-04-28,2007.5900
2010-04-29,2042.8900
2010-04-30,2000.6300
2010-05-03,2031.6000
2010-05-04,1968.9700
2010-05-05,1958.2600
2010-05-06,1893.7500
2010-05-07,1849.4399
2010-05-10,1942.6100
2010-05-11,1940.4800
2010-05-12,1975.5800
2010-05-13,1945.5200
2010-05-14,1907.1000
2010-05-17,1915.4500
2010-05-18,1887.0601
2010-05-19,1873.4200
2010-05-20,1800.1200
2010-05-21,1822.7700
2010-05-24,1815.2800
2010-05-25,1815.6801
2010-05-26,1796.4700
2010-05-27,1862.7100
2010-05-28,1852.3900
2010-06-01,1835.0400
2010-06-02,1879.5900
2010-06-03,1895.6600
2010-06-04,1832.0400
2010-06-07,1798.1600
2010-06-08,1795.7000
2010-06-09,1778.9200
2010-06-10,1830.0900
2010-06-11,1847.1500
2010-06-14,1845.4800
2010-06-15,1897.4800
2010-06-16,1905.3101
2010-06-17,1910.6500
2010-06-18,1913.4800
2010-06-21,1895.8400
2010-06-22,1880.5400
2010-06-23,1874.4200
2010-06-24,1844.5900
2010-06-25,1838.5200
2010-06-28,1836.0000
2010-06-29,1764.0601
2010-06-30,1739.1400
2010-07-01,1734.4100
2010-07-02,1728.3400
2010-07-06,1734.6801
2010-07-07,1789.7200
2010-07-08,1798.3101
2010-07-09,1814.7900
2010-07-12,1821.0300
2010-07-13,1845.0300
2010-07-14,1853.4100
2010-07-15,1856.2400
2010-07-16,1803.4800
2010-07-19,1819.2800
2010-07-20,1840.6700
2010-07-21,1817.3000
2010-07-22,1863.1000
2010-07-23,1875.3800
2010-07-26,1890.4000
2010-07-27,1888.8101
2010-07-28,1872.6200
2010-07-29,1860.3000
2010-07-30,1864.0000
2010-08-02,1898.9900
2010-08-03,1891.8101
2010-08-04,1909.2000
2010-08-05,1904.9500
2010-08-06,1902.8800
2010-08-09,1915.1700
2010-08-10,1899.2400
2010-08-11,1845.3800
2010-08-12,1832.1700
2010-08-13,1818.8000
2010-08-16,1821.5100
2010-08-17,1845.3700
2010-08-18,1850.8000
2010-08-19,1823.0000
2010-08-20,1825.7500
2010-08-23,1808.3101
2010-08-24,1775.2700
2010-08-25,1790.8800
2010-08-26,1769.0200
2010-08-27,1791.6400
2010-08-30,1772.0699
2010-08-31,1767.4301
2010-09-01,1820.0500
2010-09-02,1840.5800
2010-09-03,1870.3101
2010-09-07,1856.5000
2010-09-08,1880.0000
2010-09-09,1886.1400
2010-09-10,1892.3400
2010-09-13,1921.6700
2010-09-14,1928.5900
2010-09-15,1939.6000
2010-09-16,1948.1100
2010-09-17,1955.8300
2010-09-20,1989.4301
2010-09-21,1989.1100
2010-09-22,1982.7600
2010-09-23,1982.1500
2010-09-24,2023.8400
2010-09-27,2010.9900
2010-09-28,2012.4301
2010-09-29,2009.0800
2010-09-30,1998.0400
2010-10-01,1996.6000
2010-10-04,1975.3300
2010-10-05,2024.6300
2010-10-06,2006.5200
2010-10-07,2011.6300
2010-10-08,2027.0300
2010-10-11,2026.9800
2010-10-12,2041.5500
2010-10-13,2057.2500
2010-10-14,2054.5100
2010-10-15,2097.7300
2010-10-18,2104.1499
2010-10-19,2069.7300
2010-10-20,2085.7500
2010-10-21,2090.1001
2010-10-22,2104.2100
2010-10-25,2113.5500
2010-10-26,2119.0500
2010-10-27,2125.8799
2010-10-28,2129.7300
2010-10-29,2124.4500
2010-11-01,2128.4199
2010-11-02,2151.7200
2010-11-03,2158.3601
2010-11-04,2187.8000
2010-11-05,2186.7100
2010-11-08,2188.9399
2010-11-09,2176.8799
2010-11-10,2187.7400
2010-11-11,2173.1101
2010-11-12,2137.9500
2010-11-15,2131.4800
2010-11-16,2093.6299
2010-11-17,2100.0000
2010-11-18,2134.7700
2010-11-19,2135.2700
2010-11-22,2150.8601
2010-11-23,2116.6101
2010-11-24,2160.5200
2010-11-26,2153.9099
2010-11-29,2144.5601
2010-11-30,2117.3301
2010-12-01,2162.8301
2010-12-02,2185.3000
2010-12-03,2191.1699
2010-12-06,2189.8101
2010-12-07,2189.3501
2010-12-08,2200.6001
2010-12-09,2201.5701
2010-12-10,2215.3401
2010-12-13,2207.4500
2010-12-14,2212.5901
2010-12-15,2202.4500
2010-12-16,2218.0200
2010-12-17,2218.2900
2010-12-20,2223.0400
2010-12-21,2234.5701
2010-12-22,2235.9099
2010-12-23,2230.2700
2010-12-27,2229.8601
2010-12-28,2227.4199
2010-12-29,2231.6399
2010-12-30,2225.7200
2010-12-31,2217.8601
2011-01-03,2254.2300
2011-01-04,2251.4600
2011-01-05,2270.3999
2011-01-06,2277.5100
2011-01-07,2276.7000
2011-01-10,2284.3799
2011-01-11,2288.7300
2011-01-12,2304.8799
2011-01-13,2305.5300
2011-01-14,2323.4299
2011-01-18,2328.7900
2011-01-19,2303.3201
2011-01-20,2286.0801
2011-01-21,2268.3201
2011-01-24,2300.3899
2011-01-25,2304.0300
2011-01-26,2314.1899
2011-01-27,2330.0701
2011-01-28,2270.5100
2011-01-31,2281.9099
2011-02-01,2324.9500
2011-02-02,2321.0901
2011-02-03,2323.0701
2011-02-04,2338.2000
2011-02-07,2349.2000
2011-02-08,2363.6101
2011-02-09,2360.9500
2011-02-10,2364.3501
2011-02-11,2379.1499
2011-02-14,2385.6001
2011-02-15,2381.9199
2011-02-16,2397.9399
2011-02-17,2397.5701
2011-02-18,2392.4700
2011-02-22,2322.8601
2011-02-23,2300.9399
2011-02-24,2313.3101
2011-02-25,2346.2900
2011-02-28,2350.9900
2011-03-01,2315.2600
2011-03-02,2326.7700
2011-03-03,2371.7600
2011-03-04,2359.9600
2011-03-07,2328.0701
2011-03-08,2337.5500
2011-03-09,2322.6899
2011-03-10,2284.2900
2011-03-11,2299.2600
2011-03-14,2290.7200
2011-03-15,2259.6201
2011-03-16,2202.9700
2011-03-17,2225.2400
2011-03-18,2221.0701
2011-03-21,2262.7000
2011-03-22,2257.9600
2011-03-23,2270.5000
2011-03-24,2312.0901
2011-03-25,2316.3601
2011-03-28,2303.1001
2011-03-29,2325.5400
2011-03-30,2336.5200
2011-03-31,2338.9900
2011-04-01,2342.9199
2011-04-04,2334.5400
2011-04-05,2327.8701
2011-04-06,2332.3401
2011-04-07,2332.8799
2011-04-08,2321.1799
2011-04-11,2314.5000
2011-04-12,2298.3000
2011-04-13,2316.6299
2011-04-14,2311.2500
2011-04-15,2307.5801
2011-04-18,2292.3401
2011-04-19,2306.7700
2011-04-20,2357.7600
2011-04-21,2377.3000
2011-04-25,2383.7200
2011-04-26,2396.0300
2011-04-27,2413.5901
2011-04-28,2409.8999
2011-04-29,2404.0801
2011-05-02,2404.2400
2011-05-03,2392.8000
2011-05-04,2387.5100
2011-05-05,2375.2100
2011-05-06,2383.1799
2011-05-09,2390.9700
2011-05-10,2411.3501
2011-05-11,2393.0801
2011-05-12,2407.8899
2011-05-13,2379.2400
2011-05-16,2337.8501
2011-05-17,2343.5100
2011-05-18,2362.9500
2011-05-19,2369.6699
2011-05-20,2351.4299
2011-05-23,2316.7800
2011-05-24,2303.5500
2011-05-25,2310.9500
2011-05-26,2325.9299
2011-05-27,2336.0901
2011-05-31,2372.5400
2011-06-01,2322.4800
2011-06-02,2326.7000
2011-06-03,2292.3101
2011-06-06,2274.4800
2011-06-07,2268.9600
2011-06-08,2252.8899
2011-06-09,2256.6499
2011-06-10,2221.0901
2011-06-13,2222.2800
2011-06-14,2250.3401
2011-06-15,2209.0100
2011-06-16,2199.9299
2011-06-17,2192.9600
2011-06-20,2204.3601
2011-06-21,2251.8201
2011-06-22,2235.7500
2011-06-23,2255.0500
2011-06-24,2217.0601
2011-06-27,2252.2400
2011-06-28,2285.7500
2011-06-29,2294.4299
2011-06-30,2325.0701
2011-07-01,2361.3899
2011-07-05,2371.2100
2011-07-06,2378.5801
2011-07-07,2412.8899
2011-07-08,2405.8899
2011-07-11,2362.0000
2011-07-12,2343.7900
2011-07-13,2352.4299
2011-07-14,2325.0601
2011-07-15,2356.6699
2011-07-18,2344.0100
2011-07-19,2398.1699
2011-07-20,2387.8000
2011-07-21,2404.2400
2011-07-22,2429.5000
2011-07-25,2424.1499
2011-07-26,2429.4500
2011-07-27,2367.1599
2011-07-28,2371.7700
2011-07-29,2362.8101
2011-08-01,2354.0500
2011-08-02,2292.8501
2011-08-03,2312.7800
2011-08-04,2207.2000
2011-08-05,2194.3799
2011-08-08,2060.2900
2011-08-09,2160.7900
2011-08-10,2073.0901
2011-08-11,2167.0701
2011-08-12,2182.0500
2011-08-15,2214.1201
2011-08-16,2194.2700
2011-08-17,2181.6201
2011-08-18,2073.0300
2011-08-19,2038.2200
2011-08-22,2044.7300
2011-08-23,2129.2700
2011-08-24,2145.0400
2011-08-25,2108.2100
2011-08-26,2161.9700
2011-08-29,2223.9600
2011-08-30,2237.6899
2011-08-31,2241.0100
2011-09-01,2219.0500
2011-09-02,2167.8301
2011-09-06,2167.6001
2011-09-07,2223.7500
2011-09-08,2214.2900
2011-09-09,2163.6599
2011-09-12,2191.8401
2011-09-13,2220.5801
2011-09-14,2252.7500
2011-09-15,2286.5601
2011-09-16,2306.0901
2011-09-19,2308.7600
2011-09-20,2295.8899
2011-09-21,2258.3000
2011-09-22,2184.5901
2011-09-23,2206.8601
2011-09-26,2234.2800
2011-09-27,2253.5500
2011-09-28,2220.8401
2011-09-29,2197.6799
2011-09-30,2139.1799
2011-10-03,2085.0400
2011-10-04,2129.2100
2011-10-05,2182.7700
2011-10-06,2217.9900
2011-10-07,2202.7600
2011-10-10,2278.6499
2011-10-11,2294.9199
2011-10-12,2307.1799
2011-10-13,2326.8799
2011-10-14,2371.9399
2011-10-17,2334.3799
2011-10-18,2364.8701
2011-10-19,2316.8101
2011-10-20,2306.2900
2011-10-21,2335.9299
2011-10-24,2384.4199
2011-10-25,2335.8701
2011-10-26,2334.7900
2011-10-27,2399.8301
2011-10-28,2401.2900
2011-10-31,2360.0801
2011-11-01,2298.3701
2011-11-02,2318.3201
2011-11-03,2367.7100
2011-11-04,2356.3201
2011-11-07,2371.0400
2011-11-08,2400.0100
2011-11-09,2314.1001
2011-11-10,2312.0701
2011-11-11,2355.7800
2011-11-14,2341.3201
2011-11-15,2366.2400
2011-11-16,2324.3701
2011-11-17,2272.0901
2011-11-18,2253.9500
2011-11-21,2211.1399
2011-11-22,2216.3301
2011-11-23,2166.5400
2011-11-25,2150.8799
2011-11-28,2224.2200
2011-11-29,2211.3899
2011-11-30,2295.2000
2011-12-01,2309.2000
2011-12-02,2302.0400
2011-12-05,2326.9500
2011-12-06,2321.4900
2011-12-07,2320.5400
2011-12-08,2282.5901
2011-12-09,2318.6799
2011-12-12,2292.2400
2011-12-13,2268.3701
2011-12-14,2233.0300
2011-12-15,2226.7100
2011-12-16,2238.1799
2011-12-19,2215.2700
2011-12-20,2281.9399
2011-12-21,2249.0300
2011-12-22,2266.7700
2011-12-23,2287.5701
2011-12-27,2293.1201
2011-12-28,2267.0801
2011-12-29,2285.0701
2011-12-30,2277.8301
2012-01-03,2321.9600
2012-01-04,2329.7100
2012-01-05,2348.9800
2012-01-06,2356.1699
2012-01-09,2350.6499
2012-01-10,2367.3799
2012-01-11,2372.2500
2012-01-12,2381.9900
2012-01-13,2371.9800
2012-01-17,2393.2400
2012-01-18,2425.9600
2012-01-19,2441.7000
2012-01-20,2437.0200
2012-01-23,2437.2200
2012-01-24,2433.9600
2012-01-25,2465.6599
2012-01-26,2454.6299
2012-01-27,2461.7700
2012-01-30,2465.3201
2012-01-31,2467.9500
2012-02-01,2488.1799
2012-02-02,2495.8301
2012-02-03,2529.1699
2012-02-06,2528.3000
2012-02-07,2532.0601
2012-02-08,2545.7200
2012-02-09,2563.9299
2012-02-10,2547.3201
2012-02-13,2569.4900
2012-02-14,2575.2400
2012-02-15,2556.0100
2012-02-16,2592.2900
2012-02-17,2584.2400
2012-02-21,2590.2400
2012-02-22,2579.7800
2012-02-23,2594.9299
2012-02-24,2604.2100
2012-02-27,2606.7600
2012-02-28,2633.4600
2012-02-29,2623.1001
2012-03-01,2643.5400
2012-03-02,2641.5801
2012-03-05,2614.9199
2012-03-06,2588.9500
2012-03-07,2607.8501
2012-03-08,2637.1799
2012-03-09,2646.8501
2012-03-12,2646.8501
2012-03-13,2697.4299
2012-03-14,2708.4099
2012-03-15,2714.7900
2012-03-16,2712.7800
2012-03-19,2733.2600
2012-03-20,2737.6299
2012-03-21,2736.8799
2012-03-22,2731.5000
2012-03-23,2728.5500
2012-03-26,2778.0200
2012-03-27,2782.1201
2012-03-28,2770.9700
2012-03-29,2762.0500
2012-03-30,2755.2700
2012-04-02,2784.4199
2012-04-03,2782.7800
2012-04-04,2745.0000
2012-04-05,2762.5000
2012-04-09,2739.9800
2012-04-10,2695.1201
2012-04-11,2708.1299
2012-04-12,2740.2600
2012-04-13,2698.9900
2012-04-16,2670.1001
2012-04-17,2723.5801
2012-04-18,2716.1399
2012-04-19,2686.8201
2012-04-20,2676.0400
2012-04-23,2653.5000
2012-04-24,2638.7300
2012-04-25,2709.6201
2012-04-26,2725.2300
2012-04-27,2741.3401
2012-04-30,2723.6799
2012-05-01,2726.9199
2012-05-02,2734.7700
2012-05-03,2704.5901
2012-05-04,2637.9199
2012-05-07,2639.2800
2012-05-08,2629.8701
2012-05-09,2621.3501
2012-05-10,2616.2400
2012-05-11,2615.9800
2012-05-14,2590.2800
2012-05-15,2580.7500
2012-05-16,2561.5601
2012-05-17,2509.0500
2012-05-18,2478.5300
2012-05-21,2545.4299
2012-05-22,2539.2000
2012-05-23,2547.0801
2012-05-24,2531.3501
2012-05-25,2527.0500
2012-05-29,2558.9700
2012-05-30,2537.3999
2012-05-31,2524.8701
2012-06-01,2458.8301
2012-06-04,2478.1299
2012-06-05,2487.5000
2012-06-06,2546.3201
2012-06-07,2535.4099
2012-06-08,2559.2100
2012-06-11,2517.1799
2012-06-12,2546.2000
2012-06-13,2527.4399
2012-06-14,2539.9700
2012-06-15,2571.2300
2012-06-18,2592.5200
2012-06-19,2620.8301
2012-06-20,2623.3301
2012-06-21,2556.9600
2012-06-22,2585.5300
2012-06-25,2533.5400
2012-06-26,2549.8401
2012-06-27,2565.5300
2012-06-28,2536.6499
2012-06-29,2615.7200
2012-07-02,2625.0300
2012-07-03,2645.8401
2012-07-05,2647.4700
2012-07-06,2612.2900
2012-07-09,2610.3101
2012-07-10,2585.5200
2012-07-11,2570.9900
2012-07-12,2545.3000
2012-07-13,2584.9700
2012-07-16,2577.0500
2012-07-17,2591.6499
2012-07-18,2625.8701
2012-07-19,2655.8101
2012-07-20,2618.0400
2012-07-23,2589.9299
2012-07-24,2567.4600
2012-07-25,2549.2000
2012-07-26,2584.8501
2012-07-27,2647.0300
2012-07-30,2642.1201
2012-07-31,2642.5300
2012-08-01,2635.1299
2012-08-02,2625.5200
2012-08-03,2676.0000
2012-08-06,2694.0901
2012-08-07,2717.1599
2012-08-08,2714.0200
2012-08-09,2719.6101
2012-08-10,2722.9600
2012-08-13,2728.6799
2012-08-14,2727.7900
2012-08-15,2735.4700
2012-08-16,2768.0901
2012-08-17,2780.3000
2012-08-20,2784.3301
2012-08-21,2772.2000
2012-08-22,2783.4199
2012-08-23,2762.0200
2012-08-24,2778.0500
2012-08-27,2782.5500
2012-08-28,2782.6899
2012-08-29,2784.0000
2012-08-30,2753.7400
2012-08-31,2772.2400
2012-09-04,2772.0300
2012-09-05,2766.9500
2012-09-06,2829.7100
2012-09-07,2825.1101
2012-09-10,2788.3501
2012-09-11,2784.8899
2012-09-12,2791.6799
2012-09-13,2831.3501
2012-09-14,2855.2300
2012-09-17,2856.4399
2012-09-18,2857.3799
2012-09-19,2864.0300
2012-09-20,2861.7000
2012-09-21,2861.6399
2012-09-24,2843.9800
2012-09-25,2804.5300
2012-09-26,2781.6299
2012-09-27,2821.6001
2012-09-28,2799.1899
2012-10-01,2794.2800
2012-10-02,2799.2900
2012-10-03,2818.8401
2012-10-04,2828.6001
2012-10-05,2811.9399
2012-10-08,2786.9199
2012-10-09,2741.9199
2012-10-10,2728.5400
2012-10-11,2719.2100
2012-10-12,2720.1399
2012-10-15,2739.8701
2012-10-16,2778.3799
2012-10-17,2775.6201
2012-10-18,2744.1699
2012-10-19,2678.3201
2012-10-22,2694.5601
2012-10-23,2666.0200
2012-10-24,2655.5500
2012-10-25,2657.6599
2012-10-26,2665.8301
2012-10-31,2647.9199
2012-11-01,2687.5200
2012-11-02,2656.2800
2012-11-05,2672.9099
2012-11-06,2681.0500
2012-11-07,2612.6899
2012-11-08,2572.5701
2012-11-09,2584.1001
2012-11-12,2582.7700
2012-11-13,2561.8601
2012-11-14,2531.8701
2012-11-15,2524.3601
2012-11-16,2534.1599
2012-11-19,2595.8301
2012-11-20,2594.6599
2012-11-21,2600.4800
2012-11-23,2639.5901
2012-11-26,2651.6699
2012-11-27,2641.4199
2012-11-28,2665.2700
2012-11-29,2680.0300
2012-11-30,2677.8799
2012-12-03,2671.8401
2012-12-04,2667.8899
2012-12-05,2637.8899
2012-12-06,2656.3000
2012-12-07,2640.5400
2012-12-10,2647.5701
2012-12-11,2682.0701
2012-12-12,2674.5701
2012-12-13,2654.0100
2012-12-14,2628.0901
2012-12-17,2664.2600
2012-12-18,2705.3899
2012-12-19,2690.9900
2012-12-20,2693.5500
2012-12-21,2664.6699
2012-12-24,2658.0500
2012-12-26,2637.1799
2012-12-27,2632.9399
2012-12-28,2606.3601
2012-12-31,2660.9299
2013-01-02,2746.4700
2013-01-03,2732.2600
2013-01-04,2724.4900
2013-01-07,2724.2200
2013-01-08,2718.7200
2013-01-09,2727.6499
2013-01-10,2744.1799
2013-01-11,2748.2600
2013-01-14,2735.7000
2013-01-15,2722.9800
2013-01-16,2734.7300
2013-01-17,2747.1499
2013-01-18,2743.2400
2013-01-22,2746.1899
2013-01-23,2762.1699
2013-01-24,2723.5300
2013-01-25,2736.7300
2013-01-28,2742.4299
2013-01-29,2743.5801
2013-01-30,2738.7100
2013-01-31,2731.5300
2013-02-01,2763.9600
2013-02-04,2715.6799
2013-02-05,2754.9900
2013-02-06,2746.3501
2013-02-07,2746.5000
2013-02-08,2775.5601
2013-02-11,2774.6399
2013-02-12,2762.6201
2013-02-13,2773.7700
2013-02-14,2771.4299
2013-02-15,2764.6699
2013-02-19,2782.8601
2013-02-20,2739.9900
2013-02-21,2711.5100
2013-02-22,2737.2800
2013-02-25,2700.9700
2013-02-26,2713.0200
2013-02-27,2741.2600
2013-02-28,2738.5801
2013-03-01,2747.7500
2013-03-04,2759.5300
2013-03-05,2799.2500
2013-03-06,2792.5601
2013-03-07,2799.4900
2013-03-08,2804.1101
2013-03-11,2811.8601
2013-03-12,2800.8101
2013-03-13,2798.6799
2013-03-14,2807.3000
2013-03-15,2799.4099
2013-03-18,2792.3000
2013-03-19,2787.2700
2013-03-20,2805.9099
2013-03-21,2774.8501
2013-03-22,2800.8101
2013-03-25,2789.4500
2013-03-26,2806.5000
2013-03-27,2809.9800
2013-03-28,2818.6899
2013-04-01,2797.0701
2013-04-02,2820.6201
2013-04-03,2795.0400
2013-04-04,2794.9199
2013-04-05,2771.7500
2013-04-08,2786.1299
2013-04-09,2804.6699
2013-04-10,2859.2100
2013-04-11,2859.0701
2013-04-12,2856.4800
2013-04-15,2797.4700
2013-04-16,2838.4099
2013-04-17,2781.9800
2013-04-18,2741.9500
2013-04-19,2780.4600
2013-04-22,2810.0701
2013-04-23,2835.3701
2013-04-24,2834.1201
2013-04-25,2848.6599
2013-04-26,2840.5500
2013-04-29,2866.9500
2013-04-30,2887.4399
2013-05-01,2873.3501
2013-05-02,2911.1399
2013-05-03,2944.5901
2013-05-06,2955.3601
2013-05-07,2952.8799
2013-05-08,2968.2400
2013-05-09,2961.1201
2013-05-10,2981.0200
2013-05-13,2982.0901
2013-05-14,2996.0500
2013-05-15,3002.6201
2013-05-16,2999.3401
2013-05-17,3028.9600
2013-05-20,3020.9700
2013-05-21,3026.4500
2013-05-22,2999.1299
2013-05-23,2991.4500
2013-05-24,2991.0200
2013-05-28,3011.9399
2013-05-29,2994.8201
2013-05-30,3011.8301
2013-05-31,2981.7600
2013-06-03,2990.7900
2013-06-04,2973.6899
2013-06-05,2937.1399
2013-06-06,2950.3000
2013-06-07,2990.8701
2013-06-10,2990.4900
2013-06-11,2959.8401
2013-06-12,2926.1399
2013-06-13,2962.8999
2013-06-14,2943.8601
2013-06-17,2971.2600
2013-06-18,2996.0901
2013-06-19,2959.5000
2013-06-20,2890.3301
2013-06-21,2877.9399
2013-06-24,2848.2000
2013-06-25,2866.5000
2013-06-26,2893.8501
2013-06-27,2906.8401
2013-06-28,2909.6001
2013-07-01,2927.3501
2013-07-02,2929.6299
2013-07-03,2941.4099
2013-07-05,2963.2200
2013-07-08,2966.1299
2013-07-09,2984.3201
2013-07-10,3000.6599
2013-07-11,3059.4600
2013-07-12,3079.0701
2013-07-15,3079.8501
2013-07-16,3077.4700
2013-07-17,3085.2800
2013-07-18,3077.8201
2013-07-19,3044.9299
2013-07-22,3055.2300
2013-07-23,3031.3999
2013-07-24,3041.1599
2013-07-25,3061.6699
2013-07-26,3076.2300
2013-07-29,3068.9500
2013-07-30,3085.3301
2013-07-31,3090.1899
2013-08-01,3126.3000
2013-08-02,3143.5200
2013-08-05,3143.1899
2013-08-06,3122.2000
2013-08-07,3118.6899
2013-08-08,3130.1299
2013-08-09,3118.5701
2013-08-12,3125.9299
2013-08-13,3141.0601
2013-08-14,3129.4500
2013-08-15,3076.2300
2013-08-16,3073.9099
2013-08-19,3069.7600
2013-08-20,3082.1699
2013-08-21,3071.4700
2013-08-22,3101.8201
2013-08-23,3124.2700
2013-08-26,3122.6699
2013-08-27,3059.5801
2013-08-28,3072.1699
2013-08-29,3093.3601
2013-08-30,3073.8101
2013-09-03,3091.7600
2013-09-04,3124.5400
2013-09-05,3129.9399
2013-09-06,3133.3799
2013-09-09,3169.9299
2013-09-10,3185.0701
2013-09-11,3179.8601
2013-09-12,3175.5701
2013-09-13,3178.2800
2013-09-16,3168.6899
2013-09-17,3190.8301
2013-09-18,3231.3101
2013-09-19,3237.6101
2013-09-20,3224.7300
2013-09-23,3219.3401
2013-09-24,3218.6599
2013-09-25,3208.5500
2013-09-26,3234.0400
2013-09-27,3230.3000
2013-09-30,3218.2000
2013-10-01,3253.0500
2013-10-02,3253.2600
2013-10-03,3213.8301
2013-10-04,3242.5701
2013-10-07,3215.6899
2013-10-08,3153.8701
2013-10-09,3142.5400
2013-10-10,3210.8401
2013-10-11,3233.8301
2013-10-14,3256.0200
2013-10-15,3244.6599
2013-10-16,3281.6699
2013-10-17,3301.2800
2013-10-18,3353.8799
2013-10-21,3361.1799
2013-10-22,3366.9299
2013-10-23,3346.0500
2013-10-24,3362.3799
2013-10-25,3383.8301
2013-10-28,3382.6799
2013-10-29,3391.7500
2013-10-30,3385.3799
2013-10-31,3377.7300
2013-11-01,3379.7600
2013-11-04,3384.7500
2013-11-05,3388.8201
2013-11-06,3385.3799
2013-11-07,3321.4099
2013-11-08,3366.8401
2013-11-11,3362.9800
2013-11-12,3365.2300
2013-11-13,3405.5601
2013-11-14,3415.1399
2013-11-15,3422.5801
2013-11-18,3388.8701
2013-11-19,3378.1299
2013-11-20,3367.1699
2013-11-21,3402.7400
2013-11-22,3422.0200
2013-11-25,3427.4900
2013-11-26,3445.7600
2013-11-27,3470.4800
2013-11-29,3487.8201
2013-12-02,3481.1499
2013-12-03,3479.3401
2013-12-04,3483.0100
2013-12-05,3477.7300
2013-12-06,3504.2600
2013-12-09,3516.1699
2013-12-10,3514.2000
2013-12-11,3468.9900
2013-12-12,3460.2900
2013-12-13,3456.3999
2013-12-16,3475.7900
2013-12-17,3469.3201
2013-12-18,3509.6299
2013-12-19,3498.6299
2013-12-20,3531.1899
2013-12-23,3569.3999
2013-12-24,3572.8000
2013-12-26,3584.5801
2013-12-27,3574.0200
2013-12-30,3570.0801
2013-12-31,3592.0000
2014-01-02,3563.5701
2014-01-03,3538.7300
2014-01-06,3526.9600
2014-01-07,3557.8501
2014-01-08,3567.5400
2014-01-09,3552.5801
2014-01-10,3565.0801
2014-01-13,3512.8000
2014-01-14,3580.6499
2014-01-15,3609.8401
2014-01-16,3611.2900
2014-01-17,3591.2500
2014-01-21,3617.7000
2014-01-22,3627.7200
2014-01-23,3613.7600
2014-01-24,3541.4800
2014-01-27,3509.0200
2014-01-28,3505.7200
2014-01-29,3467.8201
2014-01-30,3532.4099
2014-01-31,3521.9199
2014-02-03,3440.5000
2014-02-04,3470.2000
2014-02-05,3454.8999
2014-02-06,3497.6001
2014-02-07,3561.9099
2014-02-10,3582.1101
2014-02-11,3621.7200
2014-02-12,3627.3601
2014-02-13,3659.5601
2014-02-14,3663.8799
2014-02-18,3679.4299
2014-02-19,3652.8501
2014-02-20,3671.9299
2014-02-21,3662.6001
2014-02-24,3685.8101
2014-02-25,3679.1399
2014-02-26,3676.6001
2014-02-27,3699.8000
2014-02-28,3696.1001
2014-03-03,3668.3701
2014-03-04,3719.9299
2014-03-05,3727.1899
2014-03-06,3720.9299
2014-03-07,3703.3999
2014-03-10,3706.3401
2014-03-11,3691.5000
2014-03-12,3707.0601
2014-03-13,3651.4900
2014-03-14,3627.8701
2014-03-17,3662.5100
2014-03-18,3706.6201
2014-03-19,3682.7400
2014-03-20,3693.9700
2014-03-21,3653.0701
2014-03-24,3617.3899
2014-03-25,3629.7300
2014-03-26,3582.8899
2014-03-27,3563.1299
2014-03-28,3571.4900
2014-03-31,3595.7400
2014-04-01,3658.3999
2014-04-02,3665.9900
2014-04-03,3637.5801
2014-04-04,3539.3799
2014-04-07,3507.7500
2014-04-08,3538.2300
2014-04-09,3600.4399
2014-04-10,3487.7600
2014-04-11,3446.8501
2014-04-14,3474.6299
2014-04-15,3487.8501
2014-04-16,3533.0901
2014-04-17,3534.5300
2014-04-21,3559.9500
2014-04-22,3588.8101
2014-04-23,3557.0400
2014-04-24,3591.0300
2014-04-25,3533.1001
2014-04-28,3545.0300
2014-04-29,3573.9900
2014-04-30,3582.0200
2014-05-01,3594.3601
2014-05-02,3587.6399
2014-05-05,3605.0901
2014-05-06,3556.5100
2014-05-07,3546.4700
2014-05-08,3540.4199
2014-05-09,3555.7000
2014-05-12,3612.7300
2014-05-13,3611.1299
2014-05-14,3593.2500
2014-05-15,3565.1699
2014-05-16,3587.2000
2014-05-19,3615.6201
2014-05-20,3600.3101
2014-05-21,3635.6101
2014-05-22,3650.8601
2014-05-23,3677.3301
2014-05-27,3723.0701
2014-05-28,3712.2600
2014-05-29,3735.7200
2014-05-30,3736.8201
2014-06-02,3732.9600
2014-06-03,3730.0701
2014-06-04,3743.5901
2014-06-05,3776.9500
2014-06-06,3794.5701
2014-06-09,3795.7400
2014-06-10,3800.8601
2014-06-11,3797.8501
2014-06-12,3763.8000
2014-06-13,3775.5601
2014-06-16,3779.9299
2014-06-17,3781.3201
2014-06-18,3804.6101
2014-06-19,3800.8000
2014-06-20,3802.6399
2014-06-23,3805.3101
2014-06-24,3799.5300
2014-06-25,3827.3301
2014-06-26,3826.9099
2014-06-27,3844.4399
2014-06-30,3849.4800
2014-07-01,3894.3301
2014-07-02,3899.2700
2014-07-03,3923.0100
2014-07-07,3910.7100
2014-07-08,3864.0701
2014-07-09,3892.9099
2014-07-10,3880.0400
2014-07-11,3904.5801
2014-07-14,3929.4600
2014-07-15,3914.4600
2014-07-16,3932.3301
2014-07-17,3878.0100
2014-07-18,3939.8899
2014-07-21,3934.1399
2014-07-22,3961.6201
2014-07-23,3986.1899
2014-07-24,3983.1899
2014-07-25,3965.1699
2014-07-28,3967.2400
2014-07-29,3959.0300
2014-07-30,3976.0701
2014-07-31,3892.5000
2014-08-01,3879.6699
2014-08-04,3908.7700
2014-08-05,3874.9399
2014-08-06,3874.2700
2014-08-07,3857.9399
2014-08-08,3888.0901
2014-08-11,3910.4600
2014-08-12,3905.2300
2014-08-13,3949.2000
2014-08-14,3969.1101
2014-08-15,3987.5100
2014-08-18,4020.5000
2014-08-19,4040.1299
2014-08-20,4040.7100
2014-08-21,4047.0300
2014-08-22,4052.7500
2014-08-25,4067.4800
2014-08-26,4071.6699
2014-08-27,4073.1799
2014-08-28,4066.2700
2014-08-29,4082.5601
2014-09-02,4095.8101
2014-09-03,4070.9600
2014-09-04,4066.1299
2014-09-05,4089.9199
2014-09-08,4095.4700
2014-09-09,4061.8799
2014-09-10,4094.9700
2014-09-11,4092.6499
2014-09-12,4069.2300
2014-09-15,4029.8899
2014-09-16,4067.2700
2014-09-17,4073.5701
2014-09-18,4103.0801
2014-09-19,4100.0898
2014-09-22,4061.2300
2014-09-23,4051.5701
2014-09-24,4094.3101
2014-09-25,4007.8201
2014-09-26,4053.7200
2014-09-29,4047.1799
2014-09-30,4049.4500
2014-10-01,3984.7400
2014-10-02,3985.8701
2014-10-03,4027.3101
2014-10-06,4016.2700
2014-10-07,3958.5901
2014-10-08,4041.1201
2014-10-09,3969.3201
2014-10-10,3870.8601
2014-10-13,3808.0000
2014-10-14,3810.4500
2014-10-15,3785.9700
2014-10-16,3765.2800
2014-10-17,3815.4700
2014-10-20,3870.0801
2014-10-21,3971.3899
2014-10-22,3949.5901
2014-10-23,4012.2700
2014-10-24,4042.0200
2014-10-27,4046.0200
2014-10-28,4106.6299
2014-10-29,4090.5500
2014-10-30,4100.6401
2014-10-31,4158.2100
2014-11-03,4169.2798
2014-11-04,4156.2300
2014-11-05,4153.2700
2014-11-06,4164.0801
2014-11-07,4160.5000
2014-11-10,4175.9502
2014-11-11,4187.1602
2014-11-12,4195.3999
2014-11-13,4213.4800
2014-11-14,4224.9902
2014-11-17,4213.7900
2014-11-18,4242.1899
2014-11-19,4222.6602
2014-11-20,4242.0898
2014-11-21,4251.3198
2014-11-24,4284.3198
2014-11-25,4288.2300
2014-11-26,4317.9902
2014-11-28,4337.7900
2014-12-01,4287.8101
2014-12-02,4305.9600
2014-12-03,4312.9302
2014-12-04,4311.9302
2014-12-05,4311.5698
2014-12-08,4278.3398
2014-12-09,4294.6699
2014-12-10,4224.8701
2014-12-11,4246.4800
2014-12-12,4199.2798
2014-12-15,4157.4102
2014-12-16,4089.6001
2014-12-17,4165.1001
2014-12-18,4267.7700
2014-12-19,4281.7798
2014-12-22,4293.6699
2014-12-23,4279.2998
2014-12-24,4283.1001
2014-12-26,4314.0898
2014-12-29,4312.6401
2014-12-30,4282.3501
2014-12-31,4236.2798
2015-01-02,4230.2402
2015-01-05,4160.9600
2015-01-06,4110.8301
2015-01-07,4160.0000
2015-01-08,4240.5498
2015-01-09,4213.2798
2015-01-12,4169.9702
2015-01-13,4166.2002
2015-01-14,4145.8398
2015-01-15,4089.6499
2015-01-16,4142.1401
2015-01-20,4171.2100
2015-01-21,4192.0898
2015-01-22,4270.3599
2015-01-23,4278.1401
2015-01-26,4275.7202
2015-01-27,4165.5000
2015-01-28,4140.3799
2015-01-29,4181.3501
2015-01-30,4148.4302
2015-02-02,4188.5898
2015-02-03,4229.1499
2015-02-04,4221.2002
2015-02-05,4256.1802
2015-02-06,4228.6802
2015-02-09,4216.0898
2015-02-10,4281.1602
2015-02-11,4297.2798
2015-02-12,4347.9702
2015-02-13,4384.0298
2015-02-17,4385.3398
2015-02-18,4390.9102
2015-02-19,4411.8599
2015-02-20,4443.0498
2015-02-23,4449.4902
2015-02-24,4451.0298
2015-02-25,4440.5898
2015-02-26,4462.2700
2015-02-27,4440.6699
2015-03-02,4483.0498
2015-03-03,4458.7798
2015-03-04,4445.3599
2015-03-05,4452.0601
2015-03-06,4399.2300
2015-03-09,4412.9902
2015-03-10,4329.0801
2015-03-11,4305.3799
2015-03-12,4336.2300
2015-03-13,4314.8999
2015-03-16,4370.4702
2015-03-17,4375.6299
2015-03-18,4422.5000
2015-03-19,4426.8198
2015-03-20,4458.5400
2015-03-23,4445.5400
2015-03-24,4430.9902
2015-03-25,4329.2900
2015-03-26,4315.2598
2015-03-27,4332.8599
2015-03-30,4382.8198
2015-03-31,4333.6899
2015-04-01,4311.2598
2015-04-02,4316.0098
2015-04-06,4350.9800
2015-04-07,4344.0801
2015-04-08,4375.9600
2015-04-09,4403.9502
2015-04-10,4422.0200
2015-04-13,4409.2100
2015-04-14,4397.6401
2015-04-15,4424.5298
2015-04-16,4418.8301
2015-04-17,4351.7998
2015-04-20,4417.3999
2015-04-21,4435.9800
2015-04-22,4460.8101
2015-04-23,4477.0698
2015-04-24,4536.7798
2015-04-27,4525.0400
2015-04-28,4515.2700
2015-04-29,4488.1499
2015-04-30,4414.2500
2015-05-01,4479.0601
2015-05-04,4482.6099
2015-05-05,4409.3901
2015-05-06,4379.7500
2015-05-07,4401.5498
2015-05-08,4458.6499
2015-05-11,4438.6401
2015-05-12,4420.6499
2015-05-13,4426.5601
2015-05-14,4495.0400
2015-05-15,4494.2900
2015-05-18,4512.9502
2015-05-19,4503.7202
2015-05-20,4505.2998
2015-05-21,4529.4702
2015-05-22,4527.1602
2015-05-26,4472.9600
2015-05-27,4546.0601
2015-05-28,4535.6602
2015-05-29,4508.2500
2015-06-01,4521.8501
2015-06-02,4508.8901
2015-06-03,4519.8599
2015-06-04,4487.0298
2015-06-05,4477.1899
2015-06-08,4431.5098
2015-06-09,4427.6099
2015-06-10,4485.4600
2015-06-11,4488.4702
2015-06-12,4453.7900
2015-06-15,4432.9199
2015-06-16,4455.8999
2015-06-17,4468.9800
2015-06-18,4531.8501
2015-06-19,4513.4199
2015-06-22,4544.0400
2015-06-23,4548.7402
2015-06-24,4524.6001
2015-06-25,4514.0098
2015-06-26,4484.2798
2015-06-29,4379.8701
2015-06-30,4396.7598
2015-07-01,4429.2300
2015-07-02,4433.3901
2015-07-06,4418.6602
2015-07-07,4429.0601
2015-07-08,4351.5801
2015-07-09,4352.0298
2015-07-10,4420.1499
2015-07-13,4494.4702
2015-07-14,4523.4702
2015-07-15,4528.3599
2015-07-16,4594.8999
2015-07-17,4661.6001
2015-07-20,4679.6802
2015-07-21,4674.4102
2015-07-22,4623.2402
2015-07-23,4602.8301
2015-07-24,4557.3701
2015-07-27,4519.0898
2015-07-28,4560.2300
2015-07-29,4581.6001
2015-07-30,4598.5898
2015-07-31,4588.9102
2015-08-03,4580.4600
2015-08-04,4567.4702
2015-08-05,4602.2402
2015-08-06,4528.5098
2015-08-07,4520.0801
2015-08-10,4573.1099
2015-08-11,4513.9902
2015-08-12,4528.1899
2015-08-13,4519.3198
2015-08-14,4530.7402
2015-08-17,4566.3701
2015-08-18,4542.0698
2015-08-19,4510.8999
2015-08-20,4385.1299
2015-08-21,4197.2700
2015-08-24,4038.6001
2015-08-25,4016.3201
2015-08-26,4219.6001
2015-08-27,4324.8198
2015-08-28,4329.1201
2015-08-31,4274.5801
2015-09-01,4142.6299
2015-09-02,4256.2300
2015-09-03,4234.6499
2015-09-04,4184.7202
2015-09-08,4303.5298
2015-09-09,4253.4502
2015-09-10,4296.2998
2015-09-11,4323.2300
2015-09-14,4308.7598
2015-09-15,4360.2798
2015-09-16,4383.6699
2015-09-17,4384.9600
2015-09-18,4323.8599
2015-09-21,4336.1299
2015-09-22,4274.1001
2015-09-23,4273.5298
2015-09-24,4261.1001
2015-09-25,4224.7402
2015-09-28,4103.4702
2015-09-29,4083.3701
2015-09-30,4181.0601
2015-10-01,4192.9600
2015-10-02,4267.4502
2015-10-05,4331.4302
2015-10-06,4306.7002
2015-10-07,4333.4600
2015-10-08,4350.1499
2015-10-09,4370.0098
2015-10-12,4382.5601
2015-10-13,4352.9399
2015-10-14,4346.9199
2015-10-15,4418.2202
2015-10-16,4438.6201
2015-10-19,4462.0698
2015-10-20,4438.1802
2015-10-21,4413.5200
2015-10-22,4503.2202
2015-10-23,4624.0898
2015-10-26,4630.8501
2015-10-27,4639.2300
2015-10-28,4678.5801
2015-10-29,4670.7598
2015-10-30,4648.8301
2015-11-02,4703.9199
2015-11-03,4719.0498
2015-11-04,4717.5498
2015-11-05,4702.8999
2015-11-06,4707.2300
2015-11-09,4655.5200
2015-11-10,4641.7300
2015-11-11,4636.9399
2015-11-12,4588.9302
2015-11-13,4502.1401
2015-11-16,4565.4702
2015-11-17,4565.8198
2015-11-18,4653.4399
2015-11-19,4655.3501
2015-11-20,4686.3599
2015-11-23,4674.7900
2015-11-24,4669.4102
2015-11-25,4672.8799
2015-11-27,4680.4702
2015-11-30,4664.5098
2015-12-01,4716.1602
2015-12-02,4686.2202
2015-12-03,4606.7500
2015-12-04,4716.1201
2015-12-07,4693.6201
2015-12-08,4694.7700
2015-12-09,4622.1401
2015-12-10,4643.0498
2015-12-11,4537.5601
2015-12-14,4570.1602
2015-12-15,4597.3301
2015-12-16,4664.5601
2015-12-17,4598.1401
2015-12-18,4514.8301
2015-12-21,4560.5498
2015-12-22,4589.2598
2015-12-23,4624.5898
2015-12-24,4622.7700
2015-12-28,4621.3501
2015-12-29,4691.0801
2015-12-30,4652.0098
2015-12-31,4593.2700
2016-01-04,4497.8599
2016-01-05,4484.1802
2016-01-06,4443.9902
2016-01-07,4305.7202
2016-01-08,4270.7798
2016-01-11,4283.5498
2016-01-12,4333.7202
2016-01-13,4183.1201
2016-01-14,4272.9702
2016-01-15,4141.0801
2016-01-19,4147.0698
2016-01-20,4136.2798
2016-01-21,4142.6001
2016-01-22,4259.7700
2016-01-25,4196.5298
2016-01-26,4233.8501
2016-01-27,4128.8599
2016-01-28,4186.0601
2016-01-29,4279.1699
2016-02-01,4286.5601
2016-02-02,4193.1001
2016-02-03,4171.9702
2016-02-04,4167.7700
2016-02-05,4024.4700
2016-02-08,3960.6699
2016-02-09,3947.8000
2016-02-10,3966.2800
2016-02-11,3962.2200
2016-02-12,4019.1899
2016-02-16,4104.3301
2016-02-17,4199.1001
2016-02-18,4151.4902
2016-02-19,4164.0898
2016-02-22,4231.2700
2016-02-23,4162.5400
2016-02-24,4200.6602
2016-02-25,4241.0601
2016-02-26,4235.6201
2016-02-29,4201.1201
2016-03-01,4333.6099
2016-03-02,4334.3901
2016-03-03,4325.8599
2016-03-04,4329.0000
2016-03-07,4303.3301
2016-03-08,4265.5098
2016-03-09,4293.2300
2016-03-10,4286.9702
2016-03-11,4361.8301
2016-03-14,4367.3301
2016-03-15,4367.0801
2016-03-16,4404.2002
2016-03-17,4400.2598
2016-03-18,4410.8301
2016-03-21,4426.9800
2016-03-22,4437.6201
2016-03-23,4402.5601
2016-03-24,4405.5298
2016-03-28,4398.0698
2016-03-29,4467.7202
2016-03-30,4490.8799
2016-03-31,4483.6602
2016-04-01,4532.0801
2016-04-04,4511.7002
2016-04-05,4470.7500
2016-04-06,4543.7798
2016-04-07,4475.2900
2016-04-08,4474.9302
2016-04-11,4458.7100
2016-04-12,4496.0400
2016-04-13,4554.7202
2016-04-14,4554.6299
2016-04-15,4543.1602
2016-04-18,4569.3101
2016-04-19,4537.0898
2016-04-20,4540.4399
2016-04-21,4540.7998
2016-04-22,4474.1899
2016-04-25,4474.1299
2016-04-26,4452.9702
2016-04-27,4416.6299
2016-04-28,4363.9902
2016-04-29,4341.2998
2016-05-02,4381.2998
2016-05-03,4341.3901
2016-05-04,4312.0098
2016-05-05,4309.4800
2016-05-06,4330.1699
2016-05-09,4341.2300
2016-05-10,4402.0400
2016-05-11,4361.0298
2016-05-12,4342.8101
2016-05-13,4326.5298
2016-05-16,4380.4800
2016-05-17,4322.5601
2016-05-18,4338.2300
2016-05-19,4315.5801
2016-05-20,4362.8999
2016-05-23,4355.1001
2016-05-24,4444.2998
2016-05-25,4476.4302
2016-05-26,4487.9600
2016-05-27,4512.5400
2016-05-31,4523.8901
2016-06-01,4520.0698
2016-06-02,4531.3501
2016-06-03,4509.7900
2016-06-06,4523.6299
2016-06-07,4513.0898
2016-06-08,4520.6299
2016-06-09,4512.6899
2016-06-10,4461.0498
2016-06-13,4422.7598
2016-06-14,4424.9102
2016-06-15,4409.5098
2016-06-16,4424.2300
2016-06-17,4374.3799
2016-06-20,4400.1602
2016-06-21,4413.3999
2016-06-22,4404.7300
2016-06-23,4467.4800
2016-06-24,4285.7002
2016-06-27,4201.0498
2016-06-28,4290.4702
2016-06-29,4364.7402
2016-06-30,4417.7002
2016-07-01,4437.4502
2016-07-05,4410.7500
2016-07-06,4444.7002
2016-07-07,4459.5801
2016-07-08,4528.3599
2016-07-11,4554.7100
2016-07-12,4577.6099
2016-07-13,4565.7700
2016-07-14,4596.4902
2016-07-15,4589.8301
2016-07-18,4619.6802
2016-07-19,4603.2798
2016-07-20,4657.2002
2016-07-21,4647.0200
2016-07-22,4666.0698
2016-07-25,4665.9302
2016-07-26,4672.1099
2016-07-27,4702.8799
2016-07-28,4721.4102
2016-07-29,4730.2300
2016-08-01,4756.0400
2016-08-02,4719.2100
2016-08-03,4734.3301
2016-08-04,4743.8101
2016-08-05,4791.2100
2016-08-08,4784.7402
2016-08-09,4795.7500
2016-08-10,4783.3901
2016-08-11,4803.3101
2016-08-12,4807.0801
2016-08-15,4827.1201
2016-08-16,4797.1899
2016-08-17,4805.4502
2016-08-18,4808.6802
2016-08-19,4806.1401
2016-08-22,4808.5601
2016-08-23,4818.4800
2016-08-24,4783.4902
2016-08-25,4775.4302
2016-08-26,4783.6899
2016-08-29,4791.0898
2016-08-30,4775.9902
2016-08-31,4771.0498
2016-09-01,4783.9399
2016-09-02,4798.7402
2016-09-06,4829.5098
2016-09-07,4831.8599
2016-09-08,4804.0000
2016-09-09,4681.5400
2016-09-12,4764.6499
2016-09-13,4722.8501
2016-09-14,4746.0601
2016-09-15,4819.8999
2016-09-16,4818.0498
2016-09-19,4796.0698
2016-09-20,4805.2202
2016-09-21,4853.7500
2016-09-22,4891.3599
2016-09-23,4858.9102
2016-09-26,4817.1699
2016-09-27,4866.7100
2016-09-28,4875.2700
2016-09-29,4838.2998
2016-09-30,4875.7002
2016-10-03,4866.6299
2016-10-04,4859.4702
2016-10-05,4877.7500
2016-10-06,4873.9199
2016-10-07,4864.5200
2016-10-10,4893.7700
2016-10-11,4821.9102
2016-10-12,4819.6401
2016-10-13,4803.1001
2016-10-14,4808.4800
2016-10-17,4796.1699
2016-10-18,4839.7202
2016-10-19,4836.6099
2016-10-20,4832.7100
2016-10-21,4851.8599
2016-10-24,4909.9702
2016-10-25,4891.4502
2016-10-26,4860.5898
2016-10-27,4836.4502
2016-10-28,4805.5898
2016-10-31,4801.2700
2016-11-01,4766.9399
2016-11-02,4726.9102
2016-11-03,4679.1001
2016-11-04,4660.4600
2016-11-07,4773.7300
2016-11-08,4804.9199
2016-11-09,4825.1802
2016-11-10,4747.0298
2016-11-11,4751.9502
2016-11-14,4702.0400
2016-11-15,4764.4702
2016-11-16,4792.2700
2016-11-17,4826.5898
2016-11-18,4808.0400
2016-11-21,4859.0000
2016-11-22,4873.8398
2016-11-23,4853.8599
2016-11-25,4870.0200
2016-11-28,4857.0200
2016-11-29,4873.2100
2016-11-30,4810.8101
2016-12-01,4734.1001
2016-12-02,4739.3701
2016-12-05,4778.1401
2016-12-06,4788.6699
2016-12-07,4851.9399
2016-12-08,4859.1899
2016-12-09,4895.8999
2016-12-12,4874.2998
2016-12-13,4935.8398
2016-12-14,4921.2202
2016-12-15,4933.4102
2016-12-16,4914.8599
2016-12-19,4934.8501
2016-12-20,4953.7998
2016-12-21,4948.9102
2016-12-22,4934.3901
2016-12-23,4940.0200
2016-12-27,4965.8101
2016-12-28,4926.2900
2016-12-29,4918.2798
2016-12-30,4863.6201
2017-01-03,4911.3301
2017-01-04,4937.2100
2017-01-05,4964.9502
2017-01-06,5007.0801
2017-01-09,5024.8999
2017-01-10,5035.1699
2017-01-11,5050.2100
2017-01-12,5041.4302
2017-01-13,5059.5098
2017-01-17,5044.6499
2017-01-18,5055.8501
2017-01-19,5051.1699
2017-01-20,5063.2002
2017-01-23,5065.7002
2017-01-24,5101.0601
2017-01-25,5151.4702
2017-01-26,5156.9199
2017-01-27,5168.0601
2017-01-30,5129.3301
2017-01-31,5116.7700
2017-02-01,5152.6899
2017-02-02,5147.7002
2017-02-03,5161.6001
2017-02-06,5167.9600
2017-02-07,5185.8799
2017-02-08,5196.5801
2017-02-09,5212.1602
2017-02-10,5226.6899
2017-02-13,5256.8198
2017-02-14,5271.0698
2017-02-15,5302.3901
2017-02-16,5300.6401
2017-02-17,5324.7202
2017-02-21,5350.7300
2017-02-22,5352.1299
2017-02-23,5332.3701
2017-02-24,5343.3101
2017-02-27,5347.5498
2017-02-28,5330.3101
2017-03-01,5390.9902
2017-03-02,5363.2598
2017-03-03,5373.4800
2017-03-06,5360.3101
2017-03-07,5351.2798
2017-03-08,5359.8101
2017-03-09,5363.9800
2017-03-10,5385.8999
2017-03-13,5394.5698
2017-03-14,5382.1699
2017-03-15,5416.2500
2017-03-16,5412.0801
2017-03-17,5408.7598
2017-03-20,5413.3101
2017-03-21,5332.5298
2017-03-22,5367.5498
2017-03-23,5355.1401
2017-03-24,5364.0000
2017-03-27,5374.2700
2017-03-28,5407.2100
2017-03-29,5430.2700
2017-03-30,5439.7402
2017-03-31,5436.2300
2017-04-03,5432.2002
2017-04-04,5440.4102
2017-04-05,5418.5200
2017-04-06,5420.8799
2017-04-07,5418.3701
2017-04-10,5421.6802
2017-04-11,5398.3999
2017-04-12,5377.0298
2017-04-13,5353.5898
2017-04-17,5399.2002
2017-04-18,5391.6602
2017-04-19,5399.6401
2017-04-20,5443.5298
2017-04-21,5442.0498
2017-04-24,5508.0298
2017-04-25,5548.1899
2017-04-26,5541.0898
2017-04-27,5571.2798
2017-04-28,5583.5298
2017-05-01,5629.6299
2017-05-02,5644.0698
2017-05-03,5625.1602
2017-05-04,5626.3198
2017-05-05,5646.0898
2017-05-08,5659.0698
2017-05-09,5678.3101
2017-05-10,5681.6802
2017-05-11,5674.2202
2017-05-12,5686.8101
2017-05-15,5704.4800
2017-05-16,5724.4399
2017-05-17,5580.5498
2017-05-18,5626.3101
2017-05-19,5651.5601
2017-05-22,5699.3999
2017-05-23,5703.3501
2017-05-24,5730.2998
2017-05-25,5778.3701
2017-05-26,5788.3599
2017-05-30,5794.6299
2017-05-31,5788.7998
2017-06-01,5816.5098
2017-06-02,5881.4600
2017-06-05,5878.1201
2017-06-06,5856.7700
2017-06-07,5877.5898
2017-06-08,5885.2998
2017-06-09,5741.9399
2017-06-12,5708.1802
2017-06-13,5751.8198
2017-06-14,5727.0698
2017-06-15,5700.8901
2017-06-16,5681.4800
2017-06-19,5772.2202
2017-06-20,5726.3101
2017-06-21,5782.3901
2017-06-22,5779.8701
2017-06-23,5803.1099
2017-06-26,5777.5898
2017-06-27,5671.6001
2017-06-28,5753.0298
2017-06-29,5653.0200
2017-06-30,5646.9199
2017-07-03,5596.9600
2017-07-05,5648.8198
2017-07-06,5597.8999
2017-07-07,5656.4702
2017-07-10,5694.1499
2017-07-11,5709.7998
2017-07-12,5778.9502
2017-07-13,5793.3599
2017-07-14,5838.0801
2017-07-17,5839.7402
2017-07-18,5880.1001
2017-07-19,5916.1602
2017-07-20,5921.2202
2017-07-21,5921.5298
2017-07-24,5941.3701
2017-07-25,5930.6499
2017-07-26,5950.7300
2017-07-27,5917.0298
2017-07-28,5908.9199
2017-07-31,5880.3301
2017-08-01,5895.1699
2017-08-02,5914.2300
2017-08-03,5891.2002
2017-08-04,5899.9102
2017-08-07,5934.7300
2017-08-08,5926.3501
2017-08-09,5919.3901
2017-08-10,5788.1899
2017-08-11,5831.5298
2017-08-14,5908.1699
2017-08-15,5907.7300
2017-08-16,5917.4199
2017-08-17,5796.3198
2017-08-18,5790.9102
2017-08-21,5786.5400
2017-08-22,5873.3301
2017-08-23,5851.7798
2017-08-24,5834.4399
2017-08-25,5822.5298
2017-08-28,5838.0801
2017-08-29,5862.1401
2017-08-30,5932.8999
2017-08-31,5988.6001
2017-09-01,5987.8999
2017-09-05,5932.7300
2017-09-06,5951.1299
2017-09-07,5964.3101
2017-09-08,5913.3701
2017-09-11,5980.5298
2017-09-12,5995.6401
2017-09-13,6004.3799
2017-09-14,5968.8198
2017-09-15,5988.0000
2017-09-18,5981.1201
2017-09-19,5991.0801
2017-09-20,5973.6099
2017-09-21,5934.9102
2017-09-22,5932.3198
2017-09-25,5867.3501
2017-09-26,5881.3398
2017-09-27,5937.7900
2017-09-28,5933.0698
2017-09-29,5979.2998
2017-10-02,5981.9199
2017-10-03,5995.0601
2017-10-04,5998.8398
2017-10-05,6057.1401
2017-10-06,6064.5698
2017-10-09,6058.5298
2017-10-10,6063.5200
2017-10-11,6081.2500
2017-10-12,6069.9902
2017-10-13,6092.4502
2017-10-16,6114.5298
2017-10-17,6122.6099
2017-10-18,6114.3501
2017-10-19,6092.6201
2017-10-20,6108.8198
2017-10-23,6067.8301
2017-10-24,6080.2202
2017-10-25,6055.0400
2017-10-26,6037.8701
2017-10-27,6213.4702
2017-10-30,6227.5898
2017-10-31,6248.5601
2017-11-01,6248.6499
2017-11-02,6236.3901
2017-11-03,6295.5801
2017-11-06,6313.6099
2017-11-07,6320.7798
2017-11-08,6345.8101
2017-11-09,6312.2100
2017-11-10,6309.0698
2017-11-13,6316.1802
2017-11-14,6293.6401
2017-11-15,6258.3599
2017-11-16,6339.1401
2017-11-17,6314.5098
2017-11-20,6308.6099
2017-11-21,6378.6299
2017-11-22,6386.1201
2017-11-24,6409.2900
2017-11-27,6405.9702
2017-11-28,6422.5601
2017-11-29,6311.3799
2017-11-30,6365.5601
2017-12-01,6337.8701
2017-12-04,6263.7002
2017-12-05,6265.1099
2017-12-06,6293.0498
2017-12-07,6316.2798
2017-12-08,6344.5698
2017-12-11,6393.8901
2017-12-12,6383.6499
2017-12-13,6394.6699
2017-12-14,6389.9102
2017-12-15,6466.3198
2017-12-18,6513.2700
2017-12-19,6480.6699
2017-12-20,6472.4800
2017-12-21,6472.6899
2017-12-22,6465.1699
2017-12-26,6433.1602
2017-12-27,6435.1499
2017-12-28,6441.4199
2017-12-29,6396.4199
2018-01-02,6511.3398
2018-01-03,6575.7998
2018-01-04,6584.5801
2018-01-05,6653.2900
2018-01-08,6676.6299
2018-01-09,6677.9399
2018-01-10,6662.6602
2018-01-11,6708.4902
2018-01-12,6758.5400
2018-01-16,6737.1401
2018-01-17,6810.2798
2018-01-18,6811.3799
2018-01-19,6834.3301
2018-01-22,6906.2798
2018-01-23,6963.4600
2018-01-24,6919.3501
2018-01-25,6916.2998
2018-01-26,7022.9702
2018-01-29,6988.3198
2018-01-30,6930.7300
2018-01-31,6949.9902
2018-02-01,6901.5000
2018-02-02,6760.2900
2018-02-05,6495.9199
2018-02-06,6665.9800
2018-02-07,6582.0200
2018-02-08,6306.1001
2018-02-09,6412.6802
2018-02-12,6523.8501
2018-02-13,6553.8599
2018-02-14,6675.0298
2018-02-15,6794.9199
2018-02-16,6770.6602
2018-02-20,6779.6899
2018-02-21,6759.2598
2018-02-22,6761.8501
2018-02-23,6896.6001
2018-02-26,6989.1001
2018-02-27,6900.3501
2018-02-28,6854.4199
2018-03-01,6750.5400
2018-03-02,6811.0400
2018-03-05,6881.2798
2018-03-06,6913.0200
2018-03-07,6929.3901
2018-03-08,6966.4302
2018-03-09,7101.1802
2018-03-12,7131.1201
2018-03-13,7046.5098
2018-03-14,7040.9800
2018-03-15,7030.9702
2018-03-16,7019.9502
2018-03-19,6864.8799
2018-03-20,6885.9199
2018-03-21,6853.4502
2018-03-22,6682.2598
2018-03-23,6508.0898
2018-03-26,6753.8301
2018-03-27,6529.8398
2018-03-28,6460.8101
2018-03-29,6581.1299
2018-04-02,6390.8398
2018-04-03,6458.8301
2018-04-04,6560.0601
2018-04-05,6594.8398
2018-04-06,6433.2100
2018-04-09,6472.3398
2018-04-10,6615.8701
2018-04-11,6583.4399
2018-04-12,6656.2598
2018-04-13,6628.3398
2018-04-16,6675.1802
2018-04-17,6816.3701
2018-04-18,6833.2100
2018-04-19,6774.8901
2018-04-20,6667.7500
2018-04-23,6648.7998
2018-04-24,6509.0498
2018-04-25,6513.9399
2018-04-26,6649.6499
2018-04-27,6656.3501
2018-04-30,6605.5698
2018-05-01,6681.9600
2018-05-02,6644.4800
2018-05-03,6643.4800
2018-05-04,6769.1201
2018-05-07,6821.8701
2018-05-08,6815.4800
2018-05-09,6893.2100
2018-05-10,6963.5498
2018-05-11,6952.5601
2018-05-14,6964.3701
2018-05-15,6888.5400
2018-05-16,6929.9702
2018-05-17,6901.6299
2018-05-18,6866.2500
2018-05-21,6905.5298
2018-05-22,6893.6201
2018-05-23,6953.6299
2018-05-24,6949.7002
2018-05-25,6960.9199
2018-05-29,6926.5400
2018-05-30,6976.3701
2018-05-31,6967.7300
2018-06-01,7083.9302
2018-06-04,7143.5698
2018-06-05,7166.7500
2018-06-06,7210.0801
2018-06-07,7152.8301
2018-06-08,7152.6201
2018-06-11,7168.4800
2018-06-12,7209.1802
2018-06-13,7205.2598
2018-06-14,7279.5898
2018-06-15,7255.7598
2018-06-18,7251.4102
2018-06-19,7228.0400
2018-06-20,7280.7002
2018-06-21,7217.4902
2018-06-22,7197.5098
2018-06-25,7038.1699
2018-06-26,7068.2002
2018-06-27,6969.6699
2018-06-28,7031.6001
2018-06-29,7040.7998
2018-07-02,7097.8198
2018-07-03,7014.5498
2018-07-05,7101.0498
2018-07-06,7207.3301
2018-07-09,7276.0000
2018-07-10,7282.6001
2018-07-11,7243.9800
2018-07-12,7366.2500
2018-07-13,7375.8198
2018-07-16,7357.8999
2018-07-17,7403.8901
2018-07-18,7390.1299
2018-07-19,7352.3599
2018-07-20,7350.2300
2018-07-23,7371.7798
2018-07-24,7406.2500
2018-07-25,7508.5898
2018-07-26,7400.7500
2018-07-27,7296.7798
2018-07-30,7193.1001
2018-07-31,7231.9800
2018-08-01,7272.8901
2018-08-02,7372.1499
2018-08-03,7395.4902
2018-08-06,7438.9902
2018-08-07,7462.6499
2018-08-08,7469.5498
2018-08-09,7466.9600
2018-08-10,7408.2998
2018-08-13,7401.1699
2018-08-14,7447.1699
2018-08-15,7354.6602
2018-08-16,7374.2900
2018-08-17,7377.5400
2018-08-20,7371.4199
2018-08-21,7397.2300
2018-08-22,7424.6001
2018-08-23,7413.8398
2018-08-24,7485.3999
2018-08-27,7559.1299
2018-08-28,7570.2500
2018-08-29,7660.1802
2018-08-30,7642.6699
2018-08-31,7654.5498
2018-09-04,7622.3198
2018-09-05,7523.2598
2018-09-06,7453.1699
2018-09-07,7430.2598
2018-09-10,7447.6802
2018-09-11,7507.8701
2018-09-12,7488.0601
2018-09-13,7561.6899
2018-09-14,7545.5000
2018-09-17,7434.7300
2018-09-18,7494.3999
2018-09-19,7490.3198
2018-09-20,7569.0298
2018-09-21,7531.0698
2018-09-24,7548.7500
2018-09-25,7563.1899
2018-09-26,7563.0898
2018-09-27,7629.5698
2018-09-28,7627.6499
2018-10-01,7645.4502
2018-10-02,7628.2798
2018-10-03,7637.4302
2018-10-04,7490.0000
2018-10-05,7399.0098
2018-10-08,7352.8198
2018-10-09,7371.6201
2018-10-10,7044.5000
2018-10-11,6964.0298
2018-10-12,7157.2100
2018-10-15,7068.6699
2018-10-16,7276.4302
2018-10-17,7278.6299
2018-10-18,7116.0898
2018-10-19,7107.2300
2018-10-22,7141.2100
2018-10-23,7118.6699
2018-10-24,6789.1499
2018-10-25,7016.3901
2018-10-26,6852.3999
2018-10-29,6713.8999
2018-10-30,6810.1201
2018-10-31,6967.1001
2018-11-01,7069.1699
2018-11-02,6965.2900
2018-11-05,6937.0898
2018-11-06,6988.8501
2018-11-07,7203.1299
2018-11-08,7158.5898
2018-11-09,7039.1499
2018-11-12,6829.1001
2018-11-13,6830.9102
2018-11-14,6769.8701
2018-11-15,6890.4502
2018-11-16,6867.0200
2018-11-19,6642.9199
2018-11-20,6526.9600
2018-11-21,6575.6602
2018-11-23,6527.3501
2018-11-26,6678.3398
2018-11-27,6701.0400
2018-11-28,6913.3301
2018-11-29,6892.3999
2018-11-30,6949.0098
2018-12-03,7062.1299
2018-12-04,6795.2100
2018-12-06,6838.8501
2018-12-07,6613.2798
2018-12-10,6682.7402
2018-12-11,6704.2402
2018-12-12,6763.9600
2018-12-13,6767.9702
2018-12-14,6594.9600
2018-12-17,6448.3901
2018-12-18,6491.5200
2018-12-19,6342.9702
2018-12-20,6243.1899
2018-12-21,6046.5601
2018-12-24,5899.3501
2018-12-26,6262.7700
2018-12-27,6288.2998
2018-12-28,6285.2700
2018-12-31,6329.9702
2019-01-02,6360.8701
2019-01-03,6147.1299
2019-01-04,6422.6699
2019-01-07,6488.2500
2019-01-08,6551.8501
2019-01-09,6600.6899
2019-01-10,6620.9399
2019-01-11,6601.3999
2019-01-14,6541.0400
2019-01-15,6669.6401
2019-01-16,6668.5601
2019-01-17,6718.4502
2019-01-18,6784.6099
2019-01-22,6646.8101
2019-01-23,6658.7598
2019-01-24,6702.5498
2019-01-25,6787.3701
2019-01-28,6697.0898
2019-01-29,6632.7900
2019-01-30,6807.9102
2019-01-31,6906.8398
2019-02-01,6875.5200
2019-02-04,6959.9600
2019-02-05,7023.5200
2019-02-06,6997.6201
2019-02-07,6904.9800
2019-02-08,6913.1299
2019-02-11,6909.1802
2019-02-12,7014.6699
2019-02-13,7015.8799
2019-02-14,7022.4199
2019-02-15,7055.1802
2019-02-19,7066.6099
2019-02-20,7062.3398
2019-02-21,7035.1602
2019-02-22,7090.6299
2019-02-25,7115.4302
2019-02-26,7123.2202
2019-02-27,7117.0000
2019-02-28,7097.5298
2019-03-01,7151.5698
2019-03-04,7150.8301
2019-03-05,7156.7900
2019-03-06,7112.4702
2019-03-07,7026.8799
2019-03-08,7015.6899
2019-03-11,7164.0200
2019-03-12,7201.2798
2019-03-13,7256.9800
2019-03-14,7243.0098
2019-03-15,7306.9902
2019-03-18,7326.2798
2019-03-19,7349.2798
2019-03-20,7380.7500
2019-03-21,7493.2700
2019-03-22,7326.0601
2019-03-25,7316.9600
2019-03-26,7351.1499
2019-03-27,7308.1899
2019-03-28,7320.4702
2019-03-29,7378.7700
2019-04-01,7478.4199
2019-04-02,7499.6401
2019-04-03,7544.9702
2019-04-04,7540.5698
2019-04-05,7578.8398
2019-04-08,7599.7402
2019-04-09,7568.4902
2019-04-10,7611.4902
2019-04-11,7594.8901
2019-04-12,7628.1499
2019-04-15,7629.1201
2019-04-16,7654.7300
2019-04-17,7680.7202
2019-04-18,7689.7202
2019-04-22,7713.4902
2019-04-23,7810.7100
2019-04-24,7784.4102
2019-04-25,7816.9199
2019-04-26,7826.6802
2019-04-29,7839.0400
2019-04-30,7781.4600
2019-05-01,7751.8501
2019-05-02,7724.0601
2019-05-03,7845.7300
2019-05-06,7794.0898
2019-05-07,7640.1499
2019-05-08,7617.5498
2019-05-09,7582.7500
2019-05-10,7586.5298
2019-05-13,7324.1299
2019-05-14,7401.8799
2019-05-15,7503.2500
2019-05-16,7580.1401
2019-05-17,7503.6802
2019-05-20,7376.7002
2019-05-21,7451.0200
2019-05-22,7420.6602
2019-05-23,7307.9302
2019-05-24,7300.9600
2019-05-28,7278.3799
2019-05-29,7216.8599
2019-05-30,7245.3999
2019-05-31,7127.9600
2019-06-03,6978.0200
2019-06-04,7166.7500
2019-06-05,7220.8999
2019-06-06,7275.9302
2019-06-07,7417.2900
2019-06-10,7501.9302
2019-06-11,7513.8501
2019-06-12,7472.2900
2019-06-13,7510.6802
2019-06-14,7479.1099
2019-06-17,7526.5200
2019-06-18,7635.3999
2019-06-19,7667.7402
2019-06-20,7738.0498
2019-06-21,7728.7798
2019-06-24,7723.0200
2019-06-25,7591.5400
2019-06-26,7627.0498
2019-06-27,7657.0498
2019-06-28,7671.0801
2019-07-01,7768.1401
2019-07-02,7799.8198
2019-07-03,7857.6899
2019-07-05,7841.2998
2019-07-08,7785.7900
2019-07-09,7826.8599
2019-07-10,7903.3999
2019-07-11,7896.7798
2019-07-12,7943.2402
2019-07-15,7966.9302
2019-07-16,7927.0801
2019-07-17,7888.7598
2019-07-18,7904.1299
2019-07-19,7834.8999
2019-07-22,7905.1201
2019-07-23,7954.5601
2019-07-24,8010.6099
2019-07-25,7929.8701
2019-07-26,8016.9502
2019-07-29,7989.0801
2019-07-30,7952.4702
2019-07-31,7848.7798
2019-08-01,7801.1499
2019-08-02,7692.7998
2019-08-05,7415.6899
2019-08-06,7521.3198
2019-08-07,7551.8999
2019-08-08,7724.8301
2019-08-09,7646.2700
2019-08-12,7561.6802
2019-08-13,7728.1499
2019-08-14,7490.1299
2019-08-15,7484.8901
2019-08-16,7604.1099
2019-08-19,7719.3198
2019-08-20,7664.4702
2019-08-21,7733.2202
2019-08-22,7707.4302
2019-08-23,7464.9902
2019-08-26,7575.0200
2019-08-27,7566.0298
2019-08-28,7587.8999
2019-08-29,7702.3101
2019-08-30,7691.0000
2019-09-03,7609.5098
2019-09-04,7719.2500
2019-09-05,7862.5400
2019-09-06,7852.5400
2019-09-09,7832.3999
2019-09-10,7814.7402
2019-09-11,7887.5801
2019-09-12,7917.3398
2019-09-13,7892.9502
2019-09-16,7852.4102
2019-09-17,7888.7900
2019-09-18,7888.5601
2019-09-19,7901.7900
2019-09-20,7823.5498
2019-09-23,7818.6099
2019-09-24,7710.0400
2019-09-25,7803.5400
2019-09-26,7771.9902
2019-09-27,7681.5801
2019-09-30,7749.4502
2019-10-01,7684.1401
2019-10-02,7550.7900
2019-10-03,7638.3901
2019-10-04,7754.1001
2019-10-07,7725.1299
2019-10-08,7604.2700
2019-10-09,7690.5298
2019-10-10,7740.3599
2019-10-11,7843.8799
2019-10-14,7842.3301
2019-10-15,7942.8501
2019-10-16,7920.2100
2019-10-17,7942.1401
2019-10-18,7868.4902
2019-10-21,7940.3301
2019-10-22,7874.6201
2019-10-23,7889.4702
2019-10-24,7966.7202
2019-10-25,8029.2202
2019-10-28,8110.6699
2019-10-29,8047.5098
2019-10-30,8083.1099
2019-10-31,8083.8301
2019-11-01,8161.1699
2019-11-04,8210.6602
2019-11-05,8210.1797
2019-11-06,8196.0303
2019-11-07,8219.6504
2019-11-08,8255.8896
2019-11-11,8241.9102
2019-11-12,8263.7900
2019-11-13,8259.8096
2019-11-14,8257.8301
2019-11-15,8315.5195
2019-11-18,8328.4805
2019-11-19,8338.7402
2019-11-20,8283.7500
2019-11-21,8265.6201
2019-11-22,8272.0498
2019-11-25,8371.9297
2019-11-26,8385.7500
2019-11-27,8444.7100
2019-11-29,8403.6797
2019-12-02,8309.2598
2019-12-03,8254.7402
2019-12-04,8296.5303
2019-12-05,8308.4004
2019-12-06,8397.3701
2019-12-09,8362.7402
2019-12-10,8354.2900
2019-12-11,8402.6104
2019-12-12,8466.8896
2019-12-13,8487.7100
2019-12-16,8570.3301
2019-12-17,8575.7002
2019-12-18,8580.6201
2019-12-19,8641.2900
2019-12-20,8678.4902
2019-12-23,8696.0098
2019-12-24,8699.5098
2019-12-26,8778.3096
2019-12-27,8770.9805
2019-12-30,8709.7305
2019-12-31,8733.0703
2020-01-02,8872.2197
2020-01-03,8793.9004
2020-01-06,8848.5195
2020-01-07,8846.4502
2020-01-08,8912.3701
2020-01-09,8989.6299
2020-01-10,8966.6396
2020-01-13,9070.6504
2020-01-14,9033.4199
2020-01-15,9035.6699
2020-01-16,9125.0000
2020-01-17,9173.7305
2020-01-21,9166.6299
2020-01-22,9188.5801
2020-01-23,9216.9805
2020-01-24,9141.4697
2020-01-27,8952.1797
2020-01-28,9090.9297
2020-01-29,9101.6104
2020-01-30,9136.0898
2020-01-31,8991.5098
2020-02-03,9126.2305
2020-02-04,9334.0596
2020-02-05,9367.4805
2020-02-06,9445.9199
2020-02-07,9401.0996
2020-02-10,9516.8398
2020-02-11,9517.8604
2020-02-12,9613.2002
2020-02-13,9595.7002
2020-02-14,9623.5801
2020-02-18,9629.7998
2020-02-19,9718.7305
2020-02-20,9627.8301
2020-02-21,9446.6904
2020-02-24,9079.6299
2020-02-25,8834.8701
2020-02-26,8873.7598
2020-02-27,8436.6699
2020-02-28,8461.8301
2020-03-02,8877.9805
2020-03-03,8594.4902
2020-03-04,8949.2803
2020-03-05,8671.6602
2020-03-06,8530.3398
2020-03-09,7948.0298
2020-03-10,8372.2695
2020-03-11,8006.1201
2020-03-12,7263.6499
2020-03-13,7995.2598
2020-03-16,7020.3799
2020-03-17,7473.9502
2020-03-18,7175.1802
2020-03-19,7288.5200
2020-03-20,6994.2900
2020-03-23,7006.9199
2020-03-24,7553.8301
2020-03-25,7469.6201
2020-03-26,7897.1299
2020-03-27,7588.3701
2020-03-30,7889.0098
2020-03-31,7813.5000
2020-04-01,7486.2900
2020-04-02,7635.6602
2020-04-03,7528.1099
2020-04-06,8081.6602
2020-04-07,8049.3101
2020-04-08,8229.5400
2020-04-09,8238.5303
2020-04-13,8332.7402
2020-04-14,8692.1602
2020-04-15,8591.9600
2020-04-16,8757.8301
2020-04-17,8832.4102
2020-04-20,8726.5098
2020-04-21,8403.0000
2020-04-22,8664.6396
2020-04-23,8641.5000
2020-04-24,8786.5996
2020-04-27,8837.6602
2020-04-28,8677.5996
2020-04-29,8982.7598
2020-04-30,9000.5098
2020-05-01,8718.1797
2020-05-04,8834.1104
2020-05-05,8930.6201
2020-05-06,8984.8604
2020-05-07,9101.8799
2020-05-08,9220.3496
2020-05-11,9298.9199
2020-05-12,9112.4502
2020-05-13,9000.0801
2020-05-14,9094.4199
2020-05-15,9152.6396
2020-05-18,9331.9297
2020-05-19,9298.5400
2020-05-20,9485.0195
2020-05-21,9377.9902
2020-05-22,9413.9902
2020-05-26,9389.9805
2020-05-27,9442.0498
2020-05-28,9416.7100
2020-05-29,9555.5303
2020-06-01,9598.8896
2020-06-02,9657.3096
2020-06-03,9704.6904
2020-06-04,9629.6602
2020-06-05,9824.3896
2020-06-08,9901.5195
2020-06-09,9967.1699
2020-06-10,10094.2598
2020-06-11,9588.4805
2020-06-12,9663.7803
2020-06-15,9776.8896
2020-06-16,9949.3701
2020-06-17,9982.4805
2020-06-18,10012.0498
2020-06-19,10008.6396
2020-06-22,10130.3301
2020-06-23,10209.8203
2020-06-24,10002.7002
2020-06-25,10101.8301
2020-06-26,9849.3604
2020-06-29,9961.1602
2020-06-30,10156.8496
2020-07-01,10279.2500
2020-07-02,10341.8896
2020-07-06,10604.0596
2020-07-07,10524.0098
2020-07-08,10666.7002
2020-07-09,10754.5898
2020-07-10,10836.3301
2020-07-13,10602.2100
2020-07-14,10689.5195
2020-07-15,10701.6797
2020-07-16,10626.4600
2020-07-17,10645.2197
2020-07-20,10952.0801
2020-07-21,10833.0703
2020-07-22,10870.7500
2020-07-23,10580.5898
2020-07-24,10483.1299
2020-07-27,10674.3799
2020-07-28,10532.5000
2020-07-29,10662.9805
2020-07-30,10715.5098
2020-07-31,10905.8799
2020-08-03,11055.0801
2020-08-04,11096.5400
2020-08-05,11125.4404
2020-08-06,11267.0801
2020-08-07,11139.3896
2020-08-10,11085.1699
2020-08-11,10876.0801
2020-08-12,11157.7197
2020-08-13,11178.3701
2020-08-14,11164.4502
2020-08-17,11288.5703
2020-08-18,11399.0303
2020-08-19,11318.6396
2020-08-20,11477.0498
2020-08-21,11555.1602
2020-08-24,11626.1699
2020-08-25,11721.8096
2020-08-26,11971.9404
2020-08-27,11926.1602
2020-08-28,11995.8496
2020-08-31,12110.7002
2020-09-01,12292.8604
2020-09-02,12420.5400
2020-09-03,11771.3701
2020-09-04,11622.1299
2020-09-08,11068.2598
2020-09-09,11395.8496
2020-09-10,11154.1201
2020-09-11,11087.4004
2020-09-14,11277.7598
2020-09-15,11438.8701
2020-09-16,11247.5996
2020-09-17,11080.9502
2020-09-18,10936.9805
2020-09-21,10980.2197
2020-09-22,11186.3701
2020-09-23,10833.3301
2020-09-24,10896.4697
2020-09-25,11151.1299
2020-09-28,11364.4502
2020-09-29,11322.9502
2020-09-30,11418.0596
2020-10-01,11583.2002
2020-10-02,11255.6904
2020-10-05,11509.0596
2020-10-06,11291.2695
2020-10-07,11503.1904
2020-10-08,11550.9404
2020-10-09,11725.8496
2020-10-12,12088.1104
2020-10-13,12083.1699
2020-10-14,11985.3604
2020-10-15,11898.5703
2020-10-16,11852.1699
2020-10-19,11634.3496
2020-10-20,11677.8398
2020-10-21,11665.3701
2020-10-22,11662.9102
2020-10-23,11692.5703
2020-10-26,11504.5195
2020-10-27,11598.9502
2020-10-28,11142.7598
2020-10-29,11350.7402
2020-10-30,11052.9502
2020-11-02,11084.7598
2020-11-03,11279.9102
2020-11-04,11777.0195
2020-11-05,12078.0703
2020-11-06,12091.3496
2020-11-09,11830.3896
2020-11-10,11624.2900
2020-11-11,11892.9297
2020-11-12,11827.1396
2020-11-13,11937.8398
2020-11-16,12013.3799
2020-11-17,11977.4902
2020-11-18,11894.7100
2020-11-19,11985.4297
2020-11-20,11906.4404
2020-11-23,11905.9404
2020-11-24,12079.8096
2020-11-25,12152.2197
2020-11-27,12258.2100
2020-11-30,12268.3203
2020-12-01,12455.3301
2020-12-02,12456.4102
2020-12-03,12467.1299
2020-12-04,12528.4805
2020-12-07,12596.4697
2020-12-08,12635.7197
2020-12-09,12364.6396
2020-12-10,12401.7402
2020-12-11,12375.4102
2020-12-14,12462.2100
2020-12-15,12595.9199
2020-12-16,12668.1602
2020-12-17,12752.0596
2020-12-18,12738.1797
2020-12-21,12690.2598
2020-12-22,12717.5596
2020-12-23,12653.1396
2020-12-24,12711.0098
2020-12-28,12838.8604
2020-12-29,12843.4902
2020-12-30,12845.3604
2020-12-31,12888.2803
2021-01-04,12694.6602
2021-01-05,12802.3799
2021-01-06,12623.3496
2021-01-07,12939.5703
2021-01-08,13105.2002
2021-01-11,12902.4902
2021-01-12,12892.0898
2021-01-13,12973.6299
2021-01-14,12898.6904
2021-01-15,12803.9297
2021-01-19,12996.5400
2021-01-20,13296.4502
2021-01-21,13404.9902
2021-01-22,13366.4004
2021-01-25,13483.2900
2021-01-26,13490.1904
2021-01-27,13112.6504
2021-01-28,13201.5303
2021-01-29,12925.3799
2021-02-01,13248.9004
2021-02-02,13456.1201
2021-02-03,13402.3701
2021-02-04,13560.8896
2021-02-05,13603.9600
2021-02-08,13695.0195
2021-02-09,13687.0801
2021-02-10,13655.2695
2021-02-11,13734.3496
2021-02-12,13807.7002
2021-02-16,13773.7695
2021-02-17,13699.7100
2021-02-18,13637.5098
2021-02-19,13580.7803
2021-02-22,13223.7402
2021-02-23,13194.7100
2021-02-24,13302.1904
2021-02-25,12828.3096
2021-02-26,12909.4404
2021-03-01,13282.9502
2021-03-02,13059.9502
2021-03-03,12683.3301
2021-03-04,12464.0000
2021-03-05,12668.5098
2021-03-08,12299.0801
2021-03-09,12794.4902
2021-03-10,12752.0703
2021-03-11,13052.9004
2021-03-12,12937.2900
2021-03-15,13082.5400
2021-03-16,13152.2803
2021-03-17,13202.3799
2021-03-18,12789.1396
2021-03-19,12866.9902
2021-03-22,13086.5098
2021-03-23,13017.7900
2021-03-24,12798.8799
2021-03-25,12780.5098
2021-03-26,12979.1201
2021-03-29,12965.7402
2021-03-30,12896.5303
2021-03-31,13091.4404
2021-04-01,13329.5195
2021-04-05,13598.1602
2021-04-06,13578.4600
2021-04-07,13616.7002
2021-04-08,13758.5098
2021-04-09,13845.0596
2021-04-12,13819.3496
2021-04-13,13986.4902
2021-04-14,13803.9102
2021-04-15,14026.1904
2021-04-16,14041.9102
2021-04-19,13907.6699
2021-04-20,13809.2998
2021-04-21,13935.1504
2021-04-22,13762.3604
2021-04-23,13941.4404
2021-04-26,14026.1602
2021-04-27,13960.2803
2021-04-28,13901.6201
2021-04-29,13970.2002
2021-04-30,13860.7598
2021-05-03,13799.7197
2021-05-04,13544.6699
2021-05-05,13503.3701
2021-05-06,13613.7305
2021-05-07,13719.6299
2021-05-10,13359.0801
2021-05-11,13351.2695
2021-05-12,13001.6299
2021-05-13,13109.1504
2021-05-14,13393.1201
2021-05-17,13312.9102
2021-05-18,13217.6797
2021-05-19,13237.9102
2021-05-20,13494.0898
2021-05-21,13411.7402
2021-05-24,13641.7500
2021-05-25,13657.7305
2021-05-26,13702.7402
2021-05-27,13657.8496
2021-05-28,13686.5098
2021-06-01,13654.5898
2021-06-02,13675.7900
2021-06-03,13529.6797
2021-06-04,13770.7695
2021-06-07,13802.8896
2021-06-08,13810.8604
2021-06-09,13814.9404
2021-06-10,13960.3496
2021-06-11,13998.2998
2021-06-14,14128.2002
2021-06-15,14030.4102
2021-06-16,13983.0098
2021-06-17,14163.8096
2021-06-18,14049.5801
2021-06-21,14137.2305
2021-06-22,14270.4199
2021-06-23,14274.2402
2021-06-24,14365.9600
2021-06-25,14345.1797
2021-06-28,14524.9805
2021-06-29,14572.7500
2021-06-30,14554.7998
2021-07-01,14560.0498
2021-07-02,14727.6299
2021-07-06,14786.3604
2021-07-07,14810.5400
2021-07-08,14722.1396
2021-07-09,14826.0898
2021-07-12,14877.8896
2021-07-13,14874.5400
2021-07-14,14900.4404
2021-07-15,14794.6904
2021-07-16,14681.3799
2021-07-19,14549.0898
2021-07-20,14728.2100
2021-07-21,14842.6299
2021-07-22,14940.1699
2021-07-23,15111.7900
2021-07-26,15125.9502
2021-07-27,14956.9697
2021-07-28,15018.0996
2021-07-29,15048.3604
2021-07-30,14959.9004
2021-08-02,14963.6201
2021-08-03,15061.4199
2021-08-04,15083.3896
2021-08-05,15181.6396
2021-08-06,15109.3604
2021-08-09,15133.1104
2021-08-10,15053.5801
2021-08-11,15027.7598
2021-08-12,15088.9805
2021-08-13,15136.6797
2021-08-16,15140.7695
2021-08-17,15002.8301
2021-08-18,14857.9199
2021-08-19,14933.9404
2021-08-20,15092.5703
2021-08-23,15312.8203
2021-08-24,15357.6797
2021-08-25,15368.9199
2021-08-26,15278.5195
2021-08-27,15432.9502
2021-08-30,15605.0898
2021-08-31,15582.5098
2021-09-01,15611.5703
2021-09-02,15604.2500
2021-09-03,15652.8604
2021-09-07,15675.7598
2021-09-08,15620.8496
2021-09-09,15561.0498
2021-09-10,15440.7500
2021-09-13,15434.5000
2021-09-14,15382.9004
2021-09-15,15503.5303
2021-09-16,15515.9102
2021-09-17,15333.4697
2021-09-20,15012.1904
2021-09-21,15027.7695
2021-09-22,15176.5098
2021-09-23,15316.5801
2021-09-24,15329.6797
2021-09-27,15204.8203
2021-09-28,14770.2998
2021-09-29,14752.8896
2021-09-30,14689.6201
2021-10-01,14791.8701
2021-10-04,14472.1201
2021-10-05,14674.1504
2021-10-06,14766.7500
2021-10-07,14897.1299
2021-10-08,14820.7500
2021-10-11,14713.7305
2021-10-12,14662.1104
2021-10-13,14774.5996
2021-10-14,15052.4199
2021-10-15,15146.9199
2021-10-18,15300.8896
2021-10-19,15410.7197
2021-10-20,15388.7100
2021-10-21,15489.5898
2021-10-22,15355.0703
2021-10-25,15514.1904
2021-10-26,15559.4902
2021-10-27,15598.3896
2021-10-28,15778.1602
2021-10-29,15850.4697
2021-11-01,15905.2803
2021-11-02,15972.4902
2021-11-03,16144.5000
2021-11-04,16346.2402
2021-11-05,16359.3799
2021-11-08,16336.0303
2021-11-09,16219.9404
2021-11-10,15985.5703
2021-11-11,16032.4697
2021-11-12,16199.8896
2021-11-15,16189.1201
2021-11-16,16309.7695
2021-11-17,16308.0703
2021-11-18,16482.9707
2021-11-19,16573.3398
2021-11-22,16380.9805
2021-11-23,16306.7197
2021-11-24,16367.8096
2021-11-26,16025.5801
2021-11-29,16399.2402
2021-11-30,16135.9199
2021-12-01,15877.7197
2021-12-02,15990.7598
2021-12-03,15712.0400
2021-12-06,15846.1602
2021-12-07,16325.6602
2021-12-08,16394.3398
2021-12-09,16149.5703
2021-12-10,16331.9805
2021-12-13,16082.5498
2021-12-14,15914.9004
2021-12-15,16289.5898
2021-12-16,15863.9404
2021-12-17,15801.4600
2021-12-20,15627.6396
2021-12-21,15986.2803
2021-12-22,16180.1396
2021-12-23,16308.2100
2021-12-27,16567.5000
2021-12-28,16488.6602
2021-12-29,16491.0098
2021-12-30,16429.0996
2021-12-31,16320.0801
2022-01-03,16501.7695
2022-01-04,16279.7305
2022-01-05,15771.7803
2022-01-06,15765.3604
2022-01-07,15592.1904
2022-01-10,15614.4297
2022-01-11,15844.1201
2022-01-12,15905.0996
2022-01-13,15495.6201
2022-01-14,15611.5898
2022-01-18,15210.7598
2022-01-19,15047.8398
2022-01-20,14846.4600
2022-01-21,14438.4004
2022-01-24,14509.5801
2022-01-25,14149.1201
2022-01-26,14172.7598
2022-01-27,14003.1104
2022-01-28,14454.6104
2022-01-31,14930.0498
2022-02-01,15019.6797
2022-02-02,15139.7402
2022-02-03,14501.1104
2022-02-04,14694.3496
2022-02-07,14571.2500
2022-02-08,14747.0303
2022-02-09,15056.9600
2022-02-10,14705.6396
2022-02-11,14253.8398
2022-02-14,14268.5898
2022-02-15,14620.8203
2022-02-16,14603.6396
2022-02-17,14171.7402
2022-02-18,14009.5400
2022-02-22,13870.5303
2022-02-23,13509.4297
2022-02-24,13974.6699
2022-02-25,14189.1602
2022-02-28,14237.8096
2022-03-01,14005.9902
2022-03-02,14243.6904
2022-03-03,14035.2100
2022-03-04,13837.8301
2022-03-07,13319.3799
2022-03-08,13267.6104
2022-03-09,13742.2002
2022-03-10,13591.0000
2022-03-11,13301.8301
2022-03-14,13046.6396
2022-03-15,13458.5596
2022-03-16,13956.7900
2022-03-17,14118.5996
2022-03-18,14420.0801
2022-03-21,14376.0898
2022-03-22,14654.3301
2022-03-23,14447.5498
2022-03-24,14765.6904
2022-03-25,14754.3096
2022-03-28,14987.4004
2022-03-29,15239.3203
2022-03-30,15071.5498
2022-03-31,14838.4902
2022-04-01,14861.2100
2022-04-04,15159.5801
2022-04-05,14820.6396
2022-04-06,14498.8896
2022-04-07,14531.8096
2022-04-08,14327.2598
2022-04-11,13990.2100
2022-04-12,13940.2402
2022-04-13,14217.2900
2022-04-14,13893.2100
2022-04-18,13910.7598
2022-04-19,14210.2598
2022-04-20,13998.5303
2022-04-21,13720.4502
2022-04-22,13356.8701
2022-04-25,13533.2197
2022-04-26,13009.7100
2022-04-27,13003.3604
2022-04-28,13456.0596
2022-04-29,12854.7998
2022-05-02,13075.8496
2022-05-03,13089.9004
2022-05-04,13535.7100
2022-05-05,12850.5498
2022-05-06,12693.5303
2022-05-09,12187.7197
2022-05-10,12345.8604
2022-05-11,11967.5596
2022-05-12,11945.5000
2022-05-13,12387.4004
2022-05-16,12243.5801
2022-05-17,12564.0996
2022-05-18,11928.3096
2022-05-19,11875.6299
2022-05-20,11835.6201
2022-05-23,12034.2803
2022-05-24,11769.8398
2022-05-25,11943.9297
2022-05-26,12276.7900
2022-05-27,12681.4199
2022-05-31,12642.0996
2022-06-01,12548.3604
2022-06-02,12892.8896
2022-06-03,12548.0303
2022-06-06,12599.6299
2022-06-07,12711.6797
2022-06-08,12615.1299
2022-06-09,12269.7803
2022-06-10,11832.8203
2022-06-13,11288.3203
2022-06-14,11311.6904
2022-06-15,11593.7695
2022-06-16,11127.5703
2022-06-17,11265.9902
2022-06-21,11546.7598
2022-06-22,11527.7100
2022-06-23,11697.6797
2022-06-24,12105.8496
2022-06-27,12008.2402
2022-06-28,11637.7695
2022-06-29,11658.2598
2022-06-30,11503.7197
2022-07-01,11585.6797
2022-07-05,11779.9004
2022-07-06,11852.5898
2022-07-07,12109.0498
2022-07-08,12125.6904
2022-07-11,11860.2803
2022-07-12,11744.9902
2022-07-13,11728.5303
2022-07-14,11768.4004
2022-07-15,11983.6201
2022-07-18,11877.5000
2022-07-19,12249.4199
2022-07-20,12439.6797
2022-07-21,12619.4102
2022-07-22,12396.4697
2022-07-25,12328.4102
2022-07-26,12086.9004
2022-07-27,12601.4697
2022-07-28,12717.8701
2022-07-29,12947.9697
2022-08-01,12940.7803
2022-08-02,12901.5996
2022-08-03,13253.2598
2022-08-04,13311.0400
2022-08-05,13207.6904
2022-08-08,13159.1602
2022-08-09,13008.1699
2022-08-10,13378.3203
2022-08-11,13291.9902
2022-08-12,13565.8701
2022-08-15,13667.1797
2022-08-16,13635.2100
2022-08-17,13470.8604
2022-08-18,13505.9902
2022-08-19,13242.9004
2022-08-22,12890.5400
2022-08-23,12881.7900
2022-08-24,12917.8604
2022-08-25,13143.5801
2022-08-26,12605.1699
2022-08-29,12484.3203
2022-08-30,12342.7002
2022-08-31,12272.0303
2022-09-01,12274.6201
2022-09-02,12098.4404
2022-09-06,12011.3096
2022-09-07,12259.3896
2022-09-08,12321.1904
2022-09-09,12588.2900
2022-09-12,12739.7197
2022-09-13,12033.6201
2022-09-14,12134.4004
2022-09-15,11927.4902
2022-09-16,11861.3799
2022-09-19,11953.2695
2022-09-20,11851.5400
2022-09-21,11637.7900
2022-09-22,11501.6504
2022-09-23,11311.2402
2022-09-26,11254.1104
2022-09-27,11271.7500
2022-09-28,11493.8301
2022-09-29,11164.7803
2022-09-30,10971.2197
2022-10-03,11229.7305
2022-10-04,11582.5400
2022-10-05,11573.1797
2022-10-06,11485.5000
2022-10-07,11039.4697
2022-10-10,10926.9697
2022-10-11,10791.3496
2022-10-12,10785.6201
2022-10-13,11033.5801
2022-10-14,10692.0596
2022-10-17,11062.5303
2022-10-18,11147.7402
2022-10-19,11103.3799
2022-10-20,11046.7100
2022-10-21,11310.3301
2022-10-24,11430.2598
2022-10-25,11669.9902
2022-10-26,11405.9004
2022-10-27,11191.6299
2022-10-28,11546.2100
2022-10-31,11405.5703
2022-11-01,11288.9502
2022-11-02,10906.3398
2022-11-03,10690.5996
2022-11-04,10857.0303
2022-11-07,10977.0000
2022-11-08,11059.5000
2022-11-09,10797.5498
2022-11-10,11605.9600
2022-11-11,11817.0098
2022-11-14,11700.9404
2022-11-15,11871.1504
2022-11-16,11699.0898
2022-11-17,11676.8604
2022-11-18,11677.0195
2022-11-21,11553.4502
2022-11-22,11724.8398
2022-11-23,11838.7197
2022-11-25,11756.0303
2022-11-28,11587.7500
2022-11-29,11503.4502
2022-11-30,12030.0596
2022-12-01,12041.8896
2022-12-02,11994.2598
2022-12-05,11786.7998
2022-12-06,11549.6904
2022-12-07,11497.3896
2022-12-08,11637.5000
2022-12-09,11563.3301
2022-12-12,11706.4404
2022-12-13,11834.2100
2022-12-14,11740.9199
2022-12-15,11345.2197
2022-12-16,11243.7197
2022-12-19,11084.5898
2022-12-20,11072.4199
2022-12-21,11235.8799
2022-12-22,10956.1396
2022-12-23,10985.4502
2022-12-27,10822.5098
2022-12-28,10679.3398
2022-12-29,10951.0498
2022-12-30,10939.7598
2023-01-03,10862.6396
2023-01-04,10914.7998
2023-01-05,10741.2197
2023-01-06,11040.3496
2023-01-09,11108.4502
2023-01-10,11205.7803
2023-01-11,11402.5195
2023-01-12,11459.6104
2023-01-13,11541.4805
2023-01-17,11557.1904
2023-01-18,11410.2900
2023-01-19,11295.6699
2023-01-20,11619.0303
2023-01-23,11872.5400
2023-01-24,11846.6396
2023-01-25,11814.6904
2023-01-26,12051.4805
2023-01-27,12166.5996
2023-01-30,11912.3896
2023-01-31,12101.9297
2023-02-01,12363.0996
2023-02-02,12803.1396
2023-02-03,12573.3604
2023-02-06,12464.5098
2023-02-07,12728.2695
2023-02-08,12495.3799
2023-02-09,12381.1699
2023-02-10,12304.9199
2023-02-13,12502.3096
2023-02-14,12590.8896
2023-02-15,12687.8896
2023-02-16,12442.4805
2023-02-17,12358.1797
2023-02-21,12060.2998
2023-02-22,12066.2695
2023-02-23,12180.1396
2023-02-24,11969.6504
2023-02-27,12057.7900
2023-02-28,12042.1201
2023-03-01,11938.5703
2023-03-02,12044.8701
2023-03-03,12290.8096
2023-03-06,12302.4805
2023-03-07,12152.1699
2023-03-08,12215.3301
2023-03-09,11995.8799
2023-03-10,11830.2803
2023-03-13,11923.1699
2023-03-14,12199.7900
2023-03-15,12251.3203
2023-03-16,12581.3896
2023-03-17,12519.8799
2023-03-20,12562.6104
2023-03-21,12741.4404
2023-03-22,12567.1504
2023-03-23,12729.2305
2023-03-24,12767.0498
2023-03-27,12673.0703
2023-03-28,12610.5703
2023-03-29,12846.0303
2023-03-30,12963.1396
2023-03-31,13181.3496
2023-04-03,13148.3496
2023-04-04,13100.0801
2023-04-05,12967.2002
2023-04-06,13062.5996
2023-04-10,13051.2305
2023-04-11,12964.1504
2023-04-12,12848.3496
2023-04-13,13109.3896
2023-04-14,13079.5195
2023-04-17,13087.7100
2023-04-18,13091.7900
2023-04-19,13088.7100
2023-04-20,12985.9805
2023-04-21,13000.7695
2023-04-24,12969.7598
2023-04-25,12725.1104
2023-04-26,12806.4805
2023-04-27,13160.0303
2023-04-28,13245.9902
2023-05-01,13231.4697
2023-05-02,13113.6602
2023-05-03,13030.2100
2023-05-04,12982.4805
2023-05-05,13259.1299
2023-05-08,13291.6396
2023-05-09,13201.1104
2023-05-10,13347.8301
2023-05-11,13389.7803
2023-05-12,13340.1797
2023-05-15,13413.5098
2023-05-16,13426.0098
2023-05-17,13589.2598
2023-05-18,13834.6201
2023-05-19,13803.4902
2023-05-22,13849.7402
2023-05-23,13672.5400
2023-05-24,13604.4805
2023-05-25,13938.5303
2023-05-26,14298.4102
2023-05-30,14354.9902
2023-05-31,14254.0898
2023-06-01,14441.5098
2023-06-02,14546.6396
2023-06-05,14556.5000
2023-06-06,14558.0898
2023-06-07,14303.2900
2023-06-08,14484.5400
2023-06-09,14528.3604
2023-06-12,14784.2998
2023-06-13,14900.8496
2023-06-14,15005.6904
2023-06-15,15185.4805
2023-06-16,15083.9199
2023-06-20,15070.1504
2023-06-21,14867.4502
2023-06-22,15042.3203
2023-06-23,14891.4805
2023-06-26,14689.0195
2023-06-27,14945.9102
2023-06-28,14964.5703
2023-06-29,14939.9502
2023-06-30,15179.2100
2023-07-03,15208.6904
2023-07-05,15203.7803
2023-07-06,15089.4502
2023-07-07,15036.8496
2023-07-10,15045.6396
2023-07-11,15119.0596
2023-07-12,15307.2305
2023-07-13,15571.9805
2023-07-14,15565.5996
2023-07-17,15713.2803
2023-07-18,15841.3496
2023-07-19,15826.3496
2023-07-20,15466.0898
2023-07-21,15425.6699
2023-07-24,15448.0195
2023-07-25,15561.4199
2023-07-26,15499.2598
2023-07-27,15464.9297
2023-07-28,15750.9297
2023-07-31,15757.0000
2023-08-01,15718.0098
2023-08-02,15370.7402
2023-08-03,15353.5400
2023-08-04,15274.9199
2023-08-07,15407.8496
2023-08-08,15273.0498
2023-08-09,15101.7100
2023-08-10,15128.8398
2023-08-11,15028.0703
2023-08-14,15205.5898
2023-08-15,15037.6504
2023-08-16,14876.4697
2023-08-17,14715.8096
2023-08-18,14694.8398
2023-08-21,14936.6904
2023-08-22,14908.9600
2023-08-23,15148.0596
2023-08-24,14816.4404
2023-08-25,14941.8301
2023-08-28,15052.4600
2023-08-29,15376.5498
2023-08-30,15462.4297
2023-08-31,15501.0703
2023-09-01,15490.8604
2023-09-05,15508.2402
2023-09-06,15371.4404
2023-09-07,15258.5195
2023-09-08,15280.2305
2023-09-11,15461.8701
2023-09-12,15289.7402
2023-09-13,15348.5303
2023-09-14,15473.8896
2023-09-15,15202.4004
2023-09-18,15225.3701
2023-09-19,15191.2305
2023-09-20,14969.9199
2023-09-21,14694.2402
2023-09-22,14701.0996
2023-09-25,14768.9004
2023-09-26,14545.8301
2023-09-27,14580.1602
2023-09-28,14702.7695
2023-09-29,14715.2402
2023-10-02,14837.5703
2023-10-03,14565.6201
2023-10-04,14776.2500
2023-10-05,14723.2197
2023-10-06,14973.2402
2023-10-09,15047.1504
2023-10-10,15131.5195
2023-10-11,15241.1201
2023-10-12,15184.0996
2023-10-13,14995.1201
2023-10-16,15172.7305
2023-10-17,15122.0098
2023-10-18,14909.2598
2023-10-19,14783.1299
2023-10-20,14560.8799
2023-10-23,14604.8496
2023-10-24,14745.8604
2023-10-25,14381.6396
2023-10-26,14109.5703
2023-10-27,14180.4199
2023-10-30,14335.5098
2023-10-31,14409.7803
2023-11-01,14664.9102
2023-11-02,14919.5498
2023-11-03,15099.4902
2023-11-06,15154.9297
2023-11-07,15296.0195
2023-11-08,15313.2402
2023-11-09,15187.9004
2023-11-10,15529.1201
2023-11-13,15482.7900
2023-11-14,15812.4697
2023-11-15,15817.1797
2023-11-16,15833.1699
2023-11-17,15837.9902
2023-11-20,16027.0596
2023-11-21,15933.6201
2023-11-22,16001.3896
2023-11-24,15982.0098
2023-11-27,15961.9805
2023-11-28,16010.4297
2023-11-29,15987.5996
2023-11-30,15947.8701
2023-12-01,15997.5801
2023-12-04,15839.6699
2023-12-05,15877.7100
2023-12-06,15788.0498
2023-12-07,16022.4902
2023-12-08,16084.6904
2023-12-11,16221.7305
2023-12-12,16354.2500
2023-12-13,16562.3691
2023-12-14,16537.8301
2023-12-15,16623.4492
2023-12-18,16729.8008
2023-12-19,16811.8496
2023-12-20,16554.1602
2023-12-21,16757.4102
2023-12-22,16777.4004
2023-12-26,16878.4609
2023-12-27,16906.8008
2023-12-28,16898.4707
2023-12-29,16825.9297
2024-01-02,16543.9395
2024-01-03,16368.4902
2024-01-04,16282.0098
2024-01-05,16305.9805
2024-01-08,16649.8691
2024-01-09,16678.6992
2024-01-10,16793.0508
2024-01-11,16820.9004
2024-01-12,16832.9199
2024-01-16,16830.7109
2024-01-17,16736.2793
2024-01-18,16982.2891
2024-01-19,17314.0000
2024-01-22,17330.3809
2024-01-23,17404.2109
2024-01-24,17499.3008
2024-01-25,17516.9902
2024-01-26,17421.0098
2024-01-29,17596.2695
2024-01-30,17476.7109
2024-01-31,17137.2402
2024-02-01,17344.7109
2024-02-02,17642.7305
2024-02-05,17613.0391
2024-02-06,17572.7305
2024-02-07,17755.0703
2024-02-08,17783.1699
2024-02-09,17962.4102
2024-02-12,17882.6602
2024-02-13,17600.4199
2024-02-14,17807.6309
2024-02-15,17845.7207
2024-02-16,17685.9805
2024-02-20,17546.0996
2024-02-21,17478.9102
2024-02-22,18004.6992
2024-02-23,17937.6094
2024-02-26,17933.3301
2024-02-27,17971.0508
2024-02-28,17874.5000
2024-02-29,18043.8496
2024-03-01,18302.9102
2024-03-04,18226.4805
2024-03-05,17897.8691
2024-03-06,18017.5703
2024-03-07,18297.9902
2024-03-08,18018.4492
2024-03-11,17951.6895
2024-03-12,18219.1094
2024-03-13,18068.4707
2024-03-14,18014.8105
2024-03-15,17808.2500
2024-03-18,17985.0098
2024-03-19,18032.1992
2024-03-20,18240.1094
2024-03-21,18320.3809
2024-03-22,18339.4395
2024-03-25,18277.0605
2024-03-26,18210.5391
2024-03-27,18280.8398
2024-03-28,18254.6895
2024-04-01,18293.1992
2024-04-02,18121.7793
2024-04-03,18160.1895
2024-04-04,17878.7793
2024-04-05,18108.4609
2024-04-08,18100.1895
2024-04-09,18169.9004
2024-04-10,18011.6602
2024-04-11,18307.9805
2024-04-12,18003.4902
2024-04-15,17706.8301
2024-04-16,17713.6602
2024-04-17,17493.6191
2024-04-18,17394.3105
2024-04-19,17037.6504
2024-04-22,17210.8906
2024-04-23,17471.4707
2024-04-24,17526.8008
2024-04-25,17430.5000
2024-04-26,17718.3008
2024-04-29,17782.7207
2024-04-30,17440.6895
2024-05-01,17318.5508
2024-05-02,17541.5391
2024-05-03,17890.8008
2024-05-06,18093.5703
2024-05-07,18091.4492
2024-05-08,18085.0098
2024-05-09,18113.4609
2024-05-10,18161.1797
2024-05-13,18198.6094
2024-05-14,18322.7695
2024-05-15,18596.6504
2024-05-16,18557.9609
2024-05-17,18546.2305
2024-05-20,18674.1895
2024-05-21,18713.8008
2024-05-22,18705.1992
2024-05-23,18623.3906
2024-05-24,18808.3496
2024-05-28,18869.4395
2024-05-29,18736.7500
2024-05-30,18538.6602
2024-05-31,18536.6504
2024-06-03,18600.9707
2024-06-04,18654.8398
2024-06-05,19035.0508
2024-06-06,19021.1895
2024-06-07,19000.9492
2024-06-10,19074.6699
2024-06-11,19210.1797
2024-06-12,19465.1797
2024-06-13,19576.9199
2024-06-14,19659.8008
2024-06-17,19902.7500
2024-06-18,19908.8594
2024-06-20,19752.3008
2024-06-21,19700.4297
2024-06-24,19474.6191
2024-06-25,19701.1309
2024-06-26,19751.0508
2024-06-27,19789.0293
2024-06-28,19682.8691
2024-07-01,19812.2207
2024-07-02,20011.8906
2024-07-03,20186.6309
2024-07-05,20391.9707
2024-07-08,20439.5391
2024-07-09,20453.0195
2024-07-10,20675.3809
2024-07-11,20211.3594
2024-07-12,20331.4902
2024-07-15,20386.8809
2024-07-16,20398.6191
2024-07-17,19799.1406
2024-07-18,19705.0898
2024-07-19,19522.6191
2024-07-22,19822.8691
2024-07-23,19754.3398
2024-07-24,19032.3906
2024-07-25,18830.5801
2024-07-26,19023.6602
2024-07-29,19059.4902
2024-07-30,18796.2695
2024-07-31,19362.4297
2024-08-01,18890.3906
2024-08-02,18440.8496
2024-08-05,17895.1602
2024-08-06,18077.9199
2024-08-07,17867.3691
2024-08-08,18413.8203
2024-08-09,18513.0996
2024-08-12,18542.0293
2024-08-13,19006.4297
2024-08-14,19022.6797
2024-08-15,19490.1504
2024-08-16,19508.5195
2024-08-19,19766.4902
2024-08-20,19719.8203
2024-08-21,19824.8398
2024-08-22,19491.8398
2024-08-23,19720.8691
2024-08-26,19516.4395
2024-08-27,19581.5195
2024-08-28,19350.7793
2024-08-29,19325.4492
2024-08-30,19574.6406
2024-09-03,18958.7402
2024-09-04,18921.4004
2024-09-05,18930.3301
2024-09-06,18421.3105
2024-09-09,18660.7793
2024-09-10,18829.1406
2024-09-11,19237.3008
2024-09-12,19423.0703
2024-09-13,19514.5898
2024-09-16,19423.0605
2024-09-17,19432.4004
2024-09-18,19344.4902
2024-09-19,19839.8301
2024-09-20,19791.4902
2024-09-23,19852.1992
2024-09-24,19944.8398
2024-09-25,19972.6094
2024-09-26,20115.5391
2024-09-27,20008.6191
2024-09-30,20060.6895
2024-10-01,19773.3008
2024-10-02,19802.5898
2024-10-03,19793.3398
2024-10-04,20035.0195
2024-10-07,19800.7402
2024-10-08,20107.7793
2024-10-09,20268.8594
2024-10-10,20241.7598
2024-10-11,20271.9707
2024-10-14,20439.0508
2024-10-15,20159.8301
2024-10-16,20174.0508
2024-10-17,20190.4199
2024-10-18,20324.0391
2024-10-21,20361.4707
2024-10-22,20390.4609
2024-10-23,20066.9609
2024-10-24,20232.8691
2024-10-25,20352.0195
2024-10-28,20351.0703
2024-10-29,20550.6504
2024-10-30,20387.6992
2024-10-31,19890.4199
2024-11-01,20033.1406
2024-11-04,19963.5996
2024-11-05,20227.4609
2024-11-06,20781.3301
2024-11-07,21101.5703
2024-11-08,21117.1797
2024-11-11,21106.5898
2024-11-12,21070.7891
2024-11-13,21036.1602
2024-11-14,20896.6699
2024-11-15,20394.1309
2024-11-18,20539.1895
2024-11-19,20684.5898
2024-11-20,20667.0996
2024-11-21,20740.7793
2024-11-22,20776.2305
2024-11-25,20804.8906
2024-11-26,20922.9004
2024-11-27,20744.4902
2024-11-29,20930.3691
2024-12-02,21164.5996
2024-12-03,21229.3203
2024-12-04,21492.3594
2024-12-05,21425.2207
2024-12-06,21622.2500
2024-12-09,21440.8203
2024-12-10,21368.1797
2024-12-11,21763.9805
2024-12-12,21615.2695
2024-12-13,21780.2500
2024-12-16,22096.6602
2024-12-17,22001.0801
2024-12-18,21209.3203
2024-12-19,21110.5098
2024-12-20,21289.1504
2024-12-23,21503.1699
2024-12-24,21797.6504
2024-12-26,21768.3105
2024-12-27,21473.0195
2024-12-30,21197.0898
2024-12-31,21012.1699
2025-01-02,20975.6191
2025-01-03,21326.1602
2025-01-06,21559.5000
2025-01-07,21173.0391
2025-01-08,21180.9707
2025-01-10,20847.5801
2025-01-13,20784.7207
2025-01-14,20757.4102
2025-01-15,21237.8496
2025-01-16,21091.2500
2025-01-17,21441.1602
2025-01-21,21566.5098
2025-01-22,21853.0000
2025-01-23,21900.9297
2025-01-24,21774.0098
2025-01-27,21127.2793
2025-01-28,21463.0391
2025-01-29,21411.4609
2025-01-30,21508.1191
2025-01-31,21478.0508
2025-02-03,21297.5801
2025-02-04,21566.9199
2025-02-05,21658.1602
2025-02-06,21774.0703
2025-02-07,21491.3105
2025-02-10,21756.7305
2025-02-11,21693.5195
2025-02-12,21719.2598
2025-02-13,22030.7109
2025-02-14,22114.6895
2025-02-18,22164.6094
2025-02-19,22175.5996
2025-02-20,22068.0605
2025-02-21,21614.0801
2025-02-24,21352.0801
2025-02-25,21087.2500
2025-02-26,21132.9199
2025-02-27,20550.9492
2025-02-28,20884.4102
2025-03-03,20425.5801
2025-03-04,20352.5293
2025-03-05,20628.4609
2025-03-06,20052.6309
2025-03-07,20201.3691
2025-03-10,19430.9492
2025-03-11,19376.9609
2025-03-12,19596.0195
2025-03-13,19225.4805
2025-03-14,19704.6406
2025-03-17,19812.2402
2025-03-18,19483.3594
2025-03-19,19736.6602
2025-03-20,19677.6094
2025-03-21,19753.9707
2025-03-24,20180.4492
2025-03-25,20287.8301
2025-03-26,19916.9902
2025-03-27,19798.6191
2025-03-28,19281.4004
2025-03-31,19278.4492
2025-04-01,19436.4199
2025-04-02,19581.7793
2025-04-03,18521.4707
2025-04-04,17397.6992
2025-04-07,17430.6797
2025-04-08,17090.4004
2025-04-09,19145.0605
2025-04-10,18343.5703
2025-04-11,18690.0508
2025-04-14,18796.0195
2025-04-15,18830.2305
2025-04-16,18257.6406
2025-04-17,18258.0898
2025-04-21,17808.3008
2025-04-22,18276.4102
2025-04-23,18693.2598
2025-04-24,19214.4004
2025-04-25,19432.5605
2025-04-28,19427.2891
2025-04-29,19544.9492
2025-04-30,19571.0195
2025-05-01,19786.7109
2025-05-02,20102.6094
2025-05-05,19967.9395
2025-05-06,19791.3496
2025-05-07,19867.9707
2025-05-08,20063.5605
2025-05-09,20061.4492
2025-05-12,20868.1504
2025-05-13,21197.6992
2025-05-14,21319.2109
2025-05-15,21335.8203
2025-05-16,21427.9395
2025-05-19,21447.0508
2025-05-20,21367.3691
2025-05-21,21080.3594
2025-05-22,21112.4707
2025-05-23,20915.6602
2025-05-27,21414.9902
2025-05-28,21318.1699
2025-05-29,21363.9492
2025-05-30,21340.9902
2025-06-02,21491.7500
2025-06-03,21662.5801
2025-06-04,21721.9199
2025-06-05,21547.4297
2025-06-06,21761.7891
2025-06-09,21797.8691
2025-06-10,21941.9199
2025-06-11,21860.8008
2025-06-12,21913.3203
2025-06-13,21631.0391
2025-06-16,21937.5703
2025-06-17,21719.0801
2025-06-18,21719.6895
2025-06-20,21626.3906
2025-06-23,21856.3301
2025-06-24,22190.5195
2025-06-25,22237.7402
2025-06-26,22447.2891
2025-06-27,22534.1992
2025-06-30,22679.0098
2025-07-01,22478.1309
2025-07-02,22641.8906
2025-07-03,22866.9707
2025-07-07,22685.5703
2025-07-08,22702.2500
2025-07-09,22864.9102
2025-07-10,22829.2598
2025-07-11,22780.5996
2025-07-14,22855.6309
2025-07-15,22884.5898
2025-07-16,22907.9707
2025-07-17,23081.0508
2025-07-18,23065.4707
2025-07-21,23180.0605
2025-07-22,23063.5801
2025-07-23,23162.4102
2025-07-24,23219.8691
2025-07-25,23272.2500
2025-07-28,23356.2695
2025-07-29,23308.3008
2025-07-30,23345.4102
2025-07-31,23218.1191
2025-08-01,22763.3105
2025-08-04,23188.6094
2025-08-05,23018.5605
2025-08-06,23315.0391
2025-08-07,23389.5293
2025-08-08,23611.2695
2025-08-11,23526.6309
2025-08-12,23839.1992
2025-08-13,23849.0391
2025-08-14,23832.4395
2025-08-15,23712.0703
2025-08-18,23713.7598
2025-08-19,23384.7695
2025-08-20,23249.5703
2025-08-21,23142.5801
2025-08-22,23498.1191
2025-08-25,23425.6094
2025-08-26,23525.2891
2025-08-27,23565.8496
2025-08-28,23703.4492
2025-08-29,23415.4199
2025-09-02,23231.1094
2025-09-03,23414.8398
2025-09-04,23633.0098
2025-09-05,23652.4395
2025-09-08,23762.3008
2025-09-09,23839.8008
2025-09-10,23849.2695
2025-09-11,23992.5605
2025-09-12,24092.1895
2025-09-15,24293.7793
2025-09-16,24274.2500
2025-09-17,24223.6895
2025-09-18,24454.8906
2025-09-19,24626.2500
2025-09-22,24761.0703
2025-09-23,24580.1699
2025-09-24,24503.5703
2025-09-25,24397.3105
2025-09-26,24503.8496
2025-09-29,24611.3496
2025-09-30,24679.9902
2025-10-01,24800.8594
2025-10-02,24892.7598
2025-10-03,24785.5195
2025-10-06,24978.5605
2025-10-07,24840.2305
2025-10-08,25136.6191
2025-10-09,25098.1797
2025-10-10,24221.7402
2025-10-13,24750.2500
2025-10-14,24579.3203
2025-10-15,24745.3594
2025-10-16,24657.2402
2025-10-17,24817.9492
2025-10-20,25141.0195
2025-10-21,25127.1309
2025-10-22,24879.0098
2025-10-23,25097.4102
2025-10-24,25358.1602
2025-10-27,25821.5508
2025-10-28,26012.1504
2025-10-29,26119.8496
2025-10-30,25734.8105
2025-10-31,25858.1309
2025-11-03,25972.9395
2025-11-04,25435.6992
2025-11-05,25620.0293
2025-11-06,25130.0391
2025-11-07,25059.8105
2025-11-10,25611.7402
2025-11-11,25533.4902
2025-11-12,25517.3301
2025-11-13,24993.4609
2025-11-14,25008.2402
2025-11-17,24799.9199
2025-11-18,24503.0996
2025-11-19,24640.5195
2025-11-20,24054.3809
2025-11-21,24239.5703
2025-11-24,24873.8496
2025-11-25,25018.3594
2025-11-26,25236.9395
2025-11-28,25434.8906
2025-12-01,25342.8496
2025-12-02,25555.8594
2025-12-03,25606.5391
2025-12-04,25581.6992
2025-12-05,25692.0508
2025-12-08,25627.9492
2025-12-09,25668.6895
2025-12-10,25776.4395
2025-12-11,25686.6895
2025-12-12,25196.7305
2025-12-15,25067.2695
2025-12-16,25132.9395
2025-12-17,24647.6094
2025-12-18,25019.3691
2025-12-19,25346.1797
2025-12-22,25461.6992
2025-12-23,25587.8301
2025-12-24,25656.1504
2025-12-26,25644.3906
2025-12-29,25525.5605
2025-12-30,25462.5605
2025-12-31,25249.8496
2026-01-02,25206.1699
2026-01-05,25401.3203
2026-01-06,25639.7109
2026-01-07,25653.9004
2026-01-08,25507.0996
2026-01-09,25766.2598
2026-01-12,25787.6602
2026-01-13,25741.9492
2026-01-14,25465.9395
2026-01-15,25547.0703
2026-01-16,25529.2598
2026-01-20,24987.5703
2026-01-21,25326.5801
2026-01-22,25518.3496
2026-01-23,25605.4707
2026-01-26,25713.2109
2026-01-27,25939.7402
2026-01-28,26022.7891
2026-01-29,25884.3008
2026-01-30,25552.3906
2026-02-02,25738.6094
2026-02-03,25338.6191
2026-02-04,24891.2402
2026-02-05,24548.6895
2026-02-06,25075.7695
2026-02-09,25268.1406
2026-02-10,25127.6406
2026-02-11,25201.2598
2026-02-12,24687.6094
2026-02-13,24732.7305
2026-02-17,24701.5996
2026-02-18,24898.8691
2026-02-19,24797.3398
2026-02-20,25012.6191
2026-02-23,24708.9395
2026-02-24,24977.0391
2026-02-25,25329.0391
2026-02-26,25034.3691
2026-02-27,24960.0391
2026-03-02,24992.5996
2026-03-03,24720.0801
2026-03-04,25093.6797
2026-03-05,25020.4102
2026-03-06,24643.0195
2026-03-09,24967.2500
2026-03-10,24956.4707
2026-03-11,24965.0098
2026-03-12,24533.5801
2026-03-13,24380.7305
2026-03-16,24655.3398
2026-03-17,24780.4199
2026-03-18,24425.0898
2026-03-19,24355.2793
2026-03-20,23898.1504
2026-03-23,24188.5898
2026-03-24,24002.4492
2026-03-25,24162.9805
2026-03-26,23586.9902
2026-03-27,23132.7695
2026-03-30,22953.3809
2026-03-31,23740.1895
2026-04-01,24019.9902
2026-04-02,24045.5293
2026-04-06,24192.1699
2026-04-07,24202.3691
2026-04-08,24903.1699
2026-04-09,25082.0898
2026-04-10,25116.3398
2026-04-13,25383.7207
2026-04-14,25842.0000
2026-04-15,26204.5801
2026-04-16,26333.0000
2026-04-17,26672.4297
2026-04-20,26590.3398
2026-04-21,26479.4707
2026-04-22,26937.2793
2026-04-23,26782.6309
2026-04-24,27303.6699
2026-04-27,27305.6797
2026-04-28,27029.0098
2026-04-29,27186.9805
2026-04-30,27452.1191
2026-05-01,27710.3594
2026-05-04,27651.8203
2026-05-05,28015.0605
2026-05-06,28599.1699
2026-05-07,28563.9492
2026-05-08,29234.9902
2026-05-11,29320.6602
2026-05-12,29064.8008
2026-05-13,29366.9395
2026-05-14,29580.3008
2026-05-15,29125.1992
2026-05-18,28994.3691
2026-05-19,28818.8398
2026-05-20,29297.6992
2026-05-21,29357.2695
2026-05-22,29481.6406
2026-05-26,30001.3203
2026-05-27,29973.5703
2026-05-28,30223.8906
2026-05-29,30333.1797
2026-06-01,30513.8594
2026-06-02,30660.5996
2026-06-03,30571.2402
2026-06-04,30407.8105
2026-06-05,28957.5996
2026-06-08,29414.2598
2026-06-09,29084.5000
2026-06-10,28508.0293
2026-06-11,29446.1797
2026-06-12,29635.9492
2026-06-15,30543.9199
2026-06-16,29968.1309
2026-06-17,29670.9492
2026-06-18,30406.1895
2026-06-22,30347.0801
2026-06-23,29347.2695
2026-06-24,29220.0605
2026-06-25,29440.3203
2026-06-26,29118.2402
2026-06-29,29774.7500
2026-06-30,30276.3496
2026-07-01,29809.1309
2026-07-02,29329.2109
2026-07-06,29697.8691
2026-07-07,29173.0195
2026-07-08,29252.5605
2026-07-09,29727.0996
2026-07-10,29825.1094
2026-07-13,29264.0996
2026-07-14,29586.2891
2026-07-15,29502.5996
2026-07-16,29025.7695
2026-07-17,28592.6602
2026-07-20,28604.2305
2026-07-21,29155.1797
2026-07-22,28998.0996
2026-07-23,28454.8105
2026-07-24,28128.3398
2026-07-27,28039.2109
2026-07-28,27763.1309
2026-07-29,27192.3105
2026-07-30,28106.3496
2026-07-31,28274.1992
2026-08-03,28776.8008
2026-08-04,29733.1602
2026-08-05,29487.7891
2026-08-06,29373.3301
2026-08-07,29722.3008
2026-08-10,29621.8008
2026-08-11,29525.4805
2026-08-12,29742.5996
2026-08-13,30084.5000
2026-08-14,30046.1406
2026-08-17,29995.3809
2026-08-18,29490.9609
2026-08-19,29426.0195
2026-08-20,29213.1602
2026-08-21,29308.8594
2026-08-24,29023.1797
2026-08-25,29209.2305
2026-08-26,29224.5195
2026-08-27,29641.5605
2026-08-28,29433.4297
2026-08-31,29456.9707
2026-09-01,29077.2207
2026-09-02,29143.3301
2026-09-03,29482.3203
2026-09-04,29544.1504
2026-09-08,29507.6992
2026-09-09,29421.5508
2026-09-10,29103.5137
