d,c
1999-01-22,0.041016
1999-01-25,0.045313
1999-01-26,0.041797
1999-01-27,0.041667
1999-01-28,0.041536
1999-01-29,0.039583
1999-02-01,0.040365
1999-02-02,0.037240
1999-02-03,0.038021
1999-02-04,0.040104
1999-02-05,0.041276
1999-02-08,0.039844
1999-02-09,0.038281
1999-02-10,0.037891
1999-02-11,0.041146
1999-02-12,0.043490
1999-02-16,0.043750
1999-02-17,0.041406
1999-02-18,0.042057
1999-02-19,0.043490
1999-02-22,0.043750
1999-02-23,0.045833
1999-02-24,0.049479
1999-02-25,0.047917
1999-02-26,0.045703
1999-03-01,0.045964
1999-03-02,0.045573
1999-03-03,0.042448
1999-03-04,0.041536
1999-03-05,0.043880
1999-03-08,0.044531
1999-03-09,0.045964
1999-03-10,0.045182
1999-03-11,0.043229
1999-03-12,0.042448
1999-03-15,0.044271
1999-03-16,0.042839
1999-03-17,0.043099
1999-03-18,0.043620
1999-03-19,0.043750
1999-03-22,0.042448
1999-03-23,0.039844
1999-03-24,0.039583
1999-03-25,0.040104
1999-03-26,0.043620
1999-03-29,0.044922
1999-03-30,0.041146
1999-03-31,0.044010
1999-04-01,0.042708
1999-04-05,0.041406
1999-04-06,0.040365
1999-04-07,0.043750
1999-04-08,0.044531
1999-04-09,0.043750
1999-04-12,0.041927
1999-04-13,0.040234
1999-04-14,0.039063
1999-04-15,0.040104
1999-04-16,0.041406
1999-04-19,0.039583
1999-04-20,0.038802
1999-04-21,0.039453
1999-04-22,0.037760
1999-04-23,0.035938
1999-04-26,0.034115
1999-04-27,0.037760
1999-04-28,0.037500
1999-04-29,0.037500
1999-04-30,0.038021
1999-05-03,0.038281
1999-05-04,0.036198
1999-05-05,0.036979
1999-05-06,0.036263
1999-05-07,0.036458
1999-05-10,0.036458
1999-05-11,0.038411
1999-05-12,0.039583
1999-05-13,0.039583
1999-05-14,0.037500
1999-05-17,0.039323
1999-05-18,0.041146
1999-05-19,0.039323
1999-05-20,0.036198
1999-05-21,0.035417
1999-05-24,0.035286
1999-05-25,0.035547
1999-05-26,0.035417
1999-05-27,0.035156
1999-05-28,0.035547
1999-06-01,0.035677
1999-06-02,0.034375
1999-06-03,0.035286
1999-06-04,0.035547
1999-06-07,0.035938
1999-06-08,0.036849
1999-06-09,0.037500
1999-06-10,0.037630
1999-06-11,0.036849
1999-06-14,0.035417
1999-06-15,0.035417
1999-06-16,0.036458
1999-06-17,0.035417
1999-06-18,0.034115
1999-06-21,0.035938
1999-06-22,0.035286
1999-06-23,0.035938
1999-06-24,0.035156
1999-06-25,0.035677
1999-06-28,0.036198
1999-06-29,0.036589
1999-06-30,0.039844
1999-07-01,0.037760
1999-07-02,0.040495
1999-07-06,0.040625
1999-07-07,0.039844
1999-07-08,0.040755
1999-07-09,0.044206
1999-07-12,0.046224
1999-07-13,0.046354
1999-07-14,0.044531
1999-07-15,0.044792
1999-07-16,0.045703
1999-07-19,0.044531
1999-07-20,0.043750
1999-07-21,0.042448
1999-07-22,0.040495
1999-07-23,0.040495
1999-07-26,0.040625
1999-07-27,0.040755
1999-07-28,0.041406
1999-07-29,0.041797
1999-07-30,0.041927
1999-08-02,0.042318
1999-08-03,0.041276
1999-08-04,0.041276
1999-08-05,0.041927
1999-08-06,0.041927
1999-08-09,0.041927
1999-08-10,0.042708
1999-08-11,0.045573
1999-08-12,0.047786
1999-08-13,0.047266
1999-08-16,0.045443
1999-08-17,0.045573
1999-08-18,0.046615
1999-08-19,0.056510
1999-08-20,0.055990
1999-08-23,0.052604
1999-08-24,0.052344
1999-08-25,0.052083
1999-08-26,0.051302
1999-08-27,0.054167
1999-08-30,0.053971
1999-08-31,0.058594
1999-09-01,0.055859
1999-09-02,0.055208
1999-09-03,0.055599
1999-09-07,0.055339
1999-09-08,0.055208
1999-09-09,0.054427
1999-09-10,0.055208
1999-09-13,0.053385
1999-09-14,0.051823
1999-09-15,0.052214
1999-09-16,0.050911
1999-09-17,0.050781
1999-09-20,0.048958
1999-09-21,0.044271
1999-09-22,0.045313
1999-09-23,0.041536
1999-09-24,0.037760
1999-09-27,0.040104
1999-09-28,0.043750
1999-09-29,0.040234
1999-09-30,0.040104
1999-10-01,0.039844
1999-10-04,0.040625
1999-10-05,0.044531
1999-10-06,0.049870
1999-10-07,0.046615
1999-10-08,0.048958
1999-10-11,0.047656
1999-10-12,0.047005
1999-10-13,0.045703
1999-10-14,0.044792
1999-10-15,0.044531
1999-10-18,0.042188
1999-10-19,0.040495
1999-10-20,0.041927
1999-10-21,0.043880
1999-10-22,0.044922
1999-10-25,0.042708
1999-10-26,0.046875
1999-10-27,0.044792
1999-10-28,0.042708
1999-10-29,0.046094
1999-11-01,0.048958
1999-11-02,0.052083
1999-11-03,0.057161
1999-11-04,0.060807
1999-11-05,0.058854
1999-11-08,0.060547
1999-11-09,0.059635
1999-11-10,0.059115
1999-11-11,0.063281
1999-11-12,0.066667
1999-11-15,0.065365
1999-11-16,0.071615
1999-11-17,0.074349
1999-11-18,0.074609
1999-11-19,0.089323
1999-11-22,0.089193
1999-11-23,0.082813
1999-11-24,0.080208
1999-11-26,0.079688
1999-11-29,0.076823
1999-11-30,0.072135
1999-12-01,0.075781
1999-12-02,0.081380
1999-12-03,0.079427
1999-12-06,0.081641
1999-12-07,0.078906
1999-12-08,0.082422
1999-12-09,0.079948
1999-12-10,0.079036
1999-12-13,0.078776
1999-12-14,0.077474
1999-12-15,0.075000
1999-12-16,0.074479
1999-12-17,0.078385
1999-12-20,0.084896
1999-12-21,0.088542
1999-12-22,0.090625
1999-12-23,0.096615
1999-12-27,0.092969
1999-12-28,0.092708
1999-12-29,0.095833
1999-12-30,0.096615
1999-12-31,0.097786
2000-01-03,0.097526
2000-01-04,0.094922
2000-01-05,0.091797
2000-01-06,0.085807
2000-01-07,0.087240
2000-01-10,0.090104
2000-01-11,0.086458
2000-01-12,0.084245
2000-01-13,0.087760
2000-01-14,0.091536
2000-01-18,0.095443
2000-01-19,0.094531
2000-01-20,0.094271
2000-01-21,0.093229
2000-01-24,0.089063
2000-01-25,0.088281
2000-01-26,0.084635
2000-01-27,0.080208
2000-01-28,0.077865
2000-01-31,0.077214
2000-02-01,0.079036
2000-02-02,0.081250
2000-02-03,0.082552
2000-02-04,0.084505
2000-02-07,0.079297
2000-02-08,0.083073
2000-02-09,0.085156
2000-02-10,0.102604
2000-02-11,0.104167
2000-02-14,0.120833
2000-02-15,0.116146
2000-02-16,0.121484
2000-02-17,0.125781
2000-02-18,0.140365
2000-02-22,0.136458
2000-02-23,0.137240
2000-02-24,0.135938
2000-02-25,0.127474
2000-02-28,0.126563
2000-02-29,0.133333
2000-03-01,0.129427
2000-03-02,0.120703
2000-03-03,0.122656
2000-03-06,0.121875
2000-03-07,0.173568
2000-03-08,0.175000
2000-03-09,0.208952
2000-03-10,0.245833
2000-03-13,0.310938
2000-03-14,0.229427
2000-03-15,0.220052
2000-03-16,0.196191
2000-03-17,0.208073
2000-03-20,0.207943
2000-03-21,0.197656
2000-03-22,0.199089
2000-03-23,0.202604
2000-03-24,0.194141
2000-03-27,0.181380
2000-03-28,0.167839
2000-03-29,0.156771
2000-03-30,0.155859
2000-03-31,0.176009
2000-04-03,0.162240
2000-04-04,0.156250
2000-04-05,0.191016
2000-04-06,0.199870
2000-04-07,0.213672
2000-04-10,0.194792
2000-04-11,0.183203
2000-04-12,0.164193
2000-04-13,0.157161
2000-04-14,0.143327
2000-04-17,0.150651
2000-04-18,0.177344
2000-04-19,0.168880
2000-04-20,0.167969
2000-04-24,0.159635
2000-04-25,0.177083
2000-04-26,0.175260
2000-04-27,0.189583
2000-04-28,0.185677
2000-05-01,0.191667
2000-05-02,0.184245
2000-05-03,0.181250
2000-05-04,0.183464
2000-05-05,0.191927
2000-05-08,0.184896
2000-05-09,0.182292
2000-05-10,0.164323
2000-05-11,0.171354
2000-05-12,0.166146
2000-05-15,0.177604
2000-05-16,0.195833
2000-05-17,0.230208
2000-05-18,0.214583
2000-05-19,0.212760
2000-05-22,0.226563
2000-05-23,0.224740
2000-05-24,0.221875
2000-05-25,0.218750
2000-05-26,0.219857
2000-05-30,0.228906
2000-05-31,0.237760
2000-06-01,0.244401
2000-06-02,0.274089
2000-06-05,0.279980
2000-06-06,0.266016
2000-06-07,0.254167
2000-06-08,0.256120
2000-06-09,0.263411
2000-06-12,0.256380
2000-06-13,0.264453
2000-06-14,0.264193
2000-06-15,0.271094
2000-06-16,0.311979
2000-06-19,0.331510
2000-06-20,0.327083
2000-06-21,0.360286
2000-06-22,0.340625
2000-06-23,0.308464
2000-06-26,0.345703
2000-06-27,0.296875
2000-06-28,0.285417
2000-06-29,0.244271
2000-06-30,0.264844
2000-07-03,0.254688
2000-07-05,0.227344
2000-07-06,0.241146
2000-07-07,0.242448
2000-07-10,0.254948
2000-07-11,0.275521
2000-07-12,0.283333
2000-07-13,0.309896
2000-07-14,0.307552
2000-07-17,0.304167
2000-07-18,0.298177
2000-07-19,0.279167
2000-07-20,0.286719
2000-07-21,0.290365
2000-07-24,0.265625
2000-07-25,0.255729
2000-07-26,0.236719
2000-07-27,0.219792
2000-07-28,0.225000
2000-07-31,0.250000
2000-08-01,0.245052
2000-08-02,0.250000
2000-08-03,0.260938
2000-08-04,0.265625
2000-08-07,0.286458
2000-08-08,0.280208
2000-08-09,0.271875
2000-08-10,0.275000
2000-08-11,0.268490
2000-08-14,0.271094
2000-08-15,0.296680
2000-08-16,0.304167
2000-08-17,0.309896
2000-08-18,0.320833
2000-08-21,0.325781
2000-08-22,0.295052
2000-08-23,0.312240
2000-08-24,0.320573
2000-08-25,0.312500
2000-08-28,0.325000
2000-08-29,0.324219
2000-08-30,0.327083
2000-08-31,0.330729
2000-09-01,0.331250
2000-09-05,0.331771
2000-09-06,0.308854
2000-09-07,0.325521
2000-09-08,0.306250
2000-09-11,0.293750
2000-09-12,0.291927
2000-09-13,0.291797
2000-09-14,0.289063
2000-09-15,0.295378
2000-09-18,0.278125
2000-09-19,0.286719
2000-09-20,0.277344
2000-09-21,0.289258
2000-09-22,0.294271
2000-09-25,0.315365
2000-09-26,0.322917
2000-09-27,0.340625
2000-09-28,0.351042
2000-09-29,0.341146
2000-10-02,0.333073
2000-10-03,0.315104
2000-10-04,0.311458
2000-10-05,0.304167
2000-10-06,0.285156
2000-10-09,0.291406
2000-10-10,0.269271
2000-10-11,0.271615
2000-10-12,0.260938
2000-10-13,0.271354
2000-10-16,0.265104
2000-10-17,0.245833
2000-10-18,0.241927
2000-10-19,0.265365
2000-10-20,0.290104
2000-10-23,0.283594
2000-10-24,0.274479
2000-10-25,0.250521
2000-10-26,0.261198
2000-10-27,0.255208
2000-10-30,0.237240
2000-10-31,0.258919
2000-11-01,0.258854
2000-11-02,0.278646
2000-11-03,0.296875
2000-11-06,0.319792
2000-11-07,0.298177
2000-11-08,0.289323
2000-11-09,0.259115
2000-11-10,0.245052
2000-11-13,0.246094
2000-11-14,0.291146
2000-11-15,0.287305
2000-11-16,0.269271
2000-11-17,0.264063
2000-11-20,0.243750
2000-11-21,0.239063
2000-11-22,0.226563
2000-11-24,0.239583
2000-11-27,0.231510
2000-11-28,0.214258
2000-11-29,0.201042
2000-11-30,0.168750
2000-12-01,0.185417
2000-12-04,0.188281
2000-12-05,0.200521
2000-12-06,0.171875
2000-12-07,0.168750
2000-12-08,0.207292
2000-12-11,0.207292
2000-12-12,0.201563
2000-12-13,0.185938
2000-12-14,0.173177
2000-12-15,0.155990
2000-12-18,0.161133
2000-12-19,0.148958
2000-12-20,0.132813
2000-12-21,0.116146
2000-12-22,0.146094
2000-12-26,0.140104
2000-12-27,0.149479
2000-12-28,0.150260
2000-12-29,0.136523
2001-01-02,0.124740
2001-01-03,0.163021
2001-01-04,0.181771
2001-01-05,0.154557
2001-01-08,0.169271
2001-01-09,0.172656
2001-01-10,0.184635
2001-01-11,0.200000
2001-01-12,0.195833
2001-01-16,0.180469
2001-01-17,0.186979
2001-01-18,0.222852
2001-01-19,0.216927
2001-01-22,0.208333
2001-01-23,0.229102
2001-01-24,0.228125
2001-01-25,0.205208
2001-01-26,0.211719
2001-01-29,0.212760
2001-01-30,0.217448
2001-01-31,0.215104
2001-02-01,0.216211
2001-02-02,0.195313
2001-02-05,0.195052
2001-02-06,0.196094
2001-02-07,0.186979
2001-02-08,0.185938
2001-02-09,0.184635
2001-02-12,0.179688
2001-02-13,0.185156
2001-02-14,0.198698
2001-02-15,0.235156
2001-02-16,0.247917
2001-02-20,0.223177
2001-02-21,0.233333
2001-02-22,0.243229
2001-02-23,0.226432
2001-02-26,0.221354
2001-02-27,0.208073
2001-02-28,0.186198
2001-03-01,0.200911
2001-03-02,0.181576
2001-03-05,0.183333
2001-03-06,0.201042
2001-03-07,0.217188
2001-03-08,0.224479
2001-03-09,0.208594
2001-03-12,0.201042
2001-03-13,0.225000
2001-03-14,0.237760
2001-03-15,0.249479
2001-03-16,0.248438
2001-03-19,0.262760
2001-03-20,0.238281
2001-03-21,0.255990
2001-03-22,0.281771
2001-03-23,0.279167
2001-03-26,0.294271
2001-03-27,0.283594
2001-03-28,0.283789
2001-03-29,0.288021
2001-03-30,0.270508
2001-04-02,0.259115
2001-04-03,0.267708
2001-04-04,0.240104
2001-04-05,0.262240
2001-04-06,0.261198
2001-04-09,0.248500
2001-04-10,0.271958
2001-04-11,0.288375
2001-04-12,0.292708
2001-04-16,0.285583
2001-04-17,0.299583
2001-04-18,0.321917
2001-04-19,0.349583
2001-04-20,0.362333
2001-04-23,0.343208
2001-04-24,0.318917
2001-04-25,0.333583
2001-04-26,0.307292
2001-04-27,0.329167
2001-04-30,0.347083
2001-05-01,0.379500
2001-05-02,0.370792
2001-05-03,0.369167
2001-05-04,0.374250
2001-05-07,0.391042
2001-05-08,0.362750
2001-05-09,0.345750
2001-05-10,0.334125
2001-05-11,0.325583
2001-05-14,0.328375
2001-05-15,0.340167
2001-05-16,0.356208
2001-05-17,0.362500
2001-05-18,0.359583
2001-05-21,0.375833
2001-05-22,0.387083
2001-05-23,0.383792
2001-05-24,0.389458
2001-05-25,0.382083
2001-05-29,0.366417
2001-05-30,0.359583
2001-05-31,0.356708
2001-06-01,0.376458
2001-06-04,0.370625
2001-06-05,0.390083
2001-06-06,0.391750
2001-06-07,0.413875
2001-06-08,0.403125
2001-06-11,0.391333
2001-06-12,0.404375
2001-06-13,0.390792
2001-06-14,0.389958
2001-06-15,0.396042
2001-06-18,0.380375
2001-06-19,0.359583
2001-06-20,0.375042
2001-06-21,0.382125
2001-06-22,0.380417
2001-06-25,0.379667
2001-06-26,0.390625
2001-06-27,0.378542
2001-06-28,0.383000
2001-06-29,0.386458
2001-07-02,0.369333
2001-07-03,0.374042
2001-07-05,0.346917
2001-07-06,0.336250
2001-07-09,0.325250
2001-07-10,0.327917
2001-07-11,0.327292
2001-07-12,0.344458
2001-07-13,0.337333
2001-07-16,0.310208
2001-07-17,0.327542
2001-07-18,0.316208
2001-07-19,0.321292
2001-07-20,0.312042
2001-07-23,0.282500
2001-07-24,0.301625
2001-07-25,0.298708
2001-07-26,0.329167
2001-07-27,0.337500
2001-07-30,0.329458
2001-07-31,0.337083
2001-08-01,0.357667
2001-08-02,0.366167
2001-08-03,0.363292
2001-08-06,0.374292
2001-08-07,0.368750
2001-08-08,0.359375
2001-08-09,0.353083
2001-08-10,0.352667
2001-08-13,0.367458
2001-08-14,0.357708
2001-08-15,0.358125
2001-08-16,0.373208
2001-08-17,0.349042
2001-08-20,0.346625
2001-08-21,0.339333
2001-08-22,0.353292
2001-08-23,0.345458
2001-08-24,0.355333
2001-08-27,0.367625
2001-08-28,0.362833
2001-08-29,0.351167
2001-08-30,0.350042
2001-08-31,0.352958
2001-09-04,0.328417
2001-09-05,0.335417
2001-09-06,0.321708
2001-09-07,0.325083
2001-09-10,0.315667
2001-09-17,0.283250
2001-09-18,0.266167
2001-09-19,0.262917
2001-09-20,0.240667
2001-09-21,0.224750
2001-09-24,0.250000
2001-09-25,0.240250
2001-09-26,0.231583
2001-09-27,0.218750
2001-09-28,0.228917
2001-10-01,0.209500
2001-10-02,0.199000
2001-10-03,0.238167
2001-10-04,0.269083
2001-10-05,0.274167
2001-10-08,0.280333
2001-10-09,0.268167
2001-10-10,0.285417
2001-10-11,0.316333
2001-10-12,0.336917
2001-10-15,0.335417
2001-10-16,0.369167
2001-10-17,0.347500
2001-10-18,0.362167
2001-10-19,0.369667
2001-10-22,0.378417
2001-10-23,0.371750
2001-10-24,0.388167
2001-10-25,0.410917
2001-10-26,0.381583
2001-10-29,0.350583
2001-10-30,0.350000
2001-10-31,0.357167
2001-11-01,0.387667
2001-11-02,0.393083
2001-11-05,0.394500
2001-11-06,0.421583
2001-11-07,0.421917
2001-11-08,0.414583
2001-11-09,0.443333
2001-11-12,0.455250
2001-11-13,0.451500
2001-11-14,0.438917
2001-11-15,0.441250
2001-11-16,0.437417
2001-11-19,0.427833
2001-11-20,0.415833
2001-11-21,0.410500
2001-11-23,0.416250
2001-11-26,0.446000
2001-11-27,0.450750
2001-11-28,0.428000
2001-11-29,0.446750
2001-11-30,0.455333
2001-12-03,0.448417
2001-12-04,0.484500
2001-12-05,0.523583
2001-12-06,0.515333
2001-12-07,0.499583
2001-12-10,0.504583
2001-12-11,0.522667
2001-12-12,0.538917
2001-12-13,0.523417
2001-12-14,0.547000
2001-12-17,0.566667
2001-12-18,0.552083
2001-12-19,0.537000
2001-12-20,0.515833
2001-12-21,0.538167
2001-12-24,0.551583
2001-12-26,0.565083
2001-12-27,0.578167
2001-12-28,0.564250
2001-12-31,0.557500
2002-01-02,0.560833
2002-01-03,0.597583
2002-01-04,0.580167
2002-01-07,0.564583
2002-01-08,0.571250
2002-01-09,0.563417
2002-01-10,0.549917
2002-01-11,0.525583
2002-01-14,0.498000
2002-01-15,0.544500
2002-01-16,0.523250
2002-01-17,0.541583
2002-01-18,0.531667
2002-01-22,0.518333
2002-01-23,0.528083
2002-01-24,0.547000
2002-01-25,0.545583
2002-01-28,0.566583
2002-01-29,0.538833
2002-01-30,0.545333
2002-01-31,0.547833
2002-02-01,0.534417
2002-02-04,0.509250
2002-02-05,0.504250
2002-02-06,0.516833
2002-02-07,0.500083
2002-02-08,0.481000
2002-02-11,0.507583
2002-02-12,0.518333
2002-02-13,0.511667
2002-02-14,0.518000
2002-02-15,0.477917
2002-02-19,0.446250
2002-02-20,0.469583
2002-02-21,0.437500
2002-02-22,0.416000
2002-02-25,0.448583
2002-02-26,0.458333
2002-02-27,0.442917
2002-02-28,0.425083
2002-03-01,0.466167
2002-03-04,0.492167
2002-03-05,0.490917
2002-03-06,0.475500
2002-03-07,0.471667
2002-03-08,0.485750
2002-03-11,0.480083
2002-03-12,0.454917
2002-03-13,0.446667
2002-03-14,0.421917
2002-03-15,0.439750
2002-03-18,0.439750
2002-03-19,0.430417
2002-03-20,0.387667
2002-03-21,0.408250
2002-03-22,0.404750
2002-03-25,0.383833
2002-03-26,0.391667
2002-03-27,0.379167
2002-03-28,0.369667
2002-04-01,0.363583
2002-04-02,0.354083
2002-04-03,0.360750
2002-04-04,0.359000
2002-04-05,0.350833
2002-04-08,0.362583
2002-04-09,0.339667
2002-04-10,0.320917
2002-04-11,0.306833
2002-04-12,0.305667
2002-04-15,0.318000
2002-04-16,0.331833
2002-04-17,0.335750
2002-04-18,0.330167
2002-04-19,0.307667
2002-04-22,0.309167
2002-04-23,0.296667
2002-04-24,0.270667
2002-04-25,0.281167
2002-04-26,0.253083
2002-04-29,0.295250
2002-04-30,0.290083
2002-05-01,0.295333
2002-05-02,0.283417
2002-05-03,0.272917
2002-05-06,0.262500
2002-05-07,0.269083
2002-05-08,0.300000
2002-05-09,0.287167
2002-05-10,0.265667
2002-05-13,0.281750
2002-05-14,0.309750
2002-05-15,0.315833
2002-05-16,0.316417
2002-05-17,0.326417
2002-05-20,0.329917
2002-05-21,0.304750
2002-05-22,0.317083
2002-05-23,0.297750
2002-05-24,0.291917
2002-05-28,0.280333
2002-05-29,0.290917
2002-05-30,0.286667
2002-05-31,0.278833
2002-06-03,0.262417
2002-06-04,0.275667
2002-06-05,0.271667
2002-06-06,0.271750
2002-06-07,0.269167
2002-06-10,0.266917
2002-06-11,0.254917
2002-06-12,0.232917
2002-06-13,0.230500
2002-06-14,0.234833
2002-06-17,0.236917
2002-06-18,0.235667
2002-06-19,0.198750
2002-06-20,0.196917
2002-06-21,0.188833
2002-06-24,0.192333
2002-06-25,0.176417
2002-06-26,0.167250
2002-06-27,0.142333
2002-06-28,0.143167
2002-07-01,0.142833
2002-07-02,0.133833
2002-07-03,0.145417
2002-07-05,0.158250
2002-07-08,0.163000
2002-07-09,0.155000
2002-07-10,0.150750
2002-07-11,0.166083
2002-07-12,0.165917
2002-07-15,0.182417
2002-07-16,0.177500
2002-07-17,0.162417
2002-07-18,0.158250
2002-07-19,0.151083
2002-07-22,0.144083
2002-07-23,0.133333
2002-07-24,0.141833
2002-07-25,0.125500
2002-07-26,0.122583
2002-07-29,0.126000
2002-07-30,0.135167
2002-07-31,0.092250
2002-08-01,0.083417
2002-08-02,0.077917
2002-08-05,0.071667
2002-08-06,0.075417
2002-08-07,0.073667
2002-08-08,0.078500
2002-08-09,0.076667
2002-08-12,0.076667
2002-08-13,0.075083
2002-08-14,0.080167
2002-08-15,0.085750
2002-08-16,0.089083
2002-08-19,0.105417
2002-08-20,0.100750
2002-08-21,0.106083
2002-08-22,0.102500
2002-08-23,0.095750
2002-08-26,0.096500
2002-08-27,0.091000
2002-08-28,0.085333
2002-08-29,0.086417
2002-08-30,0.084167
2002-09-03,0.079000
2002-09-04,0.078500
2002-09-05,0.075500
2002-09-06,0.077167
2002-09-09,0.077083
2002-09-10,0.088083
2002-09-11,0.092417
2002-09-12,0.089500
2002-09-13,0.088083
2002-09-16,0.082500
2002-09-17,0.081250
2002-09-18,0.079000
2002-09-19,0.076333
2002-09-20,0.076750
2002-09-23,0.073417
2002-09-24,0.074000
2002-09-25,0.078083
2002-09-26,0.073917
2002-09-27,0.071333
2002-09-30,0.071333
2002-10-01,0.075167
2002-10-02,0.075083
2002-10-03,0.071417
2002-10-04,0.067833
2002-10-07,0.064500
2002-10-08,0.062583
2002-10-09,0.061417
2002-10-10,0.064583
2002-10-11,0.073417
2002-10-14,0.071250
2002-10-15,0.078667
2002-10-16,0.072083
2002-10-17,0.077583
2002-10-18,0.078333
2002-10-21,0.085417
2002-10-22,0.088250
2002-10-23,0.091833
2002-10-24,0.087167
2002-10-25,0.092500
2002-10-28,0.093000
2002-10-29,0.088917
2002-10-30,0.093667
2002-10-31,0.099167
2002-11-01,0.117500
2002-11-04,0.130333
2002-11-05,0.125167
2002-11-06,0.134833
2002-11-07,0.121250
2002-11-08,0.094667
2002-11-11,0.087333
2002-11-12,0.095083
2002-11-13,0.098083
2002-11-14,0.104583
2002-11-15,0.112250
2002-11-18,0.116417
2002-11-19,0.118083
2002-11-20,0.124000
2002-11-21,0.134500
2002-11-22,0.131000
2002-11-25,0.135750
2002-11-26,0.132083
2002-11-27,0.142333
2002-11-29,0.142750
2002-12-02,0.141667
2002-12-03,0.132333
2002-12-04,0.116500
2002-12-05,0.117583
2002-12-06,0.117750
2002-12-09,0.108333
2002-12-10,0.117417
2002-12-11,0.116750
2002-12-12,0.114833
2002-12-13,0.110333
2002-12-16,0.116833
2002-12-17,0.116667
2002-12-18,0.107750
2002-12-19,0.105417
2002-12-20,0.106833
2002-12-23,0.107583
2002-12-24,0.105417
2002-12-26,0.103500
2002-12-27,0.099583
2002-12-30,0.096083
2002-12-31,0.095917
2003-01-02,0.102583
2003-01-03,0.102583
2003-01-06,0.110917
2003-01-07,0.110583
2003-01-08,0.099583
2003-01-09,0.101333
2003-01-10,0.103083
2003-01-13,0.102250
2003-01-14,0.103000
2003-01-15,0.099833
2003-01-16,0.093083
2003-01-17,0.089583
2003-01-21,0.087333
2003-01-22,0.087417
2003-01-23,0.089833
2003-01-24,0.084750
2003-01-27,0.083500
2003-01-28,0.086500
2003-01-29,0.088250
2003-01-30,0.084667
2003-01-31,0.086000
2003-02-03,0.087667
2003-02-04,0.083750
2003-02-05,0.084500
2003-02-06,0.085167
2003-02-07,0.081333
2003-02-10,0.082333
2003-02-11,0.080833
2003-02-12,0.081250
2003-02-13,0.082250
2003-02-14,0.100333
2003-02-18,0.106083
2003-02-19,0.107083
2003-02-20,0.107083
2003-02-21,0.107167
2003-02-24,0.108500
2003-02-25,0.107833
2003-02-26,0.102583
2003-02-27,0.104750
2003-02-28,0.105167
2003-03-03,0.103417
2003-03-04,0.102583
2003-03-05,0.104250
2003-03-06,0.102500
2003-03-07,0.104083
2003-03-10,0.101167
2003-03-11,0.101917
2003-03-12,0.104750
2003-03-13,0.115167
2003-03-14,0.111833
2003-03-17,0.118333
2003-03-18,0.117417
2003-03-19,0.118000
2003-03-20,0.119083
2003-03-21,0.118000
2003-03-24,0.113583
2003-03-25,0.116833
2003-03-26,0.120083
2003-03-27,0.116667
2003-03-28,0.111917
2003-03-31,0.107333
2003-04-01,0.110500
2003-04-02,0.114583
2003-04-03,0.116083
2003-04-04,0.111583
2003-04-07,0.112750
2003-04-08,0.111667
2003-04-09,0.111083
2003-04-10,0.111667
2003-04-11,0.110417
2003-04-14,0.112333
2003-04-15,0.111750
2003-04-16,0.111750
2003-04-17,0.113750
2003-04-21,0.116667
2003-04-22,0.118167
2003-04-23,0.120833
2003-04-24,0.117250
2003-04-25,0.112917
2003-04-28,0.116333
2003-04-29,0.119917
2003-04-30,0.119417
2003-05-01,0.120167
2003-05-02,0.132500
2003-05-05,0.135750
2003-05-06,0.135917
2003-05-07,0.133750
2003-05-08,0.133833
2003-05-09,0.178083
2003-05-12,0.173083
2003-05-13,0.169833
2003-05-14,0.169667
2003-05-15,0.175500
2003-05-16,0.177167
2003-05-19,0.167167
2003-05-20,0.168333
2003-05-21,0.174250
2003-05-22,0.174833
2003-05-23,0.173917
2003-05-27,0.189333
2003-05-28,0.188833
2003-05-29,0.201750
2003-05-30,0.218083
2003-06-02,0.206000
2003-06-03,0.210250
2003-06-04,0.215250
2003-06-05,0.221417
2003-06-06,0.214667
2003-06-09,0.212083
2003-06-10,0.215167
2003-06-11,0.215333
2003-06-12,0.212083
2003-06-13,0.195583
2003-06-16,0.199750
2003-06-17,0.204500
2003-06-18,0.212333
2003-06-19,0.199417
2003-06-20,0.197333
2003-06-23,0.190333
2003-06-24,0.189917
2003-06-25,0.191167
2003-06-26,0.191417
2003-06-27,0.188000
2003-06-30,0.190917
2003-07-01,0.198750
2003-07-02,0.198167
2003-07-03,0.195917
2003-07-07,0.208750
2003-07-08,0.206417
2003-07-09,0.211167
2003-07-10,0.202500
2003-07-11,0.203583
2003-07-14,0.202000
2003-07-15,0.195417
2003-07-16,0.193000
2003-07-17,0.183333
2003-07-18,0.177167
2003-07-21,0.174500
2003-07-22,0.177417
2003-07-23,0.179750
2003-07-24,0.172750
2003-07-25,0.175500
2003-07-28,0.170083
2003-07-29,0.158917
2003-07-30,0.157167
2003-07-31,0.159083
2003-08-01,0.164333
2003-08-04,0.170500
2003-08-05,0.170000
2003-08-06,0.163083
2003-08-07,0.160833
2003-08-08,0.129167
2003-08-11,0.136167
2003-08-12,0.138917
2003-08-13,0.139833
2003-08-14,0.135000
2003-08-15,0.134583
2003-08-18,0.138583
2003-08-19,0.149167
2003-08-20,0.147083
2003-08-21,0.151083
2003-08-22,0.152167
2003-08-25,0.151333
2003-08-26,0.148917
2003-08-27,0.153417
2003-08-28,0.149417
2003-08-29,0.151417
2003-09-02,0.150083
2003-09-03,0.147167
2003-09-04,0.148583
2003-09-05,0.155667
2003-09-08,0.162833
2003-09-09,0.172833
2003-09-10,0.161000
2003-09-11,0.158917
2003-09-12,0.161250
2003-09-15,0.158583
2003-09-16,0.163500
2003-09-17,0.165417
2003-09-18,0.166667
2003-09-19,0.165333
2003-09-22,0.158833
2003-09-23,0.160333
2003-09-24,0.148167
2003-09-25,0.146083
2003-09-26,0.140500
2003-09-29,0.132917
2003-09-30,0.133083
2003-10-01,0.134167
2003-10-02,0.136250
2003-10-03,0.139833
2003-10-06,0.138750
2003-10-07,0.140000
2003-10-08,0.135083
2003-10-09,0.137000
2003-10-10,0.139417
2003-10-13,0.140833
2003-10-14,0.143417
2003-10-15,0.141583
2003-10-16,0.143333
2003-10-17,0.138833
2003-10-20,0.141917
2003-10-21,0.146250
2003-10-22,0.143750
2003-10-23,0.143083
2003-10-24,0.142583
2003-10-27,0.143333
2003-10-28,0.152333
2003-10-29,0.152333
2003-10-30,0.149500
2003-10-31,0.147333
2003-11-03,0.150083
2003-11-04,0.150583
2003-11-05,0.151167
2003-11-06,0.151417
2003-11-07,0.181250
2003-11-10,0.180750
2003-11-11,0.176250
2003-11-12,0.178583
2003-11-13,0.178667
2003-11-14,0.168083
2003-11-17,0.166333
2003-11-18,0.163917
2003-11-19,0.168500
2003-11-20,0.164000
2003-11-21,0.164667
2003-11-24,0.174583
2003-11-25,0.177583
2003-11-26,0.177750
2003-11-28,0.176917
2003-12-01,0.179417
2003-12-02,0.178667
2003-12-03,0.176833
2003-12-04,0.175917
2003-12-05,0.170250
2003-12-08,0.171500
2003-12-09,0.162583
2003-12-10,0.166167
2003-12-11,0.174583
2003-12-12,0.173667
2003-12-15,0.170167
2003-12-16,0.172500
2003-12-17,0.169167
2003-12-18,0.173000
2003-12-19,0.175583
2003-12-22,0.175833
2003-12-23,0.183000
2003-12-24,0.181667
2003-12-26,0.189500
2003-12-29,0.197500
2003-12-30,0.197917
2003-12-31,0.193333
2004-01-02,0.192333
2004-01-05,0.198583
2004-01-06,0.206667
2004-01-07,0.208500
2004-01-08,0.209250
2004-01-09,0.212250
2004-01-12,0.214667
2004-01-13,0.203583
2004-01-14,0.202083
2004-01-15,0.202417
2004-01-16,0.205500
2004-01-20,0.211250
2004-01-21,0.201500
2004-01-22,0.196833
2004-01-23,0.192417
2004-01-26,0.200000
2004-01-27,0.188583
2004-01-28,0.188083
2004-01-29,0.182583
2004-01-30,0.185417
2004-02-02,0.188417
2004-02-03,0.187750
2004-02-04,0.182667
2004-02-05,0.185417
2004-02-06,0.189667
2004-02-09,0.188333
2004-02-10,0.195250
2004-02-11,0.202083
2004-02-12,0.196000
2004-02-13,0.194167
2004-02-17,0.196333
2004-02-18,0.196333
2004-02-19,0.196250
2004-02-20,0.201167
2004-02-23,0.194167
2004-02-24,0.186417
2004-02-25,0.187500
2004-02-26,0.188750
2004-02-27,0.185417
2004-03-01,0.188167
2004-03-02,0.184667
2004-03-03,0.182250
2004-03-04,0.186250
2004-03-05,0.184917
2004-03-08,0.178500
2004-03-09,0.177250
2004-03-10,0.174667
2004-03-11,0.173333
2004-03-12,0.177000
2004-03-15,0.173000
2004-03-16,0.180417
2004-03-17,0.184833
2004-03-18,0.186917
2004-03-19,0.184750
2004-03-22,0.183333
2004-03-23,0.184083
2004-03-24,0.192333
2004-03-25,0.203500
2004-03-26,0.202917
2004-03-29,0.211667
2004-03-30,0.218000
2004-03-31,0.220000
2004-04-01,0.216083
2004-04-02,0.219167
2004-04-05,0.227000
2004-04-06,0.217833
2004-04-07,0.216667
2004-04-08,0.222833
2004-04-12,0.218667
2004-04-13,0.213583
2004-04-14,0.214667
2004-04-15,0.203417
2004-04-16,0.196750
2004-04-19,0.196500
2004-04-20,0.188167
2004-04-21,0.188417
2004-04-22,0.189500
2004-04-23,0.193667
2004-04-26,0.186083
2004-04-27,0.184500
2004-04-28,0.183750
2004-04-29,0.178667
2004-04-30,0.171000
2004-05-03,0.168833
2004-05-04,0.179583
2004-05-05,0.181083
2004-05-06,0.182583
2004-05-07,0.184000
2004-05-10,0.176833
2004-05-11,0.181167
2004-05-12,0.178667
2004-05-13,0.179250
2004-05-14,0.179250
2004-05-17,0.176417
2004-05-18,0.179250
2004-05-19,0.178833
2004-05-20,0.176250
2004-05-21,0.176667
2004-05-24,0.176083
2004-05-25,0.183750
2004-05-26,0.187500
2004-05-27,0.188083
2004-05-28,0.195417
2004-06-01,0.195250
2004-06-02,0.193750
2004-06-03,0.184417
2004-06-04,0.182583
2004-06-07,0.187000
2004-06-08,0.183667
2004-06-09,0.175083
2004-06-10,0.173333
2004-06-14,0.167917
2004-06-15,0.170417
2004-06-16,0.167750
2004-06-17,0.164417
2004-06-18,0.164667
2004-06-21,0.161750
2004-06-22,0.166333
2004-06-23,0.169167
2004-06-24,0.167667
2004-06-25,0.168750
2004-06-28,0.167333
2004-06-29,0.173083
2004-06-30,0.170583
2004-07-01,0.162750
2004-07-02,0.160500
2004-07-06,0.151083
2004-07-07,0.151833
2004-07-08,0.147167
2004-07-09,0.140833
2004-07-12,0.137583
2004-07-13,0.137333
2004-07-14,0.131250
2004-07-15,0.130333
2004-07-16,0.126500
2004-07-19,0.127917
2004-07-20,0.130500
2004-07-21,0.122583
2004-07-22,0.125167
2004-07-23,0.121833
2004-07-26,0.118417
2004-07-27,0.122333
2004-07-28,0.119250
2004-07-29,0.127083
2004-07-30,0.128500
2004-08-02,0.130167
2004-08-03,0.123417
2004-08-04,0.124750
2004-08-05,0.121333
2004-08-06,0.078583
2004-08-09,0.082083
2004-08-10,0.088583
2004-08-11,0.086000
2004-08-12,0.084000
2004-08-13,0.087500
2004-08-16,0.086667
2004-08-17,0.091417
2004-08-18,0.097500
2004-08-19,0.097167
2004-08-20,0.102917
2004-08-23,0.105167
2004-08-24,0.101250
2004-08-25,0.105583
2004-08-26,0.105833
2004-08-27,0.107833
2004-08-30,0.104250
2004-08-31,0.103833
2004-09-01,0.105833
2004-09-02,0.110167
2004-09-03,0.106833
2004-09-07,0.104833
2004-09-08,0.102667
2004-09-09,0.112917
2004-09-10,0.117250
2004-09-13,0.119500
2004-09-14,0.120000
2004-09-15,0.113333
2004-09-16,0.117583
2004-09-17,0.122417
2004-09-20,0.122250
2004-09-21,0.125500
2004-09-22,0.119667
2004-09-23,0.120750
2004-09-24,0.117083
2004-09-27,0.115000
2004-09-28,0.116667
2004-09-29,0.119500
2004-09-30,0.121000
2004-10-01,0.126000
2004-10-04,0.129583
2004-10-05,0.126667
2004-10-06,0.127167
2004-10-07,0.127917
2004-10-08,0.120917
2004-10-11,0.121083
2004-10-12,0.119333
2004-10-13,0.118583
2004-10-14,0.115000
2004-10-15,0.111833
2004-10-18,0.113833
2004-10-19,0.113083
2004-10-20,0.114417
2004-10-21,0.117000
2004-10-22,0.110667
2004-10-25,0.111167
2004-10-26,0.120750
2004-10-27,0.124083
2004-10-28,0.122750
2004-10-29,0.120583
2004-11-01,0.123167
2004-11-02,0.124917
2004-11-03,0.126083
2004-11-04,0.128417
2004-11-05,0.147000
2004-11-08,0.148583
2004-11-09,0.147667
2004-11-10,0.147667
2004-11-11,0.150583
2004-11-12,0.150833
2004-11-15,0.153083
2004-11-16,0.152583
2004-11-17,0.155167
2004-11-18,0.157167
2004-11-19,0.158000
2004-11-22,0.162500
2004-11-23,0.163167
2004-11-24,0.163833
2004-11-26,0.165500
2004-11-29,0.162250
2004-11-30,0.159417
2004-12-01,0.163417
2004-12-02,0.165583
2004-12-03,0.172750
2004-12-06,0.181000
2004-12-07,0.190083
2004-12-08,0.192333
2004-12-09,0.190583
2004-12-10,0.194250
2004-12-13,0.188917
2004-12-14,0.192750
2004-12-15,0.194500
2004-12-16,0.197083
2004-12-17,0.192167
2004-12-20,0.190083
2004-12-21,0.191500
2004-12-22,0.191750
2004-12-23,0.192250
2004-12-27,0.190583
2004-12-28,0.189583
2004-12-29,0.191250
2004-12-30,0.190500
2004-12-31,0.196333
2005-01-03,0.196500
2005-01-04,0.187250
2005-01-05,0.189000
2005-01-06,0.187167
2005-01-07,0.183583
2005-01-10,0.184000
2005-01-11,0.178333
2005-01-12,0.176833
2005-01-13,0.178667
2005-01-14,0.179250
2005-01-18,0.182083
2005-01-19,0.177917
2005-01-20,0.178333
2005-01-21,0.178667
2005-01-24,0.171500
2005-01-25,0.174500
2005-01-26,0.176750
2005-01-27,0.190917
2005-01-28,0.190667
2005-01-31,0.191000
2005-02-01,0.194583
2005-02-02,0.205417
2005-02-03,0.203250
2005-02-04,0.214917
2005-02-07,0.212333
2005-02-08,0.214417
2005-02-09,0.206917
2005-02-10,0.211750
2005-02-11,0.217917
2005-02-14,0.213333
2005-02-15,0.215250
2005-02-16,0.214500
2005-02-17,0.212583
2005-02-18,0.235583
2005-02-22,0.238583
2005-02-23,0.230833
2005-02-24,0.236917
2005-02-25,0.240333
2005-02-28,0.241583
2005-03-01,0.241000
2005-03-02,0.233917
2005-03-03,0.230750
2005-03-04,0.229750
2005-03-07,0.232083
2005-03-08,0.220333
2005-03-09,0.214583
2005-03-10,0.214500
2005-03-11,0.209667
2005-03-14,0.215583
2005-03-15,0.211250
2005-03-16,0.207667
2005-03-17,0.205583
2005-03-18,0.201417
2005-03-21,0.208333
2005-03-22,0.204583
2005-03-23,0.209000
2005-03-24,0.209417
2005-03-28,0.207083
2005-03-29,0.202500
2005-03-30,0.202500
2005-03-31,0.198000
2005-04-01,0.196083
2005-04-04,0.194917
2005-04-05,0.191500
2005-04-06,0.194417
2005-04-07,0.198000
2005-04-08,0.195417
2005-04-11,0.191583
2005-04-12,0.193917
2005-04-13,0.185833
2005-04-14,0.184333
2005-04-15,0.177917
2005-04-18,0.176667
2005-04-19,0.182833
2005-04-20,0.177250
2005-04-21,0.187083
2005-04-22,0.185333
2005-04-25,0.188250
2005-04-26,0.187417
2005-04-27,0.180250
2005-04-28,0.180833
2005-04-29,0.182750
2005-05-02,0.182083
2005-05-03,0.181083
2005-05-04,0.186833
2005-05-05,0.190500
2005-05-06,0.193083
2005-05-09,0.196667
2005-05-10,0.189000
2005-05-11,0.185833
2005-05-12,0.189917
2005-05-13,0.211083
2005-05-16,0.211833
2005-05-17,0.214167
2005-05-18,0.215750
2005-05-19,0.215333
2005-05-20,0.219167
2005-05-23,0.224250
2005-05-24,0.227417
2005-05-25,0.224500
2005-05-26,0.230833
2005-05-27,0.229333
2005-05-31,0.225833
2005-06-01,0.227917
2005-06-02,0.236417
2005-06-03,0.235833
2005-06-06,0.233583
2005-06-07,0.227917
2005-06-08,0.226333
2005-06-09,0.235833
2005-06-10,0.233167
2005-06-13,0.238333
2005-06-14,0.224250
2005-06-15,0.223583
2005-06-16,0.224750
2005-06-17,0.224250
2005-06-20,0.227667
2005-06-21,0.229833
2005-06-22,0.229583
2005-06-23,0.233167
2005-06-24,0.225750
2005-06-27,0.223917
2005-06-28,0.225333
2005-06-29,0.223250
2005-06-30,0.222667
2005-07-01,0.223667
2005-07-05,0.227167
2005-07-06,0.233250
2005-07-07,0.231583
2005-07-08,0.234500
2005-07-11,0.238000
2005-07-12,0.236667
2005-07-13,0.237000
2005-07-14,0.226500
2005-07-15,0.224083
2005-07-18,0.218500
2005-07-19,0.221500
2005-07-20,0.224833
2005-07-21,0.221000
2005-07-22,0.215250
2005-07-25,0.216500
2005-07-26,0.221000
2005-07-27,0.225500
2005-07-28,0.227250
2005-07-29,0.225500
2005-08-01,0.228917
2005-08-02,0.232000
2005-08-03,0.232000
2005-08-04,0.229583
2005-08-05,0.235417
2005-08-08,0.236250
2005-08-09,0.235667
2005-08-10,0.232167
2005-08-11,0.235417
2005-08-12,0.249583
2005-08-15,0.255917
2005-08-16,0.251583
2005-08-17,0.251583
2005-08-18,0.245083
2005-08-19,0.243333
2005-08-22,0.241333
2005-08-23,0.242917
2005-08-24,0.243083
2005-08-25,0.244750
2005-08-26,0.241000
2005-08-29,0.241417
2005-08-30,0.250083
2005-08-31,0.255667
2005-09-01,0.255750
2005-09-02,0.251583
2005-09-06,0.253667
2005-09-07,0.261750
2005-09-08,0.264833
2005-09-09,0.268250
2005-09-12,0.267333
2005-09-13,0.275417
2005-09-14,0.272083
2005-09-15,0.276917
2005-09-16,0.277083
2005-09-19,0.273167
2005-09-20,0.278500
2005-09-21,0.276083
2005-09-22,0.268667
2005-09-23,0.272583
2005-09-26,0.274833
2005-09-27,0.275750
2005-09-28,0.277417
2005-09-29,0.283167
2005-09-30,0.285667
2005-10-03,0.293500
2005-10-04,0.289667
2005-10-05,0.280083
2005-10-06,0.279083
2005-10-07,0.275500
2005-10-10,0.268500
2005-10-11,0.265167
2005-10-12,0.268333
2005-10-13,0.266917
2005-10-14,0.266917
2005-10-17,0.269500
2005-10-18,0.265083
2005-10-19,0.262833
2005-10-20,0.264667
2005-10-21,0.266167
2005-10-24,0.273417
2005-10-25,0.275167
2005-10-26,0.267667
2005-10-27,0.262083
2005-10-28,0.270167
2005-10-31,0.279583
2005-11-01,0.276167
2005-11-02,0.292167
2005-11-03,0.288750
2005-11-04,0.283833
2005-11-07,0.282583
2005-11-08,0.277333
2005-11-09,0.289833
2005-11-10,0.279083
2005-11-11,0.283667
2005-11-14,0.289667
2005-11-15,0.290333
2005-11-16,0.289333
2005-11-17,0.302167
2005-11-18,0.301583
2005-11-21,0.306917
2005-11-22,0.315083
2005-11-23,0.314167
2005-11-25,0.317250
2005-11-28,0.315667
2005-11-29,0.295667
2005-11-30,0.301250
2005-12-01,0.304833
2005-12-02,0.304917
2005-12-05,0.299250
2005-12-06,0.300500
2005-12-07,0.301000
2005-12-08,0.298583
2005-12-09,0.302833
2005-12-12,0.307250
2005-12-13,0.311250
2005-12-14,0.308333
2005-12-15,0.304417
2005-12-16,0.307083
2005-12-19,0.302000
2005-12-20,0.301833
2005-12-21,0.301250
2005-12-22,0.310417
2005-12-23,0.312833
2005-12-27,0.314750
2005-12-28,0.317667
2005-12-29,0.310583
2005-12-30,0.304667
2006-01-03,0.318500
2006-01-04,0.327417
2006-01-05,0.334833
2006-01-06,0.340333
2006-01-09,0.349833
2006-01-10,0.349917
2006-01-11,0.362583
2006-01-12,0.357417
2006-01-13,0.354250
2006-01-17,0.354000
2006-01-18,0.355833
2006-01-19,0.375583
2006-01-20,0.365083
2006-01-23,0.367167
2006-01-24,0.369000
2006-01-25,0.365750
2006-01-26,0.378250
2006-01-27,0.385417
2006-01-30,0.381083
2006-01-31,0.374667
2006-02-01,0.374917
2006-02-02,0.363500
2006-02-03,0.366833
2006-02-06,0.377167
2006-02-07,0.363750
2006-02-08,0.374250
2006-02-09,0.367917
2006-02-10,0.365833
2006-02-13,0.367083
2006-02-14,0.367750
2006-02-15,0.374833
2006-02-16,0.393333
2006-02-17,0.395583
2006-02-21,0.387167
2006-02-22,0.386500
2006-02-23,0.380583
2006-02-24,0.380500
2006-02-27,0.395917
2006-02-28,0.392750
2006-03-01,0.407667
2006-03-02,0.408250
2006-03-03,0.409667
2006-03-06,0.408833
2006-03-07,0.401833
2006-03-08,0.399833
2006-03-09,0.401917
2006-03-10,0.394917
2006-03-13,0.399667
2006-03-14,0.410750
2006-03-15,0.417333
2006-03-16,0.403167
2006-03-17,0.406417
2006-03-20,0.403333
2006-03-21,0.423250
2006-03-22,0.411083
2006-03-23,0.418750
2006-03-24,0.432917
2006-03-27,0.444583
2006-03-28,0.451417
2006-03-29,0.475667
2006-03-30,0.478917
2006-03-31,0.477167
2006-04-03,0.482500
2006-04-04,0.505083
2006-04-05,0.509167
2006-04-06,0.510167
2006-04-07,0.508833
2006-04-10,0.500000
2006-04-11,0.487833
2006-04-12,0.507500
2006-04-13,0.493333
2006-04-17,0.494667
2006-04-18,0.483000
2006-04-19,0.486000
2006-04-20,0.485333
2006-04-21,0.467833
2006-04-24,0.482167
2006-04-25,0.481833
2006-04-26,0.478500
2006-04-27,0.486167
2006-04-28,0.487000
2006-05-01,0.515000
2006-05-02,0.514333
2006-05-03,0.517667
2006-05-04,0.514333
2006-05-05,0.521333
2006-05-08,0.519000
2006-05-09,0.503167
2006-05-10,0.492000
2006-05-11,0.474500
2006-05-12,0.438833
2006-05-15,0.445167
2006-05-16,0.433500
2006-05-17,0.416000
2006-05-18,0.397167
2006-05-19,0.405500
2006-05-22,0.400000
2006-05-23,0.395667
2006-05-24,0.400833
2006-05-25,0.398667
2006-05-26,0.399500
2006-05-30,0.382833
2006-05-31,0.383000
2006-06-01,0.403000
2006-06-02,0.397167
2006-06-05,0.380500
2006-06-06,0.370333
2006-06-07,0.363667
2006-06-08,0.357000
2006-06-09,0.355833
2006-06-12,0.336167
2006-06-13,0.331000
2006-06-14,0.340667
2006-06-15,0.370500
2006-06-16,0.361000
2006-06-19,0.350167
2006-06-20,0.344667
2006-06-21,0.348500
2006-06-22,0.338333
2006-06-23,0.338500
2006-06-26,0.335333
2006-06-27,0.324667
2006-06-28,0.342667
2006-06-29,0.358167
2006-06-30,0.354833
2006-07-03,0.360000
2006-07-05,0.343833
2006-07-06,0.333167
2006-07-07,0.322833
2006-07-10,0.308833
2006-07-11,0.319167
2006-07-12,0.303833
2006-07-13,0.296000
2006-07-14,0.294500
2006-07-17,0.296833
2006-07-18,0.313000
2006-07-19,0.326667
2006-07-20,0.320167
2006-07-21,0.296167
2006-07-24,0.326000
2006-07-25,0.337500
2006-07-26,0.337500
2006-07-27,0.342333
2006-07-28,0.377833
2006-07-31,0.369000
2006-08-01,0.354167
2006-08-02,0.381333
2006-08-03,0.405333
2006-08-04,0.399833
2006-08-07,0.395167
2006-08-08,0.405667
2006-08-09,0.405500
2006-08-10,0.402667
2006-08-11,0.390000
2006-08-14,0.388000
2006-08-15,0.425333
2006-08-16,0.455833
2006-08-17,0.448667
2006-08-18,0.456000
2006-08-21,0.439167
2006-08-22,0.438500
2006-08-23,0.438167
2006-08-24,0.442667
2006-08-25,0.441333
2006-08-28,0.456500
2006-08-29,0.477167
2006-08-30,0.487000
2006-08-31,0.485167
2006-09-01,0.464833
2006-09-05,0.475000
2006-09-06,0.451167
2006-09-07,0.460167
2006-09-08,0.461667
2006-09-11,0.468833
2006-09-12,0.481167
2006-09-13,0.485000
2006-09-14,0.483167
2006-09-15,0.492667
2006-09-18,0.511333
2006-09-19,0.498000
2006-09-20,0.516167
2006-09-21,0.512000
2006-09-22,0.496833
2006-09-25,0.514667
2006-09-26,0.503833
2006-09-27,0.502333
2006-09-28,0.492833
2006-09-29,0.493167
2006-10-02,0.480667
2006-10-03,0.471667
2006-10-04,0.518000
2006-10-05,0.503333
2006-10-06,0.515500
2006-10-09,0.548667
2006-10-10,0.536167
2006-10-11,0.539167
2006-10-12,0.541333
2006-10-13,0.562833
2006-10-16,0.561833
2006-10-17,0.540333
2006-10-18,0.526000
2006-10-19,0.536000
2006-10-20,0.529833
2006-10-23,0.526333
2006-10-24,0.541667
2006-10-25,0.546667
2006-10-26,0.564000
2006-10-27,0.539667
2006-10-30,0.546167
2006-10-31,0.581167
2006-11-01,0.536333
2006-11-02,0.532667
2006-11-03,0.543333
2006-11-06,0.559833
2006-11-07,0.568333
2006-11-08,0.576667
2006-11-09,0.588167
2006-11-10,0.574000
2006-11-13,0.600000
2006-11-14,0.606000
2006-11-15,0.596000
2006-11-16,0.603667
2006-11-17,0.605333
2006-11-20,0.611000
2006-11-21,0.601500
2006-11-22,0.611833
2006-11-24,0.616333
2006-11-27,0.588500
2006-11-28,0.599500
2006-11-29,0.608333
2006-11-30,0.616500
2006-12-01,0.592333
2006-12-04,0.616333
2006-12-05,0.610000
2006-12-06,0.609167
2006-12-07,0.594500
2006-12-08,0.592500
2006-12-11,0.602667
2006-12-12,0.596500
2006-12-13,0.603500
2006-12-14,0.614167
2006-12-15,0.625000
2006-12-18,0.635833
2006-12-19,0.645000
2006-12-20,0.637667
2006-12-21,0.632167
2006-12-22,0.617167
2006-12-26,0.617000
2006-12-27,0.625167
2006-12-28,0.620667
2006-12-29,0.616833
2007-01-03,0.601333
2007-01-04,0.598500
2007-01-05,0.561000
2007-01-08,0.565167
2007-01-09,0.554167
2007-01-10,0.581500
2007-01-11,0.579333
2007-01-12,0.587167
2007-01-16,0.588167
2007-01-17,0.575833
2007-01-18,0.528167
2007-01-19,0.531333
2007-01-22,0.531333
2007-01-23,0.531500
2007-01-24,0.548000
2007-01-25,0.528833
2007-01-26,0.524500
2007-01-29,0.503000
2007-01-30,0.512667
2007-01-31,0.510833
2007-02-01,0.517333
2007-02-02,0.530833
2007-02-05,0.539500
2007-02-06,0.558667
2007-02-07,0.580500
2007-02-08,0.573000
2007-02-09,0.544167
2007-02-12,0.556167
2007-02-13,0.566667
2007-02-14,0.559167
2007-02-15,0.562500
2007-02-16,0.545333
2007-02-20,0.550167
2007-02-21,0.542000
2007-02-22,0.545500
2007-02-23,0.544167
2007-02-26,0.535833
2007-02-27,0.519667
2007-02-28,0.516667
2007-03-01,0.510333
2007-03-02,0.496167
2007-03-05,0.479333
2007-03-06,0.507667
2007-03-07,0.493333
2007-03-08,0.513667
2007-03-09,0.508500
2007-03-12,0.505500
2007-03-13,0.484167
2007-03-14,0.481833
2007-03-15,0.477000
2007-03-16,0.472500
2007-03-19,0.474833
2007-03-20,0.472500
2007-03-21,0.499500
2007-03-22,0.510500
2007-03-23,0.504833
2007-03-26,0.505833
2007-03-27,0.496333
2007-03-28,0.486833
2007-03-29,0.478333
2007-03-30,0.479667
2007-04-02,0.479167
2007-04-03,0.477333
2007-04-04,0.476333
2007-04-05,0.515000
2007-04-09,0.505667
2007-04-10,0.500500
2007-04-11,0.491500
2007-04-12,0.505500
2007-04-13,0.509667
2007-04-16,0.507000
2007-04-17,0.511833
2007-04-18,0.518167
2007-04-19,0.525333
2007-04-20,0.531500
2007-04-23,0.522833
2007-04-24,0.542500
2007-04-25,0.551833
2007-04-26,0.558667
2007-04-27,0.551167
2007-04-30,0.548167
2007-05-01,0.554000
2007-05-02,0.547500
2007-05-03,0.557833
2007-05-04,0.561833
2007-05-07,0.550667
2007-05-08,0.554833
2007-05-09,0.557333
2007-05-10,0.547000
2007-05-11,0.585667
2007-05-14,0.579833
2007-05-15,0.574667
2007-05-16,0.582000
2007-05-17,0.572333
2007-05-18,0.583667
2007-05-21,0.585500
2007-05-22,0.588667
2007-05-23,0.573000
2007-05-24,0.552333
2007-05-25,0.561000
2007-05-29,0.567000
2007-05-30,0.568333
2007-05-31,0.577333
2007-06-01,0.581333
2007-06-04,0.584500
2007-06-05,0.601833
2007-06-06,0.606333
2007-06-07,0.599833
2007-06-08,0.609167
2007-06-11,0.611333
2007-06-12,0.605000
2007-06-13,0.619500
2007-06-14,0.630500
2007-06-15,0.659167
2007-06-18,0.659500
2007-06-19,0.663667
2007-06-20,0.664333
2007-06-21,0.716333
2007-06-22,0.727000
2007-06-25,0.707833
2007-06-26,0.675000
2007-06-27,0.693167
2007-06-28,0.699833
2007-06-29,0.688500
2007-07-02,0.717167
2007-07-03,0.718333
2007-07-05,0.726000
2007-07-06,0.729500
2007-07-09,0.750667
2007-07-10,0.758000
2007-07-11,0.754667
2007-07-12,0.769167
2007-07-13,0.764500
2007-07-16,0.778333
2007-07-17,0.775000
2007-07-18,0.760833
2007-07-19,0.760000
2007-07-20,0.751667
2007-07-23,0.759167
2007-07-24,0.739167
2007-07-25,0.735667
2007-07-26,0.739333
2007-07-27,0.737500
2007-07-30,0.758167
2007-07-31,0.762667
2007-08-01,0.757000
2007-08-02,0.753667
2007-08-03,0.709000
2007-08-06,0.715000
2007-08-07,0.726333
2007-08-08,0.759833
2007-08-09,0.768833
2007-08-10,0.733167
2007-08-13,0.725167
2007-08-14,0.753333
2007-08-15,0.721500
2007-08-16,0.709500
2007-08-17,0.751333
2007-08-20,0.748333
2007-08-21,0.788833
2007-08-22,0.806833
2007-08-23,0.800000
2007-08-24,0.804167
2007-08-27,0.822333
2007-08-28,0.772167
2007-08-29,0.816000
2007-08-30,0.811333
2007-08-31,0.852667
2007-09-04,0.879000
2007-09-05,0.872333
2007-09-06,0.876167
2007-09-07,0.844167
2007-09-10,0.846500
2007-09-11,0.864500
2007-09-12,0.830500
2007-09-13,0.830750
2007-09-14,0.806250
2007-09-17,0.804500
2007-09-18,0.875000
2007-09-19,0.859000
2007-09-20,0.854000
2007-09-21,0.862250
2007-09-24,0.884250
2007-09-25,0.895500
2007-09-26,0.916750
2007-09-27,0.919500
2007-09-28,0.906000
2007-10-01,0.944250
2007-10-02,0.935250
2007-10-03,0.895500
2007-10-04,0.899500
2007-10-05,0.923250
2007-10-08,0.938250
2007-10-09,0.921750
2007-10-10,0.922750
2007-10-11,0.881750
2007-10-12,0.903250
2007-10-15,0.909750
2007-10-16,0.918000
2007-10-17,0.988500
2007-10-18,0.987750
2007-10-19,0.934750
2007-10-22,0.979000
2007-10-23,0.983750
2007-10-24,0.950500
2007-10-25,0.867500
2007-10-26,0.860000
2007-10-29,0.839750
2007-10-30,0.870500
2007-10-31,0.884500
2007-11-01,0.884500
2007-11-02,0.918500
2007-11-05,0.918500
2007-11-06,0.947500
2007-11-07,0.902500
2007-11-08,0.846000
2007-11-09,0.834000
2007-11-12,0.750750
2007-11-13,0.817000
2007-11-14,0.804250
2007-11-15,0.793500
2007-11-16,0.811250
2007-11-19,0.756500
2007-11-20,0.750750
2007-11-21,0.742750
2007-11-23,0.755500
2007-11-26,0.738000
2007-11-27,0.769750
2007-11-28,0.821250
2007-11-29,0.828000
2007-11-30,0.788500
2007-12-03,0.800000
2007-12-04,0.799250
2007-12-05,0.840750
2007-12-06,0.857750
2007-12-07,0.847000
2007-12-10,0.856250
2007-12-11,0.857250
2007-12-12,0.886750
2007-12-13,0.862500
2007-12-14,0.876750
2007-12-17,0.832000
2007-12-18,0.853250
2007-12-19,0.861250
2007-12-20,0.879250
2007-12-21,0.879000
2007-12-24,0.894500
2007-12-26,0.906500
2007-12-27,0.878500
2007-12-28,0.869750
2007-12-31,0.850500
2008-01-02,0.825250
2008-01-03,0.818750
2008-01-04,0.750000
2008-01-07,0.672500
2008-01-08,0.686750
2008-01-09,0.722250
2008-01-10,0.707250
2008-01-11,0.676250
2008-01-14,0.721250
2008-01-15,0.668250
2008-01-16,0.592750
2008-01-17,0.582500
2008-01-18,0.621000
2008-01-22,0.590000
2008-01-23,0.600750
2008-01-24,0.646750
2008-01-25,0.623750
2008-01-28,0.616250
2008-01-29,0.635250
2008-01-30,0.629750
2008-01-31,0.614750
2008-02-01,0.671500
2008-02-04,0.650500
2008-02-05,0.609750
2008-02-06,0.607750
2008-02-07,0.613750
2008-02-08,0.624750
2008-02-11,0.626750
2008-02-12,0.650000
2008-02-13,0.675500
2008-02-14,0.565250
2008-02-15,0.556750
2008-02-19,0.548500
2008-02-20,0.544500
2008-02-21,0.532250
2008-02-22,0.558000
2008-02-25,0.557750
2008-02-26,0.562500
2008-02-27,0.571250
2008-02-28,0.549750
2008-02-29,0.534750
2008-03-03,0.528500
2008-03-04,0.523250
2008-03-05,0.529250
2008-03-06,0.496000
2008-03-07,0.488750
2008-03-10,0.460750
2008-03-11,0.476000
2008-03-12,0.463000
2008-03-13,0.492500
2008-03-14,0.458000
2008-03-17,0.446500
2008-03-18,0.474250
2008-03-19,0.441500
2008-03-20,0.463000
2008-03-24,0.500750
2008-03-25,0.508000
2008-03-26,0.491750
2008-03-27,0.484750
2008-03-28,0.492000
2008-03-31,0.494750
2008-04-01,0.525000
2008-04-02,0.509000
2008-04-03,0.499500
2008-04-04,0.469500
2008-04-07,0.480750
2008-04-08,0.478000
2008-04-09,0.487500
2008-04-10,0.497000
2008-04-11,0.463250
2008-04-14,0.447750
2008-04-15,0.453000
2008-04-16,0.471000
2008-04-17,0.464500
2008-04-18,0.475500
2008-04-21,0.496750
2008-04-22,0.487500
2008-04-23,0.511000
2008-04-24,0.498750
2008-04-25,0.503750
2008-04-28,0.494750
2008-04-29,0.505000
2008-04-30,0.513750
2008-05-01,0.537500
2008-05-02,0.563000
2008-05-05,0.549000
2008-05-06,0.563250
2008-05-07,0.550250
2008-05-08,0.548750
2008-05-09,0.563250
2008-05-12,0.547250
2008-05-13,0.536000
2008-05-14,0.551750
2008-05-15,0.594500
2008-05-16,0.610250
2008-05-19,0.597500
2008-05-20,0.582000
2008-05-21,0.577250
2008-05-22,0.591250
2008-05-23,0.577750
2008-05-27,0.584000
2008-05-28,0.589500
2008-05-29,0.588000
2008-05-30,0.617500
2008-06-02,0.620000
2008-06-03,0.599000
2008-06-04,0.606000
2008-06-05,0.621250
2008-06-06,0.601500
2008-06-09,0.592250
2008-06-10,0.557250
2008-06-11,0.531250
2008-06-12,0.534500
2008-06-13,0.532750
2008-06-16,0.525500
2008-06-17,0.512750
2008-06-18,0.497750
2008-06-19,0.496500
2008-06-20,0.494000
2008-06-23,0.483750
2008-06-24,0.499750
2008-06-25,0.502500
2008-06-26,0.476750
2008-06-27,0.482000
2008-06-30,0.468000
2008-07-01,0.468750
2008-07-02,0.450750
2008-07-03,0.312250
2008-07-07,0.302500
2008-07-08,0.300750
2008-07-09,0.295500
2008-07-10,0.294750
2008-07-11,0.291750
2008-07-14,0.278500
2008-07-15,0.281500
2008-07-16,0.283000
2008-07-17,0.284000
2008-07-18,0.289000
2008-07-21,0.290750
2008-07-22,0.284500
2008-07-23,0.293000
2008-07-24,0.275750
2008-07-25,0.289000
2008-07-28,0.288250
2008-07-29,0.291250
2008-07-30,0.287000
2008-07-31,0.286000
2008-08-01,0.271000
2008-08-04,0.264500
2008-08-05,0.279750
2008-08-06,0.287250
2008-08-07,0.282750
2008-08-08,0.275000
2008-08-11,0.280750
2008-08-12,0.276750
2008-08-13,0.306500
2008-08-14,0.325000
2008-08-15,0.324000
2008-08-18,0.330500
2008-08-19,0.335500
2008-08-20,0.352000
2008-08-21,0.340500
2008-08-22,0.340250
2008-08-25,0.335250
2008-08-26,0.327250
2008-08-27,0.329750
2008-08-28,0.328500
2008-08-29,0.316000
2008-09-02,0.308000
2008-09-03,0.291500
2008-09-04,0.287500
2008-09-05,0.291750
2008-09-08,0.279750
2008-09-09,0.270250
2008-09-10,0.270500
2008-09-11,0.257500
2008-09-12,0.254750
2008-09-15,0.232500
2008-09-16,0.239750
2008-09-17,0.250000
2008-09-18,0.272250
2008-09-19,0.285250
2008-09-22,0.279250
2008-09-23,0.271250
2008-09-24,0.281250
2008-09-25,0.286750
2008-09-26,0.292250
2008-09-29,0.252500
2008-09-30,0.267750
2008-10-01,0.260250
2008-10-02,0.233250
2008-10-03,0.225750
2008-10-06,0.196250
2008-10-07,0.181000
2008-10-08,0.184750
2008-10-09,0.173000
2008-10-10,0.170250
2008-10-13,0.201250
2008-10-14,0.196750
2008-10-15,0.175500
2008-10-16,0.192500
2008-10-17,0.191250
2008-10-20,0.195000
2008-10-21,0.180000
2008-10-22,0.173250
2008-10-23,0.163500
2008-10-24,0.165250
2008-10-27,0.174250
2008-10-28,0.200500
2008-10-29,0.207000
2008-10-30,0.215750
2008-10-31,0.219000
2008-11-03,0.211000
2008-11-04,0.224500
2008-11-05,0.212750
2008-11-06,0.190500
2008-11-07,0.218000
2008-11-10,0.204000
2008-11-11,0.195000
2008-11-12,0.183500
2008-11-13,0.198500
2008-11-14,0.179250
2008-11-17,0.175500
2008-11-18,0.169750
2008-11-19,0.155750
2008-11-20,0.147500
2008-11-21,0.159500
2008-11-24,0.170000
2008-11-25,0.174750
2008-11-26,0.190250
2008-11-28,0.186750
2008-12-01,0.170750
2008-12-02,0.180250
2008-12-03,0.189500
2008-12-04,0.177000
2008-12-05,0.184000
2008-12-08,0.178000
2008-12-09,0.195250
2008-12-10,0.213750
2008-12-11,0.204750
2008-12-12,0.215000
2008-12-15,0.208000
2008-12-16,0.222000
2008-12-17,0.233000
2008-12-18,0.211500
2008-12-19,0.213000
2008-12-22,0.200500
2008-12-23,0.197750
2008-12-24,0.193000
2008-12-26,0.187750
2008-12-29,0.193750
2008-12-30,0.200500
2008-12-31,0.201750
2009-01-02,0.217750
2009-01-05,0.221750
2009-01-06,0.229250
2009-01-07,0.215500
2009-01-08,0.210000
2009-01-09,0.198250
2009-01-12,0.190250
2009-01-13,0.191250
2009-01-14,0.182750
2009-01-15,0.189250
2009-01-16,0.199750
2009-01-20,0.180250
2009-01-21,0.189000
2009-01-22,0.185500
2009-01-23,0.192750
2009-01-26,0.199250
2009-01-27,0.211000
2009-01-28,0.219750
2009-01-29,0.207000
2009-01-30,0.198750
2009-02-02,0.209500
2009-02-03,0.212000
2009-02-04,0.218000
2009-02-05,0.234000
2009-02-06,0.246750
2009-02-09,0.243500
2009-02-10,0.233000
2009-02-11,0.203750
2009-02-12,0.208000
2009-02-13,0.207750
2009-02-17,0.195750
2009-02-18,0.201000
2009-02-19,0.185500
2009-02-20,0.190250
2009-02-23,0.181500
2009-02-24,0.197750
2009-02-25,0.200000
2009-02-26,0.206500
2009-02-27,0.207000
2009-03-02,0.189500
2009-03-03,0.197000
2009-03-04,0.211500
2009-03-05,0.206500
2009-03-06,0.209750
2009-03-09,0.207500
2009-03-10,0.226250
2009-03-11,0.232500
2009-03-12,0.246250
2009-03-13,0.245000
2009-03-16,0.235500
2009-03-17,0.247250
2009-03-18,0.255000
2009-03-19,0.252000
2009-03-20,0.238250
2009-03-23,0.255500
2009-03-24,0.244500
2009-03-25,0.248500
2009-03-26,0.264000
2009-03-27,0.261500
2009-03-30,0.244750
2009-03-31,0.246500
2009-04-01,0.252750
2009-04-02,0.264500
2009-04-03,0.283000
2009-04-06,0.283750
2009-04-07,0.274000
2009-04-08,0.285250
2009-04-09,0.301000
2009-04-13,0.291250
2009-04-14,0.293000
2009-04-15,0.284750
2009-04-16,0.292000
2009-04-17,0.294000
2009-04-20,0.276250
2009-04-21,0.275500
2009-04-22,0.283750
2009-04-23,0.279250
2009-04-24,0.285750
2009-04-27,0.275500
2009-04-28,0.276250
2009-04-29,0.272000
2009-04-30,0.287000
2009-05-01,0.291750
2009-05-04,0.307500
2009-05-05,0.295000
2009-05-06,0.289000
2009-05-07,0.268250
2009-05-08,0.231250
2009-05-11,0.235750
2009-05-12,0.224500
2009-05-13,0.210000
2009-05-14,0.213000
2009-05-15,0.218500
2009-05-18,0.231750
2009-05-19,0.236250
2009-05-20,0.243250
2009-05-21,0.241750
2009-05-22,0.245500
2009-05-26,0.258750
2009-05-27,0.259250
2009-05-28,0.262750
2009-05-29,0.260750
2009-06-01,0.273500
2009-06-02,0.271250
2009-06-03,0.262750
2009-06-04,0.272250
2009-06-05,0.270750
2009-06-08,0.269250
2009-06-09,0.284000
2009-06-10,0.293000
2009-06-11,0.289250
2009-06-12,0.287750
2009-06-15,0.283000
2009-06-16,0.275250
2009-06-17,0.282000
2009-06-18,0.276500
2009-06-19,0.279500
2009-06-22,0.263750
2009-06-23,0.262500
2009-06-24,0.271250
2009-06-25,0.285500
2009-06-26,0.289250
2009-06-29,0.289250
2009-06-30,0.282250
2009-07-01,0.283500
2009-07-02,0.272500
2009-07-06,0.263750
2009-07-07,0.252250
2009-07-08,0.252750
2009-07-09,0.258250
2009-07-10,0.259250
2009-07-13,0.262250
2009-07-14,0.267750
2009-07-15,0.278750
2009-07-16,0.293250
2009-07-17,0.301750
2009-07-20,0.305500
2009-07-21,0.299250
2009-07-22,0.306750
2009-07-23,0.325000
2009-07-24,0.324000
2009-07-27,0.325500
2009-07-28,0.326000
2009-07-29,0.319500
2009-07-30,0.322000
2009-07-31,0.323250
2009-08-03,0.332000
2009-08-04,0.334250
2009-08-05,0.335000
2009-08-06,0.328000
2009-08-07,0.342750
2009-08-10,0.331500
2009-08-11,0.323750
2009-08-12,0.335750
2009-08-13,0.345750
2009-08-14,0.335500
2009-08-17,0.321500
2009-08-18,0.333250
2009-08-19,0.329500
2009-08-20,0.342500
2009-08-21,0.348250
2009-08-24,0.338500
2009-08-25,0.341500
2009-08-26,0.345500
2009-08-27,0.350250
2009-08-28,0.368250
2009-08-31,0.363000
2009-09-01,0.350750
2009-09-02,0.355750
2009-09-03,0.364250
2009-09-04,0.377750
2009-09-08,0.388250
2009-09-09,0.399000
2009-09-10,0.411750
2009-09-11,0.408000
2009-09-14,0.401250
2009-09-15,0.409500
2009-09-16,0.398500
2009-09-17,0.381000
2009-09-18,0.380500
2009-09-21,0.378750
2009-09-22,0.379500
2009-09-23,0.373500
2009-09-24,0.368500
2009-09-25,0.362500
2009-09-28,0.370750
2009-09-29,0.364000
2009-09-30,0.375750
2009-10-01,0.349000
2009-10-02,0.346250
2009-10-05,0.344500
2009-10-06,0.350250
2009-10-07,0.347500
2009-10-08,0.349750
2009-10-09,0.354250
2009-10-12,0.350250
2009-10-13,0.349000
2009-10-14,0.348500
2009-10-15,0.338250
2009-10-16,0.330500
2009-10-19,0.342500
2009-10-20,0.342750
2009-10-21,0.334500
2009-10-22,0.336750
2009-10-23,0.328750
2009-10-26,0.324500
2009-10-27,0.313500
2009-10-28,0.300500
2009-10-29,0.313750
2009-10-30,0.299000
2009-11-02,0.301750
2009-11-03,0.300250
2009-11-04,0.299500
2009-11-05,0.306750
2009-11-06,0.329000
2009-11-09,0.336500
2009-11-10,0.328250
2009-11-11,0.337500
2009-11-12,0.336500
2009-11-13,0.339000
2009-11-16,0.343750
2009-11-17,0.343250
2009-11-18,0.338000
2009-11-19,0.324500
2009-11-20,0.322500
2009-11-23,0.325000
2009-11-24,0.323000
2009-11-25,0.326750
2009-11-27,0.319750
2009-11-30,0.326500
2009-12-01,0.333000
2009-12-02,0.343000
2009-12-03,0.345750
2009-12-04,0.356500
2009-12-07,0.402250
2009-12-08,0.382750
2009-12-09,0.392250
2009-12-10,0.385250
2009-12-11,0.380250
2009-12-14,0.391750
2009-12-15,0.391250
2009-12-16,0.422750
2009-12-17,0.420750
2009-12-18,0.420500
2009-12-21,0.435500
2009-12-22,0.447000
2009-12-23,0.453250
2009-12-24,0.452250
2009-12-28,0.445000
2009-12-29,0.450500
2009-12-30,0.466750
2009-12-31,0.467000
2010-01-04,0.462250
2010-01-05,0.469000
2010-01-06,0.472000
2010-01-07,0.462750
2010-01-08,0.463750
2010-01-11,0.457250
2010-01-12,0.441750
2010-01-13,0.447750
2010-01-14,0.440750
2010-01-15,0.427750
2010-01-19,0.435750
2010-01-20,0.434000
2010-01-21,0.426250
2010-01-22,0.411500
2010-01-25,0.418500
2010-01-26,0.405250
2010-01-27,0.416250
2010-01-28,0.402250
2010-01-29,0.384750
2010-02-01,0.414250
2010-02-02,0.418500
2010-02-03,0.422000
2010-02-04,0.397500
2010-02-05,0.405500
2010-02-08,0.404750
2010-02-09,0.401500
2010-02-10,0.409250
2010-02-11,0.428000
2010-02-12,0.433750
2010-02-16,0.441750
2010-02-17,0.446000
2010-02-18,0.416750
2010-02-19,0.414500
2010-02-22,0.415250
2010-02-23,0.405250
2010-02-24,0.413750
2010-02-25,0.410000
2010-02-26,0.405000
2010-03-01,0.421250
2010-03-02,0.421000
2010-03-03,0.415750
2010-03-04,0.416500
2010-03-05,0.429250
2010-03-08,0.423000
2010-03-09,0.438750
2010-03-10,0.439750
2010-03-11,0.429750
2010-03-12,0.431250
2010-03-15,0.429000
2010-03-16,0.444000
2010-03-17,0.452500
2010-03-18,0.436500
2010-03-19,0.431250
2010-03-22,0.438250
2010-03-23,0.447250
2010-03-24,0.432250
2010-03-25,0.433500
2010-03-26,0.433500
2010-03-29,0.439000
2010-03-30,0.440750
2010-03-31,0.435000
2010-04-01,0.430500
2010-04-05,0.437000
2010-04-06,0.426250
2010-04-07,0.429000
2010-04-08,0.422000
2010-04-09,0.424750
2010-04-12,0.432500
2010-04-13,0.441500
2010-04-14,0.447000
2010-04-15,0.450250
2010-04-16,0.426500
2010-04-19,0.424500
2010-04-20,0.426000
2010-04-21,0.415000
2010-04-22,0.416750
2010-04-23,0.411000
2010-04-26,0.415000
2010-04-27,0.403250
2010-04-28,0.404000
2010-04-29,0.416250
2010-04-30,0.392750
2010-05-03,0.388500
2010-05-04,0.368750
2010-05-05,0.362500
2010-05-06,0.355000
2010-05-07,0.349000
2010-05-10,0.364000
2010-05-11,0.360000
2010-05-12,0.367000
2010-05-13,0.366250
2010-05-14,0.324000
2010-05-17,0.324750
2010-05-18,0.314000
2010-05-19,0.319000
2010-05-20,0.311500
2010-05-21,0.318250
2010-05-24,0.309000
2010-05-25,0.317250
2010-05-26,0.318750
2010-05-27,0.337500
2010-05-28,0.328500
2010-06-01,0.314500
2010-06-02,0.318000
2010-06-03,0.317500
2010-06-04,0.302500
2010-06-07,0.287500
2010-06-08,0.279500
2010-06-09,0.272750
2010-06-10,0.283750
2010-06-11,0.290250
2010-06-14,0.284000
2010-06-15,0.298000
2010-06-16,0.294250
2010-06-17,0.305500
2010-06-18,0.307500
2010-06-21,0.300250
2010-06-22,0.289000
2010-06-23,0.292250
2010-06-24,0.277750
2010-06-25,0.277000
2010-06-28,0.277500
2010-06-29,0.262000
2010-06-30,0.255250
2010-07-01,0.259500
2010-07-02,0.256250
2010-07-06,0.253500
2010-07-07,0.265750
2010-07-08,0.257750
2010-07-09,0.258750
2010-07-12,0.263500
2010-07-13,0.273000
2010-07-14,0.275750
2010-07-15,0.268000
2010-07-16,0.251250
2010-07-19,0.261500
2010-07-20,0.268000
2010-07-21,0.259250
2010-07-22,0.263500
2010-07-23,0.259000
2010-07-26,0.263750
2010-07-27,0.261500
2010-07-28,0.253250
2010-07-29,0.228250
2010-07-30,0.229750
2010-08-02,0.229500
2010-08-03,0.223500
2010-08-04,0.233000
2010-08-05,0.236000
2010-08-06,0.238750
2010-08-09,0.241000
2010-08-10,0.231000
2010-08-11,0.222000
2010-08-12,0.224000
2010-08-13,0.234750
2010-08-16,0.228750
2010-08-17,0.231750
2010-08-18,0.233000
2010-08-19,0.247000
2010-08-20,0.249250
2010-08-23,0.245500
2010-08-24,0.243000
2010-08-25,0.248000
2010-08-26,0.245000
2010-08-27,0.253000
2010-08-30,0.241000
2010-08-31,0.233250
2010-09-01,0.235000
2010-09-02,0.239250
2010-09-03,0.247500
2010-09-07,0.249750
2010-09-08,0.258000
2010-09-09,0.254500
2010-09-10,0.251750
2010-09-13,0.266000
2010-09-14,0.263500
2010-09-15,0.264000
2010-09-16,0.264250
2010-09-17,0.263750
2010-09-20,0.267750
2010-09-21,0.282250
2010-09-22,0.284750
2010-09-23,0.290500
2010-09-24,0.306500
2010-09-27,0.300000
2010-09-28,0.299250
2010-09-29,0.297000
2010-09-30,0.292000
2010-10-01,0.283750
2010-10-04,0.281000
2010-10-05,0.283000
2010-10-06,0.269500
2010-10-07,0.267500
2010-10-08,0.271500
2010-10-11,0.270250
2010-10-12,0.275500
2010-10-13,0.283500
2010-10-14,0.279000
2010-10-15,0.282250
2010-10-18,0.284000
2010-10-19,0.282250
2010-10-20,0.282250
2010-10-21,0.277250
2010-10-22,0.295000
2010-10-25,0.297750
2010-10-26,0.296750
2010-10-27,0.301000
2010-10-28,0.301250
2010-10-29,0.300500
2010-11-01,0.301000
2010-11-02,0.307250
2010-11-03,0.309500
2010-11-04,0.310000
2010-11-05,0.315250
2010-11-08,0.316500
2010-11-09,0.314750
2010-11-10,0.318500
2010-11-11,0.315250
2010-11-12,0.331500
2010-11-15,0.327500
2010-11-16,0.317750
2010-11-17,0.323000
2010-11-18,0.333000
2010-11-19,0.343750
2010-11-22,0.344000
2010-11-23,0.336000
2010-11-24,0.344250
2010-11-26,0.340000
2010-11-29,0.343750
2010-11-30,0.340250
2010-12-01,0.355250
2010-12-02,0.359500
2010-12-03,0.369750
2010-12-06,0.362750
2010-12-07,0.374500
2010-12-08,0.377750
2010-12-09,0.371500
2010-12-10,0.373750
2010-12-13,0.364250
2010-12-14,0.364750
2010-12-15,0.356750
2010-12-16,0.357250
2010-12-17,0.359250
2010-12-20,0.357750
2010-12-21,0.371750
2010-12-22,0.375750
2010-12-23,0.373000
2010-12-27,0.375000
2010-12-28,0.373500
2010-12-29,0.373500
2010-12-30,0.374750
2010-12-31,0.385000
2011-01-03,0.395500
2011-01-04,0.394250
2011-01-05,0.424500
2011-01-06,0.483250
2011-01-07,0.496750
2011-01-10,0.515750
2011-01-11,0.507750
2011-01-12,0.583750
2011-01-13,0.584750
2011-01-14,0.589750
2011-01-18,0.576000
2011-01-19,0.560250
2011-01-20,0.560750
2011-01-21,0.555500
2011-01-24,0.618250
2011-01-25,0.599250
2011-01-26,0.613500
2011-01-27,0.611750
2011-01-28,0.594000
2011-01-31,0.598000
2011-02-01,0.611750
2011-02-02,0.639500
2011-02-03,0.627500
2011-02-04,0.641750
2011-02-07,0.615000
2011-02-08,0.596750
2011-02-09,0.582250
2011-02-10,0.570500
2011-02-11,0.586750
2011-02-14,0.577750
2011-02-15,0.563750
2011-02-16,0.584500
2011-02-17,0.642000
2011-02-18,0.640750
2011-02-22,0.580250
2011-02-23,0.552750
2011-02-24,0.566250
2011-02-25,0.578000
2011-02-28,0.566500
2011-03-01,0.541250
2011-03-02,0.518750
2011-03-03,0.521750
2011-03-04,0.519000
2011-03-07,0.511750
2011-03-08,0.488750
2011-03-09,0.478500
2011-03-10,0.448000
2011-03-11,0.451250
2011-03-14,0.455000
2011-03-15,0.441500
2011-03-16,0.438250
2011-03-17,0.446500
2011-03-18,0.440500
2011-03-21,0.444000
2011-03-22,0.436250
2011-03-23,0.445250
2011-03-24,0.480750
2011-03-25,0.465750
2011-03-28,0.483000
2011-03-29,0.479250
2011-03-30,0.461250
2011-03-31,0.461500
2011-04-01,0.455000
2011-04-04,0.438750
2011-04-05,0.439500
2011-04-06,0.436500
2011-04-07,0.452500
2011-04-08,0.438750
2011-04-11,0.433000
2011-04-12,0.434250
2011-04-13,0.444000
2011-04-14,0.462750
2011-04-15,0.467750
2011-04-18,0.452250
2011-04-19,0.450500
2011-04-20,0.464250
2011-04-21,0.463000
2011-04-25,0.470250
2011-04-26,0.482500
2011-04-27,0.482500
2011-04-28,0.487750
2011-04-29,0.500000
2011-05-02,0.493250
2011-05-03,0.469750
2011-05-04,0.466250
2011-05-05,0.466500
2011-05-06,0.483000
2011-05-09,0.493750
2011-05-10,0.494500
2011-05-11,0.496750
2011-05-12,0.512500
2011-05-13,0.456500
2011-05-16,0.442500
2011-05-17,0.440750
2011-05-18,0.451000
2011-05-19,0.444500
2011-05-20,0.452250
2011-05-23,0.451750
2011-05-24,0.453500
2011-05-25,0.459000
2011-05-26,0.470500
2011-05-27,0.487500
2011-05-31,0.501000
2011-06-01,0.478500
2011-06-02,0.476250
2011-06-03,0.461500
2011-06-06,0.451750
2011-06-07,0.451500
2011-06-08,0.439250
2011-06-09,0.434250
2011-06-10,0.428000
2011-06-13,0.425000
2011-06-14,0.428500
2011-06-15,0.419250
2011-06-16,0.404750
2011-06-17,0.395250
2011-06-20,0.390500
2011-06-21,0.399000
2011-06-22,0.393500
2011-06-23,0.405250
2011-06-24,0.393500
2011-06-27,0.385250
2011-06-28,0.387500
2011-06-29,0.393500
2011-06-30,0.398500
2011-07-01,0.403750
2011-07-05,0.397000
2011-07-06,0.391750
2011-07-07,0.393250
2011-07-08,0.385750
2011-07-11,0.372250
2011-07-12,0.367250
2011-07-13,0.366500
2011-07-14,0.352000
2011-07-15,0.352500
2011-07-18,0.345000
2011-07-19,0.355500
2011-07-20,0.351000
2011-07-21,0.367500
2011-07-22,0.375000
2011-07-25,0.369000
2011-07-26,0.360000
2011-07-27,0.346500
2011-07-28,0.345750
2011-07-29,0.345750
2011-08-01,0.364250
2011-08-02,0.360500
2011-08-03,0.370250
2011-08-04,0.335000
2011-08-05,0.323750
2011-08-08,0.298250
2011-08-09,0.323250
2011-08-10,0.308500
2011-08-11,0.335250
2011-08-12,0.322000
2011-08-15,0.334250
2011-08-16,0.324750
2011-08-17,0.320250
2011-08-18,0.298500
2011-08-19,0.293250
2011-08-22,0.298500
2011-08-23,0.330750
2011-08-24,0.326000
2011-08-25,0.312000
2011-08-26,0.325250
2011-08-29,0.334000
2011-08-30,0.342000
2011-08-31,0.332750
2011-09-01,0.332000
2011-09-02,0.323000
2011-09-06,0.329500
2011-09-07,0.356250
2011-09-08,0.354500
2011-09-09,0.347000
2011-09-12,0.355250
2011-09-13,0.363250
2011-09-14,0.382000
2011-09-15,0.387500
2011-09-16,0.386500
2011-09-19,0.378500
2011-09-20,0.368750
2011-09-21,0.361750
2011-09-22,0.337750
2011-09-23,0.344750
2011-09-26,0.345500
2011-09-27,0.346000
2011-09-28,0.335500
2011-09-29,0.327250
2011-09-30,0.312750
2011-10-03,0.295250
2011-10-04,0.322500
2011-10-05,0.334000
2011-10-06,0.347250
2011-10-07,0.353750
2011-10-10,0.369500
2011-10-11,0.365500
2011-10-12,0.365250
2011-10-13,0.386500
2011-10-14,0.393000
2011-10-17,0.373500
2011-10-18,0.387000
2011-10-19,0.379250
2011-10-20,0.360250
2011-10-21,0.362000
2011-10-24,0.375500
2011-10-25,0.361250
2011-10-26,0.365500
2011-10-27,0.381250
2011-10-28,0.390000
2011-10-31,0.370000
2011-11-01,0.351500
2011-11-02,0.345500
2011-11-03,0.366250
2011-11-04,0.370500
2011-11-07,0.368500
2011-11-08,0.377000
2011-11-09,0.358000
2011-11-10,0.361750
2011-11-11,0.374500
2011-11-14,0.367250
2011-11-15,0.372000
2011-11-16,0.364500
2011-11-17,0.351500
2011-11-18,0.348250
2011-11-21,0.365750
2011-11-22,0.377000
2011-11-23,0.361000
2011-11-25,0.351000
2011-11-28,0.370750
2011-11-29,0.372750
2011-11-30,0.390750
2011-12-01,0.395500
2011-12-02,0.393000
2011-12-05,0.387000
2011-12-06,0.381500
2011-12-07,0.379250
2011-12-08,0.367250
2011-12-09,0.372500
2011-12-12,0.363250
2011-12-13,0.353250
2011-12-14,0.339500
2011-12-15,0.336500
2011-12-16,0.337750
2011-12-19,0.329000
2011-12-20,0.347500
2011-12-21,0.343000
2011-12-22,0.357750
2011-12-23,0.354250
2011-12-27,0.351500
2011-12-28,0.342750
2011-12-29,0.349250
2011-12-30,0.346500
2012-01-03,0.351000
2012-01-04,0.355000
2012-01-05,0.367750
2012-01-06,0.363500
2012-01-09,0.363500
2012-01-10,0.362000
2012-01-11,0.354750
2012-01-12,0.352500
2012-01-13,0.343250
2012-01-17,0.338000
2012-01-18,0.349500
2012-01-19,0.358750
2012-01-20,0.355500
2012-01-23,0.365250
2012-01-24,0.373500
2012-01-25,0.371250
2012-01-26,0.367750
2012-01-27,0.372750
2012-01-30,0.370000
2012-01-31,0.369250
2012-02-01,0.373250
2012-02-02,0.387250
2012-02-03,0.395500
2012-02-06,0.392500
2012-02-07,0.393500
2012-02-08,0.407750
2012-02-09,0.407500
2012-02-10,0.397500
2012-02-13,0.403750
2012-02-14,0.406000
2012-02-15,0.404250
2012-02-16,0.411250
2012-02-17,0.396250
2012-02-21,0.398250
2012-02-22,0.395500
2012-02-23,0.397750
2012-02-24,0.394750
2012-02-27,0.386750
2012-02-28,0.383250
2012-02-29,0.378750
2012-03-01,0.381250
2012-03-02,0.384500
2012-03-05,0.371500
2012-03-06,0.368000
2012-03-07,0.370250
2012-03-08,0.371500
2012-03-09,0.370500
2012-03-12,0.364750
2012-03-13,0.369750
2012-03-14,0.359250
2012-03-15,0.364500
2012-03-16,0.365000
2012-03-19,0.366000
2012-03-20,0.360000
2012-03-21,0.361500
2012-03-22,0.361000
2012-03-23,0.363750
2012-03-26,0.368000
2012-03-27,0.370500
2012-03-28,0.379000
2012-03-29,0.380750
2012-03-30,0.385000
2012-04-02,0.383250
2012-04-03,0.377000
2012-04-04,0.366250
2012-04-05,0.365750
2012-04-09,0.361000
2012-04-10,0.354000
2012-04-11,0.358500
2012-04-12,0.367000
2012-04-13,0.354000
2012-04-16,0.349750
2012-04-17,0.350500
2012-04-18,0.346750
2012-04-19,0.341500
2012-04-20,0.334750
2012-04-23,0.330750
2012-04-24,0.320500
2012-04-25,0.327000
2012-04-26,0.327250
2012-04-27,0.324500
2012-04-30,0.325000
2012-05-01,0.330750
2012-05-02,0.321250
2012-05-03,0.315750
2012-05-04,0.306500
2012-05-07,0.311750
2012-05-08,0.311500
2012-05-09,0.312750
2012-05-10,0.310500
2012-05-11,0.330250
2012-05-14,0.328250
2012-05-15,0.325000
2012-05-16,0.318500
2012-05-17,0.316250
2012-05-18,0.302000
2012-05-21,0.307250
2012-05-22,0.303500
2012-05-23,0.311000
2012-05-24,0.302750
2012-05-25,0.310000
2012-05-29,0.318000
2012-05-30,0.314250
2012-05-31,0.310750
2012-06-01,0.299500
2012-06-04,0.293250
2012-06-05,0.301750
2012-06-06,0.309750
2012-06-07,0.297250
2012-06-08,0.303000
2012-06-11,0.306500
2012-06-12,0.312750
2012-06-13,0.304500
2012-06-14,0.300750
2012-06-15,0.307250
2012-06-18,0.310000
2012-06-19,0.331000
2012-06-20,0.336250
2012-06-21,0.321000
2012-06-22,0.325000
2012-06-25,0.314750
2012-06-26,0.318250
2012-06-27,0.328500
2012-06-28,0.331000
2012-06-29,0.345500
2012-07-02,0.336250
2012-07-03,0.345000
2012-07-05,0.341500
2012-07-06,0.335000
2012-07-09,0.330500
2012-07-10,0.320500
2012-07-11,0.315250
2012-07-12,0.310000
2012-07-13,0.314000
2012-07-16,0.315000
2012-07-17,0.309250
2012-07-18,0.326500
2012-07-19,0.329750
2012-07-20,0.320250
2012-07-23,0.324500
2012-07-24,0.321000
2012-07-25,0.327250
2012-07-26,0.328750
2012-07-27,0.337000
2012-07-30,0.333250
2012-07-31,0.338500
2012-08-01,0.334750
2012-08-02,0.336000
2012-08-03,0.343000
2012-08-06,0.350250
2012-08-07,0.353750
2012-08-08,0.355750
2012-08-09,0.367750
2012-08-10,0.365500
2012-08-13,0.370250
2012-08-14,0.364750
2012-08-15,0.362000
2012-08-16,0.369500
2012-08-17,0.366250
2012-08-20,0.366250
2012-08-21,0.365250
2012-08-22,0.366000
2012-08-23,0.357750
2012-08-24,0.365000
2012-08-27,0.358750
2012-08-28,0.357250
2012-08-29,0.358000
2012-08-30,0.351250
2012-08-31,0.350750
2012-09-04,0.332000
2012-09-05,0.333000
2012-09-06,0.343250
2012-09-07,0.335000
2012-09-10,0.332000
2012-09-11,0.336000
2012-09-12,0.339750
2012-09-13,0.342000
2012-09-14,0.346000
2012-09-17,0.336500
2012-09-18,0.338750
2012-09-19,0.342750
2012-09-20,0.340250
2012-09-21,0.341750
2012-09-24,0.341500
2012-09-25,0.335250
2012-09-26,0.329500
2012-09-27,0.332000
2012-09-28,0.333500
2012-10-01,0.328000
2012-10-02,0.329250
2012-10-03,0.326000
2012-10-04,0.340500
2012-10-05,0.332500
2012-10-08,0.329250
2012-10-09,0.322250
2012-10-10,0.316750
2012-10-11,0.318500
2012-10-12,0.315750
2012-10-15,0.319750
2012-10-16,0.329000
2012-10-17,0.326500
2012-10-18,0.321500
2012-10-19,0.302750
2012-10-22,0.299250
2012-10-23,0.308250
2012-10-24,0.304250
2012-10-25,0.304500
2012-10-26,0.301250
2012-10-31,0.299500
2012-11-01,0.313750
2012-11-02,0.312250
2012-11-05,0.325500
2012-11-06,0.325250
2012-11-07,0.315250
2012-11-08,0.317000
2012-11-09,0.304750
2012-11-12,0.298000
2012-11-13,0.295750
2012-11-14,0.288500
2012-11-15,0.289750
2012-11-16,0.284500
2012-11-19,0.292500
2012-11-20,0.287250
2012-11-21,0.295500
2012-11-23,0.297500
2012-11-26,0.302750
2012-11-27,0.304000
2012-11-28,0.306500
2012-11-29,0.301000
2012-11-30,0.299250
2012-12-03,0.293750
2012-12-04,0.302500
2012-12-05,0.299000
2012-12-06,0.299500
2012-12-07,0.299000
2012-12-10,0.309000
2012-12-11,0.316250
2012-12-12,0.313000
2012-12-13,0.313250
2012-12-14,0.314750
2012-12-17,0.313500
2012-12-18,0.314000
2012-12-19,0.316250
2012-12-20,0.316000
2012-12-21,0.308750
2012-12-24,0.306250
2012-12-26,0.306000
2012-12-27,0.304000
2012-12-28,0.302500
2012-12-31,0.306500
2013-01-02,0.318000
2013-01-03,0.318250
2013-01-04,0.328750
2013-01-07,0.319250
2013-01-08,0.312250
2013-01-09,0.305250
2013-01-10,0.305750
2013-01-11,0.305250
2013-01-14,0.305000
2013-01-15,0.299500
2013-01-16,0.302250
2013-01-17,0.306250
2013-01-18,0.304250
2013-01-22,0.302750
2013-01-23,0.303250
2013-01-24,0.304750
2013-01-25,0.310250
2013-01-28,0.315250
2013-01-29,0.308500
2013-01-30,0.308000
2013-01-31,0.306500
2013-02-01,0.309250
2013-02-04,0.304000
2013-02-05,0.311000
2013-02-06,0.308500
2013-02-07,0.307250
2013-02-08,0.309250
2013-02-11,0.312750
2013-02-12,0.310750
2013-02-13,0.309250
2013-02-14,0.318250
2013-02-15,0.318250
2013-02-19,0.314000
2013-02-20,0.309500
2013-02-21,0.307250
2013-02-22,0.313000
2013-02-25,0.307500
2013-02-26,0.309250
2013-02-27,0.315000
2013-02-28,0.316500
2013-03-01,0.317750
2013-03-04,0.316500
2013-03-05,0.320000
2013-03-06,0.319750
2013-03-07,0.319000
2013-03-08,0.320500
2013-03-11,0.317500
2013-03-12,0.318500
2013-03-13,0.318500
2013-03-14,0.318750
2013-03-15,0.316000
2013-03-18,0.313750
2013-03-19,0.311750
2013-03-20,0.315500
2013-03-21,0.310500
2013-03-22,0.312000
2013-03-25,0.310250
2013-03-26,0.312500
2013-03-27,0.316250
2013-03-28,0.320750
2013-04-01,0.310250
2013-04-02,0.307000
2013-04-03,0.303250
2013-04-04,0.306250
2013-04-05,0.311500
2013-04-08,0.310750
2013-04-09,0.315750
2013-04-10,0.320750
2013-04-11,0.319250
2013-04-12,0.327250
2013-04-15,0.320500
2013-04-16,0.324000
2013-04-17,0.319750
2013-04-18,0.313500
2013-04-19,0.314250
2013-04-22,0.314750
2013-04-23,0.323000
2013-04-24,0.334000
2013-04-25,0.336750
2013-04-26,0.335250
2013-04-29,0.339250
2013-04-30,0.344250
2013-05-01,0.341250
2013-05-02,0.345250
2013-05-03,0.346750
2013-05-06,0.345750
2013-05-07,0.341250
2013-05-08,0.347500
2013-05-09,0.347750
2013-05-10,0.363500
2013-05-13,0.356000
2013-05-14,0.361250
2013-05-15,0.367500
2013-05-16,0.365750
2013-05-17,0.371750
2013-05-20,0.371000
2013-05-21,0.373000
2013-05-22,0.360000
2013-05-23,0.365750
2013-05-24,0.363500
2013-05-28,0.363250
2013-05-29,0.361000
2013-05-30,0.365750
2013-05-31,0.361750
2013-06-03,0.361250
2013-06-04,0.361750
2013-06-05,0.354000
2013-06-06,0.356250
2013-06-07,0.361250
2013-06-10,0.361000
2013-06-11,0.354250
2013-06-12,0.351250
2013-06-13,0.359250
2013-06-14,0.358750
2013-06-17,0.362250
2013-06-18,0.360000
2013-06-19,0.371000
2013-06-20,0.361000
2013-06-21,0.360500
2013-06-24,0.353000
2013-06-25,0.355500
2013-06-26,0.353500
2013-06-27,0.350250
2013-06-28,0.351000
2013-07-01,0.352500
2013-07-02,0.352250
2013-07-03,0.353250
2013-07-05,0.356000
2013-07-08,0.354250
2013-07-09,0.356000
2013-07-10,0.360750
2013-07-11,0.365750
2013-07-12,0.366000
2013-07-15,0.365250
2013-07-16,0.367250
2013-07-17,0.365250
2013-07-18,0.363750
2013-07-19,0.356000
2013-07-22,0.355750
2013-07-23,0.355250
2013-07-24,0.355250
2013-07-25,0.356500
2013-07-26,0.355000
2013-07-29,0.354250
2013-07-30,0.360250
2013-07-31,0.361000
2013-08-01,0.366000
2013-08-02,0.369000
2013-08-05,0.370750
2013-08-06,0.365250
2013-08-07,0.365000
2013-08-08,0.367500
2013-08-09,0.362250
2013-08-12,0.359250
2013-08-13,0.360500
2013-08-14,0.375750
2013-08-15,0.378250
2013-08-16,0.379750
2013-08-19,0.373750
2013-08-20,0.373750
2013-08-21,0.372000
2013-08-22,0.374000
2013-08-23,0.374000
2013-08-26,0.374750
2013-08-27,0.370000
2013-08-28,0.370000
2013-08-29,0.369250
2013-08-30,0.368750
2013-09-03,0.369000
2013-09-04,0.372500
2013-09-05,0.373500
2013-09-06,0.372000
2013-09-09,0.378250
2013-09-10,0.386250
2013-09-11,0.392750
2013-09-12,0.392500
2013-09-13,0.395000
2013-09-16,0.395250
2013-09-17,0.396500
2013-09-18,0.400000
2013-09-19,0.398250
2013-09-20,0.394750
2013-09-23,0.391000
2013-09-24,0.392500
2013-09-25,0.393000
2013-09-26,0.391750
2013-09-27,0.389500
2013-09-30,0.389000
2013-10-01,0.388750
2013-10-02,0.388500
2013-10-03,0.384500
2013-10-04,0.389750
2013-10-07,0.389750
2013-10-08,0.386500
2013-10-09,0.380500
2013-10-10,0.384750
2013-10-11,0.381500
2013-10-14,0.387250
2013-10-15,0.385250
2013-10-16,0.390000
2013-10-17,0.390750
2013-10-18,0.395250
2013-10-21,0.396250
2013-10-22,0.394250
2013-10-23,0.387500
2013-10-24,0.384750
2013-10-25,0.381000
2013-10-28,0.380250
2013-10-29,0.380750
2013-10-30,0.380500
2013-10-31,0.379750
2013-11-01,0.381500
2013-11-04,0.370500
2013-11-05,0.370000
2013-11-06,0.372500
2013-11-07,0.363750
2013-11-08,0.389000
2013-11-11,0.392250
2013-11-12,0.393000
2013-11-13,0.403750
2013-11-14,0.405500
2013-11-15,0.404250
2013-11-18,0.394500
2013-11-19,0.386000
2013-11-20,0.380250
2013-11-21,0.383250
2013-11-22,0.379500
2013-11-25,0.387750
2013-11-26,0.391000
2013-11-27,0.392500
2013-11-29,0.390000
2013-12-02,0.393750
2013-12-03,0.393500
2013-12-04,0.399000
2013-12-05,0.392500
2013-12-06,0.386750
2013-12-09,0.380250
2013-12-10,0.389000
2013-12-11,0.385250
2013-12-12,0.377750
2013-12-13,0.375500
2013-12-16,0.376000
2013-12-17,0.377750
2013-12-18,0.383000
2013-12-19,0.384500
2013-12-20,0.392250
2013-12-23,0.394500
2013-12-24,0.395500
2013-12-26,0.391750
2013-12-27,0.394000
2013-12-30,0.399250
2013-12-31,0.400500
2014-01-02,0.396500
2014-01-03,0.391750
2014-01-06,0.397000
2014-01-07,0.403500
2014-01-08,0.409000
2014-01-09,0.393750
2014-01-10,0.393250
2014-01-13,0.384000
2014-01-14,0.396000
2014-01-15,0.400250
2014-01-16,0.401500
2014-01-17,0.399750
2014-01-21,0.401250
2014-01-22,0.400750
2014-01-23,0.399250
2014-01-24,0.389000
2014-01-27,0.386500
2014-01-28,0.390250
2014-01-29,0.386500
2014-01-30,0.393000
2014-01-31,0.392500
2014-02-03,0.387250
2014-02-04,0.389500
2014-02-05,0.386000
2014-02-06,0.391000
2014-02-07,0.396750
2014-02-10,0.398000
2014-02-11,0.406250
2014-02-12,0.420750
2014-02-13,0.434000
2014-02-14,0.447750
2014-02-18,0.447500
2014-02-19,0.453500
2014-02-20,0.469500
2014-02-21,0.466000
2014-02-24,0.472750
2014-02-25,0.468500
2014-02-26,0.467750
2014-02-27,0.462500
2014-02-28,0.459500
2014-03-03,0.457250
2014-03-04,0.462000
2014-03-05,0.466000
2014-03-06,0.459500
2014-03-07,0.459000
2014-03-10,0.452250
2014-03-11,0.456750
2014-03-12,0.458000
2014-03-13,0.443500
2014-03-14,0.445500
2014-03-17,0.445500
2014-03-18,0.456000
2014-03-19,0.464000
2014-03-20,0.464250
2014-03-21,0.463500
2014-03-24,0.461250
2014-03-25,0.461250
2014-03-26,0.450750
2014-03-27,0.444750
2014-03-28,0.447500
2014-03-31,0.447750
2014-04-01,0.466250
2014-04-02,0.463250
2014-04-03,0.468250
2014-04-04,0.453750
2014-04-07,0.455250
2014-04-08,0.471500
2014-04-09,0.471000
2014-04-10,0.459500
2014-04-11,0.453000
2014-04-14,0.458000
2014-04-15,0.461250
2014-04-16,0.462250
2014-04-17,0.464000
2014-04-21,0.467750
2014-04-22,0.471750
2014-04-23,0.477250
2014-04-24,0.481500
2014-04-25,0.468250
2014-04-28,0.466250
2014-04-29,0.467250
2014-04-30,0.461750
2014-05-01,0.464250
2014-05-02,0.460750
2014-05-05,0.465750
2014-05-06,0.456250
2014-05-07,0.456750
2014-05-08,0.462500
2014-05-09,0.451250
2014-05-12,0.464500
2014-05-13,0.457000
2014-05-14,0.452500
2014-05-15,0.450000
2014-05-16,0.449000
2014-05-19,0.463500
2014-05-20,0.456000
2014-05-21,0.456000
2014-05-22,0.458000
2014-05-23,0.462250
2014-05-27,0.470500
2014-05-28,0.474500
2014-05-29,0.473750
2014-05-30,0.475000
2014-06-02,0.473500
2014-06-03,0.471500
2014-06-04,0.472000
2014-06-05,0.474000
2014-06-06,0.475750
2014-06-09,0.476250
2014-06-10,0.478750
2014-06-11,0.485000
2014-06-12,0.488000
2014-06-13,0.488500
2014-06-16,0.487000
2014-06-17,0.490250
2014-06-18,0.489750
2014-06-19,0.478500
2014-06-20,0.473250
2014-06-23,0.467750
2014-06-24,0.460500
2014-06-25,0.465250
2014-06-26,0.459000
2014-06-27,0.459500
2014-06-30,0.463500
2014-07-01,0.468750
2014-07-02,0.467000
2014-07-03,0.471250
2014-07-07,0.467500
2014-07-08,0.463750
2014-07-09,0.477750
2014-07-10,0.475250
2014-07-11,0.476250
2014-07-14,0.482250
2014-07-15,0.484250
2014-07-16,0.483750
2014-07-17,0.482500
2014-07-18,0.461000
2014-07-21,0.463750
2014-07-22,0.461750
2014-07-23,0.452000
2014-07-24,0.452750
2014-07-25,0.444750
2014-07-28,0.443000
2014-07-29,0.444500
2014-07-30,0.452000
2014-07-31,0.437500
2014-08-01,0.442250
2014-08-04,0.441250
2014-08-05,0.441500
2014-08-06,0.441000
2014-08-07,0.436500
2014-08-08,0.475000
2014-08-11,0.472500
2014-08-12,0.472500
2014-08-13,0.475250
2014-08-14,0.470000
2014-08-15,0.476000
2014-08-18,0.482500
2014-08-19,0.484250
2014-08-20,0.481250
2014-08-21,0.476750
2014-08-22,0.477000
2014-08-25,0.477750
2014-08-26,0.486250
2014-08-27,0.480750
2014-08-28,0.484750
2014-08-29,0.486250
2014-09-02,0.487500
2014-09-03,0.492000
2014-09-04,0.500750
2014-09-05,0.499250
2014-09-08,0.494750
2014-09-09,0.488500
2014-09-10,0.490250
2014-09-11,0.485250
2014-09-12,0.478000
2014-09-15,0.471500
2014-09-16,0.478500
2014-09-17,0.478750
2014-09-18,0.486000
2014-09-19,0.477000
2014-09-22,0.472250
2014-09-23,0.470250
2014-09-24,0.473000
2014-09-25,0.462750
2014-09-26,0.463750
2014-09-29,0.463000
2014-09-30,0.461250
2014-10-01,0.456750
2014-10-02,0.454750
2014-10-03,0.455750
2014-10-06,0.453000
2014-10-07,0.448250
2014-10-08,0.456500
2014-10-09,0.447750
2014-10-10,0.421250
2014-10-13,0.419750
2014-10-14,0.429500
2014-10-15,0.436000
2014-10-16,0.436250
2014-10-17,0.435500
2014-10-20,0.439250
2014-10-21,0.458000
2014-10-22,0.447250
2014-10-23,0.457250
2014-10-24,0.462000
2014-10-27,0.462250
2014-10-28,0.473250
2014-10-29,0.470250
2014-10-30,0.467250
2014-10-31,0.488500
2014-11-03,0.496750
2014-11-04,0.503250
2014-11-05,0.503250
2014-11-06,0.505500
2014-11-07,0.494750
2014-11-10,0.500500
2014-11-11,0.494500
2014-11-12,0.491250
2014-11-13,0.488750
2014-11-14,0.494750
2014-11-17,0.492500
2014-11-18,0.504250
2014-11-19,0.500250
2014-11-20,0.508500
2014-11-21,0.511250
2014-11-24,0.514500
2014-11-25,0.514250
2014-11-26,0.523000
2014-11-28,0.524250
2014-12-01,0.514500
2014-12-02,0.515250
2014-12-03,0.528500
2014-12-04,0.523750
2014-12-05,0.526750
2014-12-08,0.520000
2014-12-09,0.518250
2014-12-10,0.506750
2014-12-11,0.506500
2014-12-12,0.490750
2014-12-15,0.489250
2014-12-16,0.483750
2014-12-17,0.503500
2014-12-18,0.505500
2014-12-19,0.510500
2014-12-22,0.519500
2014-12-23,0.516250
2014-12-24,0.514250
2014-12-26,0.514750
2014-12-29,0.514000
2014-12-30,0.509250
2014-12-31,0.501250
2015-01-02,0.503250
2015-01-05,0.494750
2015-01-06,0.479750
2015-01-07,0.478500
2015-01-08,0.496500
2015-01-09,0.498500
2015-01-12,0.492250
2015-01-13,0.491500
2015-01-14,0.493500
2015-01-15,0.490000
2015-01-16,0.499000
2015-01-20,0.500500
2015-01-21,0.507500
2015-01-22,0.516250
2015-01-23,0.517750
2015-01-26,0.515500
2015-01-27,0.490750
2015-01-28,0.482750
2015-01-29,0.494500
2015-01-30,0.480000
2015-02-02,0.490500
2015-02-03,0.502750
2015-02-04,0.504000
2015-02-05,0.512250
2015-02-06,0.510000
2015-02-09,0.509500
2015-02-10,0.523750
2015-02-11,0.520250
2015-02-12,0.557500
2015-02-13,0.557750
2015-02-17,0.559500
2015-02-18,0.553000
2015-02-19,0.554500
2015-02-20,0.558500
2015-02-23,0.554000
2015-02-24,0.557750
2015-02-25,0.553500
2015-02-26,0.555000
2015-02-27,0.551500
2015-03-02,0.565000
2015-03-03,0.554500
2015-03-04,0.560750
2015-03-05,0.571500
2015-03-06,0.563750
2015-03-09,0.565250
2015-03-10,0.575000
2015-03-11,0.572000
2015-03-12,0.566750
2015-03-13,0.567500
2015-03-16,0.574250
2015-03-17,0.581250
2015-03-18,0.571750
2015-03-19,0.580500
2015-03-20,0.586750
2015-03-23,0.567750
2015-03-24,0.560000
2015-03-25,0.526000
2015-03-26,0.524250
2015-03-27,0.534500
2015-03-30,0.536750
2015-03-31,0.523250
2015-04-01,0.525250
2015-04-02,0.526500
2015-04-06,0.541750
2015-04-07,0.546500
2015-04-08,0.550500
2015-04-09,0.563250
2015-04-10,0.569000
2015-04-13,0.563750
2015-04-14,0.559000
2015-04-15,0.565750
2015-04-16,0.562250
2015-04-17,0.555000
2015-04-20,0.552250
2015-04-21,0.551500
2015-04-22,0.557750
2015-04-23,0.555500
2015-04-24,0.550750
2015-04-27,0.555000
2015-04-28,0.557750
2015-04-29,0.553500
2015-04-30,0.555000
2015-05-01,0.568750
2015-05-04,0.565250
2015-05-05,0.550750
2015-05-06,0.552500
2015-05-07,0.562250
2015-05-08,0.520750
2015-05-11,0.515750
2015-05-12,0.520750
2015-05-13,0.523750
2015-05-14,0.532250
2015-05-15,0.532500
2015-05-18,0.531750
2015-05-19,0.526000
2015-05-20,0.526000
2015-05-21,0.522250
2015-05-22,0.521500
2015-05-26,0.518250
2015-05-27,0.546000
2015-05-28,0.553500
2015-05-29,0.553250
2015-06-01,0.559500
2015-06-02,0.548500
2015-06-03,0.542500
2015-06-04,0.552250
2015-06-05,0.556500
2015-06-08,0.543750
2015-06-09,0.546500
2015-06-10,0.536750
2015-06-11,0.542500
2015-06-12,0.527750
2015-06-15,0.526750
2015-06-16,0.533250
2015-06-17,0.539500
2015-06-18,0.548500
2015-06-19,0.546750
2015-06-22,0.544500
2015-06-23,0.530500
2015-06-24,0.525250
2015-06-25,0.529250
2015-06-26,0.518500
2015-06-29,0.503000
2015-06-30,0.502750
2015-07-01,0.510000
2015-07-02,0.510500
2015-07-06,0.504250
2015-07-07,0.494750
2015-07-08,0.491250
2015-07-09,0.485250
2015-07-10,0.493750
2015-07-13,0.497000
2015-07-14,0.497250
2015-07-15,0.493750
2015-07-16,0.504750
2015-07-17,0.501750
2015-07-20,0.492500
2015-07-21,0.494750
2015-07-22,0.485250
2015-07-23,0.491250
2015-07-24,0.485500
2015-07-27,0.482750
2015-07-28,0.493250
2015-07-29,0.499250
2015-07-30,0.500500
2015-07-31,0.498750
2015-08-03,0.507250
2015-08-04,0.509250
2015-08-05,0.514500
2015-08-06,0.511250
2015-08-07,0.574500
2015-08-10,0.594500
2015-08-11,0.591500
2015-08-12,0.593000
2015-08-13,0.588000
2015-08-14,0.588500
2015-08-17,0.584750
2015-08-18,0.577000
2015-08-19,0.574750
2015-08-20,0.554000
2015-08-21,0.536750
2015-08-24,0.517750
2015-08-25,0.507000
2015-08-26,0.545250
2015-08-27,0.565750
2015-08-28,0.568250
2015-08-31,0.562000
2015-09-01,0.539000
2015-09-02,0.555250
2015-09-03,0.556750
2015-09-04,0.543750
2015-09-08,0.567000
2015-09-09,0.555750
2015-09-10,0.564500
2015-09-11,0.566250
2015-09-14,0.567250
2015-09-15,0.573500
2015-09-16,0.577500
2015-09-17,0.582750
2015-09-18,0.582250
2015-09-21,0.588250
2015-09-22,0.572250
2015-09-23,0.575000
2015-09-24,0.586000
2015-09-25,0.590250
2015-09-28,0.582500
2015-09-29,0.592750
2015-09-30,0.616250
2015-10-01,0.604250
2015-10-02,0.620000
2015-10-05,0.635500
2015-10-06,0.643750
2015-10-07,0.650500
2015-10-08,0.654250
2015-10-09,0.651750
2015-10-12,0.658750
2015-10-13,0.660000
2015-10-14,0.684000
2015-10-15,0.685750
2015-10-16,0.696500
2015-10-19,0.695250
2015-10-20,0.694250
2015-10-21,0.685250
2015-10-22,0.710000
2015-10-23,0.714750
2015-10-26,0.711500
2015-10-27,0.711000
2015-10-28,0.716750
2015-10-29,0.692000
2015-10-30,0.709250
2015-11-02,0.717500
2015-11-03,0.712500
2015-11-04,0.700750
2015-11-05,0.692750
2015-11-06,0.788750
2015-11-09,0.785250
2015-11-10,0.770250
2015-11-11,0.762750
2015-11-12,0.760000
2015-11-13,0.745000
2015-11-16,0.760000
2015-11-17,0.760000
2015-11-18,0.775750
2015-11-19,0.778000
2015-11-20,0.784750
2015-11-23,0.773000
2015-11-24,0.779250
2015-11-25,0.778250
2015-11-27,0.784750
2015-11-30,0.793000
2015-12-01,0.818750
2015-12-02,0.812500
2015-12-03,0.810750
2015-12-04,0.843750
2015-12-07,0.827750
2015-12-08,0.839000
2015-12-09,0.817750
2015-12-10,0.824500
2015-12-11,0.812250
2015-12-14,0.814250
2015-12-15,0.824250
2015-12-16,0.829250
2015-12-17,0.816750
2015-12-18,0.803500
2015-12-21,0.822500
2015-12-22,0.823250
2015-12-23,0.826500
2015-12-24,0.829250
2015-12-28,0.828500
2015-12-29,0.842000
2015-12-30,0.834750
2015-12-31,0.824000
2016-01-04,0.809250
2016-01-05,0.822250
2016-01-06,0.788250
2016-01-07,0.757000
2016-01-08,0.740750
2016-01-11,0.742000
2016-01-12,0.754500
2016-01-13,0.731500
2016-01-14,0.716750
2016-01-15,0.677750
2016-01-19,0.683250
2016-01-20,0.687000
2016-01-21,0.695000
2016-01-22,0.711250
2016-01-25,0.710500
2016-01-26,0.717500
2016-01-27,0.709000
2016-01-28,0.701250
2016-01-29,0.732250
2016-02-01,0.732500
2016-02-02,0.701500
2016-02-03,0.705000
2016-02-04,0.705250
2016-02-05,0.660750
2016-02-08,0.630500
2016-02-09,0.637250
2016-02-10,0.635750
2016-02-11,0.632500
2016-02-12,0.643250
2016-02-16,0.674750
2016-02-17,0.691500
2016-02-18,0.751000
2016-02-19,0.761000
2016-02-22,0.788000
2016-02-23,0.790000
2016-02-24,0.795500
2016-02-25,0.797250
2016-02-26,0.792000
2016-02-29,0.784000
2016-03-01,0.818750
2016-03-02,0.823500
2016-03-03,0.816250
2016-03-04,0.813750
2016-03-07,0.808500
2016-03-08,0.793750
2016-03-09,0.793250
2016-03-10,0.792000
2016-03-11,0.805500
2016-03-14,0.807500
2016-03-15,0.803500
2016-03-16,0.827500
2016-03-17,0.820500
2016-03-18,0.845250
2016-03-21,0.847750
2016-03-22,0.846250
2016-03-23,0.860750
2016-03-24,0.862000
2016-03-28,0.870750
2016-03-29,0.884750
2016-03-30,0.894000
2016-03-31,0.890750
2016-04-01,0.903750
2016-04-04,0.895000
2016-04-05,0.893750
2016-04-06,0.895000
2016-04-07,0.885750
2016-04-08,0.891500
2016-04-11,0.897000
2016-04-12,0.896000
2016-04-13,0.918500
2016-04-14,0.921000
2016-04-15,0.928250
2016-04-18,0.924250
2016-04-19,0.907750
2016-04-20,0.911250
2016-04-21,0.910250
2016-04-22,0.906750
2016-04-25,0.911250
2016-04-26,0.912000
2016-04-27,0.932750
2016-04-28,0.905000
2016-04-29,0.888250
2016-05-02,0.900000
2016-05-03,0.889250
2016-05-04,0.869000
2016-05-05,0.874250
2016-05-06,0.883250
2016-05-09,0.882000
2016-05-10,0.899000
2016-05-11,0.901500
2016-05-12,0.889250
2016-05-13,1.024500
2016-05-16,1.054750
2016-05-17,1.057000
2016-05-18,1.084000
2016-05-19,1.088750
2016-05-20,1.108250
2016-05-23,1.110000
2016-05-24,1.134000
2016-05-25,1.129250
2016-05-26,1.141250
2016-05-27,1.147500
2016-05-31,1.168000
2016-06-01,1.170250
2016-06-02,1.178500
2016-06-03,1.162000
2016-06-06,1.156000
2016-06-07,1.158250
2016-06-08,1.154500
2016-06-09,1.184500
2016-06-10,1.155000
2016-06-13,1.169750
2016-06-14,1.172000
2016-06-15,1.184000
2016-06-16,1.188750
2016-06-17,1.168000
2016-06-20,1.189000
2016-06-21,1.181750
2016-06-22,1.180750
2016-06-23,1.212250
2016-06-24,1.143250
2016-06-27,1.131000
2016-06-28,1.147500
2016-06-29,1.166250
2016-06-30,1.175250
2016-07-01,1.166500
2016-07-05,1.183750
2016-07-06,1.191250
2016-07-07,1.222250
2016-07-08,1.271250
2016-07-11,1.300500
2016-07-12,1.320000
2016-07-13,1.319500
2016-07-14,1.333000
2016-07-15,1.317500
2016-07-18,1.324250
2016-07-19,1.338000
2016-07-20,1.355500
2016-07-21,1.330500
2016-07-22,1.366750
2016-07-25,1.392000
2016-07-26,1.415750
2016-07-27,1.401500
2016-07-28,1.404500
2016-07-29,1.427500
2016-08-01,1.418250
2016-08-02,1.401000
2016-08-03,1.404750
2016-08-04,1.430750
2016-08-05,1.455000
2016-08-08,1.468500
2016-08-09,1.472250
2016-08-10,1.462750
2016-08-11,1.492500
2016-08-12,1.576000
2016-08-15,1.574500
2016-08-16,1.565000
2016-08-17,1.528750
2016-08-18,1.552500
2016-08-19,1.556500
2016-08-22,1.563000
2016-08-23,1.572750
2016-08-24,1.548500
2016-08-25,1.538250
2016-08-26,1.550750
2016-08-29,1.549750
2016-08-30,1.540750
2016-08-31,1.533500
2016-09-01,1.578750
2016-09-02,1.563250
2016-09-06,1.578000
2016-09-07,1.554750
2016-09-08,1.566000
2016-09-09,1.488000
2016-09-12,1.518750
2016-09-13,1.496750
2016-09-14,1.510000
2016-09-15,1.567250
2016-09-16,1.571000
2016-09-19,1.591750
2016-09-20,1.577250
2016-09-21,1.621500
2016-09-22,1.625500
2016-09-23,1.623750
2016-09-26,1.608500
2016-09-27,1.663500
2016-09-28,1.669500
2016-09-29,1.685000
2016-09-30,1.713000
2016-10-03,1.711250
2016-10-04,1.707500
2016-10-05,1.705750
2016-10-06,1.683500
2016-10-07,1.671250
2016-10-10,1.677500
2016-10-11,1.653250
2016-10-12,1.660750
2016-10-13,1.633750
2016-10-14,1.649750
2016-10-17,1.640250
2016-10-18,1.665250
2016-10-19,1.661750
2016-10-20,1.693250
2016-10-21,1.688500
2016-10-24,1.767750
2016-10-25,1.796750
2016-10-26,1.804000
2016-10-27,1.767000
2016-10-28,1.764000
2016-10-31,1.779000
2016-11-01,1.726250
2016-11-02,1.719000
2016-11-03,1.699000
2016-11-04,1.689250
2016-11-07,1.781750
2016-11-08,1.779000
2016-11-09,1.749000
2016-11-10,1.694250
2016-11-11,2.199250
2016-11-14,2.091000
2016-11-15,2.154750
2016-11-16,2.290750
2016-11-17,2.309750
2016-11-18,2.334000
2016-11-21,2.324500
2016-11-22,2.341250
2016-11-23,2.349250
2016-11-25,2.354000
2016-11-28,2.352750
2016-11-29,2.331250
2016-11-30,2.305000
2016-12-01,2.191000
2016-12-02,2.211250
2016-12-05,2.297000
2016-12-06,2.334750
2016-12-07,2.376750
2016-12-08,2.337000
2016-12-09,2.295500
2016-12-12,2.239750
2016-12-13,2.279250
2016-12-14,2.411250
2016-12-15,2.467750
2016-12-16,2.510250
2016-12-19,2.540750
2016-12-20,2.629250
2016-12-21,2.645750
2016-12-22,2.677750
2016-12-23,2.744500
2016-12-27,2.933000
2016-12-28,2.731250
2016-12-29,2.785750
2016-12-30,2.668500
2017-01-03,2.550250
2017-01-04,2.609750
2017-01-05,2.543500
2017-01-06,2.577500
2017-01-09,2.682000
2017-01-10,2.661750
2017-01-11,2.629000
2017-01-12,2.586000
2017-01-13,2.585750
2017-01-17,2.527750
2017-01-18,2.573750
2017-01-19,2.629000
2017-01-20,2.600250
2017-01-23,2.627250
2017-01-24,2.683250
2017-01-25,2.694750
2017-01-26,2.741250
2017-01-27,2.794250
2017-01-30,2.750500
2017-01-31,2.729500
2017-02-01,2.848750
2017-02-02,2.884750
2017-02-03,2.859500
2017-02-06,2.932750
2017-02-07,2.978250
2017-02-08,2.965250
2017-02-09,2.909500
2017-02-10,2.840500
2017-02-13,2.709500
2017-02-14,2.719500
2017-02-15,2.725000
2017-02-16,2.681250
2017-02-17,2.680750
2017-02-21,2.776750
2017-02-22,2.769000
2017-02-23,2.512250
2017-02-24,2.536500
2017-02-27,2.610250
2017-02-28,2.537000
2017-03-01,2.569750
2017-03-02,2.475000
2017-03-03,2.460750
2017-03-06,2.441750
2017-03-07,2.468500
2017-03-08,2.464000
2017-03-09,2.463500
2017-03-10,2.478000
2017-03-13,2.546250
2017-03-14,2.544500
2017-03-15,2.563750
2017-03-16,2.595250
2017-03-17,2.651750
2017-03-20,2.736250
2017-03-21,2.647750
2017-03-22,2.701750
2017-03-23,2.677250
2017-03-24,2.686750
2017-03-27,2.706250
2017-03-28,2.692250
2017-03-29,2.683500
2017-03-30,2.735000
2017-03-31,2.723250
2017-04-03,2.709500
2017-04-04,2.519500
2017-04-05,2.500750
2017-04-06,2.519000
2017-04-07,2.508250
2017-04-10,2.444250
2017-04-11,2.453000
2017-04-12,2.432750
2017-04-13,2.387250
2017-04-17,2.480750
2017-04-18,2.482250
2017-04-19,2.492000
2017-04-20,2.531500
2017-04-21,2.542000
2017-04-24,2.573750
2017-04-25,2.618500
2017-04-26,2.600500
2017-04-27,2.641000
2017-04-28,2.607500
2017-05-01,2.666000
2017-05-02,2.587000
2017-05-03,2.606250
2017-05-04,2.596250
2017-05-05,2.596500
2017-05-08,2.569250
2017-05-09,2.573500
2017-05-10,3.032250
2017-05-11,3.162500
2017-05-12,3.197250
2017-05-15,3.357750
2017-05-16,3.420250
2017-05-17,3.193000
2017-05-18,3.326750
2017-05-19,3.400000
2017-05-22,3.472500
2017-05-23,3.425750
2017-05-24,3.464250
2017-05-25,3.456500
2017-05-26,3.546000
2017-05-30,3.621750
2017-05-31,3.608750
2017-06-01,3.609000
2017-06-02,3.591000
2017-06-05,3.700250
2017-06-06,3.683500
2017-06-07,3.728000
2017-06-08,3.998500
2017-06-09,3.740000
2017-06-12,3.749250
2017-06-13,3.785000
2017-06-14,3.793000
2017-06-15,3.809250
2017-06-16,3.790500
2017-06-19,3.933000
2017-06-20,3.927250
2017-06-21,3.986750
2017-06-22,3.959250
2017-06-23,3.845750
2017-06-26,3.803750
2017-06-27,3.664500
2017-06-28,3.793750
2017-06-29,3.667000
2017-06-30,3.614000
2017-07-03,3.483250
2017-07-05,3.576250
2017-07-06,3.587000
2017-07-07,3.669000
2017-07-10,3.842500
2017-07-11,3.897000
2017-07-12,4.062750
2017-07-13,4.015750
2017-07-14,4.123750
2017-07-17,4.106250
2017-07-18,4.149000
2017-07-19,4.127500
2017-07-20,4.187500
2017-07-21,4.202500
2017-07-24,4.153750
2017-07-25,4.133750
2017-07-26,4.181500
2017-07-27,4.043500
2017-07-28,4.109750
2017-07-31,4.062750
2017-08-01,4.112250
2017-08-02,4.109750
2017-08-03,4.162000
2017-08-04,4.180250
2017-08-07,4.308750
2017-08-08,4.257500
2017-08-09,4.302750
2017-08-10,4.118500
2017-08-11,3.899000
2017-08-14,4.210000
2017-08-15,4.174500
2017-08-16,4.128750
2017-08-17,4.036750
2017-08-18,4.037500
2017-08-21,3.978750
2017-08-22,4.063750
2017-08-23,4.145000
2017-08-24,4.129750
2017-08-25,4.095250
2017-08-28,4.124250
2017-08-29,4.117500
2017-08-30,4.142000
2017-08-31,4.236000
2017-09-01,4.261500
2017-09-05,4.147750
2017-09-06,4.145250
2017-09-07,4.164500
2017-09-08,4.092250
2017-09-11,4.225000
2017-09-12,4.240250
2017-09-13,4.259250
2017-09-14,4.235000
2017-09-15,4.502750
2017-09-18,4.688750
2017-09-19,4.683750
2017-09-20,4.646000
2017-09-21,4.519000
2017-09-22,4.475000
2017-09-25,4.275000
2017-09-26,4.299000
2017-09-27,4.393250
2017-09-28,4.392000
2017-09-29,4.469250
2017-10-02,4.475000
2017-10-03,4.484250
2017-10-04,4.521750
2017-10-05,4.519250
2017-10-06,4.532500
2017-10-09,4.634750
2017-10-10,4.723250
2017-10-11,4.773500
2017-10-12,4.775750
2017-10-13,4.864750
2017-10-16,4.948250
2017-10-17,4.943750
2017-10-18,4.939500
2017-10-19,4.945000
2017-10-20,4.922500
2017-10-23,4.915500
2017-10-24,4.967000
2017-10-25,4.841500
2017-10-26,4.892250
2017-10-27,5.046500
2017-10-30,5.096000
2017-10-31,5.170250
2017-11-01,5.180000
2017-11-02,5.148500
2017-11-03,5.217250
2017-11-06,5.240750
2017-11-07,5.300750
2017-11-08,5.229000
2017-11-09,5.133000
2017-11-10,5.403500
2017-11-13,5.315750
2017-11-14,5.354500
2017-11-15,5.249500
2017-11-16,5.290250
2017-11-17,5.284000
2017-11-20,5.352000
2017-11-21,5.401250
2017-11-22,5.373250
2017-11-24,5.424000
2017-11-27,5.353500
2017-11-28,5.267750
2017-11-29,4.910500
2017-11-30,5.017750
2017-12-01,4.942000
2017-12-04,4.666500
2017-12-05,4.693500
2017-12-06,4.731500
2017-12-07,4.799750
2017-12-08,4.787250
2017-12-11,4.866500
2017-12-12,4.771000
2017-12-13,4.654500
2017-12-14,4.661750
2017-12-15,4.789000
2017-12-18,4.947500
2017-12-19,4.902750
2017-12-20,4.920000
2017-12-21,4.897250
2017-12-22,4.881750
2017-12-26,4.936000
2017-12-27,4.929250
2017-12-28,4.935000
2017-12-29,4.837500
2018-01-02,4.983750
2018-01-03,5.311750
2018-01-04,5.339750
2018-01-05,5.385000
2018-01-08,5.550000
2018-01-09,5.548500
2018-01-10,5.592000
2018-01-11,5.602000
2018-01-12,5.574500
2018-01-16,5.502750
2018-01-17,5.618000
2018-01-18,5.611000
2018-01-19,5.752750
2018-01-22,5.842250
2018-01-23,5.972750
2018-01-24,5.895000
2018-01-25,5.908750
2018-01-26,6.083250
2018-01-29,6.171250
2018-01-30,6.068000
2018-01-31,6.145000
2018-02-01,6.012500
2018-02-02,5.838000
2018-02-05,5.342500
2018-02-06,5.639500
2018-02-07,5.720000
2018-02-08,5.438000
2018-02-09,5.802000
2018-02-12,5.700750
2018-02-13,5.815750
2018-02-14,6.035500
2018-02-15,6.162500
2018-02-16,6.096000
2018-02-20,6.227000
2018-02-21,6.037750
2018-02-22,6.053750
2018-02-23,6.148250
2018-02-26,6.164500
2018-02-27,6.151500
2018-02-28,6.050000
2018-03-01,5.805250
2018-03-02,5.913500
2018-03-05,5.891250
2018-03-06,6.054000
2018-03-07,6.046000
2018-03-08,6.029500
2018-03-09,6.133250
2018-03-12,6.244000
2018-03-13,6.192750
2018-03-14,6.218500
2018-03-15,6.233500
2018-03-16,6.262000
2018-03-19,6.025000
2018-03-20,6.239500
2018-03-21,6.214000
2018-03-22,6.046250
2018-03-23,5.824250
2018-03-26,6.112000
2018-03-27,5.638000
2018-03-28,5.533750
2018-03-29,5.789750
2018-04-02,5.526250
2018-04-03,5.633750
2018-04-04,5.656000
2018-04-05,5.534500
2018-04-06,5.356250
2018-04-09,5.385250
2018-04-10,5.697750
2018-04-11,5.656000
2018-04-12,5.865000
2018-04-13,5.787500
2018-04-16,5.787250
2018-04-17,5.938500
2018-04-18,5.909250
2018-04-19,5.726000
2018-04-20,5.717750
2018-04-23,5.597000
2018-04-24,5.530000
2018-04-25,5.416500
2018-04-26,5.630500
2018-04-27,5.658250
2018-04-30,5.622500
2018-05-01,5.678500
2018-05-02,5.657750
2018-05-03,5.824750
2018-05-04,5.976500
2018-05-07,6.217000
2018-05-08,6.260000
2018-05-09,6.394500
2018-05-10,6.503250
2018-05-11,6.363250
2018-05-14,6.384000
2018-05-15,6.139000
2018-05-16,6.150250
2018-05-17,6.192750
2018-05-18,6.148500
2018-05-21,6.106000
2018-05-22,6.067500
2018-05-23,6.188500
2018-05-24,6.192250
2018-05-25,6.232000
2018-05-29,6.214750
2018-05-30,6.324750
2018-05-31,6.304750
2018-06-01,6.440500
2018-06-04,6.621250
2018-06-05,6.626750
2018-06-06,6.628750
2018-06-07,6.572500
2018-06-08,6.557000
2018-06-11,6.515500
2018-06-12,6.564500
2018-06-13,6.560000
2018-06-14,6.672750
2018-06-15,6.631500
2018-06-18,6.627250
2018-06-19,6.504250
2018-06-20,6.557750
2018-06-21,6.427750
2018-06-22,6.273750
2018-06-25,5.978000
2018-06-26,6.049750
2018-06-27,5.893000
2018-06-28,6.021500
2018-06-29,5.922500
2018-07-02,6.056000
2018-07-03,5.921000
2018-07-05,6.068250
2018-07-06,6.183250
2018-07-09,6.231250
2018-07-10,6.331250
2018-07-11,6.188250
2018-07-12,6.280750
2018-07-13,6.233000
2018-07-16,6.205000
2018-07-17,6.342250
2018-07-18,6.292500
2018-07-19,6.300750
2018-07-20,6.272250
2018-07-23,6.235250
2018-07-24,6.217750
2018-07-25,6.296750
2018-07-26,6.371000
2018-07-27,6.300500
2018-07-30,6.103250
2018-07-31,6.121500
2018-08-01,6.161750
2018-08-02,6.265500
2018-08-03,6.302500
2018-08-06,6.350750
2018-08-07,6.423750
2018-08-08,6.460500
2018-08-09,6.411500
2018-08-10,6.369750
2018-08-13,6.403000
2018-08-14,6.535750
2018-08-15,6.477000
2018-08-16,6.436000
2018-08-17,6.120500
2018-08-20,6.196000
2018-08-21,6.333000
2018-08-22,6.570500
2018-08-23,6.671000
2018-08-24,6.805500
2018-08-27,6.897500
2018-08-28,6.859500
2018-08-29,6.962250
2018-08-30,6.945250
2018-08-31,7.017000
2018-09-04,7.092500
2018-09-05,6.960500
2018-09-06,6.818000
2018-09-07,6.796500
2018-09-10,6.868250
2018-09-11,6.820000
2018-09-12,6.705000
2018-09-13,6.783500
2018-09-14,6.910750
2018-09-17,6.848250
2018-09-18,6.775500
2018-09-19,6.799500
2018-09-20,6.657000
2018-09-21,6.586250
2018-09-24,6.642500
2018-09-25,6.710250
2018-09-26,6.673000
2018-09-27,6.685000
2018-09-28,7.025500
2018-10-01,7.234000
2018-10-02,7.162000
2018-10-03,7.168250
2018-10-04,6.982250
2018-10-05,6.746500
2018-10-08,6.644250
2018-10-09,6.638500
2018-10-10,6.142250
2018-10-11,5.878250
2018-10-12,6.163500
2018-10-15,5.884500
2018-10-16,6.145750
2018-10-17,6.076500
2018-10-18,5.988250
2018-10-19,5.729250
2018-10-22,5.780500
2018-10-23,5.526500
2018-10-24,4.985250
2018-10-25,5.196000
2018-10-26,4.957250
2018-10-29,4.640500
2018-10-30,5.075000
2018-10-31,5.270750
2018-11-01,5.452750
2018-11-02,5.373000
2018-11-05,5.294250
2018-11-06,5.276500
2018-11-07,5.344750
2018-11-08,5.149750
2018-11-09,5.141750
2018-11-12,4.738500
2018-11-13,4.982750
2018-11-14,4.929750
2018-11-15,5.059750
2018-11-16,4.110750
2018-11-19,3.617500
2018-11-20,3.727000
2018-11-21,3.617750
2018-11-23,3.625000
2018-11-26,3.826250
2018-11-27,3.843250
2018-11-28,4.001750
2018-11-29,3.934000
2018-11-30,4.085750
2018-12-03,4.251000
2018-12-04,3.927750
2018-12-06,3.957250
2018-12-07,3.690250
2018-12-10,3.796500
2018-12-11,3.704750
2018-12-12,3.722500
2018-12-13,3.722250
2018-12-14,3.661250
2018-12-17,3.589500
2018-12-18,3.673500
2018-12-19,3.462750
2018-12-20,3.377500
2018-12-21,3.239250
2018-12-24,3.177000
2018-12-26,3.327500
2018-12-27,3.279250
2018-12-28,3.341250
2018-12-31,3.337500
2019-01-02,3.405500
2019-01-03,3.199750
2019-01-04,3.404750
2019-01-07,3.585000
2019-01-08,3.495750
2019-01-09,3.564500
2019-01-10,3.630750
2019-01-11,3.720750
2019-01-14,3.761000
2019-01-15,3.746750
2019-01-16,3.721000
2019-01-17,3.793000
2019-01-18,3.923250
2019-01-22,3.719250
2019-01-23,3.732250
2019-01-24,3.946000
2019-01-25,4.003750
2019-01-28,3.450250
2019-01-29,3.290000
2019-01-30,3.434750
2019-01-31,3.593750
2019-02-01,3.618250
2019-02-04,3.729500
2019-02-05,3.748750
2019-02-06,3.825000
2019-02-07,3.685500
2019-02-08,3.704250
2019-02-11,3.661250
2019-02-12,3.779250
2019-02-13,3.822000
2019-02-14,3.863250
2019-02-15,3.933500
2019-02-19,3.916000
2019-02-20,3.963750
2019-02-21,3.894250
2019-02-22,3.979750
2019-02-25,3.967250
2019-02-26,3.927500
2019-02-27,3.885250
2019-02-28,3.856500
2019-03-01,3.911250
2019-03-04,3.919500
2019-03-05,3.913000
2019-03-06,3.801250
2019-03-07,3.731500
2019-03-08,3.766000
2019-03-11,4.028500
2019-03-12,4.063000
2019-03-13,4.215500
2019-03-14,4.139000
2019-03-15,4.245250
2019-03-18,4.223750
2019-03-19,4.392750
2019-03-20,4.360000
2019-03-21,4.598500
2019-03-22,4.437500
2019-03-25,4.344500
2019-03-26,4.421750
2019-03-27,4.412500
2019-03-28,4.431250
2019-03-29,4.489000
2019-04-01,4.557000
2019-04-02,4.575000
2019-04-03,4.715500
2019-04-04,4.706500
2019-04-05,4.773750
2019-04-08,4.794750
2019-04-09,4.731500
2019-04-10,4.802500
2019-04-11,4.788500
2019-04-12,4.750250
2019-04-15,4.617500
2019-04-16,4.705250
2019-04-17,4.682250
2019-04-18,4.657500
2019-04-22,4.711750
2019-04-23,4.766750
2019-04-24,4.779250
2019-04-25,4.672750
2019-04-26,4.452250
2019-04-29,4.483250
2019-04-30,4.525000
2019-05-01,4.511750
2019-05-02,4.579750
2019-05-03,4.575250
2019-05-06,4.496250
2019-05-07,4.327750
2019-05-08,4.348000
2019-05-09,4.254750
2019-05-10,4.220500
2019-05-13,3.961250
2019-05-14,4.051000
2019-05-15,3.989500
2019-05-16,4.004750
2019-05-17,3.913250
2019-05-20,3.793750
2019-05-21,3.876500
2019-05-22,3.805000
2019-05-23,3.683000
2019-05-24,3.628750
2019-05-28,3.583250
2019-05-29,3.508500
2019-05-30,3.477750
2019-05-31,3.386500
2019-06-03,3.344500
2019-06-04,3.575000
2019-06-05,3.532000
2019-06-06,3.594500
2019-06-07,3.637500
2019-06-10,3.710750
2019-06-11,3.768750
2019-06-12,3.655000
2019-06-13,3.706500
2019-06-14,3.616000
2019-06-17,3.625750
2019-06-18,3.822000
2019-06-19,3.828000
2019-06-20,3.852500
2019-06-21,3.794000
2019-06-24,3.816500
2019-06-25,3.787000
2019-06-26,3.981500
2019-06-27,4.080750
2019-06-28,4.105750
2019-07-01,4.154250
2019-07-02,4.055750
2019-07-03,4.068750
2019-07-05,4.005750
2019-07-08,3.930250
2019-07-09,3.932750
2019-07-10,4.001500
2019-07-11,4.157000
2019-07-12,4.190250
2019-07-15,4.181750
2019-07-16,4.177000
2019-07-17,4.242750
2019-07-18,4.254500
2019-07-19,4.211000
2019-07-22,4.283000
2019-07-23,4.391500
2019-07-24,4.466500
2019-07-25,4.334500
2019-07-26,4.376750
2019-07-29,4.370500
2019-07-30,4.386250
2019-07-31,4.218000
2019-08-01,4.123000
2019-08-02,4.029750
2019-08-05,3.769750
2019-08-06,3.808750
2019-08-07,3.847250
2019-08-08,3.956500
2019-08-09,3.854500
2019-08-12,3.786250
2019-08-13,3.901250
2019-08-14,3.751750
2019-08-15,3.719250
2019-08-16,3.989000
2019-08-19,4.269500
2019-08-20,4.196750
2019-08-21,4.280750
2019-08-22,4.287000
2019-08-23,4.061000
2019-08-26,4.136250
2019-08-27,4.045000
2019-08-28,4.030500
2019-08-29,4.175000
2019-08-30,4.187750
2019-09-03,4.104250
2019-09-04,4.219000
2019-09-05,4.493500
2019-09-06,4.466250
2019-09-09,4.512500
2019-09-10,4.579500
2019-09-11,4.608250
2019-09-12,4.606750
2019-09-13,4.548500
2019-09-16,4.505250
2019-09-17,4.526750
2019-09-18,4.499500
2019-09-19,4.423500
2019-09-20,4.317250
2019-09-23,4.371000
2019-09-24,4.313250
2019-09-25,4.455750
2019-09-26,4.433500
2019-09-27,4.294000
2019-09-30,4.351750
2019-10-01,4.350000
2019-10-02,4.326000
2019-10-03,4.532750
2019-10-04,4.549250
2019-10-07,4.608250
2019-10-08,4.430750
2019-10-09,4.517750
2019-10-10,4.575750
2019-10-11,4.649750
2019-10-14,4.663250
2019-10-15,4.909250
2019-10-16,4.855250
2019-10-17,4.857250
2019-10-18,4.762250
2019-10-21,4.900250
2019-10-22,4.890250
2019-10-23,4.877250
2019-10-24,4.921500
2019-10-25,5.113500
2019-10-28,5.169750
2019-10-29,5.073000
2019-10-30,5.075000
2019-10-31,5.025500
2019-11-01,5.064750
2019-11-04,5.262500
2019-11-05,5.240250
2019-11-06,5.190750
2019-11-07,5.208500
2019-11-08,5.194500
2019-11-11,5.204500
2019-11-12,5.240250
2019-11-13,5.214250
2019-11-14,5.244750
2019-11-15,5.104750
2019-11-18,5.307000
2019-11-19,5.199750
2019-11-20,5.279500
2019-11-21,5.254500
2019-11-22,5.272250
2019-11-25,5.530250
2019-11-26,5.425000
2019-11-27,5.456000
2019-11-29,5.418500
2019-12-02,5.231250
2019-12-03,5.191500
2019-12-04,5.235500
2019-12-05,5.218500
2019-12-06,5.304250
2019-12-09,5.304250
2019-12-10,5.349500
2019-12-11,5.433500
2019-12-12,5.601750
2019-12-13,5.599750
2019-12-16,5.628750
2019-12-17,5.707250
2019-12-18,5.737750
2019-12-19,5.886500
2019-12-20,5.984250
2019-12-23,5.970500
2019-12-24,5.965500
2019-12-26,5.979750
2019-12-27,5.921750
2019-12-30,5.808000
2019-12-31,5.882500
2020-01-02,5.997750
2020-01-03,5.901750
2020-01-06,5.926500
2020-01-07,5.998250
2020-01-08,6.009500
2020-01-09,6.075500
2020-01-10,6.108000
2020-01-13,6.299500
2020-01-14,6.182000
2020-01-15,6.139250
2020-01-16,6.223250
2020-01-17,6.232000
2020-01-21,6.198500
2020-01-22,6.252750
2020-01-23,6.321500
2020-01-24,6.262000
2020-01-27,6.005000
2020-01-28,6.199250
2020-01-29,6.138500
2020-01-30,6.145250
2020-01-31,5.910750
2020-02-03,6.008250
2020-02-04,6.178250
2020-02-05,6.269000
2020-02-06,6.356250
2020-02-07,6.289750
2020-02-10,6.574250
2020-02-11,6.697250
2020-02-12,6.813500
2020-02-13,6.769500
2020-02-14,7.244750
2020-02-18,7.414250
2020-02-19,7.867500
2020-02-20,7.717500
2020-02-21,7.351750
2020-02-24,6.832000
2020-02-25,6.551250
2020-02-26,6.691250
2020-02-27,6.315000
2020-02-28,6.751750
2020-03-02,6.910750
2020-03-03,6.647250
2020-03-04,7.112750
2020-03-05,6.832250
2020-03-06,6.651000
2020-03-09,6.136000
2020-03-10,6.527000
2020-03-11,6.161750
2020-03-12,5.407750
2020-03-13,6.021000
2020-03-16,4.910000
2020-03-17,5.431750
2020-03-18,5.070500
2020-03-19,5.324250
2020-03-20,5.143750
2020-03-23,5.317250
2020-03-24,6.229500
2020-03-25,6.140500
2020-03-26,6.431000
2020-03-27,6.318250
2020-03-30,6.639750
2020-03-31,6.590000
2020-04-01,6.076750
2020-04-02,6.386750
2020-04-03,6.097750
2020-04-06,6.710000
2020-04-07,6.475750
2020-04-08,6.673750
2020-04-09,6.573750
2020-04-13,6.746250
2020-04-14,7.098750
2020-04-15,7.021000
2020-04-16,7.367500
2020-04-17,7.308000
2020-04-20,7.176250
2020-04-21,6.737750
2020-04-22,7.153750
2020-04-23,7.100250
2020-04-24,7.239750
2020-04-27,7.427000
2020-04-28,7.284000
2020-04-29,7.461500
2020-04-30,7.307000
2020-05-01,7.069500
2020-05-04,7.282250
2020-05-05,7.343500
2020-05-06,7.444750
2020-05-07,7.621750
2020-05-08,7.812500
2020-05-11,8.065500
2020-05-12,7.802500
2020-05-13,7.780000
2020-05-14,8.030500
2020-05-15,8.490750
2020-05-18,8.750250
2020-05-19,8.805500
2020-05-20,8.970000
2020-05-21,8.775250
2020-05-22,9.026250
2020-05-26,8.717750
2020-05-27,8.525250
2020-05-28,8.487000
2020-05-29,8.875500
2020-06-01,8.806250
2020-06-02,8.825250
2020-06-03,8.769500
2020-06-04,8.766500
2020-06-05,8.920000
2020-06-08,8.805000
2020-06-09,9.046000
2020-06-10,9.366750
2020-06-11,8.796250
2020-06-12,8.932500
2020-06-15,9.173750
2020-06-16,9.068500
2020-06-17,9.236000
2020-06-18,9.218000
2020-06-19,9.261250
2020-06-22,9.526750
2020-06-23,9.450000
2020-06-24,9.235500
2020-06-25,9.490000
2020-06-26,9.155000
2020-06-29,9.200000
2020-06-30,9.497750
2020-07-01,9.530000
2020-07-02,9.612250
2020-07-06,9.839250
2020-07-07,9.871750
2020-07-08,10.216000
2020-07-09,10.509000
2020-07-10,10.479250
2020-07-13,10.052250
2020-07-14,10.377000
2020-07-15,10.227250
2020-07-16,10.134750
2020-07-17,10.201500
2020-07-20,10.510750
2020-07-21,10.328500
2020-07-22,10.438750
2020-07-23,10.129750
2020-07-24,10.194500
2020-07-27,10.421500
2020-07-28,10.215500
2020-07-29,10.465500
2020-07-30,10.614000
2020-07-31,10.614750
2020-08-03,11.010250
2020-08-04,11.227750
2020-08-05,11.286750
2020-08-06,11.335500
2020-08-07,11.199500
2020-08-10,11.165000
2020-08-11,10.850000
2020-08-12,11.440250
2020-08-13,11.443000
2020-08-14,11.564000
2020-08-17,12.337000
2020-08-18,12.260750
2020-08-19,12.138500
2020-08-20,12.141000
2020-08-21,12.683500
2020-08-24,12.720250
2020-08-25,12.750000
2020-08-26,12.773000
2020-08-27,12.628250
2020-08-28,13.147750
2020-08-31,13.374500
2020-09-01,13.821000
2020-09-02,14.346500
2020-09-03,13.015500
2020-09-04,12.622500
2020-09-08,11.913000
2020-09-09,12.715000
2020-09-10,12.311750
2020-09-11,12.164500
2020-09-14,12.872250
2020-09-15,12.991000
2020-09-16,12.514500
2020-09-17,12.463500
2020-09-18,12.189250
2020-09-21,12.517250
2020-09-22,12.637750
2020-09-23,12.123750
2020-09-24,12.348000
2020-09-25,12.873750
2020-09-28,13.035000
2020-09-29,13.225750
2020-09-30,13.530500
2020-10-01,13.614500
2020-10-02,13.062250
2020-10-05,13.642500
2020-10-06,13.736500
2020-10-07,13.964000
2020-10-08,13.838750
2020-10-09,13.762750
2020-10-12,14.226000
2020-10-13,14.248250
2020-10-14,14.095250
2020-10-15,13.970000
2020-10-16,13.811500
2020-10-19,13.497750
2020-10-20,13.645500
2020-10-21,13.524750
2020-10-22,13.361000
2020-10-23,13.590250
2020-10-26,13.141250
2020-10-27,13.396750
2020-10-28,12.627000
2020-10-29,13.024000
2020-10-30,12.534000
2020-11-02,12.580750
2020-11-03,13.019500
2020-11-04,13.794250
2020-11-05,14.160000
2020-11-06,14.562000
2020-11-09,13.630750
2020-11-10,12.770000
2020-11-11,13.418000
2020-11-12,13.456750
2020-11-13,13.297000
2020-11-16,13.515250
2020-11-17,13.422250
2020-11-18,13.428750
2020-11-19,13.440250
2020-11-20,13.087750
2020-11-23,13.140000
2020-11-24,12.957750
2020-11-25,13.234750
2020-11-27,13.261250
2020-11-30,13.401500
2020-12-01,13.390000
2020-12-02,13.544500
2020-12-03,13.396000
2020-12-04,13.558250
2020-12-07,13.606750
2020-12-08,13.350000
2020-12-09,12.930750
2020-12-10,12.972250
2020-12-11,13.013250
2020-12-14,13.308750
2020-12-15,13.360500
2020-12-16,13.242500
2020-12-17,13.341250
2020-12-18,13.272000
2020-12-21,13.332250
2020-12-22,13.278250
2020-12-23,13.009250
2020-12-24,12.993750
2020-12-28,12.900000
2020-12-29,12.943250
2020-12-30,13.145750
2020-12-31,13.055000
2021-01-04,13.113500
2021-01-05,13.404750
2021-01-06,12.614500
2021-01-07,13.344000
2021-01-08,13.276750
2021-01-11,13.621500
2021-01-12,13.484750
2021-01-13,13.531750
2021-01-14,13.200250
2021-01-15,12.859500
2021-01-19,13.025250
2021-01-20,13.365750
2021-01-21,13.867500
2021-01-22,13.712500
2021-01-25,13.653250
2021-01-26,13.435250
2021-01-27,12.917750
2021-01-28,13.051000
2021-01-29,12.989750
2021-02-01,13.237000
2021-02-02,13.556750
2021-02-03,13.530500
2021-02-04,13.664250
2021-02-05,13.591000
2021-02-08,14.438750
2021-02-09,14.263250
2021-02-10,14.764250
2021-02-11,15.250750
2021-02-12,14.961250
2021-02-16,15.330250
2021-02-17,14.906000
2021-02-18,14.829000
2021-02-19,14.926500
2021-02-22,14.355750
2021-02-23,14.142000
2021-02-24,14.499000
2021-02-25,13.307500
2021-02-26,13.714500
2021-03-01,13.841750
2021-03-02,13.406250
2021-03-03,12.804750
2021-03-04,12.370250
2021-03-05,12.461500
2021-03-08,11.593250
2021-03-09,12.520250
2021-03-10,12.468250
2021-03-11,12.993500
2021-03-12,12.856000
2021-03-15,13.191250
2021-03-16,13.291250
2021-03-17,13.341250
2021-03-18,12.722500
2021-03-19,12.845750
2021-03-22,13.186250
2021-03-23,13.070750
2021-03-24,12.643000
2021-03-25,12.535250
2021-03-26,12.839250
2021-03-29,12.948250
2021-03-30,12.871750
2021-03-31,13.348250
2021-04-01,13.811750
2021-04-05,13.987500
2021-04-06,13.861500
2021-04-07,14.143500
2021-04-08,14.317000
2021-04-09,14.400000
2021-04-12,15.209000
2021-04-13,15.679500
2021-04-14,15.277000
2021-04-15,16.137251
2021-04-16,15.912500
2021-04-19,15.361750
2021-04-20,15.171250
2021-04-21,15.360500
2021-04-22,14.850250
2021-04-23,15.265250
2021-04-26,15.478000
2021-04-27,15.381750
2021-04-28,15.276750
2021-04-29,15.324750
2021-04-30,15.009500
2021-05-03,14.836750
2021-05-04,14.351250
2021-05-05,14.458500
2021-05-06,14.523000
2021-05-07,14.812250
2021-05-10,14.265750
2021-05-11,14.306250
2021-05-12,13.758500
2021-05-13,13.665250
2021-05-14,14.243000
2021-05-17,14.165500
2021-05-18,14.015750
2021-05-19,14.065750
2021-05-20,14.612500
2021-05-21,14.991750
2021-05-24,15.612000
2021-05-25,15.647750
2021-05-26,15.700000
2021-05-27,15.488000
2021-05-28,16.244499
2021-06-01,16.264500
2021-06-02,16.778250
2021-06-03,16.969749
2021-06-04,17.578251
2021-06-07,17.618999
2021-06-08,17.457001
2021-06-09,17.358250
2021-06-10,17.424999
2021-06-11,17.825251
2021-06-14,18.018749
2021-06-15,17.788500
2021-06-16,17.810249
2021-06-17,18.657249
2021-06-18,18.638750
2021-06-21,18.427250
2021-06-22,18.886749
2021-06-23,19.057249
2021-06-24,19.205500
2021-06-25,19.031000
2021-06-28,19.985001
2021-06-29,20.026751
2021-06-30,20.002501
2021-07-01,20.212000
2021-07-02,20.487000
2021-07-06,20.698500
2021-07-07,20.371750
2021-07-08,19.902750
2021-07-09,20.050249
2021-07-12,20.512501
2021-07-13,20.250000
2021-07-14,19.841499
2021-07-15,18.966249
2021-07-16,18.160999
2021-07-19,18.779751
2021-07-20,18.612000
2021-07-21,19.410000
2021-07-22,19.594000
2021-07-23,19.558001
2021-07-26,19.294001
2021-07-27,19.208000
2021-07-28,19.503000
2021-07-29,19.662001
2021-07-30,19.499001
2021-08-02,19.750000
2021-08-03,19.815001
2021-08-04,20.274000
2021-08-05,20.636999
2021-08-06,20.365999
2021-08-09,20.295000
2021-08-10,19.936001
2021-08-11,19.698999
2021-08-12,19.905001
2021-08-13,20.188000
2021-08-16,19.950001
2021-08-17,19.458000
2021-08-18,19.040001
2021-08-19,19.798000
2021-08-20,20.816000
2021-08-23,21.958000
2021-08-24,21.792999
2021-08-25,22.212999
2021-08-26,22.068001
2021-08-27,22.636000
2021-08-30,22.688000
2021-08-31,22.385000
2021-09-01,22.441000
2021-09-02,22.396000
2021-09-03,22.843000
2021-09-07,22.662001
2021-09-08,22.339001
2021-09-09,22.177000
2021-09-10,22.478001
2021-09-13,22.152000
2021-09-14,22.242001
2021-09-15,22.341000
2021-09-16,22.242001
2021-09-17,21.900000
2021-09-20,21.113001
2021-09-21,21.246000
2021-09-22,21.941000
2021-09-23,22.482000
2021-09-24,22.080999
2021-09-27,21.660000
2021-09-28,20.698999
2021-09-29,20.517000
2021-09-30,20.716000
2021-10-01,20.742001
2021-10-04,19.732000
2021-10-05,20.451000
2021-10-06,20.700001
2021-10-07,21.075001
2021-10-08,20.830999
2021-10-11,20.695000
2021-10-12,20.671000
2021-10-13,20.938999
2021-10-14,21.746000
2021-10-15,21.862000
2021-10-18,22.222000
2021-10-19,22.290001
2021-10-20,22.103001
2021-10-21,22.691999
2021-10-22,22.726000
2021-10-25,23.166000
2021-10-26,24.716999
2021-10-27,24.451000
2021-10-28,24.941000
2021-10-29,25.566999
2021-11-01,25.827000
2021-11-02,26.400999
2021-11-03,26.598000
2021-11-04,29.801001
2021-11-05,29.752001
2021-11-08,30.804001
2021-11-09,30.657000
2021-11-10,29.459000
2021-11-11,30.389999
2021-11-12,30.389999
2021-11-15,30.025000
2021-11-16,30.202999
2021-11-17,29.261000
2021-11-18,31.674999
2021-11-19,32.985001
2021-11-22,31.955999
2021-11-23,31.746000
2021-11-24,32.674000
2021-11-26,31.503000
2021-11-29,33.375999
2021-11-30,32.675999
2021-12-01,31.434999
2021-12-02,32.125999
2021-12-03,30.693001
2021-12-06,30.037001
2021-12-07,32.426998
2021-12-08,31.826000
2021-12-09,30.490000
2021-12-10,30.198000
2021-12-13,28.160999
2021-12-14,28.337000
2021-12-15,30.459000
2021-12-16,28.386999
2021-12-17,27.801001
2021-12-20,27.719000
2021-12-21,29.075001
2021-12-22,29.400000
2021-12-23,29.639999
2021-12-27,30.945000
2021-12-28,30.322001
2021-12-29,30.000999
2021-12-30,29.586000
2021-12-31,29.410999
2022-01-03,30.121000
2022-01-04,29.290001
2022-01-05,27.604000
2022-01-06,28.177999
2022-01-07,27.247000
2022-01-10,27.400000
2022-01-11,27.816999
2022-01-12,27.999001
2022-01-13,26.575001
2022-01-14,26.941999
2022-01-18,25.903000
2022-01-19,25.066999
2022-01-20,24.150000
2022-01-21,23.374001
2022-01-24,23.372000
2022-01-25,22.323999
2022-01-26,22.771999
2022-01-27,21.944000
2022-01-28,22.840000
2022-01-31,24.486000
2022-02-01,24.638000
2022-02-02,25.242001
2022-02-03,23.948000
2022-02-04,24.319000
2022-02-07,24.728001
2022-02-08,25.108000
2022-02-09,26.705000
2022-02-10,25.823999
2022-02-11,23.948999
2022-02-14,24.267000
2022-02-15,26.495001
2022-02-16,26.511000
2022-02-17,24.507000
2022-02-18,23.642000
2022-02-22,23.389999
2022-02-23,22.386999
2022-02-24,23.747999
2022-02-25,24.157000
2022-02-28,24.385000
2022-03-01,23.476999
2022-03-02,24.219999
2022-03-03,23.714001
2022-03-04,22.936001
2022-03-07,21.351999
2022-03-08,21.514000
2022-03-09,23.014000
2022-03-10,22.658001
2022-03-11,22.100000
2022-03-14,21.330000
2022-03-15,22.973000
2022-03-16,24.496000
2022-03-17,24.766001
2022-03-18,26.452999
2022-03-21,26.733999
2022-03-22,26.524000
2022-03-23,25.634001
2022-03-24,28.150000
2022-03-25,27.691999
2022-03-28,28.219000
2022-03-29,28.656000
2022-03-30,27.690001
2022-03-31,27.285999
2022-04-01,26.712000
2022-04-04,27.360001
2022-04-05,25.931000
2022-04-06,24.407000
2022-04-07,24.208000
2022-04-08,23.118999
2022-04-11,21.917000
2022-04-12,21.504000
2022-04-13,22.202999
2022-04-14,21.257999
2022-04-18,21.783001
2022-04-19,22.198000
2022-04-20,21.482000
2022-04-21,20.183001
2022-04-22,19.514999
2022-04-25,19.902000
2022-04-26,18.788000
2022-04-27,18.415001
2022-04-28,19.782000
2022-04-29,18.547001
2022-05-02,19.533001
2022-05-03,19.601999
2022-05-04,20.334000
2022-05-05,18.844000
2022-05-06,18.674999
2022-05-09,16.950001
2022-05-10,17.594999
2022-05-11,16.629999
2022-05-12,16.174999
2022-05-13,17.705999
2022-05-16,17.264000
2022-05-17,18.177000
2022-05-18,16.938000
2022-05-19,17.124001
2022-05-20,16.694000
2022-05-23,16.898001
2022-05-24,16.153999
2022-05-25,16.975000
2022-05-26,17.851000
2022-05-27,18.811001
2022-05-31,18.672001
2022-06-01,18.320000
2022-06-02,19.591999
2022-06-03,18.719999
2022-06-06,18.785999
2022-06-07,18.926001
2022-06-08,18.648001
2022-06-09,18.048000
2022-06-10,16.974001
2022-06-13,15.647000
2022-06-14,15.836000
2022-06-15,16.527000
2022-06-16,15.601000
2022-06-17,15.880000
2022-06-21,16.566000
2022-06-22,16.360001
2022-06-23,16.225000
2022-06-24,17.125999
2022-06-27,16.868999
2022-06-28,15.982000
2022-06-29,15.542000
2022-06-30,15.159000
2022-07-01,14.523000
2022-07-05,14.964000
2022-07-06,15.130000
2022-07-07,15.858000
2022-07-08,15.838000
2022-07-11,15.152000
2022-07-12,15.082000
2022-07-13,15.164000
2022-07-14,15.372000
2022-07-15,15.762000
2022-07-18,16.101000
2022-07-19,16.992001
2022-07-20,17.806999
2022-07-21,18.049999
2022-07-22,17.319000
2022-07-25,17.024000
2022-07-26,16.533001
2022-07-27,17.790001
2022-07-28,17.983999
2022-07-29,18.163000
2022-08-01,18.441000
2022-08-02,18.525999
2022-08-03,18.893000
2022-08-04,19.215000
2022-08-05,18.989000
2022-08-08,17.792999
2022-08-09,17.086000
2022-08-10,18.097000
2022-08-11,17.941999
2022-08-12,18.709000
2022-08-15,19.032000
2022-08-16,18.879000
2022-08-17,18.334999
2022-08-18,18.773001
2022-08-19,17.849001
2022-08-22,17.034000
2022-08-23,17.181000
2022-08-24,17.222000
2022-08-25,17.913000
2022-08-26,16.260000
2022-08-29,15.801000
2022-08-30,15.468000
2022-08-31,15.094000
2022-09-01,13.937000
2022-09-02,13.647000
2022-09-06,13.465000
2022-09-07,13.714000
2022-09-08,13.990000
2022-09-09,14.387000
2022-09-12,14.505000
2022-09-13,13.131000
2022-09-14,13.128000
2022-09-15,12.929000
2022-09-16,13.198000
2022-09-19,13.382000
2022-09-20,13.176000
2022-09-21,13.261000
2022-09-22,12.561000
2022-09-23,12.516000
2022-09-26,12.228000
2022-09-27,12.413000
2022-09-28,12.736000
2022-09-29,12.220000
2022-09-30,12.139000
2022-10-03,12.512000
2022-10-04,13.167000
2022-10-05,13.209000
2022-10-06,13.130000
2022-10-07,12.076000
2022-10-10,11.670000
2022-10-11,11.586000
2022-10-12,11.500000
2022-10-13,11.960000
2022-10-14,11.227000
2022-10-17,11.888000
2022-10-18,11.967000
2022-10-19,12.051000
2022-10-20,12.194000
2022-10-21,12.466000
2022-10-24,12.599000
2022-10-25,13.261000
2022-10-26,12.896000
2022-10-27,13.176000
2022-10-28,13.834000
2022-10-31,13.497000
2022-11-01,13.543000
2022-11-02,13.219000
2022-11-03,13.421000
2022-11-04,14.156000
2022-11-07,14.301000
2022-11-08,14.602000
2022-11-09,13.776000
2022-11-10,15.750000
2022-11-11,16.327000
2022-11-14,16.295000
2022-11-15,16.666000
2022-11-16,15.910000
2022-11-17,15.677000
2022-11-18,15.409000
2022-11-21,15.317000
2022-11-22,16.038000
2022-11-23,16.518999
2022-11-25,16.270000
2022-11-28,15.827000
2022-11-29,15.639000
2022-11-30,16.923000
2022-12-01,17.135000
2022-12-02,16.875999
2022-12-05,16.610001
2022-12-06,15.987000
2022-12-07,16.120001
2022-12-08,17.169001
2022-12-09,17.000999
2022-12-12,17.535000
2022-12-13,18.072001
2022-12-14,17.674000
2022-12-15,16.952000
2022-12-16,16.570999
2022-12-19,16.254000
2022-12-20,16.084999
2022-12-21,16.500999
2022-12-22,15.339000
2022-12-23,15.206000
2022-12-27,14.121000
2022-12-28,14.036000
2022-12-29,14.603000
2022-12-30,14.614000
2023-01-03,14.315000
2023-01-04,14.749000
2023-01-05,14.265000
2023-01-06,14.859000
2023-01-09,15.628000
2023-01-10,15.909000
2023-01-11,16.000999
2023-01-12,16.511000
2023-01-13,16.899000
2023-01-17,17.702000
2023-01-18,17.377001
2023-01-19,16.764999
2023-01-20,17.839001
2023-01-23,19.193001
2023-01-24,19.264999
2023-01-25,19.323000
2023-01-26,19.802000
2023-01-27,20.365000
2023-01-30,19.162001
2023-01-31,19.537001
2023-02-01,20.943001
2023-02-02,21.709000
2023-02-03,21.100000
2023-02-06,21.089001
2023-02-07,22.173000
2023-02-08,22.205000
2023-02-09,22.337000
2023-02-10,21.264999
2023-02-13,21.788000
2023-02-14,22.971001
2023-02-15,22.764000
2023-02-16,22.002001
2023-02-17,21.388000
2023-02-21,20.655001
2023-02-22,20.754000
2023-02-23,23.664000
2023-02-24,23.285999
2023-02-27,23.500999
2023-02-28,23.216000
2023-03-01,22.698000
2023-03-02,23.313999
2023-03-03,23.889999
2023-03-06,23.554001
2023-03-07,23.288000
2023-03-08,24.181000
2023-03-09,23.436001
2023-03-10,22.965000
2023-03-13,22.966000
2023-03-14,24.063000
2023-03-15,24.228001
2023-03-16,25.541000
2023-03-17,25.725000
2023-03-20,25.900000
2023-03-21,26.198999
2023-03-22,26.468000
2023-03-23,27.191000
2023-03-24,26.778999
2023-03-27,26.531000
2023-03-28,26.410000
2023-03-29,26.983999
2023-03-30,27.382999
2023-03-31,27.777000
2023-04-03,27.965000
2023-04-04,27.452999
2023-04-05,26.881001
2023-04-06,27.037001
2023-04-10,27.579000
2023-04-11,27.169001
2023-04-12,26.495001
2023-04-13,26.462999
2023-04-14,26.757999
2023-04-17,27.002001
2023-04-18,27.667000
2023-04-19,27.931000
2023-04-20,27.104000
2023-04-21,27.118999
2023-04-24,27.042000
2023-04-25,26.240999
2023-04-26,26.955999
2023-04-27,27.226000
2023-04-28,27.749001
2023-05-01,28.910000
2023-05-02,28.209999
2023-05-03,27.802000
2023-05-04,27.562000
2023-05-05,28.680000
2023-05-08,29.150999
2023-05-09,28.570999
2023-05-10,28.885000
2023-05-11,28.577999
2023-05-12,28.340000
2023-05-15,28.952999
2023-05-16,29.212999
2023-05-17,30.177999
2023-05-18,31.677999
2023-05-19,31.264000
2023-05-22,31.176001
2023-05-23,30.688000
2023-05-24,30.538000
2023-05-25,37.980000
2023-05-26,38.945999
2023-05-30,40.111000
2023-05-31,37.834000
2023-06-01,39.770000
2023-06-02,39.327000
2023-06-05,39.171001
2023-06-06,38.653999
2023-06-07,37.474998
2023-06-08,38.509998
2023-06-09,38.770000
2023-06-12,39.481998
2023-06-13,41.021999
2023-06-14,42.997002
2023-06-15,42.653000
2023-06-16,42.692001
2023-06-20,43.807999
2023-06-21,43.044998
2023-06-22,43.025002
2023-06-23,42.209000
2023-06-26,40.632000
2023-06-27,41.875999
2023-06-28,41.117001
2023-06-29,40.821999
2023-06-30,42.301998
2023-07-03,42.412998
2023-07-05,42.317001
2023-07-06,42.103001
2023-07-07,42.502998
2023-07-10,42.180000
2023-07-11,42.404999
2023-07-12,43.902000
2023-07-13,45.977001
2023-07-14,45.469002
2023-07-17,46.460999
2023-07-18,47.493999
2023-07-19,47.077000
2023-07-20,45.520000
2023-07-21,44.308998
2023-07-24,44.612000
2023-07-25,45.679001
2023-07-26,45.452000
2023-07-27,45.900002
2023-07-28,46.750000
2023-07-31,46.729000
2023-08-01,46.507000
2023-08-02,44.269001
2023-08-03,44.514999
2023-08-04,44.680000
2023-08-07,45.417000
2023-08-08,44.664001
2023-08-09,42.554001
2023-08-10,42.388000
2023-08-11,40.855000
2023-08-14,43.752998
2023-08-15,43.939999
2023-08-16,43.486000
2023-08-17,43.344002
2023-08-18,43.299000
2023-08-21,46.966999
2023-08-22,45.667999
2023-08-23,47.116001
2023-08-24,47.162998
2023-08-25,46.018002
2023-08-28,46.834999
2023-08-29,48.784000
2023-08-30,49.264000
2023-08-31,49.355000
2023-09-01,48.508999
2023-09-05,48.548000
2023-09-06,47.061001
2023-09-07,46.241001
2023-09-08,45.571999
2023-09-11,45.178001
2023-09-12,44.869999
2023-09-13,45.485001
2023-09-14,45.581001
2023-09-15,43.900002
2023-09-18,43.966000
2023-09-19,43.520000
2023-09-20,42.238998
2023-09-21,41.016998
2023-09-22,41.610001
2023-09-25,42.222000
2023-09-26,41.910999
2023-09-27,42.467999
2023-09-28,43.089001
2023-09-29,43.499001
2023-10-02,44.782001
2023-10-03,43.516998
2023-10-04,44.041000
2023-10-05,44.688000
2023-10-06,45.762001
2023-10-09,45.272999
2023-10-10,45.798000
2023-10-11,46.806000
2023-10-12,46.945000
2023-10-13,45.460999
2023-10-16,46.095001
2023-10-17,43.938000
2023-10-18,42.195999
2023-10-19,42.101002
2023-10-20,41.387001
2023-10-23,42.974998
2023-10-24,43.662998
2023-10-25,41.778999
2023-10-26,40.326000
2023-10-27,40.500000
2023-10-30,41.160999
2023-10-31,40.779999
2023-11-01,42.325001
2023-11-02,43.506001
2023-11-03,45.005001
2023-11-06,45.750999
2023-11-07,45.955002
2023-11-08,46.574001
2023-11-09,46.950001
2023-11-10,48.334999
2023-11-13,48.619999
2023-11-14,49.655998
2023-11-15,48.888000
2023-11-16,49.480000
2023-11-17,49.298000
2023-11-20,50.409000
2023-11-21,49.944000
2023-11-22,48.716000
2023-11-24,47.776001
2023-11-27,48.242001
2023-11-28,47.820999
2023-11-29,48.139999
2023-11-30,46.770000
2023-12-01,46.764999
2023-12-04,45.509998
2023-12-05,46.566002
2023-12-06,45.502998
2023-12-07,46.596001
2023-12-08,47.506001
2023-12-11,46.626999
2023-12-12,47.657001
2023-12-13,48.088001
2023-12-14,48.349998
2023-12-15,48.889999
2023-12-18,50.077000
2023-12-19,49.604000
2023-12-20,48.111000
2023-12-21,48.990002
2023-12-22,48.830002
2023-12-26,49.278999
2023-12-27,49.417000
2023-12-28,49.521999
2023-12-29,49.521999
2024-01-02,48.167999
2024-01-03,47.569000
2024-01-04,47.998001
2024-01-05,49.097000
2024-01-08,52.252998
2024-01-09,53.139999
2024-01-10,54.349998
2024-01-11,54.821999
2024-01-12,54.709999
2024-01-16,56.382000
2024-01-17,56.053001
2024-01-18,57.106998
2024-01-19,59.491001
2024-01-22,59.653999
2024-01-23,59.873001
2024-01-24,61.362000
2024-01-25,61.617001
2024-01-26,61.030998
2024-01-29,62.465000
2024-01-30,62.773998
2024-01-31,61.527000
2024-02-01,63.027000
2024-02-02,66.160004
2024-02-05,69.332001
2024-02-06,68.223000
2024-02-07,70.098999
2024-02-08,69.640999
2024-02-09,72.133003
2024-02-12,72.248001
2024-02-13,72.127998
2024-02-14,73.900002
2024-02-15,72.657997
2024-02-16,72.612999
2024-02-20,69.452003
2024-02-21,67.472000
2024-02-22,78.538002
2024-02-23,78.817001
2024-02-26,79.092003
2024-02-27,78.700996
2024-02-28,77.663002
2024-02-29,79.112000
2024-03-01,82.278999
2024-03-04,85.237000
2024-03-05,85.963997
2024-03-06,88.699997
2024-03-07,92.668999
2024-03-08,87.528000
2024-03-11,85.774002
2024-03-12,91.913002
2024-03-13,90.888000
2024-03-14,87.944000
2024-03-15,87.836998
2024-03-18,88.455002
2024-03-19,89.398003
2024-03-20,90.372002
2024-03-21,91.434998
2024-03-22,94.289001
2024-03-25,95.001999
2024-03-26,92.560997
2024-03-27,90.250000
2024-03-28,90.356003
2024-04-01,90.362999
2024-04-02,89.452003
2024-04-03,88.963997
2024-04-04,85.904999
2024-04-05,88.008003
2024-04-08,87.133003
2024-04-09,85.353996
2024-04-10,87.039001
2024-04-11,90.615997
2024-04-12,88.185997
2024-04-15,86.000999
2024-04-16,87.415001
2024-04-17,84.035004
2024-04-18,84.670998
2024-04-19,76.199997
2024-04-22,79.517998
2024-04-23,82.422997
2024-04-24,79.677002
2024-04-25,82.632004
2024-04-26,87.735001
2024-04-29,87.757004
2024-04-30,86.402000
2024-05-01,83.041000
2024-05-02,85.817001
2024-05-03,88.789001
2024-05-06,92.139999
2024-05-07,90.554001
2024-05-08,90.412003
2024-05-09,88.747002
2024-05-10,89.877998
2024-05-13,90.399002
2024-05-14,91.356003
2024-05-15,94.629997
2024-05-16,94.359001
2024-05-17,92.478996
2024-05-20,94.779999
2024-05-21,95.386002
2024-05-22,94.949997
2024-05-23,103.799004
2024-05-24,106.469002
2024-05-28,113.901001
2024-05-29,114.824997
2024-05-30,110.500000
2024-05-31,109.633003
2024-06-03,115.000000
2024-06-04,116.436996
2024-06-05,122.440002
2024-06-06,120.998001
2024-06-07,120.888000
2024-06-10,121.790001
2024-06-11,120.910004
2024-06-12,125.199997
2024-06-13,129.610001
2024-06-14,131.880005
2024-06-17,130.979996
2024-06-18,135.580002
2024-06-20,130.779999
2024-06-21,126.570000
2024-06-24,118.110001
2024-06-25,126.089996
2024-06-26,126.400002
2024-06-27,123.989998
2024-06-28,123.540001
2024-07-01,124.300003
2024-07-02,122.669998
2024-07-03,128.279999
2024-07-05,125.830002
2024-07-08,128.199997
2024-07-09,131.380005
2024-07-10,134.910004
2024-07-11,127.400002
2024-07-12,129.240005
2024-07-15,128.440002
2024-07-16,126.360001
2024-07-17,117.989998
2024-07-18,121.089996
2024-07-19,117.930000
2024-07-22,123.540001
2024-07-23,122.589996
2024-07-24,114.250000
2024-07-25,112.279999
2024-07-26,113.059998
2024-07-29,111.589996
2024-07-30,103.730003
2024-07-31,117.019997
2024-08-01,109.209999
2024-08-02,107.269997
2024-08-05,100.449997
2024-08-06,104.250000
2024-08-07,98.910004
2024-08-08,104.970001
2024-08-09,104.750000
2024-08-12,109.019997
2024-08-13,116.139999
2024-08-14,118.080002
2024-08-15,122.860001
2024-08-16,124.580002
2024-08-19,130.000000
2024-08-20,127.250000
2024-08-21,128.500000
2024-08-22,123.739998
2024-08-23,129.369995
2024-08-26,126.459999
2024-08-27,128.300003
2024-08-28,125.610001
2024-08-29,117.589996
2024-08-30,119.370003
2024-09-03,108.000000
2024-09-04,106.209999
2024-09-05,107.209999
2024-09-06,102.830002
2024-09-09,106.470001
2024-09-10,108.099998
2024-09-11,116.910004
2024-09-12,119.139999
2024-09-13,119.099998
2024-09-16,116.779999
2024-09-17,115.589996
2024-09-18,113.370003
2024-09-19,117.870003
2024-09-20,116.000000
2024-09-23,116.260002
2024-09-24,120.870003
2024-09-25,123.510002
2024-09-26,124.040001
2024-09-27,121.400002
2024-09-30,121.440002
2024-10-01,117.000000
2024-10-02,118.849998
2024-10-03,122.849998
2024-10-04,124.919998
2024-10-07,127.720001
2024-10-08,132.889999
2024-10-09,132.649994
2024-10-10,134.809998
2024-10-11,134.800003
2024-10-14,138.070007
2024-10-15,131.600006
2024-10-16,135.720001
2024-10-17,136.929993
2024-10-18,138.000000
2024-10-21,143.710007
2024-10-22,143.589996
2024-10-23,139.559998
2024-10-24,140.410004
2024-10-25,141.539993
2024-10-28,140.520004
2024-10-29,141.250000
2024-10-30,139.339996
2024-10-31,132.759995
2024-11-01,135.399994
2024-11-04,136.050003
2024-11-05,139.910004
2024-11-06,145.610001
2024-11-07,148.880005
2024-11-08,147.630005
2024-11-11,145.259995
2024-11-12,148.289993
2024-11-13,146.270004
2024-11-14,146.759995
2024-11-15,141.979996
2024-11-18,140.149994
2024-11-19,147.009995
2024-11-20,145.889999
2024-11-21,146.669998
2024-11-22,141.949997
2024-11-25,136.020004
2024-11-26,136.919998
2024-11-27,135.339996
2024-11-29,138.250000
2024-12-02,138.630005
2024-12-03,140.259995
2024-12-04,145.139999
2024-12-05,145.059998
2024-12-06,142.440002
2024-12-09,138.809998
2024-12-10,135.070007
2024-12-11,139.309998
2024-12-12,137.339996
2024-12-13,134.250000
2024-12-16,132.000000
2024-12-17,130.389999
2024-12-18,128.910004
2024-12-19,130.679993
2024-12-20,134.699997
2024-12-23,139.669998
2024-12-24,140.220001
2024-12-26,139.929993
2024-12-27,137.009995
2024-12-30,137.490005
2024-12-31,134.289993
2025-01-02,138.309998
2025-01-03,144.470001
2025-01-06,149.429993
2025-01-07,140.139999
2025-01-08,140.110001
2025-01-10,135.910004
2025-01-13,133.229996
2025-01-14,131.759995
2025-01-15,136.240005
2025-01-16,133.570007
2025-01-17,137.710007
2025-01-21,140.830002
2025-01-22,147.070007
2025-01-23,147.220001
2025-01-24,142.619995
2025-01-27,118.419998
2025-01-28,128.990005
2025-01-29,123.699997
2025-01-30,124.650002
2025-01-31,120.070000
2025-02-03,116.660004
2025-02-04,118.650002
2025-02-05,124.830002
2025-02-06,128.679993
2025-02-07,129.839996
2025-02-10,133.570007
2025-02-11,132.800003
2025-02-12,131.139999
2025-02-13,135.289993
2025-02-14,138.850006
2025-02-18,139.399994
2025-02-19,139.229996
2025-02-20,140.110001
2025-02-21,134.429993
2025-02-24,130.279999
2025-02-25,126.629997
2025-02-26,131.279999
2025-02-27,120.150002
2025-02-28,124.919998
2025-03-03,114.059998
2025-03-04,115.989998
2025-03-05,117.300003
2025-03-06,110.570000
2025-03-07,112.690002
2025-03-10,106.980003
2025-03-11,108.760002
2025-03-12,115.739998
2025-03-13,115.580002
2025-03-14,121.669998
2025-03-17,119.529999
2025-03-18,115.430000
2025-03-19,117.519997
2025-03-20,118.529999
2025-03-21,117.699997
2025-03-24,121.410004
2025-03-25,120.690002
2025-03-26,113.760002
2025-03-27,111.430000
2025-03-28,109.669998
2025-03-31,108.379997
2025-04-01,110.150002
2025-04-02,110.419998
2025-04-03,101.800003
2025-04-04,94.309998
2025-04-07,97.639999
2025-04-08,96.300003
2025-04-09,114.330002
2025-04-10,107.570000
2025-04-11,110.930000
2025-04-14,110.709999
2025-04-15,112.199997
2025-04-16,104.489998
2025-04-17,101.489998
2025-04-21,96.910004
2025-04-22,98.889999
2025-04-23,102.709999
2025-04-24,106.430000
2025-04-25,111.010002
2025-04-28,108.730003
2025-04-29,109.019997
2025-04-30,108.919998
2025-05-01,111.610001
2025-05-02,114.500000
2025-05-05,113.820000
2025-05-06,113.540001
2025-05-07,117.059998
2025-05-08,117.370003
2025-05-09,116.650002
2025-05-12,123.000000
2025-05-13,129.929993
2025-05-14,135.339996
2025-05-15,134.830002
2025-05-16,135.399994
2025-05-19,135.570007
2025-05-20,134.380005
2025-05-21,131.800003
2025-05-22,132.830002
2025-05-23,131.289993
2025-05-27,135.500000
2025-05-28,134.809998
2025-05-29,139.190002
2025-05-30,135.130005
2025-06-02,137.380005
2025-06-03,141.220001
2025-06-04,141.919998
2025-06-05,139.990005
2025-06-06,141.720001
2025-06-09,142.630005
2025-06-10,143.960007
2025-06-11,142.830002
2025-06-12,145.000000
2025-06-13,141.970001
2025-06-16,144.690002
2025-06-17,144.119995
2025-06-18,145.479996
2025-06-20,143.850006
2025-06-23,144.169998
2025-06-24,147.899994
2025-06-25,154.309998
2025-06-26,155.020004
2025-06-27,157.750000
2025-06-30,157.990005
2025-07-01,153.300003
2025-07-02,157.250000
2025-07-03,159.339996
2025-07-07,158.240005
2025-07-08,160.000000
2025-07-09,162.880005
2025-07-10,164.100006
2025-07-11,164.919998
2025-07-14,164.070007
2025-07-15,170.699997
2025-07-16,171.369995
2025-07-17,173.000000
2025-07-18,172.410004
2025-07-21,171.380005
2025-07-22,167.029999
2025-07-23,170.779999
2025-07-24,173.740005
2025-07-25,173.500000
2025-07-28,176.750000
2025-07-29,175.509995
2025-07-30,179.270004
2025-07-31,177.869995
2025-08-01,173.720001
2025-08-04,180.000000
2025-08-05,178.259995
2025-08-06,179.419998
2025-08-07,180.770004
2025-08-08,182.699997
2025-08-11,182.059998
2025-08-12,183.160004
2025-08-13,181.589996
2025-08-14,182.020004
2025-08-15,180.449997
2025-08-18,182.009995
2025-08-19,175.639999
2025-08-20,175.399994
2025-08-21,174.979996
2025-08-22,177.990005
2025-08-25,179.809998
2025-08-26,181.770004
2025-08-27,181.600006
2025-08-28,180.169998
2025-08-29,174.179993
2025-09-02,170.779999
2025-09-03,170.619995
2025-09-04,171.660004
2025-09-05,167.020004
2025-09-08,168.309998
2025-09-09,170.759995
2025-09-10,177.330002
2025-09-11,177.169998
2025-09-12,177.820007
2025-09-15,177.750000
2025-09-16,174.880005
2025-09-17,170.289993
2025-09-18,176.240005
2025-09-19,176.669998
2025-09-22,183.610001
2025-09-23,178.429993
2025-09-24,176.970001
2025-09-25,177.690002
2025-09-26,178.190002
2025-09-29,181.850006
2025-09-30,186.580002
2025-10-01,187.240005
2025-10-02,188.889999
2025-10-03,187.619995
2025-10-06,185.539993
2025-10-07,185.039993
2025-10-08,189.110001
2025-10-09,192.570007
2025-10-10,183.160004
2025-10-13,188.320007
2025-10-14,180.029999
2025-10-15,179.830002
2025-10-16,181.809998
2025-10-17,183.220001
2025-10-20,182.639999
2025-10-21,181.160004
2025-10-22,180.279999
2025-10-23,182.160004
2025-10-24,186.259995
2025-10-27,191.490005
2025-10-28,201.029999
2025-10-29,207.039993
2025-10-30,202.889999
2025-10-31,202.490005
2025-11-03,206.880005
2025-11-04,198.690002
2025-11-05,195.210007
2025-11-06,188.080002
2025-11-07,188.149994
2025-11-10,199.050003
2025-11-11,193.160004
2025-11-12,193.800003
2025-11-13,186.860001
2025-11-14,190.169998
2025-11-17,186.600006
2025-11-18,181.360001
2025-11-19,186.520004
2025-11-20,180.639999
2025-11-21,178.880005
2025-11-24,182.550003
2025-11-25,177.820007
2025-11-26,180.259995
2025-11-28,177.000000
2025-12-01,179.919998
2025-12-02,181.460007
2025-12-03,179.589996
2025-12-04,183.380005
2025-12-05,182.410004
2025-12-08,185.550003
2025-12-09,184.970001
2025-12-10,183.779999
2025-12-11,180.929993
2025-12-12,175.020004
2025-12-15,176.289993
2025-12-16,177.720001
2025-12-17,170.940002
2025-12-18,174.139999
2025-12-19,180.990005
2025-12-22,183.690002
2025-12-23,189.210007
2025-12-24,188.610001
2025-12-26,190.529999
2025-12-29,188.220001
2025-12-30,187.539993
2025-12-31,186.500000
2026-01-02,188.850006
2026-01-05,188.119995
2026-01-06,187.240005
2026-01-07,189.110001
2026-01-08,185.039993
2026-01-09,184.860001
2026-01-12,184.940002
2026-01-13,185.809998
2026-01-14,183.139999
2026-01-15,187.050003
2026-01-16,186.229996
2026-01-20,178.070007
2026-01-21,183.320007
2026-01-22,184.839996
2026-01-23,187.669998
2026-01-26,186.470001
2026-01-27,188.520004
2026-01-28,191.520004
2026-01-29,192.509995
2026-01-30,191.130005
2026-02-02,185.610001
2026-02-03,180.339996
2026-02-04,174.190002
2026-02-05,171.880005
2026-02-06,185.410004
2026-02-09,190.039993
2026-02-10,188.539993
2026-02-11,190.050003
2026-02-12,186.940002
2026-02-13,182.809998
2026-02-17,184.970001
2026-02-18,187.979996
2026-02-19,187.899994
2026-02-20,189.820007
2026-02-23,191.550003
2026-02-24,192.850006
2026-02-25,195.559998
2026-02-26,184.889999
2026-02-27,177.190002
2026-03-02,182.479996
2026-03-03,180.050003
2026-03-04,183.039993
2026-03-05,183.339996
2026-03-06,177.820007
2026-03-09,182.649994
2026-03-10,184.770004
2026-03-11,186.029999
2026-03-12,183.139999
2026-03-13,180.250000
2026-03-16,183.220001
2026-03-17,181.929993
2026-03-18,180.399994
2026-03-19,178.559998
2026-03-20,172.699997
2026-03-23,175.639999
2026-03-24,175.199997
2026-03-25,178.679993
2026-03-26,171.240005
2026-03-27,167.520004
2026-03-30,165.169998
2026-03-31,174.399994
2026-04-01,175.750000
2026-04-02,177.389999
2026-04-06,177.639999
2026-04-07,178.100006
2026-04-08,182.080002
2026-04-09,183.910004
2026-04-10,188.630005
2026-04-13,189.309998
2026-04-14,196.509995
2026-04-15,198.869995
2026-04-16,198.350006
2026-04-17,201.679993
2026-04-20,202.059998
2026-04-21,199.880005
2026-04-22,202.500000
2026-04-23,199.639999
2026-04-24,208.270004
2026-04-27,216.610001
2026-04-28,213.169998
2026-04-29,209.250000
2026-04-30,199.570007
2026-05-01,198.449997
2026-05-04,198.479996
2026-05-05,196.500000
2026-05-06,207.830002
2026-05-07,211.500000
2026-05-08,215.199997
2026-05-11,219.440002
2026-05-12,220.779999
2026-05-13,225.830002
2026-05-14,235.740005
2026-05-15,225.320007
2026-05-18,222.320007
2026-05-19,220.610001
2026-05-20,223.470001
2026-05-21,219.509995
2026-05-22,215.330002
2026-05-26,214.860001
2026-05-27,212.600006
2026-05-28,214.250000
2026-05-29,211.139999
2026-06-01,224.360001
2026-06-02,222.820007
2026-06-03,214.750000
2026-06-04,218.660004
2026-06-05,205.100006
2026-06-08,208.639999
2026-06-09,208.190002
2026-06-10,200.419998
2026-06-11,204.869995
2026-06-12,205.190002
2026-06-15,212.449997
2026-06-16,207.410004
2026-06-17,204.649994
2026-06-18,210.690002
2026-06-22,208.649994
2026-06-23,200.039993
2026-06-24,199.000000
2026-06-25,195.740005
2026-06-26,192.529999
2026-06-29,194.970001
2026-06-30,200.089996
2026-07-01,197.580002
2026-07-02,194.830002
2026-07-06,195.550003
2026-07-07,196.929993
2026-07-08,204.119995
2026-07-09,202.779999
2026-07-10,210.960007
2026-07-13,203.529999
2026-07-14,211.800003
2026-07-15,212.500000
2026-07-16,207.399994
2026-07-17,202.809998
2026-07-20,203.279999
2026-07-21,207.289993
2026-07-22,212.059998
2026-07-23,208.759995
2026-07-24,206.839996
2026-07-27,196.509995
2026-07-28,197.009995
2026-07-29,190.009995
2026-07-30,195.039993
2026-07-31,200.750000
2026-08-03,206.639999
2026-08-04,211.940002
2026-08-05,219.220001
2026-08-06,218.990005
2026-08-07,223.960007
2026-08-10,217.550003
2026-08-11,217.500000
2026-08-12,224.089996
2026-08-13,225.300003
2026-08-14,225.160004
2026-08-17,225.009995
2026-08-18,219.740005
2026-08-19,217.559998
2026-08-20,216.850006
2026-08-21,214.720001
2026-08-24,208.479996
2026-08-25,213.050003
2026-08-26,209.660004
2026-08-27,227.979996
2026-08-28,217.550003
2026-08-31,220.779999
2026-09-01,217.440002
2026-09-02,224.410004
2026-09-03,228.449997
2026-09-04,230.360001
2026-09-08,225.729996
2026-09-09,223.669998
