d,c
1970-01-02,550.8900
1970-01-05,553.6400
1970-01-06,549.8300
1970-01-07,548.9900
1970-01-08,549.4100
1970-01-09,547.9300
1970-01-12,543.6000
1970-01-13,543.9100
1970-01-14,542.8600
1970-01-15,542.8600
1970-01-16,538.6300
1970-01-19,531.5400
1970-01-20,532.4900
1970-01-21,532.9200
1970-01-22,533.2300
1970-01-23,527.9500
1970-01-26,522.1300
1970-01-27,518.5400
1970-01-28,513.7800
1970-01-29,506.9000
1970-01-30,502.6800
1970-02-02,506.6900
1970-02-03,513.1400
1970-02-04,509.5500
1970-02-05,507.3300
1970-02-06,510.0800
1970-02-09,514.3100
1970-02-10,509.6500
1970-02-11,514.4100
1970-02-12,513.5700
1970-02-13,512.7200
1970-02-16,512.3000
1970-02-17,511.3500
1970-02-18,517.3700
1970-02-19,519.0600
1970-02-20,520.2300
1970-02-24,520.2300
1970-02-25,528.3700
1970-02-26,525.8300
1970-02-27,529.7400
1970-03-02,530.7000
1970-03-03,533.7600
1970-03-04,532.7000
1970-03-05,532.6000
1970-03-06,529.1100
1970-03-09,523.5100
1970-03-10,524.2500
1970-03-11,523.7200
1970-03-12,521.3900
1970-03-13,518.3200
1970-03-16,512.6100
1970-03-17,514.6200
1970-03-18,516.0000
1970-03-19,514.8300
1970-03-20,512.5100
1970-03-23,512.1900
1970-03-24,517.3700
1970-03-25,528.2600
1970-03-26,529.0000
1970-03-30,527.4200
1970-03-31,527.3100
1970-04-01,529.7400
1970-04-02,527.9500
1970-04-03,525.5100
1970-04-06,521.2800
1970-04-07,519.7000
1970-04-08,518.8500
1970-04-09,518.5400
1970-04-10,516.6300
1970-04-13,512.4000
1970-04-14,508.2800
1970-04-15,506.9000
1970-04-16,501.6200
1970-04-17,500.0300
1970-04-20,501.0900
1970-04-21,498.4500
1970-04-22,491.3600
1970-04-23,483.6400
1970-04-24,481.4200
1970-04-27,473.0700
1970-04-28,466.0900
1970-04-29,475.6100
1970-04-30,473.9100
1970-05-01,473.1700
1970-05-04,460.9100
1970-05-05,455.8300
1970-05-06,461.0100
1970-05-07,463.6600
1970-05-08,461.1200
1970-05-11,456.0500
1970-05-12,451.8200
1970-05-13,443.9900
1970-05-14,437.4400
1970-05-15,445.5800
1970-05-18,445.7900
1970-05-19,437.2200
1970-05-20,425.8000
1970-05-21,417.2400
1970-05-22,417.0300
1970-05-25,403.9200
1970-05-26,398.5200
1970-05-27,419.2500
1970-05-28,430.2500
1970-05-29,441.7700
1970-06-01,449.7000
1970-06-02,449.8100
1970-06-03,454.7800
1970-06-04,447.9000
1970-06-05,440.5000
1970-06-08,441.0300
1970-06-09,440.9200
1970-06-10,436.4800
1970-06-11,430.3500
1970-06-12,428.6600
1970-06-15,430.0300
1970-06-16,439.7600
1970-06-17,438.8100
1970-06-18,441.5600
1970-06-19,444.7300
1970-06-22,441.9800
1970-06-23,431.2000
1970-06-24,426.4400
1970-06-25,426.3300
1970-06-26,423.1600
1970-06-29,419.5700
1970-06-30,418.5100
1970-07-01,419.8800
1970-07-02,419.1400
1970-07-06,412.5900
1970-07-07,409.2000
1970-07-08,419.0400
1970-07-09,425.7000
1970-07-10,428.6600
1970-07-13,428.3400
1970-07-14,427.8100
1970-07-15,432.1500
1970-07-16,438.1800
1970-07-17,445.6800
1970-07-20,446.3200
1970-07-21,441.9800
1970-07-22,442.5100
1970-07-23,448.1100
1970-07-24,447.0600
1970-07-27,446.1100
1970-07-28,447.0600
1970-07-29,448.8500
1970-07-30,449.0700
1970-07-31,448.6400
1970-08-03,443.0400
1970-08-04,443.6700
1970-08-05,443.4600
1970-08-06,442.6200
1970-08-07,443.7800
1970-08-10,437.3300
1970-08-11,435.0000
1970-08-12,432.9900
1970-08-13,429.1900
1970-08-14,431.0900
1970-08-17,431.7300
1970-08-18,436.4800
1970-08-19,440.5000
1970-08-20,443.8900
1970-08-21,453.0800
1970-08-24,463.6600
1970-08-25,465.0300
1970-08-26,466.2000
1970-08-27,465.6700
1970-08-28,470.3200
1970-08-31,468.6300
1970-09-01,465.5600
1970-09-02,465.3500
1970-09-03,472.0100
1970-09-04,476.9800
1970-09-08,478.6700
1970-09-09,477.3000
1970-09-10,474.6500
1970-09-11,476.2400
1970-09-14,473.9100
1970-09-15,469.3700
1970-09-16,472.0100
1970-09-17,475.8200
1970-09-18,477.8300
1970-09-21,473.9100
1970-09-22,472.2200
1970-09-23,478.6700
1970-09-24,485.4400
1970-09-25,486.0700
1970-09-28,485.6500
1970-09-29,488.4000
1970-09-30,487.8700
1970-10-01,488.4000
1970-10-02,493.3700
1970-10-05,500.6700
1970-10-06,502.1500
1970-10-07,502.1500
1970-10-08,496.5400
1970-10-09,491.7800
1970-10-12,486.9200
1970-10-13,485.8600
1970-10-14,486.6000
1970-10-15,488.8200
1970-10-16,486.1800
1970-10-19,479.6200
1970-10-20,482.3700
1970-10-21,482.1600
1970-10-22,480.2600
1970-10-23,482.5900
1970-10-26,480.0500
1970-10-27,478.6700
1970-10-28,480.1500
1970-10-29,479.4100
1970-10-30,478.7800
1970-11-02,480.4700
1970-11-03,484.7000
1970-11-04,485.5500
1970-11-05,484.3800
1970-11-06,484.8100
1970-11-09,487.3400
1970-11-10,488.0800
1970-11-11,489.6700
1970-11-12,484.3800
1970-11-13,479.8400
1970-11-16,478.9900
1970-11-17,479.3100
1970-11-18,475.8200
1970-11-19,476.2400
1970-11-20,480.7900
1970-11-23,483.5400
1970-11-24,486.3900
1970-11-25,488.2900
1970-11-27,493.1600
1970-11-30,501.3000
1970-12-01,502.8900
1970-12-02,509.0200
1970-12-03,511.4500
1970-12-04,514.4100
1970-12-07,517.4800
1970-12-08,514.9400
1970-12-09,515.1500
1970-12-10,517.0600
1970-12-11,518.9600
1970-12-14,516.0000
1970-12-15,515.2600
1970-12-16,515.8900
1970-12-17,517.5800
1970-12-18,518.7500
1970-12-21,517.3700
1970-12-22,518.0100
1970-12-23,518.7500
1970-12-24,522.0300
1970-12-28,524.7700
1970-12-29,530.7000
1970-12-30,531.7500
1970-12-31,531.1200
1971-01-04,525.8300
1971-01-05,530.0600
1971-01-06,533.8700
1971-01-07,534.1800
1971-01-08,533.5500
1971-01-11,532.9200
1971-01-12,538.1000
1971-01-13,537.6700
1971-01-14,539.3700
1971-01-15,540.9500
1971-01-18,542.8600
1971-01-19,544.4400
1971-01-20,544.8600
1971-01-21,547.4000
1971-01-22,551.0000
1971-01-25,553.5300
1971-01-26,555.0200
1971-01-27,551.1000
1971-01-28,553.0100
1971-01-29,556.6000
1971-02-01,559.9800
1971-02-02,560.4100
1971-02-03,561.7800
1971-02-04,562.1000
1971-02-05,564.2100
1971-02-08,567.3900
1971-02-09,567.2800
1971-02-10,566.6500
1971-02-11,569.4000
1971-02-12,572.6700
1971-02-16,574.0500
1971-02-17,571.4000
1971-02-18,567.6000
1971-02-19,562.5200
1971-02-22,556.3900
1971-02-23,558.9300
1971-02-24,562.8400
1971-02-25,563.6900
1971-02-26,562.4200
1971-03-01,564.0000
1971-03-02,564.0000
1971-03-03,564.1100
1971-03-04,569.9200
1971-03-05,575.9500
1971-03-08,578.5900
1971-03-09,579.5500
1971-03-10,578.9100
1971-03-11,578.8100
1971-03-12,579.7600
1971-03-15,586.2100
1971-03-16,589.0600
1971-03-17,589.0600
1971-03-18,589.7000
1971-03-19,588.8500
1971-03-22,586.5200
1971-03-23,584.6200
1971-03-24,581.2400
1971-03-25,581.3400
1971-03-26,583.5600
1971-03-29,584.2000
1971-03-30,585.5700
1971-03-31,586.2100
1971-04-01,586.6300
1971-04-02,587.6900
1971-04-05,588.7500
1971-04-06,592.2300
1971-04-07,594.7700
1971-04-08,595.6200
1971-04-12,599.8500
1971-04-13,600.2700
1971-04-14,602.3900
1971-04-15,603.2300
1971-04-16,603.3400
1971-04-19,605.7700
1971-04-20,603.0200
1971-04-21,601.4300
1971-04-22,603.0200
1971-04-23,606.0900
1971-04-26,606.0900
1971-04-27,608.6200
1971-04-28,610.7400
1971-04-29,609.4700
1971-04-30,605.5600
1971-05-03,601.7500
1971-05-04,605.0300
1971-05-05,604.8200
1971-05-06,601.4300
1971-05-07,599.2100
1971-05-10,596.1500
1971-05-11,597.9400
1971-05-12,599.5300
1971-05-13,598.4700
1971-05-14,595.8300
1971-05-17,586.6300
1971-05-18,587.0500
1971-05-19,588.4300
1971-05-20,589.9100
1971-05-21,587.7900
1971-05-24,583.0400
1971-05-25,579.1200
1971-05-26,580.0700
1971-05-27,579.2300
1971-05-28,580.7100
1971-06-01,584.3000
1971-06-02,589.0600
1971-06-03,590.2300
1971-06-04,591.6000
1971-06-07,590.6500
1971-06-08,586.3100
1971-06-09,586.1000
1971-06-10,587.9000
1971-06-11,590.0100
1971-06-14,585.3600
1971-06-15,585.5700
1971-06-16,586.6300
1971-06-17,586.4200
1971-06-18,577.6400
1971-06-21,570.8800
1971-06-22,569.2900
1971-06-23,574.3700
1971-06-24,573.3100
1971-06-25,572.0400
1971-06-28,570.6600
1971-06-29,577.1100
1971-06-30,582.5100
1971-07-01,583.2500
1971-07-02,583.4600
1971-07-06,583.6700
1971-07-07,585.7800
1971-07-08,587.7900
1971-07-09,589.5900
1971-07-12,590.3300
1971-07-13,582.8200
1971-07-14,581.8700
1971-07-15,582.1900
1971-07-16,581.2400
1971-07-19,579.8600
1971-07-20,582.1900
1971-07-21,581.9800
1971-07-22,580.7100
1971-07-23,579.6500
1971-07-26,577.8500
1971-07-27,572.3600
1971-07-28,567.9200
1971-07-29,561.0400
1971-07-30,558.4000
1971-08-02,560.7200
1971-08-03,551.6300
1971-08-04,548.2500
1971-08-05,549.4100
1971-08-06,550.5700
1971-08-09,546.2400
1971-08-10,546.2400
1971-08-11,552.9000
1971-08-12,560.7200
1971-08-13,559.1400
1971-08-16,578.0700
1971-08-17,584.4100
1971-08-18,576.5900
1971-08-19,573.9400
1971-08-20,575.0000
1971-08-23,580.2900
1971-08-24,586.0000
1971-08-25,586.4200
1971-08-26,585.6800
1971-08-27,587.0500
1971-08-30,581.6600
1971-08-31,578.8100
1971-09-01,579.0200
1971-09-02,580.5000
1971-09-03,588.5300
1971-09-07,591.4900
1971-09-08,592.5500
1971-09-09,589.5900
1971-09-10,587.4800
1971-09-13,585.5700
1971-09-14,581.1300
1971-09-15,583.2500
1971-09-16,582.3000
1971-09-17,584.0900
1971-09-20,582.3000
1971-09-21,580.5000
1971-09-22,575.4200
1971-09-23,574.8900
1971-09-24,573.7300
1971-09-27,570.5600
1971-09-28,571.8300
1971-09-29,571.8300
1971-09-30,574.4700
1971-10-01,577.9600
1971-10-04,579.4400
1971-10-05,578.8100
1971-10-06,583.1400
1971-10-07,584.4100
1971-10-08,580.9200
1971-10-11,579.6500
1971-10-12,581.7700
1971-10-13,579.0200
1971-10-14,573.8400
1971-10-15,571.6200
1971-10-18,568.7600
1971-10-19,566.4300
1971-10-20,558.8200
1971-10-21,558.8200
1971-10-22,558.5000
1971-10-25,556.1800
1971-10-26,553.4300
1971-10-27,547.7200
1971-10-28,548.4600
1971-10-29,550.5700
1971-11-01,542.4300
1971-11-02,544.1200
1971-11-03,553.5300
1971-11-04,553.4300
1971-11-05,551.5300
1971-11-08,551.1000
1971-11-09,551.5300
1971-11-10,545.3900
1971-11-11,537.8900
1971-11-12,537.6700
1971-11-15,535.7700
1971-11-16,540.6300
1971-11-17,541.0600
1971-11-18,536.9300
1971-11-19,533.6600
1971-11-22,528.3700
1971-11-23,524.4600
1971-11-24,525.2000
1971-11-26,534.7100
1971-11-29,544.2300
1971-11-30,548.1400
1971-12-01,557.5500
1971-12-02,559.2400
1971-12-03,565.8000
1971-12-06,563.0500
1971-12-07,565.5900
1971-12-08,566.2200
1971-12-09,566.2200
1971-12-10,570.8800
1971-12-13,572.9900
1971-12-14,570.8800
1971-12-15,575.5300
1971-12-16,582.0800
1971-12-17,584.9400
1971-12-20,592.3400
1971-12-21,593.8200
1971-12-22,590.6500
1971-12-23,588.1100
1971-12-27,589.0600
1971-12-28,594.6700
1971-12-29,596.5700
1971-12-30,594.4600
1971-12-31,596.6800
1972-01-03,594.5600
1972-01-04,596.7800
1972-01-05,602.3900
1972-01-06,604.9200
1972-01-07,604.9200
1972-01-10,604.5000
1972-01-11,606.8300
1972-01-12,606.5100
1972-01-13,602.9100
1972-01-14,605.0300
1972-01-17,606.8300
1972-01-18,609.2600
1972-01-19,608.3100
1972-01-20,607.9900
1972-01-21,606.8300
1972-01-24,600.2700
1972-01-25,601.2200
1972-01-26,600.2700
1972-01-27,606.7200
1972-01-28,610.9500
1972-01-31,610.2100
1972-02-01,610.8400
1972-02-02,614.5500
1972-02-03,614.2300
1972-02-04,616.0300
1972-02-07,614.0200
1972-02-08,614.8600
1972-02-09,619.2000
1972-02-10,619.5100
1972-02-11,616.7700
1972-02-14,614.2300
1972-02-15,616.8700
1972-02-16,620.0400
1972-02-17,619.9400
1972-02-18,618.3500
1972-02-22,618.2500
1972-02-23,618.9900
1972-02-24,619.5100
1972-02-25,623.3200
1972-02-28,623.9600
1972-02-29,626.3900
1972-03-01,631.2500
1972-03-02,631.5700
1972-03-03,635.1600
1972-03-06,640.0300
1972-03-07,640.8700
1972-03-08,641.9300
1972-03-09,642.0400
1972-03-10,638.5500
1972-03-13,632.5200
1972-03-14,634.3200
1972-03-15,635.0600
1972-03-16,633.4700
1972-03-17,635.2700
1972-03-20,633.1500
1972-03-21,627.3400
1972-03-22,628.2900
1972-03-23,634.3200
1972-03-24,632.9400
1972-03-27,631.5700
1972-03-28,631.0400
1972-03-29,627.1300
1972-03-30,631.0400
1972-04-03,632.5200
1972-04-04,636.2200
1972-04-05,641.6100
1972-04-06,644.2600
1972-04-07,645.8400
1972-04-10,644.7900
1972-04-11,647.1100
1972-04-12,649.4400
1972-04-13,647.8500
1972-04-14,647.9600
1972-04-17,646.3700
1972-04-18,647.5400
1972-04-19,643.9400
1972-04-20,642.8800
1972-04-21,642.0400
1972-04-24,638.0200
1972-04-25,631.7800
1972-04-26,630.4100
1972-04-27,631.1500
1972-04-28,634.4200
1972-05-01,628.7100
1972-05-02,625.1200
1972-05-03,623.8500
1972-05-04,624.9100
1972-05-05,627.0200
1972-05-08,623.9600
1972-05-09,615.0700
1972-05-10,619.4100
1972-05-11,621.7400
1972-05-12,625.8600
1972-05-15,628.8200
1972-05-16,627.5500
1972-05-17,628.6100
1972-05-18,634.2100
1972-05-19,640.1300
1972-05-22,643.7300
1972-05-23,644.1500
1972-05-24,646.9000
1972-05-25,647.9600
1972-05-26,649.0200
1972-05-30,647.2200
1972-05-31,642.4600
1972-06-01,643.7300
1972-06-02,644.4700
1972-06-05,639.1800
1972-06-06,635.6900
1972-06-07,632.4100
1972-06-08,630.5100
1972-06-09,627.5500
1972-06-12,628.0800
1972-06-13,630.8300
1972-06-14,635.5900
1972-06-15,635.3800
1972-06-16,634.8500
1972-06-19,633.4700
1972-06-20,635.8000
1972-06-21,636.7500
1972-06-22,635.9000
1972-06-23,633.2600
1972-06-26,628.7100
1972-06-27,628.1900
1972-06-28,625.9600
1972-06-29,624.7000
1972-06-30,627.1300
1972-07-03,629.2400
1972-07-05,632.8400
1972-07-06,637.9100
1972-07-07,636.0100
1972-07-10,632.7300
1972-07-11,628.0800
1972-07-12,625.0100
1972-07-13,621.3100
1972-07-14,624.0600
1972-07-17,618.5600
1972-07-18,618.0300
1972-07-19,619.6200
1972-07-20,617.7200
1972-07-21,622.1600
1972-07-24,629.0300
1972-07-25,627.4500
1972-07-26,627.0200
1972-07-27,625.0100
1972-07-28,625.2200
1972-07-31,624.8000
1972-08-01,630.6200
1972-08-02,635.8000
1972-08-03,640.4500
1972-08-04,642.3500
1972-08-07,643.2000
1972-08-08,643.6200
1972-08-09,644.1500
1972-08-10,645.8400
1972-08-11,650.9200
1972-08-14,653.7700
1972-08-15,650.9200
1972-08-16,649.2300
1972-08-17,648.0600
1972-08-18,650.7100
1972-08-21,650.2800
1972-08-22,653.9900
1972-08-23,653.2500
1972-08-24,646.3700
1972-08-25,644.2600
1972-08-28,641.3000
1972-08-29,642.2500
1972-08-30,643.3100
1972-08-31,646.1600
1972-09-01,648.5900
1972-09-05,646.8000
1972-09-06,642.9900
1972-09-07,640.9800
1972-09-08,640.0300
1972-09-11,635.6900
1972-09-12,629.8800
1972-09-13,632.1000
1972-09-14,632.3100
1972-09-15,631.8900
1972-09-18,630.5100
1972-09-19,630.0900
1972-09-20,629.8800
1972-09-21,628.7100
1972-09-22,629.2400
1972-09-25,626.3900
1972-09-26,627.1300
1972-09-27,635.9000
1972-09-28,639.9200
1972-09-29,640.7700
1972-10-02,638.8600
1972-10-03,639.2900
1972-10-04,637.8100
1972-10-05,630.8300
1972-10-06,634.7400
1972-10-09,636.2200
1972-10-10,636.9600
1972-10-11,634.1100
1972-10-12,628.9300
1972-10-13,624.9100
1972-10-16,618.4600
1972-10-17,622.2600
1972-10-18,626.0700
1972-10-19,625.5400
1972-10-20,631.9900
1972-10-23,638.2300
1972-10-24,640.4500
1972-10-25,640.3500
1972-10-26,642.5700
1972-10-27,640.7700
1972-10-30,640.4500
1972-10-31,646.2700
1972-11-01,652.8200
1972-11-02,655.7800
1972-11-03,661.0700
1972-11-06,660.1200
1972-11-08,656.8400
1972-11-09,657.4700
1972-11-10,659.0600
1972-11-13,659.8000
1972-11-14,665.5100
1972-11-15,663.4000
1972-11-16,666.7800
1972-11-17,668.7900
1972-11-20,669.0000
1972-11-21,672.1700
1972-11-22,676.0800
1972-11-24,677.9900
1972-11-27,674.9200
1972-11-28,673.5500
1972-11-29,673.8600
1972-11-30,675.4500
1972-12-01,679.7900
1972-12-04,681.7900
1972-12-05,680.5300
1972-12-06,683.0600
1972-12-07,686.0200
1972-12-08,687.4000
1972-12-11,688.7700
1972-12-12,686.1300
1972-12-13,685.0700
1972-12-14,682.8500
1972-12-15,683.3800
1972-12-18,675.8700
1972-12-19,672.8100
1972-12-20,670.4800
1972-12-21,666.2500
1972-12-22,670.1600
1972-12-26,672.1700
1972-12-27,675.1300
1972-12-29,681.7900
1973-01-02,687.9300
1973-01-03,690.3600
1973-01-04,689.0900
1973-01-05,691.2000
1973-01-08,690.9900
1973-01-09,690.3600
1973-01-10,688.3500
1973-01-11,692.3700
1973-01-12,686.7600
1973-01-15,681.1600
1973-01-16,678.9400
1973-01-17,681.9000
1973-01-18,683.0600
1973-01-19,682.1100
1973-01-22,678.6200
1973-01-23,677.8800
1973-01-24,668.7900
1973-01-26,666.6700
1973-01-29,663.7100
1973-01-30,662.6600
1973-01-31,663.5000
1973-02-01,655.9900
1973-02-02,653.3500
1973-02-05,652.1900
1973-02-06,653.4600
1973-02-07,648.9100
1973-02-08,646.0500
1973-02-09,654.5100
1973-02-12,661.7000
1973-02-13,665.3000
1973-02-14,656.1000
1973-02-15,651.9800
1973-02-16,654.8300
1973-02-20,656.6300
1973-02-21,652.2900
1973-02-22,650.3900
1973-02-23,643.0900
1973-02-26,637.4900
1973-02-27,630.3000
1973-02-28,634.4200
1973-03-01,630.3000
1973-03-02,636.2200
1973-03-05,638.3400
1973-03-06,646.5800
1973-03-07,649.1200
1973-03-08,647.7500
1973-03-09,645.2100
1973-03-12,645.2100
1973-03-13,648.2800
1973-03-14,650.5000
1973-03-15,645.6300
1973-03-16,642.3500
1973-03-19,634.3200
1973-03-20,632.6300
1973-03-21,624.5900
1973-03-22,614.5500
1973-03-23,614.8600
1973-03-26,620.1500
1973-03-27,629.4500
1973-03-28,629.6700
1973-03-29,636.0100
1973-03-30,629.9800
1973-04-02,622.6900
1973-04-03,616.7700
1973-04-04,613.7000
1973-04-05,611.3700
1973-04-06,615.7100
1973-04-09,624.0600
1973-04-10,631.5700
1973-04-11,634.1100
1973-04-12,633.3700
1973-04-13,630.7200
1973-04-16,627.2300
1973-04-17,623.8500
1973-04-18,626.4900
1973-04-19,630.0900
1973-04-23,626.9200
1973-04-24,617.7200
1973-04-25,608.3100
1973-04-26,610.5300
1973-04-27,601.2200
1973-04-30,599.8500
1973-05-01,600.1600
1973-05-02,607.5700
1973-05-03,616.9800
1973-05-04,621.4200
1973-05-07,618.6700
1973-05-08,622.7900
1973-05-09,619.2000
1973-05-10,614.8600
1973-05-11,607.2500
1973-05-14,594.2400
1973-05-15,597.5200
1973-05-16,596.7800
1973-05-17,591.7100
1973-05-18,581.1300
1973-05-21,573.3100
1973-05-22,577.9600
1973-05-23,580.3900
1973-05-24,596.8900
1973-05-25,602.2800
1973-05-29,600.5900
1973-05-30,591.6000
1973-05-31,586.0000
1973-06-01,580.0700
1973-06-04,573.9400
1973-06-05,582.4000
1973-06-06,580.6000
1973-06-07,588.7500
1973-06-08,595.2000
1973-06-11,593.5000
1973-06-12,602.1700
1973-06-13,599.2100
1973-06-14,592.6600
1973-06-15,585.3600
1973-06-18,576.9000
1973-06-19,578.5900
1973-06-20,581.1300
1973-06-21,574.3700
1973-06-22,576.9000
1973-06-25,568.7600
1973-06-26,574.2600
1973-06-27,576.0600
1973-06-28,581.9800
1973-06-29,579.8600
1973-07-02,572.7800
1973-07-03,567.6000
1973-07-05,566.6500
1973-07-06,564.2100
1973-07-09,569.0800
1973-07-10,577.3300
1973-07-11,590.6500
1973-07-12,590.0100
1973-07-13,582.8200
1973-07-16,592.0200
1973-07-17,593.5000
1973-07-18,598.0500
1973-07-19,600.0600
1973-07-20,603.6500
1973-07-23,605.7700
1973-07-24,609.2600
1973-07-25,618.0300
1973-07-26,618.9900
1973-07-27,617.0800
1973-07-30,615.1800
1973-07-31,609.5800
1973-08-01,601.6500
1973-08-02,601.0100
1973-08-03,600.4800
1973-08-06,601.9600
1973-08-07,600.9100
1973-08-08,595.2000
1973-08-09,595.3000
1973-08-10,590.4400
1973-08-13,583.9900
1973-08-14,578.4900
1973-08-15,580.3900
1973-08-16,577.0100
1973-08-17,577.1100
1973-08-20,572.9900
1973-08-21,568.5500
1973-08-22,566.2200
1973-08-23,573.8400
1973-08-24,572.8800
1973-08-27,576.9000
1973-08-28,580.1800
1973-08-29,585.6800
1973-08-30,585.6800
1973-08-31,588.3200
1973-09-04,590.4400
1973-09-05,591.7100
1973-09-06,594.8800
1973-09-07,593.4000
1973-09-10,588.0100
1973-09-11,584.7300
1973-09-12,583.5600
1973-09-13,585.4700
1973-09-14,591.2800
1973-09-17,591.0700
1973-09-18,589.8000
1973-09-19,601.6500
1973-09-20,607.3600
1973-09-21,610.4200
1973-09-24,612.3200
1973-09-25,615.9200
1973-09-26,620.3600
1973-09-27,621.7400
1973-09-28,618.6700
1973-10-01,617.7200
1973-10-02,621.2100
1973-10-03,621.6300
1973-10-04,619.6200
1973-10-05,627.4500
1973-10-08,630.1900
1973-10-09,629.5600
1973-10-10,623.8500
1973-10-11,634.6400
1973-10-12,637.0700
1973-10-15,629.4500
1973-10-16,629.4500
1973-10-17,628.0800
1973-10-18,627.9700
1973-10-19,629.0300
1973-10-22,622.5800
1973-10-23,625.4400
1973-10-24,627.4500
1973-10-25,628.5000
1973-10-26,633.3700
1973-10-29,631.9900
1973-10-30,622.2600
1973-10-31,616.2400
1973-11-01,612.6400
1973-11-02,609.1500
1973-11-05,599.6400
1973-11-06,595.8300
1973-11-07,599.9500
1973-11-08,606.9300
1973-11-09,597.5200
1973-11-12,591.7100
1973-11-13,590.1200
1973-11-14,579.6500
1973-11-15,579.2300
1973-11-16,586.6300
1973-11-19,568.4400
1973-11-20,556.1800
1973-11-21,562.5200
1973-11-23,561.3600
1973-11-26,544.6500
1973-11-27,539.4700
1973-11-28,550.3600
1973-11-29,548.5700
1973-11-30,541.1600
1973-12-03,529.5300
1973-12-04,527.4200
1973-12-05,518.6400
1973-12-06,530.3800
1973-12-07,542.9600
1973-12-10,551.4200
1973-12-11,541.3800
1973-12-12,526.8900
1973-12-13,519.3800
1973-12-14,524.6700
1973-12-17,521.3900
1973-12-18,531.7500
1973-12-19,532.0700
1973-12-20,530.7000
1973-12-21,525.3000
1973-12-24,522.0300
1973-12-26,537.1500
1973-12-27,548.2500
1973-12-28,547.1900
1973-12-31,547.9300
1974-01-02,549.6200
1974-01-03,562.6300
1974-01-04,559.1400
1974-01-07,555.2300
1974-01-08,544.7600
1974-01-09,529.2200
1974-01-10,523.4000
1974-01-11,529.9600
1974-01-14,529.2200
1974-01-15,533.2300
1974-01-16,541.1600
1974-01-17,550.1500
1974-01-18,540.9500
1974-01-21,539.5800
1974-01-22,545.1800
1974-01-23,548.0400
1974-01-24,546.8700
1974-01-25,546.2400
1974-01-28,543.3800
1974-01-29,542.7500
1974-01-30,548.5700
1974-01-31,546.0300
1974-02-01,539.2600
1974-02-04,527.8400
1974-02-05,526.0400
1974-02-06,527.5200
1974-02-07,528.1600
1974-02-08,522.6600
1974-02-11,513.5700
1974-02-12,514.4100
1974-02-13,514.5200
1974-02-14,514.6200
1974-02-15,521.6000
1974-02-19,521.0700
1974-02-20,528.0500
1974-02-21,534.8200
1974-02-22,539.2600
1974-02-25,537.8900
1974-02-26,543.7000
1974-02-27,546.0300
1974-02-28,545.1800
1974-03-01,541.6900
1974-03-04,541.8000
1974-03-05,551.6300
1974-03-06,554.9100
1974-03-07,549.5200
1974-03-08,553.8500
1974-03-11,559.6700
1974-03-12,561.0400
1974-03-13,564.3200
1974-03-14,564.2100
1974-03-15,562.3100
1974-03-18,555.1200
1974-03-19,550.3600
1974-03-20,552.1600
1974-03-21,550.8900
1974-03-22,550.1500
1974-03-25,551.5300
1974-03-26,553.0100
1974-03-27,545.5000
1974-03-28,535.3500
1974-03-29,530.9100
1974-04-01,526.5700
1974-04-02,526.6800
1974-04-03,531.5400
1974-04-04,531.3300
1974-04-05,523.9300
1974-04-08,518.4300
1974-04-09,521.3900
1974-04-10,520.5400
1974-04-11,519.0600
1974-04-15,518.5400
1974-04-16,527.4200
1974-04-17,531.2200
1974-04-18,533.3400
1974-04-19,527.7300
1974-04-22,525.4100
1974-04-23,516.1000
1974-04-24,507.1200
1974-04-25,502.5700
1974-04-26,505.8500
1974-04-29,505.2100
1974-04-30,506.8000
1974-05-01,517.2700
1974-05-02,516.7400
1974-05-03,512.4000
1974-05-06,511.0300
1974-05-07,512.5100
1974-05-08,513.1400
1974-05-09,519.0600
1974-05-10,510.6100
1974-05-13,505.9500
1974-05-14,506.0600
1974-05-15,504.6800
1974-05-16,500.9800
1974-05-17,492.3100
1974-05-20,490.2000
1974-05-21,490.3000
1974-05-22,485.4400
1974-05-23,485.7600
1974-05-24,492.6300
1974-05-28,491.5700
1974-05-29,483.6400
1974-05-30,486.3900
1974-05-31,485.5500
1974-06-03,494.9600
1974-06-04,501.3000
1974-06-05,502.5700
1974-06-06,511.5600
1974-06-07,515.0500
1974-06-10,518.0100
1974-06-11,513.4600
1974-06-12,511.5600
1974-06-13,512.8300
1974-06-14,507.3300
1974-06-17,500.4500
1974-06-18,496.9700
1974-06-19,493.3700
1974-06-20,489.5600
1974-06-21,485.0200
1974-06-24,485.5500
1974-06-25,492.2100
1974-06-26,484.4900
1974-06-27,477.1900
1974-06-28,474.7600
1974-07-01,474.3400
1974-07-02,464.4000
1974-07-03,463.8700
1974-07-05,461.0100
1974-07-08,446.7400
1974-07-09,448.3300
1974-07-10,440.4000
1974-07-11,440.0800
1974-07-12,458.4800
1974-07-15,462.3900
1974-07-16,457.4200
1974-07-17,462.2800
1974-07-18,463.3400
1974-07-19,462.4900
1974-07-22,464.0800
1974-07-23,468.8400
1974-07-24,470.7400
1974-07-25,465.3500
1974-07-26,456.7900
1974-07-29,448.4300
1974-07-30,445.7900
1974-07-31,439.3400
1974-08-01,436.2700
1974-08-02,435.3200
1974-08-05,439.1300
1974-08-06,445.8900
1974-08-07,457.4200
1974-08-08,451.8200
1974-08-09,448.2200
1974-08-12,442.5100
1974-08-13,435.5300
1974-08-14,425.9100
1974-08-15,423.5800
1974-08-16,420.4100
1974-08-19,414.0700
1974-08-20,415.7600
1974-08-21,408.0400
1974-08-22,403.9200
1974-08-23,397.0400
1974-08-26,399.9000
1974-08-27,393.1300
1974-08-28,391.8600
1974-08-29,387.2100
1974-08-30,398.6300
1974-09-03,390.1700
1974-09-04,379.9100
1974-09-05,391.6500
1974-09-06,394.7200
1974-09-09,385.5200
1974-09-10,382.4500
1974-09-11,378.7500
1974-09-12,368.8100
1974-09-13,360.6700
1974-09-16,366.1700
1974-09-17,372.7200
1974-09-18,374.2000
1974-09-19,387.3200
1974-09-20,388.4800
1974-09-23,385.4100
1974-09-24,378.1200
1974-09-25,376.5300
1974-09-26,370.2900
1974-09-27,362.1500
1974-09-30,353.6900
1974-10-01,353.0600
1974-10-02,353.5900
1974-10-03,347.7700
1974-10-04,347.8800
1974-10-07,361.5200
1974-10-08,361.2000
1974-10-09,377.3800
1974-10-10,388.8000
1974-10-11,396.4100
1974-10-14,405.6100
1974-10-15,398.3100
1974-10-16,392.5000
1974-10-17,396.7300
1974-10-18,402.6500
1974-10-21,409.4100
1974-10-22,407.8300
1974-10-23,396.9400
1974-10-24,392.2900
1974-10-25,391.9700
1974-10-28,391.6500
1974-10-29,405.7100
1974-10-30,413.6400
1974-10-31,412.0600
1974-11-01,411.7400
1974-11-04,407.4100
1974-11-05,418.0900
1974-11-06,417.2400
1974-11-07,420.2000
1974-11-08,419.0400
1974-11-11,420.5200
1974-11-12,412.3800
1974-11-13,410.4700
1974-11-14,409.2000
1974-11-15,403.2800
1974-11-18,388.6900
1974-11-19,382.6600
1974-11-20,380.9700
1974-11-21,382.7700
1974-11-22,386.8900
1974-11-25,386.2600
1974-11-26,389.7500
1974-11-27,392.3900
1974-11-29,392.6000
1974-12-02,382.3500
1974-12-03,376.9500
1974-12-04,377.9100
1974-12-05,370.9300
1974-12-06,364.2700
1974-12-09,366.9100
1974-12-10,375.6800
1974-12-11,378.0100
1974-12-12,376.4200
1974-12-13,374.2000
1974-12-16,370.8200
1974-12-17,376.2100
1974-12-18,377.9100
1974-12-19,376.6400
1974-12-20,372.5100
1974-12-23,367.1200
1974-12-24,372.2000
1974-12-26,375.4700
1974-12-27,373.8900
1974-12-30,373.7800
1974-12-31,382.0300
1975-01-02,391.8600
1975-01-03,394.9300
1975-01-06,397.7800
1975-01-07,397.6800
1975-01-08,392.9200
1975-01-09,399.3700
1975-01-10,407.8300
1975-01-13,406.4500
1975-01-14,403.0700
1975-01-15,405.7100
1975-01-16,405.7100
1975-01-17,400.3200
1975-01-20,400.4300
1975-01-21,398.7400
1975-01-22,403.6000
1975-01-23,405.7100
1975-01-24,410.6800
1975-01-27,424.2200
1975-01-28,427.5000
1975-01-29,433.8400
1975-01-30,428.4500
1975-01-31,432.5700
1975-02-03,437.5400
1975-02-04,436.2700
1975-02-05,443.5700
1975-02-06,442.1900
1975-02-07,441.9800
1975-02-10,440.7100
1975-02-11,441.6600
1975-02-12,448.8500
1975-02-13,454.6700
1975-02-14,456.8900
1975-02-18,453.8200
1975-02-19,456.0500
1975-02-20,460.2700
1975-02-21,462.0700
1975-02-24,455.8300
1975-02-25,445.0500
1975-02-26,449.1700
1975-02-27,451.5000
1975-02-28,455.4100
1975-03-03,463.4500
1975-03-04,466.6200
1975-03-05,462.9200
1975-03-06,467.3600
1975-03-07,471.0600
1975-03-10,474.5500
1975-03-11,471.5900
1975-03-12,467.5700
1975-03-13,468.5200
1975-03-14,474.4400
1975-03-17,481.5300
1975-03-18,476.8800
1975-03-19,472.5400
1975-03-20,469.0500
1975-03-21,467.9900
1975-03-24,457.0000
1975-03-25,460.1700
1975-03-26,468.5200
1975-03-27,470.1100
1975-03-31,467.4600
1975-04-01,463.5500
1975-04-02,462.2800
1975-04-03,457.5300
1975-04-04,454.4600
1975-04-07,451.3900
1975-04-08,454.4600
1975-04-09,463.9800
1975-04-10,469.0500
1975-04-11,471.6900
1975-04-14,479.3100
1975-04-15,482.8000
1975-04-16,484.7000
1975-04-17,488.5100
1975-04-18,483.8500
1975-04-21,488.9300
1975-04-22,487.8700
1975-04-23,482.5900
1975-04-24,482.4800
1975-04-25,485.8600
1975-04-28,483.9600
1975-04-29,480.1500
1975-04-30,488.4000
1975-05-01,492.6300
1975-05-02,498.8700
1975-05-05,503.3100
1975-05-06,496.0100
1975-05-07,498.3400
1975-05-08,501.6200
1975-05-09,507.3300
1975-05-12,507.6400
1975-05-13,512.3000
1975-05-14,516.3200
1975-05-15,512.1900
1975-05-16,507.1200
1975-05-19,507.6400
1975-05-20,505.4200
1975-05-21,499.8200
1975-05-22,501.7200
1975-05-23,508.0700
1975-05-27,507.2200
1975-05-28,503.9400
1975-05-29,504.0500
1975-05-30,512.4000
1975-06-02,520.0200
1975-06-03,521.8100
1975-06-04,520.6500
1975-06-05,521.0700
1975-06-06,520.1200
1975-06-09,513.2500
1975-06-10,508.8100
1975-06-11,509.4400
1975-06-12,507.0100
1975-06-13,509.5500
1975-06-16,514.8300
1975-06-17,510.3900
1975-06-18,509.3400
1975-06-19,518.6400
1975-06-20,522.2400
1975-06-23,528.0500
1975-06-24,531.6500
1975-06-25,534.0800
1975-06-26,535.2400
1975-06-27,535.2400
1975-06-30,537.6700
1975-07-01,535.8800
1975-07-02,531.7500
1975-07-03,533.4400
1975-07-07,529.0000
1975-07-08,528.2600
1975-07-09,536.4100
1975-07-10,536.5100
1975-07-11,536.1900
1975-07-14,539.1500
1975-07-15,541.8000
1975-07-16,536.3000
1975-07-17,531.2200
1975-07-18,529.4300
1975-07-21,525.3000
1975-07-22,519.3800
1975-07-23,511.7700
1975-07-24,510.3900
1975-07-25,506.1600
1975-07-28,502.3600
1975-07-29,499.0800
1975-07-30,502.5700
1975-07-31,502.4600
1975-08-01,498.0200
1975-08-04,492.9500
1975-08-05,487.3400
1975-08-06,487.2400
1975-08-07,487.4500
1975-08-08,485.5500
1975-08-11,487.9800
1975-08-12,491.4700
1975-08-13,485.1200
1975-08-14,482.5900
1975-08-15,486.6000
1975-08-18,485.7600
1975-08-19,478.2500
1975-08-20,468.4200
1975-08-21,467.5700
1975-08-22,474.2300
1975-08-25,478.6700
1975-08-26,472.7500
1975-08-27,475.1800
1975-08-28,486.2900
1975-08-29,489.4600
1975-09-02,481.6300
1975-09-03,484.1700
1975-09-04,484.9100
1975-09-05,481.7400
1975-09-08,482.6900
1975-09-09,475.8200
1975-09-10,470.7400
1975-09-11,469.0500
1975-09-12,467.9900
1975-09-15,465.3500
1975-09-16,460.9100
1975-09-17,461.9700
1975-09-18,470.8500
1975-09-19,481.4200
1975-09-22,477.3000
1975-09-23,476.4500
1975-09-24,481.2100
1975-09-25,480.4700
1975-09-26,483.2200
1975-09-29,477.0900
1975-09-30,470.4300
1975-10-01,464.8200
1975-10-02,469.3700
1975-10-03,481.0000
1975-10-06,486.1800
1975-10-07,485.5500
1975-10-08,491.6800
1975-10-09,494.0000
1975-10-10,493.4800
1975-10-13,500.4500
1975-10-14,499.9300
1975-10-15,499.5000
1975-10-16,500.4500
1975-10-17,497.6000
1975-10-20,502.4600
1975-10-21,506.5900
1975-10-22,507.3300
1975-10-23,510.1800
1975-10-24,502.9900
1975-10-27,502.4600
1975-10-28,506.3800
1975-10-29,499.7100
1975-10-30,498.8700
1975-10-31,497.4900
1975-11-03,492.3100
1975-11-04,494.6400
1975-11-05,498.3400
1975-11-06,500.5600
1975-11-07,499.5000
1975-11-10,499.4000
1975-11-11,502.4600
1975-11-12,509.8700
1975-11-13,509.6500
1975-11-14,509.2300
1975-11-17,511.7700
1975-11-18,509.1300
1975-11-19,503.5200
1975-11-20,501.5100
1975-11-21,500.9800
1975-11-24,501.9300
1975-11-25,507.0100
1975-11-26,508.4900
1975-11-28,510.0800
1975-12-01,507.1200
1975-12-02,499.2900
1975-12-03,489.0400
1975-12-04,490.0900
1975-12-05,484.7000
1975-12-08,485.4400
1975-12-09,486.1800
1975-12-10,490.6200
1975-12-11,489.4600
1975-12-12,489.1400
1975-12-15,490.4100
1975-12-16,495.2700
1975-12-17,496.6500
1975-12-18,498.3400
1975-12-19,495.0600
1975-12-22,491.4700
1975-12-23,494.5300
1975-12-24,498.8700
1975-12-26,503.3100
1975-12-29,502.6800
1975-12-30,500.8800
1975-12-31,503.7300
1976-01-02,507.9600
1976-01-05,517.4800
1976-01-06,523.5100
1976-01-07,526.0400
1976-01-08,529.5300
1976-01-09,531.7500
1976-01-12,539.1500
1976-01-13,535.1400
1976-01-14,543.9100
1976-01-15,541.2700
1976-01-16,543.6000
1976-01-19,550.5700
1976-01-20,553.3200
1976-01-21,550.3600
1976-01-22,549.5200
1976-01-23,556.0700
1976-01-26,558.7200
1976-01-27,555.6500
1976-01-28,552.7900
1976-01-29,561.6800
1976-01-30,566.2200
1976-02-02,566.6500
1976-02-03,568.8700
1976-02-04,573.5200
1976-02-05,565.0600
1976-02-06,560.0900
1976-02-09,561.4700
1976-02-10,566.3300
1976-02-11,568.4400
1976-02-12,566.2200
1976-02-13,563.2600
1976-02-17,559.8800
1976-02-18,564.5300
1976-02-19,573.7300
1976-02-20,577.4300
1976-02-23,575.1100
1976-02-24,577.5400
1976-02-25,575.8500
1976-02-26,566.9600
1976-02-27,564.1100
1976-03-01,565.6900
1976-03-02,569.0800
1976-03-03,565.8000
1976-03-04,559.8800
1976-03-05,560.9400
1976-03-08,566.8600
1976-03-09,568.4400
1976-03-10,570.6600
1976-03-11,575.5300
1976-03-12,570.0300
1976-03-15,563.9000
1976-03-16,569.9200
1976-03-17,570.0300
1976-03-18,567.8100
1976-03-19,568.4400
1976-03-22,568.9700
1976-03-23,576.8000
1976-03-24,583.1400
1976-03-25,579.8600
1976-03-26,580.1800
1976-03-29,577.7500
1976-03-30,575.5300
1976-03-31,579.4400
1976-04-01,576.6900
1976-04-02,576.6900
1976-04-05,583.6700
1976-04-06,582.9300
1976-04-07,576.2700
1976-04-08,570.6600
1976-04-09,564.7400
1976-04-12,563.9000
1976-04-13,568.1300
1976-04-14,564.1100
1976-04-15,566.2200
1976-04-19,570.5600
1976-04-20,579.0200
1976-04-21,581.5600
1976-04-22,579.8600
1976-04-23,575.9500
1976-04-26,576.6900
1976-04-27,573.6200
1976-04-28,574.6800
1976-04-29,574.5800
1976-04-30,572.1400
1976-05-03,567.6000
1976-05-04,570.6600
1976-05-05,567.8100
1976-05-06,569.5000
1976-05-07,573.7300
1976-05-10,580.5000
1976-05-11,579.8600
1976-05-12,578.8100
1976-05-13,575.5300
1976-05-14,571.0900
1976-05-17,569.2900
1976-05-18,570.1400
1976-05-19,570.0300
1976-05-20,574.2600
1976-05-21,570.6600
1976-05-24,560.5100
1976-05-25,560.2000
1976-05-26,559.4600
1976-05-27,559.2400
1976-05-28,563.6900
1976-06-01,562.1000
1976-06-02,563.9000
1976-06-03,563.3700
1976-06-04,558.0800
1976-06-07,555.3300
1976-06-08,556.3900
1976-06-09,556.3900
1976-06-10,560.9400
1976-06-11,568.1300
1976-06-14,573.8400
1976-06-15,571.4000
1976-06-16,574.7900
1976-06-17,583.3500
1976-06-18,584.5200
1976-06-21,587.1600
1976-06-22,583.0400
1976-06-23,581.8700
1976-06-24,585.2600
1976-06-25,585.2600
1976-06-28,583.9900
1976-06-29,586.4200
1976-06-30,589.0600
1976-07-01,584.8300
1976-07-02,587.5800
1976-07-06,584.9400
1976-07-07,586.6300
1976-07-08,587.4800
1976-07-09,592.7600
1976-07-12,597.8400
1976-07-13,596.6800
1976-07-14,598.5800
1976-07-15,594.5600
1976-07-16,591.4900
1976-07-19,589.4900
1976-07-20,586.0000
1976-07-21,586.8400
1976-07-22,587.3700
1976-07-23,588.2200
1976-07-26,588.1100
1976-07-27,584.8300
1976-07-28,582.3000
1976-07-29,581.7700
1976-07-30,584.3000
1976-08-02,582.9300
1976-08-03,588.0100
1976-08-04,589.8000
1976-08-05,586.8400
1976-08-06,586.4200
1976-08-09,584.7300
1976-08-10,589.5900
1976-08-11,587.7900
1976-08-12,588.4300
1976-08-13,588.8500
1976-08-16,589.9100
1976-08-17,591.9200
1976-08-18,590.5400
1976-08-19,583.8800
1976-08-20,578.4900
1976-08-23,576.0600
1976-08-24,572.5700
1976-08-25,576.4800
1976-08-26,572.6700
1976-08-27,573.4100
1976-08-30,576.3700
1976-08-31,580.7100
1976-09-01,586.8400
1976-09-02,586.3100
1976-09-03,588.4300
1976-09-07,592.4500
1976-09-08,592.2300
1976-09-09,589.1700
1976-09-10,590.6500
1976-09-13,588.9600
1976-09-14,587.2600
1976-09-15,588.6400
1976-09-16,594.3500
1976-09-17,599.4200
1976-09-20,599.9500
1976-09-21,608.1000
1976-09-22,606.4000
1976-09-23,603.5500
1976-09-24,602.9100
1976-09-27,605.4500
1976-09-28,598.3700
1976-09-29,595.3000
1976-09-30,594.5600
1976-10-01,588.9600
1976-10-04,588.1100
1976-10-05,583.6700
1976-10-06,581.9800
1976-10-07,585.0400
1976-10-08,579.9700
1976-10-11,574.3700
1976-10-12,569.6100
1976-10-13,576.4800
1976-10-14,569.7100
1976-10-15,569.9200
1976-10-18,573.2000
1976-10-19,572.8800
1976-10-20,574.4700
1976-10-21,569.4000
1976-10-22,564.8500
1976-10-25,565.2700
1976-10-26,570.6600
1976-10-27,574.3700
1976-10-28,573.5200
1976-10-29,580.3900
1976-11-01,581.5600
1976-11-03,575.0000
1976-11-04,578.3800
1976-11-05,570.3500
1976-11-08,563.4700
1976-11-09,561.8900
1976-11-10,559.3500
1976-11-11,563.4700
1976-11-12,561.4700
1976-11-15,564.8500
1976-11-16,565.9100
1976-11-17,569.4000
1976-11-18,576.8000
1976-11-19,577.4300
1976-11-22,581.2400
1976-11-23,578.2800
1976-11-24,581.1300
1976-11-26,585.0400
1976-11-29,581.4500
1976-11-30,579.4400
1976-12-01,581.8700
1976-12-02,580.1800
1976-12-03,583.6700
1976-12-06,588.3200
1976-12-07,588.2200
1976-12-08,591.3900
1976-12-09,594.3500
1976-12-10,595.6200
1976-12-13,595.8300
1976-12-14,598.3700
1976-12-15,598.7900
1976-12-16,596.8900
1976-12-17,594.6700
1976-12-20,591.0700
1976-12-21,593.9300
1976-12-22,596.7800
1976-12-23,597.3100
1976-12-27,603.8700
1976-12-28,607.6700
1976-12-29,605.6600
1976-12-30,608.6200
1976-12-31,612.0100
1977-01-03,610.0000
1977-01-04,603.4400
1977-01-05,598.3700
1977-01-06,600.0600
1977-01-07,600.4800
1977-01-10,601.4300
1977-01-11,595.7200
1977-01-12,591.6000
1977-01-13,596.2500
1977-01-14,595.9400
1977-01-17,594.5600
1977-01-18,592.5500
1977-01-19,595.9400
1977-01-20,591.3900
1977-01-21,593.7100
1977-01-24,593.6100
1977-01-25,593.6100
1977-01-26,589.4900
1977-01-27,586.2100
1977-01-28,586.7400
1977-01-31,586.6300
1977-02-01,589.4900
1977-02-02,588.7500
1977-02-03,586.0000
1977-02-04,586.4200
1977-02-07,586.6300
1977-02-08,585.0400
1977-02-09,580.0700
1977-02-10,580.3900
1977-02-11,577.0100
1977-02-14,579.4400
1977-02-15,581.0300
1977-02-16,583.5600
1977-02-17,580.2900
1977-02-18,578.1700
1977-02-22,577.8500
1977-02-23,576.2700
1977-02-24,572.7800
1977-02-25,571.9300
1977-02-28,573.4100
1977-03-01,578.1700
1977-03-02,576.9000
1977-03-03,579.3300
1977-03-04,581.3400
1977-03-07,581.7700
1977-03-08,579.7600
1977-03-09,575.4200
1977-03-10,578.3800
1977-03-11,578.5900
1977-03-14,582.6100
1977-03-15,585.4700
1977-03-16,586.8400
1977-03-17,586.3100
1977-03-18,585.3600
1977-03-21,582.5100
1977-03-22,580.8200
1977-03-23,576.4800
1977-03-24,573.6200
1977-03-25,570.1400
1977-03-28,569.4000
1977-03-29,572.9900
1977-03-30,566.8600
1977-03-31,566.0100
1977-04-01,570.3500
1977-04-04,565.1700
1977-04-05,563.5800
1977-04-06,563.1600
1977-04-07,565.2700
1977-04-11,568.1300
1977-04-12,575.3200
1977-04-13,575.7400
1977-04-14,580.7100
1977-04-15,580.9200
1977-04-18,578.3800
1977-04-19,576.2700
1977-04-20,578.3800
1977-04-21,574.5800
1977-04-22,567.7000
1977-04-25,560.4100
1977-04-26,559.9800
1977-04-27,564.8500
1977-04-28,566.1200
1977-04-29,567.3900
1977-05-02,570.2400
1977-05-03,573.2000
1977-05-04,576.1600
1977-05-05,577.3300
1977-05-06,574.2600
1977-05-09,572.5700
1977-05-10,574.1500
1977-05-11,570.7700
1977-05-12,570.5600
1977-05-13,572.3600
1977-05-16,574.6800
1977-05-17,576.1600
1977-05-18,579.1200
1977-05-19,577.2200
1977-05-20,575.2100
1977-05-23,568.1300
1977-05-24,565.0600
1977-05-25,559.8800
1977-05-26,560.9400
1977-05-27,557.0200
1977-05-31,555.7600
1977-06-01,560.0900
1977-06-02,559.1400
1977-06-03,564.2100
1977-06-06,561.6800
1977-06-07,564.3200
1977-06-08,567.2800
1977-06-09,566.9600
1977-06-10,568.8700
1977-06-13,570.3500
1977-06-14,576.4800
1977-06-15,575.4200
1977-06-16,576.9000
1977-06-17,577.7500
1977-06-20,580.5000
1977-06-21,582.5100
1977-06-22,581.4500
1977-06-23,582.7200
1977-06-24,586.0000
1977-06-27,585.1500
1977-06-28,580.9200
1977-06-29,580.5000
1977-06-30,582.6100
1977-07-01,580.7100
1977-07-05,580.7100
1977-07-06,578.0700
1977-07-07,579.8600
1977-07-08,579.5500
1977-07-11,577.8500
1977-07-12,577.3300
1977-07-13,578.3800
1977-07-15,581.4500
1977-07-18,585.4700
1977-07-19,589.5900
1977-07-20,589.2700
1977-07-21,588.3200
1977-07-22,589.0600
1977-07-25,584.6200
1977-07-26,581.2400
1977-07-27,571.8300
1977-07-28,572.3600
1977-07-29,572.2500
1977-08-01,573.8400
1977-08-02,570.2400
1977-08-03,569.0800
1977-08-04,571.1900
1977-08-05,571.4000
1977-08-08,567.3900
1977-08-09,567.4900
1977-08-10,571.9300
1977-08-11,568.5500
1977-08-12,566.8600
1977-08-15,568.1300
1977-08-16,566.0100
1977-08-17,565.8000
1977-08-18,565.4800
1977-08-19,564.4300
1977-08-22,565.5900
1977-08-23,564.8500
1977-08-24,562.7300
1977-08-25,556.9200
1977-08-26,556.1800
1977-08-29,560.8300
1977-08-30,557.9800
1977-08-31,559.6700
1977-09-01,560.3000
1977-09-02,563.9000
1977-09-06,565.0600
1977-09-07,566.6500
1977-09-08,562.7300
1977-09-09,557.6600
1977-09-12,555.5400
1977-09-13,555.7600
1977-09-14,558.1900
1977-09-15,559.7700
1977-09-16,558.1900
1977-09-19,554.9100
1977-09-20,555.0200
1977-09-21,550.6800
1977-09-22,550.6800
1977-09-23,550.5700
1977-09-26,551.9500
1977-09-27,551.1000
1977-09-28,551.3100
1977-09-29,554.4900
1977-09-30,558.4000
1977-10-03,559.7700
1977-10-04,556.1800
1977-10-05,554.3800
1977-10-06,556.2800
1977-10-07,556.0700
1977-10-10,555.1200
1977-10-11,550.7900
1977-10-12,545.2900
1977-10-13,541.5900
1977-10-14,541.8000
1977-10-17,541.2700
1977-10-18,541.2700
1977-10-19,535.5600
1977-10-20,536.9300
1977-10-21,535.1400
1977-10-24,531.2200
1977-10-25,527.2100
1977-10-26,533.0200
1977-10-27,534.9300
1977-10-28,536.8300
1977-10-31,535.5600
1977-11-01,530.0600
1977-11-02,526.3600
1977-11-03,526.5700
1977-11-04,531.5400
1977-11-07,535.7700
1977-11-08,536.9300
1977-11-09,539.6800
1977-11-10,549.9400
1977-11-11,557.2400
1977-11-14,553.7500
1977-11-15,557.4500
1977-11-16,555.4400
1977-11-17,554.0600
1977-11-18,555.2300
1977-11-21,555.0200
1977-11-22,559.7700
1977-11-23,562.4200
1977-11-25,563.9000
1977-11-28,560.6200
1977-11-29,552.3700
1977-11-30,553.6400
1977-12-01,553.4300
1977-12-02,553.4300
1977-12-05,551.1000
1977-12-06,542.7500
1977-12-07,542.2200
1977-12-08,543.1700
1977-12-09,546.8700
1977-12-12,546.9800
1977-12-13,546.5600
1977-12-14,548.7800
1977-12-15,546.4500
1977-12-16,545.7100
1977-12-19,541.8000
1977-12-20,540.4200
1977-12-21,543.6000
1977-12-22,547.8200
1977-12-23,552.5800
1977-12-27,552.4800
1977-12-28,553.1100
1977-12-29,554.3800
1977-12-30,555.1200
1978-01-03,547.9300
1978-01-04,545.9200
1978-01-05,541.9000
1978-01-06,535.4500
1978-01-09,529.2200
1978-01-10,526.2500
1978-01-11,523.6100
1978-01-12,524.4600
1978-01-13,524.1400
1978-01-16,522.3400
1978-01-17,525.2000
1978-01-18,529.1100
1978-01-19,526.7800
1978-01-20,525.8300
1978-01-23,522.1300
1978-01-24,522.3400
1978-01-25,523.0800
1978-01-26,518.8500
1978-01-27,518.7500
1978-01-30,522.8700
1978-01-31,522.4500
1978-02-01,526.4700
1978-02-02,527.8400
1978-02-03,525.7300
1978-02-06,524.8800
1978-02-07,529.5300
1978-02-08,532.3900
1978-02-09,529.8500
1978-02-10,528.7900
1978-02-13,527.6300
1978-02-14,523.0800
1978-02-15,521.7100
1978-02-16,517.4800
1978-02-17,517.0600
1978-02-21,514.8300
1978-02-22,514.8300
1978-02-23,515.2600
1978-02-24,520.1200
1978-02-27,516.1000
1978-02-28,512.0900
1978-03-01,512.7200
1978-03-02,513.8800
1978-03-03,514.6200
1978-03-06,511.4500
1978-03-07,514.0900
1978-03-08,516.7400
1978-03-09,517.4800
1978-03-10,523.1900
1978-03-13,523.8200
1978-03-14,526.0400
1978-03-15,524.9900
1978-03-16,527.4200
1978-03-17,531.3300
1978-03-20,534.7100
1978-03-21,529.2200
1978-03-22,527.5200
1978-03-23,527.2100
1978-03-27,524.7700
1978-03-28,528.2600
1978-03-29,529.4300
1978-03-30,528.1600
1978-03-31,527.1000
1978-04-03,522.7700
1978-04-04,525.0900
1978-04-05,529.6400
1978-04-06,530.7000
1978-04-07,533.0200
1978-04-10,534.8200
1978-04-11,533.6600
1978-04-12,533.2300
1978-04-13,538.3100
1978-04-14,549.2000
1978-04-17,557.1300
1978-04-18,551.5300
1978-04-19,553.5300
1978-04-20,557.5500
1978-04-21,556.7100
1978-04-24,564.2100
1978-04-25,568.9700
1978-04-26,569.7100
1978-04-27,564.6400
1978-04-28,569.9200
1978-05-01,574.7900
1978-05-02,572.8800
1978-05-03,568.0200
1978-05-04,566.7500
1978-05-05,570.6600
1978-05-08,569.0800
1978-05-09,567.6000
1978-05-10,568.0200
1978-05-11,575.0000
1978-05-12,579.9700
1978-05-15,583.4600
1978-05-16,587.1600
1978-05-17,588.7500
1978-05-18,583.6700
1978-05-19,581.0300
1978-05-22,586.1000
1978-05-23,580.5000
1978-05-24,574.7900
1978-05-25,573.5200
1978-05-26,572.4600
1978-05-30,574.1500
1978-05-31,576.4800
1978-06-01,577.2200
1978-06-02,581.8700
1978-06-05,591.8100
1978-06-06,594.1400
1978-06-07,593.2900
1978-06-08,594.2400
1978-06-09,592.9700
1978-06-12,590.9700
1978-06-13,591.1800
1978-06-14,590.8600
1978-06-15,584.8300
1978-06-16,579.4400
1978-06-19,579.0200
1978-06-20,573.3100
1978-06-21,570.0300
1978-06-22,571.7200
1978-06-23,569.9200
1978-06-26,562.4200
1978-06-27,564.1100
1978-06-28,566.5400
1978-06-29,567.7000
1978-06-30,567.3900
1978-07-03,565.2700
1978-07-05,560.4100
1978-07-06,560.4100
1978-07-07,564.0000
1978-07-10,566.2200
1978-07-11,569.9200
1978-07-12,571.9300
1978-07-13,572.2500
1978-07-14,579.6500
1978-07-17,580.7100
1978-07-18,575.7400
1978-07-19,582.6100
1978-07-20,582.3000
1978-07-21,580.6000
1978-07-24,580.2900
1978-07-25,584.4100
1978-07-26,588.0100
1978-07-27,591.0700
1978-07-28,594.0300
1978-07-31,598.3700
1978-08-01,598.5800
1978-08-02,611.3700
1978-08-03,614.5500
1978-08-04,616.8700
1978-08-07,615.3900
1978-08-08,618.2500
1978-08-09,621.2100
1978-08-10,616.8700
1978-08-11,618.8800
1978-08-14,619.2000
1978-08-15,618.3500
1978-08-16,623.1100
1978-08-17,626.0700
1978-08-18,624.4800
1978-08-21,619.2000
1978-08-22,621.3100
1978-08-23,625.1200
1978-08-24,626.6000
1978-08-25,626.1800
1978-08-28,620.6800
1978-08-29,617.2900
1978-08-30,618.3500
1978-08-31,616.9800
1978-09-01,618.9900
1978-09-05,622.9000
1978-09-06,628.5000
1978-09-07,629.1400
1978-09-08,636.9600
1978-09-11,638.4400
1978-09-12,638.4400
1978-09-13,635.0600
1978-09-14,627.7600
1978-09-15,621.8400
1978-09-18,615.8100
1978-09-19,611.5800
1978-09-20,606.0900
1978-09-21,606.5100
1978-09-22,606.6100
1978-09-25,606.7200
1978-09-26,611.2700
1978-09-27,605.9800
1978-09-28,607.6700
1978-09-29,610.9500
1978-10-02,613.0600
1978-10-03,611.1600
1978-10-04,613.5900
1978-10-05,615.2900
1978-10-06,616.8700
1978-10-09,622.7900
1978-10-10,622.1600
1978-10-11,626.9200
1978-10-12,624.4800
1978-10-13,623.1100
1978-10-16,611.1600
1978-10-17,601.5400
1978-10-18,596.3600
1978-10-19,589.0600
1978-10-20,579.0200
1978-10-23,579.3300
1978-10-24,575.8500
1978-10-25,574.5800
1978-10-26,565.4800
1978-10-27,555.3300
1978-10-30,556.7100
1978-10-31,546.3400
1978-11-01,568.7600
1978-11-02,562.5200
1978-11-03,565.5900
1978-11-06,560.7200
1978-11-07,552.1600
1978-11-08,555.0200
1978-11-09,555.3300
1978-11-10,557.4500
1978-11-13,548.0400
1978-11-14,543.0700
1978-11-15,544.7600
1978-11-16,550.7900
1978-11-17,555.5400
1978-11-20,560.8300
1978-11-21,559.9800
1978-11-22,562.9500
1978-11-24,565.0600
1978-11-27,566.3300
1978-11-28,561.7800
1978-11-29,553.8500
1978-11-30,559.2400
1978-12-01,568.5500
1978-12-04,568.1300
1978-12-05,575.6300
1978-12-06,576.3700
1978-12-07,574.1500
1978-12-08,571.6200
1978-12-11,574.2600
1978-12-12,571.3000
1978-12-13,568.0200
1978-12-14,567.8100
1978-12-15,563.6900
1978-12-18,551.9500
1978-12-19,555.9700
1978-12-20,558.6100
1978-12-21,559.2400
1978-12-22,568.5500
1978-12-26,574.7900
1978-12-27,569.9200
1978-12-28,567.6000
1978-12-29,566.9600
1979-01-02,570.2400
1979-01-03,577.0100
1979-01-04,582.0800
1979-01-05,585.8900
1979-01-08,584.0900
1979-01-09,587.1600
1979-01-10,583.9900
1979-01-11,586.0000
1979-01-12,591.1800
1979-01-15,595.4100
1979-01-16,588.5300
1979-01-17,588.3200
1979-01-18,590.1200
1979-01-19,590.5400
1979-01-22,591.2800
1979-01-23,594.9800
1979-01-24,592.8700
1979-01-25,598.6800
1979-01-26,602.6000
1979-01-29,601.1200
1979-01-30,598.4700
1979-01-31,592.0200
1979-02-01,592.1300
1979-02-02,589.9100
1979-02-05,581.6600
1979-02-06,581.4500
1979-02-07,575.9500
1979-02-08,578.8100
1979-02-09,580.1800
1979-02-12,581.9800
1979-02-13,586.4200
1979-02-14,586.0000
1979-02-15,585.5700
1979-02-16,585.4700
1979-02-20,589.3800
1979-02-21,587.6900
1979-02-22,583.6700
1979-02-23,580.2900
1979-02-26,579.2300
1979-02-27,569.7100
1979-02-28,570.2400
1979-03-01,574.1500
1979-03-02,574.8900
1979-03-05,581.1300
1979-03-06,580.2900
1979-03-07,583.8800
1979-03-08,590.1200
1979-03-09,590.1200
1979-03-12,590.7500
1979-03-13,592.0200
1979-03-14,591.6000
1979-03-15,592.9700
1979-03-16,597.9400
1979-03-19,599.9500
1979-03-20,596.8900
1979-03-21,600.9100
1979-03-22,603.6500
1979-03-23,603.5500
1979-03-26,600.1600
1979-03-27,608.3100
1979-03-28,606.4000
1979-03-29,606.3000
1979-03-30,604.0800
1979-04-02,599.8500
1979-04-03,608.5200
1979-04-04,610.2100
1979-04-05,613.9100
1979-04-06,613.7000
1979-04-09,612.0100
1979-04-10,615.1800
1979-04-11,609.5800
1979-04-12,608.3100
1979-04-16,603.2300
1979-04-17,603.2300
1979-04-18,606.1900
1979-04-19,603.6500
1979-04-20,603.6500
1979-04-23,605.7700
1979-04-24,609.2600
1979-04-25,611.1600
1979-04-26,608.2000
1979-04-27,606.9300
1979-04-30,606.5100
1979-05-01,606.3000
1979-05-02,606.5100
1979-05-03,606.7200
1979-05-04,600.1600
1979-05-07,589.4900
1979-05-08,589.9100
1979-05-09,591.7100
1979-05-10,586.3100
1979-05-11,586.6300
1979-05-14,583.8800
1979-05-15,584.3000
1979-05-16,585.5700
1979-05-17,594.5600
1979-05-18,594.8800
1979-05-21,596.4600
1979-05-22,599.0000
1979-05-23,596.1500
1979-05-24,596.6800
1979-05-25,598.5800
1979-05-29,597.7300
1979-05-30,592.2300
1979-05-31,592.0200
1979-06-01,592.4500
1979-06-04,593.5000
1979-06-05,600.6900
1979-06-06,605.1300
1979-06-07,608.3100
1979-06-08,607.1400
1979-06-11,609.2600
1979-06-12,615.1800
1979-06-13,612.7500
1979-06-14,611.9000
1979-06-15,611.6900
1979-06-18,608.6200
1979-06-19,608.8400
1979-06-20,609.5800
1979-06-21,612.3200
1979-06-22,615.5000
1979-06-25,612.2200
1979-06-26,609.7900
1979-06-27,613.3800
1979-06-28,616.7700
1979-06-29,617.2900
1979-07-02,611.8000
1979-07-03,612.6400
1979-07-05,614.9700
1979-07-06,621.9500
1979-07-09,627.2300
1979-07-10,625.5400
1979-07-11,622.3700
1979-07-12,617.2900
1979-07-13,615.0700
1979-07-16,617.8200
1979-07-17,612.0100
1979-07-18,610.7400
1979-07-19,610.7400
1979-07-20,612.1100
1979-07-23,610.8400
1979-07-24,613.0600
1979-07-25,619.8300
1979-07-26,620.2600
1979-07-27,621.0000
1979-07-30,621.6300
1979-07-31,625.3300
1979-08-01,627.6600
1979-08-02,627.5500
1979-08-03,627.3400
1979-08-06,628.6100
1979-08-07,636.3300
1979-08-08,638.2300
1979-08-09,635.9000
1979-08-10,641.1900
1979-08-13,646.9000
1979-08-14,647.7500
1979-08-15,652.1900
1979-08-16,650.9200
1979-08-17,652.4000
1979-08-20,655.7800
1979-08-21,656.3100
1979-08-22,656.9500
1979-08-23,655.1500
1979-08-24,654.9400
1979-08-27,657.9000
1979-08-28,657.2600
1979-08-29,657.4700
1979-08-30,657.6900
1979-08-31,659.8000
1979-09-04,648.7000
1979-09-05,641.4000
1979-09-06,644.3600
1979-09-07,649.1200
1979-09-10,652.2900
1979-09-11,648.0600
1979-09-12,650.0700
1979-09-13,650.6000
1979-09-14,656.4200
1979-09-17,656.4200
1979-09-18,651.5500
1979-09-19,653.0300
1979-09-20,664.5600
1979-09-21,664.8800
1979-09-24,659.4800
1979-09-25,659.8000
1979-09-26,661.6000
1979-09-27,662.7600
1979-09-28,658.1100
1979-10-01,653.8800
1979-10-02,659.3800
1979-10-03,660.2200
1979-10-04,663.7100
1979-10-05,670.2700
1979-10-08,661.7000
1979-10-09,640.0300
1979-10-10,629.4500
1979-10-11,629.2400
1979-10-12,626.9200
1979-10-15,619.6200
1979-10-16,618.5600
1979-10-17,620.1500
1979-10-18,621.7400
1979-10-19,609.2600
1979-10-22,601.6500
1979-10-23,599.5300
1979-10-24,600.9100
1979-10-25,598.5800
1979-10-26,602.2800
1979-10-29,603.2300
1979-10-30,614.4400
1979-10-31,610.2100
1979-11-01,615.0700
1979-11-02,615.2900
1979-11-05,611.2700
1979-11-06,607.7800
1979-11-07,600.0600
1979-11-08,602.9100
1979-11-09,610.5300
1979-11-12,621.9500
1979-11-13,619.5100
1979-11-14,622.2600
1979-11-15,626.7100
1979-11-16,625.0100
1979-11-19,627.6600
1979-11-20,624.8000
1979-11-21,625.7500
1979-11-23,630.8300
1979-11-26,644.0500
1979-11-27,642.5700
1979-11-28,645.0000
1979-11-29,645.3100
1979-11-30,641.9300
1979-12-03,640.1300
1979-12-04,645.6300
1979-12-05,648.7000
1979-12-06,653.4600
1979-12-07,650.9200
1979-12-10,651.9800
1979-12-11,650.8100
1979-12-12,651.1300
1979-12-13,652.1900
1979-12-14,659.2700
1979-12-17,662.0200
1979-12-18,656.2100
1979-12-19,655.5700
1979-12-20,656.4200
1979-12-21,652.7200
1979-12-24,652.8200
1979-12-26,653.6700
1979-12-27,654.6200
1979-12-28,654.3000
1979-12-31,655.0400
1980-01-02,641.7200
1980-01-03,638.0200
1980-01-04,646.8000
1980-01-07,649.2300
1980-01-08,661.8100
1980-01-09,663.1800
1980-01-10,668.7900
1980-01-11,669.6300
1980-01-14,672.2800
1980-01-15,676.1900
1980-01-16,676.1900
1980-01-17,674.6000
1980-01-18,676.0800
1980-01-21,682.1100
1980-01-22,678.0900
1980-01-23,688.6700
1980-01-24,690.6800
1980-01-25,690.1500
1980-01-28,697.4400
1980-01-29,692.4700
1980-01-30,699.3500
1980-01-31,693.7400
1980-02-01,698.7100
1980-02-04,694.5900
1980-02-05,696.0700
1980-02-06,701.9900
1980-02-07,705.1600
1980-02-08,714.4700
1980-02-11,709.6000
1980-02-12,713.8300
1980-02-13,716.5800
1980-02-14,706.5400
1980-02-15,699.3500
1980-02-19,693.8500
1980-02-20,704.3200
1980-02-21,698.1800
1980-02-22,695.7500
1980-02-25,685.0700
1980-02-26,688.7700
1980-02-27,679.8900
1980-02-28,679.5700
1980-02-29,686.7600
1980-03-03,680.4200
1980-03-04,680.5300
1980-03-05,670.1600
1980-03-06,654.9400
1980-03-07,644.5700
1980-03-10,640.6600
1980-03-11,648.4900
1980-03-12,643.5200
1980-03-13,636.5400
1980-03-14,635.1600
1980-03-17,615.6000
1980-03-18,624.8000
1980-03-19,627.1300
1980-03-20,620.2600
1980-03-21,615.8100
1980-03-24,597.1000
1980-03-25,594.6700
1980-03-26,591.9200
1980-03-27,584.7300
1980-03-28,600.8000
1980-03-31,609.5800
1980-04-01,611.4800
1980-04-02,615.3900
1980-04-03,612.7500
1980-04-07,600.9100
1980-04-08,606.7200
1980-04-09,617.6100
1980-04-10,624.3800
1980-04-11,623.8500
1980-04-14,617.7200
1980-04-15,616.4500
1980-04-16,610.2100
1980-04-17,607.4600
1980-04-18,604.9200
1980-04-21,599.8500
1980-04-22,621.1000
1980-04-23,623.3200
1980-04-24,627.8700
1980-04-25,631.5700
1980-04-28,634.5300
1980-04-29,636.2200
1980-04-30,638.2300
1980-05-01,633.7900
1980-05-02,634.9500
1980-05-05,639.7100
1980-05-06,639.6000
1980-05-07,645.2100
1980-05-08,639.9200
1980-05-09,632.2000
1980-05-12,632.1000
1980-05-13,640.1300
1980-05-14,643.9400
1980-05-15,645.4200
1980-05-16,647.4300
1980-05-19,649.1200
1980-05-20,648.7000
1980-05-21,649.4400
1980-05-22,657.5800
1980-05-23,666.6700
1980-05-27,671.4300
1980-05-28,675.4500
1980-05-29,665.8300
1980-05-30,670.8000
1980-06-02,668.4700
1980-06-03,667.3100
1980-06-04,679.2600
1980-06-05,680.7400
1980-06-06,683.8000
1980-06-09,686.6600
1980-06-10,691.8400
1980-06-11,699.6600
1980-06-12,697.0200
1980-06-13,699.2400
1980-06-16,700.6200
1980-06-17,700.5100
1980-06-18,701.6700
1980-06-19,692.9000
1980-06-20,689.4100
1980-06-23,692.1600
1980-06-24,696.1700
1980-06-25,705.4800
1980-06-26,702.5200
1980-06-27,701.4600
1980-06-30,690.8900
1980-07-01,695.0100
1980-07-02,699.5600
1980-07-03,709.1800
1980-07-07,714.5700
1980-07-08,712.3500
1980-07-09,713.3000
1980-07-10,707.9100
1980-07-11,713.0900
1980-07-14,726.2000
1980-07-15,722.7100
1980-07-16,724.7200
1980-07-17,735.1900
1980-07-18,738.4700
1980-07-21,741.2200
1980-07-22,739.5300
1980-07-23,737.6200
1980-07-24,736.7800
1980-07-25,730.6400
1980-07-28,734.1300
1980-07-29,740.0600
1980-07-30,739.6300
1980-07-31,736.3500
1980-08-01,734.2400
1980-08-04,731.7000
1980-08-05,731.2800
1980-08-06,736.2500
1980-08-07,746.5100
1980-08-08,748.7300
1980-08-11,755.4900
1980-08-12,749.8900
1980-08-13,747.3500
1980-08-14,759.3000
1980-08-15,762.0500
1980-08-18,748.0900
1980-08-19,743.5400
1980-08-20,750.8400
1980-08-21,762.0500
1980-08-22,766.2800
1980-08-25,761.6300
1980-08-26,759.8300
1980-08-27,752.3200
1980-08-28,743.8600
1980-08-29,745.7700
1980-09-02,753.7000
1980-09-03,768.8200
1980-09-04,765.6400
1980-09-05,762.6800
1980-09-08,753.5900
1980-09-09,757.5000
1980-09-10,762.5800
1980-09-11,768.0800
1980-09-12,768.1800
1980-09-15,769.2400
1980-09-16,776.2200
1980-09-17,788.4800
1980-09-18,786.2600
1980-09-19,791.0200
1980-09-22,797.5800
1980-09-23,791.4400
1980-09-24,796.6200
1980-09-25,787.2100
1980-09-26,771.7800
1980-09-29,753.4800
1980-09-30,765.3300
1980-10-01,775.7900
1980-10-02,782.0300
1980-10-03,790.2800
1980-10-06,804.0300
1980-10-07,799.9000
1980-10-08,803.8200
1980-10-09,800.6400
1980-10-10,796.6200
1980-10-13,806.5600
1980-10-14,806.9900
1980-10-15,816.7100
1980-10-16,807.5200
1980-10-17,802.7600
1980-10-20,808.2600
1980-10-21,803.3900
1980-10-22,804.2400
1980-10-23,789.7500
1980-10-24,791.9700
1980-10-27,780.5500
1980-10-28,780.7600
1980-10-29,780.3400
1980-10-30,770.3000
1980-10-31,777.4900
1980-11-03,786.2600
1980-11-05,799.8000
1980-11-06,785.5200
1980-11-07,786.1600
1980-11-10,788.9100
1980-11-11,798.9500
1980-11-12,818.8300
1980-11-13,830.8800
1980-11-14,834.9000
1980-11-17,838.7100
1980-11-18,850.9700
1980-11-19,847.7000
1980-11-20,855.4100
1980-11-21,847.7000
1980-11-24,842.4100
1980-11-25,849.2800
1980-11-26,854.1500
1980-11-28,856.6800
1980-12-01,837.0200
1980-12-02,834.3700
1980-12-03,833.3200
1980-12-04,831.1000
1980-12-05,815.8700
1980-12-08,794.3000
1980-12-09,793.4500
1980-12-10,780.1300
1980-12-11,773.0500
1980-12-12,784.1500
1980-12-15,785.7300
1980-12-16,791.6600
1980-12-17,804.9800
1980-12-18,807.8300
1980-12-19,812.7000
1980-12-22,824.1200
1980-12-23,820.9400
1980-12-24,824.2200
1980-12-26,827.7100
1980-12-29,818.8300
1980-12-30,820.3100
1980-12-31,823.2700
1981-01-02,827.5000
1981-01-05,836.1700
1981-01-06,836.8100
1981-01-07,817.2400
1981-01-08,805.7200
1981-01-09,808.2600
1981-01-12,809.1000
1981-01-13,807.3000
1981-01-14,809.4200
1981-01-15,814.0700
1981-01-16,817.6700
1981-01-19,815.2300
1981-01-20,799.4800
1981-01-21,797.1500
1981-01-22,790.4900
1981-01-23,790.0700
1981-01-26,787.2100
1981-01-27,795.0400
1981-01-28,790.7000
1981-01-29,789.7500
1981-01-30,785.3100
1981-02-02,768.3900
1981-02-03,776.9600
1981-02-04,778.6500
1981-02-05,785.7300
1981-02-06,791.2300
1981-02-09,782.9800
1981-02-10,782.2400
1981-02-11,776.8500
1981-02-12,772.4100
1981-02-13,769.7700
1981-02-17,774.2100
1981-02-18,778.1200
1981-02-19,766.9100
1981-02-20,766.0700
1981-02-23,770.1900
1981-02-24,770.9300
1981-02-25,776.7500
1981-02-26,786.5800
1981-02-27,794.4000
1981-03-02,799.1600
1981-03-03,791.2300
1981-03-04,792.8200
1981-03-05,787.8500
1981-03-06,787.3200
1981-03-09,793.9800
1981-03-10,790.1700
1981-03-11,788.0600
1981-03-12,806.4600
1981-03-13,806.9900
1981-03-16,816.1900
1981-03-17,812.1700
1981-03-18,814.0700
1981-03-19,810.3700
1981-03-20,815.1300
1981-03-23,824.8600
1981-03-24,819.6800
1981-03-25,833.4200
1981-03-26,829.3000
1981-03-27,820.4200
1981-03-30,817.9800
1981-03-31,827.6100
1981-04-01,831.3100
1981-04-02,830.7800
1981-04-03,826.2300
1981-04-06,817.2400
1981-04-07,817.3500
1981-04-08,819.9900
1981-04-09,822.6400
1981-04-10,822.4200
1981-04-13,813.5400
1981-04-14,809.8400
1981-04-15,819.0400
1981-04-16,822.2100
1981-04-20,826.5500
1981-04-21,819.0400
1981-04-22,818.5100
1981-04-23,818.2000
1981-04-24,825.2800
1981-04-27,827.1800
1981-04-28,819.9900
1981-04-29,812.4900
1981-04-30,812.1700
1981-05-01,811.5300
1981-05-04,798.5300
1981-05-05,796.2000
1981-05-06,799.3700
1981-05-07,804.4500
1981-05-08,804.9800
1981-05-11,793.5600
1981-05-12,799.3700
1981-05-13,798.9500
1981-05-14,803.8200
1981-05-15,809.3100
1981-05-18,811.3200
1981-05-19,808.5700
1981-05-20,809.2100
1981-05-21,808.2600
1981-05-22,806.3500
1981-05-26,814.7100
1981-05-27,820.3100
1981-05-28,818.8300
1981-05-29,814.0700
1981-06-01,813.2300
1981-06-02,802.4400
1981-06-03,802.2300
1981-06-04,803.8200
1981-06-05,811.3200
1981-06-08,811.6400
1981-06-09,809.3100
1981-06-10,811.8500
1981-06-11,820.8400
1981-06-12,820.5200
1981-06-15,821.0500
1981-06-16,812.0600
1981-06-17,817.7700
1981-06-18,807.8300
1981-06-19,811.5300
1981-06-22,809.8400
1981-06-23,818.6200
1981-06-24,814.1800
1981-06-25,815.3400
1981-06-26,813.8600
1981-06-29,809.7400
1981-06-30,805.1900
1981-07-01,796.9400
1981-07-02,790.1700
1981-07-06,782.3500
1981-07-07,786.5800
1981-07-08,787.7400
1981-07-09,793.6600
1981-07-10,794.6200
1981-07-13,795.9900
1981-07-14,795.7800
1981-07-15,799.3700
1981-07-16,800.4300
1981-07-17,803.1800
1981-07-20,791.3400
1981-07-21,788.6900
1981-07-22,781.4000
1981-07-23,782.5600
1981-07-24,788.8000
1981-07-27,796.4100
1981-07-28,792.4000
1981-07-29,792.5000
1981-07-30,797.3700
1981-07-31,803.0700
1981-08-03,800.4300
1981-08-04,804.0300
1981-08-05,813.2300
1981-08-06,814.1800
1981-08-07,809.7400
1981-08-10,813.1200
1981-08-11,821.0500
1981-08-12,818.6200
1981-08-13,819.7800
1981-08-14,814.1800
1981-08-17,806.5600
1981-08-18,798.8500
1981-08-19,800.7500
1981-08-20,802.3300
1981-08-21,794.0900
1981-08-24,771.0400
1981-08-25,767.4400
1981-08-26,766.4900
1981-08-27,757.8200
1981-08-28,760.9900
1981-08-31,752.8500
1981-09-01,753.7000
1981-09-02,756.6600
1981-09-03,742.8000
1981-09-04,735.4000
1981-09-08,721.5500
1981-09-09,724.0900
1981-09-10,734.7700
1981-09-11,743.5400
1981-09-14,737.9400
1981-09-15,733.1800
1981-09-16,727.6800
1981-09-17,717.2200
1981-09-18,711.2900
1981-09-21,715.9500
1981-09-22,712.9900
1981-09-23,705.6900
1981-09-24,702.3100
1981-09-25,686.8700
1981-09-28,702.4100
1981-09-29,706.8500
1981-09-30,708.4400
1981-10-01,713.7300
1981-10-02,728.1100
1981-10-05,729.5900
1981-10-06,729.9000
1981-10-07,741.5400
1981-10-08,747.9900
1981-10-09,743.6500
1981-10-12,742.3800
1981-10-13,740.9000
1981-10-14,729.2700
1981-10-15,733.7100
1981-10-16,730.9600
1981-10-19,729.8000
1981-10-20,737.5200
1981-10-21,736.5700
1981-10-22,733.7100
1981-10-23,727.7900
1981-10-26,725.1500
1981-10-27,731.7000
1981-10-28,733.1800
1981-10-29,730.5400
1981-10-30,746.9300
1981-11-02,761.8400
1981-11-03,765.3300
1981-11-04,765.3300
1981-11-05,759.0900
1981-11-06,754.2200
1981-11-09,757.8200
1981-11-10,755.1800
1981-11-11,756.4400
1981-11-12,758.0300
1981-11-13,749.1500
1981-11-16,740.0600
1981-11-17,744.2800
1981-11-18,740.4800
1981-11-19,743.9700
1981-11-20,750.7300
1981-11-23,749.7800
1981-11-24,759.7200
1981-11-25,762.8900
1981-11-27,768.9200
1981-11-30,775.7900
1981-12-01,773.7900
1981-12-02,765.5400
1981-12-03,768.1800
1981-12-04,774.4200
1981-12-07,768.1800
1981-12-08,765.1200
1981-12-09,768.6000
1981-12-10,770.1900
1981-12-11,765.8600
1981-12-14,753.2700
1981-12-15,754.4400
1981-12-16,751.3700
1981-12-17,754.6500
1981-12-18,759.9300
1981-12-21,756.3400
1981-12-22,753.5900
1981-12-23,750.4200
1981-12-24,751.9000
1981-12-28,750.1000
1981-12-29,746.2900
1981-12-30,749.6800
1981-12-31,751.9000
1982-01-04,752.8500
1982-01-05,737.2000
1982-01-06,731.4900
1982-01-07,729.8000
1982-01-08,733.3900
1982-01-11,716.4800
1982-01-12,713.2000
1982-01-13,704.5300
1982-01-14,708.0200
1982-01-15,712.7800
1982-01-18,717.3200
1982-01-19,710.4500
1982-01-20,706.3300
1982-01-21,708.4400
1982-01-22,706.1100
1982-01-25,704.6300
1982-01-26,703.0500
1982-01-27,706.1100
1982-01-28,725.1500
1982-01-29,733.7100
1982-02-01,719.1200
1982-02-02,720.8100
1982-02-03,712.7800
1982-02-04,711.6100
1982-02-05,716.7900
1982-02-08,701.2500
1982-02-09,695.1200
1982-02-10,700.0900
1982-02-11,699.0300
1982-02-12,698.8200
1982-02-16,696.4900
1982-02-17,694.8000
1982-02-18,695.5400
1982-02-19,691.8400
1982-02-22,682.5300
1982-02-23,681.3700
1982-02-24,692.0500
1982-02-25,691.6300
1982-02-26,690.7800
1982-03-01,691.9400
1982-03-02,688.7700
1982-03-03,678.2000
1982-03-04,671.4300
1982-03-05,667.6300
1982-03-08,655.8900
1982-03-09,663.0800
1982-03-10,666.5700
1982-03-11,665.9300
1982-03-12,661.0700
1982-03-15,664.8800
1982-03-16,664.4500
1982-03-17,663.4000
1982-03-18,671.0100
1982-03-19,672.7000
1982-03-22,685.8100
1982-03-23,690.4600
1982-03-24,687.2900
1982-03-25,688.8800
1982-03-26,682.3200
1982-03-29,683.5900
1982-03-30,683.5900
1982-03-31,682.2200
1982-04-01,692.4700
1982-04-02,700.1900
1982-04-05,698.2900
1982-04-06,702.2000
1982-04-07,703.0500
1982-04-08,707.2800
1982-04-12,705.9000
1982-04-13,705.9000
1982-04-14,704.9500
1982-04-15,708.0200
1982-04-16,711.1900
1982-04-19,710.5500
1982-04-20,703.6800
1982-04-21,705.3700
1982-04-22,713.6200
1982-04-23,721.6600
1982-04-26,725.2500
1982-04-27,718.4800
1982-04-28,714.2600
1982-04-29,707.9100
1982-04-30,709.2900
1982-05-03,711.1900
1982-05-04,715.1000
1982-05-05,716.3700
1982-05-06,722.2900
1982-05-07,727.0500
1982-05-10,721.3400
1982-05-11,727.4700
1982-05-12,726.3100
1982-05-13,721.1300
1982-05-14,720.1800
1982-05-17,712.2500
1982-05-18,706.7500
1982-05-19,701.2500
1982-05-20,698.8200
1982-05-21,700.6200
1982-05-24,699.6600
1982-05-25,697.3400
1982-05-26,689.2000
1982-05-27,686.0200
1982-05-28,682.5300
1982-06-01,680.6300
1982-06-02,682.5300
1982-06-03,681.1600
1982-06-04,670.5900
1982-06-07,669.9500
1982-06-08,666.9900
1982-06-09,662.7600
1982-06-10,665.8300
1982-06-11,676.0800
1982-06-14,668.7900
1982-06-15,666.6700
1982-06-16,662.6600
1982-06-17,655.1500
1982-06-18,652.8200
1982-06-21,652.7200
1982-06-22,658.6400
1982-06-23,668.8900
1982-06-24,667.4100
1982-06-25,663.1800
1982-06-28,669.2100
1982-06-29,669.1100
1982-06-30,666.3600
1982-07-01,660.9600
1982-07-02,655.4700
1982-07-06,653.2500
1982-07-07,652.4000
1982-07-08,653.5600
1982-07-09,662.3400
1982-07-12,665.7200
1982-07-13,665.0900
1982-07-14,669.9500
1982-07-15,670.1600
1982-07-16,673.2300
1982-07-19,671.8500
1982-07-20,676.1900
1982-07-21,675.6600
1982-07-22,676.1900
1982-07-23,674.6000
1982-07-26,669.8500
1982-07-27,664.4500
1982-07-28,654.2000
1982-07-29,653.7700
1982-07-30,650.3900
1982-08-02,660.7500
1982-08-03,654.6200
1982-08-04,644.6800
1982-08-05,639.0800
1982-08-06,631.1500
1982-08-09,626.4900
1982-08-10,625.2200
1982-08-11,623.3200
1982-08-12,621.7400
1982-08-13,629.5600
1982-08-16,631.7800
1982-08-17,659.9100
1982-08-18,658.9500
1982-08-19,661.6000
1982-08-20,683.5900
1982-08-23,701.6700
1982-08-24,698.9200
1982-08-25,712.5600
1982-08-26,719.1200
1982-08-27,710.8700
1982-08-30,713.9400
1982-08-31,724.7200
1982-09-01,717.9600
1982-09-02,729.3800
1982-09-03,742.9100
1982-09-07,735.5100
1982-09-08,740.3700
1982-09-09,739.8400
1982-09-10,733.9200
1982-09-13,740.4800
1982-09-14,746.1900
1982-09-15,752.7400
1982-09-16,750.7300
1982-09-17,743.7600
1982-09-20,742.8000
1982-09-21,755.9200
1982-09-22,751.7900
1982-09-23,750.5200
1982-09-24,748.0900
1982-09-27,749.4700
1982-09-28,747.5600
1982-09-29,737.8300
1982-09-30,731.4900
1982-10-01,740.2700
1982-10-04,737.7300
1982-10-05,740.8000
1982-10-06,763.4200
1982-10-07,780.0200
1982-10-08,793.0300
1982-10-11,813.2300
1982-10-12,813.6500
1982-10-13,827.9200
1982-10-14,816.6100
1982-10-15,811.4300
1982-10-18,828.9800
1982-10-19,828.4500
1982-10-20,843.7800
1982-10-21,842.9400
1982-10-22,842.5100
1982-10-25,810.4800
1982-10-26,815.3400
1982-10-27,821.3700
1982-10-28,812.8000
1982-10-29,813.6500
1982-11-01,823.9100
1982-11-02,836.5900
1982-11-03,867.5700
1982-11-04,862.7100
1982-11-05,865.2500
1982-11-08,855.8400
1982-11-09,870.7500
1982-11-10,861.0200
1982-11-11,864.5100
1982-11-12,853.3000
1982-11-15,838.7100
1982-11-16,827.9200
1982-11-17,842.4100
1982-11-18,845.6900
1982-11-19,838.7100
1982-11-22,823.1600
1982-11-23,815.4500
1982-11-24,820.5200
1982-11-26,826.2300
1982-11-29,821.9000
1982-11-30,845.3700
1982-12-01,847.2700
1982-12-02,847.1700
1982-12-03,846.4300
1982-12-06,862.9200
1982-12-07,868.4200
1982-12-08,864.1900
1982-12-09,854.0400
1982-12-10,851.0800
1982-12-13,852.9800
1982-12-14,838.7100
1982-12-15,825.7000
1982-12-16,825.1700
1982-12-17,837.4400
1982-12-20,830.4600
1982-12-21,843.1500
1982-12-22,844.5200
1982-12-23,850.0200
1982-12-27,863.1300
1982-12-28,855.8400
1982-12-29,858.6900
1982-12-30,854.2500
1982-12-31,856.7900
1983-01-03,843.6800
1983-01-04,859.5400
1983-01-05,864.5100
1983-01-06,885.1300
1983-01-07,884.7000
1983-01-10,894.7500
1983-01-11,889.3600
1983-01-12,895.0700
1983-01-13,889.8900
1983-01-14,895.2800
1983-01-17,896.5500
1983-01-18,894.8500
1983-01-19,888.0900
1983-01-20,893.5900
1983-01-21,879.5200
1983-01-24,855.6300
1983-01-25,865.1400
1983-01-26,864.1900
1983-01-27,879.4200
1983-01-28,881.3200
1983-01-31,885.5500
1983-02-01,873.5000
1983-02-02,874.1300
1983-02-03,880.3700
1983-02-04,891.2600
1983-02-07,896.3400
1983-02-08,889.8900
1983-02-09,885.9700
1983-02-10,899.8200
1983-02-11,900.6700
1983-02-14,908.1800
1983-02-15,905.9600
1983-02-16,900.6700
1983-02-17,900.1400
1983-02-18,903.4200
1983-02-22,888.9300
1983-02-23,896.0200
1983-02-24,911.9800
1983-02-25,913.0400
1983-02-28,903.6300
1983-03-01,919.1700
1983-03-02,928.1600
1983-03-03,935.5600
1983-03-04,937.1500
1983-03-07,937.4700
1983-03-08,924.1400
1983-03-09,932.9200
1983-03-10,926.7900
1983-03-11,922.9800
1983-03-14,919.8100
1983-03-15,922.2400
1983-03-16,913.8900
1983-03-17,911.6700
1983-03-18,913.2500
1983-03-21,919.6000
1983-03-22,916.8500
1983-03-23,928.9000
1983-03-24,932.6000
1983-03-25,928.4800
1983-03-28,923.5100
1983-03-29,922.4500
1983-03-30,932.1800
1983-03-31,930.8100
1983-04-04,931.1200
1983-04-05,924.8800
1983-04-06,919.6000
1983-04-07,923.3000
1983-04-08,929.1100
1983-04-11,941.8000
1983-04-12,945.9300
1983-04-13,952.0600
1983-04-14,960.5200
1983-04-15,964.1100
1983-04-18,969.7200
1983-04-19,964.1100
1983-04-20,975.8500
1983-04-21,972.2500
1983-04-22,974.3700
1983-04-25,965.2800
1983-04-26,981.5600
1983-04-27,979.9700
1983-04-28,988.6400
1983-04-29,996.7900
1983-05-02,983.7800
1983-05-03,984.8400
1983-05-04,991.3900
1983-05-05,998.1600
1983-05-06,1009.4700
1983-05-09,1008.2100
1983-05-10,1009.7900
1983-05-11,1004.4000
1983-05-12,1000.8000
1983-05-13,1005.2400
1983-05-16,995.9400
1983-05-17,999.0100
1983-05-18,998.0500
1983-05-19,990.4400
1983-05-20,990.8600
1983-05-23,998.0500
1983-05-24,1010.6400
1983-05-25,1015.1800
1983-05-26,1011.6900
1983-05-27,1006.9400
1983-05-31,994.7800
1983-06-01,995.3100
1983-06-02,1003.1300
1983-06-03,1005.8800
1983-06-06,1008.7300
1983-06-07,997.8400
1983-06-08,989.3800
1983-06-09,992.3400
1983-06-10,998.6900
1983-06-13,1011.0600
1983-06-14,1015.1800
1983-06-15,1023.9600
1983-06-16,1035.5900
1983-06-17,1036.2300
1983-06-20,1035.8000
1983-06-21,1043.7300
1983-06-22,1046.9100
1983-06-23,1045.1100
1983-06-24,1044.9000
1983-06-27,1033.4800
1983-06-28,1016.3500
1983-06-29,1021.0000
1983-06-30,1029.9900
1983-07-01,1035.2700
1983-07-05,1021.9500
1983-07-06,1033.3700
1983-07-07,1027.7700
1983-07-08,1024.4900
1983-07-11,1030.3000
1983-07-12,1015.5000
1983-07-13,1014.0200
1983-07-14,1017.5100
1983-07-15,1007.4700
1983-07-18,1004.0800
1983-07-19,1009.5800
1983-07-20,1034.5300
1983-07-21,1034.0100
1983-07-22,1033.4800
1983-07-25,1036.9700
1983-07-26,1042.3600
1983-07-27,1027.1300
1983-07-28,1012.0100
1983-07-29,996.7900
1983-08-01,992.9800
1983-08-02,992.0300
1983-08-03,998.4800
1983-08-04,986.8500
1983-08-05,989.7000
1983-08-08,974.7900
1983-08-09,978.3900
1983-08-10,986.5300
1983-08-11,987.5900
1983-08-12,992.2400
1983-08-15,1001.3300
1983-08-16,998.7900
1983-08-17,1009.9000
1983-08-18,1001.6500
1983-08-19,1003.6600
1983-08-22,1005.5600
1983-08-23,996.7900
1983-08-24,988.0100
1983-08-25,985.2600
1983-08-26,991.8200
1983-08-29,991.8200
1983-08-30,993.6100
1983-08-31,1003.3400
1983-09-01,1002.7100
1983-09-02,1007.4700
1983-09-06,1023.9600
1983-09-07,1025.2300
1983-09-08,1025.1200
1983-09-09,1020.7900
1983-09-12,1013.6000
1983-09-13,1008.8400
1983-09-14,1011.9100
1983-09-15,1006.9400
1983-09-16,1016.8800
1983-09-19,1026.6000
1983-09-20,1034.9600
1983-09-21,1030.5200
1983-09-22,1038.3400
1983-09-23,1036.9700
1983-09-26,1040.3500
1983-09-27,1030.6200
1983-09-28,1028.3000
1983-09-29,1024.1700
1983-09-30,1017.6200
1983-10-03,1014.9700
1983-10-04,1017.6200
1983-10-05,1025.9700
1983-10-06,1040.8800
1983-10-07,1043.8400
1983-10-10,1053.4600
1983-10-11,1040.3500
1983-10-12,1035.8000
1983-10-13,1036.4399
1983-10-14,1036.2300
1983-10-17,1039.0800
1983-10-18,1023.6400
1983-10-19,1016.7700
1983-10-20,1018.4600
1983-10-21,1012.3300
1983-10-24,1012.1200
1983-10-25,1014.8700
1983-10-26,1008.8400
1983-10-27,1005.1400
1983-10-28,996.8900
1983-10-31,997.0000
1983-11-01,997.4200
1983-11-02,1004.7200
1983-11-03,997.4200
1983-11-04,991.5000
1983-11-07,988.2200
1983-11-08,986.8500
1983-11-09,998.5800
1983-11-10,1001.8600
1983-11-11,1013.1700
1983-11-14,1015.6100
1983-11-15,1009.6900
1983-11-16,1013.9200
1983-11-17,1014.3400
1983-11-18,1019.9400
1983-11-21,1014.2300
1983-11-22,1018.5700
1983-11-23,1019.3100
1983-11-25,1020.8900
1983-11-28,1017.0900
1983-11-29,1025.0200
1983-11-30,1017.0900
1983-12-01,1017.0900
1983-12-02,1011.4800
1983-12-05,1012.6500
1983-12-06,1010.9500
1983-12-07,1013.6000
1983-12-08,1009.2600
1983-12-09,1008.7300
1983-12-12,1011.2700
1983-12-13,1007.4700
1983-12-14,998.2700
1983-12-15,988.9600
1983-12-16,992.4500
1983-12-19,991.8200
1983-12-20,990.1200
1983-12-21,998.5800
1983-12-22,996.7900
1983-12-23,995.7300
1983-12-27,1003.7600
1983-12-28,1006.9400
1983-12-29,1004.8200
1983-12-30,1006.4100
1984-01-03,1001.2300
1984-01-04,1016.8800
1984-01-05,1029.2500
1984-01-06,1033.1600
1984-01-09,1031.7800
1984-01-10,1026.6000
1984-01-11,1025.9700
1984-01-12,1026.1801
1984-01-13,1022.0600
1984-01-16,1023.0100
1984-01-17,1026.1801
1984-01-18,1024.5900
1984-01-19,1021.4200
1984-01-20,1016.4500
1984-01-23,1018.4600
1984-01-24,1024.1700
1984-01-25,1007.2500
1984-01-26,1003.2400
1984-01-27,1002.0700
1984-01-30,995.2000
1984-01-31,997.3100
1984-02-01,993.1900
1984-02-02,996.8900
1984-02-03,983.1500
1984-02-06,966.7600
1984-02-07,969.1900
1984-02-08,952.5900
1984-02-09,948.6800
1984-02-10,952.3800
1984-02-13,944.0200
1984-02-14,952.9000
1984-02-15,951.1100
1984-02-16,949.8400
1984-02-17,947.3000
1984-02-21,940.7400
1984-02-22,938.6300
1984-02-23,937.7800
1984-02-24,956.8200
1984-02-27,967.9200
1984-02-28,954.1700
1984-02-29,956.2900
1984-03-01,962.9500
1984-03-02,969.2900
1984-03-05,961.7900
1984-03-06,952.3800
1984-03-07,942.0100
1984-03-08,945.1900
1984-03-09,940.4300
1984-03-12,951.1100
1984-03-13,955.0200
1984-03-14,955.0200
1984-03-15,958.7200
1984-03-16,969.9300
1984-03-19,960.8300
1984-03-20,966.4400
1984-03-21,965.3800
1984-03-22,954.8100
1984-03-23,955.3400
1984-03-26,954.1700
1984-03-27,957.4500
1984-03-28,971.7300
1984-03-29,970.4600
1984-03-30,969.2900
1984-04-02,962.5300
1984-04-03,959.9900
1984-04-04,959.1400
1984-04-05,944.5500
1984-04-06,946.1400
1984-04-09,946.1400
1984-04-10,948.5700
1984-04-11,943.6000
1984-04-12,958.4000
1984-04-13,957.0300
1984-04-16,962.2100
1984-04-17,966.5400
1984-04-18,960.4100
1984-04-19,961.0500
1984-04-23,954.0700
1984-04-24,960.6200
1984-04-25,964.1100
1984-04-26,973.7300
1984-04-27,972.1500
1984-04-30,972.5700
1984-05-01,981.9800
1984-05-02,984.3100
1984-05-03,981.5600
1984-05-04,970.1400
1984-05-07,971.4100
1984-05-08,977.4400
1984-05-09,974.2600
1984-05-10,973.1000
1984-05-11,964.6400
1984-05-14,958.6100
1984-05-15,961.1500
1984-05-16,961.3600
1984-05-17,952.3800
1984-05-18,946.9800
1984-05-21,940.8500
1984-05-22,935.0300
1984-05-23,931.4400
1984-05-24,919.3900
1984-05-25,921.1800
1984-05-29,914.1000
1984-05-30,914.2000
1984-05-31,916.8500
1984-06-01,932.1800
1984-06-04,939.4800
1984-06-05,935.6700
1984-06-06,942.6500
1984-06-07,942.8600
1984-06-08,944.5500
1984-06-11,932.9200
1984-06-12,928.4800
1984-06-13,927.7400
1984-06-14,918.4300
1984-06-15,911.1400
1984-06-18,925.7300
1984-06-19,931.2300
1984-06-20,942.7500
1984-06-21,941.7000
1984-06-22,941.7000
1984-06-25,939.0500
1984-06-26,932.0700
1984-06-27,926.0500
1984-06-28,932.5000
1984-06-29,934.5100
1984-07-02,933.9800
1984-07-03,937.0400
1984-07-05,932.2900
1984-07-06,929.4300
1984-07-09,934.8200
1984-07-10,932.5000
1984-07-11,919.4900
1984-07-12,916.1100
1984-07-13,920.7600
1984-07-16,923.5100
1984-07-17,927.9500
1984-07-18,922.5600
1984-07-19,916.5300
1984-07-20,911.5600
1984-07-23,906.4900
1984-07-24,900.1400
1984-07-25,905.5300
1984-07-26,912.9400
1984-07-27,920.0200
1984-07-30,914.7300
1984-07-31,917.0600
1984-08-01,936.6200
1984-08-02,959.7800
1984-08-03,985.7900
1984-08-06,988.1200
1984-08-07,987.9000
1984-08-08,982.9300
1984-08-09,1004.1900
1984-08-10,1005.3500
1984-08-13,1004.7200
1984-08-14,999.6400
1984-08-15,990.8600
1984-08-16,996.3600
1984-08-17,998.3700
1984-08-20,1001.9700
1984-08-21,1018.2500
1984-08-22,1014.6600
1984-08-23,1015.1800
1984-08-24,1017.6200
1984-08-27,1011.5900
1984-08-28,1016.5600
1984-08-29,1015.6100
1984-08-30,1013.0700
1984-08-31,1013.6000
1984-09-04,1004.0800
1984-09-05,1000.2700
1984-09-06,1007.6800
1984-09-07,1001.2300
1984-09-10,1000.3800
1984-09-11,1001.9700
1984-09-12,1002.5000
1984-09-13,1020.1500
1984-09-14,1026.1801
1984-09-17,1026.9200
1984-09-18,1020.8900
1984-09-19,1017.3000
1984-09-20,1020.4700
1984-09-21,1011.5900
1984-09-24,1008.5200
1984-09-25,1009.4700
1984-09-26,1013.1700
1984-09-27,1017.0900
1984-09-28,1012.6500
1984-10-01,1004.0800
1984-10-02,997.9500
1984-10-03,991.1800
1984-10-04,993.4000
1984-10-05,992.7700
1984-10-08,989.4900
1984-10-09,987.8000
1984-10-10,989.3800
1984-10-11,993.6100
1984-10-12,1002.2800
1984-10-15,1010.8500
1984-10-16,1006.2000
1984-10-17,1002.8100
1984-10-18,1023.6400
1984-10-19,1024.1700
1984-10-22,1020.6800
1984-10-23,1019.1000
1984-10-24,1019.3100
1984-10-25,1014.3400
1984-10-26,1008.1000
1984-10-29,1005.1400
1984-10-30,1016.2400
1984-10-31,1012.3300
1984-11-01,1020.1500
1984-11-02,1020.4700
1984-11-05,1027.1300
1984-11-06,1037.4900
1984-11-07,1030.5200
1984-11-08,1027.7700
1984-11-09,1022.8000
1984-11-12,1020.4700
1984-11-13,1012.7500
1984-11-14,1012.3300
1984-11-15,1011.6900
1984-11-16,1001.3300
1984-11-19,994.9900
1984-11-20,1000.1700
1984-11-21,1002.2800
1984-11-23,1016.1400
1984-11-26,1008.9500
1984-11-27,1013.0700
1984-11-28,1005.9800
1984-11-29,999.5300
1984-11-30,997.1000
1984-12-03,992.9800
1984-12-04,995.3100
1984-12-05,988.3300
1984-12-06,991.1800
1984-12-07,988.8600
1984-12-10,991.9200
1984-12-11,993.9300
1984-12-12,991.7100
1984-12-13,987.8000
1984-12-14,993.0800
1984-12-17,998.4800
1984-12-18,1023.3300
1984-12-19,1019.2000
1984-12-20,1015.0800
1984-12-21,1010.4300
1984-12-24,1016.9800
1984-12-26,1015.5000
1984-12-27,1011.2700
1984-12-28,1013.9200
1984-12-31,1019.1000
1985-01-02,1009.0500
1985-01-03,1005.0300
1985-01-04,1000.2700
1985-01-07,1003.3400
1985-01-08,1002.5000
1985-01-09,1009.1600
1985-01-10,1027.0300
1985-01-11,1025.4399
1985-01-14,1040.2400
1985-01-15,1042.4600
1985-01-16,1045.7400
1985-01-17,1044.1600
1985-01-18,1047.2200
1985-01-21,1069.2200
1985-01-22,1070.9100
1985-01-23,1081.3800
1985-01-24,1078.8400
1985-01-25,1082.9600
1985-01-28,1084.1200
1985-01-29,1093.6400
1985-01-30,1095.9700
1985-01-31,1097.0200
1985-02-01,1091.5300
1985-02-04,1101.3600
1985-02-05,1104.1100
1985-02-06,1103.9000
1985-02-07,1112.1400
1985-02-08,1114.3700
1985-02-11,1104.9500
1985-02-12,1105.7000
1985-02-13,1121.6600
1985-02-14,1117.6400
1985-02-15,1113.1000
1985-02-19,1111.5100
1985-02-20,1111.4000
1985-02-21,1105.0601
1985-02-22,1099.7700
1985-02-25,1097.7600
1985-02-26,1108.3400
1985-02-27,1106.6500
1985-02-28,1109.5000
1985-03-01,1121.2400
1985-03-04,1114.7900
1985-03-05,1115.2100
1985-03-06,1106.4399
1985-03-07,1100.4100
1985-03-08,1097.7600
1985-03-11,1095.3300
1985-03-12,1099.9900
1985-03-13,1091.6300
1985-03-14,1090.2600
1985-03-15,1083.3800
1985-03-18,1083.9100
1985-03-19,1098.7200
1985-03-20,1096.3900
1985-03-21,1098.0800
1985-03-22,1095.9700
1985-03-25,1089.6200
1985-03-26,1092.0500
1985-03-27,1098.9301
1985-03-28,1099.4600
1985-03-29,1106.0100
1985-04-01,1109.1801
1985-04-02,1105.2700
1985-04-03,1097.2400
1985-04-04,1096.6000
1985-04-08,1092.0500
1985-04-09,1092.4800
1985-04-10,1099.5601
1985-04-11,1104.2100
1985-04-12,1106.4399
1985-04-15,1108.8700
1985-04-16,1110.4500
1985-04-17,1113.3101
1985-04-18,1108.7600
1985-04-19,1110.2400
1985-04-22,1108.1300
1985-04-23,1114.7900
1985-04-24,1116.5900
1985-04-25,1122.4000
1985-04-26,1115.7400
1985-04-29,1106.3300
1985-04-30,1100.9399
1985-05-01,1092.8000
1985-05-02,1095.6500
1985-05-03,1101.4700
1985-05-06,1101.5699
1985-05-07,1105.9100
1985-05-08,1105.5900
1985-05-09,1113.5200
1985-05-10,1127.5800
1985-05-13,1129.8000
1985-05-14,1125.8900
1985-05-15,1130.0100
1985-05-16,1136.6801
1985-05-17,1147.0400
1985-05-20,1160.1500
1985-05-21,1159.4100
1985-05-22,1152.4301
1985-05-23,1146.9301
1985-05-24,1151.1600
1985-05-28,1149.6801
1985-05-29,1148.9399
1985-05-30,1149.6801
1985-05-31,1159.2000
1985-06-03,1158.9900
1985-06-04,1163.7400
1985-06-05,1165.6500
1985-06-06,1170.4100
1985-06-07,1162.7900
1985-06-10,1161.3101
1985-06-11,1158.7800
1985-06-12,1151.1600
1985-06-13,1141.5400
1985-06-14,1147.8800
1985-06-17,1144.9200
1985-06-18,1149.8900
1985-06-19,1146.7200
1985-06-20,1146.8300
1985-06-21,1161.5200
1985-06-24,1159.4100
1985-06-25,1162.7900
1985-06-26,1164.4800
1985-06-27,1170.7200
1985-06-28,1174.8500
1985-07-01,1178.4399
1985-07-02,1176.6400
1985-07-03,1173.9000
1985-07-05,1181.4000
1985-07-08,1176.7500
1985-07-09,1172.4200
1985-07-10,1180.0300
1985-07-11,1183.7300
1985-07-12,1185.6300
1985-07-15,1183.5200
1985-07-16,1195.3600
1985-07-17,1200.0100
1985-07-18,1192.8199
1985-07-19,1197.5800
1985-07-22,1191.7700
1985-07-23,1180.9800
1985-07-24,1175.0601
1985-07-25,1176.2200
1985-07-26,1177.3800
1985-07-29,1161.0000
1985-07-30,1161.8400
1985-07-31,1168.0800
1985-08-01,1175.5900
1985-08-02,1172.1000
1985-08-05,1165.9700
1985-08-06,1150.5300
1985-08-07,1148.1000
1985-08-08,1156.7700
1985-08-09,1153.1700
1985-08-12,1149.0500
1985-08-13,1147.6700
1985-08-14,1148.5200
1985-08-15,1148.2000
1985-08-16,1141.0100
1985-08-19,1143.0200
1985-08-20,1151.6899
1985-08-21,1157.7200
1985-08-22,1147.9900
1985-08-23,1147.1400
1985-08-26,1148.2000
1985-08-27,1152.6400
1985-08-28,1156.6600
1985-08-29,1157.5100
1985-08-30,1156.6600
1985-09-03,1151.5900
1985-09-04,1148.4100
1985-09-05,1147.7800
1985-09-06,1153.0699
1985-09-09,1153.8101
1985-09-10,1145.3500
1985-09-11,1133.7200
1985-09-12,1124.6200
1985-09-13,1119.2300
1985-09-16,1118.5900
1985-09-17,1109.0800
1985-09-18,1110.2400
1985-09-19,1120.8199
1985-09-20,1114.3700
1985-09-23,1126.2100
1985-09-24,1116.5900
1985-09-25,1105.4800
1985-09-26,1108.3400
1985-09-30,1112.2500
1985-10-01,1128.9600
1985-10-02,1124.6200
1985-10-03,1126.3101
1985-10-04,1120.2900
1985-10-07,1112.8900
1985-10-08,1112.2500
1985-10-09,1115.9500
1985-10-10,1118.1700
1985-10-11,1126.7400
1985-10-14,1138.1600
1985-10-15,1136.6801
1985-10-16,1147.0400
1985-10-17,1146.3000
1985-10-18,1143.5500
1985-10-21,1142.4900
1985-10-22,1148.8400
1985-10-23,1154.3300
1985-10-24,1151.2700
1985-10-25,1145.7700
1985-10-28,1146.4000
1985-10-29,1154.5500
1985-10-30,1159.8300
1985-10-31,1159.4100
1985-11-01,1168.9301
1985-11-04,1167.8700
1985-11-05,1174.4200
1985-11-06,1176.9600
1985-11-07,1176.8600
1985-11-08,1183.6200
1985-11-11,1203.5000
1985-11-12,1208.8900
1985-11-13,1203.1801
1985-11-14,1214.0800
1985-11-15,1209.4200
1985-11-18,1211.0100
1985-11-19,1212.0699
1985-11-20,1213.6500
1985-11-21,1227.9301
1985-11-22,1229.2000
1985-11-25,1222.2200
1985-11-26,1223.9100
1985-11-27,1233.8500
1985-11-29,1232.1600
1985-12-02,1222.6400
1985-12-03,1225.2800
1985-12-04,1244.4200
1985-12-05,1243.0500
1985-12-06,1236.8101
1985-12-09,1243.7900
1985-12-10,1244.7400
1985-12-11,1256.2600
1985-12-12,1259.6500
1985-12-13,1277.4100
1985-12-16,1289.0400
1985-12-17,1281.1100
1985-12-18,1276.1400
1985-12-19,1276.7800
1985-12-20,1282.7000
1985-12-23,1268.8500
1985-12-24,1260.9200
1985-12-26,1263.8800
1985-12-27,1275.5100
1985-12-30,1281.4301
1985-12-31,1285.6600
1986-01-02,1276.6700
1986-01-03,1284.7100
1986-01-06,1283.4399
1986-01-07,1301.9399
1986-01-08,1270.8600
1986-01-09,1257.0100
1986-01-10,1256.2600
1986-01-13,1260.2800
1986-01-14,1260.2800
1986-01-15,1270.2200
1986-01-16,1275.5100
1986-01-17,1272.4399
1986-01-20,1267.5800
1986-01-21,1257.6400
1986-01-22,1245.0601
1986-01-23,1249.0699
1986-01-24,1261.5500
1986-01-27,1267.5800
1986-01-28,1280.3700
1986-01-29,1282.3800
1986-01-30,1278.1500
1986-01-31,1291.3700
1986-02-03,1303.5300
1986-02-04,1297.6100
1986-02-05,1297.9301
1986-02-06,1301.9399
1986-02-07,1307.8600
1986-02-10,1317.3800
1986-02-11,1316.7500
1986-02-12,1318.1200
1986-02-13,1326.0500
1986-02-14,1338.9500
1986-02-18,1354.3900
1986-02-19,1340.2200
1986-02-20,1353.4399
1986-02-21,1368.3500
1986-02-24,1366.0200
1986-02-25,1363.0601
1986-02-26,1364.6500
1986-02-27,1380.1899
1986-02-28,1382.5200
1986-03-03,1375.5400
1986-03-04,1371.9399
1986-03-05,1370.6700
1986-03-06,1375.9600
1986-03-07,1378.6000
1986-03-10,1383.8900
1986-03-11,1412.5400
1986-03-12,1418.5699
1986-03-13,1421.8500
1986-03-14,1439.7200
1986-03-17,1428.0900
1986-03-18,1434.7500
1986-03-19,1433.3700
1986-03-20,1439.4000
1986-03-21,1425.4399
1986-03-24,1433.0601
1986-03-25,1429.7800
1986-03-26,1445.3199
1986-03-27,1455.9000
1986-03-31,1455.9000
1986-04-01,1436.7600
1986-04-02,1438.9800
1986-04-03,1421.2200
1986-04-04,1398.6899
1986-04-07,1396.3700
1986-04-08,1424.4900
1986-04-09,1427.7700
1986-04-10,1442.3600
1986-04-11,1440.3500
1986-04-14,1447.6500
1986-04-15,1449.9800
1986-04-16,1475.9900
1986-04-17,1481.2700
1986-04-18,1479.0500
1986-04-21,1491.5300
1986-04-22,1479.0500
1986-04-23,1473.3400
1986-04-24,1474.7200
1986-04-25,1475.3500
1986-04-28,1478.3101
1986-04-29,1463.5100
1986-04-30,1435.3800
1986-05-01,1432.4200
1986-05-02,1431.4700
1986-05-05,1447.6500
1986-05-06,1445.9600
1986-05-07,1438.9800
1986-05-08,1445.9600
1986-05-09,1449.9800
1986-05-12,1447.6500
1986-05-13,1441.6200
1986-05-14,1447.6500
1986-05-15,1430.4100
1986-05-16,1421.5300
1986-05-19,1423.1200
1986-05-20,1438.6600
1986-05-21,1435.3800
1986-05-22,1460.8700
1986-05-23,1468.4800
1986-05-27,1487.6200
1986-05-28,1498.5100
1986-05-29,1505.4900
1986-05-30,1502.1000
1986-06-02,1489.6300
1986-06-03,1491.2100
1986-06-04,1482.3300
1986-06-05,1490.2600
1986-06-06,1490.5800
1986-06-09,1459.4900
1986-06-10,1455.9000
1986-06-11,1465.4100
1986-06-12,1467.7400
1986-06-13,1490.9000
1986-06-16,1492.5900
1986-06-17,1484.3400
1986-06-18,1486.9800
1986-06-19,1482.3300
1986-06-20,1497.5601
1986-06-23,1487.6200
1986-06-24,1498.5100
1986-06-25,1509.4000
1986-06-26,1508.4500
1986-06-27,1514.0500
1986-06-30,1522.3000
1986-07-01,1529.8101
1986-07-02,1534.7800
1986-07-03,1529.7000
1986-07-07,1484.8700
1986-07-08,1466.7900
1986-07-09,1475.5601
1986-07-10,1476.9399
1986-07-11,1475.1400
1986-07-14,1451.4600
1986-07-15,1426.5000
1986-07-16,1434.0100
1986-07-17,1440.1400
1986-07-18,1441.7300
1986-07-21,1440.6700
1986-07-22,1452.6200
1986-07-23,1455.6899
1986-07-24,1451.2400
1986-07-25,1463.5100
1986-07-28,1439.1899
1986-07-29,1429.4600
1986-07-30,1438.9800
1986-07-31,1436.8600
1986-08-01,1430.5200
1986-08-04,1434.3300
1986-08-05,1441.0900
1986-08-06,1440.0400
1986-08-07,1442.4700
1986-08-08,1442.3600
1986-08-11,1463.9301
1986-08-12,1480.5300
1986-08-13,1494.3900
1986-08-14,1499.2500
1986-08-15,1503.8000
1986-08-18,1504.8500
1986-08-19,1500.5200
1986-08-20,1518.8101
1986-08-21,1518.4900
1986-08-22,1521.3500
1986-08-25,1508.4500
1986-08-26,1534.8800
1986-08-27,1537.5300
1986-08-28,1535.7300
1986-08-29,1536.5699
1986-09-02,1513.3101
1986-09-03,1519.8700
1986-09-04,1541.1200
1986-09-05,1521.4500
1986-09-08,1505.9100
1986-09-09,1502.2100
1986-09-10,1497.4500
1986-09-11,1430.1000
1986-09-12,1404.3000
1986-09-15,1410.3199
1986-09-16,1408.5300
1986-09-17,1411.0601
1986-09-18,1413.1801
1986-09-19,1411.4900
1986-09-22,1427.9800
1986-09-23,1433.8000
1986-09-24,1438.6600
1986-09-25,1414.4500
1986-09-26,1416.2500
1986-09-29,1402.1801
1986-09-30,1410.9600
1986-10-01,1424.1801
1986-10-02,1426.2900
1986-10-03,1425.4399
1986-10-06,1430.8400
1986-10-07,1428.9301
1986-10-08,1441.0900
1986-10-09,1436.9700
1986-10-10,1434.8600
1986-10-13,1436.8600
1986-10-14,1433.2700
1986-10-15,1452.4100
1986-10-16,1457.2700
1986-10-17,1453.6801
1986-10-20,1438.2400
1986-10-21,1437.9200
1986-10-22,1439.9301
1986-10-23,1456.6400
1986-10-24,1451.5601
1986-10-27,1454.7300
1986-10-28,1458.0100
1986-10-29,1467.6300
1986-10-30,1483.0699
1986-10-31,1484.7600
1986-11-03,1494.8101
1986-11-04,1497.2400
1986-11-05,1500.5200
1986-11-06,1496.7100
1986-11-07,1496.1801
1986-11-10,1498.4000
1986-11-11,1502.9500
1986-11-12,1500.3101
1986-11-13,1480.6400
1986-11-14,1487.9399
1986-11-17,1479.2600
1986-11-18,1443.1000
1986-11-19,1444.5800
1986-11-20,1469.9600
1986-11-21,1490.2600
1986-11-24,1498.1899
1986-11-25,1502.0000
1986-11-26,1504.9600
1986-11-28,1507.5000
1986-12-01,1505.5900
1986-12-02,1534.1400
1986-12-03,1533.7200
1986-12-04,1529.8101
1986-12-05,1519.3400
1986-12-08,1518.2800
1986-12-09,1507.5000
1986-12-10,1516.9100
1986-12-11,1501.6801
1986-12-12,1496.5000
1986-12-15,1500.1000
1986-12-16,1510.6700
1986-12-17,1496.8199
1986-12-18,1491.9500
1986-12-19,1508.3400
1986-12-22,1501.6801
1986-12-23,1487.9399
1986-12-24,1490.9000
1986-12-26,1492.3800
1986-12-29,1479.1600
1986-12-30,1471.0200
1986-12-31,1465.3101
1987-01-02,1491.0000
1987-01-05,1526.7400
1987-01-06,1531.1801
1987-01-07,1548.3101
1987-01-08,1560.1500
1987-01-09,1569.0400
1987-01-12,1578.7600
1987-01-13,1576.9700
1987-01-14,1592.1899
1987-01-15,1608.1600
1987-01-16,1609.2200
1987-01-19,1625.2900
1987-01-20,1624.3400
1987-01-21,1616.7200
1987-01-22,1649.1801
1987-01-23,1628.5699
1987-01-26,1624.4399
1987-01-27,1647.9200
1987-01-28,1657.1200
1987-01-29,1651.5100
1987-01-30,1650.6700
1987-02-02,1664.8300
1987-02-03,1663.0400
1987-02-04,1684.5000
1987-02-05,1695.6000
1987-02-06,1691.0601
1987-02-09,1679.4301
1987-02-10,1661.9800
1987-02-11,1675.6200
1987-02-12,1666.2100
1987-02-13,1687.1400
1987-02-17,1718.0200
1987-02-18,1718.8700
1987-02-19,1720.9800
1987-02-20,1721.6100
1987-02-23,1703.6400
1987-02-24,1706.3900
1987-02-25,1712.6300
1987-02-26,1706.7100
1987-02-27,1713.0500
1987-03-02,1708.6100
1987-03-03,1714.6400
1987-03-04,1738.4301
1987-03-05,1749.0000
1987-03-06,1749.4200
1987-03-09,1736.7400
1987-03-10,1750.6899
1987-03-11,1748.7900
1987-03-12,1754.8199
1987-03-13,1747.9399
1987-03-16,1737.6899
1987-03-17,1759.5699
1987-03-18,1762.0100
1987-03-19,1768.7700
1987-03-20,1790.8700
1987-03-23,1806.3101
1987-03-24,1808.9500
1987-03-25,1802.8199
1987-03-26,1805.6801
1987-03-27,1780.3000
1987-03-30,1740.0100
1987-03-31,1754.0800
1987-04-01,1755.6600
1987-04-02,1763.2800
1987-04-03,1799.6500
1987-04-06,1807.6801
1987-04-07,1780.0900
1987-04-08,1781.7800
1987-04-09,1756.1899
1987-04-10,1752.2800
1987-04-13,1714.4200
1987-04-14,1673.9301
1987-04-15,1702.6899
1987-04-16,1719.1801
1987-04-20,1714.9500
1987-04-21,1749.9500
1987-04-22,1718.7600
1987-04-23,1715.3800
1987-04-24,1685.1400
1987-04-27,1684.0800
1987-04-28,1689.6801
1987-04-29,1701.7400
1987-04-30,1722.0400
1987-05-01,1719.7100
1987-05-04,1725.8400
1987-05-05,1758.8300
1987-05-06,1760.2100
1987-05-07,1756.6100
1987-05-08,1749.8500
1987-05-11,1741.3900
1987-05-12,1748.7900
1987-05-13,1752.0699
1987-05-14,1752.7000
1987-05-15,1715.5900
1987-05-18,1707.1300
1987-05-19,1669.9100
1987-05-20,1660.2900
1987-05-21,1671.3900
1987-05-22,1681.8600
1987-05-26,1720.5601
1987-05-27,1719.7100
1987-05-28,1729.9700
1987-05-29,1728.5900
1987-06-01,1728.5900
1987-06-02,1721.0900
1987-06-03,1747.5200
1987-06-04,1756.9301
1987-06-05,1749.8500
1987-06-08,1767.1899
1987-06-09,1769.8300
1987-06-10,1771.4200
1987-06-11,1778.9200
1987-06-12,1795.9500
1987-06-15,1803.8800
1987-06-16,1811.8101
1987-06-17,1812.7600
1987-06-18,1816.9900
1987-06-19,1824.2900
1987-06-22,1837.4000
1987-06-23,1831.5800
1987-06-24,1822.9100
1987-06-25,1835.0699
1987-06-26,1825.7700
1987-06-29,1829.1500
1987-06-30,1808.8500
1987-07-01,1803.0300
1987-07-02,1816.8800
1987-07-06,1813.9200
1987-07-07,1828.0900
1987-07-08,1833.7000
1987-07-09,1830.8400
1987-07-10,1835.2800
1987-07-13,1831.1600
1987-07-14,1846.9100
1987-07-15,1845.9600
1987-07-16,1857.8000
1987-07-17,1868.0601
1987-07-20,1851.2500
1987-07-21,1835.4900
1987-07-22,1834.0100
1987-07-23,1829.5699
1987-07-24,1836.6600
1987-07-27,1844.8000
1987-07-28,1852.9399
1987-07-29,1871.5500
1987-07-30,1885.5100
1987-07-31,1888.8900
1987-08-03,1882.8600
1987-08-04,1875.6700
1987-08-05,1887.8300
1987-08-06,1907.1801
1987-08-07,1912.4700
1987-08-10,1939.7500
1987-08-11,1968.0900
1987-08-12,1963.5400
1987-08-13,1976.7600
1987-08-14,1974.0100
1987-08-17,1974.7500
1987-08-18,1946.8400
1987-08-19,1949.3700
1987-08-20,1977.7100
1987-08-21,1982.6801
1987-08-24,1969.5699
1987-08-25,1987.7600
1987-08-26,1976.6500
1987-08-27,1958.8900
1987-08-28,1934.8900
1987-08-31,1950.4301
1987-09-01,1916.0699
1987-09-02,1904.5400
1987-09-03,1896.2900
1987-09-04,1877.6801
1987-09-08,1860.8700
1987-09-09,1858.7600
1987-09-10,1876.5200
1987-09-11,1903.4800
1987-09-14,1908.9800
1987-09-15,1881.9100
1987-09-16,1866.3700
1987-09-17,1866.0500
1987-09-18,1864.7800
1987-09-21,1842.4700
1987-09-22,1887.0900
1987-09-23,1902.5300
1987-09-24,1891.2200
1987-09-25,1894.1801
1987-09-28,1911.2000
1987-09-29,1903.9100
1987-09-30,1905.8101
1987-10-01,1934.6801
1987-10-02,1939.5400
1987-10-05,1939.6500
1987-10-06,1892.4900
1987-10-07,1887.9399
1987-10-08,1864.3600
1987-10-09,1846.6000
1987-10-12,1834.7500
1987-10-13,1861.1899
1987-10-14,1810.8600
1987-10-15,1770.5699
1987-10-16,1682.6000
1987-10-19,1359.9900
1987-10-20,1406.7300
1987-10-21,1533.4000
1987-10-22,1474.5100
1987-10-23,1472.0699
1987-10-26,1352.1700
1987-10-27,1379.9800
1987-10-28,1377.8600
1987-10-29,1440.9900
1987-10-30,1488.7800
1987-11-02,1509.2900
1987-11-03,1481.4900
1987-11-04,1470.9100
1987-11-05,1499.4600
1987-11-06,1480.7500
1987-11-09,1441.7300
1987-11-10,1417.5100
1987-11-11,1432.3199
1987-11-12,1468.4800
1987-11-13,1454.9500
1987-11-16,1460.8700
1987-11-17,1440.2500
1987-11-18,1454.7300
1987-11-19,1424.4900
1987-11-20,1433.3700
1987-11-23,1439.4000
1987-11-24,1458.4301
1987-11-25,1447.5400
1987-11-27,1429.1500
1987-11-30,1371.3101
1987-12-01,1379.8700
1987-12-02,1387.3800
1987-12-03,1342.9700
1987-12-04,1331.3400
1987-12-07,1355.8700
1987-12-08,1389.6000
1987-12-09,1412.2300
1987-12-10,1385.9000
1987-12-11,1393.5100
1987-12-14,1430.2000
1987-12-15,1433.9000
1987-12-16,1462.7700
1987-12-17,1438.2400
1987-12-18,1471.3300
1987-12-21,1474.9301
1987-12-22,1475.4600
1987-12-23,1494.7000
1987-12-24,1489.3101
1987-12-28,1453.8900
1987-12-29,1446.9100
1987-12-30,1464.6700
1987-12-31,1461.6100
1988-01-04,1510.9900
1988-01-05,1528.3300
1988-01-06,1531.2900
1988-01-07,1542.6000
1988-01-08,1448.9200
1988-01-11,1467.7400
1988-01-12,1456.4301
1988-01-13,1458.6500
1988-01-14,1458.8600
1988-01-15,1492.5900
1988-01-18,1493.4301
1988-01-19,1481.7000
1988-01-20,1445.6400
1988-01-21,1448.2800
1988-01-22,1466.4700
1988-01-25,1496.2900
1988-01-26,1483.0699
1988-01-27,1482.7500
1988-01-28,1503.8000
1988-01-29,1523.9900
1988-02-01,1515.5300
1988-02-02,1518.4900
1988-02-03,1501.1500
1988-02-04,1500.3101
1988-02-05,1494.6000
1988-02-08,1483.9200
1988-02-09,1497.5601
1988-02-10,1525.1500
1988-02-11,1522.5100
1988-02-12,1531.7100
1988-02-16,1543.3400
1988-02-17,1540.8000
1988-02-18,1534.6700
1988-02-19,1553.9200
1988-02-22,1575.0601
1988-02-23,1572.6300
1988-02-24,1570.6200
1988-02-25,1557.5100
1988-02-26,1561.7400
1988-02-29,1590.9200
1988-03-01,1587.9600
1988-03-02,1593.2500
1988-03-03,1593.4600
1988-03-04,1590.6100
1988-03-07,1591.6600
1988-03-08,1603.1899
1988-03-09,1601.7100
1988-03-10,1574.6400
1988-03-11,1580.2400
1988-03-14,1586.6899
1988-03-15,1585.9500
1988-03-16,1599.5900
1988-03-17,1614.4000
1988-03-18,1614.0800
1988-03-21,1601.6000
1988-03-22,1602.1300
1988-03-23,1605.3000
1988-03-24,1575.4900
1988-03-25,1549.9000
1988-03-28,1544.9301
1988-03-29,1556.6600
1988-03-30,1546.0900
1988-03-31,1550.1100
1988-04-04,1534.9900
1988-04-05,1546.8300
1988-04-06,1583.5200
1988-04-07,1589.0200
1988-04-08,1607.5200
1988-04-11,1612.1801
1988-04-12,1619.7900
1988-04-13,1619.9000
1988-04-14,1555.8199
1988-04-15,1554.3400
1988-04-18,1551.9100
1988-04-19,1545.5601
1988-04-20,1534.5699
1988-04-21,1535.7300
1988-04-22,1554.6600
1988-04-25,1567.1300
1988-04-26,1574.7500
1988-04-27,1574.8500
1988-04-28,1568.4000
1988-04-29,1563.5400
1988-05-02,1563.1100
1988-05-03,1570.9399
1988-05-04,1557.5100
1988-05-05,1549.1600
1988-05-06,1542.5000
1988-05-09,1536.1500
1988-05-10,1541.1200
1988-05-11,1517.1200
1988-05-12,1520.2900
1988-05-13,1536.3600
1988-05-16,1545.9900
1988-05-17,1529.4900
1988-05-18,1506.8600
1988-05-19,1512.1500
1988-05-20,1515.2200
1988-05-23,1503.6899
1988-05-24,1517.6500
1988-05-25,1520.1899
1988-05-26,1525.0500
1988-05-27,1519.0200
1988-05-31,1565.3400
1988-06-01,1589.6500
1988-06-02,1582.5699
1988-06-03,1589.3400
1988-06-06,1591.8800
1988-06-07,1582.6801
1988-06-08,1616.4100
1988-06-09,1611.0100
1988-06-10,1616.6200
1988-06-13,1617.9900
1988-06-14,1633.8500
1988-06-15,1635.4399
1988-06-16,1611.8600
1988-06-17,1616.0900
1988-06-20,1606.7800
1988-06-21,1620.8500
1988-06-22,1642.6300
1988-06-23,1639.2500
1988-06-24,1634.2800
1988-06-27,1609.5300
1988-06-28,1625.9200
1988-06-29,1619.1600
1988-06-30,1633.3199
1988-07-01,1624.9700
1988-07-05,1644.9600
1988-07-06,1625.8199
1988-07-07,1624.3400
1988-07-08,1615.7700
1988-07-11,1617.9900
1988-07-12,1603.1899
1988-07-13,1610.0601
1988-07-14,1615.2400
1988-07-15,1624.6500
1988-07-18,1615.9800
1988-07-19,1605.0900
1988-07-20,1613.1300
1988-07-21,1595.5800
1988-07-22,1578.1300
1988-07-25,1583.3101
1988-07-26,1586.3800
1988-07-27,1572.7400
1988-07-28,1590.2900
1988-07-29,1621.4800
1988-08-01,1623.2800
1988-08-02,1623.4900
1988-08-03,1628.6700
1988-08-04,1623.6000
1988-08-05,1618.7300
1988-08-08,1612.7100
1988-08-09,1593.0400
1988-08-10,1567.3400
1988-08-11,1571.2600
1988-08-12,1570.5200
1988-08-15,1549.9000
1988-08-16,1559.5200
1988-08-17,1561.1100
1988-08-18,1562.9000
1988-08-19,1560.0500
1988-08-22,1543.1300
1988-08-23,1543.1300
1988-08-24,1564.1700
1988-08-25,1553.7000
1988-08-26,1556.8800
1988-08-29,1570.7300
1988-08-30,1571.8900
1988-08-31,1567.9800
1988-09-01,1550.9500
1988-09-02,1582.4600
1988-09-06,1588.1700
1988-09-07,1590.0800
1988-09-08,1590.9200
1988-09-09,1594.9399
1988-09-12,1592.7200
1988-09-13,1598.2200
1988-09-14,1608.5800
1988-09-15,1602.9800
1988-09-16,1615.5601
1988-09-19,1606.3600
1988-09-20,1611.8600
1988-09-21,1613.9700
1988-09-22,1608.0500
1988-09-23,1611.2300
1988-09-26,1606.7800
1988-09-27,1603.4000
1988-09-28,1607.5200
1988-09-29,1626.0300
1988-09-30,1623.8101
1988-10-03,1620.2100
1988-10-04,1617.0400
1988-10-05,1624.3400
1988-10-06,1627.6100
1988-10-07,1658.0699
1988-10-10,1659.6500
1988-10-11,1657.6400
1988-10-12,1636.5000
1988-10-13,1642.5200
1988-10-14,1643.7900
1988-10-17,1648.1300
1988-10-18,1663.4600
1988-10-19,1651.4100
1988-10-20,1681.3300
1988-10-21,1685.6600
1988-10-24,1679.6400
1988-10-25,1679.8500
1988-10-26,1674.5601
1988-10-27,1651.3000
1988-10-28,1657.8600
1988-10-31,1659.4399
1988-11-01,1659.8600
1988-11-02,1660.0800
1988-11-03,1660.9200
1988-11-04,1646.3300
1988-11-07,1631.3199
1988-11-08,1637.2400
1988-11-09,1627.5100
1988-11-10,1629.3101
1988-11-11,1599.1700
1988-11-14,1597.0601
1988-11-15,1600.1200
1988-11-16,1575.0601
1988-11-17,1578.0200
1988-11-18,1587.9600
1988-11-21,1587.1200
1988-11-22,1591.8800
1988-11-23,1600.9700
1988-11-25,1592.7200
1988-11-28,1599.2800
1988-11-29,1611.7500
1988-11-30,1627.3000
1988-12-01,1621.6899
1988-12-02,1617.9900
1988-12-05,1633.4301
1988-12-06,1647.1801
1988-12-07,1650.9800
1988-12-08,1642.8400
1988-12-09,1645.1700
1988-12-12,1642.5200
1988-12-13,1641.4700
1988-12-14,1635.9700
1988-12-15,1630.1500
1988-12-16,1640.6200
1988-12-19,1653.5200
1988-12-20,1646.7500
1988-12-21,1646.6500
1988-12-22,1644.2200
1988-12-23,1650.1400
1988-12-27,1645.0601
1988-12-28,1647.4900
1988-12-29,1659.0200
1988-12-30,1652.2500
1989-01-03,1638.7200
1989-01-04,1660.7100
1989-01-05,1665.2600
1989-01-06,1670.2300
1989-01-09,1672.2400
1989-01-10,1669.0601
1989-01-11,1677.5200
1989-01-12,1683.9700
1989-01-13,1687.3600
1989-01-16,1689.4700
1989-01-17,1686.3000
1989-01-18,1702.4800
1989-01-19,1705.0100
1989-01-20,1704.0601
1989-01-23,1693.1700
1989-01-24,1712.8400
1989-01-25,1716.4301
1989-01-26,1729.8600
1989-01-27,1742.3400
1989-01-30,1748.4700
1989-01-31,1761.9000
1989-02-01,1760.2100
1989-02-02,1758.9399
1989-02-03,1760.5300
1989-02-06,1757.2500
1989-02-07,1776.6000
1989-02-08,1773.1100
1989-02-09,1756.6100
1989-02-10,1734.2000
1989-02-13,1735.6801
1989-02-14,1733.4600
1989-02-15,1746.8900
1989-02-16,1750.0601
1989-02-17,1760.0000
1989-02-21,1755.8700
1989-02-22,1729.3300
1989-02-23,1735.0400
1989-02-24,1709.9800
1989-02-27,1712.4200
1989-02-28,1718.1300
1989-03-01,1710.2000
1989-03-02,1725.7400
1989-03-03,1733.0300
1989-03-06,1751.3300
1989-03-07,1747.6300
1989-03-08,1749.4200
1989-03-09,1748.4700
1989-03-10,1743.0800
1989-03-13,1755.2400
1989-03-14,1754.5000
1989-03-15,1762.3199
1989-03-16,1777.4399
1989-03-17,1741.0699
1989-03-20,1724.8900
1989-03-21,1731.9800
1989-03-22,1727.8500
1989-03-23,1719.7100
1989-03-27,1726.9000
1989-03-28,1732.8199
1989-03-29,1736.7400
1989-03-30,1738.1100
1989-03-31,1751.3300
1989-04-03,1759.7900
1989-04-04,1754.7100
1989-04-05,1760.0000
1989-04-06,1755.4500
1989-04-07,1765.0699
1989-04-10,1764.6500
1989-04-11,1771.9500
1989-04-12,1771.5200
1989-04-13,1760.9500
1989-04-14,1785.8000
1989-04-17,1787.4900
1989-04-18,1809.4800
1989-04-19,1815.5100
1989-04-20,1811.2800
1989-04-21,1828.2000
1989-04-24,1823.8600
1989-04-25,1814.4500
1989-04-26,1816.0400
1989-04-27,1829.8900
1989-04-28,1830.6300
1989-05-01,1827.3500
1989-05-02,1822.5900
1989-05-03,1822.3800
1989-05-04,1820.9000
1989-05-05,1820.1600
1989-05-08,1810.8600
1989-05-09,1805.9900
1989-05-10,1809.4800
1989-05-11,1815.6200
1989-05-12,1851.7800
1989-05-15,1863.6200
1989-05-16,1860.1300
1989-05-17,1871.3400
1989-05-18,1874.6200
1989-05-19,1891.8500
1989-05-22,1896.4000
1989-05-23,1878.0000
1989-05-24,1881.8101
1989-05-25,1882.6500
1989-05-26,1895.9800
1989-05-30,1883.2900
1989-05-31,1891.1100
1989-06-01,1899.3600
1989-06-02,1919.0300
1989-06-05,1902.1100
1989-06-06,1913.1100
1989-06-07,1928.0100
1989-06-08,1928.5400
1989-06-09,1928.3300
1989-06-12,1925.6899
1989-06-13,1913.2100
1989-06-14,1912.0500
1989-06-15,1892.3800
1989-06-16,1898.9399
1989-06-19,1901.0500
1989-06-20,1897.8800
1989-06-21,1894.6000
1989-06-22,1903.8000
1989-06-23,1933.5100
1989-06-26,1926.5300
1989-06-27,1936.9000
1989-06-28,1923.0400
1989-06-29,1890.0500
1989-06-30,1881.0699
1989-07-03,1887.5200
1989-07-05,1895.3400
1989-07-06,1892.9100
1989-07-07,1919.7700
1989-07-10,1931.8199
1989-07-11,1941.5500
1989-07-12,1947.1500
1989-07-13,1948.8400
1989-07-14,1956.7700
1989-07-17,1960.0500
1989-07-18,1955.1899
1989-07-19,1978.3400
1989-07-20,1967.8800
1989-07-21,1978.8700
1989-07-24,1967.0300
1989-07-25,1967.7700
1989-07-26,1989.3400
1989-07-27,2011.3400
1989-07-28,2013.0300
1989-07-31,2034.4900
1989-08-01,2023.6000
1989-08-02,2027.8300
1989-08-03,2031.1100
1989-08-04,2026.3500
1989-08-07,2053.3101
1989-08-08,2053.7400
1989-08-09,2042.8400
1989-08-10,2050.9900
1989-08-11,2033.0100
1989-08-14,2023.4900
1989-08-15,2031.0000
1989-08-16,2036.9200
1989-08-17,2029.6300
1989-08-18,2036.9200
1989-08-21,2008.6899
1989-08-22,2010.1700
1989-08-23,2028.4600
1989-08-24,2064.9399
1989-08-25,2059.6599
1989-08-28,2066.6399
1989-08-29,2056.2700
1989-08-30,2060.9299
1989-08-31,2064.7300
1989-09-01,2076.3601
1989-09-05,2070.7600
1989-09-06,2053.2100
1989-09-07,2048.9800
1989-09-08,2050.7800
1989-09-11,2043.9000
1989-09-12,2043.8000
1989-09-13,2033.2200
1989-09-14,2019.0500
1989-09-15,2025.8199
1989-09-18,2034.7000
1989-09-19,2035.0200
1989-09-20,2034.9100
1989-09-21,2031.8500
1989-09-22,2037.8800
1989-09-25,2022.5400
1989-09-26,2024.5500
1989-09-27,2028.2500
1989-09-28,2046.5500
1989-09-29,2050.9900
1989-10-02,2060.8201
1989-10-03,2081.3301
1989-10-04,2093.3899
1989-10-05,2094.1299
1989-10-06,2103.5400
1989-10-09,2107.7700
1989-10-10,2104.1699
1989-10-11,2091.5901
1989-10-12,2082.8101
1989-10-13,1962.0601
1989-10-16,2006.4700
1989-10-17,1997.2700
1989-10-18,2001.8199
1989-10-19,2031.9500
1989-10-20,2031.4301
1989-10-23,2018.5300
1989-10-24,2009.5400
1989-10-25,2003.9301
1989-10-26,1979.6100
1989-10-27,1962.4800
1989-10-30,1962.3800
1989-10-31,1990.4000
1989-11-01,1996.7400
1989-11-02,1984.0500
1989-11-03,1980.2500
1989-11-06,1953.7100
1989-11-07,1963.9600
1989-11-08,1982.3600
1989-11-09,1964.0699
1989-11-10,1986.8000
1989-11-13,1990.1899
1989-11-14,1982.6801
1989-11-15,1995.9000
1989-11-16,1995.7900
1989-11-17,2001.4000
1989-11-20,1988.1801
1989-11-21,1988.3900
1989-11-22,2000.6600
1989-11-24,2012.0800
1989-11-27,2020.9600
1989-11-28,2023.1801
1989-11-29,2011.6500
1989-11-30,2022.7500
1989-12-01,2047.7100
1989-12-04,2052.0400
1989-12-05,2042.7400
1989-12-06,2038.8300
1989-12-07,2034.1700
1989-12-08,2039.8800
1989-12-11,2038.9301
1989-12-12,2055.9600
1989-12-13,2061.9800
1989-12-14,2040.8400
1989-12-15,2045.4900
1989-12-18,2010.8101
1989-12-19,2002.6600
1989-12-20,2004.1400
1989-12-21,2014.3000
1989-12-22,2029.6300
1989-12-26,2027.2000
1989-12-27,2037.4500
1989-12-28,2046.9700
1989-12-29,2062.3000
1990-01-02,2093.6001
1990-01-03,2091.4800
1990-01-04,2075.5200
1990-01-05,2058.0701
1990-01-08,2065.3701
1990-01-09,2044.4301
1990-01-10,2031.4301
1990-01-11,2038.4000
1990-01-12,1991.2400
1990-01-15,1974.2200
1990-01-16,1991.7700
1990-01-17,1975.8101
1990-01-18,1978.0300
1990-01-19,1983.2100
1990-01-22,1937.1100
1990-01-23,1941.3400
1990-01-24,1931.1899
1990-01-25,1909.7200
1990-01-26,1905.4900
1990-01-29,1900.4200
1990-01-30,1886.6700
1990-01-31,1919.1300
1990-02-01,1919.3400
1990-02-02,1932.3500
1990-02-05,1938.6899
1990-02-06,1927.9100
1990-02-07,1948.8400
1990-02-08,1946.5200
1990-02-09,1949.6899
1990-02-12,1930.2300
1990-02-13,1933.4100
1990-02-14,1937.2100
1990-02-15,1952.9700
1990-02-16,1942.9200
1990-02-20,1917.7600
1990-02-21,1914.5900
1990-02-22,1906.2300
1990-02-23,1896.4000
1990-02-26,1916.5900
1990-02-27,1926.1100
1990-02-28,1935.7300
1990-03-01,1940.4900
1990-03-02,1955.8199
1990-03-05,1947.1500
1990-03-06,1968.5100
1990-03-07,1964.2800
1990-03-08,1980.9900
1990-03-09,1968.6200
1990-03-12,1972.1100
1990-03-13,1958.7800
1990-03-14,1963.3300
1990-03-15,1968.8300
1990-03-16,1987.0200
1990-03-19,1994.8400
1990-03-20,1984.7900
1990-03-21,1975.3800
1990-03-22,1952.9700
1990-03-23,1960.9000
1990-03-26,1962.4800
1990-03-27,1981.5200
1990-03-28,1985.4301
1990-03-29,1979.0900
1990-03-30,1975.7000
1990-04-02,1967.5601
1990-04-03,1993.6801
1990-04-04,1980.5699
1990-04-05,1978.8700
1990-04-06,1974.9600
1990-04-09,1980.9900
1990-04-10,1983.9500
1990-04-11,1983.3101
1990-04-12,1996.3199
1990-04-16,1997.8000
1990-04-17,1997.4800
1990-04-18,1976.5500
1990-04-19,1962.1700
1990-04-20,1946.2000
1990-04-23,1923.6801
1990-04-24,1919.2400
1990-04-25,1927.5900
1990-04-26,1931.4000
1990-04-27,1911.1000
1990-04-30,1919.0300
1990-05-01,1926.7500
1990-05-02,1938.5900
1990-05-03,1945.2500
1990-05-04,1960.1600
1990-05-07,1971.4700
1990-05-08,1978.4500
1990-05-09,1982.4700
1990-05-10,1989.3400
1990-05-11,2032.6899
1990-05-14,2047.6000
1990-05-15,2044.0100
1990-05-16,2042.2100
1990-05-17,2045.9100
1990-05-18,2046.5500
1990-05-21,2064.8401
1990-05-22,2068.0100
1990-05-23,2070.8701
1990-05-24,2066.8501
1990-05-25,2048.2400
1990-05-29,2078.4800
1990-05-30,2080.3799
1990-05-31,2082.3899
1990-06-01,2093.9199
1990-06-04,2116.9700
1990-06-05,2114.0100
1990-06-06,2105.7600
1990-06-07,2095.8201
1990-06-08,2072.9800
1990-06-11,2087.4700
1990-06-12,2111.1499
1990-06-13,2104.1699
1990-06-14,2093.3899
1990-06-15,2092.1201
1990-06-18,2061.1399
1990-06-19,2068.3301
1990-06-20,2070.7600
1990-06-21,2077.6299
1990-06-22,2053.8401
1990-06-25,2036.5000
1990-06-26,2035.1300
1990-06-27,2049.9299
1990-06-28,2063.7800
1990-06-29,2066.9500
1990-07-02,2074.7800
1990-07-03,2078.8999
1990-07-05,2056.0601
1990-07-06,2070.1201
1990-07-09,2074.8799
1990-07-10,2059.3401
1990-07-11,2084.1899
1990-07-12,2107.5601
1990-07-13,2118.2400
1990-07-16,2126.6899
1990-07-17,2119.9299
1990-07-18,2112.9500
1990-07-19,2108.1899
1990-07-20,2089.8999
1990-07-23,2053.6299
1990-07-24,2056.0601
1990-07-25,2062.9299
1990-07-26,2057.1201
1990-07-27,2044.1100
1990-07-30,2053.2100
1990-07-31,2057.6499
1990-08-01,2055.3201
1990-08-02,2033.9600
1990-08-03,1996.5300
1990-08-06,1938.3800
1990-08-07,1939.7500
1990-08-08,1960.3700
1990-08-09,1969.2500
1990-08-10,1947.1500
1990-08-13,1962.8000
1990-08-14,1967.7700
1990-08-15,1972.4200
1990-08-16,1932.1400
1990-08-17,1905.2800
1990-08-20,1907.7100
1990-08-21,1870.9200
1990-08-22,1842.1600
1990-08-23,1785.6899
1990-08-24,1808.6400
1990-08-27,1862.8800
1990-08-28,1863.7300
1990-08-29,1879.8000
1990-08-30,1852.8300
1990-08-31,1871.2300
1990-09-04,1872.9200
1990-09-05,1881.3800
1990-09-06,1861.6100
1990-09-07,1876.9399
1990-09-10,1868.3800
1990-09-11,1865.1000
1990-09-12,1872.5000
1990-09-13,1852.0900
1990-09-14,1841.4200
1990-09-17,1846.3800
1990-09-18,1849.1300
1990-09-19,1838.8800
1990-09-20,1810.4301
1990-09-21,1808.4301
1990-09-24,1771.2100
1990-09-25,1789.0800
1990-09-26,1771.3101
1990-09-27,1748.4700
1990-09-28,1774.8000
1990-10-01,1821.0100
1990-10-02,1824.9200
1990-10-03,1805.9900
1990-10-04,1811.6000
1990-10-05,1804.9399
1990-10-08,1814.9800
1990-10-09,1770.1500
1990-10-10,1744.3500
1990-10-11,1715.0601
1990-10-12,1738.5300
1990-10-15,1753.5500
1990-10-16,1730.2900
1990-10-17,1729.7600
1990-10-18,1766.3400
1990-10-19,1801.7600
1990-10-22,1813.6100
1990-10-23,1802.8199
1990-10-24,1803.8800
1990-10-25,1792.3500
1990-10-26,1762.7500
1990-10-29,1747.2000
1990-10-30,1756.0900
1990-10-31,1757.0400
1990-11-01,1772.0500
1990-11-02,1798.2700
1990-11-05,1813.2900
1990-11-06,1799.7500
1990-11-07,1770.7800
1990-11-08,1777.8700
1990-11-09,1809.9100
1990-11-12,1840.5699
1990-11-13,1832.5300
1990-11-14,1847.0200
1990-11-15,1830.5200
1990-11-16,1832.4301
1990-11-19,1843.4200
1990-11-20,1823.7600
1990-11-21,1826.4000
1990-11-23,1822.8101
1990-11-26,1828.8300
1990-11-27,1838.4500
1990-11-28,1838.8800
1990-11-29,1830.7400
1990-11-30,1861.6100
1990-12-03,1872.2900
1990-12-04,1884.1300
1990-12-05,1904.4301
1990-12-06,1900.2100
1990-12-07,1893.4399
1990-12-10,1898.8300
1990-12-11,1886.5699
1990-12-12,1905.9100
1990-12-13,1903.9100
1990-12-14,1889.6300
1990-12-17,1884.4500
1990-12-18,1905.2800
1990-12-19,1906.9700
1990-12-20,1906.6600
1990-12-21,1912.4700
1990-12-24,1903.3800
1990-12-26,1909.6200
1990-12-27,1897.7700
1990-12-28,1899.5699
1990-12-31,1908.4500
1991-01-02,1888.6801
1991-01-03,1865.3101
1991-01-04,1860.4500
1991-01-07,1830.0000
1991-01-08,1825.1300
1991-01-09,1807.7900
1991-01-10,1823.2300
1991-01-11,1826.9301
1991-01-14,1810.3300
1991-01-15,1815.5100
1991-01-16,1829.2600
1991-01-17,1892.4900
1991-01-18,1912.4700
1991-01-21,1907.2900
1991-01-22,1894.8101
1991-01-23,1904.9600
1991-01-24,1931.1899
1991-01-25,1939.0100
1991-01-28,1939.9600
1991-01-29,1938.9000
1991-01-30,1966.9301
1991-01-31,1983.5300
1991-02-01,1981.5200
1991-02-04,2011.9700
1991-02-05,2028.9900
1991-02-06,2065.8999
1991-02-07,2059.1299
1991-02-08,2073.5100
1991-02-11,2123.7300
1991-02-12,2108.7200
1991-02-13,2127.2200
1991-02-14,2103.3301
1991-02-15,2128.3899
1991-02-19,2129.5500
1991-02-20,2106.9199
1991-02-21,2107.0300
1991-02-22,2111.0500
1991-02-25,2120.0300
1991-02-26,2095.9199
1991-02-27,2122.5701
1991-02-28,2122.1499
1991-03-01,2140.0200
1991-03-04,2136.7400
1991-03-05,2175.4399
1991-03-06,2173.2200
1991-03-07,2171.4199
1991-03-08,2167.0901
1991-03-11,2157.4600
1991-03-12,2141.0701
1991-03-13,2163.3899
1991-03-14,2160.0000
1991-03-15,2157.8899
1991-03-18,2149.7500
1991-03-19,2121.7200
1991-03-20,2128.6001
1991-03-21,2123.1001
1991-03-22,2126.6899
1991-03-25,2140.0200
1991-03-26,2173.4299
1991-03-27,2171.0000
1991-03-28,2170.7900
1991-04-01,2150.8000
1991-04-02,2193.2000
1991-04-03,2192.9900
1991-04-04,2196.4800
1991-04-05,2174.5901
1991-04-08,2190.5601
1991-04-09,2164.8701
1991-04-10,2161.4800
1991-04-11,2184.9600
1991-04-12,2200.1799
1991-04-15,2205.5701
1991-04-16,2238.5601
1991-04-17,2254.4299
1991-04-18,2244.3799
1991-04-19,2222.9199
1991-04-22,2203.4600
1991-04-23,2206.5300
1991-04-24,2211.7100
1991-04-25,2194.0500
1991-04-26,2191.6201
1991-04-29,2163.6001
1991-04-30,2171.5300
1991-05-01,2199.6499
1991-05-02,2202.0901
1991-05-03,2203.5701
1991-05-06,2199.2300
1991-05-07,2185.0601
1991-05-08,2190.1399
1991-05-09,2214.9900
1991-05-10,2176.8101
1991-05-13,2181.1499
1991-05-14,2153.5500
1991-05-15,2136.9500
1991-05-16,2157.4600
1991-05-17,2158.6299
1991-05-20,2157.7800
1991-05-21,2173.9600
1991-05-22,2177.5500
1991-05-23,2172.3701
1991-05-24,2185.1699
1991-05-28,2208.5400
1991-05-29,2214.0300
1991-05-30,2236.3401
1991-05-31,2252.1001
1991-06-03,2243.5300
1991-06-04,2242.1599
1991-06-05,2229.7900
1991-06-06,2223.0200
1991-06-07,2201.3401
1991-06-10,2196.5901
1991-06-11,2208.1101
1991-06-12,2184.3201
1991-06-13,2189.6101
1991-06-14,2213.5000
1991-06-17,2203.3501
1991-06-18,2195.4199
1991-06-19,2175.8601
1991-06-20,2176.8101
1991-06-21,2187.3899
1991-06-24,2151.7500
1991-06-25,2148.6899
1991-06-26,2152.1799
1991-06-27,2166.9800
1991-06-28,2151.4399
1991-07-01,2185.2700
1991-07-02,2183.6899
1991-07-03,2162.0100
1991-07-05,2166.7700
1991-07-08,2185.9099
1991-07-09,2177.9800
1991-07-10,2176.8101
1991-07-11,2183.8999
1991-07-12,2201.0300
1991-07-15,2214.0300
1991-07-16,2211.1799
1991-07-17,2210.8601
1991-07-18,2232.0100
1991-07-19,2227.1399
1991-07-22,2219.9500
1991-07-23,2201.6599
1991-07-24,2196.0601
1991-07-25,2207.5801
1991-07-26,2207.5801
1991-07-29,2218.8999
1991-07-30,2237.8201
1991-07-31,2245.2300
1991-08-01,2241.3101
1991-08-02,2241.9500
1991-08-05,2230.9500
1991-08-06,2259.7100
1991-08-07,2260.1299
1991-08-08,2254.6399
1991-08-09,2243.4299
1991-08-12,2247.2300
1991-08-13,2256.0100
1991-08-14,2258.8701
1991-08-15,2256.2200
1991-08-16,2237.6101
1991-08-19,2187.0701
1991-08-20,2202.1899
1991-08-21,2261.6201
1991-08-22,2266.3701
1991-08-23,2281.2800
1991-08-26,2279.8000
1991-08-27,2276.1001
1991-08-28,2296.3000
1991-08-29,2295.7700
1991-08-30,2291.2200
1991-09-03,2274.7300
1991-09-04,2262.2500
1991-09-05,2257.1699
1991-09-06,2257.6001
1991-09-09,2253.6799
1991-09-10,2231.0601
1991-09-11,2233.2800
1991-09-12,2246.0701
1991-09-13,2226.6201
1991-09-16,2237.9299
1991-09-17,2236.7700
1991-09-18,2244.0601
1991-09-19,2249.4600
1991-09-20,2251.9900
1991-09-23,2241.8401
1991-09-24,2251.1499
1991-09-25,2247.2300
1991-09-26,2246.2800
1991-09-27,2243.8501
1991-09-30,2255.8000
1991-10-01,2262.8799
1991-10-02,2258.5500
1991-10-03,2238.7800
1991-10-04,2222.8101
1991-10-07,2211.6001
1991-10-08,2218.2600
1991-10-09,2198.8101
1991-10-10,2215.7300
1991-10-11,2221.2200
1991-10-14,2247.6599
1991-10-15,2272.2900
1991-10-16,2284.4500
1991-10-17,2281.8101
1991-10-18,2285.5100
1991-10-21,2272.0801
1991-10-22,2261.3999
1991-10-23,2260.7700
1991-10-24,2245.0100
1991-10-25,2239.7300
1991-10-28,2267.4299
1991-10-29,2279.4800
1991-10-30,2289.0000
1991-10-31,2289.6399
1991-11-01,2284.0300
1991-11-04,2277.8999
1991-11-05,2269.9700
1991-11-06,2276.5200
1991-11-07,2295.9800
1991-11-08,2292.6001
1991-11-11,2295.2400
1991-11-12,2315.6499
1991-11-13,2319.5601
1991-11-14,2317.9700
1991-11-15,2240.7800
1991-11-18,2252.5200
1991-11-19,2219.5300
1991-11-20,2214.4600
1991-11-21,2222.7000
1991-11-22,2201.0300
1991-11-25,2194.7900
1991-11-26,2207.4800
1991-11-27,2201.6599
1991-11-29,2196.6899
1991-12-02,2227.3601
1991-12-03,2226.3000
1991-12-04,2221.8601
1991-12-05,2209.4900
1991-12-06,2217.7300
1991-12-09,2212.1299
1991-12-10,2208.4299
1991-12-11,2204.9399
1991-12-12,2225.1399
1991-12-13,2240.5701
1991-12-16,2242.4800
1991-12-17,2233.2800
1991-12-18,2235.7100
1991-12-19,2230.1101
1991-12-20,2253.5801
1991-12-23,2306.4500
1991-12-24,2322.5200
1991-12-26,2353.8201
1991-12-27,2365.8701
1991-12-30,2413.1399
1991-12-31,2426.0400
1992-01-02,2423.1799
1992-01-03,2435.6599
1992-01-06,2430.3701
1992-01-07,2428.6799
1992-01-08,2434.3899
1992-01-09,2434.3899
1992-01-10,2420.8601
1992-01-13,2415.7800
1992-01-14,2448.5601
1992-01-15,2451.4099
1992-01-16,2437.7700
1992-01-17,2441.3701
1992-01-20,2428.4700
1992-01-21,2407.0000
1992-01-22,2433.9700
1992-01-23,2420.2200
1992-01-24,2423.1799
1992-01-27,2420.7500
1992-01-28,2420.8601
1992-01-29,2396.4299
1992-01-30,2404.1499
1992-01-31,2391.7800
1992-02-03,2396.1101
1992-02-04,2419.1599
1992-02-05,2420.0100
1992-02-06,2420.9600
1992-02-07,2407.1101
1992-02-10,2420.6399
1992-02-11,2420.7500
1992-02-12,2437.6699
1992-02-13,2418.5300
1992-02-14,2412.5000
1992-02-18,2385.9600
1992-02-19,2388.0801
1992-02-20,2417.1499
1992-02-21,2405.1001
1992-02-24,2406.7900
1992-02-25,2396.8501
1992-02-26,2423.8201
1992-02-27,2418.7400
1992-02-28,2413.0300
1992-03-02,2412.9299
1992-03-03,2415.3601
1992-03-04,2396.6399
1992-03-05,2378.2400
1992-03-06,2366.3000
1992-03-09,2370.1001
1992-03-10,2379.3000
1992-03-11,2363.7600
1992-03-12,2361.1101
1992-03-13,2371.6899
1992-03-16,2373.1699
1992-03-17,2389.7700
1992-03-18,2389.0300
1992-03-19,2392.3101
1992-03-20,2399.8101
1992-03-23,2393.7900
1992-03-24,2388.5000
1992-03-25,2383.2100
1992-03-26,2384.2700
1992-03-27,2361.2200
1992-03-30,2357.8401
1992-03-31,2360.5901
1992-04-01,2362.3799
1992-04-02,2342.1899
1992-04-03,2345.8899
1992-04-06,2366.3000
1992-04-07,2326.2200
1992-04-08,2304.2300
1992-04-09,2337.8501
1992-04-10,2360.8000
1992-04-13,2370.2100
1992-04-14,2403.5100
1992-04-15,2422.9700
1992-04-16,2420.3301
1992-04-20,2387.2300
1992-04-21,2386.4900
1992-04-22,2383.5300
1992-04-23,2391.3501
1992-04-24,2380.3601
1992-04-27,2378.4500
1992-04-28,2380.3601
1992-04-29,2395.8000
1992-04-30,2413.9800
1992-05-01,2402.3501
1992-05-04,2425.8301
1992-05-05,2426.6699
1992-05-06,2427.3101
1992-05-07,2422.2300
1992-05-08,2435.4500
1992-05-11,2436.9299
1992-05-12,2426.1399
1992-05-13,2426.0400
1992-05-14,2407.8501
1992-05-15,2392.9399
1992-05-18,2406.4800
1992-05-19,2424.7700
1992-05-20,2420.7500
1992-05-21,2405.2100
1992-05-22,2412.9299
1992-05-26,2398.7600
1992-05-27,2401.8201
1992-05-28,2423.9199
1992-05-29,2420.0100
1992-06-01,2430.8999
1992-06-02,2412.9299
1992-06-03,2417.6799
1992-06-04,2409.7500
1992-06-05,2409.5400
1992-06-08,2407.7400
1992-06-09,2389.1299
1992-06-10,2372.3201
1992-06-11,2380.1499
1992-06-12,2384.4800
1992-06-15,2385.6499
1992-06-16,2376.1299
1992-06-17,2341.5500
1992-06-18,2332.6699
1992-06-19,2346.9500
1992-06-22,2342.7200
1992-06-23,2347.2600
1992-06-24,2345.3601
1992-06-25,2342.3999
1992-06-26,2343.9800
1992-06-29,2373.1699
1992-06-30,2372.0000
1992-07-01,2397.5901
1992-07-02,2394.0000
1992-07-06,2404.8899
1992-07-07,2380.6799
1992-07-08,2384.2700
1992-07-09,2406.0500
1992-07-10,2409.5400
1992-07-13,2411.2300
1992-07-14,2426.7800
1992-07-15,2423.5000
1992-07-16,2426.5701
1992-07-17,2416.2000
1992-07-20,2405.6299
1992-07-21,2405.2100
1992-07-22,2391.0400
1992-07-23,2396.6399
1992-07-24,2394.7400
1992-07-27,2394.9500
1992-07-28,2427.0901
1992-07-29,2452.5801
1992-07-30,2462.5200
1992-07-31,2465.2700
1992-08-03,2470.6599
1992-08-04,2467.8000
1992-08-05,2456.1699
1992-08-06,2447.8201
1992-08-07,2440.3101
1992-08-10,2441.0500
1992-08-11,2438.4099
1992-08-12,2431.8501
1992-08-13,2431.4299
1992-08-14,2443.1699
1992-08-17,2448.8799
1992-08-18,2452.0500
1992-08-19,2436.2900
1992-08-20,2435.9800
1992-08-21,2417.2600
1992-08-24,2393.2600
1992-08-25,2394.6299
1992-08-26,2405.3101
1992-08-27,2407.9600
1992-08-28,2415.3601
1992-08-31,2411.1299
1992-09-01,2421.6001
1992-09-02,2432.0601
1992-09-03,2433.2300
1992-09-04,2429.3101
1992-09-08,2414.7200
1992-09-09,2422.4399
1992-09-10,2440.2100
1992-09-11,2440.4199
1992-09-14,2471.3999
1992-09-15,2442.9500
1992-09-16,2443.2700
1992-09-17,2442.2100
1992-09-18,2457.2300
1992-09-21,2451.9399
1992-09-22,2426.4600
1992-09-23,2425.8301
1992-09-24,2431.7500
1992-09-25,2407.9600
1992-09-28,2418.2100
1992-09-29,2420.3301
1992-09-30,2426.2500
1992-10-01,2418.5300
1992-10-02,2387.6499
1992-10-05,2370.0000
1992-10-06,2369.4700
1992-10-07,2356.2500
1992-10-08,2375.0701
1992-10-09,2348.5300
1992-10-12,2371.4800
1992-10-13,2382.3701
1992-10-14,2383.2100
1992-10-15,2384.8000
1992-10-16,2394.3201
1992-10-19,2413.3501
1992-10-20,2416.9399
1992-10-21,2417.1499
1992-10-22,2411.8701
1992-10-23,2409.0100
1992-10-26,2429.6299
1992-10-27,2432.0601
1992-10-28,2441.5801
1992-10-29,2446.9700
1992-10-30,2437.9900
1992-11-02,2458.1799
1992-11-03,2445.0701
1992-11-04,2429.7400
1992-11-05,2435.8701
1992-11-06,2432.9099
1992-11-09,2438.6201
1992-11-10,2438.9399
1992-11-11,2459.2400
1992-11-12,2461.8799
1992-11-13,2459.8701
1992-11-16,2450.7800
1992-11-17,2443.4800
1992-11-18,2462.3000
1992-11-19,2466.3201
1992-11-20,2482.5000
1992-11-23,2475.4199
1992-11-24,2487.6799
1992-11-25,2496.7800
1992-11-27,2503.0100
1992-11-30,2510.7300
1992-12-01,2508.0901
1992-12-02,2503.2200
1992-12-03,2503.4399
1992-12-04,2514.1201
1992-12-07,2530.9299
1992-12-08,2540.2300
1992-12-09,2531.7700
1992-12-10,2526.8000
1992-12-11,2523.2100
1992-12-14,2518.2400
1992-12-15,2516.7600
1992-12-16,2508.7200
1992-12-17,2528.3899
1992-12-18,2559.6899
1992-12-21,2555.8799
1992-12-22,2555.4600
1992-12-23,2548.2700
1992-12-24,2550.7000
1992-12-28,2548.3701
1992-12-29,2544.6699
1992-12-30,2549.9600
1992-12-31,2539.9199
1993-01-04,2536.4299
1993-01-05,2529.7700
1993-01-06,2528.7100
1993-01-07,2508.7200
1993-01-08,2497.6201
1993-01-11,2506.9299
1993-01-12,2508.0901
1993-01-13,2517.8201
1993-01-14,2533.4700
1993-01-15,2542.6699
1993-01-18,2541.1799
1993-01-19,2534.1001
1993-01-20,2525.9600
1993-01-21,2535.7900
1993-01-22,2542.0300
1993-01-25,2563.8101
1993-01-26,2564.4500
1993-01-27,2553.0300
1993-01-28,2555.6699
1993-01-29,2558.0000
1993-02-01,2577.9800
1993-02-02,2579.7800
1993-02-03,2605.8999
1993-02-04,2622.0701
1993-02-05,2618.0601
1993-02-08,2612.4500
1993-02-09,2596.2700
1993-02-10,2600.3999
1993-02-11,2608.7500
1993-02-12,2593.7400
1993-02-16,2532.3000
1993-02-17,2524.3701
1993-02-18,2517.3899
1993-02-19,2529.9800
1993-02-22,2532.6201
1993-02-23,2531.0300
1993-02-24,2564.1299
1993-02-25,2573.4299
1993-02-26,2580.8401
1993-03-01,2577.4500
1993-03-02,2606.8501
1993-03-03,2616.0500
1993-03-04,2606.7400
1993-03-05,2601.0300
1993-03-08,2645.0200
1993-03-09,2645.6499
1993-03-10,2657.8101
1993-03-11,2645.5500
1993-03-12,2623.9800
1993-03-15,2632.5400
1993-03-16,2630.8501
1993-03-17,2615.2000
1993-03-18,2634.1299
1993-03-19,2624.1899
1993-03-22,2615.3101
1993-03-23,2614.4600
1993-03-24,2610.7600
1993-03-25,2625.7700
1993-03-26,2612.4500
1993-03-29,2627.3601
1993-03-30,2634.7600
1993-03-31,2637.3000
1993-04-01,2630.1101
1993-04-02,2582.0000
1993-04-05,2584.2200
1993-04-06,2575.9700
1993-04-07,2583.3701
1993-04-08,2578.3000
1993-04-12,2610.7600
1993-04-13,2620.7000
1993-04-14,2619.4299
1993-04-15,2615.8401
1993-04-16,2619.5400
1993-04-19,2611.9199
1993-04-20,2598.1799
1993-04-21,2591.3000
1993-04-22,2570.2600
1993-04-23,2557.2600
1993-04-26,2536.7400
1993-04-27,2558.1001
1993-04-28,2557.7900
1993-04-29,2563.9199
1993-04-30,2574.2800
1993-05-03,2585.7000
1993-05-04,2593.0000
1993-05-05,2598.1799
1993-05-06,2592.8899
1993-05-07,2587.1799
1993-05-10,2590.8799
1993-05-11,2599.8701
1993-05-12,2601.7700
1993-05-13,2572.2700
1993-05-14,2573.0100
1993-05-17,2575.5500
1993-05-18,2575.0200
1993-05-19,2610.2300
1993-05-20,2626.7300
1993-05-21,2603.9900
1993-05-24,2612.4500
1993-05-25,2619.1101
1993-05-26,2642.3799
1993-05-27,2637.4099
1993-05-28,2628.6299
1993-06-01,2646.3899
1993-06-02,2646.2900
1993-06-03,2639.1001
1993-06-04,2624.6101
1993-06-07,2609.6001
1993-06-08,2592.1499
1993-06-09,2598.7100
1993-06-10,2596.1699
1993-06-11,2603.6799
1993-06-14,2605.5801
1993-06-15,2600.2900
1993-06-16,2607.4800
1993-06-17,2613.9299
1993-06-18,2589.9299
1993-06-21,2603.1499
1993-06-22,2602.0901
1993-06-23,2589.7200
1993-06-24,2607.4800
1993-06-25,2613.8301
1993-06-28,2638.3601
1993-06-29,2633.4900
1993-06-30,2633.9199
1993-07-01,2629.0500
1993-07-02,2612.9800
1993-07-06,2591.3000
1993-07-07,2597.7500
1993-07-08,2625.7700
1993-07-09,2624.2900
1993-07-12,2629.0500
1993-07-13,2626.3000
1993-07-14,2636.5601
1993-07-15,2632.4399
1993-07-16,2616.4700
1993-07-19,2615.2000
1993-07-20,2619.2200
1993-07-21,2618.0601
1993-07-22,2603.8899
1993-07-23,2616.5801
1993-07-26,2629.4800
1993-07-27,2625.8799
1993-07-28,2620.8000
1993-07-29,2636.4500
1993-07-30,2627.4700
1993-08-02,2638.4600
1993-08-03,2635.5000
1993-08-04,2632.1201
1993-08-05,2628.0000
1993-08-06,2631.9099
1993-08-09,2644.2800
1993-08-10,2639.5200
1993-08-11,2643.3301
1993-08-12,2634.6599
1993-08-13,2640.2600
1993-08-16,2649.3501
1993-08-17,2656.8601
1993-08-18,2673.7800
1993-08-19,2677.5901
1993-08-20,2677.8000
1993-08-23,2674.2000
1993-08-24,2697.8899
1993-08-25,2700.0000
1993-08-26,2705.0801
1993-08-27,2700.5300
1993-08-30,2707.3000
1993-08-31,2716.1799
1993-09-01,2716.1799
1993-09-02,2708.0400
1993-09-03,2709.2000
1993-09-07,2691.9700
1993-09-08,2676.8501
1993-09-09,2682.9800
1993-09-10,2706.1299
1993-09-13,2707.5100
1993-09-14,2695.9800
1993-09-15,2703.3899
1993-09-16,2695.6699
1993-09-17,2692.7100
1993-09-20,2672.7200
1993-09-21,2660.2400
1993-09-22,2678.0100
1993-09-23,2687.1001
1993-09-24,2687.6299
1993-09-27,2709.1001
1993-09-28,2708.5701
1993-09-29,2702.6499
1993-09-30,2698.7300
1993-10-01,2709.9399
1993-10-04,2710.5801
1993-10-05,2711.1001
1993-10-06,2709.6201
1993-10-07,2700.9500
1993-10-08,2704.8701
1993-10-11,2710.0500
1993-10-12,2713.9600
1993-10-13,2714.8101
1993-10-14,2739.8701
1993-10-15,2754.2500
1993-10-18,2749.1699
1993-10-19,2733.9399
1993-10-20,2730.9800
1993-10-21,2727.0701
1993-10-22,2718.0801
1993-10-25,2720.9399
1993-10-26,2720.3000
1993-10-27,2722.3101
1993-10-28,2738.4900
1993-10-29,2742.6101
1993-11-01,2748.5400
1993-11-02,2743.5701
1993-11-03,2712.1599
1993-11-04,2680.1201
1993-11-05,2687.8401
1993-11-08,2693.3401
1993-11-09,2695.9800
1993-11-10,2712.8999
1993-11-11,2707.7200
1993-11-12,2723.4800
1993-11-15,2713.0100
1993-11-16,2725.9099
1993-11-17,2715.4399
1993-11-18,2708.9900
1993-11-19,2701.9099
1993-11-22,2677.8000
1993-11-23,2688.2700
1993-11-24,2697.6799
1993-11-26,2702.7500
1993-11-29,2697.0400
1993-11-30,2694.0801
1993-12-01,2699.1599
1993-12-02,2705.1799
1993-12-03,2714.7000
1993-12-06,2724.3201
1993-12-07,2727.8101
1993-12-08,2727.7100
1993-12-09,2717.4500
1993-12-10,2716.7100
1993-12-13,2723.6899
1993-12-14,2708.8799
1993-12-15,2700.8501
1993-12-16,2708.4600
1993-12-17,2725.8000
1993-12-20,2723.6899
1993-12-21,2718.9299
1993-12-22,2729.6101
1993-12-23,2733.2000
1993-12-27,2749.9099
1993-12-28,2754.4600
1993-12-29,2756.2500
1993-12-30,2746.7400
1993-12-31,2739.4399
1994-01-03,2730.8799
1994-01-04,2737.2200
1994-01-05,2741.8701
1994-01-06,2738.6001
1994-01-07,2752.7700
1994-01-10,2778.3501
1994-01-11,2773.0701
1994-01-12,2774.2300
1994-01-13,2767.4600
1994-01-14,2779.8301
1994-01-17,2773.6001
1994-01-18,2778.3501
1994-01-19,2780.3601
1994-01-20,2783.3201
1994-01-21,2782.1599
1994-01-24,2767.6699
1994-01-25,2761.1201
1994-01-26,2773.0701
1994-01-27,2795.4800
1994-01-28,2806.4800
1994-01-31,2824.2400
1994-02-01,2817.2600
1994-02-02,2830.6899
1994-02-03,2825.0901
1994-02-04,2761.9600
1994-02-07,2770.4199
1994-02-08,2769.8899
1994-02-09,2779.8301
1994-02-10,2760.1699
1994-02-11,2763.0200
1994-02-14,2762.4900
1994-02-15,2774.1201
1994-02-16,2776.1299
1994-02-17,2763.7600
1994-02-18,2747.8000
1994-02-22,2764.8201
1994-02-23,2761.1201
1994-02-24,2725.3799
1994-02-25,2734.0500
1994-02-28,2741.0300
1994-03-01,2726.0100
1994-03-02,2722.4199
1994-03-03,2714.0701
1994-03-04,2724.8501
1994-03-07,2739.3401
1994-03-08,2733.1001
1994-03-09,2736.2700
1994-03-10,2719.7700
1994-03-11,2733.6299
1994-03-14,2738.7000
1994-03-15,2738.4900
1994-03-16,2752.7700
1994-03-17,2760.9099
1994-03-18,2763.4399
1994-03-21,2748.2200
1994-03-22,2751.7100
1994-03-23,2752.1299
1994-03-24,2727.6001
1994-03-25,2709.9399
1994-03-28,2701.5901
1994-03-29,2657.1799
1994-03-30,2615.3101
1994-03-31,2612.3501
1994-04-04,2570.8999
1994-04-05,2626.6201
1994-04-06,2629.2600
1994-04-07,2645.7600
1994-04-08,2625.3501
1994-04-11,2637.6201
1994-04-12,2625.9900
1994-04-13,2616.5801
1994-04-14,2617.6299
1994-04-15,2618.6899
1994-04-18,2597.9700
1994-04-19,2594.4800
1994-04-20,2586.9700
1994-04-21,2624.1899
1994-04-22,2621.7600
1994-04-25,2648.3999
1994-04-26,2647.7700
1994-04-28,2634.2300
1994-04-29,2647.2400
1994-05-02,2658.2400
1994-05-03,2657.8101
1994-05-04,2651.3601
1994-05-05,2648.6101
1994-05-06,2627.2500
1994-05-09,2594.0500
1994-05-10,2611.0801
1994-05-11,2585.3799
1994-05-12,2596.3799
1994-05-13,2598.6001
1994-05-16,2598.8101
1994-05-17,2623.6599
1994-05-18,2651.1499
1994-05-19,2666.2700
1994-05-20,2660.1399
1994-05-23,2651.6799
1994-05-24,2658.2400
1994-05-25,2665.2100
1994-05-26,2671.0300
1994-05-27,2672.9299
1994-05-31,2667.1201
1994-06-01,2673.5701
1994-06-02,2676.0000
1994-06-03,2689.3201
1994-06-06,2687.5300
1994-06-07,2682.5601
1994-06-08,2676.0000
1994-06-09,2676.1101
1994-06-10,2681.3899
1994-06-13,2683.1899
1994-06-14,2697.3601
1994-06-15,2687.2100
1994-06-16,2696.2000
1994-06-17,2678.2200
1994-06-20,2658.2400
1994-06-21,2633.9199
1994-06-22,2643.1201
1994-06-23,2625.3501
1994-06-24,2585.8101
1994-06-27,2605.8999
1994-06-28,2599.0200
1994-06-29,2608.7500
1994-06-30,2592.2600
1994-07-01,2604.7300
1994-07-05,2606.5300
1994-07-06,2606.8501
1994-07-07,2617.7400
1994-07-08,2623.4500
1994-07-11,2617.0000
1994-07-12,2616.6799
1994-07-13,2620.7000
1994-07-14,2649.3501
1994-07-15,2654.6399
1994-07-18,2658.6599
1994-07-19,2652.8401
1994-07-20,2640.2600
1994-07-21,2644.0701
1994-07-22,2645.9700
1994-07-25,2651.0500
1994-07-26,2645.9700
1994-07-27,2641.7400
1994-07-28,2649.7800
1994-07-29,2671.1399
1994-08-01,2686.2600
1994-08-02,2687.3101
1994-08-03,2691.8601
1994-08-04,2678.0100
1994-08-05,2669.8701
1994-08-08,2675.0500
1994-08-09,2674.7300
1994-08-10,2687.8401
1994-08-11,2678.4299
1994-08-12,2693.8701
1994-08-15,2691.2300
1994-08-16,2709.5200
1994-08-17,2711.1001
1994-08-18,2701.4800
1994-08-19,2704.8701
1994-08-22,2699.1599
1994-08-23,2711.5300
1994-08-24,2734.4700
1994-08-25,2729.9299
1994-08-26,2757.8401
1994-08-29,2762.7000
1994-08-30,2771.3701
1994-08-31,2770.2100
1994-09-01,2759.5300
1994-09-02,2748.4299
1994-09-06,2750.3301
1994-09-07,2746.8401
1994-09-08,2757.8401
1994-09-09,2732.0400
1994-09-12,2720.8301
1994-09-13,2726.3301
1994-09-14,2733.1001
1994-09-15,2764.1799
1994-09-16,2746.7400
1994-09-19,2745.2600
1994-09-20,2705.9199
1994-09-21,2693.2300
1994-09-22,2691.2300
1994-09-23,2683.7200
1994-09-26,2689.8501
1994-09-27,2694.9299
1994-09-28,2710.7900
1994-09-29,2697.8899
1994-09-30,2701.8000
1994-10-03,2695.6699
1994-10-04,2658.8701
1994-10-05,2647.2400
1994-10-06,2642.6899
1994-10-07,2657.5000
1994-10-10,2676.6299
1994-10-11,2710.8899
1994-10-12,2710.5801
1994-10-13,2722.0000
1994-10-14,2727.9199
1994-10-17,2727.6001
1994-10-18,2720.0901
1994-10-19,2731.4099
1994-10-20,2712.5801
1994-10-21,2702.5400
1994-10-24,2680.4399
1994-10-25,2680.5500
1994-10-26,2684.7800
1994-10-27,2702.3301
1994-10-28,2743.1399
1994-10-31,2735.3201
1994-11-01,2714.7000
1994-11-02,2706.6599
1994-11-03,2713.8501
1994-11-04,2687.9500
1994-11-07,2688.7900
1994-11-08,2699.2600
1994-11-09,2696.4099
1994-11-10,2689.4299
1994-11-11,2677.8000
1994-11-14,2694.6101
1994-11-15,2691.2300
1994-11-16,2693.2300
1994-11-17,2680.3301
1994-11-18,2667.7500
1994-11-21,2649.5701
1994-11-22,2604.5200
1994-11-23,2603.0400
1994-11-25,2618.0601
1994-11-28,2627.1499
1994-11-29,2631.8000
1994-11-30,2626.6201
1994-12-01,2601.5601
1994-12-02,2622.3899
1994-12-05,2623.1299
1994-12-06,2620.7000
1994-12-07,2610.1299
1994-12-08,2577.8799
1994-12-09,2581.7900
1994-12-12,2593.3101
1994-12-13,2598.1799
1994-12-14,2625.7700
1994-12-15,2632.4399
1994-12-16,2649.1399
1994-12-19,2643.8601
1994-12-20,2641.3201
1994-12-21,2653.3701
1994-12-22,2650.9399
1994-12-23,2653.4800
1994-12-27,2664.4700
1994-12-28,2657.0701
1994-12-29,2658.6599
1994-12-30,2653.3701
1995-01-03,2651.1499
1995-01-04,2658.8701
1995-01-05,2658.1299
1995-01-06,2660.2400
1995-01-09,2660.1399
1995-01-10,2661.3000
1995-01-11,2661.6201
1995-01-12,2661.6201
1995-01-13,2685.2000
1995-01-16,2704.8701
1995-01-17,2709.5200
1995-01-18,2706.5601
1995-01-19,2689.7500
1995-01-20,2679.1699
1995-01-23,2680.1201
1995-01-24,2682.5601
1995-01-25,2690.0601
1995-01-26,2695.4600
1995-01-27,2705.7100
1995-01-30,2695.2400
1995-01-31,2706.1299
1995-02-01,2706.8799
1995-02-02,2719.3501
1995-02-03,2753.8201
1995-02-06,2767.6699
1995-02-07,2766.5100
1995-02-08,2766.8301
1995-02-09,2761.9600
1995-02-10,2768.2000
1995-02-13,2768.7300
1995-02-14,2771.6899
1995-02-15,2782.8999
1995-02-16,2783.7500
1995-02-17,2768.5200
1995-02-21,2770.1101
1995-02-22,2781.3101
1995-02-23,2794.0000
1995-02-24,2800.5601
1995-02-27,2777.5100
1995-02-28,2798.3401
1995-03-01,2788.9299
1995-03-02,2784.7000
1995-03-03,2783.9600
1995-03-06,2782.0500
1995-03-07,2762.3899
1995-03-08,2766.0901
1995-03-09,2766.1899
1995-03-10,2800.2400
1995-03-13,2803.8401
1995-03-14,2818.2200
1995-03-15,2814.2000
1995-03-16,2832.9099
1995-03-17,2832.0701
1995-03-20,2834.2900
1995-03-21,2829.3201
1995-03-22,2831.6499
1995-03-23,2832.9099
1995-03-24,2860.1899
1995-03-27,2873.0901
1995-03-28,2875.2100
1995-03-29,2874.3601
1995-03-30,2874.2600
1995-03-31,2865.8999
1995-04-03,2870.6599
1995-04-04,2889.6899
1995-04-05,2891.7000
1995-04-06,2894.8799
1995-04-07,2894.3501
1995-04-10,2896.9900
1995-04-11,2889.6899
1995-04-12,2897.6299
1995-04-13,2907.7800
1995-04-17,2892.3401
1995-04-18,2886.9500
1995-04-19,2883.6699
1995-04-20,2887.5801
1995-04-21,2905.2400
1995-04-24,2927.2300
1995-04-25,2922.4700
1995-04-26,2923.5300
1995-04-27,2927.5500
1995-04-28,2932.2000
1995-05-01,2930.3999
1995-05-02,2933.4700
1995-05-03,2960.0100
1995-05-04,2959.6899
1995-05-05,2959.5901
1995-05-08,2978.4099
1995-05-09,2979.0400
1995-05-10,2986.1299
1995-05-11,2986.6599
1995-05-12,2991.3101
1995-05-15,3003.0500
1995-05-16,3005.7900
1995-05-17,2997.8601
1995-05-18,2958.5300
1995-05-19,2955.2500
1995-05-22,2976.7200
1995-05-23,3000.8201
1995-05-24,3002.7300
1995-05-25,3002.2000
1995-05-26,2977.3501
1995-05-30,2980.4199
1995-05-31,3028.7400
1995-06-01,3031.8101
1995-06-02,3029.6899
1995-06-05,3045.7600
1995-06-06,3047.6699
1995-06-07,3034.2400
1995-06-08,3028.8501
1995-06-09,3003.4700
1995-06-12,3019.4299
1995-06-13,3047.1399
1995-06-14,3048.9399
1995-06-15,3053.2700
1995-06-16,3065.9600
1995-06-19,3089.4299
1995-06-20,3084.9900
1995-06-21,3083.4099
1995-06-22,3118.5100
1995-06-23,3110.4700
1995-06-26,3082.0300
1995-06-27,3074.3101
1995-06-28,3084.1499
1995-06-29,3079.7000
1995-06-30,3085.8401
1995-07-03,3098.0000
1995-07-05,3100.3201
1995-07-06,3134.3701
1995-07-07,3147.9099
1995-07-10,3151.2900
1995-07-11,3142.4099
1995-07-12,3171.3799
1995-07-13,3169.8999
1995-07-14,3160.4900
1995-07-17,3172.2200
1995-07-18,3154.9900
1995-07-19,3118.3000
1995-07-20,3133.6299
1995-07-21,3136.9099
1995-07-24,3150.8701
1995-07-25,3171.2700
1995-07-26,3174.9700
1995-07-27,3194.6399
1995-07-28,3186.7100
1995-07-31,3186.0801
1995-08-01,3175.0801
1995-08-02,3173.8101
1995-08-03,3171.3799
1995-08-04,3171.1699
1995-08-07,3177.8301
1995-08-08,3178.3601
1995-08-09,3172.7500
1995-08-10,3164.1899
1995-08-11,3148.5400
1995-08-14,3169.4800
1995-08-15,3163.9800
1995-08-16,3170.4299
1995-08-17,3168.2100
1995-08-18,3169.8999
1995-08-21,3171.1699
1995-08-22,3173.8101
1995-08-23,3161.6499
1995-08-24,3165.2500
1995-08-25,3181.1101
1995-08-28,3179.4199
1995-08-29,3182.2700
1995-08-30,3186.9199
1995-08-31,3193.2700
1995-09-01,3206.2700
1995-09-05,3229.9600
1995-09-06,3239.6899
1995-09-07,3238.2100
1995-09-08,3250.2600
1995-09-11,3255.5500
1995-09-12,3270.8799
1995-09-13,3281.8701
1995-09-14,3306.9299
1995-09-15,3309.5801
1995-09-18,3304.9299
1995-09-19,3310.7400
1995-09-20,3323.6399
1995-09-21,3306.5100
1995-09-22,3297.7400
1995-09-25,3296.4700
1995-09-26,3297.1001
1995-09-27,3291.8101
1995-09-28,3312.6399
1995-09-29,3312.3301
1995-10-02,3299.8501
1995-10-03,3299.9600
1995-10-04,3296.2500
1995-10-05,3299.1101
1995-10-06,3303.0200
1995-10-09,3281.5601
1995-10-10,3271.6201
1995-10-11,3283.2500
1995-10-12,3302.9199
1995-10-13,3316.4500
1995-10-16,3309.4700
1995-10-17,3321.2100
1995-10-18,3323.2200
1995-10-19,3334.8501
1995-10-20,3318.3501
1995-10-23,3302.3899
1995-10-24,3308.5200
1995-10-25,3285.3601
1995-10-26,3252.0601
1995-10-27,3263.3701
1995-10-30,3279.3401
1995-10-31,3273.7300
1995-11-01,3288.6399
1995-11-02,3316.8701
1995-11-03,3323.0100
1995-11-06,3316.1299
1995-11-07,3309.4700
1995-11-08,3336.5400
1995-11-09,3340.9800
1995-11-10,3338.9700
1995-11-13,3337.3899
1995-11-14,3325.0200
1995-11-15,3346.2700
1995-11-16,3367.5200
1995-11-17,3384.8601
1995-11-20,3372.1699
1995-11-21,3386.0300
1995-11-22,3380.5300
1995-11-24,3387.8201
1995-11-27,3396.6001
1995-11-28,3415.2100
1995-11-29,3425.7800
1995-11-30,3421.5500
1995-12-01,3430.4399
1995-12-04,3463.9500
1995-12-05,3487.1101
1995-12-06,3498.1101
1995-12-07,3476.3301
1995-12-08,3478.9700
1995-12-11,3491.1299
1995-12-12,3487.2200
1995-12-13,3501.7000
1995-12-14,3479.8101
1995-12-15,3475.1599
1995-12-18,3422.2900
1995-12-19,3443.9700
1995-12-20,3421.7600
1995-12-21,3442.9099
1995-12-22,3450.7400
1995-12-26,3464.3799
1995-12-27,3469.5601
1995-12-28,3471.8799
1995-12-29,3484.1499
1996-01-02,3507.4099
1996-01-03,3517.1399
1996-01-04,3496.9399
1996-01-05,3491.2300
1996-01-08,3502.6499
1996-01-09,3462.6899
1996-01-10,3398.5000
1996-01-11,3418.2800
1996-01-12,3414.7900
1996-01-15,3407.8101
1996-01-16,3445.2400
1996-01-17,3439.5300
1996-01-18,3448.6201
1996-01-19,3466.7000
1996-01-22,3475.5901
1996-01-23,3473.7900
1996-01-24,3507.5200
1996-01-25,3495.1499
1996-01-26,3519.3601
1996-01-29,3533.7400
1996-01-30,3566.3101
1996-01-31,3595.3899
1996-02-01,3608.0701
1996-02-02,3596.0200
1996-02-05,3618.9700
1996-02-06,3644.5500
1996-02-07,3661.8899
1996-02-08,3691.8201
1996-02-09,3694.8799
1996-02-12,3718.7800
1996-02-13,3714.4500
1996-02-14,3693.9299
1996-02-15,3677.1201
1996-02-16,3660.5200
1996-02-20,3619.0701
1996-02-21,3654.9199
1996-02-22,3709.7900
1996-02-23,3710.7500
1996-02-26,3668.5601
1996-02-27,3654.1799
1996-02-28,3643.9199
1996-02-29,3624.6699
1996-03-01,3649.8401
1996-03-04,3688.8601
1996-03-05,3708.7400
1996-03-06,3695.3101
1996-03-07,3702.2900
1996-03-08,3592.3201
1996-03-11,3624.1499
1996-03-12,3609.7700
1996-03-13,3614.7400
1996-03-14,3631.0200
1996-03-15,3630.9099
1996-03-18,3687.9099
1996-03-19,3685.4700
1996-03-20,3681.7700
1996-03-21,3680.2900
1996-03-22,3687.8000
1996-03-25,3687.8000
1996-03-26,3701.1201
1996-03-27,3680.6101
1996-03-28,3682.6201
1996-03-29,3668.2400
1996-04-01,3710.7500
1996-04-02,3717.7200
1996-04-03,3719.9399
1996-04-04,3721.1101
1996-04-08,3654.8101
1996-04-09,3649.3101
1996-04-10,3604.8999
1996-04-11,3588.5100
1996-04-12,3620.5500
1996-04-15,3650.0500
1996-04-16,3661.4700
1996-04-17,3643.2800
1996-04-18,3652.0601
1996-04-19,3662.7400
1996-04-22,3677.7500
1996-04-23,3696.5801
1996-04-24,3689.8101
1996-04-25,3703.8701
1996-04-26,3709.4800
1996-04-29,3713.9199
1996-04-30,3713.9199
1996-05-01,3716.9800
1996-05-02,3660.7300
1996-05-03,3652.1699
1996-05-06,3645.1899
1996-05-07,3630.2800
1996-05-08,3658.3000
1996-05-09,3664.9600
1996-05-10,3701.0200
1996-05-13,3746.5901
1996-05-14,3769.7500
1996-05-15,3771.0200
1996-05-16,3768.5801
1996-05-17,3793.6399
1996-05-20,3818.0701
1996-05-21,3817.6499
1996-05-22,3845.5601
1996-05-23,3832.2400
1996-05-24,3846.0901
1996-05-28,3812.0400
1996-05-29,3790.0500
1996-05-30,3809.0801
1996-05-31,3794.1699
1996-06-03,3788.2500
1996-06-04,3815.0000
1996-06-05,3842.2800
1996-06-06,3818.1699
1996-06-07,3812.9900
1996-06-10,3808.3401
1996-06-11,3801.7800
1996-06-12,3792.5901
1996-06-13,3786.2400
1996-06-14,3776.9399
1996-06-17,3773.9800
1996-06-18,3759.8101
1996-06-19,3757.0601
1996-06-20,3753.2500
1996-06-21,3775.0300
1996-06-24,3785.5000
1996-06-25,3785.7100
1996-06-26,3762.8701
1996-06-27,3780.9500
1996-06-28,3798.0801
1996-07-01,3824.5200
1996-07-02,3817.2200
1996-07-03,3810.4600
1996-07-05,3735.0601
1996-07-08,3704.3000
1996-07-09,3717.4099
1996-07-10,3719.3101
1996-07-11,3665.2800
1996-07-12,3667.3899
1996-07-15,3581.0100
1996-07-16,3561.2300
1996-07-17,3596.1299
1996-07-18,3648.9900
1996-07-19,3625.8401
1996-07-22,3597.3899
1996-07-23,3564.8301
1996-07-24,3553.5100
1996-07-25,3577.8301
1996-07-26,3604.2700
1996-07-29,3580.6899
1996-07-30,3598.8701
1996-07-31,3623.6201
1996-08-01,3677.3301
1996-08-02,3741.7300
1996-08-05,3730.5200
1996-08-06,3739.3999
1996-08-07,3747.6499
1996-08-08,3742.1499
1996-08-09,3737.1799
1996-08-12,3755.0500
1996-08-13,3728.5100
1996-08-14,3739.2900
1996-08-15,3745.4299
1996-08-16,3763.8301
1996-08-19,3771.0200
1996-08-20,3770.7000
1996-08-21,3765.4099
1996-08-22,3793.0100
1996-08-23,3777.2500
1996-08-26,3763.0801
1996-08-27,3776.4099
1996-08-28,3772.6001
1996-08-29,3736.3301
1996-08-30,3711.2700
1996-09-03,3719.4199
1996-09-04,3725.8701
1996-09-05,3697.0000
1996-09-06,3729.0400
1996-09-09,3767.2100
1996-09-10,3769.4299
1996-09-11,3785.3999
1996-09-12,3803.6899
1996-09-13,3845.6699
1996-09-16,3863.8501
1996-09-17,3853.3799
1996-09-18,3842.9199
1996-09-19,3848.2000
1996-09-20,3867.5500
1996-09-23,3864.8000
1996-09-24,3861.8401
1996-09-25,3862.5801
1996-09-26,3869.8799
1996-09-27,3872.8401
1996-09-30,3884.0500
1996-10-01,3893.0400
1996-10-02,3917.9900
1996-10-03,3913.7600
1996-10-04,3956.2700
1996-10-07,3962.3999
1996-10-08,3949.3899
1996-10-09,3926.5500
1996-10-10,3915.9800
1996-10-11,3942.8401
1996-10-14,3957.0100
1996-10-15,3950.3501
1996-10-16,3960.1799
1996-10-17,3980.0601
1996-10-18,4000.2500
1996-10-21,3996.0200
1996-10-22,3978.0500
1996-10-23,3974.7700
1996-10-24,3952.2500
1996-10-25,3946.7500
1996-10-28,3922.6399
1996-10-29,3945.3799
1996-10-30,3941.0400
1996-10-31,3959.8601
1996-11-01,3951.1899
1996-11-04,3965.8899
1996-11-05,4001.4199
1996-11-06,4055.5500
1996-11-07,4069.9299
1996-11-08,4084.8401
1996-11-11,4090.2400
1996-11-12,4083.3601
1996-11-13,4091.0801
1996-11-14,4113.2900
1996-11-15,4123.9702
1996-11-18,4122.7002
1996-11-19,4142.7900
1996-11-20,4153.3599
1996-11-21,4147.5498
1996-11-22,4173.0298
1996-11-25,4217.4399
1996-11-26,4208.1299
1996-11-27,4202.8501
1996-11-29,4212.8901
1996-12-02,4209.8301
1996-12-03,4175.0400
1996-12-04,4157.9102
1996-12-05,4152.8301
1996-12-06,4125.3398
1996-12-09,4173.3501
1996-12-10,4164.9902
1996-12-11,4118.8901
1996-12-12,4063.3799
1996-12-13,4061.0500
1996-12-16,4027.0100
1996-12-17,4047.3101
1996-12-18,4072.6799
1996-12-19,4146.5898
1996-12-20,4167.2100
1996-12-23,4158.5400
1996-12-24,4176.6201
1996-12-26,4198.5098
1996-12-27,4209.3999
1996-12-30,4202.2100
1996-12-31,4148.0698
1997-01-02,4118.7900
1997-01-03,4166.6802
1997-01-06,4169.0098
1997-01-07,4196.7100
1997-01-08,4179.2700
1997-01-09,4214.4800
1997-01-10,4237.5298
1997-01-13,4237.0000
1997-01-14,4283.1001
1997-01-15,4282.7798
1997-01-16,4294.2002
1997-01-17,4327.9302
1997-01-20,4327.9302
1997-01-21,4351.8301
1997-01-22,4364.8398
1997-01-23,4326.2402
1997-01-24,4287.7500
1997-01-27,4258.8901
1997-01-28,4259.7300
1997-01-29,4293.8901
1997-01-30,4347.9199
1997-01-31,4356.1699
1997-02-03,4361.4502
1997-02-04,4370.5498
1997-02-05,4321.9102
1997-02-06,4334.0698
1997-02-07,4375.4102
1997-02-10,4360.0801
1997-02-11,4378.4800
1997-02-12,4439.7002
1997-02-13,4487.7002
1997-02-14,4477.7598
1997-02-18,4515.7202
1997-02-19,4499.8599
1997-02-20,4452.4902
1997-02-21,4451.6499
1997-02-24,4488.3398
1997-02-25,4499.4399
1997-02-26,4463.5898
1997-02-27,4418.6602
1997-02-28,4393.4902
1997-03-03,4412.8398
1997-03-04,4395.2900
1997-03-05,4448.0498
1997-03-06,4443.5000
1997-03-07,4481.4600
1997-03-10,4522.3799
1997-03-11,4515.6201
1997-03-12,4478.3999
1997-03-13,4397.2998
1997-03-14,4416.6499
1997-03-17,4423.7300
1997-03-18,4392.3301
1997-03-19,4373.1899
1997-03-20,4354.0498
1997-03-21,4364.8398
1997-03-24,4398.6699
1997-03-25,4392.4302
1997-03-26,4392.0098
1997-03-27,4308.0601
1997-03-31,4214.1602
1997-04-01,4227.3799
1997-04-02,4180.5400
1997-04-03,4170.2798
1997-04-04,4208.5601
1997-04-07,4236.6802
1997-04-08,4253.9199
1997-04-09,4232.5601
1997-04-10,4222.7300
1997-04-11,4118.1499
1997-04-14,4139.5098
1997-04-15,4204.3301
1997-04-16,4248.0000
1997-04-17,4236.3701
1997-04-18,4257.4102
1997-04-21,4223.1499
1997-04-22,4291.2402
1997-04-23,4279.2900
1997-04-24,4267.7700
1997-04-25,4233.5098
1997-04-28,4268.5098
1997-04-29,4373.5098
1997-04-30,4408.6099
1997-05-01,4395.6099
1997-05-02,4472.3701
1997-05-05,4561.8198
1997-05-06,4554.8501
1997-05-07,4493.3101
1997-05-08,4513.9302
1997-05-09,4538.5601
1997-05-12,4605.6001
1997-05-13,4588.6802
1997-05-14,4605.9199
1997-05-15,4627.5898
1997-05-16,4572.5000
1997-05-19,4590.4800
1997-05-20,4622.8398
1997-05-21,4612.3701
1997-05-22,4595.9800
1997-05-23,4655.3999
1997-05-27,4659.5298
1997-05-28,4648.8501
1997-05-29,4640.3901
1997-05-30,4671.2598
1997-06-02,4668.7300
1997-06-03,4677.3999
1997-06-04,4654.3398
1997-06-05,4669.7798
1997-06-06,4738.4102
1997-06-09,4759.9800
1997-06-10,4776.7900
1997-06-11,4795.1899
1997-06-12,4870.6802
1997-06-13,4918.5801
1997-06-16,4916.8901
1997-06-17,4917.7402
1997-06-18,4899.9702
1997-06-19,4945.9702
1997-06-20,4946.8101
1997-06-23,4847.9502
1997-06-24,4929.1602
1997-06-25,4894.5801
1997-06-26,4873.7500
1997-06-27,4898.8101
1997-06-30,4889.7202
1997-07-01,4927.4600
1997-07-02,4987.7300
1997-07-03,5050.8599
1997-07-07,5028.3398
1997-07-08,5059.4199
1997-07-09,5001.6899
1997-07-10,5035.9502
1997-07-11,5055.5098
1997-07-14,5055.4102
1997-07-15,5085.8599
1997-07-16,5130.7998
1997-07-17,5106.6899
1997-07-18,5032.7798
1997-07-21,5017.2402
1997-07-22,5116.5200
1997-07-23,5133.6499
1997-07-24,5152.6802
1997-07-25,5147.2900
1997-07-28,5138.0898
1997-07-29,5164.5298
1997-07-30,5218.8799
1997-07-31,5228.7100
1997-08-01,5191.4902
1997-08-04,5201.5400
1997-08-05,5212.4302
1997-08-06,5255.1401
1997-08-07,5208.8301
1997-08-08,5115.4702
1997-08-11,5130.4800
1997-08-12,5083.4302
1997-08-13,5058.6802
1997-08-14,5071.7998
1997-08-15,4960.1401
1997-08-18,5007.1899
1997-08-19,5070.5298
1997-08-20,5135.6602
1997-08-21,5072.8501
1997-08-22,5064.0801
1997-08-25,5054.5601
1997-08-26,5026.3301
1997-08-27,5033.6201
1997-08-28,4994.6099
1997-08-29,4974.7300
1997-09-02,5106.0498
1997-09-03,5114.6201
1997-09-04,5129.4199
1997-09-05,5124.4502
1997-09-08,5136.5098
1997-09-09,5146.1299
1997-09-10,5082.0498
1997-09-11,5044.2998
1997-09-12,5110.2798
1997-09-15,5102.8799
1997-09-16,5220.1499
1997-09-17,5215.0698
1997-09-18,5238.3301
1997-09-19,5250.4902
1997-09-22,5277.9800
1997-09-23,5254.6201
1997-09-24,5226.2798
1997-09-25,5197.2002
1997-09-26,5236.1099
1997-09-29,5276.0801
1997-09-30,5257.5801
1997-10-01,5298.2798
1997-10-02,5323.1299
1997-10-03,5347.0298
1997-10-06,5389.4302
1997-10-07,5437.1201
1997-10-08,5388.0601
1997-10-09,5373.1499
1997-10-10,5359.2998
1997-10-13,5365.1099
1997-10-14,5377.4800
1997-10-15,5359.7202
1997-10-16,5311.1802
1997-10-17,5250.6001
1997-10-20,5310.7598
1997-10-21,5394.6099
1997-10-22,5379.9102
1997-10-23,5281.4702
1997-10-24,5242.0298
1997-10-27,4897.8599
1997-10-28,5103.5200
1997-10-29,5106.3701
1997-10-30,5031.2998
1997-10-31,5087.4399
1997-11-03,5208.9399
1997-11-04,5224.0601
1997-11-05,5242.1401
1997-11-06,5220.7798
1997-11-07,5152.4702
1997-11-10,5126.8799
1997-11-11,5135.2402
1997-11-12,5042.9302
1997-11-13,5082.6899
1997-11-14,5139.4702
1997-11-17,5232.7300
1997-11-18,5193.6099
1997-11-19,5222.3701
1997-11-20,5292.5801
1997-11-21,5317.0000
1997-11-24,5235.4800
1997-11-25,5254.9302
1997-11-26,5258.4199
1997-11-28,5277.3501
1997-12-01,5368.6001
1997-12-02,5367.6499
1997-12-03,5394.1899
1997-12-04,5386.6802
1997-12-05,5438.1802
1997-12-08,5428.9800
1997-12-09,5401.7002
1997-12-10,5368.2798
1997-12-11,5291.3101
1997-12-12,5286.8701
1997-12-15,5330.4302
1997-12-16,5358.2402
1997-12-17,5356.5498
1997-12-18,5304.7300
1997-12-19,5259.2700
1997-12-22,5291.9399
1997-12-23,5232.4102
1997-12-24,5205.6602
1997-12-26,5219.1899
1997-12-29,5302.6201
1997-12-30,5395.5601
1997-12-31,5405.1899
1998-01-02,5415.3398
1998-01-05,5421.8901
1998-01-06,5364.3701
1998-01-07,5352.2100
1998-01-08,5304.2100
1998-01-09,5154.3799
1998-01-12,5198.1499
1998-01-13,5263.0698
1998-01-14,5301.1401
1998-01-15,5265.1899
1998-01-16,5325.6699
1998-01-20,5412.8999
1998-01-21,5370.3999
1998-01-22,5326.9399
1998-01-23,5294.0601
1998-01-26,5289.8301
1998-01-27,5341.8501
1998-01-28,5384.3599
1998-01-29,5425.7002
1998-01-30,5399.2598
1998-02-02,5505.9502
1998-02-03,5530.0601
1998-02-04,5536.1899
1998-02-05,5529.7402
1998-02-06,5565.0601
1998-02-09,5561.4702
1998-02-10,5603.6499
1998-02-11,5612.0098
1998-02-12,5631.6699
1998-02-13,5617.6099
1998-02-17,5633.5801
1998-02-18,5680.5298
1998-02-19,5657.0498
1998-02-20,5683.2700
1998-02-23,5693.0000
1998-02-24,5655.0400
1998-02-25,5713.8301
1998-02-26,5745.6602
1998-02-27,5754.8599
1998-03-02,5758.7700
1998-03-03,5782.6699
1998-03-04,5756.9702
1998-03-05,5713.0898
1998-03-06,5811.7500
1998-03-09,5809.6299
1998-03-10,5868.4199
1998-03-11,5892.7402
1998-03-12,5899.0801
1998-03-13,5891.3701
1998-03-16,5941.7998
1998-03-17,5953.9600
1998-03-18,5980.7100
1998-03-19,5999.3198
1998-03-20,6054.6201
1998-03-23,6032.7402
1998-03-24,6079.4702
1998-03-25,6056.2100
1998-03-26,6050.3901
1998-03-27,6024.9102
1998-03-30,6015.2900
1998-03-31,6056.4199
1998-04-01,6094.7998
1998-04-02,6154.3301
1998-04-03,6165.3301
1998-04-06,6166.2798
1998-04-07,6108.9702
1998-04-08,6065.9399
1998-04-09,6115.3198
1998-04-13,6109.1802
1998-04-14,6146.6201
1998-04-15,6162.0498
1998-04-16,6100.0898
1998-04-17,6176.2202
1998-04-20,6175.1602
1998-04-21,6183.5200
1998-04-22,6192.1899
1998-04-23,6138.5801
1998-04-24,6074.2900
1998-04-27,5953.5400
1998-04-28,5958.9302
1998-04-29,6009.0498
1998-04-30,6104.9502
1998-05-01,6152.9600
1998-05-04,6161.6299
1998-05-05,6130.1201
1998-05-06,6075.3501
1998-05-07,6029.3501
1998-05-08,6087.5098
1998-05-11,6082.7500
1998-05-12,6114.5801
1998-05-13,6124.2998
1998-05-14,6114.8901
1998-05-15,6073.5498
1998-05-18,6049.0200
1998-05-19,6068.4800
1998-05-20,6118.2798
1998-05-21,6099.9902
1998-05-22,6077.5698
1998-05-26,5987.4800
1998-05-27,5962.8398
1998-05-28,5996.3599
1998-05-29,5977.1201
1998-06-01,5975.6401
1998-06-02,5977.8599
1998-06-03,5936.4102
1998-06-04,5988.4302
1998-06-05,6083.8101
1998-06-08,6099.1401
1998-06-09,6106.3301
1998-06-10,6073.2300
1998-06-11,5979.4399
1998-06-12,5991.8198
1998-06-15,5867.2598
1998-06-16,5909.8701
1998-06-17,6012.7500
1998-06-18,6000.4902
1998-06-19,5962.7402
1998-06-22,5972.8901
1998-06-23,6044.2598
1998-06-24,6102.9502
1998-06-25,6091.9502
1998-06-26,6106.6499
1998-06-29,6134.5601
1998-06-30,6119.3398
1998-07-01,6191.9800
1998-07-02,6194.0898
1998-07-06,6247.1699
1998-07-07,6235.9600
1998-07-08,6284.5000
1998-07-09,6240.9302
1998-07-10,6261.5498
1998-07-13,6253.5200
1998-07-14,6318.9702
1998-07-15,6296.5498
1998-07-16,6344.1299
1998-07-17,6352.1699
1998-07-20,6335.8901
1998-07-21,6245.5898
1998-07-22,6225.9199
1998-07-23,6097.6602
1998-07-24,6093.8501
1998-07-27,6105.5898
1998-07-28,6021.6299
1998-07-29,5999.7500
1998-07-30,6082.6401
1998-07-31,5977.0098
1998-08-03,5930.7002
1998-08-04,5724.1899
1998-08-05,5752.2202
1998-08-06,5792.2900
1998-08-07,5810.2598
1998-08-10,5770.2998
1998-08-11,5688.1401
1998-08-12,5767.5498
1998-08-13,5721.0200
1998-08-14,5664.4502
1998-08-17,5752.0000
1998-08-18,5837.0200
1998-08-19,5816.0801
1998-08-20,5775.5801
1998-08-21,5718.4800
1998-08-24,5749.1499
1998-08-25,5762.7900
1998-08-26,5705.1602
1998-08-27,5485.8599
1998-08-28,5415.0200
1998-08-31,5081.7300
1998-09-01,5243.8301
1998-09-02,5230.0801
1998-09-03,5179.9600
1998-09-04,5142.1099
1998-09-08,5377.6899
1998-09-09,5292.8901
1998-09-10,5157.5498
1998-09-11,5287.1802
1998-09-14,5394.8198
1998-09-15,5434.0498
1998-09-16,5477.7202
1998-09-17,5353.5898
1998-09-18,5366.5898
1998-09-21,5365.4302
1998-09-22,5398.9502
1998-09-23,5571.8301
1998-09-24,5462.2798
1998-09-25,5452.6602
1998-09-28,5477.5098
1998-09-29,5480.1499
1998-09-30,5334.1299
1998-10-01,5183.4502
1998-10-02,5267.4102
1998-10-05,5206.9302
1998-10-06,5197.0898
1998-10-07,5124.8799
1998-10-08,5045.7798
1998-10-09,5146.2300
1998-10-12,5212.3198
1998-10-13,5203.7598
1998-10-14,5254.9302
1998-10-15,5460.9102
1998-10-16,5522.0298
1998-10-19,5556.5000
1998-10-20,5585.8901
1998-10-21,5597.7300
1998-10-22,5635.7998
1998-10-23,5602.1699
1998-10-26,5604.0801
1998-10-27,5580.3901
1998-10-28,5579.2300
1998-10-29,5670.7998
1998-10-30,5745.2402
1998-11-02,5828.6602
1998-11-03,5834.5801
1998-11-04,5869.8999
1998-11-05,5944.3398
1998-11-06,5975.2202
1998-11-09,5912.2002
1998-11-10,5894.0098
1998-11-11,5851.0801
1998-11-12,5842.6201
1998-11-13,5880.7900
1998-11-16,5924.2500
1998-11-17,5932.0698
1998-11-18,5957.8701
1998-11-19,5992.6602
1998-11-20,6049.0200
1998-11-23,6156.5498
1998-11-24,6129.4902
1998-11-25,6143.7598
1998-11-27,6164.4800
1998-11-30,6042.8901
1998-12-01,6062.2402
1998-12-02,6045.9502
1998-12-03,5957.7700
1998-12-04,6063.9302
1998-12-07,6104.5298
1998-12-08,6079.0498
1998-12-09,6077.6699
1998-12-10,5985.5801
1998-12-11,5972.2500
1998-12-14,5863.4502
1998-12-15,5950.2598
1998-12-16,5951.8501
1998-12-17,6028.6099
1998-12-18,6048.9102
1998-12-21,6108.4399
1998-12-22,6119.5498
1998-12-23,6227.3999
1998-12-24,6228.6699
1998-12-28,6228.0298
1998-12-29,6313.0498
1998-12-30,6283.6499
1998-12-31,6299.9302
1999-01-04,6282.0601
1999-01-05,6343.2900
1999-01-06,6460.6602
1999-01-07,6441.4102
1999-01-08,6461.1802
1999-01-11,6386.9600
1999-01-12,6287.0298
1999-01-13,6246.1099
1999-01-14,6144.0801
1999-01-15,6274.3501
1999-01-19,6289.5698
1999-01-20,6302.8999
1999-01-21,6217.6699
1999-01-22,6172.4199
1999-01-25,6196.8398
1999-01-26,6253.8301
1999-01-27,6218.2002
1999-01-28,6295.6001
1999-01-29,6348.8901
1999-02-01,6317.3799
1999-02-02,6281.8501
1999-02-03,6329.2202
1999-02-04,6249.6001
1999-02-05,6209.8501
1999-02-08,6202.9702
1999-02-09,6097.0200
1999-02-10,6118.0698
1999-02-11,6235.7500
1999-02-12,6148.2002
1999-02-16,6203.9199
1999-02-17,6136.4600
1999-02-18,6201.0698
1999-02-19,6202.1299
1999-02-22,6346.6699
1999-02-23,6323.2998
1999-02-24,6255.1001
1999-02-25,6211.3301
1999-02-26,6201.0698
1999-03-01,6190.1802
1999-03-02,6163.8501
1999-03-03,6159.7300
1999-03-04,6246.4302
1999-03-05,6377.4399
1999-03-08,6387.5898
1999-03-09,6375.2202
1999-03-10,6412.7598
1999-03-11,6467.6299
1999-03-12,6466.2598
1999-03-15,6505.1699
1999-03-16,6493.1201
1999-03-17,6456.8501
1999-03-18,6530.4399
1999-03-19,6457.1699
1999-03-22,6455.1602
1999-03-23,6296.1299
1999-03-24,6308.1802
1999-03-25,6395.6299
1999-03-26,6369.0898
1999-03-29,6483.3901
1999-03-30,6435.7002
1999-03-31,6382.2002
1999-04-01,6397.0000
1999-04-05,6498.9302
1999-04-06,6474.5098
1999-04-07,6515.8501
1999-04-08,6600.9702
1999-04-09,6625.3901
1999-04-12,6694.5498
1999-04-13,6679.1099
1999-04-14,6615.6699
1999-04-15,6586.2700
1999-04-16,6607.5200
1999-04-19,6512.1499
1999-04-20,6564.5898
1999-04-21,6700.6802
1999-04-22,6777.4399
1999-04-23,6759.7900
1999-04-26,6754.8198
1999-04-27,6801.7598
1999-04-28,6770.5698
1999-04-29,6746.9902
1999-04-30,6706.9199
1999-05-03,6811.3901
1999-05-04,6725.9502
1999-05-05,6772.8999
1999-05-06,6727.2202
1999-05-07,6780.2998
1999-05-10,6760.2100
1999-05-11,6828.2002
1999-05-12,6848.3901
1999-05-13,6887.2002
1999-05-14,6750.7998
1999-05-17,6734.6201
1999-05-18,6705.7500
1999-05-19,6762.3198
1999-05-20,6761.0498
1999-05-21,6734.0898
1999-05-24,6619.6802
1999-05-25,6527.5898
1999-05-26,6606.8901
1999-05-27,6492.4800
1999-05-28,6579.6099
1999-06-01,6569.2500
1999-06-02,6561.0000
1999-06-03,6600.1201
1999-06-04,6709.2402
1999-06-07,6734.8301
1999-06-08,6669.5898
1999-06-09,6653.8398
1999-06-10,6585.8501
1999-06-11,6550.4302
1999-06-14,6551.4800
1999-06-15,6579.8198
1999-06-16,6684.3999
1999-06-17,6725.6299
1999-06-18,6730.7100
1999-06-21,6734.8301
1999-06-22,6694.3301
1999-06-23,6669.3799
1999-06-24,6597.6899
1999-06-25,6591.0298
1999-06-28,6649.7100
1999-06-29,6745.9302
1999-06-30,6853.1499
1999-07-01,6886.9902
1999-07-02,6927.0601
1999-07-06,6923.3599
1999-07-07,6941.3398
1999-07-08,6915.7500
1999-07-09,6954.1299
1999-07-12,6934.1499
1999-07-13,6911.4102
1999-07-14,6924.7402
1999-07-15,6986.5898
1999-07-16,7011.6499
1999-07-19,6963.5400
1999-07-20,6844.0601
1999-07-21,6846.2798
1999-07-22,6786.0098
1999-07-23,6755.2402
1999-07-26,6723.8398
1999-07-27,6774.4800
1999-07-28,6771.4199
1999-07-29,6670.0200
1999-07-30,6619.8999
1999-08-02,6612.1802
1999-08-03,6581.0898
1999-08-04,6497.1299
1999-08-05,6528.1201
1999-08-06,6460.9702
1999-08-09,6454.8398
1999-08-10,6379.8701
1999-08-11,6452.2998
1999-08-12,6456.6401
1999-08-13,6570.2998
1999-08-16,6586.2700
1999-08-17,6647.8101
1999-08-18,6594.3101
1999-08-19,6559.5200
1999-08-20,6620.1099
1999-08-23,6712.3101
1999-08-24,6702.4800
1999-08-25,6766.7598
1999-08-26,6686.1899
1999-08-27,6616.0898
1999-08-30,6504.2202
1999-08-31,6474.6099
1999-09-01,6527.0601
1999-09-02,6464.0400
1999-09-03,6617.9902
1999-09-07,6594.9399
1999-09-08,6575.4902
1999-09-09,6576.7500
1999-09-10,6586.3799
1999-09-13,6564.2798
1999-09-14,6504.0098
1999-09-15,6433.7998
1999-09-16,6421.6401
1999-09-17,6482.7500
1999-09-20,6472.1802
1999-09-21,6354.7100
1999-09-22,6356.5000
1999-09-23,6248.8599
1999-09-24,6233.6401
1999-09-27,6255.6299
1999-09-28,6239.3501
1999-09-29,6198.7402
1999-09-30,6268.0000
1999-10-01,6264.7202
1999-10-04,6350.4800
1999-10-05,6336.8398
1999-10-06,6448.9199
1999-10-07,6414.1299
1999-10-08,6487.0898
1999-10-11,6485.1899
1999-10-12,6379.9800
1999-10-13,6260.6001
1999-10-14,6252.5601
1999-10-15,6092.2700
1999-10-18,6128.7500
1999-10-19,6186.1602
1999-10-20,6278.5801
1999-10-21,6252.1401
1999-10-22,6356.5000
1999-10-25,6315.7998
1999-10-26,6251.6099
1999-10-27,6324.5698
1999-10-28,6536.1499
1999-10-29,6613.5498
1999-11-01,6573.8999
1999-11-02,6539.4302
1999-11-03,6571.1499
1999-11-04,6605.6201
1999-11-05,6633.5400
1999-11-08,6665.3599
1999-11-09,6619.0498
1999-11-10,6651.0898
1999-11-11,6655.0000
1999-11-12,6731.9800
1999-11-15,6738.7402
1999-11-16,6847.7598
1999-11-17,6814.8799
1999-11-18,6861.2900
1999-11-19,6831.8999
1999-11-22,6816.2500
1999-11-23,6736.9502
1999-11-24,6763.2798
1999-11-26,6766.6602
1999-11-29,6730.1802
1999-11-30,6673.9302
1999-12-01,6711.8901
1999-12-02,6737.1602
1999-12-03,6838.3501
1999-12-06,6784.7402
1999-12-07,6715.1602
1999-12-08,6707.0200
1999-12-09,6725.4199
1999-12-10,6761.7900
1999-12-13,6730.2900
1999-12-14,6683.3398
1999-12-15,6681.8599
1999-12-16,6680.0601
1999-12-17,6678.8999
1999-12-20,6655.5298
1999-12-21,6692.0098
1999-12-22,6705.4399
1999-12-23,6810.1201
1999-12-27,6790.8701
1999-12-28,6812.6499
1999-12-29,6830.9502
1999-12-30,6843.4199
1999-12-31,6876.1001
2000-01-03,6762.1099
2000-01-04,6543.7598
2000-01-05,6567.0298
2000-01-06,6635.4399
2000-01-07,6792.6699
2000-01-10,6838.4502
2000-01-11,6774.4800
2000-01-12,6766.5498
2000-01-13,6836.7598
2000-01-14,6870.4902
2000-01-18,6808.6401
2000-01-19,6823.9702
2000-01-20,6772.5801
2000-01-21,6762.7500
2000-01-24,6611.1201
2000-01-25,6606.7798
2000-01-26,6644.8501
2000-01-27,6627.1899
2000-01-28,6469.1099
2000-01-31,6574.0098
2000-02-01,6606.8901
2000-02-02,6618.4199
2000-02-03,6657.5400
2000-02-04,6628.6699
2000-02-07,6596.3198
2000-02-08,6651.2998
2000-02-09,6523.7798
2000-02-10,6496.8198
2000-02-11,6391.3999
2000-02-14,6398.0601
2000-02-15,6459.2798
2000-02-16,6396.7900
2000-02-17,6357.5601
2000-02-18,6203.2900
2000-02-22,6239.7700
2000-02-23,6224.0200
2000-02-24,6170.5098
2000-02-25,6094.9102
2000-02-28,6177.1699
2000-02-29,6266.4199
2000-03-01,6338.7402
2000-03-02,6360.1001
2000-03-03,6454.9502
2000-03-06,6386.7402
2000-03-07,6223.3799
2000-03-08,6251.5098
2000-03-09,6375.9600
2000-03-10,6337.2598
2000-03-13,6287.2500
2000-03-14,6221.8999
2000-03-15,6397.3198
2000-03-16,6708.3999
2000-03-17,6692.9600
2000-03-20,6673.5000
2000-03-21,6796.6899
2000-03-22,6801.4502
2000-03-23,6897.3501
2000-03-24,6899.3599
2000-03-27,6863.8301
2000-03-28,6824.9199
2000-03-29,6866.1602
2000-03-30,6827.1401
2000-03-31,6848.6099
2000-04-03,6975.0698
2000-04-04,6897.2402
2000-04-05,6878.5298
2000-04-06,6965.8701
2000-04-07,6972.6401
2000-04-10,6975.6001
2000-04-11,6991.3501
2000-04-12,6917.8599
2000-04-13,6815.9302
2000-04-14,6465.7300
2000-04-17,6557.9302
2000-04-18,6712.3101
2000-04-19,6696.0298
2000-04-20,6760.9502
2000-04-24,6790.2402
2000-04-25,6965.6602
2000-04-26,6918.5000
2000-04-27,6877.6802
2000-04-28,6811.1699
2000-05-01,6878.9502
2000-05-02,6827.9902
2000-05-03,6681.6499
2000-05-04,6676.9902
2000-05-05,6749.5298
2000-05-08,6770.3599
2000-05-09,6727.9600
2000-05-10,6644.1099
2000-05-11,6734.2998
2000-05-12,6797.4302
2000-05-15,6934.0400
2000-05-16,6966.2900
2000-05-17,6883.2900
2000-05-18,6868.5898
2000-05-19,6762.4302
2000-05-22,6713.4702
2000-05-23,6664.4102
2000-05-24,6716.2202
2000-05-25,6659.3398
2000-05-26,6649.7100
2000-05-30,6781.7798
2000-05-31,6805.2500
2000-06-01,6888.3599
2000-06-02,6975.3799
2000-06-05,6927.4902
2000-06-06,6904.6499
2000-06-07,6935.1001
2000-06-08,6893.4399
2000-06-09,6856.4302
2000-06-12,6838.8799
2000-06-13,6911.3101
2000-06-14,6944.0898
2000-06-15,6951.5898
2000-06-16,6869.5400
2000-06-19,6918.9199
2000-06-20,6865.1001
2000-06-21,6862.1401
2000-06-22,6783.4702
2000-06-23,6766.7598
2000-06-26,6808.8501
2000-06-27,6806.4199
2000-06-28,6811.7002
2000-06-29,6796.2700
2000-06-30,6798.1699
2000-07-03,6874.9302
2000-07-05,6819.0000
2000-07-06,6827.9902
2000-07-07,6919.0298
2000-07-10,6939.4302
2000-07-11,6977.6001
2000-07-12,6990.6099
2000-07-13,6975.6001
2000-07-14,7018.8398
2000-07-17,7012.5000
2000-07-18,6959.7402
2000-07-19,6946.4102
2000-07-20,6980.6699
2000-07-21,6929.8101
2000-07-24,6883.5000
2000-07-25,6899.9902
2000-07-26,6818.0498
2000-07-27,6843.3198
2000-07-28,6758.3101
2000-07-31,6773.8501
2000-08-01,6851.3501
2000-08-02,6876.2002
2000-08-03,6891.0098
2000-08-04,6955.2900
2000-08-07,7015.8799
2000-08-08,7038.9302
2000-08-09,6984.6899
2000-08-10,6970.7300
2000-08-11,7028.7798
2000-08-14,7106.0801
2000-08-15,7063.3599
2000-08-16,7044.7500
2000-08-17,7096.9800
2000-08-18,7073.2998
2000-08-21,7096.6699
2000-08-22,7101.5298
2000-08-23,7107.8701
2000-08-24,7104.9102
2000-08-25,7111.1499
2000-08-28,7140.0200
2000-08-29,7120.7700
2000-08-30,7089.2598
2000-08-31,7132.2998
2000-09-01,7164.5498
2000-09-05,7149.9600
2000-09-06,7131.5601
2000-09-07,7142.4502
2000-09-08,7144.9902
2000-09-11,7160.9502
2000-09-12,7146.1499
2000-09-13,7139.5898
2000-09-14,7131.1401
2000-09-15,7078.2700
2000-09-18,6976.3398
2000-09-19,6990.3999
2000-09-20,6913.5298
2000-09-21,6917.6499
2000-09-22,6971.6802
2000-09-25,6973.1602
2000-09-26,6924.0000
2000-09-27,6936.8999
2000-09-28,7060.6099
2000-09-29,7010.8101
2000-10-02,7046.0200
2000-10-03,7027.5098
2000-10-04,7033.0098
2000-10-05,7061.8799
2000-10-06,6937.6401
2000-10-09,6910.4600
2000-10-10,6876.7300
2000-10-11,6771.6299
2000-10-12,6599.2798
2000-10-13,6741.9199
2000-10-16,6784.8501
2000-10-17,6655.7402
2000-10-18,6609.7402
2000-10-19,6753.0200
2000-10-20,6790.1299
2000-10-23,6791.3999
2000-10-24,6836.3398
2000-10-25,6730.1802
2000-10-26,6698.2500
2000-10-27,6777.8701
2000-10-30,6920.8198
2000-10-31,7042.3198
2000-11-01,7026.2402
2000-11-02,7012.8198
2000-11-03,6992.9399
2000-11-06,7035.6499
2000-11-07,7026.4600
2000-11-08,6997.6899
2000-11-09,6938.4800
2000-11-10,6835.2798
2000-11-13,6757.1401
2000-11-14,6857.2798
2000-11-15,6884.4502
2000-11-16,6841.4199
2000-11-17,6806.7300
2000-11-20,6707.3398
2000-11-21,6716.7500
2000-11-22,6624.0200
2000-11-24,6683.5498
2000-11-27,6734.7300
2000-11-28,6707.2300
2000-11-29,6739.9102
2000-11-30,6659.1201
2000-12-01,6677.2100
2000-12-04,6739.7998
2000-12-05,6907.5000
2000-12-06,6827.6699
2000-12-07,6817.7300
2000-12-08,6929.7100
2000-12-11,6952.5498
2000-12-12,6925.7900
2000-12-13,6907.8198
2000-12-14,6826.1899
2000-12-15,6723.4102
2000-12-18,6801.3398
2000-12-19,6765.7100
2000-12-20,6608.2598
2000-12-21,6653.8398
2000-12-22,6762.4302
2000-12-26,6831.5801
2000-12-27,6911.6201
2000-12-28,6977.6001
2000-12-29,6945.5698
2001-01-02,6785.6899
2001-01-03,6968.8301
2001-01-04,6894.8101
2001-01-05,6774.0601
2001-01-08,6759.0498
2001-01-09,6754.8198
2001-01-10,6802.3999
2001-01-11,6835.4902
2001-01-12,6813.2900
2001-01-16,6874.8301
2001-01-17,6852.4102
2001-01-18,6889.0000
2001-01-19,6836.6602
2001-01-22,6853.7900
2001-01-23,6928.1201
2001-01-24,6939.1201
2001-01-25,6961.4302
2001-01-26,6931.1899
2001-01-29,6959.4199
2001-01-30,7022.9702
2001-01-31,7017.1499
2001-02-01,7048.1299
2001-02-02,6980.9902
2001-02-05,7016.7300
2001-02-06,7002.5601
2001-02-07,6974.4302
2001-02-08,6954.9800
2001-02-09,6907.6099
2001-02-12,6989.1299
2001-02-13,6954.5498
2001-02-14,6894.3901
2001-02-15,6919.9800
2001-02-16,6850.5098
2001-02-20,6781.3599
2001-02-21,6658.7002
2001-02-22,6636.2798
2001-02-23,6587.4302
2001-02-26,6708.9302
2001-02-27,6698.0400
2001-02-28,6629.0898
2001-03-01,6610.1699
2001-03-02,6628.3501
2001-03-05,6649.2900
2001-03-06,6684.5000
2001-03-07,6721.8301
2001-03-08,6759.2598
2001-03-09,6650.7700
2001-03-12,6407.3599
2001-03-13,6443.0000
2001-03-14,6278.2598
2001-03-15,6332.0801
2001-03-16,6213.7598
2001-03-19,6303.7402
2001-03-20,6201.9199
2001-03-21,6081.3799
2001-03-22,5988.4302
2001-03-23,6110.2402
2001-03-26,6206.8901
2001-03-27,6340.9600
2001-03-28,6239.1401
2001-03-29,6224.5400
2001-03-30,6298.3501
2001-04-02,6230.9902
2001-04-03,6049.0200
2001-04-04,6055.6802
2001-04-05,6265.4600
2001-04-06,6164.7998
2001-04-09,6214.0801
2001-04-10,6342.4399
2001-04-11,6291.3701
2001-04-12,6362.6401
2001-04-16,6368.7700
2001-04-17,6437.0801
2001-04-18,6619.3701
2001-04-19,6649.0801
2001-04-20,6591.1299
2001-04-23,6542.7100
2001-04-24,6491.9502
2001-04-25,6592.7202
2001-04-26,6654.6802
2001-04-27,6742.2300
2001-04-30,6712.5200
2001-05-01,6778.1802
2001-05-02,6754.8198
2001-05-03,6687.0400
2001-05-04,6767.7202
2001-05-07,6756.8301
2001-05-08,6730.2900
2001-05-09,6727.9600
2001-05-10,6745.9302
2001-05-11,6699.9399
2001-05-14,6730.5000
2001-05-15,6740.0098
2001-05-16,6901.7900
2001-05-17,6928.4399
2001-05-18,6948.5298
2001-05-21,7016.2998
2001-05-22,6993.3599
2001-05-23,6903.5898
2001-05-24,6904.4302
2001-05-25,6842.5801
2001-05-29,6821.3301
2001-05-30,6747.2002
2001-05-31,6784.8501
2001-06-01,6796.8999
2001-06-04,6836.0200
2001-06-05,6894.3901
2001-06-06,6820.5801
2001-06-07,6828.6201
2001-06-08,6786.2202
2001-06-11,6739.3799
2001-06-12,6736.3101
2001-06-13,6690.2100
2001-06-14,6597.5801
2001-06-15,6576.2300
2001-06-18,6554.1299
2001-06-19,6564.0698
2001-06-20,6614.0801
2001-06-21,6672.8701
2001-06-22,6612.4902
2001-06-25,6557.0898
2001-06-26,6543.2402
2001-06-27,6513.4199
2001-06-28,6573.6899
2001-06-29,6574.3198
2001-07-02,6632.5801
2001-07-03,6619.2598
2001-07-05,6565.2300
2001-07-06,6443.0000
2001-07-09,6469.9600
2001-07-10,6406.9399
2001-07-11,6378.2900
2001-07-12,6479.1602
2001-07-13,6515.1099
2001-07-16,6466.6802
2001-07-17,6520.2900
2001-07-18,6508.4502
2001-07-19,6528.6401
2001-07-20,6520.7100
2001-07-23,6433.8999
2001-07-24,6324.3599
2001-07-25,6411.0601
2001-07-26,6470.9102
2001-07-27,6487.6201
2001-07-30,6490.6802
2001-07-31,6523.3599
2001-08-01,6525.5801
2001-08-02,6538.7998
2001-08-03,6516.7002
2001-08-06,6451.3501
2001-08-07,6476.4102
2001-08-08,6390.9702
2001-08-09,6389.2798
2001-08-10,6432.4199
2001-08-13,6429.1499
2001-08-14,6423.9600
2001-08-15,6406.6201
2001-08-16,6411.4902
2001-08-17,6335.5698
2001-08-20,6377.7598
2001-08-21,6330.4902
2001-08-22,6362.9502
2001-08-23,6353.6499
2001-08-24,6434.8599
2001-08-27,6407.0498
2001-08-28,6331.9702
2001-08-29,6275.8301
2001-08-30,6197.2598
2001-08-31,6215.6602
2001-09-04,6233.7402
2001-09-05,6222.3198
2001-09-06,6104.3198
2001-09-07,5986.5298
2001-09-10,6006.7202
2001-09-17,5730.8599
2001-09-18,5692.5801
2001-09-19,5597.5200
2001-09-20,5436.5898
2001-09-21,5331.3799
2001-09-24,5513.3501
2001-09-25,5561.6802
2001-09-26,5546.5601
2001-09-27,5628.3999
2001-09-28,5750.4199
2001-10-01,5731.4902
2001-10-02,5803.0698
2001-10-03,5880.5801
2001-10-04,5866.0898
2001-10-05,5862.0801
2001-10-08,5806.6699
2001-10-09,5801.0698
2001-10-10,5919.9102
2001-10-11,5982.5098
2001-10-12,5942.2300
2001-10-15,5940.5298
2001-10-16,5977.0098
2001-10-17,5899.2998
2001-10-18,5839.1299
2001-10-19,5861.2300
2001-10-22,5936.6201
2001-10-23,5906.7998
2001-10-24,5890.4102
2001-10-25,5952.5898
2001-10-26,5990.8599
2001-10-29,5877.4102
2001-10-30,5781.0801
2001-10-31,5776.8501
2001-11-01,5878.5698
2001-11-02,5895.9102
2001-11-05,5961.3599
2001-11-06,6030.0898
2001-11-07,6010.9502
2001-11-08,6027.7700
2001-11-09,6033.4800
2001-11-12,6017.7202
2001-11-13,6114.8901
2001-11-14,6127.2700
2001-11-15,6130.5400
2001-11-16,6120.3901
2001-11-19,6178.1299
2001-11-20,6157.2900
2001-11-21,6128.1099
2001-11-23,6194.2998
2001-11-26,6219.7900
2001-11-27,6181.1899
2001-11-28,6082.0098
2001-11-29,6130.1201
2001-11-30,6125.0400
2001-12-03,6082.9600
2001-12-04,6145.0298
2001-12-05,6252.4600
2001-12-06,6236.9199
2001-12-07,6208.7900
2001-12-10,6114.2598
2001-12-11,6091.6299
2001-12-12,6084.0200
2001-12-13,6019.3101
2001-12-14,6039.1899
2001-12-17,6088.8799
2001-12-18,6138.6899
2001-12-19,6186.8999
2001-12-20,6167.2300
2001-12-21,6193.0298
2001-12-24,6196.7300
2001-12-26,6224.0200
2001-12-27,6260.4902
2001-12-28,6284.8101
2001-12-31,6236.3901
2002-01-02,6244.2100
2002-01-03,6266.3101
2002-01-04,6307.9702
2002-01-07,6271.8101
2002-01-08,6235.4302
2002-01-09,6207.4102
2002-01-10,6210.8999
2002-01-11,6161.0000
2002-01-14,6122.6099
2002-01-15,6160.5698
2002-01-16,6081.5898
2002-01-17,6124.9399
2002-01-18,6092.4800
2002-01-22,6072.1802
2002-01-23,6107.6001
2002-01-24,6121.3398
2002-01-25,6133.8198
2002-01-28,6128.8501
2002-01-29,5973.4199
2002-01-30,6032.7402
2002-01-31,6116.8999
2002-02-01,6087.9302
2002-02-04,5949.2002
2002-02-05,5927.6299
2002-02-06,5898.1299
2002-02-07,5894.7500
2002-02-08,5977.7500
2002-02-11,6055.3599
2002-02-12,6042.6802
2002-02-13,6091.4199
2002-02-14,6086.8701
2002-02-15,6040.2402
2002-02-19,5943.2798
2002-02-20,6017.9302
2002-02-21,5959.1401
2002-02-22,6008.8398
2002-02-25,6094.2798
2002-02-26,6104.6401
2002-02-27,6124.2998
2002-02-28,6117.9600
2002-03-01,6224.0200
2002-03-04,6332.5000
2002-03-05,6287.2500
2002-03-06,6377.1201
2002-03-07,6353.7500
2002-03-08,6366.4399
2002-03-11,6388.8599
2002-03-12,6392.9800
2002-03-13,6348.3599
2002-03-14,6352.7002
2002-03-15,6419.6299
2002-03-18,6420.7900
2002-03-19,6445.0098
2002-03-20,6369.2998
2002-03-21,6363.4800
2002-03-22,6345.1899
2002-03-25,6264.2002
2002-03-26,6298.5601
2002-03-27,6342.6499
2002-03-28,6348.7900
2002-04-01,6327.1099
2002-04-02,6305.3301
2002-04-03,6245.6899
2002-04-04,6249.1802
2002-04-05,6246.5400
2002-04-08,6255.8398
2002-04-09,6247.3799
2002-04-10,6315.8999
2002-04-11,6181.1899
2002-04-12,6217.3501
2002-04-15,6173.4702
2002-04-16,6288.5098
2002-04-17,6275.2998
2002-04-18,6269.6899
2002-04-19,6278.4702
2002-04-22,6196.7300
2002-04-23,6178.2300
2002-04-24,6144.7100
2002-04-25,6132.4502
2002-04-26,6072.7002
2002-04-29,6010.4302
2002-04-30,6071.2202
2002-05-01,6136.4600
2002-05-02,6150.2100
2002-05-03,6109.3999
2002-05-06,6002.5000
2002-05-07,5977.8599
2002-05-08,6124.5200
2002-05-09,6055.7900
2002-05-10,5981.8799
2002-05-13,6060.6499
2002-05-14,6160.8901
2002-05-15,6127.8999
2002-05-16,6150.5298
2002-05-17,6193.8799
2002-05-20,6135.0898
2002-05-21,6080.7402
2002-05-22,6100.8301
2002-05-23,6157.1899
2002-05-24,6102.7300
2002-05-28,6054.3101
2002-05-29,6030.2002
2002-05-30,6003.7598
2002-05-31,6035.2700
2002-06-03,5901.8301
2002-06-04,5878.9902
2002-06-05,5920.8701
2002-06-06,5816.0801
2002-06-07,5832.1499
2002-06-10,5851.3999
2002-06-11,5765.5400
2002-06-12,5779.1802
2002-06-13,5726.1001
2002-06-14,5712.4600
2002-06-17,5859.8599
2002-06-18,5870.5400
2002-06-19,5797.7900
2002-06-20,5734.1299
2002-06-21,5650.0698
2002-06-24,5645.4199
2002-06-25,5568.5498
2002-06-26,5543.2798
2002-06-27,5626.9199
2002-06-28,5636.5400
2002-07-01,5535.2402
2002-07-02,5423.0498
2002-07-03,5426.8599
2002-07-05,5598.6802
2002-07-08,5554.5898
2002-07-09,5423.5801
2002-07-10,5254.5098
2002-07-11,5262.5498
2002-07-12,5228.0801
2002-07-15,5188.8501
2002-07-16,5100.9800
2002-07-17,5121.2798
2002-07-18,4994.2900
2002-07-19,4818.1299
2002-07-22,4666.5000
2002-07-23,4549.6602
2002-07-24,4791.4902
2002-07-25,4804.2798
2002-07-26,4872.7998
2002-07-29,5125.1899
2002-07-30,5142.5298
2002-07-31,5195.6099
2002-08-01,5067.8799
2002-08-02,4954.6401
2002-08-05,4793.1802
2002-08-06,4921.3301
2002-08-07,5007.0801
2002-08-08,5160.0898
2002-08-09,5185.6699
2002-08-12,5157.8701
2002-08-13,5057.8398
2002-08-14,5223.3198
2002-08-15,5287.0801
2002-08-16,5278.0898
2002-08-19,5385.7300
2002-08-20,5319.9600
2002-08-21,5379.7002
2002-08-22,5452.4502
2002-08-23,5343.4302
2002-08-26,5388.4800
2002-08-27,5330.8501
2002-08-28,5243.0898
2002-08-29,5236.1099
2002-08-30,5239.8101
2002-09-03,5036.5898
2002-09-04,5118.0000
2002-09-05,5054.5601
2002-09-06,5124.4502
2002-09-09,5172.0298
2002-09-10,5200.0498
2002-09-11,5205.7598
2002-09-12,5089.5601
2002-09-13,5100.2402
2002-09-16,5112.9302
2002-09-17,5011.0000
2002-09-18,4987.5200
2002-09-19,4842.6602
2002-09-20,4853.0298
2002-09-23,4798.1499
2002-09-24,4709.3301
2002-09-25,4811.8901
2002-09-26,4914.6699
2002-09-27,4760.6099
2002-09-30,4709.9600
2002-10-01,4873.7500
2002-10-02,4762.0898
2002-10-03,4718.4199
2002-10-04,4613.4199
2002-10-07,4521.2202
2002-10-08,4591.3301
2002-10-09,4452.4902
2002-10-10,4590.7998
2002-10-11,4754.6899
2002-10-14,4785.9902
2002-10-15,4992.8101
2002-10-16,4888.3398
2002-10-17,4995.2402
2002-10-18,5011.3101
2002-10-21,5093.2598
2002-10-22,5036.7998
2002-10-23,5059.0000
2002-10-24,4993.1299
2002-10-25,5066.3999
2002-10-28,5028.5498
2002-10-29,4985.4102
2002-10-30,5027.2798
2002-10-31,5000.3198
2002-11-01,5079.7300
2002-11-04,5098.8599
2002-11-05,5136.7202
2002-11-06,5182.2900
2002-11-07,5079.5098
2002-11-08,5040.0698
2002-11-11,4947.9800
2002-11-12,4971.4502
2002-11-13,4958.0200
2002-11-14,5061.6401
2002-11-15,5100.1299
2002-11-18,5057.2002
2002-11-19,5044.8301
2002-11-20,5122.2300
2002-11-21,5214.1201
2002-11-22,5198.3599
2002-11-25,5208.8301
2002-11-26,5111.3398
2002-11-27,5247.6401
2002-11-29,5236.8501
2002-12-02,5229.6602
2002-12-03,5164.6299
2002-12-04,5155.4302
2002-12-05,5104.7900
2002-12-06,5131.8501
2002-12-09,5040.7100
2002-12-10,5104.6802
2002-12-11,5105.2100
2002-12-12,5086.9199
2002-12-13,5035.1001
2002-12-16,5138.0898
2002-12-17,5094.7402
2002-12-18,5037.9600
2002-12-19,5001.3701
2002-12-20,5067.1401
2002-12-23,5067.6699
2002-12-24,5044.2998
2002-12-26,5036.5898
2002-12-27,4958.0200
2002-12-30,4986.1499
2002-12-31,5000.0000
2003-01-02,5146.0000
2003-01-03,5148.4502
2003-01-06,5255.3901
2003-01-07,5186.9199
2003-01-08,5124.1899
2003-01-09,5210.3398
2003-01-10,5209.7998
2003-01-13,5209.2100
2003-01-14,5233.6602
2003-01-15,5171.4502
2003-01-16,5165.3398
2003-01-17,5108.5098
2003-01-21,5016.2798
2003-01-22,4962.9800
2003-01-23,4995.6602
2003-01-24,4880.1899
2003-01-27,4786.9600
2003-01-28,4840.9902
2003-01-29,4865.9600
2003-01-30,4784.4399
2003-01-31,4868.6802
2003-02-03,4884.7900
2003-02-04,4824.4600
2003-02-05,4807.8599
2003-02-06,4757.2998
2003-02-07,4713.6602
2003-02-10,4732.7700
2003-02-11,4708.6899
2003-02-12,4649.7100
2003-02-13,4653.2500
2003-02-14,4729.7402
2003-02-18,4805.7300
2003-02-19,4763.4502
2003-02-20,4730.8398
2003-02-21,4787.1699
2003-02-24,4706.2202
2003-02-25,4713.3799
2003-02-26,4653.9800
2003-02-27,4693.5298
2003-02-28,4716.0698
2003-03-03,4709.3799
2003-03-04,4638.0498
2003-03-05,4673.7500
2003-03-06,4626.0200
2003-03-07,4645.1001
2003-03-10,4529.0698
2003-03-11,4499.6401
2003-03-12,4486.7002
2003-03-13,4625.2100
2003-03-14,4641.6299
2003-03-17,4783.9502
2003-03-18,4800.1602
2003-03-19,4845.3701
2003-03-20,4856.4399
2003-03-21,4970.9399
2003-03-24,4801.5801
2003-03-25,4862.0098
2003-03-26,4844.6299
2003-03-27,4829.7100
2003-03-28,4809.1001
2003-03-31,4730.2100
2003-04-01,4793.5601
2003-04-02,4897.9702
2003-04-03,4870.2900
2003-04-04,4898.0498
2003-04-07,4923.2700
2003-04-08,4917.6001
2003-04-09,4870.5698
2003-04-10,4887.4102
2003-04-11,4875.6299
2003-04-14,4956.2798
2003-04-15,4995.2500
2003-04-16,4932.6001
2003-04-17,5006.3198
2003-04-21,5004.9800
2003-04-22,5101.8101
2003-04-23,5135.1201
2003-04-24,5085.2998
2003-04-25,5017.6201
2003-04-28,5108.2402
2003-04-29,5117.1001
2003-04-30,5131.5601
2003-05-01,5126.7998
2003-05-02,5201.1001
2003-05-05,5207.1299
2003-05-06,5259.0601
2003-05-07,5226.7002
2003-05-08,5174.5098
2003-05-09,5242.8398
2003-05-12,5300.2202
2003-05-13,5283.7598
2003-05-14,5279.4702
2003-05-15,5312.5498
2003-05-16,5321.7100
2003-05-19,5196.5098
2003-05-20,5204.8999
2003-05-21,5223.2202
2003-05-22,5273.5098
2003-05-23,5288.4502
2003-05-27,5367.4399
2003-05-28,5377.7300
2003-05-29,5366.2300
2003-05-30,5435.3701
2003-06-02,5470.0200
2003-06-03,5481.5898
2003-06-04,5558.4199
2003-06-05,5585.5000
2003-06-06,5583.0801
2003-06-09,5520.0801
2003-06-10,5564.3701
2003-06-11,5646.7700
2003-06-12,5650.6602
2003-06-13,5598.6099
2003-06-16,5714.4102
2003-06-17,5722.8501
2003-06-18,5706.0601
2003-06-19,5627.4302
2003-06-20,5631.4102
2003-06-23,5549.0898
2003-06-24,5551.1899
2003-06-25,5523.3501
2003-06-26,5555.8398
2003-06-27,5509.6099
2003-06-30,5505.1699
2003-07-01,5526.4800
2003-07-02,5590.5498
2003-07-03,5558.4600
2003-07-07,5639.1602
2003-07-08,5642.4399
2003-07-09,5617.1699
2003-07-10,5544.7900
2003-07-11,5588.7900
2003-07-14,5625.2998
2003-07-15,5583.8501
2003-07-16,5552.5098
2003-07-17,5484.1899
2003-07-18,5555.2598
2003-07-21,5483.6099
2003-07-22,5527.1099
2003-07-23,5538.6201
2003-07-24,5531.6099
2003-07-25,5611.0200
2003-07-28,5606.6099
2003-07-29,5570.5898
2003-07-30,5557.5298
2003-07-31,5558.9902
2003-08-01,5505.7300
2003-08-04,5515.6802
2003-08-05,5451.0200
2003-08-06,5460.9102
2003-08-07,5499.9902
2003-08-08,5526.4199
2003-08-11,5552.2900
2003-08-12,5594.8999
2003-08-13,5569.6201
2003-08-14,5610.4800
2003-08-15,5616.3599
2003-08-18,5652.0098
2003-08-19,5657.7998
2003-08-20,5645.1401
2003-08-21,5656.8701
2003-08-22,5594.9302
2003-08-25,5585.6401
2003-08-26,5597.4902
2003-08-27,5605.7300
2003-08-28,5639.1499
2003-08-29,5660.1602
2003-09-02,5732.2700
2003-09-03,5759.7998
2003-09-04,5768.5498
2003-09-05,5747.6802
2003-09-08,5805.6001
2003-09-09,5766.1802
2003-09-10,5708.2300
2003-09-11,5734.5098
2003-09-12,5749.2598
2003-09-15,5730.4399
2003-09-16,5800.1802
2003-09-17,5787.0898
2003-09-18,5855.9702
2003-09-19,5847.8799
2003-09-22,5771.1001
2003-09-23,5794.2202
2003-09-24,5712.6201
2003-09-25,5679.6299
2003-09-26,5644.1401
2003-09-29,5685.3501
2003-09-30,5644.0298
2003-10-01,5768.3198
2003-10-02,5779.9600
2003-10-03,5831.7798
2003-10-06,5858.0200
2003-10-07,5876.5601
2003-10-08,5855.3398
2003-10-09,5886.8901
2003-10-10,5897.0000
2003-10-13,5940.7500
2003-10-14,5960.2798
2003-10-15,5935.6099
2003-10-16,5952.2500
2003-10-17,5907.1201
2003-10-20,5930.6802
2003-10-21,5937.9902
2003-10-22,5858.1299
2003-10-23,5864.3301
2003-10-24,5851.1401
2003-10-27,5870.1802
2003-10-28,5945.9302
2003-10-29,5952.3901
2003-10-30,5951.3701
2003-10-31,5959.0098
2003-11-03,5995.9800
2003-11-04,5975.9199
2003-11-05,5966.5801
2003-11-06,5985.2402
2003-11-07,5989.1699
2003-11-10,5950.6802
2003-11-11,5941.2002
2003-11-12,6018.9399
2003-11-13,6036.8101
2003-11-14,6010.7300
2003-11-17,5963.3501
2003-11-18,5939.0498
2003-11-19,5967.1299
2003-11-20,5924.7798
2003-11-21,5942.3198
2003-11-24,6016.0898
2003-11-25,6033.1899
2003-11-26,6068.7700
2003-11-28,6073.0200
2003-12-01,6147.3501
2003-12-02,6139.6201
2003-12-03,6142.7798
2003-12-04,6153.8999
2003-12-05,6122.8901
2003-12-08,6166.1699
2003-12-09,6137.1699
2003-12-10,6108.6499
2003-12-11,6176.8501
2003-12-12,6196.2900
2003-12-15,6172.0200
2003-12-16,6207.0498
2003-12-17,6215.9902
2003-12-18,6288.0498
2003-12-19,6284.2998
2003-12-22,6321.8398
2003-12-23,6337.4800
2003-12-24,6350.3398
2003-12-26,6364.3398
2003-12-29,6442.2002
2003-12-30,6443.6001
2003-12-31,6464.0000
2004-01-02,6451.2598
2004-01-05,6534.5801
2004-01-06,6541.1499
2004-01-07,6525.2998
2004-01-08,6569.3198
2004-01-09,6526.1699
2004-01-12,6543.6802
2004-01-13,6509.4502
2004-01-14,6559.8101
2004-01-15,6550.0400
2004-01-16,6567.6802
2004-01-20,6599.4800
2004-01-21,6658.3198
2004-01-22,6657.0898
2004-01-23,6626.8198
2004-01-26,6672.0400
2004-01-27,6639.7798
2004-01-28,6555.9702
2004-01-29,6555.7100
2004-01-30,6551.6299
2004-02-02,6568.7002
2004-02-03,6574.8198
2004-02-04,6526.1001
2004-02-05,6544.2798
2004-02-06,6632.6699
2004-02-09,6641.8198
2004-02-10,6677.0400
2004-02-11,6751.0498
2004-02-12,6716.1899
2004-02-13,6691.3999
2004-02-17,6770.2700
2004-02-18,6719.1401
2004-02-19,6715.2900
2004-02-20,6676.7100
2004-02-23,6665.5000
2004-02-24,6654.8799
2004-02-25,6670.2700
2004-02-26,6677.6602
2004-02-27,6692.3701
2004-03-01,6766.5601
2004-03-02,6717.1299
2004-03-03,6718.3301
2004-03-04,6742.7500
2004-03-05,6780.0298
2004-03-08,6741.3799
2004-03-09,6698.0698
2004-03-10,6591.7202
2004-03-11,6480.5498
2004-03-12,6545.9600
2004-03-15,6445.1201
2004-03-16,6489.7100
2004-03-17,6567.7202
2004-03-18,6561.1699
2004-03-19,6501.5298
2004-03-22,6404.2700
2004-03-23,6418.3198
2004-03-24,6375.6699
2004-03-25,6464.4199
2004-03-26,6469.5698
2004-03-29,6553.5601
2004-03-30,6586.6299
2004-03-31,6599.0601
2004-04-01,6644.3398
2004-04-02,6680.3301
2004-04-05,6715.0898
2004-04-06,6694.1401
2004-04-07,6675.3999
2004-04-08,6655.7100
2004-04-12,6683.6499
2004-04-13,6583.6299
2004-04-14,6551.1699
2004-04-15,6569.4600
2004-04-16,6616.9302
2004-04-19,6620.0498
2004-04-20,6527.1201
2004-04-21,6546.7700
2004-04-22,6633.2998
2004-04-23,6616.8799
2004-04-26,6597.7002
2004-04-27,6612.7002
2004-04-28,6500.2100
2004-04-29,6452.2300
2004-04-30,6439.4199
2004-05-03,6488.7500
2004-05-04,6531.2402
2004-05-05,6554.0200
2004-05-06,6483.0898
2004-05-07,6364.0698
2004-05-10,6251.8198
2004-05-11,6300.9600
2004-05-12,6311.1401
2004-05-13,6294.5801
2004-05-14,6293.3398
2004-05-17,6231.1899
2004-05-18,6276.5298
2004-05-19,6287.1602
2004-05-20,6277.1201
2004-05-21,6308.1201
2004-05-24,6334.1299
2004-05-25,6429.3198
2004-05-26,6435.1401
2004-05-27,6492.2998
2004-05-28,6484.7202
2004-06-01,6487.2500
2004-06-02,6506.3398
2004-06-03,6456.7100
2004-06-04,6503.8799
2004-06-07,6610.8901
2004-06-08,6603.4199
2004-06-09,6525.5200
2004-06-10,6556.9702
2004-06-14,6465.2100
2004-06-15,6526.0298
2004-06-16,6535.3701
2004-06-17,6546.0098
2004-06-18,6566.5801
2004-06-21,6545.1602
2004-06-22,6553.8101
2004-06-23,6602.3398
2004-06-24,6597.5601
2004-06-25,6571.2002
2004-06-28,6571.5801
2004-06-29,6574.5200
2004-06-30,6602.9902
2004-07-01,6544.7598
2004-07-02,6542.3599
2004-07-06,6497.5298
2004-07-07,6518.7100
2004-07-08,6473.5801
2004-07-09,6500.3999
2004-07-12,6503.7798
2004-07-13,6504.6001
2004-07-14,6488.7998
2004-07-15,6457.1201
2004-07-16,6456.0200
2004-07-19,6446.6602
2004-07-20,6473.0298
2004-07-21,6390.2100
2004-07-22,6390.6299
2004-07-23,6324.1001
2004-07-26,6297.6401
2004-07-27,6347.6001
2004-07-28,6357.7700
2004-07-29,6394.0698
2004-07-30,6403.1499
2004-08-02,6426.3999
2004-08-03,6402.7100
2004-08-04,6385.0601
2004-08-05,6295.1001
2004-08-06,6225.8301
2004-08-09,6227.5498
2004-08-10,6295.1099
2004-08-11,6278.6001
2004-08-12,6217.0601
2004-08-13,6234.8398
2004-08-16,6315.9502
2004-08-17,6320.2500
2004-08-18,6386.7300
2004-08-19,6372.6299
2004-08-20,6414.6699
2004-08-23,6385.4399
2004-08-24,6382.5098
2004-08-25,6431.7900
2004-08-26,6439.7998
2004-08-27,6455.5200
2004-08-30,6414.5400
2004-08-31,6454.2202
2004-09-01,6469.8599
2004-09-02,6535.0498
2004-09-03,6510.4399
2004-09-07,6555.6401
2004-09-08,6534.0898
2004-09-09,6544.3101
2004-09-10,6568.2998
2004-09-13,6581.8101
2004-09-14,6594.2100
2004-09-15,6546.3198
2004-09-16,6574.6099
2004-09-17,6604.0000
2004-09-20,6565.8999
2004-09-21,6633.2202
2004-09-22,6548.5601
2004-09-23,6521.4302
2004-09-24,6531.3701
2004-09-27,6496.3701
2004-09-28,6543.3901
2004-09-29,6560.6802
2004-09-30,6570.2500
2004-10-01,6663.1802
2004-10-04,6677.7500
2004-10-05,6679.2500
2004-10-06,6717.4302
2004-10-07,6654.2202
2004-10-08,6636.4199
2004-10-11,6643.1699
2004-10-12,6609.7100
2004-10-13,6556.5298
2004-10-14,6516.1001
2004-10-15,6559.3799
2004-10-18,6572.3701
2004-10-19,6530.3901
2004-10-20,6539.4800
2004-10-21,6563.4902
2004-10-22,6521.3198
2004-10-25,6520.8999
2004-10-26,6598.4502
2004-10-27,6665.8701
2004-10-28,6670.5000
2004-10-29,6692.7100
2004-11-01,6699.8599
2004-11-02,6701.4702
2004-11-03,6787.3999
2004-11-04,6885.2002
2004-11-05,6906.2300
2004-11-08,6890.0000
2004-11-09,6886.3398
2004-11-10,6891.2202
2004-11-11,6950.9702
2004-11-12,7014.1802
2004-11-15,7003.0601
2004-11-16,6959.2998
2004-11-17,7013.4600
2004-11-18,7002.9102
2004-11-19,6947.1899
2004-11-22,6979.7900
2004-11-23,6985.2998
2004-11-24,7016.3501
2004-11-26,7046.6899
2004-11-29,7032.2300
2004-11-30,7005.7202
2004-12-01,7097.3198
2004-12-02,7074.8198
2004-12-03,7092.6201
2004-12-06,7082.5801
2004-12-07,7014.7202
2004-12-08,7029.9702
2004-12-09,7048.1001
2004-12-10,7028.5098
2004-12-13,7102.4102
2004-12-14,7124.6099
2004-12-15,7159.6499
2004-12-16,7131.9800
2004-12-17,7098.1499
2004-12-20,7116.9800
2004-12-21,7167.0298
2004-12-22,7190.1401
2004-12-23,7208.7798
2004-12-27,7197.2700
2004-12-28,7245.8101
2004-12-29,7242.2402
2004-12-30,7253.5601
2004-12-31,7250.0601
2005-01-03,7179.7100
2005-01-04,7090.5200
2005-01-05,7055.2100
2005-01-06,7076.9399
2005-01-07,7057.5098
2005-01-10,7081.7002
2005-01-11,7044.1099
2005-01-12,7075.6401
2005-01-13,7028.6699
2005-01-14,7066.2202
2005-01-18,7114.5298
2005-01-19,7059.2700
2005-01-20,7010.4702
2005-01-21,6996.5601
2005-01-24,6984.0298
2005-01-25,6998.6401
2005-01-26,7046.3999
2005-01-27,7048.9702
2005-01-28,7031.9902
2005-01-31,7089.8301
2005-02-01,7146.2100
2005-02-02,7169.3901
2005-02-03,7148.3198
2005-02-04,7217.4302
2005-02-07,7200.9102
2005-02-08,7207.4502
2005-02-09,7161.9902
2005-02-10,7210.6499
2005-02-11,7261.6401
2005-02-14,7280.3701
2005-02-15,7303.9600
2005-02-16,7306.7598
2005-02-17,7272.5400
2005-02-18,7287.4702
2005-02-22,7211.1699
2005-02-23,7243.2798
2005-02-24,7283.2798
2005-02-25,7361.8901
2005-02-28,7321.2300
2005-03-01,7351.0298
2005-03-02,7343.1401
2005-03-03,7357.1201
2005-03-04,7441.1802
2005-03-07,7440.3101
2005-03-08,7426.1699
2005-03-09,7354.7402
2005-03-10,7354.9800
2005-03-11,7330.4302
2005-03-14,7353.8901
2005-03-15,7310.4102
2005-03-16,7264.4702
2005-03-17,7284.3101
2005-03-18,7276.8398
2005-03-21,7229.2002
2005-03-22,7158.9702
2005-03-23,7127.1802
2005-03-24,7128.7998
2005-03-28,7131.5200
2005-03-29,7070.5298
2005-03-30,7158.5000
2005-03-31,7167.5298
2005-04-01,7136.3599
2005-04-04,7137.5298
2005-04-05,7170.8999
2005-04-06,7191.1802
2005-04-07,7227.0801
2005-04-08,7181.5000
2005-04-11,7189.4199
2005-04-12,7208.0400
2005-04-13,7133.9902
2005-04-14,7063.7402
2005-04-15,6958.3501
2005-04-18,6969.0898
2005-04-19,7030.7402
2005-04-20,6937.6001
2005-04-21,7049.1802
2005-04-22,7015.8501
2005-04-25,7071.8599
2005-04-26,7011.2100
2005-04-27,7010.2100
2005-04-28,6935.3101
2005-04-29,7008.3198
2005-05-02,7043.0098
2005-05-03,7032.0298
2005-05-04,7124.6899
2005-05-05,7117.2900
2005-05-06,7110.0801
2005-05-09,7144.6001
2005-05-10,7066.8101
2005-05-11,7079.8599
2005-05-12,6989.6401
2005-05-13,6937.6899
2005-05-16,6996.1299
2005-05-17,7034.6401
2005-05-18,7113.1201
2005-05-19,7140.9600
2005-05-20,7121.0200
2005-05-23,7155.9502
2005-05-24,7153.9800
2005-05-25,7129.2402
2005-05-26,7164.4702
2005-05-27,7184.8999
2005-05-31,7134.3301
2005-06-01,7190.6499
2005-06-02,7206.0801
2005-06-03,7169.2100
2005-06-06,7184.4902
2005-06-07,7199.3198
2005-06-08,7180.5698
2005-06-09,7212.1299
2005-06-10,7200.1099
2005-06-13,7213.0200
2005-06-14,7235.1401
2005-06-15,7256.3901
2005-06-16,7289.7598
2005-06-17,7346.3198
2005-06-20,7325.6899
2005-06-21,7314.2500
2005-06-22,7320.0898
2005-06-23,7246.5498
2005-06-24,7209.0601
2005-06-27,7210.3198
2005-06-28,7267.9199
2005-06-29,7262.3101
2005-06-30,7217.7798
2005-07-01,7245.5898
2005-07-05,7289.6699
2005-07-06,7251.8701
2005-07-07,7254.5698
2005-07-08,7330.5801
2005-07-11,7382.5000
2005-07-12,7411.8501
2005-07-13,7400.8301
2005-07-14,7403.3999
2005-07-15,7403.5898
2005-07-18,7372.4399
2005-07-19,7414.5698
2005-07-20,7453.4102
2005-07-21,7412.4102
2005-07-22,7447.1602
2005-07-25,7423.2500
2005-07-26,7428.0698
2005-07-27,7465.4399
2005-07-28,7516.7798
2005-07-29,7476.6602
2005-08-01,7502.1001
2005-08-02,7556.5898
2005-08-03,7566.5400
2005-08-04,7515.1802
2005-08-05,7453.2900
2005-08-08,7452.7100
2005-08-09,7505.5801
2005-08-10,7528.3901
2005-08-11,7590.8301
2005-08-12,7558.3301
2005-08-15,7564.7798
2005-08-16,7480.1602
2005-08-17,7461.7700
2005-08-18,7433.2402
2005-08-19,7458.5400
2005-08-22,7486.5400
2005-08-23,7453.7798
2005-08-24,7417.4199
2005-08-25,7434.5801
2005-08-26,7379.8599
2005-08-29,7413.9800
2005-08-30,7397.0601
2005-08-31,7496.0898
2005-09-01,7543.8501
2005-09-02,7531.1299
2005-09-06,7618.9600
2005-09-07,7625.2402
2005-09-08,7594.6401
2005-09-09,7663.8198
2005-09-12,7637.5098
2005-09-13,7578.2500
2005-09-14,7577.2900
2005-09-15,7583.1401
2005-09-16,7646.2900
2005-09-19,7611.8901
2005-09-20,7562.8398
2005-09-21,7515.0200
2005-09-22,7519.8599
2005-09-23,7518.8999
2005-09-26,7556.4502
2005-09-27,7548.6499
2005-09-28,7575.1001
2005-09-29,7632.5000
2005-09-30,7632.9800
2005-10-03,7626.2300
2005-10-04,7558.1001
2005-10-05,7436.3599
2005-10-06,7399.6602
2005-10-07,7435.1899
2005-10-10,7385.5698
2005-10-11,7380.8101
2005-10-12,7322.7402
2005-10-13,7293.1201
2005-10-14,7362.5898
2005-10-17,7370.8398
2005-10-18,7277.9102
2005-10-19,7363.0698
2005-10-20,7234.0898
2005-10-21,7254.4902
2005-10-24,7374.5298
2005-10-25,7361.8398
2005-10-26,7334.7700
2005-10-27,7263.3198
2005-10-28,7369.5498
2005-10-31,7433.1201
2005-11-01,7425.1802
2005-11-02,7509.8198
2005-11-03,7534.8101
2005-11-04,7507.5601
2005-11-07,7519.4199
2005-11-08,7489.7202
2005-11-09,7500.9902
2005-11-10,7530.1299
2005-11-11,7561.3999
2005-11-14,7549.1699
2005-11-15,7509.3799
2005-11-16,7518.9800
2005-11-17,7601.1201
2005-11-18,7634.5801
2005-11-21,7676.6401
2005-11-22,7715.3501
2005-11-23,7743.3398
2005-11-25,7747.5200
2005-11-28,7687.4199
2005-11-29,7692.9902
2005-11-30,7645.2798
2005-12-01,7756.5400
2005-12-02,7760.8501
2005-12-05,7759.2402
2005-12-06,7775.8501
2005-12-07,7731.2798
2005-12-08,7743.4302
2005-12-09,7762.6001
2005-12-12,7790.9902
2005-12-13,7825.0000
2005-12-14,7852.1802
2005-12-15,7815.7100
2005-12-16,7814.0000
2005-12-19,7778.5898
2005-12-20,7777.2700
2005-12-21,7806.7500
2005-12-22,7833.7700
2005-12-23,7841.8999
2005-12-27,7767.8501
2005-12-28,7795.7598
2005-12-29,7788.1401
2005-12-30,7753.9502
2006-01-03,7912.4102
2006-01-04,7962.9399
2006-01-05,7944.0601
2006-01-06,8031.6602
2006-01-09,8053.4199
2006-01-10,8030.5898
2006-01-11,8063.5098
2006-01-12,8008.0898
2006-01-13,8025.9399
2006-01-17,7992.6001
2006-01-18,7953.0098
2006-01-19,8018.2202
2006-01-20,7902.2700
2006-01-23,7953.9199
2006-01-24,7973.0200
2006-01-25,7969.4902
2006-01-26,8044.0000
2006-01-27,8096.1401
2006-01-30,8105.2500
2006-01-31,8106.5498
2006-02-01,8112.2202
2006-02-02,8038.0000
2006-02-03,8001.3999
2006-02-06,8019.8701
2006-02-07,7932.5000
2006-02-08,7974.9102
2006-02-09,7980.1699
2006-02-10,7980.0000
2006-02-13,7947.7998
2006-02-14,8021.5698
2006-02-15,8019.7598
2006-02-16,8086.7402
2006-02-17,8092.4199
2006-02-21,8082.6602
2006-02-22,8128.2002
2006-02-23,8107.7598
2006-02-24,8126.0298
2006-02-27,8139.6699
2006-02-28,8060.6099
2006-03-01,8130.6299
2006-03-02,8126.5298
2006-03-03,8119.9102
2006-03-06,8067.4399
2006-03-07,8017.3599
2006-03-08,8026.0898
2006-03-09,8007.8301
2006-03-10,8079.2402
2006-03-13,8114.1099
2006-03-14,8197.5996
2006-03-15,8236.6904
2006-03-16,8261.9199
2006-03-17,8271.6104
2006-03-20,8255.6396
2006-03-21,8199.8398
2006-03-22,8255.8799
2006-03-23,8227.0400
2006-03-24,8252.3896
2006-03-27,8232.0195
2006-03-28,8175.7202
2006-03-29,8249.3799
2006-03-30,8271.7900
2006-03-31,8233.2002
2006-04-03,8269.6504
2006-04-04,8324.7500
2006-04-05,8369.1699
2006-04-06,8359.8203
2006-04-07,8270.6504
2006-04-10,8283.0801
2006-04-11,8214.4600
2006-04-12,8220.5498
2006-04-13,8227.9502
2006-04-17,8242.1504
2006-04-18,8389.4404
2006-04-19,8431.2500
2006-04-20,8422.1299
2006-04-21,8461.0596
2006-04-24,8440.5898
2006-04-25,8405.9199
2006-04-26,8429.8604
2006-04-27,8440.5000
2006-04-28,8471.4297
2006-05-01,8461.7500
2006-05-02,8541.7998
2006-05-03,8497.2305
2006-05-04,8531.6104
2006-05-05,8632.9404
2006-05-08,8623.2197
2006-05-09,8646.9600
2006-05-10,8631.5898
2006-05-11,8526.7402
2006-05-12,8411.2598
2006-05-15,8378.2100
2006-05-16,8387.5703
2006-05-17,8199.3799
2006-05-18,8148.1802
2006-05-19,8176.0601
2006-05-22,8094.7998
2006-05-23,8094.9600
2006-05-24,8062.9302
2006-05-25,8187.3999
2006-05-26,8241.1504
2006-05-30,8110.9902
2006-05-31,8189.1099
2006-06-01,8270.8799
2006-06-02,8305.2500
2006-06-05,8145.5298
2006-06-06,8100.7100
2006-06-07,8037.0601
2006-06-08,7992.4902
2006-06-09,7965.3198
2006-06-12,7855.4399
2006-06-13,7719.7798
2006-06-14,7780.3301
2006-06-15,7976.4502
2006-06-16,7933.8599
2006-06-19,7850.2300
2006-06-20,7860.3599
2006-06-21,7953.4600
2006-06-22,7920.3198
2006-06-23,7924.6201
2006-06-26,7966.7900
2006-06-27,7886.4800
2006-06-28,7929.7002
2006-06-29,8138.8599
2006-06-30,8169.0698
2006-07-03,8241.5098
2006-07-05,8163.9399
2006-07-06,8197.8398
2006-07-07,8155.0498
2006-07-10,8175.1802
2006-07-11,8206.2803
2006-07-12,8113.1802
2006-07-13,7991.8501
2006-07-14,7950.0698
2006-07-17,7892.8701
2006-07-18,7898.3599
2006-07-19,8076.6499
2006-07-20,8007.5298
2006-07-21,7953.1401
2006-07-24,8099.9399
2006-07-25,8149.7700
2006-07-26,8164.2598
2006-07-27,8144.8599
2006-07-28,8254.9805
2006-07-31,8242.1201
2006-08-01,8206.0996
2006-08-02,8259.9102
2006-08-03,8262.4404
2006-08-04,8270.9199
2006-08-07,8238.5303
2006-08-08,8210.1904
2006-08-09,8192.6299
2006-08-10,8209.7803
2006-08-11,8163.2798
2006-08-14,8169.6802
2006-08-15,8296.0195
2006-08-16,8357.4004
2006-08-17,8354.0703
2006-08-18,8379.9297
2006-08-21,8361.7002
2006-08-22,8364.2402
2006-08-23,8320.1904
2006-08-24,8327.5703
2006-08-25,8318.0303
2006-08-28,8359.1797
2006-08-29,8383.6396
2006-08-30,8388.3799
2006-08-31,8388.5596
2006-09-01,8435.7500
2006-09-05,8452.9600
2006-09-06,8345.2197
2006-09-07,8287.8096
2006-09-08,8294.6396
2006-09-11,8262.1699
2006-09-12,8348.3203
2006-09-13,8382.7002
2006-09-14,8357.8096
2006-09-15,8363.4502
2006-09-18,8390.4697
2006-09-19,8347.5703
2006-09-20,8391.8398
2006-09-21,8373.3096
2006-09-22,8344.6699
2006-09-25,8398.3799
2006-09-26,8451.7900
2006-09-27,8476.5098
2006-09-28,8490.6797
2006-09-29,8469.6504
2006-10-02,8461.3799
2006-10-03,8447.8301
2006-10-04,8538.6699
2006-10-05,8570.4805
2006-10-06,8534.3203
2006-10-09,8538.4004
2006-10-10,8563.5996
2006-10-11,8540.6396
2006-10-12,8626.8604
2006-10-13,8645.5000
2006-10-16,8692.4600
2006-10-17,8646.4502
2006-10-18,8663.5498
2006-10-19,8700.8096
2006-10-20,8702.0303
2006-10-23,8736.5898
2006-10-24,8750.0703
2006-10-25,8795.7598
2006-10-26,8845.3203
2006-10-27,8779.8701
2006-10-30,8766.7803
2006-10-31,8774.9805
2006-11-01,8718.1396
2006-11-02,8722.5703
2006-11-03,8716.7598
2006-11-06,8819.6201
2006-11-07,8835.2197
2006-11-08,8857.5498
2006-11-09,8813.7305
2006-11-10,8827.9805
2006-11-13,8823.9805
2006-11-14,8880.4697
2006-11-15,8901.5498
2006-11-16,8894.4805
2006-11-17,8897.1699
2006-11-20,8884.1699
2006-11-21,8918.0801
2006-11-22,8948.9404
2006-11-24,8933.4297
2006-11-27,8820.5898
2006-11-28,8851.6396
2006-11-29,8947.1699
2006-11-30,8969.0000
2006-12-01,8949.0703
2006-12-04,9019.0303
2006-12-05,9064.9297
2006-12-06,9047.7598
2006-12-07,9041.9805
2006-12-08,9042.1904
2006-12-11,9064.6904
2006-12-12,9059.2598
2006-12-13,9082.1299
2006-12-14,9147.2002
2006-12-15,9140.3896
2006-12-18,9105.0498
2006-12-19,9139.4404
2006-12-20,9128.8799
2006-12-21,9103.4502
2006-12-22,9062.1299
2006-12-26,9102.2500
2006-12-27,9179.4004
2006-12-28,9172.7598
2006-12-29,9139.0195
2007-01-03,9133.0801
2007-01-04,9113.1602
2007-01-05,9025.0400
2007-01-08,9041.1201
2007-01-09,9023.9004
2007-01-10,9003.1201
2007-01-11,9063.0898
2007-01-12,9139.9404
2007-01-16,9139.5596
2007-01-17,9146.2598
2007-01-18,9125.3799
2007-01-19,9179.5303
2007-01-22,9130.9199
2007-01-23,9199.7305
2007-01-24,9268.4902
2007-01-25,9154.6602
2007-01-26,9154.0996
2007-01-29,9139.5498
2007-01-30,9206.3896
2007-01-31,9254.7305
2007-02-01,9327.6904
2007-02-02,9325.2402
2007-02-05,9313.2100
2007-02-06,9345.2500
2007-02-07,9353.6201
2007-02-08,9345.5400
2007-02-09,9291.6504
2007-02-12,9258.3203
2007-02-13,9351.3496
2007-02-14,9427.3096
2007-02-15,9434.9600
2007-02-16,9433.4199
2007-02-20,9453.9297
2007-02-21,9433.5303
2007-02-22,9433.0596
2007-02-23,9420.2002
2007-02-26,9421.4404
2007-02-27,9088.6504
2007-02-28,9124.5400
2007-03-01,9074.2695
2007-03-02,8957.9697
2007-03-05,8837.9697
2007-03-06,9006.0098
2007-03-07,8999.2002
2007-03-08,9078.6504
2007-03-09,9094.9902
2007-03-12,9120.9297
2007-03-13,8926.8799
2007-03-14,8958.5996
2007-03-15,9005.2500
2007-03-16,8983.0098
2007-03-19,9091.0000
2007-03-20,9158.2695
2007-03-21,9317.7305
2007-03-22,9313.8203
2007-03-23,9338.4004
2007-03-26,9341.3604
2007-03-27,9288.7900
2007-03-28,9218.5303
2007-03-29,9279.0801
2007-03-30,9261.8203
2007-04-02,9305.5498
2007-04-03,9381.4600
2007-04-04,9398.5596
2007-04-05,9426.5703
2007-04-09,9429.2100
2007-04-10,9468.7002
2007-04-11,9413.6299
2007-04-12,9477.7598
2007-04-13,9522.8604
2007-04-16,9625.5303
2007-04-17,9631.6904
2007-04-18,9634.8701
2007-04-19,9601.6904
2007-04-20,9697.3398
2007-04-23,9660.5596
2007-04-24,9648.5000
2007-04-25,9746.5703
2007-04-26,9715.4902
2007-04-27,9705.3604
2007-04-30,9627.7305
2007-05-01,9639.7900
2007-05-02,9718.0000
2007-05-03,9753.9404
2007-05-04,9793.0000
2007-05-07,9825.0898
2007-05-08,9788.0303
2007-05-09,9827.9297
2007-05-10,9669.3701
2007-05-11,9787.0303
2007-05-14,9765.3799
2007-05-15,9764.7305
2007-05-16,9825.4297
2007-05-17,9818.9805
2007-05-18,9893.7402
2007-05-21,9897.4600
2007-05-22,9900.9600
2007-05-23,9913.6602
2007-05-24,9812.5098
2007-05-25,9876.1104
2007-05-29,9892.4902
2007-05-30,9963.6104
2007-05-31,9978.6396
2007-06-01,10042.5996
2007-06-04,10064.0498
2007-06-05,10001.4697
2007-06-06,9895.0098
2007-06-07,9720.9404
2007-06-08,9826.0703
2007-06-11,9841.7305
2007-06-12,9724.4902
2007-06-13,9863.5000
2007-06-14,9926.7900
2007-06-15,10013.9297
2007-06-18,10005.4697
2007-06-19,10026.5195
2007-06-20,9905.0801
2007-06-21,9960.7900
2007-06-22,9848.9697
2007-06-25,9807.2100
2007-06-26,9774.2900
2007-06-27,9848.9102
2007-06-28,9865.7695
2007-06-29,9873.0195
2007-07-02,9997.4297
2007-07-03,10032.6104
2007-07-05,10026.2402
2007-07-06,10075.3896
2007-07-09,10099.5996
2007-07-10,9953.5703
2007-07-11,10014.6797
2007-07-12,10197.6904
2007-07-13,10220.6699
2007-07-16,10188.1797
2007-07-17,10170.3604
2007-07-18,10148.2803
2007-07-19,10194.0098
2007-07-20,10072.9297
2007-07-23,10121.5801
2007-07-24,9909.9502
2007-07-25,9930.3604
2007-07-26,9654.3799
2007-07-27,9508.2305
2007-07-30,9623.1797
2007-07-31,9554.5000
2007-08-01,9573.0498
2007-08-02,9619.3301
2007-08-03,9370.5996
2007-08-06,9553.7695
2007-08-07,9606.0703
2007-08-08,9746.2002
2007-08-09,9449.3096
2007-08-10,9435.0400
2007-08-13,9428.8604
2007-08-14,9254.2695
2007-08-15,9089.0400
2007-08-16,9087.0996
2007-08-17,9314.9902
2007-08-20,9326.2100
2007-08-21,9332.5400
2007-08-22,9477.1299
2007-08-23,9478.6201
2007-08-24,9607.0400
2007-08-27,9528.9297
2007-08-28,9289.4902
2007-08-29,9508.9199
2007-08-30,9456.6396
2007-08-31,9596.9805
2007-09-04,9698.6797
2007-09-05,9583.1699
2007-09-06,9637.5498
2007-09-07,9486.4404
2007-09-10,9457.6396
2007-09-11,9597.6104
2007-09-12,9598.7305
2007-09-13,9678.1201
2007-09-14,9673.6504
2007-09-17,9607.7500
2007-09-18,9909.0303
2007-09-19,9970.9004
2007-09-20,9936.4697
2007-09-21,9981.8301
2007-09-24,9946.4199
2007-09-25,9933.8203
2007-09-26,9980.1201
2007-09-27,10056.9502
2007-09-28,10039.2803
2007-10-01,10184.5000
2007-10-02,10175.8398
2007-10-03,10101.0303
2007-10-04,10142.9297
2007-10-05,10247.9297
2007-10-08,10186.4297
2007-10-09,10280.3096
2007-10-10,10264.5000
2007-10-11,10245.2500
2007-10-12,10301.4902
2007-10-15,10216.2900
2007-10-16,10125.4004
2007-10-17,10165.2998
2007-10-18,10174.6104
2007-10-19,9920.2695
2007-10-22,9930.7803
2007-10-23,10040.9902
2007-10-24,10009.2998
2007-10-25,10029.5498
2007-10-26,10189.1299
2007-10-29,10256.2197
2007-10-30,10164.9697
2007-10-31,10311.6104
2007-11-01,10022.0801
2007-11-02,10052.2598
2007-11-05,9958.8203
2007-11-06,10102.4102
2007-11-07,9830.1504
2007-11-08,9877.4697
2007-11-09,9733.3398
2007-11-12,9569.9697
2007-11-13,9860.9805
2007-11-14,9809.1504
2007-11-15,9652.5195
2007-11-16,9701.3799
2007-11-19,9497.3301
2007-11-20,9575.2900
2007-11-21,9405.2197
2007-11-23,9582.9805
2007-11-26,9389.5000
2007-11-27,9521.7598
2007-11-28,9791.0498
2007-11-29,9773.5703
2007-11-30,9856.8496
2007-12-03,9811.8604
2007-12-04,9748.3799
2007-12-05,9887.5996
2007-12-06,10030.1504
2007-12-07,10023.5801
2007-12-10,10104.4199
2007-12-11,9838.2598
2007-12-12,9921.6396
2007-12-13,9864.2803
2007-12-14,9698.3701
2007-12-17,9528.6699
2007-12-18,9602.5498
2007-12-19,9586.0703
2007-12-20,9622.2695
2007-12-21,9787.9297
2007-12-24,9873.4805
2007-12-26,9894.1504
2007-12-27,9779.2998
2007-12-28,9803.8896
2007-12-31,9740.3203
2008-01-02,9647.5000
2008-01-03,9656.0000
2008-01-04,9432.0303
2008-01-07,9462.2402
2008-01-08,9326.0801
2008-01-09,9424.6904
2008-01-10,9490.7598
2008-01-11,9347.4697
2008-01-14,9439.3398
2008-01-15,9172.1699
2008-01-16,9073.4297
2008-01-17,8818.9502
2008-01-18,8794.8604
2008-01-22,8661.1699
2008-01-23,8805.6797
2008-01-24,8942.2500
2008-01-25,8827.5000
2008-01-28,8978.4102
2008-01-29,9046.0195
2008-01-30,8994.4502
2008-01-31,9126.1602
2008-02-01,9277.5801
2008-02-04,9202.1104
2008-02-05,8874.5000
2008-02-06,8818.1104
2008-02-07,8859.0400
2008-02-08,8823.1201
2008-02-11,8868.2803
2008-02-12,8965.3496
2008-02-13,9073.4805
2008-02-14,8968.4102
2008-02-15,8970.7598
2008-02-19,9023.0400
2008-02-20,9073.9600
2008-02-21,8977.7305
2008-02-22,9064.8301
2008-02-25,9210.0801
2008-02-26,9302.7998
2008-02-27,9292.8896
2008-02-28,9221.8799
2008-02-29,8962.4600
2008-03-03,8970.3896
2008-03-04,8891.4502
2008-03-05,8962.4199
2008-03-06,8765.4102
2008-03-07,8676.2695
2008-03-10,8534.3701
2008-03-11,8842.6797
2008-03-12,8781.2305
2008-03-13,8827.1602
2008-03-14,8635.9199
2008-03-17,8489.3799
2008-03-18,8826.4404
2008-03-19,8549.5000
2008-03-20,8717.5596
2008-03-24,8859.6104
2008-03-25,8936.2305
2008-03-26,8881.5498
2008-03-27,8817.1699
2008-03-28,8762.1201
2008-03-31,8797.2900
2008-04-01,9088.4902
2008-04-02,9104.4600
2008-04-03,9140.6396
2008-04-04,9157.5303
2008-04-07,9184.7197
2008-04-08,9150.6299
2008-04-09,9074.8203
2008-04-10,9096.8604
2008-04-11,8936.1104
2008-04-14,8922.8398
2008-04-15,8978.1904
2008-04-16,9203.7598
2008-04-17,9173.8096
2008-04-18,9310.2402
2008-04-21,9312.2900
2008-04-22,9227.9697
2008-04-23,9237.2900
2008-04-24,9250.2197
2008-04-25,9344.3096
2008-04-28,9349.6104
2008-04-29,9285.9102
2008-04-30,9299.5996
2008-05-01,9395.0400
2008-05-02,9451.1699
2008-05-05,9438.0996
2008-05-06,9510.9805
2008-05-07,9339.4697
2008-05-08,9388.5400
2008-05-09,9327.9697
2008-05-12,9417.9697
2008-05-13,9410.4600
2008-05-14,9437.4502
2008-05-15,9553.5195
2008-05-16,9603.0098
2008-05-19,9602.7803
2008-05-20,9536.0098
2008-05-21,9397.0303
2008-05-22,9433.3496
2008-05-23,9315.7803
2008-05-27,9314.0195
2008-05-28,9364.3398
2008-05-29,9371.8701
2008-05-30,9401.0801
2008-06-02,9316.6104
2008-06-03,9262.0000
2008-06-04,9212.7598
2008-06-05,9408.4902
2008-06-06,9152.5098
2008-06-09,9149.0898
2008-06-10,9067.0996
2008-06-11,8941.2695
2008-06-12,8947.7305
2008-06-13,9063.2305
2008-06-16,9087.8799
2008-06-17,9074.4102
2008-06-18,8999.5596
2008-06-19,8988.8398
2008-06-20,8829.2500
2008-06-23,8841.8896
2008-06-24,8803.3398
2008-06-25,8865.7998
2008-06-26,8640.7402
2008-06-27,8623.5098
2008-06-30,8660.4805
2008-07-01,8641.2803
2008-07-02,8465.5098
2008-07-03,8481.5400
2008-07-07,8400.2100
2008-07-08,8515.7900
2008-07-09,8371.6299
2008-07-10,8435.9404
2008-07-11,8347.2402
2008-07-14,8287.7598
2008-07-15,8157.7998
2008-07-16,8332.8203
2008-07-17,8415.0498
2008-07-18,8453.8496
2008-07-21,8499.7402
2008-07-22,8566.6504
2008-07-23,8580.5703
2008-07-24,8369.9102
2008-07-25,8395.5801
2008-07-28,8260.1904
2008-07-29,8419.2002
2008-07-30,8565.3096
2008-07-31,8438.6396
2008-08-01,8379.1504
2008-08-04,8268.6504
2008-08-05,8471.8496
2008-08-06,8501.4404
2008-08-07,8338.4004
2008-08-08,8460.3203
2008-08-11,8492.9404
2008-08-12,8398.7100
2008-08-13,8375.3896
2008-08-14,8385.9697
2008-08-15,8383.6699
2008-08-18,8281.8604
2008-08-19,8212.4697
2008-08-20,8276.9102
2008-08-21,8314.1396
2008-08-22,8373.5498
2008-08-25,8229.0303
2008-08-26,8263.7197
2008-08-27,8349.8398
2008-08-28,8466.1201
2008-08-29,8382.0801
2008-09-02,8296.9697
2008-09-03,8269.2500
2008-09-04,8008.2500
2008-09-05,8033.7598
2008-09-08,8168.6201
2008-09-09,7871.1499
2008-09-10,7957.2598
2008-09-11,8011.2500
2008-09-12,8091.8398
2008-09-15,7680.1499
2008-09-16,7793.1299
2008-09-17,7440.3901
2008-09-18,7775.1602
2008-09-19,8187.1299
2008-09-22,7918.6099
2008-09-23,7785.2700
2008-09-24,7768.8198
2008-09-25,7927.8701
2008-09-26,7890.3701
2008-09-29,7204.0098
2008-09-30,7532.7998
2008-10-01,7519.9502
2008-10-02,7155.4102
2008-10-03,7088.9399
2008-10-06,6754.9102
2008-10-07,6388.3799
2008-10-08,6306.3501
2008-10-09,5809.9800
2008-10-10,5704.1299
2008-10-13,6400.9600
2008-10-14,6380.5298
2008-10-15,5759.9600
2008-10-16,5970.8999
2008-10-17,5948.7998
2008-10-20,6287.6001
2008-10-21,6051.3398
2008-10-22,5630.4702
2008-10-23,5671.9302
2008-10-24,5427.5400
2008-10-27,5196.5298
2008-10-28,5733.4502
2008-10-29,5774.8901
2008-10-30,5975.0298
2008-10-31,6061.0898
2008-11-03,6054.9800
2008-11-04,6345.0898
2008-11-05,6012.1699
2008-11-06,5667.3999
2008-11-07,5871.9800
2008-11-10,5802.0498
2008-11-11,5634.3701
2008-11-12,5320.7002
2008-11-13,5715.7900
2008-11-14,5452.6299
2008-11-17,5323.3599
2008-11-18,5365.6602
2008-11-19,5011.9902
2008-11-20,4651.2100
2008-11-21,4959.7900
2008-11-24,5313.7598
2008-11-25,5375.3599
2008-11-26,5547.3799
2008-11-28,5599.2998
2008-12-01,5092.6602
2008-12-02,5308.9502
2008-12-03,5405.5498
2008-12-04,5232.2598
2008-12-05,5401.2500
2008-12-08,5639.6802
2008-12-09,5522.4600
2008-12-10,5631.0698
2008-12-11,5504.7300
2008-12-12,5543.9600
2008-12-15,5497.8999
2008-12-16,5804.9702
2008-12-17,5769.7998
2008-12-18,5617.7598
2008-12-19,5616.1201
2008-12-22,5520.8198
2008-12-23,5468.2798
2008-12-24,5487.3301
2008-12-26,5538.1899
2008-12-29,5534.6401
2008-12-30,5670.0000
2008-12-31,5757.0498
2009-01-02,5915.7300
2009-01-05,5908.4302
2009-01-06,5968.8398
2009-01-07,5799.0498
2009-01-08,5837.1401
2009-01-09,5702.3701
2009-01-12,5551.0298
2009-01-13,5538.8398
2009-01-14,5328.6802
2009-01-15,5347.7500
2009-01-16,5387.5000
2009-01-20,5058.0601
2009-01-21,5273.9902
2009-01-22,5171.6802
2009-01-23,5195.5498
2009-01-26,5244.6099
2009-01-27,5315.4399
2009-01-28,5501.4600
2009-01-29,5300.8999
2009-01-30,5195.7900
2009-02-02,5166.4702
2009-02-03,5268.0200
2009-02-04,5242.7500
2009-02-05,5326.0098
2009-02-06,5475.2798
2009-02-09,5479.8799
2009-02-10,5214.7100
2009-02-11,5252.6802
2009-02-12,5256.4502
2009-02-13,5206.7598
2009-02-17,4939.1099
2009-02-18,4924.5400
2009-02-19,4881.1602
2009-02-20,4804.5098
2009-02-23,4633.7798
2009-02-24,4821.7402
2009-02-25,4753.1699
2009-02-26,4713.0200
2009-02-27,4617.0298
2009-03-02,4360.9800
2009-03-03,4334.7002
2009-03-04,4464.8901
2009-03-05,4267.6001
2009-03-06,4284.4902
2009-03-09,4226.3101
2009-03-10,4499.3799
2009-03-11,4505.3799
2009-03-12,4684.9902
2009-03-13,4721.0000
2009-03-16,4728.9102
2009-03-17,4868.1401
2009-03-18,4975.2998
2009-03-19,4937.2202
2009-03-20,4832.1299
2009-03-23,5185.8599
2009-03-24,5064.3301
2009-03-25,5127.0000
2009-03-26,5230.5298
2009-03-27,5096.6401
2009-03-30,4899.0498
2009-03-31,4978.9800
2009-04-01,5085.7598
2009-04-02,5267.1001
2009-04-03,5318.7500
2009-04-06,5249.4800
2009-04-07,5120.6699
2009-04-08,5176.4102
2009-04-09,5376.4399
2009-04-13,5410.2798
2009-04-14,5301.5000
2009-04-15,5384.9702
2009-04-16,5454.2700
2009-04-17,5480.6001
2009-04-20,5220.1201
2009-04-21,5339.5898
2009-04-22,5290.6099
2009-04-23,5372.1001
2009-04-24,5468.4102
2009-04-27,5389.8301
2009-04-28,5369.8501
2009-04-29,5516.1401
2009-04-30,5513.3599
2009-05-01,5568.7598
2009-05-04,5800.2202
2009-05-05,5770.7598
2009-05-06,5890.5498
2009-05-07,5800.0898
2009-05-08,6000.3901
2009-05-11,5849.2998
2009-05-12,5859.1401
2009-05-13,5666.4702
2009-05-14,5733.4502
2009-05-15,5662.8901
2009-05-18,5865.8701
2009-05-19,5872.2202
2009-05-20,5870.3901
2009-05-21,5780.5400
2009-05-22,5789.6201
2009-05-26,5936.5801
2009-05-27,5823.5601
2009-05-28,5917.0601
2009-05-29,6004.0698
2009-06-01,6169.0698
2009-06-02,6182.8701
2009-06-03,6033.8999
2009-06-04,6110.7598
2009-06-05,6082.6401
2009-06-08,6068.5601
2009-06-09,6101.5698
2009-06-10,6098.0601
2009-06-11,6163.1299
2009-06-12,6148.6099
2009-06-15,5967.2598
2009-06-16,5886.7598
2009-06-17,5864.5498
2009-06-18,5906.2002
2009-06-19,5934.2402
2009-06-22,5725.0698
2009-06-23,5759.4902
2009-06-24,5795.7202
2009-06-25,5911.0298
2009-06-26,5906.9600
2009-06-29,5962.5000
2009-06-30,5905.1499
2009-07-01,5954.0098
2009-07-02,5775.2402
2009-07-06,5770.0000
2009-07-07,5654.6401
2009-07-08,5624.5698
2009-07-09,5667.3701
2009-07-10,5627.5200
2009-07-13,5761.3701
2009-07-14,5805.5801
2009-07-15,5993.1602
2009-07-16,6043.0498
2009-07-17,6038.1099
2009-07-20,6141.2998
2009-07-21,6154.3901
2009-07-22,6151.3999
2009-07-23,6302.5200
2009-07-24,6337.4600
2009-07-27,6364.6602
2009-07-28,6328.6699
2009-07-29,6280.5698
2009-07-30,6384.3101
2009-07-31,6424.2798
2009-08-03,6565.6499
2009-08-04,6569.1401
2009-08-05,6558.1899
2009-08-06,6517.6699
2009-08-07,6586.7100
2009-08-10,6550.0498
2009-08-11,6463.6201
2009-08-12,6538.8701
2009-08-13,6604.1001
2009-08-14,6537.8198
2009-08-17,6352.1099
2009-08-18,6437.0698
2009-08-19,6479.2798
2009-08-20,6553.3999
2009-08-21,6676.2598
2009-08-24,6671.1401
2009-08-25,6697.2202
2009-08-26,6687.9399
2009-08-27,6722.3101
2009-08-28,6709.0400
2009-08-31,6643.2402
2009-09-01,6487.8101
2009-09-02,6474.7900
2009-09-03,6546.6001
2009-09-04,6637.1299
2009-09-08,6726.0698
2009-09-09,6772.3999
2009-09-10,6850.8101
2009-09-11,6843.8198
2009-09-14,6879.9902
2009-09-15,6917.0698
2009-09-16,7038.1401
2009-09-17,7002.1699
2009-09-18,7016.9199
2009-09-21,6968.5898
2009-09-22,7047.1299
2009-09-23,6964.6899
2009-09-24,6862.3101
2009-09-25,6823.5098
2009-09-28,6939.7598
2009-09-29,6926.8198
2009-09-30,6910.8799
2009-10-01,6718.0498
2009-10-02,6674.5698
2009-10-05,6795.1299
2009-10-06,6899.6802
2009-10-07,6912.6499
2009-10-08,6990.6699
2009-10-09,7015.5400
2009-10-12,7051.1602
2009-10-13,7031.8701
2009-10-14,7182.3799
2009-10-15,7204.0498
2009-10-16,7133.9600
2009-10-19,7222.2100
2009-10-20,7158.2700
2009-10-21,7107.2100
2009-10-22,7182.9102
2009-10-23,7066.7998
2009-10-26,6960.0898
2009-10-27,6932.0400
2009-10-28,6765.6899
2009-10-29,6955.3101
2009-10-30,6739.4502
2009-11-02,6784.9399
2009-11-03,6812.7002
2009-11-04,6830.4302
2009-11-05,6950.1401
2009-11-06,6958.2900
2009-11-09,7135.3301
2009-11-10,7126.4199
2009-11-11,7155.3599
2009-11-12,7063.0498
2009-11-13,7119.8901
2009-11-16,7237.1001
2009-11-17,7234.0601
2009-11-18,7226.7100
2009-11-19,7117.6401
2009-11-20,7084.4702
2009-11-23,7186.3301
2009-11-24,7170.2598
2009-11-25,7232.1201
2009-11-27,7070.0898
2009-11-30,7092.3599
2009-12-01,7212.0801
2009-12-02,7222.4199
2009-12-03,7157.0498
2009-12-04,7182.7100
2009-12-07,7155.7300
2009-12-08,7056.2598
2009-12-09,7067.6201
2009-12-10,7104.5000
2009-12-11,7125.1201
2009-12-14,7186.4902
2009-12-15,7141.4399
2009-12-16,7180.7700
2009-12-17,7063.7500
2009-12-18,7086.1899
2009-12-21,7147.1499
2009-12-22,7184.1802
2009-12-23,7217.2002
2009-12-24,7255.0000
2009-12-28,7261.2402
2009-12-29,7252.1899
2009-12-30,7241.2402
2009-12-31,7184.9600
2010-01-04,7326.7402
2010-01-05,7354.8701
2010-01-06,7377.7002
2010-01-07,7393.9302
2010-01-08,7425.3501
2010-01-11,7449.0498
2010-01-12,7370.4502
2010-01-13,7430.1401
2010-01-14,7448.5200
2010-01-15,7356.7900
2010-01-19,7443.6802
2010-01-20,7329.8301
2010-01-21,7174.4600
2010-01-22,7030.6099
2010-01-25,7073.1299
2010-01-26,7028.3198
2010-01-27,7035.6099
2010-01-28,6956.9902
2010-01-29,6883.7798
2010-02-01,7008.2300
2010-02-02,7101.4399
2010-02-03,7042.6201
2010-02-04,6787.8599
2010-02-05,6782.7500
2010-02-08,6713.8701
2010-02-09,6835.1602
2010-02-10,6819.1201
2010-02-11,6898.7202
2010-02-12,6874.5601
2010-02-16,7013.3501
2010-02-17,7035.2002
2010-02-18,7080.3799
2010-02-19,7083.2500
2010-02-22,7078.5298
2010-02-23,6974.6001
2010-02-24,7030.6699
2010-02-25,7013.4502
2010-02-26,7035.0400
2010-03-01,7100.7500
2010-03-02,7135.9702
2010-03-03,7164.6602
2010-03-04,7173.0698
2010-03-05,7291.3101
2010-03-08,7292.5298
2010-03-09,7294.0200
2010-03-10,7327.6699
2010-03-11,7353.2402
2010-03-12,7362.8501
2010-03-15,7350.9600
2010-03-16,7426.7002
2010-03-17,7474.1299
2010-03-18,7443.5698
2010-03-19,7386.8501
2010-03-22,7419.0200
2010-03-23,7478.8599
2010-03-24,7408.1602
2010-03-25,7385.6001
2010-03-26,7403.5801
2010-03-29,7464.8999
2010-03-30,7460.7202
2010-03-31,7447.7998
2010-04-01,7539.0498
2010-04-05,7600.9302
2010-04-06,7604.4399
2010-04-07,7546.1802
2010-04-08,7565.3301
2010-04-09,7629.0498
2010-04-12,7641.7500
2010-04-13,7638.3501
2010-04-14,7728.9600
2010-04-15,7719.6602
2010-04-16,7584.6201
2010-04-19,7596.5601
2010-04-20,7669.1099
2010-04-21,7644.6699
2010-04-22,7642.8301
2010-04-23,7701.6099
2010-04-26,7677.6499
2010-04-27,7463.0898
2010-04-28,7499.7202
2010-04-29,7589.2900
2010-04-30,7474.3999
2010-05-03,7543.1201
2010-05-04,7337.2500
2010-05-05,7258.0200
2010-05-06,7011.9199
2010-05-07,6916.1802
2010-05-10,7257.6201
2010-05-11,7221.6602
2010-05-12,7316.3599
2010-05-13,7234.3701
2010-05-14,7077.6401
2010-05-17,7063.8301
2010-05-18,6959.2100
2010-05-19,6927.2100
2010-05-20,6653.0000
2010-05-21,6775.4502
2010-05-24,6666.7402
2010-05-25,6665.8301
2010-05-26,6631.3599
2010-05-27,6893.2900
2010-05-28,6791.5698
2010-06-01,6661.1001
2010-06-02,6839.6099
2010-06-03,6860.3901
2010-06-04,6600.2700
2010-06-07,6512.4199
2010-06-08,6596.1201
2010-06-09,6559.7100
2010-06-10,6783.5098
2010-06-11,6814.7598
2010-06-14,6817.9702
2010-06-15,6989.8799
2010-06-16,6976.0801
2010-06-17,6982.0400
2010-06-18,6988.2500
2010-06-21,6978.8599
2010-06-22,6858.9502
2010-06-23,6850.0498
2010-06-24,6730.2402
2010-06-25,6763.9302
2010-06-28,6736.6001
2010-06-29,6520.0898
2010-06-30,6469.6499
2010-07-01,6462.0298
2010-07-02,6434.8101
2010-07-06,6486.0898
2010-07-07,6685.7798
2010-07-08,6755.8101
2010-07-09,6808.7100
2010-07-12,6794.4800
2010-07-13,6907.7798
2010-07-14,6903.3599
2010-07-15,6916.8101
2010-07-16,6709.5098
2010-07-19,6739.6401
2010-07-20,6820.0400
2010-07-21,6731.1602
2010-07-22,6901.9102
2010-07-23,6965.1099
2010-07-26,7046.0000
2010-07-27,7044.9902
2010-07-28,6999.1802
2010-07-29,6994.5698
2010-07-30,6998.9902
2010-08-02,7174.8999
2010-08-03,7146.9902
2010-08-04,7182.1401
2010-08-05,7174.2700
2010-08-06,7153.7202
2010-08-09,7188.2998
2010-08-10,7139.7500
2010-08-11,6902.7100
2010-08-12,6881.9399
2010-08-13,6861.0400
2010-08-16,6871.5801
2010-08-17,6959.7900
2010-08-18,6968.0801
2010-08-19,6850.4502
2010-08-20,6813.1499
2010-08-23,6784.9702
2010-08-24,6681.0298
2010-08-25,6696.1201
2010-08-26,6665.2598
2010-08-27,6794.9102
2010-08-30,6695.2798
2010-08-31,6704.1499
2010-09-01,6910.9800
2010-09-02,6966.2500
2010-09-03,7055.0298
2010-09-07,6959.9399
2010-09-08,6999.9399
2010-09-09,7034.3701
2010-09-10,7067.5098
2010-09-13,7156.1802
2010-09-14,7162.0801
2010-09-15,7179.7900
2010-09-16,7169.4800
2010-09-17,7154.6499
2010-09-20,7266.0200
2010-09-21,7245.9502
2010-09-22,7210.8501
2010-09-23,7141.5098
2010-09-24,7301.0400
2010-09-27,7263.3701
2010-09-28,7310.3198
2010-09-29,7299.3101
2010-09-30,7281.0698
2010-10-01,7335.9102
2010-10-04,7272.5298
2010-10-05,7434.1802
2010-10-06,7448.3301
2010-10-07,7425.0098
2010-10-08,7478.4199
2010-10-11,7479.0098
2010-10-12,7489.6201
2010-10-13,7561.5000
2010-10-14,7546.5898
2010-10-15,7520.6001
2010-10-18,7571.1001
2010-10-19,7423.6499
2010-10-20,7523.8101
2010-10-21,7515.6699
2010-10-22,7522.9102
2010-10-25,7546.3799
2010-10-26,7530.7998
2010-10-27,7480.8701
2010-10-28,7504.8501
2010-10-29,7513.3501
2010-11-01,7509.2100
2010-11-02,7582.1401
2010-11-03,7608.4102
2010-11-04,7782.4302
2010-11-05,7800.6602
2010-11-08,7782.2002
2010-11-09,7702.3101
2010-11-10,7747.4600
2010-11-11,7723.2402
2010-11-12,7623.2402
2010-11-15,7617.5098
2010-11-16,7472.6299
2010-11-17,7488.7598
2010-11-18,7619.9399
2010-11-19,7641.0801
2010-11-22,7610.2998
2010-11-23,7470.7700
2010-11-24,7579.2598
2010-11-26,7500.5400
2010-11-29,7483.3398
2010-11-30,7430.9399
2010-12-01,7603.7300
2010-12-02,7712.2500
2010-12-03,7751.5801
2010-12-06,7740.6899
2010-12-07,7739.6401
2010-12-08,7750.3198
2010-12-09,7782.1401
2010-12-10,7823.2998
2010-12-13,7850.0200
2010-12-14,7855.2202
2010-12-15,7798.7798
2010-12-16,7840.2402
2010-12-17,7835.3101
2010-12-20,7846.9600
2010-12-21,7906.1001
2010-12-22,7931.7598
2010-12-23,7925.3599
2010-12-27,7920.9399
2010-12-28,7931.6699
2010-12-29,7961.4800
2010-12-30,7951.9102
2010-12-31,7964.0200
2011-01-03,8043.9702
2011-01-04,8022.1802
2011-01-05,8040.0400
2011-01-06,8000.8999
2011-01-07,7980.3198
2011-01-10,7966.0898
2011-01-11,8018.6802
2011-01-12,8122.9800
2011-01-13,8119.4302
2011-01-14,8174.1201
2011-01-18,8190.9102
2011-01-19,8104.9199
2011-01-20,8076.7202
2011-01-21,8105.7500
2011-01-24,8157.4199
2011-01-25,8141.1299
2011-01-26,8193.6396
2011-01-27,8207.0596
2011-01-28,8062.6401
2011-01-31,8139.1602
2011-02-01,8290.0898
2011-02-02,8272.5703
2011-02-03,8289.0498
2011-02-04,8288.5000
2011-02-07,8336.6396
2011-02-08,8379.8496
2011-02-09,8343.9902
2011-02-10,8337.1299
2011-02-11,8374.8896
2011-02-14,8405.1504
2011-02-15,8383.6699
2011-02-16,8453.7598
2011-02-17,8497.4102
2011-02-18,8507.9004
2011-02-22,8325.8604
2011-02-23,8292.9199
2011-02-24,8276.2900
2011-02-25,8378.0400
2011-02-28,8438.5498
2011-03-01,8315.8496
2011-03-02,8338.7598
2011-03-03,8465.4502
2011-03-04,8413.0498
2011-03-07,8337.0195
2011-03-08,8394.0400
2011-03-09,8379.4404
2011-03-10,8200.0703
2011-03-11,8248.5303
2011-03-14,8193.9600
2011-03-15,8092.1099
2011-03-16,7929.8701
2011-03-17,8064.8599
2011-03-18,8116.3999
2011-03-21,8256.3604
2011-03-22,8228.4102
2011-03-23,8248.8301
2011-03-24,8311.6104
2011-03-25,8321.7803
2011-03-28,8296.5195
2011-03-29,8345.3799
2011-03-30,8416.6904
2011-03-31,8404.9805
2011-04-01,8469.3398
2011-04-04,8482.4102
2011-04-05,8488.3896
2011-04-06,8508.2305
2011-04-07,8489.3301
2011-04-08,8483.9404
2011-04-11,8445.7695
2011-04-12,8360.4600
2011-04-13,8367.3096
2011-04-14,8374.1602
2011-04-15,8400.3096
2011-04-18,8277.1104
2011-04-19,8332.0303
2011-04-20,8457.6504
2011-04-21,8504.3604
2011-04-25,8485.2500
2011-04-26,8554.9902
2011-04-27,8609.2803
2011-04-28,8639.7305
2011-04-29,8671.4102
2011-05-02,8649.6104
2011-05-03,8584.6797
2011-05-04,8506.6104
2011-05-05,8397.4004
2011-05-06,8425.9004
2011-05-09,8478.1904
2011-05-10,8550.4902
2011-05-11,8428.0898
2011-05-12,8456.1797
2011-05-13,8371.6699
2011-05-16,8336.5898
2011-05-17,8333.0703
2011-05-18,8407.4805
2011-05-19,8427.9502
2011-05-20,8357.5303
2011-05-23,8236.5498
2011-05-24,8252.4600
2011-05-25,8295.3701
2011-05-26,8341.6602
2011-05-27,8386.3398
2011-05-31,8477.2803
2011-06-01,8281.5898
2011-06-02,8277.7598
2011-06-03,8222.1504
2011-06-06,8115.8701
2011-06-07,8131.6899
2011-06-08,8081.3501
2011-06-09,8149.6499
2011-06-10,8016.3901
2011-06-13,8017.0601
2011-06-14,8132.7700
2011-06-15,7967.8101
2011-06-16,7963.6001
2011-06-17,8000.1099
2011-06-20,8032.2202
2011-06-21,8156.2700
2011-06-22,8101.8398
2011-06-23,8054.0801
2011-06-24,7974.7202
2011-06-27,8031.0801
2011-06-28,8135.9800
2011-06-29,8228.5000
2011-06-30,8319.0996
2011-07-01,8425.4805
2011-07-05,8404.6299
2011-07-06,8396.4805
2011-07-07,8476.1299
2011-07-08,8410.1904
2011-07-11,8228.7305
2011-07-12,8192.7500
2011-07-13,8246.7998
2011-07-14,8191.1299
2011-07-15,8227.0400
2011-07-18,8135.5298
2011-07-19,8254.3799
2011-07-20,8281.8301
2011-07-21,8411.4502
2011-07-22,8408.2002
2011-07-25,8357.5703
2011-07-26,8331.6699
2011-07-27,8153.2100
2011-07-28,8124.0298
2011-07-29,8079.4399
2011-08-01,8040.9302
2011-08-02,7831.9800
2011-08-03,7853.2002
2011-08-04,7428.3999
2011-08-05,7419.0698
2011-08-08,6895.9702
2011-08-09,7258.0400
2011-08-10,7101.2402
2011-08-11,7257.5801
2011-08-12,7303.8799
2011-08-15,7482.7100
2011-08-16,7394.4902
2011-08-17,7418.9399
2011-08-18,7079.4102
2011-08-19,6970.1001
2011-08-22,6980.6201
2011-08-23,7209.5898
2011-08-24,7273.1299
2011-08-25,7149.6699
2011-08-26,7245.8198
2011-08-29,7450.2998
2011-08-30,7464.0000
2011-08-31,7528.3901
2011-09-01,7443.4600
2011-09-02,7250.7300
2011-09-06,7148.1299
2011-09-07,7355.1699
2011-09-08,7257.3599
2011-09-09,7045.0098
2011-09-12,7047.1201
2011-09-13,7109.9502
2011-09-14,7199.1201
2011-09-15,7329.1001
2011-09-16,7348.1802
2011-09-19,7234.6299
2011-09-20,7217.1099
2011-09-21,6981.3301
2011-09-22,6726.6201
2011-09-23,6770.7300
2011-09-26,6940.8101
2011-09-27,7043.1201
2011-09-28,6876.9399
2011-09-29,6974.9102
2011-09-30,6791.6499
2011-10-03,6571.4502
2011-10-04,6722.9800
2011-10-05,6844.1602
2011-10-06,6997.6401
2011-10-07,6925.7998
2011-10-10,7173.4502
2011-10-11,7161.2598
2011-10-12,7263.6899
2011-10-13,7229.0801
2011-10-14,7350.4600
2011-10-17,7188.6602
2011-10-18,7341.7300
2011-10-19,7240.2598
2011-10-20,7273.8999
2011-10-21,7431.1001
2011-10-24,7547.6299
2011-10-25,7400.8198
2011-10-26,7506.1499
2011-10-27,7813.9902
2011-10-28,7803.9399
2011-10-31,7563.3799
2011-11-01,7337.1499
2011-11-02,7461.1001
2011-11-03,7605.1401
2011-11-04,7552.2300
2011-11-07,7590.4302
2011-11-08,7671.9102
2011-11-09,7353.4502
2011-11-10,7423.6401
2011-11-11,7576.1802
2011-11-14,7493.2900
2011-11-15,7509.0498
2011-11-16,7392.0200
2011-11-17,7274.1602
2011-11-18,7282.4702
2011-11-21,7134.4702
2011-11-22,7094.8901
2011-11-23,6919.9199
2011-11-25,6898.1802
2011-11-28,7120.5498
2011-11-29,7149.7100
2011-11-30,7484.5000
2011-12-01,7450.4302
2011-12-02,7453.5498
2011-12-05,7531.0098
2011-12-06,7539.3198
2011-12-07,7559.7100
2011-12-08,7369.5200
2011-12-09,7502.8799
2011-12-12,7363.4902
2011-12-13,7277.6201
2011-12-14,7184.7500
2011-12-15,7217.1201
2011-12-16,7237.6602
2011-12-19,7142.4502
2011-12-20,7360.9702
2011-12-21,7388.5200
2011-12-22,7460.7500
2011-12-23,7518.6602
2011-12-27,7508.3701
2011-12-28,7396.9902
2011-12-29,7485.6299
2011-12-30,7477.0298
2012-01-03,7624.3198
2012-01-04,7612.1499
2012-01-05,7599.9702
2012-01-06,7557.6802
2012-01-09,7584.6602
2012-01-10,7668.8999
2012-01-11,7661.9800
2012-01-12,7681.2598
2012-01-13,7632.0298
2012-01-17,7670.4702
2012-01-18,7766.9502
2012-01-19,7819.3599
2012-01-20,7829.3398
2012-01-23,7855.5200
2012-01-24,7840.6499
2012-01-25,7914.8101
2012-01-26,7883.8999
2012-01-27,7876.6099
2012-01-30,7834.3999
2012-01-31,7838.4800
2012-02-01,7931.4302
2012-02-02,7945.4302
2012-02-03,8060.4302
2012-02-06,8048.0400
2012-02-07,8069.7002
2012-02-08,8082.9800
2012-02-09,8081.2500
2012-02-10,7992.0498
2012-02-13,8056.2300
2012-02-14,8029.6099
2012-02-15,7998.6499
2012-02-16,8092.1899
2012-02-17,8114.5098
2012-02-21,8115.4199
2012-02-22,8094.3901
2012-02-23,8136.1499
2012-02-24,8151.9702
2012-02-27,8143.5601
2012-02-28,8171.5400
2012-02-29,8113.2402
2012-03-01,8175.1099
2012-03-02,8125.1699
2012-03-05,8091.2798
2012-03-06,7920.3501
2012-03-07,7979.7798
2012-03-08,8082.4800
2012-03-09,8102.1001
2012-03-12,8086.2798
2012-03-13,8234.4805
2012-03-14,8185.2700
2012-03-15,8246.7197
2012-03-16,8270.4004
2012-03-19,8297.4697
2012-03-20,8241.2695
2012-03-21,8219.3398
2012-03-22,8141.3198
2012-03-23,8180.0498
2012-03-26,8288.7803
2012-03-27,8239.3301
2012-03-28,8188.3501
2012-03-29,8166.3701
2012-03-30,8206.9297
2012-04-02,8281.1201
2012-04-03,8216.5400
2012-04-04,8106.8301
2012-04-05,8081.3501
2012-04-09,7992.3101
2012-04-10,7841.9102
2012-04-11,7912.8501
2012-04-12,8039.9502
2012-04-13,7931.0898
2012-04-16,7949.5601
2012-04-17,8064.0400
2012-04-18,8030.3701
2012-04-19,7995.9102
2012-04-20,8025.4399
2012-04-23,7940.7402
2012-04-24,7988.0098
2012-04-25,8070.7900
2012-04-26,8123.0698
2012-04-27,8151.9102
2012-04-30,8119.0601
2012-05-01,8164.0400
2012-05-02,8124.3198
2012-05-03,8049.8901
2012-05-04,7933.2900
2012-05-07,7948.7700
2012-05-08,7887.2598
2012-05-09,7820.2500
2012-05-10,7852.7500
2012-05-11,7815.8799
2012-05-14,7705.4399
2012-05-15,7635.8101
2012-05-16,7592.8198
2012-05-17,7480.4199
2012-05-18,7427.7402
2012-05-21,7542.9800
2012-05-22,7542.5801
2012-05-23,7540.8999
2012-05-24,7552.3398
2012-05-25,7534.3301
2012-05-29,7615.0298
2012-05-30,7471.3999
2012-05-31,7463.9600
2012-06-01,7292.2300
2012-06-04,7285.5298
2012-06-05,7338.6201
2012-06-06,7517.4600
2012-06-07,7519.8301
2012-06-08,7553.7700
2012-06-11,7459.2900
2012-06-12,7557.8198
2012-06-13,7506.4199
2012-06-14,7582.8198
2012-06-15,7664.2598
2012-06-18,7662.2900
2012-06-19,7766.2598
2012-06-20,7757.9199
2012-06-21,7566.1099
2012-06-22,7616.5898
2012-06-25,7491.8701
2012-06-26,7527.0801
2012-06-27,7598.0498
2012-06-28,7597.5000
2012-06-29,7801.8398
2012-07-02,7832.1499
2012-07-03,7901.6699
2012-07-05,7837.7700
2012-07-06,7756.6099
2012-07-09,7736.3999
2012-07-10,7667.5698
2012-07-11,7685.3198
2012-07-12,7638.6499
2012-07-13,7758.2998
2012-07-16,7743.0200
2012-07-17,7794.7700
2012-07-18,7831.0898
2012-07-19,7849.7500
2012-07-20,7759.5898
2012-07-23,7670.5400
2012-07-24,7590.6099
2012-07-25,7607.5698
2012-07-26,7754.5098
2012-07-27,7912.1602
2012-07-30,7911.0400
2012-07-31,7863.9302
2012-08-01,7841.3301
2012-08-02,7765.6001
2012-08-03,7939.5498
2012-08-06,7964.0898
2012-08-07,8017.7100
2012-08-08,8018.2402
2012-08-09,8025.0000
2012-08-10,8044.7598
2012-08-13,8018.6401
2012-08-14,8019.5298
2012-08-15,8029.0098
2012-08-16,8089.9902
2012-08-17,8102.0698
2012-08-20,8094.3301
2012-08-21,8082.6802
2012-08-22,8074.2002
2012-08-23,8011.4399
2012-08-24,8047.8701
2012-08-27,8036.2402
2012-08-28,8033.8501
2012-08-29,8031.6499
2012-08-30,7966.2300
2012-08-31,8014.9302
2012-09-04,8002.3101
2012-09-05,7992.0098
2012-09-06,8160.5601
2012-09-07,8234.5098
2012-09-10,8192.3896
2012-09-11,8246.1396
2012-09-12,8267.3096
2012-09-13,8407.0303
2012-09-14,8458.8701
2012-09-17,8408.9600
2012-09-18,8387.4297
2012-09-19,8400.4805
2012-09-20,8372.9102
2012-09-21,8377.5098
2012-09-24,8356.5596
2012-09-25,8274.7803
2012-09-26,8221.3203
2012-09-27,8303.7402
2012-09-28,8251.0000
2012-10-01,8284.3604
2012-10-02,8295.1104
2012-10-03,8297.5000
2012-10-04,8376.3301
2012-10-05,8384.0703
2012-10-08,8359.1104
2012-10-09,8279.1104
2012-10-10,8229.1699
2012-10-11,8256.5898
2012-10-12,8227.0801
2012-10-15,8293.5000
2012-10-16,8386.4697
2012-10-17,8446.5098
2012-10-18,8442.8203
2012-10-19,8324.1396
2012-10-22,8329.1797
2012-10-23,8195.3096
2012-10-24,8179.2598
2012-10-25,8211.9102
2012-10-26,8190.2002
2012-10-31,8221.4004
2012-11-01,8311.3604
2012-11-02,8234.9102
2012-11-05,8240.2500
2012-11-06,8312.3496
2012-11-07,8138.7998
2012-11-08,8050.8301
2012-11-09,8053.5601
2012-11-12,8054.0400
2012-11-13,8023.2300
2012-11-14,7903.4199
2012-11-15,7896.8799
2012-11-16,7931.5498
2012-11-19,8080.2900
2012-11-20,8086.4102
2012-11-21,8112.1802
2012-11-23,8225.5098
2012-11-26,8197.5703
2012-11-27,8150.7700
2012-11-28,8207.3604
2012-11-29,8256.0703
2012-11-30,8260.4297
2012-12-03,8223.5400
2012-12-04,8223.8701
2012-12-05,8264.7998
2012-12-06,8280.9297
2012-12-07,8314.2998
2012-12-10,8322.6797
2012-12-11,8366.4697
2012-12-12,8380.8799
2012-12-13,8338.3203
2012-12-14,8333.7500
2012-12-17,8407.0098
2012-12-18,8499.3496
2012-12-19,8463.8203
2012-12-20,8516.4297
2012-12-21,8443.1504
2012-12-24,8420.5498
2012-12-26,8395.4902
2012-12-27,8399.8301
2012-12-28,8316.1602
2012-12-31,8443.5098
2013-01-02,8632.0098
2013-01-03,8607.7900
2013-01-04,8667.6797
2013-01-07,8636.9102
2013-01-08,8604.3799
2013-01-09,8636.0996
2013-01-10,8713.7500
2013-01-11,8712.4004
2013-01-14,8717.4404
2013-01-15,8733.0996
2013-01-16,8710.5596
2013-01-17,8766.5400
2013-01-18,8792.6299
2013-01-22,8832.7500
2013-01-23,8828.6602
2013-01-24,8856.5898
2013-01-25,8904.5303
2013-01-28,8880.0098
2013-01-29,8935.6396
2013-01-30,8904.3096
2013-01-31,8894.7100
2013-02-01,8965.1201
2013-02-04,8852.7900
2013-02-05,8920.1299
2013-02-06,8934.2402
2013-02-07,8893.7402
2013-02-08,8935.2305
2013-02-11,8919.0195
2013-02-12,8957.6104
2013-02-13,8955.5996
2013-02-14,8953.0703
2013-02-15,8933.2197
2013-02-19,9004.3896
2013-02-20,8883.6299
2013-02-21,8810.2900
2013-02-22,8894.6299
2013-02-25,8719.4004
2013-02-26,8766.1699
2013-02-27,8875.3301
2013-02-28,8868.7197
2013-03-01,8874.1904
2013-03-04,8901.0400
2013-03-05,8978.0898
2013-03-06,8996.9697
2013-03-07,9013.4297
2013-03-08,9054.4404
2013-03-11,9082.2402
2013-03-12,9059.9600
2013-03-13,9057.0195
2013-03-14,9127.9600
2013-03-15,9116.6201
2013-03-18,9045.4404
2013-03-19,9017.6602
2013-03-20,9081.0898
2013-03-21,9009.6602
2013-03-22,9065.7803
2013-03-25,9022.9600
2013-03-26,9083.7002
2013-03-27,9070.4404
2013-03-28,9107.0400
2013-04-01,9107.7598
2013-04-02,9092.8896
2013-04-03,8983.3896
2013-04-04,9027.8301
2013-04-05,9000.2402
2013-04-08,9051.5703
2013-04-09,9088.3799
2013-04-10,9189.0801
2013-04-11,9234.0195
2013-04-12,9188.2500
2013-04-15,8953.9404
2013-04-16,9086.4199
2013-04-17,8948.3496
2013-04-18,8921.1797
2013-04-19,8994.1201
2013-04-22,9019.9004
2013-04-23,9113.7998
2013-04-24,9146.4502
2013-04-25,9188.8604
2013-04-26,9169.9004
2013-04-29,9245.2197
2013-04-30,9276.8799
2013-05-01,9175.7803
2013-05-02,9246.7197
2013-05-03,9340.4600
2013-05-06,9348.9004
2013-05-07,9409.0098
2013-05-08,9463.3203
2013-05-09,9409.2197
2013-05-10,9442.7598
2013-05-13,9437.1699
2013-05-14,9515.8604
2013-05-15,9551.4102
2013-05-16,9489.3096
2013-05-17,9576.4102
2013-05-20,9587.5195
2013-05-21,9598.2695
2013-05-22,9508.0400
2013-05-23,9466.2900
2013-05-24,9442.2305
2013-05-28,9494.1602
2013-05-29,9422.4902
2013-05-30,9460.0498
2013-05-31,9302.2695
2013-06-03,9357.0801
2013-06-04,9320.0801
2013-06-05,9178.4102
2013-06-06,9260.4805
2013-06-07,9355.4102
2013-06-10,9358.0000
2013-06-11,9255.4805
2013-06-12,9189.4297
2013-06-13,9331.3701
2013-06-14,9263.6904
2013-06-17,9337.8896
2013-06-18,9399.6299
2013-06-19,9255.7002
2013-06-20,8995.9697
2013-06-21,9018.5400
2013-06-24,8892.0195
2013-06-25,8989.2598
2013-06-26,9067.2695
2013-06-27,9143.5498
2013-06-28,9112.6904
2013-07-01,9167.8799
2013-07-02,9144.7197
2013-07-03,9135.0898
2013-07-05,9214.1699
2013-07-08,9266.2998
2013-07-09,9341.4004
2013-07-10,9340.6797
2013-07-11,9493.2598
2013-07-12,9498.5000
2013-07-15,9520.9502
2013-07-16,9489.0000
2013-07-17,9523.7900
2013-07-18,9587.2002
2013-07-19,9618.5000
2013-07-22,9650.5801
2013-07-23,9659.6299
2013-07-24,9605.0400
2013-07-25,9635.0596
2013-07-26,9620.1299
2013-07-29,9571.7900
2013-07-30,9556.1699
2013-07-31,9558.8301
2013-08-01,9673.4004
2013-08-02,9690.0703
2013-08-05,9671.5996
2013-08-06,9614.3203
2013-08-07,9568.2598
2013-08-08,9634.7002
2013-08-09,9622.1104
2013-08-12,9609.0303
2013-08-13,9630.5703
2013-08-14,9593.5000
2013-08-15,9489.2900
2013-08-16,9465.5898
2013-08-19,9385.8896
2013-08-20,9421.5596
2013-08-21,9339.3799
2013-08-22,9425.7803
2013-08-23,9474.7695
2013-08-26,9432.5098
2013-08-27,9288.2305
2013-08-28,9309.0703
2013-08-29,9315.8203
2013-08-30,9270.6602
2013-09-03,9333.4902
2013-09-04,9400.2402
2013-09-05,9420.3496
2013-09-06,9439.6904
2013-09-09,9539.9297
2013-09-10,9620.7100
2013-09-11,9655.3799
2013-09-12,9607.3203
2013-09-13,9635.0801
2013-09-16,9704.4902
2013-09-17,9738.9297
2013-09-18,9887.8799
2013-09-19,9854.7598
2013-09-20,9769.7305
2013-09-23,9733.0303
2013-09-24,9715.2100
2013-09-25,9698.9502
2013-09-26,9726.2598
2013-09-27,9684.1699
2013-09-30,9621.2402
2013-10-01,9693.2695
2013-10-02,9689.2900
2013-10-03,9619.1904
2013-10-04,9675.7100
2013-10-07,9597.5400
2013-10-08,9483.1602
2013-10-09,9497.0195
2013-10-10,9693.9697
2013-10-11,9761.7598
2013-10-14,9797.1797
2013-10-15,9726.6201
2013-10-16,9845.0000
2013-10-17,9934.8398
2013-10-18,9984.6299
2013-10-21,9982.6797
2013-10-22,10056.5898
2013-10-23,9990.3301
2013-10-24,10029.1904
2013-10-25,10053.8604
2013-10-28,10053.8604
2013-10-29,10108.4297
2013-10-30,10054.3799
2013-10-31,10009.6396
2013-11-01,10018.1504
2013-11-04,10064.1104
2013-11-05,10011.9102
2013-11-06,10059.4902
2013-11-07,9924.3701
2013-11-08,10032.1396
2013-11-11,10042.9404
2013-11-12,10009.8203
2013-11-13,10079.8896
2013-11-14,10130.5098
2013-11-15,10189.7998
2013-11-18,10167.1504
2013-11-19,10135.6104
2013-11-20,10096.4404
2013-11-21,10162.4004
2013-11-22,10205.7197
2013-11-25,10176.2002
2013-11-26,10167.8896
2013-11-27,10182.9902
2013-11-29,10183.2305
2013-12-02,10137.0195
2013-12-03,10086.7100
2013-12-04,10064.8604
2013-12-05,10016.7402
2013-12-06,10131.2100
2013-12-09,10146.2598
2013-12-10,10114.6699
2013-12-11,9991.4600
2013-12-12,9949.5801
2013-12-13,9954.8398
2013-12-16,10024.9697
2013-12-17,9989.0801
2013-12-18,10154.2002
2013-12-19,10151.5303
2013-12-20,10196.0703
2013-12-23,10246.6699
2013-12-24,10284.4004
2013-12-26,10331.6699
2013-12-27,10353.2197
2013-12-30,10357.8398
2013-12-31,10400.3203
2014-01-02,10283.4199
2014-01-03,10296.7695
2014-01-06,10270.0498
2014-01-07,10327.3301
2014-01-08,10320.9102
2014-01-09,10325.7402
2014-01-10,10371.1299
2014-01-13,10256.1504
2014-01-14,10343.0801
2014-01-15,10385.3896
2014-01-16,10376.2305
2014-01-17,10343.4600
2014-01-21,10366.0098
2014-01-22,10368.8896
2014-01-23,10269.3896
2014-01-24,10034.4404
2014-01-27,9981.3496
2014-01-28,10066.8398
2014-01-29,9962.9199
2014-01-30,10048.6904
2014-01-31,9967.6504
2014-02-03,9741.5801
2014-02-04,9816.9697
2014-02-05,9809.0303
2014-02-06,9940.2197
2014-02-07,10055.3398
2014-02-10,10050.4004
2014-02-11,10170.3701
2014-02-12,10173.7695
2014-02-13,10228.5801
2014-02-14,10282.5303
2014-02-18,10319.1201
2014-02-19,10254.2402
2014-02-20,10316.8896
2014-02-21,10306.9004
2014-02-24,10369.5195
2014-02-25,10353.7803
2014-02-26,10349.9600
2014-02-27,10397.8096
2014-02-28,10425.8604
2014-03-03,10329.7900
2014-03-04,10489.9697
2014-03-05,10482.8398
2014-03-06,10525.5195
2014-03-07,10511.9102
2014-03-10,10486.1504
2014-03-11,10425.6396
2014-03-12,10418.9902
2014-03-13,10297.7402
2014-03-14,10285.0801
2014-03-17,10377.0195
2014-03-18,10441.4502
2014-03-19,10359.5098
2014-03-20,10400.7002
2014-03-21,10392.2197
2014-03-24,10362.0596
2014-03-25,10417.0596
2014-03-26,10359.3604
2014-03-27,10373.4404
2014-03-28,10434.8701
2014-03-31,10527.7695
2014-04-01,10584.3096
2014-04-02,10616.8701
2014-04-03,10598.4805
2014-04-04,10517.0498
2014-04-07,10407.4199
2014-04-08,10452.0098
2014-04-09,10554.9404
2014-04-10,10366.8096
2014-04-11,10280.9404
2014-04-14,10359.4199
2014-04-15,10401.9805
2014-04-16,10505.7900
2014-04-17,10532.8301
2014-04-21,10559.3496
2014-04-22,10599.0195
2014-04-23,10581.8896
2014-04-24,10575.9102
2014-04-25,10505.0098
2014-04-28,10526.5195
2014-04-29,10583.6504
2014-04-30,10627.1699
2014-05-01,10629.3398
2014-05-02,10629.9902
2014-05-05,10630.1396
2014-05-06,10568.6797
2014-05-07,10626.8398
2014-05-08,10610.6504
2014-05-09,10606.6904
2014-05-12,10703.5000
2014-05-13,10702.8604
2014-05-14,10656.1201
2014-05-15,10568.3701
2014-05-16,10603.1797
2014-05-19,10618.6396
2014-05-20,10541.9502
2014-05-21,10620.4404
2014-05-22,10644.5195
2014-05-23,10681.8701
2014-05-27,10720.6201
2014-05-28,10702.7305
2014-05-29,10752.1104
2014-05-30,10756.3096
2014-06-02,10772.0098
2014-06-03,10770.3301
2014-06-04,10776.7803
2014-06-05,10847.6904
2014-06-06,10904.2197
2014-06-09,10918.6201
2014-06-10,10914.2002
2014-06-11,10872.6904
2014-06-12,10825.0303
2014-06-13,10856.2197
2014-06-16,10863.2197
2014-06-17,10886.0098
2014-06-18,10975.5400
2014-06-19,11003.0801
2014-06-20,11018.1104
2014-06-23,11014.0898
2014-06-24,10921.9902
2014-06-25,10962.8701
2014-06-26,10949.4502
2014-06-27,10974.4297
2014-06-30,10979.4199
2014-07-01,11046.6104
2014-07-02,11050.3398
2014-07-03,11104.7197
2014-07-07,11035.8096
2014-07-08,10963.1602
2014-07-09,11005.5000
2014-07-10,10941.3398
2014-07-11,10936.3496
2014-07-14,10991.4697
2014-07-15,10965.6299
2014-07-16,11017.8701
2014-07-17,10890.4404
2014-07-18,10985.9199
2014-07-21,10957.6699
2014-07-22,11016.2402
2014-07-23,11023.9004
2014-07-24,11038.5596
2014-07-25,10985.8096
2014-07-28,10987.2402
2014-07-29,10936.7002
2014-07-30,10929.7900
2014-07-31,10726.4297
2014-08-01,10692.1699
2014-08-04,10766.6797
2014-08-05,10657.3203
2014-08-06,10653.4199
2014-08-07,10583.7900
2014-08-08,10691.0996
2014-08-11,10722.7900
2014-08-12,10705.7803
2014-08-13,10756.1797
2014-08-14,10802.6299
2014-08-15,10796.0400
2014-08-18,10886.5098
2014-08-19,10929.6602
2014-08-20,10949.4805
2014-08-21,10982.8301
2014-08-22,10947.3301
2014-08-25,11005.3604
2014-08-26,11025.3701
2014-08-27,11037.8896
2014-08-28,11009.7002
2014-08-29,11046.2900
2014-09-02,11038.1201
2014-09-03,11063.5498
2014-09-04,11030.4004
2014-09-05,11073.4102
2014-09-08,11007.3896
2014-09-09,10945.6104
2014-09-10,10972.2100
2014-09-11,10975.9902
2014-09-12,10911.3896
2014-09-15,10909.3096
2014-09-16,10980.1396
2014-09-17,10973.7402
2014-09-18,11024.0596
2014-09-19,10989.5703
2014-09-22,10892.6396
2014-09-23,10815.4199
2014-09-24,10885.5996
2014-09-25,10722.2100
2014-09-26,10798.8799
2014-09-29,10749.0498
2014-09-30,10702.9297
2014-10-01,10571.5498
2014-10-02,10555.7100
2014-10-03,10635.4902
2014-10-06,10647.5098
2014-10-07,10484.5498
2014-10-08,10645.6699
2014-10-09,10409.3799
2014-10-10,10293.1396
2014-10-13,10166.7402
2014-10-14,10185.9102
2014-10-15,10109.6904
2014-10-16,10123.7305
2014-10-17,10250.5400
2014-10-20,10327.3398
2014-10-21,10500.7803
2014-10-22,10405.8096
2014-10-23,10519.2803
2014-10-24,10582.6201
2014-10-27,10544.4199
2014-10-28,10677.8799
2014-10-29,10646.6602
2014-10-30,10712.1904
2014-10-31,10845.0000
2014-11-03,10808.6699
2014-11-04,10758.0703
2014-11-05,10824.0703
2014-11-06,10843.5400
2014-11-07,10864.5801
2014-11-10,10892.5596
2014-11-11,10907.5303
2014-11-12,10884.0303
2014-11-13,10868.9199
2014-11-14,10880.6299
2014-11-17,10883.2500
2014-11-18,10941.7002
2014-11-19,10927.4805
2014-11-20,10937.9697
2014-11-21,11025.7402
2014-11-24,11041.4199
2014-11-25,11029.3701
2014-11-26,11047.9102
2014-11-28,10955.4102
2014-12-01,10888.5596
2014-12-02,10940.1201
2014-12-03,10987.2998
2014-12-04,10952.2998
2014-12-05,10970.2598
2014-12-08,10863.5400
2014-12-09,10821.2002
2014-12-10,10662.2402
2014-12-11,10690.1396
2014-12-12,10500.5098
2014-12-15,10411.1797
2014-12-16,10390.0195
2014-12-17,10603.5098
2014-12-18,10831.6201
2014-12-19,10890.2402
2014-12-22,10919.9902
2014-12-23,10951.7598
2014-12-24,10955.1104
2014-12-26,10985.4004
2014-12-29,10988.0098
2014-12-30,10932.9902
2014-12-31,10839.2402
2015-01-02,10830.9199
2015-01-05,10607.6797
2015-01-06,10514.8701
2015-01-07,10627.1299
2015-01-08,10800.5400
2015-01-09,10711.4102
2015-01-12,10640.7402
2015-01-13,10622.9600
2015-01-14,10565.4199
2015-01-15,10514.5996
2015-01-16,10660.3203
2015-01-20,10658.6201
2015-01-21,10720.4004
2015-01-22,10859.3496
2015-01-23,10788.3301
2015-01-26,10847.1504
2015-01-27,10781.8301
2015-01-28,10603.8604
2015-01-29,10691.6299
2015-01-30,10537.2197
2015-02-02,10669.0303
2015-02-03,10847.4102
2015-02-04,10775.0400
2015-02-05,10896.0596
2015-02-06,10847.5098
2015-02-09,10826.5898
2015-02-10,10915.1396
2015-02-11,10889.0498
2015-02-12,10995.3096
2015-02-13,11042.6904
2015-02-17,11054.4697
2015-02-18,11064.0898
2015-02-19,11038.2598
2015-02-20,11108.6699
2015-02-23,11074.5801
2015-02-24,11122.1104
2015-02-25,11117.9297
2015-02-26,11082.0996
2015-02-27,11062.7900
2015-03-02,11102.8203
2015-03-03,11051.2197
2015-03-04,11004.6797
2015-03-05,11014.2598
2015-03-06,10842.1699
2015-03-09,10866.6201
2015-03-10,10678.4102
2015-03-11,10678.7598
2015-03-12,10820.8701
2015-03-13,10751.0195
2015-03-16,10881.1797
2015-03-17,10862.4297
2015-03-18,11019.7197
2015-03-19,10931.3604
2015-03-20,11070.5303
2015-03-23,11070.8896
2015-03-24,11019.7500
2015-03-25,10897.5098
2015-03-26,10865.1504
2015-03-27,10875.1396
2015-03-30,10989.1602
2015-03-31,10899.1904
2015-04-01,10891.6104
2015-04-02,10953.1602
2015-04-06,11033.1201
2015-04-07,11013.2402
2015-04-08,11032.9902
2015-04-09,11065.3896
2015-04-10,11112.6797
2015-04-13,11056.7598
2015-04-14,11108.0703
2015-04-15,11171.0596
2015-04-16,11169.7500
2015-04-17,11058.4502
2015-04-20,11116.5703
2015-04-21,11100.3799
2015-04-22,11144.4502
2015-04-23,11191.4805
2015-04-24,11192.9297
2015-04-27,11167.3096
2015-04-28,11203.0801
2015-04-29,11154.1104
2015-04-30,11049.7402
2015-05-01,11140.3604
2015-05-04,11173.2803
2015-05-05,11049.3398
2015-05-06,11015.9902
2015-05-07,11036.4004
2015-05-08,11196.5000
2015-05-11,11140.7402
2015-05-12,11113.1699
2015-05-13,11117.0000
2015-05-14,11207.3301
2015-05-15,11228.3496
2015-05-18,11227.8896
2015-05-19,11213.1504
2015-05-20,11210.2402
2015-05-21,11239.6602
2015-05-22,11197.6904
2015-05-26,11065.3203
2015-05-27,11143.3496
2015-05-28,11132.7402
2015-05-29,11056.2998
2015-06-01,11061.6797
2015-06-02,11080.8896
2015-06-03,11107.9404
2015-06-04,11000.3896
2015-06-05,10979.3301
2015-06-08,10917.8203
2015-06-09,10915.6396
2015-06-10,11057.9902
2015-06-11,11080.5098
2015-06-12,11009.9102
2015-06-15,10949.5400
2015-06-16,10997.6602
2015-06-17,11013.6602
2015-06-18,11100.4697
2015-06-19,11038.9600
2015-06-22,11129.6104
2015-06-23,11149.3604
2015-06-24,11066.1396
2015-06-25,11035.7305
2015-06-26,11040.3096
2015-06-29,10790.3301
2015-06-30,10805.2002
2015-07-01,10858.9902
2015-07-02,10864.8203
2015-07-06,10782.6797
2015-07-07,10829.3203
2015-07-08,10636.7998
2015-07-09,10689.5098
2015-07-10,10853.9199
2015-07-13,10944.8496
2015-07-14,10993.2598
2015-07-15,10958.8301
2015-07-16,11024.8701
2015-07-17,10987.1699
2015-07-20,10969.4902
2015-07-21,10919.0000
2015-07-22,10899.8604
2015-07-23,10840.7305
2015-07-24,10721.9502
2015-07-27,10656.6104
2015-07-28,10790.1797
2015-07-29,10883.9102
2015-07-30,10881.7500
2015-07-31,10882.2803
2015-08-03,10841.2598
2015-08-04,10824.7002
2015-08-05,10847.8496
2015-08-06,10799.4404
2015-08-07,10763.1504
2015-08-10,10906.0498
2015-08-11,10802.0898
2015-08-12,10779.4600
2015-08-13,10745.3096
2015-08-14,10782.2402
2015-08-17,10818.5703
2015-08-18,10792.7998
2015-08-19,10687.0195
2015-08-20,10475.7500
2015-08-21,10195.6904
2015-08-24,9789.9404
2015-08-25,9692.3896
2015-08-26,9979.6699
2015-08-27,10230.5098
2015-08-28,10242.0596
2015-08-31,10176.5000
2015-09-01,9874.6699
2015-09-02,10013.3604
2015-09-03,10049.2900
2015-09-04,9871.8604
2015-09-08,10109.6797
2015-09-09,9988.9102
2015-09-10,10019.3896
2015-09-11,10040.2197
2015-09-14,9988.5898
2015-09-15,10105.8701
2015-09-16,10236.7197
2015-09-17,10215.5400
2015-09-18,10031.5996
2015-09-21,10066.0703
2015-09-22,9912.5996
2015-09-23,9867.9004
2015-09-24,9837.8096
2015-09-25,9857.2598
2015-09-28,9601.4199
2015-09-29,9622.0703
2015-09-30,9799.6904
2015-10-01,9820.9502
2015-10-02,9973.5596
2015-10-05,10167.9297
2015-10-06,10156.3799
2015-10-07,10258.5195
2015-10-08,10361.0400
2015-10-09,10361.2598
2015-10-12,10356.4902
2015-10-13,10262.9404
2015-10-14,10229.6699
2015-10-15,10378.2695
2015-10-16,10421.9102
2015-10-19,10391.5996
2015-10-20,10383.4199
2015-10-21,10306.4404
2015-10-22,10448.8301
2015-10-23,10506.5098
2015-10-26,10464.6201
2015-10-27,10400.1797
2015-10-28,10538.2002
2015-10-29,10498.1602
2015-10-30,10460.9600
2015-11-02,10579.8701
2015-11-03,10609.9199
2015-11-04,10563.9600
2015-11-05,10548.3604
2015-11-06,10513.3604
2015-11-09,10415.1904
2015-11-10,10432.3496
2015-11-11,10399.9004
2015-11-12,10235.9502
2015-11-13,10155.0703
2015-11-16,10299.4004
2015-11-17,10285.7598
2015-11-18,10429.5996
2015-11-19,10431.4600
2015-11-20,10444.2002
2015-11-23,10421.4102
2015-11-24,10449.7197
2015-11-25,10450.3604
2015-11-27,10450.5303
2015-11-30,10409.5898
2015-12-01,10519.5898
2015-12-02,10389.2002
2015-12-03,10257.3799
2015-12-04,10408.8604
2015-12-07,10304.5303
2015-12-08,10198.3701
2015-12-09,10162.3701
2015-12-10,10172.0400
2015-12-11,9976.6504
2015-12-14,9986.7598
2015-12-15,10110.9404
2015-12-16,10267.8301
2015-12-17,10112.6299
2015-12-18,9967.6396
2015-12-21,10023.0303
2015-12-22,10112.4004
2015-12-23,10276.2803
2015-12-24,10258.5498
2015-12-28,10217.4004
2015-12-29,10306.5996
2015-12-30,10225.8301
2015-12-31,10143.4199
2016-01-04,10001.5596
2016-01-05,10028.0596
2016-01-06,9868.2598
2016-01-07,9650.4199
2016-01-08,9528.7695
2016-01-11,9527.6602
2016-01-12,9576.5195
2016-01-13,9374.2305
2016-01-14,9516.5498
2016-01-15,9299.6299
2016-01-19,9301.7402
2016-01-20,9156.8398
2016-01-21,9226.5703
2016-01-22,9426.9102
2016-01-25,9262.9902
2016-01-26,9429.1104
2016-01-27,9373.7803
2016-01-28,9397.7900
2016-01-29,9632.7002
2016-02-01,9616.6904
2016-02-02,9413.7803
2016-02-03,9495.2100
2016-02-04,9534.2998
2016-02-05,9390.3301
2016-02-08,9231.3301
2016-02-09,9187.7900
2016-02-10,9176.7197
2016-02-11,9029.8799
2016-02-12,9229.6797
2016-02-16,9375.3896
2016-02-17,9532.2803
2016-02-18,9504.9805
2016-02-19,9485.9600
2016-02-22,9616.3203
2016-02-23,9494.3203
2016-02-24,9506.0703
2016-02-25,9625.2695
2016-02-26,9619.7900
2016-02-29,9559.5303
2016-03-01,9771.0000
2016-03-02,9837.5898
2016-03-03,9907.9697
2016-03-04,9968.4102
2016-03-07,10006.1904
2016-03-08,9868.5195
2016-03-09,9924.8096
2016-03-10,9918.0703
2016-03-11,10104.1904
2016-03-14,10074.2695
2016-03-15,10013.5996
2016-03-16,10084.1699
2016-03-17,10190.4004
2016-03-18,10223.4297
2016-03-21,10219.6904
2016-03-22,10194.2002
2016-03-23,10099.6797
2016-03-24,10086.5996
2016-03-28,10106.4404
2016-03-29,10190.4102
2016-03-30,10236.9502
2016-03-31,10207.3701
2016-04-01,10219.9600
2016-04-04,10183.0000
2016-04-05,10061.0801
2016-04-06,10159.8496
2016-04-07,10045.1504
2016-04-08,10119.6904
2016-04-11,10114.5801
2016-04-12,10238.6904
2016-04-13,10359.5098
2016-04-14,10360.2402
2016-04-15,10355.5703
2016-04-18,10424.9297
2016-04-19,10517.2998
2016-04-20,10527.7900
2016-04-21,10454.8203
2016-04-22,10511.0000
2016-04-25,10465.6504
2016-04-26,10522.5801
2016-04-27,10571.8301
2016-04-28,10480.4502
2016-04-29,10436.9199
2016-05-02,10496.3301
2016-05-03,10365.8301
2016-05-04,10286.2402
2016-05-05,10281.3203
2016-05-06,10308.8301
2016-05-09,10291.5898
2016-05-10,10424.1104
2016-05-11,10332.2402
2016-05-12,10334.3799
2016-05-13,10228.0596
2016-05-16,10332.4697
2016-05-17,10257.6104
2016-05-18,10239.6504
2016-05-19,10192.4805
2016-05-20,10250.4902
2016-05-23,10226.5596
2016-05-24,10353.5596
2016-05-25,10446.5801
2016-05-26,10439.6104
2016-05-27,10469.5195
2016-05-31,10441.0000
2016-06-01,10454.9297
2016-06-02,10487.5801
2016-06-03,10487.9404
2016-06-06,10554.8203
2016-06-07,10599.2197
2016-06-08,10638.3604
2016-06-09,10589.8203
2016-06-10,10446.0996
2016-06-13,10349.1699
2016-06-14,10294.5898
2016-06-15,10297.1602
2016-06-16,10322.8398
2016-06-17,10347.9404
2016-06-20,10450.0303
2016-06-21,10490.7803
2016-06-22,10473.0596
2016-06-23,10641.1699
2016-06-24,10183.5098
2016-06-27,9973.5400
2016-06-28,10161.1602
2016-06-29,10350.5303
2016-06-30,10489.7598
2016-07-01,10515.7598
2016-07-05,10409.5400
2016-07-06,10441.5801
2016-07-07,10413.9697
2016-07-08,10571.7803
2016-07-11,10627.2002
2016-07-12,10726.7900
2016-07-13,10734.2002
2016-07-14,10786.6299
2016-07-15,10773.1201
2016-07-18,10793.1699
2016-07-19,10758.5400
2016-07-20,10793.0996
2016-07-21,10758.6201
2016-07-22,10805.0400
2016-07-25,10752.4297
2016-07-26,10772.9902
2016-07-27,10739.7695
2016-07-28,10744.1602
2016-07-29,10785.5098
2016-08-01,10730.2002
2016-08-02,10661.1299
2016-08-03,10695.1396
2016-08-04,10707.1299
2016-08-05,10782.8701
2016-08-08,10788.0098
2016-08-09,10804.5098
2016-08-10,10774.9805
2016-08-11,10836.1504
2016-08-12,10822.4102
2016-08-15,10858.5000
2016-08-16,10809.7402
2016-08-17,10824.6396
2016-08-18,10863.0098
2016-08-19,10829.1504
2016-08-22,10815.9199
2016-08-23,10847.4902
2016-08-24,10791.1797
2016-08-25,10784.3701
2016-08-26,10749.3301
2016-08-29,10811.3496
2016-08-30,10797.5400
2016-08-31,10764.7500
2016-09-01,10771.9297
2016-09-02,10856.9199
2016-09-06,10890.7900
2016-09-07,10890.1797
2016-09-08,10882.3301
2016-09-09,10613.5303
2016-09-12,10741.2402
2016-09-13,10535.3604
2016-09-14,10511.4004
2016-09-15,10602.9404
2016-09-16,10532.2695
2016-09-19,10564.2998
2016-09-20,10560.2500
2016-09-21,10708.3701
2016-09-22,10793.6602
2016-09-23,10717.9902
2016-09-26,10624.8799
2016-09-27,10665.3398
2016-09-28,10753.4502
2016-09-29,10643.5195
2016-09-30,10721.7402
2016-10-03,10690.7695
2016-10-04,10629.1504
2016-10-05,10683.9404
2016-10-06,10675.7402
2016-10-07,10626.9199
2016-10-10,10682.6699
2016-10-11,10548.0000
2016-10-12,10560.2695
2016-10-13,10522.9404
2016-10-14,10521.2998
2016-10-17,10492.8604
2016-10-18,10567.8096
2016-10-19,10600.9199
2016-10-20,10597.3604
2016-10-21,10571.8799
2016-10-24,10591.2998
2016-10-25,10550.1904
2016-10-26,10528.1904
2016-10-27,10503.0596
2016-10-28,10476.6201
2016-10-31,10481.8896
2016-11-01,10414.0498
2016-11-02,10334.5000
2016-11-03,10307.6396
2016-11-04,10289.3496
2016-11-07,10500.1602
2016-11-08,10530.5596
2016-11-09,10643.4102
2016-11-10,10683.4102
2016-11-11,10652.2402
2016-11-14,10679.7695
2016-11-15,10745.5098
2016-11-16,10699.4297
2016-11-17,10740.0801
2016-11-18,10709.5098
2016-11-21,10791.8398
2016-11-22,10820.1797
2016-11-23,10835.9004
2016-11-25,10878.0898
2016-11-28,10808.6299
2016-11-29,10817.7002
2016-11-30,10838.4600
2016-12-01,10828.9902
2016-12-02,10838.5801
2016-12-05,10910.9004
2016-12-06,10970.7803
2016-12-07,11114.6104
2016-12-08,11149.9600
2016-12-09,11191.7900
2016-12-12,11177.2803
2016-12-13,11237.1699
2016-12-14,11098.6699
2016-12-15,11131.8896
2016-12-16,11125.2197
2016-12-19,11128.5400
2016-12-20,11172.1904
2016-12-21,11142.5703
2016-12-22,11114.1396
2016-12-23,11128.7998
2016-12-27,11146.4004
2016-12-28,11058.8799
2016-12-29,11074.3301
2016-12-30,11056.9004
2017-01-03,11154.3496
2017-01-04,11246.5400
2017-01-05,11247.6904
2017-01-06,11237.6201
2017-01-09,11169.7900
2017-01-10,11183.3301
2017-01-11,11226.7803
2017-01-12,11204.1504
2017-01-13,11227.1699
2017-01-17,11196.2900
2017-01-18,11196.0996
2017-01-19,11148.8496
2017-01-20,11192.7900
2017-01-23,11170.6201
2017-01-24,11249.2803
2017-01-25,11339.0498
2017-01-26,11313.1201
2017-01-27,11283.1904
2017-01-30,11205.2402
2017-01-31,11222.9600
2017-02-01,11207.2402
2017-02-02,11215.3896
2017-02-03,11310.7402
2017-02-06,11264.1104
2017-02-07,11243.3799
2017-02-08,11251.7998
2017-02-09,11327.6797
2017-02-10,11377.7197
2017-02-13,11433.9297
2017-02-14,11468.8701
2017-02-15,11514.4004
2017-02-16,11504.1904
2017-02-17,11510.9102
2017-02-21,11578.2500
2017-02-22,11550.1797
2017-02-23,11556.1504
2017-02-24,11541.2900
2017-02-27,11558.3496
2017-02-28,11512.3896
2017-03-01,11661.2197
2017-03-02,11575.9102
2017-03-03,11598.3701
2017-03-06,11547.7900
2017-03-07,11506.3203
2017-03-08,11448.2100
2017-03-09,11457.6396
2017-03-10,11500.7598
2017-03-13,11519.4404
2017-03-14,11459.2900
2017-03-15,11590.3096
2017-03-16,11600.2402
2017-03-17,11589.0098
2017-03-20,11556.9297
2017-03-21,11420.4297
2017-03-22,11426.6904
2017-03-23,11430.8896
2017-03-24,11418.8896
2017-03-27,11414.3301
2017-03-28,11493.8398
2017-03-29,11496.6699
2017-03-30,11519.8398
2017-03-31,11492.8496
2017-04-03,11463.9102
2017-04-04,11470.5400
2017-04-05,11423.3604
2017-04-06,11457.2900
2017-04-07,11445.5801
2017-04-10,11464.3398
2017-04-11,11473.6201
2017-04-12,11423.1699
2017-04-13,11324.5303
2017-04-17,11427.0801
2017-04-18,11378.5801
2017-04-19,11342.4199
2017-04-20,11426.9102
2017-04-21,11389.1299
2017-04-24,11531.7900
2017-04-25,11603.2803
2017-04-26,11592.9102
2017-04-27,11578.5195
2017-04-28,11536.0801
2017-05-01,11536.4902
2017-05-02,11551.2998
2017-05-03,11529.6602
2017-05-04,11534.7100
2017-05-05,11615.6104
2017-05-08,11595.2598
2017-05-09,11567.5195
2017-05-10,11598.9902
2017-05-11,11563.5996
2017-05-12,11547.0498
2017-05-15,11614.2305
2017-05-16,11606.4902
2017-05-17,11423.5303
2017-05-18,11434.0596
2017-05-19,11542.6904
2017-05-22,11585.2100
2017-05-23,11604.6201
2017-05-24,11621.2305
2017-05-25,11639.2998
2017-05-26,11631.8701
2017-05-30,11601.3096
2017-05-31,11598.0303
2017-06-01,11699.7900
2017-06-02,11718.7002
2017-06-05,11693.6797
2017-06-06,11671.4600
2017-06-07,11667.7305
2017-06-08,11678.9502
2017-06-09,11744.7305
2017-06-12,11746.4600
2017-06-13,11796.7900
2017-06-14,11779.8096
2017-06-15,11740.5195
2017-06-16,11772.0195
2017-06-19,11833.3398
2017-06-20,11738.9502
2017-06-21,11696.2803
2017-06-22,11712.5195
2017-06-23,11733.2002
2017-06-26,11758.8604
2017-06-27,11716.9199
2017-06-28,11812.7998
2017-06-29,11739.9805
2017-06-30,11761.7002
2017-07-03,11835.7197
2017-07-05,11809.4902
2017-07-06,11702.4297
2017-07-07,11752.9805
2017-07-10,11751.7900
2017-07-11,11744.7695
2017-07-12,11825.9004
2017-07-13,11844.6201
2017-07-14,11897.3096
2017-07-17,11890.5098
2017-07-18,11877.4199
2017-07-19,11941.3398
2017-07-20,11944.4902
2017-07-21,11924.5996
2017-07-24,11904.7100
2017-07-25,11965.7197
2017-07-26,11964.9102
2017-07-27,11963.2305
2017-07-28,11954.6904
2017-07-31,11967.6699
2017-08-01,12000.0195
2017-08-02,11979.3701
2017-08-03,11956.5195
2017-08-04,11984.8896
2017-08-07,11987.7695
2017-08-08,11949.9697
2017-08-09,11929.4600
2017-08-10,11771.5996
2017-08-11,11763.2197
2017-08-14,11856.0596
2017-08-15,11843.4805
2017-08-16,11868.8604
2017-08-17,11712.7197
2017-08-18,11699.8301
2017-08-21,11719.2695
2017-08-22,11805.2900
2017-08-23,11785.9199
2017-08-24,11773.7998
2017-08-25,11812.0303
2017-08-28,11800.2197
2017-08-29,11791.8799
2017-08-30,11805.0703
2017-08-31,11875.6904
2017-09-01,11918.0801
2017-09-05,11827.1504
2017-09-06,11872.9199
2017-09-07,11879.6104
2017-09-08,11887.9805
2017-09-11,12010.2695
2017-09-12,12057.1201
2017-09-13,12055.1797
2017-09-14,12062.6201
2017-09-15,12080.1396
2017-09-18,12111.4502
2017-09-19,12131.7305
2017-09-20,12147.5000
2017-09-21,12133.6299
2017-09-22,12151.7998
2017-09-25,12141.5596
2017-09-26,12127.9199
2017-09-27,12157.6504
2017-09-28,12179.3096
2017-09-29,12209.1602
2017-10-02,12264.6602
2017-10-03,12302.8799
2017-10-04,12304.6699
2017-10-05,12338.9297
2017-10-06,12317.6904
2017-10-09,12293.9502
2017-10-10,12346.5898
2017-10-11,12362.0596
2017-10-12,12338.7402
2017-10-13,12352.0000
2017-10-16,12359.5195
2017-10-17,12349.9697
2017-10-18,12371.0195
2017-10-19,12380.3203
2017-10-20,12430.5195
2017-10-23,12384.4199
2017-10-24,12404.9902
2017-10-25,12336.5801
2017-10-26,12352.4297
2017-10-27,12366.4297
2017-10-30,12319.4697
2017-10-31,12341.0098
2017-11-01,12362.8799
2017-11-02,12372.9600
2017-11-03,12373.0596
2017-11-06,12400.9297
2017-11-07,12371.2500
2017-11-08,12384.7197
2017-11-09,12339.6602
2017-11-10,12322.5996
2017-11-13,12316.8203
2017-11-14,12280.1104
2017-11-15,12220.3398
2017-11-16,12303.2803
2017-11-17,12302.8896
2017-11-20,12320.7695
2017-11-21,12385.8896
2017-11-22,12390.8203
2017-11-24,12421.9297
2017-11-27,12390.7803
2017-11-28,12520.2305
2017-11-29,12561.3203
2017-11-30,12627.7998
2017-12-01,12614.5596
2017-12-04,12634.8896
2017-12-05,12567.1602
2017-12-06,12532.4297
2017-12-07,12568.9805
2017-12-08,12643.0596
2017-12-11,12668.2197
2017-12-12,12697.7803
2017-12-13,12699.4805
2017-12-14,12629.0703
2017-12-15,12699.6797
2017-12-18,12785.8203
2017-12-19,12747.5400
2017-12-20,12747.5498
2017-12-21,12800.2100
2017-12-22,12797.4404
2017-12-26,12808.9004
2017-12-27,12821.9902
2017-12-28,12853.0898
2017-12-29,12808.8398
2018-01-02,12902.7197
2018-01-03,12957.2803
2018-01-04,13028.4600
2018-01-05,13103.2305
2018-01-08,13114.3496
2018-01-09,13120.8398
2018-01-10,13106.5996
2018-01-11,13210.7695
2018-01-12,13294.3203
2018-01-16,13246.8604
2018-01-17,13352.3896
2018-01-18,13315.9102
2018-01-19,13384.4600
2018-01-22,13470.3701
2018-01-23,13474.1104
2018-01-24,13507.6602
2018-01-25,13512.6602
2018-01-26,13637.0195
2018-01-29,13524.6504
2018-01-30,13375.5098
2018-01-31,13367.9600
2018-02-01,13381.9697
2018-02-02,13085.3496
2018-02-05,12572.9297
2018-02-06,12745.4502
2018-02-07,12687.1797
2018-02-08,12270.6504
2018-02-09,12405.8203
2018-02-12,12560.1201
2018-02-13,12574.3701
2018-02-14,12746.7197
2018-02-15,12856.8701
2018-02-16,12874.3604
2018-02-20,12763.3398
2018-02-21,12695.5303
2018-02-22,12711.7500
2018-02-23,12884.1104
2018-02-26,12999.6201
2018-02-27,12819.2197
2018-02-28,12652.5498
2018-03-01,12518.7305
2018-03-02,12557.9902
2018-03-05,12680.7305
2018-03-06,12720.7695
2018-03-07,12707.0098
2018-03-08,12745.0098
2018-03-09,12918.8203
2018-03-12,12898.4004
2018-03-13,12831.7500
2018-03-14,12762.6699
2018-03-15,12743.6104
2018-03-16,12784.3896
2018-03-19,12651.4600
2018-03-20,12663.6396
2018-03-21,12683.7598
2018-03-22,12377.3896
2018-03-23,12177.7002
2018-03-26,12433.1504
2018-03-27,12302.5400
2018-03-28,12308.9004
2018-03-29,12452.0596
2018-04-02,12216.7100
2018-04-03,12367.0703
2018-04-04,12466.4502
2018-04-05,12571.9404
2018-04-06,12349.1104
2018-04-09,12380.5498
2018-04-10,12565.9697
2018-04-11,12514.5898
2018-04-12,12580.2197
2018-04-13,12546.0498
2018-04-16,12628.2100
2018-04-17,12705.7598
2018-04-18,12732.8496
2018-04-19,12671.4805
2018-04-20,12607.1602
2018-04-23,12610.7695
2018-04-24,12514.0000
2018-04-25,12517.8604
2018-04-26,12582.9004
2018-04-27,12594.0195
2018-04-30,12515.3604
2018-05-01,12493.0195
2018-05-02,12418.0596
2018-05-03,12392.5000
2018-05-04,12493.3496
2018-05-07,12519.7500
2018-05-08,12520.2402
2018-05-09,12632.4902
2018-05-10,12731.6396
2018-05-11,12761.8203
2018-05-14,12772.0303
2018-05-15,12704.6299
2018-05-16,12743.7998
2018-05-17,12747.8301
2018-05-18,12717.4199
2018-05-21,12804.0098
2018-05-22,12766.6504
2018-05-23,12743.4004
2018-05-24,12696.6904
2018-05-25,12634.9404
2018-05-29,12442.6904
2018-05-30,12625.8701
2018-05-31,12527.1396
2018-06-01,12620.8301
2018-06-04,12673.9102
2018-06-05,12658.7002
2018-06-06,12778.2305
2018-06-07,12788.5000
2018-06-08,12832.0703
2018-06-11,12856.9600
2018-06-12,12844.7100
2018-06-13,12785.4502
2018-06-14,12771.9502
2018-06-15,12734.6396
2018-06-18,12708.6299
2018-06-19,12638.9805
2018-06-20,12648.7402
2018-06-21,12560.2305
2018-06-22,12639.5703
2018-06-25,12481.5996
2018-06-26,12510.5498
2018-06-27,12412.0703
2018-06-28,12475.9805
2018-06-29,12504.2500
2018-07-02,12485.5801
2018-07-03,12494.7002
2018-07-05,12585.2100
2018-07-06,12664.8799
2018-07-09,12776.9199
2018-07-10,12814.6396
2018-07-11,12681.5898
2018-07-12,12761.4600
2018-07-13,12769.5000
2018-07-16,12748.7803
2018-07-17,12779.2197
2018-07-18,12823.2305
2018-07-19,12786.4805
2018-07-20,12789.9102
2018-07-23,12794.0498
2018-07-24,12847.4902
2018-07-25,12933.6299
2018-07-26,12953.3896
2018-07-27,12921.3398
2018-07-30,12903.4297
2018-07-31,12963.2803
2018-08-01,12902.3896
2018-08-02,12898.0703
2018-08-03,12953.3398
2018-08-06,12964.2695
2018-08-07,12999.5898
2018-08-08,12987.9102
2018-08-09,12956.6602
2018-08-10,12843.4902
2018-08-13,12763.6602
2018-08-14,12835.3096
2018-08-15,12723.0898
2018-08-16,12841.2803
2018-08-17,12908.2598
2018-08-20,12965.0996
2018-08-21,12996.7598
2018-08-22,12990.5098
2018-08-23,12933.4600
2018-08-24,12999.4404
2018-08-27,13102.0303
2018-08-28,13084.7998
2018-08-29,13132.1602
2018-08-30,13039.9297
2018-08-31,13016.8896
2018-09-04,12969.8604
2018-09-05,12968.5498
2018-09-06,12938.9102
2018-09-07,12911.1201
2018-09-10,12928.6699
2018-09-11,12952.2998
2018-09-12,12990.0996
2018-09-13,13034.6104
2018-09-14,13050.5195
2018-09-17,13031.9102
2018-09-18,13091.9805
2018-09-19,13121.9697
2018-09-20,13225.1104
2018-09-21,13236.4404
2018-09-24,13162.0498
2018-09-25,13160.5996
2018-09-26,13101.9600
2018-09-27,13105.7197
2018-09-28,13082.5195
2018-10-01,13125.3496
2018-10-02,13106.0098
2018-10-03,13118.5498
2018-10-04,13042.2998
2018-10-05,12991.9502
2018-10-08,13000.1396
2018-10-09,12960.4502
2018-10-10,12622.1299
2018-10-11,12349.5303
2018-10-12,12439.4199
2018-10-15,12425.6797
2018-10-16,12645.9502
2018-10-17,12613.0498
2018-10-18,12445.4805
2018-10-19,12457.2695
2018-10-22,12374.7598
2018-10-23,12287.4404
2018-10-24,11969.7402
2018-10-25,12118.8496
2018-10-26,11976.9502
2018-10-29,11942.5098
2018-10-30,12129.9404
2018-10-31,12208.0596
2018-11-01,12356.5000
2018-11-02,12321.7998
2018-11-05,12424.3096
2018-11-06,12480.0596
2018-11-07,12679.0996
2018-11-08,12622.0400
2018-11-09,12537.5303
2018-11-12,12343.5098
2018-11-13,12328.2998
2018-11-14,12275.4902
2018-11-15,12361.5195
2018-11-16,12400.2803
2018-11-19,12280.9102
2018-11-20,12048.6602
2018-11-21,12123.3398
2018-11-23,12036.2402
2018-11-26,12181.5996
2018-11-27,12188.0703
2018-11-28,12417.6299
2018-11-29,12389.3701
2018-11-30,12457.5498
2018-12-03,12577.5400
2018-12-04,12221.9805
2018-12-06,12144.4102
2018-12-07,11941.9297
2018-12-10,11889.2900
2018-12-11,11860.6504
2018-12-12,11943.2900
2018-12-13,11936.1602
2018-12-14,11755.3799
2018-12-17,11532.1201
2018-12-18,11502.1602
2018-12-19,11371.8398
2018-12-20,11222.7900
2018-12-21,11036.8398
2018-12-24,10769.8301
2018-12-26,11204.0898
2018-12-27,11285.3096
2018-12-28,11290.9502
2018-12-31,11374.3896
2019-01-02,11383.5303
2019-01-03,11190.4404
2019-01-04,11533.3398
2019-01-07,11605.9600
2019-01-08,11716.2305
2019-01-09,11778.4199
2019-01-10,11839.3096
2019-01-11,11848.0098
2019-01-14,11799.1104
2019-01-15,11868.6797
2019-01-16,11907.6104
2019-01-17,11994.5400
2019-01-18,12151.7695
2019-01-22,11999.3701
2019-01-23,12020.9297
2019-01-24,12029.4502
2019-01-25,12127.2500
2019-01-28,12065.1104
2019-01-29,12090.7803
2019-01-30,12222.3896
2019-01-31,12299.0303
2019-02-01,12329.6904
2019-02-04,12381.8301
2019-02-05,12428.2598
2019-02-06,12398.6699
2019-02-07,12295.2197
2019-02-08,12292.1396
2019-02-11,12297.9004
2019-02-12,12438.4404
2019-02-13,12474.8896
2019-02-14,12440.2197
2019-02-15,12603.4697
2019-02-19,12628.3604
2019-02-20,12673.6602
2019-02-21,12621.7695
2019-02-22,12694.5195
2019-02-25,12700.1904
2019-02-26,12686.5596
2019-02-27,12689.8701
2019-02-28,12644.8096
2019-03-01,12700.6699
2019-03-04,12637.2695
2019-03-05,12624.4697
2019-03-06,12538.0000
2019-03-07,12443.4297
2019-03-08,12415.1299
2019-03-11,12561.2598
2019-03-12,12582.8096
2019-03-13,12674.2598
2019-03-14,12660.1602
2019-03-15,12715.7695
2019-03-18,12781.4102
2019-03-19,12760.7900
2019-03-20,12700.2500
2019-03-21,12782.5400
2019-03-22,12539.4102
2019-03-25,12535.6797
2019-03-26,12641.3604
2019-03-27,12591.7197
2019-03-28,12632.5801
2019-03-29,12696.8799
2019-04-01,12836.0303
2019-04-02,12819.0498
2019-04-03,12833.5996
2019-04-04,12868.7402
2019-04-05,12927.7197
2019-04-08,12943.3398
2019-04-09,12849.7100
2019-04-10,12887.3604
2019-04-11,12887.1201
2019-04-12,12969.5400
2019-04-15,12956.6797
2019-04-16,12952.2402
2019-04-17,12907.1104
2019-04-18,12922.7100
2019-04-22,12914.2803
2019-04-23,12993.8496
2019-04-24,12951.6299
2019-04-25,12912.9600
2019-04-26,12991.2002
2019-04-29,13008.0596
2019-04-30,13060.6504
2019-05-01,12946.1299
2019-05-02,12929.5596
2019-05-03,13037.8799
2019-05-06,12976.6699
2019-05-07,12778.5000
2019-05-08,12766.6904
2019-05-09,12731.3496
2019-05-10,12788.1396
2019-05-13,12526.7100
2019-05-14,12620.0000
2019-05-15,12652.2900
2019-05-16,12738.3604
2019-05-17,12657.6299
2019-05-20,12616.7998
2019-05-21,12720.7197
2019-05-22,12671.9902
2019-05-23,12525.0000
2019-05-24,12581.3604
2019-05-28,12465.9004
2019-05-29,12386.2100
2019-05-30,12393.6602
2019-05-31,12264.4902
2019-06-03,12341.8203
2019-06-04,12560.5801
2019-06-05,12614.7002
2019-06-06,12675.6602
2019-06-07,12765.8604
2019-06-10,12802.0303
2019-06-11,12813.9102
2019-06-12,12784.8301
2019-06-13,12827.5098
2019-06-14,12787.2402
2019-06-17,12775.5195
2019-06-18,12907.4600
2019-06-19,12954.0801
2019-06-20,13081.5400
2019-06-21,13047.2402
2019-06-24,13019.9805
2019-06-25,12936.6504
2019-06-26,12912.0098
2019-06-27,12965.3203
2019-06-28,13049.7100
2019-07-01,13127.6904
2019-07-02,13152.5498
2019-07-03,13239.8701
2019-07-05,13210.9102
2019-07-08,13147.2197
2019-07-09,13136.8896
2019-07-10,13173.2598
2019-07-11,13198.7197
2019-07-12,13234.7598
2019-07-15,13233.3896
2019-07-16,13195.1904
2019-07-17,13119.9697
2019-07-18,13168.7002
2019-07-19,13111.9902
2019-07-22,13109.7695
2019-07-23,13197.5195
2019-07-24,13234.9297
2019-07-25,13169.2900
2019-07-26,13235.5000
2019-07-29,13222.6104
2019-07-30,13187.2100
2019-07-31,13066.5996
2019-08-01,12920.8203
2019-08-02,12839.5098
2019-08-05,12497.3096
2019-08-06,12628.1396
2019-08-07,12632.9600
2019-08-08,12828.8203
2019-08-09,12748.4199
2019-08-12,12586.2402
2019-08-13,12724.3604
2019-08-14,12368.0498
2019-08-15,12409.5400
2019-08-16,12580.4102
2019-08-19,12687.9102
2019-08-20,12599.4102
2019-08-21,12697.0098
2019-08-22,12688.4600
2019-08-23,12416.4502
2019-08-26,12519.6201
2019-08-27,12474.0498
2019-08-28,12559.2305
2019-08-29,12704.0303
2019-08-30,12736.8799
2019-09-03,12663.4004
2019-09-04,12796.3203
2019-09-05,12917.7598
2019-09-06,12933.3799
2019-09-09,12960.7197
2019-09-10,12993.9600
2019-09-11,13082.4102
2019-09-12,13116.0498
2019-09-13,13124.3398
2019-09-16,13107.9805
2019-09-17,13131.4102
2019-09-18,13119.3096
2019-09-19,13111.2500
2019-09-20,13093.7998
2019-09-23,13085.3301
2019-09-24,12992.2598
2019-09-25,13037.6104
2019-09-26,13028.7402
2019-09-27,12971.9805
2019-09-30,13004.7402
2019-10-01,12835.3496
2019-10-02,12608.4297
2019-10-03,12685.7695
2019-10-04,12831.5498
2019-10-07,12777.7402
2019-10-08,12590.9102
2019-10-09,12691.1602
2019-10-10,12766.0000
2019-10-11,12926.9199
2019-10-14,12896.2197
2019-10-15,13006.0400
2019-10-16,12994.8896
2019-10-17,13039.2305
2019-10-18,13006.6396
2019-10-21,13088.6104
2019-10-22,13071.8604
2019-10-23,13114.3896
2019-10-24,13118.9004
2019-10-25,13146.2402
2019-10-28,13186.4297
2019-10-29,13209.6299
2019-10-30,13244.0098
2019-10-31,13171.8096
2019-11-01,13300.2695
2019-11-04,13355.4404
2019-11-05,13339.5898
2019-11-06,13351.5703
2019-11-07,13395.5498
2019-11-08,13407.7998
2019-11-11,13388.1201
2019-11-12,13387.6201
2019-11-13,13385.0498
2019-11-14,13392.0000
2019-11-15,13492.9600
2019-11-18,13483.8096
2019-11-19,13466.3496
2019-11-20,13419.2998
2019-11-21,13406.4199
2019-11-22,13440.9502
2019-11-25,13532.8896
2019-11-26,13559.7100
2019-11-27,13607.6201
2019-11-29,13545.2100
2019-12-02,13448.2598
2019-12-03,13366.0898
2019-12-04,13457.9697
2019-12-05,13482.2998
2019-12-06,13588.2900
2019-12-09,13555.0703
2019-12-10,13545.3096
2019-12-11,13579.9199
2019-12-12,13697.4102
2019-12-13,13697.3398
2019-12-16,13795.1504
2019-12-17,13795.3496
2019-12-18,13799.2100
2019-12-19,13831.6699
2019-12-20,13889.2500
2019-12-23,13899.9902
2019-12-24,13895.1396
2019-12-26,13940.4199
2019-12-27,13944.1396
2019-12-30,13876.1504
2019-12-31,13913.0303
2020-01-02,14002.4902
2020-01-03,13917.0498
2020-01-06,13941.7998
2020-01-07,13898.4502
2020-01-08,13934.4404
2020-01-09,13997.6504
2020-01-10,13957.9697
2020-01-13,14042.6504
2020-01-14,14037.1299
2020-01-15,14053.2305
2020-01-16,14141.7803
2020-01-17,14183.2002
2020-01-21,14109.9805
2020-01-22,14110.2402
2020-01-23,14102.0400
2020-01-24,13978.4697
2020-01-27,13769.5996
2020-01-28,13877.6104
2020-01-29,13843.8096
2020-01-30,13861.9199
2020-01-31,13614.0996
2020-02-03,13677.9199
2020-02-04,13862.8398
2020-02-05,14024.8604
2020-02-06,14034.9502
2020-02-07,13931.9297
2020-02-10,13984.4805
2020-02-11,14054.0801
2020-02-12,14136.9805
2020-02-13,14099.0400
2020-02-14,14097.3398
2020-02-18,14039.0098
2020-02-19,14087.1299
2020-02-20,14061.4805
2020-02-21,13975.7803
2020-02-24,13534.1201
2020-02-25,13143.7305
2020-02-26,13046.6201
2020-02-27,12547.2500
2020-02-28,12380.9697
2020-03-02,12827.9902
2020-03-03,12542.7402
2020-03-04,13009.9600
2020-03-05,12593.0303
2020-03-06,12352.0303
2020-03-09,11298.4297
2020-03-10,11793.2695
2020-03-11,11177.2900
2020-03-12,10060.7598
2020-03-13,10851.7402
2020-03-16,9567.5303
2020-03-17,10063.3604
2020-03-18,9384.5996
2020-03-19,9461.3096
2020-03-20,9133.1602
2020-03-23,8777.3799
2020-03-24,9658.3203
2020-03-25,9961.3799
2020-03-26,10536.2803
2020-03-27,10187.2100
2020-03-30,10434.7402
2020-03-31,10301.8701
2020-04-01,9844.8496
2020-04-02,10062.3701
2020-04-03,9880.6299
2020-04-06,10515.2402
2020-04-07,10537.0400
2020-04-08,10902.5898
2020-04-09,11136.6104
2020-04-13,10949.5303
2020-04-14,11172.2002
2020-04-15,10843.9199
2020-04-16,10818.0303
2020-04-17,11208.2900
2020-04-20,11003.8799
2020-04-21,10706.4404
2020-04-22,10908.5596
2020-04-23,10916.6797
2020-04-24,11017.9004
2020-04-27,11264.8398
2020-04-28,11319.7002
2020-04-29,11618.2305
2020-04-30,11372.3398
2020-05-01,11058.5703
2020-05-04,11056.2803
2020-05-05,11135.4004
2020-05-06,10999.9902
2020-05-07,11121.6699
2020-05-08,11354.3398
2020-05-11,11281.3701
2020-05-12,11055.5801
2020-05-13,10829.4404
2020-05-14,10927.4102
2020-05-15,10947.3203
2020-05-18,11402.2305
2020-05-19,11248.9697
2020-05-20,11420.0400
2020-05-21,11351.5996
2020-05-22,11331.9697
2020-05-26,11603.0000
2020-05-27,11837.5303
2020-05-28,11804.9102
2020-05-29,11802.9502
2020-06-01,11900.2402
2020-06-02,12046.4102
2020-06-03,12302.1904
2020-06-04,12286.9805
2020-06-05,12641.4404
2020-06-08,12836.5996
2020-06-09,12619.5195
2020-06-10,12449.2197
2020-06-11,11659.1699
2020-06-12,11867.1699
2020-06-15,11942.9102
2020-06-16,12161.4697
2020-06-17,12086.4902
2020-06-18,12072.5898
2020-06-19,11980.1201
2020-06-22,12028.9102
2020-06-23,12077.7402
2020-06-24,11726.5400
2020-06-25,11865.1104
2020-06-26,11604.4297
2020-06-29,11777.0801
2020-06-30,11893.7803
2020-07-01,11901.5498
2020-07-02,11991.5195
2020-07-06,12160.0098
2020-07-07,11990.1396
2020-07-08,12086.3896
2020-07-09,11928.6299
2020-07-10,12075.5801
2020-07-13,12014.6699
2020-07-14,12014.6699
2020-07-15,12391.3203
2020-07-16,12350.1104
2020-07-17,12402.7402
2020-07-20,12392.9805
2020-07-21,12508.6797
2020-07-22,12569.0703
2020-07-23,12510.8701
2020-07-24,12461.7803
2020-07-27,12553.1299
2020-07-28,12491.2197
2020-07-29,12669.6201
2020-07-30,12533.2803
2020-07-31,12465.0498
2020-08-03,12536.8096
2020-08-04,12612.1104
2020-08-05,12731.5498
2020-08-06,12729.1699
2020-08-07,12765.8398
2020-08-10,12844.0195
2020-08-11,12849.4297
2020-08-12,12974.8301
2020-08-13,12919.1504
2020-08-14,12902.5000
2020-08-17,12936.1104
2020-08-18,12910.3301
2020-08-19,12859.8799
2020-08-20,12812.8604
2020-08-21,12809.0703
2020-08-24,12972.8799
2020-08-25,13001.9902
2020-08-26,13042.5400
2020-08-27,13068.8096
2020-08-28,13170.9600
2020-08-31,13045.5996
2020-09-01,13113.7402
2020-09-02,13276.7402
2020-09-03,12966.1396
2020-09-04,12966.1396
2020-09-08,12688.0703
2020-09-09,12885.7998
2020-09-10,12706.6904
2020-09-11,12773.0400
2020-09-14,12932.6904
2020-09-15,12967.1797
2020-09-16,12997.8604
2020-09-17,12948.4502
2020-09-18,12833.5703
2020-09-21,12833.5703
2020-09-22,12602.5400
2020-09-23,12359.1602
2020-09-24,12365.5400
2020-09-25,12485.3799
2020-09-28,12677.5400
2020-09-29,12602.6396
2020-09-30,12701.8896
2020-10-01,12726.8398
2020-10-02,12749.7900
2020-10-05,12949.6504
2020-10-06,12837.8799
2020-10-07,13042.3301
2020-10-08,13190.5801
2020-10-09,13252.6201
2020-10-12,13324.8701
2020-10-13,13211.9502
2020-10-14,13143.1602
2020-10-15,13137.2500
2020-10-16,13169.3203
2020-10-19,13018.5098
2020-10-20,13092.1602
2020-10-21,13040.1299
2020-10-22,13145.9199
2020-10-23,13199.8604
2020-10-26,12936.3896
2020-10-27,12817.8701
2020-10-28,12415.4199
2020-10-29,12502.2900
2020-10-30,12429.3301
2020-11-02,12662.1699
2020-11-03,12877.4502
2020-11-04,12978.9502
2020-11-05,13199.1201
2020-11-06,13218.6699
2020-11-09,13611.6504
2020-11-10,13707.9902
2020-11-11,13724.7803
2020-11-12,13551.4697
2020-11-13,13761.3203
2020-11-16,13982.1904
2020-11-17,13949.0996
2020-11-18,13808.6504
2020-11-19,13863.2305
2020-11-20,13827.0000
2020-11-23,13998.2402
2020-11-24,14249.5000
2020-11-25,14191.5801
2020-11-27,14198.5000
2020-11-30,14006.4600
2020-12-01,14146.6396
2020-12-02,14188.2402
2020-12-03,14217.1797
2020-12-04,14417.3301
2020-12-07,14354.9697
2020-12-08,14402.1699
2020-12-09,14374.0801
2020-12-10,14394.3398
2020-12-11,14355.2900
2020-12-14,14214.9297
2020-12-15,14402.3203
2020-12-16,14408.9404
2020-12-17,14516.7305
2020-12-18,14467.8203
2020-12-21,14378.8496
2020-12-22,14321.3398
2020-12-23,14398.6201
2020-12-24,14382.5000
2020-12-28,14405.7695
2020-12-29,14397.9199
2020-12-30,14477.4805
2020-12-31,14524.7998
2021-01-04,14376.7002
2021-01-05,14536.5303
2021-01-06,14788.8398
2021-01-07,14928.7500
2021-01-08,14966.8301
2021-01-11,14937.9600
2021-01-12,15010.2900
2021-01-13,14983.6104
2021-01-14,15044.3799
2021-01-15,14894.1699
2021-01-19,14987.3398
2021-01-20,15097.2803
2021-01-21,15019.0498
2021-01-22,14951.8398
2021-01-25,14935.2900
2021-01-26,14867.3701
2021-01-27,14487.7305
2021-01-28,14669.5195
2021-01-29,14397.2002
2021-02-01,14596.1797
2021-02-02,14768.5801
2021-02-03,14839.0596
2021-02-04,14975.4297
2021-02-05,15069.5996
2021-02-08,15226.6104
2021-02-09,15244.4004
2021-02-10,15273.9004
2021-02-11,15297.0898
2021-02-12,15369.5996
2021-02-16,15423.0195
2021-02-17,15402.5898
2021-02-18,15290.6396
2021-02-19,15362.6904
2021-02-22,15340.4697
2021-02-23,15359.1299
2021-02-24,15539.4199
2021-02-25,15206.6699
2021-02-26,15010.4697
2021-03-01,15327.7695
2021-03-02,15277.0195
2021-03-03,15199.1904
2021-03-04,14959.4102
2021-03-05,15251.8301
2021-03-08,15288.3799
2021-03-09,15375.6299
2021-03-10,15521.8398
2021-03-11,15648.0000
2021-03-12,15715.2100
2021-03-15,15775.5000
2021-03-16,15669.2998
2021-03-17,15731.1504
2021-03-18,15589.0898
2021-03-19,15562.2598
2021-03-22,15551.5596
2021-03-23,15346.5303
2021-03-24,15276.5596
2021-03-25,15410.3701
2021-03-26,15682.5400
2021-03-29,15611.8799
2021-03-30,15626.1104
2021-03-31,15601.7402
2021-04-01,15751.7002
2021-04-05,15870.3398
2021-04-06,15877.9600
2021-04-07,15838.8496
2021-04-08,15886.5596
2021-04-09,15956.3701
2021-04-12,15977.4600
2021-04-13,15962.3398
2021-04-14,16000.1504
2021-04-15,16116.8496
2021-04-16,16186.2900
2021-04-19,16107.5596
2021-04-20,15944.6104
2021-04-21,16121.6104
2021-04-22,16030.6201
2021-04-23,16206.0000
2021-04-26,16241.2100
2021-04-27,16273.3096
2021-04-28,16322.1299
2021-04-29,16376.0000
2021-04-30,16219.3301
2021-05-03,16325.2402
2021-05-04,16289.2695
2021-05-05,16348.4102
2021-05-06,16459.5996
2021-05-07,16590.4297
2021-05-10,16516.8301
2021-05-11,16355.6201
2021-05-12,16042.9697
2021-05-13,16181.6299
2021-05-14,16415.3594
2021-05-17,16422.9609
2021-05-18,16337.7305
2021-05-19,16233.3203
2021-05-20,16350.4502
2021-05-21,16375.0000
2021-05-24,16464.6895
2021-05-25,16390.1895
2021-05-26,16451.9609
2021-05-27,16531.9492
2021-05-28,16555.6602
2021-06-01,16643.3203
2021-06-02,16673.9609
2021-06-03,16632.3398
2021-06-04,16708.7402
2021-06-07,16709.3008
2021-06-08,16685.4805
2021-06-09,16620.0000
2021-06-10,16651.4297
2021-06-11,16694.9297
2021-06-14,16662.4199
2021-06-15,16655.8105
2021-06-16,16542.7598
2021-06-17,16411.6504
2021-06-18,16143.9502
2021-06-21,16411.9805
2021-06-22,16449.0098
2021-06-23,16437.6309
2021-06-24,16558.6191
2021-06-25,16658.7891
2021-06-28,16573.7207
2021-06-29,16547.5703
2021-06-30,16555.3496
2021-07-01,16640.9609
2021-07-02,16674.8496
2021-07-06,16542.7500
2021-07-07,16559.3105
2021-07-08,16359.7002
2021-07-09,16633.3008
2021-07-12,16673.1406
2021-07-13,16575.7695
2021-07-14,16543.7793
2021-07-15,16499.0605
2021-07-16,16364.6602
2021-07-19,16052.7100
2021-07-20,16321.9404
2021-07-21,16503.4707
2021-07-22,16455.9199
2021-07-23,16552.3809
2021-07-26,16565.3105
2021-07-27,16520.9609
2021-07-28,16573.5605
2021-07-29,16697.1406
2021-07-30,16602.2891
2021-08-02,16576.2109
2021-08-03,16713.4609
2021-08-04,16594.4805
2021-08-05,16695.5000
2021-08-06,16748.0801
2021-08-09,16726.9492
2021-08-10,16792.7793
2021-08-11,16875.3906
2021-08-12,16871.1191
2021-08-13,16868.1094
2021-08-16,16836.7402
2021-08-17,16707.1309
2021-08-18,16550.3398
2021-08-19,16429.1406
2021-08-20,16516.6797
2021-08-23,16648.5508
2021-08-24,16741.1602
2021-08-25,16812.8398
2021-08-26,16694.3203
2021-08-27,16844.7500
2021-08-30,16819.6309
2021-08-31,16806.4395
2021-09-01,16845.9902
2021-09-02,16926.7207
2021-09-03,16909.7207
2021-09-07,16801.1797
2021-09-08,16731.0391
2021-09-09,16663.1191
2021-09-10,16563.4805
2021-09-13,16635.3906
2021-09-14,16497.2305
2021-09-15,16626.8809
2021-09-16,16576.7695
2021-09-17,16460.3496
2021-09-20,16168.1699
2021-09-21,16184.5000
2021-09-22,16352.1797
2021-09-23,16567.2598
2021-09-24,16539.1504
2021-09-27,16599.7891
2021-09-28,16328.7803
2021-09-29,16344.8896
2021-09-30,16144.9199
2021-10-01,16323.7402
2021-10-04,16198.5596
2021-10-05,16327.0898
2021-10-06,16338.4600
2021-10-07,16511.8105
2021-10-08,16517.2305
2021-10-11,16430.0703
2021-10-12,16441.7500
2021-10-13,16513.1602
2021-10-14,16744.2891
2021-10-15,16871.7402
2021-10-18,16862.0000
2021-10-19,16988.1602
2021-10-20,17099.2109
2021-10-21,17083.1504
2021-10-22,17122.2402
2021-10-25,17169.0703
2021-10-26,17145.1504
2021-10-27,16920.3809
2021-10-28,17077.0000
2021-10-29,17016.4102
2021-11-01,17131.0801
2021-11-02,17115.1699
2021-11-03,17209.7500
2021-11-04,17168.8691
2021-11-05,17242.3594
2021-11-08,17310.5098
2021-11-09,17286.9102
2021-11-10,17192.0293
2021-11-11,17220.4102
2021-11-12,17297.6602
2021-11-15,17285.5508
2021-11-16,17302.7891
2021-11-17,17192.6602
2021-11-18,17117.7402
2021-11-19,16973.9609
2021-11-22,16945.7793
2021-11-23,17007.9004
2021-11-24,17036.8105
2021-11-26,16624.8691
2021-11-29,16683.9805
2021-11-30,16318.9697
2021-12-01,16133.8896
2021-12-02,16475.2500
2021-12-03,16347.8701
2021-12-06,16591.9707
2021-12-07,16853.5703
2021-12-08,16899.9199
2021-12-09,16780.4707
2021-12-10,16856.6309
2021-12-13,16719.5703
2021-12-14,16652.5801
2021-12-15,16813.5703
2021-12-16,16849.0898
2021-12-17,16668.6406
2021-12-20,16442.3105
2021-12-21,16744.2695
2021-12-22,16874.8809
2021-12-23,16963.4395
2021-12-27,17141.0898
2021-12-28,17134.1602
2021-12-29,17149.9297
2021-12-30,17164.2402
2021-12-31,17164.1309
2022-01-03,17226.0996
2022-01-04,17336.7598
2022-01-05,17112.5996
2022-01-06,17156.5195
2022-01-07,17166.2793
2022-01-10,17119.5605
2022-01-11,17294.5391
2022-01-12,17353.7598
2022-01-13,17259.0195
2022-01-14,17219.0605
2022-01-18,16950.9102
2022-01-19,16818.9805
2022-01-20,16663.7695
2022-01-21,16397.3398
2022-01-24,16413.9707
2022-01-25,16340.3203
2022-01-26,16236.5098
2022-01-27,16152.1201
2022-01-28,16397.8594
2022-01-31,16659.7695
2022-02-01,16829.7207
2022-02-02,16904.5195
2022-02-03,16677.3906
2022-02-04,16701.5801
2022-02-07,16722.7598
2022-02-08,16853.7109
2022-02-09,17069.6602
2022-02-10,16855.9609
2022-02-11,16664.9902
2022-02-14,16531.3105
2022-02-15,16745.8301
2022-02-16,16770.3594
2022-02-17,16492.0508
2022-02-18,16392.3203
2022-02-22,16215.6201
2022-02-23,16019.5801
2022-02-24,15995.9902
2022-02-25,16427.9609
2022-02-28,16313.8896
2022-03-01,16069.1602
2022-03-02,16380.9102
2022-03-03,16287.4902
2022-03-04,16129.6602
2022-03-07,15708.2305
2022-03-08,15625.9297
2022-03-09,15977.5400
2022-03-10,15929.5596
2022-03-11,15753.7002
2022-03-14,15694.3496
2022-03-15,15895.6699
2022-03-16,16261.5000
2022-03-17,16483.5801
2022-03-18,16612.6406
2022-03-21,16606.6699
2022-03-22,16735.4805
2022-03-23,16558.5293
2022-03-24,16701.8203
2022-03-25,16792.8008
2022-03-28,16798.7207
2022-03-29,17014.7598
2022-03-30,16932.7598
2022-03-31,16670.9102
2022-04-01,16787.7500
2022-04-04,16829.7500
2022-04-05,16645.0508
2022-04-06,16587.0996
2022-04-07,16631.4492
2022-04-08,16689.9492
2022-04-11,16534.1992
2022-04-12,16465.9902
2022-04-13,16614.7891
2022-04-14,16511.5098
2022-04-18,16466.2109
2022-04-19,16658.9004
2022-04-20,16761.3496
2022-04-21,16499.3301
2022-04-22,16056.8701
2022-04-25,16054.7598
2022-04-26,15694.2402
2022-04-27,15741.8203
2022-04-28,16032.6797
2022-04-29,15615.2500
2022-05-02,15609.2803
2022-05-03,15729.5303
2022-05-04,16119.6104
2022-05-05,15652.6104
2022-05-06,15566.5596
2022-05-09,15057.8701
2022-05-10,15025.7402
2022-05-11,14902.1396
2022-05-12,14931.0996
2022-05-13,15257.3604
2022-05-16,15259.8203
2022-05-17,15541.9102
2022-05-18,15044.5195
2022-05-19,15035.8701
2022-05-20,15080.9805
2022-05-23,15342.9600
2022-05-24,15290.3799
2022-05-25,15412.1904
2022-05-26,15664.0000
2022-05-27,15942.6201
2022-05-31,15827.0498
2022-06-01,15709.6104
2022-06-02,15960.5303
2022-06-03,15797.1699
2022-06-06,15848.4502
2022-06-07,16019.5596
2022-06-08,15843.8301
2022-06-09,15472.4600
2022-06-10,15096.6904
2022-06-13,14527.9004
2022-06-14,14444.6396
2022-06-15,14595.2305
2022-06-16,14142.1904
2022-06-17,14097.0498
2022-06-21,14414.2500
2022-06-22,14352.7803
2022-06-23,14402.1201
2022-06-24,14811.5498
2022-06-27,14835.2998
2022-06-28,14667.3203
2022-06-29,14599.5898
2022-06-30,14487.6396
2022-07-01,14636.7598
2022-07-05,14499.4902
2022-07-06,14465.2900
2022-07-07,14676.5000
2022-07-08,14642.3301
2022-07-11,14502.4297
2022-07-12,14395.0400
2022-07-13,14340.2803
2022-07-14,14171.2402
2022-07-15,14449.6797
2022-07-18,14403.1797
2022-07-19,14766.5996
2022-07-20,14778.4697
2022-07-21,14871.1299
2022-07-22,14790.7900
2022-07-25,14899.0898
2022-07-26,14793.5498
2022-07-27,15031.0400
2022-07-28,15198.8096
2022-07-29,15327.7100
2022-08-01,15286.0098
2022-08-02,15162.6797
2022-08-03,15267.1602
2022-08-04,15224.2100
2022-08-05,15273.2305
2022-08-08,15305.7998
2022-08-09,15264.7900
2022-08-10,15552.7002
2022-08-11,15602.9297
2022-08-12,15804.3799
2022-08-15,15794.3301
2022-08-16,15846.7900
2022-08-17,15734.1104
2022-08-18,15763.9004
2022-08-19,15588.3203
2022-08-22,15341.8496
2022-08-23,15338.1504
2022-08-24,15392.0596
2022-08-25,15595.2402
2022-08-26,15178.2100
2022-08-29,15118.8496
2022-08-30,14931.4199
2022-08-31,14801.2402
2022-09-01,14771.9004
2022-09-02,14689.5000
2022-09-06,14631.5195
2022-09-07,14844.5703
2022-09-08,14961.7695
2022-09-09,15190.7900
2022-09-12,15352.1797
2022-09-13,14820.7900
2022-09-14,14843.2100
2022-09-15,14722.0303
2022-09-16,14573.9102
2022-09-19,14674.4600
2022-09-20,14474.7197
2022-09-21,14236.6104
2022-09-22,14116.5898
2022-09-23,13796.9902
2022-09-26,13580.3896
2022-09-27,13541.7598
2022-09-28,13833.1797
2022-09-29,13608.2900
2022-09-30,13472.1797
2022-10-03,13855.7197
2022-10-04,14319.4902
2022-10-05,14262.0303
2022-10-06,14087.3799
2022-10-07,13798.2598
2022-10-10,13693.5703
2022-10-11,13608.0898
2022-10-12,13546.7998
2022-10-13,13888.9697
2022-10-14,13607.3096
2022-10-17,13923.2100
2022-10-18,14089.2002
2022-10-19,13947.2598
2022-10-20,13840.4697
2022-10-21,14144.0498
2022-10-24,14226.1104
2022-10-25,14440.6904
2022-10-26,14531.6904
2022-10-27,14569.9004
2022-10-28,14795.6299
2022-10-31,14747.0303
2022-11-01,14790.7100
2022-11-02,14497.8496
2022-11-03,14455.6699
2022-11-04,14702.7695
2022-11-07,14808.6299
2022-11-08,14889.2998
2022-11-09,14587.7598
2022-11-10,15234.7197
2022-11-11,15352.6904
2022-11-14,15228.9805
2022-11-15,15381.0000
2022-11-16,15265.2500
2022-11-17,15223.9600
2022-11-18,15309.7695
2022-11-21,15278.2598
2022-11-22,15481.7598
2022-11-23,15545.5195
2022-11-25,15605.6699
2022-11-28,15370.4404
2022-11-29,15433.4600
2022-11-30,15780.0195
2022-12-01,15761.1201
2022-12-02,15767.0195
2022-12-05,15474.7900
2022-12-06,15328.4600
2022-12-07,15311.7900
2022-12-08,15399.9404
2022-12-09,15291.0498
2022-12-12,15468.6699
2022-12-13,15562.5400
2022-12-14,15494.9805
2022-12-15,15182.2803
2022-12-16,15018.1699
2022-12-19,14938.0303
2022-12-20,15000.6201
2022-12-21,15219.5498
2022-12-22,15081.5303
2022-12-23,15188.4502
2022-12-27,15218.2598
2022-12-28,15037.3203
2022-12-29,15241.2100
2022-12-30,15184.3096
2023-01-03,15154.4502
2023-01-04,15350.2998
2023-01-05,15225.4004
2023-01-06,15539.7402
2023-01-09,15514.4404
2023-01-10,15608.1699
2023-01-11,15749.0898
2023-01-12,15859.5498
2023-01-13,15918.3701
2023-01-17,15883.5596
2023-01-18,15649.1299
2023-01-19,15569.6299
2023-01-20,15777.5498
2023-01-23,15880.0898
2023-01-24,15868.2197
2023-01-25,15889.2695
2023-01-26,15985.8701
2023-01-27,15962.5801
2023-01-30,15818.9004
2023-01-31,16036.3896
2023-02-01,16121.2500
2023-02-02,16122.5801
2023-02-03,15999.4004
2023-02-06,15895.3604
2023-02-07,16021.6201
2023-02-08,15934.7197
2023-02-09,15828.5996
2023-02-10,15910.6904
2023-02-13,16052.2500
2023-02-14,16025.1104
2023-02-15,16016.0898
2023-02-16,15873.7803
2023-02-17,15840.1602
2023-02-21,15572.5195
2023-02-22,15530.8301
2023-02-23,15584.9297
2023-02-24,15464.4600
2023-02-27,15492.9297
2023-02-28,15428.9697
2023-03-01,15436.2998
2023-03-02,15524.5195
2023-03-03,15721.0596
2023-03-06,15694.3398
2023-03-07,15439.0195
2023-03-08,15440.6396
2023-03-09,15140.7900
2023-03-10,14894.1797
2023-03-13,14764.3701
2023-03-14,14944.7402
2023-03-15,14662.5498
2023-03-16,14830.9805
2023-03-17,14599.0498
2023-03-20,14777.7002
2023-03-21,14985.9502
2023-03-22,14741.0801
2023-03-23,14693.0195
2023-03-24,14758.5703
2023-03-27,14894.8496
2023-03-28,14949.3496
2023-03-29,15123.9600
2023-03-30,15200.5898
2023-03-31,15374.9102
2023-04-03,15487.7598
2023-04-04,15374.1104
2023-04-05,15368.2598
2023-04-06,15379.1299
2023-04-10,15427.1797
2023-04-11,15520.9199
2023-04-12,15500.9297
2023-04-13,15630.8896
2023-04-14,15601.7803
2023-04-17,15668.3398
2023-04-18,15684.9600
2023-04-19,15653.6201
2023-04-20,15582.9404
2023-04-21,15578.9297
2023-04-24,15606.7100
2023-04-25,15363.5303
2023-04-26,15228.5801
2023-04-27,15431.6396
2023-04-28,15545.8799
2023-05-01,15535.8896
2023-05-02,15314.8896
2023-05-03,15233.8496
2023-05-04,15117.6699
2023-05-05,15380.8701
2023-05-08,15391.2695
2023-05-09,15352.8096
2023-05-10,15349.1699
2023-05-11,15263.0703
2023-05-12,15246.3604
2023-05-15,15322.5596
2023-05-16,15129.2500
2023-05-17,15313.9199
2023-05-18,15345.4297
2023-05-19,15324.3203
2023-05-22,15318.8496
2023-05-23,15172.2695
2023-05-24,15022.8896
2023-05-25,14975.9697
2023-05-26,15078.6904
2023-05-30,14994.6396
2023-05-31,14887.1396
2023-06-01,15031.0898
2023-06-02,15345.1904
2023-06-05,15275.2100
2023-06-06,15391.7998
2023-06-07,15469.6299
2023-06-08,15502.6396
2023-06-09,15499.9102
2023-06-12,15548.4697
2023-06-13,15667.7900
2023-06-14,15642.7305
2023-06-15,15826.3496
2023-06-16,15795.1201
2023-06-20,15648.9199
2023-06-21,15657.0000
2023-06-22,15600.7002
2023-06-23,15469.3496
2023-06-26,15518.7402
2023-06-27,15646.6797
2023-06-28,15617.3604
2023-06-29,15737.3799
2023-06-30,15875.9102
2023-07-03,15918.5000
2023-07-05,15835.5303
2023-07-06,15641.6699
2023-07-07,15671.6299
2023-07-10,15748.8701
2023-07-11,15897.3096
2023-07-12,16011.2803
2023-07-13,16106.8496
2023-07-14,16040.2305
2023-07-17,16054.1699
2023-07-18,16156.5098
2023-07-19,16230.9404
2023-07-20,16263.7100
2023-07-21,16289.1201
2023-07-24,16369.1396
2023-07-25,16385.1699
2023-07-26,16418.2109
2023-07-27,16270.5996
2023-07-28,16363.2598
2023-07-31,16427.2891
2023-08-01,16356.5098
2023-08-02,16174.5400
2023-08-03,16125.4199
2023-08-04,16071.0596
2023-08-07,16208.2305
2023-08-08,16176.3496
2023-08-09,16135.7695
2023-08-10,16135.2197
2023-08-11,16143.3799
2023-08-14,16116.0498
2023-08-15,15911.3096
2023-08-16,15818.1104
2023-08-17,15734.3799
2023-08-18,15750.1699
2023-08-21,15746.2100
2023-08-22,15690.2803
2023-08-23,15823.2695
2023-08-24,15683.0098
2023-08-25,15766.9102
2023-08-28,15879.5898
2023-08-29,16041.4902
2023-08-30,16074.2197
2023-08-31,16000.3701
2023-09-01,16091.7900
2023-09-05,15942.4805
2023-09-06,15891.5303
2023-09-07,15864.1904
2023-09-08,15878.9902
2023-09-11,15949.4404
2023-09-12,15953.9102
2023-09-13,15926.6396
2023-09-14,16089.4805
2023-09-15,15973.6797
2023-09-18,15952.5195
2023-09-19,15929.0098
2023-09-20,15859.6201
2023-09-21,15601.5996
2023-09-22,15569.5098
2023-09-25,15593.7305
2023-09-26,15381.5801
2023-09-27,15394.6904
2023-09-28,15478.0703
2023-09-29,15398.2100
2023-10-02,15230.0098
2023-10-03,15043.4199
2023-10-04,15070.9102
2023-10-05,15072.9902
2023-10-06,15214.0195
2023-10-09,15318.0801
2023-10-10,15450.2402
2023-10-11,15487.7803
2023-10-12,15329.5498
2023-10-13,15323.7002
2023-10-16,15484.5000
2023-10-17,15541.3799
2023-10-18,15324.9600
2023-10-19,15196.3701
2023-10-20,15033.3096
2023-10-23,14946.0098
2023-10-24,15025.7598
2023-10-25,14914.1201
2023-10-26,14858.7002
2023-10-27,14675.7803
2023-10-30,14825.8896
2023-10-31,14919.2002
2023-11-01,15002.5498
2023-11-02,15332.5996
2023-11-03,15475.2002
2023-11-06,15440.5000
2023-11-07,15388.4902
2023-11-08,15352.1904
2023-11-09,15235.1797
2023-11-10,15388.4404
2023-11-13,15403.1396
2023-11-14,15732.6699
2023-11-15,15765.0195
2023-11-16,15716.5498
2023-11-17,15813.4600
2023-11-20,15881.6299
2023-11-21,15861.5703
2023-11-22,15907.8896
2023-11-24,15983.8203
2023-11-27,15930.8896
2023-11-28,15929.1504
2023-11-29,15962.9902
2023-11-30,16088.8398
2023-12-01,16263.7500
2023-12-04,16232.8203
2023-12-05,16123.0400
2023-12-06,16092.3701
2023-12-07,16136.8496
2023-12-08,16207.7598
2023-12-11,16274.4404
2023-12-12,16285.9404
2023-12-13,16560.7109
2023-12-14,16723.9199
2023-12-15,16609.8398
2023-12-18,16656.7598
2023-12-19,16798.4004
2023-12-20,16534.7207
2023-12-21,16724.9199
2023-12-22,16770.4492
2023-12-26,16859.4902
2023-12-27,16898.3398
2023-12-28,16890.5801
2023-12-29,16852.8906
2024-01-02,16841.6191
2024-01-03,16718.6504
2024-01-04,16715.7109
2024-01-05,16758.2402
2024-01-08,16885.3691
2024-01-09,16773.0703
2024-01-10,16818.8809
2024-01-11,16781.1191
2024-01-12,16799.5391
2024-01-16,16639.3809
2024-01-17,16522.8301
2024-01-18,16616.2891
2024-01-19,16729.5508
2024-01-22,16779.4902
2024-01-23,16800.8594
2024-01-24,16769.2500
2024-01-25,16889.5195
2024-01-26,16949.1094
2024-01-29,17040.5996
2024-01-30,17089.4609
2024-01-31,16911.1309
2024-02-01,17115.5801
2024-02-02,17101.9707
2024-02-05,17004.7793
2024-02-06,17135.4805
2024-02-07,17212.3203
2024-02-08,17252.3203
2024-02-09,17275.8691
2024-02-12,17332.4609
2024-02-13,17068.5391
2024-02-14,17240.1895
2024-02-15,17434.9297
2024-02-16,17409.3008
2024-02-20,17340.1699
2024-02-21,17382.6797
2024-02-22,17565.0703
2024-02-23,17616.0195
2024-02-26,17566.6094
2024-02-27,17598.3203
2024-02-28,17573.6895
2024-02-29,17607.4297
2024-03-01,17728.2695
2024-03-04,17748.6992
2024-03-05,17669.4902
2024-03-06,17801.0391
2024-03-07,17927.6191
2024-03-08,17889.6191
2024-03-11,17863.6895
2024-03-12,17974.0605
2024-03-13,18018.6309
2024-03-14,17886.2695
2024-03-15,17848.0801
2024-03-18,17882.3105
2024-03-19,17975.7891
2024-03-20,18130.0801
2024-03-21,18214.1191
2024-03-22,18112.0391
2024-03-25,18077.1504
2024-03-26,18059.1895
2024-03-27,18255.2402
2024-03-28,18312.6699
2024-04-01,18216.1895
2024-04-02,18107.5293
2024-04-03,18146.6406
2024-04-04,17982.4902
2024-04-05,18122.2598
2024-04-08,18154.3691
2024-04-09,18171.1992
2024-04-10,17947.3008
2024-04-11,17915.1992
2024-04-12,17639.0391
2024-04-15,17506.9297
2024-04-16,17413.9805
2024-04-17,17403.4395
2024-04-18,17388.0898
2024-04-19,17458.7695
2024-04-22,17602.1895
2024-04-23,17792.7598
2024-04-24,17758.0801
2024-04-25,17731.5605
2024-04-26,17763.2695
2024-04-29,17831.0703
2024-04-30,17603.3398
2024-05-01,17576.3906
2024-05-02,17699.0508
2024-05-03,17797.8906
2024-05-06,17963.8398
2024-05-07,17994.2695
2024-05-08,17996.0293
2024-05-09,18127.2109
2024-05-10,18162.0508
2024-05-13,18133.9492
2024-05-14,18220.8105
2024-05-15,18378.4902
2024-05-16,18317.3809
2024-05-17,18388.2598
2024-05-20,18335.6191
2024-05-21,18337.9102
2024-05-22,18236.6406
2024-05-23,18028.4707
2024-05-24,18110.5996
2024-05-28,18007.0098
2024-05-29,17794.8906
2024-05-30,17852.3594
2024-05-31,18083.6895
2024-06-03,18006.9609
2024-06-04,17934.4902
2024-06-05,18045.5000
2024-06-06,18066.5703
2024-06-07,17985.6309
2024-06-10,18037.5293
2024-06-11,17919.1094
2024-06-12,18005.9492
2024-06-13,17923.4102
2024-06-14,17817.2598
2024-06-17,17902.2500
2024-06-18,17967.8496
2024-06-20,18015.9492
2024-06-21,17995.6895
2024-06-24,18126.6895
2024-06-25,18051.0000
2024-06-26,17993.7891
2024-06-27,18009.0898
2024-06-28,18026.5000
2024-07-01,17957.0508
2024-07-02,18028.1699
2024-07-03,18091.6504
2024-07-05,18098.9004
2024-07-08,18087.8691
2024-07-09,18048.5801
2024-07-10,18215.1797
2024-07-11,18379.7402
2024-07-12,18505.9199
2024-07-15,18525.0898
2024-07-16,18781.2207
2024-07-17,18712.4805
2024-07-18,18513.7402
2024-07-19,18406.0508
2024-07-22,18539.1406
2024-07-23,18518.3398
2024-07-24,18308.4199
2024-07-25,18344.4609
2024-07-26,18564.4805
2024-07-29,18539.3691
2024-07-30,18580.5801
2024-07-31,18710.0098
2024-08-01,18493.2305
2024-08-02,18162.2598
2024-08-05,17725.1797
2024-08-06,17922.5508
2024-08-07,17838.8105
2024-08-08,18186.1191
2024-08-09,18267.1504
2024-08-12,18206.3906
2024-08-13,18402.3105
2024-08-14,18498.0898
2024-08-15,18706.5195
2024-08-16,18753.7695
2024-08-19,18882.0391
2024-08-20,18802.2402
2024-08-21,18902.5000
2024-08-22,18850.8496
2024-08-23,19093.4805
2024-08-26,19100.4004
2024-08-27,19119.3105
2024-08-28,19064.4297
2024-08-29,19149.5391
2024-08-30,19292.2305
2024-09-03,19017.4199
2024-09-04,19001.9199
2024-09-05,18878.0195
2024-09-06,18663.1406
2024-09-09,18859.6895
2024-09-10,18822.2207
2024-09-11,18866.6309
2024-09-12,18987.9004
2024-09-13,19121.5000
2024-09-16,19256.3809
2024-09-17,19225.7793
2024-09-18,19195.5605
2024-09-19,19432.4199
2024-09-20,19373.7402
2024-09-23,19445.4297
2024-09-24,19506.5508
2024-09-25,19381.1797
2024-09-26,19501.7207
2024-09-27,19501.2207
2024-09-30,19516.4395
2024-10-01,19473.9297
2024-10-02,19481.7891
2024-10-03,19387.6797
2024-10-04,19538.6797
2024-10-07,19432.3008
2024-10-08,19435.0293
2024-10-09,19547.0898
2024-10-10,19496.0098
2024-10-11,19711.2207
2024-10-14,19814.5508
2024-10-15,19678.7109
2024-10-16,19825.4902
2024-10-17,19855.2598
2024-10-18,19884.8105
2024-10-21,19720.3203
2024-10-22,19664.5801
2024-10-23,19594.2402
2024-10-24,19560.7305
2024-10-25,19456.2695
2024-10-28,19549.6699
2024-10-29,19456.6895
2024-10-30,19416.2695
2024-10-31,19238.9492
2024-11-01,19253.5391
2024-11-04,19243.3906
2024-11-05,19463.7891
2024-11-06,19828.0000
2024-11-07,19876.0996
2024-11-08,19937.1309
2024-11-11,20015.8691
2024-11-12,19853.2891
2024-11-13,19845.4199
2024-11-14,19733.5801
2024-11-15,19645.7695
2024-11-18,19718.4199
2024-11-19,19718.2500
2024-11-20,19749.1309
2024-11-21,19968.3008
2024-11-22,20123.4492
2024-11-25,20220.3594
2024-11-26,20219.4492
2024-11-27,20209.8203
2024-11-29,20272.0391
2024-12-02,20213.2207
2024-12-03,20185.8105
2024-12-04,20188.5996
2024-12-05,20157.4395
2024-12-06,20107.7891
2024-12-09,20006.2598
2024-12-10,19881.9004
2024-12-11,19891.0293
2024-12-12,19769.0898
2024-12-13,19729.3691
2024-12-16,19627.6797
2024-12-17,19517.6094
2024-12-18,18986.9609
2024-12-19,18958.2109
2024-12-20,19119.4395
2024-12-23,19207.1094
2024-12-24,19341.4805
2024-12-26,19364.5000
2024-12-27,19238.4805
2024-12-30,19077.9297
2024-12-31,19097.0996
2025-01-02,19095.4199
2025-01-03,19254.2891
2025-01-06,19261.4199
2025-01-07,19213.8809
2025-01-08,19240.7402
2025-01-10,18963.0098
2025-01-13,19047.3301
2025-01-14,19176.6504
2025-01-15,19422.7109
2025-01-16,19548.6309
2025-01-17,19607.3691
2025-01-21,19893.5898
2025-01-22,19827.6191
2025-01-23,19978.7793
2025-01-24,19997.4707
2025-01-27,19980.0000
2025-01-28,19970.6309
2025-01-29,19927.4707
2025-01-30,20166.2207
2025-01-31,19998.8203
2025-02-03,19870.3301
2025-02-04,19964.6094
2025-02-05,20128.8906
2025-02-06,20157.5801
2025-02-07,20039.4805
2025-02-10,20117.8809
2025-02-11,20168.2109
2025-02-12,20062.3105
2025-02-13,20181.2891
2025-02-14,20130.4902
2025-02-18,20240.3906
2025-02-19,20228.1992
2025-02-20,20149.8496
2025-02-21,19881.5293
2025-02-24,19859.1992
2025-02-25,19924.0508
2025-02-26,19932.8496
2025-02-27,19808.1504
2025-02-28,20028.1895
2025-03-03,19823.4805
2025-03-04,19495.5605
2025-03-05,19754.5703
2025-03-06,19506.3398
2025-03-07,19573.0605
2025-03-10,19202.3809
2025-03-11,19052.1309
2025-03-12,19051.6406
2025-03-13,18875.5293
2025-03-14,19231.3496
2025-03-17,19494.7109
2025-03-18,19421.5801
2025-03-19,19581.3203
2025-03-20,19537.2695
2025-03-21,19454.3008
2025-03-24,19704.2109
2025-03-25,19678.4395
2025-03-26,19585.8301
2025-03-27,19534.7207
2025-03-28,19270.3008
2025-03-31,19395.8594
2025-04-01,19398.2793
2025-04-02,19532.7402
2025-04-03,18767.1895
2025-04-04,17618.6094
2025-04-07,17438.6406
2025-04-08,17188.4609
2025-04-09,18398.4805
2025-04-10,17890.5703
2025-04-11,18219.6504
2025-04-14,18432.2500
2025-04-15,18430.0391
2025-04-16,18245.6504
2025-04-17,18367.1191
2025-04-21,18032.3691
2025-04-22,18455.1406
2025-04-23,18631.0898
2025-04-24,18895.4102
2025-04-25,18899.8008
2025-04-28,18971.7305
2025-04-29,19089.2109
2025-04-30,19114.2402
2025-05-01,19049.8398
2025-05-02,19386.6797
2025-05-05,19303.2305
2025-05-06,19182.1602
2025-05-07,19262.3809
2025-05-08,19314.1797
2025-05-09,19319.1992
2025-05-12,19711.5508
2025-05-13,19723.3809
2025-05-14,19628.4609
2025-05-15,19784.6895
2025-05-16,19934.0605
2025-05-19,19975.0898
2025-05-20,19942.2109
2025-05-21,19607.8105
2025-05-22,19564.7109
2025-05-23,19534.8398
2025-05-27,19829.8906
2025-05-28,19678.9395
2025-05-29,19743.8496
2025-05-30,19783.8105
2025-06-02,19834.7695
2025-06-03,19912.3809
2025-06-04,19887.3203
2025-06-05,19883.2891
2025-06-06,20045.3594
2025-06-09,20034.4609
2025-06-10,20114.8105
2025-06-11,20119.0898
2025-06-12,20199.4902
2025-06-13,19981.0703
2025-06-16,20087.9609
2025-06-17,19918.2793
2025-06-18,19901.1309
2025-06-20,19868.3594
2025-06-23,20008.1797
2025-06-24,20217.3398
2025-06-25,20087.4492
2025-06-26,20256.1992
2025-06-27,20338.4102
2025-06-30,20429.5508
2025-07-01,20541.3691
2025-07-02,20596.9297
2025-07-03,20725.7891
2025-07-07,20545.5996
2025-07-08,20541.9609
2025-07-09,20608.2305
2025-07-10,20678.1094
2025-07-11,20547.6699
2025-07-14,20581.4492
2025-07-15,20374.3809
2025-07-16,20485.7402
2025-07-17,20589.5195
2025-07-18,20541.5605
2025-07-21,20514.4707
2025-07-22,20658.7891
2025-07-23,20921.8398
2025-07-24,20853.4199
2025-07-25,20950.4492
2025-07-28,20821.2793
2025-07-29,20761.5605
2025-07-30,20630.8809
2025-07-31,20458.4395
2025-08-01,20267.6895
2025-08-04,20488.8594
2025-08-05,20457.0996
2025-08-06,20489.0508
2025-08-07,20465.7500
2025-08-08,20524.2402
2025-08-11,20483.1602
2025-08-12,20709.7305
2025-08-13,20867.6699
2025-08-14,20808.4297
2025-08-15,20802.6797
2025-08-18,20816.2402
2025-08-19,20820.6602
2025-08-20,20865.5508
2025-08-21,20818.5996
2025-08-22,21150.1094
2025-08-25,21000.5605
2025-08-26,21082.5605
2025-08-27,21132.4297
2025-08-28,21165.0508
2025-08-29,21151.4707
2025-09-02,21044.8691
2025-09-03,21008.1094
2025-09-04,21157.9297
2025-09-05,21136.0391
2025-09-08,21173.6406
2025-09-09,21193.1094
2025-09-10,21294.5703
2025-09-11,21533.6406
2025-09-12,21374.3203
2025-09-15,21394.5898
2025-09-16,21375.1895
2025-09-17,21439.9004
2025-09-18,21504.3496
2025-09-19,21493.9707
2025-09-22,21542.4707
2025-09-23,21548.2207
2025-09-24,21483.4805
2025-09-25,21336.9902
2025-09-26,21477.5098
2025-09-29,21497.5508
2025-09-30,21564.5391
2025-10-01,21640.0000
2025-10-02,21607.9707
2025-10-03,21725.4004
2025-10-06,21765.0000
2025-10-07,21663.0996
2025-10-08,21725.8105
2025-10-09,21548.2598
2025-10-10,21096.9199
2025-10-13,21381.7891
2025-10-14,21500.2500
2025-10-15,21570.9199
2025-10-16,21376.9609
2025-10-17,21411.4492
2025-10-20,21598.1699
2025-10-21,21571.1602
2025-10-22,21514.7109
2025-10-23,21623.8203
2025-10-24,21698.0605
2025-10-27,21789.6309
2025-10-28,21689.5508
2025-10-29,21525.9297
2025-10-30,21451.0000
2025-10-31,21459.5801
2025-11-03,21416.5898
2025-11-04,21282.7109
2025-11-05,21361.5703
2025-11-06,21288.4395
2025-11-07,21408.5605
2025-11-10,21566.4102
2025-11-11,21716.7305
2025-11-12,21807.3301
2025-11-13,21534.4004
2025-11-14,21470.2598
2025-11-17,21213.4199
2025-11-18,21172.5898
2025-11-19,21168.2793
2025-11-20,20912.8906
2025-11-21,21176.9805
2025-11-24,21271.5996
2025-11-25,21551.7305
2025-11-26,21713.1309
2025-11-28,21824.6699
2025-12-01,21666.4707
2025-12-02,21650.4805
2025-12-03,21805.4102
2025-12-04,21835.7891
2025-12-05,21810.0703
2025-12-08,21703.1992
2025-12-09,21654.7793
2025-12-10,21933.3105
2025-12-11,22114.4199
2025-12-12,22004.3496
2025-12-15,22030.0195
2025-12-16,21842.0801
2025-12-17,21756.0195
2025-12-18,21807.8691
2025-12-19,21923.9297
2025-12-22,22111.3105
2025-12-23,22151.7207
2025-12-24,22229.1094
2025-12-26,22246.5605
2025-12-29,22165.9492
2025-12-30,22148.0801
2025-12-31,22003.9297
2026-01-02,22233.8906
2026-01-05,22432.0996
2026-01-06,22570.8203
2026-01-07,22341.2305
2026-01-08,22485.6504
2026-01-09,22591.7305
2026-01-12,22695.9297
2026-01-13,22655.4395
2026-01-14,22721.2305
2026-01-15,22808.8105
2026-01-16,22807.0703
2026-01-20,22473.2109
2026-01-21,22726.5000
2026-01-22,22797.1699
2026-01-23,22757.1602
2026-01-26,22829.1406
2026-01-27,22878.2207
2026-01-28,22800.0996
2026-01-29,22875.4609
2026-01-30,22719.3301
2026-02-02,22885.6504
2026-02-03,22881.2109
2026-02-04,22975.5898
2026-02-05,22733.3203
2026-02-06,23252.8105
2026-02-09,23340.7402
2026-02-10,23398.1094
2026-02-11,23479.7305
2026-02-12,23188.8203
2026-02-13,23326.0898
2026-02-17,23300.7793
2026-02-18,23387.4902
2026-02-19,23358.2695
2026-02-20,23452.5996
2026-02-23,23214.8906
2026-02-24,23383.8301
2026-02-25,23452.7402
2026-02-26,23524.8398
2026-02-27,23494.4395
2026-03-02,23413.0996
2026-03-03,22998.2305
2026-03-04,23086.2793
2026-03-05,22789.5508
2026-03-06,22518.0703
2026-03-09,22620.7695
2026-03-10,22546.6797
2026-03-11,22487.6191
2026-03-12,22118.6992
2026-03-13,22050.9395
2026-03-16,22258.5801
2026-03-17,22315.5391
2026-03-18,21996.5996
2026-03-19,21941.0293
2026-03-20,21616.7305
2026-03-23,21910.7695
2026-03-24,21971.3008
2026-03-25,22127.6191
2026-03-26,21843.9707
2026-03-27,21632.5000
2026-03-30,21581.6504
2026-03-31,22089.4297
2026-04-01,22180.7207
2026-04-02,22193.8594
2026-04-06,22254.7207
2026-04-07,22249.6309
2026-04-08,22798.0508
2026-04-09,22830.7207
2026-04-10,22734.5000
2026-04-13,22940.9805
2026-04-14,23016.3809
2026-04-15,22955.5703
2026-04-16,22955.5898
2026-04-17,23197.7402
2026-04-20,23178.3496
2026-04-21,22951.9707
2026-04-22,23001.7793
2026-04-23,22952.7402
2026-04-24,22934.5508
2026-04-27,22905.4609
2026-04-28,22835.5898
2026-04-29,22751.5098
2026-04-30,23144.6406
2026-05-01,23041.1504
2026-05-04,22893.4609
2026-05-05,23008.6699
2026-05-06,23284.3906
2026-05-07,23011.3105
2026-05-08,22942.1504
2026-05-11,22970.7695
2026-05-12,23015.3398
2026-05-13,22973.5508
2026-05-14,23101.8496
2026-05-15,22799.4297
2026-05-18,22900.5703
2026-05-19,22797.6699
2026-05-20,23021.7402
2026-05-21,23127.6895
2026-05-22,23225.7500
2026-05-26,23295.5000
2026-05-27,23267.0703
2026-05-28,23302.2598
2026-05-29,23292.1699
2026-06-01,23335.1602
2026-06-02,23480.9199
2026-06-03,23276.4902
2026-06-04,23572.7695
2026-06-05,23256.5000
2026-06-08,23224.1992
2026-06-09,23381.0898
2026-06-10,23080.8301
2026-06-11,23412.8906
2026-06-12,23595.7891
2026-06-15,23673.6602
2026-06-16,23704.0293
2026-06-17,23469.7598
2026-06-18,23499.7402
2026-06-22,23596.2207
2026-06-23,23463.6309
2026-06-24,23493.5508
2026-06-25,23610.7305
2026-06-26,23689.2305
2026-06-29,23802.7109
2026-06-30,23834.2305
2026-07-01,23737.1797
2026-07-02,23957.0801
2026-07-06,24075.1191
2026-07-07,24016.9609
2026-07-08,23790.5996
2026-07-09,23876.8398
2026-07-10,23925.0703
2026-07-13,23896.0508
2026-07-14,23846.5996
2026-07-15,23872.5293
2026-07-16,23952.2695
2026-07-17,23816.9707
2026-07-20,23669.6504
2026-07-21,23890.1797
2026-07-22,23919.7109
2026-07-23,23874.2695
2026-07-24,23990.8809
2026-07-27,24098.8203
2026-07-28,24229.6699
2026-07-29,23944.9707
2026-07-30,24138.2891
2026-07-31,24107.5391
2026-08-03,24255.5293
2026-08-04,24462.8691
2026-08-05,24513.8105
2026-08-06,24484.0605
2026-08-07,24595.2402
2026-08-10,24667.8906
2026-08-11,24685.5703
2026-08-12,24758.6191
2026-08-13,24809.6504
2026-08-14,24821.6797
2026-08-17,24717.8105
2026-08-18,24629.1406
2026-08-19,24707.2695
2026-08-20,24548.2598
2026-08-21,24728.6699
2026-08-24,24726.6406
2026-08-25,24768.6504
2026-08-26,24742.0703
2026-08-27,24649.0195
2026-08-28,24585.1797
2026-08-31,24461.9395
2026-09-01,24349.2793
2026-09-02,24495.5508
2026-09-03,24720.1504
2026-09-04,24639.2500
2026-09-08,24473.0605
2026-09-09,24311.1504
2026-09-10,24140.6445
