d,o,h,l,c
2015-10-01,4.080625,4.105625,3.976250,4.103125
2015-10-02,3.992500,4.250625,3.966875,4.246875
2015-10-05,4.308125,4.393750,4.293125,4.372500
2015-10-06,4.352500,4.378750,4.261875,4.331250
2015-10-07,4.383125,4.400000,4.270625,4.380000
2015-10-08,4.346250,4.430000,4.263125,4.415000
2015-10-09,4.421250,4.472500,4.396250,4.451875
2015-10-12,4.473750,4.492500,4.441250,4.477500
2015-10-13,4.423750,4.515625,4.410625,4.415625
2015-10-14,4.418125,4.462500,4.366875,4.405625
2015-10-15,4.437500,4.550000,4.425000,4.550000
2015-10-16,4.566875,4.591875,4.525625,4.590000
2015-10-19,4.574375,4.645625,4.555000,4.641875
2015-10-20,4.626250,4.641875,4.562500,4.593750
2015-10-21,4.634375,4.646750,4.531875,4.535625
2015-10-22,4.614375,4.726875,4.591250,4.721250
2015-10-23,4.970000,5.022500,4.923750,4.985000
2015-10-26,4.974375,5.009375,4.940000,4.992500
2015-10-27,4.962500,5.024375,4.962500,5.009375
2015-10-28,5.030000,5.093750,4.947500,5.093750
2015-10-29,5.044375,5.094375,5.036250,5.078125
2015-10-30,5.081250,5.099375,5.031250,5.033750
2015-11-02,5.060625,5.156250,5.037500,5.148750
2015-11-03,5.125000,5.216250,5.110000,5.183125
2015-11-04,5.215000,5.221250,5.139375,5.184375
2015-11-05,5.187500,5.215625,5.100000,5.149375
2015-11-06,5.131250,5.173125,5.068125,5.161875
2015-11-09,5.121875,5.134375,4.986875,5.052500
2015-11-10,4.996875,5.033750,4.966875,5.021875
2015-11-11,5.053125,5.099375,4.995063,5.011875
2015-11-12,4.968750,5.017494,4.907500,4.913125
2015-11-13,4.873750,4.883125,4.715625,4.721875
2015-11-16,4.710625,4.858363,4.691875,4.856250
2015-11-17,4.875000,4.932500,4.837187,4.862500
2015-11-18,4.900625,5.058438,4.891250,5.046250
2015-11-19,5.053125,5.101875,5.038125,5.055000
2015-11-20,5.101875,5.131312,5.093131,5.121875
2015-11-23,5.124375,5.165000,5.051250,5.094375
2015-11-24,5.027500,5.108750,4.977500,5.088125
2015-11-25,5.098125,5.112500,5.073125,5.093125
2015-11-27,5.113750,5.128625,5.075006,5.109375
2015-11-30,5.134375,5.137500,5.048750,5.081875
2015-12-01,5.120625,5.183750,5.109375,5.183750
2015-12-02,5.191250,5.235625,5.103750,5.122500
2015-12-03,5.146250,5.161875,4.885000,4.946250
2015-12-04,4.971250,5.192500,4.955000,5.174375
2015-12-07,5.180625,5.185625,5.080625,5.130000
2015-12-08,5.023750,5.161875,5.017500,5.131875
2015-12-09,5.084375,5.139375,4.912500,4.975000
2015-12-10,4.997500,5.083750,4.966250,5.018125
2015-12-11,4.903750,4.926250,4.780000,4.789375
2015-12-14,4.804375,4.863750,4.665000,4.863750
2015-12-15,4.944375,5.002500,4.905625,4.920000
2015-12-16,4.982500,5.078750,4.877500,5.058125
2015-12-17,5.109375,5.109375,4.915000,4.918125
2015-12-18,4.880000,4.904375,4.730000,4.735625
2015-12-21,4.815000,4.833750,4.746875,4.833125
2015-12-22,4.879375,4.905625,4.830000,4.893125
2015-12-23,4.941250,4.970556,4.925625,4.966875
2015-12-24,4.962500,4.990563,4.957500,4.963125
2015-12-28,4.938125,4.956250,4.866250,4.953750
2015-12-29,5.013750,5.132500,5.011250,5.109375
2015-12-30,5.100000,5.105625,5.018750,5.021250
2015-12-31,4.981250,5.000625,4.893750,4.897500
2016-01-04,4.678750,4.696250,4.567500,4.693125
2016-01-05,4.730000,4.746250,4.628125,4.668125
2016-01-06,4.508750,4.633750,4.508750,4.583750
2016-01-07,4.386875,4.500000,4.290625,4.298125
2016-01-08,4.364375,4.410000,4.215100,4.223125
2016-01-11,4.284375,4.307500,4.121875,4.253125
2016-01-12,4.331250,4.391250,4.226938,4.351875
2016-01-13,4.381875,4.402500,4.033750,4.048750
2016-01-14,4.080625,4.290625,3.949375,4.218750
2016-01-15,3.935625,4.045625,3.850000,3.957500
2016-01-19,4.065625,4.075750,3.880638,3.974375
2016-01-20,3.853750,4.033750,3.675000,3.951875
2016-01-21,3.980000,4.074375,3.876875,3.961250
2016-01-22,4.109375,4.188750,4.088750,4.186875
2016-01-25,4.161875,4.202500,4.054375,4.065000
2016-01-26,4.093125,4.167500,4.025625,4.136875
2016-01-27,4.087500,4.120625,3.894375,3.929375
2016-01-28,4.054375,4.061375,3.903437,4.038125
2016-01-29,4.038125,4.209375,4.033750,4.207500
2016-02-01,4.164375,4.261250,4.135000,4.224375
2016-02-02,4.190625,4.193125,4.021250,4.045625
2016-02-03,4.097500,4.097506,3.868125,4.008750
2016-02-04,3.985625,4.068750,3.911875,4.007500
2016-02-05,3.976875,3.976875,3.696875,3.726250
2016-02-08,3.589375,3.644375,3.476875,3.613125
2016-02-09,3.515625,3.698125,3.505000,3.588750
2016-02-10,3.676875,3.765625,3.612500,3.619375
2016-02-11,3.524375,3.663750,3.505006,3.612500
2016-02-12,3.689375,3.723125,3.620000,3.716250
2016-02-16,3.823125,3.878125,3.779375,3.878125
2016-02-17,3.942500,4.070625,3.920625,4.058750
2016-02-18,4.080000,4.084375,3.955625,3.968750
2016-02-19,3.933125,4.014100,3.911250,3.991875
2016-02-22,4.065000,4.126906,4.056875,4.120000
2016-02-23,4.070000,4.093750,3.978750,3.984375
2016-02-24,3.892500,4.068750,3.841875,4.060625
2016-02-25,4.078125,4.138125,4.003750,4.138125
2016-02-26,4.198750,4.203750,4.110000,4.128750
2016-02-29,4.121250,4.181875,4.055000,4.055000
2016-03-01,4.128125,4.315625,4.107500,4.313125
2016-03-02,4.303750,4.318750,4.251250,4.317500
2016-03-03,4.308750,4.312500,4.241250,4.302500
2016-03-04,4.308750,4.360581,4.250000,4.306250
2016-03-07,4.261875,4.310625,4.190625,4.254375
2016-03-08,4.191250,4.266250,4.165625,4.180000
2016-03-09,4.216875,4.235625,4.166250,4.235000
2016-03-10,4.275000,4.318125,4.115625,4.224375
2016-03-11,4.315625,4.368750,4.286875,4.368750
2016-03-14,4.335625,4.404375,4.335000,4.381875
2016-03-15,4.350000,4.388125,4.325000,4.380000
2016-03-16,4.356875,4.480625,4.356875,4.457500
2016-03-17,4.429375,4.472500,4.399375,4.452500
2016-03-18,4.472500,4.488750,4.421250,4.469375
2016-03-21,4.451250,4.506875,4.445000,4.501875
2016-03-22,4.447500,4.548125,4.447500,4.526875
2016-03-23,4.506875,4.510000,4.431250,4.448125
2016-03-24,4.401250,4.453125,4.390000,4.450625
2016-03-28,4.476875,4.476875,4.422500,4.439375
2016-03-29,4.421875,4.585625,4.406250,4.575625
2016-03-30,4.633125,4.681125,4.605625,4.626875
2016-03-31,4.621875,4.651250,4.596875,4.612500
2016-04-01,4.555000,4.711875,4.542550,4.707500
2016-04-04,4.705000,4.713625,4.651875,4.670000
2016-04-05,4.598125,4.634375,4.571250,4.585625
2016-04-06,4.591250,4.734375,4.591250,4.733125
2016-04-07,4.680000,4.693750,4.556875,4.590625
2016-04-08,4.653125,4.675000,4.557500,4.590625
2016-04-11,4.630000,4.673750,4.553756,4.555000
2016-04-12,4.558750,4.648125,4.505000,4.633125
2016-04-13,4.702500,4.763744,4.690625,4.750625
2016-04-14,4.752500,4.784375,4.725000,4.750000
2016-04-15,4.741250,4.761250,4.702494,4.725000
2016-04-18,4.698750,4.777500,4.693125,4.775000
2016-04-19,4.786875,4.804931,4.665000,4.716250
2016-04-20,4.715625,4.767500,4.685000,4.721875
2016-04-21,4.721875,4.758125,4.684375,4.724375
2016-04-22,4.605625,4.645000,4.511644,4.583750
2016-04-25,4.553125,4.583125,4.538125,4.583125
2016-04-26,4.600000,4.616250,4.510625,4.541250
2016-04-27,4.445000,4.485000,4.391250,4.463125
2016-04-28,4.474375,4.527500,4.336875,4.359375
2016-04-29,4.351875,4.373125,4.244375,4.310000
2016-05-02,4.326875,4.403125,4.297500,4.390000
2016-05-03,4.328125,4.367500,4.287500,4.310625
2016-05-04,4.260000,4.288750,4.233581,4.254375
2016-05-05,4.281250,4.302500,4.235625,4.253750
2016-05-06,4.214375,4.297500,4.201250,4.297500
2016-05-09,4.295625,4.359375,4.293125,4.320000
2016-05-10,4.353125,4.443125,4.336250,4.438750
2016-05-11,4.425625,4.451875,4.355625,4.360000
2016-05-12,4.382500,4.387500,4.258750,4.320000
2016-05-13,4.313750,4.364375,4.271875,4.290000
2016-05-16,4.300000,4.425625,4.292500,4.393750
2016-05-17,4.387500,4.411250,4.260625,4.285000
2016-05-18,4.266875,4.361250,4.247500,4.315000
2016-05-19,4.281875,4.300000,4.206875,4.271250
2016-05-20,4.305000,4.397588,4.298125,4.361250
2016-05-23,4.368125,4.404369,4.343750,4.349375
2016-05-24,4.396875,4.535625,4.396875,4.526875
2016-05-25,4.559375,4.617625,4.545000,4.591875
2016-05-26,4.605000,4.628975,4.578125,4.617500
2016-05-27,4.623125,4.666250,4.621875,4.665000
2016-05-31,4.680000,4.696875,4.636875,4.683750
2016-06-01,4.651875,4.704600,4.648125,4.681250
2016-06-02,4.663125,4.703750,4.613750,4.703750
2016-06-03,4.684375,4.687500,4.598125,4.657500
2016-06-06,4.675625,4.715625,4.659375,4.689375
2016-06-07,4.696250,4.705625,4.663750,4.670625
2016-06-08,4.678750,4.702500,4.650625,4.683125
2016-06-09,4.648750,4.678125,4.628125,4.666875
2016-06-10,4.582500,4.600625,4.530625,4.562500
2016-06-13,4.511875,4.560000,4.475000,4.483125
2016-06-14,4.466875,4.516875,4.420000,4.487500
2016-06-15,4.507500,4.517500,4.446875,4.460000
2016-06-16,4.415000,4.491875,4.359375,4.486875
2016-06-17,4.468750,4.468750,4.360000,4.383125
2016-06-20,4.484375,4.523325,4.428838,4.433750
2016-06-21,4.450000,4.479375,4.430625,4.462500
2016-06-22,4.466250,4.516250,4.431250,4.438125
2016-06-23,4.506250,4.565625,4.470625,4.563125
2016-06-24,4.235000,4.374375,4.171875,4.192500
2016-06-27,4.137500,4.137500,3.986250,4.030625
2016-06-28,4.110625,4.201875,4.109138,4.200000
2016-06-29,4.262500,4.363750,4.261250,4.346875
2016-06-30,4.363125,4.453125,4.332500,4.447500
2016-07-01,4.446250,4.525000,4.441875,4.491875
2016-07-05,4.449375,4.455000,4.390000,4.435625
2016-07-06,4.395625,4.512606,4.367500,4.507500
2016-07-07,4.515625,4.555625,4.494306,4.536250
2016-07-08,4.581250,4.680625,4.569375,4.676250
2016-07-11,4.705000,4.763125,4.705000,4.731250
2016-07-12,4.787500,4.800625,4.766000,4.776250
2016-07-13,4.801875,4.803125,4.753125,4.755625
2016-07-14,4.815625,4.835000,4.794375,4.815625
2016-07-15,4.838750,4.845000,4.781250,4.801875
2016-07-18,4.806250,4.881250,4.806250,4.865625
2016-07-19,4.833750,4.858875,4.813125,4.829375
2016-07-20,4.883750,4.960687,4.871250,4.943125
2016-07-21,4.950625,4.967500,4.893125,4.921250
2016-07-22,4.926875,4.971250,4.898125,4.960000
2016-07-25,4.948750,4.962500,4.928125,4.962500
2016-07-26,4.958125,5.008125,4.922500,4.975000
2016-07-27,5.055625,5.066250,4.998131,5.038750
2016-07-28,5.056875,5.088125,5.025000,5.077500
2016-07-29,5.098125,5.124375,5.066556,5.096875
2016-08-01,5.104375,5.176250,5.092550,5.150000
2016-08-02,5.136250,5.141875,5.006875,5.071875
2016-08-03,5.063125,5.107500,5.060000,5.107500
2016-08-04,5.105625,5.144375,5.078750,5.135625
2016-08-05,5.189375,5.255625,5.176250,5.233125
2016-08-08,5.237500,5.241250,5.188125,5.223125
2016-08-09,5.228125,5.276637,5.223125,5.246875
2016-08-10,5.250000,5.255000,5.191875,5.220000
2016-08-11,5.252500,5.285625,5.232513,5.263750
2016-08-12,5.244375,5.270625,5.233125,5.270625
2016-08-15,5.282500,5.338125,5.281250,5.315625
2016-08-16,5.293750,5.295625,5.253750,5.257500
2016-08-17,5.258125,5.276250,5.200000,5.273125
2016-08-18,5.266250,5.289375,5.245625,5.278125
2016-08-19,5.260625,5.296250,5.230625,5.273750
2016-08-22,5.256250,5.298125,5.239375,5.280000
2016-08-23,5.318750,5.340625,5.295625,5.298125
2016-08-24,5.293125,5.306250,5.196875,5.228750
2016-08-25,5.202500,5.245000,5.190625,5.211250
2016-08-26,5.217500,5.295000,5.166875,5.227500
2016-08-29,5.231250,5.270625,5.230625,5.242500
2016-08-30,5.225000,5.254375,5.172500,5.208125
2016-08-31,5.191250,5.207287,5.153575,5.194375
2016-09-01,5.201250,5.234813,5.150000,5.221250
2016-09-02,5.273125,5.296250,5.217500,5.254375
2016-09-06,5.272500,5.321875,5.252500,5.320625
2016-09-07,5.330000,5.345625,5.288125,5.329375
2016-09-08,5.296250,5.298750,5.239375,5.265000
2016-09-09,5.176250,5.200625,4.998125,4.998125
2016-09-12,4.945000,5.192500,4.942500,5.175000
2016-09-13,5.125000,5.156363,5.038125,5.086250
2016-09-14,5.097500,5.190000,5.096250,5.137500
2016-09-15,5.140000,5.307500,5.135625,5.296250
2016-09-16,5.282500,5.298750,5.238750,5.289375
2016-09-19,5.314375,5.348625,5.221875,5.241875
2016-09-20,5.278750,5.303750,5.243188,5.261250
2016-09-21,5.303750,5.378125,5.244438,5.363125
2016-09-22,5.428750,5.461875,5.416875,5.450625
2016-09-23,5.433125,5.435000,5.365625,5.379375
2016-09-26,5.320000,5.331875,5.275000,5.290625
2016-09-27,5.286875,5.398125,5.274375,5.393125
2016-09-28,5.405000,5.418750,5.357500,5.413750
2016-09-29,5.395625,5.414050,5.287569,5.331875
2016-09-30,5.361875,5.444375,5.350000,5.408750
2016-10-03,5.393750,5.409375,5.355625,5.395625
2016-10-04,5.423750,5.451875,5.339375,5.381250
2016-10-05,5.407500,5.451875,5.406250,5.416875
2016-10-06,5.403750,5.431875,5.360625,5.413125
2016-10-07,5.421875,5.435000,5.336250,5.388750
2016-10-10,5.438125,5.478750,5.438125,5.453125
2016-10-11,5.443125,5.447500,5.253119,5.296250
2016-10-12,5.304375,5.326862,5.260069,5.292500
2016-10-13,5.220000,5.281250,5.158131,5.254375
2016-10-14,5.300000,5.345694,5.258125,5.262500
2016-10-17,5.260000,5.276250,5.223975,5.235625
2016-10-18,5.356250,5.376844,5.322500,5.328125
2016-10-19,5.318125,5.341875,5.308750,5.325000
2016-10-20,5.311250,5.335625,5.253125,5.315000
2016-10-21,5.321875,5.359375,5.286875,5.355000
2016-10-24,5.421875,5.488125,5.420625,5.483125
2016-10-25,5.485625,5.489687,5.430000,5.445000
2016-10-26,5.375625,5.431875,5.343125,5.374375
2016-10-27,5.420000,5.425625,5.308750,5.326875
2016-10-28,5.288750,5.348125,5.224437,5.253125
2016-10-31,5.291875,5.294375,5.241875,5.243125
2016-11-01,5.262500,5.264375,5.076875,5.168125
2016-11-02,5.160000,5.181250,5.058750,5.082500
2016-11-03,5.066875,5.100000,4.973125,4.985000
2016-11-04,4.957500,5.025000,4.930000,4.946875
2016-11-07,5.104375,5.193125,5.093750,5.186250
2016-11-08,5.171250,5.297500,5.148013,5.253125
2016-11-09,5.121250,5.315000,5.116875,5.297500
2016-11-10,5.342500,5.361875,4.987500,5.125625
2016-11-11,5.080625,5.151875,5.046875,5.131250
2016-11-14,5.135625,5.141875,4.974375,5.028750
2016-11-15,5.100625,5.199375,5.088750,5.168750
2016-11-16,5.121875,5.233125,5.118756,5.228125
2016-11-17,5.222500,5.304375,5.200625,5.303125
2016-11-18,5.310625,5.333644,5.254375,5.265000
2016-11-21,5.288750,5.380937,5.285000,5.371250
2016-11-22,5.411875,5.431237,5.377500,5.406250
2016-11-23,5.368125,5.380000,5.312500,5.362500
2016-11-25,5.371250,5.398750,5.360387,5.395625
2016-11-28,5.378125,5.419375,5.358750,5.372500
2016-11-29,5.376875,5.458125,5.349931,5.408125
2016-11-30,5.416250,5.423125,5.271250,5.273125
2016-12-01,5.273125,5.273125,5.077494,5.096250
2016-12-02,5.100625,5.153750,5.070625,5.111875
2016-12-05,5.166250,5.231875,5.118750,5.190625
2016-12-06,5.214375,5.234375,5.173750,5.217500
2016-12-07,5.194375,5.360000,5.163750,5.348125
2016-12-08,5.353125,5.393125,5.331250,5.366250
2016-12-09,5.408125,5.454375,5.406250,5.450000
2016-12-12,5.401250,5.423687,5.356250,5.400000
2016-12-13,5.435625,5.595556,5.434375,5.536875
2016-12-14,5.546250,5.585625,5.483125,5.511875
2016-12-15,5.525000,5.595000,5.502500,5.529375
2016-12-16,5.553750,5.571875,5.468125,5.492500
2016-12-19,5.501875,5.601875,5.488125,5.536250
2016-12-20,5.567500,5.596875,5.557500,5.579375
2016-12-21,5.576250,5.581250,5.539375,5.563750
2016-12-22,5.564375,5.565625,5.490000,5.531875
2016-12-23,5.514375,5.541875,5.503125,5.538125
2016-12-27,5.562500,5.659375,5.557500,5.599375
2016-12-28,5.618750,5.628750,5.500000,5.510625
2016-12-29,5.504375,5.529375,5.459375,5.491875
2016-12-30,5.510625,5.512500,5.349281,5.382500
2017-01-03,5.454375,5.516875,5.416875,5.475625
2017-01-04,5.485000,5.553125,5.485000,5.533125
2017-01-05,5.527500,5.602500,5.527500,5.595000
2017-01-06,5.606250,5.722500,5.578750,5.693125
2017-01-09,5.699375,5.750625,5.695625,5.731250
2017-01-10,5.732500,5.788856,5.708125,5.756250
2017-01-11,5.755000,5.784375,5.700000,5.783125
2017-01-12,5.741250,5.773750,5.660625,5.765625
2017-01-13,5.776250,5.826250,5.775000,5.806875
2017-01-17,5.773125,5.793125,5.737500,5.770625
2017-01-18,5.786875,5.803750,5.758750,5.796875
2017-01-19,5.806250,5.848750,5.765000,5.787500
2017-01-20,5.838750,5.868125,5.783437,5.813125
2017-01-23,5.803125,5.836875,5.749400,5.821875
2017-01-24,5.843750,5.918750,5.825938,5.901250
2017-01-25,5.973125,6.021637,5.965625,6.018750
2017-01-26,6.034375,6.056250,6.010625,6.028125
2017-01-27,6.053125,6.064375,6.016250,6.051250
2017-01-30,6.011875,6.012500,5.893125,5.960625
2017-01-31,5.918125,5.937500,5.866875,5.935625
2017-02-01,6.014375,6.038750,5.962500,6.016250
2017-02-02,5.995000,6.039375,5.961250,6.005625
2017-02-03,6.019375,6.050625,6.006250,6.036875
2017-02-06,6.014375,6.055000,6.008750,6.053125
2017-02-07,6.075000,6.121875,6.068125,6.096875
2017-02-08,6.079375,6.133750,6.057506,6.120000
2017-02-09,6.130625,6.187500,6.122500,6.162500
2017-02-10,6.183750,6.218750,6.167500,6.201875
2017-02-13,6.239375,6.286875,6.234375,6.272500
2017-02-14,6.275000,6.313650,6.235000,6.312500
2017-02-15,6.301250,6.391381,6.296906,6.385000
2017-02-16,6.394375,6.418750,6.350625,6.383125
2017-02-17,6.365625,6.438750,6.362431,6.438750
2017-02-21,6.461250,6.508125,6.455625,6.500000
2017-02-22,6.488125,6.513750,6.467506,6.505625
2017-02-23,6.522500,6.523125,6.404375,6.458750
2017-02-24,6.400625,6.478750,6.391881,6.478750
2017-02-27,6.456250,6.496875,6.433750,6.496875
2017-02-28,6.490625,6.498125,6.420000,6.455625
2017-03-01,6.535000,6.619375,6.513125,6.595625
2017-03-02,6.593750,6.593750,6.514375,6.530625
2017-03-03,6.516875,6.555937,6.485625,6.553125
2017-03-06,6.508125,6.545000,6.471250,6.525000
2017-03-07,6.496875,6.557500,6.478750,6.498750
2017-03-08,6.505000,6.563125,6.495000,6.522500
2017-03-09,6.520625,6.550000,6.463125,6.531250
2017-03-10,6.589375,6.608512,6.532500,6.587500
2017-03-13,6.581250,6.610625,6.575000,6.607500
2017-03-14,6.578125,6.583750,6.523125,6.573125
2017-03-15,6.602500,6.685625,6.561875,6.655000
2017-03-16,6.681250,6.681875,6.618462,6.650000
2017-03-17,6.659375,6.676875,6.636875,6.637500
2017-03-20,6.638125,6.683750,6.618750,6.651875
2017-03-21,6.701875,6.715625,6.444375,6.454375
2017-03-22,6.456875,6.550000,6.435625,6.537500
2017-03-23,6.520625,6.556250,6.481875,6.506875
2017-03-24,6.543125,6.595669,6.480631,6.525625
2017-03-27,6.438125,6.573125,6.407500,6.551875
2017-03-28,6.548125,6.669375,6.523125,6.630000
2017-03-29,6.640000,6.695625,6.625625,6.691875
2017-03-30,6.688125,6.726875,6.674375,6.710625
2017-03-31,6.693125,6.738750,6.678750,6.703750
2017-04-03,6.714375,6.745619,6.622500,6.693750
2017-04-04,6.655625,6.716250,6.652500,6.712500
2017-04-05,6.733125,6.810625,6.635625,6.661250
2017-04-06,6.676875,6.701875,6.633125,6.667500
2017-04-07,6.660000,6.700000,6.612500,6.660625
2017-04-10,6.673125,6.718125,6.629994,6.666875
2017-04-11,6.648125,6.669375,6.510000,6.610000
2017-04-12,6.605000,6.613750,6.538750,6.555000
2017-04-13,6.535625,6.609375,6.497500,6.499375
2017-04-17,6.536250,6.608125,6.531875,6.605625
2017-04-18,6.561875,6.624375,6.553563,6.588750
2017-04-19,6.640625,6.685000,6.587500,6.607500
2017-04-20,6.660000,6.745000,6.640000,6.712500
2017-04-21,6.726875,6.731875,6.679375,6.712500
2017-04-24,6.856875,6.885625,6.839375,6.874375
2017-04-25,6.918125,6.996250,6.908750,6.974375
2017-04-26,6.978750,7.010000,6.945000,6.954375
2017-04-27,6.987500,7.035625,6.979375,7.035625
2017-04-28,7.091875,7.096875,7.038125,7.060625
2017-05-01,7.106875,7.203750,7.103125,7.180000
2017-05-02,7.205625,7.215000,7.166875,7.209375
2017-05-03,7.179375,7.181250,7.123750,7.162500
2017-05-04,7.163125,7.183750,7.116900,7.167500
2017-05-05,7.203750,7.218750,7.149500,7.218750
2017-05-08,7.223125,7.250000,7.198750,7.250000
2017-05-09,7.268125,7.331250,7.259375,7.301250
2017-05-10,7.308750,7.313750,7.257500,7.307500
2017-05-11,7.270000,7.298125,7.200000,7.295625
2017-05-12,7.300625,7.331875,7.291250,7.328750
2017-05-15,7.333125,7.381875,7.323750,7.373750
2017-05-16,7.408125,7.437500,7.370000,7.437500
2017-05-17,7.317500,7.342562,7.054375,7.056250
2017-05-18,7.054375,7.225000,7.035625,7.176250
2017-05-19,7.227500,7.300000,7.224375,7.240625
2017-05-22,7.269375,7.369375,7.266250,7.362500
2017-05-23,7.406875,7.406875,7.341256,7.374375
2017-05-24,7.420625,7.450000,7.377500,7.444375
2017-05-25,7.500000,7.606250,7.467500,7.567500
2017-05-26,7.570000,7.599375,7.551875,7.593750
2017-05-30,7.583125,7.625000,7.579375,7.608125
2017-05-31,7.656250,7.658750,7.523750,7.598750
2017-06-01,7.632500,7.665000,7.568756,7.665000
2017-06-02,7.715625,7.836431,7.688125,7.831250
2017-06-05,7.833125,7.858119,7.808750,7.830000
2017-06-06,7.811875,7.861250,7.748125,7.772500
2017-06-07,7.806250,7.840625,7.740000,7.828125
2017-06-08,7.863750,7.868125,7.759375,7.846250
2017-06-09,7.860625,7.879375,7.243125,7.451875
2017-06-12,7.327500,7.394375,7.181875,7.369375
2017-06-13,7.451250,7.508750,7.376250,7.488750
2017-06-14,7.550000,7.550000,7.303750,7.421875
2017-06-15,7.271875,7.371875,7.181250,7.352500
2017-06-16,7.351250,7.353750,7.237500,7.299375
2017-06-19,7.429375,7.548125,7.410625,7.533750
2017-06-20,7.518750,7.537500,7.411875,7.418125
2017-06-21,7.448125,7.568125,7.439375,7.562500
2017-06-22,7.581875,7.612500,7.518750,7.556875
2017-06-23,7.540625,7.633750,7.498750,7.612500
2017-06-26,7.698125,7.726250,7.511250,7.544375
2017-06-27,7.485625,7.502500,7.268750,7.270625
2017-06-28,7.320625,7.488125,7.238125,7.473125
2017-06-29,7.409375,7.414375,7.074375,7.216250
2017-06-30,7.258750,7.293125,7.175625,7.207500
2017-07-03,7.283125,7.303125,7.059375,7.069375
2017-07-05,7.109375,7.245000,7.064375,7.206875
2017-07-06,7.095625,7.157500,7.025619,7.075000
2017-07-07,7.121875,7.265625,7.121875,7.222500
2017-07-10,7.237500,7.356875,7.201875,7.322500
2017-07-11,7.297500,7.380000,7.248125,7.362500
2017-07-12,7.487500,7.553750,7.458750,7.540625
2017-07-13,7.554375,7.605294,7.526250,7.571875
2017-07-14,7.634375,7.707187,7.590000,7.686875
2017-07-17,7.702500,7.747500,7.666250,7.695000
2017-07-18,7.683750,7.800000,7.637825,7.800000
2017-07-19,7.842500,7.911250,7.838625,7.890000
2017-07-20,7.930000,7.937500,7.837500,7.910000
2017-07-21,7.845000,7.900300,7.818750,7.898750
2017-07-24,7.898750,7.983750,7.880000,7.968750
2017-07-25,7.917500,7.967500,7.888750,7.935000
2017-07-26,7.972500,7.990000,7.948750,7.983750
2017-07-27,8.087500,8.101250,7.698750,7.890000
2017-07-28,7.786250,7.893750,7.761250,7.868750
2017-07-31,7.910000,7.930000,7.767500,7.798750
2017-08-01,7.847500,7.857500,7.791250,7.832500
2017-08-02,7.936250,7.938750,7.732500,7.875000
2017-08-03,7.895000,7.895000,7.788750,7.822500
2017-08-04,7.845000,7.877500,7.780000,7.842500
2017-08-07,7.868750,7.941237,7.850000,7.937500
2017-08-08,7.908750,8.038750,7.867500,7.915000
2017-08-09,7.787500,7.897500,7.747500,7.892500
2017-08-10,7.806250,7.812500,7.538750,7.550000
2017-08-11,7.573750,7.700000,7.538750,7.663750
2017-08-14,7.785000,7.887500,7.783750,7.862500
2017-08-15,7.897500,7.903750,7.832500,7.872500
2017-08-16,7.907500,7.975000,7.850000,7.902500
2017-08-17,7.842500,7.862500,7.577500,7.580000
2017-08-18,7.585000,7.668750,7.505000,7.560000
2017-08-21,7.567500,7.596250,7.451250,7.551250
2017-08-22,7.626250,7.791250,7.622500,7.776250
2017-08-23,7.697500,7.753750,7.685000,7.717500
2017-08-24,7.753750,7.770000,7.586250,7.677500
2017-08-25,7.730000,7.768750,7.621250,7.642500
2017-08-28,7.685000,7.721250,7.637675,7.681250
2017-08-29,7.555000,7.771250,7.537625,7.745000
2017-08-30,7.760000,7.950000,7.748750,7.930000
2017-08-31,7.968750,8.096250,7.962500,8.077500
2017-09-01,8.117500,8.139200,8.031250,8.076250
2017-09-05,8.020000,8.058750,7.808750,7.927500
2017-09-06,7.972500,8.010687,7.861500,7.973750
2017-09-07,8.005000,8.052500,7.952625,8.012500
2017-09-08,7.990000,7.996250,7.856250,7.876250
2017-09-11,7.992500,8.078762,7.992500,8.046250
2017-09-12,8.100000,8.113563,8.017500,8.091250
2017-09-13,8.065000,8.115000,8.037500,8.113750
2017-09-14,8.052500,8.097500,8.007500,8.016250
2017-09-15,8.017500,8.130000,7.988763,8.067500
2017-09-18,8.083750,8.138750,8.001250,8.050000
2017-09-19,8.080000,8.098750,8.022500,8.077500
2017-09-20,8.072500,8.085000,7.901250,8.030000
2017-09-21,8.016250,8.016250,7.872500,7.925000
2017-09-22,7.875000,7.931250,7.860000,7.912500
2017-09-25,7.846250,7.856250,7.666250,7.747500
2017-09-26,7.820000,7.852500,7.730000,7.785000
2017-09-27,7.863750,7.981250,7.825000,7.923750
2017-09-28,7.887500,7.931250,7.848750,7.916250
2017-09-29,7.945000,8.040000,7.906250,8.027500
2017-10-02,8.053750,8.107500,7.972487,8.038750
2017-10-03,8.060000,8.093750,8.028750,8.078750
2017-10-04,8.047500,8.125000,8.032500,8.090000
2017-10-05,8.146250,8.255000,8.131250,8.250000
2017-10-06,8.192500,8.268750,8.192500,8.267500
2017-10-09,8.295000,8.305975,8.231250,8.252500
2017-10-10,8.305000,8.322500,8.188750,8.263750
2017-10-11,8.256250,8.313750,8.235000,8.313750
2017-10-12,8.285000,8.346250,8.263750,8.282500
2017-10-13,8.347500,8.362500,8.328750,8.342500
2017-10-16,8.381250,8.402500,8.351150,8.400000
2017-10-17,8.393750,8.421250,8.367500,8.418750
2017-10-18,8.435000,8.437500,8.376250,8.400000
2017-10-19,8.308750,8.337500,8.220000,8.337500
2017-10-20,8.407500,8.417500,8.360012,8.380000
2017-10-23,8.413750,8.415000,8.248750,8.271250
2017-10-24,8.296250,8.332500,8.238000,8.302500
2017-10-25,8.265000,8.320000,8.112500,8.235000
2017-10-26,8.227500,8.263750,8.178750,8.187500
2017-10-27,8.448750,8.687500,8.430000,8.650000
2017-10-30,8.638750,8.762525,8.627500,8.697500
2017-10-31,8.750000,8.785000,8.701250,8.760000
2017-11-01,8.825000,8.838750,8.689600,8.756250
2017-11-02,8.732500,8.740000,8.602500,8.716250
2017-11-03,8.786250,8.888750,8.722500,8.881250
2017-11-06,8.872500,8.951250,8.866250,8.943750
2017-11-07,8.932500,8.977500,8.893750,8.953750
2017-11-08,8.950000,9.031250,8.928750,9.027500
2017-11-09,8.881250,8.939600,8.747500,8.927500
2017-11-10,8.890000,8.943750,8.858750,8.930000
2017-11-13,8.862500,8.972500,8.862500,8.948750
2017-11-14,8.881250,8.905000,8.800000,8.887500
2017-11-15,8.810000,8.846800,8.708750,8.795000
2017-11-16,8.891250,9.063750,8.890000,9.023750
2017-11-17,9.027500,9.038750,8.938750,8.955000
2017-11-20,8.968750,8.981125,8.916250,8.940000
2017-11-21,9.017500,9.138750,9.016250,9.130000
2017-11-22,9.150000,9.170000,9.115000,9.155000
2017-11-24,9.170000,9.223750,9.162500,9.222500
2017-11-27,9.212500,9.251250,9.170000,9.212500
2017-11-28,9.253750,9.267500,9.152500,9.258750
2017-11-29,9.233750,9.233750,8.848750,8.941250
2017-11-30,9.008750,9.115000,8.968750,9.085000
2017-12-01,8.967500,9.092500,8.738750,9.007500
2017-12-04,9.121250,9.131250,8.780000,8.800000
2017-12-05,8.783750,9.006250,8.723750,8.802500
2017-12-06,8.737500,8.912500,8.720000,8.882500
2017-12-07,8.885000,8.996000,8.863750,8.945000
2017-12-08,9.073750,9.117500,8.995000,9.023750
2017-12-11,9.030000,9.166600,9.028750,9.163750
2017-12-12,9.155000,9.190000,9.100000,9.137500
2017-12-13,9.207500,9.228750,9.146250,9.170000
2017-12-14,9.205000,9.245487,9.137375,9.156250
2017-12-15,9.227500,9.383625,9.197500,9.356250
2017-12-18,9.483750,9.536250,9.452500,9.517500
2017-12-19,9.483750,9.500000,9.356250,9.410000
2017-12-20,9.475000,9.477500,9.311250,9.386250
2017-12-21,9.407500,9.468750,9.365000,9.387500
2017-12-22,9.355000,9.370125,9.315138,9.365000
2017-12-26,9.267500,9.285000,9.193875,9.263750
2017-12-27,9.256250,9.312500,9.243763,9.265000
2017-12-28,9.316250,9.320000,9.262500,9.283750
2017-12-29,9.298750,9.300000,9.160000,9.166250
2018-01-02,9.257500,9.492500,9.217500,9.483750
2018-01-03,9.507500,9.687500,9.503750,9.668750
2018-01-04,9.742500,9.762500,9.682500,9.703750
2018-01-05,9.792500,9.911250,9.761250,9.896250
2018-01-08,9.902500,9.985000,9.891250,9.970000
2018-01-09,10.015000,10.032500,9.916250,9.978750
2018-01-10,9.878750,9.929375,9.795000,9.923750
2018-01-11,9.962500,10.061250,9.931250,10.061250
2018-01-12,10.041250,10.228750,10.021250,10.203750
2018-01-16,10.338750,10.447500,10.091250,10.146250
2018-01-17,10.242500,10.398750,10.148875,10.365000
2018-01-18,10.336250,10.417500,10.285000,10.368750
2018-01-19,10.435000,10.466250,10.333750,10.435000
2018-01-22,10.421250,10.656250,10.403750,10.656250
2018-01-23,10.725000,10.852500,10.713750,10.830000
2018-01-24,10.875000,10.926250,10.568750,10.697500
2018-01-25,10.830000,10.841162,10.612500,10.683750
2018-01-26,10.798750,10.997500,10.760000,10.996250
2018-01-29,10.955000,11.001250,10.853750,10.897500
2018-01-30,10.698750,10.808750,10.608750,10.722500
2018-01-31,10.840000,10.878750,10.671250,10.801250
2018-02-01,10.640000,10.843750,10.553750,10.622500
2018-02-02,10.542500,10.585000,10.181250,10.192500
2018-02-05,10.001250,10.336250,9.382500,9.403750
2018-02-06,9.125000,9.911250,9.032500,9.882500
2018-02-07,9.827500,10.041125,9.630000,9.630000
2018-02-08,9.677500,9.699988,8.820000,8.827500
2018-02-09,9.070000,9.250000,8.435000,9.117500
2018-02-12,9.307500,9.569875,9.161250,9.450000
2018-02-13,9.345000,9.578750,9.307500,9.535000
2018-02-14,9.427500,9.927112,9.425000,9.900000
2018-02-15,10.071250,10.256250,9.866250,10.255000
2018-02-16,10.198750,10.391250,10.137500,10.178750
2018-02-20,10.100000,10.381250,10.087500,10.203750
2018-02-21,10.300000,10.508750,10.141250,10.143750
2018-02-22,10.243750,10.343750,10.095000,10.155000
2018-02-23,10.300000,10.556250,10.226250,10.556250
2018-02-26,10.653750,10.833750,10.643125,10.833750
2018-02-27,10.845000,10.880000,10.563750,10.563750
2018-02-28,10.692500,10.758750,10.422500,10.431250
2018-03-01,10.446250,10.537500,9.908750,10.101250
2018-03-02,9.846250,10.312500,9.781250,10.277500
2018-03-05,10.183750,10.556250,10.108750,10.500000
2018-03-06,10.603750,10.665000,10.465000,10.587500
2018-03-07,10.427500,10.656250,10.396250,10.635000
2018-03-08,10.720000,10.770225,10.641250,10.753750
2018-03-09,10.912500,11.162500,10.877500,11.162500
2018-03-12,11.233750,11.341250,11.185000,11.265000
2018-03-13,11.381250,11.435000,10.925000,10.987500
2018-03-14,11.092500,11.112675,10.881250,10.978750
2018-03-15,10.997500,11.086250,10.875000,10.948750
2018-03-16,10.987500,11.040000,10.881250,10.896250
2018-03-19,10.701250,10.701250,10.238750,10.433750
2018-03-20,10.422500,10.538750,10.366250,10.492500
2018-03-21,10.442500,10.630000,10.310000,10.395000
2018-03-22,10.116250,10.255000,9.862500,9.877500
2018-03-23,9.862500,9.944025,9.352500,9.352500
2018-03-26,9.735000,10.081250,9.437750,10.056250
2018-03-27,10.201250,10.203750,9.235012,9.392500
2018-03-28,9.302500,9.477500,9.045000,9.187500
2018-03-29,9.290000,9.703750,9.115000,9.525000
2018-04-02,9.386250,9.473750,8.777500,8.977500
2018-04-03,9.141250,9.248750,8.850000,9.170000
2018-04-04,8.821250,9.516125,8.796250,9.407500
2018-04-05,9.642500,9.677500,9.430262,9.560000
2018-04-06,9.362500,9.542375,8.997500,9.098750
2018-04-09,9.246250,9.577500,9.182500,9.205000
2018-04-10,9.496250,9.678750,9.368750,9.610000
2018-04-11,9.507500,9.712000,9.487500,9.510000
2018-04-12,9.631250,9.798750,9.612512,9.727500
2018-04-13,9.833750,9.857750,9.555000,9.636250
2018-04-16,9.761250,9.848762,9.648750,9.772500
2018-04-17,9.973750,10.241250,9.941250,10.188750
2018-04-18,10.207500,10.311250,10.102500,10.236250
2018-04-19,10.142500,10.182025,9.980000,10.062500
2018-04-20,9.997500,10.010000,9.662500,9.735000
2018-04-23,9.823750,9.898750,9.575000,9.682500
2018-04-24,9.771250,9.801037,9.143750,9.271250
2018-04-25,9.303750,9.367500,9.037500,9.300000
2018-04-26,9.530000,9.740000,9.469000,9.675000
2018-04-27,9.958750,9.963750,9.582500,9.691250
2018-04-30,9.737500,9.854400,9.505000,9.550000
2018-05-01,9.505000,9.772500,9.458750,9.760000
2018-05-02,9.805000,9.862500,9.632500,9.655000
2018-05-03,9.561250,9.718750,9.342500,9.648750
2018-05-04,9.568750,10.058750,9.551250,10.012500
2018-05-07,10.108750,10.243750,10.092675,10.170000
2018-05-08,10.133750,10.198750,10.010000,10.147500
2018-05-09,10.200000,10.393750,10.125000,10.382500
2018-05-10,10.443750,10.606250,10.430000,10.592500
2018-05-11,10.551250,10.619375,10.477600,10.572500
2018-05-14,10.617500,10.738625,10.571250,10.603750
2018-05-15,10.436250,10.446250,10.257500,10.370000
2018-05-16,10.397500,10.552500,10.386250,10.508750
2018-05-17,10.436250,10.582500,10.322500,10.420000
2018-05-18,10.347500,10.411250,10.285000,10.312500
2018-05-21,10.471250,10.565000,10.342500,10.432500
2018-05-22,10.525000,10.556250,10.363750,10.402500
2018-05-23,10.242500,10.576250,10.241250,10.576250
2018-05-24,10.568750,10.602625,10.355000,10.566250
2018-05-25,10.562500,10.663750,10.525000,10.588750
2018-05-29,10.485000,10.610000,10.368750,10.493750
2018-05-30,10.568750,10.678750,10.521250,10.640000
2018-05-31,10.631250,10.766250,10.573750,10.626250
2018-06-01,10.730000,10.968750,10.726250,10.960000
2018-06-04,11.013750,11.162500,11.001250,11.147500
2018-06-05,11.200000,11.262500,11.127500,11.220000
2018-06-06,11.251275,11.353750,11.133750,11.353750
2018-06-07,11.355000,11.356250,11.058763,11.176250
2018-06-08,11.047500,11.199525,11.006875,11.165000
2018-06-11,11.151250,11.280000,11.145000,11.225000
2018-06-12,11.256250,11.365000,11.236250,11.343750
2018-06-13,11.380000,11.507500,11.293750,11.333750
2018-06-14,11.435000,11.601250,11.426250,11.570000
2018-06-15,11.488750,11.532525,11.373750,11.488750
2018-06-18,11.341250,11.490000,11.267500,11.475000
2018-06-19,11.180000,11.406250,11.111250,11.405000
2018-06-20,11.507500,11.661250,11.488750,11.567500
2018-06-21,11.621250,11.641250,11.320125,11.362500
2018-06-22,11.441250,11.447500,11.232500,11.290000
2018-06-25,11.107500,11.137500,10.601250,10.798750
2018-06-26,10.878750,11.012500,10.799138,10.890000
2018-06-27,10.978750,11.075000,10.577500,10.581250
2018-06-28,10.556250,10.842500,10.519700,10.773750
2018-06-29,10.876250,10.988750,10.800000,10.807500
2018-07-02,10.623750,10.976250,10.578775,10.970000
2018-07-03,11.043750,11.051250,10.697500,10.713750
2018-07-05,10.857500,10.993750,10.745000,10.980000
2018-07-06,11.025000,11.335000,10.987500,11.311250
2018-07-09,11.430000,11.525000,11.348000,11.521250
2018-07-10,11.552500,11.586250,11.458750,11.538750
2018-07-11,11.362500,11.500125,11.337625,11.423750
2018-07-12,11.521250,11.805000,11.506125,11.798750
2018-07-13,11.802500,11.865000,11.745000,11.822500
2018-07-16,11.831250,11.870025,11.731875,11.771250
2018-07-17,11.518750,11.961250,11.518750,11.918750
2018-07-18,11.910000,11.926250,11.793750,11.866250
2018-07-19,11.790000,11.856250,11.718750,11.750000
2018-07-20,11.822500,11.890000,11.712500,11.735000
2018-07-23,11.662500,11.820000,11.573750,11.808750
2018-07-24,12.057500,12.138750,11.815138,11.911250
2018-07-25,11.920000,12.253750,11.910000,12.237500
2018-07-26,11.903750,11.983750,11.838750,11.882500
2018-07-27,12.022500,12.030000,11.412500,11.555000
2018-07-30,11.551250,11.558750,11.110000,11.223750
2018-07-31,11.300000,11.476250,11.182500,11.352500
2018-08-01,11.445000,11.542025,11.348750,11.472500
2018-08-02,11.310000,11.811250,11.300000,11.785000
2018-08-03,11.816250,11.856250,11.727500,11.852500
2018-08-06,11.846250,12.000000,11.808750,12.000000
2018-08-07,12.055000,12.123762,12.007500,12.071250
2018-08-08,12.043750,12.151250,11.978750,12.092500
2018-08-09,12.093750,12.181825,12.057500,12.082500
2018-08-10,11.925000,11.997500,11.816250,11.902500
2018-08-13,11.940000,12.096250,11.865000,11.881250
2018-08-14,11.967500,12.052500,11.841250,12.025000
2018-08-15,11.843750,11.907500,11.582500,11.736250
2018-08-16,11.907500,11.955000,11.757500,11.801250
2018-08-17,11.737500,11.866250,11.598750,11.807500
2018-08-20,11.865000,11.867500,11.695000,11.790000
2018-08-21,11.860000,12.011875,11.842500,11.871250
2018-08-22,11.815000,11.987500,11.790000,11.958750
2018-08-23,11.921250,12.087500,11.887500,11.923750
2018-08-24,11.997500,12.163750,11.997500,12.142500
2018-08-27,12.272500,12.387500,12.230000,12.387500
2018-08-28,12.457500,12.478750,12.373750,12.426250
2018-08-29,12.462500,12.725000,12.458750,12.713750
2018-08-30,12.661250,12.813750,12.580000,12.660000
2018-08-31,12.627500,12.765075,12.602500,12.690000
2018-09-04,12.620000,12.652500,12.448750,12.587500
2018-09-05,12.541250,12.541250,12.176250,12.261250
2018-09-06,12.267500,12.295000,11.872750,12.040000
2018-09-07,11.866250,12.148750,11.853763,11.965000
2018-09-10,12.075000,12.091250,11.891250,12.020000
2018-09-11,11.918750,12.243750,11.863750,12.202500
2018-09-12,12.156250,12.186250,11.926250,12.137500
2018-09-13,12.273750,12.433750,12.273400,12.375000
2018-09-14,12.405000,12.442500,12.217625,12.310000
2018-09-17,12.270000,12.286250,11.936375,11.962500
2018-09-18,11.977500,12.269987,11.970000,12.153750
2018-09-19,12.153750,12.212500,11.980000,12.138750
2018-09-20,12.297500,12.432500,12.242500,12.391250
2018-09-21,12.475000,12.502500,12.235000,12.265000
2018-09-24,12.087500,12.338750,11.986250,12.325000
2018-09-25,12.313750,12.382500,12.235000,12.363750
2018-09-26,12.377500,12.610000,12.332500,12.372500
2018-09-27,12.473750,12.672500,12.466250,12.582500
2018-09-28,12.507500,12.645000,12.473750,12.585000
2018-10-01,12.721250,12.812500,12.567500,12.626250
2018-10-02,12.596250,12.763750,12.513750,12.567500
2018-10-03,12.678750,12.735000,12.560000,12.603750
2018-10-04,12.490000,12.503750,11.935000,12.115000
2018-10-05,12.106250,12.186250,11.586250,11.825000
2018-10-08,11.707500,11.877500,11.392188,11.672500
2018-10-09,11.686250,11.921250,11.631250,11.737500
2018-10-10,11.597500,11.610000,10.681250,10.715000
2018-10-11,10.620000,10.912500,10.216250,10.446250
2018-10-12,10.990000,11.086250,10.608750,11.026250
2018-10-15,10.946250,10.981250,10.673750,10.746250
2018-10-16,10.970000,11.431250,10.936250,11.371250
2018-10-17,11.495000,11.502500,11.152500,11.385000
2018-10-18,11.292500,11.301250,10.761250,10.876250
2018-10-19,11.012500,11.213750,10.755000,10.835000
2018-10-22,10.961250,11.107500,10.777500,10.948750
2018-10-23,10.551250,10.968750,10.301250,10.877500
2018-10-24,10.842500,10.870000,9.831250,9.867500
2018-10-25,10.176263,10.666250,10.081250,10.533750
2018-10-26,9.833750,10.405000,9.703750,10.028750
2018-10-29,10.295000,10.381462,9.213750,9.642500
2018-10-30,9.537500,9.917500,9.447500,9.896250
2018-10-31,10.222500,10.542488,10.221250,10.351250
2018-11-01,10.402500,10.663750,10.244800,10.650000
2018-11-02,10.578750,10.703750,10.170000,10.328750
2018-11-05,10.335000,10.340000,10.027500,10.257500
2018-11-06,10.250000,10.526250,10.226250,10.413750
2018-11-07,10.657262,11.057500,10.616250,11.057500
2018-11-08,10.962500,11.025000,10.815575,10.922500
2018-11-09,10.713750,10.761250,10.380000,10.551250
2018-11-12,10.397500,10.435000,9.890000,9.927500
2018-11-13,10.002500,10.285000,9.870000,9.931250
2018-11-14,10.118750,10.187500,9.662500,9.765000
2018-11-15,9.727500,10.163125,9.566250,10.112500
2018-11-16,9.921250,10.140000,9.837375,10.045000
2018-11-19,9.948750,9.964650,9.327500,9.383750
2018-11-20,8.953750,9.303750,8.812500,9.055000
2018-11-21,9.282500,9.364750,9.156250,9.183750
2018-11-23,9.038750,9.237500,9.033750,9.050000
2018-11-26,9.295000,9.476250,9.226250,9.467500
2018-11-27,9.365000,9.577500,9.270000,9.535000
2018-11-28,9.668750,10.140000,9.560000,10.135000
2018-11-29,10.058750,10.208750,9.915000,10.075000
2018-11-30,10.097500,10.231250,10.012750,10.230000
2018-12-03,10.670000,10.692500,10.420000,10.570000
2018-12-04,10.460000,10.520000,9.740000,9.760000
2018-12-06,9.375000,9.900000,9.296262,9.900000
2018-12-07,9.805000,9.923750,9.182500,9.237500
2018-12-10,9.207500,9.515000,9.018750,9.435000
2018-12-11,9.733762,9.750000,9.335000,9.493750
2018-12-12,9.778750,9.960000,9.652500,9.662500
2018-12-13,9.773750,9.868750,9.541250,9.671250
2018-12-14,9.442500,9.511250,9.151250,9.171250
2018-12-17,9.116250,9.256250,8.633750,8.786250
2018-12-18,8.912500,9.055725,8.731250,8.882500
2018-12-19,8.863750,9.147500,8.316250,8.462500
2018-12-20,8.407500,8.590000,7.991250,8.208750
2018-12-21,8.273750,8.386250,7.607488,7.680000
2018-12-24,7.573750,7.767500,7.305000,7.315000
2018-12-26,7.457500,8.210000,7.360000,8.210000
2018-12-27,7.995000,8.281250,7.630000,8.278750
2018-12-28,8.372763,8.541763,8.125000,8.268750
2018-12-31,8.422500,8.477500,8.231250,8.398750
2019-01-02,8.042500,8.557500,8.028750,8.461250
2019-01-03,8.217500,8.285000,7.871250,7.893750
2019-01-04,8.158750,8.662500,8.109750,8.601250
2019-01-07,8.622500,8.868750,8.569625,8.775000
2019-01-08,8.950000,9.007838,8.687500,8.950000
2019-01-09,9.008750,9.166250,8.938750,9.083750
2019-01-10,8.947513,9.148750,8.847500,9.130000
2019-01-11,9.033750,9.088750,8.971375,9.075000
2019-01-14,8.912500,8.987163,8.832500,8.910000
2019-01-15,8.985625,9.281250,8.981250,9.261250
2019-01-16,9.287500,9.416250,9.247500,9.258750
2019-01-17,9.191250,9.475250,9.162500,9.390000
2019-01-18,9.530000,9.668750,9.417500,9.572500
2019-01-22,9.436250,9.447500,9.058750,9.207500
2019-01-23,9.290000,9.371250,9.011250,9.218750
2019-01-24,9.271250,9.361250,9.208050,9.330000
2019-01-25,9.475000,9.612500,9.420000,9.565000
2019-01-28,9.313750,9.320000,9.165000,9.320000
2019-01-29,9.328750,9.333750,9.077500,9.137500
2019-01-30,9.347500,9.673750,9.291250,9.620000
2019-01-31,9.715000,9.983750,9.696250,9.896250
2019-02-01,9.797500,9.942500,9.753750,9.805000
2019-02-04,9.808750,10.046250,9.792500,10.046250
2019-02-05,10.075000,10.247500,10.072500,10.227500
2019-02-06,10.230000,10.266250,10.072487,10.160000
2019-02-07,9.983750,10.030000,9.737500,9.886250
2019-02-08,9.711250,9.921250,9.691250,9.917500
2019-02-11,9.993763,10.043750,9.858750,9.905000
2019-02-12,10.042500,10.226250,10.016238,10.201250
2019-02-13,10.283762,10.347500,10.190000,10.207500
2019-02-14,10.128750,10.305000,10.067500,10.225000
2019-02-15,10.388750,10.388750,10.222500,10.321250
2019-02-19,10.251250,10.419450,10.251250,10.355000
2019-02-20,10.373750,10.451700,10.242500,10.353750
2019-02-21,10.295000,10.350000,10.166250,10.268750
2019-02-22,10.316250,10.438750,10.305000,10.425000
2019-02-25,10.578750,10.637500,10.486250,10.500000
2019-02-26,10.437500,10.585000,10.418750,10.518750
2019-02-27,10.430000,10.530000,10.285000,10.501250
2019-02-28,10.435000,10.527500,10.396250,10.452500
2019-03-01,10.603750,10.628750,10.455000,10.605000
2019-03-04,10.717488,10.766250,10.365000,10.600000
2019-03-05,10.608750,10.678762,10.510375,10.615000
2019-03-06,10.627500,10.635000,10.458750,10.490000
2019-03-07,10.433750,10.445000,10.158750,10.235000
2019-03-08,10.002400,10.209150,9.981250,10.198750
2019-03-11,10.280000,10.637500,10.280000,10.625000
2019-03-12,10.675000,10.795000,10.631250,10.745000
2019-03-13,10.848750,11.013750,10.823750,10.901250
2019-03-14,10.908750,10.937313,10.855000,10.860000
2019-03-15,10.945000,11.126250,10.933750,11.046250
2019-03-18,11.052500,11.180000,11.008750,11.103750
2019-03-19,11.201250,11.305000,11.093750,11.183750
2019-03-20,11.178750,11.398750,11.078750,11.267500
2019-03-21,11.195000,11.645000,11.192500,11.613750
2019-03-22,11.511250,11.575000,11.080000,11.093750
2019-03-25,11.022500,11.136250,10.903750,11.065000
2019-03-26,11.225000,11.362500,11.050000,11.165000
2019-03-27,11.187500,11.241250,10.856250,11.032500
2019-03-28,11.068750,11.145000,10.935525,11.067500
2019-03-29,11.225000,11.251250,11.102500,11.241250
2019-04-01,11.451250,11.555000,11.370000,11.542500
2019-04-02,11.551250,11.635000,11.493750,11.613750
2019-04-03,11.743750,11.890000,11.672500,11.747500
2019-04-04,11.747500,11.835012,11.596250,11.737500
2019-04-05,11.806250,11.866238,11.771375,11.852500
2019-04-08,11.812500,11.928750,11.722500,11.913750
2019-04-09,11.825000,11.908750,11.777500,11.830000
2019-04-10,11.860000,11.958750,11.830000,11.957500
2019-04-11,11.985000,11.990000,11.850000,11.898750
2019-04-12,11.998750,12.009375,11.898750,11.996250
2019-04-15,11.995000,12.022500,11.837500,11.997500
2019-04-16,12.080000,12.131250,12.007500,12.078750
2019-04-17,12.235000,12.258750,12.090000,12.160000
2019-04-18,12.198750,12.201250,12.047500,12.186250
2019-04-22,12.078750,12.264988,12.062500,12.258750
2019-04-23,12.311250,12.595000,12.285000,12.567500
2019-04-24,12.580000,12.618750,12.480000,12.487500
2019-04-25,12.673750,12.681250,12.450850,12.572500
2019-04-26,12.547500,12.610000,12.335000,12.610000
2019-04-29,12.602500,12.691250,12.565012,12.647500
2019-04-30,12.452500,12.495000,12.282350,12.460000
2019-05-01,12.616250,12.688750,12.357500,12.363750
2019-05-02,12.366250,12.492500,12.101250,12.270000
2019-05-03,12.467538,12.671250,12.426250,12.655000
2019-05-06,12.117500,12.531250,12.077500,12.507500
2019-05-07,12.220000,12.330000,11.781250,12.005000
2019-05-08,11.930000,12.126250,11.850338,11.932500
2019-05-09,11.686250,11.896250,11.472500,11.822500
2019-05-10,11.726250,11.957500,11.337500,11.846250
2019-05-13,11.241250,11.357500,10.952500,11.015000
2019-05-14,11.135000,11.392500,11.055000,11.257500
2019-05-15,11.113750,11.633188,11.103750,11.565000
2019-05-16,11.580000,11.951250,11.556250,11.800000
2019-05-17,11.567500,11.885013,11.543750,11.558750
2019-05-20,11.243750,11.326250,11.095100,11.177500
2019-05-21,11.362500,11.463625,11.293363,11.401250
2019-05-22,11.272500,11.425000,11.268750,11.300000
2019-05-23,11.045000,11.047712,10.812500,10.948750
2019-05-24,11.076250,11.146250,10.912500,10.933750
2019-05-28,10.992500,11.121250,10.851250,10.851250
2019-05-29,10.725000,10.793075,10.558750,10.677500
2019-05-30,10.735000,10.821250,10.640000,10.768750
2019-05-31,10.510000,10.580000,10.407500,10.408750
2019-06-03,10.363750,10.412500,9.855000,9.971250
2019-06-04,10.175000,10.521487,10.102500,10.516250
2019-06-05,10.715000,10.718750,10.452500,10.671250
2019-06-06,10.705000,10.891250,10.612500,10.835000
2019-06-07,10.948512,11.347500,10.926250,11.250000
2019-06-10,11.402500,11.732500,11.402500,11.507500
2019-06-11,11.761250,11.801250,11.473750,11.547500
2019-06-12,11.481250,11.530000,11.375000,11.420000
2019-06-13,11.510000,11.600000,11.463750,11.552500
2019-06-14,11.420000,11.505000,11.358750,11.437500
2019-06-17,11.492500,11.647500,11.472500,11.582500
2019-06-18,11.850000,12.082500,11.797500,11.920000
2019-06-19,11.961250,12.063750,11.808750,12.007500
2019-06-20,12.340000,12.346250,12.050000,12.226250
2019-06-21,12.192500,12.347500,12.141250,12.196250
2019-06-24,12.236250,12.259975,12.177500,12.192500
2019-06-25,12.168750,12.178750,11.733750,11.765000
2019-06-26,11.920000,12.068750,11.837500,11.870000
2019-06-27,11.957500,12.017487,11.898750,11.965000
2019-06-28,12.018750,12.046250,11.905000,12.001250
2019-07-01,12.448750,12.480000,12.201250,12.312500
2019-07-02,12.303750,12.412500,12.234775,12.412500
2019-07-03,12.463750,12.588750,12.442500,12.588750
2019-07-05,12.422500,12.586250,12.323750,12.547500
2019-07-08,12.382500,12.382500,12.262500,12.362500
2019-07-09,12.240000,12.515937,12.223750,12.487500
2019-07-10,12.637500,12.803750,12.591250,12.731250
2019-07-11,12.776250,12.832500,12.633750,12.711250
2019-07-12,12.737500,12.857500,12.712500,12.857500
2019-07-15,12.913750,12.942325,12.845000,12.928750
2019-07-16,12.895000,12.926250,12.723750,12.800000
2019-07-17,12.807500,12.846250,12.673750,12.677500
2019-07-18,12.557500,12.750000,12.472500,12.717500
2019-07-19,12.888750,12.888750,12.487500,12.501250
2019-07-22,12.580000,12.761238,12.573750,12.716250
2019-07-23,12.850000,12.876250,12.680000,12.876250
2019-07-24,12.781250,13.055000,12.772500,13.055000
2019-07-25,12.961250,12.966250,12.758762,12.802500
2019-07-26,12.966250,13.100000,12.952500,13.060000
2019-07-29,13.048750,13.048750,12.812500,12.980000
2019-07-30,12.780000,12.963750,12.757625,12.860000
2019-07-31,12.932500,12.944563,12.271250,12.518750
2019-08-01,12.553750,13.006250,12.262500,12.377500
2019-08-02,12.201250,12.225000,11.863750,12.017500
2019-08-05,11.512500,11.516250,10.963750,11.146250
2019-08-06,11.370000,11.536250,11.203750,11.473750
2019-08-07,11.227500,11.623750,11.052525,11.572500
2019-08-08,11.712500,12.100000,11.633750,12.095000
2019-08-09,11.976250,12.056250,11.678750,11.865000
2019-08-12,11.718750,11.787725,11.485012,11.595000
2019-08-13,11.583750,12.253750,11.552500,12.115000
2019-08-14,11.702500,11.785000,11.335000,11.361250
2019-08-15,11.411250,11.472500,11.173750,11.346250
2019-08-16,11.540000,11.765000,11.540000,11.705000
2019-08-19,12.032500,12.129838,11.963762,12.062500
2019-08-20,12.025000,12.105000,11.892537,11.900000
2019-08-21,12.108750,12.178750,12.022500,12.106250
2019-08-22,12.147500,12.203750,11.835000,12.027500
2019-08-23,11.865000,12.076250,11.196250,11.270000
2019-08-26,11.516250,11.600000,11.380000,11.598750
2019-08-27,11.755000,11.795000,11.457500,11.558750
2019-08-28,11.471250,11.666250,11.362500,11.626250
2019-08-29,11.913750,12.047500,11.828750,11.982500
2019-08-30,12.107500,12.113750,11.793750,11.928750
2019-09-03,11.770000,11.886250,11.612500,11.692500
2019-09-04,11.913750,12.045000,11.853737,12.030000
2019-09-05,12.287500,12.533750,12.280000,12.472500
2019-09-06,12.500000,12.513750,12.392000,12.443750
2019-09-09,12.517500,12.525000,12.258750,12.385000
2019-09-10,12.251250,12.326250,12.090000,12.326250
2019-09-11,12.357500,12.553750,12.303750,12.547500
2019-09-12,12.698750,12.837500,12.611250,12.641250
2019-09-13,12.607500,12.665000,12.522500,12.558750
2019-09-16,12.387500,12.491250,12.365000,12.432500
2019-09-17,12.437500,12.557500,12.392500,12.551250
2019-09-18,12.507500,12.556250,12.236250,12.550000
2019-09-19,12.590000,12.740000,12.538750,12.586250
2019-09-20,12.625000,12.643750,12.231250,12.320000
2019-09-23,12.308750,12.398750,12.225000,12.327500
2019-09-24,12.442500,12.488750,11.898750,11.992500
2019-09-25,11.972500,12.328750,11.776250,12.263750
2019-09-26,12.242500,12.252500,11.993750,12.173750
2019-09-27,12.212500,12.227500,11.707500,11.882500
2019-09-30,11.957625,12.131250,11.922500,12.091250
2019-10-01,12.180000,12.320000,11.860988,11.892500
2019-10-02,11.740000,11.740000,11.362500,11.483750
2019-10-03,11.487500,11.751713,11.205837,11.740000
2019-10-04,11.853750,12.115000,11.838750,12.086250
2019-10-07,12.008750,12.197500,11.962350,12.005000
2019-10-08,11.851250,11.953750,11.627500,11.632500
2019-10-09,11.832500,11.977500,11.770000,11.881250
2019-10-10,11.871250,12.143750,11.862500,12.046250
2019-10-11,12.325000,12.555000,12.312500,12.351250
2019-10-14,12.320000,12.431688,12.302500,12.362500
2019-10-15,12.430000,12.726250,12.421250,12.667500
2019-10-16,12.593750,12.662500,12.527537,12.603750
2019-10-17,12.757500,12.795000,12.582500,12.673750
2019-10-18,12.642500,12.685075,12.300000,12.428750
2019-10-21,12.552500,12.662500,12.497125,12.647500
2019-10-22,12.735000,12.781250,12.438750,12.445000
2019-10-23,12.383750,12.492500,12.352500,12.491250
2019-10-24,12.668750,12.744138,12.556250,12.727500
2019-10-25,12.598750,12.943750,12.593750,12.923750
2019-10-28,13.051250,13.221250,13.051250,13.185000
2019-10-29,13.140000,13.177500,12.977113,12.987500
2019-10-30,13.035000,13.147500,12.882500,13.091250
2019-10-31,13.175000,13.190000,12.967500,13.111250
2019-11-01,13.227500,13.356250,13.188750,13.356250
2019-11-04,13.535000,13.574875,13.468750,13.510000
2019-11-05,13.551250,13.575000,13.441375,13.515000
2019-11-06,13.500000,13.500000,13.336200,13.466250
2019-11-07,13.603750,13.728750,13.477500,13.556250
2019-11-08,13.506250,13.663750,13.435000,13.663750
2019-11-11,13.533750,13.633750,13.487500,13.625000
2019-11-12,13.647500,13.792500,13.605000,13.696250
2019-11-13,13.606250,13.731250,13.590000,13.677500
2019-11-14,13.603750,13.700625,13.525000,13.685000
2019-11-15,13.845000,13.870000,13.761250,13.855000
2019-11-18,13.842500,13.950000,13.730000,13.910000
2019-11-19,14.008750,14.008750,13.841250,13.941250
2019-11-20,13.875000,13.955000,13.565125,13.772500
2019-11-21,13.741250,13.760625,13.625000,13.710000
2019-11-22,13.772500,13.793750,13.586250,13.730000
2019-11-25,13.836250,14.056125,13.836250,14.052500
2019-11-26,14.067500,14.138750,14.037500,14.105000
2019-11-27,14.180000,14.300000,14.143750,14.300000
2019-11-29,14.231250,14.268750,14.152500,14.165000
2019-12-02,14.168750,14.173863,13.716250,13.852500
2019-12-03,13.505012,13.665000,13.358750,13.651250
2019-12-04,13.798663,13.860000,13.757100,13.790000
2019-12-05,13.891250,13.891250,13.715150,13.842500
2019-12-06,14.037500,14.161250,14.028125,14.131250
2019-12-09,14.087500,14.221250,14.003575,14.012500
2019-12-10,14.020000,14.117500,13.926250,13.988750
2019-12-11,14.045000,14.162500,14.007500,14.138750
2019-12-12,14.102500,14.450000,14.067500,14.350000
2019-12-13,14.332500,14.535000,14.270000,14.436250
2019-12-16,14.618750,14.758750,14.618750,14.712500
2019-12-17,14.763750,14.782500,14.692500,14.728750
2019-12-18,14.766250,14.842500,14.737500,14.750000
2019-12-19,14.776250,14.951250,14.775000,14.945000
2019-12-20,15.086250,15.115000,15.005000,15.068750
2019-12-23,15.173750,15.188750,15.116250,15.137500
2019-12-24,15.161250,15.172500,15.076250,15.138750
2019-12-26,15.191250,15.415000,15.191250,15.415000
2019-12-27,15.523750,15.523750,15.307500,15.377500
2019-12-30,15.365000,15.382500,15.031250,15.170000
2019-12-31,15.087500,15.255000,15.038750,15.236250
2020-01-02,15.488737,15.738750,15.433750,15.736250
2020-01-03,15.322500,15.638750,15.322500,15.457500
2020-01-06,15.200000,15.653750,15.168812,15.641250
2020-01-07,15.661250,15.731250,15.548512,15.633750
2020-01-08,15.630000,16.022500,15.587500,15.870000
2020-01-09,16.136250,16.202500,15.957500,16.151250
2020-01-10,16.272500,16.272500,16.006250,16.066250
2020-01-13,16.183750,16.435000,16.146238,16.426250
2020-01-14,16.401250,16.466075,16.246375,16.305000
2020-01-15,16.315000,16.460000,16.205838,16.307500
2020-01-16,16.463750,16.621250,16.401250,16.615000
2020-01-17,16.763750,16.806250,16.598750,16.783750
2020-01-21,16.687500,16.850000,16.678950,16.768750
2020-01-22,16.931250,17.046250,16.810000,16.853750
2020-01-23,16.831250,16.967500,16.678750,16.953750
2020-01-24,17.127500,17.150000,16.517500,16.663750
2020-01-27,15.927500,16.153750,15.812500,15.977500
2020-01-28,16.198750,16.538750,16.120000,16.460000
2020-01-29,16.652500,16.686250,16.376875,16.511250
2020-01-30,16.303750,16.648750,16.208388,16.631250
2020-01-31,16.765000,16.780000,15.985000,16.092500
2020-02-03,16.255000,16.661250,16.243125,16.571250
2020-02-04,17.037500,17.406250,16.930000,17.333750
2020-02-05,17.773750,17.773750,17.253763,17.466250
2020-02-06,17.550000,17.771250,17.426250,17.756250
2020-02-07,17.602500,17.797500,17.505000,17.596250
2020-02-10,17.491250,18.032500,17.482500,18.032500
2020-02-11,18.228750,18.346525,17.941250,18.032500
2020-02-12,18.238750,18.400000,18.162500,18.386250
2020-02-13,18.127500,18.485000,18.087500,18.325000
2020-02-14,18.390000,18.473750,18.268750,18.422500
2020-02-18,18.245000,18.518750,18.218800,18.453750
2020-02-19,18.662500,18.880000,18.633750,18.800000
2020-02-20,18.720000,18.793750,17.991250,18.435000
2020-02-21,18.275000,18.325000,17.595000,17.748750
2020-02-24,16.378750,16.806250,16.192500,16.370000
2020-02-25,16.636250,16.750000,15.385000,15.486250
2020-02-26,15.657500,16.177500,15.405000,15.620000
2020-02-27,14.842500,15.318625,14.053750,14.056250
2020-02-28,13.136250,14.271250,13.043812,14.197500
2020-03-02,14.496250,15.547500,14.098500,15.533750
2020-03-03,15.635000,15.991250,14.272500,14.542500
2020-03-04,15.091250,15.756250,14.797500,15.736250
2020-03-05,14.935000,15.471238,14.571200,14.788750
2020-03-06,13.805000,14.437500,13.572500,14.290000
2020-03-09,12.312500,13.336250,12.250000,12.322500
2020-03-10,13.257500,13.661250,12.312500,13.643750
2020-03-11,13.002500,13.186250,12.115000,12.453750
2020-03-12,10.783750,11.868750,10.118750,10.148750
2020-03-13,11.272500,12.137500,10.258125,12.082500
2020-03-16,9.563750,10.902500,9.000000,9.148750
2020-03-17,9.661250,10.632500,9.061250,10.382500
2020-03-18,9.198750,10.038750,8.641512,9.732500
2020-03-19,9.633750,10.497500,9.200000,9.866250
2020-03-20,10.308750,10.435000,9.020000,9.077500
2020-03-23,9.140000,9.493750,8.503750,9.123750
2020-03-24,10.070000,10.520000,9.901250,10.512500
2020-03-25,10.578725,11.169500,10.077500,10.323750
2020-03-26,10.515000,11.518750,10.482500,11.435000
2020-03-27,10.841250,11.258750,10.562500,10.596250
2020-03-30,10.835000,11.460000,10.762512,11.407500
2020-03-31,11.360000,11.783750,11.070000,11.197500
2020-04-01,10.552500,10.885000,10.093750,10.262500
2020-04-02,10.161250,10.691250,10.105125,10.670000
2020-04-03,10.611250,10.792500,10.130125,10.380000
2020-04-06,11.161250,11.974137,11.028750,11.856250
2020-04-07,12.533750,12.578750,11.788750,11.810000
2020-04-08,12.040000,12.400000,11.832500,12.323750
2020-04-09,12.536250,12.659375,12.163750,12.355000
2020-04-13,12.260000,12.687500,12.112500,12.638750
2020-04-14,13.145000,13.802500,13.055000,13.731250
2020-04-15,13.302487,13.657500,13.125000,13.417500
2020-04-16,13.715000,14.045000,13.455000,13.926250
2020-04-17,14.258750,14.330000,13.751262,14.156250
2020-04-20,13.906250,14.253750,13.822500,13.828750
2020-04-21,13.561250,13.629437,12.655000,12.800000
2020-04-22,13.353750,13.736250,13.245000,13.591250
2020-04-23,13.681250,14.015000,13.462500,13.526250
2020-04-24,13.568750,13.992500,13.388750,13.971250
2020-04-27,14.245000,14.303750,14.027500,14.141250
2020-04-28,14.400000,14.400000,13.600000,13.637500
2020-04-29,14.242500,14.720675,14.100000,14.567500
2020-04-30,14.730000,14.731250,14.376250,14.622500
2020-05-01,13.992500,14.281250,13.620000,13.738750
2020-05-04,13.608750,14.104375,13.545125,14.082500
2020-05-05,14.358750,14.717500,14.290000,14.396250
2020-05-06,14.622500,14.841250,14.456387,14.571250
2020-05-07,14.940000,15.066250,14.767500,14.957500
2020-05-08,15.177500,15.370000,15.047500,15.350000
2020-05-11,15.168750,15.771250,15.133800,15.605000
2020-05-12,15.707500,15.797375,14.973775,14.982500
2020-05-13,15.055000,15.307500,14.245000,14.608750
2020-05-14,14.431250,14.933750,14.152500,14.927500
2020-05-15,14.520000,15.132500,14.466250,15.120000
2020-05-18,15.530000,15.828750,15.426250,15.698750
2020-05-19,15.721250,16.017500,15.592500,15.597500
2020-05-20,15.968750,16.277500,15.968750,16.232500
2020-05-21,16.245000,16.331250,15.806988,15.875000
2020-05-22,15.812500,16.011250,15.686250,15.973750
2020-05-26,16.492500,16.521250,15.867500,15.910000
2020-05-27,15.823750,16.085000,15.187513,16.061250
2020-05-28,15.897500,16.508750,15.896250,15.998750
2020-05-29,16.095000,16.523750,15.851250,16.433750
2020-06-01,16.355000,16.647500,16.306250,16.608750
2020-06-02,16.648750,16.815000,16.303750,16.815000
2020-06-03,16.898750,17.071250,16.776250,16.962500
2020-06-04,16.903750,17.120000,16.536250,16.720000
2020-06-05,16.867500,17.473750,16.812500,17.375000
2020-06-08,17.357500,17.670000,17.133750,17.661250
2020-06-09,17.525000,18.042500,17.516250,17.902500
2020-06-10,18.162500,18.577500,18.092537,18.347500
2020-06-11,17.748750,17.948750,16.515800,16.533750
2020-06-12,17.247500,17.421250,16.202500,16.765000
2020-06-15,16.282500,17.290000,16.153813,17.183750
2020-06-16,17.921250,18.108750,17.157500,17.801250
2020-06-17,18.006250,18.170000,17.779375,17.887500
2020-06-18,17.846250,18.028750,17.730563,17.998750
2020-06-19,18.362500,18.392375,17.725000,17.976250
2020-06-22,17.977500,18.438750,17.920000,18.422500
2020-06-23,18.660000,19.065000,18.577500,18.716250
2020-06-24,18.602500,18.799375,17.726250,17.966250
2020-06-25,17.967500,18.328750,17.587500,18.311250
2020-06-26,18.255000,18.258750,17.350000,17.416250
2020-06-29,17.393750,17.807500,17.006463,17.783750
2020-06-30,17.793750,18.583750,17.771250,18.461250
2020-07-01,18.505000,19.085000,18.425000,18.931250
2020-07-02,19.306250,19.507500,19.119187,19.187500
2020-07-06,19.696250,20.212500,19.688750,20.136250
2020-07-07,20.087500,20.518750,19.813750,19.851250
2020-07-08,20.071250,20.383750,19.837500,20.366250
2020-07-09,20.673750,20.832500,20.013125,20.705000
2020-07-10,20.671250,21.041250,20.260000,21.013750
2020-07-13,21.461250,21.921925,20.003750,20.138750
2020-07-14,19.746250,20.483750,19.238750,20.432500
2020-07-15,20.632500,20.781900,19.971250,20.477500
2020-07-16,20.036250,20.318750,19.673750,20.191250
2020-07-17,20.316250,20.402500,19.920000,20.256250
2020-07-20,20.375000,21.508750,20.166250,21.420000
2020-07-21,21.676250,21.678750,20.830000,20.968750
2020-07-22,21.038750,21.258750,20.735000,21.116250
2020-07-23,21.044475,21.146125,19.781250,20.002500
2020-07-24,19.402500,19.842500,18.975000,19.617500
2020-07-27,19.891250,20.386250,19.770000,20.325000
2020-07-28,20.201250,20.283750,19.763750,19.820000
2020-07-29,20.045000,20.403750,19.980625,20.278750
2020-07-30,19.955000,20.565000,19.771250,20.482500
2020-07-31,21.213750,21.227500,20.438750,21.210000
2020-08-03,21.568750,21.897500,21.540000,21.771250
2020-08-04,21.677500,21.943750,21.571250,21.940000
2020-08-05,22.016250,22.117500,21.840000,22.055000
2020-08-06,22.008750,22.685500,21.907500,22.616250
2020-08-07,22.528750,22.665000,21.737500,22.107500
2020-08-10,22.155000,22.197500,21.332500,21.910000
2020-08-11,21.717513,21.938125,20.993750,21.092500
2020-08-12,21.427500,22.300000,21.427500,22.153750
2020-08-13,22.268750,22.625000,22.098038,22.241250
2020-08-14,22.327500,22.383750,21.957500,22.200000
2020-08-17,22.475000,22.761125,22.452500,22.692500
2020-08-18,22.885000,23.224750,22.640000,23.135000
2020-08-19,23.140000,23.312500,22.752500,22.832500
2020-08-20,22.692500,23.544975,22.632500,23.465000
2020-08-21,23.512500,23.862500,23.385000,23.777500
2020-08-24,24.337500,24.477500,23.690000,24.085000
2020-08-25,23.942500,24.472500,23.875250,24.460000
2020-08-26,24.670000,25.530000,24.655250,25.497500
2020-08-27,25.690000,25.832500,24.937500,25.327500
2020-08-28,25.555000,25.707500,25.325000,25.592500
2020-08-31,25.705000,26.337500,25.620175,26.040000
2020-09-01,26.497500,26.922500,26.177500,26.900000
2020-09-02,27.495000,27.507500,26.357500,27.402500
2020-09-03,26.587500,26.650000,24.082500,24.592500
2020-09-04,24.342500,24.872500,21.952500,23.940000
2020-09-08,22.065000,23.050000,21.608375,21.657500
2020-09-09,22.547525,23.277525,22.152500,22.920000
2020-09-10,23.440000,23.640000,21.712500,21.980000
2020-09-11,22.345000,22.467500,21.135000,21.702500
2020-09-14,22.327500,22.790000,22.117750,22.457500
2020-09-15,23.072500,23.332500,22.810000,23.097500
2020-09-16,23.212500,23.307500,22.307500,22.335000
2020-09-17,21.202475,21.990000,21.067525,21.670000
2020-09-18,21.862500,21.925000,20.427500,21.097500
2020-09-21,20.481025,21.280000,20.095000,21.280000
2020-09-22,21.670000,22.142500,21.110000,22.042500
2020-09-23,22.005000,22.022500,20.560000,20.687500
2020-09-24,20.295000,21.412500,20.242500,20.895000
2020-09-25,20.972500,21.995000,20.727500,21.885000
2020-09-28,22.675000,22.777500,22.236250,22.762500
2020-09-29,22.702500,22.857500,22.475000,22.557500
2020-09-30,22.585000,23.405000,22.560000,22.912500
2020-10-01,23.527500,23.730000,23.212500,23.607500
2020-10-02,22.562500,23.187500,22.127500,22.277500
2020-10-05,22.597500,23.270000,22.587500,23.242500
2020-10-06,23.082500,23.390000,22.230000,22.380000
2020-10-07,22.827500,23.292500,22.742500,23.200000
2020-10-08,23.565000,23.578750,23.227500,23.410000
2020-10-09,23.675000,24.130000,23.622500,24.120000
2020-10-12,24.935000,26.100000,24.750000,25.602500
2020-10-13,25.930000,26.045000,25.362500,25.585000
2020-10-14,25.757500,25.920000,24.870000,25.177500
2020-10-15,24.330000,24.945000,24.225000,24.822500
2020-10-16,25.132500,25.380000,24.525000,24.562500
2020-10-19,24.897500,25.062500,23.580000,23.735000
2020-10-20,23.892500,24.395000,23.617500,23.882500
2020-10-21,23.895000,24.347500,23.737600,23.822500
2020-10-22,23.972500,24.115000,23.262500,23.830000
2020-10-23,23.937500,23.937500,23.420000,23.937500
2020-10-26,23.505000,24.000000,22.574975,23.180000
2020-10-27,23.352500,23.690000,23.157500,23.537500
2020-10-28,22.795000,22.880000,21.675000,21.715000
2020-10-29,21.947500,22.965000,21.857500,22.437500
2020-10-30,22.137500,22.274975,20.952500,21.375000
2020-11-02,21.700000,21.981250,20.950000,21.435000
2020-11-03,21.710000,22.500000,21.567500,22.152500
2020-11-04,23.597500,24.429975,23.325000,24.135000
2020-11-05,25.250000,25.560000,24.992525,25.405000
2020-11-06,25.262500,25.552500,24.610000,25.447500
2020-11-09,25.902500,26.193750,24.324050,24.370000
2020-11-10,23.822500,24.065000,23.047500,23.535000
2020-11-11,23.917500,24.643750,23.864050,24.577500
2020-11-12,24.710000,24.957500,24.140000,24.345000
2020-11-13,24.617500,24.863750,24.245500,24.792500
2020-11-16,24.707500,25.200000,24.610000,25.122500
2020-11-17,25.180000,25.237500,24.867500,24.960000
2020-11-18,24.885000,25.170000,24.602500,24.607500
2020-11-19,24.517500,25.052500,24.400000,24.980000
2020-11-20,24.997500,25.112500,24.648750,24.660000
2020-11-23,24.832500,25.054750,24.270000,24.657500
2020-11-24,24.840000,25.435000,24.530000,25.362500
2020-11-25,25.520000,25.772500,25.375000,25.680000
2020-11-27,25.990000,26.330000,25.952500,26.135000
2020-11-30,26.185000,26.290000,25.395000,26.202500
2020-12-01,26.627500,27.200000,26.447500,26.950000
2020-12-02,26.682500,27.037500,26.355000,26.970000
2020-12-03,27.005000,27.330000,26.920000,27.032500
2020-12-04,27.057500,27.290000,26.930000,27.287500
2020-12-07,27.300000,27.637500,27.270000,27.575000
2020-12-08,27.490000,27.812500,27.160000,27.745000
2020-12-09,27.735000,27.765725,26.305000,26.527500
2020-12-10,26.132500,26.917500,25.940025,26.700000
2020-12-11,26.405000,26.615000,26.000000,26.602500
2020-12-14,26.785000,27.332500,26.785000,26.950000
2020-12-15,27.395000,27.550000,26.995000,27.550000
2020-12-16,27.635000,28.005000,27.447500,27.855000
2020-12-17,28.160000,28.262500,27.932500,28.217500
2020-12-18,28.352500,28.390000,27.607500,28.022500
2020-12-21,27.500000,28.042500,26.977500,27.950000
2020-12-22,28.112500,28.265000,27.570000,28.085000
2020-12-23,28.100000,28.162500,27.780000,27.805000
2020-12-24,27.857500,28.127500,27.850000,28.047500
2020-12-28,28.527500,28.702500,28.197750,28.617500
2020-12-29,28.867500,28.980000,28.500000,28.670000
2020-12-30,28.880000,28.940000,28.547500,28.645000
2020-12-31,28.652500,28.885000,28.452500,28.777500
2021-01-04,29.055000,29.080000,27.240000,27.967500
2021-01-05,27.800000,28.476525,27.792650,28.422500
2021-01-06,27.572500,28.445000,27.370000,27.660000
2021-01-07,28.145000,29.142500,28.145000,29.010000
2021-01-08,29.425000,29.795000,29.010000,29.740000
2021-01-11,29.160000,29.385000,28.740000,28.855000
2021-01-12,28.885000,29.082500,28.282500,28.785000
2021-01-13,28.830000,29.310000,28.720025,29.157500
2021-01-14,29.237500,29.432475,28.765000,28.837500
2021-01-15,28.817500,28.987500,28.177500,28.390000
2021-01-19,28.822500,29.307775,28.625000,29.230000
2021-01-20,29.887500,30.750000,29.832500,30.567500
2021-01-21,30.765000,31.202500,30.570000,31.082500
2021-01-22,30.887500,31.080000,30.750000,30.887500
2021-01-25,31.547500,31.802525,30.125000,31.435000
2021-01-26,31.540000,31.703750,31.227500,31.480000
2021-01-27,31.030000,31.032500,29.337500,29.785000
2021-01-28,29.945000,31.017500,29.842500,30.082500
2021-01-29,29.740000,29.951850,28.467500,28.842500
2021-02-01,29.470000,30.432500,29.106250,30.260000
2021-02-02,30.825000,31.450000,30.787525,31.252500
2021-02-03,31.625000,31.705000,30.972500,30.982500
2021-02-04,31.267500,31.725000,30.995000,31.722500
2021-02-05,31.912500,32.125000,31.582425,31.945000
2021-02-08,32.265000,32.380000,31.947500,32.345000
2021-02-09,32.167500,32.587500,32.167500,32.335000
2021-02-10,32.607500,32.700000,31.552725,32.177500
2021-02-11,32.500000,32.617500,32.065000,32.535000
2021-02-12,32.377500,32.932500,32.165000,32.895000
2021-02-16,33.055000,33.238750,32.487500,32.725000
2021-02-17,32.122500,32.457500,31.670000,32.407500
2021-02-18,31.685000,32.257500,31.327500,32.112500
2021-02-19,32.387500,32.405000,31.647500,31.842500
2021-02-22,30.965000,31.217500,30.160000,30.192500
2021-02-23,29.160000,30.327500,28.052500,30.005000
2021-02-24,29.490000,30.562500,28.972500,30.495000
2021-02-25,29.970000,30.472500,28.070000,28.335000
2021-02-26,28.912500,29.505000,28.022500,28.635000
2021-03-01,29.557500,30.387500,29.295000,30.327500
2021-03-02,30.445000,30.459600,29.305000,29.345000
2021-03-03,29.142500,29.317500,27.635000,27.655000
2021-03-04,27.562500,28.155000,26.022500,26.727500
2021-03-05,27.215000,27.697750,25.600000,27.547500
2021-03-08,27.435000,27.780000,25.902500,25.980000
2021-03-09,27.272500,28.362500,27.187500,28.035000
2021-03-10,28.817500,28.925000,27.742500,27.867500
2021-03-11,28.745000,29.465000,28.572500,29.160000
2021-03-12,28.370000,28.695000,27.935000,28.672500
2021-03-15,28.725000,29.312500,28.422500,29.292500
2021-03-16,29.690000,30.262500,29.330000,29.612500
2021-03-17,29.022500,30.202500,28.695000,29.847500
2021-03-18,28.912500,29.090000,27.928750,28.007500
2021-03-19,27.987500,28.492500,27.585000,28.260000
2021-03-22,28.632500,29.637750,28.632500,29.275000
2021-03-23,29.455000,29.712500,28.854775,28.972500
2021-03-24,29.272500,29.272500,28.007500,28.012500
2021-03-25,27.677500,28.202675,27.219250,27.932500
2021-03-26,27.887500,28.820000,27.636250,28.765000
2021-03-29,28.667500,28.940000,28.122500,28.740000
2021-03-30,28.380000,28.562500,27.950000,28.460000
2021-03-31,28.790000,29.607500,28.721250,29.297500
2021-04-01,30.057500,30.347075,30.005000,30.325000
2021-04-05,30.802500,31.675000,30.752500,31.540000
2021-04-06,31.465000,31.862500,31.350000,31.472500
2021-04-07,31.397500,31.791750,31.212500,31.627500
2021-04-08,32.202500,32.327500,32.035000,32.292500
2021-04-09,32.022500,32.715000,31.890000,32.687500
2021-04-12,32.472500,32.680000,32.220000,32.592500
2021-04-13,32.895000,33.442500,32.865000,33.352500
2021-04-14,33.405000,33.405000,32.387500,32.550000
2021-04-15,33.120000,33.605000,33.100000,33.527500
2021-04-16,33.637500,33.652500,33.242500,33.617500
2021-04-19,33.305000,33.527500,32.610000,32.997500
2021-04-20,32.852500,33.124800,32.115000,32.495000
2021-04-21,32.262500,33.105000,32.055000,33.070000
2021-04-22,32.982500,33.187500,32.039975,32.275000
2021-04-23,32.397500,33.336250,32.397500,33.085000
2021-04-26,33.132500,33.556525,32.982200,33.512500
2021-04-27,33.560000,33.595000,33.022500,33.205000
2021-04-28,33.152500,33.352500,32.865000,32.942500
2021-04-29,33.637500,33.725000,32.585000,33.217500
2021-04-30,32.727500,33.225000,32.612500,32.767500
2021-05-03,33.020000,33.167300,32.350000,32.432500
2021-05-04,31.920000,31.981250,30.505025,31.260000
2021-05-05,31.662500,31.827500,30.906250,31.035000
2021-05-06,31.005000,31.547500,30.567500,31.520000
2021-05-07,32.057500,32.497500,31.817500,32.015000
2021-05-10,31.755000,31.785025,30.375000,30.387500
2021-05-11,29.265000,30.475000,29.150000,30.330000
2021-05-12,29.367500,29.815000,28.595000,28.760000
2021-05-13,29.302500,29.747500,28.752500,29.205000
2021-05-14,29.802500,30.657500,29.697500,30.480000
2021-05-17,30.140000,30.280000,29.567500,30.112500
2021-05-18,30.300000,30.522500,29.657500,29.697500
2021-05-19,28.680000,29.827500,28.615000,29.767500
2021-05-20,30.047500,31.085000,30.017500,30.920000
2021-05-21,31.225000,31.300000,30.505000,30.570000
2021-05-24,31.022500,31.820000,30.947500,31.607500
2021-05-25,31.905000,32.042400,31.460000,31.690000
2021-05-26,31.825000,32.000000,31.685050,31.900000
2021-05-27,31.815000,31.984750,31.640000,31.670000
2021-05-28,31.905000,32.180000,31.810000,31.845000
2021-06-01,32.130000,32.222500,31.395000,31.650000
2021-06-02,31.735000,31.935000,31.435150,31.770000
2021-06-03,31.210000,31.465000,30.785000,31.085000
2021-06-04,31.460000,32.250000,31.437500,32.180000
2021-06-07,32.035000,32.365000,31.925000,32.345000
2021-06-08,32.702500,32.870000,32.055000,32.370000
2021-06-09,32.660000,32.810000,32.365000,32.400000
2021-06-10,32.468950,33.095000,32.390000,33.080000
2021-06-11,33.075000,33.245000,32.945000,33.240000
2021-06-14,33.335000,33.880000,33.100000,33.875000
2021-06-15,33.805000,33.875000,33.295000,33.425000
2021-06-16,33.525000,33.740000,32.495000,33.185000
2021-06-17,32.985000,34.230000,32.975000,34.025000
2021-06-18,33.705000,33.930000,33.345000,33.495000
2021-06-21,33.535000,33.970000,33.085000,33.900000
2021-06-22,33.870000,34.630000,33.805000,34.535000
2021-06-23,34.530000,34.805000,34.409450,34.560000
2021-06-24,34.980000,35.310000,34.860000,34.990000
2021-06-25,35.110000,35.165000,34.790000,34.915000
2021-06-28,35.200000,35.785000,35.165000,35.755000
2021-06-29,35.715000,36.020000,35.555000,36.010000
2021-06-30,35.980000,36.060000,35.780000,35.905000
2021-07-01,35.820000,36.025000,35.549950,35.930000
2021-07-02,36.320000,36.810050,36.279250,36.740000
2021-07-06,36.865000,37.120000,36.305000,37.050000
2021-07-07,37.520000,37.580000,36.810000,37.180000
2021-07-08,36.135000,36.945000,35.865000,36.780000
2021-07-09,36.640000,37.325000,36.520000,37.225000
2021-07-12,37.515000,37.610000,37.182400,37.510000
2021-07-13,37.435000,38.144850,37.330000,37.495000
2021-07-14,38.015000,38.140000,37.470000,37.625000
2021-07-15,37.620000,37.649950,36.685250,37.095000
2021-07-16,37.300000,37.495550,36.435000,36.500000
2021-07-19,35.765000,36.010000,35.365000,35.900000
2021-07-20,36.110000,37.040000,35.750000,36.735000
2021-07-21,36.655000,37.300000,36.600000,37.275000
2021-07-22,37.355000,37.795000,37.355000,37.795000
2021-07-23,38.085000,38.730000,37.815000,38.655000
2021-07-26,38.530000,38.820000,38.340000,38.740000
2021-07-27,38.675000,38.685000,36.980000,37.890000
2021-07-28,38.120000,38.505000,37.640000,38.160000
2021-07-29,38.060000,38.550000,38.050000,38.310000
2021-07-30,37.460000,38.020000,37.440000,37.900000
2021-08-02,38.255000,38.375000,37.780000,37.895000
2021-08-03,38.060000,38.375000,37.360550,38.355000
2021-08-04,38.350000,38.672500,38.120000,38.480000
2021-08-05,38.640000,38.997500,38.495000,38.965000
2021-08-06,38.675000,38.885000,38.375000,38.610000
2021-08-09,38.710000,38.865000,38.475000,38.750000
2021-08-10,38.855000,38.920000,38.095000,38.360000
2021-08-11,38.625000,38.730000,37.932500,38.235000
2021-08-12,38.105000,38.570000,37.825000,38.505000
2021-08-13,38.570000,38.830000,38.475000,38.755000
2021-08-16,38.515000,38.800000,37.685000,38.785000
2021-08-17,38.195000,38.405000,37.585050,38.105000
2021-08-18,38.000000,38.290000,37.300000,37.365000
2021-08-19,36.950000,38.086500,36.900000,37.735000
2021-08-20,37.940000,38.590000,37.895000,38.520000
2021-08-23,38.735000,39.810000,38.735000,39.660000
2021-08-24,39.800000,40.034950,39.685000,39.905000
2021-08-25,39.965000,40.120000,39.795000,39.950000
2021-08-26,39.815000,39.955000,39.400000,39.485000
2021-08-27,39.625000,40.347500,39.520000,40.260000
2021-08-30,40.415000,41.255000,40.415000,41.165000
2021-08-31,41.205000,41.205000,40.740000,41.080000
2021-09-01,41.320000,41.675000,41.175000,41.225000
2021-09-02,41.515000,41.585000,40.905000,41.175000
2021-09-03,40.910000,41.515000,40.910000,41.435000
2021-09-07,41.440000,41.684000,41.190000,41.535000
2021-09-08,41.500000,41.500000,40.745000,41.265000
2021-09-09,41.290000,41.540000,40.910000,40.940000
2021-09-10,41.375000,41.490000,40.265000,40.330000
2021-09-13,40.845000,40.940000,39.825000,40.275000
2021-09-14,40.600000,40.765000,39.840000,40.040000
2021-09-15,40.155000,40.717500,39.645000,40.630000
2021-09-16,40.360000,40.820000,39.925000,40.705000
2021-09-17,40.600000,40.600000,39.500000,39.740000
2021-09-20,38.450000,38.840000,37.070000,38.085000
2021-09-21,38.470000,38.725000,37.940000,38.160000
2021-09-22,38.380000,39.200000,38.145000,38.890000
2021-09-23,39.125000,39.830000,38.996000,39.600000
2021-09-24,39.100000,39.767500,39.040000,39.665000
2021-09-27,39.000000,39.230000,38.485000,39.050000
2021-09-28,38.060000,38.195000,36.725000,36.820000
2021-09-29,37.105000,37.540000,36.580000,36.730000
2021-09-30,37.060000,37.399450,36.365000,36.385000
2021-10-01,36.545000,37.095000,35.705000,36.875000
2021-10-04,36.535000,36.612100,34.865000,35.345000
2021-10-05,35.535000,36.745000,35.515000,36.290000
2021-10-06,35.615000,36.805000,35.425000,36.745000
2021-10-07,37.380000,37.970000,37.285000,37.420000
2021-10-08,37.655000,37.690000,36.935000,37.040000
2021-10-11,36.730000,37.455000,36.455000,36.475000
2021-10-12,36.780000,36.860000,36.082500,36.230000
2021-10-13,36.690000,36.930000,36.285000,36.800000
2021-10-14,37.550000,38.195000,37.415000,38.150000
2021-10-15,38.410000,38.650000,38.195000,38.630000
2021-10-18,38.355000,39.445000,38.230000,39.410000
2021-10-19,39.640000,40.010000,39.495000,39.985000
2021-10-20,40.105000,40.225000,39.570000,39.890000
2021-10-21,39.720000,40.415000,39.645000,40.380000
2021-10-22,40.095000,40.305000,39.330000,39.690000
2021-10-25,40.005000,40.705000,39.585650,40.500000
2021-10-26,41.000000,41.528500,40.505000,40.725000
2021-10-27,40.865000,41.620000,40.805000,40.935000
2021-10-28,41.365000,41.905000,41.205000,41.860000
2021-10-29,41.160000,42.300000,41.085000,42.270000
2021-11-01,42.370000,42.570000,41.895000,42.555000
2021-11-02,42.410000,43.014550,42.405200,42.915000
2021-11-03,43.005000,43.905000,42.780000,43.820000
2021-11-04,44.105000,45.155000,43.975000,44.930000
2021-11-05,45.345000,45.564500,44.700000,45.020000
2021-11-08,45.010000,45.245000,44.745000,44.900000
2021-11-09,45.150000,45.225000,43.960000,44.265000
2021-11-10,43.620000,44.275000,42.530000,42.975000
2021-11-11,43.650000,43.685000,43.125000,43.215000
2021-11-12,43.460000,44.234500,43.105000,44.120000
2021-11-15,44.385000,44.455000,43.530000,44.105000
2021-11-16,43.930000,44.830000,43.900000,44.725000
2021-11-17,44.795000,45.230000,44.555000,44.765000
2021-11-18,45.235000,45.800000,44.720000,45.685000
2021-11-19,46.065000,46.490000,45.867500,46.190000
2021-11-22,46.555000,47.270000,45.100000,45.135000
2021-11-23,44.855000,45.325000,43.680050,44.710000
2021-11-24,44.130000,45.050000,43.594950,45.025000
2021-11-26,44.370000,44.695000,42.970000,43.225000
2021-11-29,44.320000,45.370000,44.160000,45.145000
2021-11-30,44.935000,45.485000,43.360000,43.805000
2021-12-01,44.825000,45.300000,42.240000,42.320000
2021-12-02,42.050000,43.325000,41.720000,42.945000
2021-12-03,43.220000,43.455000,40.510000,41.450000
2021-12-06,41.545000,42.405000,40.620000,42.130000
2021-12-07,43.575000,44.770000,43.574950,44.665000
2021-12-08,44.710000,45.075000,44.275000,45.040000
2021-12-09,44.760000,45.165000,43.657500,43.710000
2021-12-10,44.340000,44.705000,43.625000,44.655000
2021-12-13,44.645000,44.705000,43.280000,43.360000
2021-12-14,42.245000,42.875000,41.480000,42.490000
2021-12-15,42.395000,44.465000,41.510000,44.390000
2021-12-16,44.620000,44.705000,41.740000,42.120000
2021-12-17,41.320000,42.610000,40.995000,41.690000
2021-12-20,40.605000,41.035000,40.165000,40.850000
2021-12-21,41.580000,42.760000,40.760000,42.680000
2021-12-22,42.615000,43.765000,42.472500,43.730000
2021-12-23,43.800000,44.722500,43.770000,44.400000
2021-12-27,44.700000,45.835000,44.670000,45.825000
2021-12-28,46.050000,46.125000,45.220000,45.450000
2021-12-29,45.460000,45.740000,44.855000,45.410000
2021-12-30,45.355000,45.855000,44.995000,45.095000
2021-12-31,44.965000,45.275000,44.455000,44.510000
2022-01-03,44.825000,45.479350,44.342500,45.435000
2022-01-04,45.540000,45.550000,43.515000,44.245000
2022-01-05,43.850000,44.105000,41.470000,41.495000
2022-01-06,41.095000,42.172500,40.610050,41.465000
2022-01-07,41.445000,41.825000,40.165000,40.550000
2022-01-10,39.485000,40.715000,38.304650,40.645000
2022-01-11,40.425000,41.850000,39.980000,41.840000
2022-01-12,42.415000,42.755000,41.645000,42.170000
2022-01-13,42.440000,42.605000,39.834950,40.035000
2022-01-14,39.485000,40.600000,39.460000,40.540000
2022-01-18,39.250000,39.715000,38.345000,38.550000
2022-01-19,38.820000,39.365000,37.610000,37.660000
2022-01-20,38.325000,39.175000,36.565050,36.665000
2022-01-21,36.225000,36.765000,34.585000,34.600000
2022-01-24,33.510000,35.090000,31.185000,35.020000
2022-01-25,33.615000,34.505000,32.655000,33.270000
2022-01-26,34.825000,35.595000,32.490000,33.325000
2022-01-27,34.160000,34.515000,32.350000,32.550000
2022-01-28,32.921850,34.635000,31.954400,34.635000
2022-01-31,34.855000,36.920000,34.540000,36.855000
2022-02-01,37.068650,37.434550,36.000000,37.295000
2022-02-02,38.185000,38.225000,37.045000,37.920000
2022-02-03,35.845000,36.540000,34.605000,34.810000
2022-02-04,34.925000,36.360000,34.510000,35.700000
2022-02-07,35.790000,36.295000,34.865000,35.140000
2022-02-08,34.890000,36.125000,34.660000,35.930000
2022-02-09,36.815000,37.455000,36.510000,37.455000
2022-02-10,35.940000,37.370000,35.345000,35.750000
2022-02-11,35.730000,36.050000,33.210000,33.495000
2022-02-14,33.335000,34.210000,32.845550,33.585000
2022-02-15,34.590000,35.249950,34.380000,35.230000
2022-02-16,34.750000,35.390000,34.130000,35.195000
2022-02-17,34.515000,34.670000,33.010000,33.105000
2022-02-18,33.260000,33.345000,31.890000,32.340000
2022-02-22,31.755000,32.810000,30.985000,31.685000
2022-02-23,32.285000,32.445000,30.005000,30.075000
2022-02-24,28.120000,32.160000,28.060000,32.090000
2022-02-25,32.225000,33.101900,31.485000,33.080000
2022-02-28,32.445000,33.590000,32.220000,33.335000
2022-03-01,33.060000,33.505000,31.765000,32.240000
2022-03-02,32.545000,33.560000,32.005000,33.300000
2022-03-03,33.860000,33.865000,32.000000,32.350000
2022-03-04,31.895000,32.175000,30.975000,31.440000
2022-03-07,31.425000,31.640000,29.065000,29.105000
2022-03-08,28.955000,30.595000,28.215000,28.820000
2022-03-09,30.340000,31.150000,29.860000,30.930000
2022-03-10,30.121600,30.440000,29.375000,30.235000
2022-03-11,30.770000,30.825000,28.870000,28.955000
2022-03-14,28.735000,29.345000,27.715000,27.860000
2022-03-15,28.320000,29.725000,28.030000,29.580000
2022-03-16,30.315000,31.802000,29.640000,31.795000
2022-03-17,31.430000,32.535000,31.170000,32.535000
2022-03-18,32.225000,33.940000,32.005000,33.890000
2022-03-21,33.715000,34.150000,32.824950,33.700000
2022-03-22,33.795000,35.180000,33.720000,35.010000
2022-03-23,34.450000,35.147500,34.000000,34.005000
2022-03-24,34.390000,35.525000,33.965000,35.520000
2022-03-25,35.490000,35.707500,34.592500,35.470000
2022-03-28,35.450000,36.565000,35.200000,36.565000
2022-03-29,37.360000,37.930000,36.780000,37.795000
2022-03-30,37.425000,37.760000,36.662500,36.990000
2022-03-31,37.000000,37.070000,35.890000,35.960000
2022-04-01,36.110000,36.265000,35.270000,35.935000
2022-04-04,36.080000,37.385000,36.025000,37.380000
2022-04-05,37.085000,37.230000,35.475000,35.745000
2022-04-06,34.635000,34.860000,33.640000,34.150000
2022-04-07,33.975000,34.765000,33.280000,34.335000
2022-04-08,33.995000,34.135000,33.252500,33.360000
2022-04-11,32.530000,32.715000,31.725000,31.790000
2022-04-12,32.705000,33.050000,31.260000,31.540000
2022-04-13,31.575000,32.995000,31.445000,32.790000
2022-04-14,32.800000,32.910000,31.257500,31.285000
2022-04-18,31.085000,31.775000,30.805000,31.385000
2022-04-19,31.215000,32.845000,31.025000,32.715000
2022-04-20,32.910000,32.985000,31.555000,31.760000
2022-04-21,32.530000,33.020000,30.295000,30.490000
2022-04-22,30.495000,30.725000,28.795000,28.860000
2022-04-25,28.555000,29.665000,28.340000,29.620000
2022-04-26,29.235000,29.260000,27.320200,27.335000
2022-04-27,27.375000,28.355000,27.000000,27.305000
2022-04-28,28.180000,29.560000,27.435000,29.225000
2022-04-29,28.470000,29.100000,26.505000,26.600000
2022-05-02,26.530000,27.530000,25.996250,27.495000
2022-05-03,27.490000,27.950000,27.065000,27.580000
2022-05-04,27.645000,29.530000,26.700000,29.430000
2022-05-05,28.605000,28.635000,25.845000,26.505000
2022-05-06,26.094950,26.795000,25.115000,25.840000
2022-05-09,24.860000,25.265000,23.550000,23.790000
2022-05-10,24.965000,25.155000,23.695000,24.375000
2022-05-11,23.985000,24.900000,22.780000,22.910000
2022-05-12,22.215000,23.525000,21.830000,22.810000
2022-05-13,23.520000,24.654500,23.255000,24.475000
2022-05-16,24.195000,24.535000,23.710000,23.925000
2022-05-17,24.875000,25.217500,24.260000,25.160000
2022-05-18,24.380000,24.510000,22.475000,22.660000
2022-05-19,22.365000,23.180000,22.120000,22.435000
2022-05-20,22.985000,23.085000,20.980000,22.280000
2022-05-23,22.460000,23.084750,22.075000,23.025000
2022-05-24,22.180000,22.292500,21.265000,22.040000
2022-05-25,21.805000,22.990000,21.780000,22.670000
2022-05-26,22.535000,24.160000,22.490000,23.915000
2022-05-27,24.430000,25.500000,24.410000,25.500000
2022-05-31,25.480000,25.845000,24.680000,25.335000
2022-06-01,25.705000,26.060000,24.590000,24.965000
2022-06-02,24.775000,26.350000,24.535000,26.340000
2022-06-03,25.425000,25.665000,24.735000,24.930000
2022-06-06,25.695000,25.950000,24.857500,25.120000
2022-06-07,24.550000,25.675000,24.365000,25.565000
2022-06-08,25.405000,25.850000,25.032500,25.180000
2022-06-09,24.875000,25.400000,23.799550,23.805000
2022-06-10,22.900000,23.095000,22.068800,22.110000
2022-06-13,20.735000,21.120000,19.935000,20.075000
2022-06-14,20.410000,20.540000,19.767500,20.170000
2022-06-15,20.660000,21.735000,20.245000,21.155000
2022-06-16,20.060000,20.125000,19.117500,19.460000
2022-06-17,19.550000,20.260000,19.307500,19.910000
2022-06-21,20.570000,21.249350,20.558750,20.915000
2022-06-22,20.505000,21.514500,20.440000,20.845000
2022-06-23,21.225000,21.590000,20.792500,21.465000
2022-06-24,21.900000,22.985000,21.870000,22.975000
2022-06-27,23.145000,23.232500,22.410000,22.585000
2022-06-28,22.680000,23.080000,21.178600,21.200000
2022-06-29,21.170000,21.470000,20.805000,21.260000
2022-06-30,20.780000,21.245000,20.035000,20.705000
2022-07-01,20.490000,21.035000,20.230000,20.975000
2022-07-05,20.410000,21.705250,20.170000,21.695000
2022-07-06,21.750000,22.290000,21.485000,21.960000
2022-07-07,22.100000,23.010000,22.100000,22.895000
2022-07-08,22.440000,23.175000,22.315000,22.970000
2022-07-11,22.575000,22.610000,21.840000,21.960000
2022-07-12,22.165000,22.465000,21.300000,21.545000
2022-07-13,20.695000,21.820000,20.615000,21.465000
2022-07-14,21.050000,21.730000,20.570000,21.610000
2022-07-15,22.070000,22.395950,21.815000,22.380000
2022-07-18,22.815000,23.040000,21.830000,22.005000
2022-07-19,22.575000,23.395050,22.315000,23.345000
2022-07-20,23.420000,24.280000,23.300000,24.085000
2022-07-21,24.150000,24.780000,23.739450,24.775000
2022-07-22,24.640000,24.975000,23.605000,23.905000
2022-07-25,23.900000,23.975000,23.310000,23.650000
2022-07-26,23.360000,23.390000,22.570000,22.695000
2022-07-27,23.410000,24.885000,23.335000,24.615000
2022-07-28,24.575000,25.189750,23.960000,25.080000
2022-07-29,25.345000,26.150000,25.115000,26.010000
2022-08-01,25.710000,26.550000,25.525000,25.980000
2022-08-02,25.575000,26.505050,25.405000,25.805000
2022-08-03,26.100000,27.355000,26.090000,27.210000
2022-08-04,27.215000,27.512500,26.855500,27.445000
2022-08-05,26.580000,27.362500,26.440000,27.010000
2022-08-08,27.170000,27.800000,26.590000,26.835000
2022-08-09,26.500000,26.550000,25.950000,26.220000
2022-08-10,27.475000,27.730000,27.045000,27.680000
2022-08-11,28.085000,28.430000,27.240000,27.365000
2022-08-12,27.720000,28.455000,27.532500,28.445000
2022-08-15,28.250000,28.965000,28.250000,28.875000
2022-08-16,28.690000,29.110000,28.200000,28.740000
2022-08-17,28.170000,28.585000,27.717700,28.075000
2022-08-18,28.045000,28.410000,27.780000,28.220000
2022-08-19,27.675000,27.775000,26.970000,27.110000
2022-08-22,26.360000,26.400000,25.525000,25.675000
2022-08-23,25.625000,26.095000,25.495000,25.630000
2022-08-24,25.540000,26.072650,25.445000,25.775000
2022-08-25,26.060000,26.675350,25.886050,26.670000
2022-08-26,26.625000,26.820000,24.475000,24.480000
2022-08-29,24.000000,24.435000,23.815000,24.000000
2022-08-30,24.265000,24.350000,23.050000,23.460000
2022-08-31,23.915000,24.055000,23.168750,23.185000
2022-09-01,22.775000,23.245000,22.190000,23.200000
2022-09-02,23.655000,23.862500,22.275000,22.535000
2022-09-06,22.595000,22.749950,21.875000,22.210000
2022-09-07,22.265000,23.253000,22.240000,23.100000
2022-09-08,22.755000,23.540000,22.555000,23.335000
2022-09-09,23.689950,24.425000,23.680000,24.345000
2022-09-12,24.565000,24.980000,24.522500,24.920000
2022-09-13,23.470000,23.680000,22.045000,22.175000
2022-09-14,22.362500,22.665000,22.085000,22.540000
2022-09-15,22.210000,22.600000,21.526250,21.760000
2022-09-16,21.260000,21.560000,20.950000,21.495000
2022-09-19,21.095000,21.855000,21.085500,21.840000
2022-09-20,21.445000,21.830000,21.135050,21.475000
2022-09-21,21.620000,22.260000,20.690000,20.700000
2022-09-22,20.460000,20.625000,20.015000,20.200000
2022-09-23,19.835000,19.867650,19.033750,19.540000
2022-09-26,19.450000,20.095000,19.260000,19.345000
2022-09-27,19.850000,20.190000,19.045000,19.395000
2022-09-28,19.380000,20.335000,19.162500,20.150000
2022-09-29,19.555000,19.610000,18.545000,19.015000
2022-09-30,18.870000,19.435000,18.315000,18.330000
2022-10-03,18.570000,19.415000,18.374400,19.195000
2022-10-04,19.960000,20.495000,19.951700,20.400000
2022-10-05,19.825000,20.635000,19.440000,20.365000
2022-10-06,20.220000,20.675000,19.990000,20.040000
2022-10-07,19.360000,19.370000,18.317500,18.505000
2022-10-10,18.525000,18.585000,17.760000,18.110000
2022-10-11,17.895000,18.290000,17.400000,17.660000
2022-10-12,17.725000,17.982800,17.525000,17.630000
2022-10-13,16.605000,18.615000,16.487500,18.430000
2022-10-14,18.760000,18.845000,17.245000,17.310000
2022-10-17,18.125000,18.582500,18.125000,18.485000
2022-10-18,19.445000,19.535000,18.380000,18.775000
2022-10-19,18.530000,19.045000,18.270000,18.615000
2022-10-20,18.480000,19.195000,18.245000,18.405000
2022-10-21,18.250000,19.345000,18.090000,19.285000
2022-10-24,19.310000,19.830000,18.785000,19.705000
2022-10-25,19.830000,20.558700,19.830000,20.510000
2022-10-26,19.670000,20.470000,19.527500,19.590000
2022-10-27,19.425000,19.635000,18.804650,18.865000
2022-10-28,18.775000,20.090000,18.770000,20.030000
2022-10-31,19.685000,19.810000,19.280000,19.540000
2022-11-01,20.055000,20.132050,19.100000,19.145000
2022-11-02,19.150000,19.575000,17.825000,17.835000
2022-11-03,17.460000,17.665000,17.077500,17.140000
2022-11-04,17.795000,17.932500,16.950000,17.685000
2022-11-07,17.830000,18.140000,17.535000,18.070000
2022-11-08,18.270000,18.770000,17.785000,18.320000
2022-11-09,18.065000,18.170000,17.425000,17.460000
2022-11-10,19.165000,20.085000,18.870000,20.040000
2022-11-11,20.025000,20.877500,19.830000,20.780000
2022-11-14,20.480000,20.962500,20.275000,20.405000
2022-11-15,21.385000,21.525000,20.487500,20.980000
2022-11-16,20.685000,20.725000,20.275000,20.395000
2022-11-17,19.720000,20.510000,19.700000,20.290000
2022-11-18,20.735000,20.760000,19.945000,20.295000
2022-11-21,20.087750,20.260000,19.754650,19.870000
2022-11-22,19.975000,20.464950,19.663150,20.440000
2022-11-23,20.440000,20.930000,20.405000,20.845000
2022-11-25,20.605000,20.705000,20.495000,20.560000
2022-11-28,20.275000,20.565000,19.822500,19.950000
2022-11-29,19.980000,20.040000,19.450000,19.655000
2022-11-30,19.685000,21.450000,19.570000,21.450000
2022-12-01,21.485000,21.770000,21.070000,21.490000
2022-12-02,20.730000,21.432500,20.700000,21.320000
2022-12-05,20.985000,21.175000,20.375000,20.580000
2022-12-06,20.560000,20.580000,19.530000,19.730000
2022-12-07,19.550000,19.850000,19.330000,19.560000
2022-12-08,19.755000,20.160000,19.464350,20.035000
2022-12-09,19.880000,20.270000,19.700000,19.775000
2022-12-12,19.785000,20.260000,19.645000,20.255000
2022-12-13,21.835000,21.857500,20.300000,20.695000
2022-12-14,20.590000,21.082500,19.915000,20.375000
2022-12-15,19.760000,19.865000,18.825000,19.005000
2022-12-16,18.895000,19.115000,18.410000,18.630000
2022-12-19,18.660000,18.670000,17.935000,18.125000
2022-12-20,17.940000,18.310000,17.730000,18.075000
2022-12-21,18.215000,18.772500,18.100000,18.605000
2022-12-22,18.115000,18.125000,17.035000,17.630000
2022-12-23,17.445000,17.780000,17.190000,17.715000
2022-12-27,17.615000,17.624650,17.120000,17.180000
2022-12-28,17.130000,17.435000,16.690000,16.725000
2022-12-29,17.080000,17.655000,17.000000,17.535000
2022-12-30,17.155000,17.525000,16.985000,17.520000
2023-01-03,17.820000,18.015000,16.960000,17.275000
2023-01-04,17.555000,17.655000,17.015000,17.440000
2023-01-05,17.205000,17.215000,16.832500,16.870000
2023-01-06,17.090000,17.950000,16.707500,17.800000
2023-01-09,18.070000,18.660000,17.945000,18.035000
2023-01-10,17.890000,18.340000,17.820000,18.340000
2023-01-11,18.475000,18.972650,18.365000,18.960000
2023-01-12,19.025000,19.287500,18.430000,19.140000
2023-01-13,18.795000,19.447500,18.750000,19.405000
2023-01-17,19.375000,19.667500,19.220000,19.470000
2023-01-18,19.710000,19.920000,18.950000,18.970000
2023-01-19,18.735000,18.895000,18.425000,18.590000
2023-01-20,18.810000,19.655000,18.675000,19.630000
2023-01-23,19.715000,20.649950,19.625000,20.490000
2023-01-24,20.235000,20.552500,20.160000,20.395000
2023-01-25,19.740000,20.382500,19.370000,20.285000
2023-01-26,20.775000,21.095000,20.395000,21.070000
2023-01-27,20.875000,21.780000,20.865000,21.485000
2023-01-30,21.000000,21.212500,20.570000,20.600000
2023-01-31,20.615000,21.240000,20.605000,21.235000
2023-02-01,21.200000,22.492000,20.895000,22.155000
2023-02-02,23.100000,24.002500,22.710000,23.715000
2023-02-03,22.680000,23.810000,22.625000,22.860000
2023-02-06,22.465000,22.815000,22.270000,22.480000
2023-02-07,22.455000,23.570000,22.285000,23.415000
2023-02-08,23.195000,23.335650,22.465000,22.560000
2023-02-09,23.210000,23.235000,21.935000,22.145000
2023-02-10,21.825000,22.130000,21.495000,21.865000
2023-02-13,22.070000,22.640000,21.895000,22.570000
2023-02-14,22.315000,23.030000,22.020000,22.875000
2023-02-15,22.605000,23.250000,22.505000,23.245000
2023-02-16,22.495000,23.114000,22.320000,22.335000
2023-02-17,22.020000,22.130000,21.577950,22.015000
2023-02-21,21.450000,21.660000,20.955000,20.970000
2023-02-22,21.060000,21.300000,20.762500,21.000000
2023-02-23,21.525000,21.540000,20.745000,21.365000
2023-02-24,20.630000,20.799950,20.375050,20.630000
2023-02-27,21.095000,21.285000,20.849950,20.935000
2023-02-28,20.835000,21.235000,20.785000,20.865000
2023-03-01,20.820000,20.915000,20.390000,20.530000
2023-03-02,20.155000,20.975000,20.125000,20.880000
2023-03-03,21.110000,21.752500,21.037500,21.730000
2023-03-06,21.910000,22.339000,21.740000,21.760000
2023-03-07,21.775000,21.905000,21.135000,21.225000
2023-03-08,21.275000,21.517000,21.010000,21.445000
2023-03-09,21.495000,21.870000,20.557500,20.660000
2023-03-10,20.690000,20.912500,19.935000,20.085000
2023-03-13,19.850000,20.915000,19.620000,20.390000
2023-03-14,20.895000,21.405000,20.775000,21.330000
2023-03-15,20.945000,21.595000,20.732500,21.540000
2023-03-16,21.385000,22.720000,21.285000,22.665000
2023-03-17,22.660000,23.010000,22.160000,22.440000
2023-03-20,22.360000,22.650000,22.025200,22.605000
2023-03-21,22.890000,23.315000,22.670000,23.235000
2023-03-22,23.235000,23.980000,22.590000,22.600000
2023-03-23,23.155000,23.785000,22.737500,23.150000
2023-03-24,23.065000,23.320000,22.715000,23.305000
2023-03-27,23.405000,23.570000,22.850000,22.970000
2023-03-28,22.900000,22.900000,22.385000,22.740000
2023-03-29,23.285000,23.655000,23.165000,23.575000
2023-03-30,23.930000,24.085000,23.725000,23.990000
2023-03-31,24.020000,24.815000,23.985000,24.785000
2023-04-03,24.445000,24.700000,24.240000,24.660000
2023-04-04,24.725000,24.880000,24.297500,24.495000
2023-04-05,24.325000,24.355000,23.700000,23.985000
2023-04-06,23.725000,24.380000,23.520000,24.330000
2023-04-10,23.845000,24.280000,23.565000,24.275000
2023-04-11,24.270000,24.270000,23.885000,23.965000
2023-04-12,24.260000,24.340100,23.465000,23.530000
2023-04-13,23.790000,24.510000,23.765000,24.450000
2023-04-14,24.185000,24.618850,23.895000,24.345000
2023-04-17,24.285000,24.435000,23.960000,24.370000
2023-04-18,24.705000,24.770000,24.190000,24.385000
2023-04-19,24.010000,24.515000,23.990000,24.355000
2023-04-20,23.880000,24.425000,23.770000,23.980000
2023-04-21,23.900000,24.135000,23.635000,24.010000
2023-04-24,23.975000,24.180000,23.580000,23.905000
2023-04-25,23.650000,23.755000,22.990000,23.010000
2023-04-26,23.500000,23.735000,23.202500,23.270000
2023-04-27,23.840000,24.610000,23.745000,24.535000
2023-04-28,24.485000,24.875000,24.315000,24.870000
2023-05-01,24.800000,25.020000,24.635000,24.805000
2023-05-02,24.795000,24.840000,24.090000,24.360000
2023-05-03,24.425000,24.830000,24.030000,24.060000
2023-05-04,24.005000,24.170000,23.705000,23.875000
2023-05-05,24.200000,25.002500,24.150000,24.875000
2023-05-08,24.790000,25.045000,24.625000,24.990000
2023-05-09,24.725000,24.860000,24.620000,24.675000
2023-05-10,25.055000,25.340000,24.663000,25.210000
2023-05-11,25.270000,25.437500,25.030000,25.360000
2023-05-12,25.425000,25.502500,24.845000,25.175000
2023-05-15,25.240000,25.475000,25.000000,25.445000
2023-05-16,25.315000,25.760000,25.315000,25.490000
2023-05-17,25.645000,26.192500,25.467500,26.115000
2023-05-18,26.160000,27.095000,26.155000,27.055000
2023-05-19,27.090000,27.204050,26.760000,26.935000
2023-05-22,26.887500,27.270000,26.885000,27.095000
2023-05-23,26.835000,27.010000,26.357500,26.415000
2023-05-24,26.100000,26.340000,25.810800,26.135000
2023-05-25,27.305000,27.595000,26.910000,27.390000
2023-05-26,27.570000,28.925000,27.545000,28.795000
2023-05-30,29.505000,29.695000,28.810000,29.040000
2023-05-31,28.765000,29.110000,28.470000,28.660000
2023-06-01,28.645000,29.575000,28.475250,29.370000
2023-06-02,29.655000,29.990000,29.355000,29.800000
2023-06-05,29.760000,30.265000,29.655000,29.835000
2023-06-06,29.800000,29.980000,29.490000,29.825000
2023-06-07,29.860000,30.189700,28.690850,28.800000
2023-06-08,28.835000,29.570000,28.795000,29.495000
2023-06-09,29.745000,30.245000,29.480000,29.710000
2023-06-12,30.000000,30.730000,29.830000,30.725000
2023-06-13,31.200000,31.325000,30.640000,31.175000
2023-06-14,31.180000,31.681750,30.695000,31.630000
2023-06-15,31.400000,32.629500,31.289900,32.360000
2023-06-16,32.785000,32.810000,31.880000,31.940000
2023-06-20,31.685000,32.100000,31.330000,31.865000
2023-06-21,31.640000,31.715000,30.820000,30.995000
2023-06-22,30.745000,31.720000,30.675000,31.710000
2023-06-23,30.995000,31.470000,30.770000,31.070000
2023-06-26,30.970000,31.450000,30.215000,30.235000
2023-06-27,30.500000,31.379950,30.360000,31.265000
2023-06-28,30.925000,31.710000,30.925000,31.370000
2023-06-29,31.315000,31.410000,30.945000,31.230000
2023-06-30,31.860000,32.365000,31.810000,32.190000
2023-07-03,32.290000,32.440000,32.100000,32.345000
2023-07-05,32.035000,32.618550,32.035000,32.320000
2023-07-06,31.630000,31.885050,31.295000,31.820000
2023-07-07,31.755000,32.325000,31.552500,31.590000
2023-07-10,31.525000,31.725000,31.100000,31.630000
2023-07-11,31.675000,31.990000,31.305000,31.920000
2023-07-12,32.625000,32.955000,32.280000,32.730000
2023-07-13,33.265000,33.956550,33.165000,33.805000
2023-07-14,33.885000,34.465000,33.630000,33.790000
2023-07-17,33.905000,34.570000,33.830000,34.405000
2023-07-18,34.295000,35.222500,33.935200,34.980000
2023-07-19,35.165000,35.370000,34.706000,34.890000
2023-07-20,34.365000,34.644100,33.130000,33.310000
2023-07-21,33.745000,33.874000,33.040000,33.105000
2023-07-24,33.280000,33.450000,32.885000,33.210000
2023-07-25,33.335000,33.950000,33.325000,33.670000
2023-07-26,33.465000,33.730000,33.012500,33.435000
2023-07-27,34.390000,34.675000,33.016900,33.250000
2023-07-28,33.965000,34.635000,33.880000,34.455000
2023-07-31,34.505000,34.694950,34.245000,34.515000
2023-08-01,34.235000,34.450600,33.940000,34.320000
2023-08-02,33.680000,33.680000,32.580000,32.800000
2023-08-03,32.355000,33.050000,32.330000,32.680000
2023-08-04,33.025000,33.427500,32.282500,32.365000
2023-08-07,32.695000,32.925000,32.265000,32.915000
2023-08-08,32.455000,32.459500,31.785000,32.340000
2023-08-09,32.385000,32.415000,31.495000,31.620000
2023-08-10,32.125000,32.715000,31.455000,31.725000
2023-08-11,31.265000,31.615000,31.049950,31.310000
2023-08-14,31.180000,32.025000,31.050000,32.020000
2023-08-15,31.825000,31.970000,31.205000,31.325000
2023-08-16,31.230000,31.488100,30.640000,30.645000
2023-08-17,30.880000,30.935000,29.900000,29.960000
2023-08-18,29.395000,30.100000,29.320000,29.880000
2023-08-21,30.130000,30.960000,30.055000,30.850000
2023-08-22,31.275000,31.282150,30.630000,30.755000
2023-08-23,30.940000,31.900000,30.910000,31.715000
2023-08-24,32.310000,32.320000,30.310000,30.320000
2023-08-25,30.475000,31.095000,29.895000,30.815000
2023-08-28,31.310000,31.415000,30.840000,31.280000
2023-08-29,31.225000,32.684950,31.180000,32.620000
2023-08-30,32.645000,33.080000,32.460000,32.980000
2023-08-31,32.970000,33.455000,32.964500,33.140000
2023-09-01,33.585000,33.645000,32.812500,33.095000
2023-09-05,32.930000,33.370000,32.765000,33.155000
2023-09-06,33.000000,33.065000,32.209600,32.570000
2023-09-07,31.760000,32.215000,31.575000,32.080000
2023-09-08,32.055000,32.555000,31.995000,32.155000
2023-09-11,32.690000,33.008550,32.355000,32.915000
2023-09-12,32.615000,32.850000,32.130000,32.185000
2023-09-13,32.220000,32.695000,32.015000,32.420000
2023-09-14,32.705000,33.100000,32.345000,32.935000
2023-09-15,32.680000,32.755000,31.635000,31.780000
2023-09-18,31.615000,32.045000,31.575000,31.860000
2023-09-19,31.610000,31.840000,31.185000,31.720000
2023-09-20,31.900000,31.950000,30.780000,30.800000
2023-09-21,30.135000,30.275400,29.620000,29.635000
2023-09-22,29.940000,30.290000,29.596650,29.660000
2023-09-25,29.480000,29.937500,29.320000,29.925000
2023-09-26,29.480000,29.570000,28.855500,29.015000
2023-09-27,29.200000,29.469500,28.550000,29.170000
2023-09-28,28.975000,29.975000,28.845000,29.630000
2023-09-29,30.195000,30.435000,29.452500,29.675000
2023-10-02,29.695000,30.385000,29.600000,30.150000
2023-10-03,29.720000,30.095000,28.810000,29.085000
2023-10-04,29.215000,30.009900,29.144600,29.870000
2023-10-05,29.860000,29.910500,29.085000,29.675000
2023-10-06,29.165000,30.855000,29.030050,30.655000
2023-10-09,30.270000,31.065000,30.002500,30.975000
2023-10-10,31.020000,31.760000,30.945000,31.295000
2023-10-11,31.530000,31.785000,31.239900,31.750000
2023-10-12,31.830000,32.130000,31.095000,31.495000
2023-10-13,31.615000,31.715000,30.470000,30.715000
2023-10-16,30.940000,31.580000,30.915000,31.420000
2023-10-17,30.775000,31.480000,30.415000,31.205000
2023-10-18,30.755000,31.135000,30.140000,30.325000
2023-10-19,30.585000,30.790000,29.640000,29.780000
2023-10-20,29.700000,29.785000,28.855000,28.895000
2023-10-23,28.650000,29.642500,28.315000,29.050000
2023-10-24,29.355000,29.740000,29.075000,29.630000
2023-10-25,29.190000,29.235000,28.064950,28.160000
2023-10-26,27.950000,28.102500,26.860000,27.075000
2023-10-27,27.495000,27.875000,27.130550,27.335000
2023-10-30,27.715000,28.145000,27.500000,27.925000
2023-10-31,27.940000,28.257500,27.518000,28.210000
2023-11-01,28.330000,29.262500,28.319400,29.190000
2023-11-02,29.900000,30.250000,29.700000,30.225000
2023-11-03,30.425000,31.135000,30.390000,30.925000
2023-11-06,31.050000,31.255000,30.777500,31.165000
2023-11-07,31.335000,31.895000,31.130000,31.745000
2023-11-08,31.820000,31.920000,31.390000,31.795000
2023-11-09,31.795000,32.083850,31.190000,31.290000
2023-11-10,31.560000,32.700000,31.480000,32.660000
2023-11-13,32.395000,32.645000,32.128650,32.465000
2023-11-14,33.575000,34.019000,33.490750,33.850000
2023-11-15,34.170000,34.275000,33.662500,33.895000
2023-11-16,33.750000,33.985000,33.525000,33.955000
2023-11-17,33.805000,34.135000,33.645000,33.950000
2023-11-20,33.955000,34.890000,33.945000,34.780000
2023-11-21,34.455000,34.489100,34.040000,34.335000
2023-11-22,34.710000,35.150000,34.440000,34.630000
2023-11-24,34.530000,34.645000,34.335000,34.510000
2023-11-27,34.420000,34.797500,34.295000,34.450000
2023-11-28,34.315000,34.724850,34.240600,34.620000
2023-11-29,35.060000,35.315000,34.489650,34.540000
2023-11-30,34.580000,34.650000,33.820000,34.355000
2023-12-01,34.150000,34.650000,33.865000,34.555000
2023-12-04,33.845000,33.940050,33.245000,33.890000
2023-12-05,33.550000,34.270000,33.520000,34.055000
2023-12-06,34.580000,34.600000,33.595000,33.660000
2023-12-07,34.165000,34.725000,33.975000,34.605000
2023-12-08,34.255000,34.965000,34.235000,34.875000
2023-12-11,34.794950,35.520000,34.770000,35.475000
2023-12-12,35.475000,36.050000,35.270000,36.040000
2023-12-13,36.195000,37.050000,36.060000,36.940000
2023-12-14,37.150000,37.390000,36.300000,36.860000
2023-12-15,37.005000,37.425000,36.885000,37.130000
2023-12-18,37.275000,37.835000,37.225000,37.670000
2023-12-19,37.740000,38.070000,37.715000,38.040000
2023-12-20,38.000889,38.240000,36.840000,36.855000
2023-12-21,37.575000,37.765000,37.100000,37.710000
2023-12-22,37.920000,38.102500,37.460000,37.815000
2023-12-26,37.960000,38.390000,37.950000,38.255000
2023-12-27,38.310000,38.462500,38.150000,38.400000
2023-12-28,38.610000,38.645000,38.280000,38.330000
2023-12-29,38.335000,38.405000,37.650000,38.000000
2024-01-02,37.320000,37.365000,36.285000,36.720000
2024-01-03,36.225000,36.415000,35.855000,35.935000
2024-01-04,35.570000,36.135000,35.500000,35.540000
2024-01-05,35.565000,36.110000,35.370000,35.630000
2024-01-08,35.840000,37.132500,35.815000,37.090000
2024-01-09,36.520000,37.397500,36.485000,37.235000
2024-01-10,37.270000,37.907750,37.115000,37.720000
2024-01-11,37.940000,38.190050,36.910000,37.840000
2024-01-12,38.045000,38.195000,37.625000,37.890000
2024-01-16,37.645000,38.160000,37.370000,37.875000
2024-01-17,37.245000,37.500000,36.645000,37.430000
2024-01-18,38.010000,38.572500,37.775000,38.500000
2024-01-19,38.885000,40.020000,38.775000,39.995000
2024-01-22,40.420000,40.655000,39.980000,40.095000
2024-01-23,40.215000,40.450000,39.865000,40.415000
2024-01-24,41.155000,41.625000,40.765000,40.845000
2024-01-25,41.315000,41.450000,40.485000,40.925000
2024-01-26,40.555000,40.895000,40.320000,40.425000
2024-01-29,40.515000,41.295050,40.395000,41.265000
2024-01-30,41.060000,41.160000,40.530000,40.690000
2024-01-31,39.845000,40.230000,39.070000,39.100000
2024-02-01,39.420000,40.085050,39.237500,40.030000
2024-02-02,40.355000,41.585000,40.170000,41.370000
2024-02-05,41.340000,41.450000,40.560000,41.220000
2024-02-06,41.430000,41.555000,40.600000,41.070000
2024-02-07,41.590000,42.055000,41.340000,41.895000
2024-02-08,41.900000,42.170000,41.760050,42.030000
2024-02-09,42.235000,42.990050,42.085050,42.840000
2024-02-12,42.800000,43.245000,42.365000,42.490000
2024-02-13,40.920000,41.690000,40.540000,41.155000
2024-02-14,41.675000,42.135000,41.220000,42.060000
2024-02-15,42.175000,42.365000,41.660000,42.270000
2024-02-16,42.340000,42.355000,41.370000,41.505000
2024-02-20,41.105000,41.385000,40.125000,40.870000
2024-02-21,40.320000,40.545000,39.770000,40.530000
2024-02-22,42.185000,43.075000,42.050000,42.895000
2024-02-23,43.175000,43.365000,42.425000,42.620000
2024-02-26,42.750000,42.960500,42.530000,42.570000
2024-02-27,42.780000,42.837500,42.260000,42.775000
2024-02-28,42.340000,42.570000,42.110000,42.290000
2024-02-29,42.850000,43.210000,42.225000,43.020000
2024-03-01,43.170000,44.470000,43.160000,44.305000
2024-03-04,44.280000,44.360000,43.913750,43.945000
2024-03-05,43.330000,43.345000,41.900050,42.380000
2024-03-06,43.195000,43.515700,42.530000,42.900000
2024-03-07,43.585000,44.422500,43.281350,44.190000
2024-03-08,44.240000,44.797500,42.760000,42.880000
2024-03-11,42.585000,42.812500,42.185000,42.555000
2024-03-12,43.015000,43.850000,42.374950,43.790000
2024-03-13,43.555000,43.570000,42.875000,43.080000
2024-03-14,43.320000,43.415000,42.315000,42.855000
2024-03-15,42.265000,42.375000,41.600000,41.820000
2024-03-18,42.850000,43.295000,42.565000,42.610000
2024-03-19,42.205000,42.890000,41.801250,42.810000
2024-03-20,43.015000,43.860000,42.680000,43.805000
2024-03-21,44.785000,44.870000,44.145000,44.180000
2024-03-22,44.075000,44.504850,43.915000,44.250000
2024-03-25,43.705000,44.250000,43.515000,43.950000
2024-03-26,44.255000,44.430000,43.620000,43.660000
2024-03-27,44.245000,44.260000,43.355000,43.950000
2024-03-28,43.915000,44.080000,43.690000,43.740000
2024-04-01,43.925000,44.442500,43.552500,43.935000
2024-04-02,42.960000,43.225000,42.557500,43.170000
2024-04-03,42.745000,43.720000,42.730500,43.345000
2024-04-04,44.165000,44.280000,41.957500,41.985000
2024-04-05,42.270000,43.505000,42.125000,42.985000
2024-04-08,43.160000,43.370000,42.730000,43.010000
2024-04-09,43.455000,43.510000,42.380000,43.310000
2024-04-10,42.285000,42.715000,42.140000,42.530000
2024-04-11,42.895000,44.060000,42.450000,43.890000
2024-04-12,43.030000,43.250000,42.200000,42.475000
2024-04-15,43.200000,43.208750,40.905000,41.060000
2024-04-16,41.030000,41.570000,40.805000,41.060000
2024-04-17,41.430000,41.440000,39.880000,40.060000
2024-04-18,40.135000,40.480000,39.470000,39.575000
2024-04-19,39.340000,39.435000,37.640000,37.950000
2024-04-22,38.415000,39.117500,37.800000,38.685000
2024-04-23,39.045000,40.055000,38.980000,39.825000
2024-04-24,40.415000,40.700000,39.675000,40.095000
2024-04-25,38.705000,39.847500,38.500000,39.690000
2024-04-26,40.270000,41.193200,40.150000,40.910000
2024-04-29,41.300000,41.420000,40.705000,41.230000
2024-04-30,40.905000,41.175000,39.660000,39.665000
2024-05-01,39.375000,40.695000,38.930000,39.075000
2024-05-02,39.760000,40.225000,38.895000,40.060000
2024-05-03,41.475000,41.870000,41.170000,41.660000
2024-05-06,42.010000,42.590000,41.860000,42.580000
2024-05-07,42.650000,42.895000,42.440000,42.570000
2024-05-08,42.060000,42.790500,42.040000,42.525000
2024-05-09,42.560000,42.790050,42.200100,42.680000
2024-05-10,42.970000,43.310000,42.575000,42.885000
2024-05-13,43.240000,43.260000,42.790000,43.065000
2024-05-14,42.960000,43.715000,42.935000,43.615000
2024-05-15,44.100000,45.010000,43.795000,44.950000
2024-05-16,44.905000,45.295000,44.727500,44.760000
2024-05-17,44.780000,44.895000,44.270000,44.715000
2024-05-20,44.735000,45.457500,44.710000,45.330000
2024-05-21,44.945000,45.527500,44.905000,45.480000
2024-05-22,45.530000,45.685000,44.940000,45.470000
2024-05-23,46.395000,46.405000,44.660050,45.020000
2024-05-24,45.335000,46.115000,45.200000,45.870000
2024-05-28,46.100000,46.215000,45.614950,46.210000
2024-05-29,45.335000,45.905000,45.332500,45.555000
2024-05-30,45.350000,45.370000,44.295000,44.560000
2024-05-31,44.580000,44.720000,42.865000,44.565000
2024-06-03,45.120000,45.322500,43.810000,44.845000
2024-06-04,44.780000,45.310000,44.435000,45.070000
2024-06-05,45.790000,46.900000,45.560000,46.885000
2024-06-06,47.020000,47.075000,46.615000,46.840000
2024-06-07,46.740000,47.300000,46.515000,46.740000
2024-06-10,46.500000,47.165000,46.445000,47.110000
2024-06-11,46.835000,47.765000,46.531750,47.745000
2024-06-12,48.540000,49.469450,48.405000,48.975000
2024-06-13,49.715000,49.844500,49.034950,49.495000
2024-06-14,49.435000,50.005000,49.350000,49.985000
2024-06-17,50.030000,51.585000,49.765000,51.200000
2024-06-18,51.185000,51.365000,50.850000,51.220000
2024-06-20,51.470000,51.550000,50.042500,50.435000
2024-06-21,50.335000,50.615000,49.820050,50.115000
2024-06-24,49.860000,50.220000,48.945000,48.970000
2024-06-25,49.405000,50.145000,49.225000,50.090000
2024-06-26,49.850000,50.345000,49.785000,50.240000
2024-06-27,50.175000,50.795000,50.000000,50.470000
2024-06-28,50.620000,51.630000,49.810000,49.950000
2024-07-01,50.115000,50.625000,49.340000,50.515000
2024-07-02,50.180000,51.560000,50.160000,51.550000
2024-07-03,51.380000,52.425000,51.380000,52.390000
2024-07-05,52.550000,53.555000,52.486200,53.460000
2024-07-08,53.535000,53.825000,53.330000,53.705000
2024-07-09,54.025000,54.270000,53.465000,53.790000
2024-07-10,54.200000,55.020000,53.915000,54.915000
2024-07-11,54.915000,54.955000,52.220000,52.470000
2024-07-12,52.585000,54.090050,52.490000,53.055000
2024-07-15,53.450000,54.390000,52.900000,53.360000
2024-07-16,53.650000,53.825000,52.690000,53.380000
2024-07-17,51.635000,51.735000,50.222500,50.245000
2024-07-18,50.995000,51.040000,49.080000,49.750000
2024-07-19,49.670000,50.165000,48.575000,48.845000
2024-07-22,50.045000,50.490000,49.345000,50.275000
2024-07-23,50.085000,50.709850,49.825000,49.930000
2024-07-24,48.505000,48.560000,46.150000,46.320000
2024-07-25,46.395000,47.229950,44.775000,45.305000
2024-07-26,46.140000,46.780000,45.575000,46.220000
2024-07-29,46.740000,47.170000,45.925650,46.360000
2024-07-30,46.760000,46.895000,44.425000,45.080000
2024-07-31,47.130000,48.090000,46.850000,47.755000
2024-08-01,47.880000,48.635000,44.680000,45.445000
2024-08-02,43.690000,44.190000,42.420000,43.250000
2024-08-05,38.595000,42.000000,38.381250,40.745000
2024-08-06,41.030000,42.830000,40.500500,41.450000
2024-08-07,42.745000,43.205000,40.450000,40.530000
2024-08-08,41.690000,43.160000,40.960000,43.020000
2024-08-09,42.720000,43.740000,42.510000,43.455000
2024-08-12,43.595000,44.180000,43.055000,43.615000
2024-08-13,44.450000,45.800000,44.425000,45.765000
2024-08-14,45.935000,46.250000,44.935050,45.800000
2024-08-15,46.975000,48.160000,46.895000,48.090000
2024-08-16,47.690000,48.455100,47.496000,48.175000
2024-08-19,48.205000,49.450000,47.825000,49.440000
2024-08-20,49.245000,49.772500,48.870000,49.220000
2024-08-21,49.380000,50.050000,49.020550,49.695000
2024-08-22,50.145000,50.285000,47.885000,48.080000
2024-08-23,48.955000,49.670000,48.150000,49.115000
2024-08-26,48.920000,49.167500,47.720050,48.145000
2024-08-27,47.810000,48.635000,47.410000,48.430000
2024-08-28,48.315000,48.460000,46.606000,47.310000
2024-08-29,47.690000,48.625000,46.925000,47.165000
2024-08-30,48.005000,48.365000,47.100000,48.275000
2024-09-03,47.610000,47.640000,44.840000,45.310000
2024-09-04,44.685000,45.805000,44.490200,45.070000
2024-09-05,44.725000,45.985000,44.540000,45.160000
2024-09-06,44.975000,45.145000,42.601000,42.720000
2024-09-09,43.520000,43.970000,42.905000,43.790000
2024-09-10,44.130000,44.680000,43.345000,44.585000
2024-09-11,44.815000,46.655000,43.150000,46.485000
2024-09-12,46.505000,47.585000,46.155000,47.435000
2024-09-13,47.250000,48.050000,47.200000,47.815000
2024-09-16,47.380000,47.505000,46.730000,47.380000
2024-09-17,47.990000,48.235000,46.935000,47.430000
2024-09-18,47.660000,48.480000,46.890000,46.985000
2024-09-19,49.240000,49.955000,48.815000,49.385000
2024-09-20,49.185000,49.420000,48.325000,49.160000
2024-09-23,49.405000,49.645000,49.130000,49.420000
2024-09-24,49.700000,50.080050,48.830000,49.890000
2024-09-25,49.730000,50.350000,49.690000,49.985000
2024-09-26,51.495000,51.559950,49.940000,50.695000
2024-09-27,50.895000,50.900000,49.860000,50.100000
2024-09-30,49.885000,50.430000,49.300000,50.350000
2024-10-01,50.275000,50.335750,48.155000,48.925000
2024-10-02,48.750000,49.475000,48.225000,49.090000
2024-10-03,48.625000,49.605000,48.475000,49.010000
2024-10-04,50.175000,50.250000,49.140000,50.175000
2024-10-07,49.780000,49.960000,48.810000,49.045000
2024-10-08,49.570000,50.655000,49.425000,50.510000
2024-10-09,50.445000,51.415000,50.235000,51.295000
2024-10-10,50.810000,51.555000,50.540000,51.185000
2024-10-11,50.760000,51.512000,50.640000,51.290000
2024-10-14,51.810000,52.440000,51.695000,52.150000
2024-10-15,52.220000,52.355000,50.300000,50.750000
2024-10-16,50.805000,50.920000,50.080000,50.765000
2024-10-17,51.895000,51.905000,50.820000,50.845000
2024-10-18,51.380000,51.695000,51.225000,51.465000
2024-10-21,51.205000,51.820000,50.790000,51.660000
2024-10-22,51.085000,52.065000,50.920000,51.760000
2024-10-23,51.250000,51.380000,49.470000,50.160000
2024-10-24,50.910000,51.100000,50.380000,50.965000
2024-10-25,51.530000,52.581100,51.380000,51.550000
2024-10-28,52.215000,52.215000,51.510000,51.570000
2024-10-29,51.620000,52.795000,51.240000,52.545000
2024-10-30,52.370000,52.575000,51.655000,51.750000
2024-10-31,50.905000,50.905000,49.120000,49.140000
2024-11-01,49.420000,50.505000,49.375000,49.825000
2024-11-04,49.700000,50.217500,49.175000,49.515000
2024-11-05,49.855000,50.920000,49.830000,50.780000
2024-11-06,52.510000,53.700000,52.300000,53.540000
2024-11-07,54.125000,55.380000,54.115000,55.225000
2024-11-08,55.055000,55.465000,54.947500,55.300000
2024-11-11,55.545000,55.600000,54.610000,55.230000
2024-11-12,55.210000,55.404950,54.375000,55.035000
2024-11-13,54.915000,55.457500,54.400050,54.880000
2024-11-14,54.795000,54.980000,53.920000,54.090000
2024-11-15,52.860000,52.930000,51.055000,51.475000
2024-11-18,51.815000,52.647500,51.530000,52.210000
2024-11-19,51.640000,53.020000,51.590000,52.905000
2024-11-20,52.840000,52.905000,51.450000,52.840000
2024-11-21,53.480000,53.615000,51.674750,53.225000
2024-11-22,53.070000,53.505000,52.740000,53.360000
2024-11-25,54.225000,54.550000,53.035000,53.525000
2024-11-26,53.830000,54.255000,53.655000,54.085000
2024-11-27,53.835000,53.835000,52.500000,53.225000
2024-11-29,53.305000,54.245000,53.195000,54.105000
2024-12-02,54.385000,55.505000,54.315000,55.285000
2024-12-03,54.985000,55.675000,54.890000,55.635000
2024-12-04,56.360000,57.035000,56.215000,56.990000
2024-12-05,56.985000,57.150000,56.586050,56.675000
2024-12-06,56.785000,57.705000,56.770000,57.665000
2024-12-09,57.420000,57.605000,56.490000,56.740000
2024-12-10,56.985000,57.385000,56.040000,56.325000
2024-12-11,57.280000,58.505000,57.210000,58.355000
2024-12-12,57.855000,58.130000,57.492500,57.590000
2024-12-13,58.430000,59.015000,57.750000,58.440000
2024-12-16,59.005000,60.339950,58.985000,60.125000
2024-12-17,59.710000,59.955000,59.220000,59.590000
2024-12-18,59.420000,59.805000,54.950000,55.290000
2024-12-19,56.270000,56.390000,54.695000,54.755000
2024-12-20,53.940000,57.005000,53.695000,55.725000
2024-12-23,56.015000,56.810000,55.290000,56.740000
2024-12-24,57.145000,58.270000,57.010000,58.270000
2024-12-26,57.885000,58.530000,57.440000,58.165000
2024-12-27,57.355000,57.435000,55.565000,56.580000
2024-12-30,55.045000,55.885000,54.260000,55.065000
2024-12-31,55.335000,55.495000,53.920000,54.120000
2025-01-02,54.770000,55.250050,52.950000,53.880000
2025-01-03,54.535000,55.855000,54.360000,55.640000
2025-01-06,56.790000,57.625000,56.370000,56.905000
2025-01-07,57.150000,57.200000,54.455000,54.855000
2025-01-08,54.845000,55.219600,53.875000,54.865000
2025-01-10,54.050000,54.050000,52.425000,53.115000
2025-01-13,51.830000,52.860000,51.545000,52.785000
2025-01-14,53.435000,53.710000,51.930000,52.660000
2025-01-15,54.310000,55.309950,53.987500,55.040000
2025-01-16,55.555000,55.565500,54.280000,54.305000
2025-01-17,56.370000,56.455000,55.500000,56.095000
2025-01-21,56.685000,57.000000,55.730000,56.700000
2025-01-22,57.755000,58.685000,57.710000,58.180000
2025-01-23,57.630000,58.440000,57.507200,58.435000
2025-01-24,58.480000,58.650000,57.414950,57.745000
2025-01-27,53.665000,55.180000,53.475000,54.330000
2025-01-28,54.570000,56.205000,53.840000,55.965000
2025-01-29,56.095000,56.101000,54.900000,55.740000
2025-01-30,56.360000,56.850000,55.175000,56.205000
2025-01-31,57.030000,57.985000,55.782550,56.005000
2025-02-03,54.125000,55.695000,53.590000,55.115000
2025-02-04,55.195000,56.580000,55.130000,56.460000
2025-02-05,55.875000,56.995000,55.612500,56.955000
2025-02-06,57.055000,57.585000,56.715000,57.530000
2025-02-07,57.645000,58.055000,55.906000,56.075000
2025-02-10,56.985000,57.640000,56.880000,57.395000
2025-02-11,56.685000,57.540000,56.665000,57.125000
2025-02-12,55.885000,57.377500,55.825000,57.190000
2025-02-13,57.555000,58.885000,57.375000,58.820000
2025-02-14,58.795000,59.430000,58.740000,59.270000
2025-02-18,59.630000,59.680000,58.805000,59.530000
2025-02-19,59.355000,59.835000,58.900000,59.560000
2025-02-20,59.375000,59.455000,57.995000,59.030000
2025-02-21,59.270000,59.270000,56.490000,56.570000
2025-02-24,56.945000,57.175000,55.145000,55.205000
2025-02-25,55.075000,55.090000,53.000000,53.805000
2025-02-26,54.285000,55.134250,53.400000,54.050000
2025-02-27,54.825000,55.005000,51.020000,51.070000
2025-02-28,51.005000,52.760000,50.360000,52.645000
2025-03-03,53.330000,53.650000,49.615000,50.395000
2025-03-04,49.755000,51.674050,48.440000,50.025000
2025-03-05,50.140000,51.640000,49.150000,51.335000
2025-03-06,49.595000,50.600000,48.075000,48.510000
2025-03-07,48.245000,49.464900,46.950000,49.180000
2025-03-10,47.500000,47.595000,44.544550,45.455000
2025-03-11,45.240000,46.500000,44.250000,45.125000
2025-03-12,46.565000,46.925000,45.155000,46.165000
2025-03-13,45.990000,46.000000,44.090000,44.475000
2025-03-14,45.465000,46.757200,45.355000,46.595000
2025-03-17,46.570000,47.820000,46.230000,47.195000
2025-03-18,46.535000,46.535000,45.150000,45.600000
2025-03-19,45.995000,47.625000,45.626950,46.760000
2025-03-20,45.980000,47.479500,45.855000,46.450000
2025-03-21,45.445000,46.875000,45.230000,46.780000
2025-03-24,48.215000,48.935000,48.085000,48.750000
2025-03-25,48.915000,49.350000,48.735000,49.330000
2025-03-26,49.090000,49.245000,47.185000,47.505000
2025-03-27,47.090000,47.915000,46.685000,46.940000
2025-03-28,46.575000,46.700000,44.280000,44.470000
2025-03-31,43.115000,44.610000,42.225000,44.440000
2025-04-01,44.120000,45.310000,43.580000,45.135000
2025-04-02,43.880000,46.450000,43.840800,45.795000
2025-04-03,41.990000,42.685000,40.793550,40.900000
2025-04-04,38.590000,38.980000,35.875000,35.905000
2025-04-07,33.355000,39.250000,32.360000,36.010000
2025-04-08,38.445000,39.250000,33.595000,34.670000
2025-04-09,34.565000,43.250000,34.550000,42.815000
2025-04-10,40.680000,41.030000,36.815000,39.315000
2025-04-11,39.060000,40.965000,38.440000,40.705000
2025-04-14,42.530000,42.625000,40.410000,41.270000
2025-04-15,41.460000,42.150000,41.030200,41.365000
2025-04-16,39.720000,40.380000,37.700000,38.880000
2025-04-17,39.345000,39.454550,38.352350,38.820000
2025-04-21,37.785000,37.940000,35.985000,36.920000
2025-04-22,37.860000,39.344950,37.655050,38.805000
2025-04-23,41.235000,42.105000,40.280000,40.530000
2025-04-24,40.905000,42.900000,40.800000,42.835000
2025-04-25,42.760000,43.884250,42.470000,43.780000
2025-04-28,43.860000,44.196900,42.570000,43.760000
2025-04-29,43.310000,44.475000,43.240000,44.300000
2025-04-30,42.760000,44.620000,41.870000,44.290000
2025-05-01,45.765000,46.515000,45.280000,45.375000
2025-05-02,46.345000,47.170000,46.035000,46.770000
2025-05-05,45.965000,46.805250,45.860000,46.220000
2025-05-06,44.995000,46.037500,44.735000,45.370000
2025-05-07,45.465000,46.155000,44.465050,45.710000
2025-05-08,46.670000,47.460000,45.865000,46.620000
2025-05-09,46.980000,47.224550,46.220000,46.540000
2025-05-12,50.165000,50.345000,49.115000,50.330000
2025-05-13,50.590000,52.210000,50.447500,51.845000
2025-05-14,52.075000,52.575000,51.880000,52.465000
2025-05-15,52.015000,53.105000,51.770000,52.580000
2025-05-16,52.850000,53.055000,52.130000,53.030000
2025-05-19,51.540000,53.209500,51.525000,53.105000
2025-05-20,52.580000,52.870000,52.005000,52.725000
2025-05-21,51.915000,53.290000,50.895000,51.260000
2025-05-22,51.365000,52.180000,51.115000,51.450000
2025-05-23,49.855000,50.980000,49.740550,50.470000
2025-05-27,51.820000,52.910000,51.526900,52.815000
2025-05-28,53.020000,53.315000,52.255000,52.365000
2025-05-29,53.840000,53.870000,52.035000,52.555000
2025-05-30,52.430000,52.667332,50.910000,52.365000
2025-06-02,51.972500,53.225000,51.730000,53.170000
2025-06-03,53.240000,54.295000,53.070000,54.015000
2025-06-04,54.135000,54.512500,53.745000,54.295000
2025-06-05,54.580000,55.160000,53.030000,53.445000
2025-06-06,54.515000,54.865000,54.150000,54.475000
2025-06-09,54.520000,54.975000,54.300000,54.625000
2025-06-10,54.715000,55.490000,54.260000,55.355000
2025-06-11,55.630000,55.875000,54.490000,54.970000
2025-06-12,54.680000,55.415000,54.635000,55.220000
2025-06-13,53.960000,54.825000,53.550000,53.805000
2025-06-16,54.510000,55.515000,54.505000,55.285000
2025-06-17,54.745000,55.085000,53.975000,54.185000
2025-06-18,54.390000,54.890000,53.845050,54.160000
2025-06-20,54.810000,55.080000,53.305000,53.675000
2025-06-23,53.800000,54.890000,53.160000,54.795000
2025-06-24,55.865000,56.650000,55.743950,56.455000
2025-06-25,56.865000,57.120000,56.310000,56.665000
2025-06-26,57.135000,57.825000,56.747500,57.735000
2025-06-27,57.935000,58.505000,57.350000,58.115000
2025-06-30,58.755000,59.090000,58.295000,58.855000
2025-07-01,58.425000,58.635000,57.350000,57.830000
2025-07-02,57.655000,58.685000,57.650000,58.645000
2025-07-03,59.125000,59.962500,59.105000,59.745000
2025-07-07,59.155000,59.340000,58.325000,58.850000
2025-07-08,59.120000,59.250000,58.650000,58.895000
2025-07-09,59.335000,60.015000,59.060000,59.725000
2025-07-10,59.840000,59.930000,58.960500,59.535000
2025-07-11,59.045000,59.577500,58.780000,59.250000
2025-07-14,59.190000,59.820000,58.685000,59.655000
2025-07-15,60.530000,60.615000,59.745000,59.750000
2025-07-16,59.865000,60.010000,58.645000,59.880000
2025-07-17,60.025000,60.945000,59.850000,60.840000
2025-07-18,61.100000,61.140000,60.415000,60.685000
2025-07-21,60.870000,61.720000,60.855000,61.310000
2025-07-22,61.325000,61.340000,60.085000,60.665000
2025-07-23,60.890000,61.210000,60.295000,61.210000
2025-07-24,61.495000,61.730000,61.090000,61.480000
2025-07-25,61.425000,62.015000,61.285000,61.725000
2025-07-28,62.010000,62.300000,61.845000,62.115000
2025-07-29,62.670000,62.962500,61.745000,61.930000
2025-07-30,62.090000,62.615000,61.430000,62.075000
2025-07-31,63.465000,63.490000,61.145000,61.385000
2025-08-01,60.025000,60.060000,58.400000,58.935000
2025-08-04,60.035000,61.146800,60.015000,61.100000
2025-08-05,61.375000,61.628900,60.150000,60.255000
2025-08-06,60.435000,61.870000,60.345000,61.770000
2025-08-07,62.710000,63.070000,61.290000,62.185000
2025-08-08,62.410000,63.360000,62.350150,63.310000
2025-08-11,63.330000,63.800000,62.640000,62.900000
2025-08-12,63.420000,64.569950,62.850000,64.500000
2025-08-13,65.095000,65.210000,64.245000,64.550000
2025-08-14,64.085000,64.885000,64.010000,64.435000
2025-08-15,64.405000,64.405000,63.462500,63.830000
2025-08-18,63.630000,63.922500,63.380000,63.790000
2025-08-19,63.615000,63.630000,61.815000,62.040000
2025-08-20,61.820000,61.830000,59.760000,61.285000
2025-08-21,60.935000,61.405000,60.220000,60.725000
2025-08-22,60.995000,63.004800,60.690000,62.570000
2025-08-25,62.210000,62.842500,61.945000,62.195000
2025-08-26,62.075000,62.750000,61.860000,62.695000
2025-08-27,62.455000,63.065000,62.180000,62.870000
2025-08-28,62.990000,63.835000,62.630000,63.635000
2025-08-29,63.075000,63.141750,61.720000,62.110000
2025-09-02,60.145000,61.140000,59.735000,61.080000
2025-09-03,61.845000,62.379800,61.310000,62.010000
2025-09-04,62.160000,63.210000,61.795000,63.140000
2025-09-05,64.260000,64.400000,62.295000,63.280000
2025-09-08,63.790000,64.329900,63.667500,63.900000
2025-09-09,64.060000,64.350000,63.490000,64.245000
2025-09-10,64.955000,64.960000,63.815000,64.285000
2025-09-11,64.835000,65.210000,64.485000,65.015000
2025-09-12,65.210000,65.835000,65.000000,65.575000
2025-09-15,65.955000,66.695200,65.930000,66.690000
2025-09-16,66.875000,66.935000,66.400000,66.540000
2025-09-17,66.535000,66.665000,65.010000,66.255000
2025-09-18,67.370000,68.087500,66.935000,67.480000
2025-09-19,67.885000,68.507500,67.560000,68.360000
2025-09-22,68.127500,69.295000,68.120000,69.155000
2025-09-23,69.165000,69.210000,67.945000,68.220000
2025-09-24,68.500000,68.565000,67.085000,67.725000
2025-09-25,66.815000,67.475000,65.975000,67.115000
2025-09-26,67.270000,67.710000,66.530000,67.655000
2025-09-29,68.345000,69.000000,67.970000,68.260000
2025-09-30,68.170000,68.690000,67.640000,68.600000
2025-10-01,67.870000,69.385000,67.695000,69.260000
2025-10-02,70.125000,70.130000,69.175000,69.820000
2025-10-03,69.970000,70.155000,68.790000,69.190000
2025-10-06,70.400000,70.615000,69.833500,70.235000
2025-10-07,70.530000,70.675000,69.140000,69.480000
2025-10-08,69.675000,71.137500,69.660000,71.060000
2025-10-09,71.075000,71.085000,70.135000,70.875000
2025-10-10,71.005000,71.407500,65.820000,65.905000
2025-10-13,68.185000,68.920000,67.655000,68.715000
2025-10-14,67.170000,68.850000,65.975000,67.800000
2025-10-15,69.140000,69.745000,67.305000,68.720000
2025-10-16,69.375000,70.100050,67.195000,68.210000
2025-10-17,67.715000,69.435000,67.364500,69.080000
2025-10-20,69.825000,71.090000,69.790000,70.805000
2025-10-21,70.820000,71.070000,70.290000,70.765000
2025-10-22,70.615000,70.750000,68.060000,69.360000
2025-10-23,69.235000,70.720000,69.155000,70.550000
2025-10-24,71.760000,72.320000,71.565000,71.990000
2025-10-27,73.765000,74.680000,73.630000,74.570000
2025-10-28,75.110000,76.115000,74.835000,75.695000
2025-10-29,76.335000,76.665000,75.050000,76.385000
2025-10-30,75.500000,75.810000,73.995000,74.025000
2025-10-31,75.915000,75.930000,74.150000,74.740000
2025-11-03,76.140000,76.305000,74.880000,75.410000
2025-11-04,73.295000,74.165000,72.155000,72.320000
2025-11-05,72.160000,74.050000,71.845000,73.270000
2025-11-06,72.910000,72.960000,70.220000,70.530000
2025-11-07,69.735000,70.100000,67.500000,70.055000
2025-11-10,72.135000,73.380000,71.680000,73.125000
2025-11-11,72.515000,73.010000,71.785000,72.735000
2025-11-12,73.505000,73.505000,71.850000,72.610000
2025-11-13,71.770000,71.890000,69.105000,69.625000
2025-11-14,67.580000,70.735750,67.040000,69.695000
2025-11-17,69.105000,70.525000,67.642500,68.500000
2025-11-18,67.565000,68.195000,65.719000,66.835000
2025-11-19,66.995000,69.020000,66.435000,67.595000
2025-11-20,70.270000,70.790000,64.210000,64.410000
2025-11-21,64.760000,66.860000,63.300000,65.360000
2025-11-24,66.470000,69.020000,66.460000,68.730000
2025-11-25,68.290000,69.820000,66.890000,69.510000
2025-11-26,70.350000,71.160000,69.850000,70.740000
2025-11-28,71.110000,71.830000,70.970000,71.810000
2025-12-01,70.550000,71.880000,70.270000,71.350000
2025-12-02,71.860000,72.850000,71.439800,72.470000
2025-12-03,71.890000,72.955000,71.520000,72.790000
2025-12-04,73.110000,73.140000,71.880000,72.620000
2025-12-05,72.950000,74.006500,72.794800,73.220000
2025-12-08,73.590000,73.980000,72.310000,72.890000
2025-12-09,72.600000,73.270000,72.285000,73.100000
2025-12-10,72.790000,74.040000,72.120000,73.660000
2025-12-11,72.780000,73.215500,71.340000,73.180000
2025-12-12,72.350000,72.670000,69.830000,70.340000
2025-12-15,71.450000,71.450000,69.360000,69.630000
2025-12-16,69.100000,70.295000,68.800000,69.900000
2025-12-17,70.180000,70.300000,67.260000,67.280000
2025-12-18,69.380000,70.080000,68.750000,69.240000
2025-12-19,69.860000,71.130000,69.840000,71.050000
2025-12-22,72.190000,72.235000,71.340000,71.670000
2025-12-23,71.430000,72.400000,71.340000,72.360000
2025-12-24,72.260000,72.800000,72.210000,72.730000
2025-12-26,72.850000,73.050000,72.500000,72.680000
2025-12-29,71.780000,72.400000,71.470000,71.960000
2025-12-30,71.710000,72.250000,71.570000,71.610000
2025-12-31,71.650000,71.710000,70.350000,70.410000
2026-01-02,71.710000,72.320000,69.440000,70.100000
2026-01-05,71.510000,71.859900,70.940000,71.200000
2026-01-06,71.490000,72.590000,71.340000,72.460000
2026-01-07,72.350000,73.490000,72.250000,72.590000
2026-01-08,72.370000,72.430000,71.140000,71.750000
2026-01-09,71.930000,73.430000,71.400000,73.140000
2026-01-12,72.130000,73.640000,72.120000,73.270000
2026-01-13,73.260000,73.780700,72.445000,73.010000
2026-01-14,72.080000,72.360000,70.300000,71.490000
2026-01-15,73.120000,73.220000,71.730100,71.940000
2026-01-16,72.795000,72.920000,71.260000,71.750000
2026-01-20,69.310000,70.350000,68.505000,68.730000
2026-01-21,69.040000,71.519900,68.690000,70.540000
2026-01-22,71.970000,71.980000,70.930000,71.610000
2026-01-23,71.320000,72.645000,71.085000,72.050000
2026-01-26,72.130000,73.140000,71.900000,72.660000
2026-01-27,73.440000,74.168100,73.070000,73.960000
2026-01-28,74.970000,75.220000,74.100000,74.360000
2026-01-29,74.290000,74.520000,70.910000,73.520000
2026-01-30,72.590000,73.200000,71.140000,71.710000
2026-02-02,70.990000,73.230000,70.980000,72.730000
2026-02-03,73.190000,73.290000,69.170300,70.460000
2026-02-04,70.110000,70.130000,66.790000,67.980000
2026-02-05,66.720000,67.770000,65.510000,66.040000
2026-02-06,66.690000,69.173400,66.390000,68.790000
2026-02-09,68.300000,70.310000,67.740000,69.830000
2026-02-10,70.040000,70.430000,69.070000,69.180000
2026-02-11,70.280000,70.520000,68.320600,69.520000
2026-02-12,69.880000,70.120000,66.460000,66.690000
2026-02-13,66.620000,67.950000,65.740000,66.920000
2026-02-17,66.150000,67.380000,65.020000,66.770000
2026-02-18,66.960000,68.660000,66.680000,67.750000
2026-02-19,67.100000,67.765000,66.640000,67.240000
2026-02-20,66.470000,68.750000,66.273000,68.400000
2026-02-23,67.910000,68.200000,66.210000,66.750000
2026-02-24,66.950000,68.400000,66.360000,68.130000
2026-02-25,68.860000,70.150000,68.860000,70.080000
2026-02-26,69.860000,69.890000,67.230000,68.440000
2026-02-27,66.980000,68.190000,66.820000,67.990000
2026-03-02,66.060000,68.540000,65.870000,68.130000
2026-03-03,65.480000,67.180000,64.485000,66.680000
2026-03-04,67.230000,69.160000,67.070000,68.650000
2026-03-05,67.930000,69.125000,66.770000,68.260000
2026-03-06,66.310000,67.580000,65.875000,66.190000
2026-03-09,64.940000,68.270000,64.300000,67.940000
2026-03-10,67.960000,69.150000,67.420000,67.910000
2026-03-11,68.190000,68.940000,67.320000,67.900000
2026-03-12,66.780000,67.090000,65.511700,65.580000
2026-03-13,66.070000,66.930000,64.510000,64.760000
2026-03-16,66.120000,66.960000,65.920000,66.190000
2026-03-17,66.790000,67.405000,66.530000,66.850000
2026-03-18,66.430000,66.790000,64.899900,64.950000
2026-03-19,63.780000,65.150000,63.260000,64.530000
2026-03-20,64.090000,64.120000,61.370000,62.130000
2026-03-23,64.075000,65.060000,63.120800,63.580000
2026-03-24,62.840000,63.520000,62.240000,62.640000
2026-03-25,63.760000,64.240000,63.020000,63.430000
2026-03-26,62.330000,62.760000,60.360000,60.430000
2026-03-27,59.770000,59.820000,57.830000,58.050000
2026-03-30,59.020000,59.170000,56.595000,57.160000
2026-03-31,58.370000,61.300000,58.350000,61.000000
2026-04-01,61.900000,63.220000,61.700000,62.490000
2026-04-02,60.260000,62.810000,59.820000,62.600000
2026-04-06,62.860000,63.810000,62.540000,63.350000
2026-04-07,62.720000,63.440000,61.170000,63.390000
2026-04-08,67.710000,67.950000,66.290000,67.080000
2026-04-09,67.090000,68.110000,66.450000,68.010000
2026-04-10,68.365000,68.775000,67.870000,68.190000
2026-04-13,67.890000,69.640000,67.540000,69.590000
2026-04-14,70.225000,72.110000,70.225000,72.100000
2026-04-15,72.240000,74.180000,72.020000,74.110000
2026-04-16,74.550000,75.239600,73.620000,74.800000
2026-04-17,76.000000,77.025000,75.630000,76.730000
2026-04-20,76.540000,76.700000,75.250000,76.270000
2026-04-21,76.620000,77.050000,75.180000,75.670000
2026-04-22,77.030000,78.240000,76.650000,78.180000
2026-04-23,77.810000,78.610000,75.900000,77.300000
2026-04-24,78.940000,80.370000,78.485000,80.240000
2026-04-27,80.060000,80.330000,79.440000,80.290000
2026-04-28,78.620000,79.160000,77.765000,78.670000
2026-04-29,78.900000,79.650000,78.430000,79.640000
2026-04-30,80.540000,81.320000,78.650000,81.050000
2026-05-01,81.420000,83.050000,81.320000,82.600000
2026-05-04,82.720000,83.239900,81.330000,82.280000
2026-05-05,83.510000,84.690000,83.420000,84.390000
2026-05-06,85.940000,87.940000,85.610000,87.850000
2026-05-07,88.080000,89.270000,86.890000,87.660000
2026-05-08,88.900000,91.740000,88.810000,91.720000
2026-05-11,91.520000,92.610000,91.160000,92.260000
2026-05-12,90.930000,91.450000,87.970000,90.690000
2026-05-13,91.380000,93.110000,90.070000,92.550000
2026-05-14,92.580000,94.480000,92.470000,93.900000
2026-05-15,91.330000,92.640000,90.160000,91.030000
2026-05-18,91.710000,91.810000,88.450000,90.200000
2026-05-19,88.670000,90.380000,87.520000,89.130000
2026-05-20,90.060000,92.050000,89.679800,92.050000
2026-05-21,90.960000,93.035000,90.419900,92.380000
2026-05-22,93.270000,94.320000,92.730000,93.100000
2026-05-26,95.300000,96.645000,94.840000,96.400000
2026-05-27,97.110000,97.135000,95.150000,96.190000
2026-05-28,96.250000,98.060000,95.400000,97.790000
2026-05-29,98.390000,99.350000,97.675000,98.460000
2026-06-01,98.160000,100.410000,97.840000,99.630000
2026-06-02,99.560000,100.600000,98.690000,100.530000
2026-06-03,100.845000,101.190000,99.160000,100.000000
2026-06-04,97.660000,99.780000,96.880000,99.020000
2026-06-05,96.180000,96.580000,89.280100,89.540000
2026-06-08,92.710000,94.025000,91.540000,92.250000
2026-06-09,94.020000,94.720000,84.595300,90.120000
2026-06-10,88.520000,90.975000,86.320000,86.510000
2026-06-11,87.910000,92.660000,86.840000,92.180000
2026-06-12,92.470000,94.070000,90.800000,93.380000
2026-06-15,97.690000,99.440000,97.540000,99.180000
2026-06-16,98.770000,99.279900,95.390000,95.460000
2026-06-17,96.830000,96.960000,93.110100,93.560000
2026-06-18,97.265000,98.450000,96.070000,97.910000
2026-06-22,98.730000,99.640000,96.720000,97.680000
2026-06-23,91.740000,93.822500,90.810100,91.220000
2026-06-24,91.590000,92.740000,88.800000,90.370000
2026-06-25,94.220000,94.470000,88.980000,91.770000
2026-06-26,89.390000,91.520000,88.300000,89.120000
2026-06-29,91.120000,93.790000,88.910000,93.680000
2026-06-30,93.690000,97.160000,93.640000,96.760000
2026-07-01,94.930000,95.650000,93.740000,93.900000
2026-07-02,93.970000,95.290000,89.300000,90.610000
2026-07-06,92.400000,93.980000,92.050000,93.140000
2026-07-07,90.910000,91.480000,88.540000,89.690000
2026-07-08,88.560000,90.380000,87.540000,90.140000
2026-07-09,91.900000,93.420000,91.130000,93.140000
2026-07-10,92.460000,93.940000,91.520000,93.700000
2026-07-13,91.670000,91.940000,89.700000,90.130000
2026-07-14,92.280000,92.800000,90.777800,92.130000
2026-07-15,93.170000,93.310000,89.730000,91.610000
2026-07-16,90.140000,90.560000,87.755000,88.570000
2026-07-17,84.980000,87.650000,83.770000,85.910000
2026-07-20,87.600000,88.463700,85.945000,86.030000
2026-07-21,88.660000,89.500000,87.740000,89.230000
2026-07-22,87.900000,89.370000,87.870000,88.280000
2026-07-23,85.642000,86.630000,83.900000,85.000000
2026-07-24,84.540000,85.075000,82.590000,83.000000
2026-07-27,84.820000,84.940000,80.990000,82.480000
2026-07-28,81.050000,81.815000,79.050000,80.870000
2026-07-29,80.880000,81.940000,77.449300,77.580000
2026-07-30,80.610000,83.035000,80.270100,82.680000
2026-07-31,84.690000,85.585000,81.790000,83.670000
2026-08-03,83.780000,86.990000,83.180000,86.620000
2026-08-04,88.630000,92.945000,88.470000,92.460000
2026-08-05,93.110000,93.690000,90.720100,90.800000
2026-08-06,89.140000,91.310100,88.590000,90.130000
2026-08-07,91.500000,92.360000,90.570000,92.210000
2026-08-10,92.030000,92.620000,91.510000,91.630000
2026-08-11,92.250000,92.260000,90.360000,90.980000
2026-08-12,93.150000,93.230000,92.135000,92.320000
2026-08-13,92.680000,94.935000,92.420000,94.430000
2026-08-14,94.760000,95.000000,93.450000,94.150000
2026-08-17,94.625000,95.040000,93.680000,93.840000
2026-08-18,91.340000,91.810000,90.240000,90.650000
2026-08-19,91.365000,91.640000,89.400000,90.250000
2026-08-20,89.255000,89.950100,88.360000,88.950000
2026-08-21,89.995000,90.100000,88.490000,89.530000
2026-08-24,88.570000,88.610000,86.840000,87.720000
2026-08-25,88.960000,89.630000,88.010000,88.800000
2026-08-26,88.240000,89.380000,88.120000,88.930000
2026-08-27,90.390000,91.447000,89.770000,91.380000
2026-08-28,91.020000,92.140000,89.840000,90.170000
2026-08-31,89.830000,90.430000,89.330200,90.240000
2026-09-01,87.860000,89.090000,87.195000,87.920000
2026-09-02,87.780000,88.440000,87.290000,88.310000
2026-09-03,88.699000,90.700000,88.410000,90.380000
2026-09-04,90.780000,91.400000,90.070000,90.680000
