d,c
2006-05-02,19.610001
2006-05-03,19.610001
2006-05-04,19.790001
2006-05-05,20.000000
2006-05-08,20.040001
2006-05-09,20.010000
2006-05-10,19.889999
2006-05-11,19.469999
2006-05-12,19.110001
2006-05-15,18.980000
2006-05-16,18.980000
2006-05-17,18.700001
2006-05-18,18.510000
2006-05-19,18.610001
2006-05-22,18.469999
2006-05-23,18.299999
2006-05-24,18.040001
2006-05-25,18.510000
2006-05-26,18.620001
2006-05-30,18.309999
2006-05-31,18.500000
2006-06-01,18.860001
2006-06-02,18.840000
2006-06-05,18.410000
2006-06-06,18.320000
2006-06-07,18.240000
2006-06-08,18.059999
2006-06-09,18.120001
2006-06-12,17.639999
2006-06-13,17.510000
2006-06-14,17.570000
2006-06-15,18.219999
2006-06-16,18.100000
2006-06-19,17.910000
2006-06-20,17.879999
2006-06-21,18.250000
2006-06-22,18.059999
2006-06-23,18.150000
2006-06-26,18.129999
2006-06-27,17.860001
2006-06-28,17.900000
2006-06-29,18.450001
2006-06-30,18.420000
2006-07-03,18.500000
2006-07-05,18.120001
2006-07-06,18.080000
2006-07-07,17.830000
2006-07-10,17.600000
2006-07-11,17.670000
2006-07-12,17.430000
2006-07-13,17.200001
2006-07-14,17.049999
2006-07-17,16.959999
2006-07-18,17.030001
2006-07-19,17.330000
2006-07-20,17.000000
2006-07-21,16.639999
2006-07-24,17.049999
2006-07-25,17.190001
2006-07-26,17.139999
2006-07-27,16.990000
2006-07-28,17.309999
2006-07-31,17.290001
2006-08-01,17.040001
2006-08-02,17.230000
2006-08-03,17.400000
2006-08-04,17.270000
2006-08-07,17.150000
2006-08-08,17.070000
2006-08-09,17.040001
2006-08-10,17.170000
2006-08-11,17.049999
2006-08-14,17.190001
2006-08-15,17.650000
2006-08-16,18.010000
2006-08-17,18.160000
2006-08-18,18.139999
2006-08-21,17.969999
2006-08-22,17.950001
2006-08-23,17.790001
2006-08-24,17.830000
2006-08-25,17.889999
2006-08-28,18.030001
2006-08-29,18.090000
2006-08-30,18.139999
2006-08-31,18.160000
2006-09-01,18.250000
2006-09-05,18.370001
2006-09-06,17.969999
2006-09-07,17.830000
2006-09-08,18.000000
2006-09-11,18.120001
2006-09-12,18.549999
2006-09-13,18.680000
2006-09-14,18.680000
2006-09-15,18.719999
2006-09-18,18.740000
2006-09-19,18.600000
2006-09-20,18.870001
2006-09-21,18.709999
2006-09-22,18.600000
2006-09-25,18.900000
2006-09-26,18.969999
2006-09-27,18.910000
2006-09-28,18.959999
2006-09-29,18.889999
2006-10-02,18.750000
2006-10-03,18.760000
2006-10-04,19.200001
2006-10-05,19.330000
2006-10-06,19.219999
2006-10-09,19.330000
2006-10-10,19.309999
2006-10-11,19.299999
2006-10-12,19.580000
2006-10-13,19.690001
2006-10-16,19.740000
2006-10-17,19.500000
2006-10-18,19.379999
2006-10-19,19.350000
2006-10-20,19.260000
2006-10-23,19.340000
2006-10-24,19.309999
2006-10-25,19.420000
2006-10-26,19.620001
2006-10-27,19.350000
2006-10-30,19.540001
2006-10-31,19.530001
2006-11-01,19.010000
2006-11-02,19.299999
2006-11-03,19.250000
2006-11-06,19.629999
2006-11-07,19.740000
2006-11-08,19.879999
2006-11-09,19.740000
2006-11-10,19.870001
2006-11-13,20.030001
2006-11-14,20.260000
2006-11-15,20.400000
2006-11-16,20.389999
2006-11-17,20.379999
2006-11-20,20.410000
2006-11-21,20.450001
2006-11-22,20.660000
2006-11-24,20.590000
2006-11-27,20.160000
2006-11-28,20.190001
2006-11-29,20.309999
2006-11-30,20.420000
2006-12-01,20.020000
2006-12-04,20.520000
2006-12-05,20.530001
2006-12-06,20.510000
2006-12-07,20.360001
2006-12-08,20.370001
2006-12-11,20.450001
2006-12-12,20.330000
2006-12-13,20.309999
2006-12-14,20.660000
2006-12-15,20.660000
2006-12-18,20.490000
2006-12-19,20.330000
2006-12-20,20.410000
2006-12-21,20.270000
2006-12-22,20.080000
2006-12-26,20.129999
2006-12-27,20.280001
2006-12-28,20.209999
2006-12-29,20.150000
2007-01-03,20.180000
2007-01-04,20.469999
2007-01-05,20.410000
2007-01-08,20.420000
2007-01-09,20.480000
2007-01-10,20.639999
2007-01-11,20.809999
2007-01-12,21.040001
2007-01-16,21.020000
2007-01-17,20.910000
2007-01-18,20.570000
2007-01-19,20.570000
2007-01-22,20.389999
2007-01-23,20.379999
2007-01-24,20.680000
2007-01-25,20.350000
2007-01-26,20.360001
2007-01-29,20.350000
2007-01-30,20.400000
2007-01-31,20.610001
2007-02-01,20.600000
2007-02-02,20.750000
2007-02-05,20.820000
2007-02-06,20.780001
2007-02-07,21.000000
2007-02-08,21.010000
2007-02-09,20.709999
2007-02-12,20.639999
2007-02-13,20.639999
2007-02-14,21.049999
2007-02-15,21.139999
2007-02-16,21.129999
2007-02-20,21.309999
2007-02-21,21.320000
2007-02-22,21.389999
2007-02-23,21.330000
2007-02-26,21.200001
2007-02-27,20.490000
2007-02-28,20.459999
2007-03-01,20.270000
2007-03-02,20.090000
2007-03-05,19.709999
2007-03-06,20.049999
2007-03-07,20.010000
2007-03-08,20.160000
2007-03-09,20.200001
2007-03-12,20.320000
2007-03-13,19.889999
2007-03-14,19.980000
2007-03-15,20.040001
2007-03-16,19.969999
2007-03-19,20.150000
2007-03-20,20.340000
2007-03-21,20.690001
2007-03-22,20.700001
2007-03-23,20.700001
2007-03-26,20.700001
2007-03-27,20.610001
2007-03-28,20.410000
2007-03-29,20.370001
2007-03-30,20.370001
2007-04-02,20.430000
2007-04-03,20.660000
2007-04-04,20.660000
2007-04-05,20.830000
2007-04-09,20.889999
2007-04-10,20.940001
2007-04-11,20.760000
2007-04-12,20.990000
2007-04-13,21.070000
2007-04-16,21.240000
2007-04-17,21.260000
2007-04-18,21.299999
2007-04-19,21.190001
2007-04-20,21.350000
2007-04-23,21.420000
2007-04-24,21.540001
2007-04-25,21.799999
2007-04-26,21.889999
2007-04-27,21.799999
2007-04-30,21.520000
2007-05-01,21.549999
2007-05-02,21.770000
2007-05-03,21.830000
2007-05-04,21.830000
2007-05-07,21.790001
2007-05-08,21.790001
2007-05-09,21.910000
2007-05-10,21.540001
2007-05-11,21.760000
2007-05-14,21.610001
2007-05-15,21.520000
2007-05-16,21.620001
2007-05-17,21.660000
2007-05-18,21.690001
2007-05-21,21.889999
2007-05-22,21.940001
2007-05-23,21.850000
2007-05-24,21.520000
2007-05-25,21.639999
2007-05-29,21.750000
2007-05-30,21.950001
2007-05-31,22.059999
2007-06-01,22.180000
2007-06-04,22.160000
2007-06-05,22.080000
2007-06-06,21.879999
2007-06-07,21.459999
2007-06-08,21.670000
2007-06-11,21.799999
2007-06-12,21.639999
2007-06-13,21.719999
2007-06-14,22.049999
2007-06-15,22.200001
2007-06-18,22.190001
2007-06-19,22.209999
2007-06-20,21.969999
2007-06-21,22.120001
2007-06-22,22.040001
2007-06-25,21.840000
2007-06-26,21.850000
2007-06-27,22.080000
2007-06-28,22.180000
2007-06-29,22.090000
2007-07-02,22.330000
2007-07-03,22.370001
2007-07-05,22.500000
2007-07-06,22.590000
2007-07-09,22.709999
2007-07-10,22.469999
2007-07-11,22.629999
2007-07-12,23.010000
2007-07-13,23.070000
2007-07-16,23.049999
2007-07-17,23.200001
2007-07-18,23.059999
2007-07-19,23.379999
2007-07-20,23.160000
2007-07-23,23.170000
2007-07-24,22.830000
2007-07-25,22.910000
2007-07-26,22.260000
2007-07-27,22.110001
2007-07-30,22.360001
2007-07-31,21.990000
2007-08-01,22.110001
2007-08-02,22.340000
2007-08-03,21.840000
2007-08-06,22.110001
2007-08-07,22.350000
2007-08-08,22.670000
2007-08-09,22.320000
2007-08-10,22.150000
2007-08-13,22.090000
2007-08-14,21.760000
2007-08-15,21.379999
2007-08-16,21.160000
2007-08-17,21.549999
2007-08-20,21.629999
2007-08-21,21.780001
2007-08-22,22.080000
2007-08-23,21.980000
2007-08-24,22.309999
2007-08-27,22.240000
2007-08-28,21.730000
2007-08-29,22.120001
2007-08-30,22.290001
2007-08-31,22.570000
2007-09-04,22.930000
2007-09-05,22.740000
2007-09-06,22.830000
2007-09-07,22.299999
2007-09-10,22.330000
2007-09-11,22.660000
2007-09-12,22.600000
2007-09-13,22.680000
2007-09-14,22.719999
2007-09-17,22.480000
2007-09-18,23.100000
2007-09-19,23.219999
2007-09-20,23.080000
2007-09-21,23.150000
2007-09-24,23.000000
2007-09-25,23.209999
2007-09-26,23.340000
2007-09-27,23.520000
2007-09-28,23.480000
2007-10-01,23.790001
2007-10-02,23.870001
2007-10-03,23.910000
2007-10-04,23.770000
2007-10-05,24.120001
2007-10-08,24.090000
2007-10-09,24.230000
2007-10-10,24.280001
2007-10-11,23.920000
2007-10-12,24.290001
2007-10-15,24.150000
2007-10-16,24.000000
2007-10-17,24.020000
2007-10-18,24.260000
2007-10-19,23.540001
2007-10-22,23.790001
2007-10-23,24.100000
2007-10-24,23.790001
2007-10-25,23.629999
2007-10-26,23.840000
2007-10-29,23.930000
2007-10-30,23.920000
2007-10-31,24.080000
2007-11-01,23.690001
2007-11-02,23.830000
2007-11-05,23.600000
2007-11-06,23.709999
2007-11-07,23.160000
2007-11-08,22.920000
2007-11-09,22.250000
2007-11-12,21.750000
2007-11-13,22.410000
2007-11-14,22.200001
2007-11-15,22.070000
2007-11-16,22.250000
2007-11-19,21.889999
2007-11-20,21.680000
2007-11-21,21.420000
2007-11-23,21.620001
2007-11-26,21.250000
2007-11-27,21.760000
2007-11-28,22.389999
2007-11-29,22.430000
2007-11-30,22.469999
2007-12-03,22.400000
2007-12-04,22.280001
2007-12-05,22.639999
2007-12-06,22.879999
2007-12-07,22.940001
2007-12-10,23.030001
2007-12-11,22.500000
2007-12-12,22.480000
2007-12-13,22.389999
2007-12-14,22.120001
2007-12-17,21.600000
2007-12-18,21.510000
2007-12-19,21.770000
2007-12-20,22.110001
2007-12-21,22.450001
2007-12-24,22.620001
2007-12-26,22.690001
2007-12-27,22.270000
2007-12-28,22.270000
2007-12-31,22.090000
2008-01-02,21.650000
2008-01-03,21.590000
2008-01-04,20.870001
2008-01-07,20.780001
2008-01-08,20.360001
2008-01-09,20.500000
2008-01-10,20.719999
2008-01-11,20.180000
2008-01-14,20.590000
2008-01-15,20.080000
2008-01-16,20.389999
2008-01-17,19.790001
2008-01-18,19.770000
2008-01-22,19.420000
2008-01-23,19.700001
2008-01-24,20.010000
2008-01-25,19.830000
2008-01-28,20.000000
2008-01-29,20.080000
2008-01-30,20.150000
2008-01-31,20.320000
2008-02-01,20.820000
2008-02-04,20.559999
2008-02-05,19.910000
2008-02-06,19.570000
2008-02-07,19.559999
2008-02-08,19.820000
2008-02-11,20.030001
2008-02-12,19.930000
2008-02-13,20.370001
2008-02-14,20.000000
2008-02-15,19.780001
2008-02-19,19.750000
2008-02-20,19.969999
2008-02-21,19.719999
2008-02-22,19.889999
2008-02-25,20.139999
2008-02-26,20.219999
2008-02-27,20.180000
2008-02-28,19.990000
2008-02-29,19.400000
2008-03-03,19.350000
2008-03-04,19.450001
2008-03-05,19.570000
2008-03-06,19.200001
2008-03-07,18.950001
2008-03-10,18.510000
2008-03-11,18.990000
2008-03-12,19.070000
2008-03-13,19.180000
2008-03-14,18.980000
2008-03-17,18.570000
2008-03-18,19.100000
2008-03-19,18.740000
2008-03-20,19.030001
2008-03-24,19.799999
2008-03-25,19.879999
2008-03-26,19.719999
2008-03-27,19.389999
2008-03-28,19.049999
2008-03-31,19.230000
2008-04-01,20.100000
2008-04-02,20.070000
2008-04-03,20.240000
2008-04-04,20.280001
2008-04-07,20.209999
2008-04-08,20.040001
2008-04-09,19.790001
2008-04-10,19.969999
2008-04-11,19.500000
2008-04-14,19.350000
2008-04-15,19.370001
2008-04-16,19.940001
2008-04-17,19.879999
2008-04-18,20.340000
2008-04-21,20.420000
2008-04-22,20.000000
2008-04-23,20.330000
2008-04-24,20.540001
2008-04-25,20.600000
2008-04-28,20.610001
2008-04-29,20.740000
2008-04-30,20.530001
2008-05-01,21.110001
2008-05-02,21.049999
2008-05-05,20.969999
2008-05-06,21.170000
2008-05-07,20.709999
2008-05-08,20.780001
2008-05-09,20.879999
2008-05-12,21.139999
2008-05-13,21.200001
2008-05-14,21.379999
2008-05-15,21.690001
2008-05-16,21.770000
2008-05-19,21.570000
2008-05-20,21.270000
2008-05-21,20.930000
2008-05-22,21.049999
2008-05-23,20.820000
2008-05-27,21.139999
2008-05-28,21.250000
2008-05-29,21.549999
2008-05-30,21.660000
2008-06-02,21.389999
2008-06-03,21.410000
2008-06-04,21.650000
2008-06-05,22.059999
2008-06-06,21.340000
2008-06-09,21.200001
2008-06-10,20.940001
2008-06-11,20.480000
2008-06-12,20.420000
2008-06-13,20.830000
2008-06-16,21.150000
2008-06-17,20.870001
2008-06-18,20.559999
2008-06-19,20.900000
2008-06-20,20.299999
2008-06-23,20.070000
2008-06-24,19.959999
2008-06-25,20.250000
2008-06-26,19.570000
2008-06-27,19.469999
2008-06-30,19.350000
2008-07-01,19.400000
2008-07-02,18.959999
2008-07-03,18.850000
2008-07-07,18.930000
2008-07-08,19.209999
2008-07-09,18.770000
2008-07-10,18.820000
2008-07-11,18.610001
2008-07-14,18.549999
2008-07-15,18.549999
2008-07-16,19.160000
2008-07-17,19.440001
2008-07-18,19.350000
2008-07-21,19.260000
2008-07-22,19.270000
2008-07-23,19.510000
2008-07-24,19.129999
2008-07-25,19.250000
2008-07-28,18.850000
2008-07-29,19.299999
2008-07-30,19.290001
2008-07-31,19.260000
2008-08-01,18.959999
2008-08-04,18.790001
2008-08-05,19.389999
2008-08-06,19.570000
2008-08-07,19.320000
2008-08-08,19.709999
2008-08-11,19.889999
2008-08-12,19.879999
2008-08-13,19.790001
2008-08-14,20.139999
2008-08-15,20.150000
2008-08-18,19.840000
2008-08-19,19.540001
2008-08-20,19.549999
2008-08-21,19.540001
2008-08-22,19.809999
2008-08-25,19.410000
2008-08-26,19.340000
2008-08-27,19.450001
2008-08-28,19.730000
2008-08-29,19.430000
2008-09-02,19.270000
2008-09-03,19.049999
2008-09-04,18.500000
2008-09-05,18.559999
2008-09-08,18.580000
2008-09-09,18.110001
2008-09-10,18.290001
2008-09-11,18.559999
2008-09-12,18.610001
2008-09-15,18.040001
2008-09-16,18.320000
2008-09-17,17.709999
2008-09-18,18.059999
2008-09-19,18.490000
2008-09-22,17.780001
2008-09-23,17.840000
2008-09-24,17.700001
2008-09-25,17.910000
2008-09-26,17.879999
2008-09-29,16.650000
2008-09-30,17.160000
2008-10-01,16.809999
2008-10-02,16.129999
2008-10-03,15.790000
2008-10-06,14.810000
2008-10-07,14.250000
2008-10-08,14.210000
2008-10-09,13.280000
2008-10-10,12.940000
2008-10-13,14.550000
2008-10-14,14.120000
2008-10-15,12.880000
2008-10-16,13.180000
2008-10-17,13.350000
2008-10-20,13.750000
2008-10-21,13.480000
2008-10-22,12.270000
2008-10-23,12.220000
2008-10-24,11.890000
2008-10-27,11.520000
2008-10-28,12.330000
2008-10-29,13.020000
2008-10-30,13.150000
2008-10-31,13.270000
2008-11-03,13.490000
2008-11-04,13.880000
2008-11-05,13.200000
2008-11-06,12.550000
2008-11-07,12.810000
2008-11-10,12.530000
2008-11-11,12.320000
2008-11-12,11.660000
2008-11-13,11.870000
2008-11-14,11.890000
2008-11-17,11.480000
2008-11-18,11.330000
2008-11-19,10.660000
2008-11-20,10.160000
2008-11-21,10.580000
2008-11-24,11.310000
2008-11-25,11.330000
2008-11-26,11.620000
2008-11-28,11.620000
2008-12-01,11.200000
2008-12-02,11.200000
2008-12-03,11.630000
2008-12-04,11.190000
2008-12-05,11.750000
2008-12-08,12.280000
2008-12-09,12.160000
2008-12-10,12.320000
2008-12-11,11.880000
2008-12-12,12.090000
2008-12-15,11.770000
2008-12-16,12.560000
2008-12-17,12.660000
2008-12-18,12.290000
2008-12-19,12.430000
2008-12-22,11.980000
2008-12-23,11.900000
2008-12-24,11.960000
2008-12-26,11.990000
2008-12-29,11.820000
2008-12-30,12.200000
2008-12-31,12.460000
2009-01-02,12.920000
2009-01-05,13.010000
2009-01-06,13.210000
2009-01-07,12.850000
2009-01-08,12.900000
2009-01-09,12.580000
2009-01-12,12.190000
2009-01-13,12.300000
2009-01-14,11.890000
2009-01-15,12.130000
2009-01-16,12.290000
2009-01-20,11.630000
2009-01-21,12.010000
2009-01-22,11.740000
2009-01-23,11.850000
2009-01-26,11.880000
2009-01-27,12.070000
2009-01-28,12.510000
2009-01-29,12.290000
2009-01-30,11.880000
2009-02-02,11.970000
2009-02-03,12.200000
2009-02-04,12.280000
2009-02-05,12.560000
2009-02-06,12.920000
2009-02-09,12.950000
2009-02-10,12.390000
2009-02-11,12.350000
2009-02-12,12.470000
2009-02-13,12.560000
2009-02-17,11.950000
2009-02-18,11.900000
2009-02-19,11.740000
2009-02-20,11.770000
2009-02-23,11.320000
2009-02-24,11.760000
2009-02-25,11.730000
2009-02-26,11.300000
2009-02-27,11.290000
2009-03-02,10.680000
2009-03-03,10.770000
2009-03-04,11.180000
2009-03-05,10.730000
2009-03-06,10.630000
2009-03-09,10.660000
2009-03-10,11.140000
2009-03-11,11.310000
2009-03-12,11.760000
2009-03-13,11.840000
2009-03-16,11.640000
2009-03-17,11.940000
2009-03-18,12.370000
2009-03-19,12.330000
2009-03-20,12.080000
2009-03-23,12.800000
2009-03-24,12.550000
2009-03-25,12.680000
2009-03-26,13.110000
2009-03-27,12.920000
2009-03-30,12.390000
2009-03-31,12.690000
2009-04-01,12.690000
2009-04-02,13.280000
2009-04-03,13.420000
2009-04-06,13.330000
2009-04-07,12.860000
2009-04-08,13.150000
2009-04-09,13.700000
2009-04-13,13.680000
2009-04-14,13.560000
2009-04-15,13.430000
2009-04-16,13.970000
2009-04-17,14.090000
2009-04-20,13.550000
2009-04-21,13.710000
2009-04-22,13.840000
2009-04-23,13.780000
2009-04-24,14.220000
2009-04-27,14.040000
2009-04-28,13.960000
2009-04-29,14.250000
2009-04-30,14.540000
2009-05-01,14.660000
2009-05-04,15.130000
2009-05-05,15.120000
2009-05-06,15.040000
2009-05-07,14.580000
2009-05-08,14.800000
2009-05-11,14.760000
2009-05-12,14.550000
2009-05-13,14.050000
2009-05-14,14.200000
2009-05-15,14.240000
2009-05-18,14.650000
2009-05-19,14.820000
2009-05-20,14.710000
2009-05-21,14.380000
2009-05-22,14.510000
2009-05-26,14.840000
2009-05-27,14.720000
2009-05-28,14.930000
2009-05-29,15.110000
2009-06-01,15.620000
2009-06-02,15.640000
2009-06-03,15.320000
2009-06-04,15.610000
2009-06-05,15.510000
2009-06-08,15.500000
2009-06-09,15.680000
2009-06-10,15.680000
2009-06-11,15.830000
2009-06-12,15.600000
2009-06-15,15.240000
2009-06-16,15.120000
2009-06-17,15.100000
2009-06-18,15.090000
2009-06-19,15.260000
2009-06-22,14.760000
2009-06-23,14.730000
2009-06-24,14.980000
2009-06-25,15.280000
2009-06-26,15.330000
2009-06-29,15.380000
2009-06-30,15.220000
2009-07-01,15.360000
2009-07-02,14.950000
2009-07-06,14.850000
2009-07-07,14.500000
2009-07-08,14.360000
2009-07-09,14.600000
2009-07-10,14.660000
2009-07-13,14.860000
2009-07-14,15.020000
2009-07-15,15.500000
2009-07-16,15.730000
2009-07-17,15.690000
2009-07-20,16.000000
2009-07-21,16.020000
2009-07-22,16.240000
2009-07-23,16.680000
2009-07-24,16.780001
2009-07-27,16.780001
2009-07-28,16.740000
2009-07-29,16.690001
2009-07-30,16.809999
2009-07-31,16.820000
2009-08-03,17.090000
2009-08-04,17.160000
2009-08-05,17.110001
2009-08-06,16.940001
2009-08-07,17.290001
2009-08-10,17.180000
2009-08-11,17.070000
2009-08-12,17.320000
2009-08-13,17.430000
2009-08-14,17.170000
2009-08-17,16.660000
2009-08-18,16.820000
2009-08-19,17.000000
2009-08-20,17.139999
2009-08-21,17.379999
2009-08-24,17.299999
2009-08-25,17.389999
2009-08-26,17.430000
2009-08-27,17.420000
2009-08-28,17.510000
2009-08-31,17.240000
2009-09-01,16.930000
2009-09-02,16.920000
2009-09-03,17.010000
2009-09-04,17.469999
2009-09-08,17.680000
2009-09-09,17.980000
2009-09-10,18.240000
2009-09-11,18.250000
2009-09-14,18.290001
2009-09-15,18.440001
2009-09-16,18.690001
2009-09-17,18.639999
2009-09-18,18.600000
2009-09-21,18.740000
2009-09-22,18.809999
2009-09-23,18.690001
2009-09-24,18.379999
2009-09-25,18.370001
2009-09-28,18.670000
2009-09-29,18.580000
2009-09-30,18.620001
2009-10-01,18.059999
2009-10-02,17.959999
2009-10-05,18.139999
2009-10-06,18.469999
2009-10-07,18.480000
2009-10-08,18.610001
2009-10-09,18.750000
2009-10-12,18.760000
2009-10-13,18.780001
2009-10-14,19.100000
2009-10-15,19.030001
2009-10-16,18.870001
2009-10-19,19.120001
2009-10-20,18.950001
2009-10-21,18.780001
2009-10-22,18.950001
2009-10-23,18.740000
2009-10-26,18.610001
2009-10-27,18.370001
2009-10-28,17.780001
2009-10-29,18.090000
2009-10-30,17.690001
2009-11-02,17.730000
2009-11-03,17.850000
2009-11-04,17.830000
2009-11-05,18.270000
2009-11-06,18.360001
2009-11-09,18.690001
2009-11-10,18.750000
2009-11-11,18.870001
2009-11-12,18.709999
2009-11-13,18.830000
2009-11-16,19.150000
2009-11-17,19.139999
2009-11-18,19.010000
2009-11-19,18.670000
2009-11-20,18.540001
2009-11-23,18.770000
2009-11-24,18.750000
2009-11-25,18.889999
2009-11-27,18.570000
2009-11-30,18.600000
2009-12-01,18.950001
2009-12-02,18.980000
2009-12-03,18.930000
2009-12-04,19.049999
2009-12-07,19.129999
2009-12-08,18.959999
2009-12-09,19.020000
2009-12-10,19.150000
2009-12-11,19.090000
2009-12-14,19.350000
2009-12-15,19.340000
2009-12-16,19.350000
2009-12-17,19.150000
2009-12-18,19.309999
2009-12-21,19.549999
2009-12-22,19.650000
2009-12-23,19.730000
2009-12-24,19.870001
2009-12-28,19.889999
2009-12-29,19.870001
2009-12-30,19.950001
2009-12-31,19.750000
2010-01-04,20.059999
2010-01-05,20.090000
2010-01-06,20.049999
2010-01-07,20.040001
2010-01-08,20.180000
2010-01-11,20.240000
2010-01-12,19.920000
2010-01-13,20.230000
2010-01-14,20.209999
2010-01-15,19.930000
2010-01-19,20.160000
2010-01-20,19.910000
2010-01-21,19.690001
2010-01-22,19.200001
2010-01-25,19.299999
2010-01-26,19.200001
2010-01-27,19.170000
2010-01-28,18.940001
2010-01-29,18.670000
2010-02-01,18.940001
2010-02-02,19.190001
2010-02-03,19.180000
2010-02-04,18.620001
2010-02-05,18.639999
2010-02-08,18.690001
2010-02-09,18.809999
2010-02-10,18.809999
2010-02-11,19.090000
2010-02-12,19.080000
2010-02-16,19.360001
2010-02-17,19.510000
2010-02-18,19.620001
2010-02-19,19.650000
2010-02-22,19.629999
2010-02-23,19.400000
2010-02-24,19.610001
2010-02-25,19.639999
2010-02-26,19.700001
2010-03-01,20.059999
2010-03-02,20.080000
2010-03-03,20.040001
2010-03-04,20.120001
2010-03-05,20.410000
2010-03-08,20.430000
2010-03-09,20.469999
2010-03-10,20.670000
2010-03-11,20.730000
2010-03-12,20.740000
2010-03-15,20.709999
2010-03-16,20.900000
2010-03-17,20.959999
2010-03-18,21.000000
2010-03-19,20.870001
2010-03-22,21.059999
2010-03-23,21.250000
2010-03-24,21.059999
2010-03-25,20.950001
2010-03-26,20.940001
2010-03-29,21.080000
2010-03-30,21.110001
2010-03-31,21.000000
2010-04-01,21.040001
2010-04-05,21.330000
2010-04-06,21.370001
2010-04-07,21.219999
2010-04-08,21.280001
2010-04-09,21.420000
2010-04-12,21.469999
2010-04-13,21.510000
2010-04-14,21.889999
2010-04-15,21.940001
2010-04-16,21.639999
2010-04-19,21.610001
2010-04-20,21.860001
2010-04-21,21.799999
2010-04-22,22.000000
2010-04-23,22.100000
2010-04-26,22.090000
2010-04-27,21.650000
2010-04-28,21.570000
2010-04-29,22.040001
2010-04-30,21.570000
2010-05-03,21.860001
2010-05-04,21.170000
2010-05-05,21.010000
2010-05-06,20.500000
2010-05-07,19.879999
2010-05-10,20.830000
2010-05-11,20.820000
2010-05-12,21.180000
2010-05-13,20.840000
2010-05-14,20.330000
2010-05-17,20.440001
2010-05-18,20.120001
2010-05-19,19.950001
2010-05-20,19.290001
2010-05-21,19.530001
2010-05-24,19.340000
2010-05-25,19.370001
2010-05-26,19.260000
2010-05-27,20.000000
2010-05-28,19.930000
2010-06-01,19.430000
2010-06-02,19.980000
2010-06-03,20.250000
2010-06-04,19.480000
2010-06-07,19.090000
2010-06-08,19.129999
2010-06-09,19.100000
2010-06-10,19.719999
2010-06-11,19.820000
2010-06-14,19.879999
2010-06-15,20.450001
2010-06-16,20.440001
2010-06-17,20.420000
2010-06-18,20.430000
2010-06-21,20.250000
2010-06-22,19.920000
2010-06-23,19.930000
2010-06-24,19.549999
2010-06-25,19.600000
2010-06-28,19.500000
2010-06-29,18.740000
2010-06-30,18.540001
2010-07-01,18.540001
2010-07-02,18.469999
2010-07-06,18.450001
2010-07-07,19.020000
2010-07-08,19.010000
2010-07-09,19.330000
2010-07-12,19.370001
2010-07-13,19.790001
2010-07-14,19.860001
2010-07-15,19.900000
2010-07-16,19.320000
2010-07-19,19.559999
2010-07-20,19.700001
2010-07-21,19.370001
2010-07-22,19.799999
2010-07-23,20.010000
2010-07-26,20.290001
2010-07-27,20.150000
2010-07-28,19.990000
2010-07-29,19.879999
2010-07-30,20.030001
2010-08-02,20.350000
2010-08-03,20.250000
2010-08-04,20.500000
2010-08-05,20.480000
2010-08-06,20.450001
2010-08-09,20.559999
2010-08-10,20.309999
2010-08-11,19.700001
2010-08-12,19.600000
2010-08-13,19.559999
2010-08-16,19.530001
2010-08-17,19.820000
2010-08-18,19.940001
2010-08-19,19.670000
2010-08-20,19.680000
2010-08-23,19.500000
2010-08-24,19.200001
2010-08-25,19.309999
2010-08-26,19.110001
2010-08-27,19.370001
2010-08-30,19.120001
2010-08-31,19.020000
2010-09-01,19.629999
2010-09-02,19.920000
2010-09-03,20.190001
2010-09-07,19.990000
2010-09-08,20.200001
2010-09-09,20.299999
2010-09-10,20.370001
2010-09-13,20.680000
2010-09-14,20.820000
2010-09-15,20.889999
2010-09-16,20.879999
2010-09-17,20.940001
2010-09-20,21.270000
2010-09-21,21.219999
2010-09-22,21.059999
2010-09-23,21.010000
2010-09-24,21.530001
2010-09-27,21.379999
2010-09-28,21.530001
2010-09-29,21.469999
2010-09-30,21.459999
2010-10-01,21.420000
2010-10-04,21.160000
2010-10-05,21.670000
2010-10-06,21.389999
2010-10-07,21.459999
2010-10-08,21.580000
2010-10-11,21.600000
2010-10-12,21.709999
2010-10-13,21.879999
2010-10-14,21.719999
2010-10-15,21.969999
2010-10-18,21.950001
2010-10-19,21.670000
2010-10-20,21.900000
2010-10-21,21.950001
2010-10-22,22.120001
2010-10-25,22.290001
2010-10-26,22.360001
2010-10-27,22.469999
2010-10-28,22.480000
2010-10-29,22.559999
2010-11-01,22.510000
2010-11-02,22.719999
2010-11-03,22.770000
2010-11-04,23.049999
2010-11-05,23.110001
2010-11-08,23.059999
2010-11-09,22.980000
2010-11-10,23.100000
2010-11-11,22.980000
2010-11-12,22.700001
2010-11-15,22.660000
2010-11-16,22.330000
2010-11-17,22.420000
2010-11-18,22.750000
2010-11-19,22.870001
2010-11-22,22.930000
2010-11-23,22.610001
2010-11-24,23.080000
2010-11-26,23.000000
2010-11-29,22.860001
2010-11-30,22.629999
2010-12-01,23.170000
2010-12-02,23.490000
2010-12-03,23.620001
2010-12-06,23.540001
2010-12-07,23.559999
2010-12-08,23.660000
2010-12-09,23.660000
2010-12-10,23.840000
2010-12-13,23.670000
2010-12-14,23.750000
2010-12-15,23.670000
2010-12-16,23.850000
2010-12-17,23.930000
2010-12-20,23.870001
2010-12-21,23.930000
2010-12-22,23.910000
2010-12-23,23.850000
2010-12-27,23.840000
2010-12-28,23.799999
2010-12-29,23.860001
2010-12-30,23.850000
2010-12-31,23.719999
2011-01-03,24.080000
2011-01-04,23.920000
2011-01-05,24.120001
2011-01-06,24.219999
2011-01-07,24.150000
2011-01-10,24.219999
2011-01-11,24.290001
2011-01-12,24.459999
2011-01-13,24.459999
2011-01-14,24.690001
2011-01-18,24.860001
2011-01-19,24.490000
2011-01-20,24.410000
2011-01-21,24.320000
2011-01-24,24.590000
2011-01-25,24.530001
2011-01-26,24.629999
2011-01-27,24.809999
2011-01-28,24.170000
2011-01-31,24.280001
2011-02-01,24.809999
2011-02-02,24.750000
2011-02-03,24.820000
2011-02-04,24.969999
2011-02-07,25.040001
2011-02-08,25.110001
2011-02-09,25.040001
2011-02-10,25.200001
2011-02-11,25.379999
2011-02-14,25.420000
2011-02-15,25.360001
2011-02-16,25.549999
2011-02-17,25.660000
2011-02-18,25.709999
2011-02-22,24.920000
2011-02-23,24.580000
2011-02-24,24.809999
2011-02-25,25.080000
2011-02-28,25.030001
2011-03-01,24.660000
2011-03-02,24.790001
2011-03-03,25.290001
2011-03-04,25.150000
2011-03-07,24.799999
2011-03-08,24.930000
2011-03-09,24.740000
2011-03-10,24.309999
2011-03-11,24.450001
2011-03-14,24.309999
2011-03-15,24.100000
2011-03-16,23.639999
2011-03-17,23.820000
2011-03-18,23.860001
2011-03-21,24.219999
2011-03-22,24.139999
2011-03-23,24.309999
2011-03-24,24.780001
2011-03-25,24.780001
2011-03-28,24.680000
2011-03-29,24.910000
2011-03-30,25.180000
2011-03-31,25.219999
2011-04-01,25.330000
2011-04-04,25.290001
2011-04-05,25.340000
2011-04-06,25.360001
2011-04-07,25.330000
2011-04-08,25.219999
2011-04-11,25.150000
2011-04-12,25.010000
2011-04-13,25.180000
2011-04-14,25.190001
2011-04-15,25.320000
2011-04-18,24.980000
2011-04-19,25.090000
2011-04-20,25.709999
2011-04-21,25.860001
2011-04-25,25.830000
2011-04-26,26.070000
2011-04-27,26.280001
2011-04-28,26.290001
2011-04-29,26.180000
2011-05-02,26.200001
2011-05-03,25.969999
2011-05-04,25.870001
2011-05-05,25.850000
2011-05-06,26.030001
2011-05-09,26.180000
2011-05-10,26.420000
2011-05-11,26.200001
2011-05-12,26.459999
2011-05-13,26.219999
2011-05-16,25.780001
2011-05-17,25.709999
2011-05-18,25.969999
2011-05-19,26.049999
2011-05-20,25.940001
2011-05-23,25.500000
2011-05-24,25.330000
2011-05-25,25.450001
2011-05-26,25.600000
2011-05-27,25.740000
2011-05-31,26.070000
2011-06-01,25.520000
2011-06-02,25.610001
2011-06-03,25.200001
2011-06-06,24.969999
2011-06-07,25.049999
2011-06-08,24.740000
2011-06-09,24.860001
2011-06-10,24.420000
2011-06-13,24.379999
2011-06-14,24.709999
2011-06-15,24.260000
2011-06-16,24.120001
2011-06-17,24.129999
2011-06-20,24.209999
2011-06-21,24.690001
2011-06-22,24.580000
2011-06-23,24.770000
2011-06-24,24.370001
2011-06-27,24.650000
2011-06-28,24.940001
2011-06-29,25.170000
2011-06-30,25.490000
2011-07-01,25.879999
2011-07-05,25.959999
2011-07-06,25.950001
2011-07-07,26.309999
2011-07-08,26.180000
2011-07-11,25.670000
2011-07-12,25.400000
2011-07-13,25.459999
2011-07-14,25.100000
2011-07-15,25.230000
2011-07-18,24.940001
2011-07-19,25.459999
2011-07-20,25.270000
2011-07-21,25.469999
2011-07-22,25.730000
2011-07-25,25.559999
2011-07-26,25.510000
2011-07-27,24.770000
2011-07-28,24.700001
2011-07-29,24.709999
2011-08-01,24.500000
2011-08-02,23.750000
2011-08-03,23.969999
2011-08-04,22.750000
2011-08-05,22.590000
2011-08-08,21.170000
2011-08-09,22.110001
2011-08-10,21.280001
2011-08-11,22.250000
2011-08-12,22.520000
2011-08-15,22.889999
2011-08-16,22.690001
2011-08-17,22.500000
2011-08-18,21.340000
2011-08-19,21.020000
2011-08-22,21.100000
2011-08-23,21.969999
2011-08-24,22.150000
2011-08-25,21.809999
2011-08-26,22.180000
2011-08-29,23.059999
2011-08-30,23.240000
2011-08-31,23.230000
2011-09-01,22.969999
2011-09-02,22.400000
2011-09-06,22.360001
2011-09-07,22.950001
2011-09-08,22.870001
2011-09-09,22.330000
2011-09-12,22.290001
2011-09-13,22.850000
2011-09-14,23.370001
2011-09-15,23.580000
2011-09-16,23.660000
2011-09-19,23.450001
2011-09-20,23.260000
2011-09-21,22.750000
2011-09-22,21.950001
2011-09-23,22.219999
2011-09-26,22.510000
2011-09-27,22.860001
2011-09-28,22.330000
2011-09-29,22.110001
2011-09-30,21.520000
2011-10-03,20.870001
2011-10-04,21.440001
2011-10-05,22.090000
2011-10-06,22.549999
2011-10-07,22.330000
2011-10-10,22.969999
2011-10-11,23.059999
2011-10-12,23.230000
2011-10-13,23.389999
2011-10-14,23.670000
2011-10-17,23.160000
2011-10-18,23.580000
2011-10-19,23.190001
2011-10-20,23.150000
2011-10-21,23.680000
2011-10-24,24.290001
2011-10-25,23.750000
2011-10-26,23.889999
2011-10-27,24.670000
2011-10-28,24.670000
2011-10-31,24.100000
2011-11-01,23.469999
2011-11-02,23.690001
2011-11-03,24.219999
2011-11-04,24.230000
2011-11-07,24.290001
2011-11-08,24.530001
2011-11-09,23.559999
2011-11-10,23.580000
2011-11-11,24.129999
2011-11-14,23.889999
2011-11-15,24.090000
2011-11-16,23.660000
2011-11-17,23.080000
2011-11-18,22.900000
2011-11-21,22.549999
2011-11-22,22.490000
2011-11-23,21.980000
2011-11-25,21.840000
2011-11-28,22.549999
2011-11-29,22.490000
2011-11-30,23.459999
2011-12-01,23.559999
2011-12-02,23.420000
2011-12-05,23.719999
2011-12-06,23.629999
2011-12-07,23.600000
2011-12-08,23.040001
2011-12-09,23.490000
2011-12-12,23.190001
2011-12-13,22.860001
2011-12-14,22.500000
2011-12-15,22.469999
2011-12-16,22.590000
2011-12-19,22.230000
2011-12-20,23.000000
2011-12-21,22.740000
2011-12-22,23.040001
2011-12-23,23.219999
2011-12-27,23.200001
2011-12-28,22.850000
2011-12-29,23.040001
2011-12-30,22.950001
2012-01-03,23.330000
2012-01-04,23.270000
2012-01-05,23.510000
2012-01-06,23.559999
2012-01-09,23.709999
2012-01-10,23.990000
2012-01-11,24.129999
2012-01-12,24.250000
2012-01-13,24.030001
2012-01-17,24.260000
2012-01-18,24.780001
2012-01-19,25.010000
2012-01-20,24.990000
2012-01-23,24.879999
2012-01-24,24.940001
2012-01-25,25.180000
2012-01-26,25.070000
2012-01-27,25.240000
2012-01-30,25.120001
2012-01-31,25.139999
2012-02-01,25.520000
2012-02-02,25.660000
2012-02-03,26.010000
2012-02-06,25.910000
2012-02-07,25.920000
2012-02-08,26.010000
2012-02-09,26.160000
2012-02-10,25.860001
2012-02-13,26.010000
2012-02-14,26.120001
2012-02-15,26.070000
2012-02-16,26.440001
2012-02-17,26.290001
2012-02-21,26.110001
2012-02-22,26.090000
2012-02-23,26.230000
2012-02-24,26.250000
2012-02-27,26.340000
2012-02-28,26.440001
2012-02-29,26.230000
2012-03-01,26.440001
2012-03-02,26.459999
2012-03-05,26.120001
2012-03-06,25.780001
2012-03-07,25.980000
2012-03-08,26.290001
2012-03-09,26.400000
2012-03-12,26.330000
2012-03-13,26.750000
2012-03-14,26.629999
2012-03-15,26.840000
2012-03-16,26.850000
2012-03-19,26.940001
2012-03-20,26.830000
2012-03-21,26.930000
2012-03-22,26.860001
2012-03-23,26.840000
2012-03-26,27.219999
2012-03-27,27.180000
2012-03-28,26.930000
2012-03-29,26.930000
2012-03-30,26.969999
2012-04-02,27.139999
2012-04-03,26.980000
2012-04-04,26.559999
2012-04-05,26.610001
2012-04-09,26.330000
2012-04-10,25.820000
2012-04-11,26.059999
2012-04-12,26.400000
2012-04-13,26.070000
2012-04-16,25.910000
2012-04-17,26.389999
2012-04-18,26.379999
2012-04-19,26.150000
2012-04-20,26.049999
2012-04-23,25.719999
2012-04-24,25.580000
2012-04-25,25.990000
2012-04-26,26.260000
2012-04-27,26.480000
2012-04-30,26.480000
2012-05-01,26.559999
2012-05-02,26.580000
2012-05-03,26.110001
2012-05-04,25.559999
2012-05-07,25.600000
2012-05-08,25.420000
2012-05-09,25.240000
2012-05-10,25.209999
2012-05-11,25.299999
2012-05-14,25.080000
2012-05-15,25.070000
2012-05-16,24.870001
2012-05-17,24.330000
2012-05-18,23.940001
2012-05-21,24.549999
2012-05-22,24.440001
2012-05-23,24.639999
2012-05-24,24.459999
2012-05-25,24.530001
2012-05-29,24.740000
2012-05-30,24.410000
2012-05-31,24.180000
2012-06-01,23.590000
2012-06-04,23.670000
2012-06-05,23.910000
2012-06-06,24.500000
2012-06-07,24.389999
2012-06-08,24.590000
2012-06-11,24.110001
2012-06-12,24.490000
2012-06-13,24.260000
2012-06-14,24.410000
2012-06-15,24.780001
2012-06-18,24.940001
2012-06-19,25.209999
2012-06-20,25.219999
2012-06-21,24.430000
2012-06-22,24.680000
2012-06-25,24.209999
2012-06-26,24.389999
2012-06-27,24.520000
2012-06-28,24.240000
2012-06-29,24.990000
2012-07-02,25.010000
2012-07-03,25.290001
2012-07-05,25.280001
2012-07-06,24.850000
2012-07-09,24.650000
2012-07-10,24.290001
2012-07-11,24.219999
2012-07-12,24.040001
2012-07-13,24.320000
2012-07-16,24.150000
2012-07-17,24.240000
2012-07-18,24.680000
2012-07-19,24.879999
2012-07-20,24.500000
2012-07-23,24.180000
2012-07-24,23.879999
2012-07-25,24.000000
2012-07-26,24.520000
2012-07-27,25.049999
2012-07-30,24.870001
2012-07-31,24.740000
2012-08-01,24.629999
2012-08-02,24.559999
2012-08-03,25.049999
2012-08-06,25.250000
2012-08-07,25.690001
2012-08-08,25.709999
2012-08-09,25.680000
2012-08-10,25.680000
2012-08-13,25.700001
2012-08-14,25.620001
2012-08-15,25.820000
2012-08-16,26.090000
2012-08-17,26.080000
2012-08-20,25.950001
2012-08-21,25.920000
2012-08-22,25.930000
2012-08-23,25.730000
2012-08-24,25.870001
2012-08-27,25.709999
2012-08-28,25.709999
2012-08-29,25.780001
2012-08-30,25.480000
2012-08-31,25.650000
2012-09-04,25.629999
2012-09-05,25.520000
2012-09-06,26.190001
2012-09-07,26.280001
2012-09-10,26.059999
2012-09-11,26.100000
2012-09-12,26.070000
2012-09-13,26.360001
2012-09-14,26.650000
2012-09-17,26.469999
2012-09-18,26.410000
2012-09-19,26.549999
2012-09-20,26.430000
2012-09-21,26.330000
2012-09-24,26.209999
2012-09-25,25.840000
2012-09-26,25.650000
2012-09-27,25.990000
2012-09-28,25.950001
2012-10-01,25.920000
2012-10-02,25.980000
2012-10-03,26.059999
2012-10-04,26.280001
2012-10-05,26.209999
2012-10-08,26.160000
2012-10-09,25.639999
2012-10-10,25.430000
2012-10-11,25.520000
2012-10-12,25.450001
2012-10-15,25.590000
2012-10-16,25.920000
2012-10-17,25.870001
2012-10-18,25.709999
2012-10-19,25.190001
2012-10-22,25.209999
2012-10-23,25.080000
2012-10-24,24.920000
2012-10-25,25.049999
2012-10-26,25.150000
2012-10-31,25.049999
2012-11-01,25.620001
2012-11-02,25.379999
2012-11-05,25.530001
2012-11-06,25.709999
2012-11-07,25.180000
2012-11-08,24.900000
2012-11-09,24.930000
2012-11-12,24.910000
2012-11-13,24.760000
2012-11-14,24.360001
2012-11-15,24.459999
2012-11-16,24.570000
2012-11-19,24.900000
2012-11-20,24.910000
2012-11-21,25.059999
2012-11-23,25.430000
2012-11-26,25.440001
2012-11-27,25.309999
2012-11-28,25.670000
2012-11-29,25.780001
2012-11-30,25.820000
2012-12-03,25.650000
2012-12-04,25.770000
2012-12-05,25.870001
2012-12-06,25.900000
2012-12-07,25.990000
2012-12-10,26.080000
2012-12-11,26.360001
2012-12-12,26.379999
2012-12-13,26.299999
2012-12-14,26.230000
2012-12-17,26.420000
2012-12-18,26.820000
2012-12-19,26.719999
2012-12-20,26.730000
2012-12-21,26.209999
2012-12-24,26.100000
2012-12-26,25.920000
2012-12-27,25.920000
2012-12-28,25.680000
2012-12-31,26.129999
2013-01-02,26.860001
2013-01-03,26.840000
2013-01-04,26.920000
2013-01-07,26.930000
2013-01-08,26.799999
2013-01-09,27.010000
2013-01-10,27.160000
2013-01-11,27.230000
2013-01-14,27.270000
2013-01-15,27.290001
2013-01-16,27.290001
2013-01-17,27.500000
2013-01-18,27.530001
2013-01-22,27.639999
2013-01-23,27.639999
2013-01-24,27.760000
2013-01-25,28.020000
2013-01-28,28.020000
2013-01-29,27.900000
2013-01-30,27.850000
2013-01-31,27.799999
2013-02-01,28.170000
2013-02-04,27.799999
2013-02-05,28.120001
2013-02-06,28.040001
2013-02-07,27.930000
2013-02-08,28.170000
2013-02-11,28.200001
2013-02-12,28.150000
2013-02-13,28.219999
2013-02-14,28.240000
2013-02-15,28.200001
2013-02-19,28.400000
2013-02-20,27.920000
2013-02-21,27.580000
2013-02-22,27.830000
2013-02-25,27.610001
2013-02-26,27.590000
2013-02-27,27.959999
2013-02-28,27.950001
2013-03-01,28.120001
2013-03-04,28.260000
2013-03-05,28.639999
2013-03-06,28.650000
2013-03-07,28.690001
2013-03-08,28.799999
2013-03-11,28.840000
2013-03-12,28.840000
2013-03-13,28.840000
2013-03-14,28.990000
2013-03-15,28.760000
2013-03-18,28.540001
2013-03-19,28.459999
2013-03-20,28.770000
2013-03-21,28.580000
2013-03-22,28.750000
2013-03-25,28.610001
2013-03-26,28.840000
2013-03-27,28.930000
2013-03-28,29.080000
2013-04-01,28.889999
2013-04-02,29.010000
2013-04-03,28.700001
2013-04-04,28.820000
2013-04-05,28.590000
2013-04-08,28.770000
2013-04-09,28.910000
2013-04-10,29.459999
2013-04-11,29.510000
2013-04-12,29.549999
2013-04-15,28.820000
2013-04-16,29.260000
2013-04-17,28.719999
2013-04-18,28.360001
2013-04-19,28.809999
2013-04-22,28.959999
2013-04-23,29.270000
2013-04-24,29.340000
2013-04-25,29.590000
2013-04-26,29.450001
2013-04-29,29.580000
2013-04-30,29.629999
2013-05-01,29.490000
2013-05-02,29.809999
2013-05-03,30.160000
2013-05-06,30.230000
2013-05-07,30.340000
2013-05-08,30.500000
2013-05-09,30.410000
2013-05-10,30.730000
2013-05-13,30.610001
2013-05-14,30.889999
2013-05-15,30.980000
2013-05-16,30.840000
2013-05-17,31.080000
2013-05-20,30.940001
2013-05-21,31.070000
2013-05-22,30.760000
2013-05-23,30.770000
2013-05-24,30.580000
2013-05-28,30.860001
2013-05-29,30.700001
2013-05-30,30.889999
2013-05-31,30.570000
2013-06-03,30.549999
2013-06-04,30.459999
2013-06-05,29.959999
2013-06-06,30.250000
2013-06-07,30.629999
2013-06-10,30.610001
2013-06-11,30.290001
2013-06-12,29.959999
2013-06-13,30.430000
2013-06-14,30.250000
2013-06-17,30.500000
2013-06-18,30.790001
2013-06-19,30.490000
2013-06-20,29.680000
2013-06-21,29.639999
2013-06-24,29.260000
2013-06-25,29.600000
2013-06-26,29.850000
2013-06-27,30.170000
2013-06-28,30.049999
2013-07-01,30.320000
2013-07-02,30.230000
2013-07-03,30.370001
2013-07-05,30.600000
2013-07-08,30.629999
2013-07-09,30.830000
2013-07-10,31.049999
2013-07-11,31.639999
2013-07-12,31.790001
2013-07-15,31.889999
2013-07-16,31.799999
2013-07-17,31.940001
2013-07-18,32.060001
2013-07-19,32.009998
2013-07-22,32.070000
2013-07-23,31.870001
2013-07-24,31.670000
2013-07-25,31.940001
2013-07-26,31.930000
2013-07-29,31.840000
2013-07-30,32.060001
2013-07-31,32.189999
2013-08-01,32.619999
2013-08-02,32.689999
2013-08-05,32.680000
2013-08-06,32.490002
2013-08-07,32.349998
2013-08-08,32.540001
2013-08-09,32.509998
2013-08-12,32.509998
2013-08-13,32.599998
2013-08-14,32.369999
2013-08-15,31.770000
2013-08-16,31.740000
2013-08-19,31.540001
2013-08-20,31.820000
2013-08-21,31.600000
2013-08-22,31.920000
2013-08-23,32.080002
2013-08-26,32.049999
2013-08-27,31.480000
2013-08-28,31.610001
2013-08-29,31.889999
2013-08-30,31.730000
2013-09-03,31.980000
2013-09-04,32.349998
2013-09-05,32.509998
2013-09-06,32.470001
2013-09-09,32.849998
2013-09-10,33.200001
2013-09-11,33.340000
2013-09-12,33.209999
2013-09-13,33.320000
2013-09-16,33.430000
2013-09-17,33.639999
2013-09-18,33.950001
2013-09-19,33.959999
2013-09-20,33.840000
2013-09-23,33.570000
2013-09-24,33.610001
2013-09-25,33.580002
2013-09-26,33.840000
2013-09-27,33.779999
2013-09-30,33.709999
2013-10-01,34.009998
2013-10-02,33.990002
2013-10-03,33.540001
2013-10-04,33.950001
2013-10-07,33.700001
2013-10-08,33.029999
2013-10-09,32.810001
2013-10-10,33.470001
2013-10-11,33.709999
2013-10-14,33.970001
2013-10-15,33.689999
2013-10-16,34.080002
2013-10-17,34.290001
2013-10-18,34.520000
2013-10-21,34.570000
2013-10-22,34.689999
2013-10-23,34.270000
2013-10-24,34.419998
2013-10-25,34.470001
2013-10-28,34.470001
2013-10-29,34.689999
2013-10-30,34.459999
2013-10-31,34.470001
2013-11-01,34.490002
2013-11-04,34.619999
2013-11-05,34.549999
2013-11-06,34.419998
2013-11-07,33.799999
2013-11-08,34.240002
2013-11-11,34.290001
2013-11-12,34.330002
2013-11-13,34.680000
2013-11-14,34.799999
2013-11-15,34.959999
2013-11-18,34.599998
2013-11-19,34.380001
2013-11-20,34.290001
2013-11-21,34.669998
2013-11-22,34.849998
2013-11-25,34.860001
2013-11-26,34.950001
2013-11-27,35.099998
2013-11-29,35.169998
2013-12-02,35.020000
2013-12-03,34.950001
2013-12-04,34.919998
2013-12-05,34.820000
2013-12-06,35.220001
2013-12-09,35.230000
2013-12-10,35.270000
2013-12-11,34.820000
2013-12-12,34.700001
2013-12-13,34.840000
2013-12-16,35.029999
2013-12-17,35.040001
2013-12-18,35.450001
2013-12-19,35.400002
2013-12-20,35.709999
2013-12-23,35.950001
2013-12-24,36.049999
2013-12-26,36.160000
2013-12-27,36.110001
2013-12-30,36.230000
2013-12-31,36.369999
2014-01-02,36.049999
2014-01-03,35.950001
2014-01-06,35.790001
2014-01-07,36.099998
2014-01-08,36.259998
2014-01-09,36.119999
2014-01-10,36.270000
2014-01-13,35.680000
2014-01-14,36.349998
2014-01-15,36.560001
2014-01-16,36.570000
2014-01-17,36.529999
2014-01-21,36.639999
2014-01-22,36.810001
2014-01-23,36.619999
2014-01-24,35.830002
2014-01-27,35.509998
2014-01-28,35.740002
2014-01-29,35.470001
2014-01-30,36.049999
2014-01-31,35.770000
2014-02-03,34.919998
2014-02-04,35.230000
2014-02-05,35.070000
2014-02-06,35.740002
2014-02-07,36.419998
2014-02-10,36.660000
2014-02-11,37.099998
2014-02-12,37.230000
2014-02-13,37.520000
2014-02-14,37.639999
2014-02-18,37.880001
2014-02-19,37.689999
2014-02-20,38.080002
2014-02-21,38.060001
2014-02-24,38.299999
2014-02-25,38.230000
2014-02-26,38.320000
2014-02-27,38.480000
2014-02-28,38.369999
2014-03-03,38.090000
2014-03-04,38.680000
2014-03-05,38.680000
2014-03-06,38.580002
2014-03-07,38.430000
2014-03-10,38.320000
2014-03-11,38.139999
2014-03-12,38.279999
2014-03-13,37.669998
2014-03-14,37.610001
2014-03-17,37.959999
2014-03-18,38.290001
2014-03-19,38.070000
2014-03-20,38.209999
2014-03-21,37.770000
2014-03-24,37.299999
2014-03-25,37.130001
2014-03-26,36.759998
2014-03-27,36.599998
2014-03-28,36.709999
2014-03-31,37.009998
2014-04-01,37.720001
2014-04-02,37.860001
2014-04-03,37.509998
2014-04-04,36.610001
2014-04-07,36.090000
2014-04-08,36.450001
2014-04-09,36.970001
2014-04-10,35.840000
2014-04-11,35.340000
2014-04-14,35.610001
2014-04-15,35.759998
2014-04-16,36.099998
2014-04-17,36.299999
2014-04-21,36.529999
2014-04-22,36.880001
2014-04-23,36.610001
2014-04-24,36.599998
2014-04-25,35.959999
2014-04-28,35.900002
2014-04-29,36.150002
2014-04-30,36.340000
2014-05-01,36.500000
2014-05-02,36.509998
2014-05-05,36.599998
2014-05-06,36.220001
2014-05-07,36.070000
2014-05-08,36.070000
2014-05-09,36.290001
2014-05-12,36.900002
2014-05-13,36.810001
2014-05-14,36.610001
2014-05-15,36.340000
2014-05-16,36.560001
2014-05-19,36.869999
2014-05-20,36.529999
2014-05-21,36.810001
2014-05-22,37.070000
2014-05-23,37.340000
2014-05-27,37.700001
2014-05-28,37.619999
2014-05-29,37.790001
2014-05-30,37.730000
2014-06-02,37.849998
2014-06-03,37.799999
2014-06-04,37.939999
2014-06-05,38.180000
2014-06-06,38.470001
2014-06-09,38.470001
2014-06-10,38.430000
2014-06-11,38.439999
2014-06-12,38.230000
2014-06-13,38.270000
2014-06-16,38.369999
2014-06-17,38.549999
2014-06-18,38.730000
2014-06-19,38.639999
2014-06-20,38.660000
2014-06-23,38.660000
2014-06-24,38.549999
2014-06-25,38.750000
2014-06-26,38.689999
2014-06-27,38.820000
2014-06-30,38.990002
2014-07-01,39.400002
2014-07-02,39.430000
2014-07-03,39.730000
2014-07-07,39.439999
2014-07-08,39.000000
2014-07-09,39.270000
2014-07-10,39.070000
2014-07-11,39.200001
2014-07-14,39.369999
2014-07-15,39.209999
2014-07-16,39.299999
2014-07-17,38.779999
2014-07-18,39.279999
2014-07-21,39.180000
2014-07-22,39.380001
2014-07-23,39.389999
2014-07-24,39.520000
2014-07-25,39.270000
2014-07-28,39.279999
2014-07-29,39.279999
2014-07-30,39.500000
2014-07-31,38.750000
2014-08-01,38.669998
2014-08-04,38.880001
2014-08-05,38.610001
2014-08-06,38.570000
2014-08-07,38.340000
2014-08-08,38.770000
2014-08-11,38.970001
2014-08-12,38.889999
2014-08-13,39.200001
2014-08-14,39.490002
2014-08-15,39.689999
2014-08-18,39.959999
2014-08-19,40.130001
2014-08-20,40.209999
2014-08-21,40.200001
2014-08-22,40.299999
2014-08-25,40.410000
2014-08-26,40.500000
2014-08-27,40.480000
2014-08-28,40.439999
2014-08-29,40.570000
2014-09-02,40.759998
2014-09-03,40.770000
2014-09-04,40.700001
2014-09-05,40.919998
2014-09-08,40.910000
2014-09-09,40.529999
2014-09-10,40.709999
2014-09-11,40.730000
2014-09-12,40.470001
2014-09-15,40.070000
2014-09-16,40.439999
2014-09-17,40.520000
2014-09-18,40.830002
2014-09-19,40.700001
2014-09-22,40.230000
2014-09-23,39.970001
2014-09-24,40.480000
2014-09-25,39.790001
2014-09-26,40.130001
2014-09-29,40.060001
2014-09-30,40.060001
2014-10-01,39.279999
2014-10-02,39.349998
2014-10-03,39.849998
2014-10-06,39.680000
2014-10-07,39.110001
2014-10-08,39.810001
2014-10-09,39.000000
2014-10-10,37.910000
2014-10-13,37.290001
2014-10-14,37.389999
2014-10-15,37.340000
2014-10-16,37.279999
2014-10-17,37.790001
2014-10-20,38.230000
2014-10-21,39.270000
2014-10-22,38.939999
2014-10-23,39.570000
2014-10-24,39.959999
2014-10-27,40.000000
2014-10-28,40.549999
2014-10-29,40.389999
2014-10-30,40.660000
2014-10-31,41.290001
2014-11-03,41.369999
2014-11-04,41.240002
2014-11-05,41.349998
2014-11-06,41.599998
2014-11-07,41.529999
2014-11-10,41.689999
2014-11-11,41.709999
2014-11-12,41.799999
2014-11-13,41.840000
2014-11-14,41.939999
2014-11-17,41.880001
2014-11-18,42.200001
2014-11-19,42.070000
2014-11-20,42.220001
2014-11-21,42.459999
2014-11-24,42.759998
2014-11-25,42.840000
2014-11-26,43.110001
2014-11-28,43.349998
2014-12-01,42.910000
2014-12-02,43.119999
2014-12-03,43.330002
2014-12-04,43.220001
2014-12-05,43.340000
2014-12-08,42.980000
2014-12-09,43.040001
2014-12-10,42.380001
2014-12-11,42.650002
2014-12-12,42.160000
2014-12-15,41.799999
2014-12-16,41.419998
2014-12-17,42.119999
2014-12-18,42.970001
2014-12-19,43.169998
2014-12-22,43.369999
2014-12-23,43.200001
2014-12-24,43.270000
2014-12-26,43.360001
2014-12-29,43.410000
2014-12-30,43.189999
2014-12-31,42.830002
2015-01-02,42.740002
2015-01-05,42.070000
2015-01-06,41.419998
2015-01-07,41.919998
2015-01-08,42.740002
2015-01-09,42.369999
2015-01-12,42.000000
2015-01-13,41.840000
2015-01-14,41.549999
2015-01-15,41.080002
2015-01-16,41.720001
2015-01-20,41.869999
2015-01-21,42.150002
2015-01-22,42.790001
2015-01-23,42.730000
2015-01-26,42.849998
2015-01-27,42.230000
2015-01-28,41.740002
2015-01-29,42.000000
2015-01-30,41.419998
2015-02-02,41.830002
2015-02-03,42.540001
2015-02-04,42.369999
2015-02-05,42.799999
2015-02-06,42.500000
2015-02-09,42.330002
2015-02-10,42.950001
2015-02-11,43.049999
2015-02-12,43.599998
2015-02-13,44.029999
2015-02-17,43.990002
2015-02-18,44.040001
2015-02-19,44.220001
2015-02-20,44.540001
2015-02-23,44.430000
2015-02-24,44.490002
2015-02-25,44.529999
2015-02-26,44.630001
2015-02-27,44.619999
2015-03-02,45.020000
2015-03-03,44.700001
2015-03-04,44.480000
2015-03-05,44.709999
2015-03-06,44.049999
2015-03-09,44.220001
2015-03-10,43.529999
2015-03-11,43.430000
2015-03-12,43.880001
2015-03-13,43.660000
2015-03-16,44.240002
2015-03-17,44.139999
2015-03-18,44.580002
2015-03-19,44.650002
2015-03-20,45.049999
2015-03-23,44.889999
2015-03-24,44.610001
2015-03-25,43.570000
2015-03-26,43.270000
2015-03-27,43.669998
2015-03-30,44.230000
2015-03-31,43.799999
2015-04-01,43.520000
2015-04-02,43.709999
2015-04-06,43.970001
2015-04-07,43.910000
2015-04-08,44.259998
2015-04-09,44.590000
2015-04-10,44.779999
2015-04-13,44.560001
2015-04-14,44.459999
2015-04-15,44.689999
2015-04-16,44.660000
2015-04-17,44.090000
2015-04-20,44.590000
2015-04-21,44.930000
2015-04-22,45.110001
2015-04-23,45.270000
2015-04-24,45.230000
2015-04-27,44.950001
2015-04-28,44.959999
2015-04-29,44.709999
2015-04-30,44.169998
2015-05-01,44.770000
2015-05-04,44.830002
2015-05-05,44.150002
2015-05-06,43.950001
2015-05-07,44.139999
2015-05-08,44.529999
2015-05-11,44.439999
2015-05-12,44.290001
2015-05-13,44.340000
2015-05-14,44.869999
2015-05-15,44.930000
2015-05-18,45.110001
2015-05-19,44.970001
2015-05-20,44.919998
2015-05-21,45.119999
2015-05-22,45.090000
2015-05-26,44.619999
2015-05-27,45.279999
2015-05-28,45.209999
2015-05-29,45.070000
2015-06-01,45.180000
2015-06-02,45.040001
2015-06-03,45.150002
2015-06-04,44.840000
2015-06-05,44.880001
2015-06-08,44.369999
2015-06-09,44.330002
2015-06-10,44.860001
2015-06-11,44.919998
2015-06-12,44.650002
2015-06-15,44.400002
2015-06-16,44.639999
2015-06-17,44.830002
2015-06-18,45.480000
2015-06-19,45.330002
2015-06-22,45.590000
2015-06-23,45.540001
2015-06-24,45.060001
2015-06-25,44.959999
2015-06-26,44.700001
2015-06-29,43.560001
2015-06-30,43.709999
2015-07-01,43.959999
2015-07-02,44.029999
2015-07-06,43.810001
2015-07-07,44.029999
2015-07-08,43.200001
2015-07-09,43.279999
2015-07-10,43.930000
2015-07-13,44.500000
2015-07-14,44.709999
2015-07-15,44.549999
2015-07-16,44.950001
2015-07-17,44.950001
2015-07-20,44.930000
2015-07-21,44.910000
2015-07-22,44.779999
2015-07-23,44.759998
2015-07-24,44.200001
2015-07-27,43.720001
2015-07-28,44.180000
2015-07-29,44.590000
2015-07-30,44.759998
2015-07-31,44.730000
2015-08-03,44.630001
2015-08-04,44.709999
2015-08-05,45.080002
2015-08-06,44.180000
2015-08-07,44.180000
2015-08-10,44.680000
2015-08-11,44.150002
2015-08-12,44.180000
2015-08-13,44.060001
2015-08-14,44.099998
2015-08-17,44.450001
2015-08-18,44.209999
2015-08-19,43.889999
2015-08-20,42.639999
2015-08-21,41.240002
2015-08-24,39.669998
2015-08-25,39.439999
2015-08-26,41.009998
2015-08-27,42.040001
2015-08-28,42.099998
2015-08-31,41.730000
2015-09-01,40.549999
2015-09-02,41.380001
2015-09-03,41.430000
2015-09-04,40.950001
2015-09-08,42.029999
2015-09-09,41.520000
2015-09-10,41.790001
2015-09-11,41.880001
2015-09-14,41.759998
2015-09-15,42.230000
2015-09-16,42.549999
2015-09-17,42.500000
2015-09-18,41.849998
2015-09-21,41.869999
2015-09-22,41.169998
2015-09-23,40.959999
2015-09-24,40.830002
2015-09-25,40.570000
2015-09-28,39.330002
2015-09-29,39.299999
2015-09-30,40.180000
2015-10-01,40.180000
2015-10-02,40.939999
2015-10-05,41.730000
2015-10-06,41.500000
2015-10-07,41.830002
2015-10-08,42.180000
2015-10-09,42.279999
2015-10-12,42.310001
2015-10-13,41.860001
2015-10-14,42.060001
2015-10-15,42.580002
2015-10-16,42.709999
2015-10-19,42.820000
2015-10-20,42.630001
2015-10-21,42.400002
2015-10-22,43.340000
2015-10-23,43.799999
2015-10-26,43.740002
2015-10-27,43.740002
2015-10-28,44.009998
2015-10-29,43.700001
2015-10-30,43.790001
2015-11-02,44.250000
2015-11-03,44.349998
2015-11-04,44.160000
2015-11-05,44.070000
2015-11-06,44.110001
2015-11-09,43.610001
2015-11-10,43.599998
2015-11-11,43.430000
2015-11-12,42.970001
2015-11-13,42.320000
2015-11-16,42.889999
2015-11-17,42.990002
2015-11-18,43.610001
2015-11-19,43.639999
2015-11-20,43.779999
2015-11-23,43.630001
2015-11-24,43.700001
2015-11-25,43.930000
2015-11-27,44.080002
2015-11-30,44.000000
2015-12-01,44.450001
2015-12-02,44.099998
2015-12-03,43.380001
2015-12-04,44.230000
2015-12-07,44.220001
2015-12-08,44.150002
2015-12-09,43.599998
2015-12-10,43.830002
2015-12-11,42.950001
2015-12-14,43.029999
2015-12-15,43.580002
2015-12-16,44.110001
2015-12-17,43.439999
2015-12-18,42.830002
2015-12-21,43.230000
2015-12-22,43.509998
2015-12-23,43.779999
2015-12-24,43.900002
2015-12-28,43.669998
2015-12-29,44.270000
2015-12-30,43.970001
2015-12-31,43.480000
2016-01-04,42.630001
2016-01-05,42.590000
2016-01-06,42.049999
2016-01-07,40.939999
2016-01-08,40.500000
2016-01-11,40.400002
2016-01-12,40.840000
2016-01-13,39.369999
2016-01-14,40.049999
2016-01-15,38.889999
2016-01-19,38.880001
2016-01-20,38.820000
2016-01-21,38.919998
2016-01-22,39.790001
2016-01-25,39.150002
2016-01-26,39.669998
2016-01-27,38.919998
2016-01-28,38.869999
2016-01-29,39.880001
2016-02-01,40.250000
2016-02-02,39.070000
2016-02-03,39.099998
2016-02-04,39.250000
2016-02-05,37.950001
2016-02-08,37.000000
2016-02-09,36.759998
2016-02-10,37.020000
2016-02-11,36.790001
2016-02-12,37.580002
2016-02-16,38.570000
2016-02-17,39.490002
2016-02-18,39.130001
2016-02-19,39.310001
2016-02-22,39.980000
2016-02-23,39.400002
2016-02-24,39.820000
2016-02-25,40.240002
2016-02-26,40.299999
2016-02-29,39.990002
2016-03-01,41.090000
2016-03-02,41.070000
2016-03-03,41.139999
2016-03-04,41.180000
2016-03-07,41.259998
2016-03-08,40.599998
2016-03-09,40.840000
2016-03-10,40.740002
2016-03-11,41.610001
2016-03-14,41.639999
2016-03-15,41.310001
2016-03-16,41.669998
2016-03-17,41.740002
2016-03-18,42.070000
2016-03-21,42.200001
2016-03-22,42.270000
2016-03-23,41.540001
2016-03-24,41.480000
2016-03-28,41.480000
2016-03-29,42.000000
2016-03-30,42.139999
2016-03-31,42.230000
2016-04-01,42.570000
2016-04-04,42.360001
2016-04-05,41.970001
2016-04-06,42.720001
2016-04-07,42.009998
2016-04-08,42.020000
2016-04-11,41.799999
2016-04-12,42.060001
2016-04-13,42.750000
2016-04-14,42.599998
2016-04-15,42.470001
2016-04-18,42.740002
2016-04-19,42.340000
2016-04-20,42.520000
2016-04-21,42.570000
2016-04-22,42.450001
2016-04-25,42.310001
2016-04-26,42.360001
2016-04-27,42.430000
2016-04-28,41.889999
2016-04-29,41.279999
2016-05-02,41.590000
2016-05-03,41.119999
2016-05-04,40.730000
2016-05-05,40.709999
2016-05-06,40.779999
2016-05-09,40.880001
2016-05-10,41.430000
2016-05-11,40.900002
2016-05-12,40.669998
2016-05-13,40.630001
2016-05-16,41.139999
2016-05-17,40.779999
2016-05-18,40.930000
2016-05-19,40.680000
2016-05-20,41.209999
2016-05-23,41.169998
2016-05-24,42.110001
2016-05-25,42.310001
2016-05-26,42.400002
2016-05-27,42.779999
2016-05-31,42.939999
2016-06-01,43.009998
2016-06-02,43.279999
2016-06-03,43.020000
2016-06-06,43.200001
2016-06-07,43.110001
2016-06-08,43.099998
2016-06-09,42.939999
2016-06-10,42.209999
2016-06-13,41.959999
2016-06-14,41.930000
2016-06-15,41.849998
2016-06-16,42.000000
2016-06-17,41.700001
2016-06-20,42.130001
2016-06-21,42.130001
2016-06-22,42.000000
2016-06-23,42.759998
2016-06-24,40.790001
2016-06-27,39.590000
2016-06-28,40.540001
2016-06-29,41.419998
2016-06-30,41.869999
2016-07-01,42.169998
2016-07-05,41.730000
2016-07-06,42.040001
2016-07-07,42.320000
2016-07-08,43.090000
2016-07-11,43.349998
2016-07-12,43.790001
2016-07-13,43.700001
2016-07-14,43.950001
2016-07-15,43.860001
2016-07-18,44.090000
2016-07-19,43.830002
2016-07-20,44.290001
2016-07-21,44.180000
2016-07-22,44.419998
2016-07-25,44.500000
2016-07-26,44.990002
2016-07-27,44.889999
2016-07-28,44.950001
2016-07-29,44.810001
2016-08-01,44.880001
2016-08-02,44.410000
2016-08-03,44.560001
2016-08-04,44.560001
2016-08-05,44.939999
2016-08-08,44.790001
2016-08-09,44.880001
2016-08-10,44.730000
2016-08-11,45.049999
2016-08-12,45.160000
2016-08-15,45.520000
2016-08-16,45.169998
2016-08-17,45.200001
2016-08-18,45.400002
2016-08-19,45.500000
2016-08-22,45.529999
2016-08-23,45.709999
2016-08-24,45.279999
2016-08-25,45.180000
2016-08-26,45.369999
2016-08-29,45.410000
2016-08-30,45.250000
2016-08-31,45.209999
2016-09-01,45.320000
2016-09-02,45.430000
2016-09-06,45.570000
2016-09-07,45.580002
2016-09-08,45.410000
2016-09-09,44.200001
2016-09-12,45.040001
2016-09-13,44.410000
2016-09-14,44.459999
2016-09-15,45.049999
2016-09-16,44.939999
2016-09-19,44.880001
2016-09-20,44.910000
2016-09-21,45.360001
2016-09-22,45.689999
2016-09-23,45.470001
2016-09-26,45.070000
2016-09-27,45.580002
2016-09-28,45.619999
2016-09-29,45.330002
2016-09-30,45.759998
2016-10-03,45.740002
2016-10-04,45.599998
2016-10-05,45.889999
2016-10-06,45.810001
2016-10-07,45.610001
2016-10-10,45.770000
2016-10-11,44.820000
2016-10-12,44.750000
2016-10-13,44.610001
2016-10-14,44.650002
2016-10-17,44.470001
2016-10-18,44.939999
2016-10-19,45.020000
2016-10-20,45.020000
2016-10-21,45.000000
2016-10-24,45.400002
2016-10-25,45.200001
2016-10-26,45.169998
2016-10-27,44.900002
2016-10-28,44.959999
2016-10-31,44.939999
2016-11-01,44.570000
2016-11-02,44.330002
2016-11-03,44.009998
2016-11-04,43.880001
2016-11-07,44.970001
2016-11-08,45.119999
2016-11-09,45.509998
2016-11-10,45.130001
2016-11-11,45.320000
2016-11-14,45.290001
2016-11-15,45.759998
2016-11-16,45.840000
2016-11-17,46.279999
2016-11-18,46.060001
2016-11-21,46.380001
2016-11-22,46.540001
2016-11-23,46.500000
2016-11-25,46.750000
2016-11-28,46.549999
2016-11-29,46.680000
2016-11-30,46.240002
2016-12-01,45.299999
2016-12-02,45.369999
2016-12-05,45.750000
2016-12-06,45.939999
2016-12-07,46.570000
2016-12-08,46.720001
2016-12-09,46.770000
2016-12-12,46.410000
2016-12-13,46.880001
2016-12-14,46.720001
2016-12-15,46.970001
2016-12-16,46.770000
2016-12-19,46.759998
2016-12-20,46.990002
2016-12-21,46.860001
2016-12-22,46.730000
2016-12-23,46.900002
2016-12-27,47.119999
2016-12-28,46.680000
2016-12-29,46.590000
2016-12-30,46.209999
2017-01-03,46.700001
2017-01-04,47.169998
2017-01-05,47.349998
2017-01-06,47.590000
2017-01-09,47.759998
2017-01-10,48.020000
2017-01-11,48.009998
2017-01-12,47.959999
2017-01-13,48.180000
2017-01-17,48.009998
2017-01-18,48.180000
2017-01-19,48.180000
2017-01-20,48.299999
2017-01-23,48.220001
2017-01-24,48.700001
2017-01-25,49.119999
2017-01-26,48.919998
2017-01-27,49.130001
2017-01-30,48.930000
2017-01-31,48.919998
2017-02-01,48.980000
2017-02-02,48.970001
2017-02-03,49.200001
2017-02-06,49.290001
2017-02-07,49.419998
2017-02-08,49.490002
2017-02-09,49.779999
2017-02-10,49.910000
2017-02-13,50.090000
2017-02-14,50.130001
2017-02-15,50.540001
2017-02-16,50.459999
2017-02-17,50.709999
2017-02-21,51.000000
2017-02-22,50.980000
2017-02-23,50.639999
2017-02-24,50.840000
2017-02-27,50.970001
2017-02-28,50.779999
2017-03-01,51.330002
2017-03-02,51.070000
2017-03-03,51.209999
2017-03-06,51.029999
2017-03-07,50.799999
2017-03-08,50.950001
2017-03-09,50.950001
2017-03-10,51.230000
2017-03-13,51.459999
2017-03-14,51.240002
2017-03-15,51.660000
2017-03-16,51.549999
2017-03-17,51.610001
2017-03-20,51.500000
2017-03-21,50.619999
2017-03-22,50.980000
2017-03-23,50.939999
2017-03-24,51.139999
2017-03-27,51.220001
2017-03-28,51.480000
2017-03-29,51.630001
2017-03-30,51.750000
2017-03-31,51.599998
2017-04-03,51.419998
2017-04-04,51.410000
2017-04-05,51.189999
2017-04-06,51.380001
2017-04-07,51.410000
2017-04-10,51.459999
2017-04-11,51.320000
2017-04-12,51.000000
2017-04-13,50.779999
2017-04-17,51.029999
2017-04-18,50.980000
2017-04-19,51.139999
2017-04-20,51.650002
2017-04-21,51.540001
2017-04-24,52.110001
2017-04-25,52.470001
2017-04-26,52.369999
2017-04-27,52.630001
2017-04-28,52.480000
2017-05-01,52.700001
2017-05-02,52.799999
2017-05-03,52.490002
2017-05-04,52.580002
2017-05-05,52.799999
2017-05-08,52.599998
2017-05-09,52.919998
2017-05-10,53.029999
2017-05-11,52.950001
2017-05-12,52.889999
2017-05-15,53.180000
2017-05-16,53.340000
2017-05-17,52.119999
2017-05-18,52.570000
2017-05-19,52.910000
2017-05-22,53.480000
2017-05-23,53.290001
2017-05-24,53.509998
2017-05-25,53.970001
2017-05-26,54.020000
2017-05-30,54.049999
2017-05-31,54.160000
2017-06-01,54.630001
2017-06-02,55.029999
2017-06-05,54.919998
2017-06-06,54.680000
2017-06-07,54.849998
2017-06-08,55.049999
2017-06-09,53.919998
2017-06-12,53.810001
2017-06-13,54.169998
2017-06-14,53.939999
2017-06-15,53.720001
2017-06-16,53.490002
2017-06-19,54.299999
2017-06-20,53.799999
2017-06-21,54.480000
2017-06-22,54.419998
2017-06-23,54.610001
2017-06-26,54.500000
2017-06-27,53.500000
2017-06-28,54.240002
2017-06-29,53.340000
2017-06-30,53.480000
2017-07-03,52.959999
2017-07-05,53.340000
2017-07-06,52.790001
2017-07-07,53.259998
2017-07-10,53.520000
2017-07-11,53.610001
2017-07-12,54.279999
2017-07-13,54.250000
2017-07-14,54.619999
2017-07-17,54.560001
2017-07-18,54.779999
2017-07-19,55.150002
2017-07-20,55.259998
2017-07-21,55.250000
2017-07-24,55.259998
2017-07-25,55.169998
2017-07-26,55.380001
2017-07-27,55.119999
2017-07-28,55.099998
2017-07-31,54.930000
2017-08-01,54.959999
2017-08-02,54.700001
2017-08-03,54.540001
2017-08-04,54.360001
2017-08-07,54.669998
2017-08-08,54.389999
2017-08-09,54.230000
2017-08-10,53.020000
2017-08-11,53.330002
2017-08-14,53.880001
2017-08-15,53.790001
2017-08-16,54.009998
2017-08-17,52.900002
2017-08-18,52.880001
2017-08-21,52.869999
2017-08-22,53.669998
2017-08-23,53.470001
2017-08-24,53.439999
2017-08-25,53.410000
2017-08-28,53.509998
2017-08-29,53.650002
2017-08-30,54.320000
2017-08-31,54.849998
2017-09-01,54.990002
2017-09-05,54.500000
2017-09-06,54.680000
2017-09-07,54.810001
2017-09-08,54.549999
2017-09-11,55.150002
2017-09-12,55.430000
2017-09-13,55.480000
2017-09-14,55.189999
2017-09-15,55.389999
2017-09-18,55.439999
2017-09-19,55.369999
2017-09-20,55.240002
2017-09-21,54.980000
2017-09-22,55.169998
2017-09-25,54.750000
2017-09-26,54.720001
2017-09-27,55.230000
2017-09-28,55.130001
2017-09-29,55.540001
2017-10-02,55.680000
2017-10-03,55.849998
2017-10-04,56.070000
2017-10-05,56.360001
2017-10-06,56.360001
2017-10-09,56.090000
2017-10-10,56.160000
2017-10-11,56.189999
2017-10-12,56.009998
2017-10-13,56.230000
2017-10-16,56.240002
2017-10-17,56.290001
2017-10-18,56.310001
2017-10-19,56.290001
2017-10-20,56.520000
2017-10-23,56.299999
2017-10-24,56.250000
2017-10-25,55.959999
2017-10-26,55.830002
2017-10-27,56.230000
2017-10-30,56.000000
2017-10-31,56.259998
2017-11-01,56.040001
2017-11-02,55.849998
2017-11-03,56.270000
2017-11-06,56.439999
2017-11-07,56.340000
2017-11-08,56.500000
2017-11-09,56.220001
2017-11-10,56.330002
2017-11-13,56.400002
2017-11-14,56.349998
2017-11-15,56.189999
2017-11-16,57.000000
2017-11-17,57.180000
2017-11-20,57.080002
2017-11-21,57.490002
2017-11-22,57.560001
2017-11-24,57.610001
2017-11-27,57.369999
2017-11-28,57.730000
2017-11-29,57.139999
2017-11-30,57.529999
2017-12-01,57.279999
2017-12-04,57.020000
2017-12-05,56.919998
2017-12-06,56.959999
2017-12-07,57.240002
2017-12-08,57.459999
2017-12-11,57.730000
2017-12-12,57.700001
2017-12-13,57.900002
2017-12-14,57.740002
2017-12-15,58.310001
2017-12-18,58.810001
2017-12-19,58.660000
2017-12-20,58.590000
2017-12-21,58.459999
2017-12-22,58.389999
2017-12-26,58.230000
2017-12-27,58.209999
2017-12-28,58.310001
2017-12-29,57.950001
2018-01-02,58.910000
2018-01-03,59.560001
2018-01-04,59.669998
2018-01-05,60.150002
2018-01-08,60.340000
2018-01-09,60.349998
2018-01-10,60.090000
2018-01-11,60.529999
2018-01-12,60.980000
2018-01-16,60.840000
2018-01-17,61.459999
2018-01-18,61.450001
2018-01-19,61.770000
2018-01-22,62.290001
2018-01-23,62.660000
2018-01-24,62.369999
2018-01-25,62.259998
2018-01-26,63.150002
2018-01-29,62.959999
2018-01-30,62.169998
2018-01-31,62.220001
2018-02-01,61.880001
2018-02-02,60.660000
2018-02-05,58.430000
2018-02-06,59.490002
2018-02-07,59.090000
2018-02-08,56.599998
2018-02-09,57.290001
2018-02-12,58.270000
2018-02-13,58.279999
2018-02-14,59.290001
2018-02-15,60.200001
2018-02-16,60.110001
2018-02-20,60.099998
2018-02-21,59.840000
2018-02-22,59.759998
2018-02-23,60.910000
2018-02-26,61.480000
2018-02-27,60.849998
2018-02-28,60.380001
2018-03-01,59.520000
2018-03-02,60.169998
2018-03-05,60.869999
2018-03-06,61.310001
2018-03-07,61.520000
2018-03-08,61.730000
2018-03-09,62.939999
2018-03-12,63.230000
2018-03-13,62.500000
2018-03-14,62.340000
2018-03-15,62.259998
2018-03-16,62.330002
2018-03-19,61.209999
2018-03-20,61.270000
2018-03-21,61.230000
2018-03-22,59.669998
2018-03-23,58.160000
2018-03-26,59.849998
2018-03-27,58.310001
2018-03-28,58.189999
2018-03-29,58.980000
2018-04-02,57.419998
2018-04-03,57.910000
2018-04-04,58.900002
2018-04-05,59.080002
2018-04-06,57.549999
2018-04-09,57.750000
2018-04-10,59.020000
2018-04-11,58.570000
2018-04-12,59.240002
2018-04-13,58.830002
2018-04-16,59.369999
2018-04-17,60.230000
2018-04-18,60.459999
2018-04-19,59.580002
2018-04-20,58.849998
2018-04-23,58.790001
2018-04-24,58.060001
2018-04-25,57.939999
2018-04-26,58.930000
2018-04-27,58.869999
2018-04-30,58.480000
2018-05-01,58.740002
2018-05-02,58.110001
2018-05-03,57.950001
2018-05-04,58.939999
2018-05-07,59.240002
2018-05-08,59.090000
2018-05-09,59.669998
2018-05-10,60.250000
2018-05-11,60.080002
2018-05-14,60.240002
2018-05-15,59.810001
2018-05-16,60.290001
2018-05-17,60.180000
2018-05-18,59.959999
2018-05-21,60.049999
2018-05-22,60.000000
2018-05-23,60.189999
2018-05-24,60.299999
2018-05-25,60.299999
2018-05-29,59.950001
2018-05-30,60.439999
2018-05-31,60.000000
2018-06-01,60.750000
2018-06-04,61.180000
2018-06-05,61.279999
2018-06-06,61.849998
2018-06-07,61.470001
2018-06-08,61.630001
2018-06-11,61.869999
2018-06-12,62.139999
2018-06-13,62.230000
2018-06-14,62.820000
2018-06-15,62.889999
2018-06-18,62.560001
2018-06-19,62.259998
2018-06-20,62.590000
2018-06-21,62.000000
2018-06-22,61.869999
2018-06-25,60.759998
2018-06-26,60.730000
2018-06-27,59.840000
2018-06-28,60.180000
2018-06-29,60.549999
2018-07-02,60.720001
2018-07-03,60.369999
2018-07-05,61.160000
2018-07-06,62.060001
2018-07-09,62.580002
2018-07-10,62.610001
2018-07-11,62.169998
2018-07-12,63.090000
2018-07-13,63.200001
2018-07-16,62.950001
2018-07-17,63.320000
2018-07-18,63.330002
2018-07-19,63.049999
2018-07-20,62.860001
2018-07-23,63.009998
2018-07-24,62.759998
2018-07-25,63.450001
2018-07-26,63.380001
2018-07-27,62.730000
2018-07-30,62.000000
2018-07-31,62.500000
2018-08-01,62.180000
2018-08-02,62.720001
2018-08-03,62.930000
2018-08-06,63.139999
2018-08-07,63.320000
2018-08-08,63.200001
2018-08-09,63.070000
2018-08-10,62.549999
2018-08-13,62.389999
2018-08-14,62.650002
2018-08-15,61.860001
2018-08-16,62.090000
2018-08-17,62.180000
2018-08-20,62.259998
2018-08-21,62.770000
2018-08-22,62.840000
2018-08-23,62.660000
2018-08-24,63.349998
2018-08-27,63.820000
2018-08-28,63.900002
2018-08-29,64.279999
2018-08-30,63.709999
2018-08-31,63.860001
2018-09-04,63.480000
2018-09-05,62.900002
2018-09-06,62.520000
2018-09-07,62.310001
2018-09-10,62.689999
2018-09-11,62.689999
2018-09-12,62.700001
2018-09-13,63.259998
2018-09-14,63.250000
2018-09-17,62.639999
2018-09-18,63.110001
2018-09-19,63.169998
2018-09-20,63.730000
2018-09-21,63.680000
2018-09-24,63.439999
2018-09-25,63.180000
2018-09-26,63.299999
2018-09-27,63.599998
2018-09-28,63.599998
2018-10-01,63.529999
2018-10-02,63.320000
2018-10-03,63.369999
2018-10-04,62.189999
2018-10-05,61.439999
2018-10-08,61.020000
2018-10-09,60.930000
2018-10-10,58.790001
2018-10-11,58.020000
2018-10-12,59.240002
2018-10-15,58.930000
2018-10-16,60.570000
2018-10-17,60.500000
2018-10-18,59.250000
2018-10-19,58.959999
2018-10-22,59.040001
2018-10-23,58.700001
2018-10-24,56.130001
2018-10-25,57.450001
2018-10-26,56.490002
2018-10-29,56.020000
2018-10-30,57.160000
2018-10-31,58.099998
2018-11-01,59.369999
2018-11-02,58.990002
2018-11-05,59.070000
2018-11-06,59.480000
2018-11-07,60.860001
2018-11-08,60.419998
2018-11-09,59.549999
2018-11-12,58.090000
2018-11-13,58.369999
2018-11-14,58.139999
2018-11-15,59.099998
2018-11-16,59.130001
2018-11-19,57.630001
2018-11-20,56.740002
2018-11-21,57.330002
2018-11-23,57.320000
2018-11-26,58.230000
2018-11-27,58.430000
2018-11-28,59.779999
2018-11-29,59.520000
2018-11-30,59.910000
2018-12-03,60.720001
2018-12-04,58.759998
2018-12-06,58.860001
2018-12-07,57.009998
2018-12-10,57.459999
2018-12-11,57.599998
2018-12-12,58.200001
2018-12-13,57.939999
2018-12-14,56.779999
2018-12-17,55.689999
2018-12-18,55.529999
2018-12-19,54.320000
2018-12-20,53.610001
2018-12-21,52.439999
2018-12-24,51.189999
2018-12-26,53.880001
2018-12-27,54.310001
2018-12-28,54.200001
2018-12-31,54.599998
2019-01-02,54.709999
2019-01-03,53.330002
2019-01-04,55.610001
2019-01-07,56.439999
2019-01-08,56.849998
2019-01-09,57.459999
2019-01-10,57.730000
2019-01-11,57.759998
2019-01-14,57.169998
2019-01-15,57.860001
2019-01-16,57.820000
2019-01-17,58.320000
2019-01-18,59.220001
2019-01-22,58.189999
2019-01-23,57.990002
2019-01-24,58.860001
2019-01-25,59.840000
2019-01-28,59.360001
2019-01-29,59.029999
2019-01-30,60.150002
2019-01-31,60.869999
2019-02-01,61.240002
2019-02-04,61.570000
2019-02-05,62.000000
2019-02-06,62.029999
2019-02-07,61.259998
2019-02-08,61.500000
2019-02-11,61.630001
2019-02-12,62.580002
2019-02-13,62.639999
2019-02-14,62.759998
2019-02-15,63.040001
2019-02-19,63.099998
2019-02-20,63.139999
2019-02-21,62.759998
2019-02-22,63.150002
2019-02-25,63.369999
2019-02-26,63.310001
2019-02-27,63.119999
2019-02-28,63.110001
2019-03-01,63.500000
2019-03-04,63.180000
2019-03-05,63.139999
2019-03-06,62.590000
2019-03-07,61.930000
2019-03-08,61.720001
2019-03-11,62.820000
2019-03-12,63.029999
2019-03-13,63.459999
2019-03-14,63.290001
2019-03-15,63.959999
2019-03-18,63.939999
2019-03-19,64.129997
2019-03-20,64.000000
2019-03-21,64.959999
2019-03-22,63.459999
2019-03-25,63.369999
2019-03-26,63.830002
2019-03-27,63.430000
2019-03-28,63.680000
2019-03-29,64.239998
2019-04-01,65.290001
2019-04-02,65.370003
2019-04-03,65.900002
2019-04-04,65.760002
2019-04-05,66.300003
2019-04-08,66.360001
2019-04-09,65.910004
2019-04-10,66.279999
2019-04-11,66.220001
2019-04-12,66.559998
2019-04-15,66.470001
2019-04-16,66.559998
2019-04-17,66.349998
2019-04-18,66.370003
2019-04-22,66.190002
2019-04-23,67.089996
2019-04-24,67.059998
2019-04-25,66.879997
2019-04-26,67.120003
2019-04-29,67.160004
2019-04-30,67.400002
2019-05-01,66.860001
2019-05-02,66.959999
2019-05-03,67.769997
2019-05-06,67.300003
2019-05-07,65.730003
2019-05-08,65.610001
2019-05-09,65.519997
2019-05-10,65.519997
2019-05-13,63.299999
2019-05-14,64.250000
2019-05-15,64.900002
2019-05-16,65.389999
2019-05-17,64.580002
2019-05-20,63.560001
2019-05-21,64.320000
2019-05-22,63.970001
2019-05-23,63.000000
2019-05-24,62.880001
2019-05-28,62.470001
2019-05-29,62.009998
2019-05-30,62.230000
2019-05-31,61.450001
2019-06-03,60.919998
2019-06-04,62.770000
2019-06-05,63.119999
2019-06-06,63.470001
2019-06-07,64.349998
2019-06-10,65.040001
2019-06-11,64.959999
2019-06-12,64.650002
2019-06-13,65.010002
2019-06-14,64.570000
2019-06-17,64.610001
2019-06-18,65.610001
2019-06-19,66.110001
2019-06-20,66.699997
2019-06-21,66.459999
2019-06-24,66.209999
2019-06-25,65.400002
2019-06-26,65.769997
2019-06-27,66.290001
2019-06-28,66.650002
2019-07-01,67.629997
2019-07-02,67.610001
2019-07-03,68.139999
2019-07-05,67.849998
2019-07-08,67.400002
2019-07-09,67.680000
2019-07-10,68.110001
2019-07-11,68.000000
2019-07-12,68.519997
2019-07-15,68.599998
2019-07-16,68.230003
2019-07-17,68.080002
2019-07-18,68.430000
2019-07-19,67.949997
2019-07-22,68.290001
2019-07-23,68.879997
2019-07-24,69.620003
2019-07-25,68.669998
2019-07-26,69.070000
2019-07-29,68.919998
2019-07-30,68.739998
2019-07-31,67.739998
2019-08-01,67.120003
2019-08-02,66.120003
2019-08-05,63.779999
2019-08-06,64.550003
2019-08-07,64.980003
2019-08-08,66.419998
2019-08-09,65.730003
2019-08-12,64.779999
2019-08-13,66.120003
2019-08-14,64.169998
2019-08-15,64.099998
2019-08-16,65.180000
2019-08-19,66.139999
2019-08-20,65.790001
2019-08-21,66.269997
2019-08-22,66.169998
2019-08-23,64.129997
2019-08-26,64.900002
2019-08-27,64.809998
2019-08-28,65.120003
2019-08-29,66.089996
2019-08-30,65.919998
2019-09-03,65.290001
2019-09-04,66.190002
2019-09-05,67.470001
2019-09-06,67.669998
2019-09-09,67.580002
2019-09-10,67.510002
2019-09-11,68.139999
2019-09-12,68.180000
2019-09-13,68.160004
2019-09-16,67.879997
2019-09-17,68.129997
2019-09-18,67.849998
2019-09-19,67.860001
2019-09-20,67.410004
2019-09-23,67.230003
2019-09-24,66.290001
2019-09-25,66.849998
2019-09-26,66.839996
2019-09-27,65.760002
2019-09-30,66.349998
2019-10-01,65.699997
2019-10-02,64.660004
2019-10-03,65.300003
2019-10-04,66.169998
2019-10-07,65.940002
2019-10-08,64.690002
2019-10-09,65.339996
2019-10-10,65.900002
2019-10-11,67.019997
2019-10-14,67.040001
2019-10-15,67.930000
2019-10-16,67.610001
2019-10-17,67.800003
2019-10-18,67.260002
2019-10-21,67.699997
2019-10-22,67.320000
2019-10-23,67.230003
2019-10-24,68.150002
2019-10-25,68.589996
2019-10-28,69.110001
2019-10-29,69.019997
2019-10-30,69.220001
2019-10-31,68.790001
2019-11-01,69.570000
2019-11-04,70.080002
2019-11-05,70.050003
2019-11-06,69.830002
2019-11-07,69.940002
2019-11-08,70.209999
2019-11-11,70.029999
2019-11-12,70.129997
2019-11-13,70.099998
2019-11-14,70.050003
2019-11-15,70.500000
2019-11-18,70.480003
2019-11-19,70.709999
2019-11-20,70.220001
2019-11-21,70.050003
2019-11-22,70.239998
2019-11-25,71.169998
2019-11-26,71.220001
2019-11-27,71.730003
2019-11-29,71.360001
2019-12-02,70.599998
2019-12-03,70.089996
2019-12-04,70.570000
2019-12-05,70.589996
2019-12-06,71.360001
2019-12-09,70.989998
2019-12-10,70.989998
2019-12-11,71.459999
2019-12-12,72.370003
2019-12-13,72.220001
2019-12-16,72.879997
2019-12-17,72.879997
2019-12-18,73.059998
2019-12-19,73.400002
2019-12-20,73.959999
2019-12-23,73.930000
2019-12-24,74.029999
2019-12-26,74.139999
2019-12-27,74.089996
2019-12-30,73.639999
2019-12-31,73.800003
2020-01-02,74.769997
2020-01-03,74.110001
2020-01-06,74.199997
2020-01-07,74.510002
2020-01-08,74.940002
2020-01-09,75.440002
2020-01-10,75.309998
2020-01-13,75.959999
2020-01-14,75.980003
2020-01-15,75.849998
2020-01-16,76.620003
2020-01-17,76.730003
2020-01-21,76.440002
2020-01-22,76.650002
2020-01-23,76.930000
2020-01-24,76.010002
2020-01-27,74.570000
2020-01-28,75.519997
2020-01-29,74.989998
2020-01-30,75.320000
2020-01-31,73.820000
2020-02-03,74.949997
2020-02-04,76.849998
2020-02-05,77.139999
2020-02-06,77.599998
2020-02-07,76.790001
2020-02-10,77.470001
2020-02-11,77.970001
2020-02-12,78.910004
2020-02-13,78.860001
2020-02-14,78.970001
2020-02-18,78.989998
2020-02-19,79.879997
2020-02-20,79.209999
2020-02-21,77.989998
2020-02-24,75.370003
2020-02-25,73.019997
2020-02-26,72.980003
2020-02-27,70.089996
2020-02-28,69.779999
2020-03-02,72.430000
2020-03-03,70.480003
2020-03-04,73.580002
2020-03-05,71.470001
2020-03-06,70.199997
2020-03-09,65.239998
2020-03-10,68.419998
2020-03-11,65.300003
2020-03-12,59.290001
2020-03-13,63.990002
2020-03-16,56.430000
2020-03-17,59.990002
2020-03-18,56.119999
2020-03-19,57.130001
2020-03-20,55.279999
2020-03-23,55.349998
2020-03-24,59.610001
2020-03-25,60.360001
2020-03-26,63.410000
2020-03-27,61.130001
2020-03-30,62.919998
2020-03-31,62.299999
2020-04-01,59.549999
2020-04-02,60.570000
2020-04-03,59.689999
2020-04-06,64.279999
2020-04-07,64.199997
2020-04-08,65.820000
2020-04-09,66.180000
2020-04-13,66.239998
2020-04-14,68.769997
2020-04-15,67.660004
2020-04-16,68.779999
2020-04-17,70.110001
2020-04-20,69.349998
2020-04-21,66.839996
2020-04-22,68.750000
2020-04-23,68.370003
2020-04-24,69.540001
2020-04-27,70.669998
2020-04-28,69.830002
2020-04-29,71.750000
2020-04-30,70.550003
2020-05-01,68.430000
2020-05-04,69.059998
2020-05-05,69.930000
2020-05-06,70.269997
2020-05-07,71.230003
2020-05-08,72.519997
2020-05-11,72.849998
2020-05-12,71.139999
2020-05-13,69.930000
2020-05-14,70.900002
2020-05-15,71.110001
2020-05-18,73.370003
2020-05-19,73.099998
2020-05-20,74.489998
2020-05-21,73.610001
2020-05-22,73.940002
2020-05-26,74.580002
2020-05-27,75.489998
2020-05-28,75.309998
2020-05-29,76.750000
2020-06-01,77.010002
2020-06-02,77.639999
2020-06-03,78.660004
2020-06-04,78.279999
2020-06-05,80.050003
2020-06-08,80.879997
2020-06-09,80.169998
2020-06-10,80.339996
2020-06-11,75.889999
2020-06-12,76.830002
2020-06-15,77.750000
2020-06-16,79.230003
2020-06-17,79.370003
2020-06-18,79.550003
2020-06-19,79.510002
2020-06-22,79.949997
2020-06-23,80.160004
2020-06-24,78.330002
2020-06-25,78.830002
2020-06-26,77.709999
2020-06-29,78.379997
2020-06-30,79.889999
2020-07-01,80.220001
2020-07-02,80.870003
2020-07-06,82.279999
2020-07-07,81.599998
2020-07-08,82.279999
2020-07-09,82.440002
2020-07-10,82.849998
2020-07-13,81.190002
2020-07-14,82.139999
2020-07-15,82.930000
2020-07-16,82.500000
2020-07-17,83.160004
2020-07-20,84.459999
2020-07-21,83.959999
2020-07-22,84.389999
2020-07-23,83.010002
2020-07-24,82.089996
2020-07-27,83.580002
2020-07-28,82.680000
2020-07-29,83.699997
2020-07-30,83.930000
2020-07-31,84.080002
2020-08-03,84.980003
2020-08-04,85.470001
2020-08-05,85.599998
2020-08-06,85.629997
2020-08-07,85.059998
2020-08-10,84.760002
2020-08-11,83.680000
2020-08-12,85.279999
2020-08-13,85.300003
2020-08-14,85.059998
2020-08-17,86.120003
2020-08-18,86.269997
2020-08-19,85.529999
2020-08-20,85.910004
2020-08-21,85.930000
2020-08-24,86.510002
2020-08-25,87.190002
2020-08-26,88.160004
2020-08-27,87.930000
2020-08-28,88.769997
2020-08-31,89.110001
2020-09-01,90.110001
2020-09-02,91.599998
2020-09-03,87.669998
2020-09-04,86.589996
2020-09-08,83.430000
2020-09-09,85.160004
2020-09-10,83.879997
2020-09-11,83.639999
2020-09-14,85.510002
2020-09-15,86.370003
2020-09-16,85.739998
2020-09-17,84.699997
2020-09-18,83.959999
2020-09-21,83.529999
2020-09-22,84.639999
2020-09-23,82.940002
2020-09-24,82.970001
2020-09-25,84.709999
2020-09-28,86.449997
2020-09-29,86.029999
2020-09-30,86.379997
2020-10-01,87.580002
2020-10-02,85.730003
2020-10-05,87.419998
2020-10-06,86.330002
2020-10-07,87.970001
2020-10-08,88.699997
2020-10-09,89.820000
2020-10-12,91.589996
2020-10-13,91.660004
2020-10-14,90.889999
2020-10-15,90.279999
2020-10-16,90.349998
2020-10-19,89.040001
2020-10-20,89.269997
2020-10-21,88.790001
2020-10-22,89.239998
2020-10-23,89.519997
2020-10-26,87.919998
2020-10-27,87.870003
2020-10-28,85.169998
2020-10-29,86.190002
2020-10-30,84.639999
2020-11-02,85.220001
2020-11-03,86.980003
2020-11-04,90.199997
2020-11-05,92.080002
2020-11-06,92.190002
2020-11-09,91.750000
2020-11-10,90.510002
2020-11-11,92.120003
2020-11-12,91.519997
2020-11-13,93.129997
2020-11-16,93.800003
2020-11-17,93.300003
2020-11-18,92.459999
2020-11-19,93.330002
2020-11-20,93.110001
2020-11-23,93.660004
2020-11-24,94.680000
2020-11-25,94.750000
2020-11-27,95.870003
2020-11-30,96.339996
2020-12-01,97.160004
2020-12-02,97.220001
2020-12-03,97.629997
2020-12-04,98.660004
2020-12-07,98.680000
2020-12-08,99.239998
2020-12-09,97.400002
2020-12-10,97.680000
2020-12-11,97.320000
2020-12-14,98.150002
2020-12-15,99.260002
2020-12-16,99.629997
2020-12-17,100.500000
2020-12-18,100.750000
2020-12-21,100.019997
2020-12-22,100.120003
2020-12-23,99.779999
2020-12-24,99.940002
2020-12-28,99.879997
2020-12-29,99.949997
2020-12-30,100.550003
2020-12-31,100.870003
2021-01-04,99.519997
2021-01-05,100.410004
2021-01-06,100.019997
2021-01-07,102.139999
2021-01-08,103.260002
2021-01-11,102.440002
2021-01-12,102.500000
2021-01-13,102.589996
2021-01-14,102.610001
2021-01-15,101.980003
2021-01-19,103.360001
2021-01-20,104.580002
2021-01-21,104.610001
2021-01-22,104.010002
2021-01-25,104.540001
2021-01-26,103.970001
2021-01-27,100.809998
2021-01-28,102.019997
2021-01-29,100.449997
2021-02-01,102.639999
2021-02-02,104.449997
2021-02-03,103.190002
2021-02-04,104.820000
2021-02-05,105.510002
2021-02-08,106.220001
2021-02-09,106.559998
2021-02-10,106.730003
2021-02-11,107.769997
2021-02-12,108.599998
2021-02-16,108.199997
2021-02-17,107.570000
2021-02-18,107.120003
2021-02-19,107.519997
2021-02-22,105.029999
2021-02-23,104.529999
2021-02-24,105.279999
2021-02-25,101.580002
2021-02-26,101.930000
2021-03-01,104.550003
2021-03-02,102.959999
2021-03-03,100.110001
2021-03-04,97.769997
2021-03-05,99.769997
2021-03-08,97.370003
2021-03-09,100.779999
2021-03-10,100.430000
2021-03-11,102.779999
2021-03-12,102.040001
2021-03-15,103.480003
2021-03-16,103.820000
2021-03-17,103.949997
2021-03-18,101.099998
2021-03-19,101.779999
2021-03-22,103.330002
2021-03-23,102.260002
2021-03-24,100.580002
2021-03-25,100.510002
2021-03-26,102.800003
2021-03-29,102.320000
2021-03-30,101.870003
2021-03-31,103.269997
2021-04-01,105.089996
2021-04-05,106.379997
2021-04-06,106.440002
2021-04-07,105.790001
2021-04-08,106.849998
2021-04-09,107.010002
2021-04-12,106.839996
2021-04-13,107.629997
2021-04-14,106.830002
2021-04-15,108.529999
2021-04-16,108.529999
2021-04-19,107.169998
2021-04-20,106.440002
2021-04-21,107.820000
2021-04-22,106.980003
2021-04-23,108.339996
2021-04-26,108.970001
2021-04-27,108.540001
2021-04-28,108.059998
2021-04-29,108.139999
2021-04-30,107.000000
2021-05-03,106.699997
2021-05-04,105.029999
2021-05-05,104.440002
2021-05-06,104.860001
2021-05-07,105.970001
2021-05-10,103.720001
2021-05-11,103.860001
2021-05-12,101.309998
2021-05-13,101.949997
2021-05-14,104.010002
2021-05-17,103.150002
2021-05-18,102.980003
2021-05-19,103.209999
2021-05-20,105.360001
2021-05-21,104.949997
2021-05-24,106.250000
2021-05-25,106.169998
2021-05-26,106.529999
2021-05-27,106.370003
2021-05-28,106.879997
2021-06-01,106.430000
2021-06-02,106.529999
2021-06-03,105.589996
2021-06-04,107.379997
2021-06-07,107.680000
2021-06-08,107.589996
2021-06-09,107.519997
2021-06-10,108.779999
2021-06-11,108.980003
2021-06-14,109.470001
2021-06-15,108.669998
2021-06-16,108.089996
2021-06-17,109.190002
2021-06-18,108.209999
2021-06-21,108.910004
2021-06-22,109.690002
2021-06-23,109.540001
2021-06-24,110.599998
2021-06-25,110.930000
2021-06-28,111.879997
2021-06-29,112.430000
2021-06-30,112.199997
2021-07-01,111.889999
2021-07-02,112.480003
2021-07-06,112.160004
2021-07-07,111.970001
2021-07-08,111.029999
2021-07-09,112.010002
2021-07-12,112.160004
2021-07-13,111.919998
2021-07-14,111.779999
2021-07-15,111.320000
2021-07-16,110.639999
2021-07-19,109.949997
2021-07-20,111.430000
2021-07-21,112.419998
2021-07-22,112.820000
2021-07-23,113.779999
2021-07-26,113.199997
2021-07-27,112.269997
2021-07-28,113.239998
2021-07-29,113.910004
2021-07-30,114.339996
2021-08-02,114.180000
2021-08-03,114.680000
2021-08-04,114.750000
2021-08-05,115.510002
2021-08-06,114.900002
2021-08-09,115.190002
2021-08-10,114.529999
2021-08-11,114.510002
2021-08-12,114.279999
2021-08-13,114.559998
2021-08-16,114.239998
2021-08-17,113.650002
2021-08-18,112.709999
2021-08-19,113.120003
2021-08-20,113.949997
2021-08-23,115.459999
2021-08-24,116.309998
2021-08-25,116.610001
2021-08-26,115.760002
2021-08-27,116.660004
2021-08-30,117.120003
2021-08-31,116.980003
2021-09-01,117.260002
2021-09-02,117.470001
2021-09-03,117.629997
2021-09-07,117.150002
2021-09-08,116.879997
2021-09-09,116.720001
2021-09-10,116.320000
2021-09-13,116.000000
2021-09-14,115.449997
2021-09-15,116.279999
2021-09-16,116.570000
2021-09-17,115.550003
2021-09-20,113.410004
2021-09-21,113.500000
2021-09-22,114.400002
2021-09-23,115.410004
2021-09-24,115.300003
2021-09-27,114.570000
2021-09-28,111.720001
2021-09-29,111.599998
2021-09-30,111.250000
2021-10-01,111.559998
2021-10-04,109.529999
2021-10-05,110.750000
2021-10-06,111.309998
2021-10-07,112.500000
2021-10-08,111.860001
2021-10-11,110.970001
2021-10-12,110.900002
2021-10-13,112.000000
2021-10-14,113.779999
2021-10-15,114.110001
2021-10-18,114.769997
2021-10-19,115.730003
2021-10-20,115.959999
2021-10-21,116.779999
2021-10-22,116.400002
2021-10-25,117.110001
2021-10-26,116.760002
2021-10-27,115.570000
2021-10-28,116.660004
2021-10-29,117.260002
2021-11-01,118.260002
2021-11-02,118.440002
2021-11-03,119.370003
2021-11-04,120.279999
2021-11-05,120.120003
2021-11-08,120.160004
2021-11-09,120.010002
2021-11-10,118.480003
2021-11-11,119.089996
2021-11-12,120.199997
2021-11-15,120.059998
2021-11-16,120.910004
2021-11-17,120.449997
2021-11-18,120.389999
2021-11-19,120.120003
2021-11-22,118.389999
2021-11-23,118.190002
2021-11-24,118.430000
2021-11-26,116.470001
2021-11-29,118.120003
2021-11-30,115.199997
2021-12-01,113.330002
2021-12-02,114.930000
2021-12-03,113.209999
2021-12-06,114.370003
2021-12-07,117.220001
2021-12-08,117.580002
2021-12-09,115.919998
2021-12-10,116.730003
2021-12-13,115.589996
2021-12-14,114.720001
2021-12-15,116.769997
2021-12-16,114.750000
2021-12-17,114.669998
2021-12-20,113.339996
2021-12-21,116.190002
2021-12-22,117.059998
2021-12-23,117.800003
2021-12-27,119.129997
2021-12-28,118.589996
2021-12-29,118.809998
2021-12-30,119.050003
2021-12-31,118.470001
2022-01-03,118.300003
2022-01-04,116.790001
2022-01-05,113.639999
2022-01-06,114.129997
2022-01-07,112.830002
2022-01-10,112.750000
2022-01-11,114.790001
2022-01-12,114.669998
2022-01-13,112.220001
2022-01-14,112.599998
2022-01-18,110.029999
2022-01-19,109.290001
2022-01-20,108.059998
2022-01-21,105.629997
2022-01-24,106.349998
2022-01-25,103.629997
2022-01-26,102.709999
2022-01-27,101.440002
2022-01-28,104.050003
2022-01-31,107.720001
2022-02-01,108.570000
2022-02-02,108.860001
2022-02-03,105.879997
2022-02-04,106.540001
2022-02-07,106.070000
2022-02-08,107.519997
2022-02-09,110.080002
2022-02-10,107.959999
2022-02-11,104.910004
2022-02-14,104.639999
2022-02-15,107.269997
2022-02-16,107.040001
2022-02-17,104.010002
2022-02-18,102.769997
2022-02-22,102.010002
2022-02-23,99.839996
2022-02-24,102.720001
2022-02-25,104.379997
2022-02-28,104.529999
2022-03-01,103.190002
2022-03-02,104.769997
2022-03-03,103.290001
2022-03-04,101.839996
2022-03-07,98.360001
2022-03-08,97.839996
2022-03-09,101.000000
2022-03-10,99.570000
2022-03-11,97.309998
2022-03-14,95.580002
2022-03-15,97.980003
2022-03-16,102.349998
2022-03-17,103.500000
2022-03-18,105.550003
2022-03-21,104.580002
2022-03-22,106.699997
2022-03-23,104.849998
2022-03-24,106.650002
2022-03-25,106.099998
2022-03-28,107.589996
2022-03-29,109.849998
2022-03-30,108.599998
2022-03-31,107.279999
2022-04-01,107.580002
2022-04-04,109.269997
2022-04-05,106.910004
2022-04-06,105.410004
2022-04-07,105.669998
2022-04-08,104.739998
2022-04-11,103.220001
2022-04-12,102.660004
2022-04-13,104.980003
2022-04-14,102.959999
2022-04-18,102.419998
2022-04-19,104.739998
2022-04-20,103.639999
2022-04-21,101.239998
2022-04-22,98.629997
2022-04-25,100.070000
2022-04-26,96.949997
2022-04-27,96.930000
2022-04-28,99.489998
2022-04-29,95.949997
2022-05-02,97.190002
2022-05-03,97.150002
2022-05-04,99.860001
2022-05-05,95.220001
2022-05-06,93.199997
2022-05-09,89.300003
2022-05-10,90.169998
2022-05-11,87.970001
2022-05-12,88.599998
2022-05-13,92.209999
2022-05-16,91.150002
2022-05-17,93.180000
2022-05-18,88.959999
2022-05-19,89.779999
2022-05-20,89.639999
2022-05-23,90.559998
2022-05-24,88.889999
2022-05-25,90.419998
2022-05-26,93.129997
2022-05-27,95.919998
2022-05-31,95.040001
2022-06-01,94.000000
2022-06-02,96.699997
2022-06-03,94.900002
2022-06-06,95.169998
2022-06-07,96.309998
2022-06-08,95.769997
2022-06-09,93.080002
2022-06-10,90.220001
2022-06-13,85.830002
2022-06-14,86.129997
2022-06-15,87.860001
2022-06-16,84.269997
2022-06-17,85.400002
2022-06-21,87.330002
2022-06-22,87.300003
2022-06-23,89.010002
2022-06-24,91.879997
2022-06-27,91.150002
2022-06-28,88.610001
2022-06-29,88.470001
2022-06-30,87.330002
2022-07-01,88.330002
2022-07-05,89.489998
2022-07-06,89.699997
2022-07-07,91.660004
2022-07-08,91.589996
2022-07-11,89.629997
2022-07-12,88.919998
2022-07-13,88.699997
2022-07-14,88.459999
2022-07-15,90.190002
2022-07-18,89.589996
2022-07-19,92.309998
2022-07-20,93.949997
2022-07-21,95.199997
2022-07-22,93.690002
2022-07-25,93.260002
2022-07-26,91.769997
2022-07-27,94.599998
2022-07-28,95.839996
2022-07-29,96.620003
2022-08-01,96.690002
2022-08-02,96.839996
2022-08-03,99.150002
2022-08-04,99.410004
2022-08-05,99.209999
2022-08-08,99.269997
2022-08-09,97.459999
2022-08-10,100.250000
2022-08-11,99.669998
2022-08-12,101.500000
2022-08-15,102.269997
2022-08-16,101.910004
2022-08-17,100.050003
2022-08-18,100.290001
2022-08-19,98.099998
2022-08-22,95.699997
2022-08-23,95.660004
2022-08-24,96.230003
2022-08-25,97.889999
2022-08-26,94.199997
2022-08-29,93.550003
2022-08-30,92.580002
2022-08-31,92.290001
2022-09-01,91.750000
2022-09-02,90.589996
2022-09-06,90.059998
2022-09-07,92.220001
2022-09-08,93.070000
2022-09-09,95.230003
2022-09-12,96.150002
2022-09-13,91.400002
2022-09-14,92.010002
2022-09-15,90.860001
2022-09-16,90.029999
2022-09-19,90.449997
2022-09-20,89.370003
2022-09-21,87.970001
2022-09-22,86.309998
2022-09-23,85.019997
2022-09-26,84.389999
2022-09-27,84.489998
2022-09-28,86.820000
2022-09-29,84.910004
2022-09-30,83.690002
2022-10-03,85.870003
2022-10-04,88.930000
2022-10-05,89.010002
2022-10-06,88.099998
2022-10-07,84.870003
2022-10-10,83.860001
2022-10-11,82.559998
2022-10-12,82.480003
2022-10-13,84.010002
2022-10-14,81.639999
2022-10-17,84.050003
2022-10-18,84.769997
2022-10-19,84.010002
2022-10-20,83.660004
2022-10-21,85.559998
2022-10-24,85.970001
2022-10-25,88.010002
2022-10-26,87.720001
2022-10-27,87.050003
2022-10-28,89.440002
2022-10-31,88.709999
2022-11-01,88.629997
2022-11-02,85.800003
2022-11-03,84.680000
2022-11-04,85.790001
2022-11-07,86.790001
2022-11-08,87.860001
2022-11-09,85.940002
2022-11-10,91.830002
2022-11-11,93.690002
2022-11-14,92.930000
2022-11-15,94.629997
2022-11-16,93.010002
2022-11-17,92.309998
2022-11-18,92.430000
2022-11-21,91.919998
2022-11-22,92.849998
2022-11-23,93.669998
2022-11-25,93.199997
2022-11-28,92.070000
2022-11-29,91.720001
2022-11-30,95.250000
2022-12-01,95.690002
2022-12-02,95.389999
2022-12-05,93.400002
2022-12-06,91.889999
2022-12-07,91.849998
2022-12-08,93.370003
2022-12-09,92.540001
2022-12-12,93.680000
2022-12-13,94.660004
2022-12-14,94.080002
2022-12-15,91.410004
2022-12-16,90.470001
2022-12-19,89.500000
2022-12-20,89.620003
2022-12-21,90.779999
2022-12-22,88.889999
2022-12-23,88.739998
2022-12-27,87.839996
2022-12-28,86.940002
2022-12-29,88.889999
2022-12-30,88.779999
2023-01-03,88.300003
2023-01-04,89.690002
2023-01-05,88.209999
2023-01-06,90.669998
2023-01-09,90.860001
2023-01-10,91.690002
2023-01-11,92.800003
2023-01-12,93.500000
2023-01-13,93.830002
2023-01-17,94.089996
2023-01-18,92.699997
2023-01-19,91.400002
2023-01-20,93.519997
2023-01-23,95.629997
2023-01-24,95.320000
2023-01-25,95.459999
2023-01-26,97.000000
2023-01-27,97.720001
2023-01-30,95.830002
2023-01-31,97.199997
2023-02-01,99.449997
2023-02-02,101.610001
2023-02-03,99.470001
2023-02-06,98.660004
2023-02-07,100.250000
2023-02-08,98.730003
2023-02-09,97.959999
2023-02-10,97.519997
2023-02-13,99.089996
2023-02-14,99.800003
2023-02-15,101.029999
2023-02-16,99.209999
2023-02-17,98.599998
2023-02-21,96.230003
2023-02-22,96.360001
2023-02-23,96.760002
2023-02-24,95.300003
2023-02-27,96.190002
2023-02-28,96.019997
2023-03-01,95.339996
2023-03-02,96.459999
2023-03-03,97.949997
2023-03-06,97.699997
2023-03-07,96.190002
2023-03-08,96.790001
2023-03-09,94.699997
2023-03-10,93.040001
2023-03-13,93.540001
2023-03-14,94.980003
2023-03-15,94.690002
2023-03-16,96.489998
2023-03-17,95.550003
2023-03-20,96.260002
2023-03-21,97.470001
2023-03-22,95.570000
2023-03-23,96.540001
2023-03-24,96.519997
2023-03-27,96.580002
2023-03-28,96.440002
2023-03-29,98.260002
2023-03-30,99.120003
2023-03-31,100.650002
2023-04-03,100.290001
2023-04-04,99.809998
2023-04-05,98.739998
2023-04-06,98.750000
2023-04-10,99.430000
2023-04-11,99.489998
2023-04-12,98.470001
2023-04-13,99.790001
2023-04-14,99.339996
2023-04-17,99.709999
2023-04-18,99.709999
2023-04-19,99.449997
2023-04-20,98.930000
2023-04-21,98.970001
2023-04-24,98.949997
2023-04-25,96.860001
2023-04-26,96.129997
2023-04-27,97.720001
2023-04-28,98.639999
2023-05-01,98.309998
2023-05-02,97.139999
2023-05-03,96.800003
2023-05-04,96.650002
2023-05-05,98.290001
2023-05-08,98.480003
2023-05-09,97.790001
2023-05-10,98.349998
2023-05-11,98.199997
2023-05-12,98.029999
2023-05-15,98.910004
2023-05-16,97.970001
2023-05-17,99.110001
2023-05-18,100.730003
2023-05-19,100.430000
2023-05-22,100.930000
2023-05-23,99.559998
2023-05-24,98.959999
2023-05-25,99.489998
2023-05-26,102.000000
2023-05-30,101.959999
2023-05-31,101.580002
2023-06-01,102.269997
2023-06-02,103.400002
2023-06-05,103.480003
2023-06-06,103.709999
2023-06-07,102.620003
2023-06-08,103.489998
2023-06-09,103.690002
2023-06-12,105.029999
2023-06-13,106.059998
2023-06-14,106.230003
2023-06-15,107.519997
2023-06-16,107.000000
2023-06-20,106.029999
2023-06-21,104.989998
2023-06-22,105.250000
2023-06-23,103.989998
2023-06-26,103.820000
2023-06-27,105.459999
2023-06-28,105.639999
2023-06-29,105.599998
2023-06-30,106.900002
2023-07-03,107.279999
2023-07-05,106.930000
2023-07-06,105.510002
2023-07-07,105.489998
2023-07-10,107.370003
2023-07-11,108.230003
2023-07-12,108.870003
2023-07-13,110.050003
2023-07-14,109.639999
2023-07-17,110.930000
2023-07-18,111.440002
2023-07-19,111.559998
2023-07-20,110.279999
2023-07-21,110.599998
2023-07-24,110.279999
2023-07-25,110.750000
2023-07-26,110.459999
2023-07-27,110.050003
2023-07-28,111.820000
2023-07-31,112.150002
2023-08-01,111.650002
2023-08-02,109.279999
2023-08-03,109.099998
2023-08-04,108.449997
2023-08-07,109.370003
2023-08-08,108.260002
2023-08-09,107.699997
2023-08-10,107.919998
2023-08-11,107.139999
2023-08-14,107.949997
2023-08-15,106.610001
2023-08-16,105.540001
2023-08-17,104.349998
2023-08-18,104.419998
2023-08-21,105.540001
2023-08-22,105.470001
2023-08-23,106.709999
2023-08-24,104.339996
2023-08-25,105.290001
2023-08-28,106.070000
2023-08-29,108.070000
2023-08-30,108.730003
2023-08-31,108.660004
2023-09-01,109.029999
2023-09-05,108.559998
2023-09-06,108.400002
2023-09-07,107.660004
2023-09-08,107.599998
2023-09-11,108.449997
2023-09-12,107.620003
2023-09-13,107.510002
2023-09-14,108.529999
2023-09-15,106.750000
2023-09-18,106.680000
2023-09-19,106.320000
2023-09-20,105.389999
2023-09-21,103.510002
2023-09-22,103.389999
2023-09-25,103.629997
2023-09-26,102.389999
2023-09-27,102.949997
2023-09-28,103.889999
2023-09-29,103.989998
2023-10-02,103.699997
2023-10-03,101.980003
2023-10-04,103.089996
2023-10-05,102.480003
2023-10-06,104.180000
2023-10-09,104.779999
2023-10-10,105.849998
2023-10-11,106.070000
2023-10-12,105.070000
2023-10-13,104.209999
2023-10-16,105.540001
2023-10-17,105.540001
2023-10-18,103.900002
2023-10-19,102.489998
2023-10-20,101.040001
2023-10-23,100.820000
2023-10-24,101.790001
2023-10-25,99.410004
2023-10-26,98.330002
2023-10-27,97.889999
2023-10-30,98.190002
2023-10-31,99.070000
2023-11-01,100.059998
2023-11-02,102.129997
2023-11-03,103.889999
2023-11-06,103.440002
2023-11-07,104.279999
2023-11-08,103.720001
2023-11-09,102.809998
2023-11-10,104.650002
2023-11-13,104.410004
2023-11-14,107.400002
2023-11-15,107.720001
2023-11-16,107.300003
2023-11-17,107.709999
2023-11-20,109.029999
2023-11-21,108.360001
2023-11-22,108.699997
2023-11-24,109.000000
2023-11-27,108.720001
2023-11-28,108.889999
2023-11-29,109.529999
2023-11-30,109.610001
2023-12-01,110.779999
2023-12-04,110.110001
2023-12-05,109.400002
2023-12-06,109.239998
2023-12-07,110.330002
2023-12-08,110.559998
2023-12-11,112.639999
2023-12-12,113.220001
2023-12-13,115.430000
2023-12-14,116.300003
2023-12-15,116.150002
2023-12-18,116.410004
2023-12-19,117.239998
2023-12-20,115.260002
2023-12-21,116.910004
2023-12-22,117.040001
2023-12-26,117.910004
2023-12-27,118.129997
2023-12-28,118.070000
2023-12-29,117.449997
2024-01-02,116.169998
2024-01-03,114.610001
2024-01-04,114.160004
2024-01-05,114.290001
2024-01-08,116.250000
2024-01-09,116.410004
2024-01-10,116.720001
2024-01-11,116.699997
2024-01-12,116.699997
2024-01-16,116.339996
2024-01-17,115.620003
2024-01-18,116.949997
2024-01-19,118.849998
2024-01-22,119.360001
2024-01-23,119.809998
2024-01-24,119.709999
2024-01-25,120.150002
2024-01-26,119.480003
2024-01-29,120.680000
2024-01-30,119.930000
2024-01-31,118.260002
2024-02-01,119.559998
2024-02-02,119.980003
2024-02-05,119.500000
2024-02-06,119.750000
2024-02-07,120.650002
2024-02-08,121.080002
2024-02-09,121.589996
2024-02-12,121.620003
2024-02-13,119.480003
2024-02-14,120.870003
2024-02-15,121.889999
2024-02-16,120.910004
2024-02-20,120.300003
2024-02-21,119.459999
2024-02-22,122.209999
2024-02-23,121.809998
2024-02-26,122.050003
2024-02-27,122.610001
2024-02-28,122.050003
2024-02-29,122.839996
2024-03-01,124.099998
2024-03-04,123.669998
2024-03-05,121.790001
2024-03-06,122.910004
2024-03-07,124.209999
2024-03-08,122.849998
2024-03-11,122.910004
2024-03-12,123.839996
2024-03-13,122.820000
2024-03-14,121.959999
2024-03-15,120.919998
2024-03-18,121.730003
2024-03-19,122.110001
2024-03-20,123.370003
2024-03-21,124.059998
2024-03-22,123.379997
2024-03-25,123.070000
2024-03-26,122.889999
2024-03-27,124.019997
2024-03-28,123.900002
2024-04-01,123.580002
2024-04-02,122.250000
2024-04-03,122.309998
2024-04-04,120.529999
2024-04-05,121.709999
2024-04-08,121.860001
2024-04-09,122.639999
2024-04-10,120.709999
2024-04-11,121.970001
2024-04-12,119.690002
2024-04-15,118.000000
2024-04-16,117.870003
2024-04-17,116.699997
2024-04-18,116.010002
2024-04-19,115.050003
2024-04-22,116.260002
2024-04-23,117.800003
2024-04-24,118.239998
2024-04-25,118.180000
2024-04-26,118.779999
2024-04-29,119.360001
2024-04-30,117.199997
2024-05-01,116.389999
2024-05-02,117.660004
2024-05-03,119.080002
2024-05-06,119.919998
2024-05-07,119.959999
2024-05-08,119.639999
2024-05-09,120.180000
2024-05-10,120.459999
2024-05-13,120.879997
2024-05-14,121.360001
2024-05-15,122.820000
2024-05-16,122.839996
2024-05-17,122.690002
2024-05-20,123.419998
2024-05-21,123.300003
2024-05-22,123.389999
2024-05-23,122.129997
2024-05-24,122.959999
2024-05-28,122.010002
2024-05-29,120.720001
2024-05-30,120.230003
2024-05-31,120.510002
2024-06-03,120.330002
2024-06-04,120.300003
2024-06-05,122.169998
2024-06-06,122.089996
2024-06-07,121.720001
2024-06-10,122.180000
2024-06-11,122.290001
2024-06-12,123.260002
2024-06-13,122.739998
2024-06-14,122.809998
2024-06-17,124.070000
2024-06-18,124.089996
2024-06-20,123.680000
2024-06-21,124.059998
2024-06-24,123.570000
2024-06-25,124.019997
2024-06-26,123.489998
2024-06-27,123.540001
2024-06-28,123.290001
2024-07-01,123.070000
2024-07-02,124.110001
2024-07-03,124.300003
2024-07-05,125.239998
2024-07-08,125.190002
2024-07-09,124.779999
2024-07-10,125.769997
2024-07-11,125.220001
2024-07-12,126.339996
2024-07-15,126.559998
2024-07-16,127.800003
2024-07-17,125.449997
2024-07-18,124.309998
2024-07-19,123.260002
2024-07-22,124.709999
2024-07-23,123.639999
2024-07-24,120.660004
2024-07-25,120.110001
2024-07-26,121.230003
2024-07-29,121.639999
2024-07-30,120.870003
2024-07-31,122.889999
2024-08-01,120.190002
2024-08-02,117.059998
2024-08-05,114.589996
2024-08-06,115.370003
2024-08-07,114.519997
2024-08-08,117.599998
2024-08-09,117.669998
2024-08-12,117.370003
2024-08-13,119.739998
2024-08-14,119.589996
2024-08-15,122.339996
2024-08-16,122.839996
2024-08-19,124.220001
2024-08-20,123.629997
2024-08-21,124.660004
2024-08-22,123.059998
2024-08-23,124.489998
2024-08-26,123.510002
2024-08-27,123.629997
2024-08-28,122.589996
2024-08-29,122.889999
2024-08-30,124.370003
2024-09-03,121.400002
2024-09-04,120.750000
2024-09-05,120.370003
2024-09-06,118.239998
2024-09-09,119.449997
2024-09-10,120.029999
2024-09-11,121.459999
2024-09-12,122.029999
2024-09-13,123.010002
2024-09-16,123.099998
2024-09-17,122.989998
2024-09-18,122.430000
2024-09-19,124.870003
2024-09-20,124.080002
2024-09-23,124.470001
2024-09-24,124.820000
2024-09-25,124.300003
2024-09-26,125.739998
2024-09-27,125.669998
2024-09-30,125.449997
2024-10-01,124.089996
2024-10-02,124.400002
2024-10-03,124.029999
2024-10-04,125.419998
2024-10-07,124.449997
2024-10-08,125.529999
2024-10-09,126.550003
2024-10-10,126.709999
2024-10-11,127.769997
2024-10-14,128.720001
2024-10-15,126.639999
2024-10-16,126.930000
2024-10-17,126.580002
2024-10-18,127.110001
2024-10-21,126.769997
2024-10-22,126.320000
2024-10-23,125.080002
2024-10-24,125.480003
2024-10-25,126.220001
2024-10-28,126.400002
2024-10-29,127.279999
2024-10-30,125.639999
2024-10-31,123.690002
2024-11-01,124.669998
2024-11-04,124.750000
2024-11-05,125.980003
2024-11-06,129.009995
2024-11-07,130.690002
2024-11-08,130.399994
2024-11-11,130.809998
2024-11-12,130.380005
2024-11-13,130.399994
2024-11-14,129.380005
2024-11-15,126.190002
2024-11-18,127.180000
2024-11-19,127.290001
2024-11-20,127.839996
2024-11-21,129.710007
2024-11-22,130.639999
2024-11-25,132.000000
2024-11-26,131.509995
2024-11-27,130.800003
2024-11-29,131.509995
2024-12-02,132.419998
2024-12-03,132.089996
2024-12-04,133.679993
2024-12-05,132.190002
2024-12-06,133.300003
2024-12-09,132.050003
2024-12-10,131.009995
2024-12-11,132.149994
2024-12-12,131.779999
2024-12-13,131.119995
2024-12-16,131.600006
2024-12-17,131.020004
2024-12-18,126.209999
2024-12-19,125.050003
2024-12-20,126.440002
2024-12-23,126.750000
2024-12-24,128.210007
2024-12-26,128.229996
2024-12-27,127.089996
2024-12-30,125.389999
2024-12-31,124.959999
2025-01-02,124.959999
2025-01-03,126.879997
2025-01-06,127.790001
2025-01-07,126.629997
2025-01-08,126.550003
2025-01-10,124.779999
2025-01-13,124.550003
2025-01-14,125.379997
2025-01-15,127.300003
2025-01-16,127.730003
2025-01-17,129.350006
2025-01-21,130.289993
2025-01-22,131.389999
2025-01-23,131.320007
2025-01-24,130.720001
2025-01-27,129.039993
2025-01-28,129.309998
2025-01-29,129.750000
2025-01-30,130.830002
2025-01-31,130.919998
2025-02-03,130.610001
2025-02-04,131.089996
2025-02-05,132.580002
2025-02-06,132.929993
2025-02-07,131.889999
2025-02-10,133.169998
2025-02-11,132.660004
2025-02-12,132.660004
2025-02-13,134.250000
2025-02-14,134.789993
2025-02-18,136.100006
2025-02-19,136.000000
2025-02-20,135.210007
2025-02-21,132.539993
2025-02-24,131.389999
2025-02-25,130.339996
2025-02-26,130.199997
2025-02-27,127.650002
2025-02-28,129.080002
2025-03-03,127.330002
2025-03-04,126.699997
2025-03-05,128.179993
2025-03-06,124.989998
2025-03-07,126.010002
2025-03-10,122.220001
2025-03-11,121.339996
2025-03-12,121.690002
2025-03-13,119.839996
2025-03-14,122.580002
2025-03-17,124.510002
2025-03-18,123.260002
2025-03-19,124.169998
2025-03-20,123.839996
2025-03-21,123.610001
2025-03-24,126.160004
2025-03-25,126.260002
2025-03-26,125.209999
2025-03-27,123.860001
2025-03-28,121.129997
2025-03-31,120.930000
2025-04-01,121.750000
2025-04-02,122.620003
2025-04-03,116.660004
2025-04-04,109.089996
2025-04-07,109.169998
2025-04-08,106.809998
2025-04-09,118.410004
2025-04-10,113.550003
2025-04-11,115.209999
2025-04-14,116.349998
2025-04-15,116.449997
2025-04-16,114.010002
2025-04-17,114.570000
2025-04-21,112.160004
2025-04-22,114.820000
2025-04-23,116.699997
2025-04-24,120.000000
2025-04-25,120.699997
2025-04-28,120.809998
2025-04-29,121.510002
2025-04-30,121.620003
2025-05-01,122.050003
2025-05-02,124.400002
2025-05-05,124.160004
2025-05-06,122.860001
2025-05-07,123.769997
2025-05-08,125.029999
2025-05-09,125.330002
2025-05-12,129.759995
2025-05-13,131.100006
2025-05-14,130.910004
2025-05-15,131.529999
2025-05-16,132.369995
2025-05-19,132.600006
2025-05-20,132.309998
2025-05-21,130.020004
2025-05-22,129.880005
2025-05-23,128.669998
2025-05-27,131.179993
2025-05-28,130.460007
2025-05-29,130.190002
2025-05-30,130.110001
2025-06-02,130.860001
2025-06-03,132.199997
2025-06-04,132.539993
2025-06-05,131.820007
2025-06-06,132.899994
2025-06-09,133.089996
2025-06-10,134.059998
2025-06-11,133.839996
2025-06-12,133.899994
2025-06-13,131.850006
2025-06-16,133.630005
2025-06-17,132.190002
2025-06-18,132.000000
2025-06-20,131.460007
2025-06-23,132.750000
2025-06-24,135.089996
2025-06-25,134.330002
2025-06-26,135.210007
2025-06-27,135.500000
2025-06-30,136.490005
2025-07-01,136.539993
2025-07-02,136.880005
2025-07-03,138.440002
2025-07-07,137.059998
2025-07-08,137.960007
2025-07-09,138.070007
2025-07-10,137.639999
2025-07-11,136.669998
2025-07-14,137.429993
2025-07-15,136.309998
2025-07-16,136.559998
2025-07-17,137.759995
2025-07-18,137.639999
2025-07-21,138.100006
2025-07-22,138.850006
2025-07-23,139.250000
2025-07-24,139.080002
2025-07-25,139.570007
2025-07-28,139.339996
2025-07-29,139.320007
2025-07-30,138.910004
2025-07-31,136.479996
2025-08-01,134.419998
2025-08-04,136.759995
2025-08-05,135.490005
2025-08-06,136.179993
2025-08-07,135.770004
2025-08-08,135.580002
2025-08-11,134.830002
2025-08-12,136.649994
2025-08-13,137.839996
2025-08-14,136.820007
2025-08-15,136.449997
2025-08-18,136.710007
2025-08-19,135.910004
2025-08-20,135.699997
2025-08-21,134.970001
2025-08-22,137.250000
2025-08-25,136.160004
2025-08-26,136.179993
2025-08-27,136.809998
2025-08-28,137.130005
2025-08-29,136.000000
2025-09-02,135.149994
2025-09-03,134.899994
2025-09-04,135.960007
2025-09-05,136.089996
2025-09-08,136.539993
2025-09-09,136.770004
2025-09-10,135.690002
2025-09-11,137.600006
2025-09-12,137.380005
2025-09-15,137.869995
2025-09-16,137.899994
2025-09-17,138.410004
2025-09-18,140.050003
2025-09-19,140.100006
2025-09-22,140.720001
2025-09-23,140.289993
2025-09-24,140.020004
2025-09-25,139.169998
2025-09-26,140.369995
2025-09-29,141.259995
2025-09-30,141.110001
2025-10-01,141.880005
2025-10-02,142.820007
2025-10-03,142.789993
2025-10-06,143.369995
2025-10-07,142.309998
2025-10-08,143.850006
2025-10-09,142.970001
2025-10-10,138.520004
2025-10-13,140.690002
2025-10-14,140.970001
2025-10-15,141.440002
2025-10-16,140.630005
2025-10-17,141.529999
2025-10-20,143.440002
2025-10-21,144.199997
2025-10-22,142.779999
2025-10-23,143.919998
2025-10-24,144.509995
2025-10-27,146.240005
2025-10-28,145.789993
2025-10-29,144.289993
2025-10-30,143.369995
2025-10-31,144.059998
2025-11-03,143.789993
2025-11-04,141.330002
2025-11-05,142.710007
2025-11-06,140.320007
2025-11-07,140.320007
2025-11-10,142.009995
2025-11-11,141.979996
2025-11-12,142.059998
2025-11-13,140.050003
2025-11-14,139.710007
2025-11-17,138.119995
2025-11-18,137.630005
2025-11-19,137.570007
2025-11-20,134.539993
2025-11-21,136.649994
2025-11-24,138.270004
2025-11-25,139.759995
2025-11-26,140.679993
2025-11-28,141.910004
2025-12-01,141.270004
2025-12-02,142.789993
2025-12-03,144.330002
2025-12-04,143.750000
2025-12-05,144.550003
2025-12-08,143.690002
2025-12-09,143.669998
2025-12-10,144.990005
2025-12-11,144.990005
2025-12-12,143.139999
2025-12-15,142.929993
2025-12-16,142.619995
2025-12-17,140.800003
2025-12-18,142.179993
2025-12-19,143.169998
2025-12-22,144.270004
2025-12-23,144.020004
2025-12-24,144.360001
2025-12-26,144.539993
2025-12-29,143.929993
2025-12-30,143.389999
2025-12-31,142.130005
2026-01-02,141.339996
2026-01-05,142.759995
2026-01-06,145.690002
2026-01-07,145.750000
2026-01-08,143.559998
2026-01-09,144.220001
2026-01-12,144.000000
2026-01-13,142.779999
2026-01-14,141.000000
2026-01-15,141.110001
2026-01-16,140.820007
2026-01-20,138.570007
2026-01-21,140.779999
2026-01-22,142.259995
2026-01-23,142.509995
2026-01-26,143.839996
2026-01-27,144.339996
2026-01-28,143.869995
2026-01-29,142.080002
2026-01-30,139.089996
2026-02-02,139.610001
2026-02-03,135.399994
2026-02-04,133.449997
2026-02-05,131.000000
2026-02-06,134.509995
2026-02-09,135.059998
2026-02-10,134.210007
2026-02-11,133.970001
2026-02-12,131.000000
2026-02-13,132.429993
2026-02-17,132.240005
2026-02-18,133.759995
2026-02-19,132.800003
2026-02-20,133.119995
2026-02-23,130.220001
2026-02-24,131.919998
2026-02-25,134.470001
2026-02-26,134.600006
2026-02-27,134.110001
2026-03-02,133.960007
2026-03-03,132.759995
2026-03-04,134.869995
2026-03-05,134.860001
2026-03-06,133.250000
2026-03-09,134.679993
2026-03-10,133.600006
2026-03-11,133.110001
2026-03-12,130.369995
2026-03-13,129.960007
2026-03-16,131.740005
2026-03-17,133.000000
2026-03-18,131.320007
2026-03-19,131.550003
2026-03-20,129.529999
2026-03-23,131.059998
2026-03-24,128.330002
2026-03-25,128.720001
2026-03-26,126.879997
2026-03-27,123.279999
2026-03-30,123.050003
2026-03-31,126.970001
2026-04-01,127.620003
2026-04-02,127.580002
2026-04-06,128.460007
2026-04-07,128.149994
2026-04-08,130.869995
2026-04-09,128.830002
2026-04-10,127.290001
2026-04-13,130.550003
2026-04-14,132.220001
2026-04-15,134.679993
2026-04-16,135.100006
2026-04-17,136.679993
2026-04-20,137.309998
2026-04-21,136.850006
2026-04-22,139.050003
2026-04-23,136.449997
2026-04-24,138.619995
2026-04-27,138.039993
2026-04-28,136.300003
2026-04-29,136.669998
2026-04-30,137.389999
2026-05-01,139.029999
2026-05-04,139.169998
2026-05-05,140.169998
2026-05-06,141.860001
2026-05-07,143.929993
2026-05-08,145.039993
2026-05-11,144.440002
2026-05-12,143.660004
2026-05-13,144.100006
2026-05-14,145.100006
2026-05-15,144.369995
2026-05-18,144.929993
2026-05-19,144.490005
2026-05-20,147.740005
2026-05-21,148.759995
2026-05-22,150.550003
2026-05-26,152.539993
2026-05-27,150.429993
2026-05-28,152.679993
2026-05-29,156.139999
2026-06-01,161.850006
2026-06-02,160.630005
2026-06-03,159.369995
2026-06-04,158.470001
2026-06-05,151.929993
2026-06-08,153.100006
2026-06-09,151.369995
2026-06-10,148.610001
2026-06-11,152.770004
2026-06-12,153.809998
2026-06-15,158.119995
2026-06-16,155.669998
2026-06-17,154.570007
2026-06-18,156.820007
2026-06-22,156.380005
2026-06-23,152.960007
2026-06-24,153.300003
2026-06-25,154.520004
2026-06-26,154.440002
2026-06-29,158.080002
2026-06-30,159.600006
2026-07-01,159.160004
2026-07-02,157.610001
2026-07-06,159.630005
2026-07-07,158.020004
2026-07-08,156.979996
2026-07-09,159.410004
2026-07-10,159.089996
2026-07-13,156.970001
2026-07-14,157.440002
2026-07-15,156.809998
2026-07-16,156.169998
2026-07-17,153.539993
2026-07-20,154.000000
2026-07-21,155.460007
2026-07-22,153.190002
2026-07-23,151.679993
2026-07-24,151.029999
2026-07-27,152.460007
2026-07-28,153.119995
2026-07-29,152.080002
2026-07-30,153.899994
2026-07-31,155.320007
2026-08-03,157.320007
2026-08-04,162.229996
2026-08-05,161.380005
2026-08-06,159.220001
2026-08-07,161.990005
2026-08-10,162.960007
2026-08-11,163.309998
2026-08-12,163.520004
2026-08-13,167.029999
2026-08-14,166.300003
2026-08-17,164.820007
2026-08-18,163.539993
2026-08-19,163.990005
2026-08-20,163.149994
2026-08-21,164.419998
2026-08-24,163.089996
2026-08-25,164.000000
2026-08-26,164.139999
2026-08-27,166.550003
2026-08-28,165.539993
2026-08-31,165.119995
2026-09-01,162.020004
2026-09-02,161.690002
2026-09-03,162.490005
2026-09-04,161.360001
2026-09-08,159.110001
2026-09-09,158.289993
