d,o,h,l,c
2015-10-12,25.220000,25.220000,25.190000,25.190000
2015-10-13,25.190000,25.190000,25.190000,25.190000
2015-10-14,25.190000,25.190000,25.190000,25.190000
2015-10-15,25.190000,25.190000,25.190000,25.190000
2015-10-16,25.350000,25.350000,25.340000,25.340000
2015-10-19,25.340000,25.340000,25.340000,25.340000
2015-10-20,25.340000,25.340000,25.340000,25.340000
2015-10-21,25.340000,25.340000,25.340000,25.340000
2015-10-22,25.440000,25.541000,25.440000,25.541000
2015-10-23,25.541000,25.541000,25.541000,25.541000
2015-10-26,25.800000,25.800000,25.800000,25.800000
2015-10-27,25.400000,25.400000,25.400000,25.400000
2015-10-28,26.360000,26.360000,26.360000,26.360000
2015-10-29,26.300000,26.300000,26.300000,26.300000
2015-10-30,26.180000,26.180000,26.180000,26.180000
2015-11-02,26.180000,26.180000,26.180000,26.180000
2015-11-03,26.180000,26.180000,26.180000,26.180000
2015-11-04,26.180000,26.180000,26.180000,26.180000
2015-11-05,26.100000,26.100000,26.100000,26.100000
2015-11-06,26.119900,26.120000,26.119900,26.120000
2015-11-09,26.120000,26.120000,26.120000,26.120000
2015-11-10,25.959000,25.959000,25.959000,25.959000
2015-11-11,25.959000,25.959000,25.959000,25.959000
2015-11-12,25.959000,25.959000,25.959000,25.959000
2015-11-13,25.423400,25.423400,25.423400,25.423400
2015-11-16,25.300000,25.553000,25.300000,25.553000
2015-11-17,25.553000,25.553000,25.553000,25.553000
2015-11-18,25.553000,25.553000,25.553000,25.553000
2015-11-19,26.026600,26.026600,25.980000,25.980000
2015-11-20,25.980000,25.980000,25.980000,25.980000
2015-11-23,26.270000,26.270000,26.270000,26.270000
2015-11-24,26.000000,26.050000,26.000000,26.050000
2015-11-25,26.450000,26.450000,26.450000,26.450000
2015-11-27,25.160000,25.160000,25.160000,25.160000
2015-11-30,26.440000,26.440000,26.440000,26.440000
2015-12-01,26.365900,26.365900,26.360000,26.360000
2015-12-02,26.330000,26.330000,26.330000,26.330000
2015-12-03,25.890000,25.890000,25.890000,25.890000
2015-12-04,26.360000,26.360000,26.360000,26.360000
2015-12-07,25.890000,25.890000,25.890000,25.890000
2015-12-08,25.890000,25.890000,25.890000,25.890000
2015-12-09,25.890000,25.890000,25.890000,25.890000
2015-12-10,25.890000,25.890000,25.890000,25.890000
2015-12-11,26.360000,26.360000,26.360000,26.360000
2015-12-14,26.360000,26.360000,26.360000,26.360000
2015-12-15,25.890000,25.890000,25.890000,25.890000
2015-12-16,25.890000,25.890000,25.890000,25.890000
2015-12-17,25.890000,25.890000,25.890000,25.890000
2015-12-18,25.799900,25.799900,25.799900,25.799900
2015-12-21,25.799900,25.799900,25.799900,25.799900
2015-12-22,25.799900,25.799900,25.799900,25.799900
2015-12-23,25.799900,25.799900,25.799900,25.799900
2015-12-24,25.799900,25.799900,25.799900,25.799900
2015-12-28,25.799900,25.799900,25.799900,25.799900
2015-12-29,25.799900,25.799900,25.799900,25.799900
2015-12-30,25.799900,25.799900,25.799900,25.799900
2015-12-31,25.799900,25.799900,25.799900,25.799900
2016-01-04,25.799900,25.799900,25.799900,25.799900
2016-01-05,25.799900,25.799900,25.799900,25.799900
2016-01-06,25.490000,25.490000,25.490000,25.490000
2016-01-07,25.490000,25.490000,25.490000,25.490000
2016-01-08,25.490000,25.490000,25.490000,25.490000
2016-01-11,25.490000,25.490000,25.490000,25.490000
2016-01-12,25.490000,25.490000,25.490000,25.490000
2016-01-13,25.490000,25.490000,25.490000,25.490000
2016-01-14,24.560000,24.560000,24.560000,24.560000
2016-01-15,24.560000,24.560000,24.560000,24.560000
2016-01-19,24.920000,24.920000,24.920000,24.920000
2016-01-20,24.920000,24.920000,24.920000,24.920000
2016-01-21,24.299900,24.299900,24.299900,24.299900
2016-01-22,24.299900,24.299900,24.299900,24.299900
2016-01-25,24.299900,24.299900,24.299900,24.299900
2016-01-26,24.299900,24.299900,24.299900,24.299900
2016-01-27,24.299900,24.299900,24.299900,24.299900
2016-01-28,24.330000,24.330000,24.330000,24.330000
2016-01-29,24.300000,24.770000,24.300000,24.770000
2016-02-01,24.770000,24.770000,24.770000,24.770000
2016-02-02,24.600000,24.600000,24.500000,24.500000
2016-02-03,24.510000,24.510000,24.500000,24.500000
2016-02-04,24.500000,24.500000,24.500000,24.500000
2016-02-05,23.750000,23.750000,23.750000,23.750000
2016-02-08,23.750000,23.750000,23.750000,23.750000
2016-02-09,23.750000,23.750000,23.750000,23.750000
2016-02-10,23.650000,23.650000,23.649900,23.649900
2016-02-11,23.649900,23.649900,23.649900,23.649900
2016-02-12,23.450000,23.450000,23.450000,23.450000
2016-02-16,23.970000,23.970000,23.970000,23.970000
2016-02-17,23.970000,23.970000,23.970000,23.970000
2016-02-18,24.310000,24.310000,24.310000,24.310000
2016-02-19,24.310000,24.310000,24.310000,24.310000
2016-02-22,24.720000,24.720000,24.720000,24.720000
2016-02-23,24.720000,24.720000,24.720000,24.720000
2016-02-24,24.720000,24.720000,24.720000,24.720000
2016-02-25,24.720000,24.720000,24.720000,24.720000
2016-02-26,24.720000,24.720000,24.720000,24.720000
2016-02-29,24.720000,24.720000,24.720000,24.720000
2016-03-01,24.720000,24.720000,24.720000,24.720000
2016-03-02,24.720000,24.720000,24.720000,24.720000
2016-03-03,24.720000,24.720000,24.720000,24.720000
2016-03-04,25.210100,25.210100,25.150100,25.150100
2016-03-07,25.150100,25.150100,25.150100,25.150100
2016-03-08,25.150100,25.150100,25.150100,25.150100
2016-03-09,25.150100,25.150100,25.150100,25.150100
2016-03-10,25.150100,25.150100,25.150100,25.150100
2016-03-11,25.150100,25.150100,25.150100,25.150100
2016-03-14,25.150100,25.150100,25.150100,25.150100
2016-03-15,25.150100,25.150100,25.150100,25.150100
2016-03-16,25.150100,25.150100,25.150100,25.150100
2016-03-17,25.220000,25.330000,25.220000,25.330000
2016-03-18,25.330000,25.330000,25.330000,25.330000
2016-03-21,25.330000,25.330000,25.330000,25.330000
2016-03-22,25.330000,25.330000,25.330000,25.330000
2016-03-23,25.330000,25.330000,25.330000,25.330000
2016-03-24,25.330000,25.330000,25.330000,25.330000
2016-03-28,25.330000,25.330000,25.330000,25.330000
2016-03-29,25.330000,25.330000,25.330000,25.330000
2016-03-30,26.050000,26.050000,26.050000,26.050000
2016-03-31,26.050000,26.050000,26.050000,26.050000
2016-04-01,26.050000,26.050000,26.050000,26.050000
2016-04-04,26.050000,26.050000,26.050000,26.050000
2016-04-05,26.050000,26.050000,26.050000,26.050000
2016-04-06,26.050000,26.050000,26.050000,26.050000
2016-04-07,25.787000,25.787000,25.787000,25.787000
2016-04-08,25.930000,25.930100,25.930000,25.930100
2016-04-11,25.930100,25.930100,25.930100,25.930100
2016-04-12,25.930100,25.930100,25.930100,25.930100
2016-04-13,25.930100,25.930100,25.930100,25.930100
2016-04-14,25.960000,25.970000,25.960000,25.970000
2016-04-15,25.970000,25.970000,25.970000,25.970000
2016-04-18,25.910000,26.180000,25.910000,26.180000
2016-04-19,26.180000,26.180000,26.180000,26.180000
2016-04-20,26.180000,26.180000,26.180000,26.180000
2016-04-21,26.180000,26.180000,26.180000,26.180000
2016-04-22,26.180000,26.180000,26.180000,26.180000
2016-04-25,26.180000,26.180000,26.180000,26.180000
2016-04-26,26.180000,26.180000,26.180000,26.180000
2016-04-27,26.180000,26.180000,26.180000,26.180000
2016-04-28,26.180000,26.180000,26.180000,26.180000
2016-04-29,26.180000,26.180000,26.180000,26.180000
2016-05-02,25.832500,25.832500,25.832500,25.832500
2016-05-03,25.832500,25.832500,25.832500,25.832500
2016-05-04,25.832500,25.832500,25.832500,25.832500
2016-05-05,25.832500,25.832500,25.832500,25.832500
2016-05-06,25.832500,25.832500,25.832500,25.832500
2016-05-09,25.832500,25.832500,25.832500,25.832500
2016-05-10,25.832500,25.832500,25.832500,25.832500
2016-05-11,25.832500,25.832500,25.832500,25.832500
2016-05-12,25.832500,25.832500,25.832500,25.832500
2016-05-13,26.080000,26.089700,26.080000,26.089700
2016-05-16,26.089700,26.089700,26.089700,26.089700
2016-05-17,26.089700,26.089700,26.089700,26.089700
2016-05-18,26.089700,26.089700,26.089700,26.089700
2016-05-19,26.089700,26.089700,26.089700,26.089700
2016-05-20,25.740000,25.740000,25.740000,25.740000
2016-05-23,25.740000,25.740000,25.740000,25.740000
2016-05-24,25.740000,25.740000,25.740000,25.740000
2016-05-25,25.740000,25.740000,25.740000,25.740000
2016-05-26,25.740000,25.740000,25.740000,25.740000
2016-05-27,26.030000,26.190000,26.030000,26.190000
2016-05-31,26.190000,26.190000,26.190000,26.190000
2016-06-01,26.190000,26.190000,26.190000,26.190000
2016-06-02,26.126200,26.210000,26.126200,26.210000
2016-06-03,26.210000,26.210000,26.210000,26.210000
2016-06-06,26.210000,26.210000,26.210000,26.210000
2016-06-07,26.210000,26.210000,26.210000,26.210000
2016-06-08,26.210000,26.210000,26.210000,26.210000
2016-06-09,26.210000,26.210000,26.210000,26.210000
2016-06-10,26.210000,26.210000,26.210000,26.210000
2016-06-13,26.210000,26.210000,26.210000,26.210000
2016-06-14,25.960000,25.980000,25.960000,25.960100
2016-06-15,25.960100,25.960100,25.960100,25.960100
2016-06-16,25.960100,25.960100,25.960100,25.960100
2016-06-17,25.960100,25.960100,25.960100,25.960100
2016-06-20,25.960100,25.960100,25.960100,25.960100
2016-06-21,25.960100,25.960100,25.960100,25.960100
2016-06-22,25.960100,25.960100,25.960100,25.960100
2016-06-23,25.960100,25.960100,25.960100,25.960100
2016-06-24,25.960100,25.960100,25.960100,25.960100
2016-06-27,25.960100,25.960100,25.960100,25.960100
2016-06-28,25.960100,25.960100,25.960100,25.960100
2016-06-29,25.960100,25.960100,25.960100,25.960100
2016-06-30,25.960100,25.960100,25.960100,25.960100
2016-07-01,25.960100,25.960100,25.960100,25.960100
2016-07-05,25.960100,25.960100,25.960100,25.960100
2016-07-06,25.960100,25.960100,25.960100,25.960100
2016-07-07,25.960100,25.960100,25.960100,25.960100
2016-07-08,25.960100,25.960100,25.960100,25.960100
2016-07-11,25.960100,25.960100,25.960100,25.960100
2016-07-12,25.960100,25.960100,25.960100,25.960100
2016-07-13,25.960100,25.960100,25.960100,25.960100
2016-07-14,25.960100,25.960100,25.960100,25.960100
2016-07-15,25.960100,25.960100,25.960100,25.960100
2016-07-18,25.960100,25.960100,25.960100,25.960100
2016-07-19,25.960100,25.960100,25.960100,25.960100
2016-07-20,25.960100,25.960100,25.960100,25.960100
2016-07-21,25.960100,25.960100,25.960100,25.960100
2016-07-22,25.960100,25.960100,25.960100,25.960100
2016-07-25,27.217800,27.217800,27.217800,27.217800
2016-07-26,27.217800,27.217800,27.217800,27.217800
2016-07-27,27.217800,27.217800,27.217800,27.217800
2016-07-28,27.217800,27.217800,27.217800,27.217800
2016-07-29,27.217800,27.217800,27.217800,27.217800
2016-08-01,27.217800,27.217800,27.217800,27.217800
2016-08-02,27.217800,27.217800,27.217800,27.217800
2016-08-03,27.217800,27.217800,27.217800,27.217800
2016-08-04,27.217800,27.217800,27.217800,27.217800
2016-08-05,27.217800,27.217800,27.217800,27.217800
2016-08-08,27.217800,27.217800,27.217800,27.217800
2016-08-09,27.217800,27.217800,27.217800,27.217800
2016-08-10,27.217800,27.217800,27.217800,27.217800
2016-08-11,27.217800,27.217800,27.217800,27.217800
2016-08-12,27.217800,27.217800,27.217800,27.217800
2016-08-15,27.217800,27.217800,27.217800,27.217800
2016-08-16,27.217800,27.217800,27.217800,27.217800
2016-08-17,27.217800,27.217800,27.217800,27.217800
2016-08-18,27.217800,27.217800,27.217800,27.217800
2016-08-19,27.217800,27.217800,27.217800,27.217800
2016-08-22,27.217800,27.217800,27.217800,27.217800
2016-08-23,27.217800,27.217800,27.217800,27.217800
2016-08-24,27.217800,27.217800,27.217800,27.217800
2016-08-25,27.217800,27.217800,27.217800,27.217800
2016-08-26,27.217800,27.217800,27.217800,27.217800
2016-08-29,27.217800,27.217800,27.217800,27.217800
2016-08-30,27.217800,27.217800,27.217800,27.217800
2016-08-31,27.217800,27.217800,27.217800,27.217800
2016-09-01,27.217800,27.217800,27.217800,27.217800
2016-09-02,27.217800,27.217800,27.217800,27.217800
2016-09-06,27.217800,27.217800,27.217800,27.217800
2016-09-07,27.217800,27.217800,27.217800,27.217800
2016-09-08,27.417000,27.417000,27.417000,27.417000
2016-09-09,27.000000,27.000000,27.000000,27.000000
2016-09-12,27.020000,27.020000,27.020000,27.020000
2016-09-13,26.700000,26.700000,26.700000,26.700000
2016-09-14,26.700000,26.700000,26.700000,26.700000
2016-09-15,26.700000,26.700000,26.700000,26.700000
2016-09-16,26.750000,26.750000,26.750000,26.750000
2016-09-19,26.750000,26.750000,26.750000,26.750000
2016-09-20,26.750000,26.750000,26.750000,26.750000
2016-09-21,26.750000,26.750000,26.750000,26.750000
2016-09-22,26.750000,26.750000,26.750000,26.750000
2016-09-23,26.750000,26.750000,26.750000,26.750000
2016-09-26,26.750000,26.750000,26.750000,26.750000
2016-09-27,26.750000,26.750000,26.750000,26.750000
2016-09-28,27.227000,27.227000,27.227000,27.227000
2016-09-29,27.227000,27.227000,27.227000,27.227000
2016-09-30,27.227000,27.227000,27.227000,27.227000
2016-10-03,27.227000,27.227000,27.227000,27.227000
2016-10-04,27.227000,27.227000,27.227000,27.227000
2016-10-05,27.227000,27.227000,27.227000,27.227000
2016-10-06,26.620000,26.760000,26.620000,26.760000
2016-10-07,26.760000,26.760000,26.760000,26.760000
2016-10-10,26.760000,26.760000,26.760000,26.760000
2016-10-11,26.760000,26.760000,26.760000,26.760000
2016-10-12,26.760000,26.760000,26.760000,26.760000
2016-10-13,26.600000,26.600000,26.600000,26.600000
2016-10-14,26.600000,26.600000,26.600000,26.600000
2016-10-17,26.600000,26.600000,26.600000,26.600000
2016-10-18,26.600000,26.600000,26.600000,26.600000
2016-10-19,26.600000,26.600000,26.600000,26.600000
2016-10-20,26.720000,26.720000,26.720000,26.720000
2016-10-21,26.720000,26.720000,26.720000,26.720000
2016-10-24,26.720000,26.720000,26.720000,26.720000
2016-10-25,26.720000,26.720000,26.720000,26.720000
2016-10-26,26.720000,26.720000,26.720000,26.720000
2016-10-27,26.720000,26.720000,26.720000,26.720000
2016-10-28,26.720000,26.720000,26.720000,26.720000
2016-10-31,26.720000,26.720000,26.720000,26.720000
2016-11-01,26.720000,26.720000,26.720000,26.720000
2016-11-02,26.720000,26.720000,26.720000,26.720000
2016-11-03,26.720000,26.720000,26.720000,26.720000
2016-11-04,26.720000,26.720000,26.720000,26.720000
2016-11-07,26.720000,26.720000,26.720000,26.720000
2016-11-08,26.610000,26.610000,26.610000,26.610000
2016-11-09,26.240000,26.489900,26.240000,26.479500
2016-11-10,26.479500,26.479500,26.479500,26.479500
2016-11-11,26.479500,26.479500,26.479500,26.479500
2016-11-14,26.479500,26.479500,26.479500,26.479500
2016-11-15,26.479500,26.479500,26.479500,26.479500
2016-11-16,26.479500,26.479500,26.479500,26.479500
2016-11-17,26.336400,26.360000,26.336400,26.360000
2016-11-18,26.430000,26.430000,26.290000,26.360000
2016-11-21,26.360000,26.360000,26.360000,26.360000
2016-11-22,26.360000,26.360000,26.360000,26.360000
2016-11-23,26.556500,26.556500,26.556500,26.556500
2016-11-25,26.556500,26.556500,26.556500,26.556500
2016-11-28,26.770000,26.770000,26.770000,26.770000
2016-11-29,26.770000,26.770000,26.770000,26.770000
2016-11-30,26.553200,26.553200,26.553200,26.553200
2016-12-01,26.553200,26.553200,26.553200,26.553200
2016-12-02,26.553200,26.553200,26.553200,26.553200
2016-12-05,26.553200,26.553200,26.553200,26.553200
2016-12-06,26.553200,26.553200,26.553200,26.553200
2016-12-07,26.520000,26.718000,26.520000,26.718000
2016-12-08,26.718000,26.718000,26.718000,26.718000
2016-12-09,26.718000,26.718000,26.718000,26.718000
2016-12-12,27.057000,27.057000,27.057000,27.057000
2016-12-13,27.057000,27.057000,27.057000,27.057000
2016-12-14,27.057000,27.057000,27.057000,27.057000
2016-12-15,27.057000,27.057000,27.057000,27.057000
2016-12-16,27.057000,27.057000,27.057000,27.057000
2016-12-19,27.057000,27.057000,27.057000,27.057000
2016-12-20,27.150000,27.150000,27.150000,27.150000
2016-12-21,27.209700,27.209700,27.209700,27.209700
2016-12-22,27.209700,27.209700,27.209700,27.209700
2016-12-23,27.209700,27.209700,27.209700,27.209700
2016-12-27,27.209700,27.209700,27.209700,27.209700
2016-12-28,27.209700,27.209700,27.209700,27.209700
2016-12-29,27.209700,27.209700,27.209700,27.209700
2016-12-30,27.160000,27.160000,27.160000,27.160000
2017-01-03,26.999900,26.999900,26.999900,26.999900
2017-01-04,27.165000,27.165000,27.165000,27.165000
2017-01-05,27.165000,27.165000,27.165000,27.165000
2017-01-06,27.165000,27.165000,27.165000,27.165000
2017-01-09,27.290000,27.290000,27.290000,27.290000
2017-01-10,27.190000,27.190000,27.172200,27.190000
2017-01-11,27.190000,27.190000,27.190000,27.190000
2017-01-12,27.190000,27.190000,27.190000,27.190000
2017-01-13,27.190000,27.190000,27.190000,27.190000
2017-01-17,27.190000,27.190000,27.190000,27.190000
2017-01-18,27.330000,27.330000,27.330000,27.330000
2017-01-19,27.330000,27.330000,27.330000,27.330000
2017-01-20,27.440000,27.440000,27.440000,27.440000
2017-01-23,27.440000,27.440000,27.440000,27.440000
2017-01-24,27.440000,27.440000,27.440000,27.440000
2017-01-25,27.610000,27.610000,27.610000,27.610000
2017-01-26,27.610000,27.610000,27.610000,27.610000
2017-01-27,27.610000,27.610000,27.610000,27.610000
2017-01-30,27.610000,27.610000,27.610000,27.610000
2017-01-31,27.250000,27.430000,27.250000,27.408300
2017-02-01,27.408300,27.408300,27.408300,27.408300
2017-02-02,27.408300,27.408300,27.408300,27.408300
2017-02-03,27.408300,27.408300,27.408300,27.408300
2017-02-06,27.408300,27.408300,27.408300,27.408300
2017-02-07,27.549000,27.549000,27.538300,27.538300
2017-02-08,27.538300,27.538300,27.538300,27.538300
2017-02-09,27.538300,27.538300,27.538300,27.538300
2017-02-10,27.538300,27.538300,27.538300,27.538300
2017-02-13,27.872100,27.879500,27.872100,27.879500
2017-02-14,27.879500,27.879500,27.879500,27.879500
2017-02-15,27.879500,27.879500,27.879500,27.879500
2017-02-16,27.879500,27.879500,27.879500,27.879500
2017-02-17,27.879500,27.879500,27.879500,27.879500
2017-02-21,28.290000,28.290000,28.290000,28.290000
2017-02-22,28.290000,28.290000,28.290000,28.290000
2017-02-23,28.420200,28.420200,28.420200,28.420200
2017-02-24,28.420200,28.420200,28.420200,28.420200
2017-02-27,28.420200,28.420200,28.420200,28.420200
2017-02-28,28.499900,28.499900,28.499800,28.499800
2017-03-01,28.499800,28.499800,28.499800,28.499800
2017-03-02,28.499800,28.499800,28.499800,28.499800
2017-03-03,28.540000,28.540000,28.540000,28.540000
2017-03-06,28.540000,28.540000,28.540000,28.540000
2017-03-07,28.540000,28.540000,28.520000,28.520000
2017-03-08,28.520000,28.520000,28.520000,28.520000
2017-03-09,28.520000,28.520000,28.520000,28.520000
2017-03-10,28.520000,28.520000,28.520000,28.520000
2017-03-13,28.520000,28.520000,28.520000,28.520000
2017-03-14,28.520000,28.520000,28.520000,28.520000
2017-03-15,28.520000,28.520000,28.520000,28.520000
2017-03-16,28.790100,28.790100,28.790000,28.790000
2017-03-17,28.790000,28.790000,28.790000,28.790000
2017-03-20,28.770000,28.770000,28.770000,28.770000
2017-03-21,28.770000,28.770000,28.770000,28.770000
2017-03-22,27.950000,27.950000,27.950000,27.950000
2017-03-23,27.950000,27.950000,27.950000,27.950000
2017-03-24,27.950000,27.950000,27.950000,27.950000
2017-03-27,27.950000,27.950000,27.950000,27.950000
2017-03-28,27.950000,27.950000,27.950000,27.950000
2017-03-29,27.950000,27.950000,27.950000,27.950000
2017-03-30,27.950000,27.950000,27.950000,27.950000
2017-03-31,27.950000,27.950000,27.950000,27.950000
2017-04-03,28.339900,28.339900,28.339900,28.339900
2017-04-04,28.339900,28.339900,28.339900,28.339900
2017-04-05,28.339900,28.339900,28.339900,28.339900
2017-04-06,28.339900,28.339900,28.339900,28.339900
2017-04-07,28.339900,28.339900,28.339900,28.339900
2017-04-10,28.370000,28.370000,28.370000,28.370000
2017-04-11,28.370000,28.370000,28.370000,28.370000
2017-04-12,28.370000,28.370000,28.370000,28.370000
2017-04-13,28.370000,28.370000,28.370000,28.370000
2017-04-17,28.370000,28.370000,28.370000,28.370000
2017-04-18,27.910000,27.910000,27.910000,27.910000
2017-04-19,27.910000,27.910000,27.910000,27.910000
2017-04-20,27.910000,27.910000,27.910000,27.910000
2017-04-21,27.910000,27.910000,27.910000,27.910000
2017-04-24,28.651300,28.680000,28.651300,28.680000
2017-04-25,28.680000,28.680000,28.680000,28.680000
2017-04-26,28.680000,28.680000,28.680000,28.680000
2017-04-27,28.680000,28.680000,28.680000,28.680000
2017-04-28,28.680000,28.680000,28.680000,28.680000
2017-05-01,28.790000,28.860000,28.790000,28.842000
2017-05-02,28.735600,28.760000,28.735600,28.750000
2017-05-03,28.750000,28.750000,28.750000,28.750000
2017-05-04,28.750000,28.750000,28.750000,28.750000
2017-05-05,28.750000,28.750000,28.750000,28.750000
2017-05-08,28.810000,28.810000,28.780000,28.780000
2017-05-09,28.890000,28.910000,28.810000,28.830000
2017-05-10,28.830000,28.830000,28.830000,28.830000
2017-05-11,28.830000,28.830000,28.830000,28.830000
2017-05-12,29.050000,29.050000,29.050000,29.050000
2017-05-15,29.090000,29.113200,29.070900,29.080400
2017-05-16,29.080400,29.080400,29.080400,29.080400
2017-05-17,28.540000,28.540000,28.343800,28.343800
2017-05-18,28.250000,28.312500,28.250000,28.312500
2017-05-19,28.312500,28.312500,28.312500,28.312500
2017-05-22,28.312500,28.312500,28.312500,28.312500
2017-05-23,28.863300,28.863300,28.863300,28.863300
2017-05-24,29.000000,29.059100,29.000000,29.059100
2017-05-25,29.185300,29.211500,29.185300,29.211500
2017-05-26,29.211500,29.211500,29.211500,29.211500
2017-05-30,29.211500,29.211500,29.211500,29.211500
2017-05-31,29.211500,29.211500,29.211500,29.211500
2017-06-01,29.211500,29.211500,29.211500,29.211500
2017-06-02,29.211500,29.211500,29.211500,29.211500
2017-06-05,29.445900,29.445900,29.445900,29.445900
2017-06-06,29.445900,29.445900,29.445900,29.445900
2017-06-07,29.445900,29.445900,29.445900,29.445900
2017-06-08,29.445900,29.445900,29.445900,29.445900
2017-06-09,29.445900,29.445900,29.445900,29.445900
2017-06-12,29.445900,29.445900,29.445900,29.445900
2017-06-13,29.445900,29.445900,29.445900,29.445900
2017-06-14,30.020000,30.020000,30.020000,30.020000
2017-06-15,30.020000,30.020000,30.020000,30.020000
2017-06-16,30.020000,30.020000,30.020000,30.020000
2017-06-19,30.020000,30.020000,30.020000,30.020000
2017-06-20,30.020000,30.020000,30.020000,30.020000
2017-06-21,29.756500,29.756500,29.756500,29.756500
2017-06-22,29.756500,29.756500,29.756500,29.756500
2017-06-23,29.756500,29.756500,29.756500,29.756500
2017-06-26,29.680000,29.680000,29.680000,29.680000
2017-06-27,29.680000,29.680000,29.680000,29.680000
2017-06-28,29.840000,29.840000,29.840000,29.840000
2017-06-29,29.840000,29.840000,29.840000,29.840000
2017-06-30,29.660000,29.660000,29.660000,29.660000
2017-07-03,29.660000,29.660000,29.660000,29.660000
2017-07-05,29.660000,29.660000,29.660000,29.660000
2017-07-06,29.730000,29.751400,29.730000,29.730000
2017-07-07,29.730000,29.730000,29.730000,29.730000
2017-07-10,29.730000,29.730000,29.730000,29.730000
2017-07-11,29.730000,29.730000,29.730000,29.730000
2017-07-12,30.330000,30.330000,30.210000,30.242600
2017-07-13,30.309900,30.309900,30.309900,30.309900
2017-07-14,30.320000,30.320000,30.320000,30.320000
2017-07-17,30.320000,30.320000,30.320000,30.320000
2017-07-18,30.320000,30.320000,30.320000,30.320000
2017-07-19,30.320000,30.320000,30.320000,30.320000
2017-07-20,30.320000,30.320000,30.320000,30.320000
2017-07-21,30.320000,30.320000,30.320000,30.320000
2017-07-24,30.260000,30.350000,30.260000,30.350000
2017-07-25,30.350000,30.350000,30.350000,30.350000
2017-07-26,30.350000,30.350000,30.350000,30.350000
2017-07-27,30.350000,30.350000,30.350000,30.350000
2017-07-28,30.350000,30.350000,30.350000,30.350000
2017-07-31,30.350000,30.350000,30.350000,30.350000
2017-08-01,30.350000,30.350000,30.350000,30.350000
2017-08-02,30.760000,30.760000,30.760000,30.760000
2017-08-03,30.760000,30.760000,30.760000,30.760000
2017-08-04,30.720000,30.720000,30.720000,30.720000
2017-08-07,30.720000,30.720000,30.720000,30.720000
2017-08-08,30.720000,30.720000,30.720000,30.720000
2017-08-09,30.720000,30.720000,30.720000,30.720000
2017-08-10,30.415000,30.415000,30.415000,30.415000
2017-08-11,30.415000,30.415000,30.415000,30.415000
2017-08-14,30.415000,30.415000,30.415000,30.415000
2017-08-15,30.415000,30.415000,30.415000,30.415000
2017-08-16,30.415000,30.415000,30.415000,30.415000
2017-08-17,30.279900,30.279900,30.265000,30.265000
2017-08-18,30.265000,30.265000,30.265000,30.265000
2017-08-21,30.265000,30.265000,30.265000,30.265000
2017-08-22,30.265000,30.265000,30.265000,30.265000
2017-08-23,30.265000,30.265000,30.265000,30.265000
2017-08-24,30.430000,30.430000,30.430000,30.430000
2017-08-25,30.430000,30.430000,30.430000,30.430000
2017-08-28,30.430000,30.430000,30.430000,30.430000
2017-08-29,30.430000,30.430000,30.430000,30.430000
2017-08-30,30.430000,30.430000,30.430000,30.430000
2017-08-31,30.679900,30.679900,30.673000,30.673000
2017-09-01,30.673000,30.673000,30.673000,30.673000
2017-09-05,30.300000,30.390000,30.300000,30.390000
2017-09-06,30.390000,30.390000,30.390000,30.390000
2017-09-07,30.390000,30.390000,30.390000,30.390000
2017-09-08,30.320000,30.320000,30.320000,30.320000
2017-09-11,30.320000,30.320000,30.320000,30.320000
2017-09-12,30.320000,30.320000,30.320000,30.320000
2017-09-13,30.320000,30.320000,30.320000,30.320000
2017-09-14,30.320000,30.320000,30.320000,30.320000
2017-09-15,31.096000,31.096000,31.096000,31.096000
2017-09-18,31.199900,31.260000,31.199900,31.260000
2017-09-19,31.230100,31.230100,31.230100,31.230100
2017-09-20,31.187600,31.200000,31.187600,31.200000
2017-09-21,31.200000,31.200000,31.200000,31.200000
2017-09-22,31.200000,31.200000,31.200000,31.200000
2017-09-25,30.790000,30.790000,30.790000,30.790000
2017-09-26,30.850000,30.850000,30.850000,30.850000
2017-09-27,30.850000,30.850000,30.850000,30.850000
2017-09-28,30.850000,30.850000,30.850000,30.850000
2017-09-29,30.850000,30.850000,30.850000,30.850000
2017-10-02,30.850000,30.850000,30.850000,30.850000
2017-10-03,30.850000,30.850000,30.850000,30.850000
2017-10-04,30.850000,30.850000,30.850000,30.850000
2017-10-05,31.899500,31.899500,31.884500,31.884500
2017-10-06,31.860000,31.860000,31.860000,31.860000
2017-10-09,32.320000,32.320000,31.990000,31.990000
2017-10-10,31.969700,31.969700,31.969700,31.969700
2017-10-11,32.069000,32.069000,32.042000,32.042000
2017-10-12,32.070000,32.080000,32.070000,32.080000
2017-10-13,32.240000,32.240000,32.240000,32.240000
2017-10-16,32.070000,32.280000,32.070000,32.270000
2017-10-17,32.264000,32.264000,32.264000,32.264000
2017-10-18,32.300000,32.349900,32.300000,32.335000
2017-10-19,32.270000,32.274000,32.267000,32.274000
2017-10-20,32.630000,32.654000,32.630000,32.654000
2017-10-23,32.850000,32.850000,32.599500,32.599500
2017-10-24,32.700000,32.820000,32.680300,32.810000
2017-10-25,32.890000,32.890000,32.510000,32.589900
2017-10-26,32.589900,32.589900,32.589900,32.589900
2017-10-27,32.589900,32.589900,32.589900,32.589900
2017-10-30,33.230000,33.230000,33.177500,33.177500
2017-10-31,33.200000,33.300000,33.200000,33.250000
2017-11-01,33.270000,33.320000,33.220200,33.220200
2017-11-02,33.336000,33.340000,33.330100,33.330100
2017-11-03,33.504800,33.520000,33.504800,33.520000
2017-11-06,33.510000,33.630000,33.510000,33.630000
2017-11-07,33.760000,33.760000,33.289700,33.302400
2017-11-08,33.300000,33.310000,33.237500,33.310000
2017-11-09,32.990000,32.990000,32.990000,32.990000
2017-11-10,33.109000,33.110000,33.053300,33.110000
2017-11-13,33.200000,33.200000,33.200000,33.200000
2017-11-14,33.180000,34.839800,33.046800,33.150000
2017-11-15,33.030000,33.139900,33.030000,33.064700
2017-11-16,33.297600,33.390000,33.297600,33.350000
2017-11-17,33.190000,33.240000,33.190000,33.216000
2017-11-20,33.260000,33.370000,33.260000,33.295000
2017-11-21,33.580000,33.629900,33.566000,33.600000
2017-11-22,33.564800,33.564800,33.450000,33.530000
2017-11-24,33.530000,33.530000,33.530000,33.530000
2017-11-27,33.630000,33.630000,33.520000,33.570000
2017-11-28,33.710000,33.980000,33.710000,33.969900
2017-11-29,33.950000,33.950000,33.580000,33.674600
2017-11-30,33.994900,34.150000,33.994900,34.119000
2017-12-01,33.980000,33.980000,33.770400,33.914800
2017-12-04,34.390000,34.390000,33.845000,33.850000
2017-12-05,33.740000,33.740000,33.560000,33.633000
2017-12-06,33.683100,33.810000,33.683100,33.737000
2017-12-07,34.009000,34.010000,33.930000,33.930000
2017-12-08,34.230000,34.230000,34.010000,34.020000
2017-12-11,34.126100,34.220000,34.126100,34.155000
2017-12-12,34.205000,34.340000,34.205000,34.304700
2017-12-13,34.390000,34.390000,34.240000,34.240000
2017-12-14,34.360000,34.360000,34.129600,34.180000
2017-12-15,34.290000,34.438000,34.290000,34.335000
2017-12-18,34.546500,34.610000,34.546500,34.590000
2017-12-19,34.400800,34.505000,34.400800,34.505000
2017-12-20,34.730000,34.730000,34.270000,34.480000
2017-12-21,34.640000,34.640000,34.475500,34.560000
2017-12-22,34.580000,34.580000,34.360000,34.460000
2017-12-26,34.220000,34.290000,34.220000,34.280000
2017-12-27,34.355000,34.359000,34.325000,34.325000
2017-12-28,34.470000,34.470000,34.340000,34.373000
2017-12-29,34.344800,34.410000,34.344800,34.410000
2018-01-02,34.345000,37.290000,34.345000,34.510000
2018-01-03,35.890000,35.890000,34.635000,34.800000
2018-01-04,35.250000,35.250000,35.120000,35.189000
2018-01-05,35.350000,35.450000,35.160000,35.450000
2018-01-08,35.470000,35.550000,35.365000,35.495000
2018-01-09,35.510000,35.710000,35.510000,35.710000
2018-01-10,35.530000,35.722400,35.520000,35.722400
2018-01-11,35.880000,35.900000,35.799400,35.857400
2018-01-12,35.950000,36.230000,35.950000,36.193700
2018-01-16,36.620000,36.620000,36.017800,36.160000
2018-01-17,36.150000,36.557600,36.150000,36.557600
2018-01-18,36.640000,36.640000,36.544800,36.630000
2018-01-19,36.640500,36.706700,36.630000,36.706700
2018-01-22,36.630000,36.925000,36.590000,36.925000
2018-01-23,37.070000,37.140000,36.999900,37.135000
2018-01-24,37.350000,37.360000,36.989000,37.150000
2018-01-25,37.370000,37.370000,36.950000,36.950000
2018-01-26,37.120000,37.461000,37.120000,37.461000
2018-01-29,37.460000,37.460000,37.250000,37.250000
2018-01-30,36.870000,36.980000,36.690000,36.805300
2018-01-31,37.183100,37.240000,36.920000,36.920000
2018-02-01,37.100000,37.239000,37.040000,37.040000
2018-02-02,36.910000,36.910000,36.550000,36.550000
2018-02-05,36.380000,36.380000,34.790500,34.790500
2018-02-06,33.800000,35.302600,30.520000,35.302600
2018-02-07,35.499000,35.954000,35.499000,35.610000
2018-02-08,35.640000,35.640000,34.100000,34.100000
2018-02-09,34.321100,34.321100,33.391000,34.274200
2018-02-12,34.770000,35.300000,34.770000,35.199900
2018-02-13,35.110000,35.370000,34.990000,35.370000
2018-02-14,35.230000,36.000000,35.230000,36.000000
2018-02-15,36.400000,36.440000,36.044800,36.390000
2018-02-16,36.469600,36.613400,36.450000,36.500000
2018-02-20,36.480000,36.602400,36.281000,36.482600
2018-02-21,36.574800,36.750000,36.410000,36.410000
2018-02-22,37.000000,37.000000,36.400000,36.440000
2018-02-23,36.640000,36.650000,36.540000,36.590000
2018-02-26,37.125200,37.360000,37.125200,37.280200
2018-02-27,37.390000,37.510000,37.050000,37.050000
2018-02-28,37.250000,37.371500,36.730000,36.735000
2018-03-01,36.840000,36.840000,35.940000,36.156200
2018-03-02,35.503900,36.250000,35.500000,36.250000
2018-03-05,36.020000,36.750000,35.925000,36.740000
2018-03-06,36.870000,36.870000,36.605000,36.790000
2018-03-07,36.590000,36.919800,36.482900,36.919800
2018-03-08,37.140000,37.140000,36.775000,36.960000
2018-03-09,37.270200,37.806000,37.270200,37.775000
2018-03-12,38.040000,38.040000,37.756600,37.870000
2018-03-13,37.997900,37.997900,37.510000,37.644800
2018-03-14,37.421600,37.421600,37.315200,37.315200
2018-03-15,37.214900,37.265900,37.204600,37.204600
2018-03-16,37.420000,37.420000,37.239000,37.320000
2018-03-19,36.950000,36.950000,36.374800,36.470000
2018-03-20,36.800000,36.923500,36.800000,36.900000
2018-03-21,36.890000,37.090000,36.810000,36.850000
2018-03-22,36.440000,36.440000,35.544800,35.580000
2018-03-23,35.454800,35.670400,35.085000,35.085000
2018-03-26,35.430000,35.960000,35.430000,35.960000
2018-03-27,35.920000,35.927600,35.010000,35.010000
2018-03-28,34.565000,34.660000,34.565000,34.660000
2018-03-29,34.720000,35.220000,34.596800,35.220000
2018-04-02,35.200000,35.200000,34.211000,34.211000
2018-04-03,34.700700,34.700700,34.361000,34.384800
2018-04-04,34.210000,35.230000,34.210000,35.230000
2018-04-05,35.490000,35.700000,35.446500,35.550000
2018-04-06,35.273800,35.273800,34.500000,34.500000
2018-04-09,34.970000,35.355000,34.790000,34.790000
2018-04-10,35.370000,35.501900,35.200000,35.405200
2018-04-11,35.514000,35.514000,35.445000,35.464800
2018-04-12,35.580000,35.700000,35.510000,35.627600
2018-04-13,35.930000,35.930000,35.290000,35.459000
2018-04-16,35.580000,35.750000,35.530000,35.692800
2018-04-17,36.040000,36.437600,36.040000,36.420000
2018-04-18,36.620000,36.620000,36.345000,36.460000
2018-04-19,36.459800,36.520000,36.330000,36.520000
2018-04-20,36.450000,36.450000,36.189800,36.189800
2018-04-23,36.210000,36.381000,36.000000,36.000000
2018-04-24,36.420000,36.420000,35.060000,35.200000
2018-04-25,35.300000,35.330000,34.750000,35.250600
2018-04-26,35.590000,36.070000,35.568600,35.930000
2018-04-27,35.949800,36.044200,35.920000,35.939000
2018-04-30,35.900000,35.929800,35.718000,35.718000
2018-05-01,35.830000,35.940000,35.519800,35.940000
2018-05-02,35.900000,35.990000,35.620000,35.650000
2018-05-03,35.590000,35.830000,35.210000,35.710000
2018-05-04,35.620000,36.180000,35.560000,36.120000
2018-05-07,36.400000,36.460000,36.320000,36.360000
2018-05-08,36.300000,36.452600,36.300000,36.350000
2018-05-09,36.520000,36.866000,36.500000,36.846400
2018-05-10,36.990000,37.270000,36.990000,37.164900
2018-05-11,37.310000,37.310000,37.160000,37.160000
2018-05-14,37.460000,37.470000,37.239800,37.250000
2018-05-15,37.050000,37.050000,36.739600,36.820000
2018-05-16,36.960000,37.030000,36.860000,36.954800
2018-05-17,37.040000,37.070000,36.830000,36.880000
2018-05-18,36.880000,36.980000,36.870000,36.957600
2018-05-21,37.350000,37.370000,37.140000,37.280200
2018-05-22,37.520000,37.520000,37.180000,37.180000
2018-05-23,37.020000,37.249000,36.940000,37.249000
2018-05-24,37.300000,37.310000,37.060000,37.259800
2018-05-25,37.110000,37.310000,37.110000,37.180000
2018-05-29,37.050000,37.080000,36.591000,36.770000
2018-05-30,37.009000,37.288600,36.950000,37.288000
2018-05-31,37.200000,37.309800,37.120000,37.130000
2018-06-01,37.449000,37.619000,37.350000,37.550000
2018-06-04,37.690000,37.900000,37.685000,37.900000
2018-06-05,37.900000,37.999800,37.870000,37.960000
2018-06-06,38.220000,38.305000,38.015000,38.240000
2018-06-07,38.510000,38.510000,37.960000,38.150000
2018-06-08,38.170000,38.170000,38.010000,38.109800
2018-06-11,38.200000,38.400000,38.200000,38.290000
2018-06-12,38.470000,38.470000,38.290000,38.378200
2018-06-13,38.550000,38.550000,38.260000,38.260000
2018-06-14,38.440000,38.490000,38.359900,38.360000
2018-06-15,38.320000,38.350000,38.180000,38.310000
2018-06-18,38.030000,38.318000,38.030000,38.270000
2018-06-19,37.820000,38.050000,37.729800,38.009000
2018-06-20,38.300000,38.359000,38.191000,38.202000
2018-06-21,38.121500,38.121500,37.800000,37.909000
2018-06-22,37.850000,37.890000,37.730000,37.750000
2018-06-25,37.230000,37.251600,36.750000,37.020000
2018-06-26,37.148800,37.355000,37.120000,37.150000
2018-06-27,37.400000,37.400000,36.759900,36.759900
2018-06-28,36.780000,37.170000,36.780000,37.099900
2018-06-29,37.110000,37.420000,37.050000,37.050000
2018-07-02,36.940000,37.189000,36.940000,37.189000
2018-07-03,37.370000,37.370000,37.190000,37.193500
2018-07-05,37.150000,37.289000,36.995000,37.289000
2018-07-06,37.360000,37.630000,37.330900,37.625000
2018-07-09,37.900000,37.979000,37.810000,37.959000
2018-07-10,38.190000,38.250000,38.121000,38.200000
2018-07-11,38.040000,38.160000,38.000000,38.040000
2018-07-12,38.340000,38.620000,38.340000,38.620000
2018-07-13,38.650000,38.720000,38.650000,38.710000
2018-07-16,38.890000,38.890000,38.650000,38.686800
2018-07-17,38.480000,38.910000,38.480000,38.910000
2018-07-18,38.820000,39.100000,38.820000,39.060000
2018-07-19,39.000000,39.000000,38.717400,38.724800
2018-07-20,38.869000,38.970000,38.787700,38.830000
2018-07-23,38.920000,38.920000,38.682300,38.885000
2018-07-24,39.370000,39.380000,38.992000,39.120200
2018-07-25,39.290000,39.695000,39.210000,39.680000
2018-07-26,39.240000,39.281600,39.110000,39.200000
2018-07-27,39.310000,39.420000,38.730000,38.840000
2018-07-30,38.840000,38.840000,38.170000,38.170000
2018-07-31,38.370000,38.490000,38.340000,38.359800
2018-08-01,38.540000,38.590000,38.340000,38.429600
2018-08-02,38.270000,38.750000,38.140000,38.700000
2018-08-03,38.820000,38.820000,38.648000,38.740000
2018-08-06,38.845000,38.966000,38.810000,38.950000
2018-08-07,39.170000,39.290000,39.130000,39.170000
2018-08-08,39.270000,39.310000,39.190000,39.270000
2018-08-09,39.420000,39.420000,39.210000,39.230000
2018-08-10,38.971000,39.070000,38.867800,38.950000
2018-08-13,38.920000,39.180000,38.804300,38.804300
2018-08-14,38.989000,39.130000,38.870000,39.110000
2018-08-15,38.950000,38.950000,38.440000,38.650000
2018-08-16,38.950000,39.080000,38.860000,38.860000
2018-08-17,38.610000,38.939000,38.610000,38.910000
2018-08-20,39.080000,39.080000,38.810000,38.950000
2018-08-21,39.150000,39.177300,39.000200,39.030000
2018-08-22,39.050000,39.160000,38.960000,39.160000
2018-08-23,39.190000,39.290000,39.106500,39.179700
2018-08-24,39.320000,39.450000,39.290000,39.425000
2018-08-27,39.540000,39.859900,39.540000,39.835800
2018-08-28,39.930000,39.951200,39.850000,39.850000
2018-08-29,39.970000,40.320000,39.970000,40.320000
2018-08-30,40.320000,40.369900,40.015500,40.100000
2018-08-31,40.110000,40.165300,39.970000,40.070000
2018-09-04,39.920000,40.740000,39.760000,40.050000
2018-09-05,40.000000,40.000000,39.520700,39.610000
2018-09-06,39.461600,39.620000,39.331500,39.620000
2018-09-07,39.220000,39.654500,39.220000,39.450000
2018-09-10,39.520000,39.600000,39.500400,39.534700
2018-09-11,39.640000,39.848000,39.629900,39.836800
2018-09-12,39.810000,39.850000,39.657900,39.788000
2018-09-13,40.160000,40.160000,39.991700,40.073300
2018-09-14,40.217500,40.243300,40.000000,40.171400
2018-09-17,40.140000,40.140000,39.740000,39.740000
2018-09-18,39.720000,40.145000,39.720000,40.089000
2018-09-19,40.142000,40.142000,39.970000,40.093400
2018-09-20,40.420000,40.469900,40.270000,40.450000
2018-09-21,40.520000,40.520000,40.300000,40.300000
2018-09-24,40.260000,40.346800,40.150000,40.320000
2018-09-25,40.420000,40.500000,40.350000,40.459900
2018-09-26,40.500000,40.640000,40.430000,40.430000
2018-09-27,40.620000,40.670000,40.560000,40.580000
2018-09-28,40.580000,40.619800,40.490000,40.534500
2018-10-01,40.890000,41.009100,40.774300,40.890000
2018-10-02,40.900000,40.910000,40.590000,40.620000
2018-10-03,40.798600,40.830000,40.630000,40.680000
2018-10-04,40.590000,40.590000,39.770000,40.049900
2018-10-05,39.950000,39.950000,39.420000,39.709600
2018-10-08,39.540000,39.620000,38.889700,39.370000
2018-10-09,39.240000,39.634700,39.240000,39.440000
2018-10-10,39.320000,39.320000,37.560000,37.610000
2018-10-11,37.560000,37.827300,36.750000,37.008200
2018-10-12,37.840000,38.099900,37.320000,37.930000
2018-10-15,37.910000,37.910000,37.420000,37.440000
2018-10-16,37.830000,38.540000,37.830000,38.540000
2018-10-17,38.650000,38.730000,38.270000,38.410000
2018-10-18,38.410000,38.410000,37.600000,37.661600
2018-10-19,37.976300,37.990000,37.340000,37.470200
2018-10-22,37.610000,37.650000,37.200000,37.520000
2018-10-23,36.640000,37.279900,36.340000,37.090000
2018-10-24,37.070000,37.116400,35.620000,35.620000
2018-10-25,35.990000,36.990000,35.990000,36.839900
2018-10-26,36.100000,36.445000,35.535000,35.920000
2018-10-29,36.330000,36.530000,34.691100,34.691100
2018-10-30,35.112900,35.640000,35.112900,35.580000
2018-10-31,36.260000,36.889700,36.260000,36.560000
2018-11-01,36.700000,36.990000,36.400000,36.990000
2018-11-02,37.290000,37.370000,36.559800,36.820000
2018-11-05,36.980000,36.980000,36.400000,36.900000
2018-11-06,37.064800,37.064800,36.850000,37.010000
2018-11-07,37.590000,38.320000,37.501200,38.320000
2018-11-08,38.227700,38.300000,38.000000,38.020000
2018-11-09,37.640000,37.730000,37.370000,37.730000
2018-11-12,37.700000,37.700000,36.550000,36.620000
2018-11-13,36.520000,36.881800,36.350000,36.520000
2018-11-14,36.890000,36.890000,35.994200,36.100000
2018-11-15,35.920000,36.742000,35.670000,36.590000
2018-11-16,36.500000,36.620000,36.350000,36.590000
2018-11-19,36.410000,36.410000,35.409900,35.478300
2018-11-20,34.490000,35.080000,34.240100,34.660000
2018-11-21,34.990000,35.225000,34.945000,34.974800
2018-11-23,34.760000,34.860000,34.670000,34.731000
2018-11-26,35.240000,35.440000,35.150000,35.440000
2018-11-27,35.270000,35.620000,35.270000,35.620000
2018-11-28,35.800000,36.905000,35.800000,36.905000
2018-11-29,36.930000,37.053300,36.573400,36.980000
2018-11-30,36.960000,37.140000,36.830000,37.140000
2018-12-03,38.110000,38.110000,37.670000,37.880000
2018-12-04,37.730000,37.730000,36.350000,36.390000
2018-12-06,35.680000,36.096500,35.460000,35.949500
2018-12-07,36.560000,36.730000,35.280000,35.350000
2018-12-10,35.170000,35.567200,34.790600,35.567200
2018-12-11,36.260000,36.260000,35.380000,35.565900
2018-12-12,36.399900,36.430000,35.962600,35.962600
2018-12-13,36.180000,36.180000,35.680000,35.885700
2018-12-14,35.386200,35.530000,34.884100,34.984300
2018-12-17,34.640000,34.870000,33.948400,34.033700
2018-12-18,34.560000,34.560000,34.120000,34.342700
2018-12-19,34.490000,34.816000,33.470000,33.838800
2018-12-20,33.540000,33.610000,32.570000,33.070000
2018-12-21,33.080000,33.195000,32.030100,32.230000
2018-12-24,31.720000,31.979500,31.200000,31.200000
2018-12-26,31.470000,33.210000,31.390000,33.210000
2018-12-27,32.760000,33.450000,32.130000,33.450000
2018-12-28,33.890000,33.890000,33.300000,33.430000
2018-12-31,33.840000,33.892800,33.496400,33.760000
2019-01-02,33.250000,33.990000,33.171000,33.830000
2019-01-03,33.450000,33.540000,32.770000,32.774900
2019-01-04,33.641400,34.127100,33.641400,34.127100
2019-01-07,34.240000,34.750500,34.240000,34.609600
2019-01-08,34.970000,34.978200,34.500000,34.930000
2019-01-09,35.216000,35.370000,35.050000,35.290000
2019-01-10,35.150000,35.390000,34.900000,35.390000
2019-01-11,35.257400,35.400000,35.240000,35.400000
2019-01-14,35.190000,35.250100,35.000000,35.170000
2019-01-15,35.470000,35.740000,35.470000,35.674000
2019-01-16,35.880000,35.936200,35.740000,35.790000
2019-01-17,35.815300,36.150000,35.730000,36.011400
2019-01-18,36.310000,36.619900,36.256500,36.560000
2019-01-22,36.370000,36.370000,35.668200,35.890000
2019-01-23,35.920000,35.950000,35.610000,35.950000
2019-01-24,35.820000,36.100000,35.820000,36.100000
2019-01-25,36.280000,36.550000,36.280000,36.410000
2019-01-28,35.910000,36.040000,35.820600,36.040000
2019-01-29,35.950000,35.950000,35.703600,35.770000
2019-01-30,36.280000,36.620000,36.280000,36.560000
2019-01-31,36.490000,36.900000,36.490000,36.850500
2019-02-01,36.810000,36.890000,36.709900,36.730000
2019-02-04,36.810000,37.094000,36.810000,37.094000
2019-02-05,37.382300,37.440000,37.265300,37.370000
2019-02-06,37.490000,37.490000,37.101500,37.305200
2019-02-07,37.000000,37.010000,36.590000,36.900000
2019-02-08,36.600000,36.890000,36.600000,36.864600
2019-02-11,36.900000,37.090000,36.900000,36.910000
2019-02-12,37.299000,37.580000,37.299000,37.540000
2019-02-13,37.770000,37.799000,37.646200,37.670300
2019-02-14,37.490900,37.830000,37.480000,37.670000
2019-02-15,37.990000,38.081500,37.930000,38.081500
2019-02-19,37.940000,38.181800,37.940000,38.080000
2019-02-20,38.150000,38.200000,37.970000,38.100000
2019-02-21,37.970000,38.111600,37.945800,37.990000
2019-02-22,38.140000,38.409700,38.140000,38.360000
2019-02-25,38.440000,38.685800,38.390000,38.410000
2019-02-26,38.330000,38.520000,38.320000,38.460000
2019-02-27,38.270000,38.408400,38.135200,38.370900
2019-02-28,38.420000,38.420000,38.299700,38.299700
2019-03-01,38.650000,38.672300,38.409900,38.600000
2019-03-04,38.750000,38.780000,38.040000,38.310000
2019-03-05,38.183800,38.360000,38.183800,38.332300
2019-03-06,38.050400,38.050400,38.039600,38.039600
2019-03-07,37.690000,37.789400,37.554500,37.635300
2019-03-08,37.180000,37.560400,37.180000,37.560400
2019-03-11,37.660000,38.174900,37.660000,38.174600
2019-03-12,38.274200,38.409900,38.249800,38.249800
2019-03-13,38.370000,38.752000,38.370000,38.595000
2019-03-14,38.620000,38.680000,38.537700,38.580000
2019-03-15,38.770000,38.955000,38.740000,38.814900
2019-03-18,38.780000,38.835300,38.750000,38.835300
2019-03-19,38.890100,39.059800,38.832100,38.950000
2019-03-20,38.930000,39.100400,38.828500,38.986400
2019-03-21,39.136300,39.479000,39.136300,39.449700
2019-03-22,39.280000,39.367200,38.890000,38.890000
2019-03-25,38.860000,39.020000,38.739000,38.990000
2019-03-26,39.270000,39.349900,39.000000,39.084700
2019-03-27,39.070000,39.070000,38.630000,38.855200
2019-03-28,38.840000,39.067700,38.830000,39.000000
2019-03-29,39.150000,39.279000,39.070000,39.276900
2019-04-01,39.520000,39.522300,39.390000,39.522300
2019-04-02,39.580000,39.580000,39.420000,39.540700
2019-04-03,39.690000,39.702800,39.520000,39.566700
2019-04-04,39.690000,39.690000,39.140000,39.357400
2019-04-05,39.430000,39.609000,39.430000,39.533900
2019-04-08,39.400000,39.570000,39.360000,39.543100
2019-04-09,39.330000,39.513100,39.330000,39.440000
2019-04-10,39.520000,39.636400,39.520000,39.563100
2019-04-11,39.680000,39.680000,39.316500,39.431200
2019-04-12,39.342000,39.444500,39.290000,39.297600
2019-04-15,39.440000,39.440000,39.267000,39.399400
2019-04-16,39.473500,39.473500,38.970000,39.020700
2019-04-17,38.710000,38.780000,38.470000,38.550000
2019-04-18,38.670000,38.715200,38.510000,38.715200
2019-04-22,38.660000,38.810000,38.660000,38.810000
2019-04-23,38.930000,39.208400,38.922500,39.208400
2019-04-24,39.300000,39.315000,39.210000,39.222100
2019-04-25,39.124400,39.316400,39.124400,39.259900
2019-04-26,39.390000,39.550000,39.283900,39.550000
2019-04-29,39.630000,39.630000,39.426400,39.440000
2019-04-30,39.453700,39.682700,39.453700,39.682700
2019-05-01,39.550000,39.700000,39.353500,39.353500
2019-05-02,39.270000,39.400000,39.242800,39.344500
2019-05-03,39.700000,39.760000,39.555000,39.740000
2019-05-06,39.160000,39.654100,39.160000,39.654100
2019-05-07,39.520000,39.520000,38.885000,39.053500
2019-05-08,38.970000,39.200300,38.950000,39.050000
2019-05-09,38.750000,39.044800,38.550000,38.980000
2019-05-10,38.890000,39.356200,38.530000,39.169000
2019-05-13,38.480000,38.699500,38.428000,38.590000
2019-05-14,38.710000,39.000000,38.630000,38.837300
2019-05-15,38.750000,39.161300,38.750000,39.070000
2019-05-16,39.110000,39.780000,39.110000,39.530000
2019-05-17,39.390000,39.637400,39.370000,39.460000
2019-05-20,39.090000,39.350300,39.090000,39.300000
2019-05-21,39.530000,39.586100,39.475000,39.532600
2019-05-22,39.540000,39.700400,39.540000,39.700400
2019-05-23,39.392400,39.392400,39.110000,39.305100
2019-05-24,39.350000,39.456900,39.350000,39.396100
2019-05-28,39.690000,39.690000,39.191600,39.194000
2019-05-29,38.940000,38.960000,38.600000,38.829600
2019-05-30,38.990000,39.050000,38.946100,39.017700
2019-05-31,38.610000,38.836100,38.610000,38.700000
2019-06-03,38.680000,38.680000,38.360000,38.407400
2019-06-04,38.790000,39.020000,38.590000,39.020000
2019-06-05,39.240000,39.642900,39.240000,39.641900
2019-06-06,39.660000,39.947800,39.660000,39.852800
2019-06-07,40.109500,40.417000,40.109500,40.304100
2019-06-10,40.400000,40.500000,40.320000,40.380000
2019-06-11,40.527400,40.527400,40.080700,40.250000
2019-06-12,40.278000,40.320000,40.200100,40.282000
2019-06-13,40.380000,40.390000,40.140000,40.240000
2019-06-14,40.180000,40.319000,40.180000,40.306200
2019-06-17,40.310000,40.380000,40.310000,40.354200
2019-06-18,40.670000,40.729900,40.522300,40.572900
2019-06-19,40.660000,40.960000,40.618000,40.945100
2019-06-20,41.500000,41.500000,41.090000,41.260000
2019-06-21,41.190000,41.260000,41.130000,41.130000
2019-06-24,40.950000,40.989000,40.935000,40.952700
2019-06-25,41.010000,41.010000,40.549200,40.549200
2019-06-26,40.310000,40.390000,40.160000,40.180000
2019-06-27,40.363500,40.363500,40.345000,40.362300
2019-06-28,40.480000,40.480000,40.258300,40.413600
2019-07-01,40.750000,40.750000,40.595600,40.734700
2019-07-02,40.710000,40.980000,40.660000,40.980000
2019-07-03,41.090000,41.441200,41.090000,41.436600
2019-07-05,41.150000,41.359100,41.078900,41.287900
2019-07-08,41.217300,41.248800,41.191500,41.248800
2019-07-09,41.315000,41.411500,41.315000,41.411500
2019-07-10,41.590000,41.798000,41.590000,41.720000
2019-07-11,41.720000,41.750000,41.520000,41.674300
2019-07-12,41.910000,41.910000,41.510000,41.700000
2019-07-15,41.740000,41.766200,41.670100,41.757100
2019-07-16,41.730000,41.760300,41.620000,41.620000
2019-07-17,41.603800,41.660000,41.545700,41.545700
2019-07-18,41.480000,41.640000,41.270300,41.640000
2019-07-19,41.682600,41.682600,41.219100,41.219100
2019-07-22,41.213900,41.360000,41.160100,41.276700
2019-07-23,41.560000,41.560000,41.161000,41.329400
2019-07-24,41.200000,41.380000,41.151300,41.379200
2019-07-25,41.290000,41.410000,41.181600,41.181600
2019-07-26,41.220000,41.460000,41.220000,41.443400
2019-07-29,41.300100,41.435000,41.300000,41.420000
2019-07-30,41.296000,41.325000,41.185500,41.185500
2019-07-31,41.220000,41.289900,40.762100,40.762100
2019-08-01,40.880000,41.189400,40.630000,40.630000
2019-08-02,40.700000,40.700000,40.275000,40.560000
2019-08-05,40.020000,40.020000,38.960000,39.290000
2019-08-06,39.510000,43.990000,39.510000,39.940000
2019-08-07,39.460000,40.210000,39.460000,40.100000
2019-08-08,40.250000,40.790000,40.250000,40.740000
2019-08-09,40.810000,40.810000,40.460000,40.630600
2019-08-12,40.340000,40.400000,40.149300,40.202900
2019-08-13,40.260000,40.757000,40.235100,40.660700
2019-08-14,40.140000,40.160000,39.610000,39.645000
2019-08-15,39.650000,39.760000,39.500000,39.700000
2019-08-16,40.000000,40.210000,40.000000,40.179300
2019-08-19,40.500000,40.542700,40.500000,40.520000
2019-08-20,40.440000,40.442700,40.232500,40.232500
2019-08-21,40.560000,40.567600,40.480000,40.567600
2019-08-22,40.690000,40.690000,40.456000,40.528600
2019-08-23,40.450000,40.662500,39.674200,39.690000
2019-08-26,39.820000,40.100000,39.820000,40.099600
2019-08-27,40.000000,40.173600,40.000000,40.078600
2019-08-28,39.890000,40.220000,39.890000,40.220000
2019-08-29,40.490000,40.700000,40.420000,40.620000
2019-08-30,40.680000,40.681000,40.440000,40.605900
2019-09-03,40.630000,40.650000,40.420000,40.607900
2019-09-04,40.790000,40.800000,40.673900,40.790800
2019-09-05,41.050000,41.130000,40.900000,41.073500
2019-09-06,41.120000,41.180000,41.072300,41.072300
2019-09-09,41.130000,41.130000,40.579500,40.630000
2019-09-10,40.530000,40.530000,39.980000,40.300000
2019-09-11,40.290000,40.409900,40.290000,40.409900
2019-09-12,40.650000,40.766300,40.590000,40.590000
2019-09-13,40.620000,40.690000,40.489800,40.520000
2019-09-16,40.379900,40.420000,40.321000,40.390000
2019-09-17,40.600000,40.668300,40.535200,40.668300
2019-09-18,40.560000,40.670000,40.390000,40.670000
2019-09-19,40.680000,40.841700,40.680000,40.762200
2019-09-20,40.880000,40.880000,40.682500,40.696800
2019-09-23,40.515100,40.690000,40.515100,40.588600
2019-09-24,40.780000,40.780000,40.430000,40.480000
2019-09-25,40.480000,40.586700,40.280000,40.586700
2019-09-26,40.600000,40.810000,40.530000,40.730000
2019-09-27,40.161500,40.300600,40.161500,40.300600
2019-09-30,40.610000,40.651900,40.565000,40.589100
2019-10-01,40.640000,40.640000,40.182200,40.182200
2019-10-02,40.020000,40.020000,39.310000,39.530000
2019-10-03,39.550000,39.872000,39.335900,39.866800
2019-10-04,40.140000,40.513000,40.115000,40.513000
2019-10-07,40.315600,40.500000,40.292500,40.327600
2019-10-08,39.800000,40.117500,39.768800,39.768800
2019-10-09,40.090000,40.289500,40.000000,40.200800
2019-10-10,40.203500,40.379900,40.203500,40.281100
2019-10-11,40.535800,40.600000,40.370600,40.370600
2019-10-14,40.320000,40.437200,40.245000,40.266200
2019-10-15,40.410000,40.420000,40.270000,40.328200
2019-10-16,40.085000,40.292400,40.075000,40.292400
2019-10-17,40.470000,40.470000,40.340200,40.370000
2019-10-18,40.327300,40.359500,40.259600,40.324300
2019-10-21,40.480000,40.480000,40.310000,40.410000
2019-10-22,40.560000,40.560000,39.910000,39.910000
2019-10-23,39.830000,39.949900,39.830000,39.924300
2019-10-24,40.185600,40.260000,40.110100,40.238900
2019-10-25,40.230000,40.230000,40.090000,40.130000
2019-10-28,40.219000,40.219000,40.130000,40.184300
2019-10-29,40.286000,40.420000,40.273000,40.287600
2019-10-30,40.320000,40.580000,40.320000,40.580000
2019-10-31,40.580000,40.610000,40.380000,40.480000
2019-11-01,40.600000,40.600000,40.350000,40.393000
2019-11-04,40.490000,40.630000,39.970000,40.010000
2019-11-05,40.020000,40.020000,39.630000,39.710000
2019-11-06,39.830000,39.975100,39.830000,39.975100
2019-11-07,40.080000,40.095000,39.910000,39.917100
2019-11-08,39.970000,40.070000,39.920000,40.025000
2019-11-11,40.020000,40.052600,39.990100,40.010200
2019-11-12,40.060000,40.280000,40.060000,40.187100
2019-11-13,40.310000,40.613700,40.300000,40.587300
2019-11-14,40.510000,40.629100,40.484600,40.629100
2019-11-15,40.620000,40.744100,40.620000,40.744100
2019-11-18,40.893600,40.936900,40.850000,40.857500
2019-11-19,40.940000,41.089800,40.940000,41.024300
2019-11-20,41.050000,41.165000,40.860000,41.030000
2019-11-21,40.880000,40.880000,40.710000,40.735800
2019-11-22,40.820000,40.820000,40.600000,40.681300
2019-11-25,40.760000,40.901000,40.760000,40.865500
2019-11-26,40.900000,41.268900,40.900000,41.268900
2019-11-27,41.290000,41.390000,41.201700,41.390000
2019-11-29,41.290000,41.290000,41.276600,41.276600
2019-12-02,41.320000,41.320000,40.837500,40.913300
2019-12-03,40.670000,40.868000,40.610000,40.868000
2019-12-04,41.078300,41.078300,40.930000,41.056600
2019-12-05,41.040000,41.067500,40.930000,41.040500
2019-12-06,41.260000,41.320000,41.210000,41.225900
2019-12-09,41.130000,41.280000,41.130000,41.139000
2019-12-10,41.140000,41.169000,41.065000,41.065000
2019-12-11,41.105000,41.140000,40.980000,41.134500
2019-12-12,41.360000,41.360000,41.130000,41.280000
2019-12-13,41.459200,41.506100,41.350000,41.506100
2019-12-16,41.610000,41.721200,41.610000,41.718200
2019-12-17,41.700000,41.700000,41.650000,41.655900
2019-12-18,41.640000,41.670000,41.640000,41.650200
2019-12-19,41.676100,41.880400,41.670000,41.880400
2019-12-20,42.100000,42.210000,42.100000,42.210000
2019-12-23,42.140000,42.140000,41.859100,41.859100
2019-12-24,41.860000,41.920000,41.810000,41.920000
2019-12-26,41.900000,41.980000,41.900000,41.974600
2019-12-27,42.077200,42.120000,42.073000,42.092600
2019-12-30,41.867500,41.867500,41.822500,41.845000
2019-12-31,41.870000,41.910000,41.735300,41.910000
2020-01-02,42.121700,42.149400,41.961700,42.149400
2020-01-03,41.700000,42.116500,41.700000,42.019000
2020-01-06,41.790000,42.050000,41.790000,42.050000
2020-01-07,42.020000,42.020000,41.810000,41.810000
2020-01-08,41.800000,42.200000,41.770000,42.020000
2020-01-09,42.288000,42.470000,42.288000,42.450000
2020-01-10,42.499700,42.530000,42.398600,42.398600
2020-01-13,42.460000,42.707900,42.460000,42.707900
2020-01-14,42.668200,42.720000,42.610000,42.621900
2020-01-15,42.660000,43.070000,42.660000,43.020000
2020-01-16,43.195800,43.355000,43.195800,43.355000
2020-01-17,43.430000,43.626400,43.430000,43.626400
2020-01-21,43.520000,43.740000,43.520000,43.690000
2020-01-22,43.980000,44.023900,43.815000,43.820800
2020-01-23,43.634800,43.823000,43.634800,43.823000
2020-01-24,43.942800,43.950000,43.540100,43.606700
2020-01-27,42.950000,43.360000,42.840500,43.195700
2020-01-28,43.485000,43.584600,43.485000,43.544100
2020-01-29,43.610000,43.790000,43.365000,43.489000
2020-01-30,43.360000,43.907900,43.360000,43.907900
2020-01-31,43.500000,43.500000,43.170000,43.170000
2020-02-03,43.390000,43.833000,41.110000,43.615700
2020-02-04,43.980000,44.340000,43.980000,44.123100
2020-02-05,44.330000,44.335000,44.000000,44.121600
2020-02-06,44.160000,44.356800,44.160000,44.346900
2020-02-07,44.255200,44.325100,44.160000,44.188700
2020-02-10,44.080000,44.611800,44.080000,44.611800
2020-02-11,44.610000,44.878700,44.580000,44.580000
2020-02-12,44.570000,44.729900,44.570000,44.729900
2020-02-13,44.560000,44.985900,44.560000,44.832700
2020-02-14,44.870000,45.112800,44.870000,45.112800
2020-02-18,45.140000,45.189000,45.034400,45.155400
2020-02-19,45.270000,45.315000,45.214700,45.214700
2020-02-20,44.881000,45.029800,44.590000,45.029800
2020-02-21,44.655000,44.700000,44.639700,44.639700
2020-02-24,43.693800,43.840000,43.350000,43.459200
2020-02-25,43.470000,43.712000,42.221700,42.300300
2020-02-26,42.350000,42.880000,42.101200,42.135700
2020-02-27,41.210000,41.760000,40.090000,40.090000
2020-02-28,39.395500,39.590000,38.480000,39.590000
2020-03-02,39.930000,41.780000,39.930000,41.780000
2020-03-03,41.950000,42.430000,40.550000,40.750000
2020-03-04,41.510000,42.590000,41.510000,42.570000
2020-03-05,41.710000,42.000000,41.460000,41.467000
2020-03-06,40.330000,41.040000,39.940000,41.040000
2020-03-09,37.810000,39.780000,37.700100,38.782400
2020-03-10,39.890000,40.174000,38.340100,40.174000
2020-03-11,39.020000,39.102000,37.845000,38.416200
2020-03-12,35.550000,36.476900,34.440000,35.158400
2020-03-13,36.930000,37.560500,35.070000,37.560500
2020-03-16,34.060000,35.607200,31.793500,31.793500
2020-03-17,35.000000,35.860000,33.680000,35.040000
2020-03-18,33.240000,34.356700,32.700800,34.120000
2020-03-19,33.860000,34.690000,33.456300,34.052300
2020-03-20,34.440000,34.440000,32.271000,32.344100
2020-03-23,32.240000,32.240000,30.330000,31.056800
2020-03-24,32.520000,33.950000,32.520000,33.950000
2020-03-25,34.200000,35.500000,33.736000,34.419000
2020-03-26,34.750000,36.480900,34.750000,36.480900
2020-03-27,35.450000,35.795000,35.330000,35.590000
2020-03-30,36.090000,36.988300,35.990000,36.988300
2020-03-31,37.380000,37.380000,35.910000,36.015200
2020-04-01,34.500000,35.243000,34.330000,34.542800
2020-04-02,34.800000,35.546300,33.590000,35.546300
2020-04-03,35.560200,35.586000,34.760000,35.085700
2020-04-06,36.500000,37.530000,36.322400,37.530000
2020-04-07,38.580000,38.580000,37.130000,37.130000
2020-04-08,37.504600,38.424400,37.480000,38.424400
2020-04-09,39.115000,39.290000,38.990500,39.125300
2020-04-13,38.570000,38.570000,38.030100,38.451700
2020-04-14,39.330000,39.770000,39.330000,39.770000
2020-04-15,39.000000,39.015000,38.852100,38.863600
2020-04-16,38.791000,39.300000,38.791000,39.300000
2020-04-17,40.320000,40.320000,39.669800,40.274800
2020-04-20,39.720000,40.010000,39.449900,39.449900
2020-04-21,38.620000,38.689900,38.091000,38.320400
2020-04-22,39.041000,39.402200,39.040100,39.402200
2020-04-23,39.391600,39.391600,39.000600,39.000600
2020-04-24,39.100000,39.320000,38.950000,39.320000
2020-04-27,39.720000,39.874000,39.510000,39.874000
2020-04-28,40.320000,40.320000,39.504500,39.504500
2020-04-29,40.029600,40.470000,40.029600,40.311300
2020-04-30,40.081000,40.081000,39.760100,40.016400
2020-05-01,39.496000,39.590000,39.163600,39.163600
2020-05-04,38.960000,39.570900,38.960000,39.570900
2020-05-05,40.070000,40.466000,40.070000,40.144000
2020-05-06,40.460000,40.460000,39.939300,39.939300
2020-05-07,40.400000,40.515700,40.220000,40.290000
2020-05-08,40.450000,40.903900,40.450000,40.903900
2020-05-11,40.860000,41.270000,40.860000,41.162900
2020-05-12,41.065000,41.142200,40.357600,40.357600
2020-05-13,40.210000,40.306300,39.465000,39.862700
2020-05-14,39.670000,40.207700,39.200100,40.207700
2020-05-15,39.820000,40.460000,39.820000,40.460000
2020-05-18,41.710000,41.750700,41.399500,41.600000
2020-05-19,42.240000,42.240000,41.304400,41.304400
2020-05-20,41.787000,41.834700,41.590000,41.704000
2020-05-21,41.700000,41.700000,41.260000,41.260000
2020-05-22,41.240000,41.530000,41.231000,41.519100
2020-05-26,42.350000,42.350000,41.550000,41.640000
2020-05-27,41.410000,41.951000,41.190000,41.951000
2020-05-28,42.060000,42.720000,42.060000,42.322600
2020-05-29,42.400000,42.736300,42.200000,42.736300
2020-06-01,42.730000,42.939900,42.670000,42.800000
2020-06-02,43.080000,43.090000,42.710000,43.090000
2020-06-03,43.200000,43.439900,43.200000,43.387000
2020-06-04,43.140000,43.300000,42.750000,42.822000
2020-06-05,43.773900,43.840000,43.733900,43.733900
2020-06-08,43.880000,44.080000,43.540000,44.080000
2020-06-09,43.820000,44.190000,43.771000,44.070000
2020-06-10,44.245000,44.610000,44.210000,44.501400
2020-06-11,43.540000,43.540000,42.120000,42.126100
2020-06-12,43.030000,43.030000,42.090000,42.620800
2020-06-15,41.500000,43.050000,41.500000,42.852100
2020-06-16,44.020000,44.020000,43.505700,43.505700
2020-06-17,43.842000,43.970000,43.619900,43.669800
2020-06-18,43.557000,43.685600,43.480000,43.685600
2020-06-19,44.370000,44.370000,43.440000,43.522600
2020-06-22,43.560000,43.730700,43.469200,43.730700
2020-06-23,44.070000,44.210000,43.860000,43.860000
2020-06-24,43.770000,43.770000,42.640000,42.894600
2020-06-25,42.910000,43.262600,42.590000,43.262600
2020-06-26,43.300000,43.300000,42.390000,42.390000
2020-06-29,42.370000,42.930000,42.220000,42.930000
2020-06-30,43.410000,43.670000,43.210000,43.670000
2020-07-01,43.735000,44.065000,43.735000,43.911100
2020-07-02,44.440000,44.440000,44.010100,44.010100
2020-07-06,44.720000,44.730000,44.443500,44.603400
2020-07-07,44.805000,44.830000,44.401600,44.401600
2020-07-08,44.780000,44.887000,44.455500,44.887000
2020-07-09,45.070000,45.070000,44.422000,44.838000
2020-07-10,44.733600,45.074900,44.733600,45.074900
2020-07-13,45.410000,45.610900,44.408700,44.408700
2020-07-14,44.210000,45.121900,44.210000,45.121900
2020-07-15,45.420000,45.545000,45.100000,45.259900
2020-07-16,45.130000,45.130000,44.900000,45.069100
2020-07-17,45.250000,45.520000,45.101000,45.454800
2020-07-20,45.752100,46.078300,45.752100,46.078300
2020-07-21,46.174400,46.174400,45.849400,45.849400
2020-07-22,46.090000,46.408700,46.090000,46.408700
2020-07-23,46.280000,46.497500,45.590000,45.677100
2020-07-24,45.460000,45.770000,45.360000,45.630000
2020-07-27,45.865000,46.049000,45.865000,46.022000
2020-07-28,46.070000,46.122000,45.786300,45.786300
2020-07-29,46.328900,46.450000,46.281000,46.377000
2020-07-30,46.410000,46.500700,46.390000,46.500700
2020-07-31,46.980000,47.020000,46.290000,47.017000
2020-08-03,47.530000,47.690000,47.475000,47.621700
2020-08-04,47.755000,47.871400,47.620000,47.871400
2020-08-05,48.037500,48.049900,47.957900,47.994100
2020-08-06,47.989900,48.403400,47.986000,48.403400
2020-08-07,47.919900,48.250000,47.919900,48.180900
2020-08-10,48.096100,48.096100,48.000000,48.019000
2020-08-11,47.830000,47.967000,47.325800,47.325800
2020-08-12,47.660000,48.479900,47.660000,48.338800
2020-08-13,48.505000,48.669900,48.340000,48.468300
2020-08-14,48.490000,48.530000,48.336200,48.375500
2020-08-17,48.610000,48.927100,48.610000,48.880000
2020-08-18,48.700000,48.979900,48.700000,48.920000
2020-08-19,49.000000,49.069900,48.765000,48.765000
2020-08-20,48.780000,49.200000,48.779900,49.200000
2020-08-21,49.316100,49.605500,49.292900,49.605500
2020-08-24,50.280000,50.280000,49.570000,49.788000
2020-08-25,49.780000,49.969100,49.695000,49.969100
2020-08-26,50.050000,50.487700,50.050000,50.487700
2020-08-27,50.703300,50.703300,50.389700,50.463100
2020-08-28,50.530000,50.920000,50.530000,50.899000
2020-08-31,51.000000,51.190000,50.949900,51.010000
2020-09-01,51.080000,51.429500,51.080000,51.429500
2020-09-02,51.950000,52.302000,51.704300,52.302000
2020-09-03,51.669000,51.669000,49.805000,49.983400
2020-09-04,49.800000,49.800000,48.090000,49.220000
2020-09-08,48.140000,48.577000,47.826600,47.826600
2020-09-09,48.360000,49.450000,48.360000,49.248800
2020-09-10,49.530000,49.530000,48.225000,48.320000
2020-09-11,48.320000,48.320000,47.720000,48.115800
2020-09-14,48.740000,49.075000,48.740000,49.027100
2020-09-15,49.615000,49.660000,49.259100,49.461700
2020-09-16,49.415100,49.490800,48.934500,48.934500
2020-09-17,48.120000,48.759000,48.113700,48.520000
2020-09-18,48.280000,48.280000,47.708200,47.909900
2020-09-21,46.880000,47.653800,46.880000,47.653800
2020-09-22,48.372500,48.813800,48.360000,48.813800
2020-09-23,48.610000,48.610000,47.463600,47.463600
2020-09-24,47.660000,48.090000,47.500000,47.709000
2020-09-25,47.690000,48.780000,47.520000,48.744700
2020-09-28,49.210000,49.460000,49.120000,49.432200
2020-09-29,49.556400,49.780000,49.452600,49.523100
2020-09-30,49.560000,50.227700,49.522400,49.980000
2020-10-01,50.478900,50.520000,50.240000,50.500000
2020-10-02,49.905200,50.073100,49.310000,49.310000
2020-10-05,50.046900,50.445000,50.046900,50.445000
2020-10-06,51.000000,51.000000,49.610900,49.610900
2020-10-07,50.460000,50.550000,50.135000,50.525600
2020-10-08,50.610000,50.650000,50.430000,50.600400
2020-10-09,50.730000,51.190000,50.730000,51.166300
2020-10-12,51.860000,52.710000,51.690000,52.412200
2020-10-13,52.250000,52.631400,52.230000,52.451700
2020-10-14,52.455000,52.455000,51.689900,51.944700
2020-10-15,51.210000,51.490000,51.195000,51.490000
2020-10-16,52.029000,52.029000,51.410000,51.410000
2020-10-19,51.875000,51.875000,50.514400,50.514400
2020-10-20,50.920000,51.289900,50.690000,50.810600
2020-10-21,50.890000,51.162100,50.594000,50.679800
2020-10-22,50.495900,50.495900,49.944900,50.334200
2020-10-23,50.458700,50.650000,50.321000,50.631500
2020-10-26,50.250000,50.659900,49.580000,49.935800
2020-10-27,50.052700,50.429900,50.052700,50.200000
2020-10-28,49.441600,49.448800,48.558000,48.558000
2020-10-29,48.930000,49.580000,48.930000,49.355500
2020-10-30,48.740000,48.740000,47.540000,47.839300
2020-11-02,48.560000,48.819900,47.960000,48.255300
2020-11-03,48.710000,49.366600,48.490000,49.170100
2020-11-04,50.370000,51.520000,50.370000,51.120000
2020-11-05,52.380000,52.830000,52.040000,52.399200
2020-11-06,52.380000,52.750000,52.100000,52.581500
2020-11-09,53.790000,53.790000,50.610000,51.100000
2020-11-10,50.360400,50.360400,49.707000,49.771200
2020-11-11,50.710000,50.989000,50.597800,50.957200
2020-11-12,51.170000,51.268000,50.628800,50.657000
2020-11-13,50.949700,51.025900,50.700000,51.025900
2020-11-16,50.980000,51.270000,50.970000,51.098300
2020-11-17,51.090000,51.140900,50.909900,50.937700
2020-11-18,50.930000,50.930000,50.362500,50.362500
2020-11-19,50.270000,50.610000,50.270000,50.585600
2020-11-20,50.600000,50.730000,50.390000,50.430000
2020-11-23,50.610000,50.610000,49.890000,50.250000
2020-11-24,50.091400,50.451100,50.068900,50.409600
2020-11-25,50.638900,50.830000,50.600000,50.784800
2020-11-27,51.244000,51.244000,51.090000,51.120300
2020-11-30,51.260000,51.520000,50.840000,51.520000
2020-12-01,51.890000,52.040000,51.700000,51.996400
2020-12-02,52.280000,52.280000,51.620900,51.810000
2020-12-03,51.730000,51.968500,51.479300,51.479300
2020-12-04,51.530000,51.751000,51.530000,51.751000
2020-12-07,51.910000,52.090000,51.870000,51.969200
2020-12-08,51.880000,52.150000,51.860100,52.055000
2020-12-09,51.900000,51.929900,51.092900,51.270000
2020-12-10,51.415000,51.435000,51.330100,51.375200
2020-12-11,51.115000,51.231000,50.920000,51.231000
2020-12-14,51.890100,51.890100,51.563800,51.649100
2020-12-15,51.865000,52.072400,51.700000,52.072400
2020-12-16,52.194700,52.575000,52.194700,52.466100
2020-12-17,53.310000,53.310000,52.690000,52.819400
2020-12-18,52.900000,52.900000,52.413400,52.782600
2020-12-21,52.230000,52.557600,51.638100,52.447800
2020-12-22,52.540000,52.650000,52.350000,52.631400
2020-12-23,53.000000,53.000000,52.348500,52.348500
2020-12-24,52.320000,52.424700,52.286200,52.424700
2020-12-28,52.800000,52.893000,52.664500,52.880800
2020-12-29,53.730000,53.730000,52.758600,52.828300
2020-12-30,52.970000,52.970000,52.710000,52.743900
2020-12-31,52.700000,52.910000,52.563000,52.910000
2021-01-04,53.040000,53.040000,51.765000,52.181900
2021-01-05,51.930000,52.620000,51.930000,52.601000
2021-01-06,52.590000,52.590000,51.810000,51.820000
2021-01-07,52.445000,53.010000,52.445000,52.840000
2021-01-08,53.230000,53.420000,52.800000,53.330000
2021-01-11,53.100000,53.400000,52.978400,52.978400
2021-01-12,53.170000,53.170000,52.575000,52.702100
2021-01-13,52.713100,53.150000,52.660000,52.995400
2021-01-14,53.220000,53.220000,52.580000,52.590000
2021-01-15,52.300000,52.625000,52.300000,52.408800
2021-01-19,52.410000,53.051200,52.410000,53.051200
2021-01-20,53.510000,54.282200,53.510000,54.247200
2021-01-21,54.580000,54.639000,54.300000,54.634700
2021-01-22,54.731000,54.810000,54.670000,54.706000
2021-01-25,55.172300,55.172300,54.610000,55.033900
2021-01-26,54.970000,55.188500,54.970000,54.997600
2021-01-27,53.970000,54.330000,52.962900,53.377700
2021-01-28,54.170000,54.420000,53.600000,53.600000
2021-01-29,53.345200,53.570100,52.660000,53.004900
2021-02-01,53.350000,53.940000,52.965000,53.760000
2021-02-02,54.130000,54.679900,54.130000,54.477300
2021-02-03,54.850000,54.850000,54.150000,54.150000
2021-02-04,54.450000,54.660000,54.190600,54.660000
2021-02-05,54.690000,54.750000,54.510000,54.666100
2021-02-08,55.080000,55.130000,54.850000,55.066400
2021-02-09,55.194300,55.340000,55.048400,55.048400
2021-02-10,55.280000,55.359900,54.785700,55.089400
2021-02-11,55.258000,55.479700,55.148900,55.357800
2021-02-12,55.870000,55.870000,55.329800,55.696600
2021-02-16,56.370000,56.370000,55.438900,55.487000
2021-02-17,55.150000,55.309500,54.908900,55.309500
2021-02-18,54.733000,55.030000,54.610000,55.008300
2021-02-19,54.905700,54.945700,54.493800,54.493800
2021-02-22,54.000000,54.000000,53.377400,53.377400
2021-02-23,52.930000,53.190600,52.000000,53.138800
2021-02-24,53.190000,53.295700,52.564500,53.293000
2021-02-25,53.205000,53.205000,51.670100,51.765000
2021-02-26,52.250300,52.359100,51.620000,52.241000
2021-03-01,52.570000,53.630000,52.570000,53.630000
2021-03-02,52.930000,53.150000,52.510000,52.570000
2021-03-03,52.450000,52.450000,51.075000,51.075000
2021-03-04,51.070000,51.318800,49.815000,49.990700
2021-03-05,50.430000,50.900000,49.270000,50.864000
2021-03-08,51.030000,51.030000,49.752000,49.752000
2021-03-09,50.995000,51.575700,50.995000,51.333600
2021-03-10,51.640000,51.868600,51.263300,51.263300
2021-03-11,51.890000,52.450000,51.890000,52.286900
2021-03-12,51.800000,52.042800,51.491400,52.004400
2021-03-15,51.810000,52.473600,51.810000,52.473600
2021-03-16,53.158200,53.213200,52.790000,52.807000
2021-03-17,52.085000,52.701100,52.085000,52.701100
2021-03-18,51.940000,52.198000,51.535300,51.535300
2021-03-19,51.683100,52.049900,51.683100,51.975400
2021-03-22,52.380000,53.080000,52.380000,52.769600
2021-03-23,53.220000,53.220000,52.319600,52.322200
2021-03-24,52.780000,52.780000,51.433500,51.433500
2021-03-25,51.123700,51.387700,50.694000,51.387700
2021-03-26,51.666800,52.174900,51.524600,52.174900
2021-03-29,51.960000,52.211700,51.926800,52.071000
2021-03-30,51.580000,51.990000,51.580000,51.915700
2021-03-31,52.620000,53.220000,52.620000,53.026000
2021-04-01,53.430000,53.861200,53.430000,53.725800
2021-04-05,54.180000,54.820000,54.180000,54.769200
2021-04-06,54.925000,55.039900,54.643100,54.643100
2021-04-07,54.870000,54.878800,54.492000,54.672700
2021-04-08,55.288100,55.338200,55.210700,55.276700
2021-04-09,55.510000,55.830000,55.315000,55.830000
2021-04-12,55.860000,56.060000,55.695300,56.019300
2021-04-13,56.559300,56.952500,56.545000,56.943300
2021-04-14,57.150000,57.610000,56.104400,56.104400
2021-04-15,56.665900,57.116700,56.665900,57.116700
2021-04-16,57.490000,57.490000,56.840000,57.128900
2021-04-19,56.590000,56.810000,56.200000,56.410800
2021-04-20,56.680000,56.700000,55.751000,55.961300
2021-04-21,56.050000,56.553300,55.963700,56.551900
2021-04-22,56.530000,56.600000,55.837600,55.837600
2021-04-23,56.430500,56.744900,56.430500,56.664600
2021-04-26,56.990000,57.120000,56.825000,57.091600
2021-04-27,56.830000,56.950000,56.780000,56.887200
2021-04-28,56.470000,56.690000,56.440000,56.459700
2021-04-29,56.710000,56.710000,55.750000,56.198400
2021-04-30,55.830000,56.230000,55.830000,55.870000
2021-05-03,56.020000,56.220000,55.560000,55.580000
2021-05-04,55.000000,55.000000,54.190000,54.680000
2021-05-05,55.050000,55.180000,54.750400,54.750400
2021-05-06,55.000000,55.140000,54.390000,55.136800
2021-05-07,55.370000,55.907800,55.370000,55.600000
2021-05-10,55.090000,55.090000,54.298600,54.298600
2021-05-11,53.680000,54.280000,53.225000,54.250000
2021-05-12,53.760000,53.760000,52.515000,52.559500
2021-05-13,52.930000,53.410000,52.759200,52.980100
2021-05-14,53.463200,54.049900,53.462500,54.049900
2021-05-17,53.600000,53.830000,53.293900,53.668900
2021-05-18,53.830000,53.968900,53.380300,53.380300
2021-05-19,52.657500,53.330000,52.628800,53.330000
2021-05-20,53.900000,54.360000,53.900000,54.249200
2021-05-21,54.580000,54.580000,54.065000,54.065100
2021-05-24,54.688600,55.170000,54.688600,54.951800
2021-05-25,55.070000,55.140000,54.860000,54.967500
2021-05-26,55.110000,55.279900,55.077900,55.156400
2021-05-27,55.260000,55.378900,55.250000,55.330000
2021-05-28,55.595000,55.650000,55.430000,55.430000
2021-06-01,55.196500,55.196500,55.000100,55.055000
2021-06-02,55.170000,55.300000,54.929600,55.047200
2021-06-03,54.660000,54.940000,54.490000,54.562800
2021-06-04,54.740000,55.460000,54.740000,55.340000
2021-06-07,55.660000,55.660000,55.190000,55.514200
2021-06-08,55.690000,55.845000,55.265300,55.480000
2021-06-09,55.605000,55.626800,55.402000,55.445700
2021-06-10,55.990000,56.070000,55.730000,55.987200
2021-06-11,56.160000,56.190000,55.982500,56.160500
2021-06-14,56.198000,56.660000,56.198000,56.660000
2021-06-15,56.360000,56.486600,56.199300,56.199300
2021-06-16,56.420000,56.440000,55.760000,56.190000
2021-06-17,56.598000,57.000000,56.598000,56.933300
2021-06-18,56.750000,56.820000,56.610000,56.620000
2021-06-21,56.371500,56.904200,56.371500,56.879200
2021-06-22,56.950000,57.560000,56.950000,57.491100
2021-06-23,57.740000,57.872000,57.740000,57.798900
2021-06-24,58.360000,58.560000,58.292100,58.292100
2021-06-25,58.340000,58.420000,58.192600,58.230000
2021-06-28,58.320000,59.046600,58.320000,59.036600
2021-06-29,59.255700,59.333800,59.215900,59.333800
2021-06-30,59.060000,59.379900,59.060000,59.338600
2021-07-01,59.360000,59.434000,59.023000,59.283400
2021-07-02,59.660000,59.980000,59.660000,59.980000
2021-07-06,60.000000,60.191000,59.695000,60.172600
2021-07-07,60.490000,60.490000,60.071600,60.340000
2021-07-08,59.300000,60.000000,58.710000,59.847900
2021-07-09,59.900000,60.395400,59.801000,60.395400
2021-07-12,60.620000,60.789900,60.620000,60.770000
2021-07-13,60.930000,61.079900,60.542400,60.542400
2021-07-14,60.783000,60.945000,60.447500,60.447500
2021-07-15,60.360000,60.360000,59.760000,59.946900
2021-07-16,59.990000,59.990000,59.305000,59.328700
2021-07-19,58.510000,58.985000,58.460000,58.960200
2021-07-20,59.170000,59.950000,59.080000,59.840000
2021-07-21,59.824100,60.168300,59.824100,60.168300
2021-07-22,60.320000,60.584800,60.320000,60.584800
2021-07-23,60.818700,61.200000,60.740000,61.200000
2021-07-26,61.068900,61.240000,61.010000,61.133000
2021-07-27,60.850000,60.860000,59.701200,60.480000
2021-07-28,60.500000,60.807500,60.285000,60.683800
2021-07-29,60.880000,61.215000,60.851400,61.139000
2021-07-30,60.400000,60.819900,60.400000,60.660700
2021-08-02,61.031200,61.300000,60.742700,60.840000
2021-08-03,61.130000,61.400000,60.660000,61.400000
2021-08-04,61.550000,61.630000,61.280000,61.350000
2021-08-05,61.770000,61.770000,61.600000,61.736000
2021-08-06,61.710000,61.710000,61.390000,61.400000
2021-08-09,61.570000,61.653600,61.440100,61.448300
2021-08-10,61.520000,61.540000,61.080000,61.176500
2021-08-11,61.500000,61.500000,60.880000,61.162300
2021-08-12,61.085000,61.520000,61.054600,61.473500
2021-08-13,61.660000,61.710000,61.570000,61.710000
2021-08-16,61.660000,61.760000,61.020000,61.760000
2021-08-17,61.050000,61.200000,60.520000,60.910000
2021-08-18,60.810000,61.265100,60.340000,60.340000
2021-08-19,60.000000,60.889000,60.000000,60.717500
2021-08-20,60.860000,61.490000,60.860000,61.459000
2021-08-23,62.224000,62.400100,62.224000,62.250000
2021-08-24,62.337200,62.434600,62.270000,62.320000
2021-08-25,62.485000,62.537000,62.440000,62.537000
2021-08-26,62.453700,62.497100,62.090000,62.100000
2021-08-27,62.283200,62.860000,62.283200,62.773700
2021-08-30,63.314100,63.650000,63.314100,63.592400
2021-08-31,63.790000,63.790000,63.236500,63.446800
2021-09-01,63.630000,63.760000,63.380000,63.380000
2021-09-02,63.720000,63.801900,63.458200,63.540000
2021-09-03,63.861000,63.930000,63.779900,63.858300
2021-09-07,63.990000,63.990000,63.655000,63.869400
2021-09-08,63.678000,63.678000,63.340000,63.594900
2021-09-09,63.776200,63.779000,63.193200,63.193200
2021-09-10,63.680000,63.680000,62.810000,62.855300
2021-09-13,62.860000,62.860000,62.286000,62.595000
2021-09-14,62.920000,62.939700,62.476300,62.509000
2021-09-15,62.450000,63.050000,62.420000,63.050000
2021-09-16,62.660000,63.057900,62.506300,63.057900
2021-09-17,62.665000,62.740500,62.480000,62.541000
2021-09-20,61.077300,61.340700,60.560000,61.250000
2021-09-21,61.460000,61.477000,61.040000,61.342300
2021-09-22,61.820000,62.400000,61.820000,62.154200
2021-09-23,63.180400,63.572200,63.180400,63.287400
2021-09-24,63.054600,63.265900,63.050000,63.060000
2021-09-27,63.248500,63.248500,63.004500,63.004500
2021-09-28,62.000000,62.000000,61.500000,61.527300
2021-09-29,61.575300,61.824600,61.200000,61.200000
2021-09-30,61.465000,61.465000,60.408300,60.408300
2021-10-01,60.290000,61.220000,59.883700,61.069000
2021-10-04,60.870000,60.870000,60.010700,60.239600
2021-10-05,61.095800,61.388100,61.095800,61.120300
2021-10-06,60.257800,60.950300,60.257800,60.950300
2021-10-07,61.390000,62.194600,61.390000,61.696200
2021-10-08,61.877300,61.877300,61.600000,61.648900
2021-10-11,61.935000,62.103800,61.200600,61.200600
2021-10-12,60.963500,61.253400,60.963500,61.088500
2021-10-13,60.861100,61.340100,60.861100,61.340100
2021-10-14,62.150000,62.465000,62.150000,62.443900
2021-10-15,63.048600,63.082200,62.925000,62.975900
2021-10-18,63.140000,63.446100,63.140000,63.410000
2021-10-19,63.610000,63.750000,63.557300,63.659400
2021-10-20,63.560000,63.976300,63.560000,63.770000
2021-10-21,63.870000,63.958400,63.687100,63.958400
2021-10-22,64.000000,64.000000,63.753600,63.927700
2021-10-25,63.830000,64.270000,63.830000,64.203400
2021-10-26,64.670000,64.670000,64.150000,64.213000
2021-10-27,64.320000,64.510000,64.000000,64.000000
2021-10-28,64.470000,64.634600,64.360000,64.634600
2021-10-29,64.550000,64.860000,64.550000,64.860000
2021-11-01,64.810000,64.810000,64.603000,64.603000
2021-11-02,64.900000,65.127800,64.710000,65.127800
2021-11-03,65.180000,65.291300,64.700000,65.278700
2021-11-04,65.060000,65.298600,64.930600,65.094400
2021-11-05,65.455800,65.480000,64.930000,65.155300
2021-11-08,65.520000,65.585400,65.400100,65.450100
2021-11-09,65.604000,65.604000,65.180000,65.350500
2021-11-10,65.050000,65.169900,64.415000,64.623800
2021-11-11,64.938300,65.015100,64.760000,64.809900
2021-11-12,65.100000,65.505000,65.100000,65.505000
2021-11-15,65.464800,65.538200,65.374900,65.374900
2021-11-16,65.470000,65.830700,65.445000,65.588100
2021-11-17,65.087800,65.241900,65.087800,65.239100
2021-11-18,65.174000,65.430000,64.960000,65.286300
2021-11-19,65.250000,65.250000,65.070000,65.075400
2021-11-22,65.720000,65.720000,65.182400,65.182400
2021-11-23,64.930000,65.305100,64.879400,65.305100
2021-11-24,64.962900,65.367100,64.962900,65.350900
2021-11-26,64.230000,64.230000,63.733300,63.895300
2021-11-29,64.950000,64.992000,64.340000,64.780000
2021-11-30,64.230000,64.230000,62.972100,62.972100
2021-12-01,63.825000,64.311300,62.110000,62.110000
2021-12-02,62.370000,63.765200,62.370000,63.481300
2021-12-03,63.680000,63.680000,62.450000,62.919800
2021-12-06,63.220000,63.781700,63.190000,63.410000
2021-12-07,64.300000,65.120000,64.300000,64.879200
2021-12-08,64.800000,64.948200,64.560000,64.948200
2021-12-09,64.620000,64.909900,64.527700,64.527700
2021-12-10,64.708900,64.946400,64.690000,64.946400
2021-12-13,64.350000,64.350000,64.060000,64.144100
2021-12-14,63.430000,63.880000,63.270000,63.692000
2021-12-15,63.800000,64.404600,63.240000,64.404600
2021-12-16,64.740500,65.080000,64.235000,64.235000
2021-12-17,63.522800,63.782800,62.870000,63.175500
2021-12-20,61.700000,61.912300,61.260000,61.912300
2021-12-21,62.580000,63.157100,62.491200,63.157100
2021-12-22,63.240000,63.675000,63.240000,63.675000
2021-12-23,64.070000,64.256900,64.070000,64.167800
2021-12-27,64.300000,64.815100,64.300000,64.815100
2021-12-28,64.960000,64.990000,64.628100,64.628100
2021-12-29,64.747200,64.910000,64.660000,64.839200
2021-12-30,64.890000,64.952800,64.657800,64.657800
2021-12-31,64.640000,64.799900,64.483100,64.520000
2022-01-03,64.600000,64.600000,64.385000,64.517000
2022-01-04,65.030000,65.620900,65.030000,65.524200
2022-01-05,65.530000,65.530000,63.922700,63.922700
2022-01-06,64.080000,64.356400,64.000000,64.160000
2022-01-07,64.370000,64.370000,63.850000,64.056000
2022-01-10,63.430000,63.833000,62.870000,63.833000
2022-01-11,63.930000,64.370500,63.490500,64.370500
2022-01-12,65.106300,65.106300,64.460000,64.708700
2022-01-13,65.100000,65.122700,63.966600,63.966600
2022-01-14,63.350000,63.772400,63.058100,63.772400
2022-01-18,62.840000,62.840000,62.115000,62.148200
2022-01-19,62.530000,62.530000,61.275800,61.275800
2022-01-20,61.610000,62.245000,60.430000,60.430000
2022-01-21,60.030000,60.580200,59.260000,59.316900
2022-01-24,57.930000,59.520100,57.205100,59.520100
2022-01-25,57.940000,59.370000,57.940000,58.839500
2022-01-26,59.550000,60.080000,58.540000,58.540000
2022-01-27,59.666300,59.738400,58.187400,58.341700
2022-01-28,58.590000,59.290000,58.186600,59.288400
2022-01-31,59.720000,60.412700,59.560000,60.412700
2022-02-01,60.570000,61.160000,60.270000,61.160000
2022-02-02,62.030000,62.397300,62.030000,62.395900
2022-02-03,61.753900,62.105000,60.940000,60.940000
2022-02-04,61.200000,61.270500,60.396900,61.162000
2022-02-07,61.270000,61.355000,60.740000,60.761400
2022-02-08,60.860000,61.516100,60.680000,61.516100
2022-02-09,62.150000,62.667400,62.150000,62.632500
2022-02-10,61.970000,62.740000,61.440000,61.701800
2022-02-11,61.455200,61.800500,60.045000,60.402000
2022-02-14,60.200000,60.248400,59.630000,59.918700
2022-02-15,60.570000,60.880800,60.570000,60.837800
2022-02-16,60.600000,61.185700,60.490000,61.153900
2022-02-17,60.195000,60.195000,59.337300,59.337300
2022-02-18,59.182500,59.640000,58.710000,58.823800
2022-02-22,58.683100,58.845000,57.850000,58.108600
2022-02-23,59.040000,59.040000,57.009200,57.009200
2022-02-24,55.460000,58.067400,55.460000,57.985300
2022-02-25,58.310000,59.441800,58.016100,59.441800
2022-02-28,58.780000,59.406600,58.590000,59.181000
2022-03-01,59.340000,59.340000,57.665600,57.873700
2022-03-02,58.450000,59.380000,58.450000,59.160000
2022-03-03,59.670000,59.670000,58.640000,58.880000
2022-03-04,58.050000,58.050000,57.350000,57.818600
2022-03-07,57.600000,57.600000,55.430000,55.433700
2022-03-08,55.560000,56.910000,55.250000,55.464600
2022-03-09,56.860000,57.832500,56.860000,57.487500
2022-03-10,56.710000,57.328200,56.647700,57.328200
2022-03-11,57.405000,57.580000,56.649100,56.649100
2022-03-14,56.985000,56.985000,56.036000,56.122900
2022-03-15,56.390100,57.124900,56.390100,57.073900
2022-03-16,58.230100,58.940000,57.743700,58.780000
2022-03-17,59.077000,59.506800,58.730000,59.506800
2022-03-18,59.592500,60.295200,59.513100,60.295200
2022-03-21,60.160000,60.690000,60.160000,60.541800
2022-03-22,60.780000,61.116000,60.780000,60.979100
2022-03-23,60.970000,60.970000,60.400000,60.400000
2022-03-24,60.750100,61.331100,60.750100,61.331100
2022-03-25,61.430000,61.814300,61.430000,61.814300
2022-03-28,61.420000,61.765800,61.272300,61.765800
2022-03-29,62.200000,62.200000,61.800000,62.176200
2022-03-30,62.110000,62.110000,61.790100,61.890000
2022-03-31,61.920000,61.950700,61.144400,61.144400
2022-04-01,61.210900,61.221300,60.860000,61.221300
2022-04-04,61.150000,61.400000,61.040000,61.270000
2022-04-05,61.321500,61.355000,60.700000,60.700000
2022-04-06,60.450000,60.856100,60.350000,60.760000
2022-04-07,60.680000,61.221300,60.530000,61.170000
2022-04-08,61.230000,61.580000,61.115000,61.342300
2022-04-11,60.715200,60.715200,60.120000,60.120000
2022-04-12,60.700000,60.830000,59.848200,60.020000
2022-04-13,59.980000,60.580000,59.925000,60.540000
2022-04-14,60.350000,60.540000,60.002900,60.002900
2022-04-18,60.130000,60.298600,59.800000,60.010000
2022-04-19,60.470000,60.730000,60.380100,60.640000
2022-04-20,61.040000,61.192500,60.850000,60.920000
2022-04-21,61.200000,61.250000,59.810000,59.861200
2022-04-22,59.480000,59.520000,57.940000,57.940000
2022-04-25,57.600000,58.200000,56.800100,58.090000
2022-04-26,57.950000,58.010000,57.146500,57.146500
2022-04-27,56.810000,57.470000,56.630800,56.890000
2022-04-28,57.430000,58.370700,56.990000,58.060000
2022-04-29,57.760000,57.760000,55.930000,55.930000
2022-05-02,55.930000,56.380000,55.072500,56.139400
2022-05-03,56.320000,56.970000,56.220000,56.570000
2022-05-04,56.790000,58.327000,56.550000,58.250000
2022-05-05,57.650000,57.840000,56.134400,56.620000
2022-05-06,56.330000,56.895600,55.960000,56.668100
2022-05-09,55.720000,55.720000,54.467800,54.697100
2022-05-10,55.450000,55.594900,54.400400,54.730000
2022-05-11,54.860000,55.887500,54.485000,54.485000
2022-05-12,54.100000,54.489900,53.420000,54.219700
2022-05-13,55.080000,55.680000,55.060000,55.485000
2022-05-16,55.360000,56.066800,55.360000,55.530000
2022-05-17,56.165400,56.425500,55.931700,56.370000
2022-05-18,56.040000,56.040000,54.021200,54.080000
2022-05-19,53.530000,54.382200,53.495600,53.843600
2022-05-20,54.300000,54.303600,52.650000,53.740000
2022-05-23,55.039800,55.070000,54.650000,54.886000
2022-05-24,54.295000,54.625000,53.940000,54.624900
2022-05-25,54.603600,55.435000,54.603600,55.170000
2022-05-26,55.980000,56.440000,55.980000,56.205500
2022-05-27,56.759100,57.400000,56.690600,57.400000
2022-05-31,57.210000,57.556300,56.800000,56.800000
2022-06-01,57.270000,57.280000,56.200000,56.630000
2022-06-02,56.490000,57.360000,56.324400,57.360000
2022-06-03,56.990000,57.083300,56.737000,56.874600
2022-06-06,57.520000,57.600700,56.890000,57.029400
2022-06-07,56.790000,57.790000,56.790000,57.680000
2022-06-08,57.630000,57.745000,57.138100,57.220000
2022-06-09,57.030000,57.160000,56.000000,56.000000
2022-06-10,55.110000,55.110000,54.560000,54.560000
2022-06-13,53.170000,53.322000,52.434100,52.630000
2022-06-14,52.600000,53.030000,52.030000,52.230000
2022-06-15,52.900000,53.024200,52.222100,52.691800
2022-06-16,51.250000,51.430000,50.671000,51.140000
2022-06-17,51.280000,51.280000,50.260000,50.560000
2022-06-21,51.200000,52.220000,51.200000,52.010000
2022-06-22,51.390000,52.300000,51.390000,51.880000
2022-06-23,51.936700,52.050000,51.170000,51.800000
2022-06-24,52.390000,53.290000,52.390000,53.260000
2022-06-27,53.340000,53.615400,53.250000,53.380000
2022-06-28,53.950000,54.030000,52.730100,52.770000
2022-06-29,52.870000,52.894400,52.360200,52.473300
2022-06-30,51.940000,52.310000,51.615000,51.910000
2022-07-01,52.130000,52.490000,51.580000,52.380000
2022-07-05,51.440000,52.087400,50.910000,52.050000
2022-07-06,52.000000,52.427800,51.660100,52.130000
2022-07-07,52.430000,53.230000,52.430000,53.010000
2022-07-08,53.000000,53.320000,52.910000,53.050000
2022-07-11,52.780000,52.827000,52.490000,52.490000
2022-07-12,52.391600,52.593900,51.960000,52.010000
2022-07-13,51.688400,51.984900,51.590000,51.590000
2022-07-14,50.489900,51.280000,50.470000,51.280000
2022-07-15,52.220000,52.350000,52.063500,52.350000
2022-07-18,52.738400,52.809900,51.910200,52.016600
2022-07-19,52.906700,53.590000,52.906700,53.528100
2022-07-20,53.110000,53.690000,53.110000,53.552300
2022-07-21,53.460000,53.733000,53.110000,53.733000
2022-07-22,53.720000,53.720000,53.090000,53.158800
2022-07-25,53.480000,53.689000,53.423600,53.689000
2022-07-26,53.725200,53.725200,53.090100,53.253000
2022-07-27,53.810000,54.833300,53.710000,54.600000
2022-07-28,54.870000,55.336000,54.511700,55.231100
2022-07-29,55.650000,56.153200,55.550000,56.015200
2022-08-01,55.460000,55.850000,55.440000,55.631800
2022-08-02,55.440000,55.882500,55.270000,55.341700
2022-08-03,55.400000,55.869800,55.400000,55.771800
2022-08-04,55.434300,55.450000,55.240000,55.250000
2022-08-05,54.940000,55.540000,54.800000,55.510000
2022-08-08,55.470000,55.756100,55.310000,55.410000
2022-08-09,55.710000,55.710000,55.401000,55.493900
2022-08-10,56.270000,56.460000,56.220100,56.440000
2022-08-11,56.760000,57.090000,56.677200,56.770000
2022-08-12,56.950000,57.670800,56.950000,57.670800
2022-08-15,57.380000,57.810000,57.106700,57.744500
2022-08-16,57.810000,58.039100,57.705000,57.880000
2022-08-17,57.560000,57.849700,57.280000,57.538000
2022-08-18,57.820000,58.025000,57.690000,57.900000
2022-08-19,57.579400,57.579400,57.181300,57.350000
2022-08-22,56.340300,56.540000,56.210100,56.370000
2022-08-23,56.630000,56.760000,56.356400,56.470000
2022-08-24,56.300000,56.730000,56.300000,56.650000
2022-08-25,56.990000,57.363700,56.870000,57.363700
2022-08-26,56.820000,57.210300,55.727300,55.727300
2022-08-29,55.540000,55.925000,55.520000,55.591400
2022-08-30,55.424000,55.424000,54.665000,54.900000
2022-08-31,54.970000,54.970000,54.360000,54.360000
2022-09-01,53.868000,54.270000,53.590000,54.270000
2022-09-02,54.800000,55.020000,53.640000,53.870000
2022-09-06,53.899800,54.010000,53.575000,53.660000
2022-09-07,53.700000,54.500100,53.670000,54.370000
2022-09-08,54.200000,54.800000,54.200000,54.787400
2022-09-09,55.220000,55.644100,55.220000,55.588200
2022-09-12,56.220000,56.220000,55.860000,56.019600
2022-09-13,55.270000,55.270000,53.820000,53.930100
2022-09-14,54.060000,54.230000,53.770000,54.072200
2022-09-15,54.018900,54.203400,53.490000,53.747100
2022-09-16,53.142900,53.480000,52.928900,53.411500
2022-09-19,52.855000,53.203600,52.826400,53.203600
2022-09-20,52.494900,52.868600,52.494900,52.868600
2022-09-21,53.277700,53.360000,52.219700,52.219700
2022-09-22,52.290000,52.620000,52.144700,52.160000
2022-09-23,51.550000,51.550000,50.310000,50.710600
2022-09-26,50.424500,50.760000,50.010000,50.020000
2022-09-27,50.110000,50.236200,49.920000,50.158600
2022-09-28,50.534700,51.640000,50.534700,51.514100
2022-09-29,50.882900,50.960000,50.650000,50.960000
2022-09-30,50.880000,50.880000,50.307800,50.307800
2022-10-03,51.458000,52.025000,51.458000,51.842600
2022-10-04,52.570000,53.090100,52.570000,53.090100
2022-10-05,53.270000,53.682100,52.740000,53.348600
2022-10-06,53.485500,53.485500,53.210000,53.210000
2022-10-07,52.760000,52.970000,52.355900,52.355900
2022-10-10,52.250000,52.303900,51.937000,52.034600
2022-10-11,52.106500,52.592000,51.999700,51.999700
2022-10-12,52.100000,52.224100,51.874500,51.874500
2022-10-13,51.040000,53.542100,51.040000,53.450000
2022-10-14,53.420000,53.468500,52.289400,52.289400
2022-10-17,53.050000,53.325000,52.901800,53.015600
2022-10-18,53.910000,53.910000,53.175000,53.610000
2022-10-19,53.750000,53.750000,53.381900,53.663400
2022-10-20,53.740000,54.169000,53.440000,53.530000
2022-10-21,53.750000,54.940000,53.510000,54.840000
2022-10-24,55.380000,55.740000,55.110000,55.640000
2022-10-25,55.520000,55.780000,55.285000,55.689100
2022-10-26,56.000000,56.606300,55.979800,56.230000
2022-10-27,56.630000,56.909600,56.287300,56.287300
2022-10-28,56.709400,57.280000,56.660000,57.250000
2022-10-31,57.000000,57.680000,57.000000,57.140000
2022-11-01,57.350000,57.490000,56.910000,57.160000
2022-11-02,57.240000,57.660000,56.351000,56.351000
2022-11-03,55.848100,57.030000,55.820000,56.691300
2022-11-04,57.530000,57.530000,56.193000,57.200000
2022-11-07,57.090000,57.484000,56.996000,57.430000
2022-11-08,57.570000,58.010000,57.250000,57.790000
2022-11-09,57.560000,57.560000,56.237100,56.331000
2022-11-10,57.620000,57.620000,56.931800,57.520000
2022-11-11,57.980000,57.980000,56.820000,57.330000
2022-11-14,57.460000,58.056300,57.250000,57.250000
2022-11-15,57.820000,57.820000,57.000000,57.500000
2022-11-16,57.470000,57.788100,57.155000,57.200000
2022-11-17,56.830000,57.460000,56.723800,57.460000
2022-11-18,57.570000,57.810000,57.352500,57.760000
2022-11-21,57.530000,57.800000,56.960000,57.620000
2022-11-22,58.200000,58.690000,58.040000,58.614000
2022-11-23,58.520000,58.640000,58.205000,58.490000
2022-11-25,58.720000,58.930000,58.640000,58.648700
2022-11-28,58.280000,58.427000,57.890000,57.940000
2022-11-29,58.140000,58.217800,57.825500,58.070000
2022-11-30,58.300000,59.100000,57.740000,58.950000
2022-12-01,59.200000,59.235000,58.470000,58.620000
2022-12-02,58.410000,58.779200,58.390000,58.700000
2022-12-05,58.720000,58.720000,57.510000,57.840000
2022-12-06,57.750000,57.875000,56.800400,57.340000
2022-12-07,57.270000,57.653200,57.100000,57.220000
2022-12-08,57.560000,57.700000,57.220000,57.310000
2022-12-09,57.390000,57.390000,56.550000,56.550000
2022-12-12,56.870000,57.530000,56.680000,57.480000
2022-12-13,58.430000,58.430000,57.390000,57.540000
2022-12-14,57.770000,58.010000,57.180000,57.470000
2022-12-15,56.910000,56.955000,56.245000,56.650000
2022-12-16,55.950000,56.271800,55.541000,56.080000
2022-12-19,55.990000,56.020000,55.330000,55.650000
2022-12-20,55.760000,56.150000,55.533000,55.810000
2022-12-21,56.460000,56.765000,56.300000,56.610000
2022-12-22,56.520000,56.520000,55.364900,56.160000
2022-12-23,56.310000,56.850000,56.200200,56.810900
2022-12-27,57.070000,57.145600,56.875000,57.100000
2022-12-28,57.130000,57.174100,56.280000,56.280000
2022-12-29,56.520000,56.908700,56.510000,56.680000
2022-12-30,56.630000,56.790000,56.310000,56.780000
2023-01-03,56.840000,56.840000,55.387700,55.870000
2023-01-04,55.850000,56.090000,55.491800,55.780000
2023-01-05,55.630000,55.914100,55.479900,55.720000
2023-01-06,56.240000,56.810000,56.145000,56.633100
2023-01-09,57.050000,57.050000,55.970000,56.060000
2023-01-10,56.140000,56.200000,55.660000,56.070000
2023-01-11,56.430000,56.470000,56.100000,56.470000
2023-01-12,56.760000,56.884500,56.275000,56.630000
2023-01-13,56.470000,56.809900,56.286600,56.660000
2023-01-17,56.760000,56.989800,56.450000,56.520000
2023-01-18,56.750000,56.760000,55.437800,55.443300
2023-01-19,55.360000,55.790000,55.300000,55.620000
2023-01-20,55.560000,56.070000,55.378400,56.040000
2023-01-23,56.110000,56.510000,55.983600,56.050000
2023-01-24,56.030000,56.191000,55.630000,56.142100
2023-01-25,55.950000,56.210000,55.670000,56.210000
2023-01-26,56.530000,56.920000,56.356800,56.920000
2023-01-27,56.830000,56.850000,56.300000,56.300000
2023-01-30,56.170000,56.390000,55.690000,55.755300
2023-01-31,55.830000,56.520000,55.700000,56.520000
2023-02-01,56.480000,56.480000,55.550000,56.025200
2023-02-02,55.990000,55.990000,54.750000,55.090000
2023-02-03,55.320000,55.360000,54.850000,54.910000
2023-02-06,54.820000,54.970000,54.700000,54.900000
2023-02-07,55.010000,55.600000,54.760000,55.580000
2023-02-08,55.330000,55.550000,55.170000,55.270000
2023-02-09,55.570000,55.690000,55.159100,55.175800
2023-02-10,55.470000,56.310000,55.470000,56.230000
2023-02-13,56.310000,56.445400,56.139900,56.420000
2023-02-14,56.300000,56.690000,56.025000,56.200000
2023-02-15,56.040000,56.040000,55.550000,55.850000
2023-02-16,55.560000,55.870000,55.360000,55.360000
2023-02-17,55.090000,55.170000,54.890000,55.090000
2023-02-21,54.760000,55.093800,54.691700,54.728300
2023-02-22,54.740000,54.924000,54.390000,54.480000
2023-02-23,54.940000,54.980000,54.400000,54.740000
2023-02-24,54.450000,54.630000,54.170000,54.488300
2023-02-27,54.820000,54.820000,54.420000,54.530000
2023-02-28,54.710000,54.710000,53.860000,53.940000
2023-03-01,53.770000,54.140000,53.750000,54.110000
2023-03-02,54.000000,54.590000,53.855000,54.490000
2023-03-03,54.440000,54.980000,54.170000,54.910000
2023-03-06,54.980000,55.230000,54.860000,55.230000
2023-03-07,55.190000,55.190000,54.273200,54.410000
2023-03-08,54.420000,54.470000,53.770000,54.100000
2023-03-09,54.250000,54.520000,53.350000,53.440000
2023-03-10,53.460000,53.828000,52.799000,52.799000
2023-03-13,52.350000,53.520000,52.335200,52.810000
2023-03-14,53.170000,53.610000,52.720400,53.270000
2023-03-15,52.300000,52.529600,51.821800,52.420000
2023-03-16,51.760000,52.841200,51.760000,52.770000
2023-03-17,52.720000,52.770000,51.950000,52.010000
2023-03-20,51.730000,52.769300,51.730000,52.610000
2023-03-21,53.120000,53.499900,53.035000,53.320000
2023-03-22,53.280000,53.450000,52.410000,52.410000
2023-03-23,52.670000,53.010000,51.940000,52.220000
2023-03-24,51.960000,52.740000,51.670000,52.610000
2023-03-27,52.880000,53.439000,52.870100,53.211700
2023-03-28,53.160000,53.669900,53.160000,53.520000
2023-03-29,53.820000,53.980000,53.686100,53.950000
2023-03-30,54.210000,54.210000,53.850000,54.100000
2023-03-31,54.230000,54.530000,54.230000,54.530000
2023-04-03,55.180000,55.930000,55.180000,55.790000
2023-04-04,55.880000,55.880000,54.890000,55.120000
2023-04-05,55.250000,55.850000,55.250000,55.820000
2023-04-06,55.950000,55.953300,55.630900,55.640000
2023-04-10,55.670000,55.910000,55.670000,55.860000
2023-04-11,56.030000,56.360000,55.910100,56.060000
2023-04-12,56.330000,56.601300,56.180000,56.205700
2023-04-13,56.300000,56.700000,56.104300,56.700000
2023-04-14,56.650000,56.717800,56.230000,56.440000
2023-04-17,56.470000,56.567700,56.130000,56.310000
2023-04-18,56.470000,56.480000,56.270000,56.430000
2023-04-19,56.270000,56.400000,56.053900,56.190000
2023-04-20,55.930000,56.208400,55.780000,56.160000
2023-04-21,56.380000,56.380000,56.040900,56.180000
2023-04-24,56.220000,56.625000,56.220000,56.560000
2023-04-25,56.480000,56.480000,56.040100,56.110000
2023-04-26,55.850000,55.850000,55.090000,55.190000
2023-04-27,55.430000,55.801600,54.940000,55.740000
2023-04-28,55.670000,56.299100,55.670000,56.110000
2023-05-01,56.010000,56.325100,56.000000,56.170000
2023-05-02,56.000000,56.000000,54.840000,55.180000
2023-05-03,55.200000,55.530000,54.860000,54.880000
2023-05-04,54.800000,54.800000,54.260000,54.390000
2023-05-05,55.040000,55.530000,55.030000,55.290000
2023-05-08,55.610000,55.610000,55.320000,55.390000
2023-05-09,55.220000,55.575000,55.220000,55.310000
2023-05-10,55.570000,55.570000,54.930000,55.250000
2023-05-11,55.010000,55.020000,54.662500,54.950000
2023-05-12,55.200000,55.392000,54.800000,55.040000
2023-05-15,55.170000,55.181800,54.900000,55.080000
2023-05-16,54.990000,54.990000,54.320000,54.320000
2023-05-17,54.560000,54.909700,54.250000,54.760000
2023-05-18,54.630000,54.825800,54.290100,54.810000
2023-05-19,54.960000,55.310000,54.940000,55.030000
2023-05-22,55.070000,55.400000,54.730000,54.730000
2023-05-23,54.760000,54.849800,54.410000,54.490000
2023-05-24,54.470000,54.500500,54.280000,54.280000
2023-05-25,53.990000,53.990000,53.490000,53.780000
2023-05-26,53.900000,54.046800,53.490000,53.670000
2023-05-30,53.330000,53.385000,53.140000,53.330000
2023-05-31,52.980000,53.180000,52.920000,53.020000
2023-06-01,53.210000,53.680000,52.805200,53.540000
2023-06-02,53.900000,54.640000,53.760000,54.510000
2023-06-05,54.860000,54.922900,54.525000,54.590000
2023-06-06,54.510000,54.582800,54.200000,54.520000
2023-06-07,54.530000,54.850100,54.390000,54.780000
2023-06-08,54.780000,55.160000,54.720000,55.080000
2023-06-09,55.100000,55.300000,54.950000,55.100000
2023-06-12,54.880000,55.000000,54.710000,54.980000
2023-06-13,55.190000,55.509100,55.190000,55.330000
2023-06-14,55.400000,55.400000,54.524900,54.727900
2023-06-15,54.820000,55.640000,54.820000,55.470000
2023-06-16,55.670000,55.670000,55.340000,55.340000
2023-06-20,54.820000,54.920000,54.550000,54.640000
2023-06-21,54.610000,55.160000,54.465000,54.950000
2023-06-22,54.820000,55.020000,54.752900,54.970000
2023-06-23,54.790000,54.850000,54.590100,54.710000
2023-06-26,54.840000,54.990000,54.590000,54.869500
2023-06-27,54.940000,55.089900,54.710000,55.050000
2023-06-28,55.030000,55.030000,54.630100,54.980000
2023-06-29,54.990000,55.470000,54.990000,55.470000
2023-06-30,55.690000,56.092900,55.690000,55.940000
2023-07-03,56.020000,56.020000,55.711300,55.960000
2023-07-05,55.880000,55.880000,55.561000,55.720000
2023-07-06,55.300000,55.485000,55.000000,55.130000
2023-07-07,55.020000,55.386300,54.940000,54.940000
2023-07-10,55.020000,55.490000,55.020000,55.330000
2023-07-11,55.420000,55.706100,55.345000,55.690000
2023-07-12,55.990000,56.001900,55.630100,55.660000
2023-07-13,55.720000,55.721100,55.378800,55.430000
2023-07-14,55.600000,55.600000,55.240000,55.265000
2023-07-17,55.190000,55.490000,55.140000,55.370000
2023-07-18,55.380000,56.060000,55.380000,55.660000
2023-07-19,55.790000,56.145000,55.790000,55.850000
2023-07-20,56.120000,56.650000,56.120000,56.650000
2023-07-21,56.900000,56.960000,56.655000,56.878900
2023-07-24,56.920000,57.140000,56.920000,57.006200
2023-07-25,56.820000,57.100000,56.820000,57.028100
2023-07-26,56.820000,56.960000,56.739300,56.870000
2023-07-27,57.000000,57.000000,56.522000,56.549100
2023-07-28,56.700000,56.720000,56.434000,56.720000
2023-07-31,56.910000,56.970000,56.763600,56.924200
2023-08-01,56.990000,57.130000,56.660000,56.883800
2023-08-02,56.820000,56.930000,56.630000,56.730000
2023-08-03,56.640000,56.975400,56.510000,56.720000
2023-08-04,56.970000,57.116000,56.490000,56.490000
2023-08-07,56.730000,57.100000,56.730000,57.010000
2023-08-08,57.310000,57.800000,57.310000,57.800000
2023-08-09,57.830000,58.370000,57.830000,58.020000
2023-08-10,58.180000,58.500000,57.960000,58.016100
2023-08-11,58.050000,58.611000,58.050000,58.536200
2023-08-14,58.620000,58.790000,58.480000,58.790000
2023-08-15,58.480000,58.480000,58.070000,58.150000
2023-08-16,58.160000,58.503500,57.890000,57.970000
2023-08-17,58.080000,58.310000,57.740000,57.787700
2023-08-18,57.520000,58.130000,57.351000,58.053500
2023-08-21,58.150000,58.250000,57.770000,58.072600
2023-08-22,58.150000,58.150000,57.733200,57.792400
2023-08-23,57.850000,58.030000,57.720000,57.940000
2023-08-24,57.790000,57.940000,57.540000,57.540000
2023-08-25,57.780000,58.140000,57.529900,57.894000
2023-08-28,57.960000,58.280000,57.940000,58.135700
2023-08-29,58.170000,58.426500,57.970000,58.420000
2023-08-30,58.440000,58.705000,58.440000,58.481600
2023-08-31,58.560000,58.560000,58.271000,58.271000
2023-09-01,58.650000,58.940000,58.640100,58.819400
2023-09-05,58.910000,59.033500,58.480100,58.600000
2023-09-06,58.470000,58.470000,58.070000,58.429700
2023-09-07,58.500000,58.920000,58.500000,58.717100
2023-09-08,58.970000,59.420000,58.970000,59.167800
2023-09-11,59.430000,59.557300,59.120000,59.120000
2023-09-12,59.270000,59.770000,59.270000,59.670000
2023-09-13,59.600000,59.600000,59.230000,59.379300
2023-09-14,59.750000,59.983700,59.740000,59.950000
2023-09-15,59.830000,59.830000,59.170000,59.170000
2023-09-18,58.800000,59.170000,58.800000,58.990000
2023-09-19,58.950000,58.950000,58.500100,58.913000
2023-09-20,59.010000,59.190000,58.359900,58.359900
2023-09-21,57.750000,57.797100,57.220000,57.220000
2023-09-22,57.440000,57.730000,57.360000,57.459900
2023-09-25,57.250000,57.620000,57.140000,57.620000
2023-09-26,57.360000,57.420000,56.920000,57.000000
2023-09-27,57.230000,57.350000,56.720000,57.200000
2023-09-28,57.290000,58.070000,57.270000,57.790000
2023-09-29,58.140000,58.140000,57.140000,57.281800
2023-10-02,57.350000,57.560000,56.895000,57.280000
2023-10-03,56.930000,57.130000,56.280000,56.450000
2023-10-04,56.530000,56.960000,56.380000,56.910000
2023-10-05,56.890000,57.105800,56.500000,56.890000
2023-10-06,56.700000,58.098500,56.550000,57.920000
2023-10-09,57.680000,58.314200,57.588800,58.160000
2023-10-10,58.400000,59.080000,58.370000,58.740000
2023-10-11,59.000000,59.200000,58.710000,59.200000
2023-10-12,59.240000,59.500000,58.710000,58.929800
2023-10-13,59.030000,59.237000,58.140500,58.246900
2023-10-16,58.540000,59.055000,58.540000,58.996600
2023-10-17,58.430000,59.000000,58.355000,58.792100
2023-10-18,58.400000,58.400000,57.720000,57.840000
2023-10-19,58.110000,58.129900,57.330000,57.340000
2023-10-20,57.220000,57.220000,56.560000,56.560000
2023-10-23,56.510000,57.290000,56.359000,56.950000
2023-10-24,57.220000,57.590000,57.050000,57.380000
2023-10-25,57.350000,57.350000,56.347500,56.380000
2023-10-26,56.270000,56.290000,55.450000,55.690000
2023-10-27,55.970000,55.970000,55.320300,55.415200
2023-10-30,55.870000,56.260000,55.750000,56.110000
2023-10-31,56.000000,56.155000,55.770000,56.140000
2023-11-01,56.320000,57.060000,56.320000,56.990000
2023-11-02,57.650000,58.070000,57.580000,58.030000
2023-11-03,58.390000,58.953800,58.390000,58.650000
2023-11-06,58.830000,59.100000,58.745000,59.100000
2023-11-07,59.030000,59.215000,58.910000,59.160000
2023-11-08,59.290000,59.580000,58.990000,59.540000
2023-11-09,59.540000,59.840000,59.120000,59.150000
2023-11-10,59.460000,60.383400,59.460000,60.383400
2023-11-13,60.220000,60.831600,60.220000,60.660000
2023-11-14,61.400000,61.814000,61.240000,61.650000
2023-11-15,61.840000,61.840000,61.285600,61.370000
2023-11-16,61.130000,61.340000,61.000000,61.330000
2023-11-17,61.470000,61.730000,61.450000,61.690000
2023-11-20,61.730000,62.390000,61.710000,62.340000
2023-11-21,62.170000,62.197300,61.900000,62.090000
2023-11-22,62.220000,62.260000,61.890000,62.090000
2023-11-24,62.100000,62.109700,62.010000,62.026300
2023-11-27,61.950000,62.040000,61.802100,61.802100
2023-11-28,61.780000,61.870000,61.440000,61.650000
2023-11-29,61.800000,61.892600,61.515000,61.525000
2023-11-30,61.620000,61.650000,61.168500,61.650000
2023-12-01,61.410000,62.068800,61.410000,61.890000
2023-12-04,61.410000,61.545000,61.155000,61.500000
2023-12-05,61.310000,61.430000,61.075000,61.295000
2023-12-06,61.810000,61.810000,60.970000,61.050000
2023-12-07,61.160000,61.490000,61.101400,61.490000
2023-12-08,61.360000,62.220000,61.360000,62.116600
2023-12-11,62.270000,62.683500,62.270000,62.640100
2023-12-12,62.490000,63.230000,62.437000,63.209200
2023-12-13,63.240000,64.130000,63.240000,63.999900
2023-12-14,64.270000,64.270000,63.742800,64.069300
2023-12-15,64.020000,64.489900,64.020000,64.240000
2023-12-18,64.075590,64.870000,64.075590,64.670000
2023-12-19,64.710000,65.240000,64.710000,65.200000
2023-12-20,65.100000,65.310000,64.170000,64.170000
2023-12-21,64.740000,65.010000,64.510000,64.920000
2023-12-22,65.170000,65.270000,64.780000,65.040000
2023-12-26,65.140000,65.490000,65.140000,65.430000
2023-12-27,65.530000,65.655300,65.408100,65.630000
2023-12-28,65.730000,65.796000,65.610000,65.640000
2023-12-29,65.720000,65.720000,65.250000,65.495700
2024-01-02,65.090000,65.170000,64.545000,64.890000
2024-01-03,64.590000,64.730000,64.260000,64.340000
2024-01-04,64.390000,65.050000,64.390000,64.400000
2024-01-05,64.580000,65.060000,64.530000,64.820000
2024-01-08,64.870000,65.783800,64.870000,65.783800
2024-01-09,65.570000,66.030000,65.570000,65.841900
2024-01-10,66.030000,66.569500,66.030000,66.460000
2024-01-11,66.730000,66.830000,66.000000,66.830000
2024-01-12,67.120000,67.143800,66.700000,66.835400
2024-01-16,66.670000,66.895000,66.384300,66.620000
2024-01-17,66.330000,66.365000,66.010000,66.240000
2024-01-18,66.700000,67.250000,66.520000,67.250000
2024-01-19,67.480000,68.310000,67.360000,68.250000
2024-01-22,68.590000,68.690000,68.361900,68.460000
2024-01-23,68.530000,68.530000,68.131200,68.400000
2024-01-24,69.100000,69.610000,69.018600,69.018600
2024-01-25,69.580000,69.688800,69.081100,69.550000
2024-01-26,69.440000,69.610000,69.260000,69.350000
2024-01-29,69.490000,70.000000,69.370000,70.000000
2024-01-30,69.990000,70.180000,69.944200,70.150000
2024-01-31,69.760000,70.020000,69.190000,69.190000
2024-02-01,69.770000,70.520000,69.630000,70.520000
2024-02-02,71.660000,72.810300,71.649600,72.520000
2024-02-05,72.770000,73.145000,72.214300,72.910000
2024-02-06,73.400000,73.400000,72.325200,72.700000
2024-02-07,72.980000,73.788400,72.912500,73.740000
2024-02-08,73.760000,73.960000,73.650000,73.830000
2024-02-09,73.940000,74.250000,73.780000,74.250000
2024-02-12,74.310000,74.808500,73.980000,74.210000
2024-02-13,73.070000,73.810000,72.870000,73.450000
2024-02-14,74.140000,74.640000,73.800000,74.640000
2024-02-15,74.910000,75.260000,74.615000,75.160000
2024-02-16,75.370000,75.490000,74.760000,74.870000
2024-02-20,74.660000,74.750000,73.551000,73.930000
2024-02-21,73.430000,73.630000,72.990000,73.590000
2024-02-22,75.390000,76.587600,75.280000,76.440000
2024-02-23,76.760000,77.200000,76.200000,76.550000
2024-02-26,76.690000,77.010000,76.550000,76.630000
2024-02-27,76.680000,76.800000,76.350000,76.710000
2024-02-28,76.470000,76.790000,76.280000,76.680000
2024-02-29,77.110000,77.238400,76.390100,77.140000
2024-03-01,77.380000,78.700000,77.270000,78.700000
2024-03-04,78.970000,79.529400,78.888500,78.910000
2024-03-05,78.770000,78.900000,77.771400,78.300000
2024-03-06,79.090000,79.459900,78.733300,79.020000
2024-03-07,79.630000,80.495000,79.595000,80.430000
2024-03-08,80.760000,81.029900,78.618300,79.000000
2024-03-11,78.330000,78.580000,77.500000,78.030000
2024-03-12,78.820000,79.660000,78.156200,79.640000
2024-03-13,79.560000,79.590000,79.000000,79.420000
2024-03-14,79.580000,79.580000,78.310000,78.840000
2024-03-15,78.400000,79.036500,78.230200,78.590000
2024-03-18,79.150000,79.435000,78.784700,79.030000
2024-03-19,78.510000,79.580000,78.030300,79.580000
2024-03-20,79.650000,80.440000,79.294800,80.440000
2024-03-21,81.180000,81.249000,80.650000,80.750000
2024-03-22,80.620000,81.099900,80.460000,80.830000
2024-03-25,80.430000,80.880000,80.170000,80.580000
2024-03-26,80.790000,80.909900,80.030000,80.150000
2024-03-27,80.620000,80.620000,79.658500,80.300000
2024-03-28,80.150000,80.330000,79.810100,80.040000
2024-04-01,80.280000,80.580000,79.689600,80.110000
2024-04-02,79.270000,79.686700,78.870000,79.650000
2024-04-03,79.400000,80.409700,79.230000,80.080000
2024-04-04,80.830000,81.125400,78.900000,79.010000
2024-04-05,79.450000,80.739900,79.224300,80.450000
2024-04-08,80.580000,80.580000,79.901000,80.150000
2024-04-09,80.400000,80.400000,78.740100,79.810000
2024-04-10,78.700000,79.620000,78.600000,79.250000
2024-04-11,79.750000,80.730000,79.265300,80.660000
2024-04-12,79.840000,79.990000,78.970000,79.320000
2024-04-15,79.920000,80.085000,77.810000,78.120000
2024-04-16,78.050000,78.569900,77.780000,78.060000
2024-04-17,78.550000,78.616100,76.800000,77.110000
2024-04-18,77.280000,77.740000,76.610100,76.650000
2024-04-19,76.470000,76.500000,74.490000,74.810000
2024-04-22,75.530000,76.119900,74.670000,75.680000
2024-04-23,76.150000,77.079900,76.010000,76.900000
2024-04-24,77.530000,77.554700,76.281400,76.720000
2024-04-25,74.720000,76.160000,74.400000,76.110000
2024-04-26,76.440000,77.250000,76.233700,77.060000
2024-04-29,77.320000,77.320000,76.490000,77.030000
2024-04-30,77.070000,77.400000,75.850000,75.850000
2024-05-01,75.780000,76.900000,75.197500,75.520000
2024-05-02,76.110000,76.437300,75.269200,76.380000
2024-05-03,77.670000,78.040000,77.330000,77.820000
2024-05-06,78.220000,79.150000,78.055000,79.150000
2024-05-07,79.290000,79.400000,78.912400,79.240000
2024-05-08,78.800000,79.430000,78.600000,79.230000
2024-05-09,79.250000,79.470000,78.945000,79.440000
2024-05-10,79.790000,80.050000,79.300000,79.550000
2024-05-13,79.920000,79.920000,79.150000,79.350000
2024-05-14,79.080000,79.890000,78.980000,79.820000
2024-05-15,80.170000,81.340000,80.111300,81.330000
2024-05-16,81.340000,81.500000,80.810000,80.860000
2024-05-17,81.030000,81.030000,80.340000,80.750000
2024-05-20,80.840000,81.390000,80.790000,81.200000
2024-05-21,80.970000,81.430000,80.881700,81.430000
2024-05-22,81.530000,81.610000,80.890800,81.320000
2024-05-23,82.350000,82.460000,81.090000,81.480000
2024-05-24,81.700000,82.370000,81.511500,82.320000
2024-05-28,82.690000,82.860000,82.230000,82.740000
2024-05-29,82.210000,82.830000,82.140000,82.510000
2024-05-30,82.000000,82.046200,80.945000,81.230000
2024-05-31,81.460000,81.460000,79.760000,81.420000
2024-06-03,81.930000,82.020000,80.910000,81.940000
2024-06-04,81.910000,82.170000,81.420000,82.030000
2024-06-05,82.720000,83.900000,82.540100,83.900000
2024-06-06,84.030000,84.240000,83.440000,83.780000
2024-06-07,83.710000,84.430000,83.420000,83.890000
2024-06-10,83.790000,84.499700,83.700000,84.410000
2024-06-11,84.330000,85.080000,83.900000,85.080000
2024-06-12,85.910000,86.690000,85.610000,86.190000
2024-06-13,87.120000,87.155000,86.340100,86.960000
2024-06-14,86.880000,87.430000,86.660000,87.430000
2024-06-17,87.580000,88.710000,87.215000,88.370000
2024-06-18,88.360000,88.630000,88.100000,88.630000
2024-06-20,89.100000,89.230000,87.411700,87.970000
2024-06-21,87.770000,87.864000,87.010000,87.360000
2024-06-24,87.140000,87.458700,86.185000,86.190000
2024-06-25,86.650000,87.415000,86.500000,87.350000
2024-06-26,87.280000,87.745000,87.120000,87.710000
2024-06-27,87.730000,88.200000,87.530000,87.980000
2024-06-28,88.130000,88.919900,87.390000,87.460000
2024-07-01,87.660000,88.060000,86.770600,88.000000
2024-07-02,87.500000,88.530000,87.401600,88.530000
2024-07-03,88.450000,89.260000,88.410800,89.260000
2024-07-05,89.380000,90.220000,89.360000,90.170000
2024-07-08,90.390000,90.525000,90.060000,90.440000
2024-07-09,90.930000,91.060000,90.310000,90.630000
2024-07-10,90.990000,91.640000,90.720000,91.640000
2024-07-11,91.520000,91.590000,89.330000,89.730000
2024-07-12,89.650000,90.870000,89.520000,89.990000
2024-07-15,90.560000,91.050000,89.860200,90.320000
2024-07-16,90.660000,90.720000,89.740000,90.160000
2024-07-17,88.470000,88.479900,87.120000,87.120000
2024-07-18,88.070000,88.070000,85.968600,86.840000
2024-07-19,86.840000,87.430000,86.130000,86.350000
2024-07-22,87.310000,87.890000,86.890000,87.640000
2024-07-23,87.710000,88.620000,87.620000,87.900000
2024-07-24,86.790000,87.000000,84.550000,84.790000
2024-07-25,84.750000,85.500000,82.880000,83.760000
2024-07-26,84.670000,85.280000,84.280000,84.720000
2024-07-29,85.120000,85.459900,84.315000,84.510000
2024-07-30,84.930000,85.150000,82.660000,83.250000
2024-07-31,85.280000,86.245000,84.883400,86.000000
2024-08-01,86.910000,87.530000,83.710000,84.460000
2024-08-02,82.330000,82.955000,81.001300,82.200000
2024-08-05,76.810000,80.780000,76.750000,79.580000
2024-08-06,80.350000,82.385000,79.711100,80.860000
2024-08-07,82.210000,82.740000,79.920000,80.070000
2024-08-08,81.740000,82.850000,80.820000,82.790000
2024-08-09,82.810000,83.920000,82.650000,83.620000
2024-08-12,83.890000,84.465000,83.400000,84.030000
2024-08-13,84.720000,85.980000,84.720000,85.980000
2024-08-14,86.220000,86.810000,85.680000,86.500000
2024-08-15,87.560000,88.520000,87.265000,88.520000
2024-08-16,88.050000,88.600000,87.870000,88.390000
2024-08-19,88.300000,89.420000,87.950000,89.390000
2024-08-20,89.380000,89.890000,89.010000,89.380000
2024-08-21,89.500000,90.120000,89.190000,89.830000
2024-08-22,90.310000,90.500000,88.490000,88.760000
2024-08-23,89.340000,90.030000,88.720000,89.610000
2024-08-26,89.660000,89.724000,88.470000,88.860000
2024-08-27,88.510000,89.350000,88.210000,89.220000
2024-08-28,89.130000,89.210000,87.780000,88.480000
2024-08-29,88.600000,89.340000,87.850000,88.020000
2024-08-30,88.680000,89.265000,87.990000,89.250000
2024-09-03,88.700000,88.720000,85.950000,86.450000
2024-09-04,85.790000,86.715000,85.500000,86.130000
2024-09-05,85.790000,86.790000,85.460000,85.860000
2024-09-06,85.860000,85.990000,83.630000,83.920000
2024-09-09,84.770000,85.180000,84.160000,85.110000
2024-09-10,85.400000,85.770000,84.540000,85.660000
2024-09-11,85.880000,87.900000,84.500000,87.730000
2024-09-12,87.890000,89.000000,87.590000,88.800000
2024-09-13,88.850000,89.330000,88.630000,89.080000
2024-09-16,88.670000,88.800000,88.085000,88.790000
2024-09-17,89.300000,89.360000,88.180000,88.650000
2024-09-18,88.860000,89.630000,88.270000,88.350000
2024-09-19,90.320000,90.889500,89.880000,90.590000
2024-09-20,90.510000,90.840000,89.930000,90.530000
2024-09-23,90.780000,90.970000,90.520000,90.940000
2024-09-24,90.980000,91.160000,90.270000,91.160000
2024-09-25,91.320000,91.470000,91.050000,91.250000
2024-09-26,91.810000,91.960000,90.715000,91.060000
2024-09-27,91.050000,91.050000,90.150000,90.340000
2024-09-30,89.990000,90.710000,89.680100,90.640000
2024-10-01,90.580000,90.699900,89.500000,89.970000
2024-10-02,89.890000,90.530000,89.580000,90.320000
2024-10-03,90.190000,90.680000,89.970000,90.310000
2024-10-04,91.130000,91.730000,90.610000,91.690000
2024-10-07,91.430000,91.620000,90.790000,91.040000
2024-10-08,91.480000,92.220000,91.400000,92.140000
2024-10-09,92.140000,93.010000,91.967700,92.940000
2024-10-10,92.860000,92.980000,92.420000,92.700000
2024-10-11,92.590000,93.700000,92.590000,93.670000
2024-10-14,94.070000,94.360000,93.940000,94.220000
2024-10-15,94.300000,94.378000,92.950000,93.210000
2024-10-16,93.440000,93.790000,93.009900,93.670000
2024-10-17,94.500000,94.690000,93.990000,94.050000
2024-10-18,94.190000,94.279900,93.790000,94.070000
2024-10-21,94.050000,94.280100,93.550000,94.160000
2024-10-22,93.660000,94.090000,93.420000,93.880000
2024-10-23,93.450000,93.690000,92.450000,92.990000
2024-10-24,93.160000,93.160000,92.470000,92.930000
2024-10-25,93.400000,93.620000,92.559900,92.690000
2024-10-28,93.190000,93.278000,92.900000,93.020000
2024-10-29,92.920000,93.575000,92.665000,93.380000
2024-10-30,92.650000,93.235000,92.090100,92.740000
2024-10-31,92.060000,92.060000,90.800000,90.820000
2024-11-01,91.680000,92.380000,91.360000,91.420000
2024-11-04,91.430000,91.565000,90.780000,90.990000
2024-11-05,91.290000,92.490000,91.280000,92.490000
2024-11-06,95.000000,95.450000,94.042600,95.450000
2024-11-07,95.760000,96.165000,95.620000,96.040000
2024-11-08,96.260000,97.220000,96.260000,96.890000
2024-11-11,97.360000,97.360000,96.520000,96.740000
2024-11-12,96.910000,96.960000,96.036300,96.550000
2024-11-13,96.650000,96.980000,96.400000,96.570000
2024-11-14,96.590000,96.590000,95.380000,95.450000
2024-11-15,94.690000,94.868400,93.540000,93.900000
2024-11-18,93.920000,94.230000,93.350000,93.950000
2024-11-19,93.590000,94.630000,93.419700,94.620000
2024-11-20,94.690000,94.790000,93.680000,94.770000
2024-11-21,95.270000,95.799900,94.390000,95.520000
2024-11-22,95.580000,95.840000,95.290000,95.580000
2024-11-25,96.000000,96.240000,95.105000,95.520000
2024-11-26,95.820000,96.750000,95.820000,96.690000
2024-11-27,96.550000,96.670000,95.750000,96.110000
2024-11-29,96.400000,97.060000,96.400000,96.830000
2024-12-02,97.110000,97.202400,96.645200,96.770000
2024-12-03,96.910000,97.329300,96.810000,97.280000
2024-12-04,97.800000,98.270000,97.729900,98.210000
2024-12-05,98.220000,98.470000,97.950000,98.140000
2024-12-06,98.260000,98.761200,98.185000,98.700000
2024-12-09,98.520000,98.530000,96.970000,97.090000
2024-12-10,97.200000,97.240200,96.220000,96.370000
2024-12-11,97.120000,97.570000,96.940000,97.490000
2024-12-12,97.280000,97.280000,96.710000,96.710000
2024-12-13,98.000000,98.340000,97.350000,97.770000
2024-12-16,98.310000,98.730000,98.150000,98.550000
2024-12-17,97.900000,97.900000,96.965314,97.480000
2024-12-18,97.710000,97.840000,94.280000,94.310000
2024-12-19,95.490000,95.650000,94.440000,94.550000
2024-12-20,94.410000,96.630000,94.295000,95.580000
2024-12-23,95.560000,96.480000,95.050000,96.410000
2024-12-24,96.800000,97.540000,96.678600,97.540000
2024-12-26,97.240000,97.800000,96.940000,97.610000
2024-12-27,97.030000,97.030000,95.766100,96.590000
2024-12-30,95.310000,96.160000,94.745000,95.500000
2024-12-31,95.730000,95.789100,94.776100,95.010000
2025-01-02,95.800000,96.480000,94.790000,95.550000
2025-01-03,96.210000,97.030000,96.059900,96.890000
2025-01-06,97.610000,98.149300,97.250000,97.570000
2025-01-07,98.050000,98.050000,96.000000,96.250000
2025-01-08,96.590000,96.840000,95.757700,96.640000
2025-01-10,96.220000,96.303700,94.970000,95.580000
2025-01-13,94.500000,95.529900,94.390000,95.430000
2025-01-14,95.880000,95.900000,94.740000,95.500000
2025-01-15,97.030000,97.401400,96.530000,97.270000
2025-01-16,97.810000,98.060000,97.450000,97.570000
2025-01-17,98.490000,98.790000,98.060000,98.650000
2025-01-21,99.490000,100.190000,99.234900,100.060000
2025-01-22,100.790000,101.030000,100.463500,100.740000
2025-01-23,100.670000,101.440000,100.360000,101.440000
2025-01-24,101.540000,101.860100,100.984600,101.330000
2025-01-27,97.502000,98.350000,97.210000,98.190000
2025-01-28,98.640000,99.480000,97.840000,99.410000
2025-01-29,99.310000,99.760000,98.580000,99.100000
2025-01-30,100.260000,100.830000,99.740000,100.680000
2025-01-31,100.810000,101.550000,99.970200,100.040000
2025-02-03,98.310000,100.315000,98.160000,99.990000
2025-02-04,100.110000,100.760000,99.840000,100.620000
2025-02-05,101.190000,102.030000,101.090000,101.920000
2025-02-06,102.480000,102.870000,102.000000,102.870000
2025-02-07,102.900000,103.090000,101.860000,102.030000
2025-02-10,102.440000,102.906300,102.230000,102.790000
2025-02-11,102.380000,102.960000,102.110000,102.890000
2025-02-12,101.700000,102.580000,101.550000,102.400000
2025-02-13,102.510000,103.270000,102.200000,103.260000
2025-02-14,103.230000,103.420000,102.850000,103.060000
2025-02-18,103.390000,103.444400,102.580000,103.070000
2025-02-19,102.660000,103.090000,102.380000,103.090000
2025-02-20,102.670000,102.670000,101.280000,101.910000
2025-02-21,102.070000,102.070000,99.670000,99.910000
2025-02-24,100.430000,100.640000,98.930300,99.130000
2025-02-25,99.160000,99.440000,97.630100,98.940000
2025-02-26,99.500000,100.770000,99.312400,99.950000
2025-02-27,100.700000,100.830000,97.930000,98.000000
2025-02-28,98.070000,99.929700,97.620000,99.800000
2025-03-03,100.100000,100.280000,96.959900,97.660000
2025-03-04,96.780000,97.690000,94.870000,96.100000
2025-03-05,96.380000,97.639300,95.700000,97.220000
2025-03-06,95.640000,96.300000,94.145600,94.690000
2025-03-07,94.420000,95.070000,92.340000,94.540000
2025-03-10,92.980000,93.380000,91.060000,92.110000
2025-03-11,91.910000,93.268800,91.240000,91.980000
2025-03-12,93.520000,93.879200,91.980000,92.940000
2025-03-13,92.970000,92.970000,91.340000,91.760000
2025-03-14,92.760000,93.970000,92.510000,93.860000
2025-03-17,93.760000,95.030000,93.660000,94.560000
2025-03-18,94.070000,94.150000,92.990000,93.300000
2025-03-19,93.590000,95.210000,93.195000,94.490000
2025-03-20,93.880000,95.365000,93.800000,94.380000
2025-03-21,93.660000,94.460000,93.330000,94.220000
2025-03-24,95.650000,97.030000,95.500000,96.790000
2025-03-25,97.150000,97.340000,96.630000,97.270000
2025-03-26,97.090000,97.239700,94.800000,95.230000
2025-03-27,94.630000,95.680000,94.120000,94.410000
2025-03-28,94.070000,94.259500,91.910000,92.190000
2025-03-31,90.440000,92.710000,89.731000,92.530000
2025-04-01,92.130000,93.560000,91.500000,93.180000
2025-04-02,91.815000,94.880000,91.780000,94.140000
2025-04-03,89.760000,90.690000,88.415000,88.650000
2025-04-04,85.340000,85.748000,82.283800,82.320000
2025-04-07,79.170000,86.640000,78.250000,83.480000
2025-04-08,87.300000,87.919900,81.410000,82.660000
2025-04-09,82.590000,92.510000,81.960000,91.920000
2025-04-10,89.790000,90.189700,85.830000,88.310000
2025-04-11,87.990000,90.040000,87.310000,89.820000
2025-04-14,91.360000,91.500000,89.385000,90.220000
2025-04-15,90.380000,91.510000,90.320000,90.530000
2025-04-16,89.090000,89.720000,86.992900,88.260000
2025-04-17,88.720000,89.098900,87.834800,88.260000
2025-04-21,87.240000,87.495600,84.860000,85.930000
2025-04-22,87.020000,88.990000,86.877200,88.390000
2025-04-23,91.530000,92.599000,90.380000,90.690000
2025-04-24,90.610000,92.920000,90.440000,92.830000
2025-04-25,92.910000,94.160200,92.620000,94.020000
2025-04-28,94.270000,94.718300,92.879900,94.110000
2025-04-29,93.600000,94.890000,93.541300,94.790000
2025-04-30,92.970000,94.830000,91.930000,94.570000
2025-05-01,95.990000,96.740000,95.455000,95.730000
2025-05-02,97.140000,98.259900,96.690000,97.800000
2025-05-05,96.890000,98.010000,96.754400,97.480000
2025-05-06,96.120000,97.090000,95.940000,96.560000
2025-05-07,96.650000,97.920000,96.450000,97.500000
2025-05-08,98.520000,99.360000,97.620000,98.500000
2025-05-09,98.750000,98.950000,97.865000,98.480000
2025-05-12,102.170000,102.232300,100.730000,101.880000
2025-05-13,102.350000,104.330000,102.190000,103.830000
2025-05-14,104.315000,104.740000,103.970000,104.660000
2025-05-15,103.960000,104.900000,103.590000,104.610000
2025-05-16,104.710000,105.200000,104.167595,105.200000
2025-05-19,103.540000,105.339800,103.350000,105.250000
2025-05-20,104.680000,105.090000,104.250000,104.900000
2025-05-21,104.110000,104.959100,102.690000,103.010000
2025-05-22,102.870000,103.970000,102.690000,103.190000
2025-05-23,101.910000,103.460000,101.800000,102.850000
2025-05-27,104.270000,105.280000,103.880000,105.280000
2025-05-28,105.350000,105.640000,104.720000,104.850000
2025-05-29,106.200000,106.280000,104.710000,105.230000
2025-05-30,104.960000,105.550000,103.990000,105.350000
2025-06-02,105.090000,106.520000,104.690000,106.430000
2025-06-03,106.700000,107.450000,106.600000,107.170000
2025-06-04,107.400000,107.540000,106.710000,107.130000
2025-06-05,107.320000,107.530000,105.300000,105.760000
2025-06-06,106.990000,107.440000,106.500000,106.920000
2025-06-09,106.890000,107.125000,106.162100,106.900000
2025-06-10,107.050000,107.216700,105.970000,107.100000
2025-06-11,107.500000,107.840000,106.785000,107.110000
2025-06-12,106.690000,107.440000,106.580000,107.220000
2025-06-13,106.010000,107.040000,105.740000,106.160000
2025-06-16,107.030000,108.100000,106.980000,107.600000
2025-06-17,107.170000,107.491500,106.510000,106.740000
2025-06-18,106.900000,107.840000,106.795600,107.200000
2025-06-20,107.830000,107.979000,106.600000,106.910000
2025-06-23,106.820000,108.520000,106.570000,108.420000
2025-06-24,109.440000,110.100000,109.268400,109.930000
2025-06-25,110.420000,110.500000,109.705000,109.950000
2025-06-26,110.360000,111.390000,110.300100,111.250000
2025-06-27,111.440000,112.180000,111.090000,111.840000
2025-06-30,112.590000,112.680000,112.060000,112.470000
2025-07-01,111.790000,111.910000,110.170000,110.740000
2025-07-02,110.800000,111.430000,110.645000,111.360000
2025-07-03,112.020000,112.660000,111.974000,112.510000
2025-07-07,112.050000,112.390000,111.530000,112.070000
2025-07-08,112.170000,112.170000,110.790000,111.240000
2025-07-09,111.770000,112.220000,111.640000,112.070000
2025-07-10,112.330000,112.510000,111.520100,112.410000
2025-07-11,112.000000,112.420000,111.690000,112.170000
2025-07-14,112.230000,113.149900,112.080000,113.050000
2025-07-15,113.680000,113.748000,112.670000,112.730000
2025-07-16,113.010000,113.100000,111.640000,112.880000
2025-07-17,112.980000,113.827600,112.840000,113.700000
2025-07-18,113.960000,113.960000,113.350000,113.830000
2025-07-21,114.090000,114.619900,113.919300,114.040000
2025-07-22,113.710000,113.940000,112.260000,112.860000
2025-07-23,113.430000,114.360000,113.300000,114.360000
2025-07-24,114.355000,114.610000,114.000000,114.340000
2025-07-25,114.500000,115.265000,114.440000,115.030000
2025-07-28,115.190000,115.520000,114.860000,115.310000
2025-07-29,115.730000,115.929900,114.795000,114.910000
2025-07-30,115.220000,115.818200,114.680000,115.420000
2025-07-31,116.860000,117.130000,115.380000,115.690000
2025-08-01,113.650000,114.130000,112.303100,113.230000
2025-08-04,114.140000,115.250000,114.080000,115.250000
2025-08-05,115.620000,115.970000,114.205100,114.740000
2025-08-06,114.890000,116.460000,114.770000,116.390000
2025-08-07,116.980000,117.310000,115.640000,116.380000
2025-08-08,116.740000,117.609000,116.660000,117.190000
2025-08-11,117.270000,117.680000,116.866300,117.050000
2025-08-12,117.720000,118.580000,117.200000,118.520000
2025-08-13,118.860000,119.070000,117.170200,117.860000
2025-08-14,117.630000,118.489700,117.480000,118.110000
2025-08-15,118.300000,118.300000,117.070100,117.310000
2025-08-18,117.000000,117.517200,116.670000,117.360000
2025-08-19,117.080000,117.200000,115.440000,115.690000
2025-08-20,115.500000,115.710000,113.640000,115.520000
2025-08-21,115.090000,115.374300,114.310000,114.790000
2025-08-22,114.970000,116.980000,114.730000,116.510000
2025-08-25,116.360000,116.840000,116.031400,116.240000
2025-08-26,116.230000,117.360000,116.000000,117.320000
2025-08-27,117.110000,117.550000,116.830000,117.280000
2025-08-28,117.450000,117.920000,116.900000,117.800000
2025-08-29,117.470000,117.529900,116.020000,116.480000
2025-09-02,114.750000,115.560000,114.258200,115.560000
2025-09-03,115.650000,116.080000,114.950000,115.590000
2025-09-04,116.210000,117.330000,116.210000,117.330000
2025-09-05,118.520000,118.680000,115.960000,117.050000
2025-09-08,117.645000,118.170000,117.590000,117.720000
2025-09-09,117.950000,118.580000,117.555000,118.470000
2025-09-10,119.350000,120.100000,119.160000,119.500000
2025-09-11,120.000000,120.350000,119.580000,120.130000
2025-09-12,120.115000,120.640000,120.000000,120.480000
2025-09-15,121.000000,121.465000,120.760000,121.130000
2025-09-16,121.355000,121.359400,120.740000,121.070000
2025-09-17,120.950000,121.080000,119.500000,120.680000
2025-09-18,121.310000,121.990000,120.910000,121.450000
2025-09-19,121.830000,122.029800,121.350000,121.930000
2025-09-22,121.230000,122.299900,121.150800,122.120000
2025-09-23,122.115000,122.260000,120.960000,121.610000
2025-09-24,121.960000,121.960000,120.379900,120.900000
2025-09-25,119.980000,120.920000,119.220400,120.310000
2025-09-26,120.760000,121.030000,119.890000,120.580000
2025-09-29,121.180000,121.440000,120.370000,120.710000
2025-09-30,120.760000,121.126300,120.168300,121.060000
2025-10-01,120.170000,120.835000,119.650000,120.560000
2025-10-02,121.260000,121.300000,120.250000,120.780000
2025-10-03,121.100000,121.230000,119.875000,120.090000
2025-10-06,120.410000,120.611000,119.898700,120.410000
2025-10-07,120.810000,121.020000,119.510000,120.470000
2025-10-08,120.700000,121.433800,120.545200,121.430000
2025-10-09,121.720000,121.920000,121.220000,121.800000
2025-10-10,122.015000,122.530000,118.450000,118.500000
2025-10-13,120.470000,121.400000,120.220000,121.170000
2025-10-14,120.110000,121.580000,118.651000,120.550000
2025-10-15,121.930000,122.630000,120.220000,121.190000
2025-10-16,121.870000,122.270000,119.650000,120.230000
2025-10-17,119.860000,120.690000,119.030000,120.420000
2025-10-20,120.960000,121.520000,120.870000,121.240000
2025-10-21,121.460000,121.492700,120.595100,120.740000
2025-10-22,120.770000,120.823700,118.440000,119.470000
2025-10-23,119.570000,120.600000,119.380000,120.340000
2025-10-24,121.395000,121.989900,121.260000,121.710000
2025-10-27,122.890000,123.035000,122.500000,123.000000
2025-10-28,123.140000,123.820000,122.730000,123.440000
2025-10-29,123.900000,124.555000,123.010000,124.180000
2025-10-30,122.390000,123.073000,121.790000,121.800000
2025-10-31,122.485000,122.689900,121.180000,121.700000
2025-11-03,122.520000,122.620000,121.090000,121.650000
2025-11-04,120.000000,120.815000,119.140000,119.460000
2025-11-05,119.240000,120.604500,118.885000,119.770000
2025-11-06,119.460000,119.560000,117.700000,118.140000
2025-11-07,117.455000,118.530000,115.940000,118.530000
2025-11-10,119.960000,120.945000,119.550000,120.780000
2025-11-11,120.330000,120.545000,119.420000,120.290000
2025-11-12,120.770000,120.830000,119.955000,120.340000
2025-11-13,119.980000,120.150000,117.250000,117.680000
2025-11-14,116.270000,118.450000,115.510000,117.830000
2025-11-17,117.230000,118.179400,115.680000,116.480000
2025-11-18,115.840000,117.020000,115.020000,115.840000
2025-11-19,116.030000,117.230000,115.493000,116.710000
2025-11-20,118.990000,119.670000,114.265800,114.420000
2025-11-21,114.660000,115.360000,112.660000,114.300000
2025-11-24,114.880000,117.110000,114.800000,116.940000
2025-11-25,116.770000,118.130000,115.360000,117.920000
2025-11-26,118.655000,119.690000,118.500000,119.280000
2025-11-28,119.470000,120.130000,119.330000,120.120000
2025-12-01,119.080000,119.530000,118.635700,118.930000
2025-12-02,119.450000,120.000000,118.765000,119.160000
2025-12-03,118.900000,119.595000,118.190000,119.460000
2025-12-04,119.990000,120.625000,119.720000,120.500000
2025-12-05,120.630000,121.381000,120.460000,120.850000
2025-12-08,121.360000,121.509900,120.480000,121.000000
2025-12-09,120.790000,121.289900,120.550000,120.720000
2025-12-10,120.805000,121.870000,120.320000,121.530000
2025-12-11,120.420000,121.920000,119.785000,121.780000
2025-12-12,121.050000,121.110000,118.624400,119.100000
2025-12-15,119.810000,119.875000,118.630000,118.680000
2025-12-16,118.380000,119.125000,117.950000,118.700000
2025-12-17,118.970000,119.000000,116.470000,116.530000
2025-12-18,117.880000,118.535700,117.360000,117.700000
2025-12-19,118.350000,119.840000,118.250000,119.530000
2025-12-22,120.085000,120.269900,119.680000,120.230000
2025-12-23,120.010000,121.010000,119.920000,120.980000
2025-12-24,120.920000,121.530000,120.860000,121.450000
2025-12-26,121.620000,121.700000,121.230000,121.380000
2025-12-29,120.770000,121.079900,120.330000,120.630000
2025-12-30,120.660000,120.780000,120.300000,120.350000
2025-12-31,120.470000,120.520000,119.300000,119.320000
2026-01-02,120.260000,120.260000,119.050000,119.670000
2026-01-05,120.360000,120.810000,120.130000,120.420000
2026-01-06,120.460000,121.310000,119.919900,121.050000
2026-01-07,121.000000,121.160000,120.145000,120.190000
2026-01-08,120.060000,120.130000,118.668000,119.020000
2026-01-09,119.380000,120.260000,119.170100,120.030000
2026-01-12,119.340000,120.690000,119.295000,120.470000
2026-01-13,120.560000,120.675000,119.700000,120.130000
2026-01-14,119.610000,119.690000,117.968300,118.910000
2026-01-15,119.780000,120.620000,119.610000,119.720000
2026-01-16,120.160000,120.510000,119.500000,120.000000
2026-01-20,118.310000,118.749000,116.840000,116.980000
2026-01-21,117.200000,118.330000,116.340000,117.650000
2026-01-22,118.600000,118.770000,117.740000,117.940000
2026-01-23,117.620000,118.130000,117.310000,117.920000
2026-01-26,118.090000,119.130000,118.090000,118.830000
2026-01-27,119.220000,119.615935,118.830000,119.610000
2026-01-28,119.650000,119.850000,119.030000,119.180000
2026-01-29,120.620000,120.900000,118.620000,120.520000
2026-01-30,120.040000,120.630000,119.040000,119.870000
2026-02-02,119.700000,120.900000,119.680000,120.270000
2026-02-03,121.020000,121.350000,118.170000,119.520000
2026-02-04,119.420000,119.420000,115.870000,117.030000
2026-02-05,116.940000,117.930000,115.710000,116.020000
2026-02-06,117.795000,120.130000,117.555000,119.840000
2026-02-09,119.700000,122.038100,119.680000,121.490000
2026-02-10,121.900000,122.240000,120.654700,120.780000
2026-02-11,121.760000,121.880000,119.960000,120.590000
2026-02-12,120.920000,121.350000,118.160000,118.270000
2026-02-13,118.070000,119.120000,117.060000,118.250000
2026-02-17,117.910000,119.320000,117.370000,118.860000
2026-02-18,119.130000,120.080000,118.780000,119.330000
2026-02-19,118.945000,119.770000,118.750000,119.390000
2026-02-20,118.900000,120.190000,118.660000,119.960000
2026-02-23,119.380000,119.790000,117.550000,117.940000
2026-02-24,117.370000,118.820000,116.760000,118.750000
2026-02-25,119.450000,120.785000,119.405000,120.490000
2026-02-26,120.220000,120.390000,118.645000,119.960000
2026-02-27,118.750000,119.470000,118.440000,119.470000
2026-03-02,118.060000,120.520000,118.050000,120.110000
2026-03-03,118.010000,119.680000,116.840000,119.220000
2026-03-04,119.500000,120.640000,119.185000,120.260000
2026-03-05,120.020000,120.840000,118.440000,119.650000
2026-03-06,118.000000,119.134570,117.417000,118.240000
2026-03-09,116.950000,119.580000,116.230000,119.300000
2026-03-10,119.380000,120.325000,118.780000,119.080000
2026-03-11,119.290000,119.620000,118.070000,118.700000
2026-03-12,117.740000,117.920000,116.910000,117.170000
2026-03-13,117.500000,118.210000,115.990000,116.180000
2026-03-16,117.330000,117.910000,116.940000,117.350000
2026-03-17,117.900000,118.360000,117.270000,117.350000
2026-03-18,117.010000,117.430000,116.010000,116.060000
2026-03-19,115.210000,116.440000,114.835000,115.880000
2026-03-20,115.630000,115.775000,113.180000,113.780000
2026-03-23,115.130000,116.509900,114.111100,114.530000
2026-03-24,113.710000,115.270000,113.320000,114.840000
2026-03-25,115.390000,115.975000,114.640000,115.320000
2026-03-26,113.940000,113.940000,111.250000,111.340000
2026-03-27,110.900000,111.815000,110.010000,110.310000
2026-03-30,111.570000,111.600000,107.240000,107.840000
2026-03-31,109.300000,112.200000,109.050100,112.110000
2026-04-01,113.200000,115.380000,113.200000,114.500000
2026-04-02,111.850000,115.160000,111.750800,114.740000
2026-04-06,115.000000,115.705000,114.800000,115.670000
2026-04-07,115.550000,116.700000,114.620000,116.650000
2026-04-08,120.960000,121.460000,119.680000,121.360000
2026-04-09,121.300000,122.949100,121.270000,122.760000
2026-04-10,123.310000,124.130000,122.730000,123.340000
2026-04-13,122.830000,124.610000,122.766100,124.590000
2026-04-14,125.160000,126.679300,124.240000,126.650000
2026-04-15,126.520000,126.719100,124.920000,126.580000
2026-04-16,126.370000,126.950000,125.755000,126.740000
2026-04-17,127.640000,128.430000,127.340000,128.300000
2026-04-20,128.300000,128.510000,127.000000,127.640000
2026-04-21,127.810000,128.119900,126.260000,126.650000
2026-04-22,128.110000,129.130000,127.460000,129.110000
2026-04-23,129.080000,130.435000,127.960000,129.230000
2026-04-24,130.735000,131.839900,129.900000,131.520000
2026-04-27,131.840000,132.290000,130.870000,132.110000
2026-04-28,129.720000,130.960000,128.650000,129.960000
2026-04-29,131.190000,131.245000,129.900000,130.770000
2026-04-30,132.660000,133.930000,131.560000,133.790000
2026-05-01,133.110000,135.060000,132.750000,134.420000
2026-05-04,134.815000,135.700000,133.566000,134.440000
2026-05-05,136.500000,138.440000,136.340000,137.880000
2026-05-06,140.310000,141.680000,138.921900,141.590000
2026-05-07,141.040000,141.290000,138.520000,139.300000
2026-05-08,141.210000,143.835000,141.120000,143.810000
2026-05-11,144.840000,146.790000,144.650000,146.070000
2026-05-12,144.590000,145.120000,141.055000,144.450000
2026-05-13,146.130000,146.879900,143.914100,146.290000
2026-05-14,146.235000,147.870000,145.700000,147.520000
2026-05-15,144.275000,144.870000,143.210000,143.480000
2026-05-18,144.710000,144.734200,139.790000,141.420000
2026-05-19,139.690000,142.270000,138.050000,140.630000
2026-05-20,142.500000,143.800000,141.640000,143.310000
2026-05-21,142.730000,145.060000,142.720000,144.690000
2026-05-22,145.510000,146.090000,144.660000,144.940000
2026-05-26,147.600000,150.187500,147.410000,149.800000
2026-05-27,151.230000,151.400000,148.050000,149.600000
2026-05-28,149.530000,151.119900,148.230100,150.130000
2026-05-29,151.130000,151.908200,149.870000,150.590000
2026-06-01,150.305000,153.118500,150.145000,152.320000
2026-06-02,153.440000,154.505000,152.530000,154.320000
2026-06-03,155.150000,155.740000,153.400000,155.090000
2026-06-04,150.550000,154.063500,149.600000,152.830000
2026-06-05,149.380000,149.483800,144.000000,144.280000
2026-06-08,148.160000,148.950000,146.570000,147.880000
2026-06-09,149.960000,151.070000,141.550000,147.510000
2026-06-10,145.980000,148.670000,143.510000,143.680000
2026-06-11,145.540000,151.010000,145.399900,150.580000
2026-06-12,150.810000,153.360000,150.120000,152.480000
2026-06-15,156.995000,158.240000,156.629100,157.840000
2026-06-16,158.120000,158.945000,154.580000,154.620000
2026-06-17,156.720000,158.600000,155.130000,155.490000
2026-06-18,160.040000,160.650000,159.100000,159.900000
2026-06-22,161.910000,162.300000,160.080000,161.660000
2026-06-23,154.145000,156.760000,153.360000,154.340000
2026-06-24,154.840000,155.475000,151.340000,153.790000
2026-06-25,160.375000,160.845500,155.360000,159.640000
2026-06-26,156.190000,157.400000,154.010000,154.200000
2026-06-29,155.240000,158.605000,151.770000,158.530000
2026-06-30,158.940000,162.150000,158.695000,161.540000
2026-07-01,157.455000,158.199900,154.980000,155.320000
2026-07-02,155.840000,156.680000,149.000000,150.830000
2026-07-06,153.250000,154.680000,152.590000,152.980000
2026-07-07,149.240000,149.920000,146.675000,149.420000
2026-07-08,147.905000,150.803800,147.900000,150.570000
2026-07-09,154.680000,155.135000,152.820000,153.080000
2026-07-10,151.660000,154.279900,151.155000,153.750000
2026-07-13,151.110000,151.580000,149.250000,149.730000
2026-07-14,153.520000,153.600000,151.420000,152.860000
2026-07-15,153.040000,153.271000,147.050000,150.000000
2026-07-16,147.520000,148.300000,144.500000,145.280000
2026-07-17,142.115000,146.260000,140.450000,143.890000
2026-07-20,146.010000,147.450000,144.260000,144.520000
2026-07-21,148.410000,150.145000,147.300000,149.700000
2026-07-22,147.760000,151.250000,147.730000,150.070000
2026-07-23,148.770000,151.100000,148.770000,149.830000
2026-07-24,148.670000,149.307600,145.640000,146.510000
2026-07-27,147.570000,147.795800,142.060000,144.750000
2026-07-28,141.560000,141.890000,138.550000,140.950000
2026-07-29,141.280000,141.860000,136.290000,136.370000
2026-07-30,141.010000,143.820000,140.220100,143.420000
2026-07-31,147.195000,147.760000,142.375000,143.830000
2026-08-03,142.260000,145.780000,141.200000,145.350000
2026-08-04,148.600000,151.920000,148.500000,151.170000
2026-08-05,151.435000,153.210000,150.100000,150.270000
2026-08-06,148.405000,151.000000,147.430000,149.100000
2026-08-07,150.770000,150.970000,147.830000,149.690000
2026-08-10,149.910000,150.588400,148.590000,148.700000
2026-08-11,149.790000,149.790000,148.110000,148.560000
2026-08-12,151.480000,152.160000,150.470000,151.210000
2026-08-13,151.240000,154.040000,150.930000,152.720000
2026-08-14,153.390000,154.060000,152.220000,153.310000
2026-08-17,154.510000,156.170000,154.300000,155.160000
2026-08-18,151.890000,152.610300,149.982000,150.900000
2026-08-19,151.670000,151.698200,147.960100,148.350000
2026-08-20,147.965000,149.330000,147.587400,148.310000
2026-08-21,149.720000,149.749700,147.950100,148.730000
2026-08-24,147.280000,147.403600,144.925000,146.140000
2026-08-25,147.710000,148.328000,146.350000,147.410000
2026-08-26,147.075000,147.780000,146.800000,147.520000
2026-08-27,149.190000,149.310000,147.130000,148.600000
2026-08-28,148.220000,148.800000,146.450000,146.780000
2026-08-31,146.500000,147.180000,145.960000,147.090000
2026-09-01,145.500000,146.750000,144.767600,145.540000
2026-09-02,145.690000,146.430000,144.920000,146.340000
2026-09-03,146.200000,147.500000,144.790000,147.410000
2026-09-04,148.200000,149.785000,147.850000,149.720000
