d,c
1999-09-15,131.940000
1999-09-16,132.450000
1999-09-17,133.750000
1999-09-20,133.560000
1999-09-21,130.750000
1999-09-22,130.600000
1999-09-23,127.880000
1999-09-24,127.372504
1999-09-27,128.590000
1999-09-28,128.340000
1999-09-29,126.810000
1999-09-30,128.750000
1999-10-01,128.470000
1999-10-04,130.750000
1999-10-05,130.630000
1999-10-06,132.630000
1999-10-07,131.880000
1999-10-08,133.880000
1999-10-11,133.660000
1999-10-12,131.590000
1999-10-13,128.190000
1999-10-14,128.160000
1999-10-15,124.880000
1999-10-18,125.780000
1999-10-19,127.000000
1999-10-20,128.250000
1999-10-21,129.000000
1999-10-22,130.090000
1999-10-25,129.440000
1999-10-26,127.810000
1999-10-27,130.130000
1999-10-28,134.560000
1999-10-29,137.000000
1999-11-01,135.560000
1999-11-02,134.590000
1999-11-03,135.500000
1999-11-04,136.530000
1999-11-05,137.880000
1999-11-08,138.000000
1999-11-09,136.700000
1999-11-10,137.720000
1999-11-11,138.500000
1999-11-12,139.750000
1999-11-15,140.080000
1999-11-16,141.250000
1999-11-17,141.560000
1999-11-18,142.630000
1999-11-19,142.500000
1999-11-22,142.470000
1999-11-23,141.220000
1999-11-24,142.060000
1999-11-26,141.380000
1999-11-29,140.940000
1999-11-30,139.390000
1999-12-01,140.410000
1999-12-02,141.250000
1999-12-03,143.840000
1999-12-06,142.780000
1999-12-07,141.630000
1999-12-08,140.720000
1999-12-09,141.410000
1999-12-10,141.880000
1999-12-13,142.130000
1999-12-14,140.750000
1999-12-15,141.480000
1999-12-16,142.130000
1999-12-17,142.690000
1999-12-20,141.660000
1999-12-21,143.810000
1999-12-22,144.190000
1999-12-23,146.480000
1999-12-27,146.280000
1999-12-28,146.190000
1999-12-29,146.810000
1999-12-30,146.640000
1999-12-31,146.880000
2000-01-03,145.440000
2000-01-04,139.750000
2000-01-05,140.000000
2000-01-06,137.750000
2000-01-07,145.750000
2000-01-10,146.250000
2000-01-11,144.310000
2000-01-12,143.060000
2000-01-13,145.000000
2000-01-14,146.970000
2000-01-18,145.810000
2000-01-19,146.250000
2000-01-20,144.750000
2000-01-21,144.440000
2000-01-24,140.340000
2000-01-25,141.940000
2000-01-26,140.810000
2000-01-27,140.250000
2000-01-28,135.880000
2000-01-31,139.630000
2000-02-01,140.940000
2000-02-02,141.060000
2000-02-03,143.190000
2000-02-04,142.590000
2000-02-07,142.380000
2000-02-08,144.310000
2000-02-09,141.280000
2000-02-10,141.560000
2000-02-11,138.690000
2000-02-14,139.500000
2000-02-15,141.090000
2000-02-16,139.000000
2000-02-17,138.280000
2000-02-18,135.310000
2000-02-22,134.970000
2000-02-23,136.560000
2000-02-24,133.810000
2000-02-25,133.330000
2000-02-28,136.130000
2000-02-29,137.440000
2000-03-01,138.440000
2000-03-02,138.530000
2000-03-03,141.130000
2000-03-06,139.810000
2000-03-07,137.050000
2000-03-08,136.880000
2000-03-09,140.880000
2000-03-10,140.190000
2000-03-13,138.590000
2000-03-14,136.630000
2000-03-15,139.810000
2000-03-16,146.340000
2000-03-17,146.940000
2000-03-20,146.780000
2000-03-21,149.190000
2000-03-22,150.090000
2000-03-23,152.500000
2000-03-24,153.560000
2000-03-27,151.940000
2000-03-28,151.060000
2000-03-29,151.220000
2000-03-30,148.690000
2000-03-31,150.380000
2000-04-03,151.250000
2000-04-04,145.750000
2000-04-05,149.190000
2000-04-06,150.480000
2000-04-07,151.440000
2000-04-10,150.840000
2000-04-11,150.410000
2000-04-12,146.280000
2000-04-13,144.250000
2000-04-14,138.380000
2000-04-17,140.750000
2000-04-18,144.470000
2000-04-19,143.130000
2000-04-20,143.810000
2000-04-24,142.250000
2000-04-25,148.160000
2000-04-26,146.480000
2000-04-27,146.000000
2000-04-28,145.090000
2000-05-01,147.060000
2000-05-02,144.130000
2000-05-03,141.630000
2000-05-04,141.810000
2000-05-05,143.530000
2000-05-08,142.450000
2000-05-09,141.310000
2000-05-10,138.130000
2000-05-11,141.280000
2000-05-12,142.810000
2000-05-15,145.280000
2000-05-16,146.560000
2000-05-17,145.160000
2000-05-18,143.810000
2000-05-19,141.130000
2000-05-22,140.060000
2000-05-23,138.000000
2000-05-24,140.250000
2000-05-25,137.840000
2000-05-26,138.000000
2000-05-30,142.720000
2000-05-31,142.810000
2000-06-01,145.310000
2000-06-02,147.840000
2000-06-05,147.130000
2000-06-06,146.470000
2000-06-07,147.480000
2000-06-08,146.910000
2000-06-09,146.590000
2000-06-12,144.880000
2000-06-13,147.590000
2000-06-14,147.840000
2000-06-15,148.160000
2000-06-16,146.590000
2000-06-19,148.470000
2000-06-20,147.940000
2000-06-21,147.840000
2000-06-22,145.630000
2000-06-23,144.380000
2000-06-26,146.230000
2000-06-27,145.160000
2000-06-28,145.560000
2000-06-29,144.190000
2000-06-30,145.280000
2000-07-03,147.280000
2000-07-05,144.630000
2000-07-06,145.750000
2000-07-07,148.090000
2000-07-10,147.840000
2000-07-11,148.160000
2000-07-12,149.130000
2000-07-13,149.780000
2000-07-14,151.250000
2000-07-17,151.000000
2000-07-18,149.770000
2000-07-19,148.690000
2000-07-20,150.630000
2000-07-21,147.690000
2000-07-24,146.840000
2000-07-25,147.310000
2000-07-26,145.880000
2000-07-27,145.380000
2000-07-28,142.090000
2000-07-31,142.910000
2000-08-01,143.880000
2000-08-02,144.590000
2000-08-03,145.590000
2000-08-04,146.380000
2000-08-07,148.130000
2000-08-08,148.690000
2000-08-09,147.440000
2000-08-10,146.720000
2000-08-11,147.330000
2000-08-14,149.280000
2000-08-15,149.160000
2000-08-16,148.630000
2000-08-17,150.190000
2000-08-18,149.690000
2000-08-21,150.560000
2000-08-22,150.310000
2000-08-23,150.840000
2000-08-24,151.310000
2000-08-25,151.250000
2000-08-28,151.770000
2000-08-29,151.800000
2000-08-30,150.340000
2000-08-31,152.340000
2000-09-01,152.380000
2000-09-05,151.280000
2000-09-06,149.780000
2000-09-07,150.840000
2000-09-08,149.810000
2000-09-11,149.590000
2000-09-12,148.470000
2000-09-13,148.890000
2000-09-14,148.470000
2000-09-15,146.090000
2000-09-18,144.660000
2000-09-19,145.970000
2000-09-20,144.890000
2000-09-21,145.190000
2000-09-22,145.280000
2000-09-25,144.160000
2000-09-26,142.410000
2000-09-27,143.160000
2000-09-28,146.130000
2000-09-29,143.630000
2000-10-02,143.840000
2000-10-03,142.500000
2000-10-04,143.690000
2000-10-05,144.190000
2000-10-06,141.060000
2000-10-09,140.000000
2000-10-10,137.690000
2000-10-11,136.530000
2000-10-12,133.130000
2000-10-13,137.560000
2000-10-16,138.190000
2000-10-17,134.750000
2000-10-18,134.250000
2000-10-19,139.280000
2000-10-20,139.910000
2000-10-23,140.530000
2000-10-24,139.590000
2000-10-25,136.310000
2000-10-26,136.690000
2000-10-27,139.280000
2000-10-30,140.530000
2000-10-31,142.950000
2000-11-01,142.470000
2000-11-02,142.700000
2000-11-03,142.780000
2000-11-06,143.780000
2000-11-07,143.750000
2000-11-08,140.560000
2000-11-09,140.030000
2000-11-10,136.630000
2000-11-13,135.560000
2000-11-14,139.130000
2000-11-15,139.560000
2000-11-16,137.380000
2000-11-17,136.640000
2000-11-20,134.690000
2000-11-21,135.380000
2000-11-22,132.140000
2000-11-24,134.840000
2000-11-27,136.030000
2000-11-28,133.690000
2000-11-29,133.440000
2000-11-30,132.280000
2000-12-01,132.220000
2000-12-04,133.340000
2000-12-05,137.720000
2000-12-06,135.520000
2000-12-07,133.660000
2000-12-08,133.970000
2000-12-11,138.630000
2000-12-12,138.030000
2000-12-13,136.140000
2000-12-14,134.410000
2000-12-15,130.970000
2000-12-18,132.720000
2000-12-19,130.020000
2000-12-20,126.250000
2000-12-21,127.130000
2000-12-22,130.940000
2000-12-26,132.340000
2000-12-27,133.310000
2000-12-28,133.720000
2000-12-29,131.190000
2001-01-02,128.810000
2001-01-03,135.000000
2001-01-04,133.550000
2001-01-05,129.190000
2001-01-08,130.190000
2001-01-09,129.840000
2001-01-10,132.130000
2001-01-11,132.250000
2001-01-12,132.000000
2001-01-16,132.840000
2001-01-17,133.450000
2001-01-18,134.780000
2001-01-19,134.020000
2001-01-22,134.910000
2001-01-23,135.970000
2001-01-24,136.380000
2001-01-25,136.030000
2001-01-26,135.880000
2001-01-29,136.600000
2001-01-30,137.800000
2001-01-31,137.020000
2001-02-01,137.930000
2001-02-02,134.800000
2001-02-05,135.790000
2001-02-06,135.390000
2001-02-07,134.690000
2001-02-08,133.120000
2001-02-09,131.840000
2001-02-12,133.350000
2001-02-13,132.260000
2001-02-14,132.060000
2001-02-15,133.340000
2001-02-16,130.400000
2001-02-20,128.390000
2001-02-21,125.620000
2001-02-22,125.810000
2001-02-23,124.960000
2001-02-26,127.620000
2001-02-27,126.440000
2001-02-28,123.950000
2001-03-01,124.600000
2001-03-02,123.610000
2001-03-05,124.740000
2001-03-06,126.080000
2001-03-07,126.980000
2001-03-08,127.120000
2001-03-09,123.360000
2001-03-12,118.080000
2001-03-13,120.020000
2001-03-14,117.650000
2001-03-15,117.680000
2001-03-16,115.010000
2001-03-19,117.350000
2001-03-20,114.200000
2001-03-21,112.260000
2001-03-22,111.120000
2001-03-23,114.480000
2001-03-26,115.940000
2001-03-27,118.310000
2001-03-28,115.040000
2001-03-29,115.480000
2001-03-30,116.690000
2001-04-02,114.200000
2001-04-03,110.390000
2001-04-04,110.850000
2001-04-05,115.050000
2001-04-06,113.300000
2001-04-09,114.560000
2001-04-10,116.650000
2001-04-11,116.730000
2001-04-12,118.850000
2001-04-16,117.600000
2001-04-17,119.260000
2001-04-18,124.000000
2001-04-19,125.650000
2001-04-20,124.500000
2001-04-23,122.240000
2001-04-24,121.580000
2001-04-25,123.170000
2001-04-26,123.720000
2001-04-27,125.780000
2001-04-30,124.910000
2001-05-01,127.050000
2001-05-02,126.820000
2001-05-03,125.210000
2001-05-04,127.340000
2001-05-07,126.240000
2001-05-08,126.180000
2001-05-09,125.650000
2001-05-10,126.020000
2001-05-11,125.150000
2001-05-14,125.400000
2001-05-15,125.980000
2001-05-16,128.950000
2001-05-17,129.150000
2001-05-18,129.740000
2001-05-21,131.650000
2001-05-22,131.480000
2001-05-23,129.250000
2001-05-24,129.630000
2001-05-25,128.100000
2001-05-29,127.080000
2001-05-30,125.300000
2001-05-31,125.950000
2001-06-01,126.730000
2001-06-04,127.340000
2001-06-05,128.800000
2001-06-06,127.730000
2001-06-07,128.190000
2001-06-08,127.000000
2001-06-11,126.100000
2001-06-12,125.880000
2001-06-13,124.800000
2001-06-14,122.000000
2001-06-15,121.850000
2001-06-18,121.260000
2001-06-19,121.790000
2001-06-20,122.430000
2001-06-21,123.820000
2001-06-22,122.850000
2001-06-25,121.720000
2001-06-26,121.550000
2001-06-27,121.480000
2001-06-28,122.150000
2001-06-29,122.600000
2001-07-02,124.130000
2001-07-03,124.100000
2001-07-05,121.680000
2001-07-06,119.050000
2001-07-09,119.700000
2001-07-10,118.260000
2001-07-11,118.380000
2001-07-12,121.190000
2001-07-13,122.240000
2001-07-16,120.710000
2001-07-17,121.840000
2001-07-18,121.010000
2001-07-19,122.070000
2001-07-20,121.340000
2001-07-23,118.950000
2001-07-24,117.800000
2001-07-25,119.100000
2001-07-26,120.350000
2001-07-27,120.810000
2001-07-30,120.850000
2001-07-31,121.350000
2001-08-01,122.110000
2001-08-02,122.610000
2001-08-03,121.940000
2001-08-06,120.300000
2001-08-07,120.770000
2001-08-08,118.530000
2001-08-09,118.880000
2001-08-10,119.290000
2001-08-13,119.320000
2001-08-14,119.270000
2001-08-15,118.240000
2001-08-16,118.650000
2001-08-17,116.750000
2001-08-20,117.830000
2001-08-21,115.820000
2001-08-22,117.020000
2001-08-23,116.600000
2001-08-24,119.020000
2001-08-27,118.310000
2001-08-28,116.580000
2001-08-29,115.540000
2001-08-30,113.320000
2001-08-31,114.150000
2001-09-04,113.420000
2001-09-05,113.700000
2001-09-06,110.770000
2001-09-07,108.720000
2001-09-10,110.050000
2001-09-17,104.300000
2001-09-18,104.050000
2001-09-19,101.950000
2001-09-20,98.710000
2001-09-21,97.280000
2001-09-24,100.700000
2001-09-25,101.750000
2001-09-26,101.390000
2001-09-27,102.270000
2001-09-28,104.440000
2001-10-01,104.270000
2001-10-02,105.580000
2001-10-03,107.350000
2001-10-04,107.440000
2001-10-05,107.230000
2001-10-08,106.530000
2001-10-09,105.960000
2001-10-10,108.320000
2001-10-11,110.000000
2001-10-12,109.500000
2001-10-15,109.300000
2001-10-16,109.990000
2001-10-17,107.650000
2001-10-18,107.420000
2001-10-19,107.350000
2001-10-22,109.470000
2001-10-23,108.910000
2001-10-24,108.620000
2001-10-25,110.570000
2001-10-26,110.320000
2001-10-29,107.450000
2001-10-30,106.160000
2001-10-31,105.800000
2001-11-01,108.510000
2001-11-02,109.250000
2001-11-05,110.680000
2001-11-06,112.400000
2001-11-07,112.250000
2001-11-08,112.600000
2001-11-09,112.720000
2001-11-12,112.030000
2001-11-13,114.550000
2001-11-14,114.660000
2001-11-15,114.870000
2001-11-16,114.360000
2001-11-19,115.770000
2001-11-20,114.800000
2001-11-21,114.040000
2001-11-23,115.680000
2001-11-26,115.930000
2001-11-27,115.430000
2001-11-28,113.340000
2001-11-29,114.870000
2001-11-30,114.050000
2001-12-03,113.370000
2001-12-04,115.290000
2001-12-05,117.400000
2001-12-06,117.340000
2001-12-07,116.560000
2001-12-10,114.380000
2001-12-11,114.150000
2001-12-12,114.280000
2001-12-13,112.060000
2001-12-14,113.130000
2001-12-17,114.300000
2001-12-18,114.980000
2001-12-19,115.790000
2001-12-20,114.650000
2001-12-21,114.950000
2001-12-24,114.730000
2001-12-26,115.360000
2001-12-27,116.060000
2001-12-28,116.000000
2001-12-31,114.300000
2002-01-02,115.530000
2002-01-03,116.840000
2002-01-04,117.620000
2002-01-07,116.790000
2002-01-08,116.520000
2002-01-09,115.570000
2002-01-10,116.080000
2002-01-11,114.940000
2002-01-14,114.220000
2002-01-15,115.150000
2002-01-16,112.820000
2002-01-17,113.670000
2002-01-18,113.150000
2002-01-22,112.370000
2002-01-23,113.230000
2002-01-24,113.580000
2002-01-25,113.550000
2002-01-28,113.860000
2002-01-29,110.280000
2002-01-30,111.870000
2002-01-31,113.180000
2002-02-01,112.650000
2002-02-04,109.850000
2002-02-05,109.170000
2002-02-06,108.700000
2002-02-07,108.020000
2002-02-08,110.090000
2002-02-11,111.440000
2002-02-12,111.090000
2002-02-13,112.270000
2002-02-14,112.060000
2002-02-15,110.890000
2002-02-19,108.760000
2002-02-20,110.590000
2002-02-21,108.300000
2002-02-22,109.640000
2002-02-25,111.450000
2002-02-26,111.220000
2002-02-27,111.650000
2002-02-28,111.150000
2002-03-01,113.740000
2002-03-04,115.750000
2002-03-05,115.380000
2002-03-06,116.750000
2002-03-07,116.500000
2002-03-08,116.990000
2002-03-11,117.240000
2002-03-12,117.170000
2002-03-13,116.040000
2002-03-14,115.880000
2002-03-15,116.650000
2002-03-18,116.670000
2002-03-19,117.450000
2002-03-20,115.240000
2002-03-21,115.290000
2002-03-22,115.040000
2002-03-25,113.610000
2002-03-26,114.270000
2002-03-27,114.570000
2002-03-28,114.520000
2002-04-01,114.570000
2002-04-02,113.940000
2002-04-03,113.140000
2002-04-04,112.670000
2002-04-05,112.690000
2002-04-08,112.930000
2002-04-09,112.140000
2002-04-10,113.410000
2002-04-11,110.590000
2002-04-12,111.420000
2002-04-15,110.570000
2002-04-16,113.200000
2002-04-17,112.960000
2002-04-18,112.470000
2002-04-19,112.880000
2002-04-22,111.000000
2002-04-23,110.520000
2002-04-24,109.410000
2002-04-25,109.470000
2002-04-26,107.390000
2002-04-29,106.860000
2002-04-30,107.860000
2002-05-01,109.180000
2002-05-02,108.760000
2002-05-03,107.580000
2002-05-06,105.470000
2002-05-07,105.100000
2002-05-08,109.010000
2002-05-09,107.750000
2002-05-10,105.720000
2002-05-13,107.870000
2002-05-14,110.220000
2002-05-15,109.790000
2002-05-16,110.360000
2002-05-17,110.900000
2002-05-20,109.700000
2002-05-21,108.700000
2002-05-22,108.940000
2002-05-23,110.100000
2002-05-24,108.690000
2002-05-28,108.100000
2002-05-29,107.300000
2002-05-30,107.000000
2002-05-31,107.220000
2002-06-03,104.370000
2002-06-04,104.630000
2002-06-05,105.610000
2002-06-06,103.460000
2002-06-07,103.340000
2002-06-10,103.740000
2002-06-11,101.960000
2002-06-12,102.580000
2002-06-13,101.550000
2002-06-14,101.400000
2002-06-17,104.120000
2002-06-18,104.970000
2002-06-19,102.520000
2002-06-20,101.210000
2002-06-21,99.280000
2002-06-24,99.800000
2002-06-25,97.560000
2002-06-26,97.720000
2002-06-27,99.430000
2002-06-28,98.960000
2002-07-01,97.030000
2002-07-02,94.970000
2002-07-03,95.510000
2002-07-05,99.310000
2002-07-08,98.070000
2002-07-09,95.600000
2002-07-10,92.120000
2002-07-11,92.870000
2002-07-12,91.850000
2002-07-15,92.340000
2002-07-16,90.560000
2002-07-17,90.740000
2002-07-18,87.800000
2002-07-19,84.710000
2002-07-22,82.200000
2002-07-23,79.950000
2002-07-24,84.720000
2002-07-25,84.000000
2002-07-26,85.600000
2002-07-29,89.770000
2002-07-30,90.940000
2002-07-31,91.160000
2002-08-01,88.780000
2002-08-02,86.790000
2002-08-05,83.770000
2002-08-06,86.590000
2002-08-07,88.100000
2002-08-08,90.950000
2002-08-09,91.290000
2002-08-12,90.620000
2002-08-13,88.970000
2002-08-14,92.220000
2002-08-15,93.500000
2002-08-16,93.220000
2002-08-19,95.400000
2002-08-20,94.390000
2002-08-21,95.750000
2002-08-22,96.680000
2002-08-23,94.600000
2002-08-26,95.260000
2002-08-27,94.160000
2002-08-28,92.100000
2002-08-29,92.140000
2002-08-30,91.780000
2002-09-03,88.280000
2002-09-04,89.540000
2002-09-05,88.780000
2002-09-06,90.000000
2002-09-09,90.660000
2002-09-10,91.700000
2002-09-11,91.130000
2002-09-12,89.450000
2002-09-13,89.670000
2002-09-16,89.890000
2002-09-17,87.830000
2002-09-18,86.950000
2002-09-19,84.700000
2002-09-20,84.350000
2002-09-23,83.660000
2002-09-24,82.310000
2002-09-25,84.350000
2002-09-26,85.730000
2002-09-27,82.750000
2002-09-30,81.790000
2002-10-01,85.720000
2002-10-02,83.150000
2002-10-03,82.310000
2002-10-04,80.800000
2002-10-07,79.130000
2002-10-08,80.370000
2002-10-09,78.100000
2002-10-10,80.630000
2002-10-11,84.160000
2002-10-14,84.630000
2002-10-15,88.700000
2002-10-16,86.550000
2002-10-17,88.270000
2002-10-18,88.640000
2002-10-21,90.170000
2002-10-22,89.520000
2002-10-23,90.200000
2002-10-24,88.360000
2002-10-25,90.200000
2002-10-28,89.610000
2002-10-29,88.570000
2002-10-30,89.430000
2002-10-31,88.520000
2002-11-01,90.270000
2002-11-04,91.130000
2002-11-05,91.850000
2002-11-06,93.040000
2002-11-07,90.760000
2002-11-08,89.650000
2002-11-11,88.260000
2002-11-12,88.960000
2002-11-13,89.050000
2002-11-14,90.730000
2002-11-15,91.400000
2002-11-18,90.480000
2002-11-19,90.360000
2002-11-20,92.370000
2002-11-21,94.090000
2002-11-22,93.420000
2002-11-25,93.480000
2002-11-26,91.700000
2002-11-27,94.280000
2002-11-29,93.980000
2002-12-02,94.130000
2002-12-03,92.870000
2002-12-04,92.450000
2002-12-05,91.430000
2002-12-06,92.030000
2002-12-09,89.500000
2002-12-10,90.700000
2002-12-11,90.780000
2002-12-12,90.770000
2002-12-13,89.340000
2002-12-16,91.650000
2002-12-17,90.850000
2002-12-18,89.800000
2002-12-19,89.160000
2002-12-20,89.990000
2002-12-23,90.020000
2002-12-24,89.360000
2002-12-26,89.390000
2002-12-27,87.380000
2002-12-30,88.110000
2002-12-31,88.230000
2003-01-02,91.070000
2003-01-03,91.350000
2003-01-06,92.960000
2003-01-07,92.730000
2003-01-08,91.390000
2003-01-09,92.810000
2003-01-10,93.060000
2003-01-13,93.030000
2003-01-14,93.330000
2003-01-15,92.400000
2003-01-16,92.020000
2003-01-17,90.660000
2003-01-21,89.250000
2003-01-22,88.170000
2003-01-23,88.710000
2003-01-24,86.380000
2003-01-27,85.200000
2003-01-28,85.830000
2003-01-29,86.480000
2003-01-30,84.430000
2003-01-31,86.060000
2003-02-03,86.230000
2003-02-04,85.380000
2003-02-05,84.850000
2003-02-06,84.450000
2003-02-07,83.420000
2003-02-10,84.010000
2003-02-11,83.430000
2003-02-12,82.100000
2003-02-13,82.350000
2003-02-14,84.150000
2003-02-18,85.630000
2003-02-19,85.180000
2003-02-20,84.330000
2003-02-21,85.180000
2003-02-24,83.800000
2003-02-25,84.470000
2003-02-26,83.240000
2003-02-27,84.340000
2003-02-28,84.900000
2003-03-03,84.090000
2003-03-04,82.750000
2003-03-05,83.450000
2003-03-06,82.750000
2003-03-07,83.320000
2003-03-10,81.320000
2003-03-11,80.520000
2003-03-12,81.060000
2003-03-13,83.860000
2003-03-14,84.130000
2003-03-17,86.780000
2003-03-18,87.290000
2003-03-19,87.960000
2003-03-20,88.150000
2003-03-21,89.670000
2003-03-24,86.690000
2003-03-25,87.520000
2003-03-26,87.080000
2003-03-27,87.150000
2003-03-28,86.710000
2003-03-31,84.740000
2003-04-01,86.040000
2003-04-02,88.120000
2003-04-03,87.700000
2003-04-04,88.220000
2003-04-07,88.050000
2003-04-08,88.190000
2003-04-09,87.030000
2003-04-10,87.510000
2003-04-11,87.150000
2003-04-14,88.950000
2003-04-15,89.780000
2003-04-16,88.250000
2003-04-17,89.560000
2003-04-21,89.650000
2003-04-22,91.340000
2003-04-23,92.180000
2003-04-24,91.360000
2003-04-25,90.230000
2003-04-28,91.790000
2003-04-29,91.790000
2003-04-30,91.910000
2003-05-01,91.900000
2003-05-02,93.210000
2003-05-05,93.030000
2003-05-06,93.910000
2003-05-07,93.390000
2003-05-08,92.450000
2003-05-09,93.730000
2003-05-12,94.880000
2003-05-13,94.710000
2003-05-14,94.510000
2003-05-15,95.110000
2003-05-16,94.870000
2003-05-19,92.650000
2003-05-20,92.460000
2003-05-21,92.650000
2003-05-22,93.570000
2003-05-23,93.760000
2003-05-27,95.400000
2003-05-28,95.670000
2003-05-29,95.420000
2003-05-30,96.950000
2003-06-02,97.350000
2003-06-03,97.750000
2003-06-04,99.160000
2003-06-05,99.650000
2003-06-06,99.260000
2003-06-09,98.250000
2003-06-10,99.250000
2003-06-11,100.300000
2003-06-12,100.610000
2003-06-13,99.560000
2003-06-16,101.660000
2003-06-17,101.660000
2003-06-18,101.570000
2003-06-19,100.020000
2003-06-20,99.440000
2003-06-23,98.420000
2003-06-24,98.520000
2003-06-25,97.530000
2003-06-26,98.800000
2003-06-27,97.660000
2003-06-30,97.630000
2003-07-01,98.530000
2003-07-02,99.770000
2003-07-03,98.740000
2003-07-07,100.700000
2003-07-08,101.150000
2003-07-09,100.580000
2003-07-10,99.300000
2003-07-11,100.240000
2003-07-14,100.730000
2003-07-15,100.510000
2003-07-16,99.920000
2003-07-17,98.500000
2003-07-18,99.510000
2003-07-21,98.280000
2003-07-22,99.170000
2003-07-23,99.240000
2003-07-24,98.490000
2003-07-25,100.230000
2003-07-28,99.860000
2003-07-29,99.400000
2003-07-30,99.160000
2003-07-31,99.390000
2003-08-01,98.510000
2003-08-04,98.510000
2003-08-05,96.420000
2003-08-06,96.980000
2003-08-07,98.000000
2003-08-08,98.280000
2003-08-11,98.650000
2003-08-12,99.550000
2003-08-13,99.040000
2003-08-14,99.310000
2003-08-15,99.620000
2003-08-18,100.480000
2003-08-19,100.860000
2003-08-20,100.450000
2003-08-21,100.770000
2003-08-22,99.770000
2003-08-25,99.930000
2003-08-26,100.110000
2003-08-27,100.140000
2003-08-28,100.760000
2003-08-29,101.440000
2003-09-02,102.800000
2003-09-03,103.360000
2003-09-04,103.410000
2003-09-05,102.830000
2003-09-08,103.680000
2003-09-09,103.000000
2003-09-10,101.960000
2003-09-11,102.260000
2003-09-12,102.450000
2003-09-15,102.090000
2003-09-16,103.580000
2003-09-17,103.380000
2003-09-18,104.600000
2003-09-19,103.670000
2003-09-22,102.550000
2003-09-23,102.940000
2003-09-24,101.110000
2003-09-25,100.280000
2003-09-26,99.950000
2003-09-29,100.930000
2003-09-30,99.950000
2003-10-01,102.080000
2003-10-02,102.450000
2003-10-03,103.390000
2003-10-06,103.860000
2003-10-07,104.260000
2003-10-08,104.000000
2003-10-09,104.280000
2003-10-10,104.570000
2003-10-13,104.900000
2003-10-14,105.270000
2003-10-15,104.990000
2003-10-16,105.410000
2003-10-17,104.260000
2003-10-20,105.040000
2003-10-21,104.860000
2003-10-22,103.540000
2003-10-23,103.350000
2003-10-24,103.580000
2003-10-27,103.630000
2003-10-28,105.040000
2003-10-29,105.180000
2003-10-30,105.400000
2003-10-31,105.300000
2003-11-03,105.990000
2003-11-04,105.760000
2003-11-05,105.840000
2003-11-06,106.400000
2003-11-07,105.610000
2003-11-10,105.180000
2003-11-11,105.150000
2003-11-12,106.330000
2003-11-13,106.360000
2003-11-14,105.460000
2003-11-17,104.930000
2003-11-18,103.840000
2003-11-19,104.720000
2003-11-20,103.780000
2003-11-21,104.210000
2003-11-24,105.590000
2003-11-25,105.990000
2003-11-26,106.370000
2003-11-28,106.450000
2003-12-01,107.600000
2003-12-02,107.330000
2003-12-03,107.160000
2003-12-04,107.600000
2003-12-05,106.850000
2003-12-08,107.570000
2003-12-09,106.740000
2003-12-10,106.730000
2003-12-11,107.930000
2003-12-12,108.140000
2003-12-15,107.600000
2003-12-16,108.160000
2003-12-17,108.500000
2003-12-18,109.720000
2003-12-19,108.900000
2003-12-22,109.660000
2003-12-23,109.730000
2003-12-24,109.620000
2003-12-26,109.700000
2003-12-29,111.160000
2003-12-30,111.180000
2003-12-31,111.280000
2004-01-02,111.230000
2004-01-05,112.440000
2004-01-06,112.550000
2004-01-07,112.930000
2004-01-08,113.380000
2004-01-09,112.390000
2004-01-12,113.220000
2004-01-13,112.560000
2004-01-14,113.500000
2004-01-15,113.780000
2004-01-16,114.230000
2004-01-20,114.200000
2004-01-21,115.100000
2004-01-22,114.800000
2004-01-23,114.430000
2004-01-26,115.870000
2004-01-27,114.680000
2004-01-28,113.370000
2004-01-29,113.480000
2004-01-30,113.480000
2004-02-02,113.970000
2004-02-03,113.780000
2004-02-04,112.850000
2004-02-05,113.180000
2004-02-06,114.450000
2004-02-09,114.480000
2004-02-10,114.850000
2004-02-11,116.070000
2004-02-12,115.650000
2004-02-13,115.130000
2004-02-17,116.170000
2004-02-18,115.660000
2004-02-19,115.230000
2004-02-20,114.880000
2004-02-23,114.590000
2004-02-24,114.390000
2004-02-25,114.870000
2004-02-26,114.940000
2004-02-27,115.020000
2004-03-01,116.160000
2004-03-02,115.480000
2004-03-03,115.690000
2004-03-04,115.990000
2004-03-05,116.380000
2004-03-08,114.960000
2004-03-09,114.500000
2004-03-10,112.580000
2004-03-11,111.120000
2004-03-12,112.580000
2004-03-15,111.200000
2004-03-16,111.790000
2004-03-17,113.040000
2004-03-18,113.070000
2004-03-19,111.060000
2004-03-22,109.650000
2004-03-23,109.460000
2004-03-24,109.550000
2004-03-25,111.000000
2004-03-26,111.030000
2004-03-29,112.590000
2004-03-30,112.970000
2004-03-31,113.100000
2004-04-01,113.780000
2004-04-02,114.640000
2004-04-05,115.270000
2004-04-06,114.900000
2004-04-07,114.630000
2004-04-08,114.370000
2004-04-12,114.820000
2004-04-13,113.210000
2004-04-14,113.390000
2004-04-15,112.960000
2004-04-16,113.830000
2004-04-19,113.830000
2004-04-20,111.920000
2004-04-21,112.670000
2004-04-22,114.250000
2004-04-23,114.360000
2004-04-26,114.200000
2004-04-27,114.300000
2004-04-28,112.820000
2004-04-29,111.830000
2004-04-30,110.960000
2004-05-03,112.150000
2004-05-04,112.060000
2004-05-05,112.780000
2004-05-06,111.810000
2004-05-07,109.960000
2004-05-10,108.830000
2004-05-11,109.750000
2004-05-12,110.450000
2004-05-13,109.990000
2004-05-14,110.040000
2004-05-17,109.100000
2004-05-18,109.650000
2004-05-19,109.270000
2004-05-20,109.620000
2004-05-21,109.810000
2004-05-24,110.270000
2004-05-25,111.850000
2004-05-26,112.240000
2004-05-27,112.870000
2004-05-28,112.860000
2004-06-01,112.710000
2004-06-02,113.130000
2004-06-03,112.090000
2004-06-04,112.980000
2004-06-07,114.700000
2004-06-08,114.860000
2004-06-09,113.790000
2004-06-10,114.350000
2004-06-14,113.220000
2004-06-15,114.020000
2004-06-16,114.000000
2004-06-17,113.830000
2004-06-18,113.630000
2004-06-21,113.200000
2004-06-22,113.770000
2004-06-23,114.750000
2004-06-24,114.390000
2004-06-25,113.840000
2004-06-28,113.450000
2004-06-29,113.920000
2004-06-30,114.530000
2004-07-01,112.940000
2004-07-02,112.880000
2004-07-06,111.890000
2004-07-07,112.220000
2004-07-08,111.420000
2004-07-09,111.730000
2004-07-12,111.780000
2004-07-13,111.860000
2004-07-14,111.520000
2004-07-15,110.800000
2004-07-16,110.710000
2004-07-19,110.240000
2004-07-20,111.640000
2004-07-21,109.580000
2004-07-22,109.880000
2004-07-23,108.960000
2004-07-26,108.750000
2004-07-27,109.770000
2004-07-28,110.100000
2004-07-29,110.570000
2004-07-30,110.840000
2004-08-02,111.070000
2004-08-03,110.210000
2004-08-04,110.200000
2004-08-05,108.400000
2004-08-06,106.850000
2004-08-09,107.000000
2004-08-10,108.220000
2004-08-11,108.160000
2004-08-12,106.980000
2004-08-13,107.190000
2004-08-16,108.300000
2004-08-17,108.910000
2004-08-18,110.030000
2004-08-19,109.710000
2004-08-20,110.480000
2004-08-23,110.200000
2004-08-24,110.350000
2004-08-25,111.100000
2004-08-26,111.100000
2004-08-27,111.450000
2004-08-30,110.530000
2004-08-31,111.110000
2004-09-01,111.320000
2004-09-02,112.580000
2004-09-03,112.120000
2004-09-07,112.860000
2004-09-08,112.580000
2004-09-09,112.480000
2004-09-10,113.060000
2004-09-13,113.430000
2004-09-14,113.660000
2004-09-15,112.800000
2004-09-16,113.140000
2004-09-17,113.150000
2004-09-20,112.470000
2004-09-21,112.960000
2004-09-22,111.550000
2004-09-23,110.950000
2004-09-24,111.460000
2004-09-27,110.750000
2004-09-28,111.280000
2004-09-29,111.840000
2004-09-30,111.760000
2004-10-01,113.650000
2004-10-04,113.840000
2004-10-05,113.900000
2004-10-06,114.620000
2004-10-07,113.450000
2004-10-08,112.510000
2004-10-11,112.970000
2004-10-12,112.530000
2004-10-13,111.540000
2004-10-14,110.640000
2004-10-15,111.260000
2004-10-18,111.680000
2004-10-19,110.740000
2004-10-20,110.520000
2004-10-21,111.240000
2004-10-22,109.990000
2004-10-25,109.860000
2004-10-26,111.540000
2004-10-27,112.880000
2004-10-28,113.220000
2004-10-29,113.200000
2004-11-01,113.510000
2004-11-02,113.550000
2004-11-03,114.980000
2004-11-04,116.550000
2004-11-05,117.280000
2004-11-08,117.110000
2004-11-09,116.880000
2004-11-10,116.970000
2004-11-11,117.860000
2004-11-12,118.790000
2004-11-15,118.730000
2004-11-16,117.880000
2004-11-17,118.580000
2004-11-18,118.740000
2004-11-19,117.420000
2004-11-22,117.980000
2004-11-23,118.160000
2004-11-24,118.440000
2004-11-26,118.350000
2004-11-29,117.810000
2004-11-30,117.890000
2004-12-01,119.230000
2004-12-02,119.330000
2004-12-03,119.250000
2004-12-06,119.210000
2004-12-07,118.100000
2004-12-08,118.790000
2004-12-09,119.210000
2004-12-10,119.330000
2004-12-13,120.370000
2004-12-14,120.790000
2004-12-15,120.880000
2004-12-16,120.810000
2004-12-17,119.440000
2004-12-20,119.470000
2004-12-21,120.390000
2004-12-22,120.680000
2004-12-23,120.770000
2004-12-27,120.520000
2004-12-28,121.180000
2004-12-29,121.360000
2004-12-30,121.130000
2004-12-31,120.870000
2005-01-03,120.300000
2005-01-04,118.830000
2005-01-05,118.010000
2005-01-06,118.610000
2005-01-07,118.440000
2005-01-10,119.000000
2005-01-11,118.332300
2005-01-12,117.635600
2005-01-13,117.620000
2005-01-14,118.240000
2005-01-18,119.580000
2005-01-19,119.080000
2005-01-20,117.500000
2005-01-21,116.780000
2005-01-24,116.550000
2005-01-25,116.880000
2005-01-26,117.230400
2005-01-27,117.430000
2005-01-28,117.430000
2005-01-31,118.140000
2005-02-01,118.710800
2005-02-02,119.339200
2005-02-03,119.110000
2005-02-04,120.230000
2005-02-07,120.373000
2005-02-08,120.357500
2005-02-09,119.549700
2005-02-10,119.740000
2005-02-11,120.770000
2005-02-14,120.680000
2005-02-15,121.053800
2005-02-16,121.210000
2005-02-17,120.315700
2005-02-18,120.266900
2005-02-22,119.579200
2005-02-23,119.097200
2005-02-24,119.327100
2005-02-25,121.017900
2005-02-28,120.630000
2005-03-01,121.230000
2005-03-02,121.446000
2005-03-03,121.220000
2005-03-04,122.730000
2005-03-07,122.900700
2005-03-08,122.847000
2005-03-09,121.037900
2005-03-10,121.033000
2005-03-11,120.485300
2005-03-14,121.080000
2005-03-15,120.650000
2005-03-16,119.205000
2005-03-17,119.360100
2005-03-18,118.669500
2005-03-21,118.288400
2005-03-22,118.200000
2005-03-23,117.000000
2005-03-24,117.140000
2005-03-28,117.310000
2005-03-29,116.500000
2005-03-30,118.015000
2005-03-31,117.945000
2005-04-01,117.191300
2005-04-04,117.580000
2005-04-05,118.170000
2005-04-06,118.600000
2005-04-07,119.240000
2005-04-08,118.000000
2005-04-11,118.090000
2005-04-12,118.700000
2005-04-13,117.300000
2005-04-14,116.805300
2005-04-15,114.280000
2005-04-18,114.500000
2005-04-19,115.213900
2005-04-20,113.960000
2005-04-21,116.020000
2005-04-22,115.723700
2005-04-25,115.248300
2005-04-26,116.342000
2005-04-27,115.771400
2005-04-28,114.200000
2005-04-29,115.750000
2005-05-02,116.400000
2005-05-03,115.960000
2005-05-04,116.224400
2005-05-05,117.460000
2005-05-06,117.090000
2005-05-09,117.820000
2005-05-10,116.600000
2005-05-11,117.240000
2005-05-12,115.950000
2005-05-13,115.720000
2005-05-16,116.800000
2005-05-17,117.580000
2005-05-18,118.790000
2005-05-19,119.290000
2005-05-20,119.360000
2005-05-23,119.780000
2005-05-24,119.500000
2005-05-25,119.660100
2005-05-26,120.050000
2005-05-27,120.250000
2005-05-31,119.480000
2005-06-01,120.500000
2005-06-02,120.697500
2005-06-03,120.150000
2005-06-06,120.040000
2005-06-07,120.130000
2005-06-08,119.910000
2005-06-09,120.480000
2005-06-10,120.200000
2005-06-13,120.580000
2005-06-14,120.860000
2005-06-15,121.090000
2005-06-16,121.389000
2005-06-17,121.360000
2005-06-20,121.400000
2005-06-21,121.322000
2005-06-22,121.269600
2005-06-23,119.860000
2005-06-24,118.980000
2005-06-27,119.109400
2005-06-28,120.100000
2005-06-29,119.830000
2005-06-30,119.180000
2005-07-01,119.530000
2005-07-05,120.119000
2005-07-06,119.515000
2005-07-07,119.060500
2005-07-08,121.320000
2005-07-11,121.940000
2005-07-12,122.260000
2005-07-13,122.430000
2005-07-14,122.888000
2005-07-15,122.840000
2005-07-18,122.162000
2005-07-19,123.020000
2005-07-20,123.440000
2005-07-21,122.720000
2005-07-22,123.097000
2005-07-25,123.418600
2005-07-26,123.263000
2005-07-27,123.502000
2005-07-28,124.570000
2005-07-29,123.740000
2005-08-01,123.650000
2005-08-02,123.637400
2005-08-03,124.720000
2005-08-04,123.720000
2005-08-05,122.880000
2005-08-08,122.454600
2005-08-09,123.390000
2005-08-10,123.707000
2005-08-11,123.490500
2005-08-12,123.060000
2005-08-15,123.701300
2005-08-16,122.151000
2005-08-17,122.200000
2005-08-18,122.200000
2005-08-19,122.470000
2005-08-22,122.470000
2005-08-23,122.240000
2005-08-24,121.693400
2005-08-25,121.590000
2005-08-26,120.760000
2005-08-29,121.690000
2005-08-30,121.050000
2005-08-31,121.205700
2005-09-01,122.416900
2005-09-02,122.270000
2005-09-06,123.700000
2005-09-07,123.910000
2005-09-08,123.910000
2005-09-09,124.600000
2005-09-12,124.350000
2005-09-13,123.660000
2005-09-14,123.210000
2005-09-15,123.150000
2005-09-16,123.500000
2005-09-19,123.090000
2005-09-20,123.475600
2005-09-21,121.525000
2005-09-22,120.774800
2005-09-23,121.440000
2005-09-26,121.963700
2005-09-27,121.785400
2005-09-28,121.670000
2005-09-29,121.420000
2005-09-30,123.040000
2005-10-03,122.735000
2005-10-04,121.585000
2005-10-05,120.307700
2005-10-06,118.869300
2005-10-07,119.449500
2005-10-10,118.859000
2005-10-11,118.661000
2005-10-12,117.762300
2005-10-13,117.769500
2005-10-14,118.539400
2005-10-17,118.923000
2005-10-18,118.116000
2005-10-19,119.397700
2005-10-20,117.590000
2005-10-21,118.130000
2005-10-24,118.029100
2005-10-25,119.720000
2005-10-26,119.410000
2005-10-27,118.612100
2005-10-28,119.800000
2005-10-31,120.702900
2005-11-01,120.430000
2005-11-02,120.385900
2005-11-03,122.227400
2005-11-04,122.110000
2005-11-07,122.230000
2005-11-08,122.230000
2005-11-09,122.260000
2005-11-10,122.304200
2005-11-11,123.760000
2005-11-14,123.682900
2005-11-15,123.240000
2005-11-16,123.490000
2005-11-17,124.550000
2005-11-18,125.130000
2005-11-21,125.284100
2005-11-22,125.675000
2005-11-23,126.491000
2005-11-25,127.130000
2005-11-28,126.230000
2005-11-29,126.090000
2005-11-30,125.290000
2005-12-01,126.870000
2005-12-02,126.890000
2005-12-05,126.501300
2005-12-06,126.750000
2005-12-07,126.788700
2005-12-08,126.000000
2005-12-09,126.276400
2005-12-12,126.435500
2005-12-13,126.938400
2005-12-14,127.589700
2005-12-15,127.529000
2005-12-16,126.580000
2005-12-19,126.680000
2005-12-20,125.830000
2005-12-21,126.070000
2005-12-22,126.690000
2005-12-23,126.760000
2005-12-27,126.162600
2005-12-28,125.757100
2005-12-29,125.190000
2005-12-30,124.510000
2006-01-03,125.614700
2006-01-04,127.300000
2006-01-05,127.250000
2006-01-06,128.440000
2006-01-09,128.700000
2006-01-10,128.954400
2006-01-11,129.280000
2006-01-12,128.777800
2006-01-13,128.561000
2006-01-17,128.330000
2006-01-18,127.790000
2006-01-19,128.351800
2006-01-20,125.970000
2006-01-23,126.420000
2006-01-24,126.610000
2006-01-25,126.660000
2006-01-26,127.320000
2006-01-27,128.227100
2006-01-30,128.366000
2006-01-31,127.500000
2006-02-01,128.089100
2006-02-02,128.288000
2006-02-03,126.270000
2006-02-06,126.604100
2006-02-07,125.604800
2006-02-08,126.620000
2006-02-09,126.400000
2006-02-10,126.640000
2006-02-13,126.427900
2006-02-14,127.750000
2006-02-15,128.174100
2006-02-16,129.160000
2006-02-17,128.810000
2006-02-21,128.490000
2006-02-22,129.270000
2006-02-23,129.000000
2006-02-24,129.410000
2006-02-27,129.530000
2006-02-28,128.230000
2006-03-01,129.370000
2006-03-02,129.360000
2006-03-03,128.760000
2006-03-06,128.170000
2006-03-07,127.768900
2006-03-08,128.230000
2006-03-09,127.580000
2006-03-10,128.590000
2006-03-13,128.830000
2006-03-14,129.312700
2006-03-15,130.780000
2006-03-16,131.030000
2006-03-17,130.620000
2006-03-20,130.360000
2006-03-21,129.590000
2006-03-22,130.380000
2006-03-23,130.110000
2006-03-24,130.150200
2006-03-27,130.030000
2006-03-28,129.140000
2006-03-29,130.030000
2006-03-30,129.800000
2006-03-31,129.371700
2006-04-03,129.730000
2006-04-04,130.560000
2006-04-05,131.010000
2006-04-06,130.870000
2006-04-07,129.540000
2006-04-10,129.740000
2006-04-11,128.640000
2006-04-12,128.880000
2006-04-13,128.710000
2006-04-17,128.660000
2006-04-18,130.700000
2006-04-19,130.756200
2006-04-20,131.005400
2006-04-21,131.150000
2006-04-24,130.910000
2006-04-25,130.370000
2006-04-26,130.202600
2006-04-27,131.030000
2006-04-28,131.470000
2006-05-01,131.177000
2006-05-02,130.583800
2006-05-03,130.890000
2006-05-04,131.360000
2006-05-05,132.520000
2006-05-08,132.499200
2006-05-09,132.620000
2006-05-10,132.400500
2006-05-11,130.927000
2006-05-12,129.965200
2006-05-15,129.500000
2006-05-16,129.310000
2006-05-17,126.850000
2006-05-18,126.210000
2006-05-19,127.100000
2006-05-22,126.130000
2006-05-23,125.170000
2006-05-24,126.170000
2006-05-25,127.730000
2006-05-26,128.380000
2006-05-30,126.100000
2006-05-31,127.510000
2006-06-01,128.730000
2006-06-02,129.000000
2006-06-05,127.120000
2006-06-06,126.810000
2006-06-07,125.860000
2006-06-08,125.750000
2006-06-09,125.350000
2006-06-12,123.990000
2006-06-13,122.550000
2006-06-14,123.500000
2006-06-15,126.120000
2006-06-16,124.650000
2006-06-19,123.670000
2006-06-20,124.090000
2006-06-21,125.010000
2006-06-22,124.460000
2006-06-23,124.440000
2006-06-26,124.990000
2006-06-27,123.910000
2006-06-28,124.750000
2006-06-29,127.270000
2006-06-30,127.230000
2006-07-03,127.800000
2006-07-05,127.070000
2006-07-06,127.440000
2006-07-07,126.610000
2006-07-10,126.850000
2006-07-11,127.410000
2006-07-12,126.050000
2006-07-13,124.000000
2006-07-14,123.520000
2006-07-17,123.340000
2006-07-18,123.970000
2006-07-19,125.690000
2006-07-20,124.830000
2006-07-21,123.950000
2006-07-24,126.210000
2006-07-25,126.660000
2006-07-26,126.830000
2006-07-27,126.710000
2006-07-28,127.980000
2006-07-31,127.850000
2006-08-01,127.220000
2006-08-02,128.080000
2006-08-03,128.153400
2006-08-04,128.200000
2006-08-07,127.950000
2006-08-08,127.701600
2006-08-09,126.980000
2006-08-10,126.795500
2006-08-11,126.810300
2006-08-14,127.618200
2006-08-15,128.630000
2006-08-16,128.822000
2006-08-17,130.030000
2006-08-18,130.234000
2006-08-21,130.497600
2006-08-22,130.107900
2006-08-23,129.760000
2006-08-24,129.718300
2006-08-25,129.810000
2006-08-28,130.529400
2006-08-29,130.296200
2006-08-30,130.821600
2006-08-31,130.723400
2006-09-01,131.420000
2006-09-05,131.675200
2006-09-06,130.510000
2006-09-07,130.025800
2006-09-08,130.248200
2006-09-11,130.093200
2006-09-12,131.164700
2006-09-13,132.000400
2006-09-14,132.230000
2006-09-15,131.960000
2006-09-18,131.984200
2006-09-19,131.995400
2006-09-20,132.473500
2006-09-21,131.870000
2006-09-22,131.470000
2006-09-25,131.385600
2006-09-26,132.544500
2006-09-27,133.753800
2006-09-28,133.690000
2006-09-29,133.580000
2006-10-02,133.080000
2006-10-03,133.640000
2006-10-04,134.983000
2006-10-05,135.068500
2006-10-06,134.914400
2006-10-09,135.090000
2006-10-10,135.126100
2006-10-11,135.361800
2006-10-12,136.280000
2006-10-13,136.524600
2006-10-16,136.726100
2006-10-17,136.840000
2006-10-18,136.559400
2006-10-19,136.544800
2006-10-20,136.684900
2006-10-23,137.423000
2006-10-24,137.488100
2006-10-25,138.360000
2006-10-26,138.904500
2006-10-27,137.910000
2006-10-30,137.810000
2006-10-31,137.860000
2006-11-01,138.260000
2006-11-02,136.684900
2006-11-03,136.540000
2006-11-06,137.721900
2006-11-07,138.710000
2006-11-08,138.910000
2006-11-09,138.015000
2006-11-10,138.240000
2006-11-13,138.580000
2006-11-14,139.620000
2006-11-15,140.026300
2006-11-16,140.261000
2006-11-17,140.125500
2006-11-20,140.500000
2006-11-21,140.640000
2006-11-22,140.920000
2006-11-24,140.390000
2006-11-27,138.420000
2006-11-28,138.546400
2006-11-29,140.470000
2006-11-30,140.480000
2006-12-01,140.220000
2006-12-04,141.290000
2006-12-05,141.900000
2006-12-06,141.780000
2006-12-07,141.210000
2006-12-08,141.420000
2006-12-11,141.830000
2006-12-12,141.710000
2006-12-13,141.860000
2006-12-14,142.765800
2006-12-15,142.340000
2006-12-18,141.985000
2006-12-19,142.220000
2006-12-20,142.140000
2006-12-21,141.620000
2006-12-22,140.750000
2006-12-26,141.580000
2006-12-27,142.510000
2006-12-28,142.210000
2006-12-29,141.620000
2007-01-03,141.108400
2007-01-04,141.670000
2007-01-05,140.775900
2007-01-08,141.113000
2007-01-09,141.070000
2007-01-10,141.360000
2007-01-11,142.160000
2007-01-12,143.240000
2007-01-16,143.112900
2007-01-17,143.020000
2007-01-18,142.480100
2007-01-19,142.820000
2007-01-22,142.430000
2007-01-23,142.820000
2007-01-24,143.950000
2007-01-25,142.270000
2007-01-26,142.160000
2007-01-29,142.019700
2007-01-30,142.790000
2007-01-31,143.800300
2007-02-01,144.610000
2007-02-02,144.900000
2007-02-05,144.860000
2007-02-06,144.890000
2007-02-07,145.140000
2007-02-08,144.870000
2007-02-09,143.940000
2007-02-12,143.400000
2007-02-13,144.660000
2007-02-14,145.610000
2007-02-15,145.800000
2007-02-16,145.730000
2007-02-20,145.990000
2007-02-21,145.971100
2007-02-22,145.790000
2007-02-23,145.360900
2007-02-26,145.230000
2007-02-27,140.177000
2007-02-28,140.969300
2007-03-01,140.970100
2007-03-02,138.670000
2007-03-05,137.350000
2007-03-06,139.700000
2007-03-07,139.560000
2007-03-08,140.740000
2007-03-09,140.780000
2007-03-12,140.990000
2007-03-13,138.250000
2007-03-14,139.280000
2007-03-15,139.470000
2007-03-16,138.530000
2007-03-19,140.200000
2007-03-20,140.970000
2007-03-21,143.290000
2007-03-22,143.180000
2007-03-23,143.390000
2007-03-26,143.200000
2007-03-27,142.860000
2007-03-28,141.820000
2007-03-29,141.970000
2007-03-30,142.000000
2007-04-02,142.160000
2007-04-03,143.690000
2007-04-04,143.850000
2007-04-05,144.240000
2007-04-09,144.440000
2007-04-10,144.610000
2007-04-11,144.020000
2007-04-12,144.660000
2007-04-13,145.320000
2007-04-16,146.700000
2007-04-17,147.090000
2007-04-18,147.270000
2007-04-19,147.230000
2007-04-20,148.620000
2007-04-23,148.060000
2007-04-24,148.120000
2007-04-25,149.480000
2007-04-26,149.650000
2007-04-27,149.530000
2007-04-30,148.290000
2007-05-01,148.670000
2007-05-02,149.540000
2007-05-03,150.350000
2007-05-04,150.920000
2007-05-07,150.950000
2007-05-08,150.750000
2007-05-09,151.160000
2007-05-10,149.580000
2007-05-11,150.860000
2007-05-14,150.530000
2007-05-15,150.570000
2007-05-16,151.600000
2007-05-17,151.300000
2007-05-18,152.620000
2007-05-21,152.540000
2007-05-22,152.420000
2007-05-23,152.440000
2007-05-24,151.060000
2007-05-25,151.690000
2007-05-29,152.240000
2007-05-30,153.480000
2007-05-31,153.320000
2007-06-01,154.080000
2007-06-04,154.100000
2007-06-05,153.490000
2007-06-06,151.840000
2007-06-07,149.100000
2007-06-08,151.040000
2007-06-11,151.300000
2007-06-12,149.650000
2007-06-13,151.890000
2007-06-14,152.860000
2007-06-15,153.070000
2007-06-18,152.890000
2007-06-19,153.270000
2007-06-20,151.140000
2007-06-21,151.980000
2007-06-22,150.550000
2007-06-25,149.830000
2007-06-26,148.290000
2007-06-27,150.400000
2007-06-28,150.380000
2007-06-29,150.430000
2007-07-02,151.790000
2007-07-03,152.340000
2007-07-05,152.180000
2007-07-06,152.980000
2007-07-09,153.000000
2007-07-10,150.920000
2007-07-11,151.990000
2007-07-12,154.390000
2007-07-13,154.850000
2007-07-16,154.830000
2007-07-17,154.750000
2007-07-18,154.470000
2007-07-19,155.070000
2007-07-20,153.500000
2007-07-23,153.970000
2007-07-24,151.300000
2007-07-25,151.610000
2007-07-26,148.020000
2007-07-27,145.110000
2007-07-30,147.380000
2007-07-31,145.720000
2007-08-01,146.430000
2007-08-02,147.600000
2007-08-03,143.800000
2007-08-06,146.210000
2007-08-07,147.770000
2007-08-08,149.830000
2007-08-09,145.390000
2007-08-10,144.710000
2007-08-13,145.230000
2007-08-14,143.010000
2007-08-15,141.040000
2007-08-16,142.100000
2007-08-17,144.710000
2007-08-20,144.640000
2007-08-21,144.930000
2007-08-22,146.650000
2007-08-23,146.520000
2007-08-24,148.330000
2007-08-27,146.950000
2007-08-28,143.720000
2007-08-29,146.540000
2007-08-30,146.150000
2007-08-31,147.590000
2007-09-04,149.080000
2007-09-05,147.790000
2007-09-06,148.130000
2007-09-07,146.070000
2007-09-10,145.790000
2007-09-11,147.490000
2007-09-12,147.870000
2007-09-13,148.910000
2007-09-14,148.900000
2007-09-17,148.100000
2007-09-18,152.460000
2007-09-19,153.360000
2007-09-20,152.280000
2007-09-21,151.970000
2007-09-24,151.690000
2007-09-25,151.390000
2007-09-26,152.190000
2007-09-27,153.090000
2007-09-28,152.580000
2007-10-01,154.300000
2007-10-02,154.090000
2007-10-03,153.780000
2007-10-04,154.020000
2007-10-05,155.850000
2007-10-08,155.020000
2007-10-09,156.480000
2007-10-10,156.220000
2007-10-11,155.470000
2007-10-12,156.330000
2007-10-15,155.010000
2007-10-16,153.780000
2007-10-17,154.250000
2007-10-18,153.690000
2007-10-19,149.670000
2007-10-22,150.540000
2007-10-23,151.760000
2007-10-24,151.480000
2007-10-25,151.840000
2007-10-26,153.620000
2007-10-29,154.130000
2007-10-30,153.060000
2007-10-31,154.650000
2007-11-01,151.030000
2007-11-02,151.200000
2007-11-05,150.050000
2007-11-06,152.070000
2007-11-07,147.910000
2007-11-08,147.160000
2007-11-09,145.140000
2007-11-12,143.700000
2007-11-13,148.080000
2007-11-14,147.670000
2007-11-15,145.540000
2007-11-16,145.790000
2007-11-19,143.760000
2007-11-20,144.640000
2007-11-21,141.680000
2007-11-23,144.130000
2007-11-26,140.950000
2007-11-27,142.570000
2007-11-28,147.130000
2007-11-29,147.180000
2007-11-30,148.660000
2007-12-03,147.680000
2007-12-04,146.360000
2007-12-05,148.810000
2007-12-06,150.940000
2007-12-07,150.910000
2007-12-10,152.080000
2007-12-11,147.910000
2007-12-12,149.370000
2007-12-13,149.060000
2007-12-14,147.170000
2007-12-17,145.070000
2007-12-18,145.880000
2007-12-19,145.880000
2007-12-20,146.800000
2007-12-21,148.130000
2007-12-24,149.230000
2007-12-26,149.550000
2007-12-27,147.670000
2007-12-28,147.300000
2007-12-31,146.210000
2008-01-02,144.930000
2008-01-03,144.860000
2008-01-04,141.310000
2008-01-07,141.190000
2008-01-08,138.910000
2008-01-09,140.370000
2008-01-10,141.290000
2008-01-11,140.150000
2008-01-14,141.280000
2008-01-15,138.170000
2008-01-16,136.980000
2008-01-17,133.430000
2008-01-18,132.060000
2008-01-22,130.720000
2008-01-23,133.860000
2008-01-24,134.990000
2008-01-25,133.040000
2008-01-28,135.240000
2008-01-29,135.910000
2008-01-30,134.910000
2008-01-31,137.370000
2008-02-01,139.580000
2008-02-04,137.820000
2008-02-05,134.130000
2008-02-06,133.050000
2008-02-07,133.930000
2008-02-08,133.070000
2008-02-11,133.750000
2008-02-12,134.990000
2008-02-13,136.370000
2008-02-14,135.170000
2008-02-15,135.140000
2008-02-19,135.520000
2008-02-20,135.920000
2008-02-21,134.790000
2008-02-22,135.620000
2008-02-25,137.330000
2008-02-26,138.360000
2008-02-27,138.220000
2008-02-28,136.870000
2008-02-29,133.820000
2008-03-03,133.500000
2008-03-04,132.990000
2008-03-05,133.830000
2008-03-06,131.060000
2008-03-07,129.710000
2008-03-10,128.000000
2008-03-11,132.600000
2008-03-12,131.360000
2008-03-13,131.650000
2008-03-14,129.610000
2008-03-17,128.300000
2008-03-18,133.630000
2008-03-19,130.320000
2008-03-20,132.080000
2008-03-24,134.720000
2008-03-25,134.850000
2008-03-26,133.200000
2008-03-27,132.780000
2008-03-28,131.510000
2008-03-31,131.970000
2008-04-01,136.610000
2008-04-02,136.700000
2008-04-03,137.040000
2008-04-04,136.890000
2008-04-07,136.960000
2008-04-08,136.820000
2008-04-09,135.830000
2008-04-10,136.020000
2008-04-11,133.380000
2008-04-14,132.930000
2008-04-15,133.240000
2008-04-16,136.850000
2008-04-17,137.050000
2008-04-18,138.480000
2008-04-21,138.550000
2008-04-22,137.940000
2008-04-23,137.720000
2008-04-24,138.320000
2008-04-25,139.600000
2008-04-28,139.630000
2008-04-29,139.080000
2008-04-30,138.260000
2008-05-01,141.120000
2008-05-02,141.510000
2008-05-05,140.830000
2008-05-06,142.050000
2008-05-07,139.520000
2008-05-08,139.110000
2008-05-09,138.900000
2008-05-12,140.460000
2008-05-13,140.480000
2008-05-14,140.770000
2008-05-15,142.530000
2008-05-16,142.660000
2008-05-19,143.050000
2008-05-20,141.890000
2008-05-21,139.490000
2008-05-22,139.510000
2008-05-23,137.640000
2008-05-27,138.660000
2008-05-28,139.300000
2008-05-29,140.000000
2008-05-30,140.350000
2008-06-02,138.900000
2008-06-03,138.090000
2008-06-04,138.020000
2008-06-05,140.780000
2008-06-06,136.290000
2008-06-09,136.620000
2008-06-10,135.940000
2008-06-11,133.940000
2008-06-12,134.450000
2008-06-13,136.150000
2008-06-16,136.230000
2008-06-17,135.570000
2008-06-18,134.250000
2008-06-19,134.420000
2008-06-20,131.580000
2008-06-23,131.450000
2008-06-24,131.190000
2008-06-25,131.810000
2008-06-26,128.230000
2008-06-27,127.530000
2008-06-30,127.980000
2008-07-01,128.380000
2008-07-02,126.180000
2008-07-03,126.310000
2008-07-07,125.020000
2008-07-08,127.240000
2008-07-09,124.790000
2008-07-10,125.300000
2008-07-11,123.930000
2008-07-14,122.720000
2008-07-15,120.990000
2008-07-16,123.960000
2008-07-17,125.200000
2008-07-18,125.980000
2008-07-21,126.050000
2008-07-22,127.480000
2008-07-23,128.170000
2008-07-24,125.510000
2008-07-25,125.480000
2008-07-28,123.640000
2008-07-29,126.280000
2008-07-30,128.530000
2008-07-31,126.830000
2008-08-01,126.160000
2008-08-04,124.990000
2008-08-05,128.360000
2008-08-06,128.930000
2008-08-07,127.010000
2008-08-08,129.370000
2008-08-11,130.540000
2008-08-12,129.350000
2008-08-13,128.570000
2008-08-14,129.540000
2008-08-15,130.170000
2008-08-18,128.390000
2008-08-19,126.990000
2008-08-20,127.580000
2008-08-21,127.800000
2008-08-22,129.650000
2008-08-25,127.020000
2008-08-26,127.390000
2008-08-27,128.630000
2008-08-28,130.190000
2008-08-29,128.790000
2008-09-02,127.990000
2008-09-03,127.880000
2008-09-04,124.030000
2008-09-05,124.420000
2008-09-08,126.990000
2008-09-09,123.220000
2008-09-10,123.720000
2008-09-11,123.688700
2008-09-12,126.090000
2008-09-15,120.090000
2008-09-16,122.100000
2008-09-17,116.610000
2008-09-18,120.346400
2008-09-19,124.120000
2008-09-22,121.310000
2008-09-23,120.554100
2008-09-24,118.930000
2008-09-25,120.790000
2008-09-26,120.850000
2008-09-29,111.380000
2008-09-30,115.990000
2008-10-01,116.060000
2008-10-02,111.850000
2008-10-03,110.340000
2008-10-06,104.720000
2008-10-07,100.030000
2008-10-08,97.510000
2008-10-09,90.700000
2008-10-10,88.500000
2008-10-13,101.350000
2008-10-14,99.850000
2008-10-15,90.020000
2008-10-16,93.770000
2008-10-17,93.210000
2008-10-20,98.810000
2008-10-21,95.860000
2008-10-22,90.640000
2008-10-23,91.690000
2008-10-24,87.040000
2008-10-27,83.950000
2008-10-28,93.760000
2008-10-29,93.080000
2008-10-30,96.300000
2008-10-31,96.830000
2008-11-03,97.110000
2008-11-04,100.410000
2008-11-05,96.190000
2008-11-06,90.860000
2008-11-07,93.860000
2008-11-10,93.314600
2008-11-11,89.770000
2008-11-12,85.820000
2008-11-13,91.170000
2008-11-14,86.620000
2008-11-17,85.470000
2008-11-18,87.080000
2008-11-19,81.500000
2008-11-20,81.000700
2008-11-21,75.834100
2008-11-24,85.030000
2008-11-25,85.660000
2008-11-26,88.970000
2008-11-28,90.090000
2008-12-01,82.110000
2008-12-02,85.270000
2008-12-03,87.320000
2008-12-04,85.300000
2008-12-05,87.930000
2008-12-08,91.000000
2008-12-09,89.500000
2008-12-10,90.110000
2008-12-11,87.940000
2008-12-12,87.869500
2008-12-15,88.487200
2008-12-16,91.880000
2008-12-17,90.990000
2008-12-18,89.290000
2008-12-19,88.190000
2008-12-22,87.060000
2008-12-23,86.160000
2008-12-24,86.660000
2008-12-26,87.160000
2008-12-29,86.910000
2008-12-30,88.970000
2008-12-31,90.240000
2009-01-02,90.272200
2009-01-05,92.850000
2009-01-06,93.470000
2009-01-07,90.670000
2009-01-08,91.042000
2009-01-09,89.090000
2009-01-12,86.950000
2009-01-13,87.050000
2009-01-14,87.219400
2009-01-15,84.400000
2009-01-16,85.060000
2009-01-20,80.570000
2009-01-21,84.050000
2009-01-22,82.750000
2009-01-23,83.110000
2009-01-26,83.680000
2009-01-27,83.725700
2009-01-28,87.390000
2009-01-29,87.490100
2009-01-30,84.597600
2009-02-02,82.580000
2009-02-03,83.740000
2009-02-04,83.330000
2009-02-05,83.378200
2009-02-06,86.979000
2009-02-09,87.100000
2009-02-10,83.110000
2009-02-11,83.600000
2009-02-12,82.200000
2009-02-13,82.760000
2009-02-17,79.220000
2009-02-18,79.030000
2009-02-19,78.181000
2009-02-20,78.256500
2009-02-23,74.650000
2009-02-24,77.480000
2009-02-25,76.872000
2009-02-26,75.620000
2009-02-27,73.930000
2009-03-02,70.600000
2009-03-03,70.070000
2009-03-04,71.730000
2009-03-05,68.800000
2009-03-06,68.920000
2009-03-09,68.110000
2009-03-10,72.170000
2009-03-11,72.640000
2009-03-12,75.500000
2009-03-13,76.090000
2009-03-16,75.860000
2009-03-17,78.180000
2009-03-18,79.930000
2009-03-19,78.940000
2009-03-20,76.710000
2009-03-23,82.240000
2009-03-24,80.600000
2009-03-25,81.450000
2009-03-26,83.110000
2009-03-27,81.610000
2009-03-30,78.790000
2009-03-31,79.520000
2009-04-01,81.060000
2009-04-02,83.430000
2009-04-03,84.260000
2009-04-06,83.600000
2009-04-07,81.650000
2009-04-08,82.530000
2009-04-09,85.810000
2009-04-13,85.830000
2009-04-14,84.350000
2009-04-15,85.250000
2009-04-16,86.500000
2009-04-17,87.080000
2009-04-20,83.430000
2009-04-21,85.060000
2009-04-22,84.540000
2009-04-23,85.370000
2009-04-24,86.660000
2009-04-27,85.840000
2009-04-28,85.570000
2009-04-29,87.390000
2009-04-30,87.420000
2009-05-01,87.890000
2009-05-04,90.880000
2009-05-05,90.570000
2009-05-06,92.141000
2009-05-07,90.860000
2009-05-08,92.980000
2009-05-11,91.240000
2009-05-12,90.970000
2009-05-13,88.680000
2009-05-14,89.440000
2009-05-15,88.710000
2009-05-18,91.230000
2009-05-19,91.120000
2009-05-20,90.510000
2009-05-21,89.210000
2009-05-22,89.020000
2009-05-26,91.300000
2009-05-27,89.670000
2009-05-28,90.920000
2009-05-29,92.530000
2009-06-01,94.770000
2009-06-02,94.850000
2009-06-03,93.650000
2009-06-04,94.530000
2009-06-05,94.550000
2009-06-08,94.160000
2009-06-09,94.640000
2009-06-10,94.400000
2009-06-11,94.820000
2009-06-12,94.380000
2009-06-15,92.900000
2009-06-16,91.640000
2009-06-17,91.550000
2009-06-18,92.219000
2009-06-19,92.040000
2009-06-22,89.280000
2009-06-23,89.350000
2009-06-24,90.118000
2009-06-25,92.080000
2009-06-26,91.840000
2009-06-29,92.700000
2009-06-30,91.960000
2009-07-01,92.330000
2009-07-02,89.810000
2009-07-06,89.800000
2009-07-07,88.060000
2009-07-08,88.000000
2009-07-09,88.170000
2009-07-10,87.960000
2009-07-13,90.102000
2009-07-14,90.610000
2009-07-15,93.260000
2009-07-16,93.110000
2009-07-17,94.130000
2009-07-20,95.131000
2009-07-21,95.570000
2009-07-22,95.550000
2009-07-23,97.661000
2009-07-24,97.860000
2009-07-27,98.350000
2009-07-28,97.890000
2009-07-29,97.790000
2009-07-30,98.670000
2009-07-31,98.810000
2009-08-03,100.440000
2009-08-04,100.700000
2009-08-05,100.410000
2009-08-06,99.870000
2009-08-07,101.202000
2009-08-10,100.990000
2009-08-11,99.730000
2009-08-12,100.800000
2009-08-13,101.570000
2009-08-14,100.790000
2009-08-17,98.310000
2009-08-18,99.090000
2009-08-19,99.960000
2009-08-20,100.990000
2009-08-21,102.970000
2009-08-24,102.960000
2009-08-25,103.160000
2009-08-26,103.170000
2009-08-27,103.400000
2009-08-28,103.380000
2009-08-31,102.460000
2009-09-01,100.200000
2009-09-02,99.820000
2009-09-03,100.650000
2009-09-04,102.060000
2009-09-08,102.940000
2009-09-09,103.730000
2009-09-10,104.790000
2009-09-11,104.770000
2009-09-14,105.280000
2009-09-15,105.720000
2009-09-16,107.320000
2009-09-17,107.160000
2009-09-18,106.720000
2009-09-21,106.450000
2009-09-22,107.070000
2009-09-23,106.180000
2009-09-24,105.010000
2009-09-25,104.450000
2009-09-28,106.320000
2009-09-29,106.000000
2009-09-30,105.590000
2009-10-01,103.724000
2009-10-02,102.490000
2009-10-05,104.020000
2009-10-06,105.510000
2009-10-07,105.800000
2009-10-08,106.610000
2009-10-09,107.260000
2009-10-12,107.680000
2009-10-13,107.460000
2009-10-14,109.310000
2009-10-15,109.710000
2009-10-16,108.890000
2009-10-19,109.790000
2009-10-20,109.211000
2009-10-21,108.230000
2009-10-22,109.330000
2009-10-23,108.080000
2009-10-26,106.910000
2009-10-27,106.420000
2009-10-28,104.410000
2009-10-29,106.650000
2009-10-30,103.560000
2009-11-02,104.320000
2009-11-03,104.650000
2009-11-04,104.920000
2009-11-05,104.840000
2009-11-06,107.130000
2009-11-09,109.570000
2009-11-10,109.590000
2009-11-11,110.150000
2009-11-12,109.030000
2009-11-13,109.620000
2009-11-16,111.210000
2009-11-17,111.230000
2009-11-18,111.270000
2009-11-19,109.820000
2009-11-20,109.430000
2009-11-23,110.820000
2009-11-24,110.990000
2009-11-25,111.380000
2009-11-27,109.570000
2009-11-30,109.940000
2009-12-01,111.300000
2009-12-02,111.250000
2009-12-03,110.380000
2009-12-04,111.010000
2009-12-07,110.840000
2009-12-08,109.610000
2009-12-09,110.021000
2009-12-10,110.640000
2009-12-11,111.110000
2009-12-14,111.870000
2009-12-15,111.350000
2009-12-16,111.520000
2009-12-17,110.180000
2009-12-18,110.210000
2009-12-21,111.330000
2009-12-22,111.730000
2009-12-23,111.950000
2009-12-24,112.480000
2009-12-28,112.720000
2009-12-29,112.562000
2009-12-30,112.520000
2009-12-31,111.440000
2010-01-04,113.330000
2010-01-05,113.630000
2010-01-06,113.710000
2010-01-07,114.190000
2010-01-08,114.570000
2010-01-11,114.730000
2010-01-12,113.660000
2010-01-13,114.620000
2010-01-14,114.930000
2010-01-15,113.640000
2010-01-19,115.060000
2010-01-20,113.890000
2010-01-21,111.700000
2010-01-22,109.210000
2010-01-25,109.770000
2010-01-26,109.310000
2010-01-27,109.830000
2010-01-28,108.570000
2010-01-29,107.390000
2010-02-01,109.060000
2010-02-02,110.380000
2010-02-03,109.830000
2010-02-04,106.440000
2010-02-05,106.660000
2010-02-08,105.890000
2010-02-09,107.220000
2010-02-10,107.010000
2010-02-11,108.130000
2010-02-12,108.040000
2010-02-16,109.740000
2010-02-17,110.260000
2010-02-18,110.910000
2010-02-19,111.140000
2010-02-22,111.160000
2010-02-23,109.810000
2010-02-24,110.820000
2010-02-25,110.670000
2010-02-26,110.760000
2010-03-01,111.890000
2010-03-02,112.200000
2010-03-03,112.300000
2010-03-04,112.641000
2010-03-05,114.250000
2010-03-08,114.270000
2010-03-09,114.460000
2010-03-10,114.970000
2010-03-11,115.450000
2010-03-12,115.460000
2010-03-15,115.490000
2010-03-16,116.410000
2010-03-17,117.100000
2010-03-18,117.037500
2010-03-19,115.970000
2010-03-22,116.592500
2010-03-23,117.410000
2010-03-24,116.840000
2010-03-25,116.650000
2010-03-26,116.582000
2010-03-29,117.330000
2010-03-30,117.400000
2010-03-31,117.000000
2010-04-01,117.800000
2010-04-05,118.760000
2010-04-06,119.040000
2010-04-07,118.360000
2010-04-08,118.772500
2010-04-09,119.550000
2010-04-12,119.740000
2010-04-13,119.830000
2010-04-14,121.190000
2010-04-15,121.320000
2010-04-16,119.360000
2010-04-19,119.810000
2010-04-20,120.880000
2010-04-21,120.660000
2010-04-22,121.020000
2010-04-23,121.812500
2010-04-26,121.350000
2010-04-27,119.040000
2010-04-28,119.380000
2010-04-29,120.857500
2010-04-30,118.812500
2010-05-03,120.350000
2010-05-04,117.520000
2010-05-05,116.820000
2010-05-06,112.942000
2010-05-07,111.260000
2010-05-10,116.160000
2010-05-11,115.810000
2010-05-12,117.440000
2010-05-13,116.000000
2010-05-14,113.890000
2010-05-17,113.950000
2010-05-18,112.400000
2010-05-19,111.760000
2010-05-20,107.540000
2010-05-21,109.115000
2010-05-24,107.710000
2010-05-25,107.818000
2010-05-26,107.170000
2010-05-27,110.760000
2010-05-28,109.369000
2010-06-01,107.540000
2010-06-02,110.330000
2010-06-03,110.710000
2010-06-04,106.820000
2010-06-07,105.490000
2010-06-08,106.620000
2010-06-09,106.050000
2010-06-10,109.150000
2010-06-11,109.680000
2010-06-14,109.570000
2010-06-15,112.000000
2010-06-16,111.960000
2010-06-17,112.130000
2010-06-18,111.729000
2010-06-21,111.410000
2010-06-22,109.570000
2010-06-23,109.230000
2010-06-24,107.420000
2010-06-25,107.867500
2010-06-28,107.510000
2010-06-29,104.210000
2010-06-30,103.220000
2010-07-01,102.760000
2010-07-02,102.200000
2010-07-06,102.870000
2010-07-07,106.107500
2010-07-08,107.160000
2010-07-09,107.960000
2010-07-12,108.030000
2010-07-13,109.660000
2010-07-14,109.651000
2010-07-15,109.680000
2010-07-16,106.660000
2010-07-19,107.310000
2010-07-20,108.480000
2010-07-21,107.070000
2010-07-22,109.461000
2010-07-23,110.400000
2010-07-26,111.560000
2010-07-27,111.510000
2010-07-28,110.830000
2010-07-29,110.290000
2010-07-30,110.270000
2010-08-02,112.760000
2010-08-03,112.200000
2010-08-04,112.990000
2010-08-05,112.850000
2010-08-06,112.392000
2010-08-09,112.992000
2010-08-10,112.375000
2010-08-11,109.300000
2010-08-12,108.600000
2010-08-13,108.310000
2010-08-16,108.260000
2010-08-17,109.600000
2010-08-18,109.790000
2010-08-19,107.880000
2010-08-20,107.530000
2010-08-23,107.123600
2010-08-24,105.530000
2010-08-25,105.940000
2010-08-26,105.230000
2010-08-27,106.860000
2010-08-30,105.311000
2010-08-31,105.310000
2010-09-01,108.460000
2010-09-02,109.470000
2010-09-03,110.890000
2010-09-07,109.640000
2010-09-08,110.400000
2010-09-09,110.920000
2010-09-10,111.482000
2010-09-13,112.720000
2010-09-14,112.640000
2010-09-15,113.080000
2010-09-16,113.050000
2010-09-17,112.490000
2010-09-20,114.210000
2010-09-21,113.980000
2010-09-22,113.420000
2010-09-23,112.498000
2010-09-24,114.820000
2010-09-27,114.270000
2010-09-28,114.670000
2010-09-29,114.470000
2010-09-30,114.130000
2010-10-01,114.620000
2010-10-04,113.740000
2010-10-05,116.040000
2010-10-06,116.030000
2010-10-07,115.890000
2010-10-08,116.537500
2010-10-11,116.650000
2010-10-12,117.010000
2010-10-13,117.920000
2010-10-14,117.460000
2010-10-15,117.700000
2010-10-18,118.540000
2010-10-19,116.730000
2010-10-20,117.870000
2010-10-21,118.130000
2010-10-22,118.347000
2010-10-25,118.681000
2010-10-26,118.730000
2010-10-27,118.380000
2010-10-28,118.430000
2010-10-29,118.490000
2010-11-01,118.530000
2010-11-02,119.475000
2010-11-03,119.950000
2010-11-04,122.260000
2010-11-05,122.725000
2010-11-08,122.490000
2010-11-09,121.610000
2010-11-10,122.100000
2010-11-11,121.635000
2010-11-12,120.198000
2010-11-15,120.030000
2010-11-16,118.160000
2010-11-17,118.218000
2010-11-18,120.020000
2010-11-19,120.290000
2010-11-22,120.190000
2010-11-23,118.447500
2010-11-24,120.200000
2010-11-26,119.302000
2010-11-29,119.162000
2010-11-30,118.492500
2010-12-01,121.010000
2010-12-02,122.560000
2010-12-03,122.890000
2010-12-06,122.760000
2010-12-07,122.830000
2010-12-08,123.290000
2010-12-09,123.760000
2010-12-10,124.480000
2010-12-13,124.560000
2010-12-14,124.670000
2010-12-15,124.098000
2010-12-16,124.820000
2010-12-17,124.300000
2010-12-20,124.600000
2010-12-21,125.390000
2010-12-22,125.780000
2010-12-23,125.600000
2010-12-27,125.650000
2010-12-28,125.800000
2010-12-29,125.920000
2010-12-30,125.750000
2010-12-31,125.750000
2011-01-04,126.980000
2011-01-05,127.640000
2011-01-06,127.390000
2011-01-07,127.140000
2011-01-10,126.980000
2011-01-11,127.430000
2011-01-12,128.580000
2011-01-13,128.367500
2011-01-14,129.300000
2011-01-18,129.520000
2011-01-19,128.250000
2011-01-20,128.080000
2011-01-21,128.370000
2011-01-24,129.100000
2011-01-25,129.170000
2011-01-26,129.670000
2011-01-27,129.990000
2011-01-28,127.720000
2011-01-31,128.680000
2011-02-01,130.710000
2011-02-02,130.485000
2011-02-03,130.780000
2011-02-04,131.150000
2011-02-07,131.970000
2011-02-08,132.570000
2011-02-09,132.269000
2011-02-10,132.330000
2011-02-11,133.110000
2011-02-14,133.430000
2011-02-15,133.010000
2011-02-16,133.850000
2011-02-17,134.250000
2011-02-18,134.530000
2011-02-22,131.830000
2011-02-23,131.030000
2011-02-24,130.930000
2011-02-25,132.330000
2011-02-28,133.150000
2011-03-01,130.930000
2011-03-02,131.210000
2011-03-03,133.470000
2011-03-04,132.470000
2011-03-07,131.430000
2011-03-08,132.580000
2011-03-09,132.390000
2011-03-10,129.937500
2011-03-11,130.870000
2011-03-14,130.050000
2011-03-15,128.620000
2011-03-16,126.175000
2011-03-17,127.810000
2011-03-18,127.780000
2011-03-21,129.740000
2011-03-22,129.290000
2011-03-23,129.660000
2011-03-24,130.900000
2011-03-25,131.300000
2011-03-28,130.980000
2011-03-29,131.860000
2011-03-30,132.770000
2011-03-31,132.590000
2011-04-01,133.150000
2011-04-04,133.260000
2011-04-05,133.210000
2011-04-06,133.660000
2011-04-07,133.320000
2011-04-08,132.860000
2011-04-11,132.460000
2011-04-12,131.470000
2011-04-13,131.460000
2011-04-14,131.560000
2011-04-15,132.040000
2011-04-18,130.560000
2011-04-19,131.310000
2011-04-20,133.100000
2011-04-21,133.780000
2011-04-25,133.640000
2011-04-26,134.791000
2011-04-27,135.670000
2011-04-28,136.110000
2011-04-29,136.430000
2011-05-02,136.220000
2011-05-03,135.730000
2011-05-04,134.830000
2011-05-05,133.610000
2011-05-06,134.200000
2011-05-09,134.720000
2011-05-10,135.900000
2011-05-11,134.440000
2011-05-12,135.080000
2011-05-13,134.040000
2011-05-16,133.190000
2011-05-17,133.170000
2011-05-18,134.360000
2011-05-19,134.660000
2011-05-20,133.610000
2011-05-23,132.060000
2011-05-24,131.950000
2011-05-25,132.390000
2011-05-26,133.000000
2011-05-27,133.510000
2011-05-31,134.890000
2011-06-01,131.870000
2011-06-02,131.730000
2011-06-03,130.420000
2011-06-06,129.045000
2011-06-07,128.960000
2011-06-08,128.420000
2011-06-09,129.400000
2011-06-10,127.600000
2011-06-13,127.700000
2011-06-14,129.320000
2011-06-15,127.020000
2011-06-16,127.300000
2011-06-17,127.050000
2011-06-20,127.700000
2011-06-21,129.450000
2011-06-22,128.670000
2011-06-23,128.301000
2011-06-24,126.810000
2011-06-27,127.940000
2011-06-28,129.610000
2011-06-29,130.720000
2011-06-30,131.970000
2011-07-01,133.920000
2011-07-05,133.810000
2011-07-06,133.970000
2011-07-07,135.360000
2011-07-08,134.400000
2011-07-11,131.970000
2011-07-12,131.400000
2011-07-13,131.840000
2011-07-14,130.930000
2011-07-15,131.690000
2011-07-18,130.610000
2011-07-19,132.730000
2011-07-20,132.650000
2011-07-21,134.490000
2011-07-22,134.580000
2011-07-25,133.830000
2011-07-26,133.330000
2011-07-27,130.600000
2011-07-28,130.220000
2011-07-29,129.330000
2011-08-01,128.780000
2011-08-02,125.490000
2011-08-03,126.170000
2011-08-04,120.260000
2011-08-05,120.080000
2011-08-08,112.260000
2011-08-09,117.480000
2011-08-10,112.290000
2011-08-11,117.330000
2011-08-12,118.120000
2011-08-15,120.620000
2011-08-16,119.590000
2011-08-17,119.670000
2011-08-18,114.510000
2011-08-19,112.640000
2011-08-22,112.730000
2011-08-23,116.440000
2011-08-24,118.080000
2011-08-25,116.280000
2011-08-26,117.970000
2011-08-29,121.360000
2011-08-30,121.680000
2011-08-31,122.220000
2011-09-01,120.940000
2011-09-02,117.850000
2011-09-06,116.990000
2011-09-07,120.290000
2011-09-08,119.040000
2011-09-09,115.920000
2011-09-12,116.670000
2011-09-13,117.580000
2011-09-14,119.370000
2011-09-15,121.430000
2011-09-16,121.520000
2011-09-19,120.310000
2011-09-20,120.170000
2011-09-21,116.630000
2011-09-22,112.860000
2011-09-23,113.540000
2011-09-26,116.240000
2011-09-27,117.540000
2011-09-28,115.145000
2011-09-29,116.050000
2011-09-30,113.150000
2011-10-03,109.930000
2011-10-04,112.340000
2011-10-05,114.420000
2011-10-06,116.490000
2011-10-07,115.710000
2011-10-10,119.580000
2011-10-11,119.700000
2011-10-12,120.750000
2011-10-13,120.510000
2011-10-14,122.570000
2011-10-17,120.230000
2011-10-18,122.580000
2011-10-19,121.130000
2011-10-20,121.660000
2011-10-21,123.970000
2011-10-24,125.490000
2011-10-25,123.049000
2011-10-26,124.300000
2011-10-27,127.430000
2011-10-28,128.600000
2011-10-31,125.500000
2011-11-01,122.002000
2011-11-02,124.020000
2011-11-03,126.250000
2011-11-04,125.481000
2011-11-07,126.260000
2011-11-08,127.880000
2011-11-09,123.161000
2011-11-10,124.320000
2011-11-11,126.660000
2011-11-14,125.460000
2011-11-15,126.083000
2011-11-16,124.080000
2011-11-17,122.105000
2011-11-18,121.979000
2011-11-21,119.661000
2011-11-22,119.190000
2011-11-23,116.560000
2011-11-25,116.340000
2011-11-28,119.710000
2011-11-29,120.050000
2011-11-30,124.990000
2011-12-01,124.970000
2011-12-02,124.860000
2011-12-05,126.220000
2011-12-06,126.260000
2011-12-07,126.730000
2011-12-08,123.950000
2011-12-09,126.050000
2011-12-12,124.210000
2011-12-13,123.050000
2011-12-14,121.740000
2011-12-15,122.185000
2011-12-16,121.590000
2011-12-19,120.290000
2011-12-20,123.930000
2011-12-21,124.170000
2011-12-22,125.270000
2011-12-23,126.390000
2011-12-27,126.490000
2011-12-28,124.830000
2011-12-29,126.120000
2011-12-30,125.500000
2012-01-03,127.495000
2012-01-04,127.700000
2012-01-05,128.040000
2012-01-06,127.710000
2012-01-09,128.020000
2012-01-10,129.130000
2012-01-11,129.200000
2012-01-12,129.510000
2012-01-13,128.840000
2012-01-17,129.340000
2012-01-18,130.770000
2012-01-19,131.460000
2012-01-20,131.540000
2012-01-23,131.610000
2012-01-24,131.460000
2012-01-25,132.560000
2012-01-26,131.880000
2012-01-27,131.820000
2012-01-30,131.370000
2012-01-31,131.320000
2012-02-01,132.470000
2012-02-02,132.680000
2012-02-03,134.540000
2012-02-06,134.450000
2012-02-07,134.790000
2012-02-08,135.190000
2012-02-09,135.360000
2012-02-10,134.361000
2012-02-13,135.360000
2012-02-14,135.190000
2012-02-15,134.560000
2012-02-16,136.049000
2012-02-17,136.410000
2012-02-21,136.470000
2012-02-22,136.032000
2012-02-23,136.631000
2012-02-24,136.930000
2012-02-27,137.160000
2012-02-28,137.559000
2012-02-29,137.020000
2012-03-01,137.730000
2012-03-02,137.312000
2012-03-05,136.750000
2012-03-06,134.750000
2012-03-07,135.690000
2012-03-08,137.040000
2012-03-09,137.570000
2012-03-12,137.580000
2012-03-13,140.062000
2012-03-14,139.910000
2012-03-15,140.720000
2012-03-16,140.300000
2012-03-19,140.850000
2012-03-20,140.440000
2012-03-21,140.210000
2012-03-22,139.200000
2012-03-23,139.650000
2012-03-26,141.610000
2012-03-27,141.170000
2012-03-28,140.470000
2012-03-29,140.230000
2012-03-30,140.810000
2012-04-02,141.840000
2012-04-03,141.260000
2012-04-04,139.860000
2012-04-05,139.790000
2012-04-09,138.220000
2012-04-10,135.900000
2012-04-11,137.000000
2012-04-12,138.790000
2012-04-13,137.140000
2012-04-16,137.050000
2012-04-17,139.082000
2012-04-18,138.610000
2012-04-19,137.720000
2012-04-20,137.950000
2012-04-23,136.790000
2012-04-24,137.310000
2012-04-25,139.190000
2012-04-26,140.160000
2012-04-27,140.440000
2012-04-30,139.870000
2012-05-01,140.740000
2012-05-02,140.325000
2012-05-03,139.250000
2012-05-04,137.000000
2012-05-07,137.100000
2012-05-08,136.550000
2012-05-09,135.740000
2012-05-10,136.020000
2012-05-11,135.610000
2012-05-14,134.110000
2012-05-15,133.340000
2012-05-16,132.829000
2012-05-17,130.860000
2012-05-18,129.740000
2012-05-21,131.970000
2012-05-22,132.200000
2012-05-23,132.270000
2012-05-24,132.530000
2012-05-25,132.100000
2012-05-29,133.700000
2012-05-30,131.760000
2012-05-31,131.470000
2012-06-01,128.160000
2012-06-04,128.100000
2012-06-05,129.070000
2012-06-06,131.970000
2012-06-07,132.050000
2012-06-08,133.100000
2012-06-11,131.415000
2012-06-12,132.920000
2012-06-13,132.070000
2012-06-14,133.470000
2012-06-15,134.140000
2012-06-18,134.400000
2012-06-19,135.700000
2012-06-20,135.480000
2012-06-21,132.440000
2012-06-22,133.460000
2012-06-25,131.320000
2012-06-26,131.980000
2012-06-27,133.173000
2012-06-28,132.790000
2012-06-29,136.105000
2012-07-02,136.510000
2012-07-03,137.412000
2012-07-05,136.790000
2012-07-06,135.490000
2012-07-09,135.320000
2012-07-10,134.140000
2012-07-11,134.160000
2012-07-12,133.510000
2012-07-13,135.710000
2012-07-16,135.430000
2012-07-17,136.360000
2012-07-18,137.370000
2012-07-19,137.730000
2012-07-20,136.470000
2012-07-23,135.090000
2012-07-24,133.925000
2012-07-25,133.960000
2012-07-26,136.170000
2012-07-27,138.675000
2012-07-30,138.680000
2012-07-31,137.710000
2012-08-01,137.590000
2012-08-02,136.640000
2012-08-03,139.349000
2012-08-06,139.620000
2012-08-07,140.320000
2012-08-08,140.490000
2012-08-09,140.610000
2012-08-10,140.840000
2012-08-13,140.770000
2012-08-14,140.790000
2012-08-15,140.950000
2012-08-16,141.990000
2012-08-17,142.180000
2012-08-20,142.190000
2012-08-21,141.760000
2012-08-22,141.820000
2012-08-23,140.665000
2012-08-24,141.510000
2012-08-27,141.540000
2012-08-28,141.400000
2012-08-29,141.510000
2012-08-30,140.490000
2012-08-31,141.160000
2012-09-04,141.030000
2012-09-05,140.910000
2012-09-06,143.770000
2012-09-07,144.330000
2012-09-10,143.510000
2012-09-11,143.910000
2012-09-12,144.390000
2012-09-13,146.590000
2012-09-14,147.240000
2012-09-17,146.740000
2012-09-18,146.620000
2012-09-19,146.700000
2012-09-20,146.710000
2012-09-21,145.870000
2012-09-24,145.645000
2012-09-25,144.100000
2012-09-26,143.295000
2012-09-27,144.640000
2012-09-28,143.970000
2012-10-01,144.345000
2012-10-02,144.500000
2012-10-03,145.090000
2012-10-04,146.125000
2012-10-05,146.140000
2012-10-08,145.642000
2012-10-09,144.200000
2012-10-10,143.280000
2012-10-11,143.360000
2012-10-12,142.890000
2012-10-15,144.080000
2012-10-16,145.540000
2012-10-17,146.200000
2012-10-18,145.820000
2012-10-19,143.389600
2012-10-22,143.410000
2012-10-23,141.420000
2012-10-24,141.020000
2012-10-25,141.430000
2012-10-26,141.350000
2012-10-31,141.350000
2012-11-01,142.830000
2012-11-02,141.560000
2012-11-05,141.848600
2012-11-06,142.960000
2012-11-07,139.720000
2012-11-08,138.040000
2012-11-09,138.160000
2012-11-12,138.265000
2012-11-13,137.790000
2012-11-14,135.929900
2012-11-15,135.700000
2012-11-16,136.370000
2012-11-19,139.130000
2012-11-20,139.190000
2012-11-21,139.450000
2012-11-23,141.350000
2012-11-26,141.050000
2012-11-27,140.330000
2012-11-28,141.460000
2012-11-29,142.120000
2012-11-30,142.155000
2012-12-03,141.450000
2012-12-04,141.250000
2012-12-05,141.500000
2012-12-06,141.980000
2012-12-07,142.415000
2012-12-10,142.473000
2012-12-11,143.440000
2012-12-12,143.510000
2012-12-13,142.630000
2012-12-14,142.105100
2012-12-17,143.770000
2012-12-18,145.370000
2012-12-19,144.290000
2012-12-20,145.120000
2012-12-21,142.790000
2012-12-24,142.350000
2012-12-26,141.750000
2012-12-27,141.561600
2012-12-28,140.030000
2012-12-31,142.410000
2013-01-02,146.060000
2013-01-03,145.734100
2013-01-04,146.370000
2013-01-07,145.969500
2013-01-08,145.549600
2013-01-09,145.920000
2013-01-10,147.080000
2013-01-11,147.070000
2013-01-14,146.970000
2013-01-15,147.070000
2013-01-16,147.050000
2013-01-17,148.000000
2013-01-18,148.330000
2013-01-22,149.130000
2013-01-23,149.370000
2013-01-24,149.410000
2013-01-25,150.250000
2013-01-28,150.070000
2013-01-29,150.660000
2013-01-30,150.070000
2013-01-31,149.700000
2013-02-01,151.240000
2013-02-04,149.535000
2013-02-05,151.050000
2013-02-06,151.160000
2013-02-07,150.960000
2013-02-08,151.800000
2013-02-11,151.770000
2013-02-12,152.020000
2013-02-13,152.151000
2013-02-14,152.290000
2013-02-15,152.110000
2013-02-19,153.250000
2013-02-20,151.340000
2013-02-21,150.420000
2013-02-22,151.890000
2013-02-25,149.000000
2013-02-26,150.020000
2013-02-27,151.910000
2013-02-28,151.610000
2013-03-01,152.110000
2013-03-04,152.920000
2013-03-05,154.290000
2013-03-06,154.500000
2013-03-07,154.776000
2013-03-08,155.440000
2013-03-11,156.030000
2013-03-12,155.680000
2013-03-13,155.905000
2013-03-14,156.730000
2013-03-15,155.830000
2013-03-18,154.970000
2013-03-19,154.610000
2013-03-20,155.690000
2013-03-21,154.359000
2013-03-22,155.600000
2013-03-25,154.950000
2013-03-26,156.190000
2013-03-27,156.190000
2013-03-28,156.670000
2013-04-01,156.050000
2013-04-02,156.820000
2013-04-03,155.230000
2013-04-04,155.860000
2013-04-05,155.158000
2013-04-08,156.210000
2013-04-09,156.750000
2013-04-10,158.670000
2013-04-11,159.190000
2013-04-12,158.800000
2013-04-15,155.118000
2013-04-16,157.410000
2013-04-17,155.110000
2013-04-18,154.140000
2013-04-19,155.480000
2013-04-22,156.170000
2013-04-23,157.780000
2013-04-24,157.880000
2013-04-25,158.520000
2013-04-26,158.240000
2013-04-29,159.300000
2013-04-30,159.680000
2013-05-01,158.280000
2013-05-02,159.750000
2013-05-03,161.368000
2013-05-06,161.780000
2013-05-07,162.599900
2013-05-08,163.340000
2013-05-09,162.881000
2013-05-10,163.410000
2013-05-13,163.540000
2013-05-14,165.230000
2013-05-15,166.115000
2013-05-16,165.340000
2013-05-17,166.940000
2013-05-20,166.930000
2013-05-21,167.170000
2013-05-22,165.930000
2013-05-23,165.450000
2013-05-24,165.308000
2013-05-28,166.300000
2013-05-29,165.220000
2013-05-30,165.830000
2013-05-31,163.445000
2013-06-03,164.350000
2013-06-04,163.560000
2013-06-05,161.272000
2013-06-06,162.730000
2013-06-07,164.800000
2013-06-10,164.800000
2013-06-11,163.098000
2013-06-12,161.750000
2013-06-13,164.210000
2013-06-14,163.175000
2013-06-17,164.440000
2013-06-18,165.735000
2013-06-19,163.450000
2013-06-20,159.400000
2013-06-21,159.070000
2013-06-24,157.060000
2013-06-25,158.575000
2013-06-26,160.140000
2013-06-27,161.080000
2013-06-28,160.420000
2013-07-01,161.360000
2013-07-02,161.210000
2013-07-03,161.280000
2013-07-05,163.020000
2013-07-08,163.945000
2013-07-09,165.130000
2013-07-10,165.192000
2013-07-11,167.440000
2013-07-12,167.510000
2013-07-15,168.155000
2013-07-16,167.525000
2013-07-17,167.950100
2013-07-18,168.870000
2013-07-19,169.170000
2013-07-22,169.500000
2013-07-23,169.140000
2013-07-24,168.520000
2013-07-25,168.930000
2013-07-26,169.110000
2013-07-29,168.590000
2013-07-30,168.588000
2013-07-31,168.710000
2013-08-01,170.660000
2013-08-02,170.950000
2013-08-05,170.700000
2013-08-06,169.730000
2013-08-07,169.180000
2013-08-08,169.800000
2013-08-09,169.310000
2013-08-12,169.111000
2013-08-13,169.610000
2013-08-14,168.740000
2013-08-15,166.380000
2013-08-16,165.830000
2013-08-19,164.770000
2013-08-20,165.580000
2013-08-21,164.560000
2013-08-22,166.060000
2013-08-23,166.620000
2013-08-26,166.000000
2013-08-27,163.330000
2013-08-28,163.910000
2013-08-29,164.170000
2013-08-30,163.650000
2013-09-03,164.390000
2013-09-04,165.750000
2013-09-05,165.960000
2013-09-06,166.040000
2013-09-09,167.634000
2013-09-10,168.870000
2013-09-11,169.400000
2013-09-12,168.950000
2013-09-13,169.330000
2013-09-16,170.310000
2013-09-17,171.070000
2013-09-18,173.051000
2013-09-19,172.760000
2013-09-20,170.720000
2013-09-23,169.930000
2013-09-24,169.530000
2013-09-25,169.040000
2013-09-26,169.690000
2013-09-27,168.909000
2013-09-30,168.010000
2013-10-01,169.340000
2013-10-02,169.180000
2013-10-03,167.620000
2013-10-04,168.890000
2013-10-07,167.430000
2013-10-08,165.480000
2013-10-09,165.600000
2013-10-10,169.170000
2013-10-11,170.260000
2013-10-14,170.940000
2013-10-15,169.700000
2013-10-16,172.070000
2013-10-17,173.220000
2013-10-18,174.388000
2013-10-21,174.400000
2013-10-22,175.410000
2013-10-23,174.570000
2013-10-24,175.150000
2013-10-25,175.950000
2013-10-28,176.230000
2013-10-29,177.170000
2013-10-30,176.290000
2013-10-31,175.790000
2013-11-01,176.210000
2013-11-04,176.830000
2013-11-05,176.270000
2013-11-06,177.170000
2013-11-07,174.930000
2013-11-08,177.290000
2013-11-11,177.320000
2013-11-12,176.960000
2013-11-13,178.380000
2013-11-14,179.270000
2013-11-15,180.050000
2013-11-18,179.420000
2013-11-19,179.030000
2013-11-20,178.470000
2013-11-21,179.910000
2013-11-22,180.810000
2013-11-25,180.630000
2013-11-26,180.680000
2013-11-27,181.120000
2013-11-29,181.000000
2013-12-02,180.530000
2013-12-03,179.750000
2013-12-04,179.730000
2013-12-05,178.940000
2013-12-06,180.940000
2013-12-09,181.400000
2013-12-10,180.750000
2013-12-11,178.720000
2013-12-12,178.130000
2013-12-13,178.110000
2013-12-16,179.216000
2013-12-17,178.650000
2013-12-18,181.700000
2013-12-19,181.490000
2013-12-20,181.560000
2013-12-23,182.530000
2013-12-24,182.930000
2013-12-26,183.855000
2013-12-27,183.845000
2013-12-30,183.820000
2013-12-31,184.690000
2014-01-02,182.920000
2014-01-03,182.885000
2014-01-06,182.360000
2014-01-07,183.480000
2014-01-08,183.520000
2014-01-09,183.640000
2014-01-10,184.140000
2014-01-13,181.685000
2014-01-14,183.670000
2014-01-15,184.660000
2014-01-16,184.420000
2014-01-17,183.635000
2014-01-21,184.180000
2014-01-22,184.300000
2014-01-23,182.790000
2014-01-24,178.890000
2014-01-27,178.010000
2014-01-28,179.070000
2014-01-29,177.350000
2014-01-30,179.230000
2014-01-31,178.180000
2014-02-03,174.170000
2014-02-04,175.385000
2014-02-05,175.170000
2014-02-06,177.480000
2014-02-07,179.680000
2014-02-10,180.010000
2014-02-11,181.980000
2014-02-12,182.070000
2014-02-13,183.010000
2014-02-14,184.020000
2014-02-18,184.240000
2014-02-19,183.020000
2014-02-20,184.100000
2014-02-21,183.890000
2014-02-24,184.910000
2014-02-25,184.840000
2014-02-26,184.850000
2014-02-27,185.820000
2014-02-28,186.290000
2014-03-03,184.980000
2014-03-04,187.580000
2014-03-05,187.750000
2014-03-06,188.180000
2014-03-07,188.260000
2014-03-10,188.160000
2014-03-11,187.230000
2014-03-12,187.280000
2014-03-13,185.180000
2014-03-14,184.660000
2014-03-17,186.330000
2014-03-18,187.660000
2014-03-19,186.660000
2014-03-20,187.747000
2014-03-21,186.200000
2014-03-24,185.430000
2014-03-25,186.310000
2014-03-26,184.970000
2014-03-27,184.580000
2014-03-28,185.490000
2014-03-31,187.010000
2014-04-01,188.250000
2014-04-02,188.880000
2014-04-03,188.630000
2014-04-04,186.400000
2014-04-07,184.340000
2014-04-08,185.100000
2014-04-09,187.090000
2014-04-10,183.155000
2014-04-11,181.510000
2014-04-14,182.940100
2014-04-15,184.200000
2014-04-16,186.125000
2014-04-17,186.390000
2014-04-21,187.040000
2014-04-22,187.890000
2014-04-23,187.450000
2014-04-24,187.830000
2014-04-25,186.290000
2014-04-28,186.875000
2014-04-29,187.750000
2014-04-30,188.310000
2014-05-01,188.325000
2014-05-02,188.060000
2014-05-05,188.420000
2014-05-06,186.780000
2014-05-07,187.880000
2014-05-08,187.675000
2014-05-09,187.960000
2014-05-12,189.785000
2014-05-13,189.960000
2014-05-14,189.060000
2014-05-15,187.400000
2014-05-16,188.050000
2014-05-19,188.740000
2014-05-20,187.550000
2014-05-21,189.130000
2014-05-22,189.590000
2014-05-23,190.350000
2014-05-27,191.520000
2014-05-28,191.380000
2014-05-29,192.370000
2014-05-30,192.680000
2014-06-02,192.895000
2014-06-03,192.800000
2014-06-04,193.190000
2014-06-05,194.450000
2014-06-06,195.375000
2014-06-09,195.580000
2014-06-10,195.600000
2014-06-11,194.920000
2014-06-12,193.540000
2014-06-13,194.130000
2014-06-16,194.290000
2014-06-17,194.830000
2014-06-18,196.255000
2014-06-19,196.480000
2014-06-20,195.940000
2014-06-23,195.880000
2014-06-24,194.700000
2014-06-25,195.580000
2014-06-26,195.440000
2014-06-27,195.820000
2014-06-30,195.720000
2014-07-01,197.030000
2014-07-02,197.230000
2014-07-03,198.200000
2014-07-07,197.510000
2014-07-08,196.240000
2014-07-09,197.120000
2014-07-10,196.340000
2014-07-11,196.610000
2014-07-14,197.600000
2014-07-15,197.230000
2014-07-16,197.960000
2014-07-17,195.710000
2014-07-18,197.709900
2014-07-21,197.340000
2014-07-22,198.200000
2014-07-23,198.640000
2014-07-24,198.650000
2014-07-25,197.720000
2014-07-28,197.800000
2014-07-29,196.950000
2014-07-30,196.980000
2014-07-31,193.090000
2014-08-01,192.500000
2014-08-04,193.890000
2014-08-05,192.010000
2014-08-06,192.070000
2014-08-07,191.030000
2014-08-08,193.240000
2014-08-11,193.795000
2014-08-12,193.530000
2014-08-13,194.840000
2014-08-14,195.760000
2014-08-15,195.720000
2014-08-18,197.360000
2014-08-19,198.390000
2014-08-20,198.920000
2014-08-21,199.500000
2014-08-22,199.190000
2014-08-25,200.200000
2014-08-26,200.330000
2014-08-27,200.250000
2014-08-28,200.140000
2014-08-29,200.710000
2014-09-02,200.610000
2014-09-03,200.500000
2014-09-04,200.210100
2014-09-05,201.110000
2014-09-08,200.590000
2014-09-09,199.320000
2014-09-10,200.070000
2014-09-11,200.300000
2014-09-12,199.130000
2014-09-15,198.981000
2014-09-16,200.480000
2014-09-17,200.750000
2014-09-18,201.820000
2014-09-19,200.700000
2014-09-22,199.150000
2014-09-23,198.010000
2014-09-24,199.560000
2014-09-25,196.340000
2014-09-26,197.900000
2014-09-29,197.540000
2014-09-30,197.020000
2014-10-01,194.350000
2014-10-02,194.380000
2014-10-03,196.520000
2014-10-06,196.290000
2014-10-07,193.260000
2014-10-08,196.640000
2014-10-09,192.740000
2014-10-10,190.540000
2014-10-13,187.409900
2014-10-14,187.700000
2014-10-15,186.430000
2014-10-16,186.270000
2014-10-17,188.470000
2014-10-20,190.300000
2014-10-21,194.070000
2014-10-22,192.690000
2014-10-23,194.930000
2014-10-24,196.430000
2014-10-27,196.160000
2014-10-28,198.410000
2014-10-29,198.110000
2014-10-30,199.380000
2014-10-31,201.660000
2014-11-03,201.770000
2014-11-04,201.070000
2014-11-05,202.340000
2014-11-06,203.150000
2014-11-07,203.340000
2014-11-10,203.980000
2014-11-11,204.175000
2014-11-12,203.960000
2014-11-13,204.190000
2014-11-14,204.240000
2014-11-17,204.370000
2014-11-18,205.550000
2014-11-19,205.220000
2014-11-20,205.580000
2014-11-21,206.680000
2014-11-24,207.260000
2014-11-25,207.110000
2014-11-26,207.640000
2014-11-28,207.200000
2014-12-01,205.760000
2014-12-02,207.085000
2014-12-03,207.890000
2014-12-04,207.660000
2014-12-05,208.000000
2014-12-08,206.610000
2014-12-09,206.470000
2014-12-10,203.160100
2014-12-11,204.190000
2014-12-12,200.890000
2014-12-15,199.510000
2014-12-16,197.910000
2014-12-17,201.790000
2014-12-18,206.780000
2014-12-19,206.520000
2014-12-22,207.470000
2014-12-23,207.750000
2014-12-24,207.770000
2014-12-26,208.440000
2014-12-29,208.720000
2014-12-30,207.600000
2014-12-31,205.540000
2015-01-02,205.430000
2015-01-05,201.720000
2015-01-06,199.820000
2015-01-07,202.310000
2015-01-08,205.900000
2015-01-09,204.250000
2015-01-12,202.650000
2015-01-13,202.080000
2015-01-14,200.860000
2015-01-15,199.019900
2015-01-16,201.630000
2015-01-20,202.055000
2015-01-21,203.080000
2015-01-22,206.100000
2015-01-23,204.970000
2015-01-26,205.450000
2015-01-27,202.740000
2015-01-28,200.140000
2015-01-29,201.990200
2015-01-30,199.450000
2015-02-02,201.920000
2015-02-03,204.840000
2015-02-04,204.060000
2015-02-05,206.120000
2015-02-06,205.550000
2015-02-09,204.630000
2015-02-10,206.810000
2015-02-11,206.930000
2015-02-12,208.920000
2015-02-13,209.780000
2015-02-17,210.110000
2015-02-18,210.130000
2015-02-19,209.980000
2015-02-20,211.239000
2015-02-23,211.209000
2015-02-24,211.810000
2015-02-25,211.630000
2015-02-26,211.380000
2015-02-27,210.660000
2015-03-02,211.990000
2015-03-03,211.120000
2015-03-04,210.230100
2015-03-05,210.460000
2015-03-06,207.500000
2015-03-09,208.360000
2015-03-10,204.980000
2015-03-11,204.500000
2015-03-12,207.100000
2015-03-13,205.827200
2015-03-16,208.580000
2015-03-17,207.960000
2015-03-18,210.460000
2015-03-19,209.500000
2015-03-20,210.410000
2015-03-23,210.000000
2015-03-24,208.820000
2015-03-25,205.760000
2015-03-26,205.270000
2015-03-27,205.740000
2015-03-30,208.250000
2015-03-31,206.430000
2015-04-01,205.700000
2015-04-02,206.435000
2015-04-06,207.830000
2015-04-07,207.280000
2015-04-08,207.975000
2015-04-09,208.900000
2015-04-10,210.040000
2015-04-13,209.090000
2015-04-14,209.490000
2015-04-15,210.430000
2015-04-16,210.370000
2015-04-17,207.950000
2015-04-20,209.850000
2015-04-21,209.600000
2015-04-22,210.630000
2015-04-23,211.160000
2015-04-24,211.649900
2015-04-27,210.770000
2015-04-28,211.440000
2015-04-29,210.570000
2015-04-30,208.460000
2015-05-01,210.720000
2015-05-04,211.320000
2015-05-05,208.900000
2015-05-06,208.040000
2015-05-07,208.870000
2015-05-08,211.620000
2015-05-11,210.605000
2015-05-12,209.980000
2015-05-13,210.020000
2015-05-14,212.210000
2015-05-15,212.440000
2015-05-18,213.100000
2015-05-19,213.030000
2015-05-20,212.880000
2015-05-21,213.500000
2015-05-22,212.990000
2015-05-26,210.700000
2015-05-27,212.700000
2015-05-28,212.460000
2015-05-29,211.140000
2015-06-01,211.570000
2015-06-02,211.360000
2015-06-03,211.920000
2015-06-04,210.129200
2015-06-05,209.770000
2015-06-08,208.480000
2015-06-09,208.450000
2015-06-10,210.950000
2015-06-11,211.630000
2015-06-12,210.010000
2015-06-15,209.110000
2015-06-16,210.250000
2015-06-17,210.590000
2015-06-18,212.780000
2015-06-19,210.810000
2015-06-22,211.890000
2015-06-23,212.040000
2015-06-24,210.500000
2015-06-25,209.860000
2015-06-26,209.820000
2015-06-29,205.420000
2015-06-30,205.850000
2015-07-01,207.500000
2015-07-02,207.310000
2015-07-06,206.720000
2015-07-07,208.020000
2015-07-08,204.530000
2015-07-09,204.900000
2015-07-10,207.480000
2015-07-13,209.770000
2015-07-14,210.680000
2015-07-15,210.610000
2015-07-16,212.300000
2015-07-17,212.480000
2015-07-20,212.590000
2015-07-21,211.750000
2015-07-22,211.370000
2015-07-23,210.180000
2015-07-24,208.000000
2015-07-27,206.790000
2015-07-28,209.330000
2015-07-29,210.770000
2015-07-30,210.820000
2015-07-31,210.500000
2015-08-03,209.790000
2015-08-04,209.380000
2015-08-05,210.070000
2015-08-06,208.350000
2015-08-07,207.950000
2015-08-10,210.570000
2015-08-11,208.670000
2015-08-12,208.920000
2015-08-13,208.660000
2015-08-14,209.420000
2015-08-17,210.590000
2015-08-18,209.980000
2015-08-19,208.320000
2015-08-20,203.970000
2015-08-21,197.630000
2015-08-24,189.550000
2015-08-25,187.270000
2015-08-26,194.460000
2015-08-27,199.270000
2015-08-28,199.280000
2015-08-31,197.670000
2015-09-01,191.770000
2015-09-02,195.410000
2015-09-03,195.550000
2015-09-04,192.590000
2015-09-08,197.430000
2015-09-09,194.790000
2015-09-10,195.850000
2015-09-11,196.740000
2015-09-14,196.010000
2015-09-15,198.460000
2015-09-16,200.180000
2015-09-17,199.730000
2015-09-18,195.450000
2015-09-21,196.460000
2015-09-22,193.910000
2015-09-23,193.600000
2015-09-24,192.900000
2015-09-25,192.850000
2015-09-28,188.010000
2015-09-29,188.120000
2015-09-30,191.630000
2015-10-01,192.130000
2015-10-02,195.000000
2015-10-05,198.470000
2015-10-06,197.790000
2015-10-07,199.410000
2015-10-08,201.210000
2015-10-09,201.330000
2015-10-12,201.520000
2015-10-13,200.250000
2015-10-14,199.290000
2015-10-15,202.350000
2015-10-16,203.270000
2015-10-19,203.370000
2015-10-20,203.090000
2015-10-21,201.850000
2015-10-22,205.260000
2015-10-23,207.510000
2015-10-26,207.000000
2015-10-27,206.600000
2015-10-28,208.950000
2015-10-29,208.830000
2015-10-30,207.930000
2015-11-02,210.390000
2015-11-03,211.000000
2015-11-04,210.360000
2015-11-05,210.150000
2015-11-06,210.040000
2015-11-09,208.080000
2015-11-10,208.560000
2015-11-11,207.740000
2015-11-12,204.840000
2015-11-13,202.540000
2015-11-16,205.620000
2015-11-17,205.470000
2015-11-18,208.730000
2015-11-19,208.550000
2015-11-20,209.310800
2015-11-23,209.070000
2015-11-24,209.350000
2015-11-25,209.320000
2015-11-27,209.560000
2015-11-30,208.690000
2015-12-01,210.680000
2015-12-02,208.529000
2015-12-03,205.610000
2015-12-04,209.620000
2015-12-07,208.350000
2015-12-08,206.949000
2015-12-09,205.340000
2015-12-10,205.870000
2015-12-11,201.880000
2015-12-14,202.900800
2015-12-15,205.030800
2015-12-16,208.030000
2015-12-17,204.860000
2015-12-18,200.020800
2015-12-21,201.670000
2015-12-22,203.500000
2015-12-23,206.020000
2015-12-24,205.680000
2015-12-28,205.210000
2015-12-29,207.400000
2015-12-30,205.930000
2015-12-31,203.870000
2016-01-04,201.019200
2016-01-05,201.360000
2016-01-06,198.820000
2016-01-07,194.050000
2016-01-08,191.923000
2016-01-11,192.110000
2016-01-12,193.660800
2016-01-13,188.830000
2016-01-14,191.930000
2016-01-15,187.810000
2016-01-19,188.060000
2016-01-20,185.650000
2016-01-21,186.690000
2016-01-22,190.520000
2016-01-25,187.640000
2016-01-26,190.200000
2016-01-27,188.130000
2016-01-28,189.110000
2016-01-29,193.720800
2016-02-01,193.650000
2016-02-02,190.160000
2016-02-03,191.300000
2016-02-04,191.600000
2016-02-05,187.950000
2016-02-08,185.420000
2016-02-09,185.430000
2016-02-10,185.270000
2016-02-11,182.860000
2016-02-12,186.630000
2016-02-16,189.780000
2016-02-17,192.880000
2016-02-18,192.090000
2016-02-19,192.000000
2016-02-22,194.780000
2016-02-23,192.320000
2016-02-24,193.200000
2016-02-25,195.540000
2016-02-26,195.089200
2016-02-29,193.560000
2016-03-01,198.110000
2016-03-02,199.000000
2016-03-03,199.775000
2016-03-04,200.430000
2016-03-07,200.590000
2016-03-08,198.400000
2016-03-09,199.380000
2016-03-10,199.540000
2016-03-11,202.760000
2016-03-14,202.500000
2016-03-15,202.170000
2016-03-16,203.340000
2016-03-17,204.630000
2016-03-18,204.380000
2016-03-21,204.670000
2016-03-22,204.560000
2016-03-23,203.209200
2016-03-24,203.120000
2016-03-28,203.240000
2016-03-29,205.120800
2016-03-30,206.020000
2016-03-31,205.520000
2016-04-01,206.920000
2016-04-04,206.250000
2016-04-05,204.189200
2016-04-06,206.420000
2016-04-07,203.950000
2016-04-08,204.499200
2016-04-11,204.020100
2016-04-12,205.920000
2016-04-13,208.000800
2016-04-14,208.010000
2016-04-15,207.780000
2016-04-18,209.239200
2016-04-19,209.900000
2016-04-20,210.100000
2016-04-21,208.970000
2016-04-22,208.970000
2016-04-25,208.610000
2016-04-26,208.919200
2016-04-27,209.350000
2016-04-28,207.447500
2016-04-29,206.330800
2016-05-02,207.970000
2016-05-03,206.159200
2016-05-04,205.010000
2016-05-05,204.970000
2016-05-06,205.720000
2016-05-09,205.889200
2016-05-10,208.450000
2016-05-11,206.500000
2016-05-12,206.560000
2016-05-13,204.760000
2016-05-16,206.780000
2016-05-17,204.850800
2016-05-18,204.910000
2016-05-19,204.200000
2016-05-20,205.490000
2016-05-23,205.210000
2016-05-24,207.870000
2016-05-25,209.280000
2016-05-26,209.340000
2016-05-27,210.240000
2016-05-31,209.840000
2016-06-01,210.270000
2016-06-02,210.910000
2016-06-03,210.280000
2016-06-06,211.350000
2016-06-07,211.680000
2016-06-08,212.370000
2016-06-09,212.080000
2016-06-10,210.070000
2016-06-13,208.449200
2016-06-14,208.040000
2016-06-15,207.750000
2016-06-16,208.370000
2016-06-17,206.520000
2016-06-20,207.850000
2016-06-21,208.440000
2016-06-22,208.100000
2016-06-23,210.810000
2016-06-24,203.130000
2016-06-27,199.600000
2016-06-28,203.199700
2016-06-29,206.660000
2016-06-30,209.475000
2016-07-01,209.920800
2016-07-05,208.410000
2016-07-06,209.660000
2016-07-07,209.526000
2016-07-08,212.650000
2016-07-11,213.400000
2016-07-12,214.950000
2016-07-13,214.920000
2016-07-14,216.120000
2016-07-15,215.830000
2016-07-18,216.409200
2016-07-19,216.190000
2016-07-20,217.085000
2016-07-21,216.265000
2016-07-22,217.240000
2016-07-25,216.650000
2016-07-26,216.750000
2016-07-27,216.520000
2016-07-28,216.770000
2016-07-29,217.120000
2016-08-01,216.940000
2016-08-02,215.549200
2016-08-03,216.180000
2016-08-04,216.409700
2016-08-05,218.180000
2016-08-08,218.050000
2016-08-09,218.180000
2016-08-10,217.640000
2016-08-11,218.650000
2016-08-12,218.460000
2016-08-15,219.090000
2016-08-16,217.960000
2016-08-17,218.370000
2016-08-18,218.860000
2016-08-19,218.540000
2016-08-22,218.530000
2016-08-23,218.970000
2016-08-24,217.850000
2016-08-25,217.700000
2016-08-26,217.290000
2016-08-29,218.360800
2016-08-30,218.000000
2016-08-31,217.380000
2016-09-01,217.390000
2016-09-02,218.370000
2016-09-06,219.030800
2016-09-07,219.010000
2016-09-08,218.510000
2016-09-09,213.280000
2016-09-12,216.340000
2016-09-13,213.230000
2016-09-14,213.150000
2016-09-15,215.280000
2016-09-16,213.370000
2016-09-19,213.410000
2016-09-20,213.420000
2016-09-21,215.820000
2016-09-22,217.180000
2016-09-23,215.990000
2016-09-26,214.240000
2016-09-27,215.570000
2016-09-28,216.640000
2016-09-29,214.680000
2016-09-30,216.300000
2016-10-03,215.780000
2016-10-04,214.680000
2016-10-05,215.630000
2016-10-06,215.780000
2016-10-07,215.040000
2016-10-10,216.160000
2016-10-11,213.430000
2016-10-12,213.710000
2016-10-13,213.010000
2016-10-14,213.120000
2016-10-17,212.380000
2016-10-18,213.710000
2016-10-19,214.280000
2016-10-20,213.880000
2016-10-21,213.980000
2016-10-24,214.890000
2016-10-25,214.170000
2016-10-26,213.740000
2016-10-27,213.170000
2016-10-28,212.540000
2016-10-31,212.550000
2016-11-01,211.010000
2016-11-02,209.740000
2016-11-03,208.780000
2016-11-04,208.550000
2016-11-07,213.150000
2016-11-08,214.110000
2016-11-09,216.379200
2016-11-10,216.920000
2016-11-11,216.420000
2016-11-14,216.590000
2016-11-15,218.280000
2016-11-16,217.870000
2016-11-17,218.990000
2016-11-18,218.500000
2016-11-21,220.150000
2016-11-22,220.580000
2016-11-23,220.700000
2016-11-25,221.520000
2016-11-28,220.480000
2016-11-29,220.910000
2016-11-30,220.380000
2016-12-01,219.570000
2016-12-02,219.680000
2016-12-05,221.000000
2016-12-06,221.700000
2016-12-07,224.600000
2016-12-08,225.150000
2016-12-09,226.510000
2016-12-12,226.250000
2016-12-13,227.760000
2016-12-14,225.880000
2016-12-15,226.810000
2016-12-16,225.040000
2016-12-19,225.530000
2016-12-20,226.400000
2016-12-21,225.770000
2016-12-22,225.380000
2016-12-23,225.710000
2016-12-27,226.270000
2016-12-28,224.400000
2016-12-29,224.350000
2016-12-30,223.530000
2017-01-03,225.240000
2017-01-04,226.580000
2017-01-05,226.400000
2017-01-06,227.210000
2017-01-09,226.460000
2017-01-10,226.460000
2017-01-11,227.100000
2017-01-12,226.530000
2017-01-13,227.050000
2017-01-17,226.250000
2017-01-18,226.750000
2017-01-19,225.910000
2017-01-20,226.740000
2017-01-23,226.150000
2017-01-24,227.600000
2017-01-25,229.570000
2017-01-26,229.330000
2017-01-27,228.970000
2017-01-30,227.550000
2017-01-31,227.530000
2017-02-01,227.620000
2017-02-02,227.770000
2017-02-03,229.340000
2017-02-06,228.930000
2017-02-07,228.940000
2017-02-08,229.240000
2017-02-09,230.600000
2017-02-10,231.510000
2017-02-13,232.770000
2017-02-14,233.700000
2017-02-15,234.920000
2017-02-16,234.720000
2017-02-17,235.090000
2017-02-21,236.490000
2017-02-22,236.280000
2017-02-23,236.440000
2017-02-24,236.740000
2017-02-27,237.110000
2017-02-28,236.470000
2017-03-01,239.780000
2017-03-02,238.270000
2017-03-03,238.420000
2017-03-06,237.710000
2017-03-07,237.000000
2017-03-08,236.560000
2017-03-09,236.860000
2017-03-10,237.690000
2017-03-13,237.810000
2017-03-14,236.900000
2017-03-15,238.950000
2017-03-16,238.480000
2017-03-17,237.030000
2017-03-20,236.770000
2017-03-21,233.730000
2017-03-22,234.280000
2017-03-23,234.030000
2017-03-24,233.860000
2017-03-27,233.620000
2017-03-28,235.320000
2017-03-29,235.540000
2017-03-30,236.290000
2017-03-31,235.740000
2017-04-03,235.330000
2017-04-04,235.480000
2017-04-05,234.780000
2017-04-06,235.440000
2017-04-07,235.200000
2017-04-10,235.340000
2017-04-11,235.060000
2017-04-12,234.030000
2017-04-13,232.510000
2017-04-17,234.570000
2017-04-18,233.870000
2017-04-19,233.440000
2017-04-20,235.340000
2017-04-21,234.590000
2017-04-24,237.170000
2017-04-25,238.550000
2017-04-26,238.400000
2017-04-27,238.600000
2017-04-28,238.080000
2017-05-01,238.680000
2017-05-02,238.770000
2017-05-03,238.480000
2017-05-04,238.760000
2017-05-05,239.700000
2017-05-08,239.660000
2017-05-09,239.440000
2017-05-10,239.870000
2017-05-11,239.380000
2017-05-12,238.980000
2017-05-15,240.300000
2017-05-16,240.080000
2017-05-17,235.820000
2017-05-18,236.770000
2017-05-19,238.310000
2017-05-22,239.520000
2017-05-23,240.050000
2017-05-24,240.610000
2017-05-25,241.760000
2017-05-26,241.710000
2017-05-30,241.500000
2017-05-31,241.440000
2017-06-01,243.360000
2017-06-02,244.170000
2017-06-05,243.990000
2017-06-06,243.210000
2017-06-07,243.660000
2017-06-08,243.780000
2017-06-09,243.410000
2017-06-12,243.360000
2017-06-13,244.550000
2017-06-14,244.240000
2017-06-15,243.770000
2017-06-16,242.640000
2017-06-19,244.660000
2017-06-20,243.010000
2017-06-21,242.950000
2017-06-22,242.840000
2017-06-23,243.130000
2017-06-26,243.290000
2017-06-27,241.330000
2017-06-28,243.490000
2017-06-29,241.350000
2017-06-30,241.800000
2017-07-03,242.210000
2017-07-05,242.770000
2017-07-06,240.550000
2017-07-07,242.110000
2017-07-10,242.370000
2017-07-11,242.190000
2017-07-12,244.010000
2017-07-13,244.420000
2017-07-14,245.560000
2017-07-17,245.530000
2017-07-18,245.660000
2017-07-19,246.990000
2017-07-20,247.100000
2017-07-21,246.880000
2017-07-24,246.820000
2017-07-25,247.420000
2017-07-26,247.430000
2017-07-27,247.200000
2017-07-28,246.910000
2017-07-31,246.770000
2017-08-01,247.320000
2017-08-02,247.440000
2017-08-03,246.960000
2017-08-04,247.410000
2017-08-07,247.870000
2017-08-08,247.260000
2017-08-09,247.250000
2017-08-10,243.760000
2017-08-11,244.120000
2017-08-14,246.540000
2017-08-15,246.510000
2017-08-16,246.940000
2017-08-17,243.090000
2017-08-18,242.710000
2017-08-21,242.900000
2017-08-22,245.440000
2017-08-23,244.560000
2017-08-24,243.990000
2017-08-25,244.560000
2017-08-28,244.570000
2017-08-29,244.850000
2017-08-30,246.010000
2017-08-31,247.490000
2017-09-01,247.840000
2017-09-05,246.060000
2017-09-06,246.900000
2017-09-07,246.870000
2017-09-08,246.580000
2017-09-11,249.210000
2017-09-12,250.050000
2017-09-13,250.170000
2017-09-14,250.090000
2017-09-15,249.190000
2017-09-18,249.720000
2017-09-19,249.970000
2017-09-20,250.060000
2017-09-21,249.390000
2017-09-22,249.440000
2017-09-25,248.930000
2017-09-26,249.080000
2017-09-27,250.050000
2017-09-28,250.350000
2017-09-29,251.230000
2017-10-02,252.320000
2017-10-03,252.860000
2017-10-04,253.160000
2017-10-05,254.660000
2017-10-06,254.370000
2017-10-09,253.950000
2017-10-10,254.620000
2017-10-11,255.020000
2017-10-12,254.640000
2017-10-13,254.950000
2017-10-16,255.290000
2017-10-17,255.470000
2017-10-18,255.720000
2017-10-19,255.790000
2017-10-20,257.110000
2017-10-23,256.110000
2017-10-24,256.560000
2017-10-25,255.290000
2017-10-26,255.620000
2017-10-27,257.710000
2017-10-30,256.750000
2017-10-31,257.150000
2017-11-01,257.490000
2017-11-02,257.590000
2017-11-03,258.450000
2017-11-06,258.850000
2017-11-07,258.670000
2017-11-08,259.110000
2017-11-09,258.170000
2017-11-10,258.090000
2017-11-13,258.330000
2017-11-14,257.730000
2017-11-15,256.440000
2017-11-16,258.620000
2017-11-17,257.860000
2017-11-20,258.300000
2017-11-21,259.990000
2017-11-22,259.760000
2017-11-24,260.360000
2017-11-27,260.230000
2017-11-28,262.870000
2017-11-29,262.710000
2017-11-30,265.010000
2017-12-01,264.460000
2017-12-04,264.140000
2017-12-05,263.190000
2017-12-06,263.240000
2017-12-07,264.070000
2017-12-08,265.510000
2017-12-11,266.310000
2017-12-12,266.780000
2017-12-13,266.750000
2017-12-14,265.660000
2017-12-15,266.510000
2017-12-18,268.200000
2017-12-19,267.170000
2017-12-20,267.030000
2017-12-21,267.580000
2017-12-22,267.510000
2017-12-26,267.190000
2017-12-27,267.320000
2017-12-28,267.870000
2017-12-29,266.860000
2018-01-02,268.770000
2018-01-03,270.470000
2018-01-04,271.610000
2018-01-05,273.420000
2018-01-08,273.920000
2018-01-09,274.540000
2018-01-10,274.120000
2018-01-11,276.120000
2018-01-12,277.920000
2018-01-16,276.970000
2018-01-17,279.610000
2018-01-18,279.140000
2018-01-19,280.410000
2018-01-22,282.690000
2018-01-23,283.290000
2018-01-24,283.180000
2018-01-25,283.300000
2018-01-26,286.580000
2018-01-29,284.680000
2018-01-30,281.760000
2018-01-31,281.900000
2018-02-01,281.580000
2018-02-02,275.450000
2018-02-05,263.930000
2018-02-06,269.130000
2018-02-07,267.670000
2018-02-08,257.630000
2018-02-09,261.500000
2018-02-12,265.340000
2018-02-13,266.000000
2018-02-14,269.590000
2018-02-15,273.030000
2018-02-16,273.110000
2018-02-20,271.400000
2018-02-21,270.050000
2018-02-22,270.400000
2018-02-23,274.710000
2018-02-26,277.900000
2018-02-27,274.430000
2018-02-28,271.650000
2018-03-01,267.700000
2018-03-02,269.080000
2018-03-05,272.190000
2018-03-06,272.880000
2018-03-07,272.780000
2018-03-08,274.100000
2018-03-09,278.870000
2018-03-12,278.520000
2018-03-13,276.720000
2018-03-14,275.300000
2018-03-15,275.000000
2018-03-16,274.200000
2018-03-19,270.490000
2018-03-20,270.950000
2018-03-21,270.430000
2018-03-22,263.670000
2018-03-23,258.050000
2018-03-26,265.110000
2018-03-27,260.600000
2018-03-28,259.830000
2018-03-29,263.150000
2018-04-02,257.470000
2018-04-03,260.770000
2018-04-04,263.560000
2018-04-05,265.640000
2018-04-06,259.720000
2018-04-09,261.000000
2018-04-10,265.150000
2018-04-11,263.760000
2018-04-12,265.930000
2018-04-13,265.150000
2018-04-16,267.330000
2018-04-17,270.190000
2018-04-18,270.390000
2018-04-19,268.890000
2018-04-20,266.610000
2018-04-23,266.570000
2018-04-24,262.980000
2018-04-25,263.630000
2018-04-26,266.310000
2018-04-27,266.560000
2018-04-30,264.510000
2018-05-01,264.980000
2018-05-02,263.200000
2018-05-03,262.620000
2018-05-04,266.020000
2018-05-07,266.920000
2018-05-08,266.920000
2018-05-09,269.500000
2018-05-10,272.020000
2018-05-11,272.850000
2018-05-14,272.980000
2018-05-15,271.100000
2018-05-16,272.240000
2018-05-17,272.010000
2018-05-18,271.330000
2018-05-21,273.370000
2018-05-22,272.610000
2018-05-23,273.360000
2018-05-24,272.800000
2018-05-25,272.150000
2018-05-29,269.020000
2018-05-30,272.610000
2018-05-31,270.940000
2018-06-01,273.600000
2018-06-04,274.900000
2018-06-05,275.100000
2018-06-06,277.400000
2018-06-07,277.370000
2018-06-08,278.190000
2018-06-11,278.560000
2018-06-12,278.920000
2018-06-13,278.030000
2018-06-14,278.730000
2018-06-15,277.130000
2018-06-18,276.560000
2018-06-19,275.500000
2018-06-20,275.970000
2018-06-21,274.240000
2018-06-22,274.740000
2018-06-25,271.000000
2018-06-26,271.600000
2018-06-27,269.350000
2018-06-28,270.890000
2018-06-29,271.280000
2018-07-02,271.860000
2018-07-03,270.900000
2018-07-05,273.110000
2018-07-06,275.420000
2018-07-09,277.900000
2018-07-10,278.900000
2018-07-11,276.860000
2018-07-12,279.370000
2018-07-13,279.590000
2018-07-16,279.340000
2018-07-17,280.470000
2018-07-18,281.060000
2018-07-19,280.000000
2018-07-20,279.680000
2018-07-23,280.200000
2018-07-24,281.610000
2018-07-25,284.010000
2018-07-26,283.340000
2018-07-27,281.420000
2018-07-30,279.950000
2018-07-31,281.330000
2018-08-01,280.860000
2018-08-02,282.390000
2018-08-03,283.600000
2018-08-06,284.640000
2018-08-07,285.580000
2018-08-08,285.460000
2018-08-09,285.070000
2018-08-10,283.160000
2018-08-13,282.100000
2018-08-14,283.900000
2018-08-15,281.780000
2018-08-16,284.060000
2018-08-17,285.060000
2018-08-20,285.670000
2018-08-21,286.340000
2018-08-22,286.170000
2018-08-23,285.790000
2018-08-24,287.510000
2018-08-27,289.780000
2018-08-28,289.920000
2018-08-29,291.480000
2018-08-30,290.300000
2018-08-31,290.310000
2018-09-04,289.810000
2018-09-05,289.030000
2018-09-06,288.160000
2018-09-07,287.600000
2018-09-10,288.100000
2018-09-11,289.050000
2018-09-12,289.120000
2018-09-13,290.830000
2018-09-14,290.880000
2018-09-17,289.340000
2018-09-18,290.910000
2018-09-19,291.220000
2018-09-20,293.580000
2018-09-21,291.990000
2018-09-24,291.020000
2018-09-25,290.750000
2018-09-26,289.880000
2018-09-27,290.690000
2018-09-28,290.720000
2018-10-01,291.730000
2018-10-02,291.560000
2018-10-03,291.720000
2018-10-04,289.440000
2018-10-05,287.820000
2018-10-08,287.820000
2018-10-09,287.400000
2018-10-10,278.300000
2018-10-11,272.170000
2018-10-12,275.950000
2018-10-15,274.400000
2018-10-16,280.400000
2018-10-17,280.450000
2018-10-18,276.400000
2018-10-19,276.250000
2018-10-22,275.010000
2018-10-23,273.610000
2018-10-24,265.320000
2018-10-25,270.080000
2018-10-26,265.330000
2018-10-29,263.860000
2018-10-30,267.770000
2018-10-31,270.630000
2018-11-01,273.510000
2018-11-02,271.890000
2018-11-05,273.390000
2018-11-06,275.120000
2018-11-07,281.010000
2018-11-08,280.500000
2018-11-09,277.760000
2018-11-12,272.570000
2018-11-13,272.060000
2018-11-14,270.200000
2018-11-15,273.020000
2018-11-16,273.730000
2018-11-19,269.100000
2018-11-20,264.120000
2018-11-21,265.020000
2018-11-23,263.250000
2018-11-26,267.500000
2018-11-27,268.400000
2018-11-28,274.580000
2018-11-29,273.980000
2018-11-30,275.650000
2018-12-03,279.300000
2018-12-04,270.250000
2018-12-06,269.840000
2018-12-07,263.570000
2018-12-10,264.070000
2018-12-11,264.130000
2018-12-12,265.460000
2018-12-13,265.370000
2018-12-14,260.470000
2018-12-17,255.360000
2018-12-18,255.080000
2018-12-19,251.260000
2018-12-20,247.170000
2018-12-21,240.700000
2018-12-24,234.340000
2018-12-26,246.180000
2018-12-27,248.070000
2018-12-28,247.750000
2018-12-31,249.920000
2019-01-02,250.180000
2019-01-03,244.210000
2019-01-04,252.390000
2019-01-07,254.380000
2019-01-08,256.770000
2019-01-09,257.970000
2019-01-10,258.880000
2019-01-11,258.980000
2019-01-14,257.400000
2019-01-15,260.350000
2019-01-16,260.980000
2019-01-17,262.960000
2019-01-18,266.460000
2019-01-22,262.860000
2019-01-23,263.410000
2019-01-24,263.550000
2019-01-25,265.780000
2019-01-28,263.760000
2019-01-29,263.410000
2019-01-30,267.580000
2019-01-31,269.930000
2019-02-01,270.060000
2019-02-04,271.960000
2019-02-05,273.100000
2019-02-06,272.740000
2019-02-07,270.140000
2019-02-08,270.470000
2019-02-11,270.620000
2019-02-12,274.100000
2019-02-13,274.990000
2019-02-14,274.380000
2019-02-15,277.370000
2019-02-19,277.850000
2019-02-20,278.410000
2019-02-21,277.420000
2019-02-22,279.140000
2019-02-25,279.520000
2019-02-26,279.320000
2019-02-27,279.200000
2019-02-28,278.680000
2019-03-01,280.420000
2019-03-04,279.400000
2019-03-05,279.020000
2019-03-06,277.330000
2019-03-07,275.010000
2019-03-08,274.460000
2019-03-11,278.440000
2019-03-12,279.490000
2019-03-13,281.340000
2019-03-14,281.160000
2019-03-15,281.310000
2019-03-18,282.330000
2019-03-19,282.400000
2019-03-20,281.550000
2019-03-21,284.730000
2019-03-22,279.250000
2019-03-25,279.040000
2019-03-26,281.120000
2019-03-27,279.650000
2019-03-28,280.710000
2019-03-29,282.480000
2019-04-01,285.830000
2019-04-02,285.970000
2019-04-03,286.420000
2019-04-04,287.180000
2019-04-05,288.570000
2019-04-08,288.790000
2019-04-09,287.310000
2019-04-10,288.290000
2019-04-11,288.210000
2019-04-12,290.160000
2019-04-15,289.970000
2019-04-16,290.160000
2019-04-17,289.450000
2019-04-18,290.020000
2019-04-22,290.270000
2019-04-23,292.880000
2019-04-24,292.230000
2019-04-25,292.050000
2019-04-26,293.410000
2019-04-29,293.870000
2019-04-30,294.020000
2019-05-01,291.810000
2019-05-02,291.180000
2019-05-03,294.030000
2019-05-06,292.820000
2019-05-07,287.930000
2019-05-08,287.530000
2019-05-09,286.660000
2019-05-10,288.100000
2019-05-13,280.860000
2019-05-14,283.400000
2019-05-15,285.060000
2019-05-16,287.700000
2019-05-17,285.840000
2019-05-20,283.950000
2019-05-21,286.510000
2019-05-22,285.630000
2019-05-23,282.140000
2019-05-24,282.780000
2019-05-28,280.150000
2019-05-29,278.270000
2019-05-30,279.030000
2019-05-31,275.270000
2019-06-03,274.570000
2019-06-04,280.530000
2019-06-05,282.960000
2019-06-06,284.800000
2019-06-07,287.650000
2019-06-10,288.970000
2019-06-11,288.900000
2019-06-12,288.390000
2019-06-13,289.580000
2019-06-14,289.260000
2019-06-17,289.370000
2019-06-18,292.400000
2019-06-19,293.060000
2019-06-20,295.860000
2019-06-21,294.000000
2019-06-24,293.640000
2019-06-25,290.760000
2019-06-26,290.470000
2019-06-27,291.500000
2019-06-28,293.000000
2019-07-01,295.660000
2019-07-02,296.430000
2019-07-03,298.800000
2019-07-05,298.460000
2019-07-08,296.820000
2019-07-09,297.190000
2019-07-10,298.610000
2019-07-11,299.310000
2019-07-12,300.650000
2019-07-15,300.750000
2019-07-16,299.710000
2019-07-17,297.740000
2019-07-18,298.830000
2019-07-19,297.170000
2019-07-22,297.900000
2019-07-23,300.030000
2019-07-24,301.440000
2019-07-25,300.000000
2019-07-26,302.010000
2019-07-29,301.460000
2019-07-30,300.720000
2019-07-31,297.430000
2019-08-01,294.840000
2019-08-02,292.620000
2019-08-05,283.820000
2019-08-06,287.800000
2019-08-07,287.970000
2019-08-08,293.620000
2019-08-09,291.620000
2019-08-12,288.070000
2019-08-13,292.550000
2019-08-14,283.900000
2019-08-15,284.650000
2019-08-16,288.850000
2019-08-19,292.330000
2019-08-20,290.090000
2019-08-21,292.450000
2019-08-22,292.360000
2019-08-23,284.850000
2019-08-26,288.000000
2019-08-27,286.870000
2019-08-28,288.890000
2019-08-29,292.580000
2019-08-30,292.450000
2019-09-03,290.740000
2019-09-04,294.040000
2019-09-05,297.820000
2019-09-06,298.050000
2019-09-09,298.200000
2019-09-10,298.130000
2019-09-11,300.250000
2019-09-12,301.290000
2019-09-13,301.090000
2019-09-16,300.160000
2019-09-17,300.920000
2019-09-18,301.100000
2019-09-19,301.080000
2019-09-20,298.280000
2019-09-23,298.210000
2019-09-24,295.870000
2019-09-25,297.620000
2019-09-26,297.000000
2019-09-27,295.400000
2019-09-30,296.770000
2019-10-01,293.240000
2019-10-02,288.060000
2019-10-03,290.420000
2019-10-04,294.350000
2019-10-07,293.080000
2019-10-08,288.530000
2019-10-09,291.270000
2019-10-10,293.240000
2019-10-11,296.280000
2019-10-14,295.950000
2019-10-15,298.880000
2019-10-16,298.400000
2019-10-17,299.280000
2019-10-18,297.970000
2019-10-21,299.990000
2019-10-22,299.010000
2019-10-23,299.880000
2019-10-24,300.370000
2019-10-25,301.600000
2019-10-28,303.300000
2019-10-29,303.210000
2019-10-30,304.140000
2019-10-31,303.330000
2019-11-01,306.140000
2019-11-04,307.370000
2019-11-05,307.030000
2019-11-06,307.100000
2019-11-07,308.180000
2019-11-08,308.940000
2019-11-11,308.350000
2019-11-12,309.000000
2019-11-13,309.100000
2019-11-14,309.550000
2019-11-15,311.790000
2019-11-18,312.020000
2019-11-19,311.930000
2019-11-20,310.770000
2019-11-21,310.270000
2019-11-22,310.960000
2019-11-25,313.370000
2019-11-26,314.080000
2019-11-27,315.480000
2019-11-29,314.310000
2019-12-02,311.640000
2019-12-03,309.550000
2019-12-04,311.460000
2019-12-05,312.020000
2019-12-06,314.870000
2019-12-09,313.880000
2019-12-10,313.530000
2019-12-11,314.420000
2019-12-12,317.130000
2019-12-13,317.320000
2019-12-16,319.500000
2019-12-17,319.570000
2019-12-18,319.590000
2019-12-19,320.900000
2019-12-20,320.730000
2019-12-23,321.220000
2019-12-24,321.230000
2019-12-26,322.940000
2019-12-27,322.860000
2019-12-30,321.080000
2019-12-31,321.860000
2020-01-02,324.870000
2020-01-03,322.410000
2020-01-06,323.640000
2020-01-07,322.730000
2020-01-08,324.450000
2020-01-09,326.650000
2020-01-10,325.710000
2020-01-13,327.950000
2020-01-14,327.450000
2020-01-15,328.190000
2020-01-16,330.920000
2020-01-17,331.950000
2020-01-21,331.300000
2020-01-22,331.340000
2020-01-23,331.720000
2020-01-24,328.770000
2020-01-27,323.500000
2020-01-28,326.890000
2020-01-29,326.620000
2020-01-30,327.680000
2020-01-31,321.730000
2020-02-03,324.120000
2020-02-04,329.060000
2020-02-05,332.860000
2020-02-06,333.980000
2020-02-07,332.200000
2020-02-10,334.680000
2020-02-11,335.260000
2020-02-12,337.420000
2020-02-13,337.060000
2020-02-14,337.600000
2020-02-18,336.730000
2020-02-19,338.340000
2020-02-20,336.950000
2020-02-21,333.480000
2020-02-24,322.420000
2020-02-25,312.650000
2020-02-26,311.500000
2020-02-27,297.510000
2020-02-28,296.260000
2020-03-02,309.090000
2020-03-03,300.240000
2020-03-04,312.860000
2020-03-05,302.460000
2020-03-06,297.460000
2020-03-09,274.230000
2020-03-10,288.420000
2020-03-11,274.360000
2020-03-12,248.110000
2020-03-13,269.320000
2020-03-16,239.850000
2020-03-17,252.800000
2020-03-18,240.000000
2020-03-19,240.510000
2020-03-20,228.800000
2020-03-23,222.950000
2020-03-24,243.150000
2020-03-25,246.790000
2020-03-26,261.200000
2020-03-27,253.420000
2020-03-30,261.650000
2020-03-31,257.750000
2020-04-01,246.150000
2020-04-02,251.830000
2020-04-03,248.190000
2020-04-06,264.860000
2020-04-07,265.130000
2020-04-08,274.030000
2020-04-09,278.200000
2020-04-13,275.660000
2020-04-14,283.790000
2020-04-15,277.760000
2020-04-16,279.100000
2020-04-17,286.640000
2020-04-20,281.590000
2020-04-21,273.040000
2020-04-22,279.100000
2020-04-23,279.080000
2020-04-24,282.970000
2020-04-27,287.050000
2020-04-28,285.730000
2020-04-29,293.210000
2020-04-30,290.480000
2020-05-01,282.790000
2020-05-04,283.570000
2020-05-05,286.190000
2020-05-06,284.250000
2020-05-07,287.680000
2020-05-08,292.440000
2020-05-11,292.500000
2020-05-12,286.670000
2020-05-13,281.600000
2020-05-14,284.970000
2020-05-15,286.280000
2020-05-18,295.000000
2020-05-19,291.970000
2020-05-20,296.930000
2020-05-21,294.880000
2020-05-22,295.440000
2020-05-26,299.080000
2020-05-27,303.530000
2020-05-28,302.970000
2020-05-29,304.320000
2020-06-01,305.550000
2020-06-02,308.080000
2020-06-03,312.180000
2020-06-04,311.360000
2020-06-05,319.340000
2020-06-08,323.200000
2020-06-09,320.790000
2020-06-10,319.000000
2020-06-11,300.610000
2020-06-12,304.210000
2020-06-15,307.050000
2020-06-16,312.960000
2020-06-17,311.660000
2020-06-18,311.780000
2020-06-19,308.640000
2020-06-22,310.620000
2020-06-23,312.050000
2020-06-24,304.090000
2020-06-25,307.350000
2020-06-26,300.050000
2020-06-29,304.460000
2020-06-30,308.360000
2020-07-01,310.520000
2020-07-02,312.230000
2020-07-06,317.050000
2020-07-07,313.780000
2020-07-08,316.180000
2020-07-09,314.380000
2020-07-10,317.590000
2020-07-13,314.840000
2020-07-14,318.920000
2020-07-15,321.850000
2020-07-16,320.790000
2020-07-17,321.720000
2020-07-20,324.320000
2020-07-21,325.010000
2020-07-22,326.860000
2020-07-23,322.960000
2020-07-24,320.880000
2020-07-27,323.220000
2020-07-28,321.170000
2020-07-29,325.120000
2020-07-30,323.960000
2020-07-31,326.520000
2020-08-03,328.790000
2020-08-04,330.060000
2020-08-05,332.110000
2020-08-06,334.330000
2020-08-07,334.570000
2020-08-10,335.570000
2020-08-11,332.800000
2020-08-12,337.440000
2020-08-13,336.830000
2020-08-14,336.840000
2020-08-17,337.910000
2020-08-18,338.640000
2020-08-19,337.230000
2020-08-20,338.280000
2020-08-21,339.480000
2020-08-24,342.920000
2020-08-25,344.120000
2020-08-26,347.570000
2020-08-27,348.330000
2020-08-28,350.580000
2020-08-31,349.310000
2020-09-01,352.600000
2020-09-02,357.700000
2020-09-03,345.390000
2020-09-04,342.570000
2020-09-08,333.210000
2020-09-09,339.790000
2020-09-10,333.890000
2020-09-11,334.060000
2020-09-14,338.460000
2020-09-15,340.170000
2020-09-16,338.820000
2020-09-17,335.840000
2020-09-18,330.650000
2020-09-21,326.970000
2020-09-22,330.300000
2020-09-23,322.640000
2020-09-24,323.500000
2020-09-25,328.730000
2020-09-28,334.190000
2020-09-29,332.370000
2020-09-30,334.890000
2020-10-01,337.040000
2020-10-02,333.840000
2020-10-05,339.760000
2020-10-06,334.930000
2020-10-07,340.760000
2020-10-08,343.780000
2020-10-09,346.850000
2020-10-12,352.430000
2020-10-13,350.130000
2020-10-14,347.930000
2020-10-15,347.500000
2020-10-16,347.290000
2020-10-19,342.010000
2020-10-20,343.380000
2020-10-21,342.730000
2020-10-22,344.610000
2020-10-23,345.780000
2020-10-26,339.390000
2020-10-27,338.220000
2020-10-28,326.660000
2020-10-29,329.980000
2020-10-30,326.540000
2020-11-02,330.200000
2020-11-03,336.030000
2020-11-04,343.540000
2020-11-05,350.240000
2020-11-06,350.160000
2020-11-09,354.560000
2020-11-10,354.040000
2020-11-11,356.670000
2020-11-12,353.210000
2020-11-13,358.100000
2020-11-16,362.570000
2020-11-17,360.620000
2020-11-18,356.280000
2020-11-19,357.780000
2020-11-20,355.330000
2020-11-23,357.460000
2020-11-24,363.220000
2020-11-25,362.660000
2020-11-27,363.670000
2020-11-30,362.060000
2020-12-01,366.020000
2020-12-02,366.790000
2020-12-03,366.690000
2020-12-04,369.850000
2020-12-07,369.090000
2020-12-08,370.170000
2020-12-09,366.850000
2020-12-10,366.730000
2020-12-11,366.300000
2020-12-14,364.660000
2020-12-15,369.590000
2020-12-16,370.170000
2020-12-17,372.240000
2020-12-18,369.180000
2020-12-21,367.860000
2020-12-22,367.240000
2020-12-23,367.570000
2020-12-24,369.000000
2020-12-28,372.170000
2020-12-29,371.460000
2020-12-30,371.990000
2020-12-31,373.880000
2021-01-04,368.790000
2021-01-05,371.330000
2021-01-06,373.550000
2021-01-07,379.100000
2021-01-08,381.260000
2021-01-11,378.690000
2021-01-12,378.770000
2021-01-13,379.790000
2021-01-14,378.460000
2021-01-15,375.700000
2021-01-19,378.650000
2021-01-20,383.890000
2021-01-21,384.240000
2021-01-22,382.880000
2021-01-25,384.390000
2021-01-26,383.790000
2021-01-27,374.410000
2021-01-28,377.630000
2021-01-29,370.070000
2021-02-01,376.230000
2021-02-02,381.550000
2021-02-03,381.850000
2021-02-04,386.190000
2021-02-05,387.710000
2021-02-08,390.510000
2021-02-09,390.250000
2021-02-10,390.080000
2021-02-11,390.710000
2021-02-12,392.640000
2021-02-16,392.300000
2021-02-17,392.390000
2021-02-18,390.720000
2021-02-19,390.030000
2021-02-22,387.030000
2021-02-23,387.500000
2021-02-24,391.770000
2021-02-25,382.330000
2021-02-26,380.360000
2021-03-01,389.580000
2021-03-02,386.540000
2021-03-03,381.420000
2021-03-04,376.700000
2021-03-05,383.630000
2021-03-08,381.720000
2021-03-09,387.170000
2021-03-10,389.580000
2021-03-11,393.530000
2021-03-12,394.060000
2021-03-15,396.410000
2021-03-16,395.910000
2021-03-17,397.260000
2021-03-18,391.480000
2021-03-19,389.480000
2021-03-22,392.590000
2021-03-23,389.500000
2021-03-24,387.520000
2021-03-25,389.700000
2021-03-26,395.980000
2021-03-29,395.780000
2021-03-30,394.730000
2021-03-31,396.330000
2021-04-01,400.610000
2021-04-05,406.360000
2021-04-06,406.120000
2021-04-07,406.590000
2021-04-08,408.520000
2021-04-09,411.490000
2021-04-12,411.640000
2021-04-13,412.860000
2021-04-14,411.450000
2021-04-15,415.870000
2021-04-16,417.260000
2021-04-19,415.210000
2021-04-20,412.170000
2021-04-21,416.070000
2021-04-22,412.270000
2021-04-23,416.740000
2021-04-26,417.610000
2021-04-27,417.520000
2021-04-28,417.400000
2021-04-29,420.060000
2021-04-30,417.300000
2021-05-03,418.200000
2021-05-04,415.620000
2021-05-05,415.750000
2021-05-06,419.070000
2021-05-07,422.120000
2021-05-10,417.940000
2021-05-11,414.210000
2021-05-12,405.410000
2021-05-13,410.280000
2021-05-14,416.580000
2021-05-17,415.520000
2021-05-18,411.940000
2021-05-19,410.860000
2021-05-20,415.280000
2021-05-21,414.940000
2021-05-24,419.170000
2021-05-25,418.240000
2021-05-26,419.070000
2021-05-27,419.290000
2021-05-28,420.040000
2021-06-01,419.670000
2021-06-02,420.330000
2021-06-03,418.770000
2021-06-04,422.600000
2021-06-07,422.190000
2021-06-08,422.280000
2021-06-09,421.650000
2021-06-10,423.610000
2021-06-11,424.310000
2021-06-14,425.260000
2021-06-15,424.480000
2021-06-16,422.110000
2021-06-17,421.970000
2021-06-18,414.920000
2021-06-21,420.860000
2021-06-22,423.110000
2021-06-23,422.600000
2021-06-24,425.100000
2021-06-25,426.610000
2021-06-28,427.470000
2021-06-29,427.700000
2021-06-30,428.060000
2021-07-01,430.430000
2021-07-02,433.720000
2021-07-06,432.930000
2021-07-07,434.460000
2021-07-08,430.920000
2021-07-09,435.520000
2021-07-12,437.080000
2021-07-13,435.590000
2021-07-14,436.240000
2021-07-15,434.750000
2021-07-16,431.340000
2021-07-19,424.970000
2021-07-20,431.060000
2021-07-21,434.550000
2021-07-22,435.460000
2021-07-23,439.940000
2021-07-26,441.020000
2021-07-27,439.010000
2021-07-28,438.830000
2021-07-29,440.650000
2021-07-30,438.510000
2021-08-02,437.590000
2021-08-03,441.150000
2021-08-04,438.980000
2021-08-05,441.760000
2021-08-06,442.490000
2021-08-09,442.130000
2021-08-10,442.680000
2021-08-11,443.780000
2021-08-12,445.110000
2021-08-13,445.920000
2021-08-16,446.970000
2021-08-17,444.040000
2021-08-18,439.180000
2021-08-19,439.860000
2021-08-20,443.360000
2021-08-23,447.260000
2021-08-24,447.970000
2021-08-25,448.910000
2021-08-26,446.260000
2021-08-27,450.250000
2021-08-30,452.230000
2021-08-31,451.560000
2021-09-01,451.800000
2021-09-02,453.190000
2021-09-03,453.080000
2021-09-07,451.460000
2021-09-08,450.910000
2021-09-09,448.980000
2021-09-10,445.440000
2021-09-13,446.580000
2021-09-14,444.170000
2021-09-15,447.880000
2021-09-16,447.170000
2021-09-17,441.400000
2021-09-20,434.040000
2021-09-21,433.630000
2021-09-22,437.860000
2021-09-23,443.180000
2021-09-24,443.910000
2021-09-27,442.640000
2021-09-28,433.720000
2021-09-29,434.450000
2021-09-30,429.140000
2021-10-01,434.240000
2021-10-04,428.640000
2021-10-05,433.100000
2021-10-06,434.900000
2021-10-07,438.660000
2021-10-08,437.860000
2021-10-11,434.690000
2021-10-12,433.620000
2021-10-13,435.180000
2021-10-14,442.500000
2021-10-15,445.870000
2021-10-18,447.190000
2021-10-19,450.640000
2021-10-20,452.410000
2021-10-21,453.590000
2021-10-22,453.120000
2021-10-25,455.550000
2021-10-26,455.960000
2021-10-27,453.940000
2021-10-28,458.320000
2021-10-29,459.250000
2021-11-01,460.040000
2021-11-02,461.900000
2021-11-03,464.720000
2021-11-04,466.910000
2021-11-05,468.530000
2021-11-08,468.930000
2021-11-09,467.380000
2021-11-10,463.620000
2021-11-11,463.770000
2021-11-12,467.270000
2021-11-15,467.430000
2021-11-16,469.280000
2021-11-17,468.140000
2021-11-18,469.730000
2021-11-19,468.890000
2021-11-22,467.570000
2021-11-23,468.190000
2021-11-24,469.440000
2021-11-26,458.970000
2021-11-29,464.600000
2021-11-30,455.560000
2021-12-01,450.500000
2021-12-02,457.400000
2021-12-03,453.420000
2021-12-06,458.790000
2021-12-07,468.280000
2021-12-08,469.520000
2021-12-09,466.350000
2021-12-10,470.740000
2021-12-13,466.570000
2021-12-14,463.360000
2021-12-15,470.600000
2021-12-16,466.450000
2021-12-17,459.870000
2021-12-20,454.980000
2021-12-21,463.060000
2021-12-22,467.690000
2021-12-23,470.600000
2021-12-27,477.260000
2021-12-28,476.870000
2021-12-29,477.480000
2021-12-30,476.160000
2021-12-31,474.960000
2022-01-03,477.710000
2022-01-04,477.550000
2022-01-05,468.380000
2022-01-06,467.940000
2022-01-07,466.090000
2022-01-10,465.510000
2022-01-11,469.750000
2022-01-12,471.020000
2022-01-13,464.530000
2022-01-14,464.720000
2022-01-18,456.490000
2022-01-19,451.750000
2022-01-20,446.750000
2022-01-21,437.980000
2022-01-24,439.840000
2022-01-25,434.470000
2022-01-26,433.380000
2022-01-27,431.240000
2022-01-28,441.950000
2022-01-31,449.910000
2022-02-01,452.950000
2022-02-02,457.350000
2022-02-03,446.600000
2022-02-04,448.700000
2022-02-07,447.260000
2022-02-08,450.940000
2022-02-09,457.540000
2022-02-10,449.320000
2022-02-11,440.460000
2022-02-14,439.020000
2022-02-15,446.100000
2022-02-16,446.600000
2022-02-17,437.060000
2022-02-18,434.230000
2022-02-22,429.570000
2022-02-23,421.950000
2022-02-24,428.300000
2022-02-25,437.750000
2022-02-28,436.630000
2022-03-01,429.980000
2022-03-02,437.890000
2022-03-03,435.710000
2022-03-04,432.170000
2022-03-07,419.430000
2022-03-08,416.250000
2022-03-09,427.410000
2022-03-10,425.480000
2022-03-11,420.070000
2022-03-14,417.000000
2022-03-15,426.170000
2022-03-16,435.620000
2022-03-17,441.070000
2022-03-18,444.520000
2022-03-21,444.390000
2022-03-22,449.590000
2022-03-23,443.800000
2022-03-24,450.490000
2022-03-25,452.690000
2022-03-28,455.910000
2022-03-29,461.550000
2022-03-30,458.700000
2022-03-31,451.640000
2022-04-01,452.920000
2022-04-04,456.800000
2022-04-05,451.030000
2022-04-06,446.520000
2022-04-07,448.770000
2022-04-08,447.570000
2022-04-11,439.920000
2022-04-12,438.290000
2022-04-13,443.310000
2022-04-14,437.790000
2022-04-18,437.970000
2022-04-19,445.040000
2022-04-20,444.710000
2022-04-21,438.060000
2022-04-22,426.040000
2022-04-25,428.510000
2022-04-26,416.100000
2022-04-27,417.270000
2022-04-28,427.810000
2022-04-29,412.000000
2022-05-02,414.480000
2022-05-03,416.380000
2022-05-04,429.060000
2022-05-05,413.810000
2022-05-06,411.340000
2022-05-09,398.170000
2022-05-10,399.090000
2022-05-11,392.750000
2022-05-12,392.340000
2022-05-13,401.720000
2022-05-16,400.090000
2022-05-17,408.320000
2022-05-18,391.860000
2022-05-19,389.460000
2022-05-20,389.630000
2022-05-23,396.920000
2022-05-24,393.890000
2022-05-25,397.370000
2022-05-26,405.310000
2022-05-27,415.260000
2022-05-31,412.930000
2022-06-01,409.590000
2022-06-02,417.390000
2022-06-03,410.540000
2022-06-06,411.790000
2022-06-07,415.740000
2022-06-08,411.220000
2022-06-09,401.440000
2022-06-10,389.800000
2022-06-13,375.000000
2022-06-14,373.870000
2022-06-15,379.200000
2022-06-16,366.650000
2022-06-17,365.860000
2022-06-21,375.070000
2022-06-22,374.390000
2022-06-23,378.060000
2022-06-24,390.080000
2022-06-27,388.590000
2022-06-28,380.650000
2022-06-29,380.340000
2022-06-30,377.250000
2022-07-01,381.240000
2022-07-05,381.960000
2022-07-06,383.250000
2022-07-07,388.990000
2022-07-08,388.670000
2022-07-11,384.230000
2022-07-12,380.830000
2022-07-13,378.830000
2022-07-14,377.910000
2022-07-15,385.130000
2022-07-18,381.950000
2022-07-19,392.270000
2022-07-20,394.770000
2022-07-21,398.790000
2022-07-22,395.090000
2022-07-25,395.570000
2022-07-26,390.890000
2022-07-27,401.040000
2022-07-28,406.070000
2022-07-29,411.990000
2022-08-01,410.770000
2022-08-02,408.060000
2022-08-03,414.450000
2022-08-04,414.170000
2022-08-05,413.470000
2022-08-08,412.990000
2022-08-09,411.350000
2022-08-10,419.990000
2022-08-11,419.990000
2022-08-12,427.100000
2022-08-15,428.860000
2022-08-16,429.700000
2022-08-17,426.650000
2022-08-18,427.890000
2022-08-19,422.140000
2022-08-22,413.350000
2022-08-23,412.350000
2022-08-24,413.670000
2022-08-25,419.510000
2022-08-26,405.310000
2022-08-29,402.630000
2022-08-30,398.210000
2022-08-31,395.180000
2022-09-01,396.420000
2022-09-02,392.240000
2022-09-06,390.760000
2022-09-07,397.780000
2022-09-08,400.380000
2022-09-09,406.600000
2022-09-12,410.970000
2022-09-13,393.100000
2022-09-14,394.600000
2022-09-15,390.120000
2022-09-16,385.560000
2022-09-19,388.550000
2022-09-20,384.090000
2022-09-21,377.390000
2022-09-22,378.300000
2022-09-23,367.950000
2022-09-26,364.310000
2022-09-27,363.380000
2022-09-28,370.530000
2022-09-29,362.790000
2022-09-30,357.180000
2022-10-03,366.610000
2022-10-04,377.970000
2022-10-05,377.090000
2022-10-06,373.200000
2022-10-07,362.790000
2022-10-10,360.020000
2022-10-11,357.740000
2022-10-12,356.560000
2022-10-13,365.970000
2022-10-14,357.630000
2022-10-17,366.820000
2022-10-18,371.130000
2022-10-19,368.500000
2022-10-20,365.410000
2022-10-21,374.290000
2022-10-24,378.870000
2022-10-25,384.920000
2022-10-26,382.020000
2022-10-27,379.980000
2022-10-28,389.020000
2022-10-31,386.210000
2022-11-01,384.520000
2022-11-02,374.870000
2022-11-03,371.010000
2022-11-04,376.350000
2022-11-07,379.950000
2022-11-08,382.000000
2022-11-09,374.130000
2022-11-10,394.690000
2022-11-11,398.510000
2022-11-14,395.120000
2022-11-15,398.490000
2022-11-16,395.450000
2022-11-17,394.240000
2022-11-18,396.030000
2022-11-21,394.590000
2022-11-22,399.900000
2022-11-23,402.420000
2022-11-25,402.330000
2022-11-28,395.910000
2022-11-29,395.230000
2022-11-30,407.680000
2022-12-01,407.380000
2022-12-02,406.910000
2022-12-05,399.590000
2022-12-06,393.830000
2022-12-07,393.160000
2022-12-08,396.240000
2022-12-09,393.280000
2022-12-12,398.950000
2022-12-13,401.970000
2022-12-14,399.400000
2022-12-15,389.630000
2022-12-16,383.270000
2022-12-19,380.020000
2022-12-20,380.540000
2022-12-21,386.230000
2022-12-22,380.720000
2022-12-23,382.910000
2022-12-27,381.400000
2022-12-28,376.660000
2022-12-29,383.440000
2022-12-30,382.430000
2023-01-03,380.820000
2023-01-04,383.760000
2023-01-05,379.380000
2023-01-06,388.080000
2023-01-09,387.860000
2023-01-10,390.580000
2023-01-11,395.520000
2023-01-12,396.960000
2023-01-13,398.500000
2023-01-17,397.770000
2023-01-18,391.490000
2023-01-19,388.640000
2023-01-20,395.880000
2023-01-23,400.630000
2023-01-24,400.200000
2023-01-25,400.350000
2023-01-26,404.750000
2023-01-27,405.680000
2023-01-30,400.590000
2023-01-31,406.480000
2023-02-01,410.800000
2023-02-02,416.780000
2023-02-03,412.350000
2023-02-06,409.830000
2023-02-07,415.190000
2023-02-08,410.650000
2023-02-09,407.090000
2023-02-10,408.040000
2023-02-13,412.830000
2023-02-14,412.640000
2023-02-15,413.980000
2023-02-16,408.280000
2023-02-17,407.260000
2023-02-21,399.090000
2023-02-22,398.540000
2023-02-23,400.660000
2023-02-24,396.380000
2023-02-27,397.730000
2023-02-28,396.260000
2023-03-01,394.740000
2023-03-02,397.810000
2023-03-03,404.190000
2023-03-06,404.470000
2023-03-07,398.270000
2023-03-08,398.920000
2023-03-09,391.560000
2023-03-10,385.910000
2023-03-13,385.360000
2023-03-14,391.730000
2023-03-15,389.280000
2023-03-16,396.110000
2023-03-17,389.990000
2023-03-20,393.740000
2023-03-21,398.910000
2023-03-22,392.110000
2023-03-23,393.170000
2023-03-24,395.750000
2023-03-27,396.490000
2023-03-28,395.600000
2023-03-29,401.350000
2023-03-30,403.700000
2023-03-31,409.390000
2023-04-03,410.950000
2023-04-04,408.670000
2023-04-05,407.600000
2023-04-06,409.190000
2023-04-10,409.610000
2023-04-11,409.720000
2023-04-12,408.050000
2023-04-13,413.470000
2023-04-14,412.460000
2023-04-17,413.940000
2023-04-18,414.210000
2023-04-19,414.140000
2023-04-20,411.880000
2023-04-21,412.200000
2023-04-24,412.630000
2023-04-25,406.080000
2023-04-26,404.360000
2023-04-27,412.410000
2023-04-28,415.930000
2023-05-01,415.510000
2023-05-02,410.840000
2023-05-03,408.020000
2023-05-04,405.130000
2023-05-05,412.630000
2023-05-08,412.740000
2023-05-09,410.930000
2023-05-10,412.850000
2023-05-11,412.130000
2023-05-12,411.590000
2023-05-15,413.010000
2023-05-16,410.250000
2023-05-17,415.230000
2023-05-18,419.230000
2023-05-19,418.620000
2023-05-22,418.790000
2023-05-23,414.090000
2023-05-24,411.090000
2023-05-25,414.650000
2023-05-26,420.020000
2023-05-30,420.180000
2023-05-31,417.850000
2023-06-01,421.820000
2023-06-02,427.920000
2023-06-05,427.100000
2023-06-06,428.030000
2023-06-07,426.550000
2023-06-08,429.130000
2023-06-09,429.900000
2023-06-12,433.800000
2023-06-13,436.660000
2023-06-14,437.180000
2023-06-15,442.600000
2023-06-16,439.460000
2023-06-20,437.180000
2023-06-21,434.940000
2023-06-22,436.510000
2023-06-23,433.210000
2023-06-26,431.440000
2023-06-27,436.170000
2023-06-28,436.390000
2023-06-29,438.110000
2023-06-30,443.280000
2023-07-03,443.790000
2023-07-05,443.130000
2023-07-06,439.660000
2023-07-07,438.550000
2023-07-10,439.660000
2023-07-11,442.460000
2023-07-12,446.020000
2023-07-13,449.560000
2023-07-14,449.280000
2023-07-17,450.840000
2023-07-18,454.190000
2023-07-19,455.200000
2023-07-20,452.180000
2023-07-21,452.180000
2023-07-24,454.200000
2023-07-25,455.440000
2023-07-26,455.510000
2023-07-27,452.490000
2023-07-28,456.920000
2023-07-31,457.790000
2023-08-01,456.480000
2023-08-02,450.130000
2023-08-03,448.840000
2023-08-04,446.810000
2023-08-07,450.710000
2023-08-08,448.750000
2023-08-09,445.750000
2023-08-10,445.910000
2023-08-11,445.650000
2023-08-14,448.110000
2023-08-15,442.890000
2023-08-16,439.640000
2023-08-17,436.290000
2023-08-18,436.500000
2023-08-21,439.340000
2023-08-22,438.150000
2023-08-23,443.030000
2023-08-24,436.890000
2023-08-25,439.970000
2023-08-28,442.760000
2023-08-29,449.160000
2023-08-30,451.010000
2023-08-31,450.350000
2023-09-01,451.190000
2023-09-05,449.240000
2023-09-06,446.220000
2023-09-07,444.850000
2023-09-08,445.520000
2023-09-11,448.450000
2023-09-12,445.990000
2023-09-13,446.510000
2023-09-14,450.360000
2023-09-15,443.370000
2023-09-18,443.630000
2023-09-19,442.710000
2023-09-20,438.640000
2023-09-21,431.390000
2023-09-22,430.420000
2023-09-25,432.230000
2023-09-26,425.880000
2023-09-27,426.050000
2023-09-28,428.520000
2023-09-29,427.480000
2023-10-02,427.310000
2023-10-03,421.590000
2023-10-04,424.660000
2023-10-05,424.500000
2023-10-06,429.540000
2023-10-09,432.290000
2023-10-10,434.540000
2023-10-11,436.320000
2023-10-12,433.660000
2023-10-13,431.500000
2023-10-16,436.040000
2023-10-17,436.020000
2023-10-18,430.210000
2023-10-19,426.430000
2023-10-20,421.190000
2023-10-23,420.460000
2023-10-24,423.630000
2023-10-25,417.550000
2023-10-26,412.550000
2023-10-27,410.680000
2023-10-30,415.590000
2023-10-31,418.200000
2023-11-01,422.660000
2023-11-02,430.760000
2023-11-03,434.690000
2023-11-06,435.690000
2023-11-07,436.930000
2023-11-08,437.250000
2023-11-09,433.840000
2023-11-10,440.610000
2023-11-13,440.190000
2023-11-14,448.730000
2023-11-15,449.680000
2023-11-16,450.230000
2023-11-17,450.790000
2023-11-20,454.260000
2023-11-21,453.270000
2023-11-22,455.020000
2023-11-24,455.300000
2023-11-27,454.480000
2023-11-28,454.930000
2023-11-29,454.610000
2023-11-30,456.400000
2023-12-01,459.100000
2023-12-04,456.690000
2023-12-05,456.600000
2023-12-06,454.760000
2023-12-07,458.230000
2023-12-08,460.200000
2023-12-11,461.990000
2023-12-12,464.100000
2023-12-13,470.500000
2023-12-14,472.010000
2023-12-15,469.330000
2023-12-18,471.970000
2023-12-19,474.840000
2023-12-20,468.260000
2023-12-21,472.700000
2023-12-22,473.650000
2023-12-26,475.650000
2023-12-27,476.510000
2023-12-28,476.690000
2023-12-29,475.310000
2024-01-02,472.650000
2024-01-03,468.790000
2024-01-04,467.280000
2024-01-05,467.920000
2024-01-08,474.600000
2024-01-09,473.880000
2024-01-10,476.560000
2024-01-11,476.350000
2024-01-12,476.680000
2024-01-16,474.930000
2024-01-17,472.290000
2024-01-18,476.490000
2024-01-19,482.430000
2024-01-22,483.450000
2024-01-23,484.860000
2024-01-24,485.390000
2024-01-25,488.030000
2024-01-26,487.410000
2024-01-29,491.270000
2024-01-30,490.890000
2024-01-31,482.880000
2024-02-01,489.200000
2024-02-02,494.350000
2024-02-05,492.550000
2024-02-06,493.980000
2024-02-07,498.100000
2024-02-08,498.320000
2024-02-09,501.200000
2024-02-12,500.980000
2024-02-13,497.090000
2024-02-14,498.570000
2024-02-15,502.010000
2024-02-16,499.510000
2024-02-20,496.760000
2024-02-21,497.210000
2024-02-22,507.500000
2024-02-23,507.850000
2024-02-26,505.990000
2024-02-27,506.930000
2024-02-28,506.260000
2024-02-29,508.080000
2024-03-01,512.850000
2024-03-04,512.300000
2024-03-05,507.180000
2024-03-06,509.750000
2024-03-07,514.810000
2024-03-08,511.720000
2024-03-11,511.280000
2024-03-12,516.780000
2024-03-13,515.970000
2024-03-14,514.950000
2024-03-15,509.670000
2024-03-18,512.850000
2024-03-19,515.770000
2024-03-20,520.420000
2024-03-21,522.200000
2024-03-22,521.210000
2024-03-25,519.770000
2024-03-26,518.810000
2024-03-27,523.160000
2024-03-28,523.210000
2024-04-01,522.160000
2024-04-02,518.860000
2024-04-03,519.460000
2024-04-04,513.120000
2024-04-05,518.430000
2024-04-08,518.720000
2024-04-09,519.280000
2024-04-10,514.120000
2024-04-11,518.000000
2024-04-12,510.840000
2024-04-15,504.589400
2024-04-16,503.460000
2024-04-17,500.550000
2024-04-18,499.445000
2024-04-19,495.160000
2024-04-22,499.720000
2024-04-23,505.620000
2024-04-24,505.460000
2024-04-25,503.440000
2024-04-26,508.260000
2024-04-29,510.060000
2024-04-30,501.980000
2024-05-01,500.120000
2024-05-02,505.010000
2024-05-03,511.310000
2024-05-06,516.570000
2024-05-07,517.190000
2024-05-08,517.190000
2024-05-09,520.170000
2024-05-10,520.840000
2024-05-13,520.910000
2024-05-14,523.290000
2024-05-15,529.760000
2024-05-16,528.820000
2024-05-17,529.500000
2024-05-20,530.060000
2024-05-21,531.360000
2024-05-22,529.840000
2024-05-23,525.980000
2024-05-24,529.500000
2024-05-28,529.810000
2024-05-29,526.180000
2024-05-30,522.610000
2024-05-31,527.140000
2024-06-03,527.790000
2024-06-04,528.390000
2024-06-05,534.630000
2024-06-06,534.620000
2024-06-07,534.010000
2024-06-10,535.660000
2024-06-11,536.950000
2024-06-12,541.340000
2024-06-13,542.450000
2024-06-14,542.780000
2024-06-17,547.030000
2024-06-18,548.490000
2024-06-20,547.000000
2024-06-21,544.090000
2024-06-24,542.670000
2024-06-25,544.770000
2024-06-26,545.510000
2024-06-27,546.420000
2024-06-28,544.260000
2024-07-01,545.390000
2024-07-02,548.980000
2024-07-03,551.460000
2024-07-05,554.670000
2024-07-08,555.320000
2024-07-09,555.820000
2024-07-10,561.320000
2024-07-11,556.470000
2024-07-12,559.900000
2024-07-15,561.530000
2024-07-16,564.790000
2024-07-17,556.940000
2024-07-18,552.660000
2024-07-19,548.990000
2024-07-22,554.650000
2024-07-23,553.780000
2024-07-24,541.230000
2024-07-25,538.410000
2024-07-26,544.440000
2024-07-29,544.760000
2024-07-30,542.000000
2024-07-31,550.810000
2024-08-01,543.010000
2024-08-02,532.900000
2024-08-05,517.380000
2024-08-06,522.150000
2024-08-07,518.660000
2024-08-08,530.650000
2024-08-09,532.990000
2024-08-12,533.270000
2024-08-13,542.040000
2024-08-14,543.750000
2024-08-15,553.070000
2024-08-16,554.310000
2024-08-19,559.610000
2024-08-20,558.700000
2024-08-21,560.620000
2024-08-22,556.220000
2024-08-23,562.130000
2024-08-26,560.790000
2024-08-27,561.560000
2024-08-28,558.300000
2024-08-29,558.350000
2024-08-30,563.680000
2024-09-03,552.080000
2024-09-04,550.950000
2024-09-05,549.610000
2024-09-06,540.360000
2024-09-09,546.410000
2024-09-10,548.790000
2024-09-11,554.420000
2024-09-12,559.090000
2024-09-13,562.010000
2024-09-16,562.840000
2024-09-17,563.070000
2024-09-18,561.400000
2024-09-19,570.980000
2024-09-20,568.250000
2024-09-23,569.670000
2024-09-24,571.300000
2024-09-25,570.040000
2024-09-26,572.300000
2024-09-27,571.470000
2024-09-30,573.760000
2024-10-01,568.620000
2024-10-02,568.860000
2024-10-03,567.820000
2024-10-04,572.980000
2024-10-07,567.800000
2024-10-08,573.170000
2024-10-09,577.140000
2024-10-10,576.130000
2024-10-11,579.580000
2024-10-14,584.320000
2024-10-15,579.780000
2024-10-16,582.300000
2024-10-17,582.350000
2024-10-18,584.590000
2024-10-21,583.630000
2024-10-22,583.320000
2024-10-23,577.990000
2024-10-24,579.240000
2024-10-25,579.040000
2024-10-28,580.830000
2024-10-29,581.770000
2024-10-30,580.010000
2024-10-31,568.640000
2024-11-01,571.040000
2024-11-04,569.810000
2024-11-05,576.700000
2024-11-06,591.040000
2024-11-07,595.610000
2024-11-08,598.190000
2024-11-11,598.760000
2024-11-12,596.900000
2024-11-13,597.190000
2024-11-14,593.350000
2024-11-15,585.750000
2024-11-18,588.150000
2024-11-19,590.300000
2024-11-20,590.500000
2024-11-21,593.670000
2024-11-22,595.510000
2024-11-25,597.530000
2024-11-26,600.650000
2024-11-27,598.830000
2024-11-29,602.550000
2024-12-02,603.630000
2024-12-03,603.910000
2024-12-04,607.660000
2024-12-05,606.660000
2024-12-06,607.810000
2024-12-09,604.680000
2024-12-10,602.800000
2024-12-11,607.460000
2024-12-12,604.330000
2024-12-13,604.210000
2024-12-16,606.790000
2024-12-17,604.290000
2024-12-18,586.280000
2024-12-19,586.100000
2024-12-20,591.150000
2024-12-23,594.690000
2024-12-24,601.300000
2024-12-26,601.340000
2024-12-27,595.010000
2024-12-30,588.220000
2024-12-31,586.080000
2025-01-02,584.640000
2025-01-03,591.950000
2025-01-06,595.360000
2025-01-07,588.630000
2025-01-08,589.490000
2025-01-10,580.490000
2025-01-13,581.390000
2025-01-14,582.190000
2025-01-15,592.780000
2025-01-16,591.640000
2025-01-17,597.580000
2025-01-21,603.050000
2025-01-22,606.440000
2025-01-23,609.750000
2025-01-24,607.970000
2025-01-27,599.370000
2025-01-28,604.520000
2025-01-29,601.810000
2025-01-30,605.040000
2025-01-31,601.820000
2025-02-03,597.770000
2025-02-04,601.780000
2025-02-05,604.220000
2025-02-06,606.320000
2025-02-07,600.770000
2025-02-10,604.850000
2025-02-11,605.310000
2025-02-12,603.360000
2025-02-13,609.730000
2025-02-14,609.700000
2025-02-18,611.490000
2025-02-19,612.930000
2025-02-20,610.380000
2025-02-21,599.940000
2025-02-24,597.210000
2025-02-25,594.240000
2025-02-26,594.540000
2025-02-27,585.050000
2025-02-28,594.180000
2025-03-03,583.770000
2025-03-04,576.860000
2025-03-05,583.060000
2025-03-06,572.710000
2025-03-07,575.920000
2025-03-10,560.580000
2025-03-11,555.920000
2025-03-12,558.870000
2025-03-13,551.420000
2025-03-14,562.810000
2025-03-17,567.150000
2025-03-18,561.020000
2025-03-19,567.130000
2025-03-20,565.490000
2025-03-21,563.980000
2025-03-24,574.080000
2025-03-25,575.460000
2025-03-26,568.590000
2025-03-27,567.080000
2025-03-28,555.660000
2025-03-31,559.390000
2025-04-01,560.970000
2025-04-02,564.520000
2025-04-03,536.700000
2025-04-04,505.280000
2025-04-07,504.380000
2025-04-08,496.480000
2025-04-09,548.620000
2025-04-10,524.580000
2025-04-11,533.940000
2025-04-14,539.120000
2025-04-15,537.610000
2025-04-16,525.660000
2025-04-17,526.410000
2025-04-21,513.880000
2025-04-22,527.250000
2025-04-23,535.420000
2025-04-24,546.690000
2025-04-25,550.640000
2025-04-28,550.850000
2025-04-29,554.320000
2025-04-30,554.540000
2025-05-01,558.470000
2025-05-02,566.760000
2025-05-05,563.510000
2025-05-06,558.800000
2025-05-07,561.150000
2025-05-08,565.060000
2025-05-09,564.340000
2025-05-12,582.990000
2025-05-13,586.840000
2025-05-14,587.590000
2025-05-15,590.460000
2025-05-16,594.200000
2025-05-19,594.850000
2025-05-20,592.850000
2025-05-21,582.860000
2025-05-22,583.090000
2025-05-23,579.110000
2025-05-27,591.150000
2025-05-28,587.730000
2025-05-29,590.050000
2025-05-30,589.390000
2025-06-02,592.710000
2025-06-03,596.090000
2025-06-04,595.930000
2025-06-05,593.050000
2025-06-06,599.140000
2025-06-09,599.680000
2025-06-10,603.080000
2025-06-11,601.360000
2025-06-12,603.750000
2025-06-13,597.000000
2025-06-16,602.680000
2025-06-17,597.530000
2025-06-18,597.440000
2025-06-20,594.280000
2025-06-23,600.150000
2025-06-24,606.780000
2025-06-25,607.120000
2025-06-26,611.870000
2025-06-27,614.910000
2025-06-30,617.850000
2025-07-01,617.650000
2025-07-02,620.450000
2025-07-03,625.340000
2025-07-07,620.680000
2025-07-08,620.340000
2025-07-09,624.060000
2025-07-10,625.820000
2025-07-11,623.620000
2025-07-14,624.810000
2025-07-15,622.140000
2025-07-16,624.220000
2025-07-17,628.040000
2025-07-18,627.580000
2025-07-21,628.770000
2025-07-22,628.860000
2025-07-23,634.210000
2025-07-24,634.420000
2025-07-25,637.100000
2025-07-28,636.940000
2025-07-29,635.260000
2025-07-30,634.460000
2025-07-31,632.080000
2025-08-01,621.720000
2025-08-04,631.170000
2025-08-05,627.970000
2025-08-06,632.780000
2025-08-07,632.250000
2025-08-08,637.180000
2025-08-11,635.920000
2025-08-12,642.690000
2025-08-13,644.890000
2025-08-14,644.950000
2025-08-15,643.440000
2025-08-18,643.300000
2025-08-19,639.810000
2025-08-20,638.110000
2025-08-21,635.550000
2025-08-22,645.310000
2025-08-25,642.470000
2025-08-26,645.160000
2025-08-27,646.630000
2025-08-28,648.920000
2025-08-29,645.050000
2025-09-02,640.270000
2025-09-03,643.740000
2025-09-04,649.120000
2025-09-05,647.240000
2025-09-08,648.830000
2025-09-09,650.330000
2025-09-10,652.210000
2025-09-11,657.630000
2025-09-12,657.410000
2025-09-15,660.910000
2025-09-16,660.000000
2025-09-17,659.180000
2025-09-18,662.260000
2025-09-19,663.700000
2025-09-22,666.840000
2025-09-23,663.210000
2025-09-24,661.100000
2025-09-25,658.050000
2025-09-26,661.820000
2025-09-29,663.680000
2025-09-30,666.180000
2025-10-01,668.450000
2025-10-02,669.220000
2025-10-03,669.210000
2025-10-06,671.610000
2025-10-07,669.120000
2025-10-08,673.110000
2025-10-09,671.160000
2025-10-10,653.020000
2025-10-13,663.040000
2025-10-14,662.230000
2025-10-15,665.170000
2025-10-16,660.640000
2025-10-17,664.390000
2025-10-20,671.300000
2025-10-21,671.290000
2025-10-22,667.800000
2025-10-23,671.760000
2025-10-24,677.250000
2025-10-27,685.240000
2025-10-28,687.060000
2025-10-29,687.390000
2025-10-30,679.830000
2025-10-31,682.060000
2025-11-03,683.340000
2025-11-04,675.240000
2025-11-05,677.580000
2025-11-06,670.310000
2025-11-07,670.970000
2025-11-10,681.440000
2025-11-11,683.000000
2025-11-12,683.380000
2025-11-13,672.040000
2025-11-14,671.930000
2025-11-17,665.670000
2025-11-18,660.080000
2025-11-19,662.630000
2025-11-20,652.530000
2025-11-21,659.030000
2025-11-24,668.730000
2025-11-25,675.020000
2025-11-26,679.680000
2025-11-28,683.390000
2025-12-01,680.270000
2025-12-02,681.530000
2025-12-03,683.890000
2025-12-04,684.390000
2025-12-05,685.690000
2025-12-08,683.630000
2025-12-09,683.040000
2025-12-10,687.570000
2025-12-11,689.170000
2025-12-12,681.760000
2025-12-15,680.730000
2025-12-16,678.870000
2025-12-17,671.400000
2025-12-18,676.470000
2025-12-19,680.590000
2025-12-22,684.830000
2025-12-23,687.960000
2025-12-24,690.380000
2025-12-26,690.310000
2025-12-29,687.850000
2025-12-30,687.010000
2025-12-31,681.920000
2026-01-02,683.170000
2026-01-05,687.720000
2026-01-06,691.810000
2026-01-07,689.580000
2026-01-08,689.510000
2026-01-09,694.070000
2026-01-12,695.160000
2026-01-13,693.770000
2026-01-14,690.360000
2026-01-15,692.240000
2026-01-16,691.660000
2026-01-20,677.580000
2026-01-21,685.400000
2026-01-22,688.980000
2026-01-23,689.230000
2026-01-26,692.730000
2026-01-27,695.490000
2026-01-28,695.420000
2026-01-29,694.040000
2026-01-30,691.970000
2026-02-02,695.410000
2026-02-03,689.530000
2026-02-04,686.190000
2026-02-05,677.620000
2026-02-06,690.620000
2026-02-09,693.950000
2026-02-10,692.120000
2026-02-11,691.960000
2026-02-12,681.270000
2026-02-13,681.750000
2026-02-17,682.850000
2026-02-18,686.290000
2026-02-19,684.480000
2026-02-20,689.430000
2026-02-23,682.390000
2026-02-24,687.350000
2026-02-25,693.150000
2026-02-26,689.300000
2026-02-27,685.990000
2026-03-02,686.380000
2026-03-03,680.330000
2026-03-04,685.130000
2026-03-05,681.310000
2026-03-06,672.380000
2026-03-09,678.270000
2026-03-10,677.180000
2026-03-11,676.330000
2026-03-12,666.060000
2026-03-13,662.290000
2026-03-16,669.030000
2026-03-17,670.790000
2026-03-18,661.430000
2026-03-19,659.800000
2026-03-20,648.570000
2026-03-23,655.380000
2026-03-24,653.180000
2026-03-25,656.820000
2026-03-26,645.090000
2026-03-27,634.090000
2026-03-30,631.970000
2026-03-31,650.340000
2026-04-01,655.240000
2026-04-02,655.830000
2026-04-06,658.930000
2026-04-07,659.220000
2026-04-08,676.010000
2026-04-09,679.910000
2026-04-10,679.460000
2026-04-13,686.100000
2026-04-14,694.460000
2026-04-15,699.940000
2026-04-16,701.660000
2026-04-17,710.140000
2026-04-20,708.720000
2026-04-21,704.080000
2026-04-22,711.210000
2026-04-23,708.450000
2026-04-24,713.940000
2026-04-27,715.170000
2026-04-28,711.690000
2026-04-29,711.580000
2026-04-30,718.660000
2026-05-01,720.650000
2026-05-04,718.010000
2026-05-05,723.770000
2026-05-06,733.830000
2026-05-07,731.580000
2026-05-08,737.620000
2026-05-11,739.300000
2026-05-12,738.180000
2026-05-13,742.310000
2026-05-14,748.170000
2026-05-15,739.170000
2026-05-18,738.650000
2026-05-19,733.730000
2026-05-20,741.250000
2026-05-21,742.720000
2026-05-22,745.640000
2026-05-26,750.590000
2026-05-27,750.460000
2026-05-28,754.600000
2026-05-29,756.480000
2026-06-01,758.540000
2026-06-02,759.570000
2026-06-03,754.240000
2026-06-04,757.090000
2026-06-05,737.550000
2026-06-08,739.220000
2026-06-09,737.050000
2026-06-10,725.430000
2026-06-11,737.760000
2026-06-12,741.750000
2026-06-15,754.830000
2026-06-16,750.330000
2026-06-17,740.960000
2026-06-18,746.740000
2026-06-22,744.390000
2026-06-23,733.580000
2026-06-24,733.240000
2026-06-25,734.300000
2026-06-26,728.990000
2026-06-29,741.000000
2026-06-30,746.770000
2026-07-01,745.760000
2026-07-02,744.780000
2026-07-06,751.280000
2026-07-07,747.710000
2026-07-08,745.400000
2026-07-09,751.710000
2026-07-10,754.950000
2026-07-13,749.170000
2026-07-14,751.830000
2026-07-15,754.810000
2026-07-16,750.720000
2026-07-17,743.290000
2026-07-20,742.090000
2026-07-21,748.280000
2026-07-22,747.410000
2026-07-23,738.180000
2026-07-24,738.930000
2026-07-27,739.090000
2026-07-28,740.860000
2026-07-29,729.460000
2026-07-30,741.690000
2026-07-31,747.030000
2026-08-03,757.670000
2026-08-04,771.330000
2026-08-05,769.790000
2026-08-06,768.560000
2026-08-07,773.260000
2026-08-10,773.030000
2026-08-11,770.560000
2026-08-12,772.490000
2026-08-13,777.880000
2026-08-14,776.340000
2026-08-17,772.670000
2026-08-18,767.450000
2026-08-19,769.060000
2026-08-20,762.600000
2026-08-21,765.720000
2026-08-24,763.470000
2026-08-25,765.910000
2026-08-26,766.080000
2026-08-27,771.100000
