d,c
2006-06-21,4.468750
2006-06-22,4.415000
2006-06-23,4.420625
2006-06-26,4.446250
2006-06-27,4.367500
2006-06-28,4.406250
2006-06-29,4.593125
2006-06-30,4.590625
2006-07-03,4.653125
2006-07-05,4.591250
2006-07-06,4.605625
2006-07-07,4.552500
2006-07-10,4.560625
2006-07-11,4.598125
2006-07-12,4.508750
2006-07-13,4.372500
2006-07-14,4.333125
2006-07-17,4.328750
2006-07-18,4.305000
2006-07-19,4.484375
2006-07-20,4.431875
2006-07-21,4.356875
2006-07-24,4.503125
2006-07-25,4.561250
2006-07-26,4.565625
2006-07-27,4.521875
2006-07-28,4.637500
2006-07-31,4.612500
2006-08-01,4.571250
2006-08-02,4.606250
2006-08-03,4.629375
2006-08-04,4.628125
2006-08-07,4.602494
2006-08-08,4.565000
2006-08-09,4.530000
2006-08-10,4.570000
2006-08-11,4.536875
2006-08-14,4.552200
2006-08-15,4.664375
2006-08-16,4.742500
2006-08-17,4.761875
2006-08-18,4.781250
2006-08-21,4.758750
2006-08-22,4.766875
2006-08-23,4.723750
2006-08-24,4.741250
2006-08-25,4.750000
2006-08-28,4.790619
2006-08-29,4.813125
2006-08-30,4.812500
2006-08-31,4.808750
2006-09-01,4.857269
2006-09-05,4.866250
2006-09-06,4.781125
2006-09-07,4.733125
2006-09-08,4.766875
2006-09-11,4.765625
2006-09-12,4.858756
2006-09-13,4.906250
2006-09-14,4.882500
2006-09-15,4.924356
2006-09-18,4.923750
2006-09-19,4.891875
2006-09-20,4.951250
2006-09-21,4.897500
2006-09-22,4.870625
2006-09-25,4.961250
2006-09-26,5.026463
2006-09-27,5.038750
2006-09-28,5.055000
2006-09-29,5.034375
2006-10-02,4.992506
2006-10-03,5.010625
2006-10-04,5.133750
2006-10-05,5.152500
2006-10-06,5.137500
2006-10-09,5.142500
2006-10-10,5.158125
2006-10-11,5.137500
2006-10-12,5.229375
2006-10-13,5.253750
2006-10-16,5.270000
2006-10-17,5.243750
2006-10-18,5.242500
2006-10-19,5.251875
2006-10-20,5.259375
2006-10-23,5.308125
2006-10-24,5.331875
2006-10-25,5.361875
2006-10-26,5.408125
2006-10-27,5.336875
2006-10-30,5.330000
2006-10-31,5.312500
2006-11-01,5.249375
2006-11-02,5.245000
2006-11-03,5.212500
2006-11-06,5.339375
2006-11-07,5.367500
2006-11-08,5.402500
2006-11-09,5.340625
2006-11-10,5.350000
2006-11-13,5.371875
2006-11-14,5.448125
2006-11-15,5.486875
2006-11-16,5.510625
2006-11-17,5.509375
2006-11-20,5.506250
2006-11-21,5.523125
2006-11-22,5.546875
2006-11-24,5.502500
2006-11-27,5.356250
2006-11-28,5.387500
2006-11-29,5.486250
2006-11-30,5.490625
2006-12-01,5.465625
2006-12-04,5.553125
2006-12-05,5.598125
2006-12-06,5.581875
2006-12-07,5.541250
2006-12-08,5.555625
2006-12-11,5.585000
2006-12-12,5.577500
2006-12-13,5.600000
2006-12-14,5.675000
2006-12-15,5.698750
2006-12-18,5.662500
2006-12-19,5.693125
2006-12-20,5.435000
2006-12-21,5.426250
2006-12-22,5.325625
2006-12-26,5.396250
2006-12-27,5.471875
2006-12-28,5.450000
2006-12-29,5.393750
2007-01-03,5.356250
2007-01-04,5.386250
2007-01-05,5.295625
2007-01-08,5.337500
2007-01-09,5.332500
2007-01-10,5.356250
2007-01-11,5.420625
2007-01-12,5.484375
2007-01-16,5.476219
2007-01-17,5.473750
2007-01-18,5.428125
2007-01-19,5.460625
2007-01-22,5.401875
2007-01-23,5.440000
2007-01-24,5.525000
2007-01-25,5.413750
2007-01-26,5.400000
2007-01-29,5.383750
2007-01-30,5.440625
2007-01-31,5.508125
2007-02-01,5.572500
2007-02-02,5.591312
2007-02-05,5.583750
2007-02-06,5.590562
2007-02-07,5.603125
2007-02-08,5.591875
2007-02-09,5.525625
2007-02-12,5.479375
2007-02-13,5.562500
2007-02-14,5.646875
2007-02-15,5.646875
2007-02-16,5.645625
2007-02-20,5.672500
2007-02-21,5.661875
2007-02-22,5.651875
2007-02-23,5.621250
2007-02-26,5.606875
2007-02-27,5.156875
2007-02-28,5.260619
2007-03-01,5.242500
2007-03-02,5.093750
2007-03-05,4.993125
2007-03-06,5.165625
2007-03-07,5.143125
2007-03-08,5.206250
2007-03-09,5.235000
2007-03-12,5.256250
2007-03-13,5.041875
2007-03-14,5.118125
2007-03-15,5.141869
2007-03-16,5.098125
2007-03-19,5.223125
2007-03-20,5.283750
2007-03-21,5.458125
2007-03-22,5.455625
2007-03-23,5.456875
2007-03-26,5.468125
2007-03-27,5.398125
2007-03-28,5.318750
2007-03-29,5.328125
2007-03-30,5.340625
2007-04-02,5.353125
2007-04-03,5.458750
2007-04-04,5.465625
2007-04-05,5.500625
2007-04-09,5.516250
2007-04-10,5.521875
2007-04-11,5.460000
2007-04-12,5.531250
2007-04-13,5.571250
2007-04-16,5.676250
2007-04-17,5.703125
2007-04-18,5.706875
2007-04-19,5.710625
2007-04-20,5.807500
2007-04-23,5.778750
2007-04-24,5.781250
2007-04-25,5.881250
2007-04-26,5.900000
2007-04-27,5.880000
2007-04-30,5.798125
2007-05-01,5.812500
2007-05-02,5.883125
2007-05-03,5.936250
2007-05-04,5.978125
2007-05-07,5.981875
2007-05-08,5.975000
2007-05-09,6.014375
2007-05-10,5.878125
2007-05-11,5.970000
2007-05-14,5.948125
2007-05-15,5.931875
2007-05-16,6.026875
2007-05-17,6.011875
2007-05-18,6.102500
2007-05-21,6.093750
2007-05-22,6.104375
2007-05-23,6.097500
2007-05-24,5.968750
2007-05-25,6.015625
2007-05-29,6.061875
2007-05-30,6.161875
2007-05-31,6.155625
2007-06-01,6.203750
2007-06-04,6.204375
2007-06-05,6.155000
2007-06-06,6.018125
2007-06-07,5.814375
2007-06-08,5.943750
2007-06-11,5.978125
2007-06-12,5.831250
2007-06-13,6.012500
2007-06-14,6.078125
2007-06-15,6.146250
2007-06-18,6.131250
2007-06-19,6.158125
2007-06-20,5.988750
2007-06-21,6.060625
2007-06-22,5.948750
2007-06-25,5.888750
2007-06-26,5.765625
2007-06-27,5.926250
2007-06-28,5.913125
2007-06-29,5.906250
2007-07-02,6.023125
2007-07-03,6.053750
2007-07-05,6.039375
2007-07-06,6.103125
2007-07-09,6.105000
2007-07-10,5.919375
2007-07-11,6.020000
2007-07-12,6.222500
2007-07-13,6.260000
2007-07-16,6.249375
2007-07-17,6.237500
2007-07-18,6.220000
2007-07-19,6.258125
2007-07-20,6.124375
2007-07-23,6.170000
2007-07-24,5.964375
2007-07-25,5.981250
2007-07-26,5.696875
2007-07-27,5.490000
2007-07-30,5.637500
2007-07-31,5.490625
2007-08-01,5.564375
2007-08-02,5.641875
2007-08-03,5.325000
2007-08-06,5.534375
2007-08-07,5.637500
2007-08-08,5.796875
2007-08-09,5.465000
2007-08-10,5.387500
2007-08-13,5.441250
2007-08-14,5.260625
2007-08-15,5.130000
2007-08-16,5.184375
2007-08-17,5.398125
2007-08-20,5.384375
2007-08-21,5.405000
2007-08-22,5.521875
2007-08-23,5.511250
2007-08-24,5.637500
2007-08-27,5.540625
2007-08-28,5.311250
2007-08-29,5.501250
2007-08-30,5.471875
2007-08-31,5.551250
2007-09-04,5.695000
2007-09-05,5.568750
2007-09-06,5.624500
2007-09-07,5.455625
2007-09-10,5.419375
2007-09-11,5.568750
2007-09-12,5.593750
2007-09-13,5.653750
2007-09-14,5.662500
2007-09-17,5.590000
2007-09-18,5.919381
2007-09-19,5.998125
2007-09-20,5.918750
2007-09-21,5.937500
2007-09-24,5.925000
2007-09-25,5.890625
2007-09-26,5.934375
2007-09-27,6.006250
2007-09-28,5.967500
2007-10-01,6.115000
2007-10-02,6.098750
2007-10-03,6.055625
2007-10-04,6.075000
2007-10-05,6.221250
2007-10-08,6.156875
2007-10-09,6.256875
2007-10-10,6.230619
2007-10-11,6.184375
2007-10-12,6.243125
2007-10-15,6.146250
2007-10-16,6.073125
2007-10-17,6.084375
2007-10-18,6.048125
2007-10-19,5.706250
2007-10-22,5.787500
2007-10-23,5.846875
2007-10-24,5.856250
2007-10-25,5.879375
2007-10-26,6.016875
2007-10-29,6.042500
2007-10-30,5.958125
2007-10-31,6.093125
2007-11-01,5.801875
2007-11-02,5.815625
2007-11-05,5.714375
2007-11-06,5.883125
2007-11-07,5.571250
2007-11-08,5.498750
2007-11-09,5.360000
2007-11-12,5.268750
2007-11-13,5.568750
2007-11-14,5.508125
2007-11-15,5.368125
2007-11-16,5.370000
2007-11-19,5.212500
2007-11-20,5.272500
2007-11-21,5.073750
2007-11-23,5.225000
2007-11-26,5.025000
2007-11-27,5.145000
2007-11-28,5.439375
2007-11-29,5.458125
2007-11-30,5.575000
2007-12-03,5.478125
2007-12-04,5.400000
2007-12-05,5.568125
2007-12-06,5.723750
2007-12-07,5.737500
2007-12-10,5.807500
2007-12-11,5.500000
2007-12-12,5.596875
2007-12-13,5.595000
2007-12-14,5.432500
2007-12-17,5.259375
2007-12-18,5.326250
2007-12-19,5.334375
2007-12-20,5.155625
2007-12-21,5.325000
2007-12-24,5.409375
2007-12-26,5.406250
2007-12-27,5.265625
2007-12-28,5.251875
2007-12-31,5.175000
2008-01-02,5.066875
2008-01-03,5.065000
2008-01-04,4.825000
2008-01-07,4.812500
2008-01-08,4.646875
2008-01-09,4.751250
2008-01-10,4.825000
2008-01-11,4.735000
2008-01-14,4.818125
2008-01-15,4.591250
2008-01-16,4.530625
2008-01-17,4.279375
2008-01-18,4.191875
2008-01-22,4.101250
2008-01-23,4.310625
2008-01-24,4.375000
2008-01-25,4.235625
2008-01-28,4.390625
2008-01-29,4.419375
2008-01-30,4.363750
2008-01-31,4.509375
2008-02-01,4.655000
2008-02-04,4.541875
2008-02-05,4.300000
2008-02-06,4.221875
2008-02-07,4.285625
2008-02-08,4.218750
2008-02-11,4.262500
2008-02-12,4.356250
2008-02-13,4.438125
2008-02-14,4.337500
2008-02-15,4.355625
2008-02-19,4.393750
2008-02-20,4.398750
2008-02-21,4.321875
2008-02-22,4.387500
2008-02-25,4.493750
2008-02-26,4.546875
2008-02-27,4.539375
2008-02-28,4.443125
2008-02-29,4.265000
2008-03-03,4.219375
2008-03-04,4.202500
2008-03-05,4.255625
2008-03-06,4.074375
2008-03-07,3.999375
2008-03-10,3.883125
2008-03-11,4.174375
2008-03-12,4.097500
2008-03-13,4.112500
2008-03-14,3.983125
2008-03-17,3.895625
2008-03-18,4.218125
2008-03-19,4.000625
2008-03-20,4.150000
2008-03-24,4.327500
2008-03-25,4.317500
2008-03-26,4.206875
2008-03-27,4.181250
2008-03-28,4.100625
2008-03-31,4.125000
2008-04-01,4.409375
2008-04-02,4.435625
2008-04-03,4.458125
2008-04-04,4.443125
2008-04-07,4.437500
2008-04-08,4.432500
2008-04-09,4.363125
2008-04-10,4.384375
2008-04-11,4.213750
2008-04-14,4.175000
2008-04-15,4.213125
2008-04-16,4.425625
2008-04-17,4.430000
2008-04-18,4.535000
2008-04-21,4.542500
2008-04-22,4.496250
2008-04-23,4.480625
2008-04-24,4.516250
2008-04-25,4.595625
2008-04-28,4.599375
2008-04-29,4.558125
2008-04-30,4.510625
2008-05-01,4.691875
2008-05-02,4.715625
2008-05-05,4.683125
2008-05-06,4.753750
2008-05-07,4.581250
2008-05-08,4.566875
2008-05-09,4.542500
2008-05-12,4.654375
2008-05-13,4.656875
2008-05-14,4.681250
2008-05-15,4.786875
2008-05-16,4.798125
2008-05-19,4.812500
2008-05-20,4.736875
2008-05-21,4.575000
2008-05-22,4.575000
2008-05-23,4.461875
2008-05-27,4.516875
2008-05-28,4.570000
2008-05-29,4.608750
2008-05-30,4.616875
2008-06-02,4.519375
2008-06-03,4.487500
2008-06-04,4.470625
2008-06-05,4.654375
2008-06-06,4.358750
2008-06-09,4.385625
2008-06-10,4.330000
2008-06-11,4.206250
2008-06-12,4.237500
2008-06-13,4.342500
2008-06-16,4.349375
2008-06-17,4.300000
2008-06-18,4.205000
2008-06-19,4.225625
2008-06-20,4.083750
2008-06-23,4.070625
2008-06-24,4.048750
2008-06-25,4.087500
2008-06-26,3.855000
2008-06-27,3.819375
2008-06-30,3.852500
2008-07-01,3.868750
2008-07-02,3.728750
2008-07-03,3.738750
2008-07-07,3.660625
2008-07-08,3.793750
2008-07-09,3.642500
2008-07-10,3.691250
2008-07-11,3.601250
2008-07-14,3.523125
2008-07-15,3.428750
2008-07-16,3.631250
2008-07-17,3.663750
2008-07-18,3.710625
2008-07-21,3.728750
2008-07-22,3.806250
2008-07-23,3.840000
2008-07-24,3.667500
2008-07-25,3.681250
2008-07-28,3.563750
2008-07-29,3.720000
2008-07-30,3.855625
2008-07-31,3.754375
2008-08-01,3.715000
2008-08-04,3.649375
2008-08-05,3.836875
2008-08-06,3.866250
2008-08-07,3.755625
2008-08-08,3.900625
2008-08-11,3.963125
2008-08-12,3.890625
2008-08-13,3.845000
2008-08-14,3.898750
2008-08-15,3.936875
2008-08-18,3.831875
2008-08-19,3.749375
2008-08-20,3.780625
2008-08-21,3.791250
2008-08-22,3.886250
2008-08-25,3.745000
2008-08-26,3.764375
2008-08-27,3.825625
2008-08-28,3.921875
2008-08-29,3.838750
2008-09-02,3.795625
2008-09-03,3.788125
2008-09-04,3.563125
2008-09-05,3.584375
2008-09-08,3.732500
2008-09-09,3.500000
2008-09-10,3.531250
2008-09-11,3.633125
2008-09-12,3.666250
2008-09-15,3.321875
2008-09-16,3.415000
2008-09-17,3.125000
2008-09-18,3.323125
2008-09-19,3.577500
2008-09-22,3.405000
2008-09-23,3.251250
2008-09-24,3.266875
2008-09-25,3.346875
2008-09-26,3.371250
2008-09-29,2.906250
2008-09-30,3.077500
2008-10-01,3.078125
2008-10-02,2.825625
2008-10-03,2.748125
2008-10-06,2.523750
2008-10-07,2.252500
2008-10-08,2.159375
2008-10-09,1.856250
2008-10-10,1.812500
2008-10-13,2.218750
2008-10-14,2.188125
2008-10-15,1.813750
2008-10-16,1.932500
2008-10-17,1.931250
2008-10-20,2.101250
2008-10-21,1.981250
2008-10-22,1.783125
2008-10-23,1.785000
2008-10-24,1.656250
2008-10-27,1.545625
2008-10-28,1.887500
2008-10-29,1.841250
2008-10-30,1.927500
2008-10-31,2.002500
2008-11-03,2.030000
2008-11-04,2.140625
2008-11-05,1.941250
2008-11-06,1.756250
2008-11-07,1.850000
2008-11-10,1.772500
2008-11-11,1.718125
2008-11-12,1.552500
2008-11-13,1.756250
2008-11-14,1.589375
2008-11-17,1.528125
2008-11-18,1.539375
2008-11-19,1.386250
2008-11-20,1.188125
2008-11-21,1.325625
2008-11-24,1.478125
2008-11-25,1.523125
2008-11-26,1.625625
2008-11-28,1.662500
2008-12-01,1.375000
2008-12-02,1.471875
2008-12-03,1.551875
2008-12-04,1.463750
2008-12-05,1.567500
2008-12-08,1.678125
2008-12-09,1.616250
2008-12-10,1.647438
2008-12-11,1.562500
2008-12-12,1.578750
2008-12-15,1.542500
2008-12-16,1.695500
2008-12-17,1.665000
2008-12-18,1.603125
2008-12-19,1.591875
2008-12-22,1.498125
2008-12-23,1.510625
2008-12-24,1.525000
2008-12-26,1.541875
2008-12-29,1.536875
2008-12-30,1.598750
2008-12-31,1.641875
2009-01-02,1.743125
2009-01-05,1.741250
2009-01-06,1.769375
2009-01-07,1.668125
2009-01-08,1.679375
2009-01-09,1.604375
2009-01-12,1.531875
2009-01-13,1.533125
2009-01-14,1.437500
2009-01-15,1.440625
2009-01-16,1.459375
2009-01-20,1.306250
2009-01-21,1.417500
2009-01-22,1.376250
2009-01-23,1.388063
2009-01-26,1.401875
2009-01-27,1.432500
2009-01-28,1.529375
2009-01-29,1.435625
2009-01-30,1.371250
2009-02-02,1.368125
2009-02-03,1.405625
2009-02-04,1.392500
2009-02-05,1.428750
2009-02-06,1.510000
2009-02-09,1.516250
2009-02-10,1.377500
2009-02-11,1.398125
2009-02-12,1.400625
2009-02-13,1.365000
2009-02-17,1.248125
2009-02-18,1.240625
2009-02-19,1.216250
2009-02-20,1.189375
2009-02-23,1.106250
2009-02-24,1.190000
2009-02-25,1.168750
2009-02-26,1.133188
2009-02-27,1.082000
2009-03-02,0.984375
2009-03-03,0.964375
2009-03-04,1.011937
2009-03-05,0.930625
2009-03-06,0.928750
2009-03-09,0.908750
2009-03-10,1.019375
2009-03-11,1.029375
2009-03-12,1.111875
2009-03-13,1.130000
2009-03-16,1.125625
2009-03-17,1.193125
2009-03-18,1.243125
2009-03-19,1.213750
2009-03-20,1.163688
2009-03-23,1.330000
2009-03-24,1.272500
2009-03-25,1.293750
2009-03-26,1.351250
2009-03-27,1.301313
2009-03-30,1.211375
2009-03-31,1.233125
2009-04-01,1.280625
2009-04-02,1.353750
2009-04-03,1.382500
2009-04-06,1.362500
2009-04-07,1.298125
2009-04-08,1.326875
2009-04-09,1.431250
2009-04-13,1.438125
2009-04-14,1.386250
2009-04-15,1.414375
2009-04-16,1.458125
2009-04-17,1.472500
2009-04-20,1.348750
2009-04-21,1.402500
2009-04-22,1.386250
2009-04-23,1.411250
2009-04-24,1.455000
2009-04-27,1.426875
2009-04-28,1.417500
2009-04-29,1.478125
2009-04-30,1.483750
2009-05-01,1.498125
2009-05-04,1.598119
2009-05-05,1.584375
2009-05-06,1.638125
2009-05-07,1.599375
2009-05-08,1.670625
2009-05-11,1.608125
2009-05-12,1.593125
2009-05-13,1.520625
2009-05-14,1.541875
2009-05-15,1.515625
2009-05-18,1.605000
2009-05-19,1.598750
2009-05-20,1.578750
2009-05-21,1.530625
2009-05-22,1.525625
2009-05-26,1.606250
2009-05-27,1.546875
2009-05-28,1.589375
2009-05-29,1.650000
2009-06-01,1.725000
2009-06-02,1.732500
2009-06-03,1.684313
2009-06-04,1.715625
2009-06-05,1.717500
2009-06-08,1.703750
2009-06-09,1.716875
2009-06-10,1.711250
2009-06-11,1.726250
2009-06-12,1.737500
2009-06-15,1.652500
2009-06-16,1.611875
2009-06-17,1.603750
2009-06-18,1.627500
2009-06-19,1.639375
2009-06-22,1.541250
2009-06-23,1.546875
2009-06-24,1.563750
2009-06-25,1.633750
2009-06-26,1.626250
2009-06-29,1.656962
2009-06-30,1.633750
2009-07-01,1.641875
2009-07-02,1.553750
2009-07-06,1.554375
2009-07-07,1.492500
2009-07-08,1.490625
2009-07-09,1.500000
2009-07-10,1.488125
2009-07-13,1.562500
2009-07-14,1.580625
2009-07-15,1.669375
2009-07-16,1.699375
2009-07-17,1.701875
2009-07-20,1.735625
2009-07-21,1.753125
2009-07-22,1.752500
2009-07-23,1.828750
2009-07-24,1.848750
2009-07-27,1.858125
2009-07-28,1.847500
2009-07-29,1.829438
2009-07-30,1.867500
2009-07-31,1.870000
2009-08-03,1.933750
2009-08-04,1.945000
2009-08-05,1.934438
2009-08-06,1.915000
2009-08-07,1.962500
2009-08-10,1.953125
2009-08-11,1.903812
2009-08-12,1.945625
2009-08-13,1.976938
2009-08-14,1.948750
2009-08-17,1.847500
2009-08-18,1.881875
2009-08-19,1.914438
2009-08-20,1.954375
2009-08-21,2.025000
2009-08-24,2.030000
2009-08-25,2.035625
2009-08-26,2.036250
2009-08-27,2.047500
2009-08-28,2.040000
2009-08-31,2.008250
2009-09-01,1.918750
2009-09-02,1.904375
2009-09-03,1.935000
2009-09-04,1.990000
2009-09-08,2.024375
2009-09-09,2.056250
2009-09-10,2.095625
2009-09-11,2.096250
2009-09-14,2.120625
2009-09-15,2.133125
2009-09-16,2.198125
2009-09-17,2.193750
2009-09-18,2.196250
2009-09-21,2.187500
2009-09-22,2.210000
2009-09-23,2.175625
2009-09-24,2.120000
2009-09-25,2.100000
2009-09-28,2.170625
2009-09-29,2.158125
2009-09-30,2.145000
2009-10-01,2.037913
2009-10-02,2.038750
2009-10-05,2.076250
2009-10-06,2.136250
2009-10-07,2.149375
2009-10-08,2.183125
2009-10-09,2.206250
2009-10-12,2.226875
2009-10-13,2.218750
2009-10-14,2.292500
2009-10-15,2.306250
2009-10-16,2.273750
2009-10-19,2.311875
2009-10-20,2.289375
2009-10-21,2.287500
2009-10-22,2.288750
2009-10-23,2.241875
2009-10-26,2.190625
2009-10-27,2.170000
2009-10-28,2.090000
2009-10-29,2.176250
2009-10-30,2.053125
2009-11-02,2.081875
2009-11-03,2.092500
2009-11-04,2.101875
2009-11-05,2.102500
2009-11-06,2.193750
2009-11-09,2.294375
2009-11-10,2.294375
2009-11-11,2.317500
2009-11-12,2.270625
2009-11-13,2.295625
2009-11-16,2.361875
2009-11-17,2.363125
2009-11-18,2.365625
2009-11-19,2.303125
2009-11-20,2.288750
2009-11-23,2.348125
2009-11-24,2.350625
2009-11-25,2.366875
2009-11-27,2.291250
2009-11-30,2.306250
2009-12-01,2.358750
2009-12-02,2.362500
2009-12-03,2.325000
2009-12-04,2.350000
2009-12-07,2.341250
2009-12-08,2.292500
2009-12-09,2.306875
2009-12-10,2.333125
2009-12-11,2.355000
2009-12-14,2.385625
2009-12-15,2.363125
2009-12-16,2.371250
2009-12-17,2.314375
2009-12-18,2.339375
2009-12-21,2.383750
2009-12-22,2.403125
2009-12-23,2.413125
2009-12-24,2.439375
2009-12-28,2.446250
2009-12-29,2.441250
2009-12-30,2.435000
2009-12-31,2.389937
2010-01-04,2.466875
2010-01-05,2.483125
2010-01-06,2.485000
2010-01-07,2.505625
2010-01-08,2.523125
2010-01-11,2.531250
2010-01-12,2.483750
2010-01-13,2.523750
2010-01-14,2.538125
2010-01-15,2.482500
2010-01-19,2.543750
2010-01-20,2.490625
2010-01-21,2.395625
2010-01-22,2.291250
2010-01-25,2.310687
2010-01-26,2.291875
2010-01-27,2.313750
2010-01-28,2.260562
2010-01-29,2.210625
2010-02-01,2.278125
2010-02-02,2.334375
2010-02-03,2.311875
2010-02-04,2.170625
2010-02-05,2.181875
2010-02-08,2.146875
2010-02-09,2.199375
2010-02-10,2.190062
2010-02-11,2.235000
2010-02-12,2.231875
2010-02-16,2.302500
2010-02-17,2.324375
2010-02-18,2.352500
2010-02-19,2.365000
2010-02-22,2.362500
2010-02-23,2.306875
2010-02-24,2.348875
2010-02-25,2.342312
2010-02-26,2.345750
2010-03-01,2.392500
2010-03-02,2.404375
2010-03-03,2.410000
2010-03-04,2.423125
2010-03-05,2.494331
2010-03-08,2.495000
2010-03-09,2.502500
2010-03-10,2.524375
2010-03-11,2.546250
2010-03-12,2.546250
2010-03-15,2.548125
2010-03-16,2.588750
2010-03-17,2.619375
2010-03-18,2.616875
2010-03-19,2.590625
2010-03-22,2.616875
2010-03-23,2.655000
2010-03-24,2.619375
2010-03-25,2.608125
2010-03-26,2.610625
2010-03-29,2.640000
2010-03-30,2.643125
2010-03-31,2.625625
2010-04-01,2.660625
2010-04-05,2.703750
2010-04-06,2.716875
2010-04-07,2.687500
2010-04-08,2.703750
2010-04-09,2.739375
2010-04-12,2.749375
2010-04-13,2.753750
2010-04-14,2.814219
2010-04-15,2.820000
2010-04-16,2.731875
2010-04-19,2.751250
2010-04-20,2.798125
2010-04-21,2.787500
2010-04-22,2.804375
2010-04-23,2.839375
2010-04-26,2.819375
2010-04-27,2.687500
2010-04-28,2.725000
2010-04-29,2.791875
2010-04-30,2.699375
2010-05-03,2.771875
2010-05-04,2.640000
2010-05-05,2.605625
2010-05-06,2.430938
2010-05-07,2.361250
2010-05-10,2.568750
2010-05-11,2.553125
2010-05-12,2.625625
2010-05-13,2.560625
2010-05-14,2.468750
2010-05-17,2.470625
2010-05-18,2.403625
2010-05-19,2.376875
2010-05-20,2.195000
2010-05-21,2.259375
2010-05-24,2.201250
2010-05-25,2.206250
2010-05-26,2.176875
2010-05-27,2.325000
2010-05-28,2.265000
2010-06-01,2.189375
2010-06-02,2.301250
2010-06-03,2.322500
2010-06-04,2.160625
2010-06-07,2.102500
2010-06-08,2.145000
2010-06-09,2.122500
2010-06-10,2.248750
2010-06-11,2.270000
2010-06-14,2.263125
2010-06-15,2.366875
2010-06-16,2.364375
2010-06-17,2.371250
2010-06-18,2.375625
2010-06-21,2.362500
2010-06-22,2.280000
2010-06-23,2.264375
2010-06-24,2.191250
2010-06-25,2.210000
2010-06-28,2.193125
2010-06-29,2.060000
2010-06-30,2.013000
2010-07-01,2.004375
2010-07-02,1.978750
2010-07-06,2.004375
2010-07-07,2.130625
2010-07-08,2.171875
2010-07-09,2.203750
2010-07-12,2.208750
2010-07-13,2.274375
2010-07-14,2.275075
2010-07-15,2.276250
2010-07-16,2.148750
2010-07-19,2.176375
2010-07-20,2.221900
2010-07-21,2.166369
2010-07-22,2.263125
2010-07-23,2.301250
2010-07-26,2.352500
2010-07-27,2.348750
2010-07-28,2.318125
2010-07-29,2.296875
2010-07-30,2.296250
2010-08-02,2.396875
2010-08-03,2.375000
2010-08-04,2.406312
2010-08-05,2.401875
2010-08-06,2.381250
2010-08-09,2.406875
2010-08-10,2.382500
2010-08-11,2.249375
2010-08-12,2.223125
2010-08-13,2.225000
2010-08-16,2.208125
2010-08-17,2.260631
2010-08-18,2.268750
2010-08-19,2.191875
2010-08-20,2.176250
2010-08-23,2.158750
2010-08-24,2.095625
2010-08-25,2.110000
2010-08-26,2.081250
2010-08-27,2.146250
2010-08-30,2.085625
2010-08-31,2.083750
2010-09-01,2.209375
2010-09-02,2.250000
2010-09-03,2.309375
2010-09-07,2.258125
2010-09-08,2.286250
2010-09-09,2.309375
2010-09-10,2.334375
2010-09-13,2.384375
2010-09-14,2.380631
2010-09-15,2.399375
2010-09-16,2.397500
2010-09-17,2.402500
2010-09-20,2.473125
2010-09-21,2.456250
2010-09-22,2.434375
2010-09-23,2.391875
2010-09-24,2.489375
2010-09-27,2.465000
2010-09-28,2.485000
2010-09-29,2.473750
2010-09-30,2.460625
2010-10-01,2.480625
2010-10-04,2.443750
2010-10-05,2.541875
2010-10-06,2.542500
2010-10-07,2.535625
2010-10-08,2.563125
2010-10-11,2.568125
2010-10-12,2.584375
2010-10-13,2.623125
2010-10-14,2.606875
2010-10-15,2.614375
2010-10-18,2.641875
2010-10-19,2.568125
2010-10-20,2.619375
2010-10-21,2.630000
2010-10-22,2.642500
2010-10-25,2.655000
2010-10-26,2.655625
2010-10-27,2.641875
2010-10-28,2.644375
2010-10-29,2.646875
2010-11-01,2.648438
2010-11-02,2.690000
2010-11-03,2.712500
2010-11-04,2.816250
2010-11-05,2.838750
2010-11-08,2.829375
2010-11-09,2.785625
2010-11-10,2.808750
2010-11-11,2.786875
2010-11-12,2.720625
2010-11-15,2.712500
2010-11-16,2.627500
2010-11-17,2.628125
2010-11-18,2.708125
2010-11-19,2.722500
2010-11-22,2.716875
2010-11-23,2.638750
2010-11-24,2.717500
2010-11-26,2.675000
2010-11-29,2.671250
2010-11-30,2.637500
2010-12-01,2.750625
2010-12-02,2.821875
2010-12-03,2.835625
2010-12-06,2.829375
2010-12-07,2.834375
2010-12-08,2.853750
2010-12-09,2.876875
2010-12-10,2.912500
2010-12-13,2.913750
2010-12-14,2.919375
2010-12-15,2.892500
2010-12-16,2.924375
2010-12-17,2.932500
2010-12-20,2.945000
2010-12-21,2.981313
2010-12-22,3.000625
2010-12-23,2.993125
2010-12-27,2.996750
2010-12-28,3.000750
2010-12-29,3.006875
2010-12-30,2.999375
2010-12-31,3.003125
2011-01-04,3.056406
2011-01-05,3.088125
2011-01-06,3.075000
2011-01-07,3.065000
2011-01-10,3.056875
2011-01-11,3.077500
2011-01-12,3.134375
2011-01-13,3.125625
2011-01-14,3.168813
2011-01-18,3.179375
2011-01-19,3.116875
2011-01-20,3.109375
2011-01-21,3.121875
2011-01-24,3.160625
2011-01-25,3.159375
2011-01-26,3.183750
2011-01-27,3.201250
2011-01-28,3.089375
2011-01-31,3.134375
2011-02-01,3.233750
2011-02-02,3.221875
2011-02-03,3.236875
2011-02-04,3.256250
2011-02-07,3.296875
2011-02-08,3.326250
2011-02-09,3.312500
2011-02-10,3.314375
2011-02-11,3.352500
2011-02-14,3.368125
2011-02-15,3.347500
2011-02-16,3.387500
2011-02-17,3.410000
2011-02-18,3.423750
2011-02-22,3.285625
2011-02-23,3.243750
2011-02-24,3.241875
2011-02-25,3.309375
2011-02-28,3.350625
2011-03-01,3.238125
2011-03-02,3.251250
2011-03-03,3.362500
2011-03-04,3.314375
2011-03-07,3.260625
2011-03-08,3.316250
2011-03-09,3.308125
2011-03-10,3.185625
2011-03-11,3.228750
2011-03-14,3.191250
2011-03-15,3.119375
2011-03-16,3.001875
2011-03-17,3.076250
2011-03-18,3.103750
2011-03-21,3.196875
2011-03-22,3.174375
2011-03-23,3.186875
2011-03-24,3.246250
2011-03-25,3.266875
2011-03-28,3.251250
2011-03-29,3.296250
2011-03-30,3.337500
2011-03-31,3.329375
2011-04-01,3.356250
2011-04-04,3.364375
2011-04-05,3.361937
2011-04-06,3.381875
2011-04-07,3.368750
2011-04-08,3.341875
2011-04-11,3.323750
2011-04-12,3.272187
2011-04-13,3.270625
2011-04-14,3.276250
2011-04-15,3.302500
2011-04-18,3.225000
2011-04-19,3.261250
2011-04-20,3.350625
2011-04-21,3.383750
2011-04-25,3.380625
2011-04-26,3.437500
2011-04-27,3.481250
2011-04-28,3.506875
2011-04-29,3.520625
2011-05-02,3.509375
2011-05-03,3.482500
2011-05-04,3.436250
2011-05-05,3.376250
2011-05-06,3.403750
2011-05-09,3.431250
2011-05-10,3.489381
2011-05-11,3.418750
2011-05-12,3.448750
2011-05-13,3.395000
2011-05-16,3.351250
2011-05-17,3.351750
2011-05-18,3.409375
2011-05-19,3.425625
2011-05-20,3.373750
2011-05-23,3.294375
2011-05-24,3.289375
2011-05-25,3.308750
2011-05-26,3.338125
2011-05-27,3.363750
2011-05-31,3.434875
2011-06-01,3.279375
2011-06-02,3.273125
2011-06-03,3.208750
2011-06-06,3.141250
2011-06-07,3.135000
2011-06-08,3.108750
2011-06-09,3.155625
2011-06-10,3.068750
2011-06-13,3.071250
2011-06-14,3.150000
2011-06-15,3.039375
2011-06-16,3.050625
2011-06-17,3.070562
2011-06-20,3.101250
2011-06-21,3.183750
2011-06-22,3.144375
2011-06-23,3.128750
2011-06-24,3.055625
2011-06-27,3.105000
2011-06-28,3.188125
2011-06-29,3.246250
2011-06-30,3.305625
2011-07-01,3.403125
2011-07-05,3.397500
2011-07-06,3.402500
2011-07-07,3.479375
2011-07-08,3.427500
2011-07-11,3.305000
2011-07-12,3.273750
2011-07-13,3.295000
2011-07-14,3.251875
2011-07-15,3.287500
2011-07-18,3.231875
2011-07-19,3.336250
2011-07-20,3.333125
2011-07-21,3.425625
2011-07-22,3.430000
2011-07-25,3.393750
2011-07-26,3.368125
2011-07-27,3.230625
2011-07-28,3.209938
2011-07-29,3.166250
2011-08-01,3.136250
2011-08-02,2.976875
2011-08-03,3.010625
2011-08-04,2.726875
2011-08-05,2.714375
2011-08-08,2.365625
2011-08-09,2.586250
2011-08-10,2.347500
2011-08-11,2.565000
2011-08-12,2.601250
2011-08-15,2.710000
2011-08-16,2.664375
2011-08-17,2.667500
2011-08-18,2.435625
2011-08-19,2.358125
2011-08-22,2.358750
2011-08-23,2.516875
2011-08-24,2.586250
2011-08-25,2.508125
2011-08-26,2.580000
2011-08-29,2.728750
2011-08-30,2.742563
2011-08-31,2.763125
2011-09-01,2.710625
2011-09-02,2.568750
2011-09-06,2.531875
2011-09-07,2.674375
2011-09-08,2.618125
2011-09-09,2.480000
2011-09-12,2.515000
2011-09-13,2.559875
2011-09-14,2.627500
2011-09-15,2.720625
2011-09-16,2.754375
2011-09-19,2.698750
2011-09-20,2.693062
2011-09-21,2.521250
2011-09-22,2.365000
2011-09-23,2.386875
2011-09-26,2.506250
2011-09-27,2.562500
2011-09-28,2.455625
2011-09-29,2.496875
2011-09-30,2.373125
2011-10-03,2.238750
2011-10-04,2.326875
2011-10-05,2.421875
2011-10-06,2.508875
2011-10-07,2.477500
2011-10-10,2.640625
2011-10-11,2.643438
2011-10-12,2.690625
2011-10-13,2.680625
2011-10-14,2.773750
2011-10-17,2.667500
2011-10-18,2.773125
2011-10-19,2.704375
2011-10-20,2.726812
2011-10-21,2.829375
2011-10-24,2.901250
2011-10-25,2.791250
2011-10-26,2.846250
2011-10-27,2.996250
2011-10-28,3.042687
2011-10-31,2.890625
2011-11-01,2.735000
2011-11-02,2.821875
2011-11-03,2.925625
2011-11-04,2.888125
2011-11-07,2.925125
2011-11-08,2.999375
2011-11-09,2.776250
2011-11-10,2.828750
2011-11-11,2.938750
2011-11-14,2.881875
2011-11-15,2.912500
2011-11-16,2.821250
2011-11-17,2.726938
2011-11-18,2.722500
2011-11-21,2.618125
2011-11-22,2.596250
2011-11-23,2.483312
2011-11-25,2.470625
2011-11-28,2.614375
2011-11-29,2.628750
2011-11-30,2.845625
2011-12-01,2.846875
2011-12-02,2.843125
2011-12-05,2.903750
2011-12-06,2.905625
2011-12-07,2.921438
2011-12-08,2.799375
2011-12-09,2.891250
2011-12-12,2.806250
2011-12-13,2.756875
2011-12-14,2.696063
2011-12-15,2.715000
2011-12-16,2.721875
2011-12-19,2.665625
2011-12-20,2.824375
2011-12-21,2.836250
2011-12-22,2.890000
2011-12-23,2.937500
2011-12-27,2.941250
2011-12-28,2.870625
2011-12-29,2.921875
2011-12-30,2.899375
2012-01-03,2.988812
2012-01-04,2.996250
2012-01-05,3.015000
2012-01-06,3.002500
2012-01-09,3.009937
2012-01-10,3.062500
2012-01-11,3.066944
2012-01-12,3.080000
2012-01-13,3.060000
2012-01-17,3.068750
2012-01-18,3.137500
2012-01-19,3.172500
2012-01-20,3.176875
2012-01-23,3.180000
2012-01-24,3.173125
2012-01-25,3.225625
2012-01-26,3.192063
2012-01-27,3.187500
2012-01-30,3.168125
2012-01-31,3.159375
2012-02-01,3.215625
2012-02-02,3.228625
2012-02-03,3.321875
2012-02-06,3.316750
2012-02-07,3.331250
2012-02-08,3.351875
2012-02-09,3.360000
2012-02-10,3.314375
2012-02-13,3.356875
2012-02-14,3.354375
2012-02-15,3.321250
2012-02-16,3.389375
2012-02-17,3.409375
2012-02-21,3.415625
2012-02-22,3.391625
2012-02-23,3.421250
2012-02-24,3.436250
2012-02-27,3.451250
2012-02-28,3.468750
2012-02-29,3.426250
2012-03-01,3.479375
2012-03-02,3.458125
2012-03-05,3.430625
2012-03-06,3.325625
2012-03-07,3.371250
2012-03-08,3.438125
2012-03-09,3.463750
2012-03-12,3.466250
2012-03-13,3.593125
2012-03-14,3.584375
2012-03-15,3.621875
2012-03-16,3.636250
2012-03-19,3.663813
2012-03-20,3.642500
2012-03-21,3.620000
2012-03-22,3.568750
2012-03-23,3.591875
2012-03-26,3.691250
2012-03-27,3.669375
2012-03-28,3.633125
2012-03-29,3.619375
2012-03-30,3.647562
2012-04-02,3.700625
2012-04-03,3.675000
2012-04-04,3.595000
2012-04-05,3.595625
2012-04-09,3.518125
2012-04-10,3.395056
2012-04-11,3.445000
2012-04-12,3.543750
2012-04-13,3.454375
2012-04-16,3.448125
2012-04-17,3.554375
2012-04-18,3.529375
2012-04-19,3.488125
2012-04-20,3.496250
2012-04-23,3.435000
2012-04-24,3.463250
2012-04-25,3.560625
2012-04-26,3.607500
2012-04-27,3.623750
2012-04-30,3.588750
2012-05-01,3.634000
2012-05-02,3.613750
2012-05-03,3.559375
2012-05-04,3.444375
2012-05-07,3.446875
2012-05-08,3.421250
2012-05-09,3.378000
2012-05-10,3.390625
2012-05-11,3.372500
2012-05-14,3.298125
2012-05-15,3.262500
2012-05-16,3.236250
2012-05-17,3.138063
2012-05-18,3.082500
2012-05-21,3.189375
2012-05-22,3.200625
2012-05-23,3.206875
2012-05-24,3.219375
2012-05-25,3.195625
2012-05-29,3.274375
2012-05-30,3.178125
2012-05-31,3.180625
2012-06-01,3.004375
2012-06-04,3.004375
2012-06-05,3.043750
2012-06-06,3.184900
2012-06-07,3.185000
2012-06-08,3.238750
2012-06-11,3.158125
2012-06-12,3.230000
2012-06-13,3.187000
2012-06-14,3.253125
2012-06-15,3.319000
2012-06-18,3.332500
2012-06-19,3.400000
2012-06-20,3.385000
2012-06-21,3.231875
2012-06-22,3.276250
2012-06-25,3.175000
2012-06-26,3.206875
2012-06-27,3.264375
2012-06-28,3.246875
2012-06-29,3.408125
2012-07-02,3.428125
2012-07-03,3.475000
2012-07-05,3.443125
2012-07-06,3.375625
2012-07-09,3.365625
2012-07-10,3.312500
2012-07-11,3.311875
2012-07-12,3.281250
2012-07-13,3.381875
2012-07-16,3.371875
2012-07-17,3.416875
2012-07-18,3.466250
2012-07-19,3.483750
2012-07-20,3.421875
2012-07-23,3.355000
2012-07-24,3.301875
2012-07-25,3.295000
2012-07-26,3.399375
2012-07-27,3.531875
2012-07-30,3.529000
2012-07-31,3.494375
2012-08-01,3.475625
2012-08-02,3.428750
2012-08-03,3.561125
2012-08-06,3.573750
2012-08-07,3.608125
2012-08-08,3.619375
2012-08-09,3.627500
2012-08-10,3.638125
2012-08-13,3.638125
2012-08-14,3.635000
2012-08-15,3.638750
2012-08-16,3.695625
2012-08-17,3.707438
2012-08-20,3.707500
2012-08-21,3.683125
2012-08-22,3.685000
2012-08-23,3.626875
2012-08-24,3.670625
2012-08-27,3.670625
2012-08-28,3.666250
2012-08-29,3.668750
2012-08-30,3.617500
2012-08-31,3.655625
2012-09-04,3.631250
2012-09-05,3.635625
2012-09-06,3.783750
2012-09-07,3.816875
2012-09-10,3.771875
2012-09-11,3.791875
2012-09-12,3.816875
2012-09-13,3.937500
2012-09-14,3.966875
2012-09-17,3.943750
2012-09-18,3.939375
2012-09-19,3.939375
2012-09-20,3.941187
2012-09-21,3.935000
2012-09-24,3.921875
2012-09-25,3.841875
2012-09-26,3.791938
2012-09-27,3.864375
2012-09-28,3.826250
2012-10-01,3.847750
2012-10-02,3.853750
2012-10-03,3.885000
2012-10-04,3.946250
2012-10-05,3.941250
2012-10-08,3.913750
2012-10-09,3.839375
2012-10-10,3.790500
2012-10-11,3.791875
2012-10-12,3.767500
2012-10-15,3.826250
2012-10-16,3.904375
2012-10-17,3.943125
2012-10-18,3.924375
2012-10-19,3.789500
2012-10-22,3.791250
2012-10-23,3.685375
2012-10-24,3.666875
2012-10-25,3.683750
2012-10-26,3.679375
2012-10-31,3.667500
2012-11-01,3.758125
2012-11-02,3.689375
2012-11-05,3.705000
2012-11-06,3.760000
2012-11-07,3.594375
2012-11-08,3.503125
2012-11-09,3.510000
2012-11-12,3.515625
2012-11-13,3.493750
2012-11-14,3.398750
2012-11-15,3.385625
2012-11-16,3.415625
2012-11-19,3.554375
2012-11-20,3.563125
2012-11-21,3.575625
2012-11-23,3.670625
2012-11-26,3.660000
2012-11-27,3.625000
2012-11-28,3.673125
2012-11-29,3.712500
2012-11-30,3.701875
2012-12-03,3.673125
2012-12-04,3.662500
2012-12-05,3.677875
2012-12-06,3.698125
2012-12-07,3.725625
2012-12-10,3.728125
2012-12-11,3.777500
2012-12-12,3.781250
2012-12-13,3.740000
2012-12-14,3.708750
2012-12-17,3.793750
2012-12-18,3.881250
2012-12-19,3.820625
2012-12-20,3.866250
2012-12-21,3.795000
2012-12-24,3.771313
2012-12-26,3.729375
2012-12-27,3.726250
2012-12-28,3.643750
2012-12-31,3.771875
2013-01-02,3.955631
2013-01-03,3.936250
2013-01-04,3.970625
2013-01-07,3.951875
2013-01-08,3.928125
2013-01-09,3.950000
2013-01-10,4.008125
2013-01-11,4.011250
2013-01-14,4.001875
2013-01-15,4.008750
2013-01-16,4.007500
2013-01-17,4.058125
2013-01-18,4.078125
2013-01-22,4.120563
2013-01-23,4.132500
2013-01-24,4.135750
2013-01-25,4.184375
2013-01-28,4.176250
2013-01-29,4.206250
2013-01-30,4.174375
2013-01-31,4.159625
2013-02-01,4.234375
2013-02-04,4.143375
2013-02-05,4.227000
2013-02-06,4.231875
2013-02-07,4.223125
2013-02-08,4.265625
2013-02-11,4.265000
2013-02-12,4.278750
2013-02-13,4.287000
2013-02-14,4.296250
2013-02-15,4.286250
2013-02-19,4.346250
2013-02-20,4.236875
2013-02-21,4.187875
2013-02-22,4.267500
2013-02-25,4.110625
2013-02-26,4.162375
2013-02-27,4.266875
2013-02-28,4.249375
2013-03-01,4.276875
2013-03-04,4.321250
2013-03-05,4.400000
2013-03-06,4.414375
2013-03-07,4.433125
2013-03-08,4.470000
2013-03-11,4.501250
2013-03-12,4.480781
2013-03-13,4.490625
2013-03-14,4.538750
2013-03-15,4.526875
2013-03-18,4.479375
2013-03-19,4.457000
2013-03-20,4.512500
2013-03-21,4.440000
2013-03-22,4.506875
2013-03-25,4.476250
2013-03-26,4.544375
2013-03-27,4.540000
2013-03-28,4.561250
2013-04-01,4.535000
2013-04-02,4.579375
2013-04-03,4.485625
2013-04-04,4.522500
2013-04-05,4.481500
2013-04-08,4.543125
2013-04-09,4.571875
2013-04-10,4.687500
2013-04-11,4.716875
2013-04-12,4.692500
2013-04-15,4.476875
2013-04-16,4.604375
2013-04-17,4.469375
2013-04-18,4.412500
2013-04-19,4.485000
2013-04-22,4.533125
2013-04-23,4.625625
2013-04-24,4.637500
2013-04-25,4.671875
2013-04-26,4.652563
2013-04-29,4.711250
2013-04-30,4.737500
2013-05-01,4.651875
2013-05-02,4.735625
2013-05-03,4.828125
2013-05-06,4.861250
2013-05-07,4.908119
2013-05-08,4.952875
2013-05-09,4.928750
2013-05-10,4.959625
2013-05-13,4.965625
2013-05-14,5.070000
2013-05-15,5.123125
2013-05-16,5.075000
2013-05-17,5.174375
2013-05-20,5.171250
2013-05-21,5.189375
2013-05-22,5.100625
2013-05-23,5.082500
2013-05-24,5.068750
2013-05-28,5.125000
2013-05-29,5.065000
2013-05-30,5.100000
2013-05-31,4.953125
2013-06-03,5.005625
2013-06-04,4.962500
2013-06-05,4.819375
2013-06-06,4.904375
2013-06-07,5.026250
2013-06-10,5.026250
2013-06-11,4.927437
2013-06-12,4.848125
2013-06-13,4.991875
2013-06-14,4.928750
2013-06-17,5.004375
2013-06-18,5.079375
2013-06-19,4.943250
2013-06-20,4.698750
2013-06-21,4.724375
2013-06-24,4.607500
2013-06-25,4.696250
2013-06-26,4.781937
2013-06-27,4.837500
2013-06-28,4.795625
2013-07-01,4.849375
2013-07-02,4.837500
2013-07-03,4.848750
2013-07-05,4.955000
2013-07-08,5.009375
2013-07-09,5.083125
2013-07-10,5.085625
2013-07-11,5.224994
2013-07-12,5.223750
2013-07-15,5.273125
2013-07-16,5.228750
2013-07-17,5.256875
2013-07-18,5.313250
2013-07-19,5.335625
2013-07-22,5.354375
2013-07-23,5.331875
2013-07-24,5.291875
2013-07-25,5.312500
2013-07-26,5.323750
2013-07-29,5.293125
2013-07-30,5.294375
2013-07-31,5.294688
2013-08-01,5.422438
2013-08-02,5.441875
2013-08-05,5.426875
2013-08-06,5.368750
2013-08-07,5.331875
2013-08-08,5.361250
2013-08-09,5.333125
2013-08-12,5.321875
2013-08-13,5.355625
2013-08-14,5.303125
2013-08-15,5.145625
2013-08-16,5.118125
2013-08-19,5.051875
2013-08-20,5.098125
2013-08-21,5.035625
2013-08-22,5.125625
2013-08-23,5.159375
2013-08-26,5.124375
2013-08-27,4.956250
2013-08-28,4.990000
2013-08-29,5.006875
2013-08-30,4.973125
2013-09-03,5.017500
2013-09-04,5.103125
2013-09-05,5.109375
2013-09-06,5.116875
2013-09-09,5.220625
2013-09-10,5.295625
2013-09-11,5.326875
2013-09-12,5.304375
2013-09-13,5.321875
2013-09-16,5.387500
2013-09-17,5.434375
2013-09-18,5.559375
2013-09-19,5.542500
2013-09-20,5.458750
2013-09-23,5.415000
2013-09-24,5.386250
2013-09-25,5.355000
2013-09-26,5.388750
2013-09-27,5.343750
2013-09-30,5.290000
2013-10-01,5.368625
2013-10-02,5.351250
2013-10-03,5.262500
2013-10-04,5.335000
2013-10-07,5.246875
2013-10-08,5.124375
2013-10-09,5.125000
2013-10-10,5.346250
2013-10-11,5.418125
2013-10-14,5.463750
2013-10-15,5.385000
2013-10-16,5.532500
2013-10-17,5.606875
2013-10-18,5.681250
2013-10-21,5.681875
2013-10-22,5.745625
2013-10-23,5.695000
2013-10-24,5.735000
2013-10-25,5.780000
2013-10-28,5.802500
2013-10-29,5.865625
2013-10-30,5.805000
2013-10-31,5.770000
2013-11-01,5.792500
2013-11-04,5.837500
2013-11-05,5.804375
2013-11-06,5.859375
2013-11-07,5.710000
2013-11-08,5.861875
2013-11-11,5.865625
2013-11-12,5.841250
2013-11-13,5.936250
2013-11-14,5.998125
2013-11-15,6.048125
2013-11-18,6.007500
2013-11-19,5.977500
2013-11-20,5.944375
2013-11-21,6.038125
2013-11-22,6.093750
2013-11-25,6.091875
2013-11-26,6.088125
2013-11-27,6.112500
2013-11-29,6.103125
2013-12-02,6.080000
2013-12-03,6.031250
2013-12-04,6.018750
2013-12-05,5.969375
2013-12-06,6.103750
2013-12-09,6.130000
2013-12-10,6.086250
2013-12-11,5.949375
2013-12-12,5.913750
2013-12-13,5.908750
2013-12-16,5.983125
2013-12-17,5.938125
2013-12-18,6.139375
2013-12-19,6.137500
2013-12-20,6.199375
2013-12-23,6.268750
2013-12-24,6.291875
2013-12-26,6.355625
2013-12-27,6.355000
2013-12-30,6.348750
2013-12-31,6.410000
2014-01-02,6.286875
2014-01-03,6.278750
2014-01-06,6.250000
2014-01-07,6.321875
2014-01-08,6.324375
2014-01-09,6.334375
2014-01-10,6.361937
2014-01-13,6.198125
2014-01-14,6.329375
2014-01-15,6.402500
2014-01-16,6.381250
2014-01-17,6.327500
2014-01-21,6.362500
2014-01-22,6.375000
2014-01-23,6.271875
2014-01-24,6.001875
2014-01-27,5.938125
2014-01-28,6.010000
2014-01-29,5.895000
2014-01-30,6.021250
2014-01-31,5.946250
2014-02-03,5.673750
2014-02-04,5.756875
2014-02-05,5.743750
2014-02-06,5.890000
2014-02-07,6.042500
2014-02-10,6.060625
2014-02-11,6.193750
2014-02-12,6.203125
2014-02-13,6.265000
2014-02-14,6.333125
2014-02-18,6.351250
2014-02-19,6.267500
2014-02-20,6.333750
2014-02-21,6.323125
2014-02-24,6.386250
2014-02-25,6.387500
2014-02-26,6.385625
2014-02-27,6.455000
2014-02-28,6.485000
2014-03-03,6.395625
2014-03-04,6.581250
2014-03-05,6.580000
2014-03-06,6.618125
2014-03-07,6.620000
2014-03-10,6.618750
2014-03-11,6.550625
2014-03-12,6.553750
2014-03-13,6.406250
2014-03-14,6.368750
2014-03-17,6.480000
2014-03-18,6.575625
2014-03-19,6.511875
2014-03-20,6.577500
2014-03-21,6.528750
2014-03-24,6.476250
2014-03-25,6.538125
2014-03-26,6.439375
2014-03-27,6.418125
2014-03-28,6.471875
2014-03-31,6.581875
2014-04-01,6.666250
2014-04-02,6.711875
2014-04-03,6.696875
2014-04-04,6.538750
2014-04-07,6.393125
2014-04-08,6.442500
2014-04-09,6.582500
2014-04-10,6.303125
2014-04-11,6.191250
2014-04-14,6.287500
2014-04-15,6.377500
2014-04-16,6.503125
2014-04-17,6.522500
2014-04-21,6.572500
2014-04-22,6.626250
2014-04-23,6.602500
2014-04-24,6.623750
2014-04-25,6.518750
2014-04-28,6.558125
2014-04-29,6.615000
2014-04-30,6.663125
2014-05-01,6.656250
2014-05-02,6.638750
2014-05-05,6.665000
2014-05-06,6.550625
2014-05-07,6.624063
2014-05-08,6.608750
2014-05-09,6.632500
2014-05-12,6.758125
2014-05-13,6.768125
2014-05-14,6.706875
2014-05-15,6.587500
2014-05-16,6.636250
2014-05-19,6.683125
2014-05-20,6.590625
2014-05-21,6.704375
2014-05-22,6.739375
2014-05-23,6.794375
2014-05-27,6.878125
2014-05-28,6.865625
2014-05-29,6.938125
2014-05-30,6.956875
2014-06-02,6.973750
2014-06-03,6.968750
2014-06-04,6.997500
2014-06-05,7.085000
2014-06-06,7.153750
2014-06-09,7.169375
2014-06-10,7.171875
2014-06-11,7.121875
2014-06-12,7.020625
2014-06-13,7.061875
2014-06-16,7.071250
2014-06-17,7.108750
2014-06-18,7.213750
2014-06-19,7.233750
2014-06-20,7.260000
2014-06-23,7.258125
2014-06-24,7.168125
2014-06-25,7.225000
2014-06-26,7.213750
2014-06-27,7.242500
2014-06-30,7.236250
2014-07-01,7.331875
2014-07-02,7.345625
2014-07-03,7.423750
2014-07-07,7.368125
2014-07-08,7.270625
2014-07-09,7.337500
2014-07-10,7.279375
2014-07-11,7.297500
2014-07-14,7.371250
2014-07-15,7.345625
2014-07-16,7.400000
2014-07-17,7.230000
2014-07-18,7.376250
2014-07-21,7.345625
2014-07-22,7.410000
2014-07-23,7.445000
2014-07-24,7.443125
2014-07-25,7.374375
2014-07-28,7.378125
2014-07-29,7.315000
2014-07-30,7.320000
2014-07-31,7.028125
2014-08-01,6.986250
2014-08-04,7.083750
2014-08-05,6.946250
2014-08-06,6.948125
2014-08-07,6.872500
2014-08-08,7.032494
2014-08-11,7.071250
2014-08-12,7.052500
2014-08-13,7.151875
2014-08-14,7.216250
2014-08-15,7.214375
2014-08-18,7.334375
2014-08-19,7.408750
2014-08-20,7.450000
2014-08-21,7.490625
2014-08-22,7.467500
2014-08-25,7.545000
2014-08-26,7.556875
2014-08-27,7.550625
2014-08-28,7.538750
2014-08-29,7.581250
2014-09-02,7.573125
2014-09-03,7.568125
2014-09-04,7.541250
2014-09-05,7.611875
2014-09-08,7.571875
2014-09-09,7.478125
2014-09-10,7.532500
2014-09-11,7.545000
2014-09-12,7.459375
2014-09-15,7.445625
2014-09-16,7.560625
2014-09-17,7.577500
2014-09-18,7.658125
2014-09-19,7.643750
2014-09-22,7.528125
2014-09-23,7.443125
2014-09-24,7.556250
2014-09-25,7.306875
2014-09-26,7.427500
2014-09-29,7.398125
2014-09-30,7.355625
2014-10-01,7.161875
2014-10-02,7.161250
2014-10-03,7.318125
2014-10-06,7.299375
2014-10-07,7.078125
2014-10-08,7.321875
2014-10-09,7.028750
2014-10-10,6.871875
2014-10-13,6.643125
2014-10-14,6.672500
2014-10-15,6.568125
2014-10-16,6.557500
2014-10-17,6.717500
2014-10-20,6.848125
2014-10-21,7.118750
2014-10-22,7.020000
2014-10-23,7.178750
2014-10-24,7.283125
2014-10-27,7.218750
2014-10-28,7.433125
2014-10-29,7.415000
2014-10-30,7.509375
2014-10-31,7.677500
2014-11-03,7.685625
2014-11-04,7.636250
2014-11-05,7.732500
2014-11-06,7.795000
2014-11-07,7.806875
2014-11-10,7.853750
2014-11-11,7.868750
2014-11-12,7.855000
2014-11-13,7.866875
2014-11-14,7.873750
2014-11-17,7.883750
2014-11-18,7.973750
2014-11-19,7.945625
2014-11-20,7.976250
2014-11-21,8.056250
2014-11-24,8.108125
2014-11-25,8.100000
2014-11-26,8.136250
2014-11-28,8.102500
2014-12-01,7.988750
2014-12-02,8.085625
2014-12-03,8.152500
2014-12-04,8.130000
2014-12-05,8.161875
2014-12-08,8.051250
2014-12-09,8.036875
2014-12-10,7.781875
2014-12-11,7.852500
2014-12-12,7.605625
2014-12-15,7.492500
2014-12-16,7.374375
2014-12-17,7.672500
2014-12-18,8.049375
2014-12-19,8.115000
2014-12-22,8.171250
2014-12-23,8.198125
2014-12-24,8.197500
2014-12-26,8.253125
2014-12-29,8.268125
2014-12-30,8.183750
2014-12-31,8.019375
2015-01-02,8.008750
2015-01-05,7.716875
2015-01-06,7.578125
2015-01-07,7.766875
2015-01-08,8.040000
2015-01-09,7.901250
2015-01-12,7.779375
2015-01-13,7.739375
2015-01-14,7.643125
2015-01-15,7.504369
2015-01-16,7.696250
2015-01-20,7.731875
2015-01-21,7.808125
2015-01-22,8.040625
2015-01-23,7.950000
2015-01-26,7.988750
2015-01-27,7.778750
2015-01-28,7.576250
2015-01-29,7.721250
2015-01-30,7.526250
2015-02-02,7.705000
2015-02-03,7.929375
2015-02-04,7.869375
2015-02-05,8.035625
2015-02-06,7.985000
2015-02-09,7.912500
2015-02-10,8.077500
2015-02-11,8.090625
2015-02-12,8.244375
2015-02-13,8.311875
2015-02-17,8.343750
2015-02-18,8.341875
2015-02-19,8.332500
2015-02-20,8.428125
2015-02-23,8.425625
2015-02-24,8.475000
2015-02-25,8.455000
2015-02-26,8.436875
2015-02-27,8.384375
2015-03-02,8.485625
2015-03-03,8.413750
2015-03-04,8.346250
2015-03-05,8.361250
2015-03-06,8.127500
2015-03-09,8.194375
2015-03-10,7.926250
2015-03-11,7.891875
2015-03-12,8.089375
2015-03-13,7.994375
2015-03-16,8.205625
2015-03-17,8.152500
2015-03-18,8.346875
2015-03-19,8.269375
2015-03-20,8.415625
2015-03-23,8.388750
2015-03-24,8.286875
2015-03-25,8.035000
2015-03-26,7.998125
2015-03-27,8.030000
2015-03-30,8.227500
2015-03-31,8.081250
2015-04-01,8.028125
2015-04-02,8.075625
2015-04-06,8.188125
2015-04-07,8.149375
2015-04-08,8.198750
2015-04-09,8.273125
2015-04-10,8.358750
2015-04-13,8.286875
2015-04-14,8.316250
2015-04-15,8.390000
2015-04-16,8.384375
2015-04-17,8.191875
2015-04-20,8.341875
2015-04-21,8.321250
2015-04-22,8.401875
2015-04-23,8.443750
2015-04-24,8.481875
2015-04-27,8.410625
2015-04-28,8.465000
2015-04-29,8.393125
2015-04-30,8.230000
2015-05-01,8.403125
2015-05-04,8.456875
2015-05-05,8.260000
2015-05-06,8.189375
2015-05-07,8.253750
2015-05-08,8.473744
2015-05-11,8.388750
2015-05-12,8.338750
2015-05-13,8.343750
2015-05-14,8.515625
2015-05-15,8.534375
2015-05-18,8.585000
2015-05-19,8.578125
2015-05-20,8.566250
2015-05-21,8.618750
2015-05-22,8.578750
2015-05-26,8.396250
2015-05-27,8.545000
2015-05-28,8.530000
2015-05-29,8.420000
2015-06-01,8.455000
2015-06-02,8.442500
2015-06-03,8.490000
2015-06-04,8.353750
2015-06-05,8.316250
2015-06-08,8.208750
2015-06-09,8.208750
2015-06-10,8.400000
2015-06-11,8.452500
2015-06-12,8.330000
2015-06-15,8.251250
2015-06-16,8.342500
2015-06-17,8.370000
2015-06-18,8.537500
2015-06-19,8.440000
2015-06-22,8.558750
2015-06-23,8.566250
2015-06-24,8.431250
2015-06-25,8.377500
2015-06-26,8.378750
2015-06-29,8.037500
2015-06-30,8.066250
2015-07-01,8.186250
2015-07-02,8.173750
2015-07-06,8.125000
2015-07-07,8.218750
2015-07-08,7.951250
2015-07-09,7.975000
2015-07-10,8.178750
2015-07-13,8.358750
2015-07-14,8.435000
2015-07-15,8.427500
2015-07-16,8.555000
2015-07-17,8.572500
2015-07-20,8.582500
2015-07-21,8.511250
2015-07-22,8.475000
2015-07-23,8.388750
2015-07-24,8.210000
2015-07-27,8.115000
2015-07-28,8.310000
2015-07-29,8.426250
2015-07-30,8.431250
2015-07-31,8.406250
2015-08-03,8.346250
2015-08-04,8.311250
2015-08-05,8.373750
2015-08-06,8.246250
2015-08-07,8.205000
2015-08-10,8.407500
2015-08-11,8.251250
2015-08-12,8.270000
2015-08-13,8.253750
2015-08-14,8.311250
2015-08-17,8.406250
2015-08-18,8.355000
2015-08-19,8.222500
2015-08-20,7.881250
2015-08-21,7.390000
2015-08-24,6.778750
2015-08-25,6.616250
2015-08-26,7.128750
2015-08-27,7.475000
2015-08-28,7.473750
2015-08-31,7.357500
2015-09-01,6.911250
2015-09-02,7.178750
2015-09-03,7.190000
2015-09-04,6.972500
2015-09-08,7.328750
2015-09-09,7.125000
2015-09-10,7.201250
2015-09-11,7.265000
2015-09-14,7.212500
2015-09-15,7.392500
2015-09-16,7.525000
2015-09-17,7.487500
2015-09-18,7.245000
2015-09-21,7.313750
2015-09-22,7.130000
2015-09-23,7.098750
2015-09-24,7.058750
2015-09-25,7.048750
2015-09-28,6.692500
2015-09-29,6.701250
2015-09-30,6.950000
2015-10-01,6.990000
2015-10-02,7.197500
2015-10-05,7.451250
2015-10-06,7.400000
2015-10-07,7.521250
2015-10-08,7.657500
2015-10-09,7.665000
2015-10-12,7.678750
2015-10-13,7.585000
2015-10-14,7.505000
2015-10-15,7.740000
2015-10-16,7.802500
2015-10-19,7.811250
2015-10-20,7.793750
2015-10-21,7.703750
2015-10-22,7.953750
2015-10-23,8.137500
2015-10-26,8.097500
2015-10-27,8.061250
2015-10-28,8.245000
2015-10-29,8.238750
2015-10-30,8.162500
2015-11-02,8.352500
2015-11-03,8.402500
2015-11-04,8.355000
2015-11-05,8.336250
2015-11-06,8.330000
2015-11-09,8.175000
2015-11-10,8.202500
2015-11-11,8.145000
2015-11-12,7.918750
2015-11-13,7.738750
2015-11-16,7.972500
2015-11-17,7.955000
2015-11-18,8.215000
2015-11-19,8.200000
2015-11-20,8.260000
2015-11-23,8.242500
2015-11-24,8.261250
2015-11-25,8.262500
2015-11-27,8.276250
2015-11-30,8.211250
2015-12-01,8.366250
2015-12-02,8.193750
2015-12-03,7.960000
2015-12-04,8.271250
2015-12-07,8.170000
2015-12-08,8.062500
2015-12-09,7.935000
2015-12-10,7.976250
2015-12-11,7.658750
2015-12-14,7.745000
2015-12-15,7.910000
2015-12-16,8.135000
2015-12-17,7.897500
2015-12-18,7.598750
2015-12-21,7.727500
2015-12-22,7.843750
2015-12-23,8.035000
2015-12-24,8.002500
2015-12-28,7.977500
2015-12-29,8.142500
2015-12-30,8.033750
2015-12-31,7.875000
2016-01-04,7.648750
2016-01-05,7.682500
2016-01-06,7.476250
2016-01-07,7.119875
2016-01-08,6.967500
2016-01-11,6.971250
2016-01-12,7.080000
2016-01-13,6.732500
2016-01-14,6.952500
2016-01-15,6.651250
2016-01-19,6.667500
2016-01-20,6.510000
2016-01-21,6.577500
2016-01-22,6.843750
2016-01-25,6.642500
2016-01-26,6.813750
2016-01-27,6.670000
2016-01-28,6.741250
2016-01-29,7.058750
2016-02-01,7.065000
2016-02-02,6.800000
2016-02-03,6.885000
2016-02-04,6.905000
2016-02-05,6.648750
2016-02-08,6.463750
2016-02-09,6.457500
2016-02-10,6.450000
2016-02-11,6.292500
2016-02-12,6.542625
2016-02-16,6.758650
2016-02-17,6.982500
2016-02-18,6.926250
2016-02-19,6.918750
2016-02-22,7.117500
2016-02-23,6.948750
2016-02-24,7.007500
2016-02-25,7.175000
2016-02-26,7.141250
2016-02-29,7.015000
2016-03-01,7.361250
2016-03-02,7.427500
2016-03-03,7.478750
2016-03-04,7.523750
2016-03-07,7.546250
2016-03-08,7.373750
2016-03-09,7.448750
2016-03-10,7.456250
2016-03-11,7.703750
2016-03-14,7.677500
2016-03-15,7.661250
2016-03-16,7.748750
2016-03-17,7.842500
2016-03-18,7.906250
2016-03-21,7.926250
2016-03-22,7.916250
2016-03-23,7.800000
2016-03-24,7.790000
2016-03-28,7.796250
2016-03-29,7.950000
2016-03-30,8.013750
2016-03-31,7.977500
2016-04-01,8.080000
2016-04-04,8.028750
2016-04-05,7.870000
2016-04-06,8.035000
2016-04-07,7.842500
2016-04-08,7.891250
2016-04-11,7.848750
2016-04-12,8.000000
2016-04-13,8.155000
2016-04-14,8.156250
2016-04-15,8.133750
2016-04-18,8.250000
2016-04-19,8.298750
2016-04-20,8.317500
2016-04-21,8.226250
2016-04-22,8.233750
2016-04-25,8.196250
2016-04-26,8.226250
2016-04-27,8.260938
2016-04-28,8.115000
2016-04-29,8.025000
2016-05-02,8.145000
2016-05-03,8.003750
2016-05-04,7.910000
2016-05-05,7.916250
2016-05-06,7.967500
2016-05-09,7.986250
2016-05-10,8.176250
2016-05-11,8.027500
2016-05-12,8.032500
2016-05-13,7.891250
2016-05-16,8.043750
2016-05-17,7.900000
2016-05-18,7.902500
2016-05-19,7.847500
2016-05-20,7.937500
2016-05-23,7.917500
2016-05-24,8.121250
2016-05-25,8.227500
2016-05-26,8.236250
2016-05-27,8.303750
2016-05-31,8.280000
2016-06-01,8.313750
2016-06-02,8.362500
2016-06-03,8.310000
2016-06-06,8.398750
2016-06-07,8.420000
2016-06-08,8.473750
2016-06-09,8.451250
2016-06-10,8.295000
2016-06-13,8.165000
2016-06-14,8.133750
2016-06-15,8.107500
2016-06-16,8.158750
2016-06-17,8.093750
2016-06-20,8.196250
2016-06-21,8.243750
2016-06-22,8.205000
2016-06-23,8.415000
2016-06-24,7.820000
2016-06-27,7.528750
2016-06-28,7.798750
2016-06-29,8.071250
2016-06-30,8.282500
2016-07-01,8.321250
2016-07-05,8.203750
2016-07-06,8.301250
2016-07-07,8.287500
2016-07-08,8.536250
2016-07-11,8.600000
2016-07-12,8.722500
2016-07-13,8.717500
2016-07-14,8.813750
2016-07-15,8.795000
2016-07-18,8.841250
2016-07-19,8.820000
2016-07-20,8.896250
2016-07-21,8.823750
2016-07-22,8.910000
2016-07-25,8.862500
2016-07-26,8.863750
2016-07-27,8.845000
2016-07-28,8.863750
2016-07-29,8.895000
2016-08-01,8.877500
2016-08-02,8.767500
2016-08-03,8.820000
2016-08-04,8.831250
2016-08-05,8.972500
2016-08-08,8.968750
2016-08-09,8.973750
2016-08-10,8.935000
2016-08-11,9.012500
2016-08-12,8.997500
2016-08-15,9.048750
2016-08-16,8.958750
2016-08-17,8.986250
2016-08-18,9.028750
2016-08-19,9.005000
2016-08-22,9.001250
2016-08-23,9.031250
2016-08-24,8.948750
2016-08-25,8.932500
2016-08-26,8.896250
2016-08-29,8.981250
2016-08-30,8.950000
2016-08-31,8.903750
2016-09-01,8.901250
2016-09-02,8.980000
2016-09-06,9.036250
2016-09-07,9.037500
2016-09-08,8.995000
2016-09-09,8.557500
2016-09-12,8.806250
2016-09-13,8.552500
2016-09-14,8.538750
2016-09-15,8.717500
2016-09-16,8.646250
2016-09-19,8.648750
2016-09-20,8.651250
2016-09-21,8.830000
2016-09-22,8.946250
2016-09-23,8.846250
2016-09-26,8.705000
2016-09-27,8.811250
2016-09-28,8.898750
2016-09-29,8.740000
2016-09-30,8.871250
2016-10-03,8.820000
2016-10-04,8.742500
2016-10-05,8.812500
2016-10-06,8.827500
2016-10-07,8.762500
2016-10-10,8.850000
2016-10-11,8.635000
2016-10-12,8.653750
2016-10-13,8.593750
2016-10-14,8.602500
2016-10-17,8.546250
2016-10-18,8.642500
2016-10-19,8.685000
2016-10-20,8.660000
2016-10-21,8.662500
2016-10-24,8.733750
2016-10-25,8.681250
2016-10-26,8.643750
2016-10-27,8.601250
2016-10-28,8.547500
2016-10-31,8.545000
2016-11-01,8.427500
2016-11-02,8.321250
2016-11-03,8.245000
2016-11-04,8.222500
2016-11-07,8.580000
2016-11-08,8.657500
2016-11-09,8.851250
2016-11-10,8.890000
2016-11-11,8.850000
2016-11-14,8.865000
2016-11-15,9.000000
2016-11-16,8.968750
2016-11-17,9.061250
2016-11-18,9.021250
2016-11-21,9.148750
2016-11-22,9.188750
2016-11-23,9.198750
2016-11-25,9.266250
2016-11-28,9.186250
2016-11-29,9.216250
2016-11-30,9.162500
2016-12-01,9.093750
2016-12-02,9.108750
2016-12-05,9.216250
2016-12-06,9.276250
2016-12-07,9.512500
2016-12-08,9.567500
2016-12-09,9.676250
2016-12-12,9.655000
2016-12-13,9.785000
2016-12-14,9.626250
2016-12-15,9.696250
2016-12-16,9.667500
2016-12-19,9.698750
2016-12-20,9.772500
2016-12-21,9.717500
2016-12-22,9.682500
2016-12-23,9.706250
2016-12-27,9.752500
2016-12-28,9.597500
2016-12-29,9.587500
2016-12-30,9.517500
2017-01-03,9.657500
2017-01-04,9.771250
2017-01-05,9.753750
2017-01-06,9.825000
2017-01-09,9.760000
2017-01-10,9.758750
2017-01-11,9.812500
2017-01-12,9.767500
2017-01-13,9.808750
2017-01-17,9.738750
2017-01-18,9.780000
2017-01-19,9.712500
2017-01-20,9.770000
2017-01-23,9.727500
2017-01-24,9.842500
2017-01-25,10.010000
2017-01-26,9.998750
2017-01-27,9.972500
2017-01-30,9.852500
2017-01-31,9.847500
2017-02-01,9.850000
2017-02-02,9.855000
2017-02-03,9.993750
2017-02-06,9.958750
2017-02-07,9.962500
2017-02-08,9.988750
2017-02-09,10.095000
2017-02-10,10.173750
2017-02-13,10.287500
2017-02-14,10.375000
2017-02-15,10.477500
2017-02-16,10.465000
2017-02-17,10.486250
2017-02-21,10.612500
2017-02-22,10.598750
2017-02-23,10.617500
2017-02-24,10.636250
2017-02-27,10.675000
2017-02-28,10.618750
2017-03-01,10.900000
2017-03-02,10.778750
2017-03-03,10.785000
2017-03-06,10.718750
2017-03-07,10.660000
2017-03-08,10.612500
2017-03-09,10.640000
2017-03-10,10.706250
2017-03-13,10.722500
2017-03-14,10.645000
2017-03-15,10.820000
2017-03-16,10.783750
2017-03-17,10.742500
2017-03-20,10.714650
2017-03-21,10.441250
2017-03-22,10.480000
2017-03-23,10.455000
2017-03-24,10.442500
2017-03-27,10.415000
2017-03-28,10.563750
2017-03-29,10.590000
2017-03-30,10.647500
2017-03-31,10.605000
2017-04-03,10.566250
2017-04-04,10.583750
2017-04-05,10.516250
2017-04-06,10.565000
2017-04-07,10.546250
2017-04-10,10.558750
2017-04-11,10.535000
2017-04-12,10.447500
2017-04-13,10.313750
2017-04-17,10.488750
2017-04-18,10.420000
2017-04-19,10.385000
2017-04-20,10.546250
2017-04-21,10.487500
2017-04-24,10.710000
2017-04-25,10.832500
2017-04-26,10.826250
2017-04-27,10.840000
2017-04-28,10.801250
2017-05-01,10.846250
2017-05-02,10.853750
2017-05-03,10.827500
2017-05-04,10.848750
2017-05-05,10.942500
2017-05-08,10.935000
2017-05-09,10.912500
2017-05-10,10.946250
2017-05-11,10.905000
2017-05-12,10.875000
2017-05-15,10.977500
2017-05-16,10.965000
2017-05-17,10.580000
2017-05-18,10.655000
2017-05-19,10.796250
2017-05-22,10.902500
2017-05-23,10.950000
2017-05-24,10.998750
2017-05-25,11.097500
2017-05-26,11.102500
2017-05-30,11.081250
2017-05-31,11.076250
2017-06-01,11.242500
2017-06-02,11.316250
2017-06-05,11.307500
2017-06-06,11.241250
2017-06-07,11.272500
2017-06-08,11.286250
2017-06-09,11.250000
2017-06-12,11.242500
2017-06-13,11.348750
2017-06-14,11.328750
2017-06-15,11.280000
2017-06-16,11.281250
2017-06-19,11.463750
2017-06-20,11.316250
2017-06-21,11.295000
2017-06-22,11.283750
2017-06-23,11.315000
2017-06-26,11.320000
2017-06-27,11.146250
2017-06-28,11.332500
2017-06-29,11.146250
2017-06-30,11.181250
2017-07-03,11.221250
2017-07-05,11.262500
2017-07-06,11.065000
2017-07-07,11.203750
2017-07-10,11.227500
2017-07-11,11.203750
2017-07-12,11.375000
2017-07-13,11.408750
2017-07-14,11.511250
2017-07-17,11.515000
2017-07-18,11.527500
2017-07-19,11.647500
2017-07-20,11.653750
2017-07-21,11.640000
2017-07-24,11.628750
2017-07-25,11.678750
2017-07-26,11.690000
2017-07-27,11.666250
2017-07-28,11.633750
2017-07-31,11.622500
2017-08-01,11.666250
2017-08-02,11.677500
2017-08-03,11.641250
2017-08-04,11.677500
2017-08-07,11.716250
2017-08-08,11.666250
2017-08-09,11.652500
2017-08-10,11.333750
2017-08-11,11.356250
2017-08-14,11.585000
2017-08-15,11.582500
2017-08-16,11.618750
2017-08-17,11.258750
2017-08-18,11.220000
2017-08-21,11.238750
2017-08-22,11.462500
2017-08-23,11.388750
2017-08-24,11.337500
2017-08-25,11.386250
2017-08-28,11.391250
2017-08-29,11.407500
2017-08-30,11.517500
2017-08-31,11.658750
2017-09-01,11.695000
2017-09-05,11.522500
2017-09-06,11.597500
2017-09-07,11.595000
2017-09-08,11.562500
2017-09-11,11.801250
2017-09-12,11.886250
2017-09-13,11.900000
2017-09-14,11.891250
2017-09-15,11.926250
2017-09-18,11.972500
2017-09-19,11.990000
2017-09-20,12.000000
2017-09-21,11.933750
2017-09-22,11.938750
2017-09-25,11.888750
2017-09-26,11.901250
2017-09-27,11.982500
2017-09-28,12.010000
2017-09-29,12.092500
2017-10-02,12.190000
2017-10-03,12.248750
2017-10-04,12.278750
2017-10-05,12.416250
2017-10-06,12.392500
2017-10-09,12.351250
2017-10-10,12.412500
2017-10-11,12.447500
2017-10-12,12.407500
2017-10-13,12.440000
2017-10-16,12.475000
2017-10-17,12.492500
2017-10-18,12.508750
2017-10-19,12.515000
2017-10-20,12.645000
2017-10-23,12.547500
2017-10-24,12.586250
2017-10-25,12.463750
2017-10-26,12.492500
2017-10-27,12.692500
2017-10-30,12.602500
2017-10-31,12.640000
2017-11-01,12.673750
2017-11-02,12.681250
2017-11-03,12.761250
2017-11-06,12.795000
2017-11-07,12.791250
2017-11-08,12.832500
2017-11-09,12.735000
2017-11-10,12.723750
2017-11-13,12.745000
2017-11-14,12.686250
2017-11-15,12.557500
2017-11-16,12.762500
2017-11-17,12.692500
2017-11-20,12.730000
2017-11-21,12.895000
2017-11-22,12.876250
2017-11-24,12.932500
2017-11-27,12.922500
2017-11-28,13.173750
2017-11-29,13.165000
2017-11-30,13.382500
2017-12-01,13.330000
2017-12-04,13.297500
2017-12-05,13.206250
2017-12-06,13.207500
2017-12-07,13.288750
2017-12-08,13.430000
2017-12-11,13.515000
2017-12-12,13.563750
2017-12-13,13.553750
2017-12-14,13.443750
2017-12-15,13.667500
2017-12-18,13.833750
2017-12-19,13.738750
2017-12-20,13.717500
2017-12-21,13.765000
2017-12-22,13.758750
2017-12-26,13.703750
2017-12-27,13.720000
2017-12-28,13.771250
2017-12-29,13.678750
2018-01-02,13.863750
2018-01-03,14.030000
2018-01-04,14.155000
2018-01-05,14.332500
2018-01-08,14.386250
2018-01-09,14.451250
2018-01-10,14.405000
2018-01-11,14.606250
2018-01-12,14.800000
2018-01-16,14.697500
2018-01-17,14.981250
2018-01-18,14.928750
2018-01-19,15.058750
2018-01-22,15.300000
2018-01-23,15.365000
2018-01-24,15.356250
2018-01-25,15.362500
2018-01-26,15.713750
2018-01-29,15.503750
2018-01-30,15.176250
2018-01-31,15.206250
2018-02-01,15.166250
2018-02-02,14.507500
2018-02-05,13.328750
2018-02-06,13.811250
2018-02-07,13.651250
2018-02-08,12.642500
2018-02-09,13.026250
2018-02-12,13.380000
2018-02-13,13.456250
2018-02-14,13.821250
2018-02-15,14.163750
2018-02-16,14.172500
2018-02-20,14.002500
2018-02-21,13.847500
2018-02-22,13.878750
2018-02-23,14.326250
2018-02-26,14.661250
2018-02-27,14.291250
2018-02-28,13.978750
2018-03-01,13.600000
2018-03-02,13.738750
2018-03-05,14.051250
2018-03-06,14.121250
2018-03-07,14.105000
2018-03-08,14.237500
2018-03-09,14.726250
2018-03-12,14.698750
2018-03-13,14.511250
2018-03-14,14.357500
2018-03-15,14.327500
2018-03-16,14.353750
2018-03-19,13.968750
2018-03-20,14.012500
2018-03-21,13.930000
2018-03-22,13.238750
2018-03-23,12.668750
2018-03-26,13.368750
2018-03-27,12.895000
2018-03-28,12.830000
2018-03-29,13.185000
2018-04-02,12.590000
2018-04-03,12.902500
2018-04-04,13.192500
2018-04-05,13.382500
2018-04-06,12.791250
2018-04-09,12.896250
2018-04-10,13.312500
2018-04-11,13.180000
2018-04-12,13.383750
2018-04-13,13.312500
2018-04-16,13.526250
2018-04-17,13.811250
2018-04-18,13.833750
2018-04-19,13.672500
2018-04-20,13.447500
2018-04-23,13.438750
2018-04-24,13.081250
2018-04-25,13.138750
2018-04-26,13.398750
2018-04-27,13.428750
2018-04-30,13.211250
2018-05-01,13.268750
2018-05-02,13.083750
2018-05-03,13.023750
2018-05-04,13.360000
2018-05-07,13.438750
2018-05-08,13.442500
2018-05-09,13.707500
2018-05-10,13.957500
2018-05-11,14.015000
2018-05-14,14.047500
2018-05-15,13.855000
2018-05-16,13.976250
2018-05-17,13.951250
2018-05-18,13.883750
2018-05-21,14.082500
2018-05-22,14.002500
2018-05-23,14.083750
2018-05-24,14.026250
2018-05-25,13.953750
2018-05-29,13.643750
2018-05-30,13.988750
2018-05-31,13.793750
2018-06-01,14.083750
2018-06-04,14.220000
2018-06-05,14.255000
2018-06-06,14.485000
2018-06-07,14.467500
2018-06-08,14.555000
2018-06-11,14.590000
2018-06-12,14.636250
2018-06-13,14.521250
2018-06-14,14.605000
2018-06-15,14.565000
2018-06-18,14.503750
2018-06-19,14.391250
2018-06-20,14.416250
2018-06-21,14.230000
2018-06-22,14.275000
2018-06-25,13.887500
2018-06-26,13.943750
2018-06-27,13.708750
2018-06-28,13.871250
2018-06-29,13.911250
2018-07-02,13.976250
2018-07-03,13.857500
2018-07-05,14.087500
2018-07-06,14.311250
2018-07-09,14.576250
2018-07-10,14.671250
2018-07-11,14.468750
2018-07-12,14.720000
2018-07-13,14.742500
2018-07-16,14.715000
2018-07-17,14.845000
2018-07-18,14.900000
2018-07-19,14.788750
2018-07-20,14.752500
2018-07-23,14.805000
2018-07-24,14.942500
2018-07-25,15.215000
2018-07-26,15.122500
2018-07-27,14.921250
2018-07-30,14.753750
2018-07-31,14.897500
2018-08-01,14.861250
2018-08-02,15.001250
2018-08-03,15.146250
2018-08-06,15.255000
2018-08-07,15.343750
2018-08-08,15.330000
2018-08-09,15.288750
2018-08-10,15.076250
2018-08-13,14.958750
2018-08-14,15.155000
2018-08-15,14.926250
2018-08-16,15.170000
2018-08-17,15.262500
2018-08-20,15.336250
2018-08-21,15.397500
2018-08-22,15.386250
2018-08-23,15.338750
2018-08-24,15.522500
2018-08-27,15.761250
2018-08-28,15.780000
2018-08-29,15.952500
2018-08-30,15.812500
2018-08-31,15.813750
2018-09-04,15.767500
2018-09-05,15.667500
2018-09-06,15.578750
2018-09-07,15.510000
2018-09-10,15.562500
2018-09-11,15.675000
2018-09-12,15.680000
2018-09-13,15.851250
2018-09-14,15.860000
2018-09-17,15.687500
2018-09-18,15.856250
2018-09-19,15.888750
2018-09-20,16.136250
2018-09-21,16.116250
2018-09-24,16.010000
2018-09-25,15.971250
2018-09-26,15.856250
2018-09-27,15.945000
2018-09-28,15.940000
2018-10-01,16.051250
2018-10-02,16.033750
2018-10-03,16.057500
2018-10-04,15.803750
2018-10-05,15.628750
2018-10-08,15.607500
2018-10-09,15.571250
2018-10-10,14.571250
2018-10-11,13.932500
2018-10-12,14.325000
2018-10-15,14.167500
2018-10-16,14.773750
2018-10-17,14.773750
2018-10-18,14.353750
2018-10-19,14.326250
2018-10-22,14.197500
2018-10-23,14.047500
2018-10-24,13.201250
2018-10-25,13.668750
2018-10-26,13.183750
2018-10-29,13.037500
2018-10-30,13.418750
2018-10-31,13.706250
2018-11-01,13.981250
2018-11-02,13.828750
2018-11-05,13.975000
2018-11-06,14.148750
2018-11-07,14.746250
2018-11-08,14.692500
2018-11-09,14.423750
2018-11-12,13.858750
2018-11-13,13.815000
2018-11-14,13.613750
2018-11-15,13.900000
2018-11-16,13.972500
2018-11-19,13.500000
2018-11-20,13.001250
2018-11-21,13.082500
2018-11-23,12.920000
2018-11-26,13.317500
2018-11-27,13.405000
2018-11-28,14.008750
2018-11-29,13.962500
2018-11-30,14.137500
2018-12-03,14.497500
2018-12-04,13.576250
2018-12-06,13.535000
2018-12-07,12.888750
2018-12-10,12.922500
2018-12-11,12.933750
2018-12-12,13.066250
2018-12-13,13.056250
2018-12-14,12.563750
2018-12-17,12.057500
2018-12-18,12.042500
2018-12-19,11.676250
2018-12-20,11.302500
2018-12-21,10.823750
2018-12-24,10.226250
2018-12-26,11.228750
2018-12-27,11.450000
2018-12-28,11.393750
2018-12-31,11.602500
2019-01-02,11.616250
2019-01-03,11.042500
2019-01-04,11.803750
2019-01-07,11.975000
2019-01-08,12.195000
2019-01-09,12.307500
2019-01-10,12.402500
2019-01-11,12.397500
2019-01-14,12.258750
2019-01-15,12.538750
2019-01-16,12.587500
2019-01-17,12.772500
2019-01-18,13.110000
2019-01-22,12.770000
2019-01-23,12.803750
2019-01-24,12.825000
2019-01-25,13.036250
2019-01-28,12.848750
2019-01-29,12.802500
2019-01-30,13.206250
2019-01-31,13.427500
2019-02-01,13.455000
2019-02-04,13.643750
2019-02-05,13.753750
2019-02-06,13.707500
2019-02-07,13.448750
2019-02-08,13.476250
2019-02-11,13.491250
2019-02-12,13.842500
2019-02-13,13.922500
2019-02-14,13.855000
2019-02-15,14.157500
2019-02-19,14.210000
2019-02-20,14.261250
2019-02-21,14.157500
2019-02-22,14.330000
2019-02-25,14.380000
2019-02-26,14.343750
2019-02-27,14.333750
2019-02-28,14.261250
2019-03-01,14.463750
2019-03-04,14.345000
2019-03-05,14.303750
2019-03-06,14.121250
2019-03-07,13.888750
2019-03-08,13.831250
2019-03-11,14.238750
2019-03-12,14.328750
2019-03-13,14.525000
2019-03-14,14.505000
2019-03-15,14.645000
2019-03-18,14.755000
2019-03-19,14.758750
2019-03-20,14.621250
2019-03-21,14.956250
2019-03-22,14.378750
2019-03-25,14.362500
2019-03-26,14.565000
2019-03-27,14.418750
2019-03-28,14.536250
2019-03-29,14.725000
2019-04-01,15.055000
2019-04-02,15.066250
2019-04-03,15.121250
2019-04-04,15.191250
2019-04-05,15.321250
2019-04-08,15.356250
2019-04-09,15.192500
2019-04-10,15.291250
2019-04-11,15.283750
2019-04-12,15.488750
2019-04-15,15.468750
2019-04-16,15.483750
2019-04-17,15.410000
2019-04-18,15.462500
2019-04-22,15.485000
2019-04-23,15.767500
2019-04-24,15.696250
2019-04-25,15.668750
2019-04-26,15.817500
2019-04-29,15.857500
2019-04-30,15.861250
2019-05-01,15.642500
2019-05-02,15.567500
2019-05-03,15.860000
2019-05-06,15.728750
2019-05-07,15.205000
2019-05-08,15.162500
2019-05-09,15.062500
2019-05-10,15.197500
2019-05-13,14.448750
2019-05-14,14.707500
2019-05-15,14.867500
2019-05-16,15.145000
2019-05-17,14.955000
2019-05-20,14.758750
2019-05-21,15.012500
2019-05-22,14.926250
2019-05-23,14.558750
2019-05-24,14.610000
2019-05-28,14.338750
2019-05-29,14.153750
2019-05-30,14.215000
2019-05-31,13.835000
2019-06-03,13.757500
2019-06-04,14.352500
2019-06-05,14.600000
2019-06-06,14.792500
2019-06-07,15.081250
2019-06-10,15.228750
2019-06-11,15.217500
2019-06-12,15.163750
2019-06-13,15.296250
2019-06-14,15.242500
2019-06-17,15.266250
2019-06-18,15.560000
2019-06-19,15.650000
2019-06-20,15.935000
2019-06-21,15.895000
2019-06-24,15.855000
2019-06-25,15.505000
2019-06-26,15.466250
2019-06-27,15.585000
2019-06-28,15.751250
2019-07-01,16.012500
2019-07-02,16.098750
2019-07-03,16.347500
2019-07-05,16.307500
2019-07-08,16.126250
2019-07-09,16.178750
2019-07-10,16.316250
2019-07-11,16.388750
2019-07-12,16.541250
2019-07-15,16.550000
2019-07-16,16.437500
2019-07-17,16.211250
2019-07-18,16.330000
2019-07-19,16.143750
2019-07-22,16.221250
2019-07-23,16.450000
2019-07-24,16.600000
2019-07-25,16.441250
2019-07-26,16.660000
2019-07-29,16.605000
2019-07-30,16.522500
2019-07-31,16.147500
2019-08-01,15.860000
2019-08-02,15.655000
2019-08-05,14.715000
2019-08-06,15.097500
2019-08-07,15.106250
2019-08-08,15.683750
2019-08-09,15.481250
2019-08-12,15.108750
2019-08-13,15.562500
2019-08-14,14.651250
2019-08-15,14.730000
2019-08-16,15.161250
2019-08-19,15.527500
2019-08-20,15.281250
2019-08-21,15.522500
2019-08-22,15.508750
2019-08-23,14.708750
2019-08-26,15.031250
2019-08-27,14.912500
2019-08-28,15.121250
2019-08-29,15.510000
2019-08-30,15.495000
2019-09-03,15.313750
2019-09-04,15.652500
2019-09-05,16.062500
2019-09-06,16.083750
2019-09-09,16.095000
2019-09-10,16.097500
2019-09-11,16.317500
2019-09-12,16.431250
2019-09-13,16.402500
2019-09-16,16.300000
2019-09-17,16.377500
2019-09-18,16.401250
2019-09-19,16.391250
2019-09-20,16.222500
2019-09-23,16.226250
2019-09-24,15.967500
2019-09-25,16.147500
2019-09-26,16.088750
2019-09-27,15.911250
2019-09-30,16.056250
2019-10-01,15.675000
2019-10-02,15.123750
2019-10-03,15.355000
2019-10-04,15.768750
2019-10-07,15.640000
2019-10-08,15.151250
2019-10-09,15.426250
2019-10-10,15.636250
2019-10-11,15.966250
2019-10-14,15.937500
2019-10-15,16.245000
2019-10-16,16.190000
2019-10-17,16.273750
2019-10-18,16.135000
2019-10-21,16.363750
2019-10-22,16.242500
2019-10-23,16.338750
2019-10-24,16.395000
2019-10-25,16.528750
2019-10-28,16.715000
2019-10-29,16.696250
2019-10-30,16.801250
2019-10-31,16.698750
2019-11-01,17.020000
2019-11-04,17.140000
2019-11-05,17.103750
2019-11-06,17.115000
2019-11-07,17.231250
2019-11-08,17.315000
2019-11-11,17.247500
2019-11-12,17.308750
2019-11-13,17.322500
2019-11-14,17.368750
2019-11-15,17.622500
2019-11-18,17.641250
2019-11-19,17.625000
2019-11-20,17.502500
2019-11-21,17.445000
2019-11-22,17.516250
2019-11-25,17.783750
2019-11-26,17.866250
2019-11-27,18.020000
2019-11-29,17.878750
2019-12-02,17.581250
2019-12-03,17.336250
2019-12-04,17.557500
2019-12-05,17.617500
2019-12-06,17.931250
2019-12-09,17.825000
2019-12-10,17.776250
2019-12-11,17.877500
2019-12-12,18.181250
2019-12-13,18.203750
2019-12-16,18.452500
2019-12-17,18.458750
2019-12-18,18.462500
2019-12-19,18.608750
2019-12-20,18.797500
2019-12-23,18.827500
2019-12-24,18.796250
2019-12-26,18.981250
2019-12-27,18.973750
2019-12-30,18.771250
2019-12-31,18.855000
2020-01-02,19.193750
2020-01-03,18.908750
2020-01-06,19.051250
2020-01-07,18.940000
2020-01-08,19.132500
2020-01-09,19.395000
2020-01-10,19.281250
2020-01-13,19.543750
2020-01-14,19.487500
2020-01-15,19.567500
2020-01-16,19.890000
2020-01-17,20.027500
2020-01-21,19.935000
2020-01-22,19.947500
2020-01-23,19.982500
2020-01-24,19.616250
2020-01-27,18.992500
2020-01-28,19.388750
2020-01-29,19.358750
2020-01-30,19.468750
2020-01-31,18.772500
2020-02-03,19.052500
2020-02-04,19.627500
2020-02-05,20.078750
2020-02-06,20.215000
2020-02-07,19.993750
2020-02-10,20.295000
2020-02-11,20.357500
2020-02-12,20.617500
2020-02-13,20.572500
2020-02-14,20.632500
2020-02-18,20.525000
2020-02-19,20.715000
2020-02-20,20.548750
2020-02-21,20.113750
2020-02-24,18.750000
2020-02-25,17.646250
2020-02-26,17.512500
2020-02-27,15.933750
2020-02-28,15.870000
2020-03-02,17.153750
2020-03-03,16.188750
2020-03-04,17.530000
2020-03-05,16.358750
2020-03-06,15.826250
2020-03-09,13.362500
2020-03-10,14.732500
2020-03-11,13.270000
2020-03-12,10.736250
2020-03-13,12.715000
2020-03-16,9.745000
2020-03-17,10.956250
2020-03-18,9.832500
2020-03-19,9.826250
2020-03-20,8.935000
2020-03-23,8.422500
2020-03-24,10.013750
2020-03-25,10.270000
2020-03-26,11.480000
2020-03-27,10.770000
2020-03-30,11.471250
2020-03-31,11.113750
2020-04-01,10.113750
2020-04-02,10.588750
2020-04-03,10.286250
2020-04-06,11.676250
2020-04-07,11.687500
2020-04-08,12.473750
2020-04-09,12.845000
2020-04-13,12.607500
2020-04-14,13.361250
2020-04-15,12.787500
2020-04-16,12.918750
2020-04-17,13.610000
2020-04-20,13.128750
2020-04-21,12.317500
2020-04-22,12.876250
2020-04-23,12.868750
2020-04-24,13.237500
2020-04-27,13.617500
2020-04-28,13.485000
2020-04-29,14.188750
2020-04-30,13.912500
2020-05-01,13.176250
2020-05-04,13.261250
2020-05-05,13.501250
2020-05-06,13.316250
2020-05-07,13.635000
2020-05-08,14.086250
2020-05-11,14.097500
2020-05-12,13.517500
2020-05-13,13.047500
2020-05-14,13.363750
2020-05-15,13.483750
2020-05-18,14.307500
2020-05-19,14.015000
2020-05-20,14.485000
2020-05-21,14.270000
2020-05-22,14.330000
2020-05-26,14.698750
2020-05-27,15.121250
2020-05-28,15.071250
2020-05-29,15.186250
2020-06-01,15.326250
2020-06-02,15.580000
2020-06-03,15.997500
2020-06-04,15.898750
2020-06-05,16.721250
2020-06-08,17.138750
2020-06-09,16.877500
2020-06-10,16.681250
2020-06-11,14.751250
2020-06-12,15.116250
2020-06-15,15.385000
2020-06-16,15.978750
2020-06-17,15.845000
2020-06-18,15.853750
2020-06-19,15.667500
2020-06-22,15.887500
2020-06-23,16.018750
2020-06-24,15.210000
2020-06-25,15.520000
2020-06-26,14.796250
2020-06-29,15.225000
2020-06-30,15.635000
2020-07-01,15.833750
2020-07-02,16.000000
2020-07-06,16.495000
2020-07-07,16.150000
2020-07-08,16.400000
2020-07-09,16.215000
2020-07-10,16.547500
2020-07-13,16.267500
2020-07-14,16.676250
2020-07-15,16.995000
2020-07-16,16.878750
2020-07-17,16.963750
2020-07-20,17.250000
2020-07-21,17.308750
2020-07-22,17.505000
2020-07-23,17.097500
2020-07-24,16.873750
2020-07-27,17.111250
2020-07-28,16.902500
2020-07-29,17.308750
2020-07-30,17.188750
2020-07-31,17.462500
2020-08-03,17.703750
2020-08-04,17.835000
2020-08-05,18.060000
2020-08-06,18.301250
2020-08-07,18.322500
2020-08-10,18.431250
2020-08-11,18.131250
2020-08-12,18.630000
2020-08-13,18.568750
2020-08-14,18.567500
2020-08-17,18.685000
2020-08-18,18.757500
2020-08-19,18.615000
2020-08-20,18.725000
2020-08-21,18.850000
2020-08-24,19.240000
2020-08-25,19.375000
2020-08-26,19.760000
2020-08-27,19.847500
2020-08-28,20.095000
2020-08-31,19.957500
2020-09-01,20.327500
2020-09-02,20.915000
2020-09-03,19.480000
2020-09-04,19.152500
2020-09-08,18.107500
2020-09-09,18.822500
2020-09-10,18.160000
2020-09-11,18.177500
2020-09-14,18.650000
2020-09-15,18.847500
2020-09-16,18.695000
2020-09-17,18.377500
2020-09-18,17.945000
2020-09-21,17.545000
2020-09-22,17.900000
2020-09-23,17.067500
2020-09-24,17.157500
2020-09-25,17.710000
2020-09-28,18.305000
2020-09-29,18.107500
2020-09-30,18.367500
2020-10-01,18.612500
2020-10-02,18.250000
2020-10-05,18.897500
2020-10-06,18.357500
2020-10-07,18.997500
2020-10-08,19.330000
2020-10-09,19.682500
2020-10-12,20.312500
2020-10-13,20.042500
2020-10-14,19.802500
2020-10-15,19.740000
2020-10-16,19.720000
2020-10-19,19.115000
2020-10-20,19.262500
2020-10-21,19.192500
2020-10-22,19.407500
2020-10-23,19.530000
2020-10-26,18.817500
2020-10-27,18.682500
2020-10-28,17.412500
2020-10-29,17.760000
2020-10-30,17.380000
2020-11-02,17.772500
2020-11-03,18.395000
2020-11-04,19.217500
2020-11-05,19.970000
2020-11-06,19.967500
2020-11-09,20.467500
2020-11-10,20.400000
2020-11-11,20.700000
2020-11-12,20.305000
2020-11-13,20.865000
2020-11-16,21.375000
2020-11-17,21.157500
2020-11-18,20.635000
2020-11-19,20.802500
2020-11-20,20.522500
2020-11-23,20.775000
2020-11-24,21.435000
2020-11-25,21.372500
2020-11-27,21.490000
2020-11-30,21.292500
2020-12-01,21.760000
2020-12-02,21.847500
2020-12-03,21.837500
2020-12-04,22.210000
2020-12-07,22.127500
2020-12-08,22.245000
2020-12-09,21.850000
2020-12-10,21.837500
2020-12-11,21.772500
2020-12-14,21.582500
2020-12-15,22.162500
2020-12-16,22.235000
2020-12-17,22.490000
2020-12-18,22.332500
2020-12-21,22.150000
2020-12-22,22.070000
2020-12-23,22.080000
2020-12-24,22.250000
2020-12-28,22.637500
2020-12-29,22.557500
2020-12-30,22.610000
2020-12-31,22.837500
2021-01-04,22.215000
2021-01-05,22.515000
2021-01-06,22.787500
2021-01-07,23.457500
2021-01-08,23.732500
2021-01-11,23.407500
2021-01-12,23.410000
2021-01-13,23.542500
2021-01-14,23.367500
2021-01-15,23.027500
2021-01-19,23.392500
2021-01-20,24.032500
2021-01-21,24.080000
2021-01-22,23.905000
2021-01-25,24.090000
2021-01-26,24.017500
2021-01-27,22.837500
2021-01-28,23.215000
2021-01-29,22.312500
2021-02-01,23.035000
2021-02-02,23.690000
2021-02-03,23.735000
2021-02-04,24.270000
2021-02-05,24.455000
2021-02-08,24.807500
2021-02-09,24.767500
2021-02-10,24.760000
2021-02-11,24.837500
2021-02-12,25.085000
2021-02-16,25.040000
2021-02-17,25.055000
2021-02-18,24.835000
2021-02-19,24.725000
2021-02-22,24.367500
2021-02-23,24.420000
2021-02-24,24.952500
2021-02-25,23.755000
2021-02-26,23.492500
2021-03-01,24.635000
2021-03-02,24.252500
2021-03-03,23.612500
2021-03-04,23.025000
2021-03-05,23.867500
2021-03-08,23.632500
2021-03-09,24.300000
2021-03-10,24.602500
2021-03-11,25.107500
2021-03-12,25.180000
2021-03-15,25.482500
2021-03-16,25.420000
2021-03-17,25.565000
2021-03-18,24.822500
2021-03-19,24.725000
2021-03-22,25.127500
2021-03-23,24.717500
2021-03-24,24.470000
2021-03-25,24.735000
2021-03-26,25.527500
2021-03-29,25.502500
2021-03-30,25.367500
2021-03-31,25.577500
2021-04-01,26.112500
2021-04-05,26.862500
2021-04-06,26.832500
2021-04-07,26.897500
2021-04-08,27.147500
2021-04-09,27.542500
2021-04-12,27.567500
2021-04-13,27.720000
2021-04-14,27.545000
2021-04-15,28.125000
2021-04-16,28.322500
2021-04-19,28.047500
2021-04-20,27.627500
2021-04-21,28.142500
2021-04-22,27.635000
2021-04-23,28.227500
2021-04-26,28.347500
2021-04-27,28.330000
2021-04-28,28.295000
2021-04-29,28.662500
2021-04-30,28.290000
2021-05-03,28.405000
2021-05-04,28.055000
2021-05-05,28.067500
2021-05-06,28.525000
2021-05-07,28.922500
2021-05-10,28.370000
2021-05-11,27.867500
2021-05-12,26.672500
2021-05-13,27.305000
2021-05-14,28.137500
2021-05-17,28.005000
2021-05-18,27.515000
2021-05-19,27.377500
2021-05-20,27.955000
2021-05-21,27.920000
2021-05-24,28.475000
2021-05-25,28.357500
2021-05-26,28.462500
2021-05-27,28.480000
2021-05-28,28.597500
2021-06-01,28.540000
2021-06-02,28.640000
2021-06-03,28.425000
2021-06-04,28.932500
2021-06-07,28.887500
2021-06-08,28.890000
2021-06-09,28.795000
2021-06-10,29.060000
2021-06-11,29.160000
2021-06-14,29.302500
2021-06-15,29.187500
2021-06-16,28.855000
2021-06-17,28.827500
2021-06-18,28.057500
2021-06-21,28.850000
2021-06-22,29.142500
2021-06-23,29.075000
2021-06-24,29.415000
2021-06-25,29.620000
2021-06-28,29.742500
2021-06-29,29.775000
2021-06-30,29.835000
2021-07-01,30.152500
2021-07-02,30.617500
2021-07-06,30.497500
2021-07-07,30.712500
2021-07-08,30.215000
2021-07-09,30.837500
2021-07-12,31.080000
2021-07-13,30.865000
2021-07-14,30.942500
2021-07-15,30.735000
2021-07-16,30.250000
2021-07-19,29.347500
2021-07-20,30.192500
2021-07-21,30.685000
2021-07-22,30.822500
2021-07-23,31.430000
2021-07-26,31.590000
2021-07-27,31.300000
2021-07-28,31.272500
2021-07-29,31.530000
2021-07-30,31.227500
2021-08-02,31.097500
2021-08-03,31.600000
2021-08-04,31.287500
2021-08-05,31.685000
2021-08-06,31.785000
2021-08-09,31.737500
2021-08-10,31.800000
2021-08-11,31.962500
2021-08-12,32.142500
2021-08-13,32.267500
2021-08-16,32.422500
2021-08-17,32.005000
2021-08-18,31.292500
2021-08-19,31.370000
2021-08-20,31.882500
2021-08-23,32.445000
2021-08-24,32.540000
2021-08-25,32.685000
2021-08-26,32.297500
2021-08-27,32.865000
2021-08-30,33.155000
2021-08-31,33.077500
2021-09-01,33.095000
2021-09-02,33.292500
2021-09-03,33.280000
2021-09-07,33.040000
2021-09-08,32.962500
2021-09-09,32.667500
2021-09-10,32.165000
2021-09-13,32.302500
2021-09-14,31.965000
2021-09-15,32.485000
2021-09-16,32.375000
2021-09-17,31.760000
2021-09-20,30.695000
2021-09-21,30.650000
2021-09-22,31.215000
2021-09-23,31.982500
2021-09-24,32.085000
2021-09-27,31.907500
2021-09-28,30.607500
2021-09-29,30.707500
2021-09-30,29.955000
2021-10-01,30.662500
2021-10-04,29.885000
2021-10-05,30.495000
2021-10-06,30.750000
2021-10-07,31.275000
2021-10-08,31.155000
2021-10-11,30.712500
2021-10-12,30.557500
2021-10-13,30.772500
2021-10-14,31.800000
2021-10-15,32.290000
2021-10-18,32.495000
2021-10-19,32.977500
2021-10-20,33.232500
2021-10-21,33.417500
2021-10-22,33.342500
2021-10-25,33.682500
2021-10-26,33.760000
2021-10-27,33.445000
2021-10-28,34.095000
2021-10-29,34.232500
2021-11-01,34.355000
2021-11-02,34.627500
2021-11-03,35.060000
2021-11-04,35.370000
2021-11-05,35.617500
2021-11-08,35.685000
2021-11-09,35.452500
2021-11-10,34.872500
2021-11-11,34.897500
2021-11-12,35.417500
2021-11-15,35.427500
2021-11-16,35.700000
2021-11-17,35.532500
2021-11-18,35.770000
2021-11-19,35.642500
2021-11-22,35.440000
2021-11-23,35.555000
2021-11-24,35.702500
2021-11-26,34.157500
2021-11-29,34.967500
2021-11-30,33.645000
2021-12-01,32.852500
2021-12-02,33.832500
2021-12-03,33.272500
2021-12-06,34.047500
2021-12-07,35.452500
2021-12-08,35.635000
2021-12-09,35.152500
2021-12-10,35.810000
2021-12-13,35.192500
2021-12-14,34.690000
2021-12-15,35.780000
2021-12-16,35.145000
2021-12-17,34.395000
2021-12-20,33.652500
2021-12-21,34.857500
2021-12-22,35.547500
2021-12-23,35.962500
2021-12-27,36.980000
2021-12-28,36.922500
2021-12-29,37.012500
2021-12-30,36.807500
2021-12-31,36.592500
2022-01-03,37.025000
2022-01-04,37.005000
2022-01-05,35.597500
2022-01-06,35.512500
2022-01-07,35.245000
2022-01-10,35.147500
2022-01-11,35.767500
2022-01-12,35.972500
2022-01-13,34.975000
2022-01-14,34.995000
2022-01-18,33.775000
2022-01-19,33.055000
2022-01-20,32.330000
2022-01-21,31.040000
2022-01-24,31.305000
2022-01-25,30.535000
2022-01-26,30.410000
2022-01-27,30.085000
2022-01-28,31.575000
2022-01-31,32.715000
2022-02-01,33.165000
2022-02-02,33.805000
2022-02-03,32.215000
2022-02-04,32.530000
2022-02-07,32.305000
2022-02-08,32.830000
2022-02-09,33.770000
2022-02-10,32.580000
2022-02-11,31.275000
2022-02-14,31.085000
2022-02-15,32.075000
2022-02-16,32.155000
2022-02-17,30.785000
2022-02-18,30.370000
2022-02-22,29.730000
2022-02-23,28.660000
2022-02-24,29.510000
2022-02-25,30.815000
2022-02-28,30.660000
2022-03-01,29.730000
2022-03-02,30.800000
2022-03-03,30.510000
2022-03-04,30.010000
2022-03-07,28.245000
2022-03-08,27.810000
2022-03-09,29.290000
2022-03-10,29.035000
2022-03-11,28.295000
2022-03-14,27.875000
2022-03-15,29.085000
2022-03-16,30.390000
2022-03-17,31.145000
2022-03-18,31.810000
2022-03-21,31.825000
2022-03-22,32.545000
2022-03-23,31.690000
2022-03-24,32.640000
2022-03-25,32.955000
2022-03-28,33.415000
2022-03-29,34.270000
2022-03-30,33.850000
2022-03-31,32.805000
2022-04-01,32.960000
2022-04-04,33.525000
2022-04-05,32.695000
2022-04-06,32.025000
2022-04-07,32.345000
2022-04-08,32.180000
2022-04-11,31.075000
2022-04-12,30.835000
2022-04-13,31.550000
2022-04-14,30.770000
2022-04-18,30.780000
2022-04-19,31.755000
2022-04-20,31.710000
2022-04-21,30.765000
2022-04-22,29.075000
2022-04-25,29.400000
2022-04-26,27.705000
2022-04-27,27.860000
2022-04-28,29.270000
2022-04-29,27.100000
2022-05-02,27.425000
2022-05-03,27.685000
2022-05-04,29.360000
2022-05-05,27.290000
2022-05-06,26.945000
2022-05-09,25.230000
2022-05-10,25.330000
2022-05-11,24.520000
2022-05-12,24.475000
2022-05-13,25.635000
2022-05-16,25.445000
2022-05-17,26.460000
2022-05-18,24.340000
2022-05-19,24.020000
2022-05-20,24.040000
2022-05-23,24.950000
2022-05-24,24.575000
2022-05-25,25.020000
2022-05-26,25.995000
2022-05-27,27.275000
2022-05-31,26.960000
2022-06-01,26.530000
2022-06-02,27.520000
2022-06-03,26.630000
2022-06-06,26.780000
2022-06-07,27.285000
2022-06-08,26.700000
2022-06-09,25.425000
2022-06-10,23.940000
2022-06-13,22.115000
2022-06-14,21.975000
2022-06-15,22.595000
2022-06-16,21.140000
2022-06-17,21.175000
2022-06-21,22.250000
2022-06-22,22.165000
2022-06-23,22.610000
2022-06-24,24.035000
2022-06-27,23.865000
2022-06-28,22.885000
2022-06-29,22.830000
2022-06-30,22.450000
2022-07-01,22.920000
2022-07-05,23.010000
2022-07-06,23.175000
2022-07-07,23.845000
2022-07-08,23.810000
2022-07-11,23.275000
2022-07-12,22.855000
2022-07-13,22.610000
2022-07-14,22.485000
2022-07-15,23.345000
2022-07-18,22.960000
2022-07-19,24.200000
2022-07-20,24.515000
2022-07-21,25.005000
2022-07-22,24.545000
2022-07-25,24.590000
2022-07-26,24.000000
2022-07-27,25.255000
2022-07-28,25.880000
2022-07-29,26.645000
2022-08-01,26.475000
2022-08-02,26.130000
2022-08-03,26.935000
2022-08-04,26.895000
2022-08-05,26.780000
2022-08-08,26.740000
2022-08-09,26.515000
2022-08-10,27.625000
2022-08-11,27.630000
2022-08-12,28.545000
2022-08-15,28.790000
2022-08-16,28.895000
2022-08-17,28.490000
2022-08-18,28.635000
2022-08-19,27.865000
2022-08-22,26.705000
2022-08-23,26.560000
2022-08-24,26.730000
2022-08-25,27.480000
2022-08-26,25.615000
2022-08-29,25.265000
2022-08-30,24.705000
2022-08-31,24.330000
2022-09-01,24.470000
2022-09-02,23.955000
2022-09-06,23.775000
2022-09-07,24.630000
2022-09-08,24.940000
2022-09-09,25.715000
2022-09-12,26.260000
2022-09-13,23.985000
2022-09-14,24.145000
2022-09-15,23.600000
2022-09-16,23.245000
2022-09-19,23.590000
2022-09-20,23.050000
2022-09-21,22.240000
2022-09-22,21.850000
2022-09-23,21.115000
2022-09-26,20.710000
2022-09-27,20.590000
2022-09-28,21.395000
2022-09-29,20.510000
2022-09-30,19.860000
2022-10-03,20.915000
2022-10-04,22.190000
2022-10-05,22.100000
2022-10-06,21.625000
2022-10-07,20.420000
2022-10-10,20.100000
2022-10-11,19.835000
2022-10-12,19.710000
2022-10-13,20.745000
2022-10-14,19.800000
2022-10-17,20.805000
2022-10-18,21.285000
2022-10-19,21.000000
2022-10-20,20.630000
2022-10-21,21.630000
2022-10-24,22.155000
2022-10-25,22.855000
2022-10-26,22.515000
2022-10-27,22.255000
2022-10-28,23.315000
2022-10-31,22.985000
2022-11-01,22.775000
2022-11-02,21.615000
2022-11-03,21.165000
2022-11-04,21.775000
2022-11-07,22.195000
2022-11-08,22.430000
2022-11-09,21.495000
2022-11-10,23.850000
2022-11-11,24.325000
2022-11-14,23.910000
2022-11-15,24.320000
2022-11-16,23.940000
2022-11-17,23.775000
2022-11-18,23.980000
2022-11-21,23.790000
2022-11-22,24.425000
2022-11-23,24.735000
2022-11-25,24.715000
2022-11-28,23.925000
2022-11-29,23.845000
2022-11-30,25.310000
2022-12-01,25.300000
2022-12-02,25.225000
2022-12-05,24.315000
2022-12-06,23.615000
2022-12-07,23.520000
2022-12-08,23.875000
2022-12-09,23.525000
2022-12-12,24.190000
2022-12-13,24.570000
2022-12-14,24.255000
2022-12-15,23.050000
2022-12-16,22.500000
2022-12-19,22.100000
2022-12-20,22.165000
2022-12-21,22.835000
2022-12-22,22.080000
2022-12-23,22.325000
2022-12-27,22.140000
2022-12-28,21.590000
2022-12-29,22.345000
2022-12-30,22.225000
2023-01-03,22.025000
2023-01-04,22.375000
2023-01-05,21.850000
2023-01-06,22.845000
2023-01-09,22.825000
2023-01-10,23.145000
2023-01-11,23.710000
2023-01-12,23.875000
2023-01-13,24.065000
2023-01-17,23.970000
2023-01-18,23.220000
2023-01-19,22.860000
2023-01-20,23.705000
2023-01-23,24.255000
2023-01-24,24.200000
2023-01-25,24.235000
2023-01-26,24.750000
2023-01-27,24.860000
2023-01-30,24.230000
2023-01-31,24.940000
2023-02-01,25.470000
2023-02-02,26.195000
2023-02-03,25.640000
2023-02-06,25.315000
2023-02-07,25.985000
2023-02-08,25.410000
2023-02-09,24.950000
2023-02-10,25.055000
2023-02-13,25.645000
2023-02-14,25.620000
2023-02-15,25.785000
2023-02-16,25.055000
2023-02-17,24.920000
2023-02-21,23.915000
2023-02-22,23.860000
2023-02-23,24.090000
2023-02-24,23.560000
2023-02-27,23.710000
2023-02-28,23.535000
2023-03-01,23.365000
2023-03-02,23.710000
2023-03-03,24.465000
2023-03-06,24.490000
2023-03-07,23.740000
2023-03-08,23.810000
2023-03-09,22.920000
2023-03-10,22.250000
2023-03-13,22.165000
2023-03-14,22.915000
2023-03-15,22.635000
2023-03-16,23.390000
2023-03-17,22.870000
2023-03-20,23.285000
2023-03-21,23.895000
2023-03-22,23.085000
2023-03-23,23.190000
2023-03-24,23.490000
2023-03-27,23.585000
2023-03-28,23.480000
2023-03-29,24.150000
2023-03-30,24.415000
2023-03-31,25.100000
2023-04-03,25.285000
2023-04-04,25.015000
2023-04-05,24.860000
2023-04-06,25.040000
2023-04-10,25.095000
2023-04-11,25.105000
2023-04-12,24.905000
2023-04-13,25.540000
2023-04-14,25.420000
2023-04-17,25.600000
2023-04-18,25.625000
2023-04-19,25.615000
2023-04-20,25.320000
2023-04-21,25.340000
2023-04-24,25.395000
2023-04-25,24.580000
2023-04-26,24.375000
2023-04-27,25.330000
2023-04-28,25.745000
2023-05-01,25.700000
2023-05-02,25.115000
2023-05-03,24.765000
2023-05-04,24.405000
2023-05-05,25.300000
2023-05-08,25.315000
2023-05-09,25.095000
2023-05-10,25.320000
2023-05-11,25.220000
2023-05-12,25.140000
2023-05-15,25.305000
2023-05-16,24.975000
2023-05-17,25.570000
2023-05-18,26.055000
2023-05-19,25.970000
2023-05-22,25.975000
2023-05-23,25.405000
2023-05-24,25.020000
2023-05-25,25.445000
2023-05-26,26.095000
2023-05-30,26.100000
2023-05-31,25.820000
2023-06-01,26.290000
2023-06-02,27.065000
2023-06-05,26.935000
2023-06-06,27.060000
2023-06-07,26.875000
2023-06-08,27.185000
2023-06-09,27.265000
2023-06-12,27.765000
2023-06-13,28.115000
2023-06-14,28.185000
2023-06-15,28.860000
2023-06-16,28.650000
2023-06-20,28.370000
2023-06-21,28.055000
2023-06-22,28.255000
2023-06-23,27.810000
2023-06-26,27.585000
2023-06-27,28.190000
2023-06-28,28.220000
2023-06-29,28.415000
2023-06-30,29.075000
2023-07-03,29.150000
2023-07-05,29.040000
2023-07-06,28.575000
2023-07-07,28.430000
2023-07-10,28.565000
2023-07-11,28.930000
2023-07-12,29.390000
2023-07-13,29.820000
2023-07-14,29.785000
2023-07-17,29.985000
2023-07-18,30.420000
2023-07-19,30.545000
2023-07-20,30.135000
2023-07-21,30.140000
2023-07-24,30.395000
2023-07-25,30.565000
2023-07-26,30.565000
2023-07-27,30.145000
2023-07-28,30.715000
2023-07-31,30.845000
2023-08-01,30.645000
2023-08-02,29.810000
2023-08-03,29.605000
2023-08-04,29.345000
2023-08-07,29.840000
2023-08-08,29.580000
2023-08-09,29.175000
2023-08-10,29.185000
2023-08-11,29.140000
2023-08-14,29.460000
2023-08-15,28.775000
2023-08-16,28.320000
2023-08-17,27.875000
2023-08-18,27.895000
2023-08-21,28.270000
2023-08-22,28.105000
2023-08-23,28.720000
2023-08-24,27.925000
2023-08-25,28.300000
2023-08-28,28.660000
2023-08-29,29.485000
2023-08-30,29.715000
2023-08-31,29.605000
2023-09-01,29.720000
2023-09-05,29.455000
2023-09-06,29.045000
2023-09-07,28.860000
2023-09-08,28.945000
2023-09-11,29.315000
2023-09-12,28.985000
2023-09-13,29.055000
2023-09-14,29.535000
2023-09-15,28.815000
2023-09-18,28.850000
2023-09-19,28.730000
2023-09-20,28.170000
2023-09-21,27.255000
2023-09-22,27.110000
2023-09-25,27.330000
2023-09-26,26.525000
2023-09-27,26.545000
2023-09-28,26.840000
2023-09-29,26.690000
2023-10-02,26.675000
2023-10-03,25.965000
2023-10-04,26.330000
2023-10-05,26.290000
2023-10-06,26.900000
2023-10-09,27.240000
2023-10-10,27.510000
2023-10-11,27.745000
2023-10-12,27.405000
2023-10-13,27.125000
2023-10-16,27.685000
2023-10-17,27.675000
2023-10-18,26.940000
2023-10-19,26.430000
2023-10-20,25.785000
2023-10-23,25.690000
2023-10-24,26.070000
2023-10-25,25.325000
2023-10-26,24.705000
2023-10-27,24.465000
2023-10-30,25.055000
2023-10-31,25.355000
2023-11-01,25.885000
2023-11-02,26.880000
2023-11-03,27.355000
2023-11-06,27.475000
2023-11-07,27.620000
2023-11-08,27.660000
2023-11-09,27.215000
2023-11-10,28.070000
2023-11-13,28.010000
2023-11-14,29.080000
2023-11-15,29.210000
2023-11-16,29.260000
2023-11-17,29.330000
2023-11-20,29.775000
2023-11-21,29.630000
2023-11-22,29.845000
2023-11-24,29.870000
2023-11-27,29.765000
2023-11-28,29.810000
2023-11-29,29.780000
2023-11-30,29.985000
2023-12-01,30.330000
2023-12-04,30.005000
2023-12-05,29.995000
2023-12-06,29.745000
2023-12-07,30.180000
2023-12-08,30.430000
2023-12-11,30.670000
2023-12-12,30.950000
2023-12-13,31.780000
2023-12-14,31.990000
2023-12-15,31.865000
2023-12-18,32.230000
2023-12-19,32.610000
2023-12-20,31.585000
2023-12-21,32.205000
2023-12-22,32.335000
2023-12-26,32.585000
2023-12-27,32.705000
2023-12-28,32.710000
2023-12-29,32.535000
2024-01-02,32.150000
2024-01-03,31.615000
2024-01-04,31.395000
2024-01-05,31.475000
2024-01-08,32.370000
2024-01-09,32.255000
2024-01-10,32.620000
2024-01-11,32.575000
2024-01-12,32.600000
2024-01-16,32.355000
2024-01-17,31.995000
2024-01-18,32.545000
2024-01-19,33.345000
2024-01-22,33.485000
2024-01-23,33.690000
2024-01-24,33.735000
2024-01-25,34.100000
2024-01-26,34.010000
2024-01-29,34.530000
2024-01-30,34.460000
2024-01-31,33.345000
2024-02-01,34.195000
2024-02-02,34.900000
2024-02-05,34.645000
2024-02-06,34.830000
2024-02-07,35.400000
2024-02-08,35.430000
2024-02-09,35.835000
2024-02-12,35.780000
2024-02-13,34.800000
2024-02-14,35.420000
2024-02-15,35.885000
2024-02-16,35.520000
2024-02-20,35.130000
2024-02-21,35.175000
2024-02-22,36.620000
2024-02-23,36.665000
2024-02-26,36.390000
2024-02-27,36.505000
2024-02-28,36.395000
2024-02-29,36.645000
2024-03-01,37.330000
2024-03-04,37.230000
2024-03-05,36.490000
2024-03-06,36.855000
2024-03-07,37.580000
2024-03-08,37.125000
2024-03-11,37.040000
2024-03-12,37.830000
2024-03-13,37.715000
2024-03-14,37.525000
2024-03-15,36.980000
2024-03-18,37.450000
2024-03-19,37.870000
2024-03-20,38.445000
2024-03-21,38.680000
2024-03-22,38.545000
2024-03-25,38.320000
2024-03-26,38.150000
2024-03-27,38.790000
2024-03-28,38.770000
2024-04-01,38.620000
2024-04-02,38.110000
2024-04-03,38.195000
2024-04-04,37.230000
2024-04-05,37.995000
2024-04-08,38.040000
2024-04-09,38.115000
2024-04-10,37.370000
2024-04-11,37.900000
2024-04-12,36.835000
2024-04-15,35.920000
2024-04-16,35.765000
2024-04-17,35.330000
2024-04-18,35.180000
2024-04-19,34.555000
2024-04-22,35.170000
2024-04-23,36.020000
2024-04-24,35.985000
2024-04-25,35.680000
2024-04-26,36.350000
2024-04-29,36.595000
2024-04-30,35.440000
2024-05-01,35.215000
2024-05-02,35.830000
2024-05-03,36.720000
2024-05-06,37.475000
2024-05-07,37.550000
2024-05-08,37.555000
2024-05-09,37.955000
2024-05-10,38.065000
2024-05-13,38.065000
2024-05-14,38.395000
2024-05-15,39.335000
2024-05-16,39.150000
2024-05-17,39.275000
2024-05-20,39.355000
2024-05-21,39.530000
2024-05-22,39.305000
2024-05-23,38.700000
2024-05-24,39.210000
2024-05-28,39.260000
2024-05-29,38.695000
2024-05-30,38.165000
2024-05-31,38.825000
2024-06-03,38.900000
2024-06-04,38.980000
2024-06-05,39.900000
2024-06-06,39.887500
2024-06-07,39.765000
2024-06-10,40.025000
2024-06-11,40.195000
2024-06-12,40.855000
2024-06-13,40.995000
2024-06-14,41.030000
2024-06-17,41.670000
2024-06-18,41.875000
2024-06-20,41.630000
2024-06-21,41.460000
2024-06-24,41.225000
2024-06-25,41.550000
2024-06-26,41.550000
2024-06-27,41.665000
2024-06-28,41.325000
2024-07-01,41.485000
2024-07-02,42.020000
2024-07-03,42.385000
2024-07-05,42.865000
2024-07-08,42.955000
2024-07-09,43.025000
2024-07-10,43.865000
2024-07-11,43.095000
2024-07-12,43.620000
2024-07-15,43.845000
2024-07-16,44.360000
2024-07-17,43.115000
2024-07-18,42.435000
2024-07-19,41.855000
2024-07-22,42.715000
2024-07-23,42.565000
2024-07-24,40.615000
2024-07-25,40.180000
2024-07-26,41.050000
2024-07-29,41.125000
2024-07-30,40.685000
2024-07-31,41.940000
2024-08-01,40.805000
2024-08-02,39.270000
2024-08-05,36.960000
2024-08-06,37.650000
2024-08-07,37.120000
2024-08-08,38.830000
2024-08-09,39.160000
2024-08-12,39.185000
2024-08-13,40.485000
2024-08-14,40.735000
2024-08-15,42.125000
2024-08-16,42.270000
2024-08-19,43.075000
2024-08-20,42.930000
2024-08-21,43.235000
2024-08-22,42.535000
2024-08-23,43.405000
2024-08-26,43.190000
2024-08-27,43.310000
2024-08-28,42.805000
2024-08-29,42.785000
2024-08-30,43.575000
2024-09-03,41.785000
2024-09-04,41.585000
2024-09-05,41.385000
2024-09-06,39.990000
2024-09-09,40.855000
2024-09-10,41.210000
2024-09-11,42.030000
2024-09-12,42.750000
2024-09-13,43.165000
2024-09-16,43.300000
2024-09-17,43.330000
2024-09-18,43.045000
2024-09-19,44.515000
2024-09-20,44.315000
2024-09-23,44.545000
2024-09-24,44.800000
2024-09-25,44.510000
2024-09-26,44.855000
2024-09-27,44.700000
2024-09-30,45.085000
2024-10-01,44.245000
2024-10-02,44.265000
2024-10-03,44.100000
2024-10-04,44.870000
2024-10-07,44.075000
2024-10-08,44.885000
2024-10-09,45.490000
2024-10-10,45.340000
2024-10-11,45.835000
2024-10-14,46.590000
2024-10-15,45.860000
2024-10-16,46.245000
2024-10-17,46.240000
2024-10-18,46.580000
2024-10-21,46.435000
2024-10-22,46.365000
2024-10-23,45.500000
2024-10-24,45.690000
2024-10-25,45.655000
2024-10-28,45.915000
2024-10-29,46.055000
2024-10-30,45.765000
2024-10-31,43.960000
2024-11-01,44.315000
2024-11-04,44.125000
2024-11-05,45.180000
2024-11-06,47.420000
2024-11-07,48.145000
2024-11-08,48.545000
2024-11-11,48.615000
2024-11-12,48.305000
2024-11-13,48.355000
2024-11-14,47.715000
2024-11-15,46.465000
2024-11-18,46.855000
2024-11-19,47.170000
2024-11-20,47.205000
2024-11-21,47.690000
2024-11-22,47.960000
2024-11-25,48.275000
2024-11-26,48.800000
2024-11-27,48.465000
2024-11-29,49.035000
2024-12-02,49.220000
2024-12-03,49.245000
2024-12-04,49.850000
2024-12-05,49.685000
2024-12-06,49.865000
2024-12-09,49.330000
2024-12-10,49.035000
2024-12-11,49.770000
2024-12-12,49.245000
2024-12-13,49.210000
2024-12-16,49.610000
2024-12-17,49.180000
2024-12-18,46.345000
2024-12-19,46.215000
2024-12-20,47.265000
2024-12-23,47.740000
2024-12-24,48.750000
2024-12-26,48.760000
2024-12-27,47.720000
2024-12-30,46.620000
2024-12-31,46.255000
2025-01-02,46.010000
2025-01-03,47.140000
2025-01-06,47.700000
2025-01-07,46.625000
2025-01-08,46.710000
2025-01-10,45.280000
2025-01-13,45.420000
2025-01-14,45.530000
2025-01-15,47.175000
2025-01-16,46.995000
2025-01-17,47.890000
2025-01-21,48.760000
2025-01-22,49.290000
2025-01-23,49.835000
2025-01-24,49.525000
2025-01-27,48.120000
2025-01-28,48.930000
2025-01-29,48.490000
2025-01-30,48.990000
2025-01-31,48.445000
2025-02-03,47.785000
2025-02-04,48.425000
2025-02-05,48.805000
2025-02-06,49.140000
2025-02-07,48.220000
2025-02-10,48.860000
2025-02-11,48.915000
2025-02-12,48.615000
2025-02-13,49.630000
2025-02-14,49.600000
2025-02-18,49.860000
2025-02-19,50.105000
2025-02-20,49.680000
2025-02-21,47.960000
2025-02-24,47.505000
2025-02-25,47.025000
2025-02-26,47.045000
2025-02-27,45.555000
2025-02-28,46.935000
2025-03-03,45.325000
2025-03-04,44.215000
2025-03-05,45.165000
2025-03-06,43.570000
2025-03-07,43.995000
2025-03-10,41.670000
2025-03-11,40.980000
2025-03-12,41.390000
2025-03-13,40.285000
2025-03-14,41.910000
2025-03-17,42.540000
2025-03-18,41.640000
2025-03-19,42.515000
2025-03-20,42.305000
2025-03-21,42.295000
2025-03-24,43.785000
2025-03-25,43.975000
2025-03-26,42.875000
2025-03-27,42.610000
2025-03-28,40.900000
2025-03-31,41.390000
2025-04-01,41.655000
2025-04-02,42.170000
2025-04-03,38.150000
2025-04-04,33.585000
2025-04-07,33.450000
2025-04-08,32.400000
2025-04-09,38.475000
2025-04-10,35.780000
2025-04-11,37.005000
2025-04-14,37.725000
2025-04-15,37.535000
2025-04-16,35.855000
2025-04-17,35.925000
2025-04-21,34.220000
2025-04-22,35.950000
2025-04-23,37.085000
2025-04-24,38.625000
2025-04-25,39.165000
2025-04-28,39.215000
2025-04-29,39.675000
2025-04-30,39.685000
2025-05-01,40.270000
2025-05-02,41.425000
2025-05-05,40.975000
2025-05-06,40.285000
2025-05-07,40.630000
2025-05-08,41.160000
2025-05-09,41.045000
2025-05-12,43.735000
2025-05-13,44.330000
2025-05-14,44.420000
2025-05-15,44.850000
2025-05-16,45.405000
2025-05-19,45.515000
2025-05-20,45.175000
2025-05-21,43.665000
2025-05-22,43.670000
2025-05-23,43.065000
2025-05-27,44.835000
2025-05-28,44.315000
2025-05-29,44.645000
2025-05-30,44.535000
2025-06-02,45.020000
2025-06-03,45.545000
2025-06-04,45.500000
2025-06-05,45.030000
2025-06-06,45.950000
2025-06-09,46.020000
2025-06-10,46.550000
2025-06-11,46.285000
2025-06-12,46.625000
2025-06-13,45.570000
2025-06-16,46.440000
2025-06-17,45.640000
2025-06-18,45.610000
2025-06-20,45.360000
2025-06-23,46.250000
2025-06-24,47.270000
2025-06-25,47.220000
2025-06-26,47.960000
2025-06-27,48.370000
2025-06-30,48.860000
2025-07-01,48.795000
2025-07-02,49.235000
2025-07-03,49.970000
2025-07-07,49.255000
2025-07-08,49.170000
2025-07-09,49.750000
2025-07-10,50.035000
2025-07-11,49.645000
2025-07-14,49.820000
2025-07-15,49.380000
2025-07-16,49.715000
2025-07-17,50.330000
2025-07-18,50.230000
2025-07-21,50.410000
2025-07-22,50.420000
2025-07-23,51.265000
2025-07-24,51.310000
2025-07-25,51.695000
2025-07-28,51.665000
2025-07-29,51.380000
2025-07-30,51.265000
2025-07-31,50.840000
2025-08-01,49.155000
2025-08-04,50.635000
2025-08-05,50.140000
2025-08-06,50.875000
2025-08-07,50.805000
2025-08-08,51.550000
2025-08-11,51.340000
2025-08-12,52.430000
2025-08-13,52.790000
2025-08-14,52.790000
2025-08-15,52.530000
2025-08-18,52.485000
2025-08-19,51.895000
2025-08-20,51.615000
2025-08-21,51.200000
2025-08-22,52.735000
2025-08-25,52.275000
2025-08-26,52.695000
2025-08-27,52.935000
2025-08-28,53.290000
2025-08-29,52.640000
2025-09-02,51.845000
2025-09-03,52.375000
2025-09-04,53.240000
2025-09-05,52.930000
2025-09-08,53.180000
2025-09-09,53.425000
2025-09-10,53.730000
2025-09-11,54.600000
2025-09-12,54.535000
2025-09-15,55.115000
2025-09-16,54.950000
2025-09-17,54.810000
2025-09-18,55.330000
2025-09-19,55.825000
2025-09-22,56.355000
2025-09-23,55.760000
2025-09-24,55.270000
2025-09-25,54.755000
2025-09-26,55.355000
2025-09-29,55.660000
2025-09-30,56.065000
2025-10-01,56.460000
2025-10-02,56.560000
2025-10-03,56.545000
2025-10-06,56.935000
2025-10-07,56.515000
2025-10-08,57.170000
2025-10-09,56.835000
2025-10-10,53.745000
2025-10-13,55.375000
2025-10-14,55.235000
2025-10-15,55.700000
2025-10-16,54.955000
2025-10-17,55.535000
2025-10-20,56.695000
2025-10-21,56.670000
2025-10-22,56.095000
2025-10-23,56.710000
2025-10-24,57.620000
2025-10-27,58.985000
2025-10-28,59.290000
2025-10-29,59.325000
2025-10-30,58.050000
2025-10-31,58.380000
2025-11-03,58.615000
2025-11-04,57.230000
2025-11-05,57.565000
2025-11-06,56.320000
2025-11-07,56.415000
2025-11-10,58.160000
2025-11-11,58.425000
2025-11-12,58.485000
2025-11-13,56.545000
2025-11-14,56.495000
2025-11-17,55.435000
2025-11-18,54.505000
2025-11-19,54.895000
2025-11-20,53.210000
2025-11-21,54.260000
2025-11-24,55.860000
2025-11-25,56.900000
2025-11-26,57.650000
2025-11-28,58.260000
2025-12-01,57.730000
2025-12-02,57.930000
2025-12-03,58.310000
2025-12-04,58.410000
2025-12-05,58.580000
2025-12-08,58.230000
2025-12-09,58.140000
2025-12-10,58.870000
2025-12-11,59.150000
2025-12-12,57.840000
2025-12-15,57.670000
2025-12-16,57.340000
2025-12-17,56.060000
2025-12-18,56.900000
2025-12-19,57.910000
2025-12-22,58.630000
2025-12-23,59.130000
2025-12-24,59.420000
2025-12-26,59.380000
2025-12-29,58.960000
2025-12-30,58.800000
2025-12-31,57.920000
2026-01-02,58.100000
2026-01-05,58.880000
2026-01-06,59.570000
2026-01-07,59.180000
2026-01-08,59.130000
2026-01-09,59.900000
2026-01-12,60.080000
2026-01-13,59.820000
2026-01-14,59.260000
2026-01-15,59.540000
2026-01-16,59.420000
2026-01-20,56.990000
2026-01-21,58.280000
2026-01-22,58.880000
2026-01-23,58.900000
2026-01-26,59.510000
2026-01-27,59.990000
2026-01-28,59.950000
2026-01-29,59.680000
2026-01-30,59.290000
2026-02-02,59.910000
2026-02-03,58.870000
2026-02-04,58.280000
2026-02-05,56.810000
2026-02-06,59.010000
2026-02-09,59.530000
2026-02-10,59.220000
2026-02-11,59.190000
2026-02-12,57.360000
2026-02-13,57.370000
2026-02-17,57.550000
2026-02-18,58.130000
2026-02-19,57.820000
2026-02-20,58.640000
2026-02-23,57.430000
2026-02-24,58.270000
2026-02-25,59.220000
2026-02-26,58.560000
2026-02-27,58.010000
2026-03-02,58.030000
2026-03-03,57.000000
2026-03-04,57.810000
2026-03-05,57.160000
2026-03-06,55.620000
2026-03-09,56.600000
2026-03-10,56.370000
2026-03-11,56.250000
2026-03-12,54.510000
2026-03-13,53.880000
2026-03-16,54.950000
2026-03-17,55.250000
2026-03-18,53.730000
2026-03-19,53.420000
2026-03-20,51.860000
2026-03-23,52.960000
2026-03-24,52.590000
2026-03-25,53.040000
2026-03-26,51.160000
2026-03-27,49.380000
2026-03-30,49.060000
2026-03-31,51.880000
2026-04-01,52.650000
2026-04-02,52.740000
2026-04-06,53.220000
2026-04-07,53.250000
2026-04-08,55.940000
2026-04-09,56.590000
2026-04-10,56.480000
2026-04-13,57.580000
2026-04-14,58.990000
2026-04-15,59.900000
2026-04-16,60.180000
2026-04-17,61.620000
2026-04-20,61.370000
2026-04-21,60.580000
2026-04-22,61.780000
2026-04-23,61.310000
2026-04-24,62.210000
2026-04-27,62.420000
2026-04-28,61.800000
2026-04-29,61.790000
2026-04-30,62.960000
2026-05-01,63.310000
2026-05-04,62.860000
2026-05-05,63.830000
2026-05-06,65.610000
2026-05-07,65.180000
2026-05-08,66.220000
2026-05-11,66.510000
2026-05-12,66.330000
2026-05-13,67.060000
2026-05-14,68.100000
2026-05-15,66.430000
2026-05-18,66.310000
2026-05-19,65.450000
2026-05-20,66.790000
2026-05-21,67.030000
2026-05-22,67.510000
2026-05-26,68.390000
2026-05-27,68.380000
2026-05-28,69.120000
2026-05-29,69.440000
2026-06-01,69.780000
2026-06-02,69.970000
2026-06-03,68.990000
2026-06-04,69.470000
2026-06-05,65.860000
2026-06-08,66.170000
2026-06-09,65.790000
2026-06-10,63.670000
2026-06-11,65.830000
2026-06-12,66.510000
2026-06-15,68.820000
2026-06-16,68.040000
2026-06-17,66.350000
2026-06-18,67.610000
2026-06-22,67.200000
2026-06-23,65.280000
2026-06-24,65.060000
2026-06-25,65.050000
2026-06-26,64.420000
2026-06-29,66.350000
2026-06-30,67.380000
2026-07-01,67.210000
2026-07-02,67.000000
2026-07-06,68.160000
2026-07-07,67.490000
2026-07-08,67.030000
2026-07-09,68.170000
2026-07-10,68.720000
2026-07-13,67.670000
2026-07-14,68.150000
2026-07-15,68.660000
2026-07-16,67.950000
2026-07-17,66.520000
2026-07-20,66.330000
2026-07-21,67.440000
2026-07-22,67.270000
2026-07-23,65.610000
2026-07-24,65.670000
2026-07-27,65.700000
2026-07-28,65.980000
2026-07-29,64.010000
2026-07-30,66.100000
2026-07-31,66.990000
2026-08-03,68.940000
2026-08-04,71.390000
2026-08-05,71.120000
2026-08-06,70.880000
2026-08-07,71.680000
2026-08-10,71.660000
2026-08-11,71.160000
2026-08-12,71.540000
2026-08-13,72.520000
2026-08-14,72.200000
2026-08-17,71.500000
2026-08-18,70.530000
2026-08-19,70.810000
2026-08-20,69.610000
2026-08-21,70.150000
2026-08-24,69.730000
2026-08-25,70.150000
2026-08-26,70.160000
2026-08-27,71.070000
