d,c
2007-04-19,54.799999
2007-04-20,57.099998
2007-04-23,57.500000
2007-04-24,58.400002
2007-04-25,57.220001
2007-04-26,56.400002
2007-04-27,56.799999
2007-04-30,56.099998
2007-05-01,55.799999
2007-05-02,56.320000
2007-05-03,57.299999
2007-05-04,57.599998
2007-05-07,58.139999
2007-05-08,58.599998
2007-05-09,61.700001
2007-05-10,60.820000
2007-05-11,61.820000
2007-05-14,63.840000
2007-05-15,68.419998
2007-05-16,68.720001
2007-05-17,72.800003
2007-05-18,73.160004
2007-05-21,69.080002
2007-05-22,67.419998
2007-05-23,67.160004
2007-05-24,67.860001
2007-05-25,70.019997
2007-05-29,67.800003
2007-05-30,71.639999
2007-05-31,71.320000
2007-06-01,73.180000
2007-06-04,73.360001
2007-06-05,70.519997
2007-06-06,67.779999
2007-06-07,65.059998
2007-06-08,65.099998
2007-06-11,67.540001
2007-06-12,66.239998
2007-06-13,67.580002
2007-06-14,65.860001
2007-06-15,71.199997
2007-06-18,71.239998
2007-06-19,67.980003
2007-06-20,65.279999
2007-06-21,67.239998
2007-06-22,67.660004
2007-06-25,70.000000
2007-06-26,69.519997
2007-06-27,69.699997
2007-06-28,67.300003
2007-06-29,66.080002
2007-07-02,66.059998
2007-07-03,68.680000
2007-07-05,68.379997
2007-07-06,70.339996
2007-07-09,70.360001
2007-07-10,71.220001
2007-07-11,72.339996
2007-07-12,74.320000
2007-07-13,74.419998
2007-07-16,76.720001
2007-07-17,80.660004
2007-07-18,78.639999
2007-07-19,79.099998
2007-07-20,78.739998
2007-07-23,78.019997
2007-07-24,75.500000
2007-07-25,71.279999
2007-07-26,70.900002
2007-07-27,70.400002
2007-07-30,74.580002
2007-07-31,73.239998
2007-08-01,73.699997
2007-08-02,78.040001
2007-08-03,62.320000
2007-08-06,61.180000
2007-08-07,64.000000
2007-08-08,63.520000
2007-08-09,55.980000
2007-08-10,55.000000
2007-08-13,57.660000
2007-08-14,55.480000
2007-08-15,51.580002
2007-08-16,48.299999
2007-08-17,52.360001
2007-08-20,51.400002
2007-08-21,51.180000
2007-08-22,51.080002
2007-08-23,51.060001
2007-08-24,56.700001
2007-08-27,61.340000
2007-08-28,59.860001
2007-08-29,56.599998
2007-08-30,53.860001
2007-08-31,54.580002
2007-09-04,57.299999
2007-09-05,57.779999
2007-09-06,56.180000
2007-09-07,54.439999
2007-09-10,53.500000
2007-09-11,53.299999
2007-09-12,52.040001
2007-09-13,49.580002
2007-09-14,50.200001
2007-09-17,50.380001
2007-09-18,50.919998
2007-09-19,51.299999
2007-09-20,52.880001
2007-09-21,53.000000
2007-09-24,53.419998
2007-09-25,54.360001
2007-09-26,53.980000
2007-09-27,55.060001
2007-09-28,54.560001
2007-10-01,54.480000
2007-10-02,55.700001
2007-10-03,55.340000
2007-10-04,55.200001
2007-10-05,49.580002
2007-10-08,48.400002
2007-10-09,50.419998
2007-10-10,49.619999
2007-10-11,49.860001
2007-10-12,49.700001
2007-10-15,48.040001
2007-10-16,45.599998
2007-10-17,45.000000
2007-10-18,44.200001
2007-10-19,43.840000
2007-10-22,41.200001
2007-10-23,39.279999
2007-10-24,39.259998
2007-10-25,39.720001
2007-10-26,42.799999
2007-10-29,43.680000
2007-10-30,43.200001
2007-10-31,45.000000
2007-11-01,40.279999
2007-11-02,43.720001
2007-11-05,43.279999
2007-11-06,44.040001
2007-11-07,42.959999
2007-11-08,41.599998
2007-11-09,32.200001
2007-11-12,31.219999
2007-11-13,32.900002
2007-11-14,36.259998
2007-11-15,36.720001
2007-11-16,37.299999
2007-11-19,35.200001
2007-11-20,32.000000
2007-11-21,30.480000
2007-11-23,31.100000
2007-11-26,30.879999
2007-11-27,30.200001
2007-11-28,32.459999
2007-11-29,33.240002
2007-11-30,34.200001
2007-12-03,32.340000
2007-12-04,34.020000
2007-12-05,34.619999
2007-12-06,33.599998
2007-12-07,35.220001
2007-12-10,35.299999
2007-12-11,34.459999
2007-12-12,34.099998
2007-12-13,34.340000
2007-12-14,36.040001
2007-12-17,35.660000
2007-12-18,34.860001
2007-12-19,36.639999
2007-12-20,40.279999
2007-12-21,41.020000
2007-12-24,40.080002
2007-12-26,40.080002
2007-12-27,39.419998
2007-12-28,39.000000
2007-12-31,38.900002
2008-01-02,37.299999
2008-01-03,37.000000
2008-01-04,34.520000
2008-01-07,32.939999
2008-01-08,35.060001
2008-01-09,34.660000
2008-01-10,35.119999
2008-01-11,34.439999
2008-01-14,36.020000
2008-01-15,36.400002
2008-01-16,36.759998
2008-01-17,36.439999
2008-01-18,34.660000
2008-01-22,33.139999
2008-01-23,32.740002
2008-01-24,33.000000
2008-01-25,33.500000
2008-01-28,33.080002
2008-01-29,33.119999
2008-01-30,34.180000
2008-01-31,36.360001
2008-02-01,37.020000
2008-02-04,37.439999
2008-02-05,35.119999
2008-02-06,34.139999
2008-02-07,34.160000
2008-02-08,33.439999
2008-02-11,32.639999
2008-02-12,33.119999
2008-02-13,33.160000
2008-02-14,31.200001
2008-02-15,32.220001
2008-02-19,31.080000
2008-02-20,30.680000
2008-02-21,30.440001
2008-02-22,29.660000
2008-02-25,29.980000
2008-02-26,30.400000
2008-02-27,30.000000
2008-02-28,31.799999
2008-02-29,31.900000
2008-03-03,30.879999
2008-03-04,31.200001
2008-03-05,33.299999
2008-03-06,32.419998
2008-03-07,32.400002
2008-03-10,31.400000
2008-03-11,32.700001
2008-03-12,32.060001
2008-03-13,31.540001
2008-03-14,30.400000
2008-03-17,29.000000
2008-03-18,30.280001
2008-03-19,30.000000
2008-03-20,31.200001
2008-03-24,32.320000
2008-03-25,35.520000
2008-03-26,34.700001
2008-03-27,34.080002
2008-03-28,33.299999
2008-03-31,34.000000
2008-04-01,34.680000
2008-04-02,36.240002
2008-04-03,38.299999
2008-04-04,37.200001
2008-04-07,37.779999
2008-04-08,40.000000
2008-04-09,38.799999
2008-04-10,37.820000
2008-04-11,36.720001
2008-04-14,37.259998
2008-04-15,37.900002
2008-04-16,38.279999
2008-04-17,38.000000
2008-04-18,38.939999
2008-04-21,38.959999
2008-04-22,38.959999
2008-04-23,39.299999
2008-04-24,39.540001
2008-04-25,39.959999
2008-04-28,39.860001
2008-04-29,40.000000
2008-04-30,39.279999
2008-05-01,39.799999
2008-05-02,39.880001
2008-05-05,40.040001
2008-05-06,38.279999
2008-05-07,37.720001
2008-05-08,38.000000
2008-05-09,39.240002
2008-05-12,39.400002
2008-05-13,39.900002
2008-05-14,40.000000
2008-05-15,42.200001
2008-05-16,43.459999
2008-05-19,43.660000
2008-05-20,43.139999
2008-05-21,42.000000
2008-05-22,41.880001
2008-05-23,42.779999
2008-05-27,42.299999
2008-05-28,42.299999
2008-05-29,42.060001
2008-05-30,42.480000
2008-06-02,41.000000
2008-06-03,40.880001
2008-06-04,41.560001
2008-06-05,42.580002
2008-06-06,41.360001
2008-06-09,40.360001
2008-06-10,40.000000
2008-06-11,38.380001
2008-06-12,39.599998
2008-06-13,38.759998
2008-06-16,40.180000
2008-06-17,40.619999
2008-06-18,41.279999
2008-06-19,39.759998
2008-06-20,37.759998
2008-06-23,38.480000
2008-06-24,37.119999
2008-06-25,35.759998
2008-06-26,34.160000
2008-06-27,34.520000
2008-06-30,35.419998
2008-07-01,35.080002
2008-07-02,34.360001
2008-07-03,30.219999
2008-07-07,30.379999
2008-07-08,31.860001
2008-07-09,31.180000
2008-07-10,31.480000
2008-07-11,30.900000
2008-07-14,31.520000
2008-07-15,31.240000
2008-07-16,30.980000
2008-07-17,31.740000
2008-07-18,30.400000
2008-07-21,31.440001
2008-07-22,31.260000
2008-07-23,31.740000
2008-07-24,31.340000
2008-07-25,31.959999
2008-07-28,31.020000
2008-07-29,32.480000
2008-07-30,33.720001
2008-07-31,33.259998
2008-08-01,33.259998
2008-08-04,33.619999
2008-08-05,34.900002
2008-08-06,35.400002
2008-08-07,34.799999
2008-08-08,34.500000
2008-08-11,35.840000
2008-08-12,35.000000
2008-08-13,34.540001
2008-08-14,34.480000
2008-08-15,34.980000
2008-08-18,35.099998
2008-08-19,32.799999
2008-08-20,33.419998
2008-08-21,34.799999
2008-08-22,34.700001
2008-08-25,33.240002
2008-08-26,33.419998
2008-08-27,33.919998
2008-08-28,34.740002
2008-08-29,33.740002
2008-09-02,35.439999
2008-09-03,35.119999
2008-09-04,34.580002
2008-09-05,33.500000
2008-09-08,34.340000
2008-09-09,34.599998
2008-09-10,34.860001
2008-09-11,34.660000
2008-09-12,35.779999
2008-09-15,33.020000
2008-09-16,33.160000
2008-09-17,30.740000
2008-09-18,32.380001
2008-09-19,33.860001
2008-09-22,31.180000
2008-09-23,30.120001
2008-09-24,29.820000
2008-09-25,29.400000
2008-09-26,27.799999
2008-09-29,25.959999
2008-09-30,27.980000
2008-10-01,30.500000
2008-10-02,28.559999
2008-10-03,29.240000
2008-10-06,30.719999
2008-10-07,31.959999
2008-10-08,30.379999
2008-10-09,26.980000
2008-10-10,26.059999
2008-10-13,28.160000
2008-10-14,28.500000
2008-10-15,26.080000
2008-10-16,26.620001
2008-10-17,27.160000
2008-10-20,29.920000
2008-10-21,28.520000
2008-10-22,27.920000
2008-10-23,26.680000
2008-10-24,25.459999
2008-10-27,25.740000
2008-10-28,27.559999
2008-10-29,27.740000
2008-10-30,28.580000
2008-10-31,27.480000
2008-11-03,28.080000
2008-11-04,29.280001
2008-11-05,28.040001
2008-11-06,27.120001
2008-11-07,27.000000
2008-11-10,26.020000
2008-11-11,25.540001
2008-11-12,22.040001
2008-11-13,23.180000
2008-11-14,23.540001
2008-11-17,23.160000
2008-11-18,24.000000
2008-11-19,22.959999
2008-11-20,21.420000
2008-11-21,22.200001
2008-11-24,24.120001
2008-11-25,24.240000
2008-11-26,27.940001
2008-11-28,29.280001
2008-12-01,27.240000
2008-12-02,27.660000
2008-12-03,29.639999
2008-12-04,29.120001
2008-12-05,30.780001
2008-12-08,31.500000
2008-12-09,30.260000
2008-12-10,30.580000
2008-12-11,30.059999
2008-12-12,29.660000
2008-12-15,29.180000
2008-12-16,31.320000
2008-12-17,31.520000
2008-12-18,31.440001
2008-12-19,31.360001
2008-12-22,29.620001
2008-12-23,29.260000
2008-12-24,28.480000
2008-12-26,28.660000
2008-12-29,28.620001
2008-12-30,28.480000
2008-12-31,29.700001
2009-01-02,29.719999
2009-01-05,31.080000
2009-01-06,33.919998
2009-01-07,35.119999
2009-01-08,35.500000
2009-01-09,34.500000
2009-01-12,32.020000
2009-01-13,32.380001
2009-01-14,31.940001
2009-01-15,27.740000
2009-01-16,27.080000
2009-01-20,25.240000
2009-01-21,26.840000
2009-01-22,26.840000
2009-01-23,25.559999
2009-01-26,26.580000
2009-01-27,26.940001
2009-01-28,28.160000
2009-01-29,27.559999
2009-01-30,27.180000
2009-02-02,27.820000
2009-02-03,28.500000
2009-02-04,29.100000
2009-02-05,29.959999
2009-02-06,29.860001
2009-02-09,30.799999
2009-02-10,28.820000
2009-02-11,28.480000
2009-02-12,28.620001
2009-02-13,29.299999
2009-02-17,27.660000
2009-02-18,26.559999
2009-02-19,25.100000
2009-02-20,25.000000
2009-02-23,24.139999
2009-02-24,25.139999
2009-02-25,25.320000
2009-02-26,26.719999
2009-02-27,29.000000
2009-03-02,26.959999
2009-03-03,26.639999
2009-03-04,28.860001
2009-03-05,28.320000
2009-03-06,28.719999
2009-03-09,29.120001
2009-03-10,30.440001
2009-03-11,31.299999
2009-03-12,31.840000
2009-03-13,33.700001
2009-03-16,32.320000
2009-03-17,33.759998
2009-03-18,34.439999
2009-03-19,34.560001
2009-03-20,33.259998
2009-03-23,35.220001
2009-03-24,34.599998
2009-03-25,34.980000
2009-03-26,35.980000
2009-03-27,35.040001
2009-03-30,34.040001
2009-03-31,34.160000
2009-04-01,35.439999
2009-04-02,37.500000
2009-04-03,36.660000
2009-04-06,35.900002
2009-04-07,33.820000
2009-04-08,33.680000
2009-04-09,34.439999
2009-04-13,34.160000
2009-04-14,33.599998
2009-04-15,33.439999
2009-04-16,34.320000
2009-04-17,33.160000
2009-04-20,31.860001
2009-04-21,32.459999
2009-04-22,32.419998
2009-04-23,32.180000
2009-04-24,32.200001
2009-04-27,32.860001
2009-04-28,32.040001
2009-04-29,33.080002
2009-04-30,34.180000
2009-05-01,34.099998
2009-05-04,36.000000
2009-05-05,35.439999
2009-05-06,36.880001
2009-05-07,33.900002
2009-05-08,34.740002
2009-05-11,34.919998
2009-05-12,34.259998
2009-05-13,33.259998
2009-05-14,33.480000
2009-05-15,33.459999
2009-05-18,35.040001
2009-05-19,35.299999
2009-05-20,34.500000
2009-05-21,33.480000
2009-05-22,33.439999
2009-05-26,33.900002
2009-05-27,34.000000
2009-05-28,34.299999
2009-05-29,34.259998
2009-06-01,34.439999
2009-06-02,32.900002
2009-06-03,30.760000
2009-06-04,30.080000
2009-06-05,28.320000
2009-06-08,28.719999
2009-06-09,30.040001
2009-06-10,29.320000
2009-06-11,28.799999
2009-06-12,29.620001
2009-06-15,29.059999
2009-06-16,27.940001
2009-06-17,27.940001
2009-06-18,27.600000
2009-06-19,27.719999
2009-06-22,27.240000
2009-06-23,28.660000
2009-06-24,29.260000
2009-06-25,29.320000
2009-06-26,29.340000
2009-06-29,28.520000
2009-06-30,26.620001
2009-07-01,25.260000
2009-07-02,24.360001
2009-07-06,23.540001
2009-07-07,24.340000
2009-07-08,25.180000
2009-07-09,25.420000
2009-07-10,25.100000
2009-07-13,25.120001
2009-07-14,26.020000
2009-07-15,26.139999
2009-07-16,25.780001
2009-07-17,25.420000
2009-07-20,25.459999
2009-07-21,25.260000
2009-07-22,25.219999
2009-07-23,24.980000
2009-07-24,25.740000
2009-07-27,25.900000
2009-07-28,26.540001
2009-07-29,25.879999
2009-07-30,23.379999
2009-07-31,23.700001
2009-08-03,24.820000
2009-08-04,25.320000
2009-08-05,25.379999
2009-08-06,17.980000
2009-08-07,17.480000
2009-08-10,18.080000
2009-08-11,18.120001
2009-08-12,18.059999
2009-08-13,17.700001
2009-08-14,17.520000
2009-08-17,17.000000
2009-08-18,16.520000
2009-08-19,15.880000
2009-08-20,16.219999
2009-08-21,16.020000
2009-08-24,16.000000
2009-08-25,16.000000
2009-08-26,16.000000
2009-08-27,16.740000
2009-08-28,16.400000
2009-08-31,15.920000
2009-09-01,15.440000
2009-09-02,15.820000
2009-09-03,15.980000
2009-09-04,16.340000
2009-09-08,16.500000
2009-09-09,16.500000
2009-09-10,17.760000
2009-09-11,19.240000
2009-09-14,18.760000
2009-09-15,19.180000
2009-09-16,19.920000
2009-09-17,19.480000
2009-09-18,20.280001
2009-09-21,20.080000
2009-09-22,20.080000
2009-09-23,20.000000
2009-09-24,19.240000
2009-09-25,19.799999
2009-09-28,19.459999
2009-09-29,19.240000
2009-09-30,18.719999
2009-10-01,16.980000
2009-10-02,16.719999
2009-10-05,17.020000
2009-10-06,16.940001
2009-10-07,16.900000
2009-10-08,16.760000
2009-10-09,16.139999
2009-10-12,16.020000
2009-10-13,15.080000
2009-10-14,14.640000
2009-10-15,14.720000
2009-10-16,14.300000
2009-10-19,14.000000
2009-10-20,13.140000
2009-10-21,13.180000
2009-10-22,14.240000
2009-10-23,13.280000
2009-10-26,13.040000
2009-10-27,12.960000
2009-10-28,12.820000
2009-10-29,13.020000
2009-10-30,12.460000
2009-11-02,12.420000
2009-11-03,12.800000
2009-11-04,13.240000
2009-11-05,12.020000
2009-11-06,11.960000
2009-11-09,12.080000
2009-11-10,11.700000
2009-11-11,11.940000
2009-11-12,12.220000
2009-11-13,12.000000
2009-11-16,12.200000
2009-11-17,12.340000
2009-11-18,12.320000
2009-11-19,12.240000
2009-11-20,13.040000
2009-11-23,13.220000
2009-11-24,12.660000
2009-11-25,12.920000
2009-11-27,12.640000
2009-11-30,12.600000
2009-12-01,13.000000
2009-12-02,13.320000
2009-12-03,13.200000
2009-12-04,13.200000
2009-12-07,14.000000
2009-12-08,13.740000
2009-12-09,13.380000
2009-12-10,13.800000
2009-12-11,13.900000
2009-12-14,13.740000
2009-12-15,14.700000
2009-12-16,15.380000
2009-12-17,14.380000
2009-12-18,14.900000
2009-12-21,15.100000
2009-12-22,15.200000
2009-12-23,15.000000
2009-12-24,15.080000
2009-12-28,15.640000
2009-12-29,15.420000
2009-12-30,15.260000
2009-12-31,15.260000
2010-01-04,15.940000
2010-01-05,15.980000
2010-01-06,14.900000
2010-01-07,15.040000
2010-01-08,14.200000
2010-01-11,14.380000
2010-01-12,12.700000
2010-01-13,12.660000
2010-01-14,12.460000
2010-01-15,12.640000
2010-01-19,12.800000
2010-01-20,12.480000
2010-01-21,11.980000
2010-01-22,11.760000
2010-01-25,11.720000
2010-01-26,11.500000
2010-01-27,11.380000
2010-01-28,11.060000
2010-01-29,11.260000
2010-02-01,11.860000
2010-02-02,11.820000
2010-02-03,12.160000
2010-02-04,11.620000
2010-02-05,11.760000
2010-02-08,11.740000
2010-02-09,12.020000
2010-02-10,11.560000
2010-02-11,11.880000
2010-02-12,11.920000
2010-02-16,12.400000
2010-02-17,12.420000
2010-02-18,12.540000
2010-02-19,12.620000
2010-02-22,12.480000
2010-02-23,12.320000
2010-02-24,12.480000
2010-02-25,12.960000
2010-02-26,12.340000
2010-03-01,12.080000
2010-03-02,12.460000
2010-03-03,12.660000
2010-03-04,12.740000
2010-03-05,12.760000
2010-03-08,13.100000
2010-03-09,13.200000
2010-03-10,13.220000
2010-03-11,13.460000
2010-03-12,13.380000
2010-03-15,13.260000
2010-03-16,13.700000
2010-03-17,13.820000
2010-03-18,13.880000
2010-03-19,14.100000
2010-03-22,14.120000
2010-03-23,14.400000
2010-03-24,14.140000
2010-03-25,13.880000
2010-03-26,13.860000
2010-03-29,13.960000
2010-03-30,14.180000
2010-03-31,14.160000
2010-04-01,14.420000
2010-04-05,14.560000
2010-04-06,14.640000
2010-04-07,14.320000
2010-04-08,14.800000
2010-04-09,14.700000
2010-04-12,15.040000
2010-04-13,15.080000
2010-04-14,15.120000
2010-04-15,15.440000
2010-04-16,14.940000
2010-04-19,14.960000
2010-04-20,15.200000
2010-04-21,15.320000
2010-04-22,15.460000
2010-04-23,15.640000
2010-04-26,15.540000
2010-04-27,15.120000
2010-04-28,15.080000
2010-04-29,15.580000
2010-04-30,15.260000
2010-05-03,15.920000
2010-05-04,15.540000
2010-05-05,15.480000
2010-05-06,16.120001
2010-05-07,14.300000
2010-05-10,15.680000
2010-05-11,16.500000
2010-05-12,17.500000
2010-05-13,17.559999
2010-05-14,17.440001
2010-05-17,18.100000
2010-05-18,17.520000
2010-05-19,17.639999
2010-05-20,17.080000
2010-05-21,16.780001
2010-05-24,16.879999
2010-05-25,16.879999
2010-05-26,17.540001
2010-05-27,18.000000
2010-05-28,17.980000
2010-06-01,17.219999
2010-06-02,17.219999
2010-06-03,17.719999
2010-06-04,17.260000
2010-06-07,16.559999
2010-06-08,16.580000
2010-06-09,16.580000
2010-06-10,17.120001
2010-06-11,17.299999
2010-06-14,17.780001
2010-06-15,18.299999
2010-06-16,18.160000
2010-06-17,18.280001
2010-06-18,18.219999
2010-06-21,17.900000
2010-06-22,17.540001
2010-06-23,17.760000
2010-06-24,17.219999
2010-06-25,16.840000
2010-06-28,16.980000
2010-06-29,16.540001
2010-06-30,16.379999
2010-07-01,16.860001
2010-07-02,16.600000
2010-07-06,16.660000
2010-07-07,17.299999
2010-07-08,18.020000
2010-07-09,18.420000
2010-07-12,18.440001
2010-07-13,18.980000
2010-07-14,18.879999
2010-07-15,18.639999
2010-07-16,17.660000
2010-07-19,17.600000
2010-07-20,18.100000
2010-07-21,17.680000
2010-07-22,17.959999
2010-07-23,18.280001
2010-07-26,18.559999
2010-07-27,18.180000
2010-07-28,17.620001
2010-07-29,17.740000
2010-07-30,17.900000
2010-08-02,18.240000
2010-08-03,17.600000
2010-08-04,17.580000
2010-08-05,18.900000
2010-08-06,18.219999
2010-08-09,17.980000
2010-08-10,16.920000
2010-08-11,17.000000
2010-08-12,17.600000
2010-08-13,17.520000
2010-08-16,17.820000
2010-08-17,18.120001
2010-08-18,18.120001
2010-08-19,17.760000
2010-08-20,17.959999
2010-08-23,17.799999
2010-08-24,17.799999
2010-08-25,18.160000
2010-08-26,17.940001
2010-08-27,18.080000
2010-08-30,17.799999
2010-08-31,17.879999
2010-09-01,18.440001
2010-09-02,18.740000
2010-09-03,19.059999
2010-09-07,18.940001
2010-09-08,19.139999
2010-09-09,19.520000
2010-09-10,19.480000
2010-09-13,19.719999
2010-09-14,19.540001
2010-09-15,19.459999
2010-09-16,19.059999
2010-09-17,18.920000
2010-09-20,19.780001
2010-09-21,19.719999
2010-09-22,20.299999
2010-09-23,19.860001
2010-09-24,20.219999
2010-09-27,20.799999
2010-09-28,20.700001
2010-09-29,20.980000
2010-09-30,20.920000
2010-10-01,21.860001
2010-10-04,21.620001
2010-10-05,21.940001
2010-10-06,22.120001
2010-10-07,21.860001
2010-10-08,21.920000
2010-10-11,21.580000
2010-10-12,21.520000
2010-10-13,22.059999
2010-10-14,20.820000
2010-10-15,21.299999
2010-10-18,21.680000
2010-10-19,21.080000
2010-10-20,21.379999
2010-10-21,20.920000
2010-10-22,21.219999
2010-10-25,21.059999
2010-10-26,21.139999
2010-10-27,20.580000
2010-10-28,20.660000
2010-10-29,20.799999
2010-11-01,21.020000
2010-11-02,21.559999
2010-11-03,21.680000
2010-11-04,22.740000
2010-11-05,23.440001
2010-11-08,24.420000
2010-11-09,23.959999
2010-11-10,24.219999
2010-11-11,24.360001
2010-11-12,24.260000
2010-11-15,23.459999
2010-11-16,22.580000
2010-11-17,23.680000
2010-11-18,23.799999
2010-11-19,24.420000
2010-11-22,24.600000
2010-11-23,24.180000
2010-11-24,24.559999
2010-11-26,24.379999
2010-11-29,24.340000
2010-11-30,24.299999
2010-12-01,24.799999
2010-12-02,24.740000
2010-12-03,24.719999
2010-12-06,24.840000
2010-12-07,24.520000
2010-12-08,25.080000
2010-12-09,25.139999
2010-12-10,25.200001
2010-12-13,25.059999
2010-12-14,24.740000
2010-12-15,24.260000
2010-12-16,24.580000
2010-12-17,24.160000
2010-12-20,25.480000
2010-12-21,25.440001
2010-12-22,25.200001
2010-12-23,25.040001
2010-12-27,25.260000
2010-12-28,25.219999
2010-12-29,25.000000
2010-12-30,25.320000
2010-12-31,25.260000
2011-01-03,26.139999
2011-01-04,27.840000
2011-01-05,28.520000
2011-01-06,26.600000
2011-01-07,25.900000
2011-01-10,26.360001
2011-01-11,25.900000
2011-01-12,25.940001
2011-01-13,25.920000
2011-01-14,26.120001
2011-01-18,25.660000
2011-01-19,25.059999
2011-01-20,25.200001
2011-01-21,25.440001
2011-01-24,25.700001
2011-01-25,26.980000
2011-01-26,27.139999
2011-01-27,27.180000
2011-01-28,26.320000
2011-01-31,25.860001
2011-02-01,26.040001
2011-02-02,25.719999
2011-02-03,25.820000
2011-02-04,25.900000
2011-02-07,25.700001
2011-02-08,25.980000
2011-02-09,26.000000
2011-02-10,25.680000
2011-02-11,26.120001
2011-02-14,26.620001
2011-02-15,26.760000
2011-02-16,26.680000
2011-02-17,26.240000
2011-02-18,26.820000
2011-02-22,26.160000
2011-02-23,25.520000
2011-02-24,27.059999
2011-02-25,28.219999
2011-02-28,28.799999
2011-03-01,28.520000
2011-03-02,28.400000
2011-03-03,29.879999
2011-03-04,29.820000
2011-03-07,29.959999
2011-03-08,30.080000
2011-03-09,30.219999
2011-03-10,29.780001
2011-03-11,30.020000
2011-03-14,29.799999
2011-03-15,29.700001
2011-03-16,29.020000
2011-03-17,29.620001
2011-03-18,29.860001
2011-03-21,31.280001
2011-03-22,31.000000
2011-03-23,31.000000
2011-03-24,31.559999
2011-03-25,31.080000
2011-03-28,31.580000
2011-03-29,31.620001
2011-03-30,32.639999
2011-03-31,32.480000
2011-04-01,32.980000
2011-04-04,32.660000
2011-04-05,33.020000
2011-04-06,32.939999
2011-04-07,33.139999
2011-04-08,33.320000
2011-04-11,33.580002
2011-04-12,33.500000
2011-04-13,33.500000
2011-04-14,33.200001
2011-04-15,33.000000
2011-04-18,32.139999
2011-04-19,32.520000
2011-04-20,33.240002
2011-04-21,33.779999
2011-04-25,33.439999
2011-04-26,33.380001
2011-04-27,34.099998
2011-04-28,33.740002
2011-04-29,33.660000
2011-05-02,32.959999
2011-05-03,36.299999
2011-05-04,35.700001
2011-05-05,35.419998
2011-05-06,34.639999
2011-05-09,35.119999
2011-05-10,36.439999
2011-05-11,35.919998
2011-05-12,36.200001
2011-05-13,35.700001
2011-05-16,35.860001
2011-05-17,36.139999
2011-05-18,37.380001
2011-05-19,36.580002
2011-05-20,35.459999
2011-05-23,35.320000
2011-05-24,35.099998
2011-05-25,35.660000
2011-05-26,36.599998
2011-05-27,36.320000
2011-05-31,35.799999
2011-06-01,36.299999
2011-06-02,36.459999
2011-06-03,35.119999
2011-06-06,34.119999
2011-06-07,33.840000
2011-06-08,33.480000
2011-06-09,33.200001
2011-06-10,32.639999
2011-06-13,32.500000
2011-06-14,33.000000
2011-06-15,31.879999
2011-06-16,31.959999
2011-06-17,32.040001
2011-06-20,32.200001
2011-06-21,32.900002
2011-06-22,33.000000
2011-06-23,33.540001
2011-06-24,33.320000
2011-06-27,33.740002
2011-06-28,34.380001
2011-06-29,34.459999
2011-06-30,34.419998
2011-07-01,35.540001
2011-07-05,34.939999
2011-07-06,34.880001
2011-07-07,34.700001
2011-07-08,34.799999
2011-07-11,34.619999
2011-07-12,33.919998
2011-07-13,34.180000
2011-07-14,33.639999
2011-07-15,33.980000
2011-07-18,33.599998
2011-07-19,34.299999
2011-07-20,34.160000
2011-07-21,34.299999
2011-07-22,34.459999
2011-07-25,33.880001
2011-07-26,33.799999
2011-07-27,32.900002
2011-07-28,32.580002
2011-07-29,32.560001
2011-08-01,32.360001
2011-08-02,20.520000
2011-08-03,20.540001
2011-08-04,18.620001
2011-08-05,19.059999
2011-08-08,17.840000
2011-08-09,18.660000
2011-08-10,19.139999
2011-08-11,20.520000
2011-08-12,20.459999
2011-08-15,21.940001
2011-08-16,22.040001
2011-08-17,22.400000
2011-08-18,20.959999
2011-08-19,20.540001
2011-08-22,20.260000
2011-08-23,21.160000
2011-08-24,21.620001
2011-08-25,20.879999
2011-08-26,21.340000
2011-08-29,22.320000
2011-08-30,22.500000
2011-08-31,22.320000
2011-09-01,21.920000
2011-09-02,20.639999
2011-09-06,20.260000
2011-09-07,21.340000
2011-09-08,21.200001
2011-09-09,20.920000
2011-09-12,20.879999
2011-09-13,20.900000
2011-09-14,20.780001
2011-09-15,20.700001
2011-09-16,20.200001
2011-09-19,20.000000
2011-09-20,20.139999
2011-09-21,18.580000
2011-09-22,17.879999
2011-09-23,18.219999
2011-09-26,18.180000
2011-09-27,18.840000
2011-09-28,17.799999
2011-09-29,18.139999
2011-09-30,17.420000
2011-10-03,16.360001
2011-10-04,16.480000
2011-10-05,16.600000
2011-10-06,17.200001
2011-10-07,15.860000
2011-10-10,17.080000
2011-10-11,16.639999
2011-10-12,17.059999
2011-10-13,17.879999
2011-10-14,18.200001
2011-10-17,17.680000
2011-10-18,18.139999
2011-10-19,17.320000
2011-10-20,18.059999
2011-10-21,18.379999
2011-10-24,18.600000
2011-10-25,18.200001
2011-10-26,19.379999
2011-10-27,19.459999
2011-10-28,17.879999
2011-10-31,17.000000
2011-11-01,15.320000
2011-11-02,17.139999
2011-11-03,17.980000
2011-11-04,17.940001
2011-11-07,17.780001
2011-11-08,17.459999
2011-11-09,16.860001
2011-11-10,16.959999
2011-11-11,17.660000
2011-11-14,17.360001
2011-11-15,17.580000
2011-11-16,17.280001
2011-11-17,16.559999
2011-11-18,16.120001
2011-11-21,15.860000
2011-11-22,15.480000
2011-11-23,15.140000
2011-11-25,15.020000
2011-11-28,15.840000
2011-11-29,15.500000
2011-11-30,16.760000
2011-12-01,16.600000
2011-12-02,16.580000
2011-12-05,16.700001
2011-12-06,18.000000
2011-12-07,17.160000
2011-12-08,16.540001
2011-12-09,16.940001
2011-12-12,16.740000
2011-12-13,17.059999
2011-12-14,16.379999
2011-12-15,16.879999
2011-12-16,16.660000
2011-12-19,15.900000
2011-12-20,16.580000
2011-12-21,16.639999
2011-12-22,16.840000
2011-12-23,16.340000
2011-12-27,16.700001
2011-12-28,16.080000
2011-12-29,16.480000
2011-12-30,17.360001
2012-01-03,18.780001
2012-01-04,17.580000
2012-01-05,16.020000
2012-01-06,16.040001
2012-01-09,16.400000
2012-01-10,16.600000
2012-01-11,16.860001
2012-01-12,17.120001
2012-01-13,16.700001
2012-01-17,16.780001
2012-01-18,17.360001
2012-01-19,17.860001
2012-01-20,17.440001
2012-01-23,17.480000
2012-01-24,17.120001
2012-01-25,17.639999
2012-01-26,17.559999
2012-01-27,17.480000
2012-01-30,17.580000
2012-01-31,17.680000
2012-02-01,18.240000
2012-02-02,18.440001
2012-02-03,18.879999
2012-02-06,19.219999
2012-02-07,19.100000
2012-02-08,19.180000
2012-02-09,19.299999
2012-02-10,19.620001
2012-02-13,19.920000
2012-02-14,19.980000
2012-02-15,20.059999
2012-02-16,20.700001
2012-02-17,20.680000
2012-02-21,20.620001
2012-02-22,20.559999
2012-02-23,23.400000
2012-02-24,24.020000
2012-02-27,23.660000
2012-02-28,22.040001
2012-02-29,20.600000
2012-03-01,21.740000
2012-03-02,21.120001
2012-03-05,19.920000
2012-03-06,19.299999
2012-03-07,19.700001
2012-03-08,19.940001
2012-03-09,20.340000
2012-03-12,19.660000
2012-03-13,19.980000
2012-03-14,19.559999
2012-03-15,19.879999
2012-03-16,20.200001
2012-03-19,20.000000
2012-03-20,19.840000
2012-03-21,19.620001
2012-03-22,19.500000
2012-03-23,19.200001
2012-03-26,19.559999
2012-03-27,18.660000
2012-03-28,18.719999
2012-03-29,18.480000
2012-03-30,18.040001
2012-04-02,18.219999
2012-04-03,18.420000
2012-04-04,17.879999
2012-04-05,17.700001
2012-04-09,17.040001
2012-04-10,16.600000
2012-04-11,17.139999
2012-04-12,17.240000
2012-04-13,16.799999
2012-04-16,16.580000
2012-04-17,16.559999
2012-04-18,15.980000
2012-04-19,16.280001
2012-04-20,16.080000
2012-04-23,15.880000
2012-04-24,15.920000
2012-04-25,15.880000
2012-04-26,14.160000
2012-04-27,14.020000
2012-04-30,14.600000
2012-05-01,14.260000
2012-05-02,14.100000
2012-05-03,13.800000
2012-05-04,13.300000
2012-05-07,13.360000
2012-05-08,13.120000
2012-05-09,15.000000
2012-05-10,14.120000
2012-05-11,14.080000
2012-05-14,13.460000
2012-05-15,12.900000
2012-05-16,13.060000
2012-05-17,12.740000
2012-05-18,12.780000
2012-05-21,12.820000
2012-05-22,12.840000
2012-05-23,12.860000
2012-05-24,12.880000
2012-05-25,13.040000
2012-05-29,13.120000
2012-05-30,12.660000
2012-05-31,12.800000
2012-06-01,12.380000
2012-06-04,12.160000
2012-06-05,12.320000
2012-06-06,12.420000
2012-06-07,12.460000
2012-06-08,12.300000
2012-06-11,12.000000
2012-06-12,12.100000
2012-06-13,11.800000
2012-06-14,11.600000
2012-06-15,11.960000
2012-06-18,11.540000
2012-06-19,11.820000
2012-06-20,11.960000
2012-06-21,11.880000
2012-06-22,11.800000
2012-06-25,11.580000
2012-06-26,11.180000
2012-06-27,11.340000
2012-06-28,11.420000
2012-06-29,12.100000
2012-07-02,12.720000
2012-07-03,13.140000
2012-07-05,12.860000
2012-07-06,12.820000
2012-07-09,12.640000
2012-07-10,12.960000
2012-07-11,13.100000
2012-07-12,12.460000
2012-07-13,12.600000
2012-07-16,12.720000
2012-07-17,13.140000
2012-07-18,13.100000
2012-07-19,13.100000
2012-07-20,12.820000
2012-07-23,12.480000
2012-07-24,13.180000
2012-07-25,12.560000
2012-07-26,17.180000
2012-07-27,18.080000
2012-07-30,17.799999
2012-07-31,17.520000
2012-08-01,17.620001
2012-08-02,17.240000
2012-08-03,17.320000
2012-08-06,17.580000
2012-08-07,17.340000
2012-08-08,17.459999
2012-08-09,17.559999
2012-08-10,18.059999
2012-08-13,18.160000
2012-08-14,18.360001
2012-08-15,19.580000
2012-08-16,19.080000
2012-08-17,20.059999
2012-08-20,19.820000
2012-08-21,20.299999
2012-08-22,19.420000
2012-08-23,19.440001
2012-08-24,19.639999
2012-08-27,19.500000
2012-08-28,19.340000
2012-08-29,19.480000
2012-08-30,19.299999
2012-08-31,19.459999
2012-09-04,19.760000
2012-09-05,19.680000
2012-09-06,20.120001
2012-09-07,19.940001
2012-09-10,19.540001
2012-09-11,20.120001
2012-09-12,20.620001
2012-09-13,20.959999
2012-09-14,21.260000
2012-09-17,21.320000
2012-09-18,21.480000
2012-09-19,22.600000
2012-09-20,22.379999
2012-09-21,23.260000
2012-09-24,23.559999
2012-09-25,23.080000
2012-09-26,22.500000
2012-09-27,23.900000
2012-09-28,23.420000
2012-10-01,23.040001
2012-10-02,27.139999
2012-10-03,24.480000
2012-10-04,25.379999
2012-10-05,25.299999
2012-10-08,25.080000
2012-10-09,25.020000
2012-10-10,24.080000
2012-10-11,23.280001
2012-10-12,23.760000
2012-10-15,22.660000
2012-10-16,22.040001
2012-10-17,21.900000
2012-10-18,22.299999
2012-10-19,21.940001
2012-10-22,22.260000
2012-10-23,21.600000
2012-10-24,21.559999
2012-10-25,21.440001
2012-10-26,21.180000
2012-10-31,20.420000
2012-11-01,20.820000
2012-11-02,20.379999
2012-11-05,20.120001
2012-11-06,20.379999
2012-11-07,19.660000
2012-11-08,19.959999
2012-11-09,20.320000
2012-11-12,20.100000
2012-11-13,20.320000
2012-11-14,20.340000
2012-11-15,20.900000
2012-11-16,21.520000
2012-11-19,22.000000
2012-11-20,21.059999
2012-11-21,21.120001
2012-11-23,21.340000
2012-11-26,21.080000
2012-11-27,21.080000
2012-11-28,20.780001
2012-11-29,20.280001
2012-11-30,21.299999
2012-12-03,21.540001
2012-12-04,19.920000
2012-12-05,20.200001
2012-12-06,20.740000
2012-12-07,21.040001
2012-12-10,20.480000
2012-12-11,20.299999
2012-12-12,19.840000
2012-12-13,19.980000
2012-12-14,20.100000
2012-12-17,19.980000
2012-12-18,19.920000
2012-12-19,19.920000
2012-12-20,19.959999
2012-12-21,19.820000
2012-12-24,19.580000
2012-12-26,19.660000
2012-12-27,19.760000
2012-12-28,19.620001
2012-12-31,19.879999
2013-01-02,19.400000
2013-01-03,19.260000
2013-01-04,19.459999
2013-01-07,19.120001
2013-01-08,18.660000
2013-01-09,18.780001
2013-01-10,19.459999
2013-01-11,19.080000
2013-01-14,19.020000
2013-01-15,19.160000
2013-01-16,18.660000
2013-01-17,18.820000
2013-01-18,18.799999
2013-01-22,18.840000
2013-01-23,19.080000
2013-01-24,19.459999
2013-01-25,19.420000
2013-01-28,19.520000
2013-01-29,19.500000
2013-01-30,19.799999
2013-01-31,20.059999
2013-02-01,19.780001
2013-02-04,19.799999
2013-02-05,19.580000
2013-02-06,19.400000
2013-02-07,19.559999
2013-02-08,19.799999
2013-02-11,20.200001
2013-02-12,20.299999
2013-02-13,20.580000
2013-02-14,20.480000
2013-02-15,20.700001
2013-02-19,20.540001
2013-02-20,20.160000
2013-02-21,20.160000
2013-02-22,19.900000
2013-02-25,19.520000
2013-02-26,19.320000
2013-02-27,19.780001
2013-02-28,19.600000
2013-03-01,19.620001
2013-03-04,20.280001
2013-03-05,20.620001
2013-03-06,20.719999
2013-03-07,21.180000
2013-03-08,21.620001
2013-03-11,21.000000
2013-03-12,20.520000
2013-03-13,20.200001
2013-03-14,20.580000
2013-03-15,20.760000
2013-03-18,20.500000
2013-03-19,20.920000
2013-03-20,21.139999
2013-03-21,20.959999
2013-03-22,21.080000
2013-03-25,21.200001
2013-03-26,21.340000
2013-03-27,21.059999
2013-03-28,21.799999
2013-04-01,22.100000
2013-04-02,22.040001
2013-04-03,21.920000
2013-04-04,22.240000
2013-04-05,22.440001
2013-04-08,22.540001
2013-04-09,22.379999
2013-04-10,23.120001
2013-04-11,22.620001
2013-04-12,23.040001
2013-04-15,22.100000
2013-04-16,22.100000
2013-04-17,22.040001
2013-04-18,22.379999
2013-04-19,22.240000
2013-04-22,22.840000
2013-04-23,23.379999
2013-04-24,23.540001
2013-04-25,23.900000
2013-04-26,23.780001
2013-04-29,23.900000
2013-04-30,23.680000
2013-05-01,16.520000
2013-05-02,17.719999
2013-05-03,17.500000
2013-05-06,17.639999
2013-05-07,17.910000
2013-05-08,17.770000
2013-05-09,18.280001
2013-05-10,18.639999
2013-05-13,18.920000
2013-05-14,18.980000
2013-05-15,19.260000
2013-05-16,19.690001
2013-05-17,19.920000
2013-05-20,20.530001
2013-05-21,20.860001
2013-05-22,20.059999
2013-05-23,20.379999
2013-05-24,20.540001
2013-05-28,20.559999
2013-05-29,20.980000
2013-05-30,21.360001
2013-05-31,21.430000
2013-06-03,20.830000
2013-06-04,20.820000
2013-06-05,20.370001
2013-06-06,20.660000
2013-06-07,21.309999
2013-06-10,21.200001
2013-06-11,21.440001
2013-06-12,21.299999
2013-06-13,21.840000
2013-06-14,22.160000
2013-06-17,22.320000
2013-06-18,22.480000
2013-06-19,22.230000
2013-06-20,22.930000
2013-06-21,22.820000
2013-06-24,22.240000
2013-06-25,23.020000
2013-06-26,23.639999
2013-06-27,24.549999
2013-06-28,24.809999
2013-07-01,23.719999
2013-07-02,23.370001
2013-07-03,23.049999
2013-07-05,23.459999
2013-07-08,23.330000
2013-07-09,24.090000
2013-07-10,24.420000
2013-07-11,24.959999
2013-07-12,24.940001
2013-07-15,25.340000
2013-07-16,24.370001
2013-07-17,24.500000
2013-07-18,24.549999
2013-07-19,24.559999
2013-07-22,24.510000
2013-07-23,24.219999
2013-07-24,24.209999
2013-07-25,24.410000
2013-07-26,24.170000
2013-07-29,23.940001
2013-07-30,23.780001
2013-07-31,24.110001
2013-08-01,24.230000
2013-08-02,24.719999
2013-08-05,24.700001
2013-08-06,24.059999
2013-08-07,24.010000
2013-08-08,25.000000
2013-08-09,25.230000
2013-08-12,25.010000
2013-08-13,25.010000
2013-08-14,24.400000
2013-08-15,24.139999
2013-08-16,23.850000
2013-08-19,23.330000
2013-08-20,23.490000
2013-08-21,23.290001
2013-08-22,23.629999
2013-08-23,23.889999
2013-08-26,23.830000
2013-08-27,23.580000
2013-08-28,23.139999
2013-08-29,23.240000
2013-08-30,23.350000
2013-09-03,24.040001
2013-09-04,24.639999
2013-09-05,24.580000
2013-09-06,24.530001
2013-09-09,24.740000
2013-09-10,25.260000
2013-09-11,25.549999
2013-09-12,25.440001
2013-09-13,24.709999
2013-09-16,24.670000
2013-09-17,25.090000
2013-09-18,25.200001
2013-09-19,25.059999
2013-09-20,24.969999
2013-09-23,24.920000
2013-09-24,25.440001
2013-09-25,26.080000
2013-09-26,26.120001
2013-09-27,26.070000
2013-09-30,25.969999
2013-10-01,26.440001
2013-10-02,26.610001
2013-10-03,26.480000
2013-10-04,26.379999
2013-10-07,25.950001
2013-10-08,25.820000
2013-10-09,25.360001
2013-10-10,25.969999
2013-10-11,26.209999
2013-10-14,26.480000
2013-10-15,26.190001
2013-10-16,26.860001
2013-10-17,27.440001
2013-10-18,27.690001
2013-10-21,27.360001
2013-10-22,27.469999
2013-10-23,27.400000
2013-10-24,27.580000
2013-10-25,27.559999
2013-10-28,27.440001
2013-10-29,27.700001
2013-10-30,27.820000
2013-10-31,27.730000
2013-11-01,27.889999
2013-11-04,28.340000
2013-11-05,28.120001
2013-11-06,28.030001
2013-11-07,26.559999
2013-11-08,27.680000
2013-11-11,26.969999
2013-11-12,26.090000
2013-11-13,26.049999
2013-11-14,25.500000
2013-11-15,26.049999
2013-11-18,25.990000
2013-11-19,26.100000
2013-11-20,26.360001
2013-11-21,26.780001
2013-11-22,26.430000
2013-11-25,26.120001
2013-11-26,26.340000
2013-11-27,26.059999
2013-11-29,26.010000
2013-12-02,26.490000
2013-12-03,26.980000
2013-12-04,26.920000
2013-12-05,26.299999
2013-12-06,26.330000
2013-12-09,26.610001
2013-12-10,26.260000
2013-12-11,26.059999
2013-12-12,25.440001
2013-12-13,27.639999
2013-12-16,26.389999
2013-12-17,26.680000
2013-12-18,27.250000
2013-12-19,29.610001
2013-12-20,31.000000
2013-12-23,31.860001
2013-12-24,32.189999
2013-12-26,32.930000
2013-12-27,33.310001
2013-12-30,33.049999
2013-12-31,33.639999
2014-01-02,33.369999
2014-01-03,32.279999
2014-01-06,33.480000
2014-01-07,33.220001
2014-01-08,33.310001
2014-01-09,33.029999
2014-01-10,33.020000
2014-01-13,32.490002
2014-01-14,32.939999
2014-01-15,32.529999
2014-01-16,32.599998
2014-01-17,32.509998
2014-01-21,33.169998
2014-01-22,33.439999
2014-01-23,32.740002
2014-01-24,31.680000
2014-01-27,31.820000
2014-01-28,32.310001
2014-01-29,31.049999
2014-01-30,30.730000
2014-01-31,30.570000
2014-02-03,29.530001
2014-02-04,30.129999
2014-02-05,31.750000
2014-02-06,29.549999
2014-02-07,30.430000
2014-02-10,30.070000
2014-02-11,30.309999
2014-02-12,30.700001
2014-02-13,30.889999
2014-02-14,31.290001
2014-02-18,31.200001
2014-02-19,31.250000
2014-02-20,31.570000
2014-02-21,32.029999
2014-02-24,32.310001
2014-02-25,30.469999
2014-02-26,30.330000
2014-02-27,30.900000
2014-02-28,30.500000
2014-03-03,30.500000
2014-03-04,31.790001
2014-03-05,31.820000
2014-03-06,31.309999
2014-03-07,30.790001
2014-03-10,30.969999
2014-03-11,31.430000
2014-03-12,31.620001
2014-03-13,31.420000
2014-03-14,31.320000
2014-03-17,30.709999
2014-03-18,31.200001
2014-03-19,31.110001
2014-03-20,32.169998
2014-03-21,32.709999
2014-03-24,32.700001
2014-03-25,32.700001
2014-03-26,32.009998
2014-03-27,32.299999
2014-03-28,32.599998
2014-03-31,33.029999
2014-04-01,33.480000
2014-04-02,33.490002
2014-04-03,33.250000
2014-04-04,32.459999
2014-04-07,30.760000
2014-04-08,31.180000
2014-04-09,31.709999
2014-04-10,30.850000
2014-04-11,30.010000
2014-04-14,29.740000
2014-04-15,29.190001
2014-04-16,29.750000
2014-04-17,30.400000
2014-04-21,30.480000
2014-04-22,30.990000
2014-04-23,29.809999
2014-04-24,29.389999
2014-04-25,29.049999
2014-04-28,28.100000
2014-04-29,29.040001
2014-04-30,29.290001
2014-05-01,31.650000
2014-05-02,32.000000
2014-05-05,31.860001
2014-05-06,31.170000
2014-05-07,32.009998
2014-05-08,31.730000
2014-05-09,31.840000
2014-05-12,32.299999
2014-05-13,32.919998
2014-05-14,32.840000
2014-05-15,33.259998
2014-05-16,33.090000
2014-05-19,33.779999
2014-05-20,33.299999
2014-05-21,33.610001
2014-05-22,33.450001
2014-05-23,33.959999
2014-05-27,34.320000
2014-05-28,34.400002
2014-05-29,34.860001
2014-05-30,34.330002
2014-06-02,34.549999
2014-06-03,34.200001
2014-06-04,34.279999
2014-06-05,33.490002
2014-06-06,33.770000
2014-06-09,33.889999
2014-06-10,33.340000
2014-06-11,33.200001
2014-06-12,33.020000
2014-06-13,32.910000
2014-06-16,32.959999
2014-06-17,33.060001
2014-06-18,32.680000
2014-06-19,33.000000
2014-06-20,33.160000
2014-06-23,33.060001
2014-06-24,32.770000
2014-06-25,33.020000
2014-06-26,33.279999
2014-06-27,33.279999
2014-06-30,33.619999
2014-07-01,33.410000
2014-07-02,33.349998
2014-07-03,33.330002
2014-07-07,32.990002
2014-07-08,32.549999
2014-07-09,33.029999
2014-07-10,32.880001
2014-07-11,33.500000
2014-07-14,33.020000
2014-07-15,32.099998
2014-07-16,32.240002
2014-07-17,31.959999
2014-07-18,32.220001
2014-07-21,31.790001
2014-07-22,31.629999
2014-07-23,31.500000
2014-07-24,31.139999
2014-07-25,31.190001
2014-07-28,31.150000
2014-07-29,31.139999
2014-07-30,30.940001
2014-07-31,32.939999
2014-08-01,33.419998
2014-08-04,33.689999
2014-08-05,33.910000
2014-08-06,31.059999
2014-08-07,29.860001
2014-08-08,29.940001
2014-08-11,29.440001
2014-08-12,29.610001
2014-08-13,29.139999
2014-08-14,28.690001
2014-08-15,29.059999
2014-08-18,28.840000
2014-08-19,28.950001
2014-08-20,29.680000
2014-08-21,29.160000
2014-08-22,29.020000
2014-08-25,29.230000
2014-08-26,29.469999
2014-08-27,29.440001
2014-08-28,29.840000
2014-08-29,30.080000
2014-09-02,30.430000
2014-09-03,30.480000
2014-09-04,30.240000
2014-09-05,30.670000
2014-09-08,30.790001
2014-09-09,30.280001
2014-09-10,30.520000
2014-09-11,30.450001
2014-09-12,30.830000
2014-09-15,30.379999
2014-09-16,30.280001
2014-09-17,30.430000
2014-09-18,30.480000
2014-09-19,30.070000
2014-09-22,28.980000
2014-09-23,28.440001
2014-09-24,28.889999
2014-09-25,28.490000
2014-09-26,28.900000
2014-09-29,28.980000
2014-09-30,28.870001
2014-10-01,28.110001
2014-10-02,28.799999
2014-10-03,29.080000
2014-10-06,29.330000
2014-10-07,28.830000
2014-10-08,28.940001
2014-10-09,28.389999
2014-10-10,27.610001
2014-10-13,26.920000
2014-10-14,26.410000
2014-10-15,25.740000
2014-10-16,25.670000
2014-10-17,26.110001
2014-10-20,26.959999
2014-10-21,27.360001
2014-10-22,27.049999
2014-10-23,27.770000
2014-10-24,28.120001
2014-10-27,27.990000
2014-10-28,28.850000
2014-10-29,28.590000
2014-10-30,28.850000
2014-10-31,29.190001
2014-11-03,29.309999
2014-11-04,28.450001
2014-11-05,28.540001
2014-11-06,28.160000
2014-11-07,28.340000
2014-11-10,28.799999
2014-11-11,28.530001
2014-11-12,28.360001
2014-11-13,27.969999
2014-11-14,28.549999
2014-11-17,27.950001
2014-11-18,27.870001
2014-11-19,27.450001
2014-11-20,27.920000
2014-11-21,28.520000
2014-11-24,28.879999
2014-11-25,28.940001
2014-11-26,29.240000
2014-11-28,29.190001
2014-12-01,28.559999
2014-12-02,27.980000
2014-12-03,28.299999
2014-12-04,28.440001
2014-12-05,28.190001
2014-12-08,28.200001
2014-12-09,25.850000
2014-12-10,25.340000
2014-12-11,25.639999
2014-12-12,25.309999
2014-12-15,25.250000
2014-12-16,24.570000
2014-12-17,25.100000
2014-12-18,25.910000
2014-12-19,26.450001
2014-12-22,26.680000
2014-12-23,26.600000
2014-12-24,26.670000
2014-12-26,27.030001
2014-12-29,27.490000
2014-12-30,27.000000
2014-12-31,26.940001
2015-01-02,27.299999
2015-01-05,26.930000
2015-01-06,26.870001
2015-01-07,28.250000
2015-01-08,29.020000
2015-01-09,29.250000
2015-01-12,29.270000
2015-01-13,29.469999
2015-01-14,29.570000
2015-01-15,29.180000
2015-01-16,29.139999
2015-01-20,29.540001
2015-01-21,30.080000
2015-01-22,30.500000
2015-01-23,30.160000
2015-01-26,30.660000
2015-01-27,30.660000
2015-01-28,30.090000
2015-01-29,29.549999
2015-01-30,30.180000
2015-02-02,30.340000
2015-02-03,30.889999
2015-02-04,30.750000
2015-02-05,31.209999
2015-02-06,31.309999
2015-02-09,31.080000
2015-02-10,31.299999
2015-02-11,31.260000
2015-02-12,31.590000
2015-02-13,31.750000
2015-02-17,31.760000
2015-02-18,31.000000
2015-02-19,31.850000
2015-02-20,31.950001
2015-02-23,31.360001
2015-02-24,31.590000
2015-02-25,32.189999
2015-02-26,32.480000
2015-02-27,33.029999
2015-03-02,32.959999
2015-03-03,32.759998
2015-03-04,32.680000
2015-03-05,32.799999
2015-03-06,32.720001
2015-03-09,33.020000
2015-03-10,32.360001
2015-03-11,32.110001
2015-03-12,32.150002
2015-03-13,32.040001
2015-03-16,32.470001
2015-03-17,32.669998
2015-03-18,32.860001
2015-03-19,33.200001
2015-03-20,33.139999
2015-03-23,33.150002
2015-03-24,32.980000
2015-03-25,32.340000
2015-03-26,32.459999
2015-03-27,32.380001
2015-03-30,32.299999
2015-03-31,31.690001
2015-04-01,31.639999
2015-04-02,32.959999
2015-04-06,33.080002
2015-04-07,32.980000
2015-04-08,32.770000
2015-04-09,32.380001
2015-04-10,32.060001
2015-04-13,31.490000
2015-04-14,31.870001
2015-04-15,32.009998
2015-04-16,32.060001
2015-04-17,32.090000
2015-04-20,32.689999
2015-04-21,33.349998
2015-04-22,34.090000
2015-04-23,34.439999
2015-04-24,34.310001
2015-04-27,34.060001
2015-04-28,33.970001
2015-04-29,34.619999
2015-04-30,34.040001
2015-05-01,33.849998
2015-05-04,34.150002
2015-05-05,33.799999
2015-05-06,33.299999
2015-05-07,33.299999
2015-05-08,33.770000
2015-05-11,33.970001
2015-05-12,34.560001
2015-05-13,33.930000
2015-05-14,34.080002
2015-05-15,34.400002
2015-05-18,34.830002
2015-05-19,34.400002
2015-05-20,35.209999
2015-05-21,36.250000
2015-05-22,36.680000
2015-05-26,38.549999
2015-05-27,38.650002
2015-05-28,38.320000
2015-05-29,38.880001
2015-06-01,38.889999
2015-06-02,38.639999
2015-06-03,38.330002
2015-06-04,39.340000
2015-06-05,40.240002
2015-06-08,39.480000
2015-06-09,38.790001
2015-06-10,38.660000
2015-06-11,38.119999
2015-06-12,39.000000
2015-06-15,38.959999
2015-06-16,38.849998
2015-06-17,39.770000
2015-06-18,39.570000
2015-06-19,39.160000
2015-06-22,39.200001
2015-06-23,39.500000
2015-06-24,39.029999
2015-06-25,39.299999
2015-06-26,39.099998
2015-06-29,38.680000
2015-06-30,38.770000
2015-07-01,38.630001
2015-07-02,38.970001
2015-07-06,38.549999
2015-07-07,38.680000
2015-07-08,38.470001
2015-07-09,38.770000
2015-07-10,39.029999
2015-07-13,39.259998
2015-07-14,39.439999
2015-07-15,39.049999
2015-07-16,38.619999
2015-07-17,38.040001
2015-07-20,38.080002
2015-07-21,37.630001
2015-07-22,37.730000
2015-07-23,37.930000
2015-07-24,37.400002
2015-07-27,36.500000
2015-07-28,36.919998
2015-07-29,37.040001
2015-07-30,38.860001
2015-07-31,40.660000
2015-08-03,41.490002
2015-08-04,41.209999
2015-08-05,40.740002
2015-08-06,40.419998
2015-08-07,40.360001
2015-08-10,41.470001
2015-08-11,40.950001
2015-08-12,41.360001
2015-08-13,41.230000
2015-08-14,41.230000
2015-08-17,42.000000
2015-08-18,42.040001
2015-08-19,41.860001
2015-08-20,40.740002
2015-08-21,40.130001
2015-08-24,38.730000
2015-08-25,38.130001
2015-08-26,38.959999
2015-08-27,39.939999
2015-08-28,40.000000
2015-08-31,39.610001
2015-09-01,38.959999
2015-09-02,39.320000
2015-09-03,39.450001
2015-09-04,39.220001
2015-09-08,40.279999
2015-09-09,39.439999
2015-09-10,39.650002
2015-09-11,39.820000
2015-09-14,39.950001
2015-09-15,41.310001
2015-09-16,41.529999
2015-09-17,42.470001
2015-09-18,41.840000
2015-09-21,42.810001
2015-09-22,42.340000
2015-09-23,43.029999
2015-09-24,42.520000
2015-09-25,42.730000
2015-09-28,40.540001
2015-09-29,39.560001
2015-09-30,39.810001
2015-10-01,40.130001
2015-10-02,40.700001
2015-10-05,40.959999
2015-10-06,40.650002
2015-10-07,40.369999
2015-10-08,39.560001
2015-10-09,39.610001
2015-10-12,40.529999
2015-10-13,40.180000
2015-10-14,39.509998
2015-10-15,39.939999
2015-10-16,40.540001
2015-10-19,41.209999
2015-10-20,40.700001
2015-10-21,40.220001
2015-10-22,40.439999
2015-10-23,41.270000
2015-10-26,41.380001
2015-10-27,39.020000
2015-10-28,39.310001
2015-10-29,37.480000
2015-10-30,37.889999
2015-11-02,38.290001
2015-11-03,38.660000
2015-11-04,38.860001
2015-11-05,39.439999
2015-11-06,39.110001
2015-11-09,38.560001
2015-11-10,37.029999
2015-11-11,37.400002
2015-11-12,37.970001
2015-11-13,38.720001
2015-11-16,37.869999
2015-11-17,38.150002
2015-11-18,37.320000
2015-11-19,37.730000
2015-11-20,38.439999
2015-11-23,38.029999
2015-11-24,38.389999
2015-11-25,36.970001
2015-11-27,36.889999
2015-11-30,35.500000
2015-12-01,36.180000
2015-12-02,35.720001
2015-12-03,34.560001
2015-12-04,35.450001
2015-12-07,36.590000
2015-12-08,36.889999
2015-12-09,36.070000
2015-12-10,36.340000
2015-12-11,36.000000
2015-12-14,36.520000
2015-12-15,38.160000
2015-12-16,39.130001
2015-12-17,39.200001
2015-12-18,37.889999
2015-12-21,38.980000
2015-12-22,39.259998
2015-12-23,40.130001
2015-12-24,39.669998
2015-12-28,39.779999
2015-12-29,40.119999
2015-12-30,39.740002
2015-12-31,39.119999
2016-01-04,38.950001
2016-01-05,40.220001
2016-01-06,40.049999
2016-01-07,40.509998
2016-01-08,39.880001
2016-01-11,39.680000
2016-01-12,40.060001
2016-01-13,38.849998
2016-01-14,39.389999
2016-01-15,37.790001
2016-01-19,37.650002
2016-01-20,37.360001
2016-01-21,37.099998
2016-01-22,37.849998
2016-01-25,37.889999
2016-01-26,39.430000
2016-01-27,38.500000
2016-01-28,38.669998
2016-01-29,40.150002
2016-02-01,40.590000
2016-02-02,39.270000
2016-02-03,38.340000
2016-02-04,38.700001
2016-02-05,35.660000
2016-02-08,33.959999
2016-02-09,33.889999
2016-02-10,34.570000
2016-02-11,34.029999
2016-02-12,35.110001
2016-02-16,36.450001
2016-02-17,36.849998
2016-02-18,36.630001
2016-02-19,34.950001
2016-02-22,35.830002
2016-02-23,36.200001
2016-02-24,36.779999
2016-02-25,38.360001
2016-02-26,37.470001
2016-02-29,37.099998
2016-03-01,38.650002
2016-03-02,38.770000
2016-03-03,38.970001
2016-03-04,38.480000
2016-03-07,38.639999
2016-03-08,38.950001
2016-03-09,38.200001
2016-03-10,37.570000
2016-03-11,37.750000
2016-03-14,37.090000
2016-03-15,36.770000
2016-03-16,37.180000
2016-03-17,37.160000
2016-03-18,36.930000
2016-03-21,37.349998
2016-03-22,37.279999
2016-03-23,37.070000
2016-03-24,37.000000
2016-03-28,37.040001
2016-03-29,38.430000
2016-03-30,38.439999
2016-03-31,38.299999
2016-04-01,39.360001
2016-04-04,39.660000
2016-04-05,39.139999
2016-04-06,39.099998
2016-04-07,38.820000
2016-04-08,38.700001
2016-04-11,38.639999
2016-04-12,38.889999
2016-04-13,38.849998
2016-04-14,38.810001
2016-04-15,39.290001
2016-04-18,39.250000
2016-04-19,39.849998
2016-04-20,40.150002
2016-04-21,40.250000
2016-04-22,40.220001
2016-04-25,41.180000
2016-04-26,39.330002
2016-04-27,39.700001
2016-04-28,39.759998
2016-04-29,39.279999
2016-05-02,39.990002
2016-05-03,39.660000
2016-05-04,39.099998
2016-05-05,39.250000
2016-05-06,39.490002
2016-05-09,39.900002
2016-05-10,40.810001
2016-05-11,40.820000
2016-05-12,40.720001
2016-05-13,40.639999
2016-05-16,40.619999
2016-05-17,40.720001
2016-05-18,40.680000
2016-05-19,40.810001
2016-05-20,41.700001
2016-05-23,41.639999
2016-05-24,41.869999
2016-05-25,42.119999
2016-05-26,42.630001
2016-05-27,42.540001
2016-05-31,42.759998
2016-06-01,42.619999
2016-06-02,43.189999
2016-06-03,43.630001
2016-06-06,43.070000
2016-06-07,43.740002
2016-06-08,43.910000
2016-06-09,43.080002
2016-06-10,41.930000
2016-06-13,42.070000
2016-06-14,42.349998
2016-06-15,41.660000
2016-06-16,41.759998
2016-06-17,41.770000
2016-06-20,42.279999
2016-06-21,42.919998
2016-06-22,42.700001
2016-06-23,43.669998
2016-06-24,41.099998
2016-06-27,41.200001
2016-06-28,42.509998
2016-06-29,43.450001
2016-06-30,43.270000
2016-07-01,42.990002
2016-07-05,43.209999
2016-07-06,43.150002
2016-07-07,42.959999
2016-07-08,43.580002
2016-07-11,44.040001
2016-07-12,43.639999
2016-07-13,44.209999
2016-07-14,44.029999
2016-07-15,44.410000
2016-07-18,44.369999
2016-07-19,44.380001
2016-07-20,44.540001
2016-07-21,44.669998
2016-07-22,45.439999
2016-07-25,45.040001
2016-07-26,44.980000
2016-07-27,45.639999
2016-07-28,46.220001
2016-07-29,46.340000
2016-08-01,47.070000
2016-08-02,46.810001
2016-08-03,47.209999
2016-08-04,47.330002
2016-08-05,47.779999
2016-08-08,47.610001
2016-08-09,47.639999
2016-08-10,47.200001
2016-08-11,46.830002
2016-08-12,46.950001
2016-08-15,46.770000
2016-08-16,46.240002
2016-08-17,46.380001
2016-08-18,46.980000
2016-08-19,46.270000
2016-08-22,46.709999
2016-08-23,46.830002
2016-08-24,46.209999
2016-08-25,46.279999
2016-08-26,45.959999
2016-08-29,46.730000
2016-08-30,46.099998
2016-08-31,46.340000
2016-09-01,46.250000
2016-09-02,47.290001
2016-09-06,47.209999
2016-09-07,46.730000
2016-09-08,46.709999
2016-09-09,44.639999
2016-09-12,45.930000
2016-09-13,45.340000
2016-09-14,45.869999
2016-09-15,47.180000
2016-09-16,46.549999
2016-09-19,45.930000
2016-09-20,44.500000
2016-09-21,45.880001
2016-09-22,47.029999
2016-09-23,47.290001
2016-09-26,46.919998
2016-09-27,46.900002
2016-09-28,46.810001
2016-09-29,46.459999
2016-09-30,46.720001
2016-10-03,46.880001
2016-10-04,46.750000
2016-10-05,46.070000
2016-10-06,45.500000
2016-10-07,45.270000
2016-10-10,46.150002
2016-10-11,45.610001
2016-10-12,46.029999
2016-10-13,46.009998
2016-10-14,46.230000
2016-10-17,46.520000
2016-10-18,47.349998
2016-10-19,47.320000
2016-10-20,47.049999
2016-10-21,46.750000
2016-10-24,51.189999
2016-10-25,49.599998
2016-10-26,49.500000
2016-10-27,49.500000
2016-10-28,49.349998
2016-10-31,49.730000
2016-11-01,49.290001
2016-11-02,49.180000
2016-11-03,49.520000
2016-11-04,49.349998
2016-11-07,50.349998
2016-11-08,50.459999
2016-11-09,53.009998
2016-11-10,52.180000
2016-11-11,52.540001
2016-11-14,52.919998
2016-11-15,53.459999
2016-11-16,52.730000
2016-11-17,53.389999
2016-11-18,53.590000
2016-11-21,53.720001
2016-11-22,54.240002
2016-11-23,54.340000
2016-11-25,54.590000
2016-11-28,54.980000
2016-11-29,55.389999
2016-11-30,54.209999
2016-12-01,54.259998
2016-12-02,54.439999
2016-12-05,55.020000
2016-12-06,55.990002
2016-12-07,58.389999
2016-12-08,58.549999
2016-12-09,56.740002
2016-12-12,56.130001
2016-12-13,56.650002
2016-12-14,56.549999
2016-12-15,57.250000
2016-12-16,57.009998
2016-12-19,57.799999
2016-12-20,58.060001
2016-12-21,57.820000
2016-12-22,58.080002
2016-12-23,58.020000
2016-12-27,58.320000
2016-12-28,58.000000
2016-12-29,58.049999
2016-12-30,57.509998
2017-01-03,58.320000
2017-01-04,58.820000
2017-01-05,57.610001
2017-01-06,56.770000
2017-01-09,56.669998
2017-01-10,58.740002
2017-01-11,57.459999
2017-01-12,57.150002
2017-01-13,57.189999
2017-01-17,57.049999
2017-01-18,58.660000
2017-01-19,60.070000
2017-01-20,59.619999
2017-01-23,60.240002
2017-01-24,60.220001
2017-01-25,60.740002
2017-01-26,63.369999
2017-01-27,62.419998
2017-01-30,61.130001
2017-01-31,62.270000
2017-02-01,63.259998
2017-02-02,61.150002
2017-02-03,61.360001
2017-02-06,60.959999
2017-02-07,61.889999
2017-02-08,61.889999
2017-02-09,62.250000
2017-02-10,62.389999
2017-02-13,60.900002
2017-02-14,61.599998
2017-02-15,61.299999
2017-02-16,60.610001
2017-02-17,63.919998
2017-02-21,63.200001
2017-02-22,63.080002
2017-02-23,62.070000
2017-02-24,62.209999
2017-02-27,62.169998
2017-02-28,62.529999
2017-03-01,62.340000
2017-03-02,62.540001
2017-03-03,63.560001
2017-03-06,62.840000
2017-03-07,61.630001
2017-03-08,61.410000
2017-03-09,61.139999
2017-03-10,61.480000
2017-03-13,61.840000
2017-03-14,61.349998
2017-03-15,62.990002
2017-03-16,62.389999
2017-03-17,63.500000
2017-03-20,63.110001
2017-03-21,62.470001
2017-03-22,63.270000
2017-03-23,63.119999
2017-03-24,64.169998
2017-03-27,64.220001
2017-03-28,64.230003
2017-03-29,64.739998
2017-03-30,65.129997
2017-03-31,64.589996
2017-04-03,63.549999
2017-04-04,63.680000
2017-04-05,63.500000
2017-04-06,63.240002
2017-04-07,63.580002
2017-04-10,63.889999
2017-04-11,63.930000
2017-04-12,63.919998
2017-04-13,64.040001
2017-04-17,64.940002
2017-04-18,64.610001
2017-04-19,65.129997
2017-04-20,64.809998
2017-04-21,64.699997
2017-04-24,65.930000
2017-04-25,67.349998
2017-04-26,67.580002
2017-04-27,67.739998
2017-04-28,67.269997
2017-05-01,68.309998
2017-05-02,66.940002
2017-05-03,65.349998
2017-05-04,65.480003
2017-05-05,66.489998
2017-05-08,66.150002
2017-05-09,65.500000
2017-05-10,66.000000
2017-05-11,65.809998
2017-05-12,65.550003
2017-05-15,65.690002
2017-05-16,65.910004
2017-05-17,63.910000
2017-05-18,65.720001
2017-05-19,66.370003
2017-05-22,67.220001
2017-05-23,67.620003
2017-05-24,67.889999
2017-05-25,67.860001
2017-05-26,67.800003
2017-05-30,67.080002
2017-05-31,67.419998
2017-06-01,67.900002
2017-06-02,68.320000
2017-06-05,67.400002
2017-06-06,66.110001
2017-06-07,65.919998
2017-06-08,65.690002
2017-06-09,63.840000
2017-06-12,64.669998
2017-06-13,64.010002
2017-06-14,63.270000
2017-06-15,63.599998
2017-06-16,63.130001
2017-06-19,64.010002
2017-06-20,63.980000
2017-06-21,63.570000
2017-06-22,63.560001
2017-06-23,63.400002
2017-06-26,63.150002
2017-06-27,61.009998
2017-06-28,61.480000
2017-06-29,60.299999
2017-06-30,60.619999
2017-07-03,60.000000
2017-07-05,59.950001
2017-07-06,59.450001
2017-07-07,60.009998
2017-07-10,60.799999
2017-07-11,61.230000
2017-07-12,61.509998
2017-07-13,60.910000
2017-07-14,61.240002
2017-07-17,61.380001
2017-07-18,61.389999
2017-07-19,61.970001
2017-07-20,61.119999
2017-07-21,62.580002
2017-07-24,62.529999
2017-07-25,62.360001
2017-07-26,62.389999
2017-07-27,61.619999
2017-07-28,61.779999
2017-07-31,61.660000
2017-08-01,63.070000
2017-08-02,63.630001
2017-08-03,63.730000
2017-08-04,64.519997
2017-08-07,64.260002
2017-08-08,63.900002
2017-08-09,63.799999
2017-08-10,62.470001
2017-08-11,63.610001
2017-08-14,63.779999
2017-08-15,63.880001
2017-08-16,64.279999
2017-08-17,62.990002
2017-08-18,63.000000
2017-08-21,62.830002
2017-08-22,64.379997
2017-08-23,64.000000
2017-08-24,63.970001
2017-08-25,63.740002
2017-08-28,63.720001
2017-08-29,63.470001
2017-08-30,64.250000
2017-08-31,64.709999
2017-09-01,64.160004
2017-09-05,63.639999
2017-09-06,63.790001
2017-09-07,63.340000
2017-09-08,62.740002
2017-09-11,63.029999
2017-09-12,62.980000
2017-09-13,62.799999
2017-09-14,61.169998
2017-09-15,61.169998
2017-09-18,61.799999
2017-09-19,65.419998
2017-09-20,63.520000
2017-09-21,63.389999
2017-09-22,64.059998
2017-09-25,62.889999
2017-09-26,63.029999
2017-09-27,62.389999
2017-09-28,61.919998
2017-09-29,61.660000
2017-10-02,61.520000
2017-10-03,61.680000
2017-10-04,61.500000
2017-10-05,61.520000
2017-10-06,62.410000
2017-10-09,61.560001
2017-10-10,61.230000
2017-10-11,61.180000
2017-10-12,61.279999
2017-10-13,61.389999
2017-10-16,60.970001
2017-10-17,60.939999
2017-10-18,60.680000
2017-10-19,61.509998
2017-10-20,60.459999
2017-10-23,61.470001
2017-10-24,62.279999
2017-10-25,61.930000
2017-10-26,61.730000
2017-10-27,62.950001
2017-10-30,59.580002
2017-10-31,59.770000
2017-11-01,59.750000
2017-11-02,58.299999
2017-11-03,58.910000
2017-11-06,55.540001
2017-11-07,55.360001
2017-11-08,56.220001
2017-11-09,56.000000
2017-11-10,56.799999
2017-11-13,56.439999
2017-11-14,56.540001
2017-11-15,56.689999
2017-11-16,59.799999
2017-11-17,60.020000
2017-11-20,60.299999
2017-11-21,60.410000
2017-11-22,61.349998
2017-11-24,61.680000
2017-11-27,62.779999
2017-11-28,61.380001
2017-11-29,61.830002
2017-11-30,61.070000
2017-12-01,60.900002
2017-12-04,60.240002
2017-12-05,60.959999
2017-12-06,62.119999
2017-12-07,61.919998
2017-12-08,62.540001
2017-12-11,63.070000
2017-12-12,63.480000
2017-12-13,63.830002
2017-12-14,62.560001
2017-12-15,62.660000
2017-12-18,63.470001
2017-12-19,63.639999
2017-12-20,62.900002
2017-12-21,63.520000
2017-12-22,63.619999
2017-12-26,63.790001
2017-12-27,64.110001
2017-12-28,64.349998
2017-12-29,63.509998
2018-01-02,64.040001
2018-01-03,63.610001
2018-01-04,63.000000
2018-01-05,64.599998
2018-01-08,65.099998
2018-01-09,65.599998
2018-01-10,63.889999
2018-01-11,63.840000
2018-01-12,63.680000
2018-01-16,62.970001
2018-01-17,63.759998
2018-01-18,62.880001
2018-01-19,63.709999
2018-01-22,63.939999
2018-01-23,64.529999
2018-01-24,65.000000
2018-01-25,64.389999
2018-01-26,65.279999
2018-01-29,64.599998
2018-01-30,64.760002
2018-01-31,65.099998
2018-02-01,63.790001
2018-02-02,63.590000
2018-02-05,61.540001
2018-02-06,60.849998
2018-02-07,62.060001
2018-02-08,58.880001
2018-02-09,59.200001
2018-02-12,58.119999
2018-02-13,57.689999
2018-02-14,58.619999
2018-02-15,60.439999
2018-02-16,60.060001
2018-02-20,60.509998
2018-02-21,59.419998
2018-02-22,58.730000
2018-02-23,60.060001
2018-02-26,61.110001
2018-02-27,59.939999
2018-02-28,60.610001
2018-03-01,61.900002
2018-03-02,62.470001
2018-03-05,62.950001
2018-03-06,63.560001
2018-03-07,64.559998
2018-03-08,65.059998
2018-03-09,65.250000
2018-03-12,64.550003
2018-03-13,64.980003
2018-03-14,64.779999
2018-03-15,64.709999
2018-03-16,64.760002
2018-03-19,63.220001
2018-03-20,62.779999
2018-03-21,62.590000
2018-03-22,61.250000
2018-03-23,59.740002
2018-03-26,61.389999
2018-03-27,60.340000
2018-03-28,60.869999
2018-03-29,61.040001
2018-04-02,59.619999
2018-04-03,59.590000
2018-04-04,59.750000
2018-04-05,59.810001
2018-04-06,59.650002
2018-04-09,59.740002
2018-04-10,63.130001
2018-04-11,62.919998
2018-04-12,63.020000
2018-04-13,61.950001
2018-04-16,62.750000
2018-04-17,63.020000
2018-04-18,62.900002
2018-04-19,63.250000
2018-04-20,63.090000
2018-04-23,62.290001
2018-04-24,62.580002
2018-04-25,63.930000
2018-04-26,64.099998
2018-04-27,64.519997
2018-04-30,60.509998
2018-05-01,59.430000
2018-05-02,56.970001
2018-05-03,55.919998
2018-05-04,57.259998
2018-05-07,56.540001
2018-05-08,55.580002
2018-05-09,56.320000
2018-05-10,56.849998
2018-05-11,56.389999
2018-05-14,56.459999
2018-05-15,56.369999
2018-05-16,56.529999
2018-05-17,56.680000
2018-05-18,56.930000
2018-05-21,57.189999
2018-05-22,57.180000
2018-05-23,57.020000
2018-05-24,56.980000
2018-05-25,56.590000
2018-05-29,56.619999
2018-05-30,56.330002
2018-05-31,55.700001
2018-06-01,56.869999
2018-06-04,57.119999
2018-06-05,57.160000
2018-06-06,57.599998
2018-06-07,57.820000
2018-06-08,57.799999
2018-06-11,57.990002
2018-06-12,58.090000
2018-06-13,58.680000
2018-06-14,59.529999
2018-06-15,60.009998
2018-06-18,60.360001
2018-06-19,60.540001
2018-06-20,60.340000
2018-06-21,60.000000
2018-06-22,60.790001
2018-06-25,59.730000
2018-06-26,59.700001
2018-06-27,59.340000
2018-06-28,59.860001
2018-06-29,59.750000
2018-07-02,59.910000
2018-07-03,59.139999
2018-07-05,60.060001
2018-07-06,61.139999
2018-07-09,61.340000
2018-07-10,61.180000
2018-07-11,60.180000
2018-07-12,61.580002
2018-07-13,61.680000
2018-07-16,61.630001
2018-07-17,61.209999
2018-07-18,60.520000
2018-07-19,59.410000
2018-07-20,59.250000
2018-07-23,58.360001
2018-07-24,58.779999
2018-07-25,58.830002
2018-07-26,59.369999
2018-07-27,59.610001
2018-07-30,59.820000
2018-07-31,60.000000
2018-08-01,59.360001
2018-08-02,62.180000
2018-08-03,61.549999
2018-08-06,66.300003
2018-08-07,65.330002
2018-08-08,65.500000
2018-08-09,64.970001
2018-08-10,64.980003
2018-08-13,65.699997
2018-08-14,65.959999
2018-08-15,65.410004
2018-08-16,65.980003
2018-08-17,65.900002
2018-08-20,65.839996
2018-08-21,66.510002
2018-08-22,65.809998
2018-08-23,65.209999
2018-08-24,65.410004
2018-08-27,65.800003
2018-08-28,65.589996
2018-08-29,65.980003
2018-08-30,66.010002
2018-08-31,66.040001
2018-09-04,65.769997
2018-09-05,65.709999
2018-09-06,65.519997
2018-09-07,64.389999
2018-09-10,65.559998
2018-09-11,65.910004
2018-09-12,67.919998
2018-09-13,68.480003
2018-09-14,68.250000
2018-09-17,67.419998
2018-09-18,68.489998
2018-09-19,68.349998
2018-09-20,69.129997
2018-09-21,69.070000
2018-09-24,68.919998
2018-09-25,69.449997
2018-09-26,68.790001
2018-09-27,70.489998
2018-09-28,70.180000
2018-10-01,70.250000
2018-10-02,69.720001
2018-10-03,68.980003
2018-10-04,68.949997
2018-10-05,68.589996
2018-10-08,68.820000
2018-10-09,68.459999
2018-10-10,66.629997
2018-10-11,66.209999
2018-10-12,68.379997
2018-10-15,67.620003
2018-10-16,68.940002
2018-10-17,69.080002
2018-10-18,68.769997
2018-10-19,69.750000
2018-10-22,69.510002
2018-10-23,69.279999
2018-10-24,65.709999
2018-10-25,66.320000
2018-10-26,65.110001
2018-10-29,64.910004
2018-10-30,63.919998
2018-10-31,68.550003
2018-11-01,68.879997
2018-11-02,68.510002
2018-11-05,68.889999
2018-11-06,68.769997
2018-11-07,70.339996
2018-11-08,69.750000
2018-11-09,68.680000
2018-11-12,67.889999
2018-11-13,68.410004
2018-11-14,68.120003
2018-11-15,68.080002
2018-11-16,69.139999
2018-11-19,68.000000
2018-11-20,66.570000
2018-11-21,66.779999
2018-11-23,67.070000
2018-11-26,67.489998
2018-11-27,67.489998
2018-11-28,68.919998
2018-11-29,68.680000
2018-11-30,68.449997
2018-12-03,67.800003
2018-12-04,66.570000
2018-12-06,67.300003
2018-12-07,65.690002
2018-12-10,65.730003
2018-12-11,65.529999
2018-12-12,66.099998
2018-12-13,66.360001
2018-12-14,65.650002
2018-12-17,64.809998
2018-12-18,64.779999
2018-12-19,64.870003
2018-12-20,64.260002
2018-12-21,61.930000
2018-12-24,60.799999
2018-12-26,63.009998
2018-12-27,62.650002
2018-12-28,63.240002
2018-12-31,63.610001
2019-01-02,65.260002
2019-01-03,65.019997
2019-01-04,67.489998
2019-01-07,68.440002
2019-01-08,67.769997
2019-01-09,67.720001
2019-01-10,67.959999
2019-01-11,69.000000
2019-01-14,67.910004
2019-01-15,67.139999
2019-01-16,66.690002
2019-01-17,66.250000
2019-01-18,66.959999
2019-01-22,66.830002
2019-01-23,67.800003
2019-01-24,68.660004
2019-01-25,68.480003
2019-01-28,67.620003
2019-01-29,67.779999
2019-01-30,68.320000
2019-01-31,69.620003
2019-02-01,69.629997
2019-02-04,69.410004
2019-02-05,66.849998
2019-02-06,66.940002
2019-02-07,68.279999
2019-02-08,68.379997
2019-02-11,68.440002
2019-02-12,69.599998
2019-02-13,69.070000
2019-02-14,70.500000
2019-02-15,72.050003
2019-02-19,72.519997
2019-02-20,72.750000
2019-02-21,73.410004
2019-02-22,73.199997
2019-02-25,73.050003
2019-02-26,72.529999
2019-02-27,72.120003
2019-02-28,72.209999
2019-03-01,72.339996
2019-03-04,71.650002
2019-03-05,71.410004
2019-03-06,70.779999
2019-03-07,71.320000
2019-03-08,70.650002
2019-03-11,71.470001
2019-03-12,71.699997
2019-03-13,72.250000
2019-03-14,72.339996
2019-03-15,73.459999
2019-03-18,73.680000
2019-03-19,72.589996
2019-03-20,72.059998
2019-03-21,72.260002
2019-03-22,71.900002
2019-03-25,72.309998
2019-03-26,73.339996
2019-03-27,72.239998
2019-03-28,69.150002
2019-03-29,69.099998
2019-04-01,69.970001
2019-04-02,69.730003
2019-04-03,69.000000
2019-04-04,70.050003
2019-04-05,70.349998
2019-04-08,71.230003
2019-04-09,71.419998
2019-04-10,72.160004
2019-04-11,73.000000
2019-04-12,73.709999
2019-04-15,73.790001
2019-04-16,74.099998
2019-04-17,72.459999
2019-04-18,73.750000
2019-04-22,73.720001
2019-04-23,73.750000
2019-04-24,73.330002
2019-04-25,72.709999
2019-04-26,72.919998
2019-04-29,73.599998
2019-04-30,72.989998
2019-05-01,73.580002
2019-05-02,73.610001
2019-05-03,74.739998
2019-05-06,74.459999
2019-05-07,74.000000
2019-05-08,72.629997
2019-05-09,74.250000
2019-05-10,75.230003
2019-05-13,73.419998
2019-05-14,73.599998
2019-05-15,74.629997
2019-05-16,75.379997
2019-05-17,75.370003
2019-05-20,78.290001
2019-05-21,77.150002
2019-05-22,76.349998
2019-05-23,76.010002
2019-05-24,77.269997
2019-05-28,75.910004
2019-05-29,76.129997
2019-05-30,76.029999
2019-05-31,73.440002
2019-06-03,74.199997
2019-06-04,75.690002
2019-06-05,76.290001
2019-06-06,75.949997
2019-06-07,77.029999
2019-06-10,76.669998
2019-06-11,75.459999
2019-06-12,75.379997
2019-06-13,74.449997
2019-06-14,74.900002
2019-06-17,75.269997
2019-06-18,76.440002
2019-06-19,78.279999
2019-06-20,77.930000
2019-06-21,75.699997
2019-06-24,75.540001
2019-06-25,74.580002
2019-06-26,73.040001
2019-06-27,73.290001
2019-06-28,74.139999
2019-07-01,74.150002
2019-07-02,75.480003
2019-07-03,75.820000
2019-07-05,76.230003
2019-07-08,75.629997
2019-07-09,75.150002
2019-07-10,78.629997
2019-07-11,78.260002
2019-07-12,79.449997
2019-07-15,79.309998
2019-07-16,79.040001
2019-07-17,78.930000
2019-07-18,77.970001
2019-07-19,77.430000
2019-07-22,77.660004
2019-07-23,78.139999
2019-07-24,80.610001
2019-07-25,79.910004
2019-07-26,84.250000
2019-07-29,82.379997
2019-07-30,81.300003
2019-07-31,79.730003
2019-08-01,79.309998
2019-08-02,77.730003
2019-08-05,76.190002
2019-08-06,77.279999
2019-08-07,76.480003
2019-08-08,77.900002
2019-08-09,77.519997
2019-08-12,76.940002
2019-08-13,77.620003
2019-08-14,76.930000
2019-08-15,77.269997
2019-08-16,77.750000
2019-08-19,78.230003
2019-08-20,77.680000
2019-08-21,78.180000
2019-08-22,77.790001
2019-08-23,76.480003
2019-08-26,78.059998
2019-08-27,77.120003
2019-08-28,77.059998
2019-08-29,78.010002
2019-08-30,78.050003
2019-09-03,77.129997
2019-09-04,77.610001
2019-09-05,77.830002
2019-09-06,79.150002
2019-09-09,79.129997
2019-09-10,78.379997
2019-09-11,79.739998
2019-09-12,79.690002
2019-09-13,79.400002
2019-09-16,79.559998
2019-09-17,80.209999
2019-09-18,80.120003
2019-09-19,81.000000
2019-09-20,80.589996
2019-09-23,79.959999
2019-09-24,79.360001
2019-09-25,79.809998
2019-09-26,79.000000
2019-09-27,77.559998
2019-09-30,78.769997
2019-10-01,78.199997
2019-10-02,76.410004
2019-10-03,77.029999
2019-10-04,77.989998
2019-10-07,78.480003
2019-10-08,77.610001
2019-10-09,77.790001
2019-10-10,78.300003
2019-10-11,79.529999
2019-10-14,78.629997
2019-10-15,79.739998
2019-10-16,80.010002
2019-10-17,81.050003
2019-10-18,81.599998
2019-10-21,82.089996
2019-10-22,81.669998
2019-10-23,81.360001
2019-10-24,81.480003
2019-10-25,81.620003
2019-10-28,82.389999
2019-10-29,81.769997
2019-10-30,83.269997
2019-10-31,82.660004
2019-11-01,82.470001
2019-11-04,80.919998
2019-11-05,81.470001
2019-11-06,81.860001
2019-11-07,81.860001
2019-11-08,80.940002
2019-11-11,79.620003
2019-11-12,77.430000
2019-11-13,77.970001
2019-11-14,76.839996
2019-11-15,78.070000
2019-11-18,78.190002
2019-11-19,77.160004
2019-11-20,77.639999
2019-11-21,77.699997
2019-11-22,78.589996
2019-11-25,78.000000
2019-11-26,78.449997
2019-11-27,78.980003
2019-11-29,78.550003
2019-12-02,77.639999
2019-12-03,78.010002
2019-12-04,78.339996
2019-12-05,76.940002
2019-12-06,77.739998
2019-12-09,75.870003
2019-12-10,75.019997
2019-12-11,74.620003
2019-12-12,74.889999
2019-12-13,75.470001
2019-12-16,75.470001
2019-12-17,75.489998
2019-12-18,76.309998
2019-12-19,77.220001
2019-12-20,77.400002
2019-12-23,76.959999
2019-12-24,77.320000
2019-12-26,77.400002
2019-12-27,77.239998
2019-12-30,78.080002
2019-12-31,78.419998
2020-01-02,78.589996
2020-01-03,78.169998
2020-01-06,78.620003
2020-01-07,78.919998
2020-01-08,79.419998
2020-01-09,79.809998
2020-01-10,79.000000
2020-01-13,79.400002
2020-01-14,79.800003
2020-01-15,80.269997
2020-01-16,81.440002
2020-01-17,82.150002
2020-01-21,82.029999
2020-01-22,82.489998
2020-01-23,82.180000
2020-01-24,81.580002
2020-01-27,80.720001
2020-01-28,81.660004
2020-01-29,80.260002
2020-01-30,80.940002
2020-01-31,79.190002
2020-02-03,79.459999
2020-02-04,81.510002
2020-02-05,81.790001
2020-02-06,82.769997
2020-02-07,85.440002
2020-02-10,84.529999
2020-02-11,94.489998
2020-02-12,95.669998
2020-02-13,95.139999
2020-02-14,96.480003
2020-02-18,99.879997
2020-02-19,100.489998
2020-02-20,99.500000
2020-02-21,98.570000
2020-02-24,96.370003
2020-02-25,94.580002
2020-02-26,93.650002
2020-02-27,91.239998
2020-02-28,90.160004
2020-03-02,93.290001
2020-03-03,89.370003
2020-03-04,93.809998
2020-03-05,89.860001
2020-03-06,87.860001
2020-03-09,79.750000
2020-03-10,84.980003
2020-03-11,86.449997
2020-03-12,76.760002
2020-03-13,85.389999
2020-03-16,76.529999
2020-03-17,78.349998
2020-03-18,74.320000
2020-03-19,79.449997
2020-03-20,74.550003
2020-03-23,75.699997
2020-03-24,78.650002
2020-03-25,79.169998
2020-03-26,84.629997
2020-03-27,81.720001
2020-03-30,83.120003
2020-03-31,83.900002
2020-04-01,85.129997
2020-04-02,84.410004
2020-04-03,81.980003
2020-04-06,86.089996
2020-04-07,86.510002
2020-04-08,86.849998
2020-04-09,85.900002
2020-04-13,86.169998
2020-04-14,89.620003
2020-04-15,88.540001
2020-04-16,90.269997
2020-04-17,90.989998
2020-04-20,89.940002
2020-04-21,87.220001
2020-04-22,90.160004
2020-04-23,90.339996
2020-04-24,90.800003
2020-04-27,90.910004
2020-04-28,87.940002
2020-04-29,89.309998
2020-04-30,87.800003
2020-05-01,86.199997
2020-05-04,88.959999
2020-05-05,88.970001
2020-05-06,86.589996
2020-05-07,95.290001
2020-05-08,98.519997
2020-05-11,96.720001
2020-05-12,94.610001
2020-05-13,92.779999
2020-05-14,94.910004
2020-05-15,97.320000
2020-05-18,101.900002
2020-05-19,98.599998
2020-05-20,98.139999
2020-05-21,94.389999
2020-05-22,95.800003
2020-05-26,95.570000
2020-05-27,97.199997
2020-05-28,99.220001
2020-05-29,100.040001
2020-06-01,99.699997
2020-06-02,100.410004
2020-06-03,101.209999
2020-06-04,100.169998
2020-06-05,101.129997
2020-06-08,104.459999
2020-06-09,103.190002
2020-06-10,105.790001
2020-06-11,100.889999
2020-06-12,102.309998
2020-06-15,104.680000
2020-06-16,102.889999
2020-06-17,102.629997
2020-06-18,106.389999
2020-06-19,106.900002
2020-06-22,106.599998
2020-06-23,107.160004
2020-06-24,108.430000
2020-06-25,110.190002
2020-06-26,105.199997
2020-06-29,105.959999
2020-06-30,104.150002
2020-07-01,106.129997
2020-07-02,106.010002
2020-07-06,106.779999
2020-07-07,105.800003
2020-07-08,106.610001
2020-07-09,106.169998
2020-07-10,107.050003
2020-07-13,104.519997
2020-07-14,105.389999
2020-07-15,104.919998
2020-07-16,104.489998
2020-07-17,105.349998
2020-07-20,106.139999
2020-07-21,105.580002
2020-07-22,104.930000
2020-07-23,104.510002
2020-07-24,104.930000
2020-07-27,105.620003
2020-07-28,104.519997
2020-07-29,105.779999
2020-07-30,105.480003
2020-07-31,107.379997
2020-08-03,106.879997
2020-08-04,108.389999
2020-08-05,107.900002
2020-08-06,108.099998
2020-08-07,115.089996
2020-08-10,116.070000
2020-08-11,113.589996
2020-08-12,115.250000
2020-08-13,115.370003
2020-08-14,115.489998
2020-08-17,116.870003
2020-08-18,116.019997
2020-08-19,115.139999
2020-08-20,115.400002
2020-08-21,115.010002
2020-08-24,115.260002
2020-08-25,115.410004
2020-08-26,116.190002
2020-08-27,115.239998
2020-08-28,116.260002
2020-08-31,116.680000
2020-09-01,116.900002
2020-09-02,118.879997
2020-09-03,114.839996
2020-09-04,114.290001
2020-09-08,111.570000
2020-09-09,113.199997
2020-09-10,111.720001
2020-09-11,111.580002
2020-09-14,112.269997
2020-09-15,115.930000
2020-09-16,113.760002
2020-09-17,111.910004
2020-09-18,110.720001
2020-09-21,110.570000
2020-09-22,112.389999
2020-09-23,109.000000
2020-09-24,110.550003
2020-09-25,112.019997
2020-09-28,114.239998
2020-09-29,113.519997
2020-09-30,114.360001
2020-10-01,115.730003
2020-10-02,113.410004
2020-10-05,114.800003
2020-10-06,112.449997
2020-10-07,114.220001
2020-10-08,115.489998
2020-10-09,117.230003
2020-10-12,120.070000
2020-10-13,121.570000
2020-10-14,116.669998
2020-10-15,115.300003
2020-10-16,114.959999
2020-10-19,112.750000
2020-10-20,113.070000
2020-10-21,112.419998
2020-10-22,111.639999
2020-10-23,112.379997
2020-10-26,111.779999
2020-10-27,112.820000
2020-10-28,109.800003
2020-10-29,109.510002
2020-10-30,109.570000
2020-11-02,110.389999
2020-11-03,111.120003
2020-11-04,116.019997
2020-11-05,117.260002
2020-11-06,123.559998
2020-11-09,122.779999
2020-11-10,121.720001
2020-11-11,125.150002
2020-11-12,126.809998
2020-11-13,128.229996
2020-11-16,128.649994
2020-11-17,129.000000
2020-11-18,127.849998
2020-11-19,129.190002
2020-11-20,129.679993
2020-11-23,127.879997
2020-11-24,128.059998
2020-11-25,128.740005
2020-11-27,131.899994
2020-11-30,132.940002
2020-12-01,133.729996
2020-12-02,133.139999
2020-12-03,131.190002
2020-12-04,131.800003
2020-12-07,132.960007
2020-12-08,133.149994
2020-12-09,131.119995
2020-12-10,130.559998
2020-12-11,131.229996
2020-12-14,129.360001
2020-12-15,130.000000
2020-12-16,129.809998
2020-12-17,130.009995
2020-12-18,131.919998
2020-12-21,130.220001
2020-12-22,132.250000
2020-12-23,132.229996
2020-12-24,132.919998
2020-12-28,133.000000
2020-12-29,133.139999
2020-12-30,133.279999
2020-12-31,134.850006
2021-01-04,132.429993
2021-01-05,131.850006
2021-01-06,131.529999
2021-01-07,133.190002
2021-01-08,135.059998
2021-01-11,132.929993
2021-01-12,128.690002
2021-01-13,128.500000
2021-01-14,124.690002
2021-01-15,127.279999
2021-01-19,129.850006
2021-01-20,132.300003
2021-01-21,130.399994
2021-01-22,130.360001
2021-01-25,131.100006
2021-01-26,131.410004
2021-01-27,123.269997
2021-01-28,127.769997
2021-01-29,126.080002
2021-02-01,128.419998
2021-02-02,131.889999
2021-02-03,129.369995
2021-02-04,130.600006
2021-02-05,125.279999
2021-02-08,126.099998
2021-02-09,124.449997
2021-02-10,124.489998
2021-02-11,124.400002
2021-02-12,123.680000
2021-02-16,122.000000
2021-02-17,121.300003
2021-02-18,123.040001
2021-02-19,120.099998
2021-02-22,117.910004
2021-02-23,119.220001
2021-02-24,119.379997
2021-02-25,120.889999
2021-02-26,119.970001
2021-03-01,123.570000
2021-03-02,122.449997
2021-03-03,118.839996
2021-03-04,118.610001
2021-03-05,124.680000
2021-03-08,127.059998
2021-03-09,126.309998
2021-03-10,127.410004
2021-03-11,125.989998
2021-03-12,127.120003
2021-03-15,125.629997
2021-03-16,127.779999
2021-03-17,127.300003
2021-03-18,124.910004
2021-03-19,124.190002
2021-03-22,126.110001
2021-03-23,124.389999
2021-03-24,122.360001
2021-03-25,123.480003
2021-03-26,122.989998
2021-03-29,123.459999
2021-03-30,124.639999
2021-03-31,125.290001
2021-04-01,127.650002
2021-04-05,131.399994
2021-04-06,131.429993
2021-04-07,130.020004
2021-04-08,130.110001
2021-04-09,129.029999
2021-04-12,130.759995
2021-04-13,130.789993
2021-04-14,129.899994
2021-04-15,131.470001
2021-04-16,133.050003
2021-04-19,131.990005
2021-04-20,130.550003
2021-04-21,132.119995
2021-04-22,131.729996
2021-04-23,133.320007
2021-04-26,132.500000
2021-04-27,132.919998
2021-04-28,132.080002
2021-04-29,134.009995
2021-04-30,132.130005
2021-05-03,131.449997
2021-05-04,128.479996
2021-05-05,134.130005
2021-05-06,138.880005
2021-05-07,139.119995
2021-05-10,135.809998
2021-05-11,138.000000
2021-05-12,136.639999
2021-05-13,138.119995
2021-05-14,141.520004
2021-05-17,140.199997
2021-05-18,135.000000
2021-05-19,134.350006
2021-05-20,136.160004
2021-05-21,136.050003
2021-05-24,137.729996
2021-05-25,136.759995
2021-05-26,139.649994
2021-05-27,141.309998
2021-05-28,141.449997
2021-06-01,141.699997
2021-06-02,140.979996
2021-06-03,142.320007
2021-06-04,144.509995
2021-06-07,143.509995
2021-06-08,145.389999
2021-06-09,147.270004
2021-06-10,146.509995
2021-06-11,145.350006
2021-06-14,145.259995
2021-06-15,145.679993
2021-06-16,144.910004
2021-06-17,146.449997
2021-06-18,144.699997
2021-06-21,145.660004
2021-06-22,145.820007
2021-06-23,145.029999
2021-06-24,145.600006
2021-06-25,145.339996
2021-06-28,145.039993
2021-06-29,144.990005
2021-06-30,144.830002
2021-07-01,145.339996
2021-07-02,146.289993
2021-07-06,146.750000
2021-07-07,148.039993
2021-07-08,146.860001
2021-07-09,146.009995
2021-07-12,146.899994
2021-07-13,147.770004
2021-07-14,148.899994
2021-07-15,148.339996
2021-07-16,149.410004
2021-07-19,144.610001
2021-07-20,144.399994
2021-07-21,144.570007
2021-07-22,144.750000
2021-07-23,144.000000
2021-07-26,144.970001
2021-07-27,144.820007
2021-07-28,145.119995
2021-07-29,144.630005
2021-07-30,144.020004
2021-08-02,144.910004
2021-08-03,144.500000
2021-08-04,142.220001
2021-08-05,141.929993
2021-08-06,142.229996
2021-08-09,142.990005
2021-08-10,143.199997
2021-08-11,144.589996
2021-08-12,144.740005
2021-08-13,144.940002
2021-08-16,140.729996
2021-08-17,140.669998
2021-08-18,139.830002
2021-08-19,140.889999
2021-08-20,141.809998
2021-08-23,142.539993
2021-08-24,142.500000
2021-08-25,139.860001
2021-08-26,137.580002
2021-08-27,138.380005
2021-08-30,137.899994
2021-08-31,137.020004
2021-09-01,137.740005
2021-09-02,136.130005
2021-09-03,136.000000
2021-09-07,134.470001
2021-09-08,133.669998
2021-09-09,131.440002
2021-09-10,130.809998
2021-09-13,130.020004
2021-09-14,128.919998
2021-09-15,127.070000
2021-09-16,128.910004
2021-09-17,128.000000
2021-09-20,125.629997
2021-09-21,124.900002
2021-09-22,127.730003
2021-09-23,130.940002
2021-09-24,129.429993
2021-09-27,127.779999
2021-09-28,126.309998
2021-09-29,128.100006
2021-09-30,127.760002
2021-10-01,126.760002
2021-10-04,125.459999
2021-10-05,125.400002
2021-10-06,124.599998
2021-10-07,123.180000
2021-10-08,121.220001
2021-10-11,117.190002
2021-10-12,116.279999
2021-10-13,116.459999
2021-10-14,119.260002
2021-10-15,117.559998
2021-10-18,117.379997
2021-10-19,118.559998
2021-10-20,121.940002
2021-10-21,116.849998
2021-10-22,116.870003
2021-10-25,115.930000
2021-10-26,116.360001
2021-10-27,116.620003
2021-10-28,116.040001
2021-10-29,115.029999
2021-11-01,115.860001
2021-11-02,115.800003
2021-11-03,121.940002
2021-11-04,122.650002
2021-11-05,122.669998
2021-11-08,120.860001
2021-11-09,119.860001
2021-11-10,119.550003
2021-11-11,118.470001
2021-11-12,118.239998
2021-11-15,117.769997
2021-11-16,118.360001
2021-11-17,117.190002
2021-11-18,116.980003
2021-11-19,115.620003
2021-11-22,113.849998
2021-11-23,115.459999
2021-11-24,114.480003
2021-11-26,113.529999
2021-11-29,113.400002
2021-11-30,108.809998
2021-12-01,106.720001
2021-12-02,110.360001
2021-12-03,112.769997
2021-12-06,115.629997
2021-12-07,117.150002
2021-12-08,114.750000
2021-12-09,113.989998
2021-12-10,114.769997
2021-12-13,115.010002
2021-12-14,117.309998
2021-12-15,118.419998
2021-12-16,120.580002
2021-12-17,119.809998
2021-12-20,118.989998
2021-12-21,121.099998
2021-12-22,120.559998
2021-12-23,119.910004
2021-12-27,118.580002
2021-12-28,118.160004
2021-12-29,117.639999
2021-12-30,116.510002
2021-12-31,115.980003
2022-01-03,114.430000
2022-01-04,114.059998
2022-01-05,115.360001
2022-01-06,115.570000
2022-01-07,109.739998
2022-01-10,105.739998
2022-01-11,110.970001
2022-01-12,110.849998
2022-01-13,110.120003
2022-01-14,108.519997
2022-01-18,106.910004
2022-01-19,105.379997
2022-01-20,104.059998
2022-01-21,101.620003
2022-01-24,106.650002
2022-01-25,105.669998
2022-01-26,104.220001
2022-01-27,106.029999
2022-01-28,108.650002
2022-01-31,108.169998
2022-02-01,109.550003
2022-02-02,109.580002
2022-02-03,120.779999
2022-02-04,120.940002
2022-02-07,122.050003
2022-02-08,125.440002
2022-02-09,128.080002
2022-02-10,125.129997
2022-02-11,124.480003
2022-02-14,125.510002
2022-02-15,127.029999
2022-02-16,127.459999
2022-02-17,124.550003
2022-02-18,123.980003
2022-02-22,123.510002
2022-02-23,121.440002
2022-02-24,123.660004
2022-02-25,125.459999
2022-02-28,123.209999
2022-03-01,123.129997
2022-03-02,125.610001
2022-03-03,123.919998
2022-03-04,123.230003
2022-03-07,122.309998
2022-03-08,119.279999
2022-03-09,121.959999
2022-03-10,123.540001
2022-03-11,124.570000
2022-03-14,124.070000
2022-03-15,126.279999
2022-03-16,127.760002
2022-03-17,128.949997
2022-03-18,127.180000
2022-03-21,125.970001
2022-03-22,125.690002
2022-03-23,124.830002
2022-03-24,125.690002
2022-03-25,124.290001
2022-03-28,126.489998
2022-03-29,128.429993
2022-03-30,128.610001
2022-03-31,128.350006
2022-04-01,130.759995
2022-04-04,132.589996
2022-04-05,131.960007
2022-04-06,133.710007
2022-04-07,133.279999
2022-04-08,132.839996
2022-04-11,130.419998
2022-04-12,131.440002
2022-04-13,134.850006
2022-04-14,132.960007
2022-04-18,130.759995
2022-04-19,132.839996
2022-04-20,132.699997
2022-04-21,132.100006
2022-04-22,128.630005
2022-04-25,128.809998
2022-04-26,124.959999
2022-04-27,129.839996
2022-04-28,132.289993
2022-04-29,123.139999
2022-05-02,126.400002
2022-05-03,126.250000
2022-05-04,132.369995
2022-05-05,129.559998
2022-05-06,126.800003
2022-05-09,121.730003
2022-05-10,123.000000
2022-05-11,123.279999
2022-05-12,124.029999
2022-05-13,126.330002
2022-05-16,126.550003
2022-05-17,128.619995
2022-05-18,125.239998
2022-05-19,125.879997
2022-05-20,126.040001
2022-05-23,129.889999
2022-05-24,129.220001
2022-05-25,131.440002
2022-05-26,132.740005
2022-05-27,134.110001
2022-05-31,133.289993
2022-06-01,134.559998
2022-06-02,135.800003
2022-06-03,136.610001
2022-06-06,137.169998
2022-06-07,138.589996
2022-06-08,135.210007
2022-06-09,133.020004
2022-06-10,130.509995
2022-06-13,124.620003
2022-06-14,124.900002
2022-06-15,126.519997
2022-06-16,124.279999
2022-06-17,127.589996
2022-06-21,131.669998
2022-06-22,133.169998
2022-06-23,135.940002
2022-06-24,137.080002
2022-06-27,136.539993
2022-06-28,133.029999
2022-06-29,134.369995
2022-06-30,134.539993
2022-07-01,136.809998
2022-07-05,137.559998
2022-07-06,137.000000
2022-07-07,136.330002
2022-07-08,135.720001
2022-07-11,134.729996
2022-07-12,134.440002
2022-07-13,134.919998
2022-07-14,135.660004
2022-07-15,137.369995
2022-07-18,134.470001
2022-07-19,137.520004
2022-07-20,137.449997
2022-07-21,133.190002
2022-07-22,132.479996
2022-07-25,134.559998
2022-07-26,133.910004
2022-07-27,140.910004
2022-07-28,141.699997
2022-07-29,143.059998
2022-08-01,143.789993
2022-08-02,142.350006
2022-08-03,143.699997
2022-08-04,143.789993
2022-08-05,144.559998
2022-08-08,144.580002
2022-08-09,145.580002
2022-08-10,144.839996
2022-08-11,143.610001
2022-08-12,146.460007
2022-08-15,146.690002
2022-08-16,146.630005
2022-08-17,145.550003
2022-08-18,146.860001
2022-08-19,146.369995
2022-08-22,144.580002
2022-08-23,143.860001
2022-08-24,145.330002
2022-08-25,147.070007
2022-08-26,143.020004
2022-08-29,144.889999
2022-08-30,145.520004
2022-08-31,143.960007
2022-09-01,143.919998
2022-09-02,141.979996
2022-09-06,141.910004
2022-09-07,145.500000
2022-09-08,145.369995
2022-09-09,145.699997
2022-09-12,145.149994
2022-09-13,137.740005
2022-09-14,141.929993
2022-09-15,141.020004
2022-09-16,139.949997
2022-09-19,140.710007
2022-09-20,139.639999
2022-09-21,136.770004
2022-09-22,135.050003
2022-09-23,132.330002
2022-09-26,132.320007
2022-09-27,132.679993
2022-09-28,135.520004
2022-09-29,134.639999
2022-09-30,134.169998
2022-10-03,138.899994
2022-10-04,142.539993
2022-10-05,141.229996
2022-10-06,139.419998
2022-10-07,137.589996
2022-10-10,137.729996
2022-10-11,137.149994
2022-10-12,132.940002
2022-10-13,133.080002
2022-10-14,131.520004
2022-10-17,133.839996
2022-10-18,136.160004
2022-10-19,135.740005
2022-10-20,136.020004
2022-10-21,136.460007
2022-10-24,139.320007
2022-10-25,140.630005
2022-10-26,140.839996
2022-10-27,140.630005
2022-10-28,151.000000
2022-10-31,151.559998
2022-11-01,152.279999
2022-11-02,150.020004
2022-11-03,148.169998
2022-11-04,148.830002
2022-11-07,149.779999
2022-11-08,149.899994
2022-11-09,148.639999
2022-11-10,150.449997
2022-11-11,146.190002
2022-11-14,145.460007
2022-11-15,145.000000
2022-11-16,144.880005
2022-11-17,147.770004
2022-11-18,148.830002
2022-11-21,149.880005
2022-11-22,151.600006
2022-11-23,150.119995
2022-11-25,151.050003
2022-11-28,149.899994
2022-11-29,148.619995
2022-11-30,151.460007
2022-12-01,151.809998
2022-12-02,152.410004
2022-12-05,150.619995
2022-12-06,149.389999
2022-12-07,148.789993
2022-12-08,143.809998
2022-12-09,141.570007
2022-12-12,142.399994
2022-12-13,140.580002
2022-12-14,142.360001
2022-12-15,140.199997
2022-12-16,142.360001
2022-12-19,141.619995
2022-12-20,140.339996
2022-12-21,141.470001
2022-12-22,139.529999
2022-12-23,140.020004
2022-12-27,140.990005
2022-12-28,138.979996
2022-12-29,139.399994
2022-12-30,140.000000
2023-01-03,139.039993
2023-01-04,139.960007
2023-01-05,144.479996
2023-01-06,148.570007
2023-01-09,148.770004
2023-01-10,149.559998
2023-01-11,148.800003
2023-01-12,149.910004
2023-01-13,149.679993
2023-01-17,146.979996
2023-01-18,145.899994
2023-01-19,145.139999
2023-01-20,145.119995
2023-01-23,144.369995
2023-01-24,145.809998
2023-01-25,148.070007
2023-01-26,148.690002
2023-01-27,146.729996
2023-01-30,146.979996
2023-01-31,149.309998
2023-02-01,150.970001
2023-02-02,146.949997
2023-02-03,145.190002
2023-02-06,141.970001
2023-02-07,142.990005
2023-02-08,143.809998
2023-02-09,142.850006
2023-02-10,143.699997
2023-02-13,146.580002
2023-02-14,147.490005
2023-02-15,147.550003
2023-02-16,146.729996
2023-02-17,149.350006
2023-02-21,147.089996
2023-02-22,147.330002
2023-02-23,144.729996
2023-02-24,144.410004
2023-02-27,144.130005
2023-02-28,142.179993
2023-03-01,141.289993
2023-03-02,141.149994
2023-03-03,141.899994
2023-03-06,143.720001
2023-03-07,142.869995
2023-03-08,143.179993
2023-03-09,141.089996
2023-03-10,139.509995
2023-03-13,139.729996
2023-03-14,143.009995
2023-03-15,144.419998
2023-03-16,141.509995
2023-03-17,142.449997
2023-03-20,145.610001
2023-03-21,144.669998
2023-03-22,143.460007
2023-03-23,142.300003
2023-03-24,142.539993
2023-03-27,143.899994
2023-03-28,142.789993
2023-03-29,143.809998
2023-03-30,144.570007
2023-03-31,144.839996
2023-04-03,146.759995
2023-04-04,146.309998
2023-04-05,149.119995
2023-04-06,149.610001
2023-04-10,149.990005
2023-04-11,149.949997
2023-04-12,149.509995
2023-04-13,150.369995
2023-04-14,149.589996
2023-04-17,150.490005
2023-04-18,150.320007
2023-04-19,148.779999
2023-04-20,145.940002
2023-04-21,146.220001
2023-04-24,145.860001
2023-04-25,148.000000
2023-04-26,148.279999
2023-04-27,149.940002
2023-04-28,143.899994
2023-05-01,143.210007
2023-05-02,140.360001
2023-05-03,139.910004
2023-05-04,141.259995
2023-05-05,143.559998
2023-05-08,144.179993
2023-05-09,142.029999
2023-05-10,142.029999
2023-05-11,142.699997
2023-05-12,144.119995
2023-05-15,144.619995
2023-05-16,143.699997
2023-05-17,141.580002
2023-05-18,138.179993
2023-05-19,139.029999
2023-05-22,141.600006
2023-05-23,141.369995
2023-05-24,140.000000
2023-05-25,135.759995
2023-05-26,135.149994
2023-05-30,135.119995
2023-05-31,137.250000
2023-06-01,138.910004
2023-06-02,131.190002
2023-06-05,132.220001
2023-06-06,128.539993
2023-06-07,126.550003
2023-06-08,130.320007
2023-06-09,131.360001
2023-06-12,130.779999
2023-06-13,129.880005
2023-06-14,128.050003
2023-06-15,132.759995
2023-06-16,130.929993
2023-06-20,131.229996
2023-06-21,132.679993
2023-06-22,134.339996
2023-06-23,132.800003
2023-06-26,134.850006
2023-06-27,136.169998
2023-06-28,136.270004
2023-06-29,136.839996
2023-06-30,138.899994
2023-07-03,139.330002
2023-07-05,139.559998
2023-07-06,139.160004
2023-07-07,138.970001
2023-07-10,138.339996
2023-07-11,140.020004
2023-07-12,140.889999
2023-07-13,140.690002
2023-07-14,139.679993
2023-07-17,138.000000
2023-07-18,138.449997
2023-07-19,137.580002
2023-07-20,140.100006
2023-07-21,140.899994
2023-07-24,141.369995
2023-07-25,142.470001
2023-07-26,141.089996
2023-07-27,139.880005
2023-07-28,140.869995
2023-07-31,137.770004
2023-08-01,137.259995
2023-08-02,135.779999
2023-08-03,135.369995
2023-08-04,134.600006
2023-08-07,136.649994
2023-08-08,136.259995
2023-08-09,137.710007
2023-08-10,137.729996
2023-08-11,138.339996
2023-08-14,139.500000
2023-08-15,138.580002
2023-08-16,138.250000
2023-08-17,136.369995
2023-08-18,136.139999
2023-08-21,135.550003
2023-08-22,135.160004
2023-08-23,136.330002
2023-08-24,133.320007
2023-08-25,133.350006
2023-08-28,135.179993
2023-08-29,136.740005
2023-08-30,137.389999
2023-08-31,136.250000
2023-09-01,137.330002
2023-09-05,136.889999
2023-09-06,134.130005
2023-09-07,137.279999
2023-09-08,137.630005
2023-09-11,140.259995
2023-09-12,140.110001
2023-09-13,141.500000
2023-09-14,143.119995
2023-09-15,141.929993
2023-09-18,140.809998
2023-09-19,142.470001
2023-09-20,142.070007
2023-09-21,139.990005
2023-09-22,139.350006
2023-09-25,140.009995
2023-09-26,140.460007
2023-09-27,139.699997
2023-09-28,139.699997
2023-09-29,140.050003
2023-10-02,139.259995
2023-10-03,136.429993
2023-10-04,138.059998
2023-10-05,137.429993
2023-10-06,139.029999
2023-10-09,140.139999
2023-10-10,142.410004
2023-10-11,143.119995
2023-10-12,141.139999
2023-10-13,141.669998
2023-10-16,143.240005
2023-10-17,142.770004
2023-10-18,139.690002
2023-10-19,137.839996
2023-10-20,136.990005
2023-10-23,137.740005
2023-10-24,141.070007
2023-10-25,140.990005
2023-10-26,142.860001
2023-10-27,140.000000
2023-10-30,141.570007
2023-10-31,143.860001
2023-11-01,145.050003
2023-11-02,146.500000
2023-11-03,147.490005
2023-11-06,147.339996
2023-11-07,147.130005
2023-11-08,146.639999
2023-11-09,146.889999
2023-11-10,147.610001
2023-11-13,147.210007
2023-11-14,147.009995
2023-11-15,147.199997
2023-11-16,147.490005
2023-11-17,147.710007
2023-11-20,148.500000
2023-11-21,148.610001
2023-11-22,148.910004
2023-11-24,148.979996
2023-11-27,148.800003
2023-11-28,148.380005
2023-11-29,149.550003
2023-11-30,150.449997
2023-12-01,152.250000
2023-12-04,152.800003
2023-12-05,154.000000
2023-12-06,155.500000
2023-12-07,156.360001
2023-12-08,156.399994
2023-12-11,158.850006
2023-12-12,160.440002
2023-12-13,159.550003
2023-12-14,156.869995
2023-12-15,156.149994
2023-12-18,156.259995
2023-12-19,155.869995
2023-12-20,154.539993
2023-12-21,154.929993
2023-12-22,155.710007
2023-12-26,156.830002
2023-12-27,157.940002
2023-12-28,158.949997
2023-12-29,160.330002
2024-01-02,161.910004
2024-01-03,162.080002
2024-01-04,162.300003
2024-01-05,163.369995
2024-01-08,163.410004
2024-01-09,163.199997
2024-01-10,163.289993
2024-01-11,162.169998
2024-01-12,162.539993
2024-01-16,163.080002
2024-01-17,164.270004
2024-01-18,164.889999
2024-01-19,165.160004
2024-01-22,164.380005
2024-01-23,163.740005
2024-01-24,162.000000
2024-01-25,162.559998
2024-01-26,162.160004
2024-01-29,163.089996
2024-01-30,161.699997
2024-01-31,161.229996
2024-02-01,162.500000
2024-02-02,161.779999
2024-02-05,162.009995
2024-02-06,161.000000
2024-02-07,161.779999
2024-02-08,160.929993
2024-02-09,162.190002
2024-02-12,161.759995
2024-02-13,161.479996
2024-02-14,161.419998
2024-02-15,161.570007
2024-02-16,160.410004
2024-02-20,162.050003
2024-02-21,164.050003
2024-02-22,163.550003
2024-02-23,164.339996
2024-02-26,163.910004
2024-02-27,164.619995
2024-02-28,163.800003
2024-02-29,163.300003
2024-03-01,163.369995
2024-03-04,163.339996
2024-03-05,165.899994
2024-03-06,167.419998
2024-03-07,164.389999
2024-03-08,163.990005
2024-03-11,164.759995
2024-03-12,163.679993
2024-03-13,164.089996
2024-03-14,162.860001
2024-03-15,161.809998
2024-03-18,161.149994
2024-03-19,160.740005
2024-03-20,161.160004
2024-03-21,160.929993
2024-03-22,160.610001
2024-03-25,161.119995
2024-03-26,161.100006
2024-03-27,162.009995
2024-03-28,163.220001
2024-04-01,162.669998
2024-04-02,162.080002
2024-04-03,163.259995
2024-04-04,161.610001
2024-04-05,161.110001
2024-04-08,160.899994
2024-04-09,161.000000
2024-04-10,160.380005
2024-04-11,160.690002
2024-04-12,160.050003
2024-04-15,159.820007
2024-04-16,159.789993
2024-04-17,160.089996
2024-04-18,160.850006
2024-04-19,162.330002
2024-04-22,162.360001
2024-04-23,163.250000
2024-04-24,164.179993
2024-04-25,164.050003
2024-04-26,163.960007
2024-04-29,164.250000
2024-04-30,164.169998
2024-05-01,165.470001
2024-05-02,164.910004
2024-05-03,164.600006
2024-05-06,162.369995
2024-05-07,162.190002
2024-05-08,162.830002
2024-05-09,164.679993
2024-05-10,164.199997
2024-05-13,163.350006
2024-05-14,162.410004
2024-05-15,162.679993
2024-05-16,163.580002
2024-05-17,164.000000
2024-05-20,163.899994
2024-05-21,164.360001
2024-05-22,165.500000
2024-05-23,164.970001
2024-05-24,166.000000
2024-05-28,167.309998
2024-05-29,168.880005
2024-05-30,170.699997
2024-05-31,174.960007
2024-06-03,173.080002
2024-06-04,177.910004
2024-06-05,180.270004
2024-06-06,179.770004
2024-06-07,179.820007
2024-06-10,180.690002
2024-06-11,178.399994
2024-06-12,173.789993
2024-06-13,175.110001
2024-06-14,175.990005
2024-06-17,177.380005
2024-06-18,177.610001
2024-06-20,176.440002
2024-06-21,176.729996
2024-06-24,177.949997
2024-06-25,177.630005
2024-06-26,176.309998
2024-06-27,177.419998
2024-06-28,176.179993
2024-07-01,179.080002
2024-07-02,179.979996
2024-07-03,178.460007
2024-07-05,179.240005
2024-07-08,179.169998
2024-07-09,179.050003
2024-07-10,180.520004
2024-07-11,178.809998
2024-07-12,179.539993
2024-07-15,181.750000
2024-07-16,182.979996
2024-07-17,183.559998
2024-07-18,182.289993
2024-07-19,182.050003
2024-07-22,177.440002
2024-07-23,176.559998
2024-07-24,176.889999
2024-07-25,175.139999
2024-07-26,175.529999
2024-07-29,176.869995
2024-07-30,175.360001
2024-07-31,182.279999
2024-08-01,187.070007
2024-08-02,188.759995
2024-08-05,186.869995
2024-08-06,189.860001
2024-08-07,190.589996
2024-08-08,193.610001
2024-08-09,194.199997
2024-08-12,194.949997
2024-08-13,195.330002
2024-08-14,196.490005
2024-08-15,194.630005
2024-08-16,196.559998
2024-08-19,197.580002
2024-08-20,196.220001
2024-08-21,195.460007
2024-08-22,196.440002
2024-08-23,198.580002
2024-08-26,200.429993
2024-08-27,204.029999
2024-08-28,201.410004
2024-08-29,200.080002
2024-08-30,198.720001
2024-09-03,200.529999
2024-09-04,198.800003
2024-09-05,197.179993
2024-09-06,193.000000
2024-09-09,195.300003
2024-09-10,196.500000
2024-09-11,198.539993
2024-09-12,202.410004
2024-09-13,202.830002
2024-09-16,205.850006
2024-09-17,202.699997
2024-09-18,196.679993
2024-09-19,199.639999
2024-09-20,199.440002
2024-09-23,202.460007
2024-09-24,201.440002
2024-09-25,203.309998
2024-09-26,203.250000
2024-09-27,205.179993
2024-09-30,206.360001
2024-10-01,206.100006
2024-10-02,208.080002
2024-10-03,208.029999
2024-10-04,208.279999
2024-10-07,208.330002
2024-10-08,211.169998
2024-10-09,212.089996
2024-10-10,211.449997
2024-10-11,213.039993
2024-10-14,215.910004
2024-10-15,217.029999
2024-10-16,219.759995
2024-10-17,221.949997
2024-10-18,223.210007
2024-10-21,222.770004
2024-10-22,219.009995
2024-10-23,220.949997
2024-10-24,233.559998
2024-10-25,226.360001
2024-10-28,227.809998
2024-10-29,226.050003
2024-10-30,222.770004
2024-10-31,223.160004
2024-11-01,223.279999
2024-11-04,224.250000
2024-11-05,227.110001
2024-11-06,232.190002
2024-11-07,231.490005
2024-11-08,235.309998
2024-11-11,238.320007
2024-11-12,239.000000
2024-11-13,240.880005
2024-11-14,237.750000
2024-11-15,235.610001
2024-11-18,237.029999
2024-11-19,233.199997
2024-11-20,235.470001
2024-11-21,236.580002
2024-11-22,238.279999
2024-11-25,239.940002
2024-11-26,244.919998
2024-11-27,246.199997
2024-11-29,246.940002
2024-12-02,244.820007
2024-12-03,244.850006
2024-12-04,243.080002
2024-12-05,243.940002
2024-12-06,243.779999
2024-12-09,228.860001
2024-12-10,233.500000
2024-12-11,234.339996
2024-12-12,233.270004
2024-12-13,231.940002
2024-12-16,229.470001
2024-12-17,220.710007
2024-12-18,220.690002
2024-12-19,218.000000
2024-12-20,220.309998
2024-12-23,221.660004
2024-12-24,223.009995
2024-12-26,223.679993
2024-12-27,223.020004
2024-12-30,220.660004
2024-12-31,220.729996
2025-01-02,219.529999
2025-01-03,219.110001
2025-01-06,212.380005
2025-01-07,212.339996
2025-01-08,215.520004
2025-01-10,211.300003
2025-01-13,213.460007
2025-01-14,214.179993
2025-01-15,214.199997
2025-01-16,215.750000
2025-01-17,218.970001
2025-01-21,219.490005
2025-01-22,218.179993
2025-01-23,216.039993
2025-01-24,218.570007
2025-01-27,221.429993
2025-01-28,221.139999
2025-01-29,235.149994
2025-01-30,234.369995
2025-01-31,232.970001
2025-02-03,238.100006
2025-02-04,237.250000
2025-02-05,242.429993
2025-02-06,247.169998
2025-02-07,246.240005
2025-02-10,255.830002
2025-02-11,258.700012
2025-02-12,255.279999
2025-02-13,265.079987
2025-02-14,270.820007
2025-02-18,263.209991
2025-02-19,263.350006
2025-02-20,265.399994
2025-02-21,265.170013
2025-02-24,268.130005
2025-02-25,270.540009
2025-02-26,263.579987
2025-02-27,264.170013
2025-02-28,269.690002
2025-03-03,272.829987
2025-03-04,264.649994
2025-03-05,262.739990
2025-03-06,262.950012
2025-03-07,265.239990
2025-03-10,266.630005
2025-03-11,256.670013
2025-03-12,255.610001
2025-03-13,259.100006
2025-03-14,255.979996
2025-03-17,260.170013
2025-03-18,260.730011
2025-03-19,259.250000
2025-03-20,257.029999
2025-03-21,255.839996
2025-03-24,258.959991
2025-03-25,258.750000
2025-03-26,262.510010
2025-03-27,268.279999
2025-03-28,264.929993
2025-03-31,266.709991
2025-04-01,268.540009
2025-04-02,264.559998
2025-04-03,267.890015
2025-04-04,248.110001
2025-04-07,246.669998
2025-04-08,246.300003
2025-04-09,254.899994
2025-04-10,256.119995
2025-04-11,258.670013
2025-04-14,262.640015
2025-04-15,266.709991
2025-04-16,259.640015
2025-04-17,262.040009
2025-04-21,253.479996
2025-04-22,258.299988
2025-04-23,259.350006
2025-04-24,262.179993
2025-04-25,232.770004
2025-04-28,236.770004
2025-04-29,241.589996
2025-04-30,246.949997
2025-05-01,247.000000
2025-05-02,248.880005
2025-05-05,248.300003
2025-05-06,253.800003
2025-05-07,251.259995
2025-05-08,247.490005
2025-05-09,243.809998
2025-05-12,240.320007
2025-05-13,237.339996
2025-05-14,235.289993
2025-05-15,240.160004
2025-05-16,242.660004
2025-05-19,244.250000
2025-05-20,241.210007
2025-05-21,240.759995
2025-05-22,240.820007
2025-05-23,242.880005
2025-05-27,243.360001
2025-05-28,241.509995
2025-05-29,239.300003
2025-05-30,242.199997
2025-06-02,243.059998
2025-06-03,243.880005
2025-06-04,241.960007
2025-06-05,244.899994
2025-06-06,245.860001
2025-06-09,237.949997
2025-06-10,236.979996
2025-06-11,230.940002
2025-06-12,228.699997
2025-06-13,228.000000
2025-06-16,230.990005
2025-06-17,221.429993
2025-06-18,220.990005
2025-06-20,221.520004
2025-06-23,226.979996
2025-06-24,229.820007
2025-06-25,230.899994
2025-06-26,231.419998
2025-06-27,235.250000
2025-06-30,238.259995
2025-07-01,241.509995
2025-07-02,237.419998
2025-07-03,240.750000
2025-07-07,237.630005
2025-07-08,235.970001
2025-07-09,232.309998
2025-07-10,228.149994
2025-07-11,227.759995
2025-07-14,228.149994
2025-07-15,226.020004
2025-07-16,228.740005
2025-07-17,227.029999
2025-07-18,227.210007
2025-07-21,232.619995
2025-07-22,233.250000
2025-07-23,233.929993
2025-07-24,247.500000
2025-07-25,243.550003
2025-07-28,238.190002
2025-07-29,239.250000
2025-07-30,241.580002
2025-07-31,238.410004
2025-08-01,237.199997
2025-08-04,241.009995
2025-08-05,238.929993
2025-08-06,239.220001
2025-08-07,242.929993
2025-08-08,244.979996
2025-08-11,248.869995
2025-08-12,252.279999
2025-08-13,250.839996
2025-08-14,250.309998
2025-08-15,254.630005
2025-08-18,255.179993
2025-08-19,258.220001
2025-08-20,259.010010
2025-08-21,258.160004
2025-08-22,251.949997
2025-08-25,251.740005
2025-08-26,251.199997
2025-08-27,251.360001
2025-08-28,250.559998
2025-08-29,251.990005
2025-09-02,255.889999
2025-09-03,252.660004
2025-09-04,252.119995
2025-09-05,252.759995
2025-09-08,242.899994
2025-09-09,242.720001
2025-09-10,240.380005
2025-09-11,241.389999
2025-09-12,241.720001
2025-09-15,239.740005
2025-09-16,237.619995
2025-09-17,239.449997
2025-09-18,238.830002
2025-09-19,238.169998
2025-09-22,237.440002
2025-09-23,239.490005
2025-09-24,238.399994
2025-09-25,237.940002
2025-09-26,237.470001
2025-09-29,237.960007
2025-09-30,239.380005
2025-10-01,233.259995
2025-10-02,230.139999
2025-10-03,230.270004
2025-10-06,224.960007
2025-10-07,227.679993
2025-10-08,226.580002
2025-10-09,226.210007
2025-10-10,228.789993
2025-10-13,225.059998
2025-10-14,229.419998
2025-10-15,226.649994
2025-10-16,226.449997
2025-10-17,229.330002
2025-10-20,230.089996
2025-10-21,229.080002
2025-10-22,227.399994
2025-10-23,219.990005
2025-10-24,217.770004
2025-10-27,220.679993
2025-10-28,219.990005
2025-10-29,215.009995
2025-10-30,210.649994
2025-10-31,210.050003
2025-11-03,203.320007
2025-11-04,206.289993
2025-11-05,204.740005
2025-11-06,201.009995
2025-11-07,207.000000
2025-11-10,205.869995
2025-11-11,211.979996
2025-11-12,212.679993
2025-11-13,214.570007
2025-11-14,216.080002
2025-11-17,215.839996
2025-11-18,213.080002
2025-11-19,211.270004
2025-11-20,210.509995
2025-11-21,209.479996
2025-11-24,207.339996
2025-11-25,206.899994
2025-11-26,206.729996
2025-11-28,209.009995
2025-12-01,206.630005
2025-12-02,210.130005
2025-12-03,208.509995
2025-12-04,208.009995
2025-12-05,209.630005
2025-12-08,204.440002
2025-12-09,201.350006
2025-12-10,195.320007
2025-12-11,195.330002
2025-12-12,195.160004
2025-12-15,196.160004
2025-12-16,198.000000
2025-12-17,199.380005
2025-12-18,200.270004
2025-12-19,196.729996
2025-12-22,195.759995
2025-12-23,197.669998
2025-12-24,199.020004
2025-12-26,201.000000
2025-12-29,203.149994
2025-12-30,203.800003
2025-12-31,203.039993
2026-01-02,199.580002
2026-01-05,200.860001
2026-01-06,198.600006
2026-01-07,197.289993
2026-01-08,197.910004
2026-01-09,200.559998
2026-01-12,197.509995
2026-01-13,189.669998
2026-01-14,192.020004
2026-01-15,190.660004
2026-01-16,186.320007
2026-01-20,183.649994
2026-01-21,183.600006
2026-01-22,185.389999
2026-01-23,186.029999
2026-01-26,187.960007
2026-01-27,184.490005
2026-01-28,186.250000
2026-01-29,189.279999
2026-01-30,197.210007
2026-02-02,194.990005
2026-02-03,197.679993
2026-02-04,201.789993
2026-02-05,201.860001
2026-02-06,197.389999
2026-02-09,197.660004
2026-02-10,199.429993
2026-02-11,209.539993
2026-02-12,214.679993
2026-02-13,219.500000
2026-02-17,219.610001
2026-02-18,213.250000
2026-02-19,215.300003
2026-02-20,215.460007
2026-02-23,219.949997
2026-02-24,221.979996
2026-02-25,218.660004
2026-02-26,213.149994
2026-02-27,217.089996
2026-03-02,216.110001
2026-03-03,218.529999
2026-03-04,219.710007
2026-03-05,220.539993
2026-03-06,221.570007
2026-03-09,217.500000
2026-03-10,218.779999
2026-03-11,213.440002
2026-03-12,214.369995
2026-03-13,217.389999
2026-03-16,214.820007
2026-03-17,213.350006
2026-03-18,206.619995
2026-03-19,206.589996
2026-03-20,208.470001
2026-03-23,208.759995
2026-03-24,211.259995
2026-03-25,211.360001
2026-03-26,211.589996
2026-03-27,210.820007
2026-03-30,213.940002
2026-03-31,210.029999
2026-04-01,204.250000
2026-04-02,201.399994
2026-04-06,198.610001
2026-04-07,200.539993
2026-04-08,197.630005
2026-04-09,197.539993
2026-04-10,195.710007
2026-04-13,192.429993
2026-04-14,190.000000
2026-04-15,190.190002
2026-04-16,197.119995
2026-04-17,197.669998
2026-04-20,198.360001
2026-04-21,195.389999
2026-04-22,188.919998
2026-04-23,194.070007
2026-04-24,189.800003
2026-04-27,182.750000
2026-04-28,186.720001
2026-04-29,198.169998
2026-04-30,195.500000
2026-05-01,196.059998
2026-05-04,194.419998
2026-05-05,194.309998
2026-05-06,193.160004
2026-05-07,194.199997
2026-05-08,193.630005
2026-05-11,190.850006
2026-05-12,193.300003
2026-05-13,190.279999
2026-05-14,188.190002
2026-05-15,185.220001
2026-05-18,190.649994
2026-05-19,193.419998
2026-05-20,190.160004
2026-05-21,190.899994
2026-05-22,191.470001
2026-05-26,191.110001
2026-05-27,190.809998
2026-05-28,189.009995
2026-05-29,187.529999
2026-06-01,186.740005
2026-06-02,188.830002
2026-06-03,181.449997
2026-06-04,177.020004
2026-06-05,178.100006
2026-06-08,178.429993
2026-06-09,179.460007
2026-06-10,185.550003
2026-06-11,185.820007
2026-06-12,189.100006
2026-06-15,188.860001
2026-06-16,184.360001
2026-06-17,181.309998
2026-06-18,181.669998
2026-06-22,180.059998
2026-06-23,184.570007
2026-06-24,180.789993
2026-06-25,181.570007
2026-06-26,182.679993
2026-06-29,173.970001
2026-06-30,167.729996
2026-07-01,173.059998
2026-07-02,177.520004
2026-07-06,181.789993
2026-07-07,184.729996
2026-07-08,180.139999
2026-07-09,181.479996
2026-07-10,187.610001
2026-07-13,188.410004
2026-07-14,187.130005
2026-07-15,187.619995
2026-07-16,192.850006
2026-07-17,192.429993
2026-07-20,195.639999
2026-07-21,190.770004
2026-07-22,190.940002
2026-07-23,170.419998
2026-07-24,180.089996
2026-07-27,177.210007
2026-07-28,182.389999
2026-07-29,181.520004
2026-07-30,173.339996
2026-07-31,172.710007
2026-08-03,177.089996
2026-08-04,177.210007
2026-08-05,173.460007
2026-08-06,179.970001
2026-08-07,177.190002
2026-08-10,178.199997
2026-08-11,178.580002
2026-08-12,177.130005
2026-08-13,183.380005
2026-08-14,182.610001
2026-08-17,180.119995
2026-08-18,182.750000
2026-08-19,182.360001
2026-08-20,181.220001
2026-08-21,183.039993
2026-08-24,182.619995
2026-08-25,181.610001
2026-08-26,179.610001
2026-08-27,177.750000
2026-08-28,181.369995
2026-08-31,180.440002
2026-09-01,182.160004
2026-09-02,187.300003
2026-09-03,188.020004
2026-09-04,181.520004
2026-09-08,181.690002
2026-09-09,177.339996
