d,o,h,l,c
2015-10-01,1.827917,1.843125,1.755833,1.841875
2015-10-02,1.767917,1.939792,1.750000,1.937500
2015-10-05,1.982708,2.038333,1.970062,2.025833
2015-10-06,2.011042,2.028750,1.946458,1.996875
2015-10-07,2.032500,2.043125,1.953333,2.028958
2015-10-08,2.007292,2.064583,1.948125,2.053750
2015-10-09,2.056458,2.093750,2.040150,2.078750
2015-10-12,2.094583,2.108542,2.071458,2.096250
2015-10-13,2.060417,2.124458,2.050000,2.055208
2015-10-14,2.055833,2.086875,2.020000,2.046458
2015-10-15,2.068542,2.146875,2.060625,2.146458
2015-10-16,2.160625,2.177083,2.129229,2.173125
2015-10-19,2.163125,2.215625,2.151042,2.212083
2015-10-20,2.198750,2.213542,2.154583,2.175417
2015-10-21,2.209583,2.215867,2.134167,2.140417
2015-10-22,2.193958,2.272708,2.175625,2.267292
2015-10-23,2.450208,2.485625,2.413542,2.455833
2015-10-26,2.452708,2.476667,2.425000,2.463125
2015-10-27,2.443125,2.487937,2.441042,2.479167
2015-10-28,2.490417,2.538333,2.428908,2.536667
2015-10-29,2.503750,2.539583,2.496458,2.527292
2015-10-30,2.530625,2.543750,2.492500,2.492708
2015-11-02,2.511250,2.586042,2.497292,2.577708
2015-11-03,2.561875,2.631990,2.550000,2.602292
2015-11-04,2.628125,2.635417,2.572292,2.603333
2015-11-05,2.611250,2.630417,2.542917,2.580417
2015-11-06,2.569583,2.597292,2.518554,2.588958
2015-11-09,2.558958,2.569333,2.457919,2.505625
2015-11-10,2.465625,2.493125,2.443750,2.487917
2015-11-11,2.506875,2.542708,2.464479,2.476875
2015-11-12,2.445000,2.482292,2.399583,2.405000
2015-11-13,2.374792,2.381771,2.259583,2.263542
2015-11-16,2.256042,2.361458,2.240250,2.357917
2015-11-17,2.372292,2.415833,2.346875,2.366042
2015-11-18,2.392708,2.508333,2.386354,2.501667
2015-11-19,2.505833,2.540442,2.492500,2.505417
2015-11-20,2.540417,2.562500,2.534152,2.555208
2015-11-23,2.556042,2.587500,2.502292,2.534583
2015-11-24,2.485417,2.545625,2.446458,2.526667
2015-11-25,2.536458,2.548333,2.518750,2.532292
2015-11-27,2.550417,2.560000,2.518750,2.541458
2015-11-30,2.566875,2.567229,2.500417,2.525417
2015-12-01,2.553750,2.600417,2.545625,2.600417
2015-12-02,2.605417,2.640417,2.539792,2.553125
2015-12-03,2.573333,2.584792,2.378333,2.422917
2015-12-04,2.443542,2.604167,2.429167,2.589375
2015-12-07,2.597083,2.601833,2.519792,2.557708
2015-12-08,2.476667,2.581490,2.473542,2.557917
2015-12-09,2.521667,2.565000,2.395208,2.438750
2015-12-10,2.456458,2.521667,2.435000,2.473333
2015-12-11,2.387708,2.406875,2.298333,2.303750
2015-12-14,2.313750,2.357500,2.214167,2.355417
2015-12-15,2.419375,2.458125,2.388750,2.395417
2015-12-16,2.446250,2.516042,2.372917,2.501250
2015-12-17,2.534583,2.536667,2.393958,2.397083
2015-12-18,2.371458,2.388125,2.260417,2.265417
2015-12-21,2.321250,2.332917,2.270533,2.332708
2015-12-22,2.369167,2.387292,2.331875,2.376875
2015-12-23,2.412292,2.435000,2.401042,2.431250
2015-12-24,2.428958,2.448750,2.425000,2.426250
2015-12-28,2.409377,2.425625,2.358125,2.425625
2015-12-29,2.467708,2.554583,2.462708,2.536250
2015-12-30,2.530417,2.534792,2.469583,2.471458
2015-12-31,2.444375,2.457708,2.377083,2.379792
2016-01-04,2.221875,2.234375,2.140312,2.234375
2016-01-05,2.260415,2.269375,2.184167,2.214375
2016-01-06,2.100835,2.188542,2.100833,2.155000
2016-01-07,2.014583,2.093750,1.947083,1.950000
2016-01-08,1.993750,2.028542,1.895208,1.903958
2016-01-11,1.942500,1.958958,1.831250,1.920625
2016-01-12,1.973125,2.015206,1.904167,1.985417
2016-01-13,2.009375,2.023333,1.770833,1.777708
2016-01-14,1.800833,1.940623,1.714583,1.892708
2016-01-15,1.703750,1.777083,1.644375,1.718750
2016-01-19,1.786042,1.794250,1.666875,1.726042
2016-01-20,1.645833,1.766250,1.532083,1.710417
2016-01-21,1.733333,1.791875,1.663750,1.716667
2016-01-22,1.817708,1.867500,1.802292,1.864583
2016-01-25,1.847292,1.876875,1.777083,1.780625
2016-01-26,1.805000,1.853123,1.757917,1.831458
2016-01-27,1.798125,1.821042,1.670833,1.695208
2016-01-28,1.776042,1.779167,1.677292,1.762083
2016-01-29,1.764656,1.876875,1.761460,1.876875
2016-02-01,1.846954,1.911250,1.826042,1.887500
2016-02-02,1.865250,1.865250,1.750417,1.767708
2016-02-03,1.800417,1.801458,1.648750,1.742708
2016-02-04,1.727292,1.782292,1.680208,1.739583
2016-02-05,1.722917,1.724604,1.541250,1.560625
2016-02-08,1.473542,1.507917,1.402917,1.489375
2016-02-09,1.427917,1.541437,1.421250,1.472083
2016-02-10,1.526042,1.581667,1.487292,1.489583
2016-02-11,1.431458,1.518958,1.420417,1.486042
2016-02-12,1.532500,1.555833,1.492083,1.549375
2016-02-16,1.617083,1.652500,1.591042,1.652500
2016-02-17,1.694167,1.775625,1.679167,1.766667
2016-02-18,1.785417,1.786042,1.701042,1.706667
2016-02-19,1.687292,1.738748,1.671250,1.724375
2016-02-22,1.771229,1.811875,1.766250,1.805833
2016-02-23,1.775833,1.789312,1.714167,1.715833
2016-02-24,1.658542,1.772919,1.625833,1.766875
2016-02-25,1.778333,1.817708,1.730208,1.815625
2016-02-26,1.857083,1.861458,1.799187,1.811458
2016-02-29,1.806875,1.847708,1.763542,1.763542
2016-03-01,1.813935,1.932708,1.797500,1.932292
2016-03-02,1.925417,1.936437,1.889792,1.934375
2016-03-03,1.927500,1.931042,1.882708,1.923542
2016-03-04,1.931875,1.963787,1.888125,1.926875
2016-03-07,1.896875,1.930625,1.849375,1.891042
2016-03-08,1.851065,1.901042,1.833750,1.841042
2016-03-09,1.864560,1.879542,1.833333,1.876250
2016-03-10,1.903125,1.934583,1.797292,1.869167
2016-03-11,1.930208,1.968125,1.913125,1.966042
2016-03-14,1.943958,1.992083,1.943958,1.977500
2016-03-15,1.957917,1.981667,1.937708,1.976250
2016-03-16,1.960625,2.043542,1.958750,2.026667
2016-03-17,2.009375,2.038958,1.987710,2.020833
2016-03-18,2.039375,2.049583,2.002292,2.032500
2016-03-21,2.023542,2.063542,2.019792,2.056667
2016-03-22,2.022917,2.090625,2.021458,2.075000
2016-03-23,2.064154,2.068542,2.011458,2.025625
2016-03-24,1.993542,2.028750,1.985417,2.025000
2016-03-28,2.045417,2.045833,2.007917,2.017708
2016-03-29,2.008333,2.118750,1.996875,2.114167
2016-03-30,2.153333,2.185625,2.132083,2.145833
2016-03-31,2.143331,2.165000,2.126458,2.133333
2016-04-01,2.099375,2.206875,2.088958,2.204375
2016-04-04,2.200000,2.208333,2.163983,2.177083
2016-04-05,2.128125,2.152500,2.107500,2.118542
2016-04-06,2.122917,2.221665,2.122917,2.220000
2016-04-07,2.182292,2.193125,2.096458,2.124167
2016-04-08,2.163479,2.177708,2.097083,2.119167
2016-04-11,2.147083,2.178125,2.094792,2.096458
2016-04-12,2.100000,2.160000,2.061250,2.145417
2016-04-13,2.195625,2.239792,2.188958,2.229167
2016-04-14,2.229792,2.255208,2.213125,2.230625
2016-04-15,2.224583,2.239167,2.196669,2.213542
2016-04-18,2.192917,2.250833,2.190833,2.246250
2016-04-19,2.268750,2.270833,2.171875,2.207500
2016-04-20,2.205833,2.242708,2.184169,2.212917
2016-04-21,2.210146,2.236667,2.183542,2.213542
2016-04-22,2.129167,2.157292,2.062083,2.113333
2016-04-25,2.091667,2.112917,2.081875,2.111667
2016-04-26,2.123958,2.136875,2.062917,2.082708
2016-04-27,2.019167,2.045625,1.980417,2.032708
2016-04-28,2.038750,2.074375,1.946667,1.960625
2016-04-29,1.955000,1.970000,1.881210,1.929375
2016-05-02,1.941458,1.989375,1.917708,1.980417
2016-05-03,1.938542,1.965000,1.910000,1.927708
2016-05-04,1.891458,1.911875,1.874583,1.889583
2016-05-05,1.908958,1.921667,1.875210,1.888542
2016-05-06,1.860208,1.917500,1.853125,1.915833
2016-05-09,1.917958,1.958958,1.915000,1.932708
2016-05-10,1.952917,2.015000,1.943333,2.013750
2016-05-11,2.004583,2.021667,1.955833,1.958750
2016-05-12,1.975185,1.977708,1.890833,1.931250
2016-05-13,1.927708,1.961665,1.898958,1.907917
2016-05-16,1.918750,2.002500,1.913542,1.981458
2016-05-17,1.978542,1.993125,1.891458,1.905417
2016-05-18,1.895417,1.958125,1.881667,1.927083
2016-05-19,1.904583,1.919500,1.855208,1.896667
2016-05-20,1.920000,1.982500,1.916458,1.960000
2016-05-23,1.962708,1.987083,1.946458,1.950417
2016-05-24,1.983542,2.076040,1.982500,2.069792
2016-05-25,2.092894,2.132290,2.081875,2.114375
2016-05-26,2.120833,2.139792,2.104583,2.132083
2016-05-27,2.138333,2.165833,2.135417,2.164167
2016-05-31,2.174792,2.187292,2.144792,2.177083
2016-06-01,2.156250,2.191875,2.151458,2.177917
2016-06-02,2.165312,2.191458,2.129167,2.190208
2016-06-03,2.179583,2.181687,2.117917,2.160208
2016-06-06,2.170625,2.200625,2.160833,2.183333
2016-06-07,2.188125,2.193750,2.163750,2.167917
2016-06-08,2.178860,2.191250,2.154167,2.177500
2016-06-09,2.151042,2.174375,2.138958,2.167917
2016-06-10,2.108565,2.120417,2.071479,2.095000
2016-06-13,2.058542,2.092785,2.033333,2.041250
2016-06-14,2.027437,2.062292,1.995833,2.042292
2016-06-15,2.055833,2.062292,2.012708,2.023958
2016-06-16,1.992292,2.046458,1.953808,2.038542
2016-06-17,2.028750,2.030208,1.955208,1.968750
2016-06-20,2.040625,2.065208,2.001250,2.004167
2016-06-21,2.014375,2.036875,2.002333,2.024167
2016-06-22,2.028437,2.063542,2.005208,2.011042
2016-06-23,2.056667,2.096667,2.032292,2.095833
2016-06-24,1.874375,1.965625,1.825000,1.839167
2016-06-27,1.799583,1.799792,1.704167,1.732083
2016-06-28,1.784792,1.843125,1.783125,1.840625
2016-06-29,1.884375,1.949792,1.882083,1.936250
2016-06-30,1.948960,2.008958,1.929167,2.006667
2016-07-01,2.002917,2.058542,2.000833,2.034167
2016-07-05,2.006875,2.011667,1.965833,1.998125
2016-07-06,1.968750,2.049608,1.951458,2.045208
2016-07-07,2.054375,2.079167,2.036458,2.064583
2016-07-08,2.095208,2.165000,2.089583,2.160000
2016-07-11,2.184583,2.222012,2.182500,2.196875
2016-07-12,2.239583,2.249167,2.222752,2.231458
2016-07-13,2.248333,2.250833,2.214375,2.215833
2016-07-14,2.258542,2.272917,2.243958,2.260833
2016-07-15,2.273958,2.279375,2.234375,2.248125
2016-07-18,2.254167,2.305833,2.252292,2.292917
2016-07-19,2.270833,2.290000,2.256979,2.269167
2016-07-20,2.303958,2.360875,2.297292,2.346875
2016-07-21,2.353958,2.366250,2.312917,2.332917
2016-07-22,2.338333,2.368750,2.315408,2.360000
2016-07-25,2.354792,2.362292,2.337500,2.362083
2016-07-26,2.359792,2.395000,2.333333,2.370000
2016-07-27,2.428125,2.436873,2.387708,2.416250
2016-07-28,2.431458,2.451667,2.406667,2.442500
2016-07-29,2.458333,2.478750,2.436250,2.458542
2016-08-01,2.466458,2.516042,2.455417,2.497083
2016-08-02,2.486458,2.493542,2.393125,2.440833
2016-08-03,2.432917,2.465208,2.430710,2.463958
2016-08-04,2.463333,2.493125,2.445208,2.486042
2016-08-05,2.525000,2.573958,2.515627,2.557917
2016-08-08,2.562292,2.563708,2.524375,2.549792
2016-08-09,2.554792,2.590150,2.550000,2.566667
2016-08-10,2.568542,2.572500,2.526044,2.546875
2016-08-11,2.570833,2.595817,2.556875,2.579792
2016-08-12,2.564583,2.584583,2.557083,2.584583
2016-08-15,2.595833,2.634271,2.591250,2.617083
2016-08-16,2.604167,2.604167,2.572252,2.575833
2016-08-17,2.577083,2.589792,2.532917,2.587917
2016-08-18,2.579792,2.600417,2.566667,2.590417
2016-08-19,2.576250,2.603542,2.554579,2.586875
2016-08-22,2.574583,2.606042,2.561250,2.589375
2016-08-23,2.622500,2.635833,2.602919,2.604792
2016-08-24,2.601458,2.612292,2.530229,2.554583
2016-08-25,2.532083,2.565833,2.525625,2.542500
2016-08-26,2.544792,2.603333,2.508333,2.554792
2016-08-29,2.556042,2.584894,2.554792,2.561875
2016-08-30,2.552500,2.573958,2.512917,2.538750
2016-08-31,2.526875,2.539123,2.498958,2.532083
2016-09-01,2.538542,2.558750,2.496250,2.543333
2016-09-02,2.584583,2.603958,2.546000,2.573125
2016-09-06,2.588542,2.622917,2.570833,2.620833
2016-09-07,2.628958,2.640417,2.597708,2.625625
2016-09-08,2.605625,2.605625,2.560625,2.580625
2016-09-09,2.517708,2.533333,2.385000,2.385000
2016-09-12,2.349167,2.523790,2.344792,2.507292
2016-09-13,2.473750,2.497500,2.410208,2.448125
2016-09-14,2.453542,2.520833,2.451875,2.479583
2016-09-15,2.486875,2.606875,2.481250,2.594583
2016-09-16,2.588125,2.600406,2.554167,2.591667
2016-09-19,2.611875,2.636142,2.543958,2.557708
2016-09-20,2.583333,2.604167,2.560000,2.571875
2016-09-21,2.604167,2.658542,2.560208,2.646667
2016-09-22,2.696250,2.719956,2.686667,2.708542
2016-09-23,2.698958,2.701458,2.647500,2.659792
2016-09-26,2.612708,2.623333,2.580833,2.593750
2016-09-27,2.590833,2.672083,2.580833,2.667292
2016-09-28,2.676875,2.686667,2.641271,2.681875
2016-09-29,2.671667,2.683542,2.589792,2.625000
2016-09-30,2.649167,2.705608,2.636042,2.678958
2016-10-03,2.669792,2.680833,2.638542,2.672917
2016-10-04,2.691875,2.711458,2.628623,2.657708
2016-10-05,2.681875,2.711458,2.678035,2.685417
2016-10-06,2.674792,2.698542,2.643125,2.681250
2016-10-07,2.689792,2.699792,2.625417,2.663750
2016-10-10,2.703125,2.732708,2.701667,2.711458
2016-10-11,2.708333,2.709167,2.563542,2.599375
2016-10-12,2.600208,2.618104,2.567500,2.593958
2016-10-13,2.538125,2.584583,2.493125,2.563542
2016-10-14,2.601042,2.631667,2.567083,2.569375
2016-10-17,2.568750,2.582044,2.541398,2.551667
2016-10-18,2.642500,2.654792,2.614583,2.617083
2016-10-19,2.609583,2.628542,2.603958,2.618125
2016-10-20,2.606042,2.625417,2.562917,2.607083
2016-10-21,2.611042,2.641458,2.588125,2.635417
2016-10-24,2.686667,2.736875,2.686667,2.731458
2016-10-25,2.736250,2.737917,2.693506,2.704167
2016-10-26,2.650833,2.695037,2.627083,2.652292
2016-10-27,2.684792,2.691250,2.603333,2.615208
2016-10-28,2.590417,2.632083,2.541667,2.570000
2016-10-31,2.595000,2.595000,2.554167,2.555417
2016-11-01,2.571875,2.571875,2.433750,2.502917
2016-11-02,2.494583,2.511458,2.421042,2.437708
2016-11-03,2.426042,2.450625,2.358542,2.367500
2016-11-04,2.349583,2.397292,2.328750,2.340625
2016-11-07,2.458333,2.516250,2.444375,2.508333
2016-11-08,2.500000,2.591250,2.483333,2.557500
2016-11-09,2.468958,2.604792,2.459792,2.593333
2016-11-10,2.628125,2.639606,2.363958,2.470000
2016-11-11,2.431250,2.485833,2.408333,2.467917
2016-11-14,2.473333,2.477917,2.357500,2.384583
2016-11-15,2.445000,2.517708,2.438125,2.495000
2016-11-16,2.457292,2.543531,2.457292,2.535625
2016-11-17,2.536042,2.594375,2.518125,2.594375
2016-11-18,2.598958,2.616125,2.557292,2.565208
2016-11-21,2.583333,2.650417,2.580417,2.642292
2016-11-22,2.673958,2.687500,2.647500,2.666042
2016-11-23,2.641667,2.649375,2.600000,2.633958
2016-11-25,2.646458,2.663333,2.635625,2.659375
2016-11-28,2.647292,2.679133,2.633750,2.644583
2016-11-29,2.646875,2.706667,2.627500,2.670000
2016-11-30,2.675417,2.681875,2.569375,2.583542
2016-12-01,2.567083,2.570625,2.426458,2.441667
2016-12-02,2.442708,2.482500,2.422292,2.451458
2016-12-05,2.492708,2.539227,2.456687,2.508125
2016-12-06,2.527500,2.540625,2.496667,2.526250
2016-12-07,2.511667,2.632500,2.489583,2.620000
2016-12-08,2.626667,2.657292,2.611458,2.636042
2016-12-09,2.665833,2.702292,2.665833,2.697708
2016-12-12,2.660833,2.678333,2.629479,2.660208
2016-12-13,2.685417,2.806875,2.685417,2.764167
2016-12-14,2.769583,2.799581,2.720437,2.743958
2016-12-15,2.751458,2.806250,2.736687,2.760625
2016-12-16,2.772917,2.791437,2.711875,2.727083
2016-12-19,2.738542,2.810417,2.726250,2.760417
2016-12-20,2.782083,2.807292,2.777083,2.793750
2016-12-21,2.794792,2.800417,2.766562,2.783958
2016-12-22,2.785208,2.788958,2.730000,2.759792
2016-12-23,2.748542,2.769583,2.739583,2.768333
2016-12-27,2.781875,2.856873,2.780417,2.808750
2016-12-28,2.828125,2.834792,2.737708,2.743750
2016-12-29,2.742500,2.759583,2.705833,2.730417
2016-12-30,2.746042,2.747687,2.625000,2.650625
2017-01-03,2.703125,2.747708,2.674375,2.714792
2017-01-04,2.727292,2.776250,2.723794,2.761042
2017-01-05,2.758750,2.813542,2.756250,2.810000
2017-01-06,2.817500,2.903333,2.793854,2.881250
2017-01-09,2.889375,2.925000,2.882500,2.910417
2017-01-10,2.909167,2.954583,2.893958,2.927083
2017-01-11,2.929167,2.951667,2.886250,2.949583
2017-01-12,2.920417,2.943333,2.855417,2.934583
2017-01-13,2.945000,2.982500,2.943337,2.968333
2017-01-17,2.943750,2.958333,2.915000,2.940417
2017-01-18,2.954167,2.966254,2.930417,2.960417
2017-01-19,2.968750,3.001467,2.935833,2.952500
2017-01-20,2.989167,3.014583,2.950000,2.971667
2017-01-23,2.962500,2.991667,2.923750,2.978333
2017-01-24,2.994583,3.053333,2.982087,3.040417
2017-01-25,3.095417,3.133750,3.088750,3.129167
2017-01-26,3.145417,3.160833,3.125417,3.142083
2017-01-27,3.157917,3.167662,3.128333,3.157083
2017-01-30,3.123750,3.125417,3.032500,3.085417
2017-01-31,3.051667,3.068333,3.012083,3.068333
2017-02-01,3.131667,3.146667,3.086667,3.126667
2017-02-02,3.110833,3.147917,3.085000,3.118750
2017-02-03,3.132917,3.156250,3.121667,3.145833
2017-02-06,3.130417,3.159167,3.122083,3.157500
2017-02-07,3.174167,3.212083,3.169300,3.190000
2017-02-08,3.178333,3.220417,3.161050,3.207917
2017-02-09,3.216667,3.263542,3.211667,3.241250
2017-02-10,3.263750,3.287500,3.247083,3.273333
2017-02-13,3.301250,3.342917,3.299167,3.330833
2017-02-14,3.330833,3.363333,3.301667,3.362083
2017-02-15,3.357917,3.426667,3.350000,3.420000
2017-02-16,3.428333,3.448562,3.392492,3.417083
2017-02-17,3.402917,3.462500,3.400833,3.460000
2017-02-21,3.484167,3.519996,3.476250,3.515000
2017-02-22,3.504167,3.524246,3.485833,3.515417
2017-02-23,3.529583,3.531250,3.434167,3.477500
2017-02-24,3.427500,3.496250,3.425000,3.496250
2017-02-27,3.474167,3.508750,3.458808,3.506667
2017-02-28,3.507083,3.510417,3.447500,3.479167
2017-03-01,3.539583,3.608333,3.523333,3.591667
2017-03-02,3.587083,3.590000,3.523333,3.535000
2017-03-03,3.526667,3.558333,3.499583,3.553333
2017-03-06,3.515000,3.548333,3.487917,3.528750
2017-03-07,3.506667,3.558333,3.494625,3.511250
2017-03-08,3.516667,3.563333,3.507917,3.529167
2017-03-09,3.529583,3.552833,3.482083,3.540000
2017-03-10,3.583333,3.598333,3.538000,3.578750
2017-03-13,3.575417,3.602917,3.572083,3.599583
2017-03-14,3.575000,3.580417,3.530000,3.572917
2017-03-15,3.597500,3.663333,3.560417,3.635417
2017-03-16,3.660417,3.660417,3.607083,3.633333
2017-03-17,3.641667,3.656250,3.622500,3.624583
2017-03-20,3.624583,3.661250,3.608333,3.635417
2017-03-21,3.675833,3.687500,3.465000,3.473333
2017-03-22,3.473750,3.551250,3.459167,3.541667
2017-03-23,3.528750,3.556667,3.496667,3.513333
2017-03-24,3.546667,3.587917,3.495000,3.532500
2017-03-27,3.458750,3.569583,3.434583,3.551250
2017-03-28,3.550833,3.648750,3.528750,3.617917
2017-03-29,3.621250,3.670833,3.612917,3.665833
2017-03-30,3.664583,3.696250,3.652500,3.684167
2017-03-31,3.669167,3.705000,3.655833,3.675417
2017-04-03,3.686250,3.711667,3.609083,3.667500
2017-04-04,3.635417,3.687083,3.632917,3.684167
2017-04-05,3.702083,3.765833,3.620404,3.642083
2017-04-06,3.654583,3.675417,3.618750,3.645000
2017-04-07,3.639167,3.673750,3.601250,3.640833
2017-04-10,3.653333,3.688750,3.613750,3.645000
2017-04-11,3.630833,3.649167,3.517917,3.599167
2017-04-12,3.595000,3.602500,3.540833,3.551667
2017-04-13,3.537500,3.598750,3.507500,3.509583
2017-04-17,3.539167,3.597500,3.535196,3.592917
2017-04-18,3.559583,3.611625,3.552917,3.582500
2017-04-19,3.620833,3.659167,3.580000,3.595000
2017-04-20,3.640417,3.708333,3.622083,3.682083
2017-04-21,3.694167,3.698750,3.655050,3.680417
2017-04-24,3.802083,3.825000,3.785833,3.814167
2017-04-25,3.852083,3.917917,3.843275,3.898750
2017-04-26,3.902500,3.930412,3.873333,3.881667
2017-04-27,3.910833,3.950000,3.901250,3.949583
2017-04-28,3.997500,4.002083,3.952083,3.972083
2017-05-01,4.008750,4.092500,4.003754,4.072083
2017-05-02,4.092083,4.102083,4.060825,4.096250
2017-05-03,4.071250,4.071708,4.022917,4.055833
2017-05-04,4.057917,4.076667,4.018333,4.060000
2017-05-05,4.089167,4.104167,4.045417,4.104167
2017-05-08,4.110417,4.130417,4.085417,4.128750
2017-05-09,4.149167,4.201250,4.139367,4.174167
2017-05-10,4.178750,4.184583,4.136667,4.180833
2017-05-11,4.147500,4.172792,4.088750,4.170833
2017-05-12,4.176250,4.200417,4.165417,4.197917
2017-05-15,4.202083,4.244167,4.191250,4.237083
2017-05-16,4.267917,4.290833,4.232917,4.290417
2017-05-17,4.187917,4.211667,3.960312,3.965833
2017-05-18,3.959167,4.105417,3.943104,4.066250
2017-05-19,4.112500,4.168333,4.102500,4.115417
2017-05-22,4.144167,4.227083,4.139583,4.222083
2017-05-23,4.257917,4.258333,4.200833,4.232500
2017-05-24,4.268750,4.295833,4.234583,4.290833
2017-05-25,4.340833,4.431783,4.310833,4.403750
2017-05-26,4.402500,4.427083,4.383750,4.422500
2017-05-30,4.412500,4.447917,4.407083,4.431667
2017-05-31,4.481667,4.481667,4.358750,4.426250
2017-06-01,4.452917,4.482917,4.397917,4.479167
2017-06-02,4.525833,4.635371,4.503750,4.632083
2017-06-05,4.627083,4.652500,4.608750,4.628333
2017-06-06,4.611667,4.656667,4.552500,4.575833
2017-06-07,4.612500,4.637500,4.548333,4.625833
2017-06-08,4.657917,4.661667,4.565417,4.638333
2017-06-09,4.655833,4.672083,4.110833,4.302917
2017-06-12,4.183333,4.244167,4.059746,4.225000
2017-06-13,4.293333,4.340833,4.226458,4.323750
2017-06-14,4.374583,4.374583,4.163750,4.265833
2017-06-15,4.135417,4.222500,4.057508,4.208333
2017-06-16,4.200000,4.202917,4.107083,4.157917
2017-06-19,4.273750,4.373275,4.254583,4.359167
2017-06-20,4.348750,4.364167,4.254583,4.260417
2017-06-21,4.286667,4.388333,4.277917,4.384167
2017-06-22,4.403750,4.427500,4.345833,4.379167
2017-06-23,4.363750,4.445858,4.328333,4.428333
2017-06-26,4.503333,4.527917,4.338750,4.369583
2017-06-27,4.315000,4.332912,4.129167,4.129167
2017-06-28,4.172083,4.315925,4.101667,4.302500
2017-06-29,4.252500,4.252500,3.958333,4.083333
2017-06-30,4.119167,4.150417,4.045417,4.069167
2017-07-03,4.141667,4.154583,3.948333,3.958333
2017-07-05,3.992083,4.103750,3.952083,4.071250
2017-07-06,3.977083,4.028750,3.917917,3.963750
2017-07-07,4.002917,4.120833,4.000000,4.082500
2017-07-10,4.097917,4.197912,4.065087,4.167917
2017-07-11,4.149583,4.217717,4.102917,4.202083
2017-07-12,4.307500,4.365000,4.284167,4.351667
2017-07-13,4.368750,4.411179,4.342083,4.380417
2017-07-14,4.432083,4.499167,4.397083,4.483333
2017-07-17,4.497917,4.536667,4.463750,4.485833
2017-07-18,4.476250,4.579583,4.437500,4.575000
2017-07-19,4.614583,4.677083,4.611250,4.658750
2017-07-20,4.697917,4.702500,4.612083,4.676250
2017-07-21,4.618333,4.669583,4.597083,4.669167
2017-07-24,4.667917,4.742083,4.650417,4.730000
2017-07-25,4.686250,4.729583,4.657917,4.698333
2017-07-26,4.727917,4.749167,4.708333,4.740417
2017-07-27,4.833333,4.847917,4.485833,4.655833
2017-07-28,4.568750,4.662079,4.544583,4.640833
2017-07-31,4.678750,4.696667,4.549583,4.580417
2017-08-01,4.626250,4.630000,4.568750,4.610417
2017-08-02,4.695417,4.702083,4.518333,4.644167
2017-08-03,4.661667,4.663333,4.567087,4.595833
2017-08-04,4.618333,4.648750,4.560833,4.613750
2017-08-07,4.640417,4.702917,4.620833,4.695417
2017-08-08,4.674583,4.791667,4.637921,4.677917
2017-08-09,4.562917,4.665417,4.530833,4.659583
2017-08-10,4.583333,4.589583,4.346250,4.357083
2017-08-11,4.380833,4.486250,4.347450,4.456667
2017-08-14,4.559167,4.650000,4.559167,4.630000
2017-08-15,4.662500,4.665221,4.600417,4.638333
2017-08-16,4.670833,4.727083,4.616250,4.662500
2017-08-17,4.605833,4.628333,4.375000,4.375833
2017-08-18,4.382083,4.454583,4.312500,4.360417
2017-08-21,4.367917,4.393329,4.266667,4.352500
2017-08-22,4.419167,4.559583,4.414583,4.546250
2017-08-23,4.471250,4.526667,4.465833,4.495417
2017-08-24,4.529167,4.545833,4.379167,4.457917
2017-08-25,4.503333,4.541250,4.411250,4.427917
2017-08-28,4.466667,4.499167,4.425417,4.466667
2017-08-29,4.348333,4.541667,4.340000,4.521667
2017-08-30,4.529583,4.700000,4.521667,4.678333
2017-08-31,4.718750,4.828333,4.708750,4.811250
2017-09-01,4.847917,4.866367,4.770833,4.807917
2017-09-05,4.763333,4.794804,4.569583,4.679167
2017-09-06,4.719583,4.751250,4.618750,4.719583
2017-09-07,4.747083,4.787500,4.700000,4.748750
2017-09-08,4.730833,4.739167,4.614587,4.631667
2017-09-11,4.736250,4.809583,4.734583,4.779167
2017-09-12,4.825000,4.840250,4.752917,4.819583
2017-09-13,4.791667,4.840833,4.772500,4.839583
2017-09-14,4.786250,4.825417,4.745833,4.757917
2017-09-15,4.752917,4.854583,4.728333,4.796250
2017-09-18,4.820417,4.863333,4.739583,4.784583
2017-09-19,4.807083,4.827412,4.757917,4.805000
2017-09-20,4.802500,4.816667,4.652487,4.765000
2017-09-21,4.750833,4.752500,4.625000,4.673333
2017-09-22,4.627083,4.680417,4.615000,4.661667
2017-09-25,4.603333,4.611625,4.443750,4.515417
2017-09-26,4.580833,4.605833,4.498750,4.546250
2017-09-27,4.618750,4.719167,4.583333,4.669583
2017-09-28,4.635833,4.675000,4.601667,4.661667
2017-09-29,4.689583,4.770417,4.652500,4.760417
2017-10-02,4.786250,4.832083,4.710000,4.773750
2017-10-03,4.791667,4.820062,4.760417,4.803750
2017-10-04,4.775833,4.846250,4.762917,4.816250
2017-10-05,4.865000,4.963008,4.852083,4.955000
2017-10-06,4.908333,4.975000,4.906250,4.972917
2017-10-09,4.995833,5.010833,4.940417,4.960417
2017-10-10,5.007500,5.023750,4.904583,4.970833
2017-10-11,4.964583,5.016667,4.943921,5.014167
2017-10-12,4.992917,5.044983,4.969171,4.987083
2017-10-13,5.044583,5.060000,5.027083,5.042917
2017-10-16,5.080833,5.097500,5.047087,5.095000
2017-10-17,5.088750,5.114583,5.065000,5.112917
2017-10-18,5.127083,5.127917,5.072121,5.093333
2017-10-19,5.005833,5.037500,4.930000,5.037083
2017-10-20,5.095417,5.109583,5.058617,5.073750
2017-10-23,5.105000,5.107083,4.955417,4.979167
2017-10-24,5.002500,5.032083,4.946212,5.004583
2017-10-25,4.970833,5.020187,4.832083,4.943750
2017-10-26,4.936667,4.969671,4.890833,4.897917
2017-10-27,5.130417,5.349583,5.117917,5.320000
2017-10-30,5.305000,5.419850,5.295000,5.357917
2017-10-31,5.406250,5.439750,5.362917,5.414583
2017-11-01,5.482500,5.490000,5.347917,5.407500
2017-11-02,5.390417,5.398750,5.268750,5.380000
2017-11-03,5.437083,5.536167,5.382083,5.530000
2017-11-06,5.520417,5.594992,5.513750,5.586250
2017-11-07,5.572083,5.620417,5.540000,5.595417
2017-11-08,5.590000,5.668917,5.569167,5.665417
2017-11-09,5.527500,5.583333,5.402083,5.574583
2017-11-10,5.533750,5.585833,5.505833,5.572917
2017-11-13,5.510417,5.614167,5.509625,5.589583
2017-11-14,5.533333,5.551667,5.451667,5.533333
2017-11-15,5.462500,5.497912,5.365000,5.452083
2017-11-16,5.537917,5.696246,5.535175,5.656250
2017-11-17,5.662500,5.673333,5.577917,5.592917
2017-11-20,5.601667,5.620833,5.556667,5.579167
2017-11-21,5.657083,5.766667,5.651250,5.755000
2017-11-22,5.775417,5.796062,5.742917,5.777917
2017-11-24,5.800000,5.847500,5.789167,5.842917
2017-11-27,5.835417,5.875833,5.795000,5.833333
2017-11-28,5.874583,5.889583,5.779579,5.876250
2017-11-29,5.861667,5.861667,5.490000,5.574167
2017-11-30,5.644167,5.743292,5.602083,5.712500
2017-12-01,5.604167,5.717917,5.387083,5.636250
2017-12-04,5.746667,5.759583,5.424583,5.441667
2017-12-05,5.432083,5.637083,5.372917,5.449583
2017-12-06,5.389167,5.547917,5.369167,5.521667
2017-12-07,5.524167,5.625000,5.503750,5.576250
2017-12-08,5.699583,5.740833,5.625000,5.650000
2017-12-11,5.658750,5.786667,5.656250,5.779583
2017-12-12,5.771250,5.809167,5.721667,5.757917
2017-12-13,5.823333,5.845000,5.765833,5.786667
2017-12-14,5.820417,5.862083,5.756250,5.778333
2017-12-15,5.845833,5.992083,5.814167,5.966250
2017-12-18,6.087500,6.137083,6.058333,6.119583
2017-12-19,6.086667,6.106250,5.963750,6.020000
2017-12-20,6.077500,6.080000,5.920417,5.995000
2017-12-21,6.016250,6.071250,5.971667,5.992083
2017-12-22,5.966667,5.978750,5.921667,5.972083
2017-12-26,5.876250,5.896667,5.807917,5.875417
2017-12-27,5.872917,5.922500,5.858333,5.875417
2017-12-28,5.927500,5.932917,5.874067,5.891250
2017-12-29,5.912500,5.913333,5.775833,5.780000
2018-01-02,5.870833,6.089167,5.828750,6.076667
2018-01-03,6.102917,6.277500,6.100417,6.254583
2018-01-04,6.327917,6.350417,6.268967,6.291250
2018-01-05,6.379167,6.495000,6.346250,6.481250
2018-01-08,6.480417,6.566667,6.474167,6.553333
2018-01-09,6.595833,6.615417,6.500000,6.558333
2018-01-10,6.470417,6.514167,6.383904,6.511667
2018-01-11,6.547917,6.642083,6.513958,6.642083
2018-01-12,6.627083,6.808750,6.600833,6.782917
2018-01-16,6.920000,7.027917,6.670000,6.730417
2018-01-17,6.822500,6.977083,6.727917,6.942500
2018-01-18,6.915000,6.995417,6.862917,6.949167
2018-01-19,7.008750,7.045833,6.910417,7.015833
2018-01-22,6.999583,7.235000,6.981250,7.235000
2018-01-23,7.300417,7.436250,7.293333,7.418333
2018-01-24,7.458750,7.510833,7.143867,7.267917
2018-01-25,7.419583,7.425000,7.190621,7.258750
2018-01-26,7.380000,7.582917,7.336667,7.582917
2018-01-29,7.539583,7.589167,7.433750,7.482500
2018-01-30,7.274167,7.389542,7.178333,7.291250
2018-01-31,7.418750,7.460737,7.250000,7.381250
2018-02-01,7.213333,7.425000,7.120000,7.196667
2018-02-02,7.116250,7.159375,6.746250,6.757083
2018-02-05,6.572917,6.901667,5.942083,5.977083
2018-02-06,5.700833,6.458333,5.626250,6.437917
2018-02-07,6.378750,6.582917,6.183333,6.183333
2018-02-08,6.247083,6.255833,5.416667,5.417083
2018-02-09,5.633333,5.797917,5.050000,5.672083
2018-02-12,5.857500,6.099583,5.717917,5.989583
2018-02-13,5.875000,6.108333,5.848654,6.062500
2018-02-14,5.975417,6.442500,5.965417,6.417500
2018-02-15,6.583333,6.761667,6.382500,6.752917
2018-02-16,6.704167,6.894583,6.639587,6.677500
2018-02-20,6.600417,6.885000,6.594583,6.710833
2018-02-21,6.811667,7.008750,6.645833,6.650417
2018-02-22,6.745833,6.847917,6.600625,6.651667
2018-02-23,6.811250,7.052500,6.730833,7.047917
2018-02-26,7.158750,7.334167,7.143125,7.330833
2018-02-27,7.336667,7.382917,7.059167,7.068333
2018-02-28,7.185417,7.256250,6.919167,6.926250
2018-03-01,6.940417,7.034167,6.403333,6.592917
2018-03-02,6.350417,6.805833,6.282504,6.774167
2018-03-05,6.672917,7.046667,6.598333,6.986667
2018-03-06,7.095833,7.153750,6.950004,7.075000
2018-03-07,6.920417,7.145833,6.884167,7.127917
2018-03-08,7.208333,7.259167,7.129583,7.234167
2018-03-09,7.395833,7.655417,7.365833,7.655417
2018-03-12,7.735417,7.840417,7.680833,7.770000
2018-03-13,7.887917,7.938333,7.410662,7.487917
2018-03-14,7.591667,7.605417,7.366692,7.462500
2018-03-15,7.485000,7.575417,7.360000,7.429167
2018-03-16,7.479167,7.528292,7.366667,7.380000
2018-03-19,7.187083,7.187083,6.711250,6.916667
2018-03-20,6.918333,7.016625,6.840417,6.967500
2018-03-21,6.913750,7.108333,6.781037,6.866667
2018-03-22,6.600000,6.733292,6.341712,6.365000
2018-03-23,6.341667,6.424583,5.850833,5.850833
2018-03-26,6.215833,6.535000,5.932500,6.509167
2018-03-27,6.662083,6.662083,5.715417,5.885000
2018-03-28,5.777917,5.950833,5.541667,5.682083
2018-03-29,5.768333,6.154167,5.605417,5.996667
2018-04-02,5.849583,5.937500,5.282083,5.464167
2018-04-03,5.615000,5.716667,5.349583,5.647500
2018-04-04,5.320833,5.965833,5.300042,5.914583
2018-04-05,6.090833,6.114583,5.881667,6.007500
2018-04-06,5.809167,5.992500,5.475833,5.559167
2018-04-09,5.705833,6.010833,5.647917,5.670417
2018-04-10,5.945000,6.106250,5.818333,6.045000
2018-04-11,5.946250,6.140417,5.925417,5.943333
2018-04-12,6.062500,6.218750,6.041250,6.151667
2018-04-13,6.250417,6.276667,5.985833,6.060417
2018-04-16,6.185417,6.266250,6.074150,6.194167
2018-04-17,6.380000,6.638217,6.347917,6.590417
2018-04-18,6.608333,6.706250,6.504167,6.636250
2018-04-19,6.541250,6.582500,6.385212,6.455833
2018-04-20,6.408333,6.416617,6.079167,6.146250
2018-04-23,6.231667,6.305000,6.000000,6.097917
2018-04-24,6.182500,6.212079,5.590000,5.709167
2018-04-25,5.736667,5.800000,5.495000,5.731667
2018-04-26,5.954167,6.146017,5.892500,6.087083
2018-04-27,6.347917,6.360417,5.996667,6.101250
2018-04-30,6.135833,6.254167,5.922083,5.971250
2018-05-01,5.919167,6.173333,5.880417,6.165417
2018-05-02,6.199583,6.260417,6.041667,6.057917
2018-05-03,5.969167,6.124583,5.768750,6.058333
2018-05-04,5.990000,6.443750,5.965833,6.399167
2018-05-07,6.494167,6.622083,6.474167,6.551250
2018-05-08,6.513333,6.580833,6.396292,6.529583
2018-05-09,6.575000,6.764583,6.504167,6.748333
2018-05-10,6.812500,6.972500,6.797492,6.958333
2018-05-11,6.929167,6.984167,6.845833,6.937500
2018-05-14,6.981250,7.103750,6.937542,6.968333
2018-05-15,6.805000,6.814167,6.630833,6.742917
2018-05-16,6.758333,6.916667,6.756667,6.867083
2018-05-17,6.800000,6.945417,6.688750,6.789583
2018-05-18,6.716250,6.779167,6.653333,6.680833
2018-05-21,6.841250,6.926250,6.708396,6.797500
2018-05-22,6.878333,6.920792,6.732575,6.762083
2018-05-23,6.610000,6.936250,6.605833,6.932083
2018-05-24,6.931250,6.963750,6.717500,6.926250
2018-05-25,6.927500,7.020000,6.883762,6.943750
2018-05-29,6.851250,6.972500,6.728750,6.855000
2018-05-30,6.921250,7.035000,6.881263,7.001250
2018-05-31,6.993750,7.122500,6.930000,6.986250
2018-06-01,7.082500,7.322113,7.081250,7.311250
2018-06-04,7.368750,7.512500,7.352362,7.498750
2018-06-05,7.558750,7.613750,7.476250,7.576250
2018-06-06,7.600000,7.707500,7.485100,7.701250
2018-06-07,7.712500,7.715000,7.403750,7.522500
2018-06-08,7.405000,7.549537,7.353875,7.517500
2018-06-11,7.495000,7.632500,7.495000,7.576250
2018-06-12,7.612500,7.716250,7.583750,7.696250
2018-06-13,7.730000,7.866250,7.642500,7.687500
2018-06-14,7.800000,7.957500,7.776250,7.921250
2018-06-15,7.830000,7.886250,7.725000,7.842500
2018-06-18,7.687500,7.843750,7.615000,7.825000
2018-06-19,7.523750,7.757500,7.452500,7.755000
2018-06-20,7.865000,8.016250,7.841250,7.917500
2018-06-21,7.976250,7.998750,7.666250,7.712500
2018-06-22,7.788750,7.797500,7.576250,7.635000
2018-06-25,7.452500,7.483750,6.936250,7.147500
2018-06-26,7.217500,7.348113,7.137500,7.226250
2018-06-27,7.311250,7.415000,6.915000,6.936250
2018-06-28,6.902500,7.176250,6.858750,7.106250
2018-06-29,7.212500,7.320000,7.132500,7.138750
2018-07-02,6.953750,7.307500,6.910000,7.298750
2018-07-03,7.385000,7.385000,7.028500,7.047500
2018-07-05,7.185000,7.323750,7.073750,7.306250
2018-07-06,7.348750,7.661250,7.315000,7.635000
2018-07-09,7.766250,7.856250,7.673762,7.847500
2018-07-10,7.876250,7.918750,7.785000,7.866250
2018-07-11,7.683750,7.832500,7.661250,7.751250
2018-07-12,7.852500,8.140000,7.830000,8.133750
2018-07-13,8.137500,8.203750,8.073750,8.157500
2018-07-16,8.171250,8.207375,8.060000,8.102500
2018-07-17,7.855000,8.300000,7.847500,8.252500
2018-07-18,8.250000,8.273250,8.125000,8.200000
2018-07-19,8.112500,8.195000,8.047500,8.078750
2018-07-20,8.145000,8.228750,8.041250,8.067500
2018-07-23,8.003750,8.153750,7.900000,8.137500
2018-07-24,8.391250,8.481262,8.143750,8.241250
2018-07-25,8.255000,8.601250,8.245862,8.585000
2018-07-26,8.250000,8.317500,8.163750,8.210000
2018-07-27,8.350000,8.362500,7.722500,7.867500
2018-07-30,7.866250,7.876638,7.415000,7.528750
2018-07-31,7.613750,7.786250,7.488750,7.678750
2018-08-01,7.753750,7.853750,7.655000,7.783750
2018-08-02,7.611250,8.125000,7.605000,8.093750
2018-08-03,8.136250,8.173750,8.037500,8.166250
2018-08-06,8.157500,8.320737,8.123750,8.316250
2018-08-07,8.383750,8.450000,8.331250,8.397500
2018-08-08,8.373750,8.481250,8.300100,8.420000
2018-08-09,8.412500,8.512500,8.377625,8.412500
2018-08-10,8.243750,8.318750,8.127500,8.216250
2018-08-13,8.261250,8.421250,8.181250,8.192500
2018-08-14,8.287500,8.373750,8.153750,8.343750
2018-08-15,8.156250,8.225000,7.885000,8.040000
2018-08-16,8.217500,8.268750,8.066250,8.113750
2018-08-17,8.048750,8.177500,7.901250,8.112500
2018-08-20,8.175000,8.178750,8.000000,8.096250
2018-08-21,8.161250,8.327500,8.151250,8.180000
2018-08-22,8.125000,8.302500,8.098875,8.275000
2018-08-23,8.237500,8.407500,8.196375,8.233750
2018-08-24,8.312500,8.483750,8.312500,8.462500
2018-08-27,8.598750,8.718750,8.552500,8.717500
2018-08-28,8.792500,8.821250,8.705000,8.756250
2018-08-29,8.801250,9.075000,8.793750,9.062500
2018-08-30,9.010000,9.169375,8.918162,9.011250
2018-08-31,8.977500,9.118750,8.945987,9.037500
2018-09-04,8.965000,9.003750,8.778875,8.930000
2018-09-05,8.875000,8.878750,8.490000,8.575000
2018-09-06,8.587500,8.616250,8.172500,8.341250
2018-09-07,8.172500,8.461225,8.152500,8.258750
2018-09-10,8.387500,8.402500,8.191250,8.331250
2018-09-11,8.227500,8.560000,8.162500,8.516250
2018-09-12,8.483750,8.498750,8.223750,8.442500
2018-09-13,8.588750,8.752500,8.583750,8.692500
2018-09-14,8.728750,8.767500,8.526250,8.626250
2018-09-17,8.577500,8.603750,8.232500,8.262500
2018-09-18,8.275000,8.580713,8.267500,8.458750
2018-09-19,8.467500,8.522500,8.273750,8.440000
2018-09-20,8.606250,8.747500,8.545125,8.705000
2018-09-21,8.782500,8.822500,8.538750,8.566250
2018-09-24,8.388750,8.648750,8.280000,8.640000
2018-09-25,8.628750,8.691250,8.538750,8.675000
2018-09-26,8.682500,8.933750,8.638750,8.666250
2018-09-27,8.797500,8.997500,8.778750,8.906250
2018-09-28,8.832500,8.968750,8.785000,8.892500
2018-10-01,9.062500,9.146588,8.885000,8.943750
2018-10-02,8.931250,9.095000,8.830000,8.892500
2018-10-03,9.001250,9.062500,8.878312,8.918750
2018-10-04,8.812500,8.822500,8.212500,8.410000
2018-10-05,8.402500,8.478750,7.852500,8.093750
2018-10-08,7.985000,8.156250,7.655000,7.948750
2018-10-09,7.955000,8.200000,7.898750,8.010000
2018-10-10,7.873750,7.882500,6.930000,6.971250
2018-10-11,6.877500,7.156250,6.478750,6.688750
2018-10-12,7.218750,7.315000,6.850000,7.253750
2018-10-15,7.182500,7.213750,6.906825,6.980000
2018-10-16,7.208750,7.646250,7.168750,7.581250
2018-10-17,7.715000,7.722500,7.368750,7.606250
2018-10-18,7.507500,7.516250,6.976250,7.078750
2018-10-19,7.228750,7.423750,6.973750,7.050000
2018-10-22,7.177500,7.322500,6.996250,7.156250
2018-10-23,6.767500,7.184425,6.528750,7.077500
2018-10-24,7.053750,7.087500,6.085000,6.115000
2018-10-25,6.402500,6.846250,6.303750,6.742500
2018-10-26,6.062500,6.603738,5.935000,6.218750
2018-10-29,6.500000,6.575000,5.480000,5.886250
2018-10-30,5.780000,6.131250,5.696250,6.113750
2018-10-31,6.406250,6.707500,6.406250,6.526250
2018-11-01,6.578750,6.827500,6.430125,6.811250
2018-11-02,6.747500,6.866238,6.350000,6.506250
2018-11-05,6.510000,6.517500,6.220000,6.442500
2018-11-06,6.426250,6.691250,6.408750,6.578750
2018-11-07,6.813750,7.195000,6.771250,7.183750
2018-11-08,7.112500,7.165000,6.957500,7.061250
2018-11-09,6.865000,6.910000,6.536250,6.702500
2018-11-12,6.562500,6.598662,6.074325,6.113750
2018-11-13,6.183750,6.437500,6.055388,6.111250
2018-11-14,6.296250,6.352500,5.860000,5.956250
2018-11-15,5.928750,6.326250,5.776250,6.275000
2018-11-16,6.092500,6.300000,6.015000,6.206250
2018-11-19,6.125000,6.143750,5.550000,5.611250
2018-11-20,5.201250,5.530000,5.087500,5.300000
2018-11-21,5.501250,5.577500,5.390000,5.418750
2018-11-23,5.287500,5.465000,5.281250,5.298750
2018-11-26,5.525000,5.672500,5.452500,5.662500
2018-11-27,5.577500,5.765000,5.486250,5.721250
2018-11-28,5.853750,6.270000,5.750000,6.263750
2018-11-29,6.197500,6.333750,6.060000,6.206250
2018-11-30,6.231250,6.355000,6.141250,6.336250
2018-12-03,6.768750,6.787500,6.531375,6.661250
2018-12-04,6.566250,6.623750,5.883762,5.928750
2018-12-06,5.551250,6.027500,5.478750,6.015000
2018-12-07,5.950000,6.052500,5.375000,5.426250
2018-12-10,5.395000,5.669375,5.227500,5.596250
2018-12-11,5.873750,5.875000,5.511250,5.656250
2018-12-12,5.900000,6.066250,5.796250,5.798750
2018-12-13,5.912500,5.986250,5.690000,5.800000
2018-12-14,5.611250,5.666250,5.338750,5.362500
2018-12-17,5.308750,5.436250,4.886250,5.016250
2018-12-18,5.135000,5.251112,4.971262,5.100000
2018-12-19,5.087500,5.323750,4.610000,4.731250
2018-12-20,4.683750,4.847850,4.341250,4.541250
2018-12-21,4.581250,4.676250,4.026175,4.102500
2018-12-24,4.000000,4.161250,3.790000,3.798750
2018-12-26,3.910000,4.492500,3.830000,4.482500
2018-12-27,4.327500,4.550000,4.015000,4.546250
2018-12-28,4.623750,4.763750,4.420838,4.527500
2018-12-31,4.671250,4.710000,4.506250,4.630000
2019-01-02,4.343750,4.778750,4.341250,4.696250
2019-01-03,4.500000,4.551737,4.203750,4.241250
2019-01-04,4.447500,4.845000,4.395812,4.783750
2019-01-07,4.812500,5.018750,4.766250,4.936250
2019-01-08,5.090000,5.138750,4.862500,5.078750
2019-01-09,5.138750,5.271250,5.075000,5.198750
2019-01-10,5.080000,5.253750,4.995000,5.248750
2019-01-11,5.155000,5.203750,5.101250,5.186250
2019-01-14,5.055000,5.117500,4.982500,5.051250
2019-01-15,5.115000,5.365000,5.107500,5.331250
2019-01-16,5.372500,5.482500,5.335000,5.338750
2019-01-17,5.287500,5.533750,5.257500,5.463750
2019-01-18,5.585000,5.701250,5.481250,5.613750
2019-01-22,5.500000,5.510000,5.165000,5.303750
2019-01-23,5.363750,5.437500,5.127025,5.308750
2019-01-24,5.352500,5.427500,5.292500,5.402500
2019-01-25,5.535000,5.646250,5.477500,5.595000
2019-01-28,5.376250,5.388750,5.251250,5.388750
2019-01-29,5.398750,5.401250,5.178750,5.236250
2019-01-30,5.412500,5.690000,5.361250,5.628750
2019-01-31,5.722500,5.965000,5.710000,5.876250
2019-02-01,5.796250,5.927500,5.757500,5.801250
2019-02-04,5.808750,6.020000,5.792500,6.013750
2019-02-05,6.046250,6.200000,6.038062,6.172500
2019-02-06,6.186250,6.216250,6.040188,6.123750
2019-02-07,5.958750,6.003750,5.736250,5.873750
2019-02-08,5.716250,5.906250,5.700000,5.903750
2019-02-11,5.975000,6.013937,5.845000,5.890000
2019-02-12,6.016250,6.173750,5.986713,6.145000
2019-02-13,6.232500,6.285188,6.140000,6.157500
2019-02-14,6.087500,6.243750,6.027625,6.180000
2019-02-15,6.310000,6.315000,6.170000,6.253750
2019-02-19,6.195000,6.348750,6.195000,6.291250
2019-02-20,6.306250,6.378750,6.186687,6.286250
2019-02-21,6.233750,6.285712,6.116250,6.215000
2019-02-22,6.257500,6.365000,6.246250,6.350000
2019-02-25,6.501250,6.547475,6.407500,6.420000
2019-02-26,6.370000,6.500000,6.340000,6.440000
2019-02-27,6.353750,6.447500,6.223750,6.420000
2019-02-28,6.363750,6.446875,6.325412,6.380000
2019-03-01,6.515000,6.536250,6.377500,6.507500
2019-03-04,6.621250,6.666250,6.293750,6.508750
2019-03-05,6.522500,6.585000,6.427500,6.528750
2019-03-06,6.541250,6.547500,6.382500,6.412500
2019-03-07,6.360000,6.367500,6.103750,6.178750
2019-03-08,5.967500,6.152500,5.945000,6.143750
2019-03-11,6.216250,6.538750,6.216250,6.527500
2019-03-12,6.578750,6.683750,6.530988,6.635000
2019-03-13,6.733750,6.886250,6.707500,6.781250
2019-03-14,6.790000,6.815000,6.737500,6.747500
2019-03-15,6.826250,6.992500,6.807500,6.915000
2019-03-18,6.921250,7.042500,6.880000,6.977500
2019-03-19,7.067500,7.160000,6.961250,7.047500
2019-03-20,7.043750,7.256250,6.948750,7.126250
2019-03-21,7.060000,7.487238,7.056250,7.458750
2019-03-22,7.358750,7.418750,6.942513,6.968750
2019-03-25,6.882500,6.996250,6.772500,6.925000
2019-03-26,7.086250,7.210413,6.913750,7.020000
2019-03-27,7.048750,7.097500,6.731250,6.883750
2019-03-28,6.933750,7.003750,6.803750,6.926250
2019-03-29,7.078750,7.102412,6.960000,7.082500
2019-04-01,7.287500,7.387500,7.212500,7.361250
2019-04-02,7.386250,7.464738,7.328750,7.442500
2019-04-03,7.567500,7.711250,7.501250,7.571250
2019-04-04,7.572500,7.659875,7.428750,7.558750
2019-04-05,7.632500,7.687500,7.597500,7.675000
2019-04-08,7.635000,7.748750,7.545150,7.733750
2019-04-09,7.655000,7.728750,7.600000,7.648750
2019-04-10,7.682500,7.777488,7.653125,7.772500
2019-04-11,7.801250,7.803750,7.670000,7.713750
2019-04-12,7.812500,7.825000,7.716250,7.808750
2019-04-15,7.808750,7.839375,7.657500,7.815000
2019-04-16,7.893750,7.943750,7.823750,7.891250
2019-04-17,8.045000,8.069875,7.901250,7.970000
2019-04-18,8.010000,8.013750,7.858750,7.995000
2019-04-22,7.893750,8.073750,7.875000,8.062500
2019-04-23,8.126250,8.400000,8.091250,8.368750
2019-04-24,8.387500,8.422500,8.283750,8.287500
2019-04-25,8.471250,8.481800,8.253875,8.380000
2019-04-26,8.351250,8.412500,8.137500,8.410000
2019-04-29,8.407500,8.496250,8.367500,8.455000
2019-04-30,8.250000,8.301250,8.083750,8.261250
2019-05-01,8.415000,8.488563,8.157500,8.166250
2019-05-02,8.168750,8.291250,7.905988,8.066250
2019-05-03,8.267500,8.468750,8.223750,8.446250
2019-05-06,7.913750,8.327500,7.870000,8.295000
2019-05-07,8.026250,8.127500,7.580475,7.812500
2019-05-08,7.733750,7.923750,7.648750,7.743750
2019-05-09,7.495000,7.698750,7.283750,7.621250
2019-05-10,7.530000,7.753750,7.155000,7.642500
2019-05-13,7.060000,7.178750,6.783750,6.852500
2019-05-14,6.952500,7.197500,6.878737,7.067500
2019-05-15,6.932500,7.423737,6.923750,7.361250
2019-05-16,7.375000,7.727500,7.350738,7.591250
2019-05-17,7.361250,7.667513,7.333750,7.355000
2019-05-20,7.047500,7.128737,6.905837,6.986250
2019-05-21,7.158750,7.254988,7.091725,7.196250
2019-05-22,7.072500,7.222500,7.070000,7.102500
2019-05-23,6.856875,6.860000,6.638125,6.767500
2019-05-24,6.883750,6.950000,6.735000,6.757500
2019-05-28,6.817500,6.926250,6.678750,6.685000
2019-05-29,6.561250,6.625000,6.407500,6.517500
2019-05-30,6.566250,6.647500,6.480000,6.595000
2019-05-31,6.358750,6.426250,6.267500,6.277500
2019-06-03,6.227500,6.275000,5.766250,5.876250
2019-06-04,6.050000,6.360000,5.988875,6.352500
2019-06-05,6.536250,6.540000,6.296000,6.492500
2019-06-06,6.525000,6.693562,6.438750,6.648750
2019-06-07,6.750000,7.114875,6.727500,7.027500
2019-06-10,7.170000,7.477500,7.170000,7.277500
2019-06-11,7.507500,7.546238,7.231650,7.305000
2019-06-12,7.241250,7.287500,7.137537,7.181250
2019-06-13,7.266250,7.353750,7.222500,7.298750
2019-06-14,7.183750,7.262500,7.123750,7.203750
2019-06-17,7.248750,7.396250,7.230012,7.335000
2019-06-18,7.593750,7.811250,7.538750,7.652500
2019-06-19,7.691250,7.795000,7.550000,7.743750
2019-06-20,8.061250,8.066250,7.778750,7.955000
2019-06-21,7.913750,8.067500,7.868600,7.920000
2019-06-24,7.961250,7.986250,7.901500,7.916250
2019-06-25,7.897500,7.910000,7.472500,7.511250
2019-06-26,7.652500,7.797500,7.575150,7.606250
2019-06-27,7.688750,7.748125,7.631313,7.688750
2019-06-28,7.747500,7.773750,7.638750,7.721250
2019-07-01,8.162500,8.193750,7.923750,8.028750
2019-07-02,8.020000,8.126250,7.955000,8.126250
2019-07-03,8.177500,8.306250,8.157500,8.306250
2019-07-05,8.136250,8.298750,8.038750,8.252500
2019-07-08,8.098750,8.100000,7.977500,8.078750
2019-07-09,7.958750,8.227500,7.941250,8.200000
2019-07-10,8.350000,8.511250,8.300000,8.442500
2019-07-11,8.483750,8.537700,8.338750,8.420000
2019-07-12,8.443750,8.563750,8.421875,8.561250
2019-07-15,8.620000,8.648750,8.551250,8.633750
2019-07-16,8.606250,8.635000,8.430000,8.511250
2019-07-17,8.515000,8.553750,8.380000,8.385000
2019-07-18,8.261250,8.457213,8.178838,8.421250
2019-07-19,8.587500,8.588000,8.196250,8.217500
2019-07-22,8.280000,8.466250,8.277500,8.411250
2019-07-23,8.551250,8.577500,8.380100,8.573750
2019-07-24,8.480000,8.756250,8.475000,8.756250
2019-07-25,8.667500,8.668750,8.455000,8.506250
2019-07-26,8.662500,8.798750,8.652500,8.758750
2019-07-29,8.745000,8.745000,8.508750,8.677500
2019-07-30,8.477500,8.660000,8.457500,8.561250
2019-07-31,8.628750,8.643750,7.962500,8.200000
2019-08-01,8.245000,8.700000,7.955000,8.085000
2019-08-02,7.900000,7.928750,7.575050,7.715000
2019-08-05,7.242500,7.242500,6.710000,6.905000
2019-08-06,7.090000,7.247500,6.937500,7.188750
2019-08-07,6.951250,7.328750,6.787500,7.293750
2019-08-08,7.405000,7.778750,7.336250,7.776250
2019-08-09,7.657500,7.739987,7.371250,7.546250
2019-08-12,7.410000,7.478750,7.190000,7.293750
2019-08-13,7.280000,7.923750,7.249625,7.772500
2019-08-14,7.393750,7.467500,7.032513,7.076250
2019-08-15,7.112500,7.164375,6.883750,7.046250
2019-08-16,7.222500,7.435988,7.222500,7.371250
2019-08-19,7.683750,7.779987,7.621250,7.716250
2019-08-20,7.676250,7.756250,7.551250,7.557500
2019-08-21,7.753750,7.824038,7.671588,7.750000
2019-08-22,7.795000,7.848875,7.491250,7.675000
2019-08-23,7.516250,7.725000,6.885000,6.972500
2019-08-26,7.186250,7.257500,7.057500,7.255000
2019-08-27,7.406250,7.445000,7.125000,7.211250
2019-08-28,7.138750,7.321250,7.031688,7.283750
2019-08-29,7.552500,7.678875,7.467500,7.615000
2019-08-30,7.739875,7.741713,7.432512,7.561250
2019-09-03,7.411250,7.522500,7.263875,7.341250
2019-09-04,7.547500,7.671250,7.490000,7.650000
2019-09-05,7.902500,8.138737,7.890500,8.072500
2019-09-06,8.106250,8.120000,7.995000,8.050000
2019-09-09,8.121250,8.133750,7.871250,7.998750
2019-09-10,7.867500,7.935000,7.710000,7.932500
2019-09-11,7.968750,8.161250,7.916250,8.146250
2019-09-12,8.297500,8.435000,8.211250,8.247500
2019-09-13,8.212500,8.267500,8.125000,8.160000
2019-09-16,7.998750,8.096913,7.975000,8.047500
2019-09-17,8.045000,8.161250,7.997500,8.153750
2019-09-18,8.107500,8.158750,7.843750,8.148750
2019-09-19,8.190625,8.336675,8.137500,8.185000
2019-09-20,8.220000,8.243750,7.842500,7.927500
2019-09-23,7.910000,8.005000,7.837500,7.935000
2019-09-24,8.043750,8.092500,7.517500,7.621250
2019-09-25,7.595000,7.930000,7.403750,7.865000
2019-09-26,7.841250,7.857500,7.607500,7.786250
2019-09-27,7.818750,7.831550,7.333113,7.503750
2019-09-30,7.575000,7.739987,7.535000,7.703750
2019-10-01,7.790000,7.918750,7.477500,7.517500
2019-10-02,7.366250,7.366250,7.002500,7.132500
2019-10-03,7.127500,7.370737,6.863750,7.367500
2019-10-04,7.463750,7.710000,7.448762,7.677500
2019-10-07,7.607500,7.791250,7.567050,7.606250
2019-10-08,7.455000,7.560000,7.250000,7.260000
2019-10-09,7.450000,7.576250,7.382500,7.480000
2019-10-10,7.481250,7.733750,7.460000,7.643750
2019-10-11,7.902500,8.125000,7.892500,7.930000
2019-10-14,7.906250,8.013750,7.882500,7.938750
2019-10-15,8.010000,8.293750,7.996250,8.240000
2019-10-16,8.152625,8.238750,8.098750,8.178750
2019-10-17,8.320000,8.357500,8.142500,8.235000
2019-10-18,8.202500,8.253750,7.873750,7.998750
2019-10-21,8.128625,8.227500,8.053750,8.210000
2019-10-22,8.295000,8.341250,8.009438,8.020000
2019-10-23,7.963750,8.063538,7.925000,8.057500
2019-10-24,8.233750,8.304375,8.120625,8.288750
2019-10-25,8.161250,8.498750,8.156250,8.477500
2019-10-28,8.607500,8.771250,8.607500,8.736250
2019-10-29,8.693750,8.731250,8.528750,8.535000
2019-10-30,8.580000,8.697500,8.433750,8.655000
2019-10-31,8.721250,8.740000,8.513750,8.661250
2019-11-01,8.776250,8.898750,8.735625,8.896250
2019-11-04,9.076250,9.121250,9.015000,9.055000
2019-11-05,9.096250,9.122500,8.986250,9.066250
2019-11-06,9.043750,9.047850,8.881250,9.008750
2019-11-07,9.151250,9.275000,9.021250,9.100000
2019-11-08,9.046250,9.211250,8.978750,9.207500
2019-11-11,9.071250,9.182500,9.031000,9.168750
2019-11-12,9.190000,9.340000,9.150000,9.243750
2019-11-13,9.153750,9.278750,9.132500,9.230000
2019-11-14,9.148750,9.246250,9.063750,9.227500
2019-11-15,9.388750,9.417500,9.307500,9.401250
2019-11-18,9.388750,9.497500,9.272500,9.450000
2019-11-19,9.558750,9.558750,9.386250,9.488750
2019-11-20,9.418750,9.503750,9.102500,9.322500
2019-11-21,9.290000,9.306250,9.168750,9.250000
2019-11-22,9.320000,9.338750,9.121250,9.275000
2019-11-25,9.390000,9.602500,9.387500,9.596250
2019-11-26,9.613750,9.689350,9.575000,9.653750
2019-11-27,9.722500,9.852500,9.690000,9.848750
2019-11-29,9.776250,9.821250,9.700000,9.717500
2019-12-02,9.717500,9.723750,9.253750,9.405000
2019-12-03,9.037500,9.203750,8.888750,9.193750
2019-12-04,9.336250,9.396838,9.292488,9.330000
2019-12-05,9.427500,9.428750,9.246875,9.378750
2019-12-06,9.585000,9.702500,9.567500,9.668750
2019-12-09,9.636250,9.766250,9.539400,9.550000
2019-12-10,9.556250,9.660000,9.460000,9.528750
2019-12-11,9.585000,9.703750,9.545000,9.672500
2019-12-12,9.641250,10.000000,9.602500,9.893750
2019-12-13,9.870000,10.090000,9.807500,9.982500
2019-12-16,10.177500,10.321250,10.170000,10.268750
2019-12-17,10.321250,10.348750,10.250000,10.282500
2019-12-18,10.330625,10.410000,10.292500,10.306250
2019-12-19,10.332500,10.522500,10.332500,10.516250
2019-12-20,10.653750,10.690000,10.575000,10.641250
2019-12-23,10.752500,10.772625,10.696250,10.720000
2019-12-24,10.743750,10.758750,10.656250,10.730000
2019-12-26,10.778750,11.013750,10.778125,11.008750
2019-12-27,11.126250,11.132500,10.893750,10.976250
2019-12-30,10.966250,10.982500,10.600000,10.757500
2019-12-31,10.662500,10.845000,10.607525,10.818750
2020-01-02,11.088750,11.355000,11.027500,11.355000
2020-01-03,10.911250,11.250000,10.905000,11.046250
2020-01-06,10.783750,11.260000,10.743825,11.256250
2020-01-07,11.267500,11.347500,11.145000,11.242500
2020-01-08,11.245000,11.660000,11.191263,11.501250
2020-01-09,11.778750,11.857500,11.590000,11.791250
2020-01-10,11.923750,11.933750,11.641250,11.695000
2020-01-13,11.841250,12.110000,11.788750,12.103750
2020-01-14,12.072500,12.143750,11.902500,11.962500
2020-01-15,11.972500,12.141250,11.852500,11.970000
2020-01-16,12.138750,12.311250,12.066250,12.303750
2020-01-17,12.463750,12.517162,12.282500,12.487500
2020-01-21,12.378750,12.563750,12.370000,12.481250
2020-01-22,12.653750,12.786250,12.522500,12.566250
2020-01-23,12.541250,12.698750,12.371250,12.682500
2020-01-24,12.862500,12.901250,12.188750,12.353750
2020-01-27,11.531250,11.793125,11.272500,11.590000
2020-01-28,11.831250,12.208750,11.747500,12.128750
2020-01-29,12.328125,12.370000,12.022512,12.172500
2020-01-30,11.950000,12.325000,11.831250,12.310000
2020-01-31,12.460000,12.468750,11.593125,11.705000
2020-02-03,11.888750,12.332500,11.866250,12.242500
2020-02-04,12.750000,13.156250,12.627500,13.078750
2020-02-05,13.570000,13.572500,12.986250,13.230000
2020-02-06,13.313750,13.567500,13.176250,13.552500
2020-02-07,13.372500,13.601250,13.265000,13.377500
2020-02-10,13.247500,13.863750,13.237500,13.860000
2020-02-11,14.087500,14.233750,13.760000,13.870000
2020-02-12,14.111250,14.293750,14.012500,14.276250
2020-02-13,13.973750,14.387500,13.922500,14.221250
2020-02-14,14.277500,14.373750,14.135000,14.317500
2020-02-18,14.115000,14.428975,14.073750,14.342500
2020-02-19,14.601250,14.850000,14.549375,14.757500
2020-02-20,14.662500,14.747500,13.798750,14.337500
2020-02-21,14.132500,14.197500,13.341250,13.517500
2020-02-24,12.035000,12.447500,11.703750,11.960000
2020-02-25,12.241250,12.363750,10.867500,10.992500
2020-02-26,11.160000,11.716250,10.893750,11.143750
2020-02-27,10.287500,10.801237,9.447500,9.477500
2020-02-28,8.551250,9.678750,8.437500,9.625000
2020-03-02,9.908750,10.967500,9.496250,10.938750
2020-03-03,11.046250,11.437500,9.610000,9.908750
2020-03-04,10.442500,11.143750,10.162500,11.111250
2020-03-05,10.280000,10.845000,9.886250,10.136250
2020-03-06,9.091250,9.760000,8.875000,9.605000
2020-03-09,7.691250,8.643750,7.625000,7.653750
2020-03-10,8.497500,8.866250,7.625000,8.845000
2020-03-11,8.222500,8.403750,7.375000,7.707500
2020-03-12,6.187500,7.187500,5.550000,5.595000
2020-03-13,6.530000,7.164038,5.632500,7.105000
2020-03-16,5.057500,6.075000,4.623750,4.656250
2020-03-17,4.922500,5.642500,4.468750,5.415000
2020-03-18,4.537500,5.187500,4.091250,4.913750
2020-03-19,4.856250,5.510000,4.500000,5.027500
2020-03-20,5.373750,5.475000,4.387500,4.438750
2020-03-23,4.491250,4.750000,4.033750,4.452500
2020-03-24,5.153750,5.467500,5.016250,5.445000
2020-03-25,5.525000,5.979375,5.135000,5.318750
2020-03-26,5.478750,6.250000,5.458412,6.185000
2020-03-27,5.703750,6.041250,5.473625,5.542500
2020-03-30,5.697500,6.172500,5.625000,6.125000
2020-03-31,6.076250,6.441250,5.857288,5.955000
2020-04-01,5.450000,5.715000,5.077488,5.216250
2020-04-02,5.150000,5.542488,5.096250,5.525000
2020-04-03,5.482500,5.622763,5.107513,5.302500
2020-04-06,5.888750,6.523750,5.795513,6.412500
2020-04-07,6.987500,7.036250,6.375000,6.400000
2020-04-08,6.585625,6.875000,6.410000,6.808750
2020-04-09,6.991250,7.090000,6.658750,6.833750
2020-04-13,6.750000,7.110000,6.634250,7.071250
2020-04-14,7.506250,8.050000,7.423750,7.988750
2020-04-15,7.613750,7.923750,7.457612,7.723750
2020-04-16,7.976250,8.258750,7.743750,8.137500
2020-04-17,8.458750,8.512500,8.003750,8.341250
2020-04-20,8.148750,8.438750,8.057500,8.071250
2020-04-21,7.832500,7.891250,7.038750,7.178750
2020-04-22,7.628750,7.957500,7.538750,7.813750
2020-04-23,7.903750,8.198750,7.715000,7.762500
2020-04-24,7.817500,8.175000,7.651250,8.137500
2020-04-27,8.397500,8.448750,8.205000,8.296250
2020-04-28,8.527500,8.528750,7.826250,7.847500
2020-04-29,8.381250,8.796238,8.261250,8.663750
2020-04-30,8.801250,8.808625,8.493787,8.721250
2020-05-01,8.165000,8.413750,7.812500,7.938750
2020-05-04,7.816875,8.241250,7.758750,8.218750
2020-05-05,8.466250,8.778125,8.401250,8.481250
2020-05-06,8.692500,8.890625,8.548775,8.648750
2020-05-07,8.978750,9.093750,8.820625,8.986250
2020-05-08,9.193750,9.368750,9.065000,9.348750
2020-05-11,9.183750,9.737500,9.156250,9.581250
2020-05-12,9.683750,9.766250,9.003750,9.011250
2020-05-13,9.073750,9.306250,8.345000,8.670000
2020-05-14,8.505000,8.961250,8.263750,8.957500
2020-05-15,8.588750,9.137500,8.536250,9.111250
2020-05-18,9.500000,9.775000,9.402500,9.638750
2020-05-19,9.672500,9.946250,9.550000,9.565000
2020-05-20,9.901250,10.188750,9.901250,10.125000
2020-05-21,10.155000,10.240000,9.741250,9.815000
2020-05-22,9.761250,9.936250,9.631250,9.902500
2020-05-26,10.381250,10.415000,9.797500,9.861250
2020-05-27,9.763750,10.005000,9.172500,10.000000
2020-05-28,9.825000,10.400737,9.818750,9.936250
2020-05-29,10.005000,10.415000,9.790000,10.346250
2020-06-01,10.256875,10.530000,10.203750,10.473750
2020-06-02,10.530000,10.693750,10.205000,10.682500
2020-06-03,10.768750,10.936250,10.651250,10.827500
2020-06-04,10.778750,10.985000,10.419625,10.607500
2020-06-05,10.737500,11.316325,10.687500,11.236250
2020-06-08,11.198750,11.510000,10.987663,11.486250
2020-06-09,11.361250,11.872500,11.342375,11.742500
2020-06-10,11.995000,12.402500,11.922500,12.166250
2020-06-11,11.572500,11.776250,10.352500,10.375000
2020-06-12,11.036200,11.205813,10.053750,10.600000
2020-06-15,10.135000,11.085000,10.007500,10.973750
2020-06-16,11.673750,11.765000,11.038750,11.553750
2020-06-17,11.771250,11.932500,11.550000,11.666250
2020-06-18,11.617500,11.795000,11.505000,11.756250
2020-06-19,12.121250,12.153750,11.495000,11.740000
2020-06-22,11.738750,12.193750,11.688750,12.157500
2020-06-23,12.421250,12.827500,12.332500,12.475000
2020-06-24,12.362500,12.558750,11.481250,11.740000
2020-06-25,11.738750,12.090000,11.342500,12.051250
2020-06-26,12.002500,12.037500,11.112500,11.185000
2020-06-29,11.151250,11.553750,10.785000,11.542500
2020-06-30,11.540000,12.310000,11.516250,12.206250
2020-07-01,12.232500,12.808737,12.155000,12.642500
2020-07-02,13.036250,13.233750,12.842500,12.911250
2020-07-06,13.412500,13.947487,13.411250,13.860000
2020-07-07,13.818750,14.270000,13.530000,13.587500
2020-07-08,13.803750,14.117500,13.561250,14.110000
2020-07-09,14.426250,14.583750,13.732500,14.462500
2020-07-10,14.427500,14.806250,13.986250,14.768750
2020-07-13,15.256250,15.743750,13.711250,13.856250
2020-07-14,13.448750,14.215000,12.923750,14.150000
2020-07-15,14.357500,14.527500,13.673750,14.220000
2020-07-16,13.755000,14.045000,13.373750,13.915000
2020-07-17,14.020000,14.130000,13.625000,13.980000
2020-07-20,14.100000,15.278750,13.886250,15.170000
2020-07-21,15.448750,15.458750,14.550000,14.685000
2020-07-22,14.771250,15.016250,14.456250,14.855000
2020-07-23,14.788750,14.905000,13.446250,13.691250
2020-07-24,13.063750,13.520000,12.626250,13.286250
2020-07-27,13.573750,14.068750,13.435000,14.000000
2020-07-28,13.885000,13.963750,13.421250,13.473750
2020-07-29,13.711250,14.076250,13.643750,13.932500
2020-07-30,13.612500,14.246250,13.420000,14.158750
2020-07-31,14.915000,14.937500,14.110050,14.922500
2020-08-03,15.281250,15.641250,15.257500,15.478750
2020-08-04,15.415000,15.702500,15.292500,15.680000
2020-08-05,15.768750,15.883750,15.613750,15.805000
2020-08-06,15.763750,16.491250,15.652500,16.410000
2020-08-07,16.327500,16.477500,15.461250,15.873750
2020-08-10,15.908750,15.951250,15.021000,15.660000
2020-08-11,15.445000,15.681250,14.673750,14.771250
2020-08-12,15.137500,16.045000,15.137500,15.876250
2020-08-13,16.010000,16.397500,15.816250,15.987500
2020-08-14,16.082500,16.148750,15.676250,15.941250
2020-08-17,16.233750,16.545000,16.207500,16.467500
2020-08-18,16.678750,17.050013,16.411250,16.951250
2020-08-19,16.948450,17.151250,16.536250,16.620000
2020-08-20,16.468750,17.398750,16.396250,17.303750
2020-08-21,17.332500,17.751250,17.224375,17.665000
2020-08-24,18.276250,18.444875,17.555000,17.992500
2020-08-25,17.853750,18.431250,17.758750,18.412500
2020-08-26,18.658750,19.631250,18.635000,19.591250
2020-08-27,19.822500,19.983750,18.947500,19.413750
2020-08-28,19.661250,19.841237,19.393750,19.713750
2020-08-31,19.817500,20.567500,19.727500,20.170000
2020-09-01,20.740000,21.246250,20.368750,21.217500
2020-09-02,21.935000,21.958750,20.584187,21.816250
2020-09-03,20.841250,20.925000,17.852500,18.466250
2020-09-04,18.172500,18.787500,15.482500,17.705000
2020-09-08,15.618750,16.746250,15.132500,15.202500
2020-09-09,16.128750,16.900000,15.708750,16.508750
2020-09-10,17.064937,17.298750,15.217500,15.553750
2020-09-11,15.875000,16.023750,14.601250,15.213750
2020-09-14,15.875000,16.351250,15.635000,15.997500
2020-09-15,16.666250,16.927550,16.370000,16.677500
2020-09-16,16.816250,16.915000,15.823750,15.876250
2020-09-17,14.651250,15.495000,14.506250,15.145000
2020-09-18,15.357500,15.431225,13.845250,14.560000
2020-09-21,13.903750,14.743750,13.512500,14.732500
2020-09-22,15.150000,15.641250,14.557500,15.537500
2020-09-23,15.481250,15.518750,13.963750,14.098750
2020-09-24,13.711250,14.838750,13.646250,14.305000
2020-09-25,14.383750,15.445000,14.131250,15.307500
2020-09-28,16.161250,16.250000,15.696250,16.215000
2020-09-29,16.185000,16.354862,15.941250,16.045000
2020-09-30,16.073750,16.940000,16.031250,16.362500
2020-10-01,17.071250,17.258750,16.722500,17.128750
2020-10-02,16.015000,16.703750,15.541250,15.716250
2020-10-05,16.058750,16.762500,16.031250,16.707500
2020-10-06,16.548750,16.890000,15.643750,15.810000
2020-10-07,16.271250,16.763750,16.172500,16.641250
2020-10-08,17.056250,17.075837,16.692500,16.886250
2020-10-09,17.192500,17.673125,17.120000,17.637500
2020-10-12,18.550000,19.841250,18.357500,19.282500
2020-10-13,19.650000,19.791250,19.018750,19.285000
2020-10-14,19.457500,19.650000,18.456250,18.808750
2020-10-15,17.877500,18.548750,17.742500,18.420000
2020-10-16,18.758750,19.033625,18.062500,18.137500
2020-10-19,18.505000,18.688750,17.045000,17.236250
2020-10-20,17.372500,17.925000,17.073450,17.347500
2020-10-21,17.386250,17.876250,17.215000,17.302500
2020-10-22,17.462500,17.625425,16.683750,17.311250
2020-10-23,17.426250,17.428750,16.861250,17.412500
2020-10-26,16.971250,17.497500,15.936250,16.618750
2020-10-27,16.783750,17.150000,16.565000,17.011250
2020-10-28,16.177500,16.280000,14.975025,15.015000
2020-10-29,15.242500,16.307500,15.155000,15.778750
2020-10-30,15.443750,15.591250,14.193750,14.681250
2020-11-02,14.973750,15.261250,14.201250,14.686250
2020-11-03,14.997500,15.801163,14.825000,15.425000
2020-11-04,16.948750,17.830000,16.665000,17.510000
2020-11-05,18.707500,19.068750,18.448750,18.861250
2020-11-06,18.733750,19.071250,18.007500,18.925000
2020-11-09,19.460000,19.797500,17.685000,17.770000
2020-11-10,17.142500,17.406250,16.293750,16.811250
2020-11-11,17.258750,18.023750,17.185000,17.941250
2020-11-12,18.106250,18.365000,17.465000,17.678750
2020-11-13,17.972500,18.260000,17.582500,18.142500
2020-11-16,18.093750,18.626250,17.968000,18.560000
2020-11-17,18.600000,18.669988,18.266250,18.388750
2020-11-18,18.282500,18.593750,17.962500,17.962500
2020-11-19,17.863750,18.461250,17.745000,18.407500
2020-11-20,18.381250,18.533750,18.015000,18.033750
2020-11-23,18.227500,18.467500,17.595000,18.037500
2020-11-24,18.227500,18.878750,17.883750,18.775000
2020-11-25,18.965000,19.251250,18.806250,19.128750
2020-11-27,19.505000,19.883737,19.441250,19.651250
2020-11-30,19.715000,19.847513,18.822500,19.752500
2020-12-01,20.223750,20.868750,20.012512,20.528750
2020-12-02,20.276250,20.680163,19.897500,20.611250
2020-12-03,20.661250,21.023750,20.543875,20.695000
2020-12-04,20.700000,20.980000,20.563750,20.948750
2020-12-07,20.987500,21.377500,20.950000,21.303750
2020-12-08,21.206250,21.585000,20.826250,21.498750
2020-12-09,21.480000,21.532500,19.827500,20.058750
2020-12-10,19.630000,20.533337,19.407500,20.305000
2020-12-11,19.956250,20.191250,19.487500,20.162500
2020-12-14,20.403750,21.006250,20.396250,20.592500
2020-12-15,21.072500,21.251250,20.615000,21.232500
2020-12-16,21.346250,21.781250,21.122500,21.588750
2020-12-17,21.956250,22.084375,21.698750,22.031250
2020-12-18,22.195000,22.238750,21.316250,21.791250
2020-12-21,21.196250,21.827500,20.585000,21.710000
2020-12-22,21.912500,22.088750,21.271875,21.881250
2020-12-23,21.880000,21.970000,21.522500,21.551250
2020-12-24,21.613750,21.930000,21.590000,21.831250
2020-12-28,22.395000,22.594375,22.003750,22.486250
2020-12-29,22.793750,22.925000,22.351250,22.552500
2020-12-30,22.806250,22.875000,22.408750,22.548750
2020-12-31,22.533750,22.810000,22.291250,22.725000
2021-01-04,23.010000,23.048500,20.853750,21.731250
2021-01-05,21.535000,22.319375,21.535000,22.276250
2021-01-06,21.237500,22.292500,21.027500,21.355000
2021-01-07,21.921250,23.081250,21.918750,22.897500
2021-01-08,23.413750,23.860000,22.925000,23.785000
2021-01-11,23.101250,23.367500,22.601250,22.733750
2021-01-12,22.765000,23.001250,22.050000,22.635000
2021-01-13,22.696250,23.273750,22.563025,23.075000
2021-01-14,23.187500,23.417500,22.620000,22.723750
2021-01-15,22.676250,22.891250,21.885000,22.171250
2021-01-19,22.681250,23.258750,22.450000,23.132500
2021-01-20,23.963750,24.971238,23.882500,24.745000
2021-01-21,25.062500,25.535000,24.750000,25.360000
2021-01-22,25.102500,25.380000,24.970025,25.130000
2021-01-25,25.940000,26.267050,24.200000,25.827500
2021-01-26,25.930000,26.145000,25.543750,25.855000
2021-01-27,25.315000,25.325000,23.250000,23.770000
2021-01-28,23.972500,25.250000,23.837500,24.120000
2021-01-29,23.725000,23.980000,22.187500,22.617500
2021-02-01,23.387500,24.507500,22.935000,24.280000
2021-02-02,24.972500,25.739975,24.940000,25.455000
2021-02-03,25.982500,26.057500,25.162500,25.162500
2021-02-04,25.510000,26.075000,25.187500,26.052500
2021-02-05,26.300000,26.572500,25.892500,26.325000
2021-02-08,26.740000,26.887525,26.337150,26.840000
2021-02-09,26.620000,27.142500,26.620000,26.827500
2021-02-10,27.195000,27.300000,25.865000,26.637500
2021-02-11,27.040000,27.185000,26.490000,27.067500
2021-02-12,26.895000,27.575000,26.610000,27.527500
2021-02-16,27.740000,27.964975,27.020000,27.297500
2021-02-17,26.557500,26.985000,26.002500,26.917500
2021-02-18,26.015000,26.740000,25.570000,26.555000
2021-02-19,26.910000,26.920000,25.965000,26.205000
2021-02-22,25.135000,25.450000,24.125000,24.175000
2021-02-23,22.945000,24.340000,21.605000,23.960000
2021-02-24,23.310000,24.617500,22.725000,24.537500
2021-02-25,23.905000,24.517500,21.612500,21.975000
2021-02-26,22.596250,23.290000,21.562500,22.305000
2021-03-01,23.340000,24.326950,23.047500,24.250000
2021-03-02,24.385000,24.421250,23.025000,23.087500
2021-03-03,22.842500,23.050000,21.061250,21.085000
2021-03-04,20.992500,21.660000,19.220000,20.042500
2021-03-05,20.572500,21.117500,18.757500,20.940000
2021-03-08,20.820000,21.212500,19.067500,19.150000
2021-03-09,20.616625,21.787500,20.482500,21.405000
2021-03-10,22.315000,22.375000,21.077500,21.222500
2021-03-11,22.255000,23.065000,22.035000,22.695000
2021-03-12,21.792500,22.167500,21.267500,22.130000
2021-03-15,22.202500,22.877500,21.845000,22.837500
2021-03-16,23.335000,23.997500,22.900000,23.212500
2021-03-17,22.530000,23.932500,22.152500,23.505000
2021-03-18,22.402500,22.625000,21.237500,21.347500
2021-03-19,21.312500,21.887500,20.850000,21.620000
2021-03-22,22.072500,23.217500,22.072500,22.772500
2021-03-23,23.012500,23.307475,22.292500,22.475000
2021-03-24,22.772500,22.780000,21.312500,21.340000
2021-03-25,20.955000,21.545000,20.412500,21.225000
2021-03-26,21.180000,22.242500,20.882500,22.162500
2021-03-29,22.060000,22.385000,21.430000,22.150000
2021-03-30,21.737500,21.947500,21.240000,21.835000
2021-03-31,22.197500,23.150000,22.127500,22.815000
2021-04-01,23.658750,24.007500,23.605000,23.975000
2021-04-05,24.552500,25.595000,24.492850,25.415000
2021-04-06,25.340000,25.820000,25.177500,25.355000
2021-04-07,25.257375,25.745000,25.025000,25.542500
2021-04-08,26.230000,26.385000,26.025000,26.340000
2021-04-09,26.005000,26.865000,25.830000,26.817500
2021-04-12,26.575000,26.810000,26.245000,26.712500
2021-04-13,27.095000,27.750000,27.030000,27.627500
2021-04-14,27.697500,27.732500,26.440000,26.657500
2021-04-15,27.342500,27.942500,27.310000,27.835000
2021-04-16,27.977500,27.997500,27.475000,27.952500
2021-04-19,27.537500,27.842500,26.687500,27.190000
2021-04-20,27.012500,27.330000,26.097500,26.595000
2021-04-21,26.250000,27.307500,26.005000,27.267500
2021-04-22,27.167500,27.407500,25.985000,26.275000
2021-04-23,26.430000,27.579975,26.430000,27.265000
2021-04-26,27.327500,27.867500,27.137500,27.805000
2021-04-27,27.867500,27.917500,27.192500,27.440000
2021-04-28,27.347500,27.600000,26.992525,27.157500
2021-04-29,27.965000,28.057500,26.645000,27.430000
2021-04-30,26.822500,27.450000,26.672500,26.915000
2021-05-03,27.190000,27.372500,26.357500,26.475000
2021-05-04,25.862500,25.922500,24.112500,25.080000
2021-05-05,25.510000,25.712500,24.600000,24.787500
2021-05-06,24.717500,25.370025,24.197500,25.330000
2021-05-07,25.992500,26.518750,25.692750,25.950000
2021-05-10,25.622500,25.665000,23.940000,24.000000
2021-05-11,22.647500,24.060000,22.500000,23.880000
2021-05-12,22.755000,23.287500,21.830000,22.062500
2021-05-13,22.650000,23.167525,22.017600,22.527500
2021-05-14,23.220000,24.222500,23.105000,23.992500
2021-05-17,23.627500,23.789975,22.932500,23.587500
2021-05-18,23.802500,24.070000,23.047500,23.092500
2021-05-19,21.912500,23.247500,21.832500,23.177500
2021-05-20,23.517500,24.715000,23.457500,24.517500
2021-05-21,24.885000,24.983000,24.027500,24.112500
2021-05-24,24.637500,25.585000,24.555000,25.320000
2021-05-25,25.687000,25.860000,25.157500,25.442500
2021-05-26,25.590000,25.809650,25.430000,25.700000
2021-05-27,25.592500,25.790000,25.360000,25.400000
2021-05-28,25.695000,26.023750,25.575000,25.647500
2021-06-01,25.962500,26.075000,25.071250,25.397500
2021-06-02,25.487500,25.742500,25.132500,25.530000
2021-06-03,24.872500,25.167500,24.343750,24.727500
2021-06-04,25.157500,26.097475,25.132500,25.995000
2021-06-07,25.857500,26.241250,25.703525,26.225000
2021-06-08,26.645000,26.855000,25.856250,26.255000
2021-06-09,26.590000,26.780000,26.232500,26.285000
2021-06-10,26.357500,27.125000,26.250000,27.090000
2021-06-11,27.105000,27.310000,26.940000,27.305000
2021-06-14,27.410000,28.092500,27.125000,28.070000
2021-06-15,28.005000,28.085000,27.365000,27.550000
2021-06-16,27.655000,27.917525,26.380000,27.255000
2021-06-17,26.990000,28.520000,26.982500,28.272500
2021-06-18,27.852500,28.144500,27.420000,27.597500
2021-06-21,27.657500,28.200000,27.097500,28.102500
2021-06-22,28.077500,29.012500,27.992500,28.887500
2021-06-23,28.892500,29.240000,28.731250,28.937500
2021-06-24,29.435000,29.872500,29.297500,29.470000
2021-06-25,29.622500,29.687500,29.212475,29.377500
2021-06-28,29.692500,30.470000,29.685000,30.417500
2021-06-29,30.390000,30.769000,30.167500,30.760000
2021-06-30,30.722500,30.825000,30.462500,30.625000
2021-07-01,30.520000,30.784975,30.162500,30.640000
2021-07-02,31.160000,31.787500,31.095000,31.680000
2021-07-06,31.862500,32.190000,31.125000,32.105000
2021-07-07,32.725000,32.805000,31.775000,32.310000
2021-07-08,30.921250,31.965000,30.560000,31.750000
2021-07-09,31.570000,32.450000,31.407500,32.287500
2021-07-12,32.700000,32.822225,32.264600,32.692500
2021-07-13,32.595000,33.516875,32.452500,32.675000
2021-07-14,33.340000,33.520000,32.637500,32.852500
2021-07-15,32.852500,32.895000,31.615000,32.172500
2021-07-16,32.413750,32.677500,31.292500,31.382500
2021-07-19,30.452500,30.750000,29.917500,30.630000
2021-07-20,30.860000,32.075000,30.387500,31.640000
2021-07-21,31.577500,32.397500,31.500000,32.362500
2021-07-22,32.462500,33.050000,32.458775,33.042500
2021-07-23,33.425000,34.277500,33.073750,34.140000
2021-07-26,34.005000,34.392500,33.760000,34.282500
2021-07-27,34.207500,34.207500,31.957500,33.162500
2021-07-28,33.465000,33.965000,32.817500,33.525000
2021-07-29,33.370000,34.030000,33.366250,33.690000
2021-07-30,32.587500,33.337500,32.567500,33.185000
2021-08-02,33.635000,33.797500,33.005000,33.175000
2021-08-03,33.360000,33.800000,32.462500,33.752500
2021-08-04,33.772500,34.190000,33.450000,33.920000
2021-08-05,34.140000,34.620000,33.950000,34.557500
2021-08-06,34.197500,34.482500,33.788750,34.107500
2021-08-09,34.227500,34.445000,33.920000,34.290000
2021-08-10,34.442500,34.527500,33.428750,33.777500
2021-08-11,34.125000,34.262500,33.210000,33.595000
2021-08-12,33.452500,34.050000,33.060000,33.945000
2021-08-13,34.045000,34.402500,33.907500,34.285000
2021-08-16,33.985000,34.357475,32.873800,34.345000
2021-08-17,33.552500,33.837500,32.742500,33.442500
2021-08-18,33.275000,33.680000,32.377500,32.470000
2021-08-19,31.935000,33.400000,31.862500,32.932500
2021-08-20,33.237500,34.067500,33.145000,33.950000
2021-08-23,34.257500,35.675000,34.250000,35.462500
2021-08-24,35.652500,35.985000,35.517500,35.812500
2021-08-25,35.872500,36.100000,35.657500,35.852500
2021-08-26,35.667500,35.877500,35.110000,35.245000
2021-08-27,35.422500,36.400000,35.285000,36.275000
2021-08-30,36.500000,37.630000,36.487500,37.477500
2021-08-31,37.555000,37.575000,36.922500,37.372500
2021-09-01,37.707500,38.205000,37.517500,37.577500
2021-09-02,37.987500,38.085000,37.150000,37.525000
2021-09-03,37.175000,37.985000,37.165000,37.862500
2021-09-07,37.887500,38.220000,37.540000,38.017500
2021-09-08,37.952500,37.962500,36.927500,37.627500
2021-09-09,37.682500,38.025000,37.147500,37.225000
2021-09-10,37.750000,37.962500,36.277500,36.387500
2021-09-13,37.072500,37.195000,35.690000,36.305000
2021-09-14,36.737500,36.965000,35.705000,35.992500
2021-09-15,36.122500,36.890000,35.441250,36.790000
2021-09-16,36.387500,37.032475,35.810000,36.862500
2021-09-17,36.725000,36.732500,35.240000,35.560000
2021-09-20,33.855000,34.365000,32.000000,33.372500
2021-09-21,33.845000,34.187500,33.147500,33.415000
2021-09-22,33.715000,34.807500,33.402500,34.392500
2021-09-23,34.727500,35.642500,34.542500,35.347500
2021-09-24,34.680000,35.562500,34.575000,35.447500
2021-09-27,34.552500,34.850000,33.850000,34.592500
2021-09-28,33.285000,33.472475,31.517500,31.707500
2021-09-29,31.990000,32.572500,31.325000,31.497500
2021-09-30,31.945000,32.385000,31.020000,31.142500
2021-10-01,31.312500,32.002475,30.210000,31.710000
2021-10-04,31.275000,31.371750,29.117500,29.760000
2021-10-05,29.992500,31.500000,29.930250,30.905000
2021-10-06,30.065000,31.580000,29.815000,31.515000
2021-10-07,32.331250,33.085000,32.182500,32.367500
2021-10-08,32.667500,32.730500,31.742500,31.870000
2021-10-11,31.465000,32.422500,31.133750,31.162500
2021-10-12,31.542500,31.655000,30.652500,30.845000
2021-10-13,31.445000,31.737500,30.900000,31.567500
2021-10-14,32.527500,33.362500,32.350000,33.310000
2021-10-15,33.650000,33.962500,33.355000,33.927500
2021-10-18,33.562500,35.005000,33.395000,34.945000
2021-10-19,35.260000,35.757500,35.070000,35.712500
2021-10-20,35.872500,36.055000,35.170000,35.600000
2021-10-21,35.358750,36.302500,35.282500,36.237500
2021-10-22,35.867500,36.165000,34.840000,35.320000
2021-10-25,35.747000,36.682500,35.180000,36.380000
2021-10-26,37.080000,37.798750,36.412500,36.720000
2021-10-27,36.890000,37.930000,36.815000,37.010000
2021-10-28,37.577500,38.312500,37.350000,38.225000
2021-10-29,37.297500,38.850000,37.195000,38.790000
2021-11-01,38.950000,39.232500,38.295000,39.172500
2021-11-02,39.006250,39.842500,38.990000,39.695000
2021-11-03,39.835000,41.080000,39.517500,40.955000
2021-11-04,41.357500,42.836925,41.182500,42.482500
2021-11-05,43.115000,43.415000,42.182500,42.640000
2021-11-08,42.625000,42.975000,42.265000,42.465000
2021-11-09,42.812500,42.948700,41.142500,41.590000
2021-11-10,40.680000,41.600000,39.125000,39.767500
2021-11-11,40.687500,40.747500,39.975000,40.090000
2021-11-12,40.452500,41.517500,39.937500,41.362500
2021-11-15,41.727500,41.827500,40.522500,41.350000
2021-11-16,41.072500,42.352075,41.015000,42.205000
2021-11-17,42.302500,42.921250,41.947500,42.255000
2021-11-18,42.920000,43.725000,42.192500,43.547500
2021-11-19,44.107500,44.717525,43.830000,44.285000
2021-11-22,44.822500,45.840000,42.715000,42.750000
2021-11-23,42.362500,43.042500,40.697500,42.167500
2021-11-24,41.327500,42.640000,40.582500,42.557500
2021-11-26,41.695000,42.160000,39.680000,40.210000
2021-11-29,41.550000,43.040000,41.332500,42.707500
2021-11-30,42.420000,43.197500,40.177500,40.872500
2021-12-01,42.215000,42.905000,38.617500,38.775000
2021-12-02,38.355000,40.129750,37.912500,39.505000
2021-12-03,40.000000,40.320000,36.232500,37.520000
2021-12-06,37.647500,38.820000,36.382500,38.397500
2021-12-07,40.442500,42.070000,40.435000,41.860000
2021-12-08,41.972500,42.500000,41.367500,42.442500
2021-12-09,42.037500,42.627500,40.500000,40.610000
2021-12-10,41.442500,41.957500,40.445000,41.867500
2021-12-13,41.867500,41.972500,39.945000,40.067500
2021-12-14,38.530000,39.390000,37.457500,38.875000
2021-12-15,38.740000,41.567250,37.507500,41.447500
2021-12-16,41.752500,41.905000,37.737500,38.285000
2021-12-17,37.207500,38.947500,36.750000,37.700000
2021-12-20,36.255000,36.812500,35.625025,36.572500
2021-12-21,37.540000,39.112250,36.427500,39.017500
2021-12-22,38.895000,40.500000,38.705825,40.410000
2021-12-23,40.542500,41.822500,40.492500,41.370000
2021-12-27,41.772500,43.382500,41.750000,43.347500
2021-12-28,43.690000,43.745000,42.507500,42.837500
2021-12-29,42.827500,43.247500,41.987750,42.770000
2021-12-30,42.692500,43.413750,42.192500,42.370000
2021-12-31,42.157500,42.600000,41.427500,41.582500
2022-01-03,41.957500,42.860000,41.280000,42.782500
2022-01-04,42.957500,42.972500,40.097500,41.120000
2022-01-05,40.595000,40.930000,37.250625,37.337500
2022-01-06,36.757500,38.202500,36.105000,37.235000
2022-01-07,37.225000,37.735000,35.500000,36.017500
2022-01-10,34.587500,36.235000,33.025000,36.150000
2022-01-11,35.857500,37.757500,35.260000,37.740000
2022-01-12,38.492500,38.982500,37.470000,38.170000
2022-01-13,38.565000,38.775000,35.010000,35.400000
2022-01-14,34.545000,36.032500,34.500000,35.935000
2022-01-18,34.242500,34.860000,33.030000,33.345000
2022-01-19,33.680000,34.355000,32.080000,32.185000
2022-01-20,33.010000,34.090000,30.750000,30.940000
2022-01-21,30.310000,31.012500,28.250000,28.335000
2022-01-24,26.922500,28.875000,24.085000,28.745000
2022-01-25,27.075000,28.155000,25.875000,26.625000
2022-01-26,28.495000,29.425000,25.685000,26.575000
2022-01-27,27.700000,28.120000,25.520000,25.780000
2022-01-28,26.200000,28.230000,25.050000,28.185000
2022-01-31,28.522500,31.029950,28.110000,30.915000
2022-02-01,31.210000,31.675000,29.865000,31.505000
2022-02-02,32.610000,32.684850,31.175000,32.250000
2022-02-03,29.660000,30.535000,28.060000,28.370000
2022-02-04,28.435000,30.205000,27.945000,29.350000
2022-02-07,29.535000,30.135000,28.360000,28.685000
2022-02-08,28.400000,29.912750,28.115000,29.660000
2022-02-09,30.780000,31.540000,30.380000,31.500000
2022-02-10,29.655000,31.455000,28.900000,29.410000
2022-02-11,29.390000,29.775000,26.277500,26.640000
2022-02-14,26.450000,27.485000,25.850000,26.715000
2022-02-15,26.715000,28.720000,26.715000,28.650000
2022-02-16,28.135000,28.899950,27.350000,28.645000
2022-02-17,27.820000,28.025000,25.985000,26.105000
2022-02-18,26.295000,26.394550,24.655000,25.220000
2022-02-22,24.520000,25.750000,23.602500,24.440000
2022-02-23,25.120000,25.315000,22.485000,22.570000
2022-02-24,20.380000,24.925000,20.305000,24.780000
2022-02-25,24.997500,26.002500,24.125000,25.955000
2022-02-28,25.227500,26.592500,24.960300,26.230000
2022-03-01,25.960000,26.485000,24.425000,25.020000
2022-03-02,25.335000,26.525000,24.710000,26.215000
2022-03-03,26.875000,26.890000,24.685000,25.120000
2022-03-04,24.582500,24.900000,23.500000,24.045000
2022-03-07,24.022500,24.270050,21.315000,21.360000
2022-03-08,21.195000,23.000000,20.385000,21.065000
2022-03-09,22.700000,23.600000,22.175000,23.320000
2022-03-10,22.450000,22.810000,21.595200,22.570000
2022-03-11,23.170000,23.235000,21.045000,21.170000
2022-03-14,20.905000,21.565000,19.780000,19.930000
2022-03-15,20.435000,21.944950,20.117500,21.775000
2022-03-16,22.580000,24.240000,21.845000,24.220000
2022-03-17,23.795000,25.095000,23.519950,25.030000
2022-03-18,24.730000,26.705000,24.465250,26.585000
2022-03-21,26.430000,26.962500,25.385000,26.395000
2022-03-22,26.535000,28.170000,26.435000,27.955000
2022-03-23,27.280000,28.134650,26.750000,26.775000
2022-03-24,27.215000,28.545000,26.705000,28.510000
2022-03-25,28.520000,28.780600,27.425000,28.465000
2022-03-28,28.460000,29.805000,28.165000,29.760000
2022-03-29,30.760000,31.480000,30.070000,31.285000
2022-03-30,30.840000,31.270000,29.900000,30.345000
2022-03-31,30.320000,30.415000,28.950000,29.090000
2022-04-01,29.215000,29.407500,28.200000,28.965000
2022-04-04,29.190000,30.775000,29.115000,30.775000
2022-04-05,30.410000,30.580000,28.430000,28.740000
2022-04-06,27.410000,27.684400,26.200000,26.850000
2022-04-07,26.615000,27.544450,25.790000,27.025000
2022-04-08,26.610000,26.795000,25.750000,25.920000
2022-04-11,24.915000,25.135000,23.975000,24.080000
2022-04-12,25.080000,25.487500,23.445000,23.770000
2022-04-13,23.830000,25.417500,23.665000,25.195000
2022-04-14,25.210000,25.325000,23.415250,23.500000
2022-04-18,23.235000,24.005000,22.910000,23.565000
2022-04-19,23.365000,25.209950,23.155000,25.080000
2022-04-20,25.285000,25.370000,23.720000,23.950000
2022-04-21,24.820000,25.385000,22.295000,22.545000
2022-04-22,22.525000,22.785000,20.640000,20.755000
2022-04-25,20.405000,21.580000,20.155000,21.525000
2022-04-26,21.110000,21.145000,19.050000,19.105000
2022-04-27,19.085000,20.110000,18.685000,19.020000
2022-04-28,19.912500,21.365000,19.140000,21.030000
2022-04-29,20.195000,20.884500,18.100000,18.265000
2022-05-02,18.125000,19.140000,17.565000,19.125000
2022-05-03,19.095000,19.584700,18.650000,19.170000
2022-05-04,19.245000,21.225000,18.265000,21.070000
2022-05-05,20.250000,20.255000,17.260000,17.930000
2022-05-06,17.545000,18.265000,16.550000,17.305000
2022-05-09,16.280000,16.710000,15.005000,15.260000
2022-05-10,16.357500,16.540000,15.140000,15.785000
2022-05-11,15.425000,16.300000,14.235000,14.380000
2022-05-12,13.715000,14.945000,13.345000,14.265000
2022-05-13,14.925000,16.000000,14.690000,15.815000
2022-05-16,15.565000,15.890000,15.090000,15.325000
2022-05-17,16.215000,16.540000,15.619750,16.480000
2022-05-18,15.730000,15.845000,13.845000,14.075000
2022-05-19,13.770000,14.510000,13.520000,13.790000
2022-05-20,14.325000,14.419950,12.465000,13.670000
2022-05-23,13.825000,14.415000,13.480000,14.345000
2022-05-24,13.572500,13.680000,12.712500,13.450000
2022-05-25,13.220000,14.300000,13.192500,13.990000
2022-05-26,13.880000,15.390000,13.840000,15.160000
2022-05-27,15.647500,16.669600,15.635000,16.645000
2022-05-31,16.650000,17.000000,15.865600,16.525000
2022-06-01,16.855000,17.215000,15.775000,16.140000
2022-06-02,15.960000,17.490000,15.725000,17.450000
2022-06-03,16.570000,16.815000,15.880000,16.070000
2022-06-06,16.807500,17.065000,16.000000,16.270000
2022-06-07,15.710000,16.797500,15.525000,16.665000
2022-06-08,16.537500,16.970000,16.165000,16.325000
2022-06-09,16.035000,16.530000,14.966000,14.995000
2022-06-10,14.127500,14.310000,13.335000,13.395000
2022-06-13,12.135000,12.490000,11.410000,11.540000
2022-06-14,11.820000,11.935000,11.260000,11.615000
2022-06-15,12.030000,12.960000,11.670000,12.450000
2022-06-16,11.495000,11.560000,10.660000,10.930000
2022-06-17,11.035000,11.640000,10.825000,11.335000
2022-06-21,11.907500,12.490000,11.890000,12.190000
2022-06-22,11.855000,12.725000,11.775000,12.145000
2022-06-23,12.470000,12.785000,12.085000,12.665000
2022-06-24,13.056000,14.020000,13.025050,13.990000
2022-06-27,14.175000,14.250000,13.500000,13.660000
2022-06-28,13.730000,14.105000,12.380000,12.415000
2022-06-29,12.390000,12.644950,12.050000,12.440000
2022-06-30,12.030000,12.445000,11.375000,12.000000
2022-07-01,11.800000,12.250000,11.550000,12.195000
2022-07-05,11.705000,12.840000,11.500000,12.825000
2022-07-06,12.885000,13.360000,12.640000,13.070000
2022-07-07,13.190000,14.000000,13.185000,13.880000
2022-07-08,13.495000,14.155000,13.355000,13.945000
2022-07-11,13.600000,13.635000,12.930000,13.055000
2022-07-12,13.220000,13.490000,12.454950,12.675000
2022-07-13,11.920000,12.915000,11.845000,12.595000
2022-07-14,12.232500,12.840000,11.810000,12.725000
2022-07-15,13.135000,13.425000,12.905000,13.395000
2022-07-18,13.805000,14.000000,12.910000,13.085000
2022-07-19,13.575000,14.310000,13.345350,14.230000
2022-07-20,14.330000,15.125000,14.220000,14.945000
2022-07-21,15.005000,15.587500,14.610000,15.580000
2022-07-22,15.440000,15.765000,14.475000,14.765000
2022-07-25,14.765000,14.835000,14.205000,14.545000
2022-07-26,14.245000,14.285000,13.525000,13.665000
2022-07-27,14.300000,15.625000,14.215000,15.370000
2022-07-28,15.337500,15.910000,14.760000,15.810000
2022-07-29,16.065000,16.825000,15.835100,16.680000
2022-08-01,16.390000,17.210000,16.219950,16.655000
2022-08-02,16.270000,17.174950,16.105000,16.500000
2022-08-03,16.775000,17.975000,16.655000,17.820000
2022-08-04,17.845000,18.132500,17.480000,18.075000
2022-08-05,17.215000,17.990000,17.075000,17.645000
2022-08-08,17.800000,18.415000,17.217500,17.465000
2022-08-09,17.140000,17.185000,16.595000,16.865000
2022-08-10,18.067500,18.320000,17.655000,18.250000
2022-08-11,18.665000,19.010000,17.835000,17.975000
2022-08-12,18.300000,19.025000,18.117500,18.990000
2022-08-15,18.825000,19.540000,18.820000,19.445000
2022-08-16,19.280000,19.690000,18.765000,19.320000
2022-08-17,18.755000,19.163900,18.275000,18.650000
2022-08-18,18.630000,18.980000,18.345000,18.775000
2022-08-19,18.240000,18.350100,17.532500,17.675000
2022-08-22,16.945000,16.985000,16.130000,16.285000
2022-08-23,16.215500,16.675000,16.100000,16.230000
2022-08-24,16.150000,16.650000,16.052500,16.355000
2022-08-25,16.640000,17.220000,16.470000,17.215000
2022-08-26,17.172500,17.370000,15.100000,15.120000
2022-08-29,14.675000,15.060000,14.479400,14.655000
2022-08-30,14.895000,14.975000,13.780000,14.165000
2022-08-31,14.577500,14.700000,13.886450,13.905000
2022-09-01,13.540000,13.965000,13.010000,13.920000
2022-09-02,14.320000,14.520000,13.085000,13.340000
2022-09-06,13.380000,13.509950,12.730000,13.035000
2022-09-07,13.090000,13.950000,13.055000,13.805000
2022-09-08,13.515000,14.207500,13.320000,14.030000
2022-09-09,14.340000,15.010000,14.330000,14.920000
2022-09-12,15.150000,15.515000,15.095000,15.465000
2022-09-13,14.120000,14.305000,12.780000,12.920000
2022-09-14,13.062500,13.335000,12.820000,13.210000
2022-09-15,12.940000,13.275000,12.325000,12.545000
2022-09-16,12.105000,12.365000,11.835000,12.300000
2022-09-19,11.970000,12.615000,11.960000,12.595000
2022-09-20,12.265000,12.595000,11.990000,12.295000
2022-09-21,12.405000,12.960000,11.615000,11.620000
2022-09-22,11.425000,11.555000,11.035000,11.190000
2022-09-23,10.897500,10.930000,10.225000,10.655000
2022-09-26,10.580000,11.105000,10.415000,10.510000
2022-09-27,10.907500,11.175000,10.250000,10.520000
2022-09-28,10.515000,11.295000,10.340000,11.135000
2022-09-29,10.652500,10.695000,9.810000,10.195000
2022-09-30,10.077500,10.545000,9.640000,9.660000
2022-10-03,9.852500,10.505000,9.680000,10.330000
2022-10-04,10.947500,11.382500,10.945000,11.290000
2022-10-05,10.832500,11.500000,10.505000,11.290000
2022-10-06,11.150000,11.530000,10.960000,11.005000
2022-10-07,10.440000,10.455000,9.580000,9.750000
2022-10-10,9.757500,9.805000,9.150000,9.445000
2022-10-11,9.260000,9.570000,8.870000,9.070000
2022-10-12,9.115000,9.320000,8.965000,9.050000
2022-10-13,8.257500,9.810000,8.160000,9.655000
2022-10-14,9.925000,9.990000,8.730000,8.785000
2022-10-17,9.402500,9.750000,9.400000,9.650000
2022-10-18,10.432500,10.500000,9.585000,9.890000
2022-10-19,9.705000,10.120000,9.505000,9.770000
2022-10-20,9.665000,10.233350,9.480000,9.605000
2022-10-21,9.490000,10.345000,9.362500,10.285000
2022-10-24,10.315000,10.735000,9.900000,10.635000
2022-10-25,10.737500,11.320000,10.735000,11.275000
2022-10-26,10.590000,11.250000,10.465000,10.530000
2022-10-27,10.395000,10.560000,9.885000,9.950000
2022-10-28,9.875000,10.905000,9.855000,10.850000
2022-10-31,10.587500,10.682500,10.245000,10.475000
2022-11-01,10.870000,10.934950,10.105000,10.150000
2022-11-02,10.140000,10.490000,9.090500,9.100000
2022-11-03,8.822500,8.975000,8.520000,8.575000
2022-11-04,9.065000,9.175000,8.425000,8.975000
2022-11-07,9.080000,9.320000,8.855000,9.260000
2022-11-08,9.425000,9.810000,9.045000,9.460000
2022-11-09,9.265000,9.350000,8.765000,8.800000
2022-11-10,10.075000,10.770000,9.850000,10.725000
2022-11-11,10.715000,11.415000,10.560000,11.335000
2022-11-14,11.085000,11.480000,10.910000,11.035000
2022-11-15,11.822500,11.975000,11.090000,11.480000
2022-11-16,11.250000,11.290000,10.910000,11.015000
2022-11-17,10.475000,11.104850,10.455000,10.930000
2022-11-18,11.280000,11.290000,10.640000,10.920000
2022-11-21,10.760000,10.900000,10.485000,10.590000
2022-11-22,10.665000,11.050000,10.415000,11.035000
2022-11-23,11.025000,11.435000,11.005000,11.365000
2022-11-25,11.170000,11.250000,11.075000,11.130000
2022-11-28,10.900000,11.135000,10.530000,10.640000
2022-11-29,10.660000,10.710000,10.235000,10.385000
2022-11-30,10.425000,11.825000,10.325000,11.780000
2022-12-01,11.850000,12.085000,11.505000,11.845000
2022-12-02,11.222500,11.815000,11.195000,11.705000
2022-12-05,11.440000,11.600000,10.930000,11.115000
2022-12-06,11.090000,11.105000,10.250000,10.410000
2022-12-07,10.280000,10.515000,10.090000,10.285000
2022-12-08,10.435000,10.750000,10.195000,10.650000
2022-12-09,10.525000,10.845000,10.385000,10.445000
2022-12-12,10.455000,10.830000,10.335000,10.825000
2022-12-13,12.087500,12.115000,10.860000,11.165000
2022-12-14,11.105000,11.495000,10.540000,10.900000
2022-12-15,10.430000,10.514900,9.675000,9.820000
2022-12-16,9.740000,9.904550,9.355000,9.530000
2022-12-19,9.550000,9.564950,8.990000,9.135000
2022-12-20,9.000000,9.280000,8.835000,9.095000
2022-12-21,9.205000,9.625000,9.115050,9.490000
2022-12-22,9.115000,9.122500,8.290000,8.770000
2022-12-23,8.605000,8.860000,8.415000,8.795000
2022-12-27,8.730000,8.740000,8.360000,8.420000
2022-12-28,8.375000,8.597750,8.050000,8.080000
2022-12-29,8.335000,8.750000,8.265050,8.650000
2022-12-30,8.380000,8.650000,8.250000,8.650000
2023-01-03,8.870000,9.019750,8.235000,8.455000
2023-01-04,8.662500,8.745000,8.270000,8.585000
2023-01-05,8.405000,8.425000,8.140000,8.180000
2023-01-06,8.325000,8.950000,8.050000,8.820000
2023-01-09,9.040000,9.480000,8.945050,9.005000
2023-01-10,8.907500,9.245000,8.850000,9.245000
2023-01-11,9.342500,9.717500,9.260000,9.705000
2023-01-12,9.757500,9.960000,9.295000,9.855000
2023-01-13,9.585000,10.085000,9.550000,10.050000
2023-01-17,10.030000,10.255000,9.905000,10.105000
2023-01-18,10.287500,10.452500,9.695000,9.730000
2023-01-19,9.535000,9.655000,9.290000,9.425000
2023-01-20,9.587500,10.225000,9.480050,10.195000
2023-01-23,10.275000,11.000000,10.190000,10.865000
2023-01-24,10.680000,10.933550,10.620000,10.800000
2023-01-25,10.280000,10.795000,9.990000,10.720000
2023-01-26,11.110000,11.359950,10.800000,11.340000
2023-01-27,11.180000,11.910000,11.165000,11.665000
2023-01-30,11.275000,11.450000,10.925000,10.965000
2023-01-31,10.970000,11.460000,10.950000,11.455000
2023-02-01,11.430000,12.475000,11.180000,12.195000
2023-02-02,12.977500,13.725000,12.875000,13.455000
2023-02-03,12.605000,13.570000,12.555000,12.760000
2023-02-06,12.422500,12.725000,12.260000,12.435000
2023-02-07,12.415000,13.345000,12.270600,13.205000
2023-02-08,13.025000,13.150000,12.405000,12.495000
2023-02-09,13.025000,13.045000,11.965000,12.160000
2023-02-10,11.880000,12.130000,11.610000,11.910000
2023-02-13,12.070000,12.550000,11.925000,12.475000
2023-02-14,12.267500,12.870000,12.025000,12.745000
2023-02-15,12.510000,13.050000,12.425000,13.030000
2023-02-16,12.415000,12.935000,12.265000,12.285000
2023-02-17,12.015000,12.115000,11.650000,12.020000
2023-02-21,11.550000,11.725000,11.145000,11.175000
2023-02-22,11.225000,11.425000,10.990000,11.185000
2023-02-23,11.592500,11.615000,10.975000,11.465000
2023-02-24,10.875000,11.015000,10.675000,10.885000
2023-02-27,11.240000,11.400000,11.050000,11.120000
2023-02-28,11.040000,11.360000,11.000000,11.065000
2023-03-01,11.030000,11.105000,10.685000,10.795000
2023-03-02,10.505000,11.150000,10.475000,11.055000
2023-03-03,11.250000,11.765000,11.192350,11.730000
2023-03-06,11.880000,12.240000,11.750000,11.780000
2023-03-07,11.777500,11.890000,11.260650,11.340000
2023-03-08,11.375000,11.570000,11.165000,11.495000
2023-03-09,11.555000,11.855000,10.795000,10.890000
2023-03-10,10.910000,11.080000,10.310000,10.440000
2023-03-13,10.235000,11.075000,10.065000,10.665000
2023-03-14,11.060000,11.455000,10.960000,11.390000
2023-03-15,11.085000,11.610000,10.915000,11.555000
2023-03-16,11.440000,12.515000,11.360000,12.470000
2023-03-17,12.465000,12.755000,12.050000,12.285000
2023-03-20,12.215000,12.457850,11.945000,12.415000
2023-03-21,12.655000,13.000000,12.465000,12.940000
2023-03-22,12.855000,13.480000,12.324950,12.340000
2023-03-23,12.797500,13.304950,12.440000,12.780000
2023-03-24,12.720000,12.920000,12.420000,12.910000
2023-03-27,12.992500,13.130000,12.530000,12.645000
2023-03-28,12.567500,12.570000,12.145000,12.435000
2023-03-29,12.880000,13.185000,12.785000,13.115000
2023-03-30,13.410000,13.545000,13.245000,13.470000
2023-03-31,13.500000,14.160000,13.455000,14.130000
2023-04-03,13.840000,14.060000,13.665000,14.030000
2023-04-04,14.080000,14.215000,13.710000,13.890000
2023-04-05,13.735000,13.760000,13.205000,13.445000
2023-04-06,13.230000,13.780000,13.055000,13.715000
2023-04-10,13.320000,13.690000,13.085000,13.685000
2023-04-11,13.680000,13.685000,13.350000,13.420000
2023-04-12,13.670000,13.745000,13.000000,13.065000
2023-04-13,13.265000,13.870000,13.245000,13.815000
2023-04-14,13.602500,13.965000,13.347500,13.735000
2023-04-17,13.675000,13.809950,13.405000,13.750000
2023-04-18,14.035000,14.090000,13.600000,13.760000
2023-04-19,13.435000,13.870000,13.420000,13.730000
2023-04-20,13.335000,13.790000,13.235000,13.410000
2023-04-21,13.350000,13.545000,13.125000,13.435000
2023-04-24,13.405000,13.585000,13.070000,13.355000
2023-04-25,13.140000,13.225000,12.585000,12.600000
2023-04-26,13.010000,13.195000,12.755000,12.810000
2023-04-27,13.280000,13.915000,13.195000,13.845000
2023-04-28,13.820000,14.140000,13.665000,14.125000
2023-05-01,14.070000,14.265000,13.935000,14.085000
2023-05-02,14.070000,14.110000,13.480000,13.710000
2023-05-03,13.750000,14.100000,13.415000,13.440000
2023-05-04,13.390000,13.540000,13.142000,13.290000
2023-05-05,13.560000,14.230000,13.516850,14.105000
2023-05-08,14.050000,14.270000,13.910000,14.220000
2023-05-09,13.992500,14.110000,13.902500,13.945000
2023-05-10,14.260000,14.510000,13.935000,14.395000
2023-05-11,14.452500,14.594950,14.245000,14.515000
2023-05-12,14.590000,14.650000,14.085000,14.365000
2023-05-15,14.425000,14.625000,14.215000,14.585000
2023-05-16,14.490000,14.870000,14.480000,14.640000
2023-05-17,14.775000,15.240000,14.615000,15.165000
2023-05-18,15.200000,16.020000,15.197500,15.980000
2023-05-19,16.015000,16.120000,15.725000,15.870000
2023-05-22,15.840000,16.180000,15.835000,16.035000
2023-05-23,15.780000,15.947500,15.365000,15.415000
2023-05-24,15.135000,15.350000,14.885000,15.165000
2023-05-25,16.180000,16.435000,15.840000,16.260000
2023-05-26,16.405000,17.625000,16.395000,17.490000
2023-05-30,18.155000,18.335000,17.520000,17.735000
2023-05-31,17.485000,17.792500,17.200000,17.375000
2023-06-01,17.370000,18.215000,17.205000,18.005000
2023-06-02,18.280000,18.595000,18.005000,18.410000
2023-06-05,18.380000,18.850000,18.280000,18.450000
2023-06-06,18.345000,18.580000,18.130000,18.430000
2023-06-07,18.470000,18.780000,17.385000,17.490000
2023-06-08,17.510000,18.190000,17.475000,18.090000
2023-06-09,18.340000,18.807500,18.097500,18.310000
2023-06-12,18.575000,19.255000,18.420050,19.245000
2023-06-13,19.685000,19.815000,19.160000,19.675000
2023-06-14,19.675000,20.150000,19.210250,20.095000
2023-06-15,19.870000,21.045000,19.755000,20.800000
2023-06-16,21.205000,21.220000,20.325000,20.400000
2023-06-20,20.145000,20.540000,19.800000,20.300000
2023-06-21,20.040000,20.110000,19.250000,19.425000
2023-06-22,19.185000,20.095000,19.119600,20.070000
2023-06-23,19.415000,19.855000,19.190000,19.475000
2023-06-26,19.380000,19.835000,18.670000,18.705000
2023-06-27,18.922500,19.750000,18.800000,19.630000
2023-06-28,19.335000,20.070000,19.316250,19.750000
2023-06-29,19.680000,19.780000,19.335000,19.615000
2023-06-30,20.200000,20.675000,20.145000,20.500000
2023-07-03,20.600000,20.745000,20.420000,20.640000
2023-07-05,20.360000,20.920000,20.355000,20.625000
2023-07-06,19.985000,20.210000,19.645000,20.140000
2023-07-07,20.095000,20.627500,19.890000,19.935000
2023-07-10,19.880000,20.054950,19.465000,19.950000
2023-07-11,20.010000,20.307500,19.650000,20.235000
2023-07-12,20.915000,21.220000,20.575050,20.985000
2023-07-13,21.510000,22.180000,21.415000,22.030000
2023-07-14,22.110000,22.680000,21.860050,22.010000
2023-07-17,22.140000,22.782750,22.055000,22.620000
2023-07-18,22.507500,23.420450,22.155000,23.160000
2023-07-19,23.365000,23.570000,22.910000,23.160000
2023-07-20,22.580000,22.850000,21.345000,21.535000
2023-07-21,21.940000,22.090000,21.255000,21.345000
2023-07-24,21.490000,21.655000,21.101600,21.430000
2023-07-25,21.540000,22.140000,21.540000,21.860000
2023-07-26,21.660000,21.925000,21.220000,21.635000
2023-07-27,22.555000,22.845000,21.225000,21.450000
2023-07-28,22.150000,22.795000,22.065000,22.610000
2023-07-31,22.665000,22.855000,22.410000,22.655000
2023-08-01,22.395000,22.615000,22.105350,22.480000
2023-08-02,21.845000,21.847500,20.765000,21.010000
2023-08-03,20.555000,21.230000,20.525000,20.860000
2023-08-04,21.195000,21.585000,20.485000,20.570000
2023-08-07,20.865000,21.100000,20.470000,21.080000
2023-08-08,20.645000,20.645000,20.000000,20.540000
2023-08-09,20.577500,20.605000,19.725000,19.855000
2023-08-10,20.330000,20.875000,19.686400,19.945000
2023-08-11,19.515000,19.837500,19.300000,19.545000
2023-08-14,19.415000,20.220000,19.300000,20.195000
2023-08-15,20.035000,20.169500,19.440000,19.575000
2023-08-16,19.460000,19.707700,18.910000,18.925000
2023-08-17,19.125000,19.180000,18.215000,18.285000
2023-08-18,17.765000,18.404700,17.685000,18.200000
2023-08-21,18.435000,19.190000,18.355000,19.080000
2023-08-22,19.485000,19.490000,18.885000,18.995000
2023-08-23,19.175000,20.060000,19.140000,19.890000
2023-08-24,20.440000,20.452500,18.550000,18.580000
2023-08-25,18.715000,19.280000,18.175000,19.020000
2023-08-28,19.475000,19.584950,19.040050,19.445000
2023-08-29,19.400000,20.760000,19.345400,20.685000
2023-08-30,20.715000,21.140000,20.540000,21.030000
2023-08-31,21.020000,21.490000,21.010000,21.220000
2023-09-01,21.605000,21.680000,20.875000,21.145000
2023-09-05,20.985000,21.410000,20.830000,21.200000
2023-09-06,21.070000,21.120000,20.290000,20.640000
2023-09-07,19.870000,20.300000,19.690000,20.190000
2023-09-08,20.155000,20.620000,20.085000,20.250000
2023-09-11,20.250000,21.045000,20.250000,20.940000
2023-09-12,20.670000,20.904750,20.200000,20.270000
2023-09-13,20.290000,20.742550,20.095000,20.470000
2023-09-14,20.750000,21.120000,20.400000,20.950000
2023-09-15,20.725000,20.793900,19.715000,19.875000
2023-09-18,19.715000,20.110000,19.665000,19.920000
2023-09-19,19.705000,19.912500,19.300000,19.800000
2023-09-20,19.730677,19.949950,18.850000,18.875000
2023-09-21,18.275000,18.390000,17.785000,17.800000
2023-09-22,18.065000,18.390000,17.760300,17.812500
2023-09-25,17.655000,18.070000,17.505000,18.050000
2023-09-26,17.655000,17.740000,17.085000,17.245000
2023-09-27,17.404500,17.634950,16.815000,17.350000
2023-09-28,17.195000,18.084950,17.065500,17.770000
2023-09-29,18.290000,18.500000,17.615000,17.810000
2023-10-02,17.835000,18.450000,17.740000,18.235000
2023-10-03,17.855000,18.195000,17.020000,17.270000
2023-10-04,17.390000,18.095000,17.320000,17.970000
2023-10-05,17.945000,18.000000,17.250000,17.780000
2023-10-06,17.325000,18.845000,17.205000,18.675000
2023-10-09,18.305000,19.045000,18.070000,18.950000
2023-10-10,19.002500,19.684950,18.925000,19.260000
2023-10-11,19.470000,19.705950,19.200000,19.670000
2023-10-12,19.735000,20.025000,19.060000,19.440000
2023-10-13,19.545000,19.639750,18.487050,18.705000
2023-10-16,18.910000,19.500000,18.885000,19.335000
2023-10-17,18.760000,19.410000,18.425000,19.150000
2023-10-18,18.735000,19.089950,18.165400,18.340000
2023-10-19,18.575000,18.755000,17.720050,17.850000
2023-10-20,17.760000,17.850000,17.010000,17.045000
2023-10-23,16.837500,17.705000,16.530000,17.195000
2023-10-24,17.450000,17.795000,17.200000,17.680000
2023-10-25,17.315000,17.340000,16.290000,16.385000
2023-10-26,16.190000,16.319950,15.235000,15.430000
2023-10-27,15.787500,16.115000,15.475000,15.650000
2023-10-30,15.975000,16.345000,15.787500,16.155000
2023-10-31,16.160000,16.442500,15.799600,16.390000
2023-11-01,16.500000,17.315000,16.485000,17.235000
2023-11-02,17.880000,18.190000,17.700000,18.150000
2023-11-03,18.350000,18.990000,18.315000,18.790000
2023-11-06,18.905000,19.105000,18.660000,19.005000
2023-11-07,19.175000,19.685000,18.985000,19.540000
2023-11-08,19.600000,19.715000,19.215000,19.575000
2023-11-09,19.575000,19.855000,19.030200,19.110000
2023-11-10,19.375000,20.415000,19.290000,20.385000
2023-11-13,20.125000,20.364950,19.875000,20.200000
2023-11-14,21.235000,21.640000,21.145000,21.470000
2023-11-15,21.810000,21.890000,21.300000,21.530000
2023-11-16,21.380000,21.605000,21.165250,21.565000
2023-11-17,21.440000,21.750000,21.282500,21.580000
2023-11-20,21.575000,22.475000,21.570000,22.350000
2023-11-21,22.045000,22.080000,21.645800,21.945000
2023-11-22,22.285000,22.710000,22.027000,22.200000
2023-11-24,22.125000,22.225000,21.925000,22.090000
2023-11-27,22.002500,22.370000,21.882500,22.025000
2023-11-28,21.900000,22.300000,21.835000,22.200000
2023-11-29,22.620000,22.865000,22.065000,22.120000
2023-11-30,22.150000,22.227500,21.420850,21.935000
2023-12-01,21.745000,22.220600,21.462000,22.120000
2023-12-04,21.455000,21.537250,20.865000,21.490000
2023-12-05,21.155000,21.850000,21.130500,21.645000
2023-12-06,22.140000,22.160000,21.205000,21.260000
2023-12-07,21.740000,22.270000,21.555000,22.150000
2023-12-08,21.825000,22.500000,21.792500,22.415000
2023-12-11,22.335000,23.040000,22.300000,22.985000
2023-12-12,22.990000,23.550000,22.785000,23.540000
2023-12-13,23.690000,24.534700,23.550000,24.370000
2023-12-14,24.625000,24.865000,23.775050,24.330000
2023-12-15,24.470000,24.895000,24.350000,24.620000
2023-12-18,24.745000,25.300000,24.683350,25.135000
2023-12-19,25.210000,25.530000,25.177500,25.510000
2023-12-20,25.398277,25.635000,24.230000,24.270000
2023-12-21,24.945000,25.135000,24.470000,25.072500
2023-12-22,25.300000,25.470000,24.820000,25.175000
2023-12-26,25.320000,25.755000,25.310000,25.635000
2023-12-27,25.675000,25.830000,25.510000,25.770000
2023-12-28,25.960000,26.005000,25.635000,25.705000
2023-12-29,25.690000,25.761800,25.000000,25.350000
2024-01-02,24.675000,24.715000,23.632500,24.065000
2024-01-03,23.585000,23.770000,23.215050,23.295000
2024-01-04,22.935000,23.485000,22.865000,22.905000
2024-01-05,22.930000,23.460000,22.735000,22.990000
2024-01-08,23.195000,24.450000,23.165000,24.375000
2024-01-09,23.830000,24.705000,23.805000,24.535000
2024-01-10,24.585000,25.205000,24.420050,25.020000
2024-01-11,25.225000,25.485000,24.200000,25.140000
2024-01-12,25.335000,25.490000,24.920000,25.170000
2024-01-16,24.940000,25.455000,24.665000,25.155000
2024-01-17,24.535000,24.795000,23.935000,24.720000
2024-01-18,25.295000,25.860000,25.055000,25.780000
2024-01-19,26.160000,27.310000,26.050000,27.270000
2024-01-22,27.705000,27.960000,27.255050,27.380000
2024-01-23,27.505000,27.740000,27.140000,27.705000
2024-01-24,28.475000,28.950000,28.057500,28.160000
2024-01-25,28.630000,28.765000,27.760000,28.240000
2024-01-26,27.840000,28.195000,27.590000,27.720000
2024-01-29,27.805000,28.600000,27.670000,28.535000
2024-01-30,28.345000,28.457500,27.800000,27.965000
2024-01-31,27.095000,27.492000,26.290000,26.320000
2024-02-01,26.645000,27.320000,26.455000,27.250000
2024-02-02,27.590000,28.840000,27.395000,28.620000
2024-02-05,28.595000,28.710000,27.785000,28.475000
2024-02-06,28.690000,28.820000,27.820000,28.310000
2024-02-07,28.845000,29.330000,28.585000,29.155000
2024-02-08,29.155000,29.445000,29.010000,29.275000
2024-02-09,29.515000,30.305000,29.356000,30.135000
2024-02-12,30.105000,30.570000,29.637500,29.780000
2024-02-13,28.120000,28.935000,27.717500,28.370000
2024-02-14,28.900000,29.375000,28.430050,29.270000
2024-02-15,29.405000,29.605100,28.865000,29.515000
2024-02-16,29.580000,29.605000,28.555000,28.705000
2024-02-20,28.290000,28.590000,27.275000,28.040000
2024-02-21,27.485000,27.710000,26.910000,27.690000
2024-02-22,29.390000,30.297500,29.245050,30.085000
2024-02-23,30.415000,30.610000,29.610000,29.810000
2024-02-26,29.970000,30.185000,29.715000,29.770000
2024-02-27,29.980000,30.045000,29.435000,29.955000
2024-02-28,29.515000,29.762500,29.275050,29.470000
2024-02-29,30.040000,30.425000,29.390000,30.180000
2024-03-01,30.375000,31.755000,30.365000,31.565000
2024-03-04,31.545000,31.640000,31.152500,31.190000
2024-03-05,30.550000,30.550000,29.010000,29.520000
2024-03-06,30.370000,30.713000,29.675000,30.065000
2024-03-07,30.775000,31.657500,30.457000,31.405000
2024-03-08,31.460000,32.065000,29.885000,30.030000
2024-03-11,29.705000,29.940000,29.280000,29.680000
2024-03-12,30.145000,31.020000,29.480000,30.940000
2024-03-13,30.720000,30.727500,29.984350,30.220000
2024-03-14,30.435000,30.550000,29.395000,29.975000
2024-03-15,29.345000,29.460850,28.642500,28.880000
2024-03-18,29.940000,30.400000,29.645000,29.695000
2024-03-19,29.270000,29.990000,28.840100,29.900000
2024-03-20,30.035000,30.915000,29.680000,30.850000
2024-03-21,31.875000,31.975000,31.210000,31.250000
2024-03-22,31.135000,31.585000,30.952400,31.315000
2024-03-25,30.740000,31.315000,30.530000,30.995000
2024-03-26,31.305000,31.505000,30.640000,30.705000
2024-03-27,31.285000,31.315000,30.355000,30.975000
2024-03-28,30.945000,31.115000,30.700000,30.780000
2024-04-01,30.960000,31.495000,30.560000,30.970000
2024-04-02,29.935000,30.210000,29.500500,30.140000
2024-04-03,29.700000,30.729950,29.690000,30.340000
2024-04-04,31.175000,31.304950,28.870050,28.910000
2024-04-05,29.200000,30.464350,29.027500,29.930000
2024-04-08,30.105000,30.329950,29.656000,29.950000
2024-04-09,30.405000,30.467500,29.287500,30.260000
2024-04-10,29.180000,29.637500,29.030000,29.465000
2024-04-11,29.805000,31.030000,29.341800,30.855000
2024-04-12,29.940000,30.175000,29.060000,29.360000
2024-04-15,30.100000,30.115000,27.720000,27.885000
2024-04-16,27.845000,28.405000,27.620000,27.890000
2024-04-17,28.270000,28.275000,26.675000,26.855000
2024-04-18,26.945000,27.280000,26.255000,26.375000
2024-04-19,26.140000,26.235000,24.425000,24.740000
2024-04-22,25.190000,25.884950,24.585000,25.464950
2024-04-23,25.810000,26.807500,25.745000,26.595000
2024-04-24,27.160000,27.455000,26.415900,26.855000
2024-04-25,25.450000,26.595000,25.240000,26.425000
2024-04-26,27.015000,27.935000,26.885000,27.640000
2024-04-29,28.040000,28.165050,27.437500,27.970000
2024-04-30,27.650000,27.924950,26.365750,26.367500
2024-05-01,26.075000,27.400000,25.635000,25.800000
2024-05-02,26.460000,26.922500,25.600500,26.782500
2024-05-03,28.165000,28.555000,27.865000,28.350000
2024-05-06,28.710000,29.300000,28.557500,29.280000
2024-05-07,29.360000,29.615000,29.141500,29.280000
2024-05-08,28.750000,29.507500,28.725000,29.225000
2024-05-09,29.250000,29.499650,28.875000,29.385000
2024-05-10,29.680000,30.034950,29.270000,29.585000
2024-05-13,29.960000,29.985000,29.490100,29.780000
2024-05-14,29.680000,30.450000,29.640000,30.335000
2024-05-15,30.845000,31.807500,30.530000,31.735000
2024-05-16,31.680000,32.100000,31.495000,31.540000
2024-05-17,31.545000,31.677500,31.010000,31.490000
2024-05-20,31.510000,32.265000,31.472500,32.120000
2024-05-21,31.720000,32.335000,31.675000,32.285000
2024-05-22,32.345000,32.500000,31.710000,32.265000
2024-05-23,33.250000,33.255000,31.400700,31.785000
2024-05-24,32.125000,32.945000,31.970000,32.675000
2024-05-28,32.930000,33.050000,32.400000,33.030000
2024-05-29,32.120000,32.720000,32.100000,32.340000
2024-05-30,32.125000,32.147500,30.995000,31.300000
2024-05-31,31.300000,31.445000,29.480000,31.265000
2024-06-03,31.865000,32.074950,30.480900,31.570000
2024-06-04,31.500000,32.065000,31.135000,31.805000
2024-06-05,32.560000,33.740000,32.325000,33.725000
2024-06-06,33.870000,33.937500,33.425000,33.692500
2024-06-07,33.560000,34.162500,33.310000,33.560000
2024-06-10,33.295000,34.029950,33.240000,33.915000
2024-06-11,33.660000,34.659350,33.330000,34.615000
2024-06-12,35.505000,36.510000,35.360000,35.980600
2024-06-13,36.785000,36.944250,36.035000,36.555000
2024-06-14,36.475000,37.105000,36.365000,37.085000
2024-06-17,37.140000,38.860000,36.835000,38.430000
2024-06-18,38.415000,38.616000,38.030000,38.450000
2024-06-20,38.730000,38.830000,37.110500,37.545000
2024-06-21,37.450000,37.765000,36.860950,37.200000
2024-06-24,36.910000,37.315000,35.900050,35.940000
2024-06-25,36.395000,37.215000,36.185000,37.140000
2024-06-26,36.800000,37.350000,36.705000,37.230000
2024-06-27,37.160000,37.849400,36.960000,37.500000
2024-06-28,37.645000,38.765000,36.725050,36.910000
2024-07-01,37.080000,37.644950,36.209950,37.515000
2024-07-02,37.145000,38.690000,37.120000,38.665000
2024-07-03,38.475000,39.655000,38.475000,39.615000
2024-07-05,39.785000,40.925000,39.715000,40.815000
2024-07-08,40.905000,41.232500,40.640000,41.085000
2024-07-09,41.460000,41.745000,40.810000,41.175000
2024-07-10,41.660000,42.600000,41.335300,42.465000
2024-07-11,42.485000,42.530000,39.350000,39.675000
2024-07-12,39.755000,41.470000,39.647500,40.285000
2024-07-15,40.735000,41.810000,40.115000,40.620000
2024-07-16,40.970000,41.175000,39.870000,40.678200
2024-07-17,38.665000,38.785000,37.045000,37.075000
2024-07-18,37.905000,37.959950,35.775000,36.520000
2024-07-19,36.400000,36.985000,35.220000,35.530000
2024-07-22,36.825000,37.315000,36.060000,37.080000
2024-07-23,36.865000,37.563550,36.570000,36.680000
2024-07-24,35.115000,35.190050,32.522500,32.725000
2024-07-25,32.780000,33.670000,31.065000,31.635000
2024-07-26,32.500000,33.170000,31.890000,32.540000
2024-07-29,33.135000,33.592700,32.260000,32.730000
2024-07-30,33.140000,33.295050,30.670000,31.395000
2024-07-31,33.490000,34.500000,33.190000,34.140000
2024-08-01,34.290000,35.110000,30.852000,31.680000
2024-08-02,29.825000,30.357500,28.500000,29.370000
2024-08-05,24.665000,28.092500,24.400000,26.810000
2024-08-06,27.065000,28.875000,26.570000,27.480000
2024-08-07,28.785000,29.255000,26.500000,26.595000
2024-08-08,27.725000,29.175000,27.005000,29.030000
2024-08-09,28.720000,29.765000,28.500000,29.425000
2024-08-12,29.615000,30.200000,29.057300,29.625000
2024-08-13,30.480000,31.855000,30.450000,31.780000
2024-08-14,31.995000,32.318500,30.934950,31.835000
2024-08-15,33.065000,34.315000,32.993800,34.230000
2024-08-16,33.810000,34.627500,33.595000,34.320000
2024-08-19,34.340000,35.675000,33.942500,35.650000
2024-08-20,35.450000,36.030000,35.045000,35.430000
2024-08-21,35.590000,36.330000,35.210050,35.915000
2024-08-22,36.430000,36.580000,33.960000,34.190000
2024-08-23,35.100000,35.860000,34.250000,35.265000
2024-08-26,35.135000,35.335000,33.765000,34.230000
2024-08-27,33.865000,34.750000,33.425000,34.520000
2024-08-28,34.400000,34.560000,32.578000,33.350000
2024-08-29,33.725000,34.715000,32.895000,33.175000
2024-08-30,34.060000,34.435000,33.090000,34.305000
2024-09-03,33.630000,33.660000,30.646000,31.175000
2024-09-04,30.520000,31.685000,30.325000,30.910000
2024-09-05,30.570000,31.859700,30.360000,31.010000
2024-09-06,30.805000,30.985000,28.360050,28.495000
2024-09-09,29.285000,29.742500,28.667500,29.555000
2024-09-10,29.890000,30.457500,29.100000,30.350000
2024-09-11,30.590000,32.474950,28.885000,32.285000
2024-09-12,32.315000,33.445000,31.945000,33.240000
2024-09-13,33.075000,33.935000,33.025000,33.675000
2024-09-16,33.210000,33.355000,32.512500,33.225000
2024-09-17,33.850000,34.130000,32.735000,33.245000
2024-09-18,33.510000,34.380000,32.695000,32.810000
2024-09-19,35.150000,35.900000,34.705850,35.290000
2024-09-20,35.075000,35.340000,34.155000,35.065000
2024-09-23,35.310000,35.575000,35.020000,35.325000
2024-09-24,35.640000,36.045000,34.690000,35.825000
2024-09-25,35.570000,36.244950,35.529500,35.835000
2024-09-26,37.460000,37.535000,35.790000,36.595000
2024-09-27,36.810000,36.830000,35.695000,35.965000
2024-09-30,35.730000,36.310000,35.090000,36.245000
2024-10-01,36.140000,36.215000,33.850000,34.710000
2024-10-02,34.505000,35.268800,33.935000,34.840000
2024-10-03,34.365000,35.404200,34.195000,34.760000
2024-10-04,36.000000,36.080000,34.890000,35.985000
2024-10-07,35.525000,35.790000,34.528950,34.800000
2024-10-08,35.330000,36.490000,35.155000,36.310000
2024-10-09,36.260000,37.315000,36.030000,37.185000
2024-10-10,36.660000,37.475000,36.360000,37.055000
2024-10-11,36.585000,37.400000,36.450000,37.150000
2024-10-14,37.720000,38.410000,37.605000,38.100000
2024-10-15,38.175000,38.325000,36.070000,36.580000
2024-10-16,36.620000,36.745000,35.835000,36.560000
2024-10-17,37.790000,37.800000,36.625000,36.670000
2024-10-18,37.230000,37.575000,37.064950,37.320000
2024-10-21,37.030000,37.710500,36.590000,37.525000
2024-10-22,36.902500,37.975000,36.727500,37.635000
2024-10-23,37.085000,37.235000,35.140000,35.895000
2024-10-24,36.710000,36.900000,36.120000,36.750000
2024-10-25,37.350000,38.500000,37.195000,37.370000
2024-10-28,38.095000,38.095000,37.330000,37.405000
2024-10-29,37.465000,38.727500,37.035000,38.440000
2024-10-30,38.275000,38.490000,37.470000,37.585000
2024-10-31,36.655000,36.665000,34.714950,34.725000
2024-11-01,35.040000,36.180000,34.985000,35.465000
2024-11-04,35.320000,35.877500,34.755000,35.135000
2024-11-05,35.475000,36.620000,35.457500,36.470000
2024-11-06,38.330000,39.610050,38.097100,39.430000
2024-11-07,40.080000,41.465000,40.050000,41.275000
2024-11-08,41.110000,41.555000,40.955000,41.375000
2024-11-11,41.665000,41.716750,40.590000,41.300000
2024-11-12,41.270000,41.485000,40.325000,41.075000
2024-11-13,40.930000,41.545050,40.340000,40.895000
2024-11-14,40.795000,41.014950,39.810000,40.030000
2024-11-15,38.635000,38.725000,36.645000,37.135000
2024-11-18,37.465000,38.370000,37.155000,37.885000
2024-11-19,37.275000,38.775000,37.210000,38.645000
2024-11-20,38.575000,38.645000,37.055000,38.600000
2024-11-21,39.275000,39.440000,37.280000,38.980000
2024-11-22,38.820000,39.305000,38.440000,39.125000
2024-11-25,40.080000,40.435000,38.770000,39.305000
2024-11-26,39.645000,40.125000,39.445000,39.915000
2024-11-27,39.645000,39.655000,38.166100,38.950000
2024-11-29,39.065000,40.084500,38.925050,39.945000
2024-12-02,40.240000,41.473050,40.145000,41.240000
2024-12-03,40.900000,41.665000,40.765000,41.605000
2024-12-04,42.435000,43.185000,42.257350,43.125000
2024-12-05,43.125000,43.320000,42.670000,42.770000
2024-12-06,42.890000,43.932500,42.860000,43.870000
2024-12-09,43.625000,43.831200,42.540000,42.845000
2024-12-10,43.125000,43.560000,42.026100,42.380000
2024-12-11,43.440000,44.810000,43.340000,44.645000
2024-12-12,44.065000,44.385000,43.640950,43.760000
2024-12-13,44.710000,45.385000,43.925000,44.700000
2024-12-16,45.360000,46.894600,45.335000,46.645000
2024-12-17,46.165000,46.454950,45.585000,46.020000
2024-12-18,45.825000,46.283650,40.645000,41.045000
2024-12-19,42.135000,42.265250,40.375000,40.465000
2024-12-20,39.530000,42.930000,39.250000,41.515000
2024-12-23,41.725000,42.620000,40.915000,42.530000
2024-12-24,42.975000,44.240000,42.820000,44.220000
2024-12-26,43.810000,44.540000,43.295500,44.125000
2024-12-27,43.185000,43.292500,41.140000,42.330000
2024-12-30,40.600000,41.530000,39.706250,40.630000
2024-12-31,40.900000,41.079950,39.340000,39.565000
2025-01-02,40.270000,40.802500,38.265500,39.315000
2025-01-03,39.995000,41.455000,39.810000,41.200000
2025-01-06,42.485000,43.425000,42.015000,42.605000
2025-01-07,42.860000,42.945000,39.852500,40.310000
2025-01-08,40.280000,40.705000,39.220000,40.340000
2025-01-10,39.400000,39.410000,37.615000,38.415000
2025-01-13,37.025000,38.100000,36.670000,38.015000
2025-01-14,38.740000,39.030000,37.095450,37.880000
2025-01-15,39.655000,40.737500,39.300000,40.440000
2025-01-16,41.005000,41.025000,39.600000,39.615000
2025-01-17,41.845000,41.970000,40.920000,41.570000
2025-01-21,42.225000,42.575000,41.165250,42.260000
2025-01-22,43.420000,44.455000,43.355000,43.900000
2025-01-23,43.270000,44.190000,43.135000,44.170000
2025-01-24,44.215000,44.415000,43.005000,43.375000
2025-01-27,38.790000,40.515000,38.590000,39.570000
2025-01-28,39.790000,41.584950,39.000000,41.325000
2025-01-29,41.455000,41.490000,40.130000,41.070000
2025-01-30,41.735000,42.292500,40.430000,41.585000
2025-01-31,42.460000,43.545000,41.090000,41.360000
2025-02-03,39.265000,40.995000,38.670000,40.360000
2025-02-04,40.455000,41.969000,40.365000,41.825000
2025-02-05,41.175000,42.410000,40.880000,42.370000
2025-02-06,42.480000,43.065000,42.097400,43.005000
2025-02-07,43.130000,43.595000,41.175650,41.365000
2025-02-10,42.365000,43.100000,42.250000,42.820000
2025-02-11,42.035000,42.995000,42.005000,42.515000
2025-02-12,41.140000,42.802500,41.050000,42.600000
2025-02-13,42.990000,44.477500,42.790000,44.395000
2025-02-14,44.405000,45.090000,44.300000,44.915000
2025-02-18,45.315000,45.375000,44.375000,45.195000
2025-02-19,45.000000,45.560000,44.460000,45.200000
2025-02-20,45.025000,45.115000,43.445000,44.650000
2025-02-21,44.885000,44.895000,41.735000,41.855000
2025-02-24,42.250000,42.525000,40.250000,40.350000
2025-02-25,40.165000,40.190000,37.890000,38.810000
2025-02-26,39.290000,40.224950,38.345000,39.060000
2025-02-27,39.860000,40.085000,35.740000,35.820000
2025-02-28,35.730000,37.585000,35.037500,37.460000
2025-03-03,38.185000,38.525000,34.217500,35.040000
2025-03-04,34.380000,36.385000,33.005000,34.655000
2025-03-05,34.775000,36.342500,33.745000,36.005000
2025-03-06,34.195000,35.248100,32.585800,33.020000
2025-03-07,32.780000,34.005000,31.445000,33.705000
2025-03-10,32.000000,32.095000,28.940000,29.905000
2025-03-11,29.700000,30.925000,28.685350,29.555000
2025-03-12,30.970000,31.330000,29.580000,30.565000
2025-03-13,30.400000,30.425000,28.520000,28.895000
2025-03-14,29.855000,31.115000,29.750000,30.945000
2025-03-17,30.940000,32.139950,30.575000,31.545000
2025-03-18,30.885000,30.890000,29.505000,29.955000
2025-03-19,30.340000,31.955000,29.970000,31.120000
2025-03-20,30.330000,31.815000,30.185000,30.800000
2025-03-21,29.765000,31.207500,29.536350,31.090000
2025-03-24,32.530000,33.265000,32.407500,33.065000
2025-03-25,33.240000,33.685050,33.045000,33.655000
2025-03-26,33.320000,33.495000,31.380000,31.690000
2025-03-27,31.300000,32.115000,30.875000,31.150000
2025-03-28,30.770000,30.905000,28.485000,28.670000
2025-03-31,27.360000,28.814000,26.520000,28.650000
2025-04-01,28.340000,29.495050,27.810000,29.310000
2025-04-02,28.095000,30.600000,28.045000,29.965000
2025-04-03,26.215000,26.915000,25.055000,25.150000
2025-04-04,22.995000,23.390000,20.515000,20.545000
2025-04-07,18.375000,23.415000,17.500000,20.625000
2025-04-08,22.695000,23.405000,18.550000,19.450000
2025-04-09,19.380000,26.705000,19.365000,26.305000
2025-04-10,24.340000,24.670000,20.785000,23.070000
2025-04-11,22.835000,24.535000,22.310000,24.290000
2025-04-14,25.950000,26.026000,24.037450,24.800000
2025-04-15,24.980000,25.604650,24.595000,24.895000
2025-04-16,23.415000,24.005000,21.580000,22.645000
2025-04-17,23.045000,23.144750,22.175000,22.580000
2025-04-21,21.685000,21.820000,20.120000,20.930000
2025-04-22,21.730000,22.990000,21.550000,22.530000
2025-04-23,24.620000,25.413850,23.815000,24.025000
2025-04-24,24.370000,26.140000,24.270000,26.070000
2025-04-25,26.020000,27.035000,25.740000,26.930000
2025-04-28,27.010000,27.320000,25.820000,26.910000
2025-04-29,26.520000,27.585000,26.415000,27.435000
2025-04-30,25.980000,27.710000,25.160000,27.440000
2025-05-01,28.780000,29.442500,28.315000,28.385000
2025-05-02,29.320000,30.093350,29.015000,29.715000
2025-05-05,28.950000,29.750000,28.850000,29.200000
2025-05-06,28.030000,29.020000,27.785000,28.370000
2025-05-07,28.480000,29.130000,27.542500,28.700000
2025-05-08,29.600000,30.355000,28.830000,29.555000
2025-05-09,29.900000,30.134900,29.162500,29.485000
2025-05-12,32.925000,33.080000,31.925400,33.055000
2025-05-13,33.335000,34.930000,33.180000,34.570000
2025-05-14,34.805000,35.303750,34.605000,35.180000
2025-05-15,34.740000,35.844950,34.465000,35.290000
2025-05-16,35.555000,35.760000,34.825000,35.725000
2025-05-19,34.235000,35.930000,34.215000,35.820000
2025-05-20,35.290000,35.584950,34.700050,35.445000
2025-05-21,34.620000,35.995000,33.590000,33.970000
2025-05-22,34.080000,34.875050,33.810000,34.145000
2025-05-23,32.545000,33.670050,32.429350,33.160000
2025-05-27,34.495000,35.572500,34.194650,35.470000
2025-05-28,35.670000,35.970000,34.890000,35.015000
2025-05-29,36.500000,36.529800,34.665000,35.185000
2025-05-30,35.065000,35.300000,33.520000,35.000000
2025-06-02,34.600000,35.860000,34.345000,35.805000
2025-06-03,35.880000,36.939950,35.700000,36.640000
2025-06-04,36.790000,37.160000,36.355000,36.935000
2025-06-05,37.225000,37.825000,35.650000,36.075000
2025-06-06,37.135000,37.505000,36.770000,37.105000
2025-06-09,37.155000,37.620000,36.920000,37.270000
2025-06-10,37.355000,38.142500,36.880000,37.990000
2025-06-11,38.295000,38.537500,37.110000,37.600000
2025-06-12,37.300000,38.064650,37.260000,37.845000
2025-06-13,36.550000,37.442500,36.135000,36.415000
2025-06-16,37.110000,38.124950,37.110000,37.900000
2025-06-17,37.340000,37.690000,36.540000,36.780000
2025-06-18,36.960000,37.480000,36.420000,36.730000
2025-06-20,37.380000,37.664900,35.857500,36.225000
2025-06-23,36.365000,37.465000,35.710000,37.350000
2025-06-24,38.455000,39.255000,38.327500,39.050000
2025-06-25,39.440000,39.710000,38.860000,39.240000
2025-06-26,39.710000,40.425000,39.310350,40.315000
2025-06-27,40.515150,41.125000,39.926450,40.710000
2025-06-30,41.400000,41.745000,40.915000,41.500000
2025-07-01,41.060000,41.270000,39.905000,40.445000
2025-07-02,40.230000,41.295000,40.215000,41.250000
2025-07-03,41.745000,42.645000,41.745000,42.405000
2025-07-07,41.800000,41.985000,40.900000,41.460000
2025-07-08,41.740000,41.887500,41.235000,41.515000
2025-07-09,41.985000,42.692500,41.675000,42.375000
2025-07-10,42.515000,42.610000,41.570000,42.180000
2025-07-11,41.657500,42.225000,41.375000,41.860000
2025-07-14,41.815000,42.467600,41.275000,42.305000
2025-07-15,43.215000,43.335000,42.400000,42.415000
2025-07-16,42.530000,42.675000,41.220000,42.535000
2025-07-17,42.685000,43.660000,42.500000,43.525000
2025-07-18,43.820000,43.870000,43.095000,43.375000
2025-07-21,43.575000,44.490000,43.560000,44.035000
2025-07-22,44.065000,44.080000,42.732500,43.350000
2025-07-23,43.590000,43.940000,42.950000,43.920000
2025-07-24,44.225000,44.480000,43.800000,44.210000
2025-07-25,44.155000,44.790000,43.990000,44.460000
2025-07-28,44.795000,45.095000,44.590000,44.892500
2025-07-29,45.495000,45.812500,44.490000,44.690000
2025-07-30,44.870000,45.440000,44.130000,44.845000
2025-07-31,46.355000,46.375000,43.830000,44.105000
2025-08-01,42.625000,42.660000,40.930000,41.460000
2025-08-04,42.610000,43.784950,42.580000,43.730000
2025-08-05,44.025000,44.305000,42.710000,42.820000
2025-08-06,43.015000,44.532750,42.905000,44.420000
2025-08-07,45.445000,45.835000,43.907500,44.870000
2025-08-08,45.120000,46.140000,45.050600,46.080000
2025-08-11,46.115000,46.620000,45.357500,45.675000
2025-08-12,46.210000,47.444950,45.565000,47.360000
2025-08-13,48.025000,48.160000,47.087500,47.430000
2025-08-14,46.920000,47.793900,46.820000,47.300000
2025-08-15,47.235000,47.255000,46.209700,46.630000
2025-08-18,46.400000,46.727500,46.115000,46.570000
2025-08-19,46.385000,46.430000,44.411900,44.670000
2025-08-20,44.415000,44.445000,42.190000,43.855000
2025-08-21,43.475000,43.975000,42.695000,43.245000
2025-08-22,43.510000,45.660000,43.185000,45.190000
2025-08-25,44.810000,45.490000,44.515000,44.795000
2025-08-26,44.655000,45.385000,44.417500,45.315000
2025-08-27,45.070000,45.720000,44.770000,45.520000
2025-08-28,45.640000,46.555000,45.255000,46.350000
2025-08-29,45.707500,45.795000,44.245000,44.680000
2025-09-02,42.555000,43.620000,42.125000,43.540000
2025-09-03,44.365000,44.937500,43.794950,44.555000
2025-09-04,44.700000,45.832300,44.307500,45.760000
2025-09-05,46.970000,47.120000,44.843600,45.910000
2025-09-08,46.455000,47.047550,46.320000,46.565000
2025-09-09,46.750000,47.055000,46.121750,46.945000
2025-09-10,47.725000,47.730000,46.470000,46.995000
2025-09-11,47.595000,47.990000,47.205000,47.785000
2025-09-12,47.980000,48.684950,47.762500,48.380000
2025-09-15,48.820000,49.635000,48.782500,49.615000
2025-09-16,49.835000,49.905000,49.305000,49.480000
2025-09-17,49.445000,49.600000,47.755500,49.165000
2025-09-18,50.380000,51.185000,49.895000,50.490000
2025-09-19,50.940000,51.645000,50.575000,51.490000
2025-09-22,51.210000,52.537850,51.210000,52.360000
2025-09-23,52.395000,52.450000,50.990000,51.305000
2025-09-24,51.605000,51.680000,49.995000,50.705000
2025-09-25,49.700000,50.435000,48.749900,50.025000
2025-09-26,50.200000,50.690000,49.370000,50.625000
2025-09-29,51.392500,52.140000,50.970000,51.300000
2025-09-30,51.205000,51.785000,50.610000,51.700000
2025-10-01,50.865000,52.570000,50.650000,52.430000
2025-10-02,53.405000,53.417500,52.330000,53.070000
2025-10-03,53.220000,53.435000,51.880000,52.350000
2025-10-06,53.700000,53.941200,53.065000,53.520000
2025-10-07,53.850000,54.030000,52.260000,52.655000
2025-10-08,52.860000,54.524950,52.830000,54.440000
2025-10-09,54.438000,54.480000,53.377500,54.225000
2025-10-10,54.365000,54.830000,48.415100,48.535000
2025-10-13,51.030000,51.840000,50.425050,51.615000
2025-10-14,49.865000,51.765000,48.535000,50.565000
2025-10-15,52.070000,52.755000,50.020000,51.600000
2025-10-16,52.340000,53.165000,49.875000,51.025000
2025-10-17,50.460000,52.385000,50.060000,51.995000
2025-10-20,52.805000,54.260000,52.775000,53.945000
2025-10-21,53.947500,54.240000,53.335000,53.885000
2025-10-22,53.725000,53.870000,50.790000,52.300000
2025-10-23,52.135000,53.815000,52.040000,53.610000
2025-10-24,54.995000,55.630000,54.765000,55.280000
2025-10-27,57.260000,58.345000,57.135050,58.215000
2025-10-28,58.825000,60.037800,58.530000,59.545000
2025-10-29,60.285000,60.685000,58.770000,60.305000
2025-10-30,59.295000,59.670000,57.515000,57.545000
2025-10-31,59.745000,59.745000,57.690000,58.360000
2025-11-03,60.000000,60.208800,58.540000,59.160000
2025-11-04,56.680000,57.704950,55.321650,55.540000
2025-11-05,55.340000,57.500000,54.970000,56.620000
2025-11-06,56.185000,56.250000,53.060000,53.445000
2025-11-07,52.510000,52.921800,49.980000,52.890000
2025-11-10,55.215000,56.625000,54.705000,56.355000
2025-11-11,55.635000,56.210000,54.800000,55.890000
2025-11-12,56.765000,56.770000,54.865000,55.775000
2025-11-13,54.785000,54.940000,51.700000,52.330000
2025-11-14,49.990000,53.545000,49.385000,52.370000
2025-11-17,51.705000,53.314000,50.055000,51.025000
2025-11-18,49.985000,50.670000,47.900000,49.180000
2025-11-19,49.325000,51.575000,48.715000,50.025000
2025-11-20,52.950000,53.540000,46.230000,46.450000
2025-11-21,46.850000,49.100000,45.240000,47.480000
2025-11-24,48.700000,51.450000,48.670000,51.080000
2025-11-25,50.640000,52.360000,49.080000,52.010000
2025-11-26,52.910000,53.855000,52.370100,53.370000
2025-11-28,53.820000,54.610000,53.625000,54.540000
2025-12-01,53.110000,54.650000,52.820000,54.050000
2025-12-02,54.630000,55.760000,54.144100,55.300000
2025-12-03,54.660000,55.880000,54.232700,55.690000
2025-12-04,56.040000,56.050000,54.610000,55.510000
2025-12-05,55.860000,57.080000,55.680000,56.150000
2025-12-08,56.570000,57.040000,55.120000,55.800000
2025-12-09,55.450000,56.220000,55.090000,56.010000
2025-12-10,55.650000,57.090000,54.890000,56.650000
2025-12-11,55.630000,56.160000,53.980000,56.110000
2025-12-12,55.110000,55.520000,52.230000,52.820000
2025-12-15,54.060000,54.060000,51.720000,52.020000
2025-12-16,51.430000,52.768400,51.095000,52.330000
2025-12-17,52.650000,52.799400,49.370000,49.400000
2025-12-18,51.670000,52.460000,50.980000,51.510000
2025-12-19,52.200000,53.639900,52.190000,53.520000
2025-12-22,54.810000,54.890000,53.880000,54.250000
2025-12-23,53.970000,55.070000,53.860000,55.010000
2025-12-24,54.870000,55.450000,54.780000,55.360000
2025-12-26,55.520000,55.745000,55.110000,55.310000
2025-12-29,54.290000,54.990800,53.920000,54.490000
2025-12-30,54.200000,54.818300,54.040000,54.100000
2025-12-31,54.130000,54.200000,52.640000,52.720000
2026-01-02,54.170000,54.875000,51.610000,52.350000
2026-01-05,53.950000,54.330000,53.290000,53.600000
2026-01-06,53.920000,55.165000,53.740000,55.010000
2026-01-07,54.890000,56.190000,54.770000,55.170000
2026-01-08,54.870000,54.980000,53.495000,54.190000
2026-01-09,54.390000,56.100000,53.790000,55.760000
2026-01-12,54.600000,56.340000,54.580000,55.890000
2026-01-13,55.910000,56.500000,54.960000,55.600000
2026-01-14,54.550000,54.880000,52.500000,53.830000
2026-01-15,55.650000,55.830000,54.130000,54.380000
2026-01-16,55.320000,55.460000,53.580100,54.140000
2026-01-20,51.390000,52.560000,50.475000,50.730000
2026-01-21,51.070000,53.800000,50.670000,52.730000
2026-01-22,54.320000,54.330000,53.150000,53.900000
2026-01-23,53.590000,55.070000,53.320000,54.380000
2026-01-26,54.470000,55.630000,54.210000,55.080000
2026-01-27,55.980000,56.800000,55.562700,56.540000
2026-01-28,57.700000,58.010000,56.730000,57.060000
2026-01-29,56.950000,57.210000,53.060000,56.040000
2026-01-30,55.015000,55.710000,53.320000,54.000000
2026-02-02,53.160000,55.710000,53.150000,55.100000
2026-02-03,55.640000,55.756500,51.080000,52.520000
2026-02-04,52.140000,52.150000,48.430000,49.760000
2026-02-05,48.390000,49.529700,47.060000,47.640000
2026-02-06,48.340000,51.005000,47.995000,50.590000
2026-02-09,50.060000,52.270000,49.440000,51.740000
2026-02-10,51.970000,52.400000,50.890000,51.020000
2026-02-11,52.210000,52.500000,50.041600,51.400000
2026-02-12,51.800000,52.069800,47.990000,48.260000
2026-02-13,48.150000,49.592500,47.180000,48.470000
2026-02-17,47.640000,48.980000,46.420000,48.350000
2026-02-18,48.530000,50.360300,48.200000,49.390000
2026-02-19,48.670000,49.400000,48.160000,48.830000
2026-02-20,47.960000,50.449900,47.760000,50.060000
2026-02-23,49.530000,49.880000,47.660000,48.240000
2026-02-24,48.450000,50.039900,47.820000,49.780000
2026-02-25,50.550000,51.960000,50.530000,51.870000
2026-02-26,51.630000,51.640000,48.710000,50.050000
2026-02-27,48.450000,49.770000,48.260000,49.520000
2026-03-02,47.460000,50.150000,47.230000,49.700000
2026-03-03,46.810000,48.670000,45.715000,48.100000
2026-03-04,48.690000,50.790000,48.520000,50.260000
2026-03-05,49.440000,50.760000,48.170000,49.800000
2026-03-06,47.660000,49.050000,47.180000,47.540000
2026-03-09,46.190000,49.770000,45.500000,49.390000
2026-03-10,49.410000,50.740000,48.830000,49.400000
2026-03-11,49.680000,50.520000,48.729900,49.350000
2026-03-12,48.150000,48.488100,46.750000,46.830000
2026-03-13,47.350000,48.250000,45.670000,45.930000
2026-03-16,47.365000,48.270000,47.180000,47.460000
2026-03-17,48.120000,48.760000,47.810000,48.160000
2026-03-18,47.720000,48.110000,46.050000,46.100000
2026-03-19,44.870000,46.320000,44.300000,45.690000
2026-03-20,45.180000,45.210000,42.300000,43.080000
2026-03-23,45.110000,46.150000,44.125000,44.570000
2026-03-24,43.835000,44.550000,43.190000,43.620000
2026-03-25,44.700000,45.220000,43.945000,44.390000
2026-03-26,43.230000,43.680000,41.150000,41.230000
2026-03-27,40.560000,40.590000,38.560000,38.780000
2026-03-30,39.750000,39.908700,37.320000,37.890000
2026-03-31,39.090000,42.000000,39.069300,41.680000
2026-04-01,42.630000,43.980000,42.410000,43.230000
2026-04-02,40.880000,43.550000,40.440000,43.330000
2026-04-06,43.600000,44.585000,43.270000,44.100000
2026-04-07,43.450000,44.210000,41.840000,44.150000
2026-04-08,48.640000,48.920000,47.150000,48.000000
2026-04-09,48.015000,49.090000,47.310000,48.960000
2026-04-10,49.355000,49.810000,48.820000,49.170000
2026-04-13,48.780000,50.740000,48.460000,50.660000
2026-04-14,51.390000,53.430000,51.380000,53.410000
2026-04-15,53.570000,55.738200,53.330000,55.650000
2026-04-16,56.130000,56.920000,55.095000,56.430000
2026-04-17,57.780000,58.940000,57.369900,58.590000
2026-04-20,58.400000,58.580000,56.910000,58.080000
2026-04-21,58.480000,58.970000,56.820000,57.400000
2026-04-22,58.930000,60.300000,58.490000,60.210000
2026-04-23,59.800000,60.730000,57.590000,59.220000
2026-04-24,61.080000,62.735000,60.560000,62.560000
2026-04-27,62.410000,62.699500,61.640000,62.640000
2026-04-28,60.715000,61.330000,59.680000,60.740000
2026-04-29,61.000000,61.867500,60.450000,61.860000
2026-04-30,62.890000,63.800000,60.700000,63.540000
2026-05-01,63.890000,65.840000,63.810000,65.300000
2026-05-04,65.440000,66.050000,63.780000,64.910000
2026-05-05,66.370000,67.768600,66.250000,67.390000
2026-05-06,69.255000,71.658700,68.880000,71.570000
2026-05-07,71.870000,73.295000,70.380000,71.340000
2026-05-08,72.820000,76.310000,72.695000,76.280000
2026-05-11,76.000000,77.360000,75.550000,76.960000
2026-05-12,75.300000,75.929200,71.550000,74.960000
2026-05-13,75.810000,77.940000,74.190000,77.240000
2026-05-14,77.290000,79.680000,77.155000,78.950000
2026-05-15,75.730000,77.365000,74.228006,75.340000
2026-05-18,76.130000,76.271300,72.100000,74.320000
2026-05-19,72.410000,74.500000,70.961600,72.930000
2026-05-20,74.090000,76.530000,73.615000,76.510000
2026-05-21,75.180000,77.789500,74.470000,76.950000
2026-05-22,78.040000,79.330000,77.332000,77.840000
2026-05-26,80.590000,82.270000,79.980000,81.950000
2026-05-27,82.870000,82.910000,80.330000,81.670000
2026-05-28,81.740000,84.050000,80.655000,83.680000
2026-05-29,84.410000,85.700000,83.530000,84.560000
2026-06-01,84.145000,87.060000,83.750000,86.040000
2026-06-02,85.940000,87.320000,84.830000,87.220000
2026-06-03,87.680000,88.090000,85.410000,86.560000
2026-06-04,83.470000,86.245000,82.475000,85.220000
2026-06-05,81.569000,82.080000,72.680000,73.050000
2026-06-08,76.860000,78.470000,75.380000,76.270000
2026-06-09,78.480000,79.340700,66.790000,73.720000
2026-06-10,71.680000,74.700000,69.000000,69.270000
2026-06-11,70.890000,76.597900,69.590000,76.010000
2026-06-12,76.340000,78.360000,74.290000,77.520000
2026-06-15,82.880000,85.030000,82.640000,84.590000
2026-06-16,84.190000,84.830000,79.860000,79.930000
2026-06-17,81.670000,81.805000,76.940000,77.540000
2026-06-18,82.100000,83.599900,80.630000,82.870000
2026-06-22,83.950000,85.110000,81.390000,82.580000
2026-06-23,75.120000,77.740000,73.910100,74.440000
2026-06-24,74.790000,76.180000,71.350000,73.300000
2026-06-25,77.960000,78.240000,71.600000,74.950000
2026-06-26,72.085000,74.690000,70.720000,71.830000
2026-06-29,74.120000,77.375000,71.450000,77.190000
2026-06-30,77.240000,81.540000,77.150000,81.000000
2026-07-01,78.720000,79.640000,77.230000,77.460000
2026-07-02,77.450000,79.135000,71.720000,73.350000
2026-07-06,75.540000,77.450000,75.110000,76.420000
2026-07-07,73.700000,74.390000,70.760000,72.230000
2026-07-08,70.795000,73.015000,69.570000,72.720000
2026-07-09,74.850000,76.685000,73.890000,76.340000
2026-07-10,75.529000,77.320000,74.330000,77.030000
2026-07-13,74.540000,74.845000,72.090000,72.640000
2026-07-14,75.200000,75.845000,73.410000,75.020000
2026-07-15,76.290000,76.469900,72.060000,74.440000
2026-07-16,72.610000,73.116700,69.690000,70.740000
2026-07-17,66.380000,69.555000,64.910000,67.530000
2026-07-20,69.470000,70.505000,67.500000,67.650000
2026-07-21,70.709000,71.719900,69.610000,71.370000
2026-07-22,69.770000,71.590000,69.770000,70.280000
2026-07-23,67.110000,68.270000,65.020000,66.300000
2026-07-24,65.780000,66.400000,63.485000,64.000000
2026-07-27,66.060000,66.230000,61.640000,63.400000
2026-07-28,61.770000,62.609500,59.400000,61.560000
2026-07-29,61.510000,62.736600,57.590100,57.750000
2026-07-30,61.130000,63.837000,60.740000,63.300000
2026-07-31,65.740000,66.770000,62.385200,64.620000
2026-08-03,64.710000,68.406200,63.985000,67.960000
2026-08-04,70.310000,75.410000,70.140000,74.820000
2026-08-05,75.610000,76.330000,72.740000,72.840000
2026-08-06,70.850000,73.445000,70.160000,72.030000
2026-08-07,73.660000,74.665000,72.520000,74.470000
2026-08-10,74.270000,74.980000,73.640000,73.800000
2026-08-11,74.540000,74.540000,72.240000,73.060000
2026-08-12,75.620000,75.690000,74.380000,74.600000
2026-08-13,75.040000,77.766200,74.710000,77.150000
2026-08-14,77.570000,77.850000,75.940000,76.790000
2026-08-17,77.380000,77.900000,76.210000,76.400000
2026-08-18,73.360000,73.959900,72.010000,72.530000
2026-08-19,73.370000,73.700000,71.000000,72.060000
2026-08-20,70.830000,71.688300,69.760000,70.480000
2026-08-21,71.700000,71.830000,69.910000,71.170000
2026-08-24,70.000000,70.050000,67.930000,69.010000
2026-08-25,70.420000,71.270000,69.350000,70.270000
2026-08-26,69.560000,70.940000,69.440100,70.470000
2026-08-27,72.085000,73.380000,71.375000,73.300000
2026-08-28,72.850000,74.180000,71.430000,71.850000
2026-08-31,71.439000,72.150000,70.822700,71.920000
2026-09-01,69.070000,70.545000,68.250000,69.150000
2026-09-02,68.969000,69.759900,68.389900,69.600000
2026-09-03,70.059000,72.420000,69.705000,72.030000
2026-09-04,72.490000,73.240000,71.650000,72.370000
