d,c
1972-06-01,1.701823
1972-06-02,1.733073
1972-06-05,1.735677
1972-06-06,1.662760
1972-06-07,1.656250
1972-06-08,1.658854
1972-06-09,1.651042
1972-06-12,1.661458
1972-06-13,1.730469
1972-06-14,1.760417
1972-06-15,1.759115
1972-06-16,1.747396
1972-06-19,1.739583
1972-06-20,1.768229
1972-06-21,1.757813
1972-06-22,1.759115
1972-06-23,1.778646
1972-06-26,1.776042
1972-06-27,1.763021
1972-06-28,1.750000
1972-06-29,1.726563
1972-06-30,1.757813
1972-07-03,1.750000
1972-07-05,1.804688
1972-07-06,1.828125
1972-07-07,1.854167
1972-07-10,1.812500
1972-07-11,1.812500
1972-07-12,1.802083
1972-07-13,1.789063
1972-07-14,1.791667
1972-07-17,1.742188
1972-07-18,1.717448
1972-07-19,1.744792
1972-07-20,1.729167
1972-07-21,1.769531
1972-07-24,1.820313
1972-07-25,1.816406
1972-07-26,1.833333
1972-07-27,1.828125
1972-07-28,1.804688
1972-07-31,1.787760
1972-08-01,1.820313
1972-08-02,1.841146
1972-08-03,1.847656
1972-08-04,1.890625
1972-08-07,1.921875
1972-08-08,1.940104
1972-08-09,1.970052
1972-08-10,1.968750
1972-08-11,1.962240
1972-08-14,1.916667
1972-08-15,1.875000
1972-08-16,1.848958
1972-08-17,1.833333
1972-08-18,1.850260
1972-08-21,1.811198
1972-08-22,1.803385
1972-08-23,1.803385
1972-08-24,1.803385
1972-08-25,1.817708
1972-08-28,1.804688
1972-08-29,1.821615
1972-08-30,1.807292
1972-08-31,1.822917
1972-09-01,1.830729
1972-09-05,1.813802
1972-09-06,1.791667
1972-09-07,1.750000
1972-09-08,1.739583
1972-09-11,1.703125
1972-09-12,1.677083
1972-09-13,1.717448
1972-09-14,1.708333
1972-09-15,1.697917
1972-09-18,1.687500
1972-09-19,1.697917
1972-09-20,1.699219
1972-09-21,1.753906
1972-09-22,1.772135
1972-09-25,1.752604
1972-09-26,1.763021
1972-09-27,1.805990
1972-09-28,1.925781
1972-09-29,1.835938
1972-10-02,1.834635
1972-10-03,1.825521
1972-10-04,1.821615
1972-10-05,1.783854
1972-10-06,1.760417
1972-10-09,1.768229
1972-10-10,1.785156
1972-10-11,1.772135
1972-10-12,1.743490
1972-10-13,1.734375
1972-10-16,1.712240
1972-10-17,1.718750
1972-10-18,1.736979
1972-10-19,1.734375
1972-10-20,1.743490
1972-10-23,1.817708
1972-10-24,1.833333
1972-10-25,1.821615
1972-10-26,1.819010
1972-10-27,1.808594
1972-10-30,1.817708
1972-10-31,1.850260
1972-11-01,1.843750
1972-11-02,1.843750
1972-11-03,1.830729
1972-11-06,1.768229
1972-11-08,1.712240
1972-11-09,1.684896
1972-11-10,1.648438
1972-11-13,1.660156
1972-11-14,1.729167
1972-11-15,1.692708
1972-11-16,1.708333
1972-11-17,1.705729
1972-11-20,1.705729
1972-11-21,1.700521
1972-11-22,1.701823
1972-11-24,1.694010
1972-11-27,1.697917
1972-11-28,1.705729
1972-11-29,1.717448
1972-11-30,1.776042
1972-12-01,1.795573
1972-12-04,1.790365
1972-12-05,1.783854
1972-12-06,1.787760
1972-12-07,1.783854
1972-12-08,1.781250
1972-12-11,1.768229
1972-12-12,1.774740
1972-12-13,1.791667
1972-12-14,1.804688
1972-12-15,1.796875
1972-12-18,1.773438
1972-12-19,1.779948
1972-12-20,1.783854
1972-12-21,1.764323
1972-12-22,1.766927
1972-12-26,1.796875
1972-12-27,1.830729
1972-12-29,1.894531
1973-01-02,1.923177
1973-01-03,1.923177
1973-01-04,1.916667
1973-01-05,1.921875
1973-01-08,1.929688
1973-01-09,1.937500
1973-01-10,1.916667
1973-01-11,1.917969
1973-01-12,1.881510
1973-01-15,1.826823
1973-01-16,1.839844
1973-01-17,1.847656
1973-01-18,1.908854
1973-01-19,1.903646
1973-01-22,1.906250
1973-01-23,1.960938
1973-01-24,1.944010
1973-01-26,1.937500
1973-01-29,1.937500
1973-01-30,1.942708
1973-01-31,1.950521
1973-02-01,1.895833
1973-02-02,1.875000
1973-02-05,1.859375
1973-02-06,1.895833
1973-02-07,1.880208
1973-02-08,1.881510
1973-02-09,1.901042
1973-02-12,1.946615
1973-02-13,1.951823
1973-02-14,1.933594
1973-02-15,1.921875
1973-02-16,1.921875
1973-02-20,1.906250
1973-02-21,1.877604
1973-02-22,1.885417
1973-02-23,1.865885
1973-02-26,1.815104
1973-02-27,1.795573
1973-02-28,1.815104
1973-03-01,1.757813
1973-03-02,1.791667
1973-03-05,1.809896
1973-03-06,1.875000
1973-03-07,1.890625
1973-03-08,1.898438
1973-03-09,1.898438
1973-03-12,1.877604
1973-03-13,1.860677
1973-03-14,1.875000
1973-03-15,1.859375
1973-03-16,1.845052
1973-03-19,1.838542
1973-03-20,1.833333
1973-03-21,1.729167
1973-03-22,1.699219
1973-03-23,1.705729
1973-03-26,1.750000
1973-03-27,1.760417
1973-03-28,1.765625
1973-03-29,1.763021
1973-03-30,1.692708
1973-04-02,1.630208
1973-04-03,1.615885
1973-04-04,1.578125
1973-04-05,1.589844
1973-04-06,1.631510
1973-04-09,1.649740
1973-04-10,1.703125
1973-04-11,1.690104
1973-04-12,1.652344
1973-04-13,1.628906
1973-04-16,1.654948
1973-04-17,1.680990
1973-04-18,1.692708
1973-04-19,1.848958
1973-04-23,1.875000
1973-04-24,1.807292
1973-04-25,1.740885
1973-04-26,1.799479
1973-04-27,1.750000
1973-04-30,1.778646
1973-05-01,1.783854
1973-05-02,1.861979
1973-05-03,1.894531
1973-05-04,1.889323
1973-05-07,1.889323
1973-05-08,1.989583
1973-05-09,2.000000
1973-05-10,2.009115
1973-05-11,1.949219
1973-05-14,1.908854
1973-05-15,1.959635
1973-05-16,1.919271
1973-05-17,1.908854
1973-05-18,1.859375
1973-05-21,1.959635
1973-05-22,1.970052
1973-05-23,2.000000
1973-05-24,2.089844
1973-05-25,2.059896
1973-05-29,2.028646
1973-05-30,1.947917
1973-05-31,1.908854
1973-06-01,1.898438
1973-06-04,1.919271
1973-06-05,1.958333
1973-06-06,1.940104
1973-06-07,1.968750
1973-06-08,2.018229
1973-06-11,2.018229
1973-06-12,2.067708
1973-06-13,2.049479
1973-06-14,1.989583
1973-06-15,2.000000
1973-06-18,1.979167
1973-06-19,1.947917
1973-06-20,1.947917
1973-06-21,1.908854
1973-06-22,1.929688
1973-06-25,1.838542
1973-06-26,1.789063
1973-06-27,1.789063
1973-06-28,1.838542
1973-06-29,1.789063
1973-07-02,1.739583
1973-07-03,1.750000
1973-07-05,1.778646
1973-07-06,1.729167
1973-07-09,1.778646
1973-07-10,1.828125
1973-07-11,1.898438
1973-07-12,1.898438
1973-07-13,1.908854
1973-07-16,2.000000
1973-07-17,1.958333
1973-07-18,1.989583
1973-07-19,2.039063
1973-07-20,2.127604
1973-07-23,2.109375
1973-07-24,2.190104
1973-07-25,2.218750
1973-07-26,2.190104
1973-07-27,2.268229
1973-07-30,2.278646
1973-07-31,2.229167
1973-08-01,2.169271
1973-08-02,2.190104
1973-08-03,2.229167
1973-08-06,2.289063
1973-08-07,2.268229
1973-08-08,2.208333
1973-08-09,2.190104
1973-08-10,2.169271
1973-08-13,2.169271
1973-08-14,2.169271
1973-08-15,2.190104
1973-08-16,2.109375
1973-08-17,2.127604
1973-08-20,2.138021
1973-08-21,2.148438
1973-08-22,2.109375
1973-08-23,2.158854
1973-08-24,2.148438
1973-08-27,2.179688
1973-08-28,2.158854
1973-08-29,2.208333
1973-08-30,2.197917
1973-08-31,2.239583
1973-09-04,2.289063
1973-09-05,2.309896
1973-09-06,2.299479
1973-09-07,2.289063
1973-09-10,2.257813
1973-09-11,2.208333
1973-09-12,2.239583
1973-09-13,2.257813
1973-09-14,2.338542
1973-09-17,2.388021
1973-09-18,2.419271
1973-09-19,2.518229
1973-09-20,2.559896
1973-09-21,2.507813
1973-09-24,2.489583
1973-09-25,2.518229
1973-09-26,2.479167
1973-09-27,2.518229
1973-09-28,2.500000
1973-10-01,2.539063
1973-10-02,2.648438
1973-10-03,2.658854
1973-10-04,2.609375
1973-10-05,2.697917
1973-10-08,2.739583
1973-10-09,2.750000
1973-10-10,2.729167
1973-10-11,2.828125
1973-10-12,2.869792
1973-10-15,2.739583
1973-10-16,2.718750
1973-10-17,2.708333
1973-10-18,2.627604
1973-10-19,2.658854
1973-10-22,2.690104
1973-10-23,2.750000
1973-10-24,2.778646
1973-10-25,2.757813
1973-10-26,2.778646
1973-10-29,2.757813
1973-10-30,2.669271
1973-10-31,2.598958
1973-11-01,2.598958
1973-11-02,2.549479
1973-11-05,2.518229
1973-11-06,2.458333
1973-11-07,2.447917
1973-11-08,2.479167
1973-11-09,2.408854
1973-11-12,2.429688
1973-11-13,2.408854
1973-11-14,2.369792
1973-11-15,2.377604
1973-11-16,2.408854
1973-11-19,2.359375
1973-11-20,2.348958
1973-11-21,2.398438
1973-11-23,2.468750
1973-11-26,2.398438
1973-11-27,2.388021
1973-11-28,2.440104
1973-11-29,2.447917
1973-11-30,2.377604
1973-12-03,2.268229
1973-12-04,2.197917
1973-12-05,2.078125
1973-12-06,2.148438
1973-12-07,2.059896
1973-12-10,2.148438
1973-12-11,2.078125
1973-12-12,2.078125
1973-12-13,1.979167
1973-12-14,2.000000
1973-12-17,1.968750
1973-12-18,2.119792
1973-12-19,2.059896
1973-12-20,2.028646
1973-12-21,2.039063
1973-12-24,2.028646
1973-12-26,2.158854
1973-12-27,2.218750
1973-12-28,2.197917
1973-12-31,2.239583
1974-01-02,2.208333
1974-01-03,2.239583
1974-01-04,2.119792
1974-01-07,2.088542
1974-01-08,2.018229
1974-01-09,2.000000
1974-01-10,1.989583
1974-01-11,2.039063
1974-01-14,2.109375
1974-01-15,2.119792
1974-01-16,2.127604
1974-01-17,2.218750
1974-01-18,2.190104
1974-01-21,2.218750
1974-01-22,2.229167
1974-01-23,2.239583
1974-01-24,2.268229
1974-01-25,2.268229
1974-01-28,2.250000
1974-01-29,2.278646
1974-01-30,2.348958
1974-01-31,2.338542
1974-02-01,2.268229
1974-02-04,2.138021
1974-02-05,2.067708
1974-02-06,2.088542
1974-02-07,2.059896
1974-02-08,2.028646
1974-02-11,1.947917
1974-02-12,1.968750
1974-02-13,1.958333
1974-02-14,1.958333
1974-02-15,2.000000
1974-02-19,2.039063
1974-02-20,2.119792
1974-02-21,2.169271
1974-02-22,2.218750
1974-02-25,2.158854
1974-02-26,2.268229
1974-02-27,2.229167
1974-02-28,2.268229
1974-03-01,2.257813
1974-03-04,2.268229
1974-03-05,2.250000
1974-03-06,2.268229
1974-03-07,2.218750
1974-03-08,2.229167
1974-03-11,2.289063
1974-03-12,2.250000
1974-03-13,2.289063
1974-03-14,2.250000
1974-03-15,2.250000
1974-03-18,2.179688
1974-03-19,2.158854
1974-03-20,2.179688
1974-03-21,2.197917
1974-03-22,2.169271
1974-03-25,2.148438
1974-03-26,2.158854
1974-03-27,2.088542
1974-03-28,2.039063
1974-03-29,1.989583
1974-04-01,1.979167
1974-04-02,2.000000
1974-04-03,2.049479
1974-04-04,2.039063
1974-04-05,1.989583
1974-04-08,1.979167
1974-04-09,2.000000
1974-04-10,2.007813
1974-04-11,1.958333
1974-04-15,1.919271
1974-04-16,1.989583
1974-04-17,2.007813
1974-04-18,2.078125
1974-04-19,2.078125
1974-04-22,2.088542
1974-04-23,2.028646
1974-04-24,1.989583
1974-04-25,2.049479
1974-04-26,2.059896
1974-04-29,2.138021
1974-04-30,2.059896
1974-05-01,2.197917
1974-05-02,2.229167
1974-05-03,2.218750
1974-05-06,2.257813
1974-05-07,2.289063
1974-05-08,2.299479
1974-05-09,2.359375
1974-05-10,2.278646
1974-05-13,2.278646
1974-05-14,2.268229
1974-05-15,2.309896
1974-05-16,2.299479
1974-05-17,2.257813
1974-05-20,2.278646
1974-05-21,2.278646
1974-05-22,2.257813
1974-05-23,2.289063
1974-05-24,2.388021
1974-05-28,2.359375
1974-05-29,2.359375
1974-05-30,2.289063
1974-05-31,2.289063
1974-06-03,2.257813
1974-06-04,2.158854
1974-06-05,2.088542
1974-06-06,2.138021
1974-06-07,2.059896
1974-06-10,2.000000
1974-06-11,1.958333
1974-06-12,1.947917
1974-06-13,1.989583
1974-06-14,2.028646
1974-06-17,1.989583
1974-06-18,1.947917
1974-06-19,1.958333
1974-06-20,1.919271
1974-06-21,1.919271
1974-06-24,1.947917
1974-06-25,2.000000
1974-06-26,1.908854
1974-06-27,1.908854
1974-06-28,1.958333
1974-07-01,1.947917
1974-07-02,1.898438
1974-07-03,1.940104
1974-07-05,1.898438
1974-07-08,1.848958
1974-07-09,1.828125
1974-07-10,1.750000
1974-07-11,1.750000
1974-07-12,1.859375
1974-07-15,1.869792
1974-07-16,1.869792
1974-07-17,1.908854
1974-07-18,1.877604
1974-07-19,1.828125
1974-07-22,1.869792
1974-07-23,1.809896
1974-07-24,1.778646
1974-07-25,1.757813
1974-07-26,1.739583
1974-07-29,1.729167
1974-07-30,1.768229
1974-07-31,1.718750
1974-08-01,1.718750
1974-08-02,1.739583
1974-08-05,1.778646
1974-08-06,1.739583
1974-08-07,1.750000
1974-08-08,1.669271
1974-08-09,1.648438
1974-08-12,1.578125
1974-08-13,1.567708
1974-08-14,1.528646
1974-08-15,1.559896
1974-08-16,1.559896
1974-08-19,1.559896
1974-08-20,1.609375
1974-08-21,1.549479
1974-08-22,1.549479
1974-08-23,1.528646
1974-08-26,1.609375
1974-08-27,1.567708
1974-08-28,1.609375
1974-08-29,1.648438
1974-08-30,1.690104
1974-09-03,1.559896
1974-09-04,1.507813
1974-09-05,1.588542
1974-09-06,1.609375
1974-09-09,1.559896
1974-09-10,1.528646
1974-09-11,1.468750
1974-09-12,1.440104
1974-09-13,1.419271
1974-09-16,1.440104
1974-09-17,1.338542
1974-09-18,1.369792
1974-09-19,1.398438
1974-09-20,1.359375
1974-09-23,1.359375
1974-09-24,1.348958
1974-09-25,1.289063
1974-09-26,1.257813
1974-09-27,1.250000
1974-09-30,1.278646
1974-10-01,1.299479
1974-10-02,1.268229
1974-10-03,1.278646
1974-10-04,1.250000
1974-10-07,1.309896
1974-10-08,1.257813
1974-10-09,1.317708
1974-10-10,1.317708
1974-10-11,1.348958
1974-10-14,1.348958
1974-10-15,1.317708
1974-10-16,1.289063
1974-10-17,1.309896
1974-10-18,1.299479
1974-10-21,1.369792
1974-10-22,1.348958
1974-10-23,1.338542
1974-10-24,1.359375
1974-10-25,1.317708
1974-10-28,1.338542
1974-10-29,1.419271
1974-10-30,1.500000
1974-10-31,1.528646
1974-11-01,1.518229
1974-11-04,1.489583
1974-11-05,1.627604
1974-11-06,1.578125
1974-11-07,1.619792
1974-11-08,1.609375
1974-11-11,1.609375
1974-11-12,1.559896
1974-11-13,1.578125
1974-11-14,1.578125
1974-11-15,1.559896
1974-11-18,1.489583
1974-11-19,1.479167
1974-11-20,1.479167
1974-11-21,1.528646
1974-11-22,1.549479
1974-11-25,1.507813
1974-11-26,1.549479
1974-11-27,1.539063
1974-11-29,1.549479
1974-12-02,1.468750
1974-12-03,1.500000
1974-12-04,1.507813
1974-12-05,1.408854
1974-12-06,1.359375
1974-12-09,1.359375
1974-12-10,1.419271
1974-12-11,1.419271
1974-12-12,1.377604
1974-12-13,1.348958
1974-12-16,1.359375
1974-12-17,1.408854
1974-12-18,1.408854
1974-12-19,1.388021
1974-12-20,1.359375
1974-12-23,1.359375
1974-12-24,1.377604
1974-12-26,1.388021
1974-12-27,1.369792
1974-12-30,1.377604
1974-12-31,1.408854
1975-01-02,1.408854
1975-01-03,1.408854
1975-01-06,1.388021
1975-01-07,1.369792
1975-01-08,1.317708
1975-01-09,1.309896
1975-01-10,1.338542
1975-01-13,1.317708
1975-01-14,1.309896
1975-01-15,1.359375
1975-01-16,1.328125
1975-01-17,1.289063
1975-01-20,1.328125
1975-01-21,1.317708
1975-01-22,1.377604
1975-01-23,1.377604
1975-01-24,1.440104
1975-01-27,1.440104
1975-01-28,1.440104
1975-01-29,1.518229
1975-01-30,1.458333
1975-01-31,1.528646
1975-02-03,1.539063
1975-02-04,1.539063
1975-02-05,1.627604
1975-02-06,1.619792
1975-02-07,1.627604
1975-02-10,1.609375
1975-02-11,1.648438
1975-02-12,1.697917
1975-02-13,1.729167
1975-02-14,1.739583
1975-02-18,1.697917
1975-02-19,1.708333
1975-02-20,1.697917
1975-02-21,1.669271
1975-02-24,1.658854
1975-02-25,1.648438
1975-02-26,1.648438
1975-02-27,1.679688
1975-02-28,1.729167
1975-03-03,1.848958
1975-03-04,1.848958
1975-03-05,1.809896
1975-03-06,1.898438
1975-03-07,1.929688
1975-03-10,1.929688
1975-03-11,1.859375
1975-03-12,1.848958
1975-03-13,1.869792
1975-03-14,1.898438
1975-03-17,1.968750
1975-03-18,1.940104
1975-03-19,1.947917
1975-03-20,1.947917
1975-03-21,1.929688
1975-03-24,1.869792
1975-03-25,1.908854
1975-03-26,1.947917
1975-03-27,1.929688
1975-03-31,1.877604
1975-04-01,1.898438
1975-04-02,1.919271
1975-04-03,1.908854
1975-04-04,1.888021
1975-04-07,1.877604
1975-04-08,1.869792
1975-04-09,1.908854
1975-04-10,1.968750
1975-04-11,1.968750
1975-04-14,2.088542
1975-04-15,2.179688
1975-04-16,2.239583
1975-04-17,2.317708
1975-04-18,2.169271
1975-04-21,2.208333
1975-04-22,2.138021
1975-04-23,2.127604
1975-04-24,2.148438
1975-04-25,2.169271
1975-04-28,2.169271
1975-04-29,2.197917
1975-04-30,2.250000
1975-05-01,2.250000
1975-05-02,2.250000
1975-05-05,2.169271
1975-05-06,2.109375
1975-05-07,2.138021
1975-05-08,2.158854
1975-05-09,2.169271
1975-05-12,2.169271
1975-05-13,2.218750
1975-05-14,2.239583
1975-05-15,2.208333
1975-05-16,2.218750
1975-05-19,2.268229
1975-05-20,2.229167
1975-05-21,2.229167
1975-05-22,2.268229
1975-05-23,2.299479
1975-05-27,2.268229
1975-05-28,2.197917
1975-05-29,2.190104
1975-05-30,2.208333
1975-06-02,2.268229
1975-06-03,2.309896
1975-06-04,2.309896
1975-06-05,2.328125
1975-06-06,2.328125
1975-06-09,2.268229
1975-06-10,2.218750
1975-06-11,2.158854
1975-06-12,2.119792
1975-06-13,2.127604
1975-06-16,2.158854
1975-06-17,2.119792
1975-06-18,2.127604
1975-06-19,2.229167
1975-06-20,2.250000
1975-06-23,2.268229
1975-06-24,2.257813
1975-06-25,2.289063
1975-06-26,2.299479
1975-06-27,2.309896
1975-06-30,2.309896
1975-07-01,2.309896
1975-07-02,2.299479
1975-07-03,2.309896
1975-07-07,2.299479
1975-07-08,2.348958
1975-07-09,2.429688
1975-07-10,2.408854
1975-07-11,2.398438
1975-07-14,2.419271
1975-07-15,2.398438
1975-07-16,2.369792
1975-07-17,2.317708
1975-07-18,2.289063
1975-07-21,2.239583
1975-07-22,2.190104
1975-07-23,2.127604
1975-07-24,2.127604
1975-07-25,2.088542
1975-07-28,2.098958
1975-07-29,2.039063
1975-07-30,2.067708
1975-07-31,2.028646
1975-08-01,1.989583
1975-08-04,1.968750
1975-08-05,1.979167
1975-08-06,2.039063
1975-08-07,2.018229
1975-08-08,1.979167
1975-08-11,2.000000
1975-08-12,1.989583
1975-08-13,1.929688
1975-08-14,1.877604
1975-08-15,1.908854
1975-08-18,1.877604
1975-08-19,1.869792
1975-08-20,1.838542
1975-08-21,1.859375
1975-08-22,1.908854
1975-08-25,1.908854
1975-08-26,1.877604
1975-08-27,1.919271
1975-08-28,1.979167
1975-08-29,1.989583
1975-09-02,1.940104
1975-09-03,1.958333
1975-09-04,1.940104
1975-09-05,1.940104
1975-09-08,1.958333
1975-09-09,1.859375
1975-09-10,1.838542
1975-09-11,1.817708
1975-09-12,1.799479
1975-09-15,1.778646
1975-09-16,1.757813
1975-09-17,1.768229
1975-09-18,1.817708
1975-09-19,1.898438
1975-09-22,1.869792
1975-09-23,1.908854
1975-09-24,1.979167
1975-09-25,1.979167
1975-09-26,1.989583
1975-09-29,1.929688
1975-09-30,1.888021
1975-10-01,1.877604
1975-10-02,1.908854
1975-10-03,2.059896
1975-10-06,2.098958
1975-10-07,2.088542
1975-10-08,2.158854
1975-10-09,2.127604
1975-10-10,2.119792
1975-10-13,2.190104
1975-10-14,2.148438
1975-10-15,2.158854
1975-10-16,2.059896
1975-10-17,2.028646
1975-10-20,2.098958
1975-10-21,2.078125
1975-10-22,2.098958
1975-10-23,2.119792
1975-10-24,2.088542
1975-10-27,2.067708
1975-10-28,2.088542
1975-10-29,2.049479
1975-10-30,2.000000
1975-10-31,2.028646
1975-11-03,2.000000
1975-11-04,1.979167
1975-11-05,2.018229
1975-11-06,2.028646
1975-11-07,2.028646
1975-11-10,2.028646
1975-11-11,2.059896
1975-11-12,2.098958
1975-11-13,2.088542
1975-11-14,2.078125
1975-11-17,2.078125
1975-11-18,2.007813
1975-11-19,2.000000
1975-11-20,1.940104
1975-11-21,1.958333
1975-11-24,1.979167
1975-11-25,1.979167
1975-11-26,1.958333
1975-11-28,1.968750
1975-12-01,1.947917
1975-12-02,1.919271
1975-12-03,1.929688
1975-12-04,1.929688
1975-12-05,1.919271
1975-12-08,1.908854
1975-12-09,1.908854
1975-12-10,1.947917
1975-12-11,1.940104
1975-12-12,1.929688
1975-12-15,1.929688
1975-12-16,1.958333
1975-12-17,1.968750
1975-12-18,1.958333
1975-12-19,1.919271
1975-12-22,1.898438
1975-12-23,1.947917
1975-12-24,1.947917
1975-12-26,1.989583
1975-12-29,1.968750
1975-12-30,1.979167
1975-12-31,1.968750
1976-01-02,1.958333
1976-01-05,1.940104
1976-01-06,1.947917
1976-01-07,2.059896
1976-01-08,2.059896
1976-01-09,2.059896
1976-01-12,2.098958
1976-01-13,2.119792
1976-01-14,2.169271
1976-01-15,2.197917
1976-01-16,2.239583
1976-01-19,2.299479
1976-01-20,2.338542
1976-01-21,2.377604
1976-01-22,2.408854
1976-01-23,2.489583
1976-01-26,2.458333
1976-01-27,2.408854
1976-01-28,2.419271
1976-01-29,2.479167
1976-01-30,2.419271
1976-02-02,2.468750
1976-02-03,2.500000
1976-02-04,2.528646
1976-02-05,2.489583
1976-02-06,2.468750
1976-02-09,2.468750
1976-02-10,2.500000
1976-02-11,2.479167
1976-02-12,2.479167
1976-02-13,2.468750
1976-02-17,2.447917
1976-02-18,2.468750
1976-02-19,2.539063
1976-02-20,2.567708
1976-02-23,2.528646
1976-02-24,2.528646
1976-02-25,2.528646
1976-02-26,2.479167
1976-02-27,2.489583
1976-03-01,2.458333
1976-03-02,2.440104
1976-03-03,2.377604
1976-03-04,2.377604
1976-03-05,2.369792
1976-03-08,2.398438
1976-03-09,2.359375
1976-03-10,2.377604
1976-03-11,2.408854
1976-03-12,2.419271
1976-03-15,2.408854
1976-03-16,2.468750
1976-03-17,2.479167
1976-03-18,2.458333
1976-03-19,2.479167
1976-03-22,2.489583
1976-03-23,2.528646
1976-03-24,2.559896
1976-03-25,2.539063
1976-03-26,2.588542
1976-03-29,2.578125
1976-03-30,2.578125
1976-03-31,2.598958
1976-04-01,2.578125
1976-04-02,2.588542
1976-04-05,2.648438
1976-04-06,2.669271
1976-04-07,2.627604
1976-04-08,2.598958
1976-04-09,2.559896
1976-04-12,2.559896
1976-04-13,2.609375
1976-04-14,2.549479
1976-04-15,2.528646
1976-04-19,2.507813
1976-04-20,2.479167
1976-04-21,2.489583
1976-04-22,2.539063
1976-04-23,2.518229
1976-04-26,2.528646
1976-04-27,2.468750
1976-04-28,2.458333
1976-04-29,2.447917
1976-04-30,2.419271
1976-05-03,2.388021
1976-05-04,2.429688
1976-05-05,2.408854
1976-05-06,2.419271
1976-05-07,2.447917
1976-05-10,2.528646
1976-05-11,2.549479
1976-05-12,2.567708
1976-05-13,2.528646
1976-05-14,2.539063
1976-05-17,2.549479
1976-05-18,2.539063
1976-05-19,2.507813
1976-05-20,2.539063
1976-05-21,2.518229
1976-05-24,2.458333
1976-05-25,2.479167
1976-05-26,2.458333
1976-05-27,2.408854
1976-05-28,2.377604
1976-06-01,2.388021
1976-06-02,2.388021
1976-06-03,2.388021
1976-06-04,2.348958
1976-06-07,2.377604
1976-06-08,2.369792
1976-06-09,2.377604
1976-06-10,2.419271
1976-06-11,2.458333
1976-06-14,2.479167
1976-06-15,2.458333
1976-06-16,2.567708
1976-06-17,2.549479
1976-06-18,2.588542
1976-06-21,2.609375
1976-06-22,2.559896
1976-06-23,2.588542
1976-06-24,2.598958
1976-06-25,2.609375
1976-06-28,2.627604
1976-06-29,2.658854
1976-06-30,2.648438
1976-07-01,2.598958
1976-07-02,2.588542
1976-07-06,2.549479
1976-07-07,2.588542
1976-07-08,2.567708
1976-07-09,2.598958
1976-07-12,2.638021
1976-07-13,2.609375
1976-07-14,2.598958
1976-07-15,2.567708
1976-07-16,2.549479
1976-07-19,2.468750
1976-07-20,2.468750
1976-07-21,2.479167
1976-07-22,2.479167
1976-07-23,2.500000
1976-07-26,2.507813
1976-07-27,2.479167
1976-07-28,2.447917
1976-07-29,2.429688
1976-07-30,2.458333
1976-08-02,2.440104
1976-08-03,2.458333
1976-08-04,2.479167
1976-08-05,2.458333
1976-08-06,2.468750
1976-08-09,2.447917
1976-08-10,2.468750
1976-08-11,2.388021
1976-08-12,2.388021
1976-08-13,2.398438
1976-08-16,2.388021
1976-08-17,2.388021
1976-08-18,2.377604
1976-08-19,2.359375
1976-08-20,2.338542
1976-08-23,2.268229
1976-08-24,2.158854
1976-08-25,2.229167
1976-08-26,2.208333
1976-08-27,2.229167
1976-08-30,2.250000
1976-08-31,2.257813
1976-09-01,2.299479
1976-09-02,2.299479
1976-09-03,2.317708
1976-09-07,2.359375
1976-09-08,2.338542
1976-09-09,2.289063
1976-09-10,2.317708
1976-09-13,2.299479
1976-09-14,2.299479
1976-09-15,2.299479
1976-09-16,2.348958
1976-09-17,2.377604
1976-09-20,2.388021
1976-09-21,2.500000
1976-09-22,2.500000
1976-09-23,2.440104
1976-09-24,2.440104
1976-09-27,2.479167
1976-09-28,2.429688
1976-09-29,2.429688
1976-09-30,2.419271
1976-10-01,2.338542
1976-10-04,2.328125
1976-10-05,2.309896
1976-10-06,2.317708
1976-10-07,2.348958
1976-10-08,2.317708
1976-10-11,2.268229
1976-10-12,2.239583
1976-10-13,2.257813
1976-10-14,2.197917
1976-10-15,2.218750
1976-10-18,2.229167
1976-10-19,2.218750
1976-10-20,2.190104
1976-10-21,2.088542
1976-10-22,2.109375
1976-10-25,2.158854
1976-10-26,2.208333
1976-10-27,2.208333
1976-10-28,2.148438
1976-10-29,2.169271
1976-11-01,2.148438
1976-11-03,2.127604
1976-11-04,2.148438
1976-11-05,2.119792
1976-11-08,2.148438
1976-11-09,2.148438
1976-11-10,2.049479
1976-11-11,2.039063
1976-11-12,2.039063
1976-11-15,2.067708
1976-11-16,2.039063
1976-11-17,2.028646
1976-11-18,2.059896
1976-11-19,2.059896
1976-11-22,2.127604
1976-11-23,2.109375
1976-11-24,2.138021
1976-11-26,2.179688
1976-11-29,2.148438
1976-11-30,2.138021
1976-12-01,2.158854
1976-12-02,2.127604
1976-12-03,2.138021
1976-12-06,2.169271
1976-12-07,2.148438
1976-12-08,2.190104
1976-12-09,2.208333
1976-12-10,2.190104
1976-12-13,2.190104
1976-12-14,2.179688
1976-12-15,2.088542
1976-12-16,2.067708
1976-12-17,2.028646
1976-12-20,2.000000
1976-12-21,2.018229
1976-12-22,2.007813
1976-12-23,2.018229
1976-12-27,2.067708
1976-12-28,2.088542
1976-12-29,2.088542
1976-12-30,2.119792
1976-12-31,2.138021
1977-01-03,2.109375
1977-01-04,2.067708
1977-01-05,2.049479
1977-01-06,2.028646
1977-01-07,2.007813
1977-01-10,2.039063
1977-01-11,2.018229
1977-01-12,2.018229
1977-01-13,2.018229
1977-01-14,1.968750
1977-01-17,1.947917
1977-01-18,1.919271
1977-01-19,1.940104
1977-01-20,1.929688
1977-01-21,1.947917
1977-01-24,1.929688
1977-01-25,1.898438
1977-01-26,1.859375
1977-01-27,1.789063
1977-01-28,1.768229
1977-01-31,1.809896
1977-02-01,1.799479
1977-02-02,1.750000
1977-02-03,1.739583
1977-02-04,1.768229
1977-02-07,1.778646
1977-02-08,1.757813
1977-02-09,1.718750
1977-02-10,1.729167
1977-02-11,1.729167
1977-02-14,1.757813
1977-02-15,1.750000
1977-02-16,1.778646
1977-02-17,1.729167
1977-02-18,1.718750
1977-02-22,1.718750
1977-02-23,1.697917
1977-02-24,1.669271
1977-02-25,1.697917
1977-02-28,1.729167
1977-03-01,1.768229
1977-03-02,1.739583
1977-03-03,1.768229
1977-03-04,1.768229
1977-03-07,1.757813
1977-03-08,1.729167
1977-03-09,1.718750
1977-03-10,1.739583
1977-03-11,1.739583
1977-03-14,1.757813
1977-03-15,1.768229
1977-03-16,1.789063
1977-03-17,1.838542
1977-03-18,1.799479
1977-03-21,1.789063
1977-03-22,1.817708
1977-03-23,1.809896
1977-03-24,1.757813
1977-03-25,1.739583
1977-03-28,1.768229
1977-03-29,1.799479
1977-03-30,1.768229
1977-03-31,1.757813
1977-04-01,1.778646
1977-04-04,1.718750
1977-04-05,1.729167
1977-04-06,1.739583
1977-04-07,1.750000
1977-04-11,1.757813
1977-04-12,1.768229
1977-04-13,1.778646
1977-04-14,1.809896
1977-04-15,1.789063
1977-04-18,1.757813
1977-04-19,1.768229
1977-04-20,1.768229
1977-04-21,1.718750
1977-04-22,1.669271
1977-04-25,1.609375
1977-04-26,1.588542
1977-04-27,1.627604
1977-04-28,1.658854
1977-04-29,1.669271
1977-05-02,1.669271
1977-05-03,1.697917
1977-05-04,1.729167
1977-05-05,1.729167
1977-05-06,1.718750
1977-05-09,1.718750
1977-05-10,1.718750
1977-05-11,1.708333
1977-05-12,1.708333
1977-05-13,1.757813
1977-05-16,1.799479
1977-05-17,1.778646
1977-05-18,1.768229
1977-05-19,1.778646
1977-05-20,1.778646
1977-05-23,1.739583
1977-05-24,1.729167
1977-05-25,1.729167
1977-05-26,1.750000
1977-05-27,1.750000
1977-05-31,1.778646
1977-06-01,1.789063
1977-06-02,1.768229
1977-06-03,1.828125
1977-06-06,1.817708
1977-06-07,1.869792
1977-06-08,1.877604
1977-06-09,1.869792
1977-06-10,1.877604
1977-06-13,1.877604
1977-06-14,1.888021
1977-06-15,1.859375
1977-06-16,1.838542
1977-06-17,1.848958
1977-06-20,1.859375
1977-06-21,1.869792
1977-06-22,1.848958
1977-06-23,1.869792
1977-06-24,1.898438
1977-06-27,1.888021
1977-06-28,1.869792
1977-06-29,1.869792
1977-06-30,1.869792
1977-07-01,1.859375
1977-07-05,1.869792
1977-07-06,1.869792
1977-07-07,1.869792
1977-07-08,1.869792
1977-07-11,1.859375
1977-07-12,1.859375
1977-07-13,1.869792
1977-07-15,1.877604
1977-07-18,1.919271
1977-07-19,1.947917
1977-07-20,1.958333
1977-07-21,1.940104
1977-07-22,1.958333
1977-07-25,1.940104
1977-07-26,1.919271
1977-07-27,1.877604
1977-07-28,1.888021
1977-07-29,1.869792
1977-08-01,1.877604
1977-08-02,1.859375
1977-08-03,1.848958
1977-08-04,1.877604
1977-08-05,1.877604
1977-08-08,1.838542
1977-08-09,1.838542
1977-08-10,1.877604
1977-08-11,1.877604
1977-08-12,1.898438
1977-08-15,1.929688
1977-08-16,1.919271
1977-08-17,1.929688
1977-08-18,1.919271
1977-08-19,1.929688
1977-08-22,1.929688
1977-08-23,1.828125
1977-08-24,1.768229
1977-08-25,1.778646
1977-08-26,1.768229
1977-08-29,1.789063
1977-08-30,1.789063
1977-08-31,1.838542
1977-09-01,1.817708
1977-09-02,1.757813
1977-09-06,1.757813
1977-09-07,1.729167
1977-09-08,1.718750
1977-09-09,1.708333
1977-09-12,1.718750
1977-09-13,1.739583
1977-09-14,1.729167
1977-09-15,1.729167
1977-09-16,1.729167
1977-09-19,1.708333
1977-09-20,1.718750
1977-09-21,1.690104
1977-09-22,1.697917
1977-09-23,1.697917
1977-09-26,1.697917
1977-09-27,1.697917
1977-09-28,1.708333
1977-09-29,1.739583
1977-09-30,1.718750
1977-10-03,1.708333
1977-10-04,1.697917
1977-10-05,1.697917
1977-10-06,1.697917
1977-10-07,1.697917
1977-10-10,1.697917
1977-10-11,1.658854
1977-10-12,1.638021
1977-10-13,1.648438
1977-10-14,1.627604
1977-10-17,1.609375
1977-10-18,1.609375
1977-10-19,1.567708
1977-10-20,1.598958
1977-10-21,1.588542
1977-10-24,1.567708
1977-10-25,1.578125
1977-10-26,1.588542
1977-10-27,1.609375
1977-10-28,1.609375
1977-10-31,1.567708
1977-11-01,1.567708
1977-11-02,1.567708
1977-11-03,1.598958
1977-11-04,1.619792
1977-11-07,1.619792
1977-11-08,1.627604
1977-11-09,1.638021
1977-11-10,1.658854
1977-11-11,1.669271
1977-11-14,1.669271
1977-11-15,1.690104
1977-11-16,1.658854
1977-11-17,1.669271
1977-11-18,1.658854
1977-11-21,1.638021
1977-11-22,1.609375
1977-11-23,1.598958
1977-11-25,1.567708
1977-11-28,1.528646
1977-11-29,1.458333
1977-11-30,1.489583
1977-12-01,1.489583
1977-12-02,1.500000
1977-12-05,1.489583
1977-12-06,1.429688
1977-12-07,1.440104
1977-12-08,1.447917
1977-12-09,1.468750
1977-12-12,1.479167
1977-12-13,1.479167
1977-12-14,1.507813
1977-12-15,1.507813
1977-12-16,1.507813
1977-12-19,1.489583
1977-12-20,1.500000
1977-12-21,1.518229
1977-12-22,1.549479
1977-12-23,1.567708
1977-12-27,1.559896
1977-12-28,1.567708
1977-12-29,1.567708
1977-12-30,1.528646
1978-01-03,1.468750
1978-01-04,1.479167
1978-01-05,1.468750
1978-01-06,1.458333
1978-01-09,1.458333
1978-01-10,1.468750
1978-01-11,1.468750
1978-01-12,1.468750
1978-01-13,1.458333
1978-01-16,1.468750
1978-01-17,1.500000
1978-01-18,1.507813
1978-01-19,1.489583
1978-01-20,1.468750
1978-01-23,1.468750
1978-01-24,1.479167
1978-01-25,1.500000
1978-01-26,1.489583
1978-01-27,1.518229
1978-01-30,1.539063
1978-01-31,1.528646
1978-02-01,1.539063
1978-02-02,1.549479
1978-02-03,1.447917
1978-02-06,1.447917
1978-02-07,1.468750
1978-02-08,1.458333
1978-02-09,1.408854
1978-02-10,1.408854
1978-02-13,1.398438
1978-02-14,1.377604
1978-02-15,1.369792
1978-02-16,1.388021
1978-02-17,1.388021
1978-02-21,1.348958
1978-02-22,1.338542
1978-02-23,1.338542
1978-02-24,1.328125
1978-02-27,1.328125
1978-02-28,1.278646
1978-03-01,1.299479
1978-03-02,1.328125
1978-03-03,1.328125
1978-03-06,1.299479
1978-03-07,1.328125
1978-03-08,1.348958
1978-03-09,1.338542
1978-03-10,1.369792
1978-03-13,1.369792
1978-03-14,1.359375
1978-03-15,1.328125
1978-03-16,1.328125
1978-03-17,1.348958
1978-03-20,1.359375
1978-03-21,1.348958
1978-03-22,1.328125
1978-03-23,1.309896
1978-03-27,1.299479
1978-03-28,1.317708
1978-03-29,1.348958
1978-03-30,1.359375
1978-03-31,1.328125
1978-04-03,1.317708
1978-04-04,1.328125
1978-04-05,1.348958
1978-04-06,1.369792
1978-04-07,1.398438
1978-04-10,1.398438
1978-04-11,1.388021
1978-04-12,1.388021
1978-04-13,1.398438
1978-04-14,1.468750
1978-04-17,1.539063
1978-04-18,1.507813
1978-04-19,1.518229
1978-04-20,1.539063
1978-04-21,1.518229
1978-04-24,1.559896
1978-04-25,1.588542
1978-04-26,1.609375
1978-04-27,1.588542
1978-04-28,1.619792
1978-05-01,1.648438
1978-05-02,1.609375
1978-05-03,1.588542
1978-05-04,1.567708
1978-05-05,1.559896
1978-05-08,1.559896
1978-05-09,1.539063
1978-05-10,1.539063
1978-05-11,1.567708
1978-05-12,1.619792
1978-05-15,1.638021
1978-05-16,1.669271
1978-05-17,1.679688
1978-05-18,1.658854
1978-05-19,1.669271
1978-05-22,1.697917
1978-05-23,1.669271
1978-05-24,1.658854
1978-05-25,1.588542
1978-05-26,1.598958
1978-05-30,1.627604
1978-05-31,1.638021
1978-06-01,1.638021
1978-06-02,1.690104
1978-06-05,1.757813
1978-06-06,1.729167
1978-06-07,1.750000
1978-06-08,1.729167
1978-06-09,1.729167
1978-06-12,1.729167
1978-06-13,1.750000
1978-06-14,1.729167
1978-06-15,1.690104
1978-06-16,1.627604
1978-06-19,1.648438
1978-06-20,1.648438
1978-06-21,1.648438
1978-06-22,1.658854
1978-06-23,1.669271
1978-06-26,1.638021
1978-06-27,1.619792
1978-06-28,1.638021
1978-06-29,1.648438
1978-06-30,1.648438
1978-07-03,1.638021
1978-07-05,1.619792
1978-07-06,1.638021
1978-07-07,1.669271
1978-07-10,1.669271
1978-07-11,1.669271
1978-07-12,1.669271
1978-07-13,1.669271
1978-07-14,1.739583
1978-07-17,1.729167
1978-07-18,1.718750
1978-07-19,1.739583
1978-07-20,1.739583
1978-07-21,1.708333
1978-07-24,1.718750
1978-07-25,1.750000
1978-07-26,1.768229
1978-07-27,1.789063
1978-07-28,1.809896
1978-07-31,1.828125
1978-08-01,1.828125
1978-08-02,1.869792
1978-08-03,1.908854
1978-08-04,1.919271
1978-08-07,1.908854
1978-08-08,1.869792
1978-08-09,1.848958
1978-08-10,1.828125
1978-08-11,1.848958
1978-08-14,1.848958
1978-08-15,1.848958
1978-08-16,1.869792
1978-08-17,1.869792
1978-08-18,1.838542
1978-08-21,1.809896
1978-08-22,1.828125
1978-08-23,1.848958
1978-08-24,1.859375
1978-08-25,1.848958
1978-08-28,1.848958
1978-08-29,1.828125
1978-08-30,1.817708
1978-08-31,1.778646
1978-09-01,1.789063
1978-09-05,1.817708
1978-09-06,1.838542
1978-09-07,1.838542
1978-09-08,1.877604
1978-09-11,1.888021
1978-09-12,1.859375
1978-09-13,1.848958
1978-09-14,1.838542
1978-09-15,1.828125
1978-09-18,1.799479
1978-09-19,1.799479
1978-09-20,1.789063
1978-09-21,1.768229
1978-09-22,1.778646
1978-09-25,1.799479
1978-09-26,1.799479
1978-09-27,1.789063
1978-09-28,1.799479
1978-09-29,1.828125
1978-10-02,1.848958
1978-10-03,1.838542
1978-10-04,1.859375
1978-10-05,1.869792
1978-10-06,1.869792
1978-10-09,1.869792
1978-10-10,1.838542
1978-10-11,1.869792
1978-10-12,1.859375
1978-10-13,1.848958
1978-10-16,1.789063
1978-10-17,1.750000
1978-10-18,1.757813
1978-10-19,1.708333
1978-10-20,1.690104
1978-10-23,1.718750
1978-10-24,1.708333
1978-10-25,1.690104
1978-10-26,1.627604
1978-10-27,1.609375
1978-10-30,1.648438
1978-10-31,1.648438
1978-11-01,1.718750
1978-11-02,1.729167
1978-11-03,1.729167
1978-11-06,1.718750
1978-11-07,1.690104
1978-11-08,1.679688
1978-11-09,1.648438
1978-11-10,1.627604
1978-11-13,1.619792
1978-11-14,1.609375
1978-11-15,1.627604
1978-11-16,1.627604
1978-11-17,1.648438
1978-11-20,1.690104
1978-11-21,1.658854
1978-11-22,1.679688
1978-11-24,1.690104
1978-11-27,1.697917
1978-11-28,1.658854
1978-11-29,1.648438
1978-11-30,1.658854
1978-12-01,1.708333
1978-12-04,1.708333
1978-12-05,1.729167
1978-12-06,1.708333
1978-12-07,1.697917
1978-12-08,1.690104
1978-12-11,1.697917
1978-12-12,1.679688
1978-12-13,1.669271
1978-12-14,1.638021
1978-12-15,1.619792
1978-12-18,1.578125
1978-12-19,1.588542
1978-12-20,1.609375
1978-12-21,1.627604
1978-12-22,1.690104
1978-12-26,1.739583
1978-12-27,1.708333
1978-12-28,1.679688
1978-12-29,1.669271
1979-01-02,1.669271
1979-01-03,1.718750
1979-01-04,1.757813
1979-01-05,1.768229
1979-01-08,1.757813
1979-01-09,1.739583
1979-01-10,1.739583
1979-01-11,1.768229
1979-01-12,1.799479
1979-01-15,1.809896
1979-01-16,1.809896
1979-01-17,1.809896
1979-01-18,1.877604
1979-01-19,1.828125
1979-01-22,1.848958
1979-01-23,1.869792
1979-01-24,1.838542
1979-01-25,1.828125
1979-01-26,1.817708
1979-01-29,1.789063
1979-01-30,1.789063
1979-01-31,1.739583
1979-02-01,1.757813
1979-02-02,1.729167
1979-02-05,1.708333
1979-02-06,1.679688
1979-02-07,1.658854
1979-02-08,1.669271
1979-02-09,1.669271
1979-02-12,1.708333
1979-02-13,1.729167
1979-02-14,1.697917
1979-02-15,1.697917
1979-02-16,1.679688
1979-02-20,1.679688
1979-02-21,1.658854
1979-02-22,1.669271
1979-02-23,1.669271
1979-02-26,1.658854
1979-02-27,1.648438
1979-02-28,1.638021
1979-03-01,1.648438
1979-03-02,1.627604
1979-03-05,1.669271
1979-03-06,1.669271
1979-03-07,1.669271
1979-03-08,1.679688
1979-03-09,1.690104
1979-03-12,1.669271
1979-03-13,1.690104
1979-03-14,1.679688
1979-03-15,1.658854
1979-03-16,1.669271
1979-03-19,1.690104
1979-03-20,1.697917
1979-03-21,1.739583
1979-03-22,1.739583
1979-03-23,1.708333
1979-03-26,1.697917
1979-03-27,1.750000
1979-03-28,1.778646
1979-03-29,1.817708
1979-03-30,1.789063
1979-04-02,1.768229
1979-04-03,1.809896
1979-04-04,1.828125
1979-04-05,1.828125
1979-04-06,1.817708
1979-04-09,1.809896
1979-04-10,1.809896
1979-04-11,1.768229
1979-04-12,1.750000
1979-04-16,1.729167
1979-04-17,1.718750
1979-04-18,1.718750
1979-04-19,1.718750
1979-04-20,1.697917
1979-04-23,1.718750
1979-04-24,1.729167
1979-04-25,1.739583
1979-04-26,1.729167
1979-04-27,1.739583
1979-04-30,1.739583
1979-05-01,1.718750
1979-05-02,1.729167
1979-05-03,1.757813
1979-05-04,1.739583
1979-05-07,1.697917
1979-05-08,1.697917
1979-05-09,1.697917
1979-05-10,1.658854
1979-05-11,1.669271
1979-05-14,1.638021
1979-05-15,1.638021
1979-05-16,1.648438
1979-05-17,1.648438
1979-05-18,1.648438
1979-05-21,1.729167
1979-05-22,1.768229
1979-05-23,1.757813
1979-05-24,1.778646
1979-05-25,1.817708
1979-05-29,1.817708
1979-05-30,1.778646
1979-05-31,1.768229
1979-06-01,1.789063
1979-06-04,1.778646
1979-06-05,1.799479
1979-06-06,1.799479
1979-06-07,1.809896
1979-06-08,1.817708
1979-06-11,1.848958
1979-06-12,1.898438
1979-06-13,1.869792
1979-06-14,1.859375
1979-06-15,1.877604
1979-06-18,1.869792
1979-06-19,1.869792
1979-06-20,1.869792
1979-06-21,1.908854
1979-06-22,1.940104
1979-06-25,1.919271
1979-06-26,1.919271
1979-06-27,1.919271
1979-06-28,1.898438
1979-06-29,1.877604
1979-07-02,1.859375
1979-07-03,1.859375
1979-07-05,1.869792
1979-07-06,1.888021
1979-07-09,1.869792
1979-07-10,1.838542
1979-07-11,1.828125
1979-07-12,1.789063
1979-07-13,1.768229
1979-07-16,1.778646
1979-07-17,1.718750
1979-07-18,1.739583
1979-07-19,1.739583
1979-07-20,1.750000
1979-07-23,1.768229
1979-07-24,1.757813
1979-07-25,1.768229
1979-07-26,1.789063
1979-07-27,1.778646
1979-07-30,1.778646
1979-07-31,1.799479
1979-08-01,1.859375
1979-08-02,1.848958
1979-08-03,1.848958
1979-08-06,1.859375
1979-08-07,1.869792
1979-08-08,1.888021
1979-08-09,1.877604
1979-08-10,1.929688
1979-08-13,1.968750
1979-08-14,1.958333
1979-08-15,2.007813
1979-08-16,2.007813
1979-08-17,2.007813
1979-08-20,2.067708
1979-08-21,2.059896
1979-08-22,2.049479
1979-08-23,2.000000
1979-08-24,1.989583
1979-08-27,2.007813
1979-08-28,2.007813
1979-08-29,1.989583
1979-08-30,2.000000
1979-08-31,2.007813
1979-09-04,1.947917
1979-09-05,1.958333
1979-09-06,1.968750
1979-09-07,1.979167
1979-09-10,1.989583
1979-09-11,1.968750
1979-09-12,2.000000
1979-09-13,2.007813
1979-09-14,2.018229
1979-09-17,2.000000
1979-09-18,1.979167
1979-09-19,2.000000
1979-09-20,2.059896
1979-09-21,2.049479
1979-09-24,2.018229
1979-09-25,2.049479
1979-09-26,2.039063
1979-09-27,2.018229
1979-09-28,2.007813
1979-10-01,2.000000
1979-10-02,2.049479
1979-10-03,2.028646
1979-10-04,2.049479
1979-10-05,2.078125
1979-10-08,2.039063
1979-10-09,1.940104
1979-10-10,1.989583
1979-10-11,1.989583
1979-10-12,1.958333
1979-10-15,1.940104
1979-10-16,1.908854
1979-10-17,1.898438
1979-10-18,1.877604
1979-10-19,1.828125
1979-10-22,1.869792
1979-10-23,1.859375
1979-10-24,1.869792
1979-10-25,1.848958
1979-10-26,1.877604
1979-10-29,1.898438
1979-10-30,1.968750
1979-10-31,1.947917
1979-11-01,1.919271
1979-11-02,1.908854
1979-11-05,1.877604
1979-11-06,1.869792
1979-11-07,1.828125
1979-11-08,1.828125
1979-11-09,1.838542
1979-11-12,1.888021
1979-11-13,1.859375
1979-11-14,1.888021
1979-11-15,1.898438
1979-11-16,1.898438
1979-11-19,1.888021
1979-11-20,1.859375
1979-11-21,1.859375
1979-11-23,1.908854
1979-11-26,1.940104
1979-11-27,1.908854
1979-11-28,1.908854
1979-11-29,1.848958
1979-11-30,1.869792
1979-12-03,1.869792
1979-12-04,1.888021
1979-12-05,1.859375
1979-12-06,1.859375
1979-12-07,1.869792
1979-12-10,1.898438
1979-12-11,1.898438
1979-12-12,1.877604
1979-12-13,1.898438
1979-12-14,1.919271
1979-12-17,1.898438
1979-12-18,1.848958
1979-12-19,1.848958
1979-12-20,1.869792
1979-12-21,1.838542
1979-12-24,1.848958
1979-12-26,1.799479
1979-12-27,1.817708
1979-12-28,1.817708
1979-12-31,1.828125
1980-01-02,1.750000
1980-01-03,1.757813
1980-01-04,1.768229
1980-01-07,1.789063
1980-01-08,1.989583
1980-01-09,1.958333
1980-01-10,1.947917
1980-01-11,1.947917
1980-01-14,1.940104
1980-01-15,1.958333
1980-01-16,2.028646
1980-01-17,2.039063
1980-01-18,2.018229
1980-01-21,2.007813
1980-01-22,1.989583
1980-01-23,2.000000
1980-01-24,2.018229
1980-01-25,2.049479
1980-01-28,2.148438
1980-01-29,2.138021
1980-01-30,2.229167
1980-01-31,2.119792
1980-02-01,2.169271
1980-02-04,2.119792
1980-02-05,2.148438
1980-02-06,2.138021
1980-02-07,2.138021
1980-02-08,2.138021
1980-02-11,2.109375
1980-02-12,2.218750
1980-02-13,2.229167
1980-02-14,2.148438
1980-02-15,2.127604
1980-02-19,2.109375
1980-02-20,2.119792
1980-02-21,2.078125
1980-02-22,2.059896
1980-02-25,2.039063
1980-02-26,2.088542
1980-02-27,2.049479
1980-02-28,2.028646
1980-02-29,2.039063
1980-03-03,2.007813
1980-03-04,2.007813
1980-03-05,1.968750
1980-03-06,1.958333
1980-03-07,1.940104
1980-03-10,1.919271
1980-03-11,1.908854
1980-03-12,1.898438
1980-03-13,1.848958
1980-03-14,1.838542
1980-03-17,1.789063
1980-03-18,1.799479
1980-03-19,1.789063
1980-03-20,1.789063
1980-03-21,1.757813
1980-03-24,1.690104
1980-03-25,1.729167
1980-03-26,1.718750
1980-03-27,1.729167
1980-03-28,1.739583
1980-03-31,1.718750
1980-04-01,1.729167
1980-04-02,1.729167
1980-04-03,1.739583
1980-04-07,1.718750
1980-04-08,1.739583
1980-04-09,1.799479
1980-04-10,1.799479
1980-04-11,1.799479
1980-04-14,1.768229
1980-04-15,1.697917
1980-04-16,1.658854
1980-04-17,1.658854
1980-04-18,1.669271
1980-04-21,1.669271
1980-04-22,1.778646
1980-04-23,1.739583
1980-04-24,1.757813
1980-04-25,1.799479
1980-04-28,1.817708
1980-04-29,1.799479
1980-04-30,1.778646
1980-05-01,1.768229
1980-05-02,1.757813
1980-05-05,1.750000
1980-05-06,1.718750
1980-05-07,1.750000
1980-05-08,1.729167
1980-05-09,1.718750
1980-05-12,1.708333
1980-05-13,1.708333
1980-05-14,1.718750
1980-05-15,1.768229
1980-05-16,1.789063
1980-05-19,1.799479
1980-05-20,1.778646
1980-05-21,1.768229
1980-05-22,1.789063
1980-05-23,1.809896
1980-05-27,1.838542
1980-05-28,1.869792
1980-05-29,1.869792
1980-05-30,1.940104
1980-06-02,1.929688
1980-06-03,1.908854
1980-06-04,1.929688
1980-06-05,1.947917
1980-06-06,1.940104
1980-06-09,1.940104
1980-06-10,1.940104
1980-06-11,1.968750
1980-06-12,1.958333
1980-06-13,1.968750
1980-06-16,1.979167
1980-06-17,1.989583
1980-06-18,1.979167
1980-06-19,1.947917
1980-06-20,1.940104
1980-06-23,1.947917
1980-06-24,1.947917
1980-06-25,1.968750
1980-06-26,1.940104
1980-06-27,1.929688
1980-06-30,1.919271
1980-07-01,1.947917
1980-07-02,1.968750
1980-07-03,2.007813
1980-07-07,2.007813
1980-07-08,2.000000
1980-07-09,2.028646
1980-07-10,2.018229
1980-07-11,2.059896
1980-07-14,2.088542
1980-07-15,2.078125
1980-07-16,2.049479
1980-07-17,2.078125
1980-07-18,2.078125
1980-07-21,2.078125
1980-07-22,2.059896
1980-07-23,2.067708
1980-07-24,2.078125
1980-07-25,2.109375
1980-07-28,2.197917
1980-07-29,2.257813
1980-07-30,2.257813
1980-07-31,2.257813
1980-08-01,2.229167
1980-08-04,2.250000
1980-08-05,2.268229
1980-08-06,2.299479
1980-08-07,2.388021
1980-08-08,2.398438
1980-08-11,2.518229
1980-08-12,2.447917
1980-08-13,2.388021
1980-08-14,2.468750
1980-08-15,2.518229
1980-08-18,2.468750
1980-08-19,2.440104
1980-08-20,2.500000
1980-08-21,2.539063
1980-08-22,2.619792
1980-08-25,2.619792
1980-08-26,2.648438
1980-08-27,2.609375
1980-08-28,2.567708
1980-08-29,2.518229
1980-09-02,2.489583
1980-09-03,2.598958
1980-09-04,2.648438
1980-09-05,2.718750
1980-09-08,2.648438
1980-09-09,2.658854
1980-09-10,2.627604
1980-09-11,2.669271
1980-09-12,2.619792
1980-09-15,2.679688
1980-09-16,2.718750
1980-09-17,2.817708
1980-09-18,2.799479
1980-09-19,2.898438
1980-09-22,3.000000
1980-09-23,2.908854
1980-09-24,2.888021
1980-09-25,2.799479
1980-09-26,2.679688
1980-09-29,2.638021
1980-09-30,2.729167
1980-10-01,2.739583
1980-10-02,2.750000
1980-10-03,2.809896
1980-10-06,2.908854
1980-10-07,2.869792
1980-10-08,2.958333
1980-10-09,2.898438
1980-10-10,2.799479
1980-10-13,2.877604
1980-10-14,2.869792
1980-10-15,2.877604
1980-10-16,2.859375
1980-10-17,2.859375
1980-10-20,2.898438
1980-10-21,2.848958
1980-10-22,2.828125
1980-10-23,2.789063
1980-10-24,2.768229
1980-10-27,2.697917
1980-10-28,2.697917
1980-10-29,2.658854
1980-10-30,2.549479
1980-10-31,2.598958
1980-11-03,2.669271
1980-11-05,2.817708
1980-11-06,2.750000
1980-11-07,2.718750
1980-11-10,2.697917
1980-11-11,2.729167
1980-11-12,2.799479
1980-11-13,2.848958
1980-11-14,2.919271
1980-11-17,2.968750
1980-11-18,3.000000
1980-11-19,2.958333
1980-11-20,2.989583
1980-11-21,2.947917
1980-11-24,2.940104
1980-11-25,3.039063
1980-11-26,3.098958
1980-11-28,3.119792
1980-12-01,2.958333
1980-12-02,2.888021
1980-12-03,2.908854
1980-12-04,2.817708
1980-12-05,2.750000
1980-12-08,2.690104
1980-12-09,2.690104
1980-12-10,2.669271
1980-12-11,2.549479
1980-12-12,2.609375
1980-12-15,2.619792
1980-12-16,2.598958
1980-12-17,2.588542
1980-12-18,2.507813
1980-12-19,2.388021
1980-12-22,2.419271
1980-12-23,2.440104
1980-12-24,2.518229
1980-12-26,2.559896
1980-12-29,2.567708
1980-12-30,2.539063
1980-12-31,2.518229
1981-01-02,2.549479
1981-01-05,2.588542
1981-01-06,2.598958
1981-01-07,2.539063
1981-01-08,2.447917
1981-01-09,2.429688
1981-01-12,2.440104
1981-01-13,2.429688
1981-01-14,2.429688
1981-01-15,2.440104
1981-01-16,2.447917
1981-01-19,2.419271
1981-01-20,2.408854
1981-01-21,2.369792
1981-01-22,2.348958
1981-01-23,2.328125
1981-01-26,2.328125
1981-01-27,2.348958
1981-01-28,2.348958
1981-01-29,2.348958
1981-01-30,2.299479
1981-02-02,2.250000
1981-02-03,2.317708
1981-02-04,2.328125
1981-02-05,2.388021
1981-02-06,2.408854
1981-02-09,2.408854
1981-02-10,2.447917
1981-02-11,2.440104
1981-02-12,2.408854
1981-02-13,2.419271
1981-02-17,2.429688
1981-02-18,2.408854
1981-02-19,2.338542
1981-02-20,2.278646
1981-02-23,2.239583
1981-02-24,2.289063
1981-02-25,2.278646
1981-02-26,2.268229
1981-02-27,2.328125
1981-03-02,2.388021
1981-03-03,2.299479
1981-03-04,2.289063
1981-03-05,2.257813
1981-03-06,2.229167
1981-03-09,2.239583
1981-03-10,2.229167
1981-03-11,2.229167
1981-03-12,2.309896
1981-03-13,2.348958
1981-03-16,2.377604
1981-03-17,2.408854
1981-03-18,2.419271
1981-03-19,2.419271
1981-03-20,2.408854
1981-03-23,2.479167
1981-03-24,2.447917
1981-03-25,2.479167
1981-03-26,2.479167
1981-03-27,2.447917
1981-03-30,2.408854
1981-03-31,2.429688
1981-04-01,2.440104
1981-04-02,2.440104
1981-04-03,2.408854
1981-04-06,2.388021
1981-04-07,2.359375
1981-04-08,2.388021
1981-04-09,2.458333
1981-04-10,2.539063
1981-04-13,2.578125
1981-04-14,2.528646
1981-04-15,2.528646
1981-04-16,2.500000
1981-04-20,2.528646
1981-04-21,2.528646
1981-04-22,2.539063
1981-04-23,2.528646
1981-04-24,2.468750
1981-04-27,2.468750
1981-04-28,2.408854
1981-04-29,2.309896
1981-04-30,2.299479
1981-05-01,2.289063
1981-05-04,2.278646
1981-05-05,2.299479
1981-05-06,2.299479
1981-05-07,2.317708
1981-05-08,2.309896
1981-05-11,2.278646
1981-05-12,2.299479
1981-05-13,2.278646
1981-05-14,2.278646
1981-05-15,2.278646
1981-05-18,2.289063
1981-05-19,2.299479
1981-05-20,2.328125
1981-05-21,2.348958
1981-05-22,2.338542
1981-05-26,2.408854
1981-05-27,2.468750
1981-05-28,2.500000
1981-05-29,2.388021
1981-06-01,2.257813
1981-06-02,2.239583
1981-06-03,2.239583
1981-06-04,2.190104
1981-06-05,2.218750
1981-06-08,2.239583
1981-06-09,2.250000
1981-06-10,2.229167
1981-06-11,2.257813
1981-06-12,2.250000
1981-06-15,2.208333
1981-06-16,2.098958
1981-06-17,2.098958
1981-06-18,2.049479
1981-06-19,2.067708
1981-06-22,2.078125
1981-06-23,2.067708
1981-06-24,2.059896
1981-06-25,2.049479
1981-06-26,2.049479
1981-06-29,2.049479
1981-06-30,2.018229
1981-07-01,2.007813
1981-07-02,1.958333
1981-07-06,1.947917
1981-07-07,1.940104
1981-07-08,1.929688
1981-07-09,1.940104
1981-07-10,1.929688
1981-07-13,1.908854
1981-07-14,1.869792
1981-07-15,1.877604
1981-07-16,1.908854
1981-07-17,2.007813
1981-07-20,1.947917
1981-07-21,1.940104
1981-07-22,1.940104
1981-07-23,1.947917
1981-07-24,1.968750
1981-07-27,1.958333
1981-07-28,1.940104
1981-07-29,1.958333
1981-07-30,1.979167
1981-07-31,1.989583
1981-08-03,1.958333
1981-08-04,1.979167
1981-08-05,2.007813
1981-08-06,1.989583
1981-08-07,1.968750
1981-08-10,2.000000
1981-08-11,2.007813
1981-08-12,1.989583
1981-08-13,2.000000
1981-08-14,1.979167
1981-08-17,1.968750
1981-08-18,1.919271
1981-08-19,1.919271
1981-08-20,1.898438
1981-08-21,1.828125
1981-08-24,1.768229
1981-08-25,1.789063
1981-08-26,1.789063
1981-08-27,1.778646
1981-08-28,1.778646
1981-08-31,1.778646
1981-09-01,1.768229
1981-09-02,1.768229
1981-09-03,1.739583
1981-09-04,1.739583
1981-09-08,1.757813
1981-09-09,1.778646
1981-09-10,1.838542
1981-09-11,1.838542
1981-09-14,1.838542
1981-09-15,1.809896
1981-09-16,1.778646
1981-09-17,1.750000
1981-09-18,1.750000
1981-09-21,1.809896
1981-09-22,1.789063
1981-09-23,1.757813
1981-09-24,1.750000
1981-09-25,1.697917
1981-09-28,1.750000
1981-09-29,1.750000
1981-09-30,1.729167
1981-10-01,1.697917
1981-10-02,1.718750
1981-10-05,1.690104
1981-10-06,1.679688
1981-10-07,1.697917
1981-10-08,1.739583
1981-10-09,1.739583
1981-10-12,1.768229
1981-10-13,1.789063
1981-10-14,1.729167
1981-10-15,1.729167
1981-10-16,1.729167
1981-10-19,1.718750
1981-10-20,1.718750
1981-10-21,1.718750
1981-10-22,1.708333
1981-10-23,1.669271
1981-10-26,1.690104
1981-10-27,1.697917
1981-10-28,1.697917
1981-10-29,1.669271
1981-10-30,1.708333
1981-11-02,1.739583
1981-11-03,1.757813
1981-11-04,1.729167
1981-11-05,1.708333
1981-11-06,1.697917
1981-11-09,1.739583
1981-11-10,1.708333
1981-11-11,1.690104
1981-11-12,1.690104
1981-11-13,1.648438
1981-11-16,1.609375
1981-11-17,1.609375
1981-11-18,1.567708
1981-11-19,1.567708
1981-11-20,1.578125
1981-11-23,1.578125
1981-11-24,1.588542
1981-11-25,1.588542
1981-11-27,1.598958
1981-11-30,1.598958
1981-12-01,1.627604
1981-12-02,1.648438
1981-12-03,1.669271
1981-12-04,1.708333
1981-12-07,1.679688
1981-12-08,1.669271
1981-12-09,1.669271
1981-12-10,1.669271
1981-12-11,1.627604
1981-12-14,1.609375
1981-12-15,1.627604
1981-12-16,1.627604
1981-12-17,1.627604
1981-12-18,1.648438
1981-12-21,1.679688
1981-12-22,1.697917
1981-12-23,1.697917
1981-12-24,1.697917
1981-12-28,1.690104
1981-12-29,1.679688
1981-12-30,1.697917
1981-12-31,1.677083
1982-01-04,1.690104
1982-01-05,1.630208
1982-01-06,1.588542
1982-01-07,1.578125
1982-01-08,1.591146
1982-01-11,1.575521
1982-01-12,1.520833
1982-01-13,1.473958
1982-01-14,1.500000
1982-01-15,1.552083
1982-01-18,1.562500
1982-01-19,1.562500
1982-01-20,1.562500
1982-01-21,1.585938
1982-01-22,1.572917
1982-01-25,1.585938
1982-01-26,1.617188
1982-01-27,1.643229
1982-01-28,1.697917
1982-01-29,1.692708
1982-02-01,1.640625
1982-02-02,1.656250
1982-02-03,1.669271
1982-02-04,1.661458
1982-02-05,1.690104
1982-02-08,1.669271
1982-02-09,1.651042
1982-02-10,1.666667
1982-02-11,1.666667
1982-02-12,1.661458
1982-02-16,1.658854
1982-02-17,1.651042
1982-02-18,1.666667
1982-02-19,1.651042
1982-02-22,1.614583
1982-02-23,1.632813
1982-02-24,1.684896
1982-02-25,1.710938
1982-02-26,1.716146
1982-03-01,1.765625
1982-03-02,1.755208
1982-03-03,1.721354
1982-03-04,1.677083
1982-03-05,1.666667
1982-03-08,1.593750
1982-03-09,1.645833
1982-03-10,1.630208
1982-03-11,1.596354
1982-03-12,1.557292
1982-03-15,1.598958
1982-03-16,1.609375
1982-03-17,1.601563
1982-03-18,1.638021
1982-03-19,1.661458
1982-03-22,1.723958
1982-03-23,1.700521
1982-03-24,1.666667
1982-03-25,1.640625
1982-03-26,1.632813
1982-03-29,1.664063
1982-03-30,1.651042
1982-03-31,1.640625
1982-04-01,1.653646
1982-04-02,1.666667
1982-04-05,1.671875
1982-04-06,1.710938
1982-04-07,1.718750
1982-04-08,1.757813
1982-04-12,1.750000
1982-04-13,1.760417
1982-04-14,1.747396
1982-04-15,1.809896
1982-04-16,1.817708
1982-04-19,1.851563
1982-04-20,1.841146
1982-04-21,1.843750
1982-04-22,1.875000
1982-04-23,1.927083
1982-04-26,1.940104
1982-04-27,1.888021
1982-04-28,1.885417
1982-04-29,1.875000
1982-04-30,1.890625
1982-05-03,1.895833
1982-05-04,1.895833
1982-05-05,1.864583
1982-05-06,1.835938
1982-05-07,1.828125
1982-05-10,1.838542
1982-05-11,1.859375
1982-05-12,1.861979
1982-05-13,1.851563
1982-05-14,1.901042
1982-05-17,1.867188
1982-05-18,1.828125
1982-05-19,1.760417
1982-05-20,1.765625
1982-05-21,1.789063
1982-05-24,1.807292
1982-05-25,1.791667
1982-05-26,1.760417
1982-05-27,1.750000
1982-05-28,1.736979
1982-06-01,1.734375
1982-06-02,1.765625
1982-06-03,1.755208
1982-06-04,1.661458
1982-06-07,1.661458
1982-06-08,1.630208
1982-06-09,1.614583
1982-06-10,1.658854
1982-06-11,1.713542
1982-06-14,1.695313
1982-06-15,1.703125
1982-06-16,1.716146
1982-06-17,1.703125
1982-06-18,1.692708
1982-06-21,1.721354
1982-06-22,1.760417
1982-06-23,1.825521
1982-06-24,1.781250
1982-06-25,1.776042
1982-06-28,1.799479
1982-06-29,1.822917
1982-06-30,1.804688
1982-07-01,1.791667
1982-07-02,1.768229
1982-07-06,1.781250
1982-07-07,1.796875
1982-07-08,1.802083
1982-07-09,1.848958
1982-07-12,1.882813
1982-07-13,1.864583
1982-07-14,1.882813
1982-07-15,1.908854
1982-07-16,1.927083
1982-07-19,1.927083
1982-07-20,1.937500
1982-07-21,1.934896
1982-07-22,1.950521
1982-07-23,1.958333
1982-07-26,1.937500
1982-07-27,1.885417
1982-07-28,1.856771
1982-07-29,1.885417
1982-07-30,1.846354
1982-08-02,1.867188
1982-08-03,1.804688
1982-08-04,1.747396
1982-08-05,1.723958
1982-08-06,1.697917
1982-08-09,1.729167
1982-08-10,1.718750
1982-08-11,1.687500
1982-08-12,1.684896
1982-08-13,1.710938
1982-08-16,1.710938
1982-08-17,1.786458
1982-08-18,1.736979
1982-08-19,1.700521
1982-08-20,1.799479
1982-08-23,1.875000
1982-08-24,1.856771
1982-08-25,1.854167
1982-08-26,1.869792
1982-08-27,1.854167
1982-08-30,1.869792
1982-08-31,1.901042
1982-09-01,1.927083
1982-09-02,2.018229
1982-09-03,2.072917
1982-09-07,2.052083
1982-09-08,2.065104
1982-09-09,2.052083
1982-09-10,2.052083
1982-09-13,2.104167
1982-09-14,2.104167
1982-09-15,2.098958
1982-09-16,2.109375
1982-09-17,2.057292
1982-09-20,2.057292
1982-09-21,2.106771
1982-09-22,2.041667
1982-09-23,2.044271
1982-09-24,2.026042
1982-09-27,2.046875
1982-09-28,1.968750
1982-09-29,1.945313
1982-09-30,1.937500
1982-10-01,1.947917
1982-10-04,1.927083
1982-10-05,1.937500
1982-10-06,2.088542
1982-10-07,2.083333
1982-10-08,2.119792
1982-10-11,2.242188
1982-10-12,2.250000
1982-10-13,2.263021
1982-10-14,2.200521
1982-10-15,2.205729
1982-10-18,2.291667
1982-10-19,2.281250
1982-10-20,2.380208
1982-10-21,2.411458
1982-10-22,2.460938
1982-10-25,2.359375
1982-10-26,2.520833
1982-10-27,2.447917
1982-10-28,2.411458
1982-10-29,2.411458
1982-11-01,2.473958
1982-11-02,2.533854
1982-11-03,2.609375
1982-11-04,2.575521
1982-11-05,2.578125
1982-11-08,2.583333
1982-11-09,2.664063
1982-11-10,2.682292
1982-11-11,2.718750
1982-11-12,2.760417
1982-11-15,2.656250
1982-11-16,2.604167
1982-11-17,2.684896
1982-11-18,2.794271
1982-11-19,2.770833
1982-11-22,2.734375
1982-11-23,2.677083
1982-11-24,2.640625
1982-11-26,2.635417
1982-11-29,2.638021
1982-11-30,2.820313
1982-12-01,2.856771
1982-12-02,2.890625
1982-12-03,2.916667
1982-12-06,3.072917
1982-12-07,3.153646
1982-12-08,3.041667
1982-12-09,2.921875
1982-12-10,2.822917
1982-12-13,2.872396
1982-12-14,2.739583
1982-12-15,2.687500
1982-12-16,2.760417
1982-12-17,2.856771
1982-12-20,2.731771
1982-12-21,2.786458
1982-12-22,2.869792
1982-12-23,2.898438
1982-12-27,2.911458
1982-12-28,2.877604
1982-12-29,2.835938
1982-12-30,2.781250
1982-12-31,2.804688
1983-01-03,2.723958
1983-01-04,2.760417
1983-01-05,2.682292
1983-01-06,2.776042
1983-01-07,2.833333
1983-01-10,2.817708
1983-01-11,2.770833
1983-01-12,2.820313
1983-01-13,2.864583
1983-01-14,3.083333
1983-01-17,3.148438
1983-01-18,3.229167
1983-01-19,3.182292
1983-01-20,3.192708
1983-01-21,3.213542
1983-01-24,3.182292
1983-01-25,3.343750
1983-01-26,3.328125
1983-01-27,3.354167
1983-01-28,3.434896
1983-01-31,3.666667
1983-02-01,3.520833
1983-02-02,3.468750
1983-02-03,3.502604
1983-02-04,3.645833
1983-02-07,3.567708
1983-02-08,3.479167
1983-02-09,3.375000
1983-02-10,3.414063
1983-02-11,3.458333
1983-02-14,3.591146
1983-02-15,3.541667
1983-02-16,3.507813
1983-02-17,3.562500
1983-02-18,3.575521
1983-02-22,3.354167
1983-02-23,3.322917
1983-02-24,3.447917
1983-02-25,3.359375
1983-02-28,3.260417
1983-03-01,3.270833
1983-03-02,3.239583
1983-03-03,3.302083
1983-03-04,3.286458
1983-03-07,3.309896
1983-03-08,3.273438
1983-03-09,3.315104
1983-03-10,3.343750
1983-03-11,3.338542
1983-03-14,3.348958
1983-03-15,3.367188
1983-03-16,3.354167
1983-03-17,3.390625
1983-03-18,3.442708
1983-03-21,3.500000
1983-03-22,3.437500
1983-03-23,3.502604
1983-03-24,3.500000
1983-03-25,3.520833
1983-03-28,3.515625
1983-03-29,3.473958
1983-03-30,3.510417
1983-03-31,3.421875
1983-04-04,3.421875
1983-04-05,3.372396
1983-04-06,3.377604
1983-04-07,3.395833
1983-04-08,3.354167
1983-04-11,3.322917
1983-04-12,3.398438
1983-04-13,3.427083
1983-04-14,3.421875
1983-04-15,3.411458
1983-04-18,3.408854
1983-04-19,3.322917
1983-04-20,3.338542
1983-04-21,3.104167
1983-04-22,3.036458
1983-04-25,3.013021
1983-04-26,3.031250
1983-04-27,3.039063
1983-04-28,3.015625
1983-04-29,2.973958
1983-05-02,2.934896
1983-05-03,3.000000
1983-05-04,3.044271
1983-05-05,3.171875
1983-05-06,3.273438
1983-05-09,3.250000
1983-05-10,3.244792
1983-05-11,3.156250
1983-05-12,3.156250
1983-05-13,3.140625
1983-05-16,3.096354
1983-05-17,3.104167
1983-05-18,3.114583
1983-05-19,3.091146
1983-05-20,3.177083
1983-05-23,3.229167
1983-05-24,3.283854
1983-05-25,3.296875
1983-05-26,3.276042
1983-05-27,3.250000
1983-05-31,3.184896
1983-06-01,3.195313
1983-06-02,3.270833
1983-06-03,3.385417
1983-06-06,3.500000
1983-06-07,3.460938
1983-06-08,3.403646
1983-06-09,3.333333
1983-06-10,3.286458
1983-06-13,2.463542
1983-06-14,2.229167
1983-06-15,2.395833
1983-06-16,2.486979
1983-06-17,2.421875
1983-06-20,2.375000
1983-06-21,2.450521
1983-06-22,2.458333
1983-06-23,2.552083
1983-06-24,2.570313
1983-06-27,2.554688
1983-06-28,2.416667
1983-06-29,2.497396
1983-06-30,2.481771
1983-07-01,2.473958
1983-07-05,2.468750
1983-07-06,2.565104
1983-07-07,2.520833
1983-07-08,2.520833
1983-07-11,2.541667
1983-07-12,2.546875
1983-07-13,2.591146
1983-07-14,2.635417
1983-07-15,2.609375
1983-07-18,2.705729
1983-07-19,2.661458
1983-07-20,2.723958
1983-07-21,2.713542
1983-07-22,2.682292
1983-07-25,2.468750
1983-07-26,2.518229
1983-07-27,2.408854
1983-07-28,2.260417
1983-07-29,2.276042
1983-08-01,2.270833
1983-08-02,2.281250
1983-08-03,2.291667
1983-08-04,2.223958
1983-08-05,2.187500
1983-08-08,2.135417
1983-08-09,2.234375
1983-08-10,2.239583
1983-08-11,2.213542
1983-08-12,2.213542
1983-08-15,2.250000
1983-08-16,2.218750
1983-08-17,2.263021
1983-08-18,2.286458
1983-08-19,2.304688
1983-08-22,2.320313
1983-08-23,2.395833
1983-08-24,2.380208
1983-08-25,2.382813
1983-08-26,2.385417
1983-08-29,2.385417
1983-08-30,2.367188
1983-08-31,2.421875
1983-09-01,2.414063
1983-09-02,2.395833
1983-09-06,2.437500
1983-09-07,2.450521
1983-09-08,2.442708
1983-09-09,2.463542
1983-09-12,2.419271
1983-09-13,2.437500
1983-09-14,2.492188
1983-09-15,2.526042
1983-09-16,2.567708
1983-09-19,2.546875
1983-09-20,2.479167
1983-09-21,2.432292
1983-09-22,2.442708
1983-09-23,2.375000
1983-09-26,2.333333
1983-09-27,2.385417
1983-09-28,2.424479
1983-09-29,2.375000
1983-09-30,2.364583
1983-10-03,2.338542
1983-10-04,2.369792
1983-10-05,2.416667
1983-10-06,2.406250
1983-10-07,2.406250
1983-10-10,2.463542
1983-10-11,2.484375
1983-10-12,2.559896
1983-10-13,2.541667
1983-10-14,2.510417
1983-10-17,2.520833
1983-10-18,2.479167
1983-10-19,2.424479
1983-10-20,2.364583
1983-10-21,2.296875
1983-10-24,2.335938
1983-10-25,2.356771
1983-10-26,2.260417
1983-10-27,2.213542
1983-10-28,2.119792
1983-10-31,2.593750
1983-11-01,2.645833
1983-11-02,2.677083
1983-11-03,2.638021
1983-11-04,2.627604
1983-11-07,2.651042
1983-11-08,2.617188
1983-11-09,2.632813
1983-11-10,2.705729
1983-11-11,2.822917
1983-11-14,2.789063
1983-11-15,2.783854
1983-11-16,2.854167
1983-11-17,2.864583
1983-11-18,2.807292
1983-11-21,2.828125
1983-11-22,2.776042
1983-11-23,2.796875
1983-11-25,2.791667
1983-11-28,2.812500
1983-11-29,2.856771
1983-11-30,2.791667
1983-12-01,2.817708
1983-12-02,2.833333
1983-12-05,2.838542
1983-12-06,2.807292
1983-12-07,2.789063
1983-12-08,2.791667
1983-12-09,2.781250
1983-12-12,2.817708
1983-12-13,2.830729
1983-12-14,2.809896
1983-12-15,2.817708
1983-12-16,2.838542
1983-12-19,2.846354
1983-12-20,2.848958
1983-12-21,2.901042
1983-12-22,2.898438
1983-12-23,2.903646
1983-12-27,2.877604
1983-12-28,2.869792
1983-12-29,2.888021
1983-12-30,2.888021
1984-01-03,2.914063
1984-01-04,2.953125
1984-01-05,2.981771
1984-01-06,2.973958
1984-01-09,2.937500
1984-01-10,2.906250
1984-01-11,2.895833
1984-01-12,2.901042
1984-01-13,2.890625
1984-01-16,2.924479
1984-01-17,2.968750
1984-01-18,2.940104
1984-01-19,2.888021
1984-01-20,2.890625
1984-01-23,2.835938
1984-01-24,2.848958
1984-01-25,2.838542
1984-01-26,2.802083
1984-01-27,2.739583
1984-01-30,2.697917
1984-01-31,2.697917
1984-02-01,2.645833
1984-02-02,2.687500
1984-02-03,2.645833
1984-02-06,2.541667
1984-02-07,2.617188
1984-02-08,2.562500
1984-02-09,2.653646
1984-02-10,2.645833
1984-02-13,2.656250
1984-02-14,2.731771
1984-02-15,2.677083
1984-02-16,2.687500
1984-02-17,2.635417
1984-02-21,2.625000
1984-02-22,2.638021
1984-02-23,2.669271
1984-02-24,2.695313
1984-02-27,2.677083
1984-02-28,2.640625
1984-02-29,2.677083
1984-03-01,2.716146
1984-03-02,2.716146
1984-03-05,2.697917
1984-03-06,2.674479
1984-03-07,2.606771
1984-03-08,2.601563
1984-03-09,2.619792
1984-03-12,2.674479
1984-03-13,2.692708
1984-03-14,2.755208
1984-03-15,2.760417
1984-03-16,2.789063
1984-03-19,2.781250
1984-03-20,2.804688
1984-03-21,2.807292
1984-03-22,2.791667
1984-03-23,2.903646
1984-03-26,2.906250
1984-03-27,2.864583
1984-03-28,2.916667
1984-03-29,2.890625
1984-03-30,2.875000
1984-04-02,2.848958
1984-04-03,2.812500
1984-04-04,2.794271
1984-04-05,2.677083
1984-04-06,2.697917
1984-04-09,2.703125
1984-04-10,2.700521
1984-04-11,2.666667
1984-04-12,2.739583
1984-04-13,2.776042
1984-04-16,2.848958
1984-04-17,2.864583
1984-04-18,2.841146
1984-04-19,2.877604
1984-04-23,2.890625
1984-04-24,2.869792
1984-04-25,2.914063
1984-04-26,2.953125
1984-04-27,2.963542
1984-04-30,3.072917
1984-05-01,3.088542
1984-05-02,3.075521
1984-05-03,3.070313
1984-05-04,2.994792
1984-05-07,3.000000
1984-05-08,3.020833
1984-05-09,3.000000
1984-05-10,3.007813
1984-05-11,2.979167
1984-05-14,2.968750
1984-05-15,2.968750
1984-05-16,2.973958
1984-05-17,2.911458
1984-05-18,2.869792
1984-05-21,2.893229
1984-05-22,2.867188
1984-05-23,2.864583
1984-05-24,2.812500
1984-05-25,2.750000
1984-05-29,2.697917
1984-05-30,2.700521
1984-05-31,2.713542
1984-06-01,2.744792
1984-06-04,2.763021
1984-06-05,2.778646
1984-06-06,2.781250
1984-06-07,2.760417
1984-06-08,2.721354
1984-06-11,2.671875
1984-06-12,2.671875
1984-06-13,2.682292
1984-06-14,2.609375
1984-06-15,2.585938
1984-06-18,2.625000
1984-06-19,2.604167
1984-06-20,2.679688
1984-06-21,2.692708
1984-06-22,2.700521
1984-06-25,2.721354
1984-06-26,2.677083
1984-06-27,2.666667
1984-06-28,2.703125
1984-06-29,2.682292
1984-07-02,2.687500
1984-07-03,2.666667
1984-07-05,2.640625
1984-07-06,2.617188
1984-07-09,2.614583
1984-07-10,2.578125
1984-07-11,2.554688
1984-07-12,2.479167
1984-07-13,2.471354
1984-07-16,2.458333
1984-07-17,2.453125
1984-07-18,2.484375
1984-07-19,2.486979
1984-07-20,2.463542
1984-07-23,2.445313
1984-07-24,2.398438
1984-07-25,2.401042
1984-07-26,2.453125
1984-07-27,2.539063
1984-07-30,2.458333
1984-07-31,2.466146
1984-08-01,2.559896
1984-08-02,2.643229
1984-08-03,2.833333
1984-08-06,2.822917
1984-08-07,2.820313
1984-08-08,2.838542
1984-08-09,2.890625
1984-08-10,2.916667
1984-08-13,2.953125
1984-08-14,2.903646
1984-08-15,2.932292
1984-08-16,2.950521
1984-08-17,2.937500
1984-08-20,2.968750
1984-08-21,3.036458
1984-08-22,3.010417
1984-08-23,3.041667
1984-08-24,3.031250
1984-08-27,2.981771
1984-08-28,3.018229
1984-08-29,3.020833
1984-08-30,3.015625
1984-08-31,3.007813
1984-09-04,2.992188
1984-09-05,2.986979
1984-09-06,3.002604
1984-09-07,2.927083
1984-09-10,2.947917
1984-09-11,2.812500
1984-09-12,2.671875
1984-09-13,2.744792
1984-09-14,2.817708
1984-09-17,2.833333
1984-09-18,2.770833
1984-09-19,2.656250
1984-09-20,2.708333
1984-09-21,2.708333
1984-09-24,2.703125
1984-09-25,2.697917
1984-09-26,2.598958
1984-09-27,2.598958
1984-09-28,2.598958
1984-10-01,2.591146
1984-10-02,2.583333
1984-10-03,2.583333
1984-10-04,2.588542
1984-10-05,2.567708
1984-10-08,2.596354
1984-10-09,2.609375
1984-10-10,2.695313
1984-10-11,2.640625
1984-10-12,2.645833
1984-10-15,2.695313
1984-10-16,2.695313
1984-10-17,2.687500
1984-10-18,2.716146
1984-10-19,2.734375
1984-10-22,2.744792
1984-10-23,2.765625
1984-10-24,2.739583
1984-10-25,2.638021
1984-10-26,2.583333
1984-10-29,2.609375
1984-10-30,2.630208
1984-10-31,2.611979
1984-11-01,2.562500
1984-11-02,2.541667
1984-11-05,2.580729
1984-11-06,2.614583
1984-11-07,2.588542
1984-11-08,2.572917
1984-11-09,2.565104
1984-11-12,2.567708
1984-11-13,2.546875
1984-11-14,2.539063
1984-11-15,2.546875
1984-11-16,2.518229
1984-11-19,2.528646
1984-11-20,2.526042
1984-11-21,2.513021
1984-11-23,2.552083
1984-11-26,2.552083
1984-11-27,2.500000
1984-11-28,2.466146
1984-11-29,2.460938
1984-11-30,2.460938
1984-12-03,2.476563
1984-12-04,2.466146
1984-12-05,2.455729
1984-12-06,2.489583
1984-12-07,2.471354
1984-12-10,2.361979
1984-12-11,2.369792
1984-12-12,2.369792
1984-12-13,2.333333
1984-12-14,2.348958
1984-12-17,2.359375
1984-12-18,2.463542
1984-12-19,2.450521
1984-12-20,2.432292
1984-12-21,2.416667
1984-12-24,2.445313
1984-12-26,2.445313
1984-12-27,2.442708
1984-12-28,2.463542
1984-12-31,2.489583
1985-01-02,2.450521
1985-01-03,2.450521
1985-01-04,2.421875
1985-01-07,2.437500
1985-01-08,2.427083
1985-01-09,2.453125
1985-01-10,2.559896
1985-01-11,2.557292
1985-01-14,2.583333
1985-01-15,2.596354
1985-01-16,2.625000
1985-01-17,2.593750
1985-01-18,2.604167
1985-01-21,2.640625
1985-01-22,2.700521
1985-01-23,2.744792
1985-01-24,2.721354
1985-01-25,2.723958
1985-01-28,2.690104
1985-01-29,2.710938
1985-01-30,2.687500
1985-01-31,2.697917
1985-02-01,2.669271
1985-02-04,2.677083
1985-02-05,2.643229
1985-02-06,2.643229
1985-02-07,2.598958
1985-02-08,2.585938
1985-02-11,2.609375
1985-02-12,2.536458
1985-02-13,2.546875
1985-02-14,2.486979
1985-02-15,2.468750
1985-02-19,2.437500
1985-02-20,2.476563
1985-02-21,2.466146
1985-02-22,2.453125
1985-02-25,2.283854
1985-02-26,2.335938
1985-02-27,2.348958
1985-02-28,2.320313
1985-03-01,2.317708
1985-03-04,2.304688
1985-03-05,2.281250
1985-03-06,2.203125
1985-03-07,2.252604
1985-03-08,2.265625
1985-03-11,2.247396
1985-03-12,2.265625
1985-03-13,2.239583
1985-03-14,2.265625
1985-03-15,2.278646
1985-03-18,2.286458
1985-03-19,2.338542
1985-03-20,2.317708
1985-03-21,2.299479
1985-03-22,2.299479
1985-03-25,2.281250
1985-03-26,2.317708
1985-03-27,2.346354
1985-03-28,2.348958
1985-03-29,2.317708
1985-04-01,2.333333
1985-04-02,2.322917
1985-04-03,2.307292
1985-04-04,2.315104
1985-04-08,2.294271
1985-04-09,2.304688
1985-04-10,2.341146
1985-04-11,2.351563
1985-04-12,2.333333
1985-04-15,2.307292
1985-04-16,2.304688
1985-04-17,2.294271
1985-04-18,2.033854
1985-04-19,1.932292
1985-04-22,1.908854
1985-04-23,1.901042
1985-04-24,1.945313
1985-04-25,1.986979
1985-04-26,1.976563
1985-04-29,1.916667
1985-04-30,1.950521
1985-05-01,1.937500
1985-05-02,1.927083
1985-05-03,1.906250
1985-05-06,1.916667
1985-05-07,1.919271
1985-05-08,1.932292
1985-05-09,1.960938
1985-05-10,2.036458
1985-05-13,1.968750
1985-05-14,1.916667
1985-05-15,1.890625
1985-05-16,1.914063
1985-05-17,1.958333
1985-05-20,1.945313
1985-05-21,1.921875
1985-05-22,1.937500
1985-05-23,1.916667
1985-05-24,1.932292
1985-05-28,1.885417
1985-05-29,1.822917
1985-05-30,1.820313
1985-05-31,1.841146
1985-06-03,1.864583
1985-06-04,1.880208
1985-06-05,1.864583
1985-06-06,1.924479
1985-06-07,1.947917
1985-06-10,2.000000
1985-06-11,1.976563
1985-06-12,1.942708
1985-06-13,1.929688
1985-06-14,1.971354
1985-06-17,1.984375
1985-06-18,1.994792
1985-06-19,2.057292
1985-06-20,2.052083
1985-06-21,2.083333
1985-06-24,2.044271
1985-06-25,2.044271
1985-06-26,2.015625
1985-06-27,2.020833
1985-06-28,1.992188
1985-07-01,2.062500
1985-07-02,2.052083
1985-07-03,2.044271
1985-07-05,2.054688
1985-07-08,2.013021
1985-07-09,2.028646
1985-07-10,2.054688
1985-07-11,2.057292
1985-07-12,2.072917
1985-07-15,1.994792
1985-07-16,2.078125
1985-07-17,2.080729
1985-07-18,2.083333
1985-07-19,2.091146
1985-07-22,2.182292
1985-07-23,2.208333
1985-07-24,2.197917
1985-07-25,2.210938
1985-07-26,2.200521
1985-07-29,2.135417
1985-07-30,2.171875
1985-07-31,2.182292
1985-08-01,2.179688
1985-08-02,2.145833
1985-08-05,2.130208
1985-08-06,2.109375
1985-08-07,2.083333
1985-08-08,2.070313
1985-08-09,2.062500
1985-08-12,2.044271
1985-08-13,2.036458
1985-08-14,2.054688
1985-08-15,2.057292
1985-08-16,2.046875
1985-08-19,2.033854
1985-08-20,2.031250
1985-08-21,2.015625
1985-08-22,1.984375
1985-08-23,1.958333
1985-08-26,1.997396
1985-08-27,2.010417
1985-08-28,2.015625
1985-08-29,2.026042
1985-08-30,1.989583
1985-09-03,1.984375
1985-09-04,1.968750
1985-09-05,1.953125
1985-09-06,1.950521
1985-09-09,1.942708
1985-09-10,1.947917
1985-09-11,1.953125
1985-09-12,1.963542
1985-09-13,1.950521
1985-09-16,1.947917
1985-09-17,1.953125
1985-09-18,1.976563
1985-09-19,1.973958
1985-09-20,1.968750
1985-09-23,2.007813
1985-09-24,1.979167
1985-09-25,1.937500
1985-09-26,1.927083
1985-09-30,1.906250
1985-10-01,1.921875
1985-10-02,1.942708
1985-10-03,1.955729
1985-10-04,1.934896
1985-10-07,1.927083
1985-10-08,1.885417
1985-10-09,1.841146
1985-10-10,1.861979
1985-10-11,1.875000
1985-10-14,1.958333
1985-10-15,1.958333
1985-10-16,1.971354
1985-10-17,1.963542
1985-10-18,1.960938
1985-10-21,1.924479
1985-10-22,1.932292
1985-10-23,1.968750
1985-10-24,1.968750
1985-10-25,1.929688
1985-10-28,1.885417
1985-10-29,1.908854
1985-10-30,1.906250
1985-10-31,1.882813
1985-11-01,1.875000
1985-11-04,1.856771
1985-11-05,1.880208
1985-11-06,1.973958
1985-11-07,1.955729
1985-11-08,1.992188
1985-11-11,2.052083
1985-11-12,2.005208
1985-11-13,1.986979
1985-11-14,2.046875
1985-11-15,2.072917
1985-11-18,2.080729
1985-11-19,2.179688
1985-11-20,2.140625
1985-11-21,2.156250
1985-11-22,2.169271
1985-11-25,2.132813
1985-11-26,2.125000
1985-11-27,2.138021
1985-11-29,2.135417
1985-12-02,2.114583
1985-12-03,2.132813
1985-12-04,2.203125
1985-12-05,2.203125
1985-12-06,2.197917
1985-12-09,2.229167
1985-12-10,2.231771
1985-12-11,2.187500
1985-12-12,2.179688
1985-12-13,2.218750
1985-12-16,2.229167
1985-12-17,2.148438
1985-12-18,2.174479
1985-12-19,2.223958
1985-12-20,2.203125
1985-12-23,2.177083
1985-12-24,2.187500
1985-12-26,2.187500
1985-12-27,2.208333
1985-12-30,2.213542
1985-12-31,2.197917
1986-01-02,2.200521
1986-01-03,2.221354
1986-01-06,2.252604
1986-01-07,2.242188
1986-01-08,2.166667
1986-01-09,2.177083
1986-01-10,2.156250
1986-01-13,2.145833
1986-01-14,2.190104
1986-01-15,2.252604
1986-01-16,2.273438
1986-01-17,2.294271
1986-01-20,2.304688
1986-01-21,2.250000
1986-01-22,2.218750
1986-01-23,2.229167
1986-01-24,2.234375
1986-01-27,2.187500
1986-01-28,2.218750
1986-01-29,2.250000
1986-01-30,2.250000
1986-01-31,2.286458
1986-02-03,2.286458
1986-02-04,2.302083
1986-02-05,2.390625
1986-02-06,2.450521
1986-02-07,2.546875
1986-02-10,2.500000
1986-02-11,2.507813
1986-02-12,2.494792
1986-02-13,2.541667
1986-02-14,2.588542
1986-02-18,2.622396
1986-02-19,2.598958
1986-02-20,2.585938
1986-02-21,2.604167
1986-02-24,2.640625
1986-02-25,2.648438
1986-02-26,2.643229
1986-02-27,2.666667
1986-02-28,2.656250
1986-03-03,2.604167
1986-03-04,2.515625
1986-03-05,2.528646
1986-03-06,2.557292
1986-03-07,2.536458
1986-03-10,2.549479
1986-03-11,2.630208
1986-03-12,2.630208
1986-03-13,2.651042
1986-03-14,2.674479
1986-03-17,2.656250
1986-03-18,2.648438
1986-03-19,2.658854
1986-03-20,2.697917
1986-03-21,2.583333
1986-03-24,2.598958
1986-03-25,2.552083
1986-03-26,2.520833
1986-03-27,2.541667
1986-03-31,2.466146
1986-04-01,2.401042
1986-04-02,2.416667
1986-04-03,2.479167
1986-04-04,2.479167
1986-04-07,2.484375
1986-04-08,2.575521
1986-04-09,2.507813
1986-04-10,2.619792
1986-04-11,2.619792
1986-04-14,2.638021
1986-04-15,2.601563
1986-04-16,2.671875
1986-04-17,2.729167
1986-04-18,2.822917
1986-04-21,2.835938
1986-04-22,2.890625
1986-04-23,2.932292
1986-04-24,3.020833
1986-04-25,3.052083
1986-04-28,3.054688
1986-04-29,2.986979
1986-04-30,2.895833
1986-05-01,2.867188
1986-05-02,2.825521
1986-05-05,2.838542
1986-05-06,2.916667
1986-05-07,2.848958
1986-05-08,2.817708
1986-05-09,2.854167
1986-05-12,2.927083
1986-05-13,2.888021
1986-05-14,2.843750
1986-05-15,2.768229
1986-05-16,2.718750
1986-05-19,2.783854
1986-05-20,2.838542
1986-05-21,2.846354
1986-05-22,2.854167
1986-05-23,2.760417
1986-05-27,2.791667
1986-05-28,2.804688
1986-05-29,2.895833
1986-05-30,2.885417
1986-06-02,2.875000
1986-06-03,2.846354
1986-06-04,2.822917
1986-06-05,2.843750
1986-06-06,2.736979
1986-06-09,2.604167
1986-06-10,2.627604
1986-06-11,2.697917
1986-06-12,2.692708
1986-06-13,2.708333
1986-06-16,2.656250
1986-06-17,2.552083
1986-06-18,2.489583
1986-06-19,2.500000
1986-06-20,2.562500
1986-06-23,2.552083
1986-06-24,2.572917
1986-06-25,2.520833
1986-06-26,2.442708
1986-06-27,2.481771
1986-06-30,2.486979
1986-07-01,2.494792
1986-07-02,2.486979
1986-07-03,2.502604
1986-07-07,2.466146
1986-07-08,2.458333
1986-07-09,2.497396
1986-07-10,2.473958
1986-07-11,2.453125
1986-07-14,2.359375
1986-07-15,2.348958
1986-07-16,2.307292
1986-07-17,2.309896
1986-07-18,2.286458
1986-07-21,2.239583
1986-07-22,2.179688
1986-07-23,2.179688
1986-07-24,2.151042
1986-07-25,2.268229
1986-07-28,2.289063
1986-07-29,2.210938
1986-07-30,2.270833
1986-07-31,2.286458
1986-08-01,2.283854
1986-08-04,2.270833
1986-08-05,2.221354
1986-08-06,2.158854
1986-08-07,2.203125
1986-08-08,2.291667
1986-08-11,2.341146
1986-08-12,2.359375
1986-08-13,2.408854
1986-08-14,2.403646
1986-08-15,2.416667
1986-08-18,2.390625
1986-08-19,2.390625
1986-08-20,2.447917
1986-08-21,2.440104
1986-08-22,2.479167
1986-08-25,2.455729
1986-08-26,2.479167
1986-08-27,2.486979
1986-08-28,2.520833
1986-08-29,2.531250
1986-09-02,2.520833
1986-09-03,2.539063
1986-09-04,2.549479
1986-09-05,2.541667
1986-09-08,2.520833
1986-09-09,2.533854
1986-09-10,2.494792
1986-09-11,2.429688
1986-09-12,2.359375
1986-09-15,2.356771
1986-09-16,2.328125
1986-09-17,2.380208
1986-09-18,2.440104
1986-09-19,2.432292
1986-09-22,2.434896
1986-09-23,2.395833
1986-09-24,2.364583
1986-09-25,2.364583
1986-09-26,2.343750
1986-09-29,2.317708
1986-09-30,2.296875
1986-10-01,2.270833
1986-10-02,2.252604
1986-10-03,2.302083
1986-10-06,2.341146
1986-10-07,2.312500
1986-10-08,2.328125
1986-10-09,2.335938
1986-10-10,2.338542
1986-10-13,2.348958
1986-10-14,2.338542
1986-10-15,2.333333
1986-10-16,2.346354
1986-10-17,2.289063
1986-10-20,2.231771
1986-10-21,2.247396
1986-10-22,2.255208
1986-10-23,2.346354
1986-10-24,2.364583
1986-10-27,2.317708
1986-10-28,2.286458
1986-10-29,2.296875
1986-10-30,2.312500
1986-10-31,2.304688
1986-11-03,2.372396
1986-11-04,2.429688
1986-11-05,2.429688
1986-11-06,2.432292
1986-11-07,2.434896
1986-11-10,2.450521
1986-11-11,2.437500
1986-11-12,2.416667
1986-11-13,2.401042
1986-11-14,2.395833
1986-11-17,2.385417
1986-11-18,2.346354
1986-11-19,2.401042
1986-11-20,2.427083
1986-11-21,2.447917
1986-11-24,2.500000
1986-11-25,2.476563
1986-11-26,2.484375
1986-11-28,2.489583
1986-12-01,2.593750
1986-12-02,2.585938
1986-12-03,2.567708
1986-12-04,2.549479
1986-12-05,2.526042
1986-12-08,2.572917
1986-12-09,2.588542
1986-12-10,2.570313
1986-12-11,2.552083
1986-12-12,2.541667
1986-12-15,2.554688
1986-12-16,2.523438
1986-12-17,2.502604
1986-12-18,2.494792
1986-12-19,2.531250
1986-12-22,2.513021
1986-12-23,2.479167
1986-12-24,2.473958
1986-12-26,2.466146
1986-12-29,2.421875
1986-12-30,2.460938
1986-12-31,2.460938
1987-01-02,2.447917
1987-01-05,2.486979
1987-01-06,2.486979
1987-01-07,2.500000
1987-01-08,2.588542
1987-01-09,2.632813
1987-01-12,2.630208
1987-01-13,2.630208
1987-01-14,2.791667
1987-01-15,2.809896
1987-01-16,2.789063
1987-01-19,2.843750
1987-01-20,2.825521
1987-01-21,2.799479
1987-01-22,2.890625
1987-01-23,2.901042
1987-01-26,2.916667
1987-01-27,2.953125
1987-01-28,2.981771
1987-01-29,2.950521
1987-01-30,2.955729
1987-02-02,3.046875
1987-02-03,3.164063
1987-02-04,3.239583
1987-02-05,3.320313
1987-02-06,3.309896
1987-02-09,3.302083
1987-02-10,3.166667
1987-02-11,3.312500
1987-02-12,3.231771
1987-02-13,3.192708
1987-02-17,3.283854
1987-02-18,3.325521
1987-02-19,3.380208
1987-02-20,3.315104
1987-02-23,3.286458
1987-02-24,3.291667
1987-02-25,3.299479
1987-02-26,3.276042
1987-02-27,3.416667
1987-03-02,3.395833
1987-03-03,3.382813
1987-03-04,3.473958
1987-03-05,3.531250
1987-03-06,3.484375
1987-03-09,3.424479
1987-03-10,3.440104
1987-03-11,3.484375
1987-03-12,3.458333
1987-03-13,3.416667
1987-03-16,3.406250
1987-03-17,3.510417
1987-03-18,3.536458
1987-03-19,3.588542
1987-03-20,3.656250
1987-03-23,3.750000
1987-03-24,3.820313
1987-03-25,3.911458
1987-03-26,3.872396
1987-03-27,3.791667
1987-03-30,3.815104
1987-03-31,3.864583
1987-04-01,3.968750
1987-04-02,4.020833
1987-04-03,4.104167
1987-04-06,4.080729
1987-04-07,4.057292
1987-04-08,4.085938
1987-04-09,4.098958
1987-04-10,4.164063
1987-04-13,4.072917
1987-04-14,4.020833
1987-04-15,4.067708
1987-04-16,4.109375
1987-04-20,4.013021
1987-04-21,4.002604
1987-04-22,3.968750
1987-04-23,4.013021
1987-04-24,3.958333
1987-04-27,3.937500
1987-04-28,3.947917
1987-04-29,3.981771
1987-04-30,4.007813
1987-05-01,3.958333
1987-05-04,3.932292
1987-05-05,4.104167
1987-05-06,3.947917
1987-05-07,3.867188
1987-05-08,3.885417
1987-05-11,3.880208
1987-05-12,3.880208
1987-05-13,3.864583
1987-05-14,3.783854
1987-05-15,3.750000
1987-05-18,3.752604
1987-05-19,3.661458
1987-05-20,3.598958
1987-05-21,3.531250
1987-05-22,3.510417
1987-05-26,3.684896
1987-05-27,3.645833
1987-05-28,3.645833
1987-05-29,3.658854
1987-06-01,3.682292
1987-06-02,3.536458
1987-06-03,3.546875
1987-06-04,3.515625
1987-06-05,3.476563
1987-06-08,3.536458
1987-06-09,3.661458
1987-06-10,3.638021
1987-06-11,3.619792
1987-06-12,3.625000
1987-06-15,3.570313
1987-06-16,3.664063
1987-06-17,3.765625
1987-06-18,3.796875
1987-06-19,3.796875
1987-06-22,3.843750
1987-06-23,3.859375
1987-06-24,3.828125
1987-06-25,3.843750
1987-06-26,3.835938
1987-06-29,3.828125
1987-06-30,3.804688
1987-07-01,3.757813
1987-07-02,3.812500
1987-07-06,3.695313
1987-07-07,3.695313
1987-07-08,3.734375
1987-07-09,3.742188
1987-07-10,3.726563
1987-07-13,3.765625
1987-07-14,3.921875
1987-07-15,3.945313
1987-07-16,4.023438
1987-07-17,3.929688
1987-07-20,3.953125
1987-07-21,3.835938
1987-07-22,3.781250
1987-07-23,3.789063
1987-07-24,3.773438
1987-07-27,3.789063
1987-07-28,3.781250
1987-07-29,3.734375
1987-07-30,3.906250
1987-07-31,3.906250
1987-08-03,3.773438
1987-08-04,3.812500
1987-08-05,3.929688
1987-08-06,4.070313
1987-08-07,4.156250
1987-08-10,4.203125
1987-08-11,4.312500
1987-08-12,4.304688
1987-08-13,4.343750
1987-08-14,4.328125
1987-08-17,4.312500
1987-08-18,4.281250
1987-08-19,4.312500
1987-08-20,4.375000
1987-08-21,4.460938
1987-08-24,4.554688
1987-08-25,4.773438
1987-08-26,4.789063
1987-08-27,4.695313
1987-08-28,4.609375
1987-08-31,4.601563
1987-09-01,4.531250
1987-09-02,4.468750
1987-09-03,4.406250
1987-09-04,4.429688
1987-09-08,4.390625
1987-09-09,4.375000
1987-09-10,4.484375
1987-09-11,4.593750
1987-09-14,4.578125
1987-09-15,4.507813
1987-09-16,4.492188
1987-09-17,4.500000
1987-09-18,4.515625
1987-09-21,4.507813
1987-09-22,4.703125
1987-09-23,4.835938
1987-09-24,4.773438
1987-09-25,4.773438
1987-09-28,4.734375
1987-09-29,4.671875
1987-09-30,4.671875
1987-10-01,4.875000
1987-10-02,4.914063
1987-10-05,4.960938
1987-10-06,4.828125
1987-10-07,4.773438
1987-10-08,4.703125
1987-10-09,4.718750
1987-10-12,4.703125
1987-10-13,4.765625
1987-10-14,4.593750
1987-10-15,4.296875
1987-10-16,4.203125
1987-10-19,3.062500
1987-10-20,2.875000
1987-10-21,2.734375
1987-10-22,2.484375
1987-10-23,2.585938
1987-10-26,2.265625
1987-10-27,2.484375
1987-10-28,2.656250
1987-10-29,2.960938
1987-10-30,3.039063
1987-11-02,3.093750
1987-11-03,3.000000
1987-11-04,3.109375
1987-11-05,3.187500
1987-11-06,2.812500
1987-11-09,2.734375
1987-11-10,2.523438
1987-11-11,2.562500
1987-11-12,2.703125
1987-11-13,2.710938
1987-11-16,2.687500
1987-11-17,2.578125
1987-11-18,2.585938
1987-11-19,2.468750
1987-11-20,2.546875
1987-11-23,2.671875
1987-11-24,2.804688
1987-11-25,2.718750
1987-11-27,2.617188
1987-11-30,2.625000
1987-12-01,2.601563
1987-12-02,2.617188
1987-12-03,2.546875
1987-12-04,2.578125
1987-12-07,2.664063
1987-12-08,2.773438
1987-12-09,2.875000
1987-12-10,2.851563
1987-12-11,2.875000
1987-12-14,3.031250
1987-12-15,3.000000
1987-12-16,3.078125
1987-12-17,3.085938
1987-12-18,3.234375
1987-12-21,3.335938
1987-12-22,3.390625
1987-12-23,3.500000
1987-12-24,3.500000
1987-12-28,3.382813
1987-12-29,3.445313
1987-12-30,3.531250
1987-12-31,3.484375
1988-01-04,3.648438
1988-01-05,3.632813
1988-01-06,3.601563
1988-01-07,3.585938
1988-01-08,3.242188
1988-01-11,3.289063
1988-01-12,3.140625
1988-01-13,3.109375
1988-01-14,3.187500
1988-01-15,3.218750
1988-01-18,3.109375
1988-01-19,3.031250
1988-01-20,2.773438
1988-01-21,2.750000
1988-01-22,2.835938
1988-01-25,2.875000
1988-01-26,2.765625
1988-01-27,2.757813
1988-01-28,2.898438
1988-01-29,2.960938
1988-02-01,2.890625
1988-02-02,2.812500
1988-02-03,2.687500
1988-02-04,2.734375
1988-02-05,2.773438
1988-02-08,2.687500
1988-02-09,2.734375
1988-02-10,2.921875
1988-02-11,2.953125
1988-02-12,2.976563
1988-02-16,3.046875
1988-02-17,2.992188
1988-02-18,3.031250
1988-02-19,3.078125
1988-02-22,3.203125
1988-02-23,3.187500
1988-02-24,3.203125
1988-02-25,3.171875
1988-02-26,3.218750
1988-02-29,3.242188
1988-03-01,3.281250
1988-03-02,3.382813
1988-03-03,3.437500
1988-03-04,3.406250
1988-03-07,3.414063
1988-03-08,3.445313
1988-03-09,3.437500
1988-03-10,3.328125
1988-03-11,3.296875
1988-03-14,3.367188
1988-03-15,3.390625
1988-03-16,3.453125
1988-03-17,3.476563
1988-03-18,3.382813
1988-03-21,3.281250
1988-03-22,3.234375
1988-03-23,3.148438
1988-03-24,3.070313
1988-03-25,2.976563
1988-03-28,3.000000
1988-03-29,3.015625
1988-03-30,2.921875
1988-03-31,2.914063
1988-04-04,2.937500
1988-04-05,2.875000
1988-04-06,3.031250
1988-04-07,3.054688
1988-04-08,3.164063
1988-04-11,3.304688
1988-04-12,3.320313
1988-04-13,3.382813
1988-04-14,3.187500
1988-04-15,3.187500
1988-04-18,3.117188
1988-04-19,3.125000
1988-04-20,3.078125
1988-04-21,2.906250
1988-04-22,2.914063
1988-04-25,2.945313
1988-04-26,3.007813
1988-04-27,3.031250
1988-04-28,2.992188
1988-04-29,2.937500
1988-05-02,2.976563
1988-05-03,3.007813
1988-05-04,3.031250
1988-05-05,3.000000
1988-05-06,2.890625
1988-05-09,2.828125
1988-05-10,2.820313
1988-05-11,2.796875
1988-05-12,2.734375
1988-05-13,2.773438
1988-05-16,2.835938
1988-05-17,2.804688
1988-05-18,2.726563
1988-05-19,2.726563
1988-05-20,2.703125
1988-05-23,2.671875
1988-05-24,2.710938
1988-05-25,2.742188
1988-05-26,2.679688
1988-05-27,2.656250
1988-05-31,2.804688
1988-06-01,2.867188
1988-06-02,2.812500
1988-06-03,2.820313
1988-06-06,2.890625
1988-06-07,2.984375
1988-06-08,3.015625
1988-06-09,3.007813
1988-06-10,3.007813
1988-06-13,2.992188
1988-06-14,3.046875
1988-06-15,3.046875
1988-06-16,3.000000
1988-06-17,2.976563
1988-06-20,2.937500
1988-06-21,3.062500
1988-06-22,3.125000
1988-06-23,3.078125
1988-06-24,3.062500
1988-06-27,3.039063
1988-06-28,3.078125
1988-06-29,3.078125
1988-06-30,3.039063
1988-07-01,3.078125
1988-07-05,3.109375
1988-07-06,3.039063
1988-07-07,3.023438
1988-07-08,2.976563
1988-07-11,2.898438
1988-07-12,2.843750
1988-07-13,2.859375
1988-07-14,2.804688
1988-07-15,2.804688
1988-07-18,2.773438
1988-07-19,2.742188
1988-07-20,2.687500
1988-07-21,2.601563
1988-07-22,2.679688
1988-07-25,2.734375
1988-07-26,2.734375
1988-07-27,2.601563
1988-07-28,2.640625
1988-07-29,2.718750
1988-08-01,2.750000
1988-08-02,2.750000
1988-08-03,2.679688
1988-08-04,2.687500
1988-08-05,2.687500
1988-08-08,2.687500
1988-08-09,2.648438
1988-08-10,2.593750
1988-08-11,2.570313
1988-08-12,2.531250
1988-08-15,2.453125
1988-08-16,2.460938
1988-08-17,2.460938
1988-08-18,2.437500
1988-08-19,2.429688
1988-08-22,2.406250
1988-08-23,2.406250
1988-08-24,2.453125
1988-08-25,2.429688
1988-08-26,2.484375
1988-08-29,2.531250
1988-08-30,2.539063
1988-08-31,2.546875
1988-09-01,2.460938
1988-09-02,2.531250
1988-09-06,2.492188
1988-09-07,2.421875
1988-09-08,2.453125
1988-09-09,2.546875
1988-09-12,2.523438
1988-09-13,2.515625
1988-09-14,2.515625
1988-09-15,2.484375
1988-09-16,2.523438
1988-09-19,2.531250
1988-09-20,2.515625
1988-09-21,2.531250
1988-09-22,2.578125
1988-09-23,2.625000
1988-09-26,2.601563
1988-09-27,2.578125
1988-09-28,2.578125
1988-09-29,2.601563
1988-09-30,2.585938
1988-10-03,2.554688
1988-10-04,2.476563
1988-10-05,2.445313
1988-10-06,2.476563
1988-10-07,2.437500
1988-10-10,2.476563
1988-10-11,2.531250
1988-10-12,2.468750
1988-10-13,2.484375
1988-10-14,2.476563
1988-10-17,2.531250
1988-10-18,2.585938
1988-10-19,2.570313
1988-10-20,2.625000
1988-10-21,2.539063
1988-10-24,2.484375
1988-10-25,2.453125
1988-10-26,2.414063
1988-10-27,2.335938
1988-10-28,2.382813
1988-10-31,2.398438
1988-11-01,2.406250
1988-11-02,2.375000
1988-11-03,2.375000
1988-11-04,2.359375
1988-11-07,2.320313
1988-11-08,2.328125
1988-11-09,2.335938
1988-11-10,2.296875
1988-11-11,2.281250
1988-11-14,2.242188
1988-11-15,2.257813
1988-11-16,2.218750
1988-11-17,2.210938
1988-11-18,2.242188
1988-11-21,2.179688
1988-11-22,2.218750
1988-11-23,2.250000
1988-11-25,2.210938
1988-11-28,2.203125
1988-11-29,2.218750
1988-11-30,2.210938
1988-12-01,2.265625
1988-12-02,2.335938
1988-12-05,2.390625
1988-12-06,2.343750
1988-12-07,2.382813
1988-12-08,2.359375
1988-12-09,2.375000
1988-12-12,2.359375
1988-12-13,2.359375
1988-12-14,2.351563
1988-12-15,2.429688
1988-12-16,2.484375
1988-12-19,2.539063
1988-12-20,2.515625
1988-12-21,2.500000
1988-12-22,2.484375
1988-12-23,2.484375
1988-12-27,2.500000
1988-12-28,2.500000
1988-12-29,2.554688
1988-12-30,2.562500
1989-01-03,2.562500
1989-01-04,2.625000
1989-01-05,2.640625
1989-01-06,2.609375
1989-01-09,2.640625
1989-01-10,2.601563
1989-01-11,2.585938
1989-01-12,2.609375
1989-01-13,2.601563
1989-01-16,2.593750
1989-01-17,2.554688
1989-01-18,2.617188
1989-01-19,2.625000
1989-01-20,2.593750
1989-01-23,2.625000
1989-01-24,2.640625
1989-01-25,2.679688
1989-01-26,2.765625
1989-01-27,2.687500
1989-01-30,2.703125
1989-01-31,2.742188
1989-02-01,2.695313
1989-02-02,2.656250
1989-02-03,2.703125
1989-02-06,2.664063
1989-02-07,2.710938
1989-02-08,2.695313
1989-02-09,2.656250
1989-02-10,2.601563
1989-02-13,2.570313
1989-02-14,2.578125
1989-02-15,2.632813
1989-02-16,2.640625
1989-02-17,2.656250
1989-02-21,2.648438
1989-02-22,2.570313
1989-02-23,2.523438
1989-02-24,2.515625
1989-02-27,2.492188
1989-02-28,2.500000
1989-03-01,2.500000
1989-03-02,2.468750
1989-03-03,2.468750
1989-03-06,2.445313
1989-03-07,2.445313
1989-03-08,2.453125
1989-03-09,2.484375
1989-03-10,2.468750
1989-03-13,2.460938
1989-03-14,2.421875
1989-03-15,2.398438
1989-03-16,2.390625
1989-03-17,2.359375
1989-03-20,2.367188
1989-03-21,2.375000
1989-03-22,2.343750
1989-03-23,2.343750
1989-03-27,2.351563
1989-03-28,2.382813
1989-03-29,2.390625
1989-03-30,2.398438
1989-03-31,2.476563
1989-04-03,2.492188
1989-04-04,2.460938
1989-04-05,2.429688
1989-04-06,2.382813
1989-04-07,2.429688
1989-04-10,2.398438
1989-04-11,2.484375
1989-04-12,2.500000
1989-04-13,2.523438
1989-04-14,2.531250
1989-04-17,2.523438
1989-04-18,2.554688
1989-04-19,2.578125
1989-04-20,2.523438
1989-04-21,2.515625
1989-04-24,2.507813
1989-04-25,2.476563
1989-04-26,2.492188
1989-04-27,2.507813
1989-04-28,2.492188
1989-05-01,2.507813
1989-05-02,2.515625
1989-05-03,2.492188
1989-05-04,2.523438
1989-05-05,2.531250
1989-05-08,2.515625
1989-05-09,2.476563
1989-05-10,2.468750
1989-05-11,2.468750
1989-05-12,2.515625
1989-05-15,2.601563
1989-05-16,2.656250
1989-05-17,2.726563
1989-05-18,2.781250
1989-05-19,2.750000
1989-05-22,2.710938
1989-05-23,2.742188
1989-05-24,2.734375
1989-05-25,2.726563
1989-05-26,2.789063
1989-05-30,2.765625
1989-05-31,2.781250
1989-06-01,2.859375
1989-06-02,2.867188
1989-06-05,2.695313
1989-06-06,2.742188
1989-06-07,2.687500
1989-06-08,2.726563
1989-06-09,2.703125
1989-06-12,2.687500
1989-06-13,2.640625
1989-06-14,2.617188
1989-06-15,2.609375
1989-06-16,2.648438
1989-06-19,2.640625
1989-06-20,2.562500
1989-06-21,2.554688
1989-06-22,2.617188
1989-06-23,2.656250
1989-06-26,2.601563
1989-06-27,2.539063
1989-06-28,2.523438
1989-06-29,2.484375
1989-06-30,2.445313
1989-07-03,2.460938
1989-07-05,2.445313
1989-07-06,2.460938
1989-07-07,2.476563
1989-07-10,2.539063
1989-07-11,2.539063
1989-07-12,2.539063
1989-07-13,2.539063
1989-07-14,2.539063
1989-07-17,2.531250
1989-07-18,2.507813
1989-07-19,2.468750
1989-07-20,2.406250
1989-07-21,2.375000
1989-07-24,2.359375
1989-07-25,2.382813
1989-07-26,2.437500
1989-07-27,2.476563
1989-07-28,2.453125
1989-07-31,2.460938
1989-08-01,2.445313
1989-08-02,2.476563
1989-08-03,2.445313
1989-08-04,2.539063
1989-08-07,2.609375
1989-08-08,2.609375
1989-08-09,2.539063
1989-08-10,2.492188
1989-08-11,2.453125
1989-08-14,2.398438
1989-08-15,2.414063
1989-08-16,2.398438
1989-08-17,2.390625
1989-08-18,2.414063
1989-08-21,2.343750
1989-08-22,2.414063
1989-08-23,2.429688
1989-08-24,2.468750
1989-08-25,2.476563
1989-08-28,2.460938
1989-08-29,2.445313
1989-08-30,2.492188
1989-08-31,2.500000
1989-09-01,2.539063
1989-09-05,2.507813
1989-09-06,2.468750
1989-09-07,2.453125
1989-09-08,2.476563
1989-09-11,2.515625
1989-09-12,2.570313
1989-09-13,2.507813
1989-09-14,2.492188
1989-09-15,2.531250
1989-09-18,2.507813
1989-09-19,2.500000
1989-09-20,2.492188
1989-09-21,2.460938
1989-09-22,2.414063
1989-09-25,2.406250
1989-09-26,2.414063
1989-09-27,2.398438
1989-09-28,2.406250
1989-09-29,2.406250
1989-10-02,2.421875
1989-10-03,2.429688
1989-10-04,2.398438
1989-10-05,2.414063
1989-10-06,2.367188
1989-10-09,2.421875
1989-10-10,2.421875
1989-10-11,2.375000
1989-10-12,2.351563
1989-10-13,2.164063
1989-10-16,2.218750
1989-10-17,2.187500
1989-10-18,2.195313
1989-10-19,2.226563
1989-10-20,2.195313
1989-10-23,2.062500
1989-10-24,2.039063
1989-10-25,2.031250
1989-10-26,1.968750
1989-10-27,1.914063
1989-10-30,1.945313
1989-10-31,1.992188
1989-11-01,2.007813
1989-11-02,1.984375
1989-11-03,1.953125
1989-11-06,1.882813
1989-11-07,1.875000
1989-11-08,1.914063
1989-11-09,1.867188
1989-11-10,1.882813
1989-11-13,1.835938
1989-11-14,1.875000
1989-11-15,1.859375
1989-11-16,1.875000
1989-11-17,1.929688
1989-11-20,1.843750
1989-11-21,1.984375
1989-11-22,2.281250
1989-11-24,2.367188
1989-11-27,2.343750
1989-11-28,2.281250
1989-11-29,2.250000
1989-11-30,2.265625
1989-12-01,2.250000
1989-12-04,2.265625
1989-12-05,2.265625
1989-12-06,2.257813
1989-12-07,2.257813
1989-12-08,2.265625
1989-12-11,2.289063
1989-12-12,2.289063
1989-12-13,2.242188
1989-12-14,2.203125
1989-12-15,2.187500
1989-12-18,2.148438
1989-12-19,2.203125
1989-12-20,2.195313
1989-12-21,2.195313
1989-12-22,2.218750
1989-12-26,2.250000
1989-12-27,2.250000
1989-12-28,2.218750
1989-12-29,2.242188
1990-01-02,2.367188
1990-01-03,2.312500
1990-01-04,2.234375
1990-01-05,2.203125
1990-01-08,2.234375
1990-01-09,2.281250
1990-01-10,2.257813
1990-01-11,2.242188
1990-01-12,2.203125
1990-01-15,2.187500
1990-01-16,2.257813
1990-01-17,2.226563
1990-01-18,2.179688
1990-01-19,2.164063
1990-01-22,2.093750
1990-01-23,2.085938
1990-01-24,2.070313
1990-01-25,2.078125
1990-01-26,1.968750
1990-01-29,1.953125
1990-01-30,2.039063
1990-01-31,2.085938
1990-02-01,2.062500
1990-02-02,2.062500
1990-02-05,2.101563
1990-02-06,2.093750
1990-02-07,2.156250
1990-02-08,2.164063
1990-02-09,2.164063
1990-02-12,2.132813
1990-02-13,2.101563
1990-02-14,2.085938
1990-02-15,2.062500
1990-02-16,2.054688
1990-02-20,1.992188
1990-02-21,2.015625
1990-02-22,2.039063
1990-02-23,2.031250
1990-02-26,2.140625
1990-02-27,2.203125
1990-02-28,2.203125
1990-03-01,2.226563
1990-03-02,2.281250
1990-03-05,2.281250
1990-03-06,2.304688
1990-03-07,2.250000
1990-03-08,2.281250
1990-03-09,2.312500
1990-03-12,2.281250
1990-03-13,2.265625
1990-03-14,2.242188
1990-03-15,2.281250
1990-03-16,2.343750
1990-03-19,2.343750
1990-03-20,2.359375
1990-03-21,2.312500
1990-03-22,2.250000
1990-03-23,2.265625
1990-03-26,2.343750
1990-03-27,2.343750
1990-03-28,2.335938
1990-03-29,2.289063
1990-03-30,2.265625
1990-04-02,2.281250
1990-04-03,2.273438
1990-04-04,2.250000
1990-04-05,2.257813
1990-04-06,2.234375
1990-04-09,2.210938
1990-04-10,2.343750
1990-04-11,2.335938
1990-04-12,2.375000
1990-04-16,2.359375
1990-04-17,2.351563
1990-04-18,2.273438
1990-04-19,2.218750
1990-04-20,2.195313
1990-04-23,2.156250
1990-04-24,2.132813
1990-04-25,2.156250
1990-04-26,2.164063
1990-04-27,2.140625
1990-04-30,2.125000
1990-05-01,2.109375
1990-05-02,2.156250
1990-05-03,2.171875
1990-05-04,2.218750
1990-05-07,2.281250
1990-05-08,2.257813
1990-05-09,2.226563
1990-05-10,2.304688
1990-05-11,2.328125
1990-05-14,2.351563
1990-05-15,2.492188
1990-05-16,2.539063
1990-05-17,2.562500
1990-05-18,2.546875
1990-05-21,2.562500
1990-05-22,2.578125
1990-05-23,2.710938
1990-05-24,2.703125
1990-05-25,2.656250
1990-05-29,2.687500
1990-05-30,2.648438
1990-05-31,2.625000
1990-06-01,2.593750
1990-06-04,2.640625
1990-06-05,2.640625
1990-06-06,2.578125
1990-06-07,2.562500
1990-06-08,2.460938
1990-06-11,2.523438
1990-06-12,2.531250
1990-06-13,2.492188
1990-06-14,2.460938
1990-06-15,2.453125
1990-06-18,2.390625
1990-06-19,2.421875
1990-06-20,2.468750
1990-06-21,2.453125
1990-06-22,2.453125
1990-06-25,2.421875
1990-06-26,2.367188
1990-06-27,2.437500
1990-06-28,2.468750
1990-06-29,2.476563
1990-07-02,2.468750
1990-07-03,2.453125
1990-07-05,2.429688
1990-07-06,2.421875
1990-07-09,2.453125
1990-07-10,2.429688
1990-07-11,2.445313
1990-07-12,2.507813
1990-07-13,2.500000
1990-07-16,2.500000
1990-07-17,2.468750
1990-07-18,2.429688
1990-07-19,2.429688
1990-07-20,2.070313
1990-07-23,2.101563
1990-07-24,2.101563
1990-07-25,2.078125
1990-07-26,2.046875
1990-07-27,2.046875
1990-07-30,2.031250
1990-07-31,2.000000
1990-08-01,1.976563
1990-08-02,1.929688
1990-08-03,1.921875
1990-08-06,1.804688
1990-08-07,1.781250
1990-08-08,1.812500
1990-08-09,1.796875
1990-08-10,1.757813
1990-08-13,1.804688
1990-08-14,1.812500
1990-08-15,1.843750
1990-08-16,1.796875
1990-08-17,1.734375
1990-08-20,1.742188
1990-08-21,1.718750
1990-08-22,1.687500
1990-08-23,1.656250
1990-08-24,1.703125
1990-08-27,1.742188
1990-08-28,1.695313
1990-08-29,1.742188
1990-08-30,1.726563
1990-08-31,1.734375
1990-09-04,1.734375
1990-09-05,1.710938
1990-09-06,1.640625
1990-09-07,1.640625
1990-09-10,1.601563
1990-09-11,1.820313
1990-09-12,1.781250
1990-09-13,1.703125
1990-09-14,1.765625
1990-09-17,1.804688
1990-09-18,1.804688
1990-09-19,1.789063
1990-09-20,1.734375
1990-09-21,1.664063
1990-09-24,1.632813
1990-09-25,1.718750
1990-09-26,1.664063
1990-09-27,1.671875
1990-09-28,1.757813
1990-10-01,1.718750
1990-10-02,1.687500
1990-10-03,1.671875
1990-10-04,1.664063
1990-10-05,1.640625
1990-10-08,1.664063
1990-10-09,1.578125
1990-10-10,1.515625
1990-10-11,1.484375
1990-10-12,1.500000
1990-10-15,1.515625
1990-10-16,1.484375
1990-10-17,1.523438
1990-10-18,1.593750
1990-10-19,1.570313
1990-10-22,1.625000
1990-10-23,1.593750
1990-10-24,1.554688
1990-10-25,1.546875
1990-10-26,1.507813
1990-10-29,1.460938
1990-10-30,1.500000
1990-10-31,1.500000
1990-11-01,1.507813
1990-11-02,1.625000
1990-11-05,1.617188
1990-11-06,1.601563
1990-11-07,1.609375
1990-11-08,1.593750
1990-11-09,1.609375
1990-11-12,1.718750
1990-11-13,1.718750
1990-11-14,1.734375
1990-11-15,1.671875
1990-11-16,1.687500
1990-11-19,1.726563
1990-11-20,1.703125
1990-11-21,1.828125
1990-11-23,1.867188
1990-11-26,1.898438
1990-11-27,1.929688
1990-11-28,1.992188
1990-11-29,1.984375
1990-11-30,1.976563
1990-12-03,1.992188
1990-12-04,2.148438
1990-12-05,2.265625
1990-12-06,2.179688
1990-12-07,2.117188
1990-12-10,2.140625
1990-12-11,2.171875
1990-12-12,2.250000
1990-12-13,2.250000
1990-12-14,2.187500
1990-12-17,2.179688
1990-12-18,2.226563
1990-12-19,2.257813
1990-12-20,2.343750
1990-12-21,2.414063
1990-12-24,2.343750
1990-12-26,2.406250
1990-12-27,2.453125
1990-12-28,2.437500
1990-12-31,2.375000
1991-01-02,2.328125
1991-01-03,2.312500
1991-01-04,2.312500
1991-01-07,2.335938
1991-01-08,2.382813
1991-01-09,2.421875
1991-01-10,2.460938
1991-01-11,2.398438
1991-01-14,2.367188
1991-01-15,2.437500
1991-01-16,2.531250
1991-01-17,2.515625
1991-01-18,2.468750
1991-01-21,2.492188
1991-01-22,2.421875
1991-01-23,2.382813
1991-01-24,2.351563
1991-01-25,2.164063
1991-01-28,2.125000
1991-01-29,2.140625
1991-01-30,2.273438
1991-01-31,2.335938
1991-02-01,2.273438
1991-02-04,2.375000
1991-02-05,2.437500
1991-02-06,2.468750
1991-02-07,2.515625
1991-02-08,2.609375
1991-02-11,2.687500
1991-02-12,2.671875
1991-02-13,2.625000
1991-02-14,2.546875
1991-02-15,2.531250
1991-02-19,2.539063
1991-02-20,2.687500
1991-02-21,2.625000
1991-02-22,2.625000
1991-02-25,2.585938
1991-02-26,2.570313
1991-02-27,2.554688
1991-02-28,2.593750
1991-03-01,2.546875
1991-03-04,2.546875
1991-03-05,2.617188
1991-03-06,2.679688
1991-03-07,2.859375
1991-03-08,2.773438
1991-03-11,2.679688
1991-03-12,2.562500
1991-03-13,2.617188
1991-03-14,2.648438
1991-03-15,2.609375
1991-03-18,2.570313
1991-03-19,2.492188
1991-03-20,2.492188
1991-03-21,2.390625
1991-03-22,2.343750
1991-03-25,2.367188
1991-03-26,2.468750
1991-03-27,2.500000
1991-03-28,2.492188
1991-04-01,2.515625
1991-04-02,2.515625
1991-04-03,2.640625
1991-04-04,2.664063
1991-04-05,2.609375
1991-04-08,2.632813
1991-04-09,2.625000
1991-04-10,2.617188
1991-04-11,2.671875
1991-04-12,2.867188
1991-04-15,2.843750
1991-04-16,2.828125
1991-04-17,2.906250
1991-04-18,2.812500
1991-04-19,2.664063
1991-04-22,2.664063
1991-04-23,2.617188
1991-04-24,2.609375
1991-04-25,2.625000
1991-04-26,2.578125
1991-04-29,2.546875
1991-04-30,2.515625
1991-05-01,2.453125
1991-05-02,2.484375
1991-05-03,2.421875
1991-05-06,2.445313
1991-05-07,2.437500
1991-05-08,2.492188
1991-05-09,2.523438
1991-05-10,2.507813
1991-05-13,2.500000
1991-05-14,2.437500
1991-05-15,2.367188
1991-05-16,2.406250
1991-05-17,2.382813
1991-05-20,2.250000
1991-05-21,2.289063
1991-05-22,2.335938
1991-05-23,2.296875
1991-05-24,2.320313
1991-05-28,2.351563
1991-05-29,2.273438
1991-05-30,2.343750
1991-05-31,2.445313
1991-06-03,2.500000
1991-06-04,2.507813
1991-06-05,2.421875
1991-06-06,2.414063
1991-06-07,2.359375
1991-06-10,2.242188
1991-06-11,2.234375
1991-06-12,2.156250
1991-06-13,2.195313
1991-06-14,2.234375
1991-06-17,2.234375
1991-06-18,2.210938
1991-06-19,2.203125
1991-06-20,2.203125
1991-06-21,2.156250
1991-06-24,2.101563
1991-06-25,2.093750
1991-06-26,2.093750
1991-06-27,2.062500
1991-06-28,2.078125
1991-07-01,2.156250
1991-07-02,2.164063
1991-07-03,2.164063
1991-07-05,2.156250
1991-07-08,2.195313
1991-07-09,2.218750
1991-07-10,2.242188
1991-07-11,2.257813
1991-07-12,2.273438
1991-07-15,2.335938
1991-07-16,2.281250
1991-07-17,2.296875
1991-07-18,2.296875
1991-07-19,2.085938
1991-07-22,2.054688
1991-07-23,1.992188
1991-07-24,2.031250
1991-07-25,2.039063
1991-07-26,2.070313
1991-07-29,2.085938
1991-07-30,2.046875
1991-07-31,2.031250
1991-08-01,2.093750
1991-08-02,2.117188
1991-08-05,2.078125
1991-08-06,2.046875
1991-08-07,2.046875
1991-08-08,2.031250
1991-08-09,2.000000
1991-08-12,1.976563
1991-08-13,1.984375
1991-08-14,2.000000
1991-08-15,2.000000
1991-08-16,1.953125
1991-08-19,1.898438
1991-08-20,1.890625
1991-08-21,1.960938
1991-08-22,1.953125
1991-08-23,1.960938
1991-08-26,1.921875
1991-08-27,1.921875
1991-08-28,1.945313
1991-08-29,1.984375
1991-08-30,1.976563
1991-09-03,1.976563
1991-09-04,1.953125
1991-09-05,1.906250
1991-09-06,1.875000
1991-09-09,1.851563
1991-09-10,1.812500
1991-09-11,1.781250
1991-09-12,1.765625
1991-09-13,1.757813
1991-09-16,1.742188
1991-09-17,1.773438
1991-09-18,1.820313
1991-09-19,1.812500
1991-09-20,1.812500
1991-09-23,1.820313
1991-09-24,1.828125
1991-09-25,1.828125
1991-09-26,1.835938
1991-09-27,1.812500
1991-09-30,1.765625
1991-10-01,1.796875
1991-10-02,1.765625
1991-10-03,1.742188
1991-10-04,1.765625
1991-10-07,1.765625
1991-10-08,1.804688
1991-10-09,1.804688
1991-10-10,1.843750
1991-10-11,1.867188
1991-10-14,1.976563
1991-10-15,1.960938
1991-10-16,2.039063
1991-10-17,1.992188
1991-10-18,1.937500
1991-10-21,1.945313
1991-10-22,1.937500
1991-10-23,1.921875
1991-10-24,1.898438
1991-10-25,1.875000
1991-10-28,1.859375
1991-10-29,1.906250
1991-10-30,1.914063
1991-10-31,1.976563
1991-11-01,1.929688
1991-11-04,1.906250
1991-11-05,1.898438
1991-11-06,1.906250
1991-11-07,1.953125
1991-11-08,1.968750
1991-11-11,1.945313
1991-11-12,1.984375
1991-11-13,2.046875
1991-11-14,2.015625
1991-11-15,1.882813
1991-11-18,1.875000
1991-11-19,1.835938
1991-11-20,1.796875
1991-11-21,1.796875
1991-11-22,1.765625
1991-11-25,1.773438
1991-11-26,1.773438
1991-11-27,1.765625
1991-11-29,1.742188
1991-12-02,1.734375
1991-12-03,1.789063
1991-12-04,1.773438
1991-12-05,1.726563
1991-12-06,1.742188
1991-12-09,1.710938
1991-12-10,1.671875
1991-12-11,1.687500
1991-12-12,1.734375
1991-12-13,1.750000
1991-12-16,1.734375
1991-12-17,1.695313
1991-12-18,1.687500
1991-12-19,1.640625
1991-12-20,1.648438
1991-12-23,1.796875
1991-12-24,1.820313
1991-12-26,1.929688
1991-12-27,1.937500
1991-12-30,1.945313
1991-12-31,1.921875
1992-01-02,2.000000
1992-01-03,1.968750
1992-01-06,2.062500
1992-01-07,2.062500
1992-01-08,2.023438
1992-01-09,2.046875
1992-01-10,2.039063
1992-01-13,2.046875
1992-01-14,2.125000
1992-01-15,2.187500
1992-01-16,2.250000
1992-01-17,2.203125
1992-01-20,2.171875
1992-01-21,2.085938
1992-01-22,2.156250
1992-01-23,2.234375
1992-01-24,2.187500
1992-01-27,2.226563
1992-01-28,2.179688
1992-01-29,2.203125
1992-01-30,2.242188
1992-01-31,2.234375
1992-02-03,2.187500
1992-02-04,2.164063
1992-02-05,2.226563
1992-02-06,2.125000
1992-02-07,2.156250
1992-02-10,2.179688
1992-02-11,2.187500
1992-02-12,2.375000
1992-02-13,2.335938
1992-02-14,2.359375
1992-02-18,2.335938
1992-02-19,2.351563
1992-02-20,2.414063
1992-02-21,2.453125
1992-02-24,2.414063
1992-02-25,2.421875
1992-02-26,2.484375
1992-02-27,2.460938
1992-02-28,2.343750
1992-03-02,2.242188
1992-03-03,2.234375
1992-03-04,2.218750
1992-03-05,2.171875
1992-03-06,2.156250
1992-03-09,2.101563
1992-03-10,2.164063
1992-03-11,2.101563
1992-03-12,2.125000
1992-03-13,2.085938
1992-03-16,2.070313
1992-03-17,2.140625
1992-03-18,2.125000
1992-03-19,2.109375
1992-03-20,2.140625
1992-03-23,2.132813
1992-03-24,2.164063
1992-03-25,2.148438
1992-03-26,2.078125
1992-03-27,2.046875
1992-03-30,2.062500
1992-03-31,2.039063
1992-04-01,2.000000
1992-04-02,2.000000
1992-04-03,2.031250
1992-04-06,2.101563
1992-04-07,2.039063
1992-04-08,1.976563
1992-04-09,2.078125
1992-04-10,2.015625
1992-04-13,2.039063
1992-04-14,2.109375
1992-04-15,2.203125
1992-04-16,2.265625
1992-04-20,2.218750
1992-04-21,2.250000
1992-04-22,2.203125
1992-04-23,2.179688
1992-04-24,2.171875
1992-04-27,2.156250
1992-04-28,2.132813
1992-04-29,2.171875
1992-04-30,2.164063
1992-05-01,2.132813
1992-05-04,2.171875
1992-05-05,2.250000
1992-05-06,2.273438
1992-05-07,2.242188
1992-05-08,2.265625
1992-05-11,2.296875
1992-05-12,2.359375
1992-05-13,2.343750
1992-05-14,2.289063
1992-05-15,2.257813
1992-05-18,2.250000
1992-05-19,2.289063
1992-05-20,2.289063
1992-05-21,2.265625
1992-05-22,2.281250
1992-05-26,2.289063
1992-05-27,2.296875
1992-05-28,2.375000
1992-05-29,2.351563
1992-06-01,2.328125
1992-06-02,2.335938
1992-06-03,2.414063
1992-06-04,2.390625
1992-06-05,2.406250
1992-06-08,2.343750
1992-06-09,2.406250
1992-06-10,2.320313
1992-06-11,2.304688
1992-06-12,2.312500
1992-06-15,2.289063
1992-06-16,2.242188
1992-06-17,2.140625
1992-06-18,2.117188
1992-06-19,2.148438
1992-06-22,2.054688
1992-06-23,2.078125
1992-06-24,2.164063
1992-06-25,2.171875
1992-06-26,2.156250
1992-06-29,2.250000
1992-06-30,2.195313
1992-07-01,2.265625
1992-07-02,2.250000
1992-07-06,2.328125
1992-07-07,2.281250
1992-07-08,2.304688
1992-07-09,2.328125
1992-07-10,2.359375
1992-07-13,2.390625
1992-07-14,2.406250
1992-07-15,2.468750
1992-07-16,2.460938
1992-07-17,2.476563
1992-07-20,2.507813
1992-07-21,2.484375
1992-07-22,2.500000
1992-07-23,2.515625
1992-07-24,2.531250
1992-07-27,2.515625
1992-07-28,2.562500
1992-07-29,2.578125
1992-07-30,2.609375
1992-07-31,2.617188
1992-08-03,2.625000
1992-08-04,2.617188
1992-08-05,2.562500
1992-08-06,2.546875
1992-08-07,2.484375
1992-08-10,2.484375
1992-08-11,2.531250
1992-08-12,2.531250
1992-08-13,2.531250
1992-08-14,2.570313
1992-08-17,2.539063
1992-08-18,2.500000
1992-08-19,2.445313
1992-08-20,2.437500
1992-08-21,2.390625
1992-08-24,2.320313
1992-08-25,2.375000
1992-08-26,2.406250
1992-08-27,2.429688
1992-08-28,2.429688
1992-08-31,2.414063
1992-09-01,2.468750
1992-09-02,2.578125
1992-09-03,2.578125
1992-09-04,2.546875
1992-09-08,2.570313
1992-09-09,2.679688
1992-09-10,2.734375
1992-09-11,2.718750
1992-09-14,2.789063
1992-09-15,2.781250
1992-09-16,2.742188
1992-09-17,2.789063
1992-09-18,2.796875
1992-09-21,2.773438
1992-09-22,2.687500
1992-09-23,2.726563
1992-09-24,2.765625
1992-09-25,2.734375
1992-09-28,2.757813
1992-09-29,2.742188
1992-09-30,2.710938
1992-10-01,2.601563
1992-10-02,2.585938
1992-10-05,2.625000
1992-10-06,2.695313
1992-10-07,2.718750
1992-10-08,2.796875
1992-10-09,2.742188
1992-10-12,2.789063
1992-10-13,2.812500
1992-10-14,2.812500
1992-10-15,2.812500
1992-10-16,2.812500
1992-10-19,3.007813
1992-10-20,2.953125
1992-10-21,3.101563
1992-10-22,3.039063
1992-10-23,3.046875
1992-10-26,3.140625
1992-10-27,3.101563
1992-10-28,3.187500
1992-10-29,3.164063
1992-10-30,3.070313
1992-11-02,3.085938
1992-11-03,3.054688
1992-11-04,3.132813
1992-11-05,3.156250
1992-11-06,3.171875
1992-11-09,3.117188
1992-11-10,3.234375
1992-11-11,3.210938
1992-11-12,3.187500
1992-11-13,3.164063
1992-11-16,3.117188
1992-11-17,3.046875
1992-11-18,3.070313
1992-11-19,3.070313
1992-11-20,3.078125
1992-11-23,2.984375
1992-11-24,3.117188
1992-11-25,3.031250
1992-11-27,3.046875
1992-11-30,3.070313
1992-12-01,3.085938
1992-12-02,3.062500
1992-12-03,3.039063
1992-12-04,3.093750
1992-12-07,3.156250
1992-12-08,3.156250
1992-12-09,3.109375
1992-12-10,3.031250
1992-12-11,2.937500
1992-12-14,2.953125
1992-12-15,2.875000
1992-12-16,2.851563
1992-12-17,2.859375
1992-12-18,2.929688
1992-12-21,2.890625
1992-12-22,2.875000
1992-12-23,2.875000
1992-12-24,2.859375
1992-12-28,2.843750
1992-12-29,2.914063
1992-12-30,2.937500
1992-12-31,2.914063
1993-01-04,2.875000
1993-01-05,3.070313
1993-01-06,3.343750
1993-01-07,3.406250
1993-01-08,3.421875
1993-01-11,3.539063
1993-01-12,3.406250
1993-01-13,3.343750
1993-01-14,3.539063
1993-01-15,3.453125
1993-01-18,3.453125
1993-01-19,3.539063
1993-01-20,3.523438
1993-01-21,3.656250
1993-01-22,3.382813
1993-01-25,3.335938
1993-01-26,3.398438
1993-01-27,3.343750
1993-01-28,3.257813
1993-01-29,3.375000
1993-02-01,3.523438
1993-02-02,3.484375
1993-02-03,3.468750
1993-02-04,3.468750
1993-02-05,3.359375
1993-02-08,3.296875
1993-02-09,3.210938
1993-02-10,3.335938
1993-02-11,3.343750
1993-02-12,3.398438
1993-02-16,3.304688
1993-02-17,3.335938
1993-02-18,3.351563
1993-02-19,3.453125
1993-02-22,3.437500
1993-02-23,3.398438
1993-02-24,3.593750
1993-02-25,3.617188
1993-02-26,3.531250
1993-03-01,3.445313
1993-03-02,3.648438
1993-03-03,3.632813
1993-03-04,3.593750
1993-03-05,3.648438
1993-03-08,3.742188
1993-03-09,3.734375
1993-03-10,3.718750
1993-03-11,3.789063
1993-03-12,3.875000
1993-03-15,3.914063
1993-03-16,3.898438
1993-03-17,3.726563
1993-03-18,3.656250
1993-03-19,3.507813
1993-03-22,3.546875
1993-03-23,3.625000
1993-03-24,3.625000
1993-03-25,3.718750
1993-03-26,3.656250
1993-03-29,3.640625
1993-03-30,3.687500
1993-03-31,3.640625
1993-04-01,3.554688
1993-04-02,3.320313
1993-04-05,3.375000
1993-04-06,3.445313
1993-04-07,3.429688
1993-04-08,3.500000
1993-04-12,3.601563
1993-04-13,3.539063
1993-04-14,3.476563
1993-04-15,3.406250
1993-04-16,3.414063
1993-04-19,3.351563
1993-04-20,3.414063
1993-04-21,3.507813
1993-04-22,3.523438
1993-04-23,3.492188
1993-04-26,3.375000
1993-04-27,3.421875
1993-04-28,3.476563
1993-04-29,3.507813
1993-04-30,3.562500
1993-05-03,3.656250
1993-05-04,3.765625
1993-05-05,3.812500
1993-05-06,3.812500
1993-05-07,3.921875
1993-05-10,3.960938
1993-05-11,4.015625
1993-05-12,3.914063
1993-05-13,3.859375
1993-05-14,3.843750
1993-05-17,3.898438
1993-05-18,4.023438
1993-05-19,4.101563
1993-05-20,4.125000
1993-05-21,4.015625
1993-05-24,4.101563
1993-05-25,4.031250
1993-05-26,4.125000
1993-05-27,4.148438
1993-05-28,4.046875
1993-06-01,4.125000
1993-06-02,4.179688
1993-06-03,4.210938
1993-06-04,4.281250
1993-06-07,4.242188
1993-06-08,4.234375
1993-06-09,4.234375
1993-06-10,4.140625
1993-06-11,4.101563
1993-06-14,4.070313
1993-06-15,4.296875
1993-06-16,4.406250
1993-06-17,4.398438
1993-06-18,4.304688
1993-06-21,4.289063
1993-06-22,4.312500
1993-06-23,4.250000
1993-06-24,4.187500
1993-06-25,4.367188
1993-06-28,4.460938
1993-06-29,4.500000
1993-06-30,4.367188
1993-07-01,4.351563
1993-07-02,4.320313
1993-07-06,4.203125
1993-07-07,4.117188
1993-07-08,4.281250
1993-07-09,4.351563
1993-07-12,4.375000
1993-07-13,4.601563
1993-07-14,4.679688
1993-07-15,4.742188
1993-07-16,4.492188
1993-07-19,4.421875
1993-07-20,4.562500
1993-07-21,4.617188
1993-07-22,4.601563
1993-07-23,4.593750
1993-07-26,4.703125
1993-07-27,4.578125
1993-07-28,4.546875
1993-07-29,4.468750
1993-07-30,4.421875
1993-08-02,4.476563
1993-08-03,4.421875
1993-08-04,4.578125
1993-08-05,4.640625
1993-08-06,4.750000
1993-08-09,4.867188
1993-08-10,4.781250
1993-08-11,4.828125
1993-08-12,4.789063
1993-08-13,4.765625
1993-08-16,4.804688
1993-08-17,4.914063
1993-08-18,5.031250
1993-08-19,5.070313
1993-08-20,5.062500
1993-08-23,5.265625
1993-08-24,5.164063
1993-08-25,5.140625
1993-08-26,5.023438
1993-08-27,5.023438
1993-08-30,5.000000
1993-08-31,5.039063
1993-09-01,5.000000
1993-09-02,4.921875
1993-09-03,4.867188
1993-09-07,4.687500
1993-09-08,4.750000
1993-09-09,4.843750
1993-09-10,4.914063
1993-09-13,4.820313
1993-09-14,4.734375
1993-09-15,4.812500
1993-09-16,4.789063
1993-09-17,4.750000
1993-09-20,4.750000
1993-09-21,4.664063
1993-09-22,4.859375
1993-09-23,4.921875
1993-09-24,4.898438
1993-09-27,5.054688
1993-09-28,4.960938
1993-09-29,4.789063
1993-09-30,4.718750
1993-10-01,4.570313
1993-10-04,4.710938
1993-10-05,4.406250
1993-10-06,4.382813
1993-10-07,4.265625
1993-10-08,4.281250
1993-10-11,4.046875
1993-10-12,4.156250
1993-10-13,3.890625
1993-10-14,3.937500
1993-10-15,4.117188
1993-10-18,4.171875
1993-10-19,3.960938
1993-10-20,3.984375
1993-10-21,4.093750
1993-10-22,4.062500
1993-10-25,4.007813
1993-10-26,4.125000
1993-10-27,4.125000
1993-10-28,4.062500
1993-10-29,4.101563
1993-11-01,4.164063
1993-11-02,4.101563
1993-11-03,3.757813
1993-11-04,3.531250
1993-11-05,3.648438
1993-11-08,3.742188
1993-11-09,3.695313
1993-11-10,3.945313
1993-11-11,4.031250
1993-11-12,4.093750
1993-11-15,3.921875
1993-11-16,3.867188
1993-11-17,3.828125
1993-11-18,3.773438
1993-11-19,3.710938
1993-11-22,3.812500
1993-11-23,4.000000
1993-11-24,4.039063
1993-11-26,4.023438
1993-11-29,3.875000
1993-11-30,4.015625
1993-12-01,4.062500
1993-12-02,4.000000
1993-12-03,4.007813
1993-12-06,3.882813
1993-12-07,3.968750
1993-12-08,3.968750
1993-12-09,3.773438
1993-12-10,3.726563
1993-12-13,3.750000
1993-12-14,3.765625
1993-12-15,3.867188
1993-12-16,3.851563
1993-12-17,3.789063
1993-12-20,3.718750
1993-12-21,3.750000
1993-12-22,3.914063
1993-12-23,3.937500
1993-12-27,3.914063
1993-12-28,3.945313
1993-12-29,3.960938
1993-12-30,4.000000
1993-12-31,3.968750
1994-01-03,3.906250
1994-01-04,3.875000
1994-01-05,4.125000
1994-01-06,4.226563
1994-01-07,4.273438
1994-01-10,4.273438
1994-01-11,4.187500
1994-01-12,4.390625
1994-01-13,4.343750
1994-01-14,4.531250
1994-01-17,4.531250
1994-01-18,4.429688
1994-01-19,4.335938
1994-01-20,4.468750
1994-01-21,4.562500
1994-01-24,4.570313
1994-01-25,4.523438
1994-01-26,4.414063
1994-01-27,4.429688
1994-01-28,4.437500
1994-01-31,4.375000
1994-02-01,4.445313
1994-02-02,4.546875
1994-02-03,4.500000
1994-02-04,4.390625
1994-02-07,4.500000
1994-02-08,4.617188
1994-02-09,4.601563
1994-02-10,4.578125
1994-02-11,4.539063
1994-02-14,4.593750
1994-02-15,4.773438
1994-02-16,4.906250
1994-02-17,4.781250
1994-02-18,4.953125
1994-02-22,5.109375
1994-02-23,5.046875
1994-02-24,4.953125
1994-02-25,4.968750
1994-02-28,5.062500
1994-03-01,5.101563
1994-03-02,5.187500
1994-03-03,5.210938
1994-03-04,5.289063
1994-03-07,5.250000
1994-03-08,5.171875
1994-03-09,5.265625
1994-03-10,5.250000
1994-03-11,5.390625
1994-03-14,5.500000
1994-03-15,5.437500
1994-03-16,5.539063
1994-03-17,5.445313
1994-03-18,5.398438
1994-03-21,5.476563
1994-03-22,5.539063
1994-03-23,5.382813
1994-03-24,5.210938
1994-03-25,5.015625
1994-03-28,4.906250
1994-03-29,4.679688
1994-03-30,4.671875
1994-03-31,4.828125
1994-04-04,4.875000
1994-04-05,5.000000
1994-04-06,5.085938
1994-04-07,5.156250
1994-04-08,4.960938
1994-04-11,4.914063
1994-04-12,4.562500
1994-04-13,4.390625
1994-04-14,4.328125
1994-04-15,4.320313
1994-04-18,4.382813
1994-04-19,4.164063
1994-04-20,4.046875
1994-04-21,4.468750
1994-04-22,4.570313
1994-04-25,4.765625
1994-04-26,4.718750
1994-04-28,4.625000
1994-04-29,4.781250
1994-05-02,4.898438
1994-05-03,4.757813
1994-05-04,4.820313
1994-05-05,4.804688
1994-05-06,4.734375
1994-05-09,4.601563
1994-05-10,4.687500
1994-05-11,4.546875
1994-05-12,4.484375
1994-05-13,4.546875
1994-05-16,4.570313
1994-05-17,4.609375
1994-05-18,4.757813
1994-05-19,4.875000
1994-05-20,4.906250
1994-05-23,4.898438
1994-05-24,4.929688
1994-05-25,4.898438
1994-05-26,4.843750
1994-05-27,4.843750
1994-05-31,5.015625
1994-06-01,5.289063
1994-06-02,5.242188
1994-06-03,5.117188
1994-06-06,5.078125
1994-06-07,4.984375
1994-06-08,4.765625
1994-06-09,4.679688
1994-06-10,4.828125
1994-06-13,4.804688
1994-06-14,4.984375
1994-06-15,4.976563
1994-06-16,4.960938
1994-06-17,4.882813
1994-06-20,4.781250
1994-06-21,4.640625
1994-06-22,4.781250
1994-06-23,4.632813
1994-06-24,4.695313
1994-06-27,4.875000
1994-06-28,5.015625
1994-06-29,5.031250
1994-06-30,4.968750
1994-07-01,4.976563
1994-07-05,5.039063
1994-07-06,5.062500
1994-07-07,5.250000
1994-07-08,5.242188
1994-07-11,5.164063
1994-07-12,5.187500
1994-07-13,5.312500
1994-07-14,5.398438
1994-07-15,5.015625
1994-07-18,5.039063
1994-07-19,4.968750
1994-07-20,4.789063
1994-07-21,4.859375
1994-07-22,4.812500
1994-07-25,4.781250
1994-07-26,4.750000
1994-07-27,4.687500
1994-07-28,4.710938
1994-07-29,4.914063
1994-08-01,4.976563
1994-08-02,5.000000
1994-08-03,4.992188
1994-08-04,4.890625
1994-08-05,4.945313
1994-08-08,4.968750
1994-08-09,5.015625
1994-08-10,5.250000
1994-08-11,5.250000
1994-08-12,5.164063
1994-08-15,5.203125
1994-08-16,5.289063
1994-08-17,5.312500
1994-08-18,5.218750
1994-08-19,5.164063
1994-08-22,5.156250
1994-08-23,5.062500
1994-08-24,4.921875
1994-08-25,5.101563
1994-08-26,5.171875
1994-08-29,5.109375
1994-08-30,5.156250
1994-08-31,4.867188
1994-09-01,4.820313
1994-09-02,4.734375
1994-09-06,4.664063
1994-09-07,4.765625
1994-09-08,4.812500
1994-09-09,4.734375
1994-09-12,4.632813
1994-09-13,4.695313
1994-09-14,4.718750
1994-09-15,4.875000
1994-09-16,4.828125
1994-09-19,4.765625
1994-09-20,4.726563
1994-09-21,4.656250
1994-09-22,4.648438
1994-09-23,4.500000
1994-09-26,4.265625
1994-09-27,4.289063
1994-09-28,4.218750
1994-09-29,4.281250
1994-09-30,4.250000
1994-10-03,4.132813
1994-10-04,4.000000
1994-10-05,4.101563
1994-10-06,4.070313
1994-10-07,4.101563
1994-10-10,4.273438
1994-10-11,4.250000
1994-10-12,4.242188
1994-10-13,4.210938
1994-10-14,4.289063
1994-10-17,4.273438
1994-10-18,4.257813
1994-10-19,4.375000
1994-10-20,4.375000
1994-10-21,4.367188
1994-10-24,4.343750
1994-10-25,4.273438
1994-10-26,4.460938
1994-10-27,4.609375
1994-10-28,4.687500
1994-10-31,4.679688
1994-11-01,4.742188
1994-11-02,4.750000
1994-11-03,4.773438
1994-11-04,4.703125
1994-11-07,4.671875
1994-11-08,4.781250
1994-11-09,4.921875
1994-11-10,4.812500
1994-11-11,4.812500
1994-11-14,4.953125
1994-11-15,4.906250
1994-11-16,4.843750
1994-11-17,4.929688
1994-11-18,4.937500
1994-11-21,4.921875
1994-11-22,4.687500
1994-11-23,4.726563
1994-11-25,4.773438
1994-11-28,4.742188
1994-11-29,4.820313
1994-11-30,4.718750
1994-12-01,4.617188
1994-12-02,4.695313
1994-12-05,4.781250
1994-12-06,4.757813
1994-12-07,4.679688
1994-12-08,4.414063
1994-12-09,4.500000
1994-12-12,4.523438
1994-12-13,4.539063
1994-12-14,4.554688
1994-12-15,4.585938
1994-12-16,4.539063
1994-12-19,4.453125
1994-12-20,4.492188
1994-12-21,4.570313
1994-12-22,4.546875
1994-12-23,4.617188
1994-12-27,4.757813
1994-12-28,4.703125
1994-12-29,4.757813
1994-12-30,4.679688
1995-01-03,4.593750
1995-01-04,4.562500
1995-01-05,4.562500
1995-01-06,4.453125
1995-01-09,4.476563
1995-01-10,4.703125
1995-01-11,4.687500
1995-01-12,4.757813
1995-01-13,4.695313
1995-01-16,4.632813
1995-01-17,4.578125
1995-01-18,4.656250
1995-01-19,4.648438
1995-01-20,4.601563
1995-01-23,4.515625
1995-01-24,4.523438
1995-01-25,4.414063
1995-01-26,4.343750
1995-01-27,4.476563
1995-01-30,4.359375
1995-01-31,4.312500
1995-02-01,4.351563
1995-02-02,4.460938
1995-02-03,4.531250
1995-02-06,4.593750
1995-02-07,4.578125
1995-02-08,4.687500
1995-02-09,4.898438
1995-02-10,4.867188
1995-02-13,4.812500
1995-02-14,4.976563
1995-02-15,4.906250
1995-02-16,5.015625
1995-02-17,4.890625
1995-02-21,4.937500
1995-02-22,4.937500
1995-02-23,4.929688
1995-02-24,4.820313
1995-02-27,4.812500
1995-02-28,4.921875
1995-03-01,5.062500
1995-03-02,5.210938
1995-03-03,5.406250
1995-03-06,5.531250
1995-03-07,5.414063
1995-03-08,5.320313
1995-03-09,5.484375
1995-03-10,5.429688
1995-03-13,5.585938
1995-03-14,5.695313
1995-03-15,5.671875
1995-03-16,5.609375
1995-03-17,5.468750
1995-03-20,5.554688
1995-03-21,5.476563
1995-03-22,5.523438
1995-03-23,5.726563
1995-03-24,5.859375
1995-03-27,6.023438
1995-03-28,6.101563
1995-03-29,5.890625
1995-03-30,5.640625
1995-03-31,5.531250
1995-04-03,5.703125
1995-04-04,5.562500
1995-04-05,5.687500
1995-04-06,5.648438
1995-04-07,5.656250
1995-04-10,5.742188
1995-04-11,5.734375
1995-04-12,5.781250
1995-04-13,5.921875
1995-04-17,5.750000
1995-04-18,5.851563
1995-04-19,5.750000
1995-04-20,5.734375
1995-04-21,5.859375
1995-04-24,6.312500
1995-04-25,6.312500
1995-04-26,6.578125
1995-04-27,6.625000
1995-04-28,6.625000
1995-05-01,6.546875
1995-05-02,6.562500
1995-05-03,6.882813
1995-05-04,6.929688
1995-05-05,6.890625
1995-05-08,7.015625
1995-05-09,7.054688
1995-05-10,6.984375
1995-05-11,7.179688
1995-05-12,7.390625
1995-05-15,7.406250
1995-05-16,7.281250
1995-05-17,7.429688
1995-05-18,7.468750
1995-05-19,7.343750
1995-05-22,7.476563
1995-05-23,7.773438
1995-05-24,7.710938
1995-05-25,7.796875
1995-05-26,7.562500
1995-05-30,7.218750
1995-05-31,7.226563
1995-06-01,7.562500
1995-06-02,7.734375
1995-06-05,7.625000
1995-06-06,7.312500
1995-06-07,7.429688
1995-06-08,7.500000
1995-06-09,7.414063
1995-06-12,7.375000
1995-06-13,7.468750
1995-06-14,7.718750
1995-06-15,8.078125
1995-06-16,8.281250
1995-06-19,8.679688
1995-06-20,8.906250
1995-06-21,8.625000
1995-06-22,8.796875
1995-06-23,8.804688
1995-06-26,8.656250
1995-06-27,8.546875
1995-06-28,8.296875
1995-06-29,8.554688
1995-06-30,8.367188
1995-07-03,8.390625
1995-07-05,8.421875
1995-07-06,8.562500
1995-07-07,8.867188
1995-07-10,9.046875
1995-07-11,9.031250
1995-07-12,9.585938
1995-07-13,9.601563
1995-07-14,9.632813
1995-07-17,9.796875
1995-07-18,9.757813
1995-07-19,9.265625
1995-07-20,9.062500
1995-07-21,8.984375
1995-07-24,9.562500
1995-07-25,9.695313
1995-07-26,9.757813
1995-07-27,9.921875
1995-07-28,9.921875
1995-07-31,9.765625
1995-08-01,9.453125
1995-08-02,8.984375
1995-08-03,9.046875
1995-08-04,9.039063
1995-08-07,9.156250
1995-08-08,9.210938
1995-08-09,9.390625
1995-08-10,9.218750
1995-08-11,9.343750
1995-08-14,9.617188
1995-08-15,9.937500
1995-08-16,10.125000
1995-08-17,9.937500
1995-08-18,9.914063
1995-08-21,9.218750
1995-08-22,9.562500
1995-08-23,9.687500
1995-08-24,9.500000
1995-08-25,9.312500
1995-08-28,8.859375
1995-08-29,9.000000
1995-08-30,9.250000
1995-08-31,9.328125
1995-09-01,9.062500
1995-09-05,9.593750
1995-09-06,9.828125
1995-09-07,9.671875
1995-09-08,9.843750
1995-09-11,10.000000
1995-09-12,9.640625
1995-09-13,9.828125
1995-09-14,9.671875
1995-09-15,9.453125
1995-09-18,9.718750
1995-09-19,10.281250
1995-09-20,10.156250
1995-09-21,10.031250
1995-09-22,9.968750
1995-09-25,9.828125
1995-09-26,9.890625
1995-09-27,9.843750
1995-09-28,10.250000
1995-09-29,9.984375
1995-10-02,9.843750
1995-10-03,9.796875
1995-10-04,9.187500
1995-10-05,9.359375
1995-10-06,9.359375
1995-10-09,8.796875
1995-10-10,8.968750
1995-10-11,9.156250
1995-10-12,9.265625
1995-10-13,9.046875
1995-10-16,8.812500
1995-10-17,9.203125
1995-10-18,9.359375
1995-10-19,9.156250
1995-10-20,8.718750
1995-10-23,8.906250
1995-10-24,8.765625
1995-10-25,8.421875
1995-10-26,8.343750
1995-10-27,8.421875
1995-10-30,8.765625
1995-10-31,8.562500
1995-11-01,8.281250
1995-11-02,8.187500
1995-11-03,8.187500
1995-11-06,7.812500
1995-11-07,7.609375
1995-11-08,7.406250
1995-11-09,7.921875
1995-11-10,7.984375
1995-11-13,7.781250
1995-11-14,7.531250
1995-11-15,7.781250
1995-11-16,7.765625
1995-11-17,7.468750
1995-11-20,7.062500
1995-11-21,6.875000
1995-11-22,6.562500
1995-11-24,6.890625
1995-11-27,6.906250
1995-11-28,7.296875
1995-11-29,7.437500
1995-11-30,7.234375
1995-12-01,6.906250
1995-12-04,6.921875
1995-12-05,6.671875
1995-12-06,6.750000
1995-12-07,6.703125
1995-12-08,7.046875
1995-12-11,7.031250
1995-12-12,6.812500
1995-12-13,6.875000
1995-12-14,6.593750
1995-12-15,6.125000
1995-12-18,5.812500
1995-12-19,6.218750
1995-12-20,6.031250
1995-12-21,6.156250
1995-12-22,6.437500
1995-12-26,6.687500
1995-12-27,6.562500
1995-12-28,6.406250
1995-12-29,6.437500
1996-01-02,6.062500
1996-01-03,6.125000
1996-01-04,6.156250
1996-01-05,6.140625
1996-01-08,6.078125
1996-01-09,5.625000
1996-01-10,5.671875
1996-01-11,5.968750
1996-01-12,5.718750
1996-01-15,5.343750
1996-01-16,5.531250
1996-01-17,5.718750
1996-01-18,6.125000
1996-01-19,5.906250
1996-01-22,6.078125
1996-01-23,5.812500
1996-01-24,6.109375
1996-01-25,5.906250
1996-01-26,6.000000
1996-01-29,5.843750
1996-01-30,5.843750
1996-01-31,5.796875
1996-02-01,5.875000
1996-02-02,6.000000
1996-02-05,6.640625
1996-02-06,6.828125
1996-02-07,6.671875
1996-02-08,6.546875
1996-02-09,6.312500
1996-02-12,6.500000
1996-02-13,6.359375
1996-02-14,6.296875
1996-02-15,6.250000
1996-02-16,6.281250
1996-02-20,6.265625
1996-02-21,6.390625
1996-02-22,6.734375
1996-02-23,6.734375
1996-02-26,6.671875
1996-02-27,6.421875
1996-02-28,6.453125
1996-02-29,6.234375
1996-03-01,6.078125
1996-03-04,6.078125
1996-03-05,6.296875
1996-03-06,5.953125
1996-03-07,6.250000
1996-03-08,6.156250
1996-03-11,6.250000
1996-03-12,6.156250
1996-03-13,6.218750
1996-03-14,6.203125
1996-03-15,6.562500
1996-03-18,6.765625
1996-03-19,6.734375
1996-03-20,6.468750
1996-03-21,6.406250
1996-03-22,6.390625
1996-03-25,6.281250
1996-03-26,6.406250
1996-03-27,6.468750
1996-03-28,6.484375
1996-03-29,6.359375
1996-04-01,6.312500
1996-04-02,6.265625
1996-04-03,6.468750
1996-04-04,6.359375
1996-04-08,6.578125
1996-04-09,6.640625
1996-04-10,6.671875
1996-04-11,6.546875
1996-04-12,6.421875
1996-04-15,6.531250
1996-04-16,6.718750
1996-04-17,6.750000
1996-04-18,6.968750
1996-04-19,6.890625
1996-04-22,6.921875
1996-04-23,7.171875
1996-04-24,7.359375
1996-04-25,7.359375
1996-04-26,7.203125
1996-04-29,7.031250
1996-04-30,7.062500
1996-05-01,7.078125
1996-05-02,7.109375
1996-05-03,7.109375
1996-05-06,6.937500
1996-05-07,6.859375
1996-05-08,6.859375
1996-05-09,6.718750
1996-05-10,6.609375
1996-05-13,6.812500
1996-05-14,6.812500
1996-05-15,6.796875
1996-05-16,6.718750
1996-05-17,6.765625
1996-05-20,6.703125
1996-05-21,6.656250
1996-05-22,6.578125
1996-05-23,6.468750
1996-05-24,6.406250
1996-05-28,6.828125
1996-05-29,6.703125
1996-05-30,7.015625
1996-05-31,7.031250
1996-06-03,6.921875
1996-06-04,6.812500
1996-06-05,6.828125
1996-06-06,6.625000
1996-06-07,6.781250
1996-06-10,6.718750
1996-06-11,6.609375
1996-06-12,6.687500
1996-06-13,6.640625
1996-06-14,6.640625
1996-06-17,6.687500
1996-06-18,6.531250
1996-06-19,6.484375
1996-06-20,6.531250
1996-06-21,6.453125
1996-06-24,6.437500
1996-06-25,6.375000
1996-06-26,6.140625
1996-06-27,6.250000
1996-06-28,6.234375
1996-07-01,6.500000
1996-07-02,6.437500
1996-07-03,6.328125
1996-07-05,6.234375
1996-07-08,6.218750
1996-07-09,6.156250
1996-07-10,6.062500
1996-07-11,5.796875
1996-07-12,5.671875
1996-07-15,5.281250
1996-07-16,5.593750
1996-07-17,5.406250
1996-07-18,5.484375
1996-07-19,5.406250
1996-07-22,5.421875
1996-07-23,5.218750
1996-07-24,5.265625
1996-07-25,5.328125
1996-07-26,5.562500
1996-07-29,5.296875
1996-07-30,5.453125
1996-07-31,5.406250
1996-08-01,5.390625
1996-08-02,5.843750
1996-08-05,5.531250
1996-08-06,5.687500
1996-08-07,6.062500
1996-08-08,5.968750
1996-08-09,5.843750
1996-08-12,5.875000
1996-08-13,5.781250
1996-08-14,5.812500
1996-08-15,5.843750
1996-08-16,5.859375
1996-08-19,5.812500
1996-08-20,5.750000
1996-08-21,5.968750
1996-08-22,5.921875
1996-08-23,5.875000
1996-08-26,5.828125
1996-08-27,5.859375
1996-08-28,5.890625
1996-08-29,5.906250
1996-08-30,5.843750
1996-09-03,5.750000
1996-09-04,5.656250
1996-09-05,5.484375
1996-09-06,5.546875
1996-09-09,5.609375
1996-09-10,5.671875
1996-09-11,5.718750
1996-09-12,5.796875
1996-09-13,6.078125
1996-09-16,6.265625
1996-09-17,6.312500
1996-09-18,6.250000
1996-09-19,6.531250
1996-09-20,6.640625
1996-09-23,6.468750
1996-09-24,7.171875
1996-09-25,7.234375
1996-09-26,6.921875
1996-09-27,6.843750
1996-09-30,6.890625
1996-10-01,6.750000
1996-10-02,6.812500
1996-10-03,6.625000
1996-10-04,6.531250
1996-10-07,6.781250
1996-10-08,6.890625
1996-10-09,7.156250
1996-10-10,6.890625
1996-10-11,6.937500
1996-10-14,6.953125
1996-10-15,6.890625
1996-10-16,6.734375
1996-10-17,6.750000
1996-10-18,6.687500
1996-10-21,6.484375
1996-10-22,6.437500
1996-10-23,6.468750
1996-10-24,6.359375
1996-10-25,6.234375
1996-10-28,6.171875
1996-10-29,6.062500
1996-10-30,6.093750
1996-10-31,6.015625
1996-11-01,6.000000
1996-11-04,6.140625
1996-11-05,6.093750
1996-11-06,6.625000
1996-11-07,6.812500
1996-11-08,6.734375
1996-11-11,7.000000
1996-11-12,6.890625
1996-11-13,6.859375
1996-11-14,6.921875
1996-11-15,6.937500
1996-11-18,6.796875
1996-11-19,6.796875
1996-11-20,6.875000
1996-11-21,6.750000
1996-11-22,7.109375
1996-11-25,7.062500
1996-11-26,7.609375
1996-11-27,7.968750
1996-11-29,7.968750
1996-12-02,8.203125
1996-12-03,8.296875
1996-12-04,8.203125
1996-12-05,8.109375
1996-12-06,8.000000
1996-12-09,8.328125
1996-12-10,8.328125
1996-12-11,8.375000
1996-12-12,8.265625
1996-12-13,8.187500
1996-12-16,7.796875
1996-12-17,7.890625
1996-12-18,8.062500
1996-12-19,8.031250
1996-12-20,7.984375
1996-12-23,8.015625
1996-12-24,7.937500
1996-12-26,8.031250
1996-12-27,8.015625
1996-12-30,8.062500
1996-12-31,7.968750
1997-01-02,7.953125
1997-01-03,8.375000
1997-01-06,8.453125
1997-01-07,8.562500
1997-01-08,8.500000
1997-01-09,8.296875
1997-01-10,8.453125
1997-01-13,8.421875
1997-01-14,8.500000
1997-01-15,8.468750
1997-01-16,8.296875
1997-01-17,8.281250
1997-01-20,8.000000
1997-01-21,7.812500
1997-01-22,7.968750
1997-01-23,8.843750
1997-01-24,8.609375
1997-01-27,8.656250
1997-01-28,8.625000
1997-01-29,8.718750
1997-01-30,9.312500
1997-01-31,9.796875
1997-02-03,9.468750
1997-02-04,9.562500
1997-02-05,9.281250
1997-02-06,9.562500
1997-02-07,9.937500
1997-02-10,9.671875
1997-02-11,9.625000
1997-02-12,10.062500
1997-02-13,10.093750
1997-02-14,10.156250
1997-02-18,10.078125
1997-02-19,10.437500
1997-02-20,10.203125
1997-02-21,9.921875
1997-02-24,10.265625
1997-02-25,10.171875
1997-02-26,10.078125
1997-02-27,9.703125
1997-02-28,9.640625
1997-03-03,10.000000
1997-03-04,10.203125
1997-03-05,10.406250
1997-03-06,10.062500
1997-03-07,10.484375
1997-03-10,10.656250
1997-03-11,10.656250
1997-03-12,10.609375
1997-03-13,10.468750
1997-03-14,10.734375
1997-03-17,10.328125
1997-03-18,10.000000
1997-03-19,9.500000
1997-03-20,9.562500
1997-03-21,9.671875
1997-03-24,9.406250
1997-03-25,9.656250
1997-03-26,10.140625
1997-03-27,9.687500
1997-03-31,9.359375
1997-04-01,9.406250
1997-04-02,9.343750
1997-04-03,9.703125
1997-04-04,10.375000
1997-04-07,10.671875
1997-04-08,11.109375
1997-04-09,10.781250
1997-04-10,10.328125
1997-04-11,10.203125
1997-04-14,10.375000
1997-04-15,10.562500
1997-04-16,10.625000
1997-04-17,10.593750
1997-04-18,10.234375
1997-04-21,10.359375
1997-04-22,10.421875
1997-04-23,10.437500
1997-04-24,10.500000
1997-04-25,10.156250
1997-04-28,10.484375
1997-04-29,11.093750
1997-04-30,11.156250
1997-05-01,11.203125
1997-05-02,11.437500
1997-05-05,11.718750
1997-05-06,11.500000
1997-05-07,11.734375
1997-05-08,11.812500
1997-05-09,11.859375
1997-05-12,11.531250
1997-05-13,11.562500
1997-05-14,11.484375
1997-05-15,11.437500
1997-05-16,11.312500
1997-05-19,11.234375
1997-05-20,11.328125
1997-05-21,11.484375
1997-05-22,11.406250
1997-05-23,11.640625
1997-05-27,11.937500
1997-05-28,11.656250
1997-05-29,11.484375
1997-05-30,11.218750
1997-06-02,11.062500
1997-06-03,10.484375
1997-06-04,10.468750
1997-06-05,10.531250
1997-06-06,10.937500
1997-06-09,11.187500
1997-06-10,10.781250
1997-06-11,10.437500
1997-06-12,10.187500
1997-06-13,10.562500
1997-06-16,10.968750
1997-06-17,11.203125
1997-06-18,10.781250
1997-06-19,11.031250
1997-06-20,10.812500
1997-06-23,10.640625
1997-06-24,11.054688
1997-06-25,10.968750
1997-06-26,10.757813
1997-06-27,10.703125
1997-06-30,10.507813
1997-07-01,10.796875
1997-07-02,11.000000
1997-07-03,10.984375
1997-07-07,11.093750
1997-07-08,11.476563
1997-07-09,11.968750
1997-07-10,11.656250
1997-07-11,12.031250
1997-07-14,12.187500
1997-07-15,13.687500
1997-07-16,14.250000
1997-07-17,14.445313
1997-07-18,14.203125
1997-07-21,13.687500
1997-07-22,14.281250
1997-07-23,14.656250
1997-07-24,14.734375
1997-07-25,14.187500
1997-07-28,13.875000
1997-07-29,13.765625
1997-07-30,14.359375
1997-07-31,14.375000
1997-08-01,15.234375
1997-08-04,15.585938
1997-08-05,16.125000
1997-08-06,15.750000
1997-08-07,15.953125
1997-08-08,15.500000
1997-08-11,15.281250
1997-08-12,15.234375
1997-08-13,14.921875
1997-08-14,15.375000
1997-08-15,14.781250
1997-08-18,14.843750
1997-08-19,16.015625
1997-08-20,15.937500
1997-08-21,15.625000
1997-08-22,14.843750
1997-08-25,15.101563
1997-08-26,14.703125
1997-08-27,14.617188
1997-08-28,14.445313
1997-08-29,14.203125
1997-09-02,14.718750
1997-09-03,14.953125
1997-09-04,15.375000
1997-09-05,15.835938
1997-09-08,15.562500
1997-09-09,15.546875
1997-09-10,15.367188
1997-09-11,15.796875
1997-09-12,15.523438
1997-09-15,15.765625
1997-09-16,16.414062
1997-09-17,16.953125
1997-09-18,16.843750
1997-09-19,16.828125
1997-09-22,17.453125
1997-09-23,17.148438
1997-09-24,16.867188
1997-09-25,16.570312
1997-09-26,16.820312
1997-09-29,17.328125
1997-09-30,16.750000
1997-10-01,16.398438
1997-10-02,16.750000
1997-10-03,16.687500
1997-10-06,16.304688
1997-10-07,16.609375
1997-10-08,17.203125
1997-10-09,17.132812
1997-10-10,17.296875
1997-10-13,17.625000
1997-10-14,16.945312
1997-10-15,16.875000
1997-10-16,16.218750
1997-10-17,15.750000
1997-10-20,15.234375
1997-10-21,15.968750
1997-10-22,15.625000
1997-10-23,15.109375
1997-10-24,13.984375
1997-10-27,12.843750
1997-10-28,13.968750
1997-10-29,14.304688
1997-10-30,12.859375
1997-10-31,13.335938
1997-11-03,14.390625
1997-11-04,14.875000
1997-11-05,15.093750
1997-11-06,14.687500
1997-11-07,14.093750
1997-11-10,13.546875
1997-11-11,13.281250
1997-11-12,11.718750
1997-11-13,12.187500
1997-11-14,11.812500
1997-11-17,12.656250
1997-11-18,12.328125
1997-11-19,12.250000
1997-11-20,12.968750
1997-11-21,13.031250
1997-11-24,12.437500
1997-11-25,12.500000
1997-11-26,12.218750
1997-11-28,12.406250
1997-12-01,12.953125
1997-12-02,11.625000
1997-12-03,11.687500
1997-12-04,11.125000
1997-12-05,11.546875
1997-12-08,11.781250
1997-12-09,11.312500
1997-12-10,11.078125
1997-12-11,10.531250
1997-12-12,10.218750
1997-12-15,10.625000
1997-12-16,11.000000
1997-12-17,10.968750
1997-12-18,10.843750
1997-12-19,11.359375
1997-12-22,11.531250
1997-12-23,11.093750
1997-12-24,11.046875
1997-12-26,11.203125
1997-12-29,11.250000
1997-12-30,11.031250
1997-12-31,11.250000
1998-01-02,11.953125
1998-01-05,12.078125
1998-01-06,11.828125
1998-01-07,11.406250
1998-01-08,11.078125
1998-01-09,10.406250
1998-01-12,10.625000
1998-01-13,11.812500
1998-01-14,11.562500
1998-01-15,11.437500
1998-01-16,11.296875
1998-01-20,11.562500
1998-01-21,12.000000
1998-01-22,11.687500
1998-01-23,12.093750
1998-01-26,12.187500
1998-01-27,12.875000
1998-01-28,13.828125
1998-01-29,13.343750
1998-01-30,13.656250
1998-02-02,13.875000
1998-02-03,14.437500
1998-02-04,14.203125
1998-02-05,13.625000
1998-02-06,13.468750
1998-02-09,13.406250
1998-02-10,13.937500
1998-02-11,14.093750
1998-02-12,14.078125
1998-02-13,13.953125
1998-02-17,13.781250
1998-02-18,14.125000
1998-02-19,14.718750
1998-02-20,14.718750
1998-02-23,14.828125
1998-02-24,14.343750
1998-02-25,15.312500
1998-02-26,15.375000
1998-02-27,14.500000
1998-03-02,13.875000
1998-03-03,13.265625
1998-03-04,13.000000
1998-03-05,13.250000
1998-03-06,13.625000
1998-03-09,13.250000
1998-03-10,13.250000
1998-03-11,13.546875
1998-03-12,13.593750
1998-03-13,13.546875
1998-03-16,13.531250
1998-03-17,13.843750
1998-03-18,13.906250
1998-03-19,13.937500
1998-03-20,13.421875
1998-03-23,13.375000
1998-03-24,13.328125
1998-03-25,13.890625
1998-03-26,13.953125
1998-03-27,13.703125
1998-03-30,13.453125
1998-03-31,13.531250
1998-04-01,14.250000
1998-04-02,14.093750
1998-04-03,13.921875
1998-04-06,13.562500
1998-04-07,13.046875
1998-04-08,13.171875
1998-04-09,13.109375
1998-04-13,13.078125
1998-04-14,13.625000
1998-04-15,14.140625
1998-04-16,14.562500
1998-04-17,14.625000
1998-04-20,15.312500
1998-04-21,15.750000
1998-04-22,16.000000
1998-04-23,15.562500
1998-04-24,15.625000
1998-04-27,15.125000
1998-04-28,15.125000
1998-04-29,15.500000
1998-04-30,16.031250
1998-05-01,16.046875
1998-05-04,16.296875
1998-05-05,16.562500
1998-05-06,16.000000
1998-05-07,16.015625
1998-05-08,16.359375
1998-05-11,15.968750
1998-05-12,15.734375
1998-05-13,15.796875
1998-05-14,15.531250
1998-05-15,14.781250
1998-05-18,14.796875
1998-05-19,14.578125
1998-05-20,14.078125
1998-05-21,13.765625
1998-05-22,13.562500
1998-05-26,13.593750
1998-05-27,13.468750
1998-05-28,13.187500
1998-05-29,12.859375
1998-06-01,12.312500
1998-06-02,12.375000
1998-06-03,12.000000
1998-06-04,12.718750
1998-06-05,12.703125
1998-06-08,13.375000
1998-06-09,13.968750
1998-06-10,13.125000
1998-06-11,12.406250
1998-06-12,12.281250
1998-06-15,12.000000
1998-06-16,13.000000
1998-06-17,12.718750
1998-06-18,13.625000
1998-06-19,13.546875
1998-06-22,14.000000
1998-06-23,14.562500
1998-06-24,14.765625
1998-06-25,14.484375
1998-06-26,14.578125
1998-06-29,14.796875
1998-06-30,14.578125
1998-07-01,15.000000
1998-07-02,14.468750
1998-07-06,13.968750
1998-07-07,14.546875
1998-07-08,14.640625
1998-07-09,14.671875
1998-07-10,14.671875
1998-07-13,14.781250
1998-07-14,14.593750
1998-07-15,15.562500
1998-07-16,15.734375
1998-07-17,15.296875
1998-07-20,14.734375
1998-07-21,15.234375
1998-07-22,15.250000
1998-07-23,14.875000
1998-07-24,14.515625
1998-07-27,14.453125
1998-07-28,14.750000
1998-07-29,14.656250
1998-07-30,15.250000
1998-07-31,14.843750
1998-08-03,15.031250
1998-08-04,14.625000
1998-08-05,15.000000
1998-08-06,15.343750
1998-08-07,15.796875
1998-08-10,15.250000
1998-08-11,14.640625
1998-08-12,15.187500
1998-08-13,14.968750
1998-08-14,14.828125
1998-08-17,15.328125
1998-08-18,15.625000
1998-08-19,15.125000
1998-08-20,14.718750
1998-08-21,14.484375
1998-08-24,14.437500
1998-08-25,14.343750
1998-08-26,14.046875
1998-08-27,13.406250
1998-08-28,12.796875
1998-08-31,11.843750
1998-09-01,12.656250
1998-09-02,12.562500
1998-09-03,12.640625
1998-09-04,12.281250
1998-09-08,13.265625
1998-09-09,13.328125
1998-09-10,12.656250
1998-09-11,13.203125
1998-09-14,13.343750
1998-09-15,13.250000
1998-09-16,13.453125
1998-09-17,13.281250
1998-09-18,13.531250
1998-09-21,14.218750
1998-09-22,13.437500
1998-09-23,14.187500
1998-09-24,13.515625
1998-09-25,13.437500
1998-09-28,13.640625
1998-09-29,13.812500
1998-09-30,13.250000
1998-10-01,12.390625
1998-10-02,12.515625
1998-10-05,11.796875
1998-10-06,11.875000
1998-10-07,11.890625
1998-10-08,11.812500
1998-10-09,12.765625
1998-10-12,13.062500
1998-10-13,12.531250
1998-10-14,13.078125
1998-10-15,14.125000
1998-10-16,14.812500
1998-10-19,15.093750
1998-10-20,14.984375
1998-10-21,14.796875
1998-10-22,14.937500
1998-10-23,14.953125
1998-10-26,14.687500
1998-10-27,15.125000
1998-10-28,15.250000
1998-10-29,16.000000
1998-10-30,15.984375
1998-11-02,15.906250
1998-11-03,15.453125
1998-11-04,16.296875
1998-11-05,16.156250
1998-11-06,16.062500
1998-11-09,15.812500
1998-11-10,15.968750
1998-11-11,17.359375
1998-11-12,16.984375
1998-11-13,17.250000
1998-11-16,17.281250
1998-11-17,17.421875
1998-11-18,18.062500
1998-11-19,19.281250
1998-11-20,19.125000
1998-11-23,19.687500
1998-11-24,19.390625
1998-11-25,19.718750
1998-11-27,19.687500
1998-11-30,19.093750
1998-12-01,19.375000
1998-12-02,19.687500
1998-12-03,20.281250
1998-12-04,20.718750
1998-12-07,21.421875
1998-12-08,21.500000
1998-12-09,21.234375
1998-12-10,20.453125
1998-12-11,20.015625
1998-12-14,19.703125
1998-12-15,19.593750
1998-12-16,19.843750
1998-12-17,20.984375
1998-12-18,21.687500
1998-12-21,22.265625
1998-12-22,21.500000
1998-12-23,21.437500
1998-12-24,21.468750
1998-12-28,21.312500
1998-12-29,21.000000
1998-12-30,21.875000
1998-12-31,21.406250
1999-01-04,21.781250
1999-01-05,22.265625
1999-01-06,22.921875
1999-01-07,22.875000
1999-01-08,23.437500
1999-01-11,23.750000
1999-01-12,23.062500
1999-01-13,23.375000
1999-01-14,22.593750
1999-01-15,23.156250
1999-01-19,23.250000
1999-01-20,24.906250
1999-01-21,24.031250
1999-01-22,23.250000
1999-01-25,23.406250
1999-01-26,24.531250
1999-01-27,23.828125
1999-01-28,23.937500
1999-01-29,24.718750
1999-02-01,23.750000
1999-02-02,24.234375
1999-02-03,25.406250
1999-02-04,24.000000
1999-02-05,23.656250
1999-02-08,23.812500
1999-02-09,21.734375
1999-02-10,22.156250
1999-02-11,23.765625
1999-02-12,23.343750
1999-02-16,22.750000
1999-02-17,22.718750
1999-02-18,23.015625
1999-02-19,23.250000
1999-02-22,24.718750
1999-02-23,25.000000
1999-02-24,25.500000
1999-02-25,24.062500
1999-02-26,22.296875
1999-03-01,23.062500
1999-03-02,21.625000
1999-03-03,22.968750
1999-03-04,23.125000
1999-03-05,25.156250
1999-03-08,26.250000
1999-03-09,24.765625
1999-03-10,25.500000
1999-03-11,24.546875
1999-03-12,24.875000
1999-03-15,24.859375
1999-03-16,26.062500
1999-03-17,25.718750
1999-03-18,26.156250
1999-03-19,25.156250
1999-03-22,25.187500
1999-03-23,22.812500
1999-03-24,23.671875
1999-03-25,24.625000
1999-03-26,24.078125
1999-03-29,25.234375
1999-03-30,24.640625
1999-03-31,24.812500
1999-04-01,25.906250
1999-04-05,27.687500
1999-04-06,27.843750
1999-04-07,28.171875
1999-04-08,27.515625
1999-04-09,27.656250
1999-04-12,26.703125
1999-04-13,26.531250
1999-04-14,26.046875
1999-04-15,27.125000
1999-04-16,27.468750
1999-04-19,26.250000
1999-04-20,25.000000
1999-04-21,27.187500
1999-04-22,27.546875
1999-04-23,27.140625
1999-04-26,27.937500
1999-04-27,28.562500
1999-04-28,27.968750
1999-04-29,26.531250
1999-04-30,25.531250
1999-05-03,26.796875
1999-05-04,26.375000
1999-05-05,26.984375
1999-05-06,26.406250
1999-05-07,26.500000
1999-05-10,26.093750
1999-05-11,26.968750
1999-05-12,28.468750
1999-05-13,28.000000
1999-05-14,26.500000
1999-05-17,27.531250
1999-05-18,28.531250
1999-05-19,29.343750
1999-05-20,28.593750
1999-05-21,28.250000
1999-05-24,27.375000
1999-05-25,26.656250
1999-05-26,27.640625
1999-05-27,26.781250
1999-05-28,27.343750
1999-06-01,26.656250
1999-06-02,27.734375
1999-06-03,27.843750
1999-06-04,29.718750
1999-06-07,30.015625
1999-06-08,29.250000
1999-06-09,30.843750
1999-06-10,31.437500
1999-06-11,31.906250
1999-06-14,32.312500
1999-06-15,33.671875
1999-06-16,33.390625
1999-06-17,33.375000
1999-06-18,33.187500
1999-06-21,34.125000
1999-06-22,33.781250
1999-06-23,34.703125
1999-06-24,33.156250
1999-06-25,33.875000
1999-06-28,34.718750
1999-06-29,34.953125
1999-06-30,36.000000
1999-07-01,35.375000
1999-07-02,35.421875
1999-07-06,35.500000
1999-07-07,36.343750
1999-07-08,36.875000
1999-07-09,36.640625
1999-07-12,36.937500
1999-07-13,36.578125
1999-07-14,37.500000
1999-07-15,38.312500
1999-07-16,38.546875
1999-07-19,37.484375
1999-07-20,35.250000
1999-07-21,35.000000
1999-07-22,34.000000
1999-07-23,34.750000
1999-07-26,33.812500
1999-07-27,35.781250
1999-07-28,37.140625
1999-07-29,35.812500
1999-07-30,36.000000
1999-08-02,35.250000
1999-08-03,35.312500
1999-08-04,35.062500
1999-08-05,34.906250
1999-08-06,35.625000
1999-08-09,35.375000
1999-08-10,34.625000
1999-08-11,36.562500
1999-08-12,36.312500
1999-08-13,37.578125
1999-08-16,37.890625
1999-08-17,37.687500
1999-08-18,36.500000
1999-08-19,36.218750
1999-08-20,37.093750
1999-08-23,38.250000
1999-08-24,39.687500
1999-08-25,40.750000
1999-08-26,39.718750
1999-08-27,39.750000
1999-08-30,40.187500
1999-08-31,41.031250
1999-09-01,40.875000
1999-09-02,42.375000
1999-09-03,43.937500
1999-09-07,45.812500
1999-09-08,44.437500
1999-09-09,44.500000
1999-09-10,45.312500
1999-09-13,44.500000
1999-09-14,45.781250
1999-09-15,43.375000
1999-09-16,43.812500
1999-09-17,44.937500
1999-09-20,44.250000
1999-09-21,43.437500
1999-09-22,43.312500
1999-09-23,41.500000
1999-09-24,41.937500
1999-09-27,42.656250
1999-09-28,43.250000
1999-09-29,42.093750
1999-09-30,41.125000
1999-10-01,43.015625
1999-10-04,45.218750
1999-10-05,46.937500
1999-10-06,46.156250
1999-10-07,43.968750
1999-10-08,43.000000
1999-10-11,45.093750
1999-10-12,42.500000
1999-10-13,42.750000
1999-10-14,42.500000
1999-10-15,41.250000
1999-10-18,42.218750
1999-10-19,39.750000
1999-10-20,40.000000
1999-10-21,39.000000
1999-10-22,39.062500
1999-10-25,39.812500
1999-10-26,39.937500
1999-10-27,38.875000
1999-10-28,41.750000
1999-10-29,44.875000
1999-11-01,43.500000
1999-11-02,44.437500
1999-11-03,45.812500
1999-11-04,47.968750
1999-11-05,46.718750
1999-11-08,46.125000
1999-11-09,46.718750
1999-11-10,48.687500
1999-11-11,50.718750
1999-11-12,50.375000
1999-11-15,49.312500
1999-11-16,50.437500
1999-11-17,47.468750
1999-11-18,49.062500
1999-11-19,49.093750
1999-11-22,49.625000
1999-11-23,49.843750
1999-11-24,50.515625
1999-11-26,51.531250
1999-11-29,50.000000
1999-11-30,48.031250
1999-12-01,49.625000
1999-12-02,49.953125
1999-12-03,50.687500
1999-12-06,53.656250
1999-12-07,52.187500
1999-12-08,54.242188
1999-12-09,53.500000
1999-12-10,53.437500
1999-12-13,53.039062
1999-12-14,48.281250
1999-12-15,47.812500
1999-12-16,50.031250
1999-12-17,50.968750
1999-12-20,50.195312
1999-12-21,53.312500
1999-12-22,53.875000
1999-12-23,53.750000
1999-12-27,53.500000
1999-12-28,53.687500
1999-12-29,53.093750
1999-12-30,49.687500
1999-12-31,48.312500
2000-01-03,51.437500
2000-01-04,49.250000
2000-01-05,48.062500
2000-01-06,46.750000
2000-01-07,47.000000
2000-01-10,50.218750
2000-01-11,49.750000
2000-01-12,50.500000
2000-01-13,51.187500
2000-01-14,53.937500
2000-01-18,55.187500
2000-01-19,54.750000
2000-01-20,56.437500
2000-01-21,55.398438
2000-01-24,55.437500
2000-01-25,56.937500
2000-01-26,56.250000
2000-01-27,56.500000
2000-01-28,53.562500
2000-01-31,53.875000
2000-02-01,56.562500
2000-02-02,59.687500
2000-02-03,67.000000
2000-02-04,66.000000
2000-02-07,67.250000
2000-02-08,69.437500
2000-02-09,70.437500
2000-02-10,72.500000
2000-02-11,68.812500
2000-02-14,67.312500
2000-02-15,67.468750
2000-02-16,67.875000
2000-02-17,71.500000
2000-02-18,67.000000
2000-02-22,74.500000
2000-02-23,73.562500
2000-02-24,78.875000
2000-02-25,76.625000
2000-02-28,77.937500
2000-02-29,83.062500
2000-03-01,82.187500
2000-03-02,86.500000
2000-03-03,93.812500
2000-03-06,93.000000
2000-03-07,90.000000
2000-03-08,86.000000
2000-03-09,90.000000
2000-03-10,90.375000
2000-03-13,85.875000
2000-03-14,78.250000
2000-03-15,73.500000
2000-03-16,80.000000
2000-03-17,84.937500
2000-03-20,83.562500
2000-03-21,85.625000
2000-03-22,89.000000
2000-03-23,87.125000
2000-03-24,88.281250
2000-03-27,90.468750
2000-03-28,89.437500
2000-03-29,85.406250
2000-03-30,81.562500
2000-03-31,80.000000
2000-04-03,75.375000
2000-04-04,72.875000
2000-04-05,75.000000
2000-04-06,80.000000
2000-04-07,83.250000
2000-04-10,78.187500
2000-04-11,75.000000
2000-04-12,70.250000
2000-04-13,70.937500
2000-04-14,69.500000
2000-04-17,74.500000
2000-04-18,75.000000
2000-04-19,71.500000
2000-04-20,72.500000
2000-04-24,70.625000
2000-04-25,76.000000
2000-04-26,74.500000
2000-04-27,79.750000
2000-04-28,81.437500
2000-05-01,80.000000
2000-05-02,77.750000
2000-05-03,75.906250
2000-05-04,77.750000
2000-05-05,76.906250
2000-05-08,73.406250
2000-05-09,70.656250
2000-05-10,66.437500
2000-05-11,70.000000
2000-05-12,70.625000
2000-05-15,71.343750
2000-05-16,73.937500
2000-05-17,72.437500
2000-05-18,72.531250
2000-05-19,69.750000
2000-05-22,66.875000
2000-05-23,64.000000
2000-05-24,68.375000
2000-05-25,70.000000
2000-05-26,67.000000
2000-05-30,72.250000
2000-05-31,72.250000
2000-06-01,78.125000
2000-06-02,85.687500
2000-06-05,84.000000
2000-06-06,80.500000
2000-06-07,82.875000
2000-06-08,81.750000
2000-06-09,83.750000
2000-06-12,79.125000
2000-06-13,83.250000
2000-06-14,81.875000
2000-06-15,80.500000
2000-06-16,82.000000
2000-06-19,87.750000
2000-06-20,86.875000
2000-06-21,82.000000
2000-06-22,81.625000
2000-06-23,75.750000
2000-06-26,74.750000
2000-06-27,71.750000
2000-06-28,71.625000
2000-06-29,69.000000
2000-06-30,68.687500
2000-07-03,69.000000
2000-07-05,65.750000
2000-07-06,67.000000
2000-07-07,69.000000
2000-07-10,68.000000
2000-07-11,68.000000
2000-07-12,68.000000
2000-07-13,70.875000
2000-07-14,72.500000
2000-07-17,73.500000
2000-07-18,70.562500
2000-07-19,67.250000
2000-07-20,67.750000
2000-07-21,63.500000
2000-07-24,68.000000
2000-07-25,67.062500
2000-07-26,64.062500
2000-07-27,57.062500
2000-07-28,57.500000
2000-07-31,59.500000
2000-08-01,58.000000
2000-08-02,57.000000
2000-08-03,55.750000
2000-08-04,55.250000
2000-08-07,58.500000
2000-08-08,59.875000
2000-08-09,60.000000
2000-08-10,60.500000
2000-08-11,57.250000
2000-08-14,63.500000
2000-08-15,66.500000
2000-08-16,66.500000
2000-08-17,67.500000
2000-08-18,70.625000
2000-08-21,67.750000
2000-08-22,65.375000
2000-08-23,67.875000
2000-08-24,69.625000
2000-08-25,67.125000
2000-08-28,69.375000
2000-08-29,67.062500
2000-08-30,66.937500
2000-08-31,66.750000
2000-09-01,67.000000
2000-09-05,66.000000
2000-09-06,62.875000
2000-09-07,61.500000
2000-09-08,58.625000
2000-09-11,58.000000
2000-09-12,57.250000
2000-09-13,57.000000
2000-09-14,60.125000
2000-09-15,59.000000
2000-09-18,59.187500
2000-09-19,63.687500
2000-09-20,60.000000
2000-09-21,53.875000
2000-09-22,57.000000
2000-09-25,52.000000
2000-09-26,49.062500
2000-09-27,48.375000
2000-09-28,47.000000
2000-09-29,47.500000
2000-10-02,50.000000
2000-10-03,48.750000
2000-10-04,50.750000
2000-10-05,48.812500
2000-10-06,46.875000
2000-10-09,45.375000
2000-10-10,43.250000
2000-10-11,41.812500
2000-10-12,39.562500
2000-10-13,44.500000
2000-10-16,43.562500
2000-10-17,40.187500
2000-10-18,36.875000
2000-10-19,45.750000
2000-10-20,47.500000
2000-10-23,48.875000
2000-10-24,45.875000
2000-10-25,42.625000
2000-10-26,44.250000
2000-10-27,44.687500
2000-10-30,46.687500
2000-10-31,49.062500
2000-11-01,46.750000
2000-11-02,47.500000
2000-11-03,46.625000
2000-11-06,46.375000
2000-11-07,44.937500
2000-11-08,42.312500
2000-11-09,41.875000
2000-11-10,38.750000
2000-11-13,42.312500
2000-11-14,45.687500
2000-11-15,48.000000
2000-11-16,46.500000
2000-11-17,43.750000
2000-11-20,42.312500
2000-11-21,41.937500
2000-11-22,41.687500
2000-11-24,44.000000
2000-11-27,44.250000
2000-11-28,40.500000
2000-11-29,39.062500
2000-11-30,37.312500
2000-12-01,37.812500
2000-12-04,39.625000
2000-12-05,45.687500
2000-12-06,46.312500
2000-12-07,42.875000
2000-12-08,49.500000
2000-12-11,51.875000
2000-12-12,52.812500
2000-12-13,48.000000
2000-12-14,49.250000
2000-12-15,47.000000
2000-12-18,47.750000
2000-12-19,48.000000
2000-12-20,43.000000
2000-12-21,43.875000
2000-12-22,47.625000
2000-12-26,46.750000
2000-12-27,50.000000
2000-12-28,49.750000
2000-12-29,47.375000
2001-01-02,46.312500
2001-01-03,50.250000
2001-01-04,52.062500
2001-01-05,47.312500
2001-01-08,47.000000
2001-01-09,44.750000
2001-01-10,46.437500
2001-01-11,49.625000
2001-01-12,47.875000
2001-01-16,47.687500
2001-01-17,50.562500
2001-01-18,51.250000
2001-01-19,50.312500
2001-01-22,48.562500
2001-01-23,45.000000
2001-01-24,43.500000
2001-01-25,42.062500
2001-01-26,41.500000
2001-01-29,43.950001
2001-01-30,44.730000
2001-01-31,43.799999
2001-02-01,43.709999
2001-02-02,43.080002
2001-02-05,41.009998
2001-02-06,41.009998
2001-02-07,39.000000
2001-02-08,38.750000
2001-02-09,37.330002
2001-02-12,37.700001
2001-02-13,37.410000
2001-02-14,38.750000
2001-02-15,40.660000
2001-02-16,36.599998
2001-02-20,34.500000
2001-02-21,34.250000
2001-02-22,32.700001
2001-02-23,30.150000
2001-02-26,29.150000
2001-02-27,30.000000
2001-02-28,29.549999
2001-03-01,32.400002
2001-03-02,35.060001
2001-03-05,34.700001
2001-03-06,36.099998
2001-03-07,34.759998
2001-03-08,34.799999
2001-03-09,32.750000
2001-03-12,31.100000
2001-03-13,32.810001
2001-03-14,31.510000
2001-03-15,31.480000
2001-03-16,31.350000
2001-03-19,32.509998
2001-03-20,32.250000
2001-03-21,34.020000
2001-03-22,37.869999
2001-03-23,38.810001
2001-03-26,36.500000
2001-03-27,36.250000
2001-03-28,32.480000
2001-03-29,31.420000
2001-03-30,30.980000
2001-04-02,28.350000
2001-04-03,27.500000
2001-04-04,27.690001
2001-04-05,31.150000
2001-04-06,28.260000
2001-04-09,27.510000
2001-04-10,29.600000
2001-04-11,34.000000
2001-04-12,35.450001
2001-04-16,33.009998
2001-04-17,34.000000
2001-04-18,36.139999
2001-04-19,38.810001
2001-04-20,37.500000
2001-04-23,35.680000
2001-04-24,34.450001
2001-04-25,35.049999
2001-04-26,34.500000
2001-04-27,36.980000
2001-04-30,38.700001
2001-05-01,39.570000
2001-05-02,39.950001
2001-05-03,37.970001
2001-05-04,37.849998
2001-05-07,38.430000
2001-05-08,39.099998
2001-05-09,37.549999
2001-05-10,37.779999
2001-05-11,37.470001
2001-05-14,36.790001
2001-05-15,37.029999
2001-05-16,38.500000
2001-05-17,39.799999
2001-05-18,39.709999
2001-05-21,41.860001
2001-05-22,41.310001
2001-05-23,39.580002
2001-05-24,38.410000
2001-05-25,37.849998
2001-05-29,36.549999
2001-05-30,33.090000
2001-05-31,34.119999
2001-06-01,34.250000
2001-06-04,34.250000
2001-06-05,35.990002
2001-06-06,35.509998
2001-06-07,39.389999
2001-06-08,38.070000
2001-06-11,36.810001
2001-06-12,34.900002
2001-06-13,34.020000
2001-06-14,31.510000
2001-06-15,32.139999
2001-06-18,31.129999
2001-06-19,29.600000
2001-06-20,29.950001
2001-06-21,30.400000
2001-06-22,30.299999
2001-06-25,30.850000
2001-06-26,30.910000
2001-06-27,30.910000
2001-06-28,31.719999
2001-06-29,31.900000
2001-07-02,32.830002
2001-07-03,32.320000
2001-07-05,31.360001
2001-07-06,29.250000
2001-07-09,29.400000
2001-07-10,29.650000
2001-07-11,30.049999
2001-07-12,33.139999
2001-07-13,33.200001
2001-07-16,31.540001
2001-07-17,31.719999
2001-07-18,30.100000
2001-07-19,32.759998
2001-07-20,31.510000
2001-07-23,30.799999
2001-07-24,30.200001
2001-07-25,31.610001
2001-07-26,33.820000
2001-07-27,34.849998
2001-07-30,34.950001
2001-07-31,34.500000
2001-08-01,36.630001
2001-08-02,38.150002
2001-08-03,37.500000
2001-08-06,36.740002
2001-08-07,35.450001
2001-08-08,33.660000
2001-08-09,34.200001
2001-08-10,34.650002
2001-08-13,34.779999
2001-08-14,34.860001
2001-08-15,33.419998
2001-08-16,34.720001
2001-08-17,33.139999
2001-08-20,33.360001
2001-08-21,32.509998
2001-08-22,33.650002
2001-08-23,33.959999
2001-08-24,35.500000
2001-08-27,36.000000
2001-08-28,35.709999
2001-08-29,34.049999
2001-08-30,32.990002
2001-08-31,33.099998
2001-09-04,32.099998
2001-09-05,30.840000
2001-09-06,29.500000
2001-09-07,28.620001
2001-09-10,28.610001
2001-09-17,27.000000
2001-09-18,24.299999
2001-09-19,23.900000
2001-09-20,21.730000
2001-09-21,23.000000
2001-09-24,24.450001
2001-09-25,24.400000
2001-09-26,23.750000
2001-09-27,23.750000
2001-09-28,24.980000
2001-10-01,24.990000
2001-10-02,23.139999
2001-10-03,25.260000
2001-10-04,27.049999
2001-10-05,27.110001
2001-10-08,28.750000
2001-10-09,26.809999
2001-10-10,28.549999
2001-10-11,30.850000
2001-10-12,31.400000
2001-10-15,30.340000
2001-10-16,31.490000
2001-10-17,29.910000
2001-10-18,28.000000
2001-10-19,27.740000
2001-10-22,28.910000
2001-10-23,28.600000
2001-10-24,29.850000
2001-10-25,31.260000
2001-10-26,30.450001
2001-10-29,28.500000
2001-10-30,27.270000
2001-10-31,27.990000
2001-11-01,29.299999
2001-11-02,29.930000
2001-11-05,29.900000
2001-11-06,31.490000
2001-11-07,31.850000
2001-11-08,31.910000
2001-11-09,31.000000
2001-11-12,31.900000
2001-11-13,33.820000
2001-11-14,33.880001
2001-11-15,33.270000
2001-11-16,32.630001
2001-11-19,32.959999
2001-11-20,31.250000
2001-11-21,31.100000
2001-11-23,31.740000
2001-11-26,32.450001
2001-11-27,32.580002
2001-11-28,31.030001
2001-11-29,32.070000
2001-11-30,32.049999
2001-12-03,30.980000
2001-12-04,31.000000
2001-12-05,33.500000
2001-12-06,33.500000
2001-12-07,32.700001
2001-12-10,31.110001
2001-12-11,31.049999
2001-12-12,32.200001
2001-12-13,29.920000
2001-12-14,30.350000
2001-12-17,30.170000
2001-12-18,29.809999
2001-12-19,27.900000
2001-12-20,26.500000
2001-12-21,28.000000
2001-12-24,27.830000
2001-12-26,28.049999
2001-12-27,28.750000
2001-12-28,28.660000
2001-12-31,28.000000
2002-01-02,28.820000
2002-01-03,30.700001
2002-01-04,30.400000
2002-01-07,29.410000
2002-01-08,29.000000
2002-01-09,28.209999
2002-01-10,27.549999
2002-01-11,27.240000
2002-01-14,27.090000
2002-01-15,26.410000
2002-01-16,26.309999
2002-01-17,27.450001
2002-01-18,27.540001
2002-01-22,25.750000
2002-01-23,26.000000
2002-01-24,27.450001
2002-01-25,27.450001
2002-01-28,28.400000
2002-01-29,29.959999
2002-01-30,30.719999
2002-01-31,31.209999
2002-02-01,30.500000
2002-02-04,29.750000
2002-02-05,29.750000
2002-02-06,29.500000
2002-02-07,29.540001
2002-02-08,30.290001
2002-02-11,31.950001
2002-02-12,31.820000
2002-02-13,32.910000
2002-02-14,32.509998
2002-02-15,31.500000
2002-02-19,29.940001
2002-02-20,29.990000
2002-02-21,28.860001
2002-02-22,29.510000
2002-02-25,30.850000
2002-02-26,30.990000
2002-02-27,30.360001
2002-02-28,29.350000
2002-03-01,31.500000
2002-03-04,33.990002
2002-03-05,33.990002
2002-03-06,34.200001
2002-03-07,34.750000
2002-03-08,35.709999
2002-03-11,34.110001
2002-03-12,32.750000
2002-03-13,32.400002
2002-03-14,32.889999
2002-03-15,34.090000
2002-03-18,34.000000
2002-03-19,34.570000
2002-03-20,33.500000
2002-03-21,34.160000
2002-03-22,33.160000
2002-03-25,32.049999
2002-03-26,33.520000
2002-03-27,33.099998
2002-03-28,33.099998
2002-04-01,34.090000
2002-04-02,33.750000
2002-04-03,32.990002
2002-04-04,33.320000
2002-04-05,33.419998
2002-04-08,33.000000
2002-04-09,32.320000
2002-04-10,32.150002
2002-04-11,30.950001
2002-04-12,31.799999
2002-04-15,32.130001
2002-04-16,33.790001
2002-04-17,34.049999
2002-04-18,33.619999
2002-04-19,33.299999
2002-04-22,32.599998
2002-04-23,32.430000
2002-04-24,31.750000
2002-04-25,31.500000
2002-04-26,30.410000
2002-04-29,30.650000
2002-04-30,30.930000
2002-05-01,31.200001
2002-05-02,29.790001
2002-05-03,28.299999
2002-05-06,27.549999
2002-05-07,27.510000
2002-05-08,30.600000
2002-05-09,29.790001
2002-05-10,28.700001
2002-05-13,30.270000
2002-05-14,31.299999
2002-05-15,31.700001
2002-05-16,32.110001
2002-05-17,32.340000
2002-05-20,31.700001
2002-05-21,30.610001
2002-05-22,30.660000
2002-05-23,30.620001
2002-05-24,29.980000
2002-05-28,29.889999
2002-05-29,28.730000
2002-05-30,28.799999
2002-05-31,28.670000
2002-06-03,27.740000
2002-06-04,28.100000
2002-06-05,28.440001
2002-06-06,27.690001
2002-06-07,26.400000
2002-06-10,25.770000
2002-06-11,24.950001
2002-06-12,25.639999
2002-06-13,25.549999
2002-06-14,25.400000
2002-06-17,26.639999
2002-06-18,26.090000
2002-06-19,24.850000
2002-06-20,24.469999
2002-06-21,22.930000
2002-06-24,24.139999
2002-06-25,23.430000
2002-06-26,24.230000
2002-06-27,24.670000
2002-06-28,23.700001
2002-07-01,23.450001
2002-07-02,22.190001
2002-07-03,23.139999
2002-07-05,24.980000
2002-07-08,24.150000
2002-07-09,23.299999
2002-07-10,22.180000
2002-07-11,23.170000
2002-07-12,23.740000
2002-07-15,24.600000
2002-07-16,25.120001
2002-07-17,25.780001
2002-07-18,25.200001
2002-07-19,24.850000
2002-07-22,23.389999
2002-07-23,23.480000
2002-07-24,24.000000
2002-07-25,22.139999
2002-07-26,22.340000
2002-07-29,23.500000
2002-07-30,23.650000
2002-07-31,23.150000
2002-08-01,21.110001
2002-08-02,19.969999
2002-08-05,18.200001
2002-08-06,18.889999
2002-08-07,19.500000
2002-08-08,20.490000
2002-08-09,20.920000
2002-08-12,20.150000
2002-08-13,19.200001
2002-08-14,19.879999
2002-08-15,20.299999
2002-08-16,21.990000
2002-08-19,22.600000
2002-08-20,21.809999
2002-08-21,22.719999
2002-08-22,22.980000
2002-08-23,21.799999
2002-08-26,22.100000
2002-08-27,20.629999
2002-08-28,20.240000
2002-08-29,19.950001
2002-08-30,19.700001
2002-09-03,18.520000
2002-09-04,19.180000
2002-09-05,18.620001
2002-09-06,20.040001
2002-09-09,19.910000
2002-09-10,20.480000
2002-09-11,20.650000
2002-09-12,19.209999
2002-09-13,19.000000
2002-09-16,18.270000
2002-09-17,18.000000
2002-09-18,17.610001
2002-09-19,17.030001
2002-09-20,15.780000
2002-09-23,14.950000
2002-09-24,15.100000
2002-09-25,16.350000
2002-09-26,16.490000
2002-09-27,15.580000
2002-09-30,14.770000
2002-10-01,16.120001
2002-10-02,15.890000
2002-10-03,15.240000
2002-10-04,14.680000
2002-10-07,14.250000
2002-10-08,14.000000
2002-10-09,13.230000
2002-10-10,14.200000
2002-10-11,16.110001
2002-10-14,15.990000
2002-10-15,17.629999
2002-10-16,16.160000
2002-10-17,17.190001
2002-10-18,17.100000
2002-10-21,17.120001
2002-10-22,14.000000
2002-10-23,14.880000
2002-10-24,14.590000
2002-10-25,15.500000
2002-10-28,15.700000
2002-10-29,15.050000
2002-10-30,15.880000
2002-10-31,15.860000
2002-11-01,16.790001
2002-11-04,17.040001
2002-11-05,16.219999
2002-11-06,16.400000
2002-11-07,14.960000
2002-11-08,15.000000
2002-11-11,14.240000
2002-11-12,14.810000
2002-11-13,15.100000
2002-11-14,16.250000
2002-11-15,16.389999
2002-11-18,17.000000
2002-11-19,17.180000
2002-11-20,18.420000
2002-11-21,19.680000
2002-11-22,19.219999
2002-11-25,19.520000
2002-11-26,18.450001
2002-11-27,20.270000
2002-11-29,20.010000
2002-12-02,19.770000
2002-12-03,18.950001
2002-12-04,18.230000
2002-12-05,18.299999
2002-12-06,18.230000
2002-12-09,16.940001
2002-12-10,17.110001
2002-12-11,17.219999
2002-12-12,17.440001
2002-12-13,16.700001
2002-12-16,17.250000
2002-12-17,17.340000
2002-12-18,16.280001
2002-12-19,15.680000
2002-12-20,15.740000
2002-12-23,15.830000
2002-12-24,15.780000
2002-12-26,15.600000
2002-12-27,15.290000
2002-12-30,15.110000
2002-12-31,15.010000
2003-01-02,16.040001
2003-01-03,16.129999
2003-01-06,17.040001
2003-01-07,16.500000
2003-01-08,16.000000
2003-01-09,15.860000
2003-01-10,16.049999
2003-01-13,16.100000
2003-01-14,16.120001
2003-01-15,15.910000
2003-01-16,15.070000
2003-01-17,14.550000
2003-01-21,14.150000
2003-01-22,14.250000
2003-01-23,16.120001
2003-01-24,15.860000
2003-01-27,15.420000
2003-01-28,16.000000
2003-01-29,16.350000
2003-01-30,15.660000
2003-01-31,15.900000
2003-02-03,15.850000
2003-02-04,15.490000
2003-02-05,15.490000
2003-02-06,15.060000
2003-02-07,14.990000
2003-02-10,15.050000
2003-02-11,15.440000
2003-02-12,15.250000
2003-02-13,14.910000
2003-02-14,15.480000
2003-02-18,16.240000
2003-02-19,16.410000
2003-02-20,15.990000
2003-02-21,15.890000
2003-02-24,15.930000
2003-02-25,16.030001
2003-02-26,15.750000
2003-02-27,16.299999
2003-02-28,16.750000
2003-03-03,16.200001
2003-03-04,16.000000
2003-03-05,16.200001
2003-03-06,16.450001
2003-03-07,16.299999
2003-03-10,16.020000
2003-03-11,16.370001
2003-03-12,16.690001
2003-03-13,17.910000
2003-03-14,17.410000
2003-03-17,18.260000
2003-03-18,18.459999
2003-03-19,18.260000
2003-03-20,18.280001
2003-03-21,18.670000
2003-03-24,17.730000
2003-03-25,17.900000
2003-03-26,17.750000
2003-03-27,17.750000
2003-03-28,17.379999
2003-03-31,16.370001
2003-04-01,16.440001
2003-04-02,17.580000
2003-04-03,17.750000
2003-04-04,16.900000
2003-04-07,17.200001
2003-04-08,16.389999
2003-04-09,16.240000
2003-04-10,16.530001
2003-04-11,16.230000
2003-04-14,16.940001
2003-04-15,17.219999
2003-04-16,19.000000
2003-04-17,19.400000
2003-04-21,19.370001
2003-04-22,19.910000
2003-04-23,19.690001
2003-04-24,19.350000
2003-04-25,18.389999
2003-04-28,18.780001
2003-04-29,19.059999
2003-04-30,18.490000
2003-05-01,18.549999
2003-05-02,19.290001
2003-05-05,19.490000
2003-05-06,20.200001
2003-05-07,19.299999
2003-05-08,18.870001
2003-05-09,20.000000
2003-05-12,19.670000
2003-05-13,19.700001
2003-05-14,19.420000
2003-05-15,19.600000
2003-05-16,19.590000
2003-05-19,18.770000
2003-05-20,18.730000
2003-05-21,18.770000
2003-05-22,18.629999
2003-05-23,18.709999
2003-05-27,19.280001
2003-05-28,20.170000
2003-05-29,20.240000
2003-05-30,20.500000
2003-06-02,20.100000
2003-06-03,20.620001
2003-06-04,21.100000
2003-06-05,20.840000
2003-06-06,20.950001
2003-06-09,20.219999
2003-06-10,20.389999
2003-06-11,18.860001
2003-06-12,18.490000
2003-06-13,18.000000
2003-06-16,18.440001
2003-06-17,18.430000
2003-06-18,18.600000
2003-06-19,18.790001
2003-06-20,18.500000
2003-06-23,18.090000
2003-06-24,17.770000
2003-06-25,17.350000
2003-06-26,17.990000
2003-06-27,18.010000
2003-06-30,17.600000
2003-07-01,17.620001
2003-07-02,18.219999
2003-07-03,17.750000
2003-07-07,18.889999
2003-07-08,19.070000
2003-07-09,19.490000
2003-07-10,18.809999
2003-07-11,18.760000
2003-07-14,19.120001
2003-07-15,19.440001
2003-07-16,19.230000
2003-07-17,18.250000
2003-07-18,18.690001
2003-07-21,17.879999
2003-07-22,19.250000
2003-07-23,19.290001
2003-07-24,18.770000
2003-07-25,19.049999
2003-07-28,19.170000
2003-07-29,18.719999
2003-07-30,18.700001
2003-07-31,18.870001
2003-08-01,18.870001
2003-08-04,18.799999
2003-08-05,18.290001
2003-08-06,18.250000
2003-08-07,18.209999
2003-08-08,18.049999
2003-08-11,18.480000
2003-08-12,18.889999
2003-08-13,19.320000
2003-08-14,20.049999
2003-08-15,20.180000
2003-08-18,20.910000
2003-08-19,21.090000
2003-08-20,20.799999
2003-08-21,22.150000
2003-08-22,22.809999
2003-08-25,22.610001
2003-08-26,22.680000
2003-08-27,23.490000
2003-08-28,23.760000
2003-08-29,23.850000
2003-09-02,24.040001
2003-09-03,23.650000
2003-09-04,24.160000
2003-09-05,25.129999
2003-09-08,26.030001
2003-09-09,25.320000
2003-09-10,23.420000
2003-09-11,23.690001
2003-09-12,23.879999
2003-09-15,23.629999
2003-09-16,24.750000
2003-09-17,24.240000
2003-09-18,24.389999
2003-09-19,24.170000
2003-09-22,23.450001
2003-09-23,24.110001
2003-09-24,23.080000
2003-09-25,23.059999
2003-09-26,22.580000
2003-09-29,23.150000
2003-09-30,22.799999
2003-10-01,23.250000
2003-10-02,23.500000
2003-10-03,24.650000
2003-10-06,24.450001
2003-10-07,24.719999
2003-10-08,24.680000
2003-10-09,24.990000
2003-10-10,25.480000
2003-10-13,25.580000
2003-10-14,25.840000
2003-10-15,25.549999
2003-10-16,25.600000
2003-10-17,24.959999
2003-10-20,25.670000
2003-10-21,27.280001
2003-10-22,27.010000
2003-10-23,27.309999
2003-10-24,27.450001
2003-10-27,28.100000
2003-10-28,29.350000
2003-10-29,29.180000
2003-10-30,29.520000
2003-10-31,28.920000
2003-11-03,29.930000
2003-11-04,29.840000
2003-11-05,30.430000
2003-11-06,30.790001
2003-11-07,30.920000
2003-11-10,30.090000
2003-11-11,29.660000
2003-11-12,30.700001
2003-11-13,30.190001
2003-11-14,28.830000
2003-11-17,28.340000
2003-11-18,27.860001
2003-11-19,28.230000
2003-11-20,27.860001
2003-11-21,28.350000
2003-11-24,29.440001
2003-11-25,29.450001
2003-11-26,29.650000
2003-11-28,29.760000
2003-12-01,30.180000
2003-12-02,30.110001
2003-12-03,29.500000
2003-12-04,29.139999
2003-12-05,28.360001
2003-12-08,28.240000
2003-12-09,27.490000
2003-12-10,27.920000
2003-12-11,28.600000
2003-12-12,28.719999
2003-12-15,28.340000
2003-12-16,27.920000
2003-12-17,27.680000
2003-12-18,28.879999
2003-12-19,28.340000
2003-12-22,28.719999
2003-12-23,29.170000
2003-12-24,28.980000
2003-12-26,28.830000
2003-12-29,29.420000
2003-12-30,29.469999
2003-12-31,29.379999
2004-01-02,29.309999
2004-01-05,29.930000
2004-01-06,29.990000
2004-01-07,29.950001
2004-01-08,31.850000
2004-01-09,31.780001
2004-01-12,32.799999
2004-01-13,32.189999
2004-01-14,32.480000
2004-01-15,33.650002
2004-01-16,33.529999
2004-01-20,33.430000
2004-01-21,32.310001
2004-01-22,31.730000
2004-01-23,30.969999
2004-01-26,31.990000
2004-01-27,30.500000
2004-01-28,30.700001
2004-01-29,30.590000
2004-01-30,31.350000
2004-02-02,30.910000
2004-02-03,30.760000
2004-02-04,30.070000
2004-02-05,30.030001
2004-02-06,31.309999
2004-02-09,31.219999
2004-02-10,31.350000
2004-02-11,31.620001
2004-02-12,31.299999
2004-02-13,30.770000
2004-02-17,31.170000
2004-02-18,31.440001
2004-02-19,30.900000
2004-02-20,30.620001
2004-02-23,29.740000
2004-02-24,29.910000
2004-02-25,30.660000
2004-02-26,31.250000
2004-02-27,30.650000
2004-03-01,31.020000
2004-03-02,31.280001
2004-03-03,30.740000
2004-03-04,31.120001
2004-03-05,31.469999
2004-03-08,30.600000
2004-03-09,30.260000
2004-03-10,29.680000
2004-03-11,29.200001
2004-03-12,29.809999
2004-03-15,29.120001
2004-03-16,29.570000
2004-03-17,29.750000
2004-03-18,29.290001
2004-03-19,27.790001
2004-03-22,27.309999
2004-03-23,27.150000
2004-03-24,27.580000
2004-03-25,28.809999
2004-03-26,28.590000
2004-03-29,29.090000
2004-03-30,29.049999
2004-03-31,29.219999
2004-04-01,29.900000
2004-04-02,30.410000
2004-04-05,30.940001
2004-04-06,29.160000
2004-04-07,29.299999
2004-04-08,29.180000
2004-04-12,29.469999
2004-04-13,28.980000
2004-04-14,28.680000
2004-04-15,28.020000
2004-04-16,27.660000
2004-04-19,28.400000
2004-04-20,27.350000
2004-04-21,27.360001
2004-04-22,27.639999
2004-04-23,27.940001
2004-04-26,27.459999
2004-04-27,27.100000
2004-04-28,26.719999
2004-04-29,25.430000
2004-04-30,25.100000
2004-05-03,24.450001
2004-05-04,24.700001
2004-05-05,24.910000
2004-05-06,25.080000
2004-05-07,25.420000
2004-05-10,25.629999
2004-05-11,26.340000
2004-05-12,25.980000
2004-05-13,25.700001
2004-05-14,25.360001
2004-05-17,25.150000
2004-05-18,25.230000
2004-05-19,25.440001
2004-05-20,25.170000
2004-05-21,24.940001
2004-05-24,24.850000
2004-05-25,25.330000
2004-05-26,25.040001
2004-05-27,25.840000
2004-05-28,26.110001
2004-06-01,25.860001
2004-06-02,25.180000
2004-06-03,24.340000
2004-06-04,25.209999
2004-06-07,26.230000
2004-06-08,26.040001
2004-06-09,25.219999
2004-06-10,25.129999
2004-06-14,24.459999
2004-06-15,24.629999
2004-06-16,24.160000
2004-06-17,23.250000
2004-06-18,23.180000
2004-06-21,23.000000
2004-06-22,23.850000
2004-06-23,24.320000
2004-06-24,24.110001
2004-06-25,24.030001
2004-06-28,23.780001
2004-06-29,24.049999
2004-06-30,24.180000
2004-07-01,23.540001
2004-07-02,23.020000
2004-07-06,22.299999
2004-07-07,22.610001
2004-07-08,22.290001
2004-07-09,22.719999
2004-07-12,22.340000
2004-07-13,22.420000
2004-07-14,22.389999
2004-07-15,21.860001
2004-07-16,21.139999
2004-07-19,20.930000
2004-07-20,21.760000
2004-07-21,20.629999
2004-07-22,21.250000
2004-07-23,20.790001
2004-07-26,20.629999
2004-07-27,20.590000
2004-07-28,20.760000
2004-07-29,21.340000
2004-07-30,21.330000
2004-08-02,21.200001
2004-08-03,20.370001
2004-08-04,20.330000
2004-08-05,20.020000
2004-08-06,19.670000
2004-08-09,19.600000
2004-08-10,19.910000
2004-08-11,18.540001
2004-08-12,18.400000
2004-08-13,18.440001
2004-08-16,18.770000
2004-08-17,19.000000
2004-08-18,19.809999
2004-08-19,19.850000
2004-08-20,19.900000
2004-08-23,20.260000
2004-08-24,19.690001
2004-08-25,20.030001
2004-08-26,20.020000
2004-08-27,20.340000
2004-08-30,19.709999
2004-08-31,19.540001
2004-09-01,19.770000
2004-09-02,20.129999
2004-09-03,19.170000
2004-09-07,18.709999
2004-09-08,18.830000
2004-09-09,20.770000
2004-09-10,21.940001
2004-09-13,22.170000
2004-09-14,22.389999
2004-09-15,21.850000
2004-09-16,21.590000
2004-09-17,22.080000
2004-09-20,22.730000
2004-09-21,22.889999
2004-09-22,22.379999
2004-09-23,22.450001
2004-09-24,21.690001
2004-09-27,21.139999
2004-09-28,20.780001
2004-09-29,21.400000
2004-09-30,21.280001
2004-10-01,22.660000
2004-10-04,23.040001
2004-10-05,22.830000
2004-10-06,23.100000
2004-10-07,22.790001
2004-10-08,22.049999
2004-10-11,21.889999
2004-10-12,21.299999
2004-10-13,21.730000
2004-10-14,21.379999
2004-10-15,21.219999
2004-10-18,21.090000
2004-10-19,22.549999
2004-10-20,22.870001
2004-10-21,23.049999
2004-10-22,22.309999
2004-10-25,22.469999
2004-10-26,22.889999
2004-10-27,23.770000
2004-10-28,24.340000
2004-10-29,24.450001
2004-11-01,24.820000
2004-11-02,24.299999
2004-11-03,23.920000
2004-11-04,24.260000
2004-11-05,24.700001
2004-11-08,24.740000
2004-11-09,24.750000
2004-11-10,23.969999
2004-11-11,24.270000
2004-11-12,24.690001
2004-11-15,24.820000
2004-11-16,24.430000
2004-11-17,25.209999
2004-11-18,25.360001
2004-11-19,24.750000
2004-11-22,24.549999
2004-11-23,24.330000
2004-11-24,24.629999
2004-11-26,24.590000
2004-11-29,24.570000
2004-11-30,24.180000
2004-12-01,25.180000
2004-12-02,24.910000
2004-12-03,25.100000
2004-12-06,25.290001
2004-12-07,25.020000
2004-12-08,24.049999
2004-12-09,23.700001
2004-12-10,23.629999
2004-12-13,23.690001
2004-12-14,24.340000
2004-12-15,24.420000
2004-12-16,24.030001
2004-12-17,23.440001
2004-12-20,23.400000
2004-12-21,23.629999
2004-12-22,23.889999
2004-12-23,23.860001
2004-12-27,23.799999
2004-12-28,23.900000
2004-12-29,24.330000
2004-12-30,24.450001
2004-12-31,24.620001
2005-01-03,24.180000
2005-01-04,23.600000
2005-01-05,22.889999
2005-01-06,22.799999
2005-01-07,22.920000
2005-01-10,22.610001
2005-01-11,22.370001
2005-01-12,22.389999
2005-01-13,22.200001
2005-01-14,22.469999
2005-01-18,22.500000
2005-01-19,21.920000
2005-01-20,21.379999
2005-01-21,21.030001
2005-01-24,20.770000
2005-01-25,21.120001
2005-01-26,22.660000
2005-01-27,22.879999
2005-01-28,23.110001
2005-01-31,23.209999
2005-02-01,23.580000
2005-02-02,23.490000
2005-02-03,23.129999
2005-02-04,24.799999
2005-02-07,24.700001
2005-02-08,25.350000
2005-02-09,24.629999
2005-02-10,24.910000
2005-02-11,25.860001
2005-02-14,25.950001
2005-02-15,26.040001
2005-02-16,26.090000
2005-02-17,25.480000
2005-02-18,25.320000
2005-02-22,25.570000
2005-02-23,25.469999
2005-02-24,25.959999
2005-02-25,26.700001
2005-02-28,26.469999
2005-03-01,27.150000
2005-03-02,26.969999
2005-03-03,26.580000
2005-03-04,26.889999
2005-03-07,27.370001
2005-03-08,26.340000
2005-03-09,26.639999
2005-03-10,27.080000
2005-03-11,26.200001
2005-03-14,26.260000
2005-03-15,25.719999
2005-03-16,25.450001
2005-03-17,25.639999
2005-03-18,25.440001
2005-03-21,25.219999
2005-03-22,25.000000
2005-03-23,25.340000
2005-03-24,25.510000
2005-03-28,25.490000
2005-03-29,25.180000
2005-03-30,25.750000
2005-03-31,25.490000
2005-04-01,24.959999
2005-04-04,24.850000
2005-04-05,24.870001
2005-04-06,24.730000
2005-04-07,25.070000
2005-04-08,24.910000
2005-04-11,24.700001
2005-04-12,24.219999
2005-04-13,23.639999
2005-04-14,23.389999
2005-04-15,22.760000
2005-04-18,22.920000
2005-04-19,24.170000
2005-04-20,24.020000
2005-04-21,24.680000
2005-04-22,24.420000
2005-04-25,24.620001
2005-04-26,24.540001
2005-04-27,24.709999
2005-04-28,24.610001
2005-04-29,24.959999
2005-05-02,25.129999
2005-05-03,25.200001
2005-05-04,25.780001
2005-05-05,26.040001
2005-05-06,26.410000
2005-05-09,26.389999
2005-05-10,25.879999
2005-05-11,26.100000
2005-05-12,26.320000
2005-05-13,26.500000
2005-05-16,26.959999
2005-05-17,27.410000
2005-05-18,27.559999
2005-05-19,27.379999
2005-05-20,27.700001
2005-05-23,27.379999
2005-05-24,27.530001
2005-05-25,27.490000
2005-05-26,27.950001
2005-05-27,27.750000
2005-05-31,27.639999
2005-06-01,27.790001
2005-06-02,28.040001
2005-06-03,27.980000
2005-06-06,27.750000
2005-06-07,27.280001
2005-06-08,27.900000
2005-06-09,28.030001
2005-06-10,27.379999
2005-06-13,27.350000
2005-06-14,27.020000
2005-06-15,27.139999
2005-06-16,27.219999
2005-06-17,27.320000
2005-06-20,27.639999
2005-06-21,28.000000
2005-06-22,28.340000
2005-06-23,28.219999
2005-06-24,28.010000
2005-06-27,27.530001
2005-06-28,28.260000
2005-06-29,28.219999
2005-06-30,28.070000
2005-07-01,28.030001
2005-07-05,28.940001
2005-07-06,29.200001
2005-07-07,29.400000
2005-07-08,29.750000
2005-07-11,30.650000
2005-07-12,30.590000
2005-07-13,30.629999
2005-07-14,30.770000
2005-07-15,30.760000
2005-07-18,30.990000
2005-07-19,31.180000
2005-07-20,31.500000
2005-07-21,30.879999
2005-07-22,30.760000
2005-07-25,30.600000
2005-07-26,32.299999
2005-07-27,31.799999
2005-07-28,31.709999
2005-07-29,31.760000
2005-08-01,31.889999
2005-08-02,32.660000
2005-08-03,32.500000
2005-08-04,31.900000
2005-08-05,31.309999
2005-08-08,31.530001
2005-08-09,32.509998
2005-08-10,32.529999
2005-08-11,32.720001
2005-08-12,31.790001
2005-08-15,32.200001
2005-08-16,31.889999
2005-08-17,32.189999
2005-08-18,31.530001
2005-08-19,31.160000
2005-08-22,31.950001
2005-08-23,32.000000
2005-08-24,32.180000
2005-08-25,32.320000
2005-08-26,32.060001
2005-08-29,32.509998
2005-08-30,32.169998
2005-08-31,32.680000
2005-09-01,32.759998
2005-09-02,32.500000
2005-09-06,33.169998
2005-09-07,33.299999
2005-09-08,33.750000
2005-09-09,33.740002
2005-09-12,33.110001
2005-09-13,33.959999
2005-09-14,33.950001
2005-09-15,33.060001
2005-09-16,32.799999
2005-09-19,32.770000
2005-09-20,32.700001
2005-09-21,32.189999
2005-09-22,32.730000
2005-09-23,33.900002
2005-09-26,33.770000
2005-09-27,32.919998
2005-09-28,32.840000
2005-09-29,33.180000
2005-09-30,33.900002
2005-10-03,33.880001
2005-10-04,32.009998
2005-10-05,31.389999
2005-10-06,30.530001
2005-10-07,30.629999
2005-10-10,30.059999
2005-10-11,29.370001
2005-10-12,30.100000
2005-10-13,30.889999
2005-10-14,29.930000
2005-10-17,29.770000
2005-10-18,29.799999
2005-10-19,30.070000
2005-10-20,29.770000
2005-10-21,30.520000
2005-10-24,30.920000
2005-10-25,28.549999
2005-10-26,28.230000
2005-10-27,27.469999
2005-10-28,28.000000
2005-10-31,28.549999
2005-11-01,28.549999
2005-11-02,29.639999
2005-11-03,30.809999
2005-11-04,30.950001
2005-11-07,31.049999
2005-11-08,31.129999
2005-11-09,31.250000
2005-11-10,31.620001
2005-11-11,31.120001
2005-11-14,31.879999
2005-11-15,31.469999
2005-11-16,31.549999
2005-11-17,31.879999
2005-11-18,31.879999
2005-11-21,31.799999
2005-11-22,32.549999
2005-11-23,32.200001
2005-11-25,32.160000
2005-11-28,32.000000
2005-11-29,31.860001
2005-11-30,32.480000
2005-12-01,33.849998
2005-12-02,34.110001
2005-12-05,33.209999
2005-12-06,33.290001
2005-12-07,33.560001
2005-12-08,32.630001
2005-12-09,33.369999
2005-12-12,33.570000
2005-12-13,33.509998
2005-12-14,33.709999
2005-12-15,33.290001
2005-12-16,33.070000
2005-12-19,32.029999
2005-12-20,31.840000
2005-12-21,32.070000
2005-12-22,32.720001
2005-12-23,32.930000
2005-12-27,32.320000
2005-12-28,32.709999
2005-12-29,32.410000
2005-12-30,32.070000
2006-01-03,33.240002
2006-01-04,33.540001
2006-01-05,34.139999
2006-01-06,34.450001
2006-01-09,34.180000
2006-01-10,33.840000
2006-01-11,33.799999
2006-01-12,33.369999
2006-01-13,33.029999
2006-01-17,32.240002
2006-01-18,32.099998
2006-01-19,32.500000
2006-01-20,31.660000
2006-01-23,31.700001
2006-01-24,30.690001
2006-01-25,29.889999
2006-01-26,30.160000
2006-01-27,30.230000
2006-01-30,30.049999
2006-01-31,29.230000
2006-02-01,29.770000
2006-02-02,29.760000
2006-02-03,30.000000
2006-02-06,30.540001
2006-02-07,30.620001
2006-02-08,30.719999
2006-02-09,31.049999
2006-02-10,30.910000
2006-02-13,30.480000
2006-02-14,30.559999
2006-02-15,30.620001
2006-02-16,31.750000
2006-02-17,31.480000
2006-02-21,30.650000
2006-02-22,31.020000
2006-02-23,29.860001
2006-02-24,29.680000
2006-02-27,29.639999
2006-02-28,29.850000
2006-03-01,32.180000
2006-03-02,32.349998
2006-03-03,32.290001
2006-03-06,32.330002
2006-03-07,31.260000
2006-03-08,31.340000
2006-03-09,30.820000
2006-03-10,30.770000
2006-03-13,30.889999
2006-03-14,31.219999
2006-03-15,31.280001
2006-03-16,30.150000
2006-03-17,30.190001
2006-03-20,30.120001
2006-03-21,30.150000
2006-03-22,30.010000
2006-03-23,30.450001
2006-03-24,30.889999
2006-03-27,31.270000
2006-03-28,30.950001
2006-03-29,31.990000
2006-03-30,33.080002
2006-03-31,32.470001
2006-04-03,32.290001
2006-04-04,32.340000
2006-04-05,33.220001
2006-04-06,33.630001
2006-04-07,33.070000
2006-04-10,32.759998
2006-04-11,32.889999
2006-04-12,32.869999
2006-04-13,32.680000
2006-04-17,32.680000
2006-04-18,34.000000
2006-04-19,34.450001
2006-04-20,35.560001
2006-04-21,35.340000
2006-04-24,35.029999
2006-04-25,35.509998
2006-04-26,34.830002
2006-04-27,35.139999
2006-04-28,34.709999
2006-05-01,34.380001
2006-05-02,34.389999
2006-05-03,34.810001
2006-05-04,34.599998
2006-05-05,34.950001
2006-05-08,34.529999
2006-05-09,34.340000
2006-05-10,33.700001
2006-05-11,33.360001
2006-05-12,33.209999
2006-05-15,32.910000
2006-05-16,32.959999
2006-05-17,32.139999
2006-05-18,31.799999
2006-05-19,31.969999
2006-05-22,31.620001
2006-05-23,30.950001
2006-05-24,31.830000
2006-05-25,31.709999
2006-05-26,31.639999
2006-05-30,31.070000
2006-05-31,31.230000
2006-06-01,31.930000
2006-06-02,32.130001
2006-06-05,31.230000
2006-06-06,31.430000
2006-06-07,30.719999
2006-06-08,30.719999
2006-06-09,29.680000
2006-06-12,28.959999
2006-06-13,28.990000
2006-06-14,28.900000
2006-06-15,30.030001
2006-06-16,29.559999
2006-06-19,30.000000
2006-06-20,29.900000
2006-06-21,30.350000
2006-06-22,29.670000
2006-06-23,29.389999
2006-06-26,30.000000
2006-06-27,29.650000
2006-06-28,28.959999
2006-06-29,30.000000
2006-06-30,30.290001
2006-07-03,30.709999
2006-07-05,29.920000
2006-07-06,29.500000
2006-07-07,29.170000
2006-07-10,28.920000
2006-07-11,29.629999
2006-07-12,29.209999
2006-07-13,28.290001
2006-07-14,28.750000
2006-07-17,28.370001
2006-07-18,28.100000
2006-07-19,28.200001
2006-07-20,28.049999
2006-07-21,27.000000
2006-07-24,27.840000
2006-07-25,28.950001
2006-07-26,29.459999
2006-07-27,29.480000
2006-07-28,29.350000
2006-07-31,29.780001
2006-08-01,29.150000
2006-08-02,29.440001
2006-08-03,30.260000
2006-08-04,30.030001
2006-08-07,29.980000
2006-08-08,30.200001
2006-08-09,30.490000
2006-08-10,31.230000
2006-08-11,30.520000
2006-08-14,30.900000
2006-08-15,32.040001
2006-08-16,32.820000
2006-08-17,32.950001
2006-08-18,33.090000
2006-08-21,32.709999
2006-08-22,32.490002
2006-08-23,31.480000
2006-08-24,31.520000
2006-08-25,31.440001
2006-08-28,31.760000
2006-08-29,32.299999
2006-08-30,32.680000
2006-08-31,32.590000
2006-09-01,31.930000
2006-09-05,32.029999
2006-09-06,31.150000
2006-09-07,30.500000
2006-09-08,31.000000
2006-09-11,31.780001
2006-09-12,32.500000
2006-09-13,32.049999
2006-09-14,31.629999
2006-09-15,31.930000
2006-09-18,32.349998
2006-09-19,31.799999
2006-09-20,32.340000
2006-09-21,31.469999
2006-09-22,32.009998
2006-09-25,32.740002
2006-09-26,33.220001
2006-09-27,33.270000
2006-09-28,33.889999
2006-09-29,33.250000
2006-10-02,32.959999
2006-10-03,32.250000
2006-10-04,32.160000
2006-10-05,31.600000
2006-10-06,31.309999
2006-10-09,31.430000
2006-10-10,31.230000
2006-10-11,31.980000
2006-10-12,32.490002
2006-10-13,32.810001
2006-10-16,33.060001
2006-10-17,32.360001
2006-10-18,31.570000
2006-10-19,31.620001
2006-10-20,31.370001
2006-10-23,31.879999
2006-10-24,30.520000
2006-10-25,30.730000
2006-10-26,30.700001
2006-10-27,29.900000
2006-10-30,30.160000
2006-10-31,30.180000
2006-11-01,29.969999
2006-11-02,29.740000
2006-11-03,29.570000
2006-11-06,29.740000
2006-11-07,29.740000
2006-11-08,29.350000
2006-11-09,28.660000
2006-11-10,28.740000
2006-11-13,28.959999
2006-11-14,29.660000
2006-11-15,30.170000
2006-11-16,30.260000
2006-11-17,30.040001
2006-11-20,30.170000
2006-11-21,29.670000
2006-11-22,30.190001
2006-11-24,30.020000
2006-11-27,29.379999
2006-11-28,29.520000
2006-11-29,29.180000
2006-11-30,29.549999
2006-12-01,29.129999
2006-12-04,29.639999
2006-12-05,29.700001
2006-12-06,30.070000
2006-12-07,29.750000
2006-12-08,29.400000
2006-12-11,29.299999
2006-12-12,29.770000
2006-12-13,29.430000
2006-12-14,29.930000
2006-12-15,29.670000
2006-12-18,29.629999
2006-12-19,28.870001
2006-12-20,29.100000
2006-12-21,28.760000
2006-12-22,28.549999
2006-12-26,28.610001
2006-12-27,28.959999
2006-12-28,29.010000
2006-12-29,28.799999
2007-01-03,28.559999
2007-01-04,29.100000
2007-01-05,28.760000
2007-01-08,28.900000
2007-01-09,28.840000
2007-01-10,29.330000
2007-01-11,29.030001
2007-01-12,29.059999
2007-01-16,28.879999
2007-01-17,29.129999
2007-01-18,28.320000
2007-01-19,28.389999
2007-01-22,28.590000
2007-01-23,29.600000
2007-01-24,30.000000
2007-01-25,30.469999
2007-01-26,31.020000
2007-01-29,30.940001
2007-01-30,30.840000
2007-01-31,31.190001
2007-02-01,31.370001
2007-02-02,31.389999
2007-02-05,31.590000
2007-02-06,31.219999
2007-02-07,31.040001
2007-02-08,31.080000
2007-02-09,30.920000
2007-02-12,30.510000
2007-02-13,30.270000
2007-02-14,30.950001
2007-02-15,31.160000
2007-02-16,30.780001
2007-02-20,31.049999
2007-02-21,30.980000
2007-02-22,32.090000
2007-02-23,32.209999
2007-02-26,31.770000
2007-02-27,30.670000
2007-02-28,30.959999
2007-03-01,30.790001
2007-03-02,30.760000
2007-03-05,30.900000
2007-03-06,31.350000
2007-03-07,31.139999
2007-03-08,31.700001
2007-03-09,32.459999
2007-03-12,32.590000
2007-03-13,31.740000
2007-03-14,31.670000
2007-03-15,31.570000
2007-03-16,31.280001
2007-03-19,31.219999
2007-03-20,31.350000
2007-03-21,31.700001
2007-03-22,31.250000
2007-03-23,31.360001
2007-03-26,31.150000
2007-03-27,31.219999
2007-03-28,30.700001
2007-03-29,30.389999
2007-03-30,30.100000
2007-04-02,29.900000
2007-04-03,30.070000
2007-04-04,30.600000
2007-04-05,30.820000
2007-04-09,30.820000
2007-04-10,31.260000
2007-04-11,30.780001
2007-04-12,31.000000
2007-04-13,30.830000
2007-04-16,31.510000
2007-04-17,31.309999
2007-04-18,31.950001
2007-04-19,32.490002
2007-04-20,32.500000
2007-04-23,32.410000
2007-04-24,34.919998
2007-04-25,35.340000
2007-04-26,35.160000
2007-04-27,34.830002
2007-04-30,34.369999
2007-05-01,34.840000
2007-05-02,35.110001
2007-05-03,35.090000
2007-05-04,35.160000
2007-05-07,35.200001
2007-05-08,35.169998
2007-05-09,36.830002
2007-05-10,36.619999
2007-05-11,36.700001
2007-05-14,36.930000
2007-05-15,36.669998
2007-05-16,36.410000
2007-05-17,35.939999
2007-05-18,35.869999
2007-05-21,35.549999
2007-05-22,35.490002
2007-05-23,35.009998
2007-05-24,34.610001
2007-05-25,34.889999
2007-05-29,34.950001
2007-05-30,35.009998
2007-05-31,35.360001
2007-06-01,35.919998
2007-06-04,35.700001
2007-06-05,35.209999
2007-06-06,35.040001
2007-06-07,34.389999
2007-06-08,35.970001
2007-06-11,35.790001
2007-06-12,35.040001
2007-06-13,35.840000
2007-06-14,36.630001
2007-06-15,36.860001
2007-06-18,37.500000
2007-06-19,36.970001
2007-06-20,36.750000
2007-06-21,37.480000
2007-06-22,37.110001
2007-06-25,37.070000
2007-06-26,37.040001
2007-06-27,37.779999
2007-06-28,37.740002
2007-06-29,37.630001
2007-07-02,38.060001
2007-07-03,38.200001
2007-07-05,38.119999
2007-07-06,38.340000
2007-07-09,38.250000
2007-07-10,38.110001
2007-07-11,38.110001
2007-07-12,38.750000
2007-07-13,38.700001
2007-07-16,39.070000
2007-07-17,39.180000
2007-07-18,38.520000
2007-07-19,38.400002
2007-07-20,38.009998
2007-07-23,38.180000
2007-07-24,36.459999
2007-07-25,36.790001
2007-07-26,35.970001
2007-07-27,35.130001
2007-07-30,35.950001
2007-07-31,35.189999
2007-08-01,35.110001
2007-08-02,34.820000
2007-08-03,33.740002
2007-08-06,34.009998
2007-08-07,34.009998
2007-08-08,33.730000
2007-08-09,33.130001
2007-08-10,33.090000
2007-08-13,33.169998
2007-08-14,32.959999
2007-08-15,32.320000
2007-08-16,32.529999
2007-08-17,33.090000
2007-08-20,33.470001
2007-08-21,33.680000
2007-08-22,34.130001
2007-08-23,34.150002
2007-08-24,35.049999
2007-08-27,34.459999
2007-08-28,33.419998
2007-08-29,34.290001
2007-08-30,34.080002
2007-08-31,34.240002
2007-09-04,35.230000
2007-09-05,35.400002
2007-09-06,36.049999
2007-09-07,35.299999
2007-09-10,35.220001
2007-09-11,35.720001
2007-09-12,35.119999
2007-09-13,34.900002
2007-09-14,34.680000
2007-09-17,34.580002
2007-09-18,34.740002
2007-09-19,35.220001
2007-09-20,35.770000
2007-09-21,36.619999
2007-09-24,36.459999
2007-09-25,36.240002
2007-09-26,36.299999
2007-09-27,36.790001
2007-09-28,36.590000
2007-10-01,36.810001
2007-10-02,36.630001
2007-10-03,36.110001
2007-10-04,36.200001
2007-10-05,36.540001
2007-10-08,36.410000
2007-10-09,36.590000
2007-10-10,36.389999
2007-10-11,35.230000
2007-10-12,35.389999
2007-10-15,34.419998
2007-10-16,34.410000
2007-10-17,35.029999
2007-10-18,34.400002
2007-10-19,33.919998
2007-10-22,34.270000
2007-10-23,31.430000
2007-10-24,31.530001
2007-10-25,31.330000
2007-10-26,31.719999
2007-10-29,32.189999
2007-10-30,32.160000
2007-10-31,32.599998
2007-11-01,32.099998
2007-11-02,32.110001
2007-11-05,32.180000
2007-11-06,33.220001
2007-11-07,32.270000
2007-11-08,31.980000
2007-11-09,31.770000
2007-11-12,31.389999
2007-11-13,31.850000
2007-11-14,31.070000
2007-11-15,30.889999
2007-11-16,31.740000
2007-11-19,30.910000
2007-11-20,30.959999
2007-11-21,30.639999
2007-11-23,30.910000
2007-11-26,30.410000
2007-11-27,30.709999
2007-11-28,31.889999
2007-11-29,31.860001
2007-11-30,31.570000
2007-12-03,31.570000
2007-12-04,31.700001
2007-12-05,32.380001
2007-12-06,32.270000
2007-12-07,32.480000
2007-12-10,32.669998
2007-12-11,32.930000
2007-12-12,33.369999
2007-12-13,33.490002
2007-12-14,33.290001
2007-12-17,33.209999
2007-12-18,33.209999
2007-12-19,33.040001
2007-12-20,33.450001
2007-12-21,33.799999
2007-12-24,34.119999
2007-12-26,34.099998
2007-12-27,33.639999
2007-12-28,33.490002
2007-12-31,33.400002
2008-01-02,32.349998
2008-01-03,31.639999
2008-01-04,30.530001
2008-01-07,30.490000
2008-01-08,30.500000
2008-01-09,30.480000
2008-01-10,30.430000
2008-01-11,29.900000
2008-01-14,30.400000
2008-01-15,29.719999
2008-01-16,29.500000
2008-01-17,29.290001
2008-01-18,29.459999
2008-01-22,28.980000
2008-01-23,30.299999
2008-01-24,30.420000
2008-01-25,29.790001
2008-01-28,30.320000
2008-01-29,30.370001
2008-01-30,30.850000
2008-01-31,30.950001
2008-02-01,31.520000
2008-02-04,31.160000
2008-02-05,29.740000
2008-02-06,29.490000
2008-02-07,29.209999
2008-02-08,29.600000
2008-02-11,30.160000
2008-02-12,30.309999
2008-02-13,30.850000
2008-02-14,30.219999
2008-02-15,30.129999
2008-02-19,29.799999
2008-02-20,30.309999
2008-02-21,29.959999
2008-02-22,30.170000
2008-02-25,30.379999
2008-02-26,31.150000
2008-02-27,31.420000
2008-02-28,31.020000
2008-02-29,29.959999
2008-03-03,29.930000
2008-03-04,29.270000
2008-03-05,29.750000
2008-03-06,29.200001
2008-03-07,29.299999
2008-03-10,29.650000
2008-03-11,28.760000
2008-03-12,28.379999
2008-03-13,29.020000
2008-03-14,28.209999
2008-03-17,28.680000
2008-03-18,29.480000
2008-03-19,28.110001
2008-03-20,28.280001
2008-03-24,29.070000
2008-03-25,29.290001
2008-03-26,28.950001
2008-03-27,28.590000
2008-03-28,28.340000
2008-03-31,28.270000
2008-04-01,29.320000
2008-04-02,29.540001
2008-04-03,30.129999
2008-04-04,29.889999
2008-04-07,30.059999
2008-04-08,29.209999
2008-04-09,29.520000
2008-04-10,30.070000
2008-04-11,29.420000
2008-04-14,28.719999
2008-04-15,28.719999
2008-04-16,29.610001
2008-04-17,28.790001
2008-04-18,29.600000
2008-04-21,30.590000
2008-04-22,28.820000
2008-04-23,29.059999
2008-04-24,29.600000
2008-04-25,29.559999
2008-04-28,29.360001
2008-04-29,29.660000
2008-04-30,29.160000
2008-05-01,29.600000
2008-05-02,29.700001
2008-05-05,29.270000
2008-05-06,29.639999
2008-05-07,29.520000
2008-05-08,29.770000
2008-05-09,29.809999
2008-05-12,29.930000
2008-05-13,29.879999
2008-05-14,30.450001
2008-05-15,31.360001
2008-05-16,31.790001
2008-05-19,32.529999
2008-05-20,32.169998
2008-05-21,32.130001
2008-05-22,31.830000
2008-05-23,31.750000
2008-05-27,32.340000
2008-05-28,32.490002
2008-05-29,32.700001
2008-05-30,32.480000
2008-06-02,32.119999
2008-06-03,31.570000
2008-06-04,31.969999
2008-06-05,32.029999
2008-06-06,31.240000
2008-06-09,31.330000
2008-06-10,30.420000
2008-06-11,29.760000
2008-06-12,29.549999
2008-06-13,30.170000
2008-06-16,30.180000
2008-06-17,29.940001
2008-06-18,29.379999
2008-06-19,29.990000
2008-06-20,29.400000
2008-06-23,29.020000
2008-06-24,29.030001
2008-06-25,29.690001
2008-06-26,28.709999
2008-06-27,28.510000
2008-06-30,28.160000
2008-07-01,27.639999
2008-07-02,27.200001
2008-07-03,27.440001
2008-07-07,27.430000
2008-07-08,27.620001
2008-07-09,26.740000
2008-07-10,27.299999
2008-07-11,27.500000
2008-07-14,27.120001
2008-07-15,27.080000
2008-07-16,28.059999
2008-07-17,29.129999
2008-07-18,28.820000
2008-07-21,28.520000
2008-07-22,24.350000
2008-07-23,25.020000
2008-07-24,23.879999
2008-07-25,24.000000
2008-07-28,23.969999
2008-07-29,24.290001
2008-07-30,24.500000
2008-07-31,24.379999
2008-08-01,24.139999
2008-08-04,24.150000
2008-08-05,24.940001
2008-08-06,25.010000
2008-08-07,25.100000
2008-08-08,25.740000
2008-08-11,26.139999
2008-08-12,26.400000
2008-08-13,26.150000
2008-08-14,25.770000
2008-08-15,25.520000
2008-08-18,25.240000
2008-08-19,24.809999
2008-08-20,24.400000
2008-08-21,24.389999
2008-08-22,24.650000
2008-08-25,24.320000
2008-08-26,24.250000
2008-08-27,24.350000
2008-08-28,24.690001
2008-08-29,24.510000
2008-09-02,24.430000
2008-09-03,23.490000
2008-09-04,22.400000
2008-09-05,22.639999
2008-09-08,22.379999
2008-09-09,21.709999
2008-09-10,21.850000
2008-09-11,22.190001
2008-09-12,22.150000
2008-09-15,21.910000
2008-09-16,22.590000
2008-09-17,22.090000
2008-09-18,22.750000
2008-09-19,23.600000
2008-09-22,22.709999
2008-09-23,22.030001
2008-09-24,22.110001
2008-09-25,22.690001
2008-09-26,23.260000
2008-09-29,21.510000
2008-09-30,21.500000
2008-10-01,21.639999
2008-10-02,20.660000
2008-10-03,21.059999
2008-10-06,20.639999
2008-10-07,19.500000
2008-10-08,19.340000
2008-10-09,18.520000
2008-10-10,19.160000
2008-10-13,20.200001
2008-10-14,18.850000
2008-10-15,17.350000
2008-10-16,17.629999
2008-10-17,17.650000
2008-10-20,17.980000
2008-10-21,16.850000
2008-10-22,16.280001
2008-10-23,17.080000
2008-10-24,16.950001
2008-10-27,17.660000
2008-10-28,19.480000
2008-10-29,18.129999
2008-10-30,19.129999
2008-10-31,19.559999
2008-11-03,18.910000
2008-11-04,19.090000
2008-11-05,18.280001
2008-11-06,17.139999
2008-11-07,17.219999
2008-11-10,16.920000
2008-11-11,16.889999
2008-11-12,16.360001
2008-11-13,17.389999
2008-11-14,16.110001
2008-11-17,15.910000
2008-11-18,15.830000
2008-11-19,14.630000
2008-11-20,14.020000
2008-11-21,14.670000
2008-11-24,15.260000
2008-11-25,14.580000
2008-11-26,15.520000
2008-11-28,15.570000
2008-12-01,14.010000
2008-12-02,14.640000
2008-12-03,15.260000
2008-12-04,14.470000
2008-12-05,14.560000
2008-12-08,14.820000
2008-12-09,15.550000
2008-12-10,15.730000
2008-12-11,15.140000
2008-12-12,15.590000
2008-12-15,15.470000
2008-12-16,16.290001
2008-12-17,16.250000
2008-12-18,15.060000
2008-12-19,15.080000
2008-12-22,14.710000
2008-12-23,14.260000
2008-12-24,14.450000
2008-12-26,14.350000
2008-12-29,14.670000
2008-12-30,15.160000
2008-12-31,15.520000
2009-01-02,16.040001
2009-01-05,15.860000
2009-01-06,16.450001
2009-01-07,15.580000
2009-01-08,15.280000
2009-01-09,14.960000
2009-01-12,14.730000
2009-01-13,14.840000
2009-01-14,14.100000
2009-01-15,14.540000
2009-01-16,15.020000
2009-01-20,14.410000
2009-01-21,14.560000
2009-01-22,14.360000
2009-01-23,14.990000
2009-01-26,14.770000
2009-01-27,15.310000
2009-01-28,15.560000
2009-01-29,14.950000
2009-01-30,14.950000
2009-02-02,15.690000
2009-02-03,16.020000
2009-02-04,16.450001
2009-02-05,16.840000
2009-02-06,17.379999
2009-02-09,17.299999
2009-02-10,16.520000
2009-02-11,16.230000
2009-02-12,16.389999
2009-02-13,16.950001
2009-02-17,15.770000
2009-02-18,15.850000
2009-02-19,14.960000
2009-02-20,15.040000
2009-02-23,14.690000
2009-02-24,15.290000
2009-02-25,15.360000
2009-02-26,14.640000
2009-02-27,14.350000
2009-03-02,13.770000
2009-03-03,14.200000
2009-03-04,14.850000
2009-03-05,14.900000
2009-03-06,14.710000
2009-03-09,14.690000
2009-03-10,15.660000
2009-03-11,15.710000
2009-03-12,15.940000
2009-03-13,16.209999
2009-03-16,15.710000
2009-03-17,16.450001
2009-03-18,16.879999
2009-03-19,16.600000
2009-03-20,15.780000
2009-03-23,17.010000
2009-03-24,16.650000
2009-03-25,16.430000
2009-03-26,17.360001
2009-03-27,17.120001
2009-03-30,16.420000
2009-03-31,16.510000
2009-04-01,16.250000
2009-04-02,16.469999
2009-04-03,16.959999
2009-04-06,16.510000
2009-04-07,16.360001
2009-04-08,16.790001
2009-04-09,17.240000
2009-04-13,17.170000
2009-04-14,17.330000
2009-04-15,17.010000
2009-04-16,17.799999
2009-04-17,17.969999
2009-04-20,17.320000
2009-04-21,17.110001
2009-04-22,17.650000
2009-04-23,17.340000
2009-04-24,17.879999
2009-04-27,17.469999
2009-04-28,17.000000
2009-04-29,17.379999
2009-04-30,18.059999
2009-05-01,17.950001
2009-05-04,18.360001
2009-05-05,17.860001
2009-05-06,18.309999
2009-05-07,17.580000
2009-05-08,17.299999
2009-05-11,17.260000
2009-05-12,16.830000
2009-05-13,17.070000
2009-05-14,17.540001
2009-05-15,17.629999
2009-05-18,17.900000
2009-05-19,18.080000
2009-05-20,18.400000
2009-05-21,17.959999
2009-05-22,18.500000
2009-05-26,19.000000
2009-05-27,18.980000
2009-05-28,19.270000
2009-05-29,19.400000
2009-06-01,20.360001
2009-06-02,20.090000
2009-06-03,20.049999
2009-06-04,20.080000
2009-06-05,19.680000
2009-06-08,19.770000
2009-06-09,21.020000
2009-06-10,20.959999
2009-06-11,20.840000
2009-06-12,20.790001
2009-06-15,21.129999
2009-06-16,20.730000
2009-06-17,21.410000
2009-06-18,21.330000
2009-06-19,21.660000
2009-06-22,20.969999
2009-06-23,20.610001
2009-06-24,20.980000
2009-06-25,21.350000
2009-06-26,21.450001
2009-06-29,21.299999
2009-06-30,21.299999
2009-07-01,21.600000
2009-07-02,21.299999
2009-07-06,21.400000
2009-07-07,20.770000
2009-07-08,20.420000
2009-07-09,20.440001
2009-07-10,20.450001
2009-07-13,20.850000
2009-07-14,21.100000
2009-07-15,21.889999
2009-07-16,22.340000
2009-07-17,23.010000
2009-07-20,23.610001
2009-07-21,23.070000
2009-07-22,23.309999
2009-07-23,23.820000
2009-07-24,24.090000
2009-07-27,24.010000
2009-07-28,24.190001
2009-07-29,24.139999
2009-07-30,24.150000
2009-07-31,24.049999
2009-08-03,24.370001
2009-08-04,24.600000
2009-08-05,24.379999
2009-08-06,24.299999
2009-08-07,24.100000
2009-08-10,23.650000
2009-08-11,23.639999
2009-08-12,23.879999
2009-08-13,24.540001
2009-08-14,23.959999
2009-08-17,23.340000
2009-08-18,23.840000
2009-08-19,23.980000
2009-08-20,24.110001
2009-08-21,24.540001
2009-08-24,24.200001
2009-08-25,24.379999
2009-08-26,24.459999
2009-08-27,24.520000
2009-08-28,24.969999
2009-08-31,24.590000
2009-09-01,24.309999
2009-09-02,24.090000
2009-09-03,24.320000
2009-09-04,24.860001
2009-09-08,25.059999
2009-09-09,25.139999
2009-09-10,25.000000
2009-09-11,24.389999
2009-09-14,24.760000
2009-09-15,24.830000
2009-09-16,24.129999
2009-09-17,23.600000
2009-09-18,24.059999
2009-09-21,23.969999
2009-09-22,23.760000
2009-09-23,24.049999
2009-09-24,23.570000
2009-09-25,23.350000
2009-09-28,23.910000
2009-09-29,23.549999
2009-09-30,23.690001
2009-10-01,22.650000
2009-10-02,22.490000
2009-10-05,22.600000
2009-10-06,23.100000
2009-10-07,22.820000
2009-10-08,22.530001
2009-10-09,23.639999
2009-10-12,23.799999
2009-10-13,23.620001
2009-10-14,23.620001
2009-10-15,23.250000
2009-10-16,22.750000
2009-10-19,23.520000
2009-10-20,23.660000
2009-10-21,23.000000
2009-10-22,23.879999
2009-10-23,23.500000
2009-10-26,23.700001
2009-10-27,23.799999
2009-10-28,23.440001
2009-10-29,23.920000
2009-10-30,23.450001
2009-11-02,23.450001
2009-11-03,23.469999
2009-11-04,23.570000
2009-11-05,24.180000
2009-11-06,24.040001
2009-11-09,24.629999
2009-11-10,25.049999
2009-11-11,25.330000
2009-11-12,25.370001
2009-11-13,25.440001
2009-11-16,25.950001
2009-11-17,25.870001
2009-11-18,25.750000
2009-11-19,24.879999
2009-11-20,24.740000
2009-11-23,25.139999
2009-11-24,25.280001
2009-11-25,25.420000
2009-11-27,25.250000
2009-11-30,25.290001
2009-12-01,25.940001
2009-12-02,25.959999
2009-12-03,26.440001
2009-12-04,26.850000
2009-12-07,26.620001
2009-12-08,26.330000
2009-12-09,25.990000
2009-12-10,25.940001
2009-12-11,25.639999
2009-12-14,25.980000
2009-12-15,25.440001
2009-12-16,25.580000
2009-12-17,25.080000
2009-12-18,25.459999
2009-12-21,25.840000
2009-12-22,25.639999
2009-12-23,25.320000
2009-12-24,25.830000
2009-12-28,25.490000
2009-12-29,25.370001
2009-12-30,25.980000
2009-12-31,26.059999
2010-01-04,26.010000
2010-01-05,25.860001
2010-01-06,25.670000
2010-01-07,25.750000
2010-01-08,26.340000
2010-01-11,26.000000
2010-01-12,24.910000
2010-01-13,25.020000
2010-01-14,24.709999
2010-01-15,24.500000
2010-01-19,24.719999
2010-01-20,24.549999
2010-01-21,24.180000
2010-01-22,23.110001
2010-01-25,23.690001
2010-01-26,23.350000
2010-01-27,23.530001
2010-01-28,23.049999
2010-01-29,22.500000
2010-02-01,23.049999
2010-02-02,23.309999
2010-02-03,23.200001
2010-02-04,22.590000
2010-02-05,22.969999
2010-02-08,23.100000
2010-02-09,23.379999
2010-02-10,23.440001
2010-02-11,23.770000
2010-02-12,24.030001
2010-02-16,24.790001
2010-02-17,24.709999
2010-02-18,24.830000
2010-02-19,25.010000
2010-02-22,24.730000
2010-02-23,24.299999
2010-02-24,24.750000
2010-02-25,24.520000
2010-02-26,24.379999
2010-03-01,24.629999
2010-03-02,24.480000
2010-03-03,24.400000
2010-03-04,24.670000
2010-03-05,24.969999
2010-03-08,24.690001
2010-03-09,24.190001
2010-03-10,24.590000
2010-03-11,24.070000
2010-03-12,24.000000
2010-03-15,23.940001
2010-03-16,24.680000
2010-03-17,24.910000
2010-03-18,24.719999
2010-03-19,24.360001
2010-03-22,24.730000
2010-03-23,25.450001
2010-03-24,24.790001
2010-03-25,24.790001
2010-03-26,24.750000
2010-03-29,24.730000
2010-03-30,24.610001
2010-03-31,24.469999
2010-04-01,24.629999
2010-04-05,25.389999
2010-04-06,25.049999
2010-04-07,25.320000
2010-04-08,24.719999
2010-04-09,24.940001
2010-04-12,25.690001
2010-04-13,25.870001
2010-04-14,26.900000
2010-04-15,26.990000
2010-04-16,26.580000
2010-04-19,26.430000
2010-04-20,26.650000
2010-04-21,26.420000
2010-04-22,26.500000
2010-04-23,26.670000
2010-04-26,27.160000
2010-04-27,26.540001
2010-04-28,26.400000
2010-04-29,27.010000
2010-04-30,26.010000
2010-05-03,26.450001
2010-05-04,25.740000
2010-05-05,25.870001
2010-05-06,25.070000
2010-05-07,24.740000
2010-05-10,25.820000
2010-05-11,25.650000
2010-05-12,26.100000
2010-05-13,25.490000
2010-05-14,24.879999
2010-05-17,25.420000
2010-05-18,24.540001
2010-05-19,24.650000
2010-05-20,24.260000
2010-05-21,24.570000
2010-05-24,24.240000
2010-05-25,24.400000
2010-05-26,24.139999
2010-05-27,24.850000
2010-05-28,24.420000
2010-06-01,24.350000
2010-06-02,24.760000
2010-06-03,25.040001
2010-06-04,24.180000
2010-06-07,23.670000
2010-06-08,23.879999
2010-06-09,23.740000
2010-06-10,24.530001
2010-06-11,24.450001
2010-06-14,24.570000
2010-06-15,25.700001
2010-06-16,25.420000
2010-06-17,25.530001
2010-06-18,25.450001
2010-06-21,25.250000
2010-06-22,24.750000
2010-06-23,24.780001
2010-06-24,24.280001
2010-06-25,24.040001
2010-06-28,24.360001
2010-06-29,23.889999
2010-06-30,23.280001
2010-07-01,23.170000
2010-07-02,23.110001
2010-07-06,23.120001
2010-07-07,24.250000
2010-07-08,24.219999
2010-07-09,24.480000
2010-07-12,24.750000
2010-07-13,25.389999
2010-07-14,25.090000
2010-07-15,25.400000
2010-07-16,24.770000
2010-07-19,25.549999
2010-07-20,24.770000
2010-07-21,24.500000
2010-07-22,25.290001
2010-07-23,25.379999
2010-07-26,25.660000
2010-07-27,25.580000
2010-07-28,25.219999
2010-07-29,24.879999
2010-07-30,24.690001
2010-08-02,25.110001
2010-08-03,24.809999
2010-08-04,25.180000
2010-08-05,25.400000
2010-08-06,25.459999
2010-08-09,25.700001
2010-08-10,25.350000
2010-08-11,24.969999
2010-08-12,24.410000
2010-08-13,24.280001
2010-08-16,24.530001
2010-08-17,24.700001
2010-08-18,24.910000
2010-08-19,24.530001
2010-08-20,24.700001
2010-08-23,24.370001
2010-08-24,24.270000
2010-08-25,24.309999
2010-08-26,23.830000
2010-08-27,24.150000
2010-08-30,23.250000
2010-08-31,23.020000
2010-09-01,23.750000
2010-09-02,24.040001
2010-09-03,24.330000
2010-09-07,23.620001
2010-09-08,23.680000
2010-09-09,23.840000
2010-09-10,23.700001
2010-09-13,24.459999
2010-09-14,24.690001
2010-09-15,24.670000
2010-09-16,24.980000
2010-09-17,25.719999
2010-09-20,25.860001
2010-09-21,25.799999
2010-09-22,25.440001
2010-09-23,25.770000
2010-09-24,26.930000
2010-09-27,26.680000
2010-09-28,27.059999
2010-09-29,26.840000
2010-09-30,27.139999
2010-10-01,27.250000
2010-10-04,27.209999
2010-10-05,28.330000
2010-10-06,28.309999
2010-10-07,28.139999
2010-10-08,28.730000
2010-10-11,28.770000
2010-10-12,28.680000
2010-10-13,28.120001
2010-10-14,28.309999
2010-10-15,28.719999
2010-10-18,28.360001
2010-10-19,28.030001
2010-10-20,28.090000
2010-10-21,28.219999
2010-10-22,28.660000
2010-10-25,28.980000
2010-10-26,28.879999
2010-10-27,29.440001
2010-10-28,29.240000
2010-10-29,29.570000
2010-11-01,29.440001
2010-11-02,29.600000
2010-11-03,30.000000
2010-11-04,30.750000
2010-11-05,31.469999
2010-11-08,31.379999
2010-11-09,31.340000
2010-11-10,31.340000
2010-11-11,30.799999
2010-11-12,30.950001
2010-11-15,30.850000
2010-11-16,30.570000
2010-11-17,30.910000
2010-11-18,31.480000
2010-11-19,31.940001
2010-11-22,32.240002
2010-11-23,31.980000
2010-11-24,32.549999
2010-11-26,32.200001
2010-11-29,32.200001
2010-11-30,31.799999
2010-12-01,32.580002
2010-12-02,32.849998
2010-12-03,32.820000
2010-12-06,32.950001
2010-12-07,33.410000
2010-12-08,33.750000
2010-12-09,33.740002
2010-12-10,32.799999
2010-12-13,32.599998
2010-12-14,32.799999
2010-12-15,32.639999
2010-12-16,32.619999
2010-12-17,32.529999
2010-12-20,32.330002
2010-12-21,32.439999
2010-12-22,32.470001
2010-12-23,32.360001
2010-12-27,32.380001
2010-12-28,32.240002
2010-12-29,32.509998
2010-12-30,32.500000
2010-12-31,32.500000
2011-01-03,32.730000
2011-01-04,32.669998
2011-01-05,32.799999
2011-01-06,33.250000
2011-01-07,33.220001
2011-01-10,33.380001
2011-01-11,33.500000
2011-01-12,33.660000
2011-01-13,33.480000
2011-01-14,34.040001
2011-01-18,34.849998
2011-01-19,34.160000
2011-01-20,33.910000
2011-01-21,33.910000
2011-01-24,34.650002
2011-01-25,33.980000
2011-01-26,34.320000
2011-01-27,34.630001
2011-01-28,34.270000
2011-01-31,33.910000
2011-02-01,35.000000
2011-02-02,35.119999
2011-02-03,34.990002
2011-02-04,35.439999
2011-02-07,35.259998
2011-02-08,35.279999
2011-02-09,35.099998
2011-02-10,35.189999
2011-02-11,35.619999
2011-02-14,35.830002
2011-02-15,35.970001
2011-02-16,36.049999
2011-02-17,36.480000
2011-02-18,36.230000
2011-02-22,35.750000
2011-02-23,35.400002
2011-02-24,35.430000
2011-02-25,35.619999
2011-02-28,35.610001
2011-03-01,35.000000
2011-03-02,36.139999
2011-03-03,36.560001
2011-03-04,36.270000
2011-03-07,35.480000
2011-03-08,35.860001
2011-03-09,34.740002
2011-03-10,34.250000
2011-03-11,34.389999
2011-03-14,34.560001
2011-03-15,33.900002
2011-03-16,32.790001
2011-03-17,33.070000
2011-03-18,33.360001
2011-03-21,33.680000
2011-03-22,33.639999
2011-03-23,34.209999
2011-03-24,34.860001
2011-03-25,34.639999
2011-03-28,34.490002
2011-03-29,34.959999
2011-03-30,34.740002
2011-03-31,34.560001
2011-04-01,34.230000
2011-04-04,34.110001
2011-04-05,34.689999
2011-04-06,34.860001
2011-04-07,35.240002
2011-04-08,35.169998
2011-04-11,34.930000
2011-04-12,34.139999
2011-04-13,34.340000
2011-04-14,34.709999
2011-04-15,34.990002
2011-04-18,34.790001
2011-04-19,34.540001
2011-04-20,35.130001
2011-04-21,35.520000
2011-04-25,35.419998
2011-04-26,35.740002
2011-04-27,35.900002
2011-04-28,35.549999
2011-04-29,35.529999
2011-05-02,35.009998
2011-05-03,34.799999
2011-05-04,34.820000
2011-05-05,35.020000
2011-05-06,35.230000
2011-05-09,35.340000
2011-05-10,35.459999
2011-05-11,34.900002
2011-05-12,35.330002
2011-05-13,35.180000
2011-05-16,34.910000
2011-05-17,34.439999
2011-05-18,35.180000
2011-05-19,34.970001
2011-05-20,35.000000
2011-05-23,34.250000
2011-05-24,34.080002
2011-05-25,34.279999
2011-05-26,34.320000
2011-05-27,34.720001
2011-05-31,35.299999
2011-06-01,33.950001
2011-06-02,34.240002
2011-06-03,33.500000
2011-06-06,33.320000
2011-06-07,33.270000
2011-06-08,32.669998
2011-06-09,32.910000
2011-06-10,32.150002
2011-06-13,31.740000
2011-06-14,32.330002
2011-06-15,31.590000
2011-06-16,31.320000
2011-06-17,31.240000
2011-06-20,31.280001
2011-06-21,32.029999
2011-06-22,31.740000
2011-06-23,32.119999
2011-06-24,31.530001
2011-06-27,31.740000
2011-06-28,31.980000
2011-06-29,31.879999
2011-06-30,32.830002
2011-07-01,33.520000
2011-07-05,32.919998
2011-07-06,32.849998
2011-07-07,33.459999
2011-07-08,32.880001
2011-07-11,32.439999
2011-07-12,31.250000
2011-07-13,31.000000
2011-07-14,30.719999
2011-07-15,30.820000
2011-07-18,30.480000
2011-07-19,31.420000
2011-07-20,31.219999
2011-07-21,31.610001
2011-07-22,31.780001
2011-07-25,31.469999
2011-07-26,31.570000
2011-07-27,30.389999
2011-07-28,30.120001
2011-07-29,29.750000
2011-08-01,29.889999
2011-08-02,29.100000
2011-08-03,29.299999
2011-08-04,27.920000
2011-08-05,27.190001
2011-08-08,26.190001
2011-08-09,27.090000
2011-08-10,26.500000
2011-08-11,27.299999
2011-08-12,27.180000
2011-08-15,27.490000
2011-08-16,26.930000
2011-08-17,26.930000
2011-08-18,25.389999
2011-08-19,24.820000
2011-08-22,25.160000
2011-08-23,26.240000
2011-08-24,26.110001
2011-08-25,25.309999
2011-08-26,25.520000
2011-08-29,26.160000
2011-08-30,26.200001
2011-08-31,26.209999
2011-09-01,25.570000
2011-09-02,25.080000
2011-09-06,24.910000
2011-09-07,25.889999
2011-09-08,25.799999
2011-09-09,26.080000
2011-09-12,26.280001
2011-09-13,26.650000
2011-09-14,27.270000
2011-09-15,27.709999
2011-09-16,27.820000
2011-09-19,27.700001
2011-09-20,27.540001
2011-09-21,26.879999
2011-09-22,26.230000
2011-09-23,27.219999
2011-09-26,27.400000
2011-09-27,28.030001
2011-09-28,27.330000
2011-09-29,27.190001
2011-09-30,26.650000
2011-10-03,26.459999
2011-10-04,27.250000
2011-10-05,28.200001
2011-10-06,28.320000
2011-10-07,28.950001
2011-10-10,29.809999
2011-10-11,29.620001
2011-10-12,29.700001
2011-10-13,30.400000
2011-10-14,30.930000
2011-10-17,30.209999
2011-10-18,30.889999
2011-10-19,30.250000
2011-10-20,29.950001
2011-10-21,30.459999
2011-10-24,31.690001
2011-10-25,30.969999
2011-10-26,31.000000
2011-10-27,31.820000
2011-10-28,31.500000
2011-10-31,30.730000
2011-11-01,29.860001
2011-11-02,30.059999
2011-11-03,31.120001
2011-11-04,31.790001
2011-11-07,31.530001
2011-11-08,31.549999
2011-11-09,30.309999
2011-11-10,30.610001
2011-11-11,31.500000
2011-11-14,31.160000
2011-11-15,31.150000
2011-11-16,31.459999
2011-11-17,30.389999
2011-11-18,30.049999
2011-11-21,29.219999
2011-11-22,28.690001
2011-11-23,27.940001
2011-11-25,27.790001
2011-11-28,28.700001
2011-11-29,28.639999
2011-11-30,30.100000
2011-12-01,30.209999
2011-12-02,29.969999
2011-12-05,30.230000
2011-12-06,30.420000
2011-12-07,30.670000
2011-12-08,29.920000
2011-12-09,29.940001
2011-12-12,29.129999
2011-12-13,28.410000
2011-12-14,28.040001
2011-12-15,28.510000
2011-12-16,28.690001
2011-12-19,27.950001
2011-12-20,29.389999
2011-12-21,28.559999
2011-12-22,29.500000
2011-12-23,29.730000
2011-12-27,29.629999
2011-12-28,29.070000
2011-12-29,29.340000
2011-12-30,29.110001
2012-01-03,29.760000
2012-01-04,29.570000
2012-01-05,29.780001
2012-01-06,29.780001
2012-01-09,30.160000
2012-01-10,30.670000
2012-01-11,30.730000
2012-01-12,31.370001
2012-01-13,30.950001
2012-01-17,31.070000
2012-01-18,33.720001
2012-01-19,33.820000
2012-01-20,33.639999
2012-01-23,33.189999
2012-01-24,32.520000
2012-01-25,32.799999
2012-01-26,32.360001
2012-01-27,32.610001
2012-01-30,32.180000
2012-01-31,32.380001
2012-02-01,32.860001
2012-02-02,33.060001
2012-02-03,33.930000
2012-02-06,33.610001
2012-02-07,33.430000
2012-02-08,33.849998
2012-02-09,33.799999
2012-02-10,33.360001
2012-02-13,33.259998
2012-02-14,33.220001
2012-02-15,33.410000
2012-02-16,33.910000
2012-02-17,33.590000
2012-02-21,33.279999
2012-02-22,32.959999
2012-02-23,33.320000
2012-02-24,33.320000
2012-02-27,33.110001
2012-02-28,33.720001
2012-02-29,33.349998
2012-03-01,33.169998
2012-03-02,32.820000
2012-03-05,32.189999
2012-03-06,32.119999
2012-03-07,32.650002
2012-03-08,32.599998
2012-03-09,32.270000
2012-03-12,31.910000
2012-03-13,32.290001
2012-03-14,32.009998
2012-03-15,32.779999
2012-03-16,33.020000
2012-03-19,33.840000
2012-03-20,33.580002
2012-03-21,33.610001
2012-03-22,33.430000
2012-03-23,33.349998
2012-03-26,33.990002
2012-03-27,33.869999
2012-03-28,33.330002
2012-03-29,33.189999
2012-03-30,33.610001
2012-04-02,33.259998
2012-04-03,32.599998
2012-04-04,32.160000
2012-04-05,32.459999
2012-04-09,32.139999
2012-04-10,31.690001
2012-04-11,31.990000
2012-04-12,32.509998
2012-04-13,32.180000
2012-04-16,32.200001
2012-04-17,32.779999
2012-04-18,32.720001
2012-04-19,32.639999
2012-04-20,32.470001
2012-04-23,31.889999
2012-04-24,31.360001
2012-04-25,31.969999
2012-04-26,31.950001
2012-04-27,32.169998
2012-04-30,31.940001
2012-05-01,31.850000
2012-05-02,32.090000
2012-05-03,31.389999
2012-05-04,30.590000
2012-05-07,30.610001
2012-05-08,30.629999
2012-05-09,30.600000
2012-05-10,30.780001
2012-05-11,30.740000
2012-05-14,30.629999
2012-05-15,30.290001
2012-05-16,29.959999
2012-05-17,29.350000
2012-05-18,28.730000
2012-05-21,29.480000
2012-05-22,29.360001
2012-05-23,29.139999
2012-05-24,28.889999
2012-05-25,28.940001
2012-05-29,29.360001
2012-05-30,28.950001
2012-05-31,28.480000
2012-06-01,27.000000
2012-06-04,27.090000
2012-06-05,27.480000
2012-06-06,28.600000
2012-06-07,28.230000
2012-06-08,28.520000
2012-06-11,27.650000
2012-06-12,28.240000
2012-06-13,27.820000
2012-06-14,27.730000
2012-06-15,27.860001
2012-06-18,28.020000
2012-06-19,28.270000
2012-06-20,28.540001
2012-06-21,27.600000
2012-06-22,28.049999
2012-06-25,26.980000
2012-06-26,27.030001
2012-06-27,27.070000
2012-06-28,26.870001
2012-06-29,28.690001
2012-07-02,28.280001
2012-07-03,28.559999
2012-07-05,28.410000
2012-07-06,27.719999
2012-07-09,27.410000
2012-07-10,27.389999
2012-07-11,27.299999
2012-07-12,26.740000
2012-07-13,27.020000
2012-07-16,26.430000
2012-07-17,26.590000
2012-07-18,27.650000
2012-07-19,28.040001
2012-07-20,27.250000
2012-07-23,26.820000
2012-07-24,26.570000
2012-07-25,26.629999
2012-07-26,27.049999
2012-07-27,27.340000
2012-07-30,27.209999
2012-07-31,27.240000
2012-08-01,27.629999
2012-08-02,27.250000
2012-08-03,28.270000
2012-08-06,28.240000
2012-08-07,29.230000
2012-08-08,29.360001
2012-08-09,29.540001
2012-08-10,29.750000
2012-08-13,29.540001
2012-08-14,29.480000
2012-08-15,29.900000
2012-08-16,30.270000
2012-08-17,29.860001
2012-08-20,29.530001
2012-08-21,29.639999
2012-08-22,29.379999
2012-08-23,29.320000
2012-08-24,29.559999
2012-08-27,29.320000
2012-08-28,29.240000
2012-08-29,29.400000
2012-08-30,29.010000
2012-08-31,29.040001
2012-09-04,28.790001
2012-09-05,28.520000
2012-09-06,29.559999
2012-09-07,29.180000
2012-09-10,28.670000
2012-09-11,28.580000
2012-09-12,28.590000
2012-09-13,28.910000
2012-09-14,29.559999
2012-09-17,29.100000
2012-09-18,28.660000
2012-09-19,28.690001
2012-09-20,28.850000
2012-09-21,28.990000
2012-09-24,28.680000
2012-09-25,27.830000
2012-09-26,27.570000
2012-09-27,27.879999
2012-09-28,27.559999
2012-10-01,27.610001
2012-10-02,27.610001
2012-10-03,27.469999
2012-10-04,27.910000
2012-10-05,28.160000
2012-10-08,27.990000
2012-10-09,27.320000
2012-10-10,27.170000
2012-10-11,27.299999
2012-10-12,27.280001
2012-10-15,28.219999
2012-10-16,28.730000
2012-10-17,28.469999
2012-10-18,28.760000
2012-10-19,27.809999
2012-10-22,27.790001
2012-10-23,27.840000
2012-10-24,27.700001
2012-10-25,28.129999
2012-10-26,28.920000
2012-10-31,28.090000
2012-11-01,29.209999
2012-11-02,28.530001
2012-11-05,29.469999
2012-11-06,29.940001
2012-11-07,29.290001
2012-11-08,29.139999
2012-11-09,29.510000
2012-11-12,29.510000
2012-11-13,29.379999
2012-11-14,28.760000
2012-11-15,28.790001
2012-11-16,28.320000
2012-11-19,28.900000
2012-11-20,29.309999
2012-11-21,29.200001
2012-11-23,29.590000
2012-11-26,29.629999
2012-11-27,29.459999
2012-11-28,29.780001
2012-11-29,30.049999
2012-11-30,29.469999
2012-12-03,29.610001
2012-12-04,29.610001
2012-12-05,29.860001
2012-12-06,29.809999
2012-12-07,29.850000
2012-12-10,29.820000
2012-12-11,31.010000
2012-12-12,31.059999
2012-12-13,30.580000
2012-12-14,30.799999
2012-12-17,30.910000
2012-12-18,31.340000
2012-12-19,31.250000
2012-12-20,31.280001
2012-12-21,30.930000
2012-12-24,30.930000
2012-12-26,30.809999
2012-12-27,30.740000
2012-12-28,30.469999
2012-12-31,30.889999
2013-01-02,32.310001
2013-01-03,31.889999
2013-01-04,31.820000
2013-01-07,31.920000
2013-01-08,31.549999
2013-01-09,32.000000
2013-01-10,32.430000
2013-01-11,32.419998
2013-01-14,32.340000
2013-01-15,32.279999
2013-01-16,32.509998
2013-01-17,33.150002
2013-01-18,33.520000
2013-01-22,33.459999
2013-01-23,33.080002
2013-01-24,33.090000
2013-01-25,32.799999
2013-01-28,33.040001
2013-01-29,32.669998
2013-01-30,32.820000
2013-01-31,33.080002
2013-02-01,33.720001
2013-02-04,33.270000
2013-02-05,33.750000
2013-02-06,33.560001
2013-02-07,33.419998
2013-02-08,34.279999
2013-02-11,33.689999
2013-02-12,33.560001
2013-02-13,33.720001
2013-02-14,33.790001
2013-02-15,33.590000
2013-02-19,33.939999
2013-02-20,33.060001
2013-02-21,32.480000
2013-02-22,34.180000
2013-02-25,33.730000
2013-02-26,33.759998
2013-02-27,34.290001
2013-02-28,34.430000
2013-03-01,34.520000
2013-03-04,34.560001
2013-03-05,35.000000
2013-03-06,35.139999
2013-03-07,35.200001
2013-03-08,35.290001
2013-03-11,35.520000
2013-03-12,35.619999
2013-03-13,35.290001
2013-03-14,35.380001
2013-03-15,35.080002
2013-03-18,34.619999
2013-03-19,34.660000
2013-03-20,35.060001
2013-03-21,34.290001
2013-03-22,34.459999
2013-03-25,34.480000
2013-03-26,35.099998
2013-03-27,35.080002
2013-03-28,35.480000
2013-04-01,35.009998
2013-04-02,34.770000
2013-04-03,34.150002
2013-04-04,34.490002
2013-04-05,34.200001
2013-04-08,35.070000
2013-04-09,35.160000
2013-04-10,35.759998
2013-04-11,35.689999
2013-04-12,35.849998
2013-04-15,35.270000
2013-04-16,35.740002
2013-04-17,34.209999
2013-04-18,33.919998
2013-04-19,34.250000
2013-04-22,34.810001
2013-04-23,35.700001
2013-04-24,36.009998
2013-04-25,36.110001
2013-04-26,35.740002
2013-04-29,35.970001
2013-04-30,36.209999
2013-05-01,36.410000
2013-05-02,36.700001
2013-05-03,37.009998
2013-05-06,37.040001
2013-05-07,37.040001
2013-05-08,37.090000
2013-05-09,37.009998
2013-05-10,37.040001
2013-05-13,36.540001
2013-05-14,36.509998
2013-05-15,36.810001
2013-05-16,36.599998
2013-05-17,36.770000
2013-05-20,36.630001
2013-05-21,36.599998
2013-05-22,36.009998
2013-05-23,35.990002
2013-05-24,35.990002
2013-05-28,36.200001
2013-05-29,36.090000
2013-05-30,36.470001
2013-05-31,35.910000
2013-06-03,36.029999
2013-06-04,36.639999
2013-06-05,35.869999
2013-06-06,35.669998
2013-06-07,36.180000
2013-06-10,36.619999
2013-06-11,35.259998
2013-06-12,34.790001
2013-06-13,35.480000
2013-06-14,35.480000
2013-06-17,35.779999
2013-06-18,36.119999
2013-06-19,35.709999
2013-06-20,34.630001
2013-06-21,34.950001
2013-06-24,34.189999
2013-06-25,35.020000
2013-06-26,34.959999
2013-06-27,34.849998
2013-06-28,34.849998
2013-07-01,35.040001
2013-07-02,35.130001
2013-07-03,35.470001
2013-07-05,36.000000
2013-07-08,35.689999
2013-07-09,36.240002
2013-07-10,36.590000
2013-07-11,37.169998
2013-07-12,37.490002
2013-07-15,37.790001
2013-07-16,37.820000
2013-07-17,37.900002
2013-07-18,37.599998
2013-07-19,37.259998
2013-07-22,37.419998
2013-07-23,38.930000
2013-07-24,38.930000
2013-07-25,39.250000
2013-07-26,39.110001
2013-07-29,38.590000
2013-07-30,38.759998
2013-07-31,39.180000
2013-08-01,39.820000
2013-08-02,39.939999
2013-08-05,39.860001
2013-08-06,39.730000
2013-08-07,39.650002
2013-08-08,39.650002
2013-08-09,39.779999
2013-08-12,39.709999
2013-08-13,39.759998
2013-08-14,39.169998
2013-08-15,38.650002
2013-08-16,38.740002
2013-08-19,38.439999
2013-08-20,38.750000
2013-08-21,38.450001
2013-08-22,38.820000
2013-08-23,39.070000
2013-08-26,39.189999
2013-08-27,38.250000
2013-08-28,38.430000
2013-08-29,38.610001
2013-08-30,38.200001
2013-09-03,38.639999
2013-09-04,39.369999
2013-09-05,39.480000
2013-09-06,39.180000
2013-09-09,39.750000
2013-09-10,40.310001
2013-09-11,40.029999
2013-09-12,39.910000
2013-09-13,40.279999
2013-09-16,40.450001
2013-09-17,40.730000
2013-09-18,40.849998
2013-09-19,40.799999
2013-09-20,40.520000
2013-09-23,40.470001
2013-09-24,40.310001
2013-09-25,40.320000
2013-09-26,40.380001
2013-09-27,40.160000
2013-09-30,40.290001
2013-10-01,40.400002
2013-10-02,40.259998
2013-10-03,40.220001
2013-10-04,39.930000
2013-10-07,39.860001
2013-10-08,39.240002
2013-10-09,39.290001
2013-10-10,40.119999
2013-10-11,40.380001
2013-10-14,40.549999
2013-10-15,40.250000
2013-10-16,40.750000
2013-10-17,40.650002
2013-10-18,40.709999
2013-10-21,40.990002
2013-10-22,40.279999
2013-10-23,39.730000
2013-10-24,39.880001
2013-10-25,40.230000
2013-10-28,41.009998
2013-10-29,41.759998
2013-10-30,41.720001
2013-10-31,42.090000
2013-11-01,42.029999
2013-11-04,41.990002
2013-11-05,41.900002
2013-11-06,42.139999
2013-11-07,41.650002
2013-11-08,41.980000
2013-11-11,41.790001
2013-11-12,41.849998
2013-11-13,42.389999
2013-11-14,42.630001
2013-11-15,42.549999
2013-11-18,42.439999
2013-11-19,42.150002
2013-11-20,41.930000
2013-11-21,42.439999
2013-11-22,42.639999
2013-11-25,42.549999
2013-11-26,42.700001
2013-11-27,42.520000
2013-11-29,43.000000
2013-12-02,42.810001
2013-12-03,42.840000
2013-12-04,42.430000
2013-12-05,42.660000
2013-12-06,43.490002
2013-12-09,43.580002
2013-12-10,43.410000
2013-12-11,42.810001
2013-12-12,42.419998
2013-12-13,41.950001
2013-12-16,42.290001
2013-12-17,42.430000
2013-12-18,43.099998
2013-12-19,42.459999
2013-12-20,42.840000
2013-12-23,43.360001
2013-12-24,43.430000
2013-12-26,43.590000
2013-12-27,43.669998
2013-12-30,43.900002
2013-12-31,43.910000
2014-01-02,43.099998
2014-01-03,43.290001
2014-01-06,42.930000
2014-01-07,42.700001
2014-01-08,43.290001
2014-01-09,43.060001
2014-01-10,43.110001
2014-01-13,42.240002
2014-01-14,43.340000
2014-01-15,43.540001
2014-01-16,43.369999
2014-01-17,43.450001
2014-01-21,43.849998
2014-01-22,44.610001
2014-01-23,44.090000
2014-01-24,42.950001
2014-01-27,42.639999
2014-01-28,42.900002
2014-01-29,42.400002
2014-01-30,42.689999
2014-01-31,42.400002
2014-02-03,41.500000
2014-02-04,40.889999
2014-02-05,40.970001
2014-02-06,41.230000
2014-02-07,41.950001
2014-02-10,42.360001
2014-02-11,43.130001
2014-02-12,43.299999
2014-02-13,43.740002
2014-02-14,43.860001
2014-02-18,44.009998
2014-02-19,43.930000
2014-02-20,44.200001
2014-02-21,44.150002
2014-02-24,44.450001
2014-02-25,44.470001
2014-02-26,44.630001
2014-02-27,44.779999
2014-02-28,44.959999
2014-03-03,44.580002
2014-03-04,45.259998
2014-03-05,45.180000
2014-03-06,45.680000
2014-03-07,45.849998
2014-03-10,45.869999
2014-03-11,45.669998
2014-03-12,46.430000
2014-03-13,44.990002
2014-03-14,44.310001
2014-03-17,45.270000
2014-03-18,45.400002
2014-03-19,45.520000
2014-03-20,46.950001
2014-03-21,47.150002
2014-03-24,46.570000
2014-03-25,46.689999
2014-03-26,46.389999
2014-03-27,46.080002
2014-03-28,46.639999
2014-03-31,47.160000
2014-04-01,47.529999
2014-04-02,47.619999
2014-04-03,47.689999
2014-04-04,46.340000
2014-04-07,46.250000
2014-04-08,46.770000
2014-04-09,47.240002
2014-04-10,45.529999
2014-04-11,44.980000
2014-04-14,45.320000
2014-04-15,45.810001
2014-04-16,45.209999
2014-04-17,45.830002
2014-04-21,46.110001
2014-04-22,46.590000
2014-04-23,46.459999
2014-04-24,48.470001
2014-04-25,46.340000
2014-04-28,45.450001
2014-04-29,46.119999
2014-04-30,45.450001
2014-05-01,45.230000
2014-05-02,45.779999
2014-05-05,45.720001
2014-05-06,45.380001
2014-05-07,45.580002
2014-05-08,46.110001
2014-05-09,45.840000
2014-05-12,46.950001
2014-05-13,46.139999
2014-05-14,45.610001
2014-05-15,44.889999
2014-05-16,44.990002
2014-05-19,45.599998
2014-05-20,45.709999
2014-05-21,45.650002
2014-05-22,46.139999
2014-05-23,46.250000
2014-05-27,46.349998
2014-05-28,46.459999
2014-05-29,46.660000
2014-05-30,46.980000
2014-06-02,46.990002
2014-06-03,46.990002
2014-06-04,46.849998
2014-06-05,47.400002
2014-06-06,47.500000
2014-06-09,47.880001
2014-06-10,47.970001
2014-06-11,48.090000
2014-06-12,48.139999
2014-06-13,48.330002
2014-06-16,48.130001
2014-06-17,48.259998
2014-06-18,47.869999
2014-06-19,47.910000
2014-06-20,47.939999
2014-06-23,48.080002
2014-06-24,47.709999
2014-06-25,48.040001
2014-06-26,47.790001
2014-06-27,47.759998
2014-06-30,47.790001
2014-07-01,48.490002
2014-07-02,48.509998
2014-07-03,48.950001
2014-07-07,48.919998
2014-07-08,48.849998
2014-07-09,49.279999
2014-07-10,49.000000
2014-07-11,49.290001
2014-07-14,48.919998
2014-07-15,48.660000
2014-07-16,49.049999
2014-07-17,48.150002
2014-07-18,48.820000
2014-07-21,49.169998
2014-07-22,49.119999
2014-07-23,48.200001
2014-07-24,47.860001
2014-07-25,46.820000
2014-07-28,47.349998
2014-07-29,46.770000
2014-07-30,47.230000
2014-07-31,46.250000
2014-08-01,46.240002
2014-08-04,46.389999
2014-08-05,45.990002
2014-08-06,46.169998
2014-08-07,45.669998
2014-08-08,46.330002
2014-08-11,46.500000
2014-08-12,46.669998
2014-08-13,47.080002
2014-08-14,47.259998
2014-08-15,47.560001
2014-08-18,47.560001
2014-08-19,47.689999
2014-08-20,47.880001
2014-08-21,48.169998
2014-08-22,48.020000
2014-08-25,47.369999
2014-08-26,47.490002
2014-08-27,47.779999
2014-08-28,48.020000
2014-08-29,48.180000
2014-09-02,47.910000
2014-09-03,48.349998
2014-09-04,48.250000
2014-09-05,48.580002
2014-09-08,48.490002
2014-09-09,48.279999
2014-09-10,47.990002
2014-09-11,48.150002
2014-09-12,47.830002
2014-09-15,47.590000
2014-09-16,47.919998
2014-09-17,48.369999
2014-09-18,48.980000
2014-09-19,48.750000
2014-09-22,48.660000
2014-09-23,48.660000
2014-09-24,48.810001
2014-09-25,48.139999
2014-09-26,48.330002
2014-09-29,48.259998
2014-09-30,47.689999
2014-10-01,46.880001
2014-10-02,46.840000
2014-10-03,46.820000
2014-10-06,46.630001
2014-10-07,46.009998
2014-10-08,46.939999
2014-10-09,46.020000
2014-10-10,42.740002
2014-10-13,41.930000
2014-10-14,42.310001
2014-10-15,42.759998
2014-10-16,43.590000
2014-10-17,43.669998
2014-10-20,44.410000
2014-10-21,46.770000
2014-10-22,46.619999
2014-10-23,47.000000
2014-10-24,47.570000
2014-10-27,47.950001
2014-10-28,48.500000
2014-10-29,48.330002
2014-10-30,47.529999
2014-10-31,49.660000
2014-11-03,50.080002
2014-11-04,50.400002
2014-11-05,51.130001
2014-11-06,50.910000
2014-11-07,50.900002
2014-11-10,51.560001
2014-11-11,51.320000
2014-11-12,51.279999
2014-11-13,51.180000
2014-11-14,51.630001
2014-11-17,51.549999
2014-11-18,51.840000
2014-11-19,51.939999
2014-11-20,52.230000
2014-11-21,52.560001
2014-11-24,52.849998
2014-11-25,52.439999
2014-11-26,54.330002
2014-11-28,54.419998
2014-12-01,54.250000
2014-12-02,54.560001
2014-12-03,55.619999
2014-12-04,55.410000
2014-12-05,55.580002
2014-12-08,55.080002
2014-12-09,55.009998
2014-12-10,54.099998
2014-12-11,54.490002
2014-12-12,53.110001
2014-12-15,53.070000
2014-12-16,52.470001
2014-12-17,53.500000
2014-12-18,54.470001
2014-12-19,54.230000
2014-12-22,54.820000
2014-12-23,54.779999
2014-12-24,54.860001
2014-12-26,54.750000
2014-12-29,54.459999
2014-12-30,53.930000
2014-12-31,53.470001
2015-01-02,53.480000
2015-01-05,52.650002
2015-01-06,51.779999
2015-01-07,52.709999
2015-01-08,53.570000
2015-01-09,53.599998
2015-01-12,53.119999
2015-01-13,52.790001
2015-01-14,52.709999
2015-01-15,52.389999
2015-01-16,53.290001
2015-01-20,53.810001
2015-01-21,54.279999
2015-01-22,54.970001
2015-01-23,55.060001
2015-01-26,55.049999
2015-01-27,54.830002
2015-01-28,53.939999
2015-01-29,54.669998
2015-01-30,53.450001
2015-02-02,53.490002
2015-02-03,54.439999
2015-02-04,54.619999
2015-02-05,55.310001
2015-02-06,54.360001
2015-02-09,54.270000
2015-02-10,55.820000
2015-02-11,56.000000
2015-02-12,57.439999
2015-02-13,57.970001
2015-02-17,58.200001
2015-02-18,57.939999
2015-02-19,58.040001
2015-02-20,58.520000
2015-02-23,58.270000
2015-02-24,58.959999
2015-02-25,59.099998
2015-02-26,59.419998
2015-02-27,58.799999
2015-03-02,59.939999
2015-03-03,58.570000
2015-03-04,58.320000
2015-03-05,58.340000
2015-03-06,57.639999
2015-03-09,58.419998
2015-03-10,57.099998
2015-03-11,57.169998
2015-03-12,57.220001
2015-03-13,57.119999
2015-03-16,58.330002
2015-03-17,57.970001
2015-03-18,58.299999
2015-03-19,58.529999
2015-03-20,59.279999
2015-03-23,58.660000
2015-03-24,58.439999
2015-03-25,55.730000
2015-03-26,55.799999
2015-03-27,56.759998
2015-03-30,58.000000
2015-03-31,57.189999
2015-04-01,56.540001
2015-04-02,56.720001
2015-04-06,56.810001
2015-04-07,56.939999
2015-04-08,56.970001
2015-04-09,57.779999
2015-04-10,57.700001
2015-04-13,57.209999
2015-04-14,56.750000
2015-04-15,58.500000
2015-04-16,58.410000
2015-04-17,57.330002
2015-04-20,58.169998
2015-04-21,58.160000
2015-04-22,58.730000
2015-04-23,54.720001
2015-04-24,54.730000
2015-04-27,55.560001
2015-04-28,55.090000
2015-04-29,55.020000
2015-04-30,54.209999
2015-05-01,55.310001
2015-05-04,55.299999
2015-05-05,54.009998
2015-05-06,53.700001
2015-05-07,54.060001
2015-05-08,54.700001
2015-05-11,54.439999
2015-05-12,54.169998
2015-05-13,54.689999
2015-05-14,55.610001
2015-05-15,55.610001
2015-05-18,55.790001
2015-05-19,55.779999
2015-05-20,55.630001
2015-05-21,55.500000
2015-05-22,55.369999
2015-05-26,54.560001
2015-05-27,55.970001
2015-05-28,55.910000
2015-05-29,55.919998
2015-06-01,55.709999
2015-06-02,55.250000
2015-06-03,54.889999
2015-06-04,53.980000
2015-06-05,53.790001
2015-06-08,52.820000
2015-06-09,52.919998
2015-06-10,54.189999
2015-06-11,53.639999
2015-06-12,53.009998
2015-06-15,53.049999
2015-06-16,53.090000
2015-06-17,53.290001
2015-06-18,54.220001
2015-06-19,54.509998
2015-06-22,55.500000
2015-06-23,54.830002
2015-06-24,53.990002
2015-06-25,53.799999
2015-06-26,52.900002
2015-06-29,51.520000
2015-06-30,51.509998
2015-07-01,51.910000
2015-07-02,51.970001
2015-07-06,51.389999
2015-07-07,51.209999
2015-07-08,49.529999
2015-07-09,48.110001
2015-07-10,49.009998
2015-07-13,49.330002
2015-07-14,49.759998
2015-07-15,49.490002
2015-07-16,49.360001
2015-07-17,49.360001
2015-07-20,50.090000
2015-07-21,50.230000
2015-07-22,49.299999
2015-07-23,50.509998
2015-07-24,49.029999
2015-07-27,49.029999
2015-07-28,50.080002
2015-07-29,49.959999
2015-07-30,50.240002
2015-07-31,49.980000
2015-08-03,50.090000
2015-08-04,49.840000
2015-08-05,50.860001
2015-08-06,50.250000
2015-08-07,50.320000
2015-08-10,52.080002
2015-08-11,50.639999
2015-08-12,51.110001
2015-08-13,50.630001
2015-08-14,50.639999
2015-08-17,50.900002
2015-08-18,49.910000
2015-08-19,49.200001
2015-08-20,47.430000
2015-08-21,45.959999
2015-08-24,44.889999
2015-08-25,43.520000
2015-08-26,45.410000
2015-08-27,47.060001
2015-08-28,47.990002
2015-08-31,47.840000
2015-09-01,46.340000
2015-09-02,47.349998
2015-09-03,47.459999
2015-09-04,46.529999
2015-09-08,48.689999
2015-09-09,47.610001
2015-09-10,47.410000
2015-09-11,47.570000
2015-09-14,47.830002
2015-09-15,48.299999
2015-09-16,48.700001
2015-09-17,48.150002
2015-09-18,47.799999
2015-09-21,47.450001
2015-09-22,46.610001
2015-09-23,46.580002
2015-09-24,46.750000
2015-09-25,47.169998
2015-09-28,46.950001
2015-09-29,47.529999
2015-09-30,49.520000
2015-10-01,48.439999
2015-10-02,48.770000
2015-10-05,50.130001
2015-10-06,50.459999
2015-10-07,51.040001
2015-10-08,51.520000
2015-10-09,50.869999
2015-10-12,51.340000
2015-10-13,50.910000
2015-10-14,52.650002
2015-10-15,52.430000
2015-10-16,52.570000
2015-10-19,52.639999
2015-10-20,52.430000
2015-10-21,51.900002
2015-10-22,58.090000
2015-10-23,58.980000
2015-10-26,58.810001
2015-10-27,58.419998
2015-10-28,58.669998
2015-10-29,56.570000
2015-10-30,56.720001
2015-11-02,56.990002
2015-11-03,57.150002
2015-11-04,56.950001
2015-11-05,57.400002
2015-11-06,57.630001
2015-11-09,57.209999
2015-11-10,57.029999
2015-11-11,57.599998
2015-11-12,56.669998
2015-11-13,56.130001
2015-11-16,56.880001
2015-11-17,57.070000
2015-11-18,57.959999
2015-11-19,57.950001
2015-11-20,58.119999
2015-11-23,57.349998
2015-11-24,57.849998
2015-11-25,57.270000
2015-11-27,57.549999
2015-11-30,58.119999
2015-12-01,58.310001
2015-12-02,57.549999
2015-12-03,57.689999
2015-12-04,58.880001
2015-12-07,58.349998
2015-12-08,57.669998
2015-12-09,56.759998
2015-12-10,56.930000
2015-12-11,56.209999
2015-12-14,56.220001
2015-12-15,57.549999
2015-12-16,58.070000
2015-12-17,56.529999
2015-12-18,54.939999
2015-12-21,55.820000
2015-12-22,55.610001
2015-12-23,56.700001
2015-12-24,56.750000
2015-12-28,56.419998
2015-12-29,57.020000
2015-12-30,56.160000
2015-12-31,54.810001
2016-01-04,54.340000
2016-01-05,53.770000
2016-01-06,53.419998
2016-01-07,51.700001
2016-01-08,50.360001
2016-01-11,51.209999
2016-01-12,51.529999
2016-01-13,49.820000
2016-01-14,50.029999
2016-01-15,48.029999
2016-01-19,48.220001
2016-01-20,49.009998
2016-01-21,49.830002
2016-01-22,50.299999
2016-01-25,50.080002
2016-01-26,50.700001
2016-01-27,50.669998
2016-01-28,51.130001
2016-01-29,52.930000
2016-02-01,52.830002
2016-02-02,50.639999
2016-02-03,50.250000
2016-02-04,51.259998
2016-02-05,49.880001
2016-02-08,50.900002
2016-02-09,50.680000
2016-02-10,50.750000
2016-02-11,50.380001
2016-02-12,51.139999
2016-02-16,52.540001
2016-02-17,53.689999
2016-02-18,53.060001
2016-02-19,52.759998
2016-02-22,53.299999
2016-02-23,52.240002
2016-02-24,52.459999
2016-02-25,53.110001
2016-02-26,53.299999
2016-02-29,53.020000
2016-03-01,54.220001
2016-03-02,54.419998
2016-03-03,54.869999
2016-03-04,54.889999
2016-03-07,55.490002
2016-03-08,54.529999
2016-03-09,54.750000
2016-03-10,55.490002
2016-03-11,56.060001
2016-03-14,55.610001
2016-03-15,55.730000
2016-03-16,56.139999
2016-03-17,56.599998
2016-03-18,57.090000
2016-03-21,57.020000
2016-03-22,56.900002
2016-03-23,56.599998
2016-03-24,56.700001
2016-03-28,56.520000
2016-03-29,57.410000
2016-03-30,58.369999
2016-03-31,57.419998
2016-04-01,57.939999
2016-04-04,57.720001
2016-04-05,57.709999
2016-04-06,58.360001
2016-04-07,57.150002
2016-04-08,57.889999
2016-04-11,57.820000
2016-04-12,58.439999
2016-04-13,59.169998
2016-04-14,59.220001
2016-04-15,58.930000
2016-04-18,58.950001
2016-04-19,58.419998
2016-04-20,59.049999
2016-04-21,58.860001
2016-04-22,58.680000
2016-04-25,59.020000
2016-04-26,59.400002
2016-04-27,59.919998
2016-04-28,58.689999
2016-04-29,57.040001
2016-05-02,57.849998
2016-05-03,57.200001
2016-05-04,56.430000
2016-05-05,56.639999
2016-05-06,57.200001
2016-05-09,56.910000
2016-05-10,57.630001
2016-05-11,57.630001
2016-05-12,57.160000
2016-05-13,57.119999
2016-05-16,58.020000
2016-05-17,57.430000
2016-05-18,58.009998
2016-05-19,57.230000
2016-05-20,58.529999
2016-05-23,58.730000
2016-05-24,60.090000
2016-05-25,60.439999
2016-05-26,60.770000
2016-05-27,61.020000
2016-05-31,60.599998
2016-06-01,61.070000
2016-06-02,60.759998
2016-06-03,60.529999
2016-06-06,61.290001
2016-06-07,61.560001
2016-06-08,62.080002
2016-06-09,62.139999
2016-06-10,61.910000
2016-06-13,61.529999
2016-06-14,61.900002
2016-06-15,61.689999
2016-06-16,62.060001
2016-06-17,61.619999
2016-06-20,62.009998
2016-06-21,62.040001
2016-06-22,62.060001
2016-06-23,63.299999
2016-06-24,60.540001
2016-06-27,59.070000
2016-06-28,60.270000
2016-06-29,61.250000
2016-06-30,62.650002
2016-07-01,62.110001
2016-07-05,61.250000
2016-07-06,61.060001
2016-07-07,61.770000
2016-07-08,63.270000
2016-07-11,63.400002
2016-07-12,64.379997
2016-07-13,64.540001
2016-07-14,64.809998
2016-07-15,64.849998
2016-07-18,65.190002
2016-07-19,64.940002
2016-07-20,65.449997
2016-07-21,64.910004
2016-07-22,65.489998
2016-07-25,66.220001
2016-07-26,71.419998
2016-07-27,71.269997
2016-07-28,70.230003
2016-07-29,69.750000
2016-08-01,69.879997
2016-08-02,68.849998
2016-08-03,68.879997
2016-08-04,69.610001
2016-08-05,70.150002
2016-08-08,70.139999
2016-08-09,70.250000
2016-08-10,69.889999
2016-08-11,70.000000
2016-08-12,69.839996
2016-08-15,70.330002
2016-08-16,69.820000
2016-08-17,69.820000
2016-08-18,70.129997
2016-08-19,70.269997
2016-08-22,70.000000
2016-08-23,69.980003
2016-08-24,69.900002
2016-08-25,69.820000
2016-08-26,69.750000
2016-08-29,69.980003
2016-08-30,69.309998
2016-08-31,69.540001
2016-09-01,69.699997
2016-09-02,69.680000
2016-09-06,69.790001
2016-09-07,69.489998
2016-09-08,68.989998
2016-09-09,66.669998
2016-09-12,67.940002
2016-09-13,67.449997
2016-09-14,67.790001
2016-09-15,69.220001
2016-09-16,69.360001
2016-09-19,69.540001
2016-09-20,69.180000
2016-09-21,69.559998
2016-09-22,69.760002
2016-09-23,68.980003
2016-09-26,68.419998
2016-09-27,69.449997
2016-09-28,69.739998
2016-09-29,69.839996
2016-09-30,70.180000
2016-10-03,69.660004
2016-10-04,69.589996
2016-10-05,70.599998
2016-10-06,70.959999
2016-10-07,70.870003
2016-10-10,69.930000
2016-10-11,68.760002
2016-10-12,68.459999
2016-10-13,67.769997
2016-10-14,68.489998
2016-10-17,68.419998
2016-10-18,69.250000
2016-10-19,69.489998
2016-10-20,69.750000
2016-10-21,69.970001
2016-10-24,71.680000
2016-10-25,71.199997
2016-10-26,71.709999
2016-10-27,70.730003
2016-10-28,70.800003
2016-10-31,70.849998
2016-11-01,69.440002
2016-11-02,68.839996
2016-11-03,67.900002
2016-11-04,67.599998
2016-11-07,69.010002
2016-11-08,69.830002
2016-11-09,69.790001
2016-11-10,69.139999
2016-11-11,69.849998
2016-11-14,70.019997
2016-11-15,71.029999
2016-11-16,71.199997
2016-11-17,72.080002
2016-11-18,72.599998
2016-11-21,73.680000
2016-11-22,74.400002
2016-11-23,74.059998
2016-11-25,74.430000
2016-11-28,74.529999
2016-11-29,74.400002
2016-11-30,73.930000
2016-12-01,70.410004
2016-12-02,70.720001
2016-12-05,70.510002
2016-12-06,71.370003
2016-12-07,72.199997
2016-12-08,72.129997
2016-12-09,71.989998
2016-12-12,71.730003
2016-12-13,73.199997
2016-12-14,72.500000
2016-12-15,73.449997
2016-12-16,72.889999
2016-12-19,73.570000
2016-12-20,74.040001
2016-12-21,74.169998
2016-12-22,74.199997
2016-12-23,74.379997
2016-12-27,74.870003
2016-12-28,74.050003
2016-12-29,74.150002
2016-12-30,72.970001
2017-01-03,73.580002
2017-01-04,73.489998
2017-01-05,72.919998
2017-01-06,74.150002
2017-01-09,74.339996
2017-01-10,74.599998
2017-01-11,75.199997
2017-01-12,74.849998
2017-01-13,75.000000
2017-01-17,74.489998
2017-01-18,74.379997
2017-01-19,73.879997
2017-01-20,74.750000
2017-01-23,75.730003
2017-01-24,77.080002
2017-01-25,78.580002
2017-01-26,79.260002
2017-01-27,78.029999
2017-01-30,77.900002
2017-01-31,75.540001
2017-02-01,76.269997
2017-02-02,75.889999
2017-02-03,76.500000
2017-02-06,76.220001
2017-02-07,76.180000
2017-02-08,75.949997
2017-02-09,75.300003
2017-02-10,75.160004
2017-02-13,75.519997
2017-02-14,75.639999
2017-02-15,75.669998
2017-02-16,76.250000
2017-02-17,76.440002
2017-02-21,77.080002
2017-02-22,77.230003
2017-02-23,77.139999
2017-02-24,77.239998
2017-02-27,77.190002
2017-02-28,76.620003
2017-03-01,78.150002
2017-03-02,78.080002
2017-03-03,77.860001
2017-03-06,78.309998
2017-03-07,79.120003
2017-03-08,79.339996
2017-03-09,79.129997
2017-03-10,80.330002
2017-03-13,81.019997
2017-03-14,81.089996
2017-03-15,81.820000
2017-03-16,81.709999
2017-03-17,82.199997
2017-03-20,81.589996
2017-03-21,79.750000
2017-03-22,80.690002
2017-03-23,80.669998
2017-03-24,80.589996
2017-03-27,80.529999
2017-03-28,80.610001
2017-03-29,80.489998
2017-03-30,81.040001
2017-03-31,80.559998
2017-04-03,80.360001
2017-04-04,80.599998
2017-04-05,80.080002
2017-04-06,80.099998
2017-04-07,80.529999
2017-04-10,80.129997
2017-04-11,79.410004
2017-04-12,78.480003
2017-04-13,77.839996
2017-04-17,78.720001
2017-04-18,79.610001
2017-04-19,79.370003
2017-04-20,80.760002
2017-04-21,79.809998
2017-04-24,81.080002
2017-04-25,82.360001
2017-04-26,81.110001
2017-04-27,80.800003
2017-04-28,79.180000
2017-05-01,79.290001
2017-05-02,79.250000
2017-05-03,79.769997
2017-05-04,79.300003
2017-05-05,79.629997
2017-05-08,79.459999
2017-05-09,79.449997
2017-05-10,80.489998
2017-05-11,80.400002
2017-05-12,80.690002
2017-05-15,81.550003
2017-05-16,82.269997
2017-05-17,78.680000
2017-05-18,79.230003
2017-05-19,80.300003
2017-05-22,80.370003
2017-05-23,79.690002
2017-05-24,80.050003
2017-05-25,80.790001
2017-05-26,81.120003
2017-05-30,81.970001
2017-05-31,82.489998
2017-06-01,81.489998
2017-06-02,81.629997
2017-06-05,81.889999
2017-06-06,82.220001
2017-06-07,82.889999
2017-06-08,84.339996
2017-06-09,80.900002
2017-06-12,81.050003
2017-06-13,80.989998
2017-06-14,80.160004
2017-06-15,80.080002
2017-06-16,79.699997
2017-06-19,81.419998
2017-06-20,79.570000
2017-06-21,79.669998
2017-06-22,79.050003
2017-06-23,79.580002
2017-06-26,78.309998
2017-06-27,76.949997
2017-06-28,78.059998
2017-06-29,76.900002
2017-06-30,76.930000
2017-07-03,76.410004
2017-07-05,76.910004
2017-07-06,76.860001
2017-07-07,78.480003
2017-07-10,78.779999
2017-07-11,79.040001
2017-07-12,80.519997
2017-07-13,80.540001
2017-07-14,82.000000
2017-07-17,81.660004
2017-07-18,82.160004
2017-07-19,82.160004
2017-07-20,82.690002
2017-07-21,81.699997
2017-07-24,80.919998
2017-07-25,81.389999
2017-07-26,82.529999
2017-07-27,80.970001
2017-07-28,80.709999
2017-07-31,81.379997
2017-08-01,81.709999
2017-08-02,81.309998
2017-08-03,81.360001
2017-08-04,81.430000
2017-08-07,82.169998
2017-08-08,82.449997
2017-08-09,82.279999
2017-08-10,80.360001
2017-08-11,80.889999
2017-08-14,82.050003
2017-08-15,81.949997
2017-08-16,82.459999
2017-08-17,80.150002
2017-08-18,79.970001
2017-08-21,79.889999
2017-08-22,80.750000
2017-08-23,80.889999
2017-08-24,81.250000
2017-08-25,80.980003
2017-08-28,80.760002
2017-08-29,81.029999
2017-08-30,82.309998
2017-08-31,82.820000
2017-09-01,82.540001
2017-09-05,81.849998
2017-09-06,82.070000
2017-09-07,82.000000
2017-09-08,81.379997
2017-09-11,82.220001
2017-09-12,82.889999
2017-09-13,82.699997
2017-09-14,83.290001
2017-09-15,84.839996
2017-09-18,86.139999
2017-09-19,86.809998
2017-09-20,85.830002
2017-09-21,86.050003
2017-09-22,88.269997
2017-09-25,87.500000
2017-09-26,87.699997
2017-09-27,88.809998
2017-09-28,89.650002
2017-09-29,89.639999
2017-10-02,89.650002
2017-10-03,89.940002
2017-10-04,90.489998
2017-10-05,91.139999
2017-10-06,91.349998
2017-10-09,91.580002
2017-10-10,92.379997
2017-10-11,92.870003
2017-10-12,92.620003
2017-10-13,93.589996
2017-10-16,94.230003
2017-10-17,94.269997
2017-10-18,93.430000
2017-10-19,93.449997
2017-10-20,95.180000
2017-10-23,96.209999
2017-10-24,96.440002
2017-10-25,95.820000
2017-10-26,96.150002
2017-10-27,97.500000
2017-10-30,96.059998
2017-10-31,96.690002
2017-11-01,96.349998
2017-11-02,96.790001
2017-11-03,97.980003
2017-11-06,98.540001
2017-11-07,98.400002
2017-11-08,98.440002
2017-11-09,97.050003
2017-11-10,96.940002
2017-11-13,97.029999
2017-11-14,96.959999
2017-11-15,96.769997
2017-11-16,98.320000
2017-11-17,97.739998
2017-11-20,98.279999
2017-11-21,99.190002
2017-11-22,98.080002
2017-11-24,99.300003
2017-11-27,98.629997
2017-11-28,99.480003
2017-11-29,96.879997
2017-11-30,97.290001
2017-12-01,97.180000
2017-12-04,95.970001
2017-12-05,96.900002
2017-12-06,97.019997
2017-12-07,97.779999
2017-12-08,98.019997
2017-12-11,98.830002
2017-12-12,98.430000
2017-12-13,98.860001
2017-12-14,100.250000
2017-12-15,101.220001
2017-12-18,103.269997
2017-12-19,104.099998
2017-12-20,104.800003
2017-12-21,104.070000
2017-12-22,104.129997
2017-12-26,104.150002
2017-12-27,104.529999
2017-12-28,104.820000
2017-12-29,104.440002
2018-01-02,105.570000
2018-01-03,108.430000
2018-01-04,108.290001
2018-01-05,109.120003
2018-01-08,109.639999
2018-01-09,110.389999
2018-01-10,109.699997
2018-01-11,110.669998
2018-01-12,112.720001
2018-01-16,112.919998
2018-01-17,119.160004
2018-01-18,116.410004
2018-01-19,116.830002
2018-01-22,119.440002
2018-01-23,119.889999
2018-01-24,109.699997
2018-01-25,110.150002
2018-01-26,113.690002
2018-01-29,112.650002
2018-01-30,109.889999
2018-01-31,109.669998
2018-02-01,110.080002
2018-02-02,107.660004
2018-02-05,104.209999
2018-02-06,105.870003
2018-02-07,101.980003
2018-02-08,97.660004
2018-02-09,100.489998
2018-02-12,101.940002
2018-02-13,100.980003
2018-02-14,102.680000
2018-02-15,104.570000
2018-02-16,104.470001
2018-02-20,105.290001
2018-02-21,103.660004
2018-02-22,103.930000
2018-02-23,107.040001
2018-02-26,109.629997
2018-02-27,108.339996
2018-02-28,108.349998
2018-03-01,106.529999
2018-03-02,108.220001
2018-03-05,109.010002
2018-03-06,109.690002
2018-03-07,108.559998
2018-03-08,109.489998
2018-03-09,111.529999
2018-03-12,111.629997
2018-03-13,110.589996
2018-03-14,109.970001
2018-03-15,109.709999
2018-03-16,109.970001
2018-03-19,107.860001
2018-03-20,109.459999
2018-03-21,108.639999
2018-03-22,103.900002
2018-03-23,101.360001
2018-03-26,106.599998
2018-03-27,102.559998
2018-03-28,101.910004
2018-03-29,103.889999
2018-04-02,100.650002
2018-04-03,102.180000
2018-04-04,104.209999
2018-04-05,102.239998
2018-04-06,99.459999
2018-04-09,99.809998
2018-04-10,102.360001
2018-04-11,102.339996
2018-04-12,104.239998
2018-04-13,102.160004
2018-04-16,103.500000
2018-04-17,105.389999
2018-04-18,105.349998
2018-04-19,101.290001
2018-04-20,99.959999
2018-04-23,98.089996
2018-04-24,98.419998
2018-04-25,103.000000
2018-04-26,102.720001
2018-04-27,102.510002
2018-04-30,101.430000
2018-05-01,103.400002
2018-05-02,102.959999
2018-05-03,103.599998
2018-05-04,104.690002
2018-05-07,104.510002
2018-05-08,105.459999
2018-05-09,107.540001
2018-05-10,109.970001
2018-05-11,109.250000
2018-05-14,110.639999
2018-05-15,109.209999
2018-05-16,111.400002
2018-05-17,110.330002
2018-05-18,110.540001
2018-05-21,110.410004
2018-05-22,110.860001
2018-05-23,111.070000
2018-05-24,110.750000
2018-05-25,111.559998
2018-05-29,110.940002
2018-05-30,111.849998
2018-05-31,111.910004
2018-06-01,114.800003
2018-06-04,115.739998
2018-06-05,117.660004
2018-06-06,118.110001
2018-06-07,117.239998
2018-06-08,115.739998
2018-06-11,115.279999
2018-06-12,115.410004
2018-06-13,114.000000
2018-06-14,114.720001
2018-06-15,115.889999
2018-06-18,114.389999
2018-06-19,113.660004
2018-06-20,114.239998
2018-06-21,112.110001
2018-06-22,112.379997
2018-06-25,110.190002
2018-06-26,111.510002
2018-06-27,108.779999
2018-06-28,109.099998
2018-06-29,110.250000
2018-07-02,110.239998
2018-07-03,108.910004
2018-07-05,111.510002
2018-07-06,112.709999
2018-07-09,112.089996
2018-07-10,113.730003
2018-07-11,111.760002
2018-07-12,115.839996
2018-07-13,115.139999
2018-07-16,114.559998
2018-07-17,115.800003
2018-07-18,115.680000
2018-07-19,114.589996
2018-07-20,115.000000
2018-07-23,114.669998
2018-07-24,113.800003
2018-07-25,113.220001
2018-07-26,113.300003
2018-07-27,112.599998
2018-07-30,110.910004
2018-07-31,111.320000
2018-08-01,111.000000
2018-08-02,112.209999
2018-08-03,112.839996
2018-08-06,113.110001
2018-08-07,115.760002
2018-08-08,116.160004
2018-08-09,114.339996
2018-08-10,110.089996
2018-08-13,109.940002
2018-08-14,110.339996
2018-08-15,109.599998
2018-08-16,109.400002
2018-08-17,109.639999
2018-08-20,109.029999
2018-08-21,111.510002
2018-08-22,112.190002
2018-08-23,112.400002
2018-08-24,113.639999
2018-08-27,115.250000
2018-08-28,115.019997
2018-08-29,115.470001
2018-08-30,112.580002
2018-08-31,112.400002
2018-09-04,112.540001
2018-09-05,111.129997
2018-09-06,110.889999
2018-09-07,108.459999
2018-09-10,108.320000
2018-09-11,106.050003
2018-09-12,104.540001
2018-09-13,105.720001
2018-09-14,105.360001
2018-09-17,103.699997
2018-09-18,104.910004
2018-09-19,107.370003
2018-09-20,108.489998
2018-09-21,110.050003
2018-09-24,109.800003
2018-09-25,107.550003
2018-09-26,106.220001
2018-09-27,107.290001
2018-09-28,107.290001
2018-10-01,107.739998
2018-10-02,108.459999
2018-10-03,108.180000
2018-10-04,105.870003
2018-10-05,103.279999
2018-10-08,101.930000
2018-10-09,102.870003
2018-10-10,99.239998
2018-10-11,99.529999
2018-10-12,101.089996
2018-10-15,99.430000
2018-10-16,102.150002
2018-10-17,101.540001
2018-10-18,99.540001
2018-10-19,98.260002
2018-10-22,99.720001
2018-10-23,100.250000
2018-10-24,92.010002
2018-10-25,91.769997
2018-10-26,90.559998
2018-10-29,90.180000
2018-10-30,92.989998
2018-10-31,92.830002
2018-11-01,97.599998
2018-11-02,95.059998
2018-11-05,95.660004
2018-11-06,97.139999
2018-11-07,97.199997
2018-11-08,98.480003
2018-11-09,96.099998
2018-11-12,93.470001
2018-11-13,94.480003
2018-11-14,94.699997
2018-11-15,97.959999
2018-11-16,97.849998
2018-11-19,94.620003
2018-11-20,96.839996
2018-11-21,96.129997
2018-11-23,95.099998
2018-11-26,96.379997
2018-11-27,96.279999
2018-11-28,98.260002
2018-11-29,97.430000
2018-11-30,99.849998
2018-12-03,101.169998
2018-12-04,96.110001
2018-12-06,97.320000
2018-12-07,92.379997
2018-12-10,93.800003
2018-12-11,94.540001
2018-12-12,95.809998
2018-12-13,95.839996
2018-12-14,94.260002
2018-12-17,91.919998
2018-12-18,94.540001
2018-12-19,90.529999
2018-12-20,90.089996
2018-12-21,90.410004
2018-12-24,87.800003
2018-12-26,92.980003
2018-12-27,93.809998
2018-12-28,93.809998
2018-12-31,94.500000
2019-01-02,94.449997
2019-01-03,88.879997
2019-01-04,92.900002
2019-01-07,94.500000
2019-01-08,94.379997
2019-01-09,96.239998
2019-01-10,97.720001
2019-01-11,98.589996
2019-01-14,96.330002
2019-01-15,97.629997
2019-01-16,97.169998
2019-01-17,97.540001
2019-01-18,99.419998
2019-01-22,96.620003
2019-01-23,95.489998
2019-01-24,102.089996
2019-01-25,104.410004
2019-01-28,102.680000
2019-01-29,101.349998
2019-01-30,102.139999
2019-01-31,100.680000
2019-02-01,101.989998
2019-02-04,101.800003
2019-02-05,102.320000
2019-02-06,106.480003
2019-02-07,103.860001
2019-02-08,104.550003
2019-02-11,104.760002
2019-02-12,106.440002
2019-02-13,107.150002
2019-02-14,106.970001
2019-02-15,107.570000
2019-02-19,107.279999
2019-02-20,107.940002
2019-02-21,106.639999
2019-02-22,107.309998
2019-02-25,108.190002
2019-02-26,107.269997
2019-02-27,105.709999
2019-02-28,105.779999
2019-03-01,106.760002
2019-03-04,107.400002
2019-03-05,106.570000
2019-03-06,105.419998
2019-03-07,104.949997
2019-03-08,104.860001
2019-03-11,106.449997
2019-03-12,106.519997
2019-03-13,107.580002
2019-03-14,107.099998
2019-03-15,110.739998
2019-03-18,109.809998
2019-03-19,110.019997
2019-03-20,109.629997
2019-03-21,112.220001
2019-03-22,109.680000
2019-03-25,107.110001
2019-03-26,108.330002
2019-03-27,105.970001
2019-03-28,104.910004
2019-03-29,106.070000
2019-04-01,108.639999
2019-04-02,110.279999
2019-04-03,112.750000
2019-04-04,113.239998
2019-04-05,113.629997
2019-04-08,115.220001
2019-04-09,113.940002
2019-04-10,114.919998
2019-04-11,114.879997
2019-04-12,116.760002
2019-04-15,115.089996
2019-04-16,116.370003
2019-04-17,115.599998
2019-04-18,115.510002
2019-04-22,114.949997
2019-04-23,116.379997
2019-04-24,118.430000
2019-04-25,117.169998
2019-04-26,117.209999
2019-04-29,116.699997
2019-04-30,117.830002
2019-05-01,116.290001
2019-05-02,117.459999
2019-05-03,117.470001
2019-05-06,115.860001
2019-05-07,113.930000
2019-05-08,112.559998
2019-05-09,112.150002
2019-05-10,112.599998
2019-05-13,107.110001
2019-05-14,109.040001
2019-05-15,110.290001
2019-05-16,109.209999
2019-05-17,106.790001
2019-05-20,104.730003
2019-05-21,107.000000
2019-05-22,106.779999
2019-05-23,105.830002
2019-05-24,105.059998
2019-05-28,103.209999
2019-05-29,104.150002
2019-05-30,105.440002
2019-05-31,104.309998
2019-06-03,105.169998
2019-06-04,109.120003
2019-06-05,109.480003
2019-06-06,110.190002
2019-06-07,111.169998
2019-06-10,112.629997
2019-06-11,112.930000
2019-06-12,110.339996
2019-06-13,111.180000
2019-06-14,107.309998
2019-06-17,106.720001
2019-06-18,111.040001
2019-06-19,111.300003
2019-06-20,112.709999
2019-06-21,112.320000
2019-06-24,112.730003
2019-06-25,111.480003
2019-06-26,114.430000
2019-06-27,115.860001
2019-06-28,114.760002
2019-07-01,117.190002
2019-07-02,116.059998
2019-07-03,115.940002
2019-07-05,115.750000
2019-07-08,114.930000
2019-07-09,115.779999
2019-07-10,116.639999
2019-07-11,116.720001
2019-07-12,118.320000
2019-07-15,119.839996
2019-07-16,118.680000
2019-07-17,117.180000
2019-07-18,118.570000
2019-07-19,117.260002
2019-07-22,118.180000
2019-07-23,120.070000
2019-07-24,129.000000
2019-07-25,127.349998
2019-07-26,128.160004
2019-07-29,129.970001
2019-07-30,128.539993
2019-07-31,125.010002
2019-08-01,123.449997
2019-08-02,121.820000
2019-08-05,116.930000
2019-08-06,119.000000
2019-08-07,120.720001
2019-08-08,124.309998
2019-08-09,120.610001
2019-08-12,120.080002
2019-08-13,123.339996
2019-08-14,120.599998
2019-08-15,119.849998
2019-08-16,122.820000
2019-08-19,124.599998
2019-08-20,124.309998
2019-08-21,126.040001
2019-08-22,125.209999
2019-08-23,120.290001
2019-08-26,121.669998
2019-08-27,122.180000
2019-08-28,122.739998
2019-08-29,123.570000
2019-08-30,123.750000
2019-09-03,121.739998
2019-09-04,124.589996
2019-09-05,126.809998
2019-09-06,127.089996
2019-09-09,127.099998
2019-09-10,127.040001
2019-09-11,128.580002
2019-09-12,130.220001
2019-09-13,129.610001
2019-09-16,128.360001
2019-09-17,129.559998
2019-09-18,129.309998
2019-09-19,128.830002
2019-09-20,126.669998
2019-09-23,127.769997
2019-09-24,125.809998
2019-09-25,127.739998
2019-09-26,128.110001
2019-09-27,127.139999
2019-09-30,129.240005
2019-10-01,128.589996
2019-10-02,126.839996
2019-10-03,128.699997
2019-10-04,130.139999
2019-10-07,128.850006
2019-10-08,124.980003
2019-10-09,127.440002
2019-10-10,127.730003
2019-10-11,130.089996
2019-10-14,129.750000
2019-10-15,131.690002
2019-10-16,129.500000
2019-10-17,130.130005
2019-10-18,129.460007
2019-10-21,130.929993
2019-10-22,128.570007
2019-10-23,118.949997
2019-10-24,118.410004
2019-10-25,120.510002
2019-10-28,120.000000
2019-10-29,120.290001
2019-10-30,117.790001
2019-10-31,117.989998
2019-11-01,118.040001
2019-11-04,120.970001
2019-11-05,119.860001
2019-11-06,120.360001
2019-11-07,119.919998
2019-11-08,120.110001
2019-11-11,118.080002
2019-11-12,119.019997
2019-11-13,118.419998
2019-11-14,117.570000
2019-11-15,118.000000
2019-11-18,117.889999
2019-11-19,117.839996
2019-11-20,116.230003
2019-11-21,116.099998
2019-11-22,117.010002
2019-11-25,119.010002
2019-11-26,119.129997
2019-11-27,121.730003
2019-11-29,120.209999
2019-12-02,118.790001
2019-12-03,117.750000
2019-12-04,120.279999
2019-12-05,120.739998
2019-12-06,122.370003
2019-12-09,122.000000
2019-12-10,121.370003
2019-12-11,123.720001
2019-12-12,126.070000
2019-12-13,126.639999
2019-12-16,127.070000
2019-12-17,127.089996
2019-12-18,126.349998
2019-12-19,126.400002
2019-12-20,128.949997
2019-12-23,128.550003
2019-12-24,128.529999
2019-12-26,128.479996
2019-12-27,128.570007
2019-12-30,127.660004
2019-12-31,128.289993
2020-01-02,129.570007
2020-01-03,127.849998
2020-01-06,126.959999
2020-01-07,129.410004
2020-01-08,129.759995
2020-01-09,131.330002
2020-01-10,130.000000
2020-01-13,129.949997
2020-01-14,130.669998
2020-01-15,129.169998
2020-01-16,130.160004
2020-01-17,131.699997
2020-01-21,130.860001
2020-01-22,133.339996
2020-01-23,134.250000
2020-01-24,130.520004
2020-01-27,126.309998
2020-01-28,128.039993
2020-01-29,125.489998
2020-01-30,124.419998
2020-01-31,120.650002
2020-02-03,123.400002
2020-02-04,126.470001
2020-02-05,132.440002
2020-02-06,132.520004
2020-02-07,128.699997
2020-02-10,129.649994
2020-02-11,130.699997
2020-02-12,132.419998
2020-02-13,132.809998
2020-02-14,132.210007
2020-02-18,131.240005
2020-02-19,133.130005
2020-02-20,131.470001
2020-02-21,128.520004
2020-02-24,121.440002
2020-02-25,118.379997
2020-02-26,118.790001
2020-02-27,113.129997
2020-02-28,114.139999
2020-03-02,118.970001
2020-03-03,113.809998
2020-03-04,119.050003
2020-03-05,114.720001
2020-03-06,113.160004
2020-03-09,105.040001
2020-03-10,112.120003
2020-03-11,106.500000
2020-03-12,97.529999
2020-03-13,106.040001
2020-03-16,93.500000
2020-03-17,106.150002
2020-03-18,100.000000
2020-03-19,101.570000
2020-03-20,97.599998
2020-03-23,98.440002
2020-03-24,105.360001
2020-03-25,99.160004
2020-03-26,107.760002
2020-03-27,100.500000
2020-03-30,102.019997
2020-03-31,99.930000
2020-04-01,96.889999
2020-04-02,102.019997
2020-04-03,99.980003
2020-04-06,108.959999
2020-04-07,106.260002
2020-04-08,110.169998
2020-04-09,107.690002
2020-04-13,107.669998
2020-04-14,110.949997
2020-04-15,107.980003
2020-04-16,111.389999
2020-04-17,113.550003
2020-04-20,111.529999
2020-04-21,106.839996
2020-04-22,111.980003
2020-04-23,110.459999
2020-04-24,113.930000
2020-04-27,115.779999
2020-04-28,114.239998
2020-04-29,119.400002
2020-04-30,116.070000
2020-05-01,109.709999
2020-05-04,110.500000
2020-05-05,111.540001
2020-05-06,112.419998
2020-05-07,113.650002
2020-05-08,115.000000
2020-05-11,114.879997
2020-05-12,111.690002
2020-05-13,109.070000
2020-05-14,110.349998
2020-05-15,108.239998
2020-05-18,114.419998
2020-05-19,112.680000
2020-05-20,117.480003
2020-05-21,113.459999
2020-05-22,113.430000
2020-05-26,115.730003
2020-05-27,117.820000
2020-05-28,115.870003
2020-05-29,118.739998
2020-06-01,117.860001
2020-06-02,122.669998
2020-06-03,127.209999
2020-06-04,128.580002
2020-06-05,131.440002
2020-06-08,132.860001
2020-06-09,132.119995
2020-06-10,131.399994
2020-06-11,124.610001
2020-06-12,123.970001
2020-06-15,124.230003
2020-06-16,126.110001
2020-06-17,126.220001
2020-06-18,125.980003
2020-06-19,124.889999
2020-06-22,125.230003
2020-06-23,126.620003
2020-06-24,123.989998
2020-06-25,125.059998
2020-06-26,123.370003
2020-06-29,124.769997
2020-06-30,126.970001
2020-07-01,124.800003
2020-07-02,125.809998
2020-07-06,129.529999
2020-07-07,128.600006
2020-07-08,129.259995
2020-07-09,130.429993
2020-07-10,130.529999
2020-07-13,128.820007
2020-07-14,131.889999
2020-07-15,132.149994
2020-07-16,132.179993
2020-07-17,133.889999
2020-07-20,136.580002
2020-07-21,135.479996
2020-07-22,132.529999
2020-07-23,129.039993
2020-07-24,129.630005
2020-07-27,132.119995
2020-07-28,130.130005
2020-07-29,131.639999
2020-07-30,128.889999
2020-07-31,127.550003
2020-08-03,129.320007
2020-08-04,132.229996
2020-08-05,132.699997
2020-08-06,133.740005
2020-08-07,133.559998
2020-08-10,135.410004
2020-08-11,136.039993
2020-08-12,138.639999
2020-08-13,137.149994
2020-08-14,137.350006
2020-08-17,138.279999
2020-08-18,139.309998
2020-08-19,138.479996
2020-08-20,138.570007
2020-08-21,140.330002
2020-08-24,141.020004
2020-08-25,141.660004
2020-08-26,142.449997
2020-08-27,141.490005
2020-08-28,143.490005
2020-08-31,142.149994
2020-09-01,144.960007
2020-09-02,147.639999
2020-09-03,141.669998
2020-09-04,140.470001
2020-09-08,136.039993
2020-09-09,139.679993
2020-09-10,137.190002
2020-09-11,136.369995
2020-09-14,138.529999
2020-09-15,140.639999
2020-09-16,139.679993
2020-09-17,140.399994
2020-09-18,138.660004
2020-09-21,136.979996
2020-09-22,138.649994
2020-09-23,135.160004
2020-09-24,136.690002
2020-09-25,138.320007
2020-09-28,141.940002
2020-09-29,141.500000
2020-09-30,142.789993
2020-10-01,144.910004
2020-10-02,141.089996
2020-10-05,144.080002
2020-10-06,143.850006
2020-10-07,146.750000
2020-10-08,148.059998
2020-10-09,150.910004
2020-10-12,154.899994
2020-10-13,154.490005
2020-10-14,152.770004
2020-10-15,152.550003
2020-10-16,153.119995
2020-10-19,150.759995
2020-10-20,150.830002
2020-10-21,146.130005
2020-10-22,148.220001
2020-10-23,149.960007
2020-10-26,145.949997
2020-10-27,147.119995
2020-10-28,143.000000
2020-10-29,146.190002
2020-10-30,144.589996
2020-11-02,145.600006
2020-11-03,147.300003
2020-11-04,152.029999
2020-11-05,155.559998
2020-11-06,157.740005
2020-11-09,156.220001
2020-11-10,151.490005
2020-11-11,155.699997
2020-11-12,154.500000
2020-11-13,156.649994
2020-11-16,158.309998
2020-11-17,155.500000
2020-11-18,153.550003
2020-11-19,157.270004
2020-11-20,156.820007
2020-11-23,157.419998
2020-11-24,159.350006
2020-11-25,157.600006
2020-11-27,158.990005
2020-11-30,161.250000
2020-12-01,163.490005
2020-12-02,162.720001
2020-12-03,161.979996
2020-12-04,166.520004
2020-12-07,166.289993
2020-12-08,166.679993
2020-12-09,162.759995
2020-12-10,162.000000
2020-12-11,160.610001
2020-12-14,160.119995
2020-12-15,162.380005
2020-12-16,162.119995
2020-12-17,162.690002
2020-12-18,164.070007
2020-12-21,162.429993
2020-12-22,162.520004
2020-12-23,160.979996
2020-12-24,161.639999
2020-12-28,161.470001
2020-12-29,161.179993
2020-12-30,162.699997
2020-12-31,164.130005
2021-01-04,162.220001
2021-01-05,163.410004
2021-01-06,164.220001
2021-01-07,167.940002
2021-01-08,171.160004
2021-01-11,171.309998
2021-01-12,172.300003
2021-01-13,171.410004
2021-01-14,171.710007
2021-01-15,169.190002
2021-01-19,174.190002
2021-01-20,173.330002
2021-01-21,175.100006
2021-01-22,172.809998
2021-01-25,172.919998
2021-01-26,171.470001
2021-01-27,162.929993
2021-01-28,169.229996
2021-01-29,165.690002
2021-02-01,172.460007
2021-02-02,174.750000
2021-02-03,168.580002
2021-02-04,172.000000
2021-02-05,169.929993
2021-02-08,175.119995
2021-02-09,173.690002
2021-02-10,174.360001
2021-02-11,179.220001
2021-02-12,179.639999
2021-02-16,180.759995
2021-02-17,178.529999
2021-02-18,176.509995
2021-02-19,178.350006
2021-02-22,173.089996
2021-02-23,172.850006
2021-02-24,179.389999
2021-02-25,170.529999
2021-02-26,172.270004
2021-03-01,177.669998
2021-03-02,174.889999
2021-03-03,170.589996
2021-03-04,163.250000
2021-03-05,167.940002
2021-03-08,162.110001
2021-03-09,170.360001
2021-03-10,169.419998
2021-03-11,174.949997
2021-03-12,173.570007
2021-03-15,174.910004
2021-03-16,177.139999
2021-03-17,179.350006
2021-03-18,174.360001
2021-03-19,175.979996
2021-03-22,180.100006
2021-03-23,178.779999
2021-03-24,178.899994
2021-03-25,178.490005
2021-03-26,188.199997
2021-03-29,186.179993
2021-03-30,185.940002
2021-03-31,188.990005
2021-04-01,192.059998
2021-04-05,196.929993
2021-04-06,194.589996
2021-04-07,193.089996
2021-04-08,195.199997
2021-04-09,195.429993
2021-04-12,192.429993
2021-04-13,191.240005
2021-04-14,190.330002
2021-04-15,193.169998
2021-04-16,191.929993
2021-04-19,187.059998
2021-04-20,185.270004
2021-04-21,188.899994
2021-04-22,185.800003
2021-04-23,188.820007
2021-04-26,191.360001
2021-04-27,190.210007
2021-04-28,181.820007
2021-04-29,185.820007
2021-04-30,180.509995
2021-05-03,178.800003
2021-05-04,179.029999
2021-05-05,181.649994
2021-05-06,184.270004
2021-05-07,187.759995
2021-05-10,182.050003
2021-05-11,183.199997
2021-05-12,176.600006
2021-05-13,178.990005
2021-05-14,183.270004
2021-05-17,180.830002
2021-05-18,178.869995
2021-05-19,181.720001
2021-05-20,185.300003
2021-05-21,185.009995
2021-05-24,188.690002
2021-05-25,188.699997
2021-05-26,188.360001
2021-05-27,189.130005
2021-05-28,189.820007
2021-06-01,189.000000
2021-06-02,190.750000
2021-06-03,186.000000
2021-06-04,190.070007
2021-06-07,188.550003
2021-06-08,186.929993
2021-06-09,186.449997
2021-06-10,188.000000
2021-06-11,188.669998
2021-06-14,190.259995
2021-06-15,188.610001
2021-06-16,187.729996
2021-06-17,187.649994
2021-06-18,183.070007
2021-06-21,186.110001
2021-06-22,187.039993
2021-06-23,186.100006
2021-06-24,188.610001
2021-06-25,188.169998
2021-06-28,191.529999
2021-06-29,192.880005
2021-06-30,192.300003
2021-07-01,190.839996
2021-07-02,192.210007
2021-07-06,191.199997
2021-07-07,189.779999
2021-07-08,188.240005
2021-07-09,190.270004
2021-07-12,191.919998
2021-07-13,191.199997
2021-07-14,191.279999
2021-07-15,188.259995
2021-07-16,186.119995
2021-07-19,186.240005
2021-07-20,187.770004
2021-07-21,194.240005
2021-07-22,183.910004
2021-07-23,186.850006
2021-07-26,188.259995
2021-07-27,185.130005
2021-07-28,186.850006
2021-07-29,189.830002
2021-07-30,190.619995
2021-08-02,190.720001
2021-08-03,189.339996
2021-08-04,192.380005
2021-08-05,193.160004
2021-08-06,192.960007
2021-08-09,190.449997
2021-08-10,189.649994
2021-08-11,189.500000
2021-08-12,187.869995
2021-08-13,188.699997
2021-08-16,189.850006
2021-08-17,186.320007
2021-08-18,183.800003
2021-08-19,185.039993
2021-08-20,184.970001
2021-08-23,187.850006
2021-08-24,187.820007
2021-08-25,188.089996
2021-08-26,187.970001
2021-08-27,190.520004
2021-08-30,191.429993
2021-08-31,190.910004
2021-09-01,188.350006
2021-09-02,189.410004
2021-09-03,189.880005
2021-09-07,189.460007
2021-09-08,188.800003
2021-09-09,188.470001
2021-09-10,190.649994
2021-09-13,193.979996
2021-09-14,195.110001
2021-09-15,197.500000
2021-09-16,196.820007
2021-09-17,196.250000
2021-09-20,192.589996
2021-09-21,192.960007
2021-09-22,195.919998
2021-09-23,198.669998
2021-09-24,200.649994
2021-09-27,200.330002
2021-09-28,194.889999
2021-09-29,193.070007
2021-09-30,192.210007
2021-10-01,193.789993
2021-10-04,190.399994
2021-10-05,193.880005
2021-10-06,194.389999
2021-10-07,195.309998
2021-10-08,195.240005
2021-10-11,193.369995
2021-10-12,188.479996
2021-10-13,187.100006
2021-10-14,192.490005
2021-10-15,194.449997
2021-10-18,194.910004
2021-10-19,198.229996
2021-10-20,199.380005
2021-10-21,201.289993
2021-10-22,199.070007
2021-10-25,200.199997
2021-10-26,196.979996
2021-10-27,187.100006
2021-10-28,187.869995
2021-10-29,187.479996
2021-11-01,187.470001
2021-11-02,189.339996
2021-11-03,189.190002
2021-11-04,191.110001
2021-11-05,193.399994
2021-11-08,192.360001
2021-11-09,190.789993
2021-11-10,187.020004
2021-11-11,188.600006
2021-11-12,190.080002
2021-11-15,189.229996
2021-11-16,188.520004
2021-11-17,189.570007
2021-11-18,193.470001
2021-11-19,195.160004
2021-11-22,192.500000
2021-11-23,192.639999
2021-11-24,193.600006
2021-11-26,188.259995
2021-11-29,194.380005
2021-11-30,192.369995
2021-12-01,191.759995
2021-12-02,193.580002
2021-12-03,193.380005
2021-12-06,194.610001
2021-12-07,199.029999
2021-12-08,196.389999
2021-12-09,193.399994
2021-12-10,196.000000
2021-12-13,193.240005
2021-12-14,190.270004
2021-12-15,193.440002
2021-12-16,188.240005
2021-12-17,186.300003
2021-12-20,184.240005
2021-12-21,186.369995
2021-12-22,186.929993
2021-12-23,187.399994
2021-12-27,191.839996
2021-12-28,191.100006
2021-12-29,190.809998
2021-12-30,189.410004
2021-12-31,188.470001
2022-01-03,190.600006
2022-01-04,190.800003
2022-01-05,186.820007
2022-01-06,186.759995
2022-01-07,179.440002
2022-01-10,182.960007
2022-01-11,184.639999
2022-01-12,186.029999
2022-01-13,184.149994
2022-01-14,187.009995
2022-01-18,182.279999
2022-01-19,178.300003
2022-01-20,173.449997
2022-01-21,175.639999
2022-01-24,178.339996
2022-01-25,173.960007
2022-01-26,178.330002
2022-01-27,174.809998
2022-01-28,177.289993
2022-01-31,179.490005
2022-02-01,181.289993
2022-02-02,187.839996
2022-02-03,175.589996
2022-02-04,171.419998
2022-02-07,169.949997
2022-02-08,172.630005
2022-02-09,176.710007
2022-02-10,170.660004
2022-02-11,164.399994
2022-02-14,162.470001
2022-02-15,166.169998
2022-02-16,168.240005
2022-02-17,164.649994
2022-02-18,166.740005
2022-02-22,166.690002
2022-02-23,165.639999
2022-02-24,169.589996
2022-02-25,170.820007
2022-02-28,169.990005
2022-03-01,167.289993
2022-03-02,170.100006
2022-03-03,171.000000
2022-03-04,169.979996
2022-03-07,164.889999
2022-03-08,167.339996
2022-03-09,172.460007
2022-03-10,172.750000
2022-03-11,170.360001
2022-03-14,166.720001
2022-03-15,172.320007
2022-03-16,176.330002
2022-03-17,178.470001
2022-03-18,180.100006
2022-03-21,180.460007
2022-03-22,182.350006
2022-03-23,179.080002
2022-03-24,184.210007
2022-03-25,184.899994
2022-03-28,185.679993
2022-03-29,191.009995
2022-03-30,187.449997
2022-03-31,183.479996
2022-04-01,182.080002
2022-04-04,182.710007
2022-04-05,177.179993
2022-04-06,177.250000
2022-04-07,177.600006
2022-04-08,174.110001
2022-04-11,171.940002
2022-04-12,173.000000
2022-04-13,175.110001
2022-04-14,173.660004
2022-04-18,176.559998
2022-04-19,179.059998
2022-04-20,179.419998
2022-04-21,177.229996
2022-04-22,173.309998
2022-04-25,173.910004
2022-04-26,168.440002
2022-04-27,169.389999
2022-04-28,175.850006
2022-04-29,170.250000
2022-05-02,174.000000
2022-05-03,172.539993
2022-05-04,176.229996
2022-05-05,170.279999
2022-05-06,167.449997
2022-05-09,164.940002
2022-05-10,168.240005
2022-05-11,164.690002
2022-05-12,165.899994
2022-05-13,169.740005
2022-05-16,168.500000
2022-05-17,174.979996
2022-05-18,170.300003
2022-05-19,167.619995
2022-05-20,169.809998
2022-05-23,169.929993
2022-05-24,167.860001
2022-05-25,170.009995
2022-05-26,174.130005
2022-05-27,177.970001
2022-05-31,176.759995
2022-06-01,174.419998
2022-06-02,176.720001
2022-06-03,172.330002
2022-06-06,167.759995
2022-06-07,169.850006
2022-06-08,165.369995
2022-06-09,161.580002
2022-06-10,157.779999
2022-06-13,153.529999
2022-06-14,154.080002
2022-06-15,155.919998
2022-06-16,151.369995
2022-06-17,150.199997
2022-06-21,153.460007
2022-06-22,152.600006
2022-06-23,151.139999
2022-06-24,155.949997
2022-06-27,155.619995
2022-06-28,154.160004
2022-06-29,152.779999
2022-06-30,153.649994
2022-07-01,148.539993
2022-07-05,149.100006
2022-07-06,150.809998
2022-07-07,154.690002
2022-07-08,155.529999
2022-07-11,153.559998
2022-07-12,154.460007
2022-07-13,154.289993
2022-07-14,157.850006
2022-07-15,160.539993
2022-07-18,159.669998
2022-07-19,164.639999
2022-07-20,165.330002
2022-07-21,166.539993
2022-07-22,163.899994
2022-07-25,163.199997
2022-07-26,160.839996
2022-07-27,171.539993
2022-07-28,175.750000
2022-07-29,178.889999
2022-08-01,178.800003
2022-08-02,177.220001
2022-08-03,183.470001
2022-08-04,184.910004
2022-08-05,184.300003
2022-08-08,182.800003
2022-08-09,177.710007
2022-08-10,183.119995
2022-08-11,182.059998
2022-08-12,185.380005
2022-08-15,185.399994
2022-08-16,183.360001
2022-08-17,176.710007
2022-08-18,178.460007
2022-08-19,176.449997
2022-08-22,171.440002
2022-08-23,172.520004
2022-08-24,172.190002
2022-08-25,177.309998
2022-08-26,169.490005
2022-08-29,167.940002
2022-08-30,166.740005
2022-08-31,165.210007
2022-09-01,166.160004
2022-09-02,163.000000
2022-09-06,163.100006
2022-09-07,165.820007
2022-09-08,168.410004
2022-09-09,170.740005
2022-09-12,170.580002
2022-09-13,162.649994
2022-09-14,165.259995
2022-09-15,162.669998
2022-09-16,165.259995
2022-09-19,166.250000
2022-09-20,166.059998
2022-09-21,163.300003
2022-09-22,162.619995
2022-09-23,161.289993
2022-09-26,160.460007
2022-09-27,160.710007
2022-09-28,162.800003
2022-09-29,158.449997
2022-09-30,154.779999
2022-10-03,159.839996
2022-10-04,165.149994
2022-10-05,167.800003
2022-10-06,166.539993
2022-10-07,159.279999
2022-10-10,156.789993
2022-10-11,153.449997
2022-10-12,151.550003
2022-10-13,154.339996
2022-10-14,148.339996
2022-10-17,150.990005
2022-10-18,151.509995
2022-10-19,152.649994
2022-10-20,153.720001
2022-10-21,159.720001
2022-10-24,161.649994
2022-10-25,162.160004
2022-10-26,157.869995
2022-10-27,156.759995
2022-10-28,161.360001
2022-10-31,160.630005
2022-11-01,162.899994
2022-11-02,158.490005
2022-11-03,156.520004
2022-11-04,162.649994
2022-11-07,165.690002
2022-11-08,168.110001
2022-11-09,164.990005
2022-11-10,174.690002
2022-11-11,179.490005
2022-11-14,177.440002
2022-11-15,177.570007
2022-11-16,173.460007
2022-11-17,175.360001
2022-11-18,175.179993
2022-11-21,172.399994
2022-11-22,177.220001
2022-11-23,178.979996
2022-11-25,177.070007
2022-11-28,173.000000
2022-11-29,172.979996
2022-11-30,180.460007
2022-12-01,177.500000
2022-12-02,177.660004
2022-12-05,177.389999
2022-12-06,174.339996
2022-12-07,173.750000
2022-12-08,176.360001
2022-12-09,174.259995
2022-12-12,177.479996
2022-12-13,177.500000
2022-12-14,175.820007
2022-12-15,170.009995
2022-12-16,169.550003
2022-12-19,167.610001
2022-12-20,166.089996
2022-12-21,168.729996
2022-12-22,164.699997
2022-12-23,164.380005
2022-12-27,163.779999
2022-12-28,161.190002
2022-12-29,165.020004
2022-12-30,165.220001
2023-01-03,163.210007
2023-01-04,169.169998
2023-01-05,166.929993
2023-01-06,175.160004
2023-01-09,176.679993
2023-01-10,178.399994
2023-01-11,178.869995
2023-01-12,178.130005
2023-01-13,179.009995
2023-01-17,175.399994
2023-01-18,173.759995
2023-01-19,170.929993
2023-01-20,173.000000
2023-01-23,178.169998
2023-01-24,177.039993
2023-01-25,175.039993
2023-01-26,174.100006
2023-01-27,175.240005
2023-01-30,173.130005
2023-01-31,177.210007
2023-02-01,182.100006
2023-02-02,184.720001
2023-02-03,182.289993
2023-02-06,181.000000
2023-02-07,183.490005
2023-02-08,176.500000
2023-02-09,174.990005
2023-02-10,175.789993
2023-02-13,176.710007
2023-02-14,176.339996
2023-02-15,178.500000
2023-02-16,176.080002
2023-02-17,175.320007
2023-02-21,170.759995
2023-02-22,169.800003
2023-02-23,171.820007
2023-02-24,169.139999
2023-02-27,170.740005
2023-02-28,171.449997
2023-03-01,172.169998
2023-03-02,174.080002
2023-03-03,175.679993
2023-03-06,173.050003
2023-03-07,172.059998
2023-03-08,176.220001
2023-03-09,173.440002
2023-03-10,171.639999
2023-03-13,173.889999
2023-03-14,175.729996
2023-03-15,174.389999
2023-03-16,177.130005
2023-03-17,175.710007
2023-03-20,179.160004
2023-03-21,178.410004
2023-03-22,176.320007
2023-03-23,180.279999
2023-03-24,179.509995
2023-03-27,177.050003
2023-03-28,177.490005
2023-03-29,181.039993
2023-03-30,184.240005
2023-03-31,186.009995
2023-04-03,184.160004
2023-04-04,180.399994
2023-04-05,177.199997
2023-04-06,178.119995
2023-04-10,179.419998
2023-04-11,179.869995
2023-04-12,177.550003
2023-04-13,179.110001
2023-04-14,178.979996
2023-04-17,180.050003
2023-04-18,180.320007
2023-04-19,177.080002
2023-04-20,176.619995
2023-04-21,177.020004
2023-04-24,175.899994
2023-04-25,169.389999
2023-04-26,164.460007
2023-04-27,165.270004
2023-04-28,167.199997
2023-05-01,166.679993
2023-05-02,163.940002
2023-05-03,163.350006
2023-05-04,162.300003
2023-05-05,165.820007
2023-05-08,164.220001
2023-05-09,163.000000
2023-05-10,163.050003
2023-05-11,161.169998
2023-05-12,161.880005
2023-05-15,165.259995
2023-05-16,163.380005
2023-05-17,165.339996
2023-05-18,169.809998
2023-05-19,170.110001
2023-05-22,170.860001
2023-05-23,169.740005
2023-05-24,167.070007
2023-05-25,169.619995
2023-05-26,176.289993
2023-05-30,176.550003
2023-05-31,173.880005
2023-06-01,175.809998
2023-06-02,175.229996
2023-06-05,170.259995
2023-06-06,170.360001
2023-06-07,172.000000
2023-06-08,172.229996
2023-06-09,170.589996
2023-06-12,174.039993
2023-06-13,177.410004
2023-06-14,177.119995
2023-06-15,178.089996
2023-06-16,176.759995
2023-06-20,174.360001
2023-06-21,170.479996
2023-06-22,172.630005
2023-06-23,167.679993
2023-06-26,168.750000
2023-06-27,176.309998
2023-06-28,174.960007
2023-06-29,176.789993
2023-06-30,180.020004
2023-07-03,179.759995
2023-07-05,176.529999
2023-07-06,174.820007
2023-07-07,173.699997
2023-07-10,179.440002
2023-07-11,178.820007
2023-07-12,182.369995
2023-07-13,183.119995
2023-07-14,180.850006
2023-07-17,183.399994
2023-07-18,183.679993
2023-07-19,183.669998
2023-07-20,179.919998
2023-07-21,184.320007
2023-07-24,183.889999
2023-07-25,186.080002
2023-07-26,176.000000
2023-07-27,177.720001
2023-07-28,178.369995
2023-07-31,180.000000
2023-08-01,178.369995
2023-08-02,172.440002
2023-08-03,171.800003
2023-08-04,168.440002
2023-08-07,168.960007
2023-08-08,166.729996
2023-08-09,167.270004
2023-08-10,167.559998
2023-08-11,166.199997
2023-08-14,170.479996
2023-08-15,168.160004
2023-08-16,165.720001
2023-08-17,165.759995
2023-08-18,166.490005
2023-08-21,167.949997
2023-08-22,167.110001
2023-08-23,169.830002
2023-08-24,165.589996
2023-08-25,167.809998
2023-08-28,168.699997
2023-08-29,170.690002
2023-08-30,169.229996
2023-08-31,168.059998
2023-09-01,169.830002
2023-09-05,169.740005
2023-09-06,168.050003
2023-09-07,164.710007
2023-09-08,164.660004
2023-09-11,165.839996
2023-09-12,163.490005
2023-09-13,164.360001
2023-09-14,166.050003
2023-09-15,162.619995
2023-09-18,162.830002
2023-09-19,163.139999
2023-09-20,162.100006
2023-09-21,160.399994
2023-09-22,160.309998
2023-09-25,160.899994
2023-09-26,157.960007
2023-09-27,158.139999
2023-09-28,159.089996
2023-09-29,159.009995
2023-10-02,159.949997
2023-10-03,157.250000
2023-10-04,157.970001
2023-10-05,155.110001
2023-10-06,157.000000
2023-10-09,156.720001
2023-10-10,157.660004
2023-10-11,157.330002
2023-10-12,155.000000
2023-10-13,152.750000
2023-10-16,154.300003
2023-10-17,154.259995
2023-10-18,151.820007
2023-10-19,150.940002
2023-10-20,147.809998
2023-10-23,146.320007
2023-10-24,146.919998
2023-10-25,141.789993
2023-10-26,144.009995
2023-10-27,143.119995
2023-10-30,140.500000
2023-10-31,142.009995
2023-11-01,143.169998
2023-11-02,147.309998
2023-11-03,150.229996
2023-11-06,147.500000
2023-11-07,146.589996
2023-11-08,145.220001
2023-11-09,143.270004
2023-11-10,147.190002
2023-11-13,145.869995
2023-11-14,149.929993
2023-11-15,151.869995
2023-11-16,151.889999
2023-11-17,154.619995
2023-11-20,155.539993
2023-11-21,153.429993
2023-11-22,153.929993
2023-11-24,153.589996
2023-11-27,152.600006
2023-11-28,152.899994
2023-11-29,153.199997
2023-11-30,152.710007
2023-12-01,155.210007
2023-12-04,157.419998
2023-12-05,157.250000
2023-12-06,156.050003
2023-12-07,157.679993
2023-12-08,157.029999
2023-12-11,159.970001
2023-12-12,157.919998
2023-12-13,161.809998
2023-12-14,168.779999
2023-12-15,168.639999
2023-12-18,167.419998
2023-12-19,168.500000
2023-12-20,165.179993
2023-12-21,166.809998
2023-12-22,168.240005
2023-12-26,170.809998
2023-12-27,171.229996
2023-12-28,171.720001
2023-12-29,170.460007
2024-01-02,169.259995
2024-01-03,166.740005
2024-01-04,164.470001
2024-01-05,165.100006
2024-01-08,168.539993
2024-01-09,168.630005
2024-01-10,167.250000
2024-01-11,165.600006
2024-01-12,164.869995
2024-01-16,163.880005
2024-01-17,162.419998
2024-01-18,166.910004
2024-01-19,173.649994
2024-01-22,174.830002
2024-01-23,174.339996
2024-01-24,170.070007
2024-01-25,167.419998
2024-01-26,164.089996
2024-01-29,166.039993
2024-01-30,162.050003
2024-01-31,160.119995
2024-02-01,159.690002
2024-02-02,159.199997
2024-02-05,158.899994
2024-02-06,158.369995
2024-02-07,158.770004
2024-02-08,160.210007
2024-02-09,162.399994
2024-02-12,161.080002
2024-02-13,156.850006
2024-02-14,157.869995
2024-02-15,160.710007
2024-02-16,160.380005
2024-02-20,162.740005
2024-02-21,164.080002
2024-02-22,165.429993
2024-02-23,163.690002
2024-02-26,164.300003
2024-02-27,164.940002
2024-02-28,163.039993
2024-02-29,167.330002
2024-03-01,171.050003
2024-03-04,172.440002
2024-03-05,170.639999
2024-03-06,171.869995
2024-03-07,175.270004
2024-03-08,172.300003
2024-03-11,174.190002
2024-03-12,174.800003
2024-03-13,172.679993
2024-03-14,171.139999
2024-03-15,172.520004
2024-03-18,169.210007
2024-03-19,166.759995
2024-03-20,169.979996
2024-03-21,172.589996
2024-03-22,172.479996
2024-03-25,170.850006
2024-03-26,167.910004
2024-03-27,172.869995
2024-03-28,174.210007
2024-04-01,173.169998
2024-04-02,170.360001
2024-04-03,170.339996
2024-04-04,168.529999
2024-04-05,167.500000
2024-04-08,169.460007
2024-04-09,173.460007
2024-04-10,168.919998
2024-04-11,171.199997
2024-04-12,166.330002
2024-04-15,166.350006
2024-04-16,167.589996
2024-04-17,165.699997
2024-04-18,163.669998
2024-04-19,159.679993
2024-04-22,163.429993
2024-04-23,165.470001
2024-04-24,174.809998
2024-04-25,175.250000
2024-04-26,177.479996
2024-04-29,179.289993
2024-04-30,176.419998
2024-05-01,175.199997
2024-05-02,175.800003
2024-05-03,178.910004
2024-05-06,181.669998
2024-05-07,182.669998
2024-05-08,183.949997
2024-05-09,185.320007
2024-05-10,187.050003
2024-05-13,187.820007
2024-05-14,191.130005
2024-05-15,195.529999
2024-05-16,194.970001
2024-05-17,195.020004
2024-05-20,199.199997
2024-05-21,199.009995
2024-05-22,202.539993
2024-05-23,197.289993
2024-05-24,199.179993
2024-05-28,199.600006
2024-05-29,194.910004
2024-05-30,195.679993
2024-05-31,195.009995
2024-06-03,193.720001
2024-06-04,193.300003
2024-06-05,196.080002
2024-06-06,196.240005
2024-06-07,195.610001
2024-06-10,197.619995
2024-06-11,197.440002
2024-06-12,198.979996
2024-06-13,196.279999
2024-06-14,193.899994
2024-06-17,194.899994
2024-06-18,196.250000
2024-06-20,192.759995
2024-06-21,195.529999
2024-06-24,193.910004
2024-06-25,194.470001
2024-06-26,193.100006
2024-06-27,193.429993
2024-06-28,194.529999
2024-07-01,194.600006
2024-07-02,198.419998
2024-07-03,198.940002
2024-07-05,198.789993
2024-07-08,201.470001
2024-07-09,200.160004
2024-07-10,203.619995
2024-07-11,199.990005
2024-07-12,201.869995
2024-07-15,201.759995
2024-07-16,206.619995
2024-07-17,204.259995
2024-07-18,205.869995
2024-07-19,199.100006
2024-07-22,205.880005
2024-07-23,198.289993
2024-07-24,198.279999
2024-07-25,197.149994
2024-07-26,201.990005
2024-07-29,201.880005
2024-07-30,200.990005
2024-07-31,203.809998
2024-08-01,193.330002
2024-08-02,187.460007
2024-08-05,181.190002
2024-08-06,186.949997
2024-08-07,184.070007
2024-08-08,193.300003
2024-08-09,192.210007
2024-08-12,192.059998
2024-08-13,197.250000
2024-08-14,195.610001
2024-08-15,201.929993
2024-08-16,200.529999
2024-08-19,200.660004
2024-08-20,202.539993
2024-08-21,208.369995
2024-08-22,203.770004
2024-08-23,209.880005
2024-08-26,208.250000
2024-08-27,210.690002
2024-08-28,207.740005
2024-08-29,211.089996
2024-08-30,214.339996
2024-09-03,201.830002
2024-09-04,204.000000
2024-09-05,201.550003
2024-09-06,197.449997
2024-09-09,201.169998
2024-09-10,199.800003
2024-09-11,202.410004
2024-09-12,195.979996
2024-09-13,199.929993
2024-09-16,198.470001
2024-09-17,201.389999
2024-09-18,200.710007
2024-09-19,207.600006
2024-09-20,203.300003
2024-09-23,203.850006
2024-09-24,204.940002
2024-09-25,205.059998
2024-09-26,209.259995
2024-09-27,209.139999
2024-09-30,206.570007
2024-10-01,201.600006
2024-10-02,203.429993
2024-10-03,201.669998
2024-10-04,202.710007
2024-10-07,201.270004
2024-10-08,202.210007
2024-10-09,204.970001
2024-10-10,202.470001
2024-10-11,205.110001
2024-10-14,208.660004
2024-10-15,199.839996
2024-10-16,200.690002
2024-10-17,198.300003
2024-10-18,198.470001
2024-10-21,195.770004
2024-10-22,193.970001
2024-10-23,201.740005
2024-10-24,206.610001
2024-10-25,206.929993
2024-10-28,205.830002
2024-10-29,211.350006
2024-10-30,207.929993
2024-10-31,203.160004
2024-11-01,204.919998
2024-11-04,203.660004
2024-11-05,202.460007
2024-11-06,214.970001
2024-11-07,217.539993
2024-11-08,220.289993
2024-11-11,215.869995
2024-11-12,212.779999
2024-11-13,205.720001
2024-11-14,206.000000
2024-11-15,201.119995
2024-11-18,207.179993
2024-11-19,201.070007
2024-11-20,198.190002
2024-11-21,198.199997
2024-11-22,198.000000
2024-11-25,202.929993
2024-11-26,200.949997
2024-11-27,199.190002
2024-11-29,201.029999
2024-12-02,201.779999
2024-12-03,197.229996
2024-12-04,196.649994
2024-12-05,192.990005
2024-12-06,193.100006
2024-12-09,193.449997
2024-12-10,190.179993
2024-12-11,191.699997
2024-12-12,191.710007
2024-12-13,191.589996
2024-12-16,189.460007
2024-12-17,188.119995
2024-12-18,185.000000
2024-12-19,184.470001
2024-12-20,186.869995
2024-12-23,190.139999
2024-12-24,192.440002
2024-12-26,191.729996
2024-12-27,191.179993
2024-12-30,187.960007
2024-12-31,187.509995
2025-01-02,186.949997
2025-01-03,190.509995
2025-01-06,192.179993
2025-01-07,192.210007
2025-01-08,191.660004
2025-01-10,190.149994
2025-01-13,191.089996
2025-01-14,193.500000
2025-01-15,197.509995
2025-01-16,187.369995
2025-01-17,192.419998
2025-01-21,195.229996
2025-01-22,197.050003
2025-01-23,200.610001
2025-01-24,185.520004
2025-01-27,187.029999
2025-01-28,180.570007
2025-01-29,180.270004
2025-01-30,185.270004
2025-01-31,184.610001
2025-02-03,180.940002
2025-02-04,180.559998
2025-02-05,181.589996
2025-02-06,183.279999
2025-02-07,180.000000
2025-02-10,180.309998
2025-02-11,179.250000
2025-02-12,179.990005
2025-02-13,180.800003
2025-02-14,183.029999
2025-02-18,186.460007
2025-02-19,196.320007
2025-02-20,203.960007
2025-02-21,202.000000
2025-02-24,200.740005
2025-02-25,199.979996
2025-02-26,198.240005
2025-02-27,191.300003
2025-02-28,195.990005
2025-03-03,194.389999
2025-03-04,194.839996
2025-03-05,195.570007
2025-03-06,189.339996
2025-03-07,190.520004
2025-03-10,186.490005
2025-03-11,177.339996
2025-03-12,175.699997
2025-03-13,173.600006
2025-03-14,176.419998
2025-03-17,179.990005
2025-03-18,179.449997
2025-03-19,181.740005
2025-03-20,180.679993
2025-03-21,179.000000
2025-03-24,185.509995
2025-03-25,183.970001
2025-03-26,184.490005
2025-03-27,180.759995
2025-03-28,176.330002
2025-03-31,179.699997
2025-04-01,177.990005
2025-04-02,178.190002
2025-04-03,164.199997
2025-04-04,151.389999
2025-04-07,154.000000
2025-04-08,146.009995
2025-04-09,169.500000
2025-04-10,156.600006
2025-04-11,147.600006
2025-04-14,150.979996
2025-04-15,151.179993
2025-04-16,146.550003
2025-04-17,148.440002
2025-04-21,145.610001
2025-04-22,146.759995
2025-04-23,152.149994
2025-04-24,162.130005
2025-04-25,162.860001
2025-04-28,162.440002
2025-04-29,160.770004
2025-04-30,160.050003
2025-05-01,158.259995
2025-05-02,164.509995
2025-05-05,162.419998
2025-05-06,161.089996
2025-05-07,164.789993
2025-05-08,165.639999
2025-05-09,172.270004
2025-05-12,187.279999
2025-05-13,188.199997
2025-05-14,187.339996
2025-05-15,187.830002
2025-05-16,188.500000
2025-05-19,188.339996
2025-05-20,188.710007
2025-05-21,185.419998
2025-05-22,180.210007
2025-05-23,176.300003
2025-05-27,183.240005
2025-05-28,184.149994
2025-05-29,184.990005
2025-05-30,182.850006
2025-06-02,184.210007
2025-06-03,188.080002
2025-06-04,190.720001
2025-06-05,190.490005
2025-06-06,192.419998
2025-06-09,199.210007
2025-06-10,202.289993
2025-06-11,199.690002
2025-06-12,199.660004
2025-06-13,195.000000
2025-06-16,199.220001
2025-06-17,197.690002
2025-06-18,198.350006
2025-06-20,198.199997
2025-06-23,201.389999
2025-06-24,205.809998
2025-06-25,205.380005
2025-06-26,206.309998
2025-06-27,207.080002
2025-06-30,207.619995
2025-07-01,210.449997
2025-07-02,215.589996
2025-07-03,216.020004
2025-07-07,213.410004
2025-07-08,216.630005
2025-07-09,216.389999
2025-07-10,219.660004
2025-07-11,221.250000
2025-07-14,220.050003
2025-07-15,218.360001
2025-07-16,216.639999
2025-07-17,216.589996
2025-07-18,216.619995
2025-07-21,214.570007
2025-07-22,214.919998
2025-07-23,186.250000
2025-07-24,185.690002
2025-07-25,184.990005
2025-07-28,189.250000
2025-07-29,191.380005
2025-07-30,189.520004
2025-07-31,181.059998
2025-08-01,180.860001
2025-08-04,182.729996
2025-08-05,185.399994
2025-08-06,185.910004
2025-08-07,185.910004
2025-08-08,187.220001
2025-08-11,183.710007
2025-08-12,192.970001
2025-08-13,193.289993
2025-08-14,193.710007
2025-08-15,194.570007
2025-08-18,194.330002
2025-08-19,195.940002
2025-08-20,200.770004
2025-08-21,200.710007
2025-08-22,206.059998
2025-08-25,205.970001
2025-08-26,205.979996
2025-08-27,205.470001
2025-08-28,204.089996
2025-08-29,202.479996
2025-09-02,199.809998
2025-09-03,195.740005
2025-09-04,187.289993
2025-09-05,187.929993
2025-09-08,185.820007
2025-09-09,185.029999
2025-09-10,184.009995
2025-09-11,184.350006
2025-09-12,182.600006
2025-09-15,178.199997
2025-09-16,177.630005
2025-09-17,180.300003
2025-09-18,181.619995
2025-09-19,179.369995
2025-09-22,179.619995
2025-09-23,182.039993
2025-09-24,184.440002
2025-09-25,182.039993
2025-09-26,184.550003
2025-09-29,183.229996
2025-09-30,183.729996
2025-10-01,180.389999
2025-10-02,182.320007
2025-10-03,180.320007
2025-10-06,181.809998
2025-10-07,177.050003
2025-10-08,181.600006
2025-10-09,178.960007
2025-10-10,171.699997
2025-10-13,175.110001
2025-10-14,173.940002
2025-10-15,175.270004
2025-10-16,175.479996
2025-10-17,176.580002
2025-10-20,179.589996
2025-10-21,180.839996
2025-10-22,170.710007
2025-10-23,172.190002
2025-10-24,169.130005
2025-10-27,169.410004
2025-10-28,166.910004
2025-10-29,160.259995
2025-10-30,160.509995
2025-10-31,161.460007
2025-11-03,161.460007
2025-11-04,159.360001
2025-11-05,163.570007
2025-11-06,161.380005
2025-11-07,160.550003
2025-11-10,160.580002
2025-11-11,159.729996
2025-11-12,163.089996
2025-11-13,162.229996
2025-11-14,159.330002
2025-11-17,154.990005
2025-11-18,157.320007
2025-11-19,157.089996
2025-11-20,153.330002
2025-11-21,159.399994
2025-11-24,161.259995
2025-11-25,161.770004
2025-11-26,165.350006
2025-11-28,168.270004
2025-12-01,168.160004
2025-12-02,175.259995
2025-12-03,182.600006
2025-12-04,180.119995
2025-12-05,182.539993
2025-12-08,180.940002
2025-12-09,179.520004
2025-12-10,181.669998
2025-12-11,181.669998
2025-12-12,179.419998
2025-12-15,177.970001
2025-12-16,177.559998
2025-12-17,174.490005
2025-12-18,176.190002
2025-12-19,176.289993
2025-12-22,178.820007
2025-12-23,177.080002
2025-12-24,177.130005
2025-12-26,176.880005
2025-12-29,175.690002
2025-12-30,175.419998
2025-12-31,173.490005
2026-01-02,177.520004
2026-01-05,177.169998
2026-01-06,192.100006
2026-01-07,185.710007
2026-01-08,188.449997
2026-01-09,190.309998
2026-01-12,189.070007
2026-01-13,188.529999
2026-01-14,193.449997
2026-01-15,189.119995
2026-01-16,191.580002
2026-01-20,189.589996
2026-01-21,194.410004
2026-01-22,194.990005
2026-01-23,193.309998
2026-01-26,196.589996
2026-01-27,196.630005
2026-01-28,216.169998
2026-01-29,218.970001
2026-01-30,215.550003
2026-02-02,225.009995
2026-02-03,225.210007
2026-02-04,222.919998
2026-02-05,223.979996
2026-02-06,221.440002
2026-02-09,218.770004
2026-02-10,220.919998
2026-02-11,226.559998
2026-02-12,223.000000
2026-02-13,226.160004
2026-02-17,225.690002
2026-02-18,223.320007
2026-02-19,218.050003
2026-02-20,219.729996
2026-02-23,219.860001
2026-02-24,213.350006
2026-02-25,213.899994
2026-02-26,212.630005
2026-02-27,212.110001
2026-03-02,209.820007
2026-03-03,202.669998
2026-03-04,202.389999
2026-03-05,197.979996
2026-03-06,193.229996
2026-03-09,196.199997
2026-03-10,197.460007
2026-03-11,198.669998
2026-03-12,190.050003
2026-03-13,190.779999
2026-03-16,194.130005
2026-03-17,194.449997
2026-03-18,190.779999
2026-03-19,188.289993
2026-03-20,187.190002
2026-03-23,188.630005
2026-03-24,194.630005
2026-03-25,196.770004
2026-03-26,193.410004
2026-03-27,190.330002
2026-03-30,186.419998
2026-03-31,194.139999
2026-04-01,196.300003
2026-04-02,194.869995
2026-04-06,199.419998
2026-04-07,199.740005
2026-04-08,208.899994
2026-04-09,214.979996
2026-04-10,214.729996
2026-04-13,216.710007
2026-04-14,218.869995
2026-04-15,216.289993
2026-04-16,223.100006
2026-04-17,229.820007
2026-04-20,233.699997
2026-04-21,233.149994
2026-04-22,236.309998
2026-04-23,282.230011
2026-04-24,277.140015
2026-04-27,269.500000
2026-04-28,265.000000
2026-04-29,269.220001
2026-04-30,281.079987
2026-05-01,281.019989
2026-05-04,280.890015
2026-05-05,281.000000
2026-05-06,289.440002
2026-05-07,285.239990
2026-05-08,287.799988
2026-05-11,297.760010
2026-05-12,295.170013
2026-05-13,306.339996
2026-05-14,308.170013
2026-05-15,302.730011
2026-05-18,300.600006
2026-05-19,302.309998
2026-05-20,304.880005
2026-05-21,298.390015
2026-05-22,309.209991
2026-05-26,324.890015
2026-05-27,317.450012
2026-05-28,315.950012
2026-05-29,305.679993
2026-06-01,293.200012
2026-06-02,308.119995
2026-06-03,308.589996
2026-06-04,305.369995
2026-06-05,285.059998
2026-06-08,290.899994
2026-06-09,288.630005
2026-06-10,282.010010
2026-06-11,297.100006
2026-06-12,301.119995
2026-06-15,313.339996
2026-06-16,305.709991
2026-06-17,301.880005
2026-06-18,322.859985
2026-06-22,332.279999
2026-06-23,304.359985
2026-06-24,303.109985
2026-06-25,311.809998
2026-06-26,285.429993
2026-06-29,285.480011
2026-06-30,298.070007
2026-07-01,298.410004
2026-07-02,293.079987
2026-07-06,303.500000
2026-07-07,293.299988
2026-07-08,301.320007
2026-07-09,308.529999
2026-07-10,311.459991
2026-07-13,298.570007
2026-07-14,305.549988
2026-07-15,301.190002
2026-07-16,291.220001
2026-07-17,284.019989
2026-07-20,284.070007
2026-07-21,291.299988
2026-07-22,294.190002
2026-07-23,284.989990
2026-07-24,279.579987
2026-07-27,279.410004
2026-07-28,277.070007
2026-07-29,271.299988
2026-07-30,278.760010
2026-07-31,275.739990
2026-08-03,269.040009
2026-08-04,283.630005
2026-08-05,277.720001
2026-08-06,278.399994
2026-08-07,286.079987
2026-08-10,280.440002
2026-08-11,281.239990
2026-08-12,276.589996
2026-08-13,273.429993
2026-08-14,279.579987
2026-08-17,282.910004
2026-08-18,272.239990
2026-08-19,267.450012
2026-08-20,265.600006
2026-08-21,264.359985
2026-08-24,258.940002
2026-08-25,260.049988
2026-08-26,261.769989
2026-08-27,266.540009
2026-08-28,258.640015
2026-08-31,260.910004
2026-09-01,253.339996
2026-09-02,254.800003
2026-09-03,253.830002
2026-09-04,258.440002
2026-09-08,258.920013
2026-09-09,261.589996
