d,c
1995-12-27,546.4000
1995-12-28,546.1800
1995-12-29,550.0000
1996-01-02,553.1200
1996-01-03,554.3500
1996-01-04,550.5900
1996-01-05,546.0800
1996-01-08,548.4400
1996-01-09,543.7700
1996-01-10,537.2600
1996-01-11,538.8200
1996-01-12,536.2400
1996-01-15,534.1400
1996-01-16,532.9600
1996-01-17,534.3600
1996-01-18,529.8400
1996-01-19,531.3500
1996-01-22,532.4200
1996-01-23,534.2000
1996-01-24,538.3900
1996-01-25,542.5300
1996-01-26,546.2400
1996-01-29,548.5000
1996-01-30,551.7200
1996-01-31,554.5100
1996-02-01,556.2300
1996-02-02,556.3400
1996-02-05,558.3800
1996-02-06,560.9600
1996-02-07,563.7100
1996-02-08,566.3400
1996-02-09,565.4800
1996-02-12,563.9700
1996-02-13,562.1500
1996-02-14,562.8900
1996-02-15,562.6900
1996-02-16,563.9700
1996-02-20,561.1400
1996-02-21,568.0800
1996-02-22,573.1900
1996-02-23,572.2500
1996-02-26,568.5800
1996-02-27,566.9100
1996-02-28,569.5200
1996-02-29,564.6100
1996-03-01,565.9700
1996-03-04,569.7700
1996-03-05,571.9900
1996-03-06,572.6400
1996-03-07,573.2000
1996-03-08,560.8600
1996-03-11,563.4300
1996-03-12,561.1100
1996-03-13,562.5800
1996-03-14,563.9700
1996-03-15,563.7100
1996-03-18,567.0400
1996-03-19,566.6600
1996-03-20,569.3000
1996-03-21,570.4200
1996-03-22,571.6600
1996-03-25,570.1000
1996-03-26,570.9100
1996-03-27,570.3200
1996-03-28,568.4400
1996-03-29,573.7600
1996-04-01,574.8900
1996-04-02,574.9400
1996-04-03,576.6100
1996-04-04,579.6700
1996-04-08,572.8400
1996-04-09,575.2100
1996-04-10,572.4700
1996-04-11,572.7900
1996-04-12,574.5600
1996-04-15,578.5400
1996-04-16,581.7100
1996-04-17,582.7900
1996-04-18,585.5800
1996-04-19,588.4800
1996-04-22,589.8800
1996-04-23,593.3700
1996-04-24,591.4400
1996-04-25,593.7500
1996-04-26,595.6900
1996-04-29,594.8300
1996-04-30,592.9400
1996-05-01,595.9500
1996-05-02,591.0100
1996-05-03,591.6000
1996-05-06,590.7400
1996-05-07,589.1300
1996-05-08,585.9000
1996-05-09,588.6400
1996-05-10,592.8400
1996-05-13,599.0200
1996-05-14,602.7800
1996-05-15,602.5100
1996-05-16,602.3000
1996-05-17,607.2400
1996-05-20,611.6500
1996-05-21,614.7100
1996-05-22,617.6100
1996-05-23,615.6300
1996-05-24,616.9200
1996-05-28,613.7400
1996-05-29,610.1400
1996-05-30,611.7600
1996-05-31,613.1500
1996-06-03,610.9000
1996-06-04,609.9300
1996-06-05,610.6300
1996-06-06,605.4700
1996-06-07,601.9700
1996-06-10,602.0800
1996-06-11,599.9900
1996-06-12,599.8800
1996-06-13,598.8600
1996-06-14,594.7700
1996-06-17,591.2200
1996-06-18,589.4500
1996-06-19,589.5000
1996-06-20,585.3100
1996-06-21,585.1000
1996-06-24,584.9900
1996-06-25,581.5500
1996-06-26,574.9400
1996-06-27,569.3000
1996-06-28,576.2800
1996-07-01,579.5600
1996-07-02,579.6700
1996-07-03,579.5600
1996-07-05,574.1900
1996-07-08,568.4400
1996-07-09,566.4500
1996-07-10,561.3900
1996-07-11,548.1200
1996-07-12,548.6600
1996-07-15,532.0500
1996-07-16,524.2000
1996-07-17,538.6100
1996-07-18,550.3200
1996-07-19,547.4200
1996-07-22,541.4500
1996-07-23,534.9000
1996-07-24,526.8900
1996-07-25,530.6000
1996-07-26,536.9400
1996-07-29,533.9300
1996-07-30,534.4700
1996-07-31,537.1500
1996-08-01,541.2400
1996-08-02,546.0200
1996-08-05,545.3800
1996-08-06,545.2700
1996-08-07,547.3100
1996-08-08,548.9300
1996-08-09,547.9000
1996-08-12,549.9500
1996-08-13,547.4700
1996-08-14,547.9000
1996-08-15,550.1600
1996-08-16,553.3900
1996-08-19,554.8400
1996-08-20,556.6600
1996-08-21,555.0000
1996-08-22,557.4700
1996-08-23,558.7100
1996-08-26,558.3300
1996-08-27,559.8400
1996-08-28,561.1300
1996-08-29,558.6000
1996-08-30,556.8800
1996-09-03,555.1100
1996-09-04,554.5700
1996-09-05,553.7600
1996-09-06,557.0400
1996-09-09,559.0300
1996-09-10,562.3100
1996-09-11,562.9500
1996-09-12,563.5400
1996-09-13,567.4100
1996-09-16,568.0100
1996-09-17,564.6200
1996-09-18,563.6500
1996-09-19,562.4200
1996-09-20,562.4200
1996-09-23,560.7000
1996-09-24,560.3200
1996-09-25,562.4200
1996-09-26,563.6000
1996-09-27,565.2600
1996-09-30,568.1700
1996-10-01,565.2600
1996-10-02,568.5400
1996-10-03,569.5100
1996-10-04,576.5500
1996-10-07,578.3800
1996-10-08,578.1600
1996-10-09,575.7500
1996-10-10,575.6900
1996-10-11,576.0100
1996-10-14,574.7800
1996-10-15,570.9600
1996-10-16,571.5000
1996-10-17,571.4500
1996-10-18,572.9000
1996-10-21,570.6900
1996-10-22,567.2000
1996-10-23,564.4600
1996-10-24,563.6000
1996-10-25,563.6500
1996-10-28,560.3200
1996-10-29,559.3000
1996-10-30,558.1700
1996-10-31,561.5600
1996-11-01,565.2100
1996-11-04,564.4000
1996-11-05,566.4500
1996-11-06,570.6900
1996-11-07,571.6600
1996-11-08,572.6300
1996-11-11,572.1400
1996-11-12,573.8100
1996-11-13,576.1200
1996-11-14,577.2500
1996-11-15,577.3000
1996-11-18,576.3400
1996-11-19,576.3400
1996-11-20,579.1300
1996-11-21,579.5600
1996-11-22,582.4100
1996-11-25,581.1700
1996-11-26,580.0500
1996-11-27,579.9400
1996-11-29,582.7300
1996-12-02,584.0800
1996-12-03,583.3200
1996-12-04,580.1500
1996-12-05,581.1700
1996-12-06,577.1400
1996-12-09,581.4400
1996-12-10,581.5400
1996-12-11,574.3600
1996-12-12,569.0600
1996-12-13,565.6000
1996-12-16,562.0300
1996-12-17,559.8400
1996-12-18,564.4100
1996-12-19,567.6500
1996-12-20,571.1800
1996-12-23,569.9300
1996-12-24,570.6300
1996-12-26,572.2200
1996-12-27,570.8700
1996-12-30,572.1200
1996-12-31,572.3400
1997-01-02,569.1600
1997-01-03,572.4500
1997-01-06,572.0600
1997-01-07,575.6300
1997-01-08,576.7200
1997-01-09,581.7400
1997-01-10,586.0400
1997-01-13,586.1300
1997-01-14,588.3500
1997-01-15,586.4800
1997-01-16,587.3600
1997-01-17,589.9500
1997-01-20,588.9400
1997-01-21,589.9400
1997-01-22,590.8700
1997-01-23,589.6900
1997-01-24,588.1600
1997-01-27,586.1600
1997-01-28,588.0700
1997-01-29,587.6700
1997-01-30,588.6600
1997-01-31,588.7700
1997-02-03,589.7100
1997-02-04,589.2500
1997-02-05,585.4100
1997-02-06,585.0300
1997-02-07,586.6100
1997-02-10,587.8400
1997-02-11,589.2400
1997-02-12,593.1000
1997-02-13,595.4000
1997-02-14,594.1500
1997-02-18,598.1000
1997-02-19,599.1500
1997-02-20,597.4300
1997-02-21,597.2900
1997-02-24,598.0700
1997-02-25,599.9900
1997-02-26,597.3100
1997-02-27,595.1700
1997-02-28,594.2400
1997-03-03,594.8200
1997-03-04,597.0400
1997-03-05,600.8800
1997-03-06,600.3100
1997-03-07,602.0600
1997-03-10,603.6300
1997-03-11,603.4300
1997-03-12,602.0400
1997-03-13,598.0200
1997-03-14,600.4700
1997-03-17,596.2400
1997-03-18,595.4500
1997-03-19,591.7900
1997-03-20,591.5500
1997-03-21,591.2200
1997-03-24,587.9400
1997-03-25,586.1600
1997-03-26,583.0700
1997-03-27,577.9000
1997-03-31,568.7100
1997-04-01,566.2700
1997-04-02,561.1900
1997-04-03,557.8200
1997-04-04,556.7300
1997-04-07,560.4400
1997-04-08,561.4200
1997-04-09,562.9800
1997-04-10,563.1900
1997-04-11,556.1300
1997-04-14,552.9700
1997-04-15,555.0600
1997-04-16,556.5100
1997-04-17,555.5200
1997-04-18,556.0100
1997-04-21,551.4700
1997-04-22,544.9600
1997-04-23,543.3600
1997-04-24,543.9500
1997-04-25,542.8300
1997-04-28,541.2000
1997-04-29,548.0300
1997-04-30,552.9100
1997-05-01,558.5000
1997-05-02,568.5000
1997-05-05,572.5800
1997-05-06,570.5100
1997-05-07,570.5000
1997-05-08,570.9500
1997-05-09,573.7800
1997-05-12,578.4700
1997-05-13,579.6000
1997-05-14,581.9700
1997-05-15,583.4700
1997-05-16,586.7200
1997-05-19,587.4800
1997-05-20,590.7600
1997-05-21,592.0800
1997-05-22,593.7300
1997-05-23,597.9400
1997-05-27,598.4400
1997-05-28,600.7900
1997-05-29,603.1200
1997-05-30,605.3800
1997-06-02,607.1700
1997-06-03,609.0200
1997-06-04,607.7300
1997-06-05,610.7500
1997-06-06,614.6500
1997-06-09,619.5700
1997-06-10,621.1100
1997-06-11,622.6700
1997-06-12,626.1200
1997-06-13,630.1000
1997-06-16,628.1700
1997-06-17,625.8600
1997-06-18,625.9700
1997-06-19,628.3000
1997-06-20,623.2700
1997-06-23,620.4200
1997-06-24,619.8600
1997-06-25,619.2400
1997-06-26,616.1000
1997-06-27,620.0700
1997-06-30,622.5700
1997-07-01,625.6100
1997-07-02,630.0600
1997-07-03,634.3400
1997-07-07,631.9700
1997-07-08,634.1100
1997-07-09,631.0200
1997-07-10,631.7000
1997-07-11,635.4700
1997-07-14,632.6300
1997-07-15,634.9500
1997-07-16,638.0300
1997-07-17,637.3400
1997-07-18,633.5900
1997-07-21,630.4000
1997-07-22,634.2000
1997-07-23,634.6500
1997-07-24,637.0500
1997-07-25,637.8000
1997-07-28,639.3500
1997-07-29,640.2000
1997-07-30,645.3200
1997-07-31,646.3000
1997-08-01,644.1900
1997-08-04,646.5900
1997-08-05,650.6500
1997-08-06,654.0600
1997-08-07,652.0700
1997-08-08,646.1500
1997-08-11,644.3500
1997-08-12,643.2300
1997-08-13,641.0600
1997-08-14,640.3900
1997-08-15,635.5100
1997-08-18,634.5900
1997-08-19,641.2200
1997-08-20,646.7600
1997-08-21,646.5600
1997-08-22,643.8300
1997-08-25,646.8500
1997-08-26,647.3000
1997-08-27,651.1200
1997-08-28,650.6900
1997-08-29,650.1600
1997-09-02,656.8700
1997-09-03,660.0000
1997-09-04,662.2600
1997-09-05,667.5500
1997-09-08,670.6700
1997-09-09,671.4300
1997-09-10,670.2700
1997-09-11,666.8400
1997-09-12,672.3100
1997-09-15,674.6600
1997-09-16,680.0500
1997-09-17,683.0000
1997-09-18,686.8000
1997-09-19,686.9400
1997-09-22,689.9400
1997-09-23,685.4500
1997-09-24,686.0700
1997-09-25,685.2400
1997-09-26,689.8400
1997-09-29,694.6600
1997-09-30,699.2600
1997-10-01,703.2700
1997-10-02,704.9600
1997-10-03,709.9200
1997-10-06,716.8000
1997-10-07,721.9000
1997-10-08,718.3000
1997-10-09,717.2200
1997-10-10,717.3700
1997-10-13,716.5700
1997-10-14,714.7900
1997-10-15,714.3400
1997-10-16,708.3800
1997-10-17,700.8800
1997-10-20,706.5800
1997-10-21,712.3600
1997-10-22,713.7400
1997-10-23,703.3900
1997-10-24,701.1800
1997-10-27,660.4100
1997-10-28,670.5400
1997-10-29,676.4100
1997-10-30,670.8400
1997-10-31,675.7500
1997-11-03,685.8900
1997-11-04,688.3700
1997-11-05,690.3500
1997-11-06,687.7100
1997-11-07,678.2700
1997-11-10,680.4700
1997-11-11,680.4300
1997-11-12,668.0400
1997-11-13,666.8600
1997-11-14,672.6200
1997-11-17,679.0000
1997-11-18,671.2100
1997-11-19,667.8500
1997-11-20,672.8500
1997-11-21,673.1400
1997-11-24,663.5100
1997-11-25,661.8000
1997-11-26,662.4900
1997-11-28,662.1100
1997-12-01,664.1300
1997-12-02,665.7000
1997-12-03,669.1000
1997-12-04,665.8000
1997-12-05,670.2700
1997-12-08,673.4900
1997-12-09,671.5500
1997-12-10,669.4500
1997-12-11,664.4500
1997-12-12,665.9000
1997-12-15,665.2700
1997-12-16,668.8800
1997-12-17,671.2800
1997-12-18,664.8700
1997-12-19,660.6800
1997-12-22,663.0700
1997-12-23,660.5300
1997-12-24,662.6000
1997-12-26,663.7700
1997-12-29,669.2900
1997-12-30,678.9100
1997-12-31,684.6100
1998-01-02,682.5400
1998-01-05,680.1300
1998-01-06,675.0300
1998-01-07,674.2900
1998-01-08,667.5600
1998-01-09,650.2400
1998-01-12,646.4100
1998-01-13,655.8800
1998-01-14,658.6400
1998-01-15,655.5400
1998-01-16,663.9900
1998-01-20,673.3700
1998-01-21,669.4400
1998-01-22,665.6100
1998-01-23,661.6300
1998-01-26,661.6700
1998-01-27,666.5900
1998-01-28,667.5500
1998-01-29,669.8600
1998-01-30,668.4200
1998-02-02,671.3000
1998-02-03,671.0800
1998-02-04,674.4700
1998-02-05,677.0000
1998-02-06,680.3200
1998-02-09,680.4200
1998-02-10,686.0400
1998-02-11,684.3300
1998-02-12,686.1500
1998-02-13,688.8800
1998-02-17,687.4300
1998-02-18,688.5000
1998-02-19,688.8600
1998-02-20,689.1900
1998-02-23,689.0800
1998-02-24,687.5000
1998-02-25,691.7900
1998-02-26,700.4200
1998-02-27,706.1200
1998-03-02,710.2400
1998-03-03,708.9700
1998-03-04,709.1800
1998-03-05,704.3400
1998-03-06,712.9100
1998-03-09,709.3100
1998-03-10,712.6900
1998-03-11,713.9300
1998-03-12,714.4500
1998-03-13,715.8100
1998-03-16,718.1400
1998-03-17,718.1600
1998-03-18,722.7600
1998-03-19,726.8000
1998-03-20,727.7900
1998-03-23,735.2700
1998-03-24,738.6900
1998-03-25,736.8900
1998-03-26,739.3900
1998-03-27,738.3300
1998-03-30,736.4500
1998-03-31,741.6300
1998-04-01,744.1500
1998-04-02,747.0300
1998-04-03,747.1900
1998-04-06,742.7800
1998-04-07,735.6500
1998-04-08,737.5000
1998-04-09,740.6100
1998-04-13,738.3200
1998-04-14,739.8600
1998-04-15,742.4600
1998-04-16,739.3500
1998-04-17,744.3700
1998-04-20,747.9500
1998-04-21,749.7900
1998-04-22,753.6700
1998-04-23,748.0500
1998-04-24,741.8600
1998-04-27,729.0000
1998-04-28,733.0300
1998-04-29,742.3200
1998-04-30,746.5200
1998-05-01,749.8600
1998-05-04,748.8000
1998-05-05,745.2800
1998-05-06,743.3300
1998-05-07,742.2500
1998-05-08,744.2300
1998-05-11,744.0300
1998-05-12,743.5800
1998-05-13,742.9900
1998-05-14,741.3800
1998-05-15,737.0900
1998-05-18,732.3600
1998-05-19,732.6900
1998-05-20,732.2200
1998-05-21,732.3600
1998-05-22,730.5700
1998-05-26,720.3300
1998-05-27,708.8400
1998-05-28,713.5800
1998-05-29,714.6000
1998-06-01,707.5100
1998-06-02,706.3000
1998-06-03,704.4800
1998-06-04,709.4600
1998-06-05,713.1200
1998-06-08,713.6900
1998-06-09,714.0700
1998-06-10,706.8500
1998-06-11,699.0500
1998-06-12,697.4000
1998-06-15,683.8800
1998-06-16,688.6600
1998-06-17,695.2700
1998-06-18,691.3400
1998-06-19,693.9700
1998-06-22,693.9900
1998-06-23,698.6000
1998-06-24,709.4800
1998-06-25,713.9600
1998-06-26,717.8700
1998-06-29,720.8100
1998-06-30,721.2800
1998-07-01,723.3100
1998-07-02,721.9200
1998-07-06,725.1200
1998-07-07,727.9600
1998-07-08,728.6500
1998-07-09,727.9100
1998-07-10,730.6600
1998-07-13,730.4700
1998-07-14,732.2000
1998-07-15,730.3900
1998-07-16,731.8100
1998-07-17,736.2300
1998-07-20,738.6400
1998-07-21,733.9600
1998-07-22,733.0300
1998-07-23,719.7200
1998-07-24,718.6600
1998-07-27,714.1700
1998-07-28,706.6900
1998-07-29,707.8600
1998-07-30,713.4700
1998-07-31,706.2600
1998-08-03,697.8700
1998-08-04,678.7600
1998-08-05,672.0700
1998-08-06,676.9500
1998-08-07,684.0700
1998-08-10,679.8000
1998-08-11,659.2700
1998-08-12,668.8000
1998-08-13,667.7800
1998-08-14,662.6400
1998-08-17,663.2700
1998-08-18,670.0200
1998-08-19,665.5900
1998-08-20,663.6000
1998-08-21,651.8800
1998-08-24,649.3200
1998-08-25,646.8600
1998-08-26,633.8300
1998-08-27,608.9900
1998-08-28,602.5800
1998-08-31,565.0700
1998-09-01,588.6800
1998-09-02,602.6100
1998-09-03,598.7000
1998-09-04,602.7100
1998-09-08,624.7300
1998-09-09,613.4400
1998-09-10,606.2300
1998-09-11,613.2100
1998-09-14,619.3000
1998-09-15,624.2800
1998-09-16,629.1300
1998-09-17,621.2500
1998-09-18,627.1600
1998-09-21,628.3300
1998-09-22,633.4500
1998-09-23,646.0800
1998-09-24,642.3000
1998-09-25,639.9900
1998-09-28,640.1200
1998-09-29,628.3500
1998-09-30,621.0000
1998-10-01,608.5000
1998-10-02,609.4700
1998-10-05,593.2100
1998-10-06,593.0900
1998-10-07,585.7700
1998-10-08,563.7500
1998-10-09,574.7300
1998-10-12,581.0100
1998-10-13,577.8600
1998-10-14,583.0100
1998-10-15,598.6600
1998-10-16,604.5000
1998-10-19,605.7200
1998-10-20,616.2700
1998-10-21,620.5500
1998-10-22,628.8700
1998-10-23,628.2100
1998-10-26,634.5500
1998-10-27,632.3800
1998-10-28,634.5200
1998-10-29,637.4800
1998-10-30,645.4100
1998-11-02,656.6200
1998-11-03,664.4200
1998-11-04,665.5000
1998-11-05,668.0200
1998-11-06,670.8000
1998-11-09,666.1100
1998-11-10,665.0900
1998-11-11,663.8100
1998-11-12,666.8800
1998-11-13,668.3600
1998-11-16,667.7200
1998-11-17,666.8900
1998-11-18,667.8500
1998-11-19,673.2200
1998-11-20,675.0100
1998-11-23,672.0000
1998-11-24,666.8300
1998-11-25,669.3400
1998-11-27,673.9200
1998-11-30,663.5800
1998-12-01,663.0000
1998-12-02,659.9400
1998-12-03,653.5300
1998-12-04,660.3900
1998-12-07,664.3400
1998-12-08,666.2500
1998-12-09,666.0200
1998-12-10,662.1600
1998-12-11,657.7600
1998-12-14,647.9900
1998-12-15,646.1100
1998-12-16,651.4400
1998-12-17,650.4300
1998-12-18,651.2500
1998-12-21,654.1200
1998-12-22,655.3500
1998-12-23,664.7800
1998-12-24,666.4900
1998-12-28,665.5800
1998-12-29,670.7500
1998-12-30,672.0700
1998-12-31,688.9900
1999-01-04,683.6100
1999-01-05,692.2100
1999-01-06,701.4700
1999-01-07,703.9800
1999-01-08,707.7600
1999-01-11,707.3200
1999-01-12,699.6500
1999-01-13,699.3900
1999-01-14,698.1600
1999-01-15,709.2900
1999-01-19,707.6100
1999-01-20,712.3700
1999-01-21,704.9900
1999-01-22,704.6900
1999-01-25,706.0100
1999-01-26,706.3600
1999-01-27,707.1900
1999-01-28,713.9300
1999-01-29,714.8600
1999-02-01,712.6300
1999-02-02,709.6300
1999-02-03,713.2700
1999-02-04,707.1200
1999-02-05,706.2600
1999-02-08,702.9000
1999-02-09,692.2400
1999-02-10,688.8200
1999-02-11,699.4100
1999-02-12,696.1200
1999-02-16,695.8400
1999-02-17,688.6500
1999-02-18,689.8200
1999-02-19,692.5700
1999-02-22,700.0300
1999-02-23,700.9200
1999-02-24,695.7900
1999-02-25,693.4700
1999-02-26,698.2900
1999-03-01,698.2900
1999-03-02,699.2100
1999-03-03,694.4500
1999-03-04,698.5200
1999-03-05,707.4100
1999-03-08,712.1800
1999-03-09,711.4500
1999-03-10,715.1400
1999-03-11,721.6500
1999-03-12,721.2100
1999-03-15,720.9100
1999-03-16,716.3100
1999-03-17,715.8300
1999-03-18,714.8600
1999-03-19,711.8700
1999-03-22,717.3600
1999-03-23,703.3200
1999-03-24,703.6000
1999-03-25,712.4000
1999-03-26,718.7400
1999-03-29,717.8800
1999-03-30,711.6300
1999-03-31,710.3000
1999-04-01,711.3000
1999-04-05,721.2400
1999-04-06,715.2100
1999-04-07,717.3000
1999-04-08,721.9300
1999-04-09,727.5000
1999-04-12,735.3200
1999-04-13,737.8000
1999-04-14,736.1200
1999-04-15,737.9300
1999-04-16,745.4100
1999-04-19,735.1100
1999-04-20,736.9800
1999-04-21,750.5900
1999-04-22,758.3800
1999-04-23,770.3600
1999-04-26,771.6000
1999-04-27,774.0700
1999-04-28,777.6900
1999-04-29,779.0000
1999-04-30,776.9700
1999-05-03,786.6700
1999-05-04,785.7000
1999-05-05,785.4900
1999-05-06,787.8100
1999-05-07,787.2900
1999-05-10,787.0800
1999-05-11,789.2900
1999-05-12,798.3500
1999-05-13,800.3900
1999-05-14,788.8100
1999-05-17,784.9400
1999-05-18,782.7200
1999-05-19,788.3600
1999-05-20,792.0300
1999-05-21,795.3700
1999-05-24,785.4100
1999-05-25,778.8400
1999-05-26,782.6600
1999-05-27,774.3900
1999-05-28,778.7400
1999-06-01,776.1100
1999-06-02,771.2300
1999-06-03,775.9400
1999-06-04,780.9800
1999-06-07,778.1500
1999-06-08,772.9200
1999-06-09,772.9900
1999-06-10,768.2500
1999-06-11,765.8200
1999-06-14,762.6900
1999-06-15,763.9200
1999-06-16,764.9200
1999-06-17,768.6900
1999-06-18,768.5700
1999-06-21,765.7500
1999-06-22,765.4700
1999-06-23,771.1600
1999-06-24,769.1500
1999-06-25,772.0200
1999-06-28,774.1000
1999-06-29,777.4800
1999-06-30,797.9300
1999-07-01,794.9500
1999-07-02,802.4200
1999-07-06,804.8900
1999-07-07,802.1400
1999-07-08,808.6900
1999-07-09,812.7300
1999-07-12,815.5400
1999-07-13,812.3300
1999-07-14,813.0000
1999-07-15,821.7300
1999-07-16,818.1000
1999-07-19,817.6600
1999-07-20,805.9000
1999-07-21,806.8100
1999-07-22,799.7700
1999-07-23,796.2900
1999-07-26,790.7900
1999-07-27,792.6200
1999-07-28,789.6000
1999-07-29,784.5900
1999-07-30,788.2300
1999-08-02,783.6400
1999-08-03,780.4700
1999-08-04,776.9600
1999-08-05,776.0900
1999-08-06,777.9200
1999-08-09,777.8700
1999-08-10,770.7700
1999-08-11,777.3700
1999-08-12,780.6500
1999-08-13,783.7400
1999-08-16,779.5000
1999-08-17,782.5100
1999-08-18,783.9200
1999-08-19,785.0700
1999-08-20,787.7900
1999-08-23,792.5100
1999-08-24,789.4200
1999-08-25,785.8800
1999-08-26,784.1200
1999-08-27,782.5200
1999-08-30,775.2100
1999-08-31,775.4100
1999-09-01,783.1900
1999-09-02,779.2100
1999-09-03,786.3900
1999-09-07,793.6700
1999-09-08,792.3900
1999-09-09,804.0300
1999-09-10,805.9500
1999-09-13,804.5000
1999-09-14,801.4800
1999-09-15,797.4800
1999-09-16,790.8000
1999-09-17,794.4400
1999-09-20,792.8500
1999-09-21,784.9800
1999-09-22,782.4500
1999-09-23,777.5000
1999-09-24,771.7900
1999-09-27,779.2300
1999-09-28,772.8500
1999-09-29,780.0400
1999-09-30,788.2300
1999-10-01,786.5300
1999-10-04,789.8300
1999-10-05,784.6500
1999-10-06,787.4300
1999-10-07,784.3600
1999-10-08,781.4900
1999-10-11,790.0200
1999-10-12,792.1100
1999-10-13,789.4100
1999-10-14,785.9500
1999-10-15,777.0000
1999-10-18,774.4900
1999-10-19,775.9200
1999-10-20,786.4300
1999-10-21,786.0900
1999-10-22,792.6100
1999-10-25,791.2200
1999-10-26,789.8900
1999-10-27,786.3100
1999-10-28,793.5500
1999-10-29,800.8000
1999-11-01,804.9700
1999-11-02,804.5200
1999-11-03,804.0800
1999-11-04,807.4700
1999-11-05,809.2100
1999-11-08,809.4700
1999-11-09,812.3100
1999-11-10,815.8100
1999-11-11,819.2300
1999-11-12,823.0700
1999-11-15,830.6600
1999-11-16,827.0100
1999-11-17,823.4000
1999-11-18,822.7400
1999-11-19,826.1200
1999-11-22,828.1200
1999-11-23,822.8600
1999-11-24,825.1500
1999-11-26,830.4000
1999-11-29,832.1200
1999-11-30,832.8100
1999-12-01,834.5800
1999-12-02,833.3600
1999-12-03,835.5000
1999-12-06,829.8200
1999-12-07,830.0200
1999-12-08,829.2200
1999-12-09,829.3000
1999-12-10,827.8600
1999-12-13,828.6900
1999-12-14,827.7800
1999-12-15,838.9400
1999-12-16,833.8600
1999-12-17,829.8000
1999-12-20,831.1500
1999-12-21,834.6400
1999-12-22,839.4300
1999-12-23,846.2800
1999-12-27,843.4800
1999-12-28,842.5300
1999-12-29,851.8600
1999-12-30,866.1200
1999-12-31,876.9700
2000-01-03,868.7400
2000-01-04,849.6500
2000-01-05,858.8800
2000-01-06,857.7600
2000-01-07,863.7600
2000-01-10,882.7500
2000-01-11,865.5100
2000-01-12,857.9800
2000-01-13,866.6300
2000-01-14,869.7400
2000-01-18,886.3400
2000-01-19,890.5700
2000-01-20,899.6100
2000-01-21,912.2800
2000-01-24,905.4900
2000-01-25,915.3600
2000-01-26,912.2100
2000-01-27,882.8000
2000-01-28,868.2400
2000-01-31,860.2500
2000-02-01,873.0800
2000-02-02,877.6900
2000-02-03,888.3300
2000-02-04,882.9700
2000-02-07,884.0800
2000-02-08,885.3400
2000-02-09,880.2800
2000-02-10,892.9900
2000-02-11,889.4700
2000-02-14,893.4800
2000-02-15,894.3200
2000-02-16,902.2500
2000-02-17,937.4600
2000-02-18,931.9600
2000-02-22,934.4600
2000-02-23,934.9900
2000-02-24,935.6200
2000-02-25,943.5400
2000-02-28,964.3800
2000-02-29,973.2300
2000-03-01,1001.9500
2000-03-02,1003.5000
2000-03-03,1013.7100
2000-03-06,1022.3600
2000-03-07,1016.9400
2000-03-08,1001.4000
2000-03-09,1018.7600
2000-03-10,1033.3300
2000-03-13,1018.8600
2000-03-14,1015.5100
2000-03-15,996.1200
2000-03-16,1017.6500
2000-03-17,1011.0000
2000-03-20,1006.2700
2000-03-21,1003.8300
2000-03-22,1030.2400
2000-03-23,1036.4000
2000-03-24,1032.5100
2000-03-27,1023.8700
2000-03-28,1016.5100
2000-03-29,1000.9000
2000-03-30,995.9900
2000-03-31,1005.0300
2000-04-03,978.0000
2000-04-04,942.5200
2000-04-05,956.7100
2000-04-06,979.8000
2000-04-07,988.6900
2000-04-10,958.0400
2000-04-11,944.8700
2000-04-12,926.7900
2000-04-13,915.2300
2000-04-14,857.9700
2000-04-17,848.9700
2000-04-18,877.3600
2000-04-19,886.2300
2000-04-20,897.6400
2000-04-24,880.7200
2000-04-25,896.0400
2000-04-26,896.4300
2000-04-27,902.0900
2000-04-28,922.4500
2000-05-01,936.1800
2000-05-02,925.7200
2000-05-03,914.4000
2000-05-04,921.0500
2000-05-05,928.6900
2000-05-08,926.1000
2000-05-09,924.2200
2000-05-10,912.7000
2000-05-11,926.1000
2000-05-12,936.2100
2000-05-15,945.5500
2000-05-16,940.6000
2000-05-17,935.0900
2000-05-18,928.5200
2000-05-19,914.0300
2000-05-22,903.6300
2000-05-23,889.3000
2000-05-24,887.8900
2000-05-25,883.4900
2000-05-26,881.4100
2000-05-30,897.8500
2000-05-31,904.9700
2000-06-01,912.4500
2000-06-02,923.3200
2000-06-05,920.5700
2000-06-06,928.1800
2000-06-07,934.9600
2000-06-08,937.7700
2000-06-09,939.7500
2000-06-12,942.4700
2000-06-13,946.5500
2000-06-14,943.2200
2000-06-15,940.0100
2000-06-16,935.8900
2000-06-19,934.2700
2000-06-20,940.8400
2000-06-21,938.2200
2000-06-22,932.9100
2000-06-23,933.4100
2000-06-26,934.8300
2000-06-27,935.2700
2000-06-28,937.6200
2000-06-29,939.3400
2000-06-30,935.8900
2000-07-03,943.4000
2000-07-05,921.7100
2000-07-06,927.8800
2000-07-07,936.4800
2000-07-10,936.5600
2000-07-11,953.2000
2000-07-12,954.9700
2000-07-13,939.4300
2000-07-14,942.3800
2000-07-17,943.6600
2000-07-18,943.7500
2000-07-19,937.1600
2000-07-20,939.7800
2000-07-21,927.6400
2000-07-24,918.2400
2000-07-25,910.2700
2000-07-26,915.1900
2000-07-27,912.3300
2000-07-28,902.8000
2000-07-31,906.4400
2000-08-01,911.9200
2000-08-02,912.7400
2000-08-03,906.5800
2000-08-04,907.9700
2000-08-07,915.4600
2000-08-08,914.3000
2000-08-09,907.3100
2000-08-10,910.2600
2000-08-11,923.7400
2000-08-14,928.8700
2000-08-15,912.7800
2000-08-16,908.0800
2000-08-17,914.5500
2000-08-18,917.4900
2000-08-21,920.5200
2000-08-22,922.7500
2000-08-23,924.1000
2000-08-24,931.9400
2000-08-25,934.8100
2000-08-28,934.9700
2000-08-29,933.4800
2000-08-30,934.2200
2000-08-31,943.4800
2000-09-01,955.7800
2000-09-05,957.9800
2000-09-06,971.1500
2000-09-07,974.1800
2000-09-08,967.9200
2000-09-11,969.5000
2000-09-12,970.4100
2000-09-13,963.5500
2000-09-14,966.4900
2000-09-15,971.8600
2000-09-18,960.7800
2000-09-19,950.6800
2000-09-20,936.7700
2000-09-21,927.7500
2000-09-22,929.9400
2000-09-25,929.0100
2000-09-26,928.4500
2000-09-27,928.4300
2000-09-28,939.8000
2000-09-29,954.3100
2000-10-02,942.9900
2000-10-03,937.4600
2000-10-04,934.3900
2000-10-05,929.9300
2000-10-06,920.7100
2000-10-09,921.9000
2000-10-10,922.4200
2000-10-11,915.5500
2000-10-12,913.4100
2000-10-13,914.4500
2000-10-16,907.6000
2000-10-17,899.5300
2000-10-18,898.1100
2000-10-19,903.6400
2000-10-20,913.4400
2000-10-23,915.8500
2000-10-24,905.8600
2000-10-25,896.2300
2000-10-26,897.8400
2000-10-27,897.2300
2000-10-30,902.1600
2000-10-31,909.3000
2000-11-01,913.6200
2000-11-02,916.5000
2000-11-03,919.5800
2000-11-06,913.9400
2000-11-07,919.1000
2000-11-08,920.6300
2000-11-09,910.9400
2000-11-10,899.3500
2000-11-13,890.2000
2000-11-14,899.3700
2000-11-15,901.7400
2000-11-16,894.1500
2000-11-17,885.2200
2000-11-20,874.5000
2000-11-21,880.3200
2000-11-22,867.5500
2000-11-24,876.8500
2000-11-27,878.5200
2000-11-28,873.6800
2000-11-29,862.2700
2000-11-30,846.5900
2000-12-01,853.3800
2000-12-04,857.0800
2000-12-05,864.0200
2000-12-06,854.4800
2000-12-07,851.4700
2000-12-08,873.4900
2000-12-11,885.3000
2000-12-12,880.7400
2000-12-13,879.9600
2000-12-14,870.4000
2000-12-15,865.2100
2000-12-18,875.0000
2000-12-19,881.4400
2000-12-20,853.6200
2000-12-21,853.2000
2000-12-22,864.0300
2000-12-26,877.5900
2000-12-27,876.6000
2000-12-28,888.4000
2000-12-29,897.7500
2001-01-02,882.9300
2001-01-03,882.5100
2001-01-04,870.0100
2001-01-05,864.3700
2001-01-08,866.7500
2001-01-09,868.0000
2001-01-10,881.2700
2001-01-11,894.5300
2001-01-12,900.3000
2001-01-16,911.5700
2001-01-17,906.0200
2001-01-18,899.8800
2001-01-19,893.2600
2001-01-22,894.4000
2001-01-23,908.1100
2001-01-24,911.8200
2001-01-25,913.4200
2001-01-26,921.5600
2001-01-29,926.6500
2001-01-30,934.2800
2001-01-31,930.1200
2001-02-01,928.8300
2001-02-02,921.8500
2001-02-05,929.4400
2001-02-06,936.6000
2001-02-07,938.9800
2001-02-08,936.4200
2001-02-09,931.2300
2001-02-12,937.7000
2001-02-13,934.3200
2001-02-14,936.0100
2001-02-15,933.9700
2001-02-16,929.4700
2001-02-20,922.7700
2001-02-21,912.3000
2001-02-22,904.7600
2001-02-23,896.0800
2001-02-26,909.4300
2001-02-27,908.0000
2001-02-28,907.7200
2001-03-01,908.3700
2001-03-02,924.1800
2001-03-05,926.9700
2001-03-06,928.9400
2001-03-07,930.9300
2001-03-08,933.2400
2001-03-09,931.3500
2001-03-12,909.0800
2001-03-13,905.2100
2001-03-14,887.1400
2001-03-15,883.1500
2001-03-16,869.5400
2001-03-19,881.5400
2001-03-20,876.2200
2001-03-21,861.1100
2001-03-22,841.8100
2001-03-23,861.3700
2001-03-26,867.4700
2001-03-27,875.9600
2001-03-28,864.8100
2001-03-29,861.4500
2001-03-30,877.0400
2001-04-02,854.8600
2001-04-03,832.2400
2001-04-04,839.1100
2001-04-05,864.7100
2001-04-06,859.5600
2001-04-09,871.0200
2001-04-10,885.5900
2001-04-11,877.0500
2001-04-12,883.9000
2001-04-16,889.6900
2001-04-17,899.8000
2001-04-18,900.5800
2001-04-19,898.0200
2001-04-20,898.8100
2001-04-23,903.5400
2001-04-24,902.8700
2001-04-25,923.5700
2001-04-26,938.1300
2001-04-27,948.8500
2001-04-30,951.7800
2001-05-01,944.4500
2001-05-02,931.5300
2001-05-03,920.7200
2001-05-04,938.1400
2001-05-07,935.4700
2001-05-08,937.0200
2001-05-09,942.7000
2001-05-10,939.9300
2001-05-11,934.8600
2001-05-14,940.2100
2001-05-15,946.4300
2001-05-16,954.0900
2001-05-17,957.5200
2001-05-18,958.7500
2001-05-21,955.1200
2001-05-22,947.3700
2001-05-23,935.5600
2001-05-24,937.5700
2001-05-25,936.0400
2001-05-29,934.6400
2001-05-30,928.2500
2001-05-31,939.6300
2001-06-01,945.2300
2001-06-04,946.8200
2001-06-05,955.5600
2001-06-06,938.7700
2001-06-07,933.4900
2001-06-08,934.9500
2001-06-11,928.3400
2001-06-12,937.1200
2001-06-13,935.3200
2001-06-14,921.8800
2001-06-15,921.3600
2001-06-18,914.7000
2001-06-19,910.0800
2001-06-20,913.6600
2001-06-21,906.9700
2001-06-22,905.9800
2001-06-25,902.8800
2001-06-26,906.3900
2001-06-27,903.3100
2001-06-28,903.6600
2001-06-29,917.8000
2001-07-02,903.0600
2001-07-03,904.0600
2001-07-05,906.1400
2001-07-06,897.1700
2001-07-09,900.6400
2001-07-10,892.6900
2001-07-11,892.8300
2001-07-12,891.7000
2001-07-13,890.9300
2001-07-16,884.3500
2001-07-17,889.4300
2001-07-18,883.0300
2001-07-19,891.0600
2001-07-20,897.3200
2001-07-23,889.6500
2001-07-24,875.0400
2001-07-25,882.4500
2001-07-26,891.4500
2001-07-27,897.6200
2001-07-30,890.8100
2001-07-31,896.2100
2001-08-01,893.4500
2001-08-02,891.6700
2001-08-03,887.3800
2001-08-06,882.9800
2001-08-07,883.0200
2001-08-08,870.0900
2001-08-09,873.5700
2001-08-10,878.4100
2001-08-13,879.2800
2001-08-14,881.8100
2001-08-15,886.9700
2001-08-16,887.3100
2001-08-17,884.6800
2001-08-20,887.9200
2001-08-21,884.0100
2001-08-22,884.9200
2001-08-23,888.8300
2001-08-24,892.2300
2001-08-27,888.7100
2001-08-28,878.7900
2001-08-29,878.8400
2001-08-30,870.9800
2001-08-31,873.4000
2001-09-04,869.8800
2001-09-05,866.3700
2001-09-06,863.3300
2001-09-07,856.4200
2001-09-10,855.3500
2001-09-17,852.8800
2001-09-18,837.5200
2001-09-19,821.0600
2001-09-20,796.0600
2001-09-21,786.8200
2001-09-24,780.6600
2001-09-25,780.4600
2001-09-26,786.2000
2001-09-27,794.9900
2001-09-28,808.7700
2001-10-01,809.4000
2001-10-02,813.7400
2001-10-03,821.5300
2001-10-04,828.6000
2001-10-05,833.2800
2001-10-08,830.1300
2001-10-09,834.3300
2001-10-10,834.2200
2001-10-11,834.9300
2001-10-12,827.3300
2001-10-15,823.6000
2001-10-16,830.5300
2001-10-17,823.0100
2001-10-18,812.2900
2001-10-19,813.3000
2001-10-22,823.0300
2001-10-23,821.3400
2001-10-24,823.5700
2001-10-25,828.6700
2001-10-26,837.2100
2001-10-29,837.2100
2001-10-30,826.8900
2001-10-31,827.6900
2001-11-01,828.6100
2001-11-02,824.2000
2001-11-05,820.3300
2001-11-06,817.4300
2001-11-07,821.9800
2001-11-08,818.4100
2001-11-09,826.8400
2001-11-12,824.7700
2001-11-13,829.4900
2001-11-14,818.6000
2001-11-15,796.7200
2001-11-16,798.7000
2001-11-19,802.7700
2001-11-20,811.0300
2001-11-21,813.3300
2001-11-23,811.6300
2001-11-26,803.9800
2001-11-27,808.1600
2001-11-28,803.9900
2001-11-29,813.3900
2001-11-30,816.0000
2001-12-03,818.1000
2001-12-04,824.2200
2001-12-05,829.5900
2001-12-06,827.1000
2001-12-07,823.7200
2001-12-10,819.2200
2001-12-11,818.1100
2001-12-12,816.5800
2001-12-13,812.2300
2001-12-14,819.0400
2001-12-17,823.7500
2001-12-18,825.7200
2001-12-19,830.8500
2001-12-20,825.8300
2001-12-21,830.1500
2001-12-24,833.9100
2001-12-26,843.1800
2001-12-27,845.5700
2001-12-28,849.3800
2001-12-31,847.6100
2002-01-02,843.7500
2002-01-03,842.2500
2002-01-04,841.4400
2002-01-07,837.3300
2002-01-08,836.2000
2002-01-09,841.1600
2002-01-10,836.8300
2002-01-11,834.0700
2002-01-14,829.7900
2002-01-15,835.5200
2002-01-16,829.4200
2002-01-17,835.2200
2002-01-18,830.6400
2002-01-22,823.4000
2002-01-23,830.3900
2002-01-24,834.3500
2002-01-25,835.8200
2002-01-28,833.8200
2002-01-29,826.6900
2002-01-30,834.9700
2002-01-31,842.4100
2002-02-01,843.6700
2002-02-04,836.6400
2002-02-05,831.7500
2002-02-06,827.0200
2002-02-07,821.8700
2002-02-08,833.8100
2002-02-11,840.7300
2002-02-12,838.6300
2002-02-13,847.9600
2002-02-14,846.8200
2002-02-15,849.1600
2002-02-19,844.1900
2002-02-20,847.0400
2002-02-21,847.9700
2002-02-22,856.3100
2002-02-25,862.1700
2002-02-26,864.4100
2002-02-27,864.6400
2002-02-28,865.5800
2002-03-01,872.7800
2002-03-04,876.5700
2002-03-05,877.8700
2002-03-06,881.4000
2002-03-07,880.5600
2002-03-08,881.9000
2002-03-11,886.6800
2002-03-12,885.9200
2002-03-13,887.2700
2002-03-14,886.7400
2002-03-15,891.6500
2002-03-18,897.4300
2002-03-19,899.0600
2002-03-20,896.9200
2002-03-21,904.3900
2002-03-22,898.9700
2002-03-25,895.8800
2002-03-26,901.0200
2002-03-27,908.1000
2002-03-28,910.4900
2002-04-01,914.7500
2002-04-02,915.8500
2002-04-03,907.9800
2002-04-04,903.6100
2002-04-05,898.6100
2002-04-08,904.4500
2002-04-09,898.4300
2002-04-10,909.9600
2002-04-11,903.2900
2002-04-12,900.8600
2002-04-15,905.0000
2002-04-16,913.9100
2002-04-17,918.3500
2002-04-18,923.6300
2002-04-19,924.7200
2002-04-22,921.5800
2002-04-23,924.7000
2002-04-24,923.2600
2002-04-25,928.8600
2002-04-26,929.3600
2002-04-29,930.0500
2002-04-30,930.8700
2002-05-01,942.2400
2002-05-02,949.9200
2002-05-03,959.5800
2002-05-06,949.0600
2002-05-07,946.1000
2002-05-08,949.3400
2002-05-09,942.6900
2002-05-10,947.6700
2002-05-13,953.9000
2002-05-14,956.6700
2002-05-15,953.0200
2002-05-16,953.5900
2002-05-17,957.4100
2002-05-20,955.1500
2002-05-21,950.7200
2002-05-22,952.4700
2002-05-23,962.0500
2002-05-24,962.6900
2002-05-28,958.7300
2002-05-29,958.7600
2002-05-30,957.6100
2002-05-31,961.5800
2002-06-03,942.8800
2002-06-04,937.5300
2002-06-05,932.6300
2002-06-06,921.9100
2002-06-07,926.7600
2002-06-10,915.0300
2002-06-11,908.5500
2002-06-12,907.9300
2002-06-13,907.4700
2002-06-14,905.3900
2002-06-17,914.0400
2002-06-18,914.3700
2002-06-19,905.0500
2002-06-20,907.7600
2002-06-21,911.0500
2002-06-24,904.9100
2002-06-25,896.3700
2002-06-26,886.8900
2002-06-27,892.3100
2002-06-28,892.9900
2002-07-01,890.1800
2002-07-02,884.2200
2002-07-03,875.5100
2002-07-05,881.9300
2002-07-08,884.5100
2002-07-09,880.5500
2002-07-10,871.0200
2002-07-11,870.9500
2002-07-12,846.6200
2002-07-15,839.3600
2002-07-16,836.9600
2002-07-17,840.1700
2002-07-18,836.0800
2002-07-19,815.9200
2002-07-22,789.3700
2002-07-23,771.8700
2002-07-24,790.9400
2002-07-25,795.8400
2002-07-26,798.7800
2002-07-29,826.3900
2002-07-30,832.2700
2002-07-31,837.3100
2002-08-01,823.1400
2002-08-02,824.5400
2002-08-05,809.0300
2002-08-06,821.8800
2002-08-07,822.9900
2002-08-08,822.3400
2002-08-09,831.4800
2002-08-12,832.1900
2002-08-13,825.0000
2002-08-14,839.3100
2002-08-15,848.0600
2002-08-16,850.7300
2002-08-19,855.0600
2002-08-20,852.4600
2002-08-21,855.5400
2002-08-22,867.3700
2002-08-23,857.4300
2002-08-26,867.6600
2002-08-27,868.9900
2002-08-28,860.1100
2002-08-29,862.9800
2002-08-30,867.3300
2002-09-03,857.1600
2002-09-04,862.3100
2002-09-05,862.0200
2002-09-06,866.4900
2002-09-09,873.3200
2002-09-10,876.9700
2002-09-11,879.1200
2002-09-12,866.4000
2002-09-13,870.0500
2002-09-16,871.1800
2002-09-17,856.6500
2002-09-18,855.6100
2002-09-19,843.5800
2002-09-20,841.1400
2002-09-23,831.5400
2002-09-24,815.6000
2002-09-25,824.1600
2002-09-26,835.7600
2002-09-27,824.3100
2002-09-30,827.2800
2002-10-01,825.7100
2002-10-02,822.1300
2002-10-03,824.0500
2002-10-04,813.7800
2002-10-07,797.9700
2002-10-08,788.7300
2002-10-09,771.8800
2002-10-10,775.2400
2002-10-11,790.6600
2002-10-14,802.8600
2002-10-15,810.5600
2002-10-16,800.3300
2002-10-17,816.3200
2002-10-18,810.6500
2002-10-21,816.9800
2002-10-22,811.8800
2002-10-23,821.5200
2002-10-24,812.6600
2002-10-25,812.0100
2002-10-28,807.2900
2002-10-29,805.6500
2002-10-30,811.9100
2002-10-31,819.0000
2002-11-01,828.9900
2002-11-04,832.1700
2002-11-05,832.6400
2002-11-06,834.9600
2002-11-07,827.1800
2002-11-08,824.1800
2002-11-11,818.2300
2002-11-12,814.3000
2002-11-13,810.4700
2002-11-14,819.0900
2002-11-15,818.4000
2002-11-18,820.9500
2002-11-19,819.0500
2002-11-20,823.6600
2002-11-21,826.2100
2002-11-22,816.0500
2002-11-25,814.5900
2002-11-26,804.3600
2002-11-27,814.2200
2002-11-29,812.6600
2002-12-02,813.0000
2002-12-03,812.6400
2002-12-04,822.3900
2002-12-05,821.4600
2002-12-06,825.2500
2002-12-09,818.2500
2002-12-10,824.9500
2002-12-11,824.7600
2002-12-12,825.5200
2002-12-13,824.5400
2002-12-16,830.7100
2002-12-17,829.0300
2002-12-18,820.8600
2002-12-19,822.9600
2002-12-20,826.8200
2002-12-23,829.1000
2002-12-24,829.4500
2002-12-26,830.9100
2002-12-27,821.3900
2002-12-30,820.7900
2002-12-31,824.3800
2003-01-02,833.6100
2003-01-03,837.6300
2003-01-06,839.6100
2003-01-07,828.7300
2003-01-08,825.1300
2003-01-09,832.6300
2003-01-10,833.4400
2003-01-13,826.5400
2003-01-14,830.8000
2003-01-15,831.3000
2003-01-16,834.4000
2003-01-17,832.2600
2003-01-21,823.3700
2003-01-22,819.9300
2003-01-23,822.0600
2003-01-24,815.8400
2003-01-27,807.0900
2003-01-28,803.5400
2003-01-29,810.0300
2003-01-30,809.0800
2003-01-31,820.4900
2003-02-03,820.5900
2003-02-04,822.9500
2003-02-05,820.8500
2003-02-06,816.6900
2003-02-07,811.8300
2003-02-10,813.9500
2003-02-11,812.9500
2003-02-12,805.8500
2003-02-13,808.1800
2003-02-14,808.9000
2003-02-18,815.5200
2003-02-19,813.7200
2003-02-20,816.9900
2003-02-21,825.5900
2003-02-24,829.2400
2003-02-25,828.5800
2003-02-26,826.8200
2003-02-27,828.2000
2003-02-28,830.6300
2003-03-03,829.7100
2003-03-04,829.7400
2003-03-05,828.6400
2003-03-06,827.0200
2003-03-07,826.0500
2003-03-10,816.1400
2003-03-11,819.4300
2003-03-12,811.7300
2003-03-13,818.5100
2003-03-14,815.0700
2003-03-17,820.6500
2003-03-18,819.3200
2003-03-19,819.2000
2003-03-20,823.7400
2003-03-21,825.5300
2003-03-24,817.4500
2003-03-25,820.7800
2003-03-26,820.8800
2003-03-27,824.3200
2003-03-28,827.9600
2003-03-31,827.2600
2003-04-01,824.2100
2003-04-02,828.9300
2003-04-03,826.3600
2003-04-04,820.0000
2003-04-07,822.2300
2003-04-08,825.1500
2003-04-09,824.2500
2003-04-10,832.8700
2003-04-11,832.0000
2003-04-14,838.0800
2003-04-15,839.8400
2003-04-16,835.3100
2003-04-17,842.8900
2003-04-21,845.1500
2003-04-22,850.8000
2003-04-23,853.8800
2003-04-24,852.0800
2003-04-25,848.2700
2003-04-28,850.7400
2003-04-29,848.9900
2003-04-30,854.2100
2003-05-01,855.9500
2003-05-02,861.6400
2003-05-05,866.4000
2003-05-06,867.7200
2003-05-07,869.3800
2003-05-08,869.4300
2003-05-09,876.2100
2003-05-12,883.5300
2003-05-13,887.2800
2003-05-14,889.8100
2003-05-15,889.7700
2003-05-16,892.6600
2003-05-19,889.6000
2003-05-20,894.3200
2003-05-21,916.0200
2003-05-22,917.6400
2003-05-23,926.5300
2003-05-27,930.3700
2003-05-28,931.2900
2003-05-29,933.8300
2003-05-30,940.2600
2003-06-02,942.1400
2003-06-03,942.6600
2003-06-04,951.1600
2003-06-05,958.7800
2003-06-06,957.5100
2003-06-09,951.7000
2003-06-10,962.1400
2003-06-11,974.9500
2003-06-12,969.2400
2003-06-13,964.2400
2003-06-16,968.9600
2003-06-17,972.5900
2003-06-18,969.0500
2003-06-19,969.6100
2003-06-20,967.9300
2003-06-23,960.7100
2003-06-24,959.0900
2003-06-25,961.1100
2003-06-26,968.1200
2003-06-27,970.7100
2003-06-30,969.2000
2003-07-01,970.8100
2003-07-02,977.0100
2003-07-03,976.1600
2003-07-07,977.5700
2003-07-08,972.6600
2003-07-09,974.9000
2003-07-10,967.4600
2003-07-11,972.7200
2003-07-14,972.2800
2003-07-15,959.0100
2003-07-16,947.2000
2003-07-17,942.4400
2003-07-18,950.3700
2003-07-21,947.3000
2003-07-22,949.3800
2003-07-23,951.2700
2003-07-24,947.6800
2003-07-25,955.6900
2003-07-28,952.8700
2003-07-29,949.1100
2003-07-30,945.3700
2003-07-31,944.5500
2003-08-01,943.7500
2003-08-04,941.9700
2003-08-05,940.1200
2003-08-06,944.5900
2003-08-07,947.8600
2003-08-08,950.8500
2003-08-11,962.8100
2003-08-12,964.8900
2003-08-13,962.4400
2003-08-14,959.5500
2003-08-15,956.9800
2003-08-18,961.9000
2003-08-19,964.4900
2003-08-20,970.2900
2003-08-21,974.1100
2003-08-22,968.9300
2003-08-25,967.0100
2003-08-26,965.7400
2003-08-27,971.2800
2003-08-28,974.4000
2003-08-29,976.4500
2003-09-02,978.2400
2003-09-03,982.8100
2003-09-04,989.2500
2003-09-05,990.8800
2003-09-08,996.7500
2003-09-09,992.8100
2003-09-10,988.6700
2003-09-11,987.4900
2003-09-12,988.0000
2003-09-15,983.1700
2003-09-16,983.3600
2003-09-17,988.6700
2003-09-18,990.4600
2003-09-19,997.8400
2003-09-22,995.4400
2003-09-23,1000.7700
2003-09-24,999.7000
2003-09-25,998.0400
2003-09-26,986.2700
2003-09-29,988.9300
2003-09-30,990.8100
2003-10-01,1003.7100
2003-10-02,1007.0200
2003-10-03,1005.9700
2003-10-06,1012.4800
2003-10-07,1015.9800
2003-10-08,1013.8100
2003-10-09,1015.9500
2003-10-10,1017.0600
2003-10-13,1023.6900
2003-10-14,1023.6300
2003-10-15,1017.5400
2003-10-16,1020.9400
2003-10-17,1018.3700
2003-10-20,1020.2800
2003-10-21,1019.2800
2003-10-22,1018.2900
2003-10-23,1018.3500
2003-10-24,1020.7700
2003-10-27,1021.1800
2003-10-28,1066.9500
2003-10-29,1062.9399
2003-10-30,1060.1899
2003-10-31,1063.3300
2003-11-03,1061.3101
2003-11-04,1062.9800
2003-11-05,1064.5601
2003-11-06,1065.2000
2003-11-07,1066.7000
2003-11-10,1065.7300
2003-11-11,1062.0800
2003-11-12,1076.1500
2003-11-13,1077.6600
2003-11-14,1073.1700
2003-11-17,1071.4800
2003-11-18,1072.5800
2003-11-19,1068.7600
2003-11-20,1067.1100
2003-11-21,1066.2800
2003-11-24,1072.1500
2003-11-25,1080.9600
2003-11-26,1088.6100
2003-11-28,1098.1000
2003-12-01,1112.5500
2003-12-02,1117.1700
2003-12-03,1117.1700
2003-12-04,1113.8800
2003-12-05,1118.5601
2003-12-08,1130.2600
2003-12-09,1124.5699
2003-12-10,1112.3900
2003-12-11,1120.4900
2003-12-12,1126.2100
2003-12-15,1119.5800
2003-12-16,1129.3800
2003-12-17,1135.2400
2003-12-18,1142.8500
2003-12-19,1144.2800
2003-12-22,1143.9100
2003-12-23,1146.2500
2003-12-24,1161.0500
2003-12-26,1165.9500
2003-12-29,1171.1400
2003-12-30,1175.1899
2003-12-31,1173.5500
2004-01-02,1175.5699
2004-01-05,1189.7100
2004-01-06,1194.4399
2004-01-07,1185.5800
2004-01-08,1193.7900
2004-01-09,1201.0800
2004-01-12,1202.3300
2004-01-13,1202.0500
2004-01-14,1199.4399
2004-01-15,1185.9301
2004-01-16,1183.7400
2004-01-20,1210.2500
2004-01-21,1222.5500
2004-01-22,1218.7600
2004-01-23,1220.2700
2004-01-26,1222.9700
2004-01-27,1218.6500
2004-01-28,1208.0500
2004-01-29,1194.7600
2004-01-30,1197.1700
2004-02-02,1201.8400
2004-02-03,1213.5300
2004-02-04,1209.2100
2004-02-05,1205.4600
2004-02-06,1223.4000
2004-02-09,1227.0800
2004-02-10,1235.6700
2004-02-11,1246.2000
2004-02-12,1248.3500
2004-02-13,1243.5500
2004-02-17,1255.6600
2004-02-18,1244.4301
2004-02-19,1243.5699
2004-02-20,1234.8000
2004-02-23,1229.3000
2004-02-24,1232.0800
2004-02-25,1240.1200
2004-02-26,1245.1400
2004-02-27,1254.4100
2004-03-01,1275.9600
2004-03-02,1272.7200
2004-03-03,1254.5900
2004-03-04,1253.0601
2004-03-05,1262.5601
2004-03-08,1264.6801
2004-03-09,1259.5100
2004-03-10,1242.6600
2004-03-11,1230.0601
2004-03-12,1229.7600
2004-03-15,1226.9600
2004-03-16,1227.1500
2004-03-17,1238.8000
2004-03-18,1248.5601
2004-03-19,1252.5000
2004-03-22,1239.1899
2004-03-23,1235.1700
2004-03-24,1222.6500
2004-03-25,1222.5500
2004-03-26,1227.6000
2004-03-29,1236.5500
2004-03-30,1247.9800
2004-03-31,1256.7500
2004-04-01,1262.7400
2004-04-02,1265.1700
2004-04-05,1262.8700
2004-04-06,1265.3900
2004-04-07,1262.1000
2004-04-08,1261.5500
2004-04-12,1261.3101
2004-04-13,1244.6500
2004-04-14,1233.8199
2004-04-15,1232.8800
2004-04-16,1239.6801
2004-04-19,1258.7700
2004-04-20,1238.3300
2004-04-21,1230.0400
2004-04-22,1248.1899
2004-04-23,1240.2300
2004-04-26,1246.2500
2004-04-27,1251.5300
2004-04-28,1225.9600
2004-04-29,1207.3500
2004-04-30,1213.8101
2004-05-03,1215.7900
2004-05-04,1229.6500
2004-05-05,1225.6801
2004-05-06,1219.7900
2004-05-07,1192.0800
2004-05-10,1163.4399
2004-05-11,1165.0000
2004-05-12,1160.1801
2004-05-13,1166.2200
2004-05-14,1171.2000
2004-05-17,1169.8500
2004-05-18,1163.6100
2004-05-19,1171.7500
2004-05-20,1171.1899
2004-05-21,1174.0601
2004-05-24,1185.8600
2004-05-25,1195.8800
2004-05-26,1193.3300
2004-05-27,1200.0100
2004-05-28,1198.1100
2004-06-01,1203.1000
2004-06-02,1202.8199
2004-06-03,1195.1400
2004-06-04,1201.1899
2004-06-07,1210.5100
2004-06-08,1208.7800
2004-06-09,1195.4800
2004-06-10,1199.2900
2004-06-14,1189.3600
2004-06-15,1200.9301
2004-06-16,1206.1000
2004-06-17,1211.6400
2004-06-18,1219.6000
2004-06-21,1224.6000
2004-06-22,1231.7100
2004-06-23,1255.8500
2004-06-24,1250.5800
2004-06-25,1249.9800
2004-06-28,1247.7600
2004-06-29,1244.2700
2004-06-30,1249.8199
2004-07-01,1245.9301
2004-07-02,1259.9600
2004-07-06,1256.1801
2004-07-07,1257.5699
2004-07-08,1255.0500
2004-07-09,1261.1600
2004-07-12,1259.6801
2004-07-13,1250.0500
2004-07-14,1256.8700
2004-07-15,1250.5000
2004-07-16,1272.9600
2004-07-19,1263.4500
2004-07-20,1261.4800
2004-07-21,1248.1500
2004-07-22,1244.3101
2004-07-23,1233.4700
2004-07-26,1217.9000
2004-07-27,1221.5100
2004-07-28,1226.6100
2004-07-29,1229.6000
2004-07-30,1240.3400
2004-08-02,1249.0500
2004-08-03,1251.0500
2004-08-04,1237.6899
2004-08-05,1224.4700
2004-08-06,1221.2800
2004-08-09,1217.9399
2004-08-10,1218.1700
2004-08-11,1211.5500
2004-08-12,1202.6600
2004-08-13,1210.0100
2004-08-16,1215.3600
2004-08-17,1208.6500
2004-08-18,1216.6600
2004-08-19,1221.9500
2004-08-20,1225.9900
2004-08-23,1219.8500
2004-08-24,1213.7300
2004-08-25,1217.3300
2004-08-26,1221.7300
2004-08-27,1229.5000
2004-08-30,1224.3300
2004-08-31,1232.4100
2004-09-01,1237.4301
2004-09-02,1243.1000
2004-09-03,1243.1700
2004-09-07,1240.1500
2004-09-08,1239.0300
2004-09-09,1244.8900
2004-09-10,1244.2700
2004-09-13,1246.1801
2004-09-14,1248.5400
2004-09-15,1239.2400
2004-09-16,1245.9100
2004-09-17,1247.7800
2004-09-20,1243.9301
2004-09-21,1262.3300
2004-09-22,1254.6801
2004-09-23,1261.4600
2004-09-24,1264.9700
2004-09-27,1263.1400
2004-09-28,1270.0200
2004-09-29,1264.3800
2004-09-30,1271.8300
2004-10-01,1279.2700
2004-10-04,1276.3400
2004-10-05,1286.6801
2004-10-06,1289.7900
2004-10-07,1278.5000
2004-10-08,1285.2000
2004-10-11,1284.7300
2004-10-12,1276.9600
2004-10-13,1273.4000
2004-10-14,1277.7300
2004-10-15,1285.6500
2004-10-18,1281.3800
2004-10-19,1286.5500
2004-10-20,1299.3600
2004-10-21,1303.7400
2004-10-22,1306.3300
2004-10-25,1308.0000
2004-10-26,1311.5699
2004-10-27,1314.8400
2004-10-28,1307.6000
2004-10-29,1311.3900
2004-11-01,1305.0300
2004-11-02,1305.2600
2004-11-03,1323.3199
2004-11-04,1329.4800
2004-11-05,1327.1801
2004-11-08,1319.7500
2004-11-09,1326.6500
2004-11-10,1335.2300
2004-11-11,1340.9301
2004-11-12,1356.2400
2004-11-15,1351.2600
2004-11-16,1349.2000
2004-11-17,1365.9600
2004-11-18,1365.3600
2004-11-19,1364.8101
2004-11-22,1367.4000
2004-11-23,1376.1500
2004-11-24,1383.4000
2004-11-26,1407.1400
2004-11-29,1408.7800
2004-11-30,1406.0800
2004-12-01,1413.8101
2004-12-02,1402.8500
2004-12-03,1415.5800
2004-12-06,1408.5400
2004-12-07,1389.6100
2004-12-08,1386.6200
2004-12-09,1386.5699
2004-12-10,1392.0800
2004-12-13,1399.0500
2004-12-14,1404.2300
2004-12-15,1415.7800
2004-12-16,1407.9000
2004-12-17,1409.2100
2004-12-20,1414.5699
2004-12-21,1411.9200
2004-12-22,1407.7900
2004-12-23,1417.7500
2004-12-27,1424.7000
2004-12-28,1426.3800
2004-12-29,1426.7300
2004-12-30,1430.0699
2004-12-31,1434.3400
2005-01-03,1410.0800
2005-01-04,1399.0500
2005-01-05,1385.8500
2005-01-06,1387.9700
2005-01-07,1392.4900
2005-01-10,1397.9600
2005-01-11,1392.6700
2005-01-12,1396.9800
2005-01-13,1400.6000
2005-01-14,1399.0699
2005-01-18,1421.2000
2005-01-19,1415.4200
2005-01-20,1405.7600
2005-01-21,1414.5800
2005-01-24,1416.1801
2005-01-25,1407.9600
2005-01-26,1420.4900
2005-01-27,1422.4700
2005-01-28,1421.8600
2005-01-31,1428.3900
2005-02-01,1433.1600
2005-02-02,1449.4000
2005-02-03,1450.6400
2005-02-04,1470.6801
2005-02-07,1468.9000
2005-02-08,1472.1801
2005-02-09,1465.1700
2005-02-10,1480.0000
2005-02-11,1491.1000
2005-02-14,1502.1100
2005-02-15,1493.2000
2005-02-16,1496.8199
2005-02-17,1497.7700
2005-02-18,1501.5699
2005-02-22,1489.5400
2005-02-23,1497.8900
2005-02-24,1505.3400
2005-02-25,1516.4800
2005-02-28,1509.4399
2005-03-01,1515.7800
2005-03-02,1514.6300
2005-03-03,1519.6000
2005-03-04,1532.4900
2005-03-07,1526.1600
2005-03-08,1529.9000
2005-03-09,1500.7900
2005-03-10,1483.4600
2005-03-11,1483.3900
2005-03-14,1482.5900
2005-03-15,1486.0601
2005-03-16,1483.8400
2005-03-17,1487.3700
2005-03-18,1483.9399
2005-03-21,1470.9900
2005-03-22,1467.5000
2005-03-23,1442.9000
2005-03-24,1448.7900
2005-03-28,1441.4100
2005-03-29,1436.6300
2005-03-30,1446.9500
2005-03-31,1459.7000
2005-04-01,1462.9100
2005-04-04,1462.8000
2005-04-05,1475.8800
2005-04-06,1480.6801
2005-04-07,1477.6899
2005-04-08,1467.5900
2005-04-11,1475.1899
2005-04-12,1466.6500
2005-04-13,1458.5000
2005-04-14,1444.5000
2005-04-15,1425.3800
2005-04-18,1421.1500
2005-04-19,1442.2700
2005-04-20,1437.2500
2005-04-21,1449.7300
2005-04-22,1449.9700
2005-04-25,1466.7800
2005-04-26,1448.8300
2005-04-27,1443.5900
2005-04-28,1432.8101
2005-04-29,1439.4900
2005-05-02,1437.8400
2005-05-03,1431.5100
2005-05-04,1457.2700
2005-05-05,1466.0900
2005-05-06,1468.9700
2005-05-09,1471.1400
2005-05-10,1466.8000
2005-05-11,1462.0800
2005-05-12,1446.4000
2005-05-13,1435.4399
2005-05-16,1432.3700
2005-05-17,1437.2000
2005-05-18,1450.1400
2005-05-19,1454.5601
2005-05-20,1455.0100
2005-05-23,1461.2600
2005-05-24,1465.7900
2005-05-25,1458.1400
2005-05-26,1464.7000
2005-05-27,1474.8199
2005-05-31,1472.5800
2005-06-01,1488.7700
2005-06-02,1496.6801
2005-06-03,1502.8000
2005-06-06,1511.5000
2005-06-07,1512.9500
2005-06-08,1507.8800
2005-06-09,1531.3500
2005-06-10,1527.7900
2005-06-13,1534.2600
2005-06-14,1535.1400
2005-06-15,1550.5500
2005-06-16,1546.0100
2005-06-17,1545.9600
2005-06-20,1549.4399
2005-06-21,1542.6801
2005-06-22,1548.0300
2005-06-23,1536.7100
2005-06-24,1531.5200
2005-06-27,1535.3101
2005-06-28,1534.3400
2005-06-29,1540.5601
2005-06-30,1544.4100
2005-07-01,1554.7400
2005-07-05,1548.1801
2005-07-06,1549.2800
2005-07-07,1546.9600
2005-07-08,1561.0100
2005-07-11,1572.3600
2005-07-12,1583.7800
2005-07-13,1562.3700
2005-07-14,1537.8400
2005-07-15,1539.9700
2005-07-18,1534.8400
2005-07-19,1535.0800
2005-07-20,1539.6200
2005-07-21,1536.0601
2005-07-22,1546.5400
2005-07-25,1563.4500
2005-07-26,1556.8900
2005-07-27,1566.9700
2005-07-28,1585.4100
2005-07-29,1604.6300
2005-08-01,1612.8700
2005-08-02,1629.7100
2005-08-03,1636.3500
2005-08-04,1649.4900
2005-08-05,1630.5400
2005-08-08,1630.5100
2005-08-09,1631.6000
2005-08-10,1640.5300
2005-08-11,1644.4800
2005-08-12,1637.3300
2005-08-15,1633.4000
2005-08-16,1621.1400
2005-08-17,1601.8600
2005-08-18,1597.3000
2005-08-19,1602.8000
2005-08-22,1603.8500
2005-08-23,1611.0699
2005-08-24,1618.6801
2005-08-25,1627.7200
2005-08-26,1617.3600
2005-08-29,1620.4500
2005-08-30,1623.9900
2005-08-31,1655.9500
2005-09-01,1681.3500
2005-09-02,1680.0400
2005-09-06,1686.2100
2005-09-07,1690.8000
2005-09-08,1696.0800
2005-09-09,1718.3101
2005-09-12,1700.9200
2005-09-13,1690.3300
2005-09-14,1708.8800
2005-09-15,1710.1300
2005-09-16,1721.3199
2005-09-19,1729.4399
2005-09-20,1722.2400
2005-09-21,1731.4301
2005-09-22,1720.5000
2005-09-23,1723.4600
2005-09-26,1727.1200
2005-09-27,1712.6300
2005-09-28,1725.4700
2005-09-29,1731.3700
2005-09-30,1736.8900
2005-10-03,1738.7600
2005-10-04,1721.6500
2005-10-05,1684.0500
2005-10-06,1651.6400
2005-10-07,1674.9000
2005-10-10,1651.0699
2005-10-11,1652.9700
2005-10-12,1622.8700
2005-10-13,1594.7900
2005-10-14,1619.7900
2005-10-17,1623.6500
2005-10-18,1600.2700
2005-10-19,1616.0300
2005-10-20,1576.7900
2005-10-21,1597.9900
2005-10-24,1621.1700
2005-10-25,1639.3300
2005-10-26,1631.0900
2005-10-27,1623.6100
2005-10-28,1642.5800
2005-10-31,1656.6200
2005-11-01,1652.5900
2005-11-02,1681.2100
2005-11-03,1694.2100
2005-11-04,1684.6899
2005-11-07,1684.0601
2005-11-08,1678.4700
2005-11-09,1687.9000
2005-11-10,1681.8900
2005-11-11,1696.5800
2005-11-14,1699.7300
2005-11-15,1693.2200
2005-11-16,1689.3000
2005-11-17,1700.8400
2005-11-18,1702.3199
2005-11-21,1715.4500
2005-11-22,1726.9200
2005-11-23,1725.9200
2005-11-25,1707.7200
2005-11-28,1697.8500
2005-11-29,1696.6899
2005-11-30,1689.8000
2005-12-01,1709.4800
2005-12-02,1726.4500
2005-12-05,1738.3400
2005-12-06,1747.7300
2005-12-07,1749.9200
2005-12-08,1757.5500
2005-12-09,1756.3199
2005-12-12,1764.5601
2005-12-13,1764.8500
2005-12-14,1766.9900
2005-12-15,1763.2500
2005-12-16,1760.9800
2005-12-19,1754.0500
2005-12-20,1751.0800
2005-12-21,1753.0900
2005-12-22,1765.7000
2005-12-23,1758.7700
2005-12-27,1740.9399
2005-12-28,1758.9301
2005-12-29,1757.5400
2005-12-30,1759.0800
2006-01-03,1794.9900
2006-01-04,1799.9301
2006-01-05,1781.6200
2006-01-06,1804.4600
2006-01-09,1809.0200
2006-01-10,1814.8500
2006-01-11,1813.0699
2006-01-12,1792.8199
2006-01-13,1815.4600
2006-01-17,1813.3199
2006-01-18,1797.0400
2006-01-19,1821.3800
2006-01-20,1825.2700
2006-01-23,1831.8199
2006-01-24,1826.8300
2006-01-25,1825.8500
2006-01-26,1826.5100
2006-01-27,1824.2900
2006-01-30,1838.8900
2006-01-31,1860.8300
2006-02-01,1855.4900
2006-02-02,1851.2600
2006-02-03,1850.7600
2006-02-06,1864.0500
2006-02-07,1820.6600
2006-02-08,1816.4100
2006-02-09,1831.0500
2006-02-10,1808.8800
2006-02-13,1789.8600
2006-02-14,1793.7300
2006-02-15,1797.1100
2006-02-16,1810.0601
2006-02-17,1820.6300
2006-02-21,1833.2700
2006-02-22,1833.8500
2006-02-23,1828.8400
2006-02-24,1840.5300
2006-02-27,1839.5300
2006-02-28,1847.2200
2006-03-01,1878.3000
2006-03-02,1887.2700
2006-03-03,1897.4600
2006-03-06,1890.0900
2006-03-07,1872.5900
2006-03-08,1856.9399
2006-03-09,1869.6899
2006-03-10,1874.2600
2006-03-13,1885.3300
2006-03-14,1894.2500
2006-03-15,1909.4600
2006-03-16,1931.7200
2006-03-17,1927.8300
2006-03-20,1924.9000
2006-03-21,1896.4800
2006-03-22,1904.1300
2006-03-23,1902.8500
2006-03-24,1915.3600
2006-03-27,1916.5900
2006-03-28,1911.6100
2006-03-29,1928.9399
2006-03-30,1949.9100
2006-03-31,1935.9900
2006-04-03,1935.3101
2006-04-04,1952.4500
2006-04-05,1955.9900
2006-04-06,1975.6300
2006-04-07,1954.5900
2006-04-10,1950.9900
2006-04-11,1936.1801
2006-04-12,1944.9301
2006-04-13,1941.6801
2006-04-17,1959.7100
2006-04-18,1986.4700
2006-04-19,2011.1300
2006-04-20,1995.5900
2006-04-21,2017.6300
2006-04-24,2020.0400
2006-04-25,2006.3900
2006-04-26,2000.2600
2006-04-27,1991.7300
2006-04-28,2007.8300
2006-05-01,2005.9100
2006-05-02,2020.2100
2006-05-03,2001.0000
2006-05-04,2015.1200
2006-05-05,2028.6801
2006-05-08,2024.2300
2006-05-09,2044.7800
2006-05-10,2041.6400
2006-05-11,2012.8400
2006-05-12,1992.7700
2006-05-15,1951.7100
2006-05-16,1969.8700
2006-05-17,1934.7800
2006-05-18,1916.1300
2006-05-19,1915.8800
2006-05-22,1901.6100
2006-05-23,1897.3700
2006-05-24,1890.8300
2006-05-25,1925.6500
2006-05-26,1953.5500
2006-05-30,1929.5500
2006-05-31,1928.3600
2006-06-01,1957.2000
2006-06-02,1977.4399
2006-06-05,1950.9500
2006-06-06,1924.4900
2006-06-07,1910.3400
2006-06-08,1894.4100
2006-06-09,1883.1400
2006-06-12,1859.3400
2006-06-13,1810.5699
2006-06-14,1814.1100
2006-06-15,1866.7300
2006-06-16,1858.8700
2006-06-19,1841.3600
2006-06-20,1846.9301
2006-06-21,1865.8101
2006-06-22,1858.7300
2006-06-23,1866.0500
2006-06-26,1874.9399
2006-06-27,1847.3400
2006-06-28,1856.6600
2006-06-29,1900.9399
2006-06-30,1928.5900
2006-07-03,1945.7600
2006-07-05,1938.1400
2006-07-06,1956.9301
2006-07-07,1944.4399
2006-07-10,1935.7000
2006-07-11,1936.8500
2006-07-12,1922.1100
2006-07-13,1899.8800
2006-07-14,1895.2700
2006-07-17,1871.6899
2006-07-18,1882.8000
2006-07-19,1911.5400
2006-07-20,1897.5400
2006-07-21,1891.8700
2006-07-24,1921.6899
2006-07-25,1931.2500
2006-07-26,1948.9200
2006-07-27,1931.6600
2006-07-28,1964.1600
2006-07-31,1970.4200
2006-08-01,1971.5900
2006-08-02,2000.3900
2006-08-03,1993.4399
2006-08-04,1990.9000
2006-08-07,1993.6801
2006-08-08,1991.3300
2006-08-09,2001.7200
2006-08-10,1989.9000
2006-08-11,1971.7200
2006-08-14,1968.1100
2006-08-15,1986.1801
2006-08-16,2000.5699
2006-08-17,1986.5000
2006-08-18,1998.8000
2006-08-21,2007.6899
2006-08-22,2008.4800
2006-08-23,2001.2100
2006-08-24,1994.8900
2006-08-25,2003.6899
2006-08-28,2006.9100
2006-08-29,2008.3000
2006-08-30,2021.1400
2006-08-31,2022.3300
2006-09-01,2030.2200
2006-09-05,2033.1700
2006-09-06,2001.6801
2006-09-07,1984.6300
2006-09-08,1977.4900
2006-09-11,1958.7600
2006-09-12,1983.3400
2006-09-13,1942.9600
2006-09-14,1936.2300
2006-09-15,1939.2800
2006-09-18,1949.0500
2006-09-19,1930.9000
2006-09-20,1933.8600
2006-09-21,1933.9700
2006-09-22,1918.2700
2006-09-25,1898.9000
2006-09-26,1908.0500
2006-09-27,1917.5601
2006-09-28,1916.9200
2006-09-29,1906.8600
2006-10-02,1896.8000
2006-10-03,1870.3400
2006-10-04,1875.2000
2006-10-05,1888.6400
2006-10-06,1881.6700
2006-10-09,1887.4500
2006-10-10,1883.8199
2006-10-11,1864.8101
2006-10-12,1879.9200
2006-10-13,1902.8700
2006-10-16,1928.0400
2006-10-17,1915.0000
2006-10-18,1916.8700
2006-10-19,1933.0800
2006-10-20,1936.6600
2006-10-23,1946.3300
2006-10-24,1955.1801
2006-10-25,1984.8500
2006-10-26,1992.5200
2006-10-27,1983.3400
2006-10-30,1971.6801
2006-10-31,1965.3500
2006-11-01,1948.9500
2006-11-02,1950.2500
2006-11-03,1974.3600
2006-11-06,1992.0699
2006-11-07,1981.3900
2006-11-08,1993.6801
2006-11-09,1999.3600
2006-11-10,1986.3700
2006-11-13,1979.9000
2006-11-14,1987.3199
2006-11-15,2010.5601
2006-11-16,1996.7700
2006-11-17,1996.6600
2006-11-20,2008.6801
2006-11-21,2022.1899
2006-11-22,2026.3400
2006-11-24,2037.1200
2006-11-27,2020.3300
2006-11-28,2039.9100
2006-11-29,2059.5701
2006-11-30,2069.1599
2006-12-01,2065.9299
2006-12-04,2075.7800
2006-12-05,2082.8000
2006-12-06,2093.8000
2006-12-07,2089.3501
2006-12-08,2086.2800
2006-12-11,2085.1499
2006-12-12,2081.0100
2006-12-13,2076.8401
2006-12-14,2066.9299
2006-12-15,2061.8101
2006-12-18,2043.7600
2006-12-19,2069.3301
2006-12-20,2057.2600
2006-12-21,2040.1100
2006-12-22,2034.6700
2006-12-26,2039.2400
2006-12-27,2056.3101
2006-12-28,2053.4800
2006-12-29,2056.4299
2007-01-03,2050.0100
2007-01-04,2023.6000
2007-01-05,1999.6000
2007-01-08,2008.5200
2007-01-09,2010.4700
2007-01-10,2015.7400
2007-01-11,2037.5699
2007-01-12,2058.0300
2007-01-16,2060.8000
2007-01-17,2080.4099
2007-01-18,2063.0300
2007-01-19,2067.9500
2007-01-22,2060.4399
2007-01-23,2086.8000
2007-01-24,2088.9399
2007-01-25,2075.3000
2007-01-26,2087.3601
2007-01-29,2104.6101
2007-01-30,2115.7300
2007-01-31,2123.7100
2007-02-01,2145.7600
2007-02-02,2136.2200
2007-02-05,2134.9199
2007-02-06,2148.8799
2007-02-07,2162.9500
2007-02-08,2165.5901
2007-02-09,2153.0601
2007-02-12,2138.2700
2007-02-13,2154.7800
2007-02-14,2169.8601
2007-02-15,2168.1399
2007-02-16,2157.9800
2007-02-20,2150.7700
2007-02-21,2154.4299
2007-02-22,2162.7000
2007-02-23,2165.4700
2007-02-26,2175.5701
2007-02-27,2105.0300
2007-02-28,2116.5601
2007-03-01,2113.9900
2007-03-02,2087.7400
2007-03-05,2055.9099
2007-03-06,2081.0100
2007-03-07,2074.4199
2007-03-08,2075.6001
2007-03-09,2094.4600
2007-03-12,2108.0300
2007-03-13,2064.9900
2007-03-14,2063.3701
2007-03-15,2082.7600
2007-03-16,2098.3201
2007-03-19,2111.3899
2007-03-20,2140.1201
2007-03-21,2164.5000
2007-03-22,2156.0100
2007-03-23,2150.2100
2007-03-26,2162.7900
2007-03-27,2154.7700
2007-03-28,2151.2500
2007-03-29,2172.2000
2007-03-30,2174.8999
2007-04-02,2180.2700
2007-04-03,2190.0901
2007-04-04,2190.5500
2007-04-05,2197.8201
2007-04-09,2197.9500
2007-04-10,2205.5500
2007-04-11,2199.0500
2007-04-12,2211.4900
2007-04-13,2224.4199
2007-04-16,2229.6299
2007-04-17,2238.0100
2007-04-18,2232.9700
2007-04-19,2207.5400
2007-04-20,2219.4900
2007-04-23,2209.8899
2007-04-24,2201.4299
2007-04-25,2217.1101
2007-04-26,2197.2500
2007-04-27,2204.9900
2007-04-30,2195.2800
2007-05-01,2185.1599
2007-05-02,2208.5400
2007-05-03,2223.3999
2007-05-04,2243.1699
2007-05-07,2252.0100
2007-05-08,2242.9700
2007-05-09,2239.3601
2007-05-10,2217.3301
2007-05-11,2243.4900
2007-05-14,2235.6799
2007-05-15,2250.3899
2007-05-16,2259.7300
2007-05-17,2266.7700
2007-05-18,2296.9500
2007-05-21,2298.2400
2007-05-22,2316.6399
2007-05-23,2314.6699
2007-05-24,2300.6201
2007-05-25,2320.3301
2007-05-29,2342.0601
2007-05-30,2351.7600
2007-05-31,2363.2100
2007-06-01,2386.1699
2007-06-04,2391.2500
2007-06-05,2371.0701
2007-06-06,2358.1399
2007-06-07,2306.6201
2007-06-08,2311.7600
2007-06-11,2322.4099
2007-06-12,2299.9900
2007-06-13,2314.3899
2007-06-14,2332.6201
2007-06-15,2337.2500
2007-06-18,2342.7800
2007-06-19,2339.0100
2007-06-20,2330.1299
2007-06-21,2310.0901
2007-06-22,2316.9500
2007-06-25,2307.0400
2007-06-26,2326.5000
2007-06-27,2349.1499
2007-06-28,2346.4800
2007-06-29,2356.3799
2007-07-02,2359.3899
2007-07-03,2361.7600
2007-07-05,2381.9600
2007-07-06,2384.6201
2007-07-09,2391.2000
2007-07-10,2358.8999
2007-07-11,2381.6299
2007-07-12,2397.0801
2007-07-13,2392.5200
2007-07-16,2389.8201
2007-07-17,2385.3301
2007-07-18,2388.0400
2007-07-19,2387.2100
2007-07-20,2373.2700
2007-07-23,2368.8101
2007-07-24,2337.2700
2007-07-25,2350.9299
2007-07-26,2294.9700
2007-07-27,2247.8201
2007-07-30,2250.1599
2007-07-31,2270.6599
2007-08-01,2255.8000
2007-08-02,2273.4900
2007-08-03,2237.9700
2007-08-06,2246.8201
2007-08-07,2248.4600
2007-08-08,2281.3101
2007-08-09,2242.8601
2007-08-10,2230.4600
2007-08-13,2240.2000
2007-08-14,2193.1101
2007-08-15,2153.6899
2007-08-16,2125.9099
2007-08-17,2160.0801
2007-08-20,2171.4399
2007-08-21,2180.6101
2007-08-22,2205.4900
2007-08-23,2215.8000
2007-08-24,2248.4900
2007-08-27,2238.3601
2007-08-28,2177.1399
2007-08-29,2216.0500
2007-08-30,2202.4199
2007-08-31,2248.6001
2007-09-04,2267.1299
2007-09-05,2250.3401
2007-09-06,2261.1799
2007-09-07,2242.1399
2007-09-10,2229.2800
2007-09-11,2268.9900
2007-09-12,2297.7800
2007-09-13,2322.2300
2007-09-14,2297.5100
2007-09-17,2289.2800
2007-09-18,2334.7900
2007-09-19,2324.2200
2007-09-20,2361.2300
2007-09-21,2382.0200
2007-09-24,2371.0000
2007-09-25,2370.1299
2007-09-26,2398.2900
2007-09-27,2411.3999
2007-09-28,2410.1899
2007-10-01,2410.4700
2007-10-02,2401.1699
2007-10-03,2383.3999
2007-10-04,2396.7600
2007-10-05,2415.6399
2007-10-08,2400.5200
2007-10-09,2416.8701
2007-10-10,2425.8601
2007-10-11,2429.1699
2007-10-12,2446.8301
2007-10-15,2440.4800
2007-10-16,2433.2800
2007-10-17,2455.3301
2007-10-18,2476.5901
2007-10-19,2440.2800
2007-10-22,2431.5400
2007-10-23,2453.3999
2007-10-24,2440.9199
2007-10-25,2443.8799
2007-10-26,2486.0200
2007-10-29,2514.8000
2007-10-30,2488.7800
2007-10-31,2530.3401
2007-11-01,2485.2300
2007-11-02,2505.0400
2007-11-05,2494.2900
2007-11-06,2538.9099
2007-11-07,2500.0000
2007-11-08,2485.4099
2007-11-09,2436.8401
2007-11-12,2378.2700
2007-11-13,2413.2700
2007-11-14,2408.3701
2007-11-15,2380.4900
2007-11-16,2405.4099
2007-11-19,2342.1899
2007-11-20,2366.8601
2007-11-21,2337.9700
2007-11-23,2384.2200
2007-11-26,2331.4299
2007-11-27,2296.4399
2007-11-28,2353.9399
2007-11-29,2333.5300
2007-11-30,2359.8501
2007-12-03,2351.5500
2007-12-04,2337.0100
2007-12-05,2355.6499
2007-12-06,2407.3999
2007-12-07,2402.0100
2007-12-10,2426.8401
2007-12-11,2372.3701
2007-12-12,2392.2100
2007-12-13,2370.4099
2007-12-14,2351.8401
2007-12-17,2342.2400
2007-12-18,2341.1799
2007-12-19,2334.5300
2007-12-20,2357.3701
2007-12-21,2404.3799
2007-12-24,2429.8101
2007-12-26,2436.6399
2007-12-27,2425.5901
2007-12-28,2428.2200
2007-12-31,2409.6201
2008-01-02,2405.0300
2008-01-03,2419.0400
2008-01-04,2382.4600
2008-01-07,2382.0701
2008-01-08,2365.9600
2008-01-09,2383.8000
2008-01-10,2416.4500
2008-01-11,2362.2000
2008-01-14,2367.2800
2008-01-15,2313.5000
2008-01-16,2289.2800
2008-01-17,2246.5601
2008-01-18,2239.0901
2008-01-22,2172.3201
2008-01-23,2145.4399
2008-01-24,2183.1899
2008-01-25,2195.0701
2008-01-28,2198.4199
2008-01-29,2214.8101
2008-01-30,2209.6899
2008-01-31,2215.3201
2008-02-01,2257.2800
2008-02-04,2256.9199
2008-02-05,2210.3000
2008-02-06,2212.7300
2008-02-07,2207.3401
2008-02-08,2229.9600
2008-02-11,2246.6101
2008-02-12,2245.1899
2008-02-13,2274.2400
2008-02-14,2263.1001
2008-02-15,2244.5000
2008-02-19,2246.9900
2008-02-20,2264.3601
2008-02-21,2258.1899
2008-02-22,2277.9099
2008-02-25,2306.9099
2008-02-26,2347.8101
2008-02-27,2354.6599
2008-02-28,2364.2900
2008-02-29,2326.6001
2008-03-03,2322.1101
2008-03-04,2313.7400
2008-03-05,2317.4399
2008-03-06,2303.4399
2008-03-07,2272.5901
2008-03-10,2257.8101
2008-03-11,2299.3501
2008-03-12,2306.3999
2008-03-13,2339.1001
2008-03-14,2285.6101
2008-03-17,2228.0500
2008-03-18,2268.8101
2008-03-19,2186.3799
2008-03-20,2191.1499
2008-03-24,2219.6299
2008-03-25,2223.4099
2008-03-26,2219.7700
2008-03-27,2236.0400
2008-03-28,2222.9299
2008-03-31,2231.8301
2008-04-01,2251.0400
2008-04-02,2251.1101
2008-04-03,2258.5901
2008-04-04,2266.0200
2008-04-07,2271.0400
2008-04-08,2272.6899
2008-04-09,2262.5601
2008-04-10,2270.3601
2008-04-11,2242.1399
2008-04-14,2253.8999
2008-04-15,2267.9299
2008-04-16,2345.8301
2008-04-17,2342.2500
2008-04-18,2365.7700
2008-04-21,2367.0801
2008-04-22,2352.8501
2008-04-23,2344.0601
2008-04-24,2321.2000
2008-04-25,2319.2400
2008-04-28,2324.3101
2008-04-29,2287.9099
2008-04-30,2295.4700
2008-05-01,2296.1299
2008-05-02,2285.6499
2008-05-05,2290.8899
2008-05-06,2337.4700
2008-05-07,2338.8999
2008-05-08,2348.0601
2008-05-09,2347.5400
2008-05-12,2358.4500
2008-05-13,2355.1101
2008-05-14,2344.3101
2008-05-15,2346.5801
2008-05-16,2375.7200
2008-05-19,2374.8999
2008-05-20,2405.4299
2008-05-21,2397.6101
2008-05-22,2383.8501
2008-05-23,2371.5000
2008-05-27,2349.9299
2008-05-28,2358.7400
2008-05-29,2354.5000
2008-05-30,2355.1201
2008-06-02,2353.9700
2008-06-03,2340.3799
2008-06-04,2331.4199
2008-06-05,2368.6399
2008-06-06,2353.7100
2008-06-09,2344.1499
2008-06-10,2321.2600
2008-06-11,2312.3899
2008-06-12,2293.5200
2008-06-13,2301.6599
2008-06-16,2314.2200
2008-06-17,2312.4099
2008-06-18,2307.3000
2008-06-19,2283.2300
2008-06-20,2240.3799
2008-06-23,2254.1399
2008-06-24,2231.1899
2008-06-25,2238.9500
2008-06-26,2208.6799
2008-06-27,2210.8401
2008-06-30,2232.0400
2008-07-01,2218.0000
2008-07-02,2186.0200
2008-07-03,2161.1299
2008-07-07,2144.4099
2008-07-08,2137.1399
2008-07-09,2152.8301
2008-07-10,2159.5901
2008-07-11,2147.4700
2008-07-14,2159.7200
2008-07-15,2124.2100
2008-07-16,2129.8899
2008-07-17,2132.3000
2008-07-18,2147.6299
2008-07-21,2155.3101
2008-07-22,2171.0601
2008-07-23,2157.9099
2008-07-24,2124.3701
2008-07-25,2152.0100
2008-07-28,2134.3701
2008-07-29,2144.0300
2008-07-30,2186.5100
2008-07-31,2144.2400
2008-08-01,2148.2000
2008-08-04,2117.9700
2008-08-05,2128.0901
2008-08-06,2137.7500
2008-08-07,2100.6001
2008-08-08,2073.3501
2008-08-11,2061.3501
2008-08-12,2052.1001
2008-08-13,2067.9399
2008-08-14,2056.1499
2008-08-15,2036.4500
2008-08-18,2037.4600
2008-08-19,2039.3700
2008-08-20,2063.4399
2008-08-21,2090.5901
2008-08-22,2084.4900
2008-08-25,2056.3999
2008-08-26,2058.8301
2008-08-27,2077.4399
2008-08-28,2086.7700
2008-08-29,2079.2400
2008-09-02,2026.2400
2008-09-03,1988.4200
2008-09-04,1934.4000
2008-09-05,1928.8199
2008-09-08,1921.5601
2008-09-09,1867.2800
2008-09-10,1885.2200
2008-09-11,1877.2300
2008-09-12,1905.7500
2008-09-15,1846.6899
2008-09-16,1835.6000
2008-09-17,1794.3900
2008-09-18,1872.7300
2008-09-19,1931.0500
2008-09-22,1902.5601
2008-09-23,1899.9600
2008-09-24,1885.4500
2008-09-25,1922.8700
2008-09-26,1916.4399
2008-09-29,1758.9399
2008-09-30,1786.8900
2008-10-01,1832.9900
2008-10-02,1762.4399
2008-10-03,1747.5699
2008-10-06,1615.7000
2008-10-07,1550.5000
2008-10-08,1490.0000
2008-10-09,1370.8199
2008-10-10,1290.7800
2008-10-13,1462.5601
2008-10-14,1496.8500
2008-10-15,1395.9100
2008-10-16,1418.2900
2008-10-17,1421.7000
2008-10-20,1508.6700
2008-10-21,1414.2800
2008-10-22,1328.5200
2008-10-23,1315.9700
2008-10-24,1291.7400
2008-10-27,1283.8900
2008-10-28,1425.6600
2008-10-29,1428.1400
2008-10-30,1457.4100
2008-10-31,1466.9000
2008-11-03,1475.3199
2008-11-04,1527.7400
2008-11-05,1452.5400
2008-11-06,1388.8500
2008-11-07,1425.6801
2008-11-10,1428.0200
2008-11-11,1369.8101
2008-11-12,1304.4900
2008-11-13,1367.6200
2008-11-14,1307.9800
2008-11-17,1308.3800
2008-11-18,1306.7100
2008-11-19,1245.4200
2008-11-20,1157.4800
2008-11-21,1203.9200
2008-11-24,1301.0200
2008-11-25,1344.2400
2008-11-26,1371.4301
2008-11-28,1364.0100
2008-12-01,1228.5500
2008-12-02,1270.1700
2008-12-03,1316.5300
2008-12-04,1241.2800
2008-12-05,1278.1600
2008-12-08,1319.1300
2008-12-09,1309.4000
2008-12-10,1326.0500
2008-12-11,1321.5500
2008-12-12,1319.7800
2008-12-15,1319.0900
2008-12-16,1390.6400
2008-12-17,1358.6700
2008-12-18,1352.4301
2008-12-19,1341.4399
2008-12-22,1329.1000
2008-12-23,1339.3600
2008-12-24,1330.1899
2008-12-26,1346.9000
2008-12-29,1353.9500
2008-12-30,1373.2700
2008-12-31,1397.5300
2009-01-02,1444.2900
2009-01-05,1461.2200
2009-01-06,1473.8900
2009-01-07,1421.4600
2009-01-08,1466.6200
2009-01-09,1467.4600
2009-01-12,1420.9399
2009-01-13,1405.0000
2009-01-14,1338.7600
2009-01-15,1362.9100
2009-01-16,1383.1899
2009-01-20,1329.6500
2009-01-21,1357.4200
2009-01-22,1339.3000
2009-01-23,1361.9200
2009-01-26,1388.3700
2009-01-27,1399.5601
2009-01-28,1420.9200
2009-01-29,1405.7200
2009-01-30,1420.4301
2009-02-02,1397.5900
2009-02-03,1424.7900
2009-02-04,1404.2500
2009-02-05,1426.5000
2009-02-06,1437.8700
2009-02-09,1457.2600
2009-02-10,1402.7100
2009-02-11,1403.1899
2009-02-12,1405.6600
2009-02-13,1401.1200
2009-02-17,1364.4600
2009-02-18,1341.9900
2009-02-19,1351.5300
2009-02-20,1333.4900
2009-02-23,1293.2300
2009-02-24,1319.0500
2009-02-25,1311.9600
2009-02-26,1329.4000
2009-02-27,1332.4200
2009-03-02,1260.7500
2009-03-03,1249.3101
2009-03-04,1280.8700
2009-03-05,1262.0100
2009-03-06,1267.8101
2009-03-09,1246.4600
2009-03-10,1295.9399
2009-03-11,1265.6801
2009-03-12,1306.2700
2009-03-13,1299.9700
2009-03-16,1303.1100
2009-03-17,1318.7200
2009-03-18,1327.7300
2009-03-19,1335.7400
2009-03-20,1321.9700
2009-03-23,1372.1801
2009-03-24,1362.8101
2009-03-25,1374.7400
2009-03-26,1380.0699
2009-03-27,1349.5500
2009-03-30,1332.4500
2009-03-31,1359.3300
2009-04-01,1385.5699
2009-04-02,1419.1899
2009-04-03,1403.3900
2009-04-06,1387.5300
2009-04-07,1377.7300
2009-04-08,1387.6400
2009-04-09,1393.7200
2009-04-13,1402.0300
2009-04-14,1365.5100
2009-04-15,1408.2200
2009-04-16,1413.1100
2009-04-17,1394.6700
2009-04-20,1355.8700
2009-04-21,1376.1899
2009-04-22,1361.6000
2009-04-23,1396.4800
2009-04-24,1406.8600
2009-04-27,1383.4600
2009-04-28,1386.2900
2009-04-29,1412.3700
2009-04-30,1416.5900
2009-05-01,1440.0300
2009-05-04,1451.4700
2009-05-05,1432.8000
2009-05-06,1468.3800
2009-05-07,1468.1200
2009-05-08,1522.7500
2009-05-11,1489.9000
2009-05-12,1511.7100
2009-05-13,1473.6500
2009-05-14,1483.8600
2009-05-15,1473.3000
2009-05-18,1510.5000
2009-05-19,1503.9301
2009-05-20,1533.3000
2009-05-21,1522.6801
2009-05-22,1535.1100
2009-05-26,1580.7300
2009-05-27,1562.5200
2009-05-28,1590.0200
2009-05-29,1611.2800
2009-06-01,1645.2100
2009-06-02,1661.6500
2009-06-03,1613.5800
2009-06-04,1627.0000
2009-06-05,1609.7200
2009-06-08,1611.2500
2009-06-09,1612.7800
2009-06-10,1614.3700
2009-06-11,1643.3400
2009-06-12,1623.0000
2009-06-15,1585.0000
2009-06-16,1572.4900
2009-06-17,1575.8500
2009-06-18,1570.7000
2009-06-19,1581.8300
2009-06-22,1548.3300
2009-06-23,1554.1000
2009-06-24,1556.1899
2009-06-25,1589.2600
2009-06-26,1591.1801
2009-06-29,1593.2800
2009-06-30,1582.0200
2009-07-01,1593.3700
2009-07-02,1567.0500
2009-07-06,1568.3300
2009-07-07,1529.4000
2009-07-08,1507.4301
2009-07-09,1531.0601
2009-07-10,1518.3500
2009-07-13,1541.4399
2009-07-14,1555.8700
2009-07-15,1607.0000
2009-07-16,1615.7400
2009-07-17,1624.5500
2009-07-20,1636.9399
2009-07-21,1635.4500
2009-07-22,1642.9800
2009-07-23,1665.7300
2009-07-24,1673.1899
2009-07-27,1680.4399
2009-07-28,1673.1600
2009-07-29,1671.9399
2009-07-30,1676.6200
2009-07-31,1709.3400
2009-08-03,1722.8101
2009-08-04,1724.8300
2009-08-05,1718.9600
2009-08-06,1696.0400
2009-08-07,1698.4600
2009-08-10,1685.5100
2009-08-11,1680.2400
2009-08-12,1692.9100
2009-08-13,1703.1801
2009-08-14,1686.8500
2009-08-17,1640.6700
2009-08-18,1667.6700
2009-08-19,1673.7900
2009-08-20,1679.7100
2009-08-21,1707.3300
2009-08-24,1701.9000
2009-08-25,1693.9301
2009-08-26,1682.9500
2009-08-27,1692.4700
2009-08-28,1686.0400
2009-08-31,1670.6500
2009-09-01,1662.9500
2009-09-02,1684.7200
2009-09-03,1690.5900
2009-09-04,1719.6899
2009-09-08,1742.6100
2009-09-09,1750.6300
2009-09-10,1786.9800
2009-09-11,1791.4000
2009-09-14,1788.5200
2009-09-15,1805.1300
2009-09-16,1828.8600
2009-09-17,1814.7500
2009-09-18,1801.1899
2009-09-21,1786.2700
2009-09-22,1803.5400
2009-09-23,1799.3500
2009-09-24,1755.7700
2009-09-25,1744.6100
2009-09-28,1764.1000
2009-09-29,1770.0800
2009-09-30,1778.6700
2009-10-01,1741.3900
2009-10-02,1734.6500
2009-10-05,1764.8000
2009-10-06,1780.8101
2009-10-07,1786.5699
2009-10-08,1818.5900
2009-10-09,1810.6400
2009-10-12,1813.9700
2009-10-13,1821.6500
2009-10-14,1848.9301
2009-10-15,1860.2100
2009-10-16,1860.6100
2009-10-19,1878.8400
2009-10-20,1860.5500
2009-10-21,1857.4000
2009-10-22,1857.0400
2009-10-23,1834.1300
2009-10-26,1802.4000
2009-10-27,1806.5900
2009-10-28,1744.3300
2009-10-29,1771.2500
2009-10-30,1752.2300
2009-11-02,1739.7500
2009-11-03,1754.5400
2009-11-04,1764.1899
2009-11-05,1787.3101
2009-11-06,1788.7500
2009-11-09,1823.8800
2009-11-10,1822.5900
2009-11-11,1822.2600
2009-11-12,1808.8700
2009-11-13,1820.8400
2009-11-16,1835.5500
2009-11-17,1835.3199
2009-11-18,1825.6500
2009-11-19,1805.3600
2009-11-20,1782.0699
2009-11-23,1803.5601
2009-11-24,1799.8700
2009-11-25,1817.2500
2009-11-27,1760.7800
2009-11-30,1762.4600
2009-12-01,1806.1000
2009-12-02,1806.6801
2009-12-03,1787.3800
2009-12-04,1792.4800
2009-12-07,1788.3101
2009-12-08,1759.3199
2009-12-09,1767.8800
2009-12-10,1778.7600
2009-12-11,1779.1300
2009-12-14,1791.6000
2009-12-15,1776.7900
2009-12-16,1787.1899
2009-12-17,1762.1100
2009-12-18,1767.0400
2009-12-21,1781.6700
2009-12-22,1789.3300
2009-12-23,1816.2200
2009-12-24,1824.3800
2009-12-28,1824.3500
2009-12-29,1821.9000
2009-12-30,1823.8800
2009-12-31,1824.9399
2010-01-04,1853.6600
2010-01-05,1859.9200
2010-01-06,1866.9000
2010-01-07,1868.0200
2010-01-08,1872.5000
2010-01-11,1883.0200
2010-01-12,1874.3400
2010-01-13,1885.5699
2010-01-14,1887.9301
2010-01-15,1887.5699
2010-01-19,1907.9500
2010-01-20,1881.8199
2010-01-21,1847.3800
2010-01-22,1820.3101
2010-01-25,1822.2100
2010-01-26,1814.9301
2010-01-27,1820.7500
2010-01-28,1800.9600
2010-01-29,1796.3300
2010-02-01,1813.3900
2010-02-02,1836.9200
2010-02-03,1820.3199
2010-02-04,1771.9200
2010-02-05,1769.5800
2010-02-08,1766.1400
2010-02-09,1793.3700
2010-02-10,1786.2300
2010-02-11,1833.9100
2010-02-12,1840.9399
2010-02-16,1857.2400
2010-02-17,1864.8600
2010-02-18,1869.3800
2010-02-19,1880.2100
2010-02-22,1863.3800
2010-02-23,1849.4000
2010-02-24,1852.9301
2010-02-25,1834.2100
2010-02-26,1845.7100
2010-03-01,1868.9301
2010-03-02,1884.9100
2010-03-03,1898.3700
2010-03-04,1902.7200
2010-03-05,1919.0000
2010-03-08,1916.9000
2010-03-09,1902.6801
2010-03-10,1881.9100
2010-03-11,1889.9100
2010-03-12,1896.6600
2010-03-15,1881.8700
2010-03-16,1900.0800
2010-03-17,1907.1100
2010-03-18,1907.5200
2010-03-19,1876.1300
2010-03-22,1889.3800
2010-03-23,1896.1000
2010-03-24,1875.4399
2010-03-25,1867.0699
2010-03-26,1876.1400
2010-03-29,1891.9100
2010-03-30,1901.7800
2010-03-31,1906.9800
2010-04-01,1944.6899
2010-04-05,1969.6200
2010-04-06,1960.8700
2010-04-07,1956.4200
2010-04-08,1951.4301
2010-04-09,1966.6400
2010-04-12,1980.0500
2010-04-13,1974.0100
2010-04-14,1981.8400
2010-04-15,1964.2900
2010-04-16,1935.7600
2010-04-19,1936.9600
2010-04-20,1964.5300
2010-04-21,1951.4600
2010-04-22,1963.5699
2010-04-23,1982.2800
2010-04-26,1987.6801
2010-04-27,1943.1000
2010-04-28,1939.5900
2010-04-29,1956.0300
2010-04-30,1927.6500
2010-05-03,1927.9100
2010-05-04,1895.4500
2010-05-05,1864.9700
2010-05-06,1811.8000
2010-05-07,1792.3600
2010-05-10,1866.2200
2010-05-11,1881.2500
2010-05-12,1901.1801
2010-05-13,1884.9100
2010-05-14,1848.7000
2010-05-17,1832.2200
2010-05-18,1804.4500
2010-05-19,1787.8101
2010-05-20,1721.8400
2010-05-21,1743.9399
2010-05-24,1732.9900
2010-05-25,1724.3101
2010-05-26,1731.5000
2010-05-27,1797.9500
2010-05-28,1780.1899
2010-06-01,1790.6500
2010-06-02,1831.5200
2010-06-03,1830.9000
2010-06-04,1789.5100
2010-06-07,1783.0200
2010-06-08,1805.3900
2010-06-09,1800.3400
2010-06-10,1844.1700
2010-06-11,1842.7900
2010-06-14,1849.9800
2010-06-15,1881.8101
2010-06-16,1886.9200
2010-06-17,1894.4700
2010-06-18,1883.7000
2010-06-21,1875.1000
2010-06-22,1858.7200
2010-06-23,1860.2700
2010-06-24,1840.0400
2010-06-25,1862.1200
2010-06-28,1858.6000
2010-06-29,1805.1600
2010-06-30,1795.6300
2010-07-01,1795.1801
2010-07-02,1798.5699
2010-07-06,1799.4700
2010-07-07,1826.8300
2010-07-08,1838.8600
2010-07-09,1848.3600
2010-07-12,1846.8700
2010-07-13,1887.0000
2010-07-14,1883.0800
2010-07-15,1902.7000
2010-07-16,1858.7200
2010-07-19,1852.2300
2010-07-20,1870.3900
2010-07-21,1846.1700
2010-07-22,1886.7400
2010-07-23,1908.6200
2010-07-26,1923.9100
2010-07-27,1916.1100
2010-07-28,1899.5699
2010-07-29,1886.9200
2010-07-30,1894.4100
2010-08-02,1922.2400
2010-08-03,1934.1700
2010-08-04,1952.4900
2010-08-05,1939.2100
2010-08-06,1937.3600
2010-08-09,1944.5300
2010-08-10,1929.9600
2010-08-11,1882.9800
2010-08-12,1890.9500
2010-08-13,1896.9200
2010-08-16,1910.8700
2010-08-17,1927.7600
2010-08-18,1914.0500
2010-08-19,1875.9399
2010-08-20,1864.6000
2010-08-23,1858.6899
2010-08-24,1846.8199
2010-08-25,1855.8400
2010-08-26,1861.8101
2010-08-27,1893.7400
2010-08-30,1880.1300
2010-08-31,1877.3000
2010-09-01,1922.4100
2010-09-02,1933.5300
2010-09-03,1949.3700
2010-09-07,1933.0100
2010-09-08,1948.9000
2010-09-09,1949.1700
2010-09-10,1966.6400
2010-09-13,1977.3700
2010-09-14,1979.1801
2010-09-15,1990.3800
2010-09-16,1987.1400
2010-09-17,1988.9600
2010-09-20,2007.3600
2010-09-21,2004.7500
2010-09-22,1997.7800
2010-09-23,1995.6400
2010-09-24,2030.0900
2010-09-27,2018.1100
2010-09-28,2025.1801
2010-09-29,2021.3700
2010-09-30,2021.8800
2010-10-01,2035.0601
2010-10-04,2020.2900
2010-10-05,2059.4399
2010-10-06,2058.1101
2010-10-07,2046.3199
2010-10-08,2071.1399
2010-10-11,2080.5200
2010-10-12,2087.1399
2010-10-13,2110.5601
2010-10-14,2105.2400
2010-10-15,2100.6299
2010-10-18,2105.9900
2010-10-19,2060.8701
2010-10-20,2086.4700
2010-10-21,2070.3301
2010-10-22,2063.1599
2010-10-25,2081.0801
2010-10-26,2084.4199
2010-10-27,2063.7400
2010-10-28,2074.8701
2010-10-29,2083.8899
2010-11-01,2086.1499
2010-11-02,2111.8101
2010-11-03,2119.5901
2010-11-04,2152.2800
2010-11-05,2153.3601
2010-11-08,2163.6001
2010-11-09,2129.7800
2010-11-10,2141.5100
2010-11-11,2133.5100
2010-11-12,2107.3899
2010-11-15,2093.3999
2010-11-16,2051.5100
2010-11-17,2054.8000
2010-11-18,2090.7500
2010-11-19,2104.4900
2010-11-22,2100.6201
2010-11-23,2072.9399
2010-11-24,2089.6299
2010-11-26,2074.8601
2010-11-29,2060.8701
2010-11-30,2057.0100
2010-12-01,2081.1101
2010-12-02,2091.5100
2010-12-03,2105.1399
2010-12-06,2106.1699
2010-12-07,2101.5801
2010-12-08,2097.1899
2010-12-09,2099.7600
2010-12-10,2118.2000
2010-12-13,2123.4199
2010-12-14,2130.0300
2010-12-15,2110.0400
2010-12-16,2119.0500
2010-12-17,2133.9399
2010-12-20,2141.3401
2010-12-21,2164.2800
2010-12-22,2163.7100
2010-12-23,2170.1799
2010-12-27,2175.3201
2010-12-28,2190.8301
2010-12-29,2201.0300
2010-12-30,2195.4500
2010-12-31,2208.3799
2011-01-03,2217.6201
2011-01-04,2198.5801
2011-01-05,2200.5100
2011-01-06,2172.9099
2011-01-07,2150.5801
2011-01-10,2158.5000
2011-01-11,2187.8601
2011-01-12,2203.3799
2011-01-13,2167.7700
2011-01-14,2185.5200
2011-01-18,2193.1499
2011-01-19,2164.3501
2011-01-20,2134.8000
2011-01-21,2125.8799
2011-01-24,2157.6201
2011-01-25,2142.2300
2011-01-26,2174.8601
2011-01-27,2166.4299
2011-01-28,2140.2900
2011-01-31,2172.0300
2011-02-01,2201.2800
2011-02-02,2222.3701
2011-02-03,2265.0400
2011-02-04,2256.4500
2011-02-07,2273.4800
2011-02-08,2267.7400
2011-02-09,2255.9099
2011-02-10,2258.1899
2011-02-11,2266.4600
2011-02-14,2275.8701
2011-02-15,2292.9700
2011-02-16,2307.6299
2011-02-17,2332.9600
2011-02-18,2346.8201
2011-02-22,2325.2600
2011-02-23,2337.8201
2011-02-24,2319.1699
2011-02-25,2358.7800
2011-02-28,2381.2900
2011-03-01,2380.3401
2011-03-02,2395.3701
2011-03-03,2407.6899
2011-03-04,2419.7400
2011-03-07,2402.0701
2011-03-08,2395.2500
2011-03-09,2362.1799
2011-03-10,2300.8301
2011-03-11,2306.6399
2011-03-14,2287.3601
2011-03-15,2244.6101
2011-03-16,2219.7500
2011-03-17,2266.8101
2011-03-18,2272.3401
2011-03-21,2311.7600
2011-03-22,2318.3701
2011-03-23,2333.3401
2011-03-24,2320.7100
2011-03-25,2325.1799
2011-03-28,2310.3101
2011-03-29,2345.0601
2011-03-30,2374.0100
2011-03-31,2367.4099
2011-04-01,2396.7900
2011-04-04,2412.2800
2011-04-05,2443.5000
2011-04-06,2433.8201
2011-04-07,2422.1499
2011-04-08,2447.8799
2011-04-11,2402.5100
2011-04-12,2374.0701
2011-04-13,2389.9700
2011-04-14,2401.9900
2011-04-15,2408.6799
2011-04-18,2374.8601
2011-04-19,2403.7700
2011-04-20,2438.4900
2011-04-21,2452.7400
2011-04-25,2446.6299
2011-04-26,2450.6899
2011-04-27,2481.2400
2011-04-28,2474.7000
2011-04-29,2483.0500
2011-05-02,2454.9600
2011-05-03,2422.2500
2011-05-04,2403.2400
2011-05-05,2363.1799
2011-05-06,2368.8101
2011-05-09,2390.5000
2011-05-10,2412.5601
2011-05-11,2375.4099
2011-05-12,2370.6001
2011-05-13,2350.2800
2011-05-16,2328.4800
2011-05-17,2325.8000
2011-05-18,2357.6201
2011-05-19,2375.8301
2011-05-20,2384.9199
2011-05-23,2345.7800
2011-05-24,2364.2300
2011-05-25,2374.4500
2011-05-26,2407.3899
2011-05-27,2419.0400
2011-05-31,2437.1599
2011-06-01,2393.5500
2011-06-02,2377.0701
2011-06-03,2380.1399
2011-06-06,2352.7300
2011-06-07,2355.6399
2011-06-08,2330.4600
2011-06-09,2351.3999
2011-06-10,2319.2400
2011-06-13,2299.9700
2011-06-14,2320.8899
2011-06-15,2271.4299
2011-06-16,2257.2300
2011-06-17,2267.1101
2011-06-20,2268.6299
2011-06-21,2307.8999
2011-06-22,2302.4900
2011-06-23,2279.8201
2011-06-24,2260.6599
2011-06-27,2270.8701
2011-06-28,2298.1201
2011-06-29,2312.2400
2011-06-30,2343.8701
2011-07-01,2358.8799
2011-07-05,2394.0400
2011-07-06,2389.1799
2011-07-07,2411.7200
2011-07-08,2422.2000
2011-07-11,2377.4800
2011-07-12,2371.5500
2011-07-13,2398.1499
2011-07-14,2378.0701
2011-07-15,2405.1899
2011-07-18,2384.1499
2011-07-19,2387.2300
2011-07-20,2401.4700
2011-07-21,2439.6899
2011-07-22,2450.0100
2011-07-25,2444.5901
2011-07-26,2456.1399
2011-07-27,2408.7900
2011-07-28,2401.7900
2011-07-29,2364.9900
2011-08-01,2391.7500
2011-08-02,2367.7600
2011-08-03,2370.7400
2011-08-04,2246.3701
2011-08-05,2245.6799
2011-08-08,2103.8501
2011-08-09,2221.1001
2011-08-10,2179.4800
2011-08-11,2236.5300
2011-08-12,2262.2700
2011-08-15,2305.4099
2011-08-16,2308.8999
2011-08-17,2301.2900
2011-08-18,2227.3899
2011-08-19,2202.1299
2011-08-22,2230.4900
2011-08-23,2267.9900
2011-08-24,2248.1499
2011-08-25,2203.4500
2011-08-26,2232.8301
2011-08-29,2276.9900
2011-08-30,2283.1699
2011-08-31,2289.4900
2011-09-01,2290.8799
2011-09-02,2276.1101
2011-09-06,2241.9700
2011-09-07,2274.6699
2011-09-08,2254.9900
2011-09-09,2206.4500
2011-09-12,2189.5500
2011-09-13,2200.9500
2011-09-14,2219.3000
2011-09-15,2226.3301
2011-09-16,2237.8601
2011-09-19,2200.4199
2011-09-20,2218.8999
2011-09-21,2160.9600
2011-09-22,2071.9900
2011-09-23,2063.3601
2011-09-26,2086.2700
2011-09-27,2131.1299
2011-09-28,2073.3899
2011-09-29,2079.1201
2011-09-30,2050.4800
2011-10-03,2000.6200
2011-10-04,2018.0500
2011-10-05,2058.0701
2011-10-06,2110.6499
2011-10-07,2094.3000
2011-10-10,2141.0400
2011-10-11,2131.2500
2011-10-12,2139.0701
2011-10-13,2162.2300
2011-10-14,2186.5300
2011-10-17,2159.5200
2011-10-18,2186.7300
2011-10-19,2153.2400
2011-10-20,2164.2900
2011-10-21,2219.1599
2011-10-24,2237.9900
2011-10-25,2231.6599
2011-10-26,2275.7100
2011-10-27,2310.1899
2011-10-28,2337.5200
2011-10-31,2272.2000
2011-11-01,2233.4099
2011-11-02,2256.3999
2011-11-03,2300.3301
2011-11-04,2298.7200
2011-11-07,2311.8701
2011-11-08,2339.9299
2011-11-09,2261.0100
2011-11-10,2262.5300
2011-11-11,2305.6799
2011-11-14,2270.2100
2011-11-15,2287.1799
2011-11-16,2271.0000
2011-11-17,2236.5601
2011-11-18,2240.8701
2011-11-21,2187.8601
2011-11-22,2177.8799
2011-11-23,2119.3000
2011-11-25,2105.3301
2011-11-28,2168.9199
2011-11-29,2191.6799
2011-11-30,2276.8999
2011-12-01,2265.5300
2011-12-02,2252.3701
2011-12-05,2265.2700
2011-12-06,2272.8999
2011-12-07,2299.8101
2011-12-08,2273.0901
2011-12-09,2291.9099
2011-12-12,2257.8899
2011-12-13,2235.3000
2011-12-14,2213.6799
2011-12-15,2210.7100
2011-12-16,2204.9099
2011-12-19,2182.8000
2011-12-20,2230.7000
2011-12-21,2237.6299
2011-12-22,2246.2700
2011-12-23,2265.7000
2011-12-27,2265.6201
2011-12-28,2249.4500
2011-12-29,2266.1299
2011-12-30,2278.3301
2012-01-03,2322.7100
2012-01-04,2317.0300
2012-01-05,2304.5801
2012-01-06,2295.1101
2012-01-09,2297.6499
2012-01-10,2318.2100
2012-01-11,2279.6899
2012-01-12,2286.5300
2012-01-13,2264.9199
2012-01-17,2274.6299
2012-01-18,2289.4399
2012-01-19,2271.0500
2012-01-20,2299.4399
2012-01-23,2319.5000
2012-01-24,2313.4399
2012-01-25,2347.1001
2012-01-26,2353.2700
2012-01-27,2356.4199
2012-01-30,2354.1599
2012-01-31,2358.9700
2012-02-01,2392.0400
2012-02-02,2388.5500
2012-02-03,2417.8101
2012-02-06,2417.2700
2012-02-07,2432.7900
2012-02-08,2427.5100
2012-02-09,2436.6299
2012-02-10,2418.0601
2012-02-13,2431.7900
2012-02-14,2429.0601
2012-02-15,2419.9099
2012-02-16,2448.2400
2012-02-17,2441.2600
2012-02-21,2443.7600
2012-02-22,2450.3301
2012-02-23,2457.5801
2012-02-24,2469.6201
2012-02-27,2464.9099
2012-02-28,2474.5801
2012-02-29,2458.3101
2012-03-01,2483.7200
2012-03-02,2455.5000
2012-03-05,2437.7500
2012-03-06,2390.1101
2012-03-07,2382.6499
2012-03-08,2413.3301
2012-03-09,2422.5701
2012-03-12,2409.1899
2012-03-13,2437.8101
2012-03-14,2410.3899
2012-03-15,2415.3501
2012-03-16,2423.7500
2012-03-19,2437.2400
2012-03-20,2412.7000
2012-03-21,2419.6499
2012-03-22,2389.1499
2012-03-23,2407.1101
2012-03-26,2448.6499
2012-03-27,2432.7600
2012-03-28,2395.5000
2012-03-29,2404.3999
2012-03-30,2405.9199
2012-04-02,2461.5100
2012-04-03,2432.3501
2012-04-04,2385.1201
2012-04-05,2378.9199
2012-04-09,2366.5400
2012-04-10,2327.5200
2012-04-11,2342.3101
2012-04-12,2376.2300
2012-04-13,2353.3401
2012-04-16,2358.7600
2012-04-17,2387.5500
2012-04-18,2396.1101
2012-04-19,2401.2700
2012-04-20,2417.4800
2012-04-23,2401.8101
2012-04-24,2387.0601
2012-04-25,2406.2500
2012-04-26,2426.1399
2012-04-27,2434.8701
2012-04-30,2426.2600
2012-05-01,2438.0200
2012-05-02,2434.8301
2012-05-03,2422.2900
2012-05-04,2390.7400
2012-05-07,2388.1599
2012-05-08,2349.9299
2012-05-09,2334.2800
2012-05-10,2335.4299
2012-05-11,2328.3401
2012-05-14,2294.1699
2012-05-15,2274.5500
2012-05-16,2244.8201
2012-05-17,2220.3000
2012-05-18,2209.5500
2012-05-21,2240.0901
2012-05-22,2223.3501
2012-05-23,2217.8701
2012-05-24,2225.9299
2012-05-25,2227.3799
2012-05-29,2237.0400
2012-05-30,2195.8101
2012-05-31,2200.5200
2012-06-01,2175.9199
2012-06-04,2181.6799
2012-06-05,2211.6599
2012-06-06,2250.1299
2012-06-07,2253.1101
2012-06-08,2262.8899
2012-06-11,2240.2400
2012-06-12,2277.6101
2012-06-13,2274.3501
2012-06-14,2281.4099
2012-06-15,2288.5400
2012-06-18,2298.1001
2012-06-19,2332.6799
2012-06-20,2332.2700
2012-06-21,2267.3899
2012-06-22,2279.3201
2012-06-25,2251.6699
2012-06-26,2262.5901
2012-06-27,2278.6899
2012-06-28,2277.4099
2012-06-29,2327.8899
2012-07-02,2366.6699
2012-07-03,2400.5100
2012-07-05,2376.4399
2012-07-06,2368.3999
2012-07-09,2367.1001
2012-07-10,2357.5100
2012-07-11,2347.6499
2012-07-12,2339.8899
2012-07-13,2373.3999
2012-07-16,2376.0500
2012-07-17,2385.5400
2012-07-18,2396.0200
2012-07-19,2415.6799
2012-07-20,2380.7200
2012-07-23,2337.3501
2012-07-24,2317.4700
2012-07-25,2313.3999
2012-07-26,2357.7300
2012-07-27,2385.4199
2012-07-30,2396.8799
2012-07-31,2377.7000
2012-08-01,2386.6599
2012-08-02,2390.6299
2012-08-03,2424.5300
2012-08-06,2426.5801
2012-08-07,2432.3201
2012-08-08,2427.5601
2012-08-09,2439.3201
2012-08-10,2449.1201
2012-08-13,2439.2700
2012-08-14,2441.9199
2012-08-15,2420.8999
2012-08-16,2430.5300
2012-08-17,2424.6899
2012-08-20,2420.4600
2012-08-21,2428.7600
2012-08-22,2411.7900
2012-08-23,2415.6299
2012-08-24,2414.5400
2012-08-27,2412.6001
2012-08-28,2425.7200
2012-08-29,2411.3401
2012-08-30,2405.3301
2012-08-31,2416.5200
2012-09-04,2416.0500
2012-09-05,2404.8799
2012-09-06,2428.5500
2012-09-07,2426.1699
2012-09-10,2408.3601
2012-09-11,2436.9700
2012-09-12,2420.4900
2012-09-13,2467.9700
2012-09-14,2468.7700
2012-09-17,2457.8701
2012-09-18,2490.1499
2012-09-19,2488.8999
2012-09-20,2484.3401
2012-09-21,2487.2400
2012-09-24,2469.7800
2012-09-25,2451.3401
2012-09-26,2444.5000
2012-09-27,2461.5000
2012-09-28,2437.5100
2012-10-01,2452.7000
2012-10-02,2467.2700
2012-10-03,2463.9900
2012-10-04,2488.8701
2012-10-05,2485.3601
2012-10-08,2469.3401
2012-10-09,2431.9199
2012-10-10,2421.7700
2012-10-11,2431.6001
2012-10-12,2425.9700
2012-10-15,2439.7800
2012-10-16,2454.8701
2012-10-17,2463.5801
2012-10-18,2434.2600
2012-10-19,2408.6201
2012-10-22,2419.8701
2012-10-23,2384.0701
2012-10-24,2375.2800
2012-10-25,2388.1499
2012-10-26,2375.2800
2012-10-31,2359.2800
2012-11-01,2377.7100
2012-11-02,2358.7200
2012-11-05,2371.3999
2012-11-06,2398.3301
2012-11-07,2380.6799
2012-11-08,2382.3601
2012-11-09,2385.3999
2012-11-12,2386.0100
2012-11-13,2373.7900
2012-11-14,2316.1499
2012-11-15,2300.0901
2012-11-16,2315.3401
2012-11-19,2357.7400
2012-11-20,2353.6499
2012-11-21,2357.2400
2012-11-23,2386.8701
2012-11-26,2387.5601
2012-11-27,2385.4600
2012-11-28,2397.3899
2012-11-29,2406.1399
2012-11-30,2399.6499
2012-12-03,2405.6001
2012-12-04,2412.1799
2012-12-05,2397.3201
2012-12-06,2401.1499
2012-12-07,2398.2500
2012-12-10,2396.3701
2012-12-11,2392.0000
2012-12-12,2398.6101
2012-12-13,2381.2700
2012-12-14,2396.3799
2012-12-17,2381.6499
2012-12-18,2378.4800
2012-12-19,2348.7300
2012-12-20,2361.2000
2012-12-21,2352.1299
2012-12-24,2341.9600
2012-12-26,2333.9099
2012-12-27,2341.0701
2012-12-28,2324.1299
2012-12-31,2355.6599
2013-01-02,2377.9600
2013-01-03,2362.3301
2013-01-04,2388.6699
2013-01-07,2398.9399
2013-01-08,2399.3401
2013-01-09,2393.1499
2013-01-10,2411.2000
2013-01-11,2401.7200
2013-01-14,2398.3899
2013-01-15,2402.9199
2013-01-16,2393.1001
2013-01-17,2393.7200
2013-01-18,2391.4399
2013-01-22,2413.1899
2013-01-23,2399.6499
2013-01-24,2408.8201
2013-01-25,2412.9600
2013-01-28,2400.3701
2013-01-29,2414.8201
2013-01-30,2407.2600
2013-01-31,2415.0000
2013-02-01,2430.4299
2013-02-04,2408.3501
2013-02-05,2414.4199
2013-02-06,2413.7600
2013-02-07,2395.0100
2013-02-08,2409.9399
2013-02-11,2392.5801
2013-02-12,2399.8999
2013-02-13,2403.4700
2013-02-14,2393.8000
2013-02-15,2388.2400
2013-02-19,2396.6899
2013-02-20,2389.4900
2013-02-21,2381.9199
2013-02-22,2394.3000
2013-02-25,2349.5801
2013-02-26,2358.8301
2013-02-27,2371.2300
2013-02-28,2363.8301
2013-03-01,2379.0801
2013-03-04,2400.5801
2013-03-05,2405.8701
2013-03-06,2395.7600
2013-03-07,2400.8101
2013-03-08,2413.1899
2013-03-11,2432.3401
2013-03-12,2428.9500
2013-03-13,2377.5200
2013-03-14,2384.0300
2013-03-15,2404.2100
2013-03-18,2391.8501
2013-03-19,2398.3899
2013-03-20,2409.0300
2013-03-21,2397.7600
2013-03-22,2404.9299
2013-03-25,2403.5701
2013-03-26,2400.6699
2013-03-27,2401.1201
2013-03-28,2406.1799
2013-04-01,2400.7400
2013-04-02,2403.4500
2013-04-03,2376.9500
2013-04-04,2384.5801
2013-04-05,2381.6799
2013-04-08,2389.2500
2013-04-09,2400.5500
2013-04-10,2411.4399
2013-04-11,2420.7700
2013-04-12,2406.8501
2013-04-15,2347.7500
2013-04-16,2357.1599
2013-04-17,2324.9199
2013-04-18,2314.5400
2013-04-19,2329.4500
2013-04-22,2327.8000
2013-04-23,2348.5000
2013-04-24,2365.5901
2013-04-25,2400.7400
2013-04-26,2398.1299
2013-04-29,2411.8999
2013-04-30,2409.3999
2013-05-01,2401.3000
2013-05-02,2420.2800
2013-05-03,2431.0300
2013-05-06,2430.8301
2013-05-07,2422.0400
2013-05-08,2451.3301
2013-05-09,2432.9900
2013-05-10,2440.1299
2013-05-13,2436.8101
2013-05-14,2434.2400
2013-05-15,2430.8501
2013-05-16,2427.4700
2013-05-17,2426.6899
2013-05-20,2444.9900
2013-05-21,2435.3401
2013-05-22,2400.4800
2013-05-23,2407.4900
2013-05-24,2402.4199
2013-05-28,2421.0000
2013-05-29,2398.9700
2013-05-30,2402.5801
2013-05-31,2364.9900
2013-06-03,2383.3799
2013-06-04,2380.1899
2013-06-05,2347.2400
2013-06-06,2359.1499
2013-06-07,2362.6201
2013-06-10,2363.2600
2013-06-11,2341.9399
2013-06-12,2332.2800
2013-06-13,2351.2400
2013-06-14,2337.2200
2013-06-17,2349.4600
2013-06-18,2349.1799
2013-06-19,2320.0000
2013-06-20,2236.1799
2013-06-21,2238.9500
2013-06-24,2202.4099
2013-06-25,2224.1101
2013-06-26,2242.7800
2013-06-27,2255.6001
2013-06-28,2245.7300
2013-07-01,2281.6399
2013-07-02,2271.5801
2013-07-03,2267.1201
2013-07-05,2274.4099
2013-07-08,2297.9399
2013-07-09,2307.5200
2013-07-10,2297.0701
2013-07-11,2339.7000
2013-07-12,2330.0701
2013-07-15,2340.9500
2013-07-16,2343.3000
2013-07-17,2349.0801
2013-07-18,2363.9700
2013-07-19,2353.8701
2013-07-22,2369.6001
2013-07-23,2369.2200
2013-07-24,2345.1599
2013-07-25,2353.7300
2013-07-26,2353.4900
2013-07-29,2350.7200
2013-07-30,2348.5500
2013-07-31,2356.3899
2013-08-01,2366.4099
2013-08-02,2363.3301
2013-08-05,2351.3201
2013-08-06,2341.8401
2013-08-07,2319.0100
2013-08-08,2343.9600
2013-08-09,2336.6699
2013-08-12,2338.4099
2013-08-13,2338.6499
2013-08-14,2341.8999
2013-08-15,2341.2000
2013-08-16,2341.5801
2013-08-19,2325.0701
2013-08-20,2342.5801
2013-08-21,2299.3799
2013-08-22,2309.9299
2013-08-23,2329.2300
2013-08-26,2321.8000
2013-08-27,2295.5200
2013-08-28,2283.3501
2013-08-29,2288.1499
2013-08-30,2275.1001
2013-09-03,2290.5601
2013-09-04,2298.5500
2013-09-05,2296.0400
2013-09-06,2309.5601
2013-09-09,2333.0601
2013-09-10,2338.5100
2013-09-11,2348.9099
2013-09-12,2332.5400
2013-09-13,2347.7400
2013-09-16,2359.6499
2013-09-17,2370.2400
2013-09-18,2405.8201
2013-09-19,2404.7500
2013-09-20,2377.3301
2013-09-23,2378.2100
2013-09-24,2368.3501
2013-09-25,2369.4700
2013-09-26,2385.7500
2013-09-27,2382.1599
2013-09-30,2363.2900
2013-10-01,2348.7600
2013-10-02,2339.7600
2013-10-03,2328.4399
2013-10-04,2329.4800
2013-10-07,2329.6799
2013-10-08,2309.8501
2013-10-09,2295.6101
2013-10-10,2336.3999
2013-10-11,2340.3101
2013-10-14,2348.2300
2013-10-15,2335.5901
2013-10-16,2352.1899
2013-10-17,2410.0400
2013-10-18,2413.5500
2013-10-21,2423.2200
2013-10-22,2453.3899
2013-10-23,2436.4900
2013-10-24,2444.2000
2013-10-25,2456.6201
2013-10-28,2466.5100
2013-10-29,2464.7100
2013-10-30,2445.0000
2013-10-31,2444.2300
2013-11-01,2428.8301
2013-11-04,2429.5100
2013-11-05,2435.0200
2013-11-06,2443.3799
2013-11-07,2403.2500
2013-11-08,2422.9800
2013-11-11,2421.5901
2013-11-12,2400.7300
2013-11-13,2416.3101
2013-11-14,2426.5200
2013-11-15,2435.3701
2013-11-18,2427.8799
2013-11-19,2417.1499
2013-11-20,2398.4500
2013-11-21,2387.4600
2013-11-22,2389.7000
2013-11-25,2378.7200
2013-11-26,2371.8000
2013-11-27,2371.4600
2013-11-29,2387.1499
2013-12-02,2364.3899
2013-12-03,2362.9700
2013-12-04,2374.0200
2013-12-05,2379.1101
2013-12-06,2386.8501
2013-12-09,2381.5300
2013-12-10,2379.0400
2013-12-11,2359.6599
2013-12-12,2336.4700
2013-12-13,2333.9099
2013-12-16,2346.0701
2013-12-17,2337.9199
2013-12-18,2369.5601
2013-12-19,2366.2400
2013-12-20,2369.3301
2013-12-23,2385.3701
2013-12-24,2400.0400
2013-12-26,2412.4600
2013-12-27,2419.5200
2013-12-30,2405.7400
2013-12-31,2426.2000
2014-01-02,2403.3401
2014-01-03,2397.6201
2014-01-06,2391.8301
2014-01-07,2396.8401
2014-01-08,2382.0000
2014-01-09,2377.5500
2014-01-10,2375.5000
2014-01-13,2340.4299
2014-01-14,2354.9099
2014-01-15,2363.9099
2014-01-16,2378.1599
2014-01-17,2374.2600
2014-01-21,2416.4600
2014-01-22,2424.0300
2014-01-23,2407.2300
2014-01-24,2354.0701
2014-01-27,2329.1101
2014-01-28,2334.3501
2014-01-29,2300.1101
2014-01-30,2294.8301
2014-01-31,2287.5400
2014-02-03,2260.1201
2014-02-04,2270.8000
2014-02-05,2258.0801
2014-02-06,2278.9700
2014-02-07,2299.3401
2014-02-10,2310.7100
2014-02-11,2340.1899
2014-02-12,2356.3799
2014-02-13,2398.8701
2014-02-14,2415.4199
2014-02-18,2452.8601
2014-02-19,2433.5200
2014-02-20,2456.4299
2014-02-21,2450.3201
2014-02-24,2475.6799
2014-02-25,2470.0500
2014-02-26,2459.2200
2014-02-27,2492.7100
2014-02-28,2510.9800
2014-03-03,2509.0000
2014-03-04,2535.3799
2014-03-05,2566.2800
2014-03-06,2580.2600
2014-03-07,2562.7100
2014-03-10,2564.2500
2014-03-11,2542.8401
2014-03-12,2513.5400
2014-03-13,2504.9900
2014-03-14,2521.5901
2014-03-17,2519.4800
2014-03-18,2532.5200
2014-03-19,2503.9900
2014-03-20,2505.9600
2014-03-21,2506.7000
2014-03-24,2498.9500
2014-03-25,2518.3000
2014-03-26,2501.0901
2014-03-27,2520.0200
2014-03-28,2551.8301
2014-03-31,2563.3101
2014-04-01,2573.2700
2014-04-02,2572.4199
2014-04-03,2561.2500
2014-04-04,2560.4800
2014-04-07,2538.2500
2014-04-08,2590.7700
2014-04-09,2620.7200
2014-04-10,2597.9600
2014-04-11,2578.8799
2014-04-14,2601.1399
2014-04-15,2586.9199
2014-04-16,2594.3501
2014-04-17,2593.8999
2014-04-21,2609.0701
2014-04-22,2615.3201
2014-04-23,2609.8601
2014-04-24,2619.1299
2014-04-25,2613.5701
2014-04-28,2615.2000
2014-04-29,2635.9099
2014-04-30,2612.5200
2014-05-01,2631.8000
2014-05-02,2613.7400
2014-05-05,2616.8401
2014-05-06,2611.2500
2014-05-07,2620.7400
2014-05-08,2612.8899
2014-05-09,2596.4099
2014-05-12,2633.3799
2014-05-13,2630.7600
2014-05-14,2628.2800
2014-05-15,2618.0601
2014-05-16,2649.7400
2014-05-19,2654.3401
2014-05-20,2641.0500
2014-05-21,2685.8999
2014-05-22,2676.0801
2014-05-23,2663.9299
2014-05-27,2672.3401
2014-05-28,2661.1001
2014-05-29,2701.2000
2014-05-30,2727.3000
2014-06-02,2711.2800
2014-06-03,2707.7500
2014-06-04,2707.4500
2014-06-05,2705.1699
2014-06-06,2713.1399
2014-06-09,2715.3799
2014-06-10,2721.7000
2014-06-11,2732.7100
2014-06-12,2743.3799
2014-06-13,2752.6699
2014-06-16,2764.2300
2014-06-17,2771.1799
2014-06-18,2790.8301
2014-06-19,2812.1799
2014-06-20,2820.7300
2014-06-23,2799.0200
2014-06-24,2772.8000
2014-06-25,2767.0901
2014-06-26,2772.7600
2014-06-27,2775.3899
2014-06-30,2778.8799
2014-07-01,2802.2900
2014-07-02,2819.0500
2014-07-03,2833.4399
2014-07-07,2822.2100
2014-07-08,2810.7800
2014-07-09,2822.0701
2014-07-10,2798.9600
2014-07-11,2797.8701
2014-07-14,2817.7300
2014-07-15,2774.9399
2014-07-16,2772.3401
2014-07-17,2773.3899
2014-07-18,2800.0400
2014-07-21,2775.4199
2014-07-22,2789.0400
2014-07-23,2801.7600
2014-07-24,2799.2500
2014-07-25,2788.3101
2014-07-28,2778.7500
2014-07-29,2774.2100
2014-07-30,2749.6899
2014-07-31,2706.9199
2014-08-01,2678.4900
2014-08-04,2685.9199
2014-08-05,2668.9500
2014-08-06,2681.4099
2014-08-07,2661.7500
2014-08-08,2676.6799
2014-08-11,2684.6201
2014-08-12,2687.4399
2014-08-13,2690.1299
2014-08-14,2704.6399
2014-08-15,2714.2600
2014-08-18,2740.4700
2014-08-19,2751.8799
2014-08-20,2723.9299
2014-08-21,2727.2000
2014-08-22,2719.6201
2014-08-25,2737.8101
2014-08-26,2744.4600
2014-08-27,2757.9900
2014-08-28,2760.0901
2014-08-29,2784.0801
2014-09-02,2766.9399
2014-09-03,2771.4700
2014-09-04,2752.4800
2014-09-05,2760.6699
2014-09-08,2727.8899
2014-09-09,2719.5000
2014-09-10,2743.3701
2014-09-11,2737.6299
2014-09-12,2731.3799
2014-09-15,2724.7700
2014-09-16,2737.7800
2014-09-17,2732.3401
2014-09-18,2738.2400
2014-09-19,2724.9700
2014-09-22,2683.1599
2014-09-23,2656.6399
2014-09-24,2671.8401
2014-09-25,2628.8899
2014-09-26,2635.8701
2014-09-29,2638.8899
2014-09-30,2605.6599
2014-10-01,2585.5801
2014-10-02,2579.3401
2014-10-03,2563.0400
2014-10-06,2573.7500
2014-10-07,2534.9399
2014-10-08,2566.9500
2014-10-09,2508.2300
2014-10-10,2482.0500
2014-10-13,2457.4800
2014-10-14,2439.5601
2014-10-15,2462.5901
2014-10-16,2494.2400
2014-10-17,2530.4299
2014-10-20,2536.4500
2014-10-21,2564.7200
2014-10-22,2484.6299
2014-10-23,2502.5400
2014-10-24,2508.0100
2014-10-27,2497.5901
2014-10-28,2542.8301
2014-10-29,2536.3601
2014-10-30,2530.7800
2014-10-31,2577.4600
2014-11-03,2554.7300
2014-11-04,2542.8401
2014-11-05,2559.8799
2014-11-06,2561.6899
2014-11-07,2584.6499
2014-11-10,2583.8301
2014-11-11,2596.9299
2014-11-12,2588.9800
2014-11-13,2583.2300
2014-11-14,2584.2600
2014-11-17,2598.7400
2014-11-18,2597.7700
2014-11-19,2599.9099
2014-11-20,2609.2300
2014-11-21,2621.6201
2014-11-24,2616.2700
2014-11-25,2624.2000
2014-11-26,2619.7600
2014-11-28,2544.4700
2014-12-01,2543.0400
2014-12-02,2557.6499
2014-12-03,2588.7200
2014-12-04,2578.1899
2014-12-05,2564.6299
2014-12-08,2497.8000
2014-12-09,2496.2000
2014-12-10,2446.6399
2014-12-11,2416.3401
2014-12-12,2371.2000
2014-12-15,2325.9199
2014-12-16,2353.8301
2014-12-17,2391.7000
2014-12-18,2453.4199
2014-12-19,2466.1599
2014-12-22,2464.2600
2014-12-23,2465.0500
2014-12-24,2476.1599
2014-12-26,2484.6799
2014-12-29,2474.9299
2014-12-30,2450.5200
2014-12-31,2444.3301
2015-01-02,2427.9600
2015-01-05,2379.4199
2015-01-06,2355.6499
2015-01-07,2362.4800
2015-01-08,2398.9199
2015-01-09,2390.3101
2015-01-12,2377.1599
2015-01-13,2384.4199
2015-01-14,2384.4099
2015-01-15,2392.0801
2015-01-16,2426.9099
2015-01-20,2423.3000
2015-01-21,2441.6201
2015-01-22,2454.9600
2015-01-23,2453.7600
2015-01-26,2472.8401
2015-01-27,2484.1299
2015-01-28,2441.5200
2015-01-29,2451.9600
2015-01-30,2432.0500
2015-02-02,2468.3301
2015-02-03,2499.1599
2015-02-04,2470.6399
2015-02-05,2488.3301
2015-02-06,2452.2900
2015-02-09,2434.4199
2015-02-10,2445.7800
2015-02-11,2444.1899
2015-02-12,2475.0300
2015-02-13,2468.2500
2015-02-17,2490.1699
2015-02-18,2472.0500
2015-02-19,2471.8101
2015-02-20,2467.9099
2015-02-23,2486.6201
2015-02-24,2505.1899
2015-02-25,2515.3000
2015-02-26,2521.1101
2015-02-27,2522.3701
2015-03-02,2507.3000
2015-03-03,2519.9299
2015-03-04,2510.0601
2015-03-05,2523.5000
2015-03-06,2463.1899
2015-03-09,2445.1499
2015-03-10,2394.2300
2015-03-11,2377.9800
2015-03-12,2394.8401
2015-03-13,2375.3401
2015-03-16,2402.7000
2015-03-17,2409.1599
2015-03-18,2440.2700
2015-03-19,2400.8401
2015-03-20,2442.3799
2015-03-23,2465.7300
2015-03-24,2453.8501
2015-03-25,2434.0300
2015-03-26,2426.0000
2015-03-27,2411.6499
2015-03-30,2423.7600
2015-03-31,2379.6201
2015-04-01,2404.5200
2015-04-02,2429.6299
2015-04-06,2441.9600
2015-04-07,2445.8401
2015-04-08,2441.0500
2015-04-09,2452.1899
2015-04-10,2469.7500
2015-04-13,2453.1699
2015-04-14,2480.9299
2015-04-15,2500.9199
2015-04-16,2532.3000
2015-04-17,2517.2500
2015-04-20,2527.4299
2015-04-21,2522.9299
2015-04-22,2534.8601
2015-04-23,2550.5300
2015-04-24,2541.0300
2015-04-27,2533.5200
2015-04-28,2534.4199
2015-04-29,2509.9600
2015-04-30,2485.2300
2015-05-01,2491.1399
2015-05-04,2486.5000
2015-05-05,2443.8501
2015-05-06,2437.8701
2015-05-07,2443.6001
2015-05-08,2480.3899
2015-05-11,2474.1399
2015-05-12,2462.6899
2015-05-13,2465.5701
2015-05-14,2482.4299
2015-05-15,2482.9500
2015-05-18,2469.8201
2015-05-19,2459.4199
2015-05-20,2472.1599
2015-05-21,2488.0300
2015-05-22,2460.8000
2015-05-26,2426.9500
2015-05-27,2444.5000
2015-05-28,2450.9900
2015-05-29,2429.4700
2015-06-01,2410.8201
2015-06-02,2400.3501
2015-06-03,2398.1499
2015-06-04,2378.5000
2015-06-05,2350.5801
2015-06-08,2343.2600
2015-06-09,2352.3000
2015-06-10,2375.5000
2015-06-11,2378.9800
2015-06-12,2363.7400
2015-06-15,2356.2100
2015-06-16,2389.4700
2015-06-17,2405.4099
2015-06-18,2425.8401
2015-06-19,2414.1201
2015-06-22,2437.3301
2015-06-23,2443.3000
2015-06-24,2438.0601
2015-06-25,2425.8201
2015-06-26,2423.2900
2015-06-29,2361.3000
2015-06-30,2355.5300
2015-07-01,2357.3601
2015-07-02,2362.3501
2015-07-06,2337.6699
2015-07-07,2340.3201
2015-07-08,2315.6599
2015-07-09,2315.2900
2015-07-10,2367.2600
2015-07-13,2371.2100
2015-07-14,2394.5100
2015-07-15,2378.3401
2015-07-16,2388.1699
2015-07-17,2373.9600
2015-07-20,2349.6201
2015-07-21,2356.0701
2015-07-22,2335.6899
2015-07-23,2309.6001
2015-07-24,2291.4199
2015-07-27,2273.8701
2015-07-28,2311.6299
2015-07-29,2362.6599
2015-07-30,2399.1399
2015-07-31,2419.6899
2015-08-03,2388.4099
2015-08-04,2394.5901
2015-08-05,2393.6299
2015-08-06,2395.0300
2015-08-07,2387.9600
2015-08-10,2425.5100
2015-08-11,2404.6201
2015-08-12,2396.3501
2015-08-13,2375.3999
2015-08-14,2381.8501
2015-08-17,2378.5000
2015-08-18,2367.2400
2015-08-19,2317.7400
2015-08-20,2281.4700
2015-08-21,2235.5500
2015-08-24,2153.1101
2015-08-25,2135.0200
2015-08-26,2167.8701
2015-08-27,2205.4900
2015-08-28,2230.1299
2015-08-31,2225.4500
2015-09-01,2164.2000
2015-09-02,2179.2000
2015-09-03,2177.2300
2015-09-04,2144.0200
2015-09-08,2183.2400
2015-09-09,2160.2900
2015-09-10,2172.1201
2015-09-11,2162.0701
2015-09-14,2152.7400
2015-09-15,2165.9399
2015-09-16,2222.8601
2015-09-17,2231.3899
2015-09-18,2228.2700
2015-09-21,2221.1001
2015-09-22,2174.7400
2015-09-23,2154.0200
2015-09-24,2175.4099
2015-09-25,2173.2100
2015-09-28,2130.6699
2015-09-29,2131.4600
2015-09-30,2173.1699
2015-10-01,2161.4800
2015-10-02,2212.0100
2015-10-05,2231.5200
2015-10-06,2253.5300
2015-10-07,2282.9399
2015-10-08,2308.2200
2015-10-09,2317.1799
2015-10-12,2302.8999
2015-10-13,2281.7700
2015-10-14,2294.3899
2015-10-15,2331.4299
2015-10-16,2329.2000
2015-10-19,2311.9600
2015-10-20,2306.3501
2015-10-21,2287.1201
2015-10-22,2307.3401
2015-10-23,2304.9600
2015-10-26,2295.8501
2015-10-27,2267.5701
2015-10-28,2316.6399
2015-10-29,2312.5000
2015-10-30,2304.5601
2015-11-02,2302.3999
2015-11-03,2320.9600
2015-11-04,2311.7000
2015-11-05,2294.2100
2015-11-06,2253.7000
2015-11-09,2230.5000
2015-11-10,2233.0400
2015-11-11,2224.1799
2015-11-12,2192.2600
2015-11-13,2186.5701
2015-11-16,2231.4600
2015-11-17,2231.4900
2015-11-18,2249.2700
2015-11-19,2263.8501
2015-11-20,2247.0801
2015-11-23,2245.8799
2015-11-24,2260.8301
2015-11-25,2266.5500
2015-11-27,2263.1699
2015-11-30,2254.2900
2015-12-01,2270.5801
2015-12-02,2237.4900
2015-12-03,2218.0100
2015-12-04,2221.7300
2015-12-07,2193.0100
2015-12-08,2177.0300
2015-12-09,2169.8301
2015-12-10,2158.4500
2015-12-11,2105.0100
2015-12-14,2109.8601
2015-12-15,2124.4399
2015-12-16,2153.0500
2015-12-17,2118.3401
2015-12-18,2104.9700
2015-12-21,2107.1599
2015-12-22,2124.0901
2015-12-23,2177.5300
2015-12-24,2178.6499
2015-12-28,2165.9299
2015-12-29,2176.9500
2015-12-30,2162.2900
2015-12-31,2149.1499
2016-01-04,2121.2700
2016-01-05,2125.2500
2016-01-06,2099.4700
2016-01-07,2050.7800
2016-01-08,2027.3600
2016-01-11,2023.8300
2016-01-12,2026.4100
2016-01-13,1990.2800
2016-01-14,2002.4000
2016-01-15,1949.4600
2016-01-19,1936.6500
2016-01-20,1914.1300
2016-01-21,1929.2100
2016-01-22,1983.0800
2016-01-25,1950.5699
2016-01-26,1992.5500
2016-01-27,1996.8000
2016-01-28,2041.8600
2016-01-29,2085.2200
2016-02-01,2079.1001
2016-02-02,2051.3000
2016-02-03,2083.4600
2016-02-04,2075.5400
2016-02-05,2046.2900
2016-02-08,2038.3400
2016-02-09,2032.7500
2016-02-10,2004.4800
2016-02-11,2004.6100
2016-02-12,2035.2100
2016-02-16,2054.3899
2016-02-17,2093.5400
2016-02-18,2085.4600
2016-02-19,2077.6799
2016-02-22,2080.0000
2016-02-23,2065.3601
2016-02-24,2079.2500
2016-02-25,2103.3201
2016-02-26,2101.9500
2016-02-29,2111.8701
2016-03-01,2148.0300
2016-03-02,2160.9299
2016-03-03,2181.3899
2016-03-04,2220.1799
2016-03-07,2224.2800
2016-03-08,2196.6101
2016-03-09,2211.0000
2016-03-10,2199.9600
2016-03-11,2246.4600
2016-03-14,2239.5100
2016-03-15,2243.1101
2016-03-16,2229.9199
2016-03-17,2264.8501
2016-03-18,2231.9900
2016-03-21,2225.6001
2016-03-22,2213.9900
2016-03-23,2189.9299
2016-03-24,2188.9299
2016-03-28,2195.9399
2016-03-29,2216.6201
2016-03-30,2242.8301
2016-03-31,2243.2400
2016-04-01,2233.3999
2016-04-04,2226.2100
2016-04-05,2218.7800
2016-04-06,2229.7900
2016-04-07,2217.8601
2016-04-08,2249.8501
2016-04-11,2258.6399
2016-04-12,2280.7400
2016-04-13,2280.0200
2016-04-14,2285.4299
2016-04-15,2293.9500
2016-04-18,2323.0801
2016-04-19,2351.4600
2016-04-20,2346.3601
2016-04-21,2298.7600
2016-04-22,2309.5500
2016-04-25,2322.6299
2016-04-26,2336.7900
2016-04-27,2345.7600
2016-04-28,2352.7300
2016-04-29,2358.5901
2016-05-02,2360.2900
2016-05-03,2323.6799
2016-05-04,2301.2800
2016-05-05,2310.7800
2016-05-06,2318.2900
2016-05-09,2296.0400
2016-05-10,2331.0300
2016-05-11,2324.1399
2016-05-12,2315.5701
2016-05-13,2299.6399
2016-05-16,2340.7700
2016-05-17,2319.8101
2016-05-18,2307.0100
2016-05-19,2287.9900
2016-05-20,2293.5100
2016-05-23,2286.6399
2016-05-24,2313.4900
2016-05-25,2333.1499
2016-05-26,2332.0300
2016-05-27,2328.9900
2016-05-31,2310.5200
2016-06-01,2300.7900
2016-06-02,2301.2000
2016-06-03,2324.3401
2016-06-06,2343.3201
2016-06-07,2367.7000
2016-06-08,2370.5000
2016-06-09,2361.1599
2016-06-10,2303.4099
2016-06-13,2271.7700
2016-06-14,2240.0500
2016-06-15,2247.8301
2016-06-16,2271.9700
2016-06-17,2278.2900
2016-06-20,2337.7600
2016-06-21,2347.4399
2016-06-22,2348.7700
2016-06-23,2386.1299
2016-06-24,2279.7600
2016-06-27,2252.6799
2016-06-28,2312.2100
2016-06-29,2369.2200
2016-06-30,2412.2200
2016-07-01,2426.3401
2016-07-05,2432.6799
2016-07-06,2405.9199
2016-07-07,2394.5801
2016-07-08,2401.9800
2016-07-11,2416.5000
2016-07-12,2422.4099
2016-07-13,2414.6399
2016-07-14,2421.7300
2016-07-15,2423.0701
2016-07-18,2423.8601
2016-07-19,2401.5901
2016-07-20,2402.3401
2016-07-21,2398.5300
2016-07-22,2406.2100
2016-07-25,2384.2300
2016-07-26,2381.7100
2016-07-27,2380.7600
2016-07-28,2396.2200
2016-07-29,2417.3999
2016-08-01,2386.2100
2016-08-02,2404.4099
2016-08-03,2391.5901
2016-08-04,2401.4299
2016-08-05,2400.2700
2016-08-08,2395.6101
2016-08-09,2401.6699
2016-08-10,2413.0500
2016-08-11,2447.7800
2016-08-12,2446.9600
2016-08-15,2450.7700
2016-08-16,2461.7100
2016-08-17,2449.8301
2016-08-18,2448.4199
2016-08-19,2441.1899
2016-08-22,2448.7400
2016-08-23,2443.6699
2016-08-24,2422.2200
2016-08-25,2421.0400
2016-08-26,2405.4399
2016-08-29,2405.9500
2016-08-30,2386.9900
2016-08-31,2374.7200
2016-09-01,2390.5500
2016-09-02,2451.7000
2016-09-06,2459.6899
2016-09-07,2463.4900
2016-09-08,2449.7400
2016-09-09,2377.0901
2016-09-12,2412.8401
2016-09-13,2363.6101
2016-09-14,2354.5000
2016-09-15,2376.3701
2016-09-16,2355.1799
2016-09-19,2365.3401
2016-09-20,2375.6101
2016-09-21,2400.6201
2016-09-22,2427.1001
2016-09-23,2420.5701
2016-09-26,2403.9299
2016-09-27,2406.3401
2016-09-28,2441.3799
2016-09-29,2426.9700
2016-09-30,2434.9900
2016-10-03,2431.0500
2016-10-04,2415.4099
2016-10-05,2391.6699
2016-10-06,2372.0000
2016-10-07,2352.2500
2016-10-10,2359.9399
2016-10-11,2331.9500
2016-10-12,2330.6599
2016-10-13,2346.4199
2016-10-14,2325.0500
2016-10-17,2309.7900
2016-10-18,2326.4399
2016-10-19,2326.7000
2016-10-20,2328.1201
2016-10-21,2274.9099
2016-10-24,2283.9900
2016-10-25,2283.4199
2016-10-26,2241.2100
2016-10-27,2248.2400
2016-10-28,2256.3301
2016-10-31,2262.7700
2016-11-01,2247.6001
2016-11-02,2224.4600
2016-11-03,2235.1001
2016-11-04,2219.5100
2016-11-07,2239.1599
2016-11-08,2247.6799
2016-11-09,2237.5601
2016-11-10,2163.3301
2016-11-11,2172.2000
2016-11-14,2153.4199
2016-11-15,2189.8000
2016-11-16,2179.5901
2016-11-17,2185.6599
2016-11-18,2194.6799
2016-11-21,2228.4600
2016-11-22,2233.5200
2016-11-23,2222.8201
2016-11-25,2239.5601
2016-11-28,2237.6799
2016-11-29,2238.8401
2016-11-30,2241.6899
2016-12-01,2229.9500
2016-12-02,2249.3701
2016-12-05,2263.0701
2016-12-06,2274.3899
2016-12-07,2286.5500
2016-12-08,2284.7900
2016-12-09,2296.7300
2016-12-12,2300.4399
2016-12-13,2325.3899
2016-12-14,2293.8101
2016-12-15,2294.3401
2016-12-16,2310.3000
2016-12-19,2309.2800
2016-12-20,2309.5500
2016-12-21,2308.3899
2016-12-22,2301.4800
2016-12-23,2302.3501
2016-12-27,2309.8000
2016-12-28,2295.0801
2016-12-29,2312.9399
2016-12-30,2308.0300
2017-01-03,2325.1299
2017-01-04,2334.2600
2017-01-05,2339.1201
2017-01-06,2333.5500
2017-01-09,2335.0801
2017-01-10,2333.8301
2017-01-11,2347.1001
2017-01-12,2344.3899
2017-01-13,2352.6899
2017-01-17,2330.6399
2017-01-18,2327.2800
2017-01-19,2347.9600
2017-01-20,2359.4199
2017-01-23,2377.1499
2017-01-24,2405.8999
2017-01-25,2453.3601
2017-01-26,2458.2500
2017-01-27,2455.3701
2017-01-30,2417.5200
2017-01-31,2436.1899
2017-02-01,2433.5701
2017-02-02,2440.9399
2017-02-03,2465.1399
2017-02-06,2461.0500
2017-02-07,2459.9099
2017-02-08,2467.2200
2017-02-09,2469.8000
2017-02-10,2472.2600
2017-02-13,2462.8799
2017-02-14,2453.0400
2017-02-15,2463.0200
2017-02-16,2470.2500
2017-02-17,2467.9500
2017-02-21,2478.2700
2017-02-22,2472.8999
2017-02-23,2499.8501
2017-02-24,2484.4600
2017-02-27,2490.9700
2017-02-28,2471.0801
2017-03-01,2486.4299
2017-03-02,2459.9800
2017-03-03,2454.0701
2017-03-06,2443.8501
2017-03-07,2438.9099
2017-03-08,2409.3501
2017-03-09,2405.6101
2017-03-10,2415.5801
2017-03-13,2428.8999
2017-03-14,2412.0200
2017-03-15,2421.7400
2017-03-16,2445.2900
2017-03-17,2464.2600
2017-03-20,2463.9099
2017-03-21,2458.3401
2017-03-22,2456.6399
2017-03-23,2465.6799
2017-03-24,2480.4900
2017-03-27,2487.5300
2017-03-28,2489.4800
2017-03-29,2506.7200
2017-03-30,2498.2700
2017-03-31,2510.9199
2017-04-03,2499.4299
2017-04-04,2510.0500
2017-04-05,2506.8999
2017-04-06,2508.0400
2017-04-07,2510.5801
2017-04-10,2526.0200
2017-04-11,2547.3701
2017-04-12,2553.4800
2017-04-13,2526.8401
2017-04-17,2545.0500
2017-04-18,2540.3799
2017-04-19,2508.3101
2017-04-20,2523.4800
2017-04-21,2513.6499
2017-04-24,2559.0500
2017-04-25,2562.8301
2017-04-26,2554.4700
2017-04-27,2530.2100
2017-04-28,2529.3601
2017-05-01,2517.7600
2017-05-02,2528.3201
2017-05-03,2515.5000
2017-05-04,2501.1499
2017-05-05,2528.1201
2017-05-08,2543.6599
2017-05-09,2538.4099
2017-05-10,2551.9700
2017-05-11,2547.0901
2017-05-12,2572.7300
2017-05-15,2583.0500
2017-05-16,2606.4900
2017-05-17,2587.6699
2017-05-18,2560.3501
2017-05-19,2596.2900
2017-05-22,2609.4700
2017-05-23,2589.2000
2017-05-24,2602.2100
2017-05-25,2610.8101
2017-05-26,2618.7300
2017-05-30,2603.8999
2017-05-31,2610.4500
2017-06-01,2620.6799
2017-06-02,2635.3999
2017-06-05,2632.9399
2017-06-06,2648.0601
2017-06-07,2639.1899
2017-06-08,2616.3899
2017-06-09,2580.4700
2017-06-12,2586.6899
2017-06-13,2587.0400
2017-06-14,2594.7700
2017-06-15,2586.8601
2017-06-16,2621.7500
2017-06-19,2629.9600
2017-06-20,2594.3899
2017-06-21,2590.4199
2017-06-22,2573.5300
2017-06-23,2589.5100
2017-06-26,2583.8000
2017-06-27,2568.0400
2017-06-28,2586.5500
2017-06-29,2551.1201
2017-06-30,2555.3799
2017-07-03,2552.2000
2017-07-05,2534.9600
2017-07-06,2504.2500
2017-07-07,2505.5200
2017-07-10,2489.8899
2017-07-11,2497.2300
2017-07-12,2547.1899
2017-07-13,2544.5200
2017-07-14,2569.8701
2017-07-17,2561.1499
2017-07-18,2539.7200
2017-07-19,2578.5701
2017-07-20,2585.9399
2017-07-21,2613.6101
2017-07-24,2564.1799
2017-07-25,2575.5801
2017-07-26,2587.4700
2017-07-27,2568.5400
2017-07-28,2562.0100
2017-07-31,2551.5801
2017-08-01,2553.4600
2017-08-02,2559.2600
2017-08-03,2545.8899
2017-08-04,2547.7600
2017-08-07,2536.2100
2017-08-08,2530.9399
2017-08-09,2526.2300
2017-08-10,2491.4900
2017-08-11,2506.7200
2017-08-14,2508.5300
2017-08-15,2490.6001
2017-08-16,2501.3899
2017-08-17,2481.1299
2017-08-18,2494.0100
2017-08-21,2474.8000
2017-08-22,2488.8201
2017-08-23,2501.3701
2017-08-24,2515.5701
2017-08-25,2514.4399
2017-08-28,2520.8701
2017-08-29,2518.4900
2017-08-30,2515.8799
2017-08-31,2545.2500
2017-09-01,2579.2500
2017-09-05,2578.0000
2017-09-06,2587.7900
2017-09-07,2590.8301
2017-09-08,2577.2600
2017-09-11,2576.5400
2017-09-12,2589.5601
2017-09-13,2590.4700
2017-09-14,2603.8101
2017-09-15,2607.0400
2017-09-18,2606.1299
2017-09-19,2613.9800
2017-09-20,2607.5500
2017-09-21,2607.5500
2017-09-22,2613.1299
2017-09-25,2629.7100
2017-09-26,2620.0100
2017-09-27,2629.7700
2017-09-28,2630.7900
2017-09-29,2639.2900
2017-10-02,2651.0200
2017-10-03,2666.8899
2017-10-04,2653.3000
2017-10-05,2652.8899
2017-10-06,2651.8401
2017-10-09,2638.3899
2017-10-10,2652.6599
2017-10-11,2652.7400
2017-10-12,2640.5601
2017-10-13,2649.9800
2017-10-16,2655.3301
2017-10-17,2659.1101
2017-10-18,2646.1101
2017-10-19,2636.9500
2017-10-20,2618.2400
2017-10-23,2596.2400
2017-10-24,2587.3401
2017-10-25,2566.6101
2017-10-26,2573.7400
2017-10-27,2608.9700
2017-10-30,2616.6399
2017-10-31,2629.3301
2017-11-01,2634.8401
2017-11-02,2590.7100
2017-11-03,2617.7900
2017-11-06,2646.0200
2017-11-07,2626.1399
2017-11-08,2632.4900
2017-11-09,2632.1299
2017-11-10,2627.5500
2017-11-13,2609.8101
2017-11-14,2586.2600
2017-11-15,2579.5100
2017-11-16,2593.9399
2017-11-17,2601.4800
2017-11-20,2577.3201
2017-11-21,2587.9500
2017-11-22,2600.1399
2017-11-24,2604.1299
2017-11-27,2585.1001
2017-11-28,2595.8601
2017-11-29,2592.2700
2017-11-30,2607.3401
2017-12-01,2614.1001
2017-12-04,2608.8701
2017-12-05,2590.0801
2017-12-06,2562.9199
2017-12-07,2563.0500
2017-12-08,2566.8201
2017-12-11,2568.7900
2017-12-12,2562.3999
2017-12-13,2560.7000
2017-12-14,2559.7900
2017-12-15,2553.6499
2017-12-18,2572.7200
2017-12-19,2573.7100
2017-12-20,2571.4700
2017-12-21,2602.6799
2017-12-22,2616.4700
2017-12-26,2643.0000
2017-12-27,2648.6799
2017-12-28,2668.0100
2017-12-29,2661.5000
2018-01-02,2688.0400
2018-01-03,2694.6499
2018-01-04,2700.5901
2018-01-05,2693.9299
2018-01-08,2688.6899
2018-01-09,2673.6101
2018-01-10,2674.1001
2018-01-11,2682.7800
2018-01-12,2688.0601
2018-01-16,2699.4900
2018-01-17,2714.9299
2018-01-18,2690.8601
2018-01-19,2701.0200
2018-01-22,2715.9399
2018-01-23,2742.3601
2018-01-24,2753.9399
2018-01-25,2724.7700
2018-01-26,2734.8401
2018-01-29,2708.6899
2018-01-30,2657.1399
2018-01-31,2671.9700
2018-02-01,2683.6299
2018-02-02,2601.7400
2018-02-05,2531.8000
2018-02-06,2548.5000
2018-02-07,2535.8701
2018-02-08,2496.0701
2018-02-09,2497.7400
2018-02-12,2527.5601
2018-02-13,2512.0701
2018-02-14,2540.4199
2018-02-15,2532.8201
2018-02-16,2532.0200
2018-02-20,2509.7300
2018-02-21,2494.3701
2018-02-22,2489.6799
2018-02-23,2504.5801
2018-02-26,2525.2100
2018-02-27,2496.6699
2018-02-28,2452.2600
2018-03-01,2447.3899
2018-03-02,2449.7400
2018-03-05,2470.5500
2018-03-06,2494.0400
2018-03-07,2487.5901
2018-03-08,2480.3701
2018-03-09,2499.1799
2018-03-12,2496.5000
2018-03-13,2478.8401
2018-03-14,2467.1599
2018-03-15,2455.3899
2018-03-16,2481.3301
2018-03-19,2450.1001
2018-03-20,2456.5801
2018-03-21,2503.2000
2018-03-22,2456.1899
2018-03-23,2435.3401
2018-03-26,2454.1699
2018-03-27,2442.8701
2018-03-28,2429.2700
2018-03-29,2456.2900
2018-04-02,2432.2900
2018-04-03,2454.5200
2018-04-04,2477.5801
2018-04-05,2528.8401
2018-04-06,2486.7600
2018-04-09,2484.8601
2018-04-10,2515.5100
2018-04-11,2536.8101
2018-04-12,2546.0200
2018-04-13,2549.6101
2018-04-16,2565.9700
2018-04-17,2579.8601
2018-04-18,2603.1101
2018-04-19,2595.6599
2018-04-20,2582.4199
2018-04-23,2588.1399
2018-04-24,2559.8101
2018-04-25,2579.1599
2018-04-26,2596.7200
2018-04-27,2609.7000
2018-04-30,2613.6101
2018-05-01,2612.4700
2018-05-02,2634.6001
2018-05-03,2612.9800
2018-05-04,2654.5601
2018-05-07,2665.1699
2018-05-08,2669.1201
2018-05-09,2685.3000
2018-05-10,2704.9600
2018-05-11,2708.7700
2018-05-14,2715.6499
2018-05-15,2699.5400
2018-05-16,2706.8999
2018-05-17,2720.3501
2018-05-18,2720.2000
2018-05-21,2735.1299
2018-05-22,2711.9600
2018-05-23,2708.9399
2018-05-24,2697.3899
2018-05-25,2679.1001
2018-05-29,2704.3601
2018-05-30,2778.4399
2018-05-31,2751.8000
2018-06-01,2756.1001
2018-06-04,2732.9199
2018-06-05,2725.6599
2018-06-06,2708.8501
2018-06-07,2735.8799
2018-06-08,2727.6699
2018-06-11,2743.4199
2018-06-12,2722.1399
2018-06-13,2722.7700
2018-06-14,2732.3501
2018-06-15,2724.8701
2018-06-18,2739.3601
2018-06-19,2717.2100
2018-06-20,2741.3501
2018-06-21,2721.8701
2018-06-22,2773.5200
2018-06-25,2720.0300
2018-06-26,2762.8701
2018-06-27,2751.3701
2018-06-28,2724.7800
2018-06-29,2748.4800
2018-07-02,2721.0601
2018-07-03,2743.6799
2018-07-05,2749.2600
2018-07-06,2776.8899
2018-07-09,2771.7000
2018-07-10,2761.5801
2018-07-11,2728.7900
2018-07-12,2738.2800
2018-07-13,2731.7900
2018-07-16,2713.1499
2018-07-17,2708.9299
2018-07-18,2718.5300
2018-07-19,2711.8000
2018-07-20,2708.6101
2018-07-23,2694.5801
2018-07-24,2697.4199
2018-07-25,2739.0300
2018-07-26,2766.8601
2018-07-27,2729.2000
2018-07-30,2741.3101
2018-07-31,2749.1299
2018-08-01,2723.6499
2018-08-02,2717.8101
2018-08-03,2706.0200
2018-08-06,2708.7800
2018-08-07,2681.2100
2018-08-08,2663.0601
2018-08-09,2683.1299
2018-08-10,2667.4199
2018-08-13,2660.5901
2018-08-14,2673.3301
2018-08-15,2597.5200
2018-08-16,2599.2500
2018-08-17,2606.7200
2018-08-20,2617.1499
2018-08-21,2628.3201
2018-08-22,2660.7200
2018-08-23,2639.4399
2018-08-24,2684.6101
2018-08-27,2700.4299
2018-08-28,2677.6599
2018-08-29,2707.4299
2018-08-30,2688.3401
2018-08-31,2675.0701
2018-09-04,2654.3101
2018-09-05,2649.6899
2018-09-06,2625.7200
2018-09-07,2614.8899
2018-09-10,2587.1299
2018-09-11,2581.4700
2018-09-12,2608.3000
2018-09-13,2612.1299
2018-09-14,2612.8401
2018-09-17,2608.7200
2018-09-18,2643.9099
2018-09-19,2654.1399
2018-09-20,2675.4500
2018-09-21,2687.7500
2018-09-24,2717.9900
2018-09-25,2714.0200
2018-09-26,2704.7500
2018-09-27,2722.0000
2018-09-28,2720.2600
2018-10-01,2753.6799
2018-10-02,2737.4099
2018-10-03,2759.7900
2018-10-04,2725.5601
2018-10-05,2709.9900
2018-10-08,2721.5701
2018-10-09,2716.5500
2018-10-10,2647.9199
2018-10-11,2631.3701
2018-10-12,2643.3301
2018-10-15,2670.5300
2018-10-16,2693.3000
2018-10-17,2673.3101
2018-10-18,2648.0000
2018-10-19,2652.4399
2018-10-22,2638.1899
2018-10-23,2585.0100
2018-10-24,2512.2400
2018-10-25,2545.9800
2018-10-26,2522.2500
2018-10-29,2478.2700
2018-10-30,2511.5400
2018-10-31,2520.4700
2018-11-01,2555.6899
2018-11-02,2546.9099
2018-11-05,2556.0300
2018-11-06,2550.2800
2018-11-07,2572.7000
2018-11-08,2584.3401
2018-11-09,2542.8000
2018-11-12,2526.9900
2018-11-13,2486.7500
2018-11-14,2497.7600
2018-11-15,2531.6899
2018-11-16,2549.0300
2018-11-19,2508.7300
2018-11-20,2435.8701
2018-11-21,2474.6799
2018-11-23,2452.6399
2018-11-26,2478.3201
2018-11-27,2467.5901
2018-11-28,2513.1399
2018-11-29,2508.8301
2018-11-30,2485.1399
2018-12-03,2495.7400
2018-12-04,2449.9700
2018-12-06,2424.8701
2018-12-07,2426.5100
2018-12-10,2395.5601
2018-12-11,2383.7000
2018-12-12,2407.8799
2018-12-13,2387.0901
2018-12-14,2344.2400
2018-12-17,2318.7100
2018-12-18,2304.6299
2018-12-19,2299.6299
2018-12-20,2279.3799
2018-12-21,2244.9199
2018-12-24,2200.3401
2018-12-26,2281.8601
2018-12-27,2274.2200
2018-12-28,2281.3401
2018-12-31,2292.2600
2019-01-02,2321.7600
2019-01-03,2321.5500
2019-01-04,2377.7800
2019-01-07,2399.3701
2019-01-08,2433.4199
2019-01-09,2449.3101
2019-01-10,2455.7700
2019-01-11,2436.4299
2019-01-14,2440.6101
2019-01-15,2465.3101
2019-01-16,2459.4500
2019-01-17,2472.3899
2019-01-18,2479.2300
2019-01-22,2431.7300
2019-01-23,2437.6399
2019-01-24,2452.2700
2019-01-25,2471.9199
2019-01-28,2489.7900
2019-01-29,2486.1899
2019-01-30,2524.2500
2019-01-31,2533.8899
2019-02-01,2515.4500
2019-02-04,2536.9199
2019-02-05,2524.7600
2019-02-06,2501.8899
2019-02-07,2489.1899
2019-02-08,2473.5901
2019-02-11,2475.4099
2019-02-12,2490.1399
2019-02-13,2492.3799
2019-02-14,2485.7200
2019-02-15,2511.7600
2019-02-19,2540.4099
2019-02-20,2527.4600
2019-02-21,2514.8101
2019-02-22,2525.7600
2019-02-25,2511.2300
2019-02-26,2493.0701
2019-02-27,2516.7500
2019-02-28,2496.5500
2019-03-01,2481.3301
2019-03-04,2499.7000
2019-03-05,2509.6101
2019-03-06,2487.7100
2019-03-07,2499.3101
2019-03-08,2503.4199
2019-03-11,2521.1399
2019-03-12,2545.4600
2019-03-13,2559.9099
2019-03-14,2554.0000
2019-03-15,2553.4299
2019-03-18,2575.4099
2019-03-19,2550.7000
2019-03-20,2558.1399
2019-03-21,2568.6399
2019-03-22,2518.9500
2019-03-25,2511.8501
2019-03-26,2532.2400
2019-03-27,2509.4199
2019-03-28,2514.9900
2019-03-29,2543.6201
2019-04-01,2548.2400
2019-04-02,2544.3799
2019-04-03,2524.7100
2019-04-04,2541.0000
2019-04-05,2555.5300
2019-04-08,2583.0100
2019-04-09,2569.1799
2019-04-10,2595.3000
2019-04-11,2595.8201
2019-04-12,2601.5300
2019-04-15,2589.0601
2019-04-16,2592.4399
2019-04-17,2598.8301
2019-04-18,2588.2100
2019-04-22,2605.9900
2019-04-23,2629.0400
2019-04-24,2602.5801
2019-04-25,2591.8000
2019-04-26,2590.1699
2019-04-29,2579.2700
2019-04-30,2573.5801
2019-05-01,2558.2000
2019-05-02,2542.3899
2019-05-03,2562.5000
2019-05-06,2561.2900
2019-05-07,2553.1201
2019-05-08,2543.8101
2019-05-09,2550.2600
2019-05-10,2576.8999
2019-05-13,2523.6399
2019-05-14,2548.8701
2019-05-15,2561.7900
2019-05-16,2572.8301
2019-05-17,2551.7000
2019-05-20,2550.6201
2019-05-21,2569.6101
2019-05-22,2544.9399
2019-05-23,2484.9600
2019-05-24,2489.9700
2019-05-28,2458.7700
2019-05-29,2468.4500
2019-05-30,2456.6599
2019-05-31,2442.5701
2019-06-03,2460.7200
2019-06-04,2479.0300
2019-06-05,2483.4900
2019-06-06,2504.9099
2019-06-07,2514.2000
2019-06-10,2505.9099
2019-06-11,2500.2400
2019-06-12,2485.9299
2019-06-13,2507.3999
2019-06-14,2497.2700
2019-06-17,2506.7100
2019-06-18,2525.1499
2019-06-19,2539.7600
2019-06-20,2580.7000
2019-06-21,2565.9800
2019-06-24,2566.3201
2019-06-25,2547.1399
2019-06-26,2560.3701
2019-06-27,2553.3601
2019-06-28,2574.6101
2019-07-01,2582.8101
2019-07-02,2575.4500
2019-07-03,2569.8000
2019-07-05,2569.6001
2019-07-08,2572.4700
2019-07-09,2574.1599
2019-07-10,2588.3501
2019-07-11,2592.5500
2019-07-12,2601.6399
2019-07-15,2593.0300
2019-07-16,2580.5901
2019-07-17,2556.6201
2019-07-18,2568.6499
2019-07-19,2566.6299
2019-07-22,2578.6899
2019-07-23,2562.9600
2019-07-24,2592.4600
2019-07-25,2547.2900
2019-07-26,2548.3101
2019-07-29,2543.1101
2019-07-30,2556.0100
2019-07-31,2539.6399
2019-08-01,2507.5300
2019-08-02,2463.9500
2019-08-05,2398.9900
2019-08-06,2420.0400
2019-08-07,2416.7400
2019-08-08,2453.2000
2019-08-09,2442.4299
2019-08-12,2426.4900
2019-08-13,2426.2000
2019-08-14,2382.6599
2019-08-15,2375.4700
2019-08-16,2400.4800
2019-08-19,2418.9399
2019-08-20,2410.0500
2019-08-21,2426.1599
2019-08-22,2404.5200
2019-08-23,2364.9500
2019-08-26,2378.3501
2019-08-27,2374.7400
2019-08-28,2399.1399
2019-08-29,2418.3401
2019-08-30,2419.5500
2019-09-03,2408.6399
2019-09-04,2443.6101
2019-09-05,2462.7400
2019-09-06,2462.3601
2019-09-09,2480.3701
2019-09-10,2520.0500
2019-09-11,2538.7100
2019-09-12,2528.8501
2019-09-13,2536.5500
2019-09-16,2563.9800
2019-09-17,2571.4399
2019-09-18,2572.3601
2019-09-19,2562.4700
2019-09-20,2570.3101
2019-09-23,2568.3301
2019-09-24,2547.5300
2019-09-25,2531.8501
2019-09-26,2506.9900
2019-09-27,2499.9199
2019-09-30,2488.1599
2019-10-01,2470.5601
2019-10-02,2434.8701
2019-10-03,2433.3000
2019-10-04,2448.9199
2019-10-07,2427.4700
2019-10-08,2386.6799
2019-10-09,2395.5901
2019-10-10,2402.4099
2019-10-11,2431.6101
2019-10-14,2426.4800
2019-10-15,2429.9399
2019-10-16,2424.7800
2019-10-17,2437.1499
2019-10-18,2440.3000
2019-10-21,2459.8101
2019-10-22,2464.5500
2019-10-23,2471.0801
2019-10-24,2471.8899
2019-10-25,2480.2300
2019-10-28,2462.2200
2019-10-29,2465.2800
2019-10-30,2456.5500
2019-10-31,2450.9900
2019-11-01,2476.4600
2019-11-04,2491.3501
2019-11-05,2508.5100
2019-11-06,2500.7800
2019-11-07,2510.1299
2019-11-08,2503.6799
2019-11-11,2499.0100
2019-11-12,2476.2900
2019-11-13,2457.7900
2019-11-14,2447.6399
2019-11-15,2470.1699
2019-11-18,2442.8101
2019-11-19,2429.6599
2019-11-20,2429.7200
2019-11-21,2444.0801
2019-11-22,2430.5701
2019-11-25,2446.9199
2019-11-26,2449.2100
2019-11-27,2459.4700
2019-11-29,2447.0100
2019-12-02,2441.0200
2019-12-03,2404.5000
2019-12-04,2419.7600
2019-12-05,2421.3101
2019-12-06,2453.4600
2019-12-09,2447.3799
2019-12-10,2453.4800
2019-12-11,2456.2800
2019-12-12,2460.9299
2019-12-13,2473.6399
2019-12-16,2478.8501
2019-12-17,2484.4199
2019-12-18,2496.5200
2019-12-19,2509.3101
2019-12-20,2501.8701
2019-12-23,2536.7700
2019-12-24,2541.6799
2019-12-26,2552.5000
2019-12-27,2533.8601
2019-12-30,2543.9199
2019-12-31,2552.5601
2020-01-02,2568.6499
2020-01-03,2568.1001
2020-01-06,2585.9500
2020-01-07,2585.4199
2020-01-08,2558.8201
2020-01-09,2571.2800
2020-01-10,2580.9600
2020-01-13,2576.7700
2020-01-14,2576.3899
2020-01-15,2601.2500
2020-01-16,2626.9099
2020-01-17,2622.0901
2020-01-21,2582.1399
2020-01-22,2562.5701
2020-01-23,2558.5100
2020-01-24,2529.5500
2020-01-27,2478.9299
2020-01-28,2477.6899
2020-01-29,2468.0500
2020-01-30,2467.6399
2020-01-31,2431.4099
2020-02-03,2411.7200
2020-02-04,2420.8201
2020-02-05,2454.2200
2020-02-06,2433.5000
2020-02-07,2404.2300
2020-02-10,2381.2800
2020-02-11,2395.7100
2020-02-12,2411.1399
2020-02-13,2401.0000
2020-02-14,2403.2900
2020-02-18,2410.0000
2020-02-19,2425.7000
2020-02-20,2424.3799
2020-02-21,2406.8899
2020-02-24,2361.1899
2020-02-25,2301.1699
2020-02-26,2253.8401
2020-02-27,2210.3301
2020-02-28,2213.7000
2020-03-02,2265.8999
2020-03-03,2244.6799
2020-03-04,2261.6299
2020-03-05,2192.7300
2020-03-06,2149.7700
2020-03-09,1875.8600
2020-03-10,1899.2800
2020-03-11,1775.6899
2020-03-12,1564.9000
2020-03-13,1602.2500
2020-03-16,1499.1500
2020-03-17,1503.0699
2020-03-18,1317.2200
2020-03-19,1399.5601
2020-03-20,1408.9399
2020-03-23,1336.3800
2020-03-24,1464.9700
2020-03-25,1516.1899
2020-03-26,1550.3500
2020-03-27,1487.2300
2020-03-30,1513.2500
2020-03-31,1537.0000
2020-04-01,1492.0900
2020-04-02,1557.6100
2020-04-03,1520.3101
2020-04-06,1583.3800
2020-04-07,1588.8900
2020-04-08,1661.6400
2020-04-09,1735.5100
2020-04-13,1729.1801
2020-04-14,1748.3199
2020-04-15,1706.9000
2020-04-16,1678.3500
2020-04-17,1739.7900
2020-04-20,1736.8000
2020-04-21,1731.8400
2020-04-22,1760.9700
2020-04-23,1775.9100
2020-04-24,1791.1801
2020-04-27,1824.8400
2020-04-28,1863.9301
2020-04-29,1972.0800
2020-04-30,1939.8400
2020-05-01,1877.5000
2020-05-04,1880.6200
2020-05-05,1863.1200
2020-05-06,1840.8800
2020-05-07,1876.7400
2020-05-08,1916.2400
2020-05-11,1885.9200
2020-05-12,1863.5500
2020-05-13,1791.6500
2020-05-14,1809.6700
2020-05-15,1823.1300
2020-05-18,1904.8101
2020-05-19,1884.5200
2020-05-20,1941.6000
2020-05-21,1916.0601
2020-05-22,1922.3500
2020-05-26,1945.2100
2020-05-27,1963.4301
2020-05-28,1933.8600
2020-05-29,1921.8600
2020-06-01,1952.2200
2020-06-02,1989.5900
2020-06-03,2025.2000
2020-06-04,2030.5800
2020-06-05,2095.6899
2020-06-08,2146.5200
2020-06-09,2131.8301
2020-06-10,2087.3899
2020-06-11,1954.6899
2020-06-12,1976.9100
2020-06-15,1999.6000
2020-06-16,2025.9600
2020-06-17,1992.4600
2020-06-18,1987.2400
2020-06-19,1981.5500
2020-06-22,1991.8199
2020-06-23,1993.4700
2020-06-24,1949.7000
2020-06-25,1956.8199
2020-06-26,1911.7600
2020-06-29,1952.9800
2020-06-30,1993.1500
2020-07-01,1976.0601
2020-07-02,1989.2400
2020-07-06,2028.7900
2020-07-07,2016.4399
2020-07-08,2004.6500
2020-07-09,1970.7800
2020-07-10,1977.9100
2020-07-13,1967.5400
2020-07-14,1967.5400
2020-07-15,2044.7100
2020-07-16,2035.4399
2020-07-17,2037.8900
2020-07-20,2025.0300
2020-07-21,2109.3301
2020-07-22,2090.8201
2020-07-23,2080.8301
2020-07-24,2067.5500
2020-07-27,2087.8201
2020-07-28,2063.7900
2020-07-29,2091.0400
2020-07-30,2073.4600
2020-07-31,2058.7400
2020-08-03,2072.9299
2020-08-04,2126.0701
2020-08-05,2143.2900
2020-08-06,2141.3501
2020-08-07,2137.3101
2020-08-10,2168.2100
2020-08-11,2133.6001
2020-08-12,2148.5200
2020-08-13,2157.5000
2020-08-14,2155.3601
2020-08-17,2170.1799
2020-08-18,2138.0801
2020-08-19,2105.9700
2020-08-20,2094.4900
2020-08-21,2080.3601
2020-08-24,2118.7700
2020-08-25,2110.4500
2020-08-26,2095.6101
2020-08-27,2097.2600
2020-08-28,2121.2900
2020-08-31,2105.1899
2020-09-01,2122.8799
2020-09-02,2115.7900
2020-09-03,2090.4600
2020-09-04,2090.4600
2020-09-08,2019.3900
2020-09-09,2040.4700
2020-09-10,2017.2900
2020-09-11,2007.7200
2020-09-14,2037.0100
2020-09-15,2028.9900
2020-09-16,2061.7400
2020-09-17,2056.7800
2020-09-18,2043.7000
2020-09-21,2043.7400
2020-09-22,1992.7100
2020-09-23,1909.5699
2020-09-24,1930.7100
2020-09-25,1931.0100
2020-09-28,1947.6000
2020-09-29,1934.0500
2020-09-30,1907.8101
2020-10-01,1904.1899
2020-10-02,1910.3700
2020-10-05,1937.5699
2020-10-06,1916.3400
2020-10-07,1930.9301
2020-10-08,1986.7000
2020-10-09,1997.0300
2020-10-12,2007.0000
2020-10-13,2008.0500
2020-10-14,2006.7200
2020-10-15,2027.2800
2020-10-16,2012.1200
2020-10-19,1993.2800
2020-10-20,2020.9100
2020-10-21,2013.1801
2020-10-22,2035.0800
2020-10-23,2036.5100
2020-10-26,2000.4301
2020-10-27,2002.1000
2020-10-28,1946.0500
2020-10-29,1963.3900
2020-10-30,1983.7100
2020-11-02,2002.5800
2020-11-03,2046.5601
2020-11-04,2025.7400
2020-11-05,2077.2500
2020-11-06,2072.2300
2020-11-09,2162.2700
2020-11-10,2164.7000
2020-11-11,2183.7200
2020-11-12,2132.0500
2020-11-13,2139.0500
2020-11-16,2179.7400
2020-11-17,2197.6101
2020-11-18,2177.9500
2020-11-19,2208.5100
2020-11-20,2200.7900
2020-11-23,2240.1101
2020-11-24,2301.5801
2020-11-25,2292.1201
2020-11-27,2292.6399
2020-11-30,2224.3000
2020-12-01,2250.0300
2020-12-02,2256.9700
2020-12-03,2282.0400
2020-12-04,2334.6499
2020-12-07,2348.6699
2020-12-08,2373.6399
2020-12-09,2352.0300
2020-12-10,2388.8000
2020-12-11,2372.1101
2020-12-14,2330.2800
2020-12-15,2372.0300
2020-12-16,2343.1699
2020-12-17,2362.2900
2020-12-18,2336.1899
2020-12-21,2311.7000
2020-12-22,2293.2700
2020-12-23,2333.3899
2020-12-24,2332.1699
2020-12-28,2340.9900
2020-12-29,2354.1101
2020-12-30,2382.5901
2020-12-31,2360.8999
2021-01-04,2368.9500
2021-01-05,2462.9800
2021-01-06,2504.0801
2021-01-07,2536.1001
2021-01-08,2507.7200
2021-01-11,2534.3899
2021-01-12,2551.4099
2021-01-13,2524.1001
2021-01-14,2556.9700
2021-01-15,2509.5200
2021-01-19,2526.5601
2021-01-20,2541.7900
2021-01-21,2518.8401
2021-01-22,2500.3101
2021-01-25,2492.2900
2021-01-26,2421.1599
2021-01-27,2373.1299
2021-01-28,2440.9600
2021-01-29,2416.1499
2021-02-01,2460.2300
2021-02-02,2454.5400
2021-02-03,2492.1201
2021-02-04,2498.9099
2021-02-05,2529.8201
2021-02-08,2575.4299
2021-02-09,2602.3999
2021-02-10,2636.5901
2021-02-11,2612.8799
2021-02-12,2624.4900
2021-02-16,2656.7900
2021-02-17,2659.6299
2021-02-18,2600.4500
2021-02-19,2639.1299
2021-02-22,2683.9900
2021-02-23,2672.4299
2021-02-24,2724.4099
2021-02-25,2649.2400
2021-02-26,2601.6599
2021-03-01,2625.5601
2021-03-02,2641.9900
2021-03-03,2642.1599
2021-03-04,2675.2800
2021-03-05,2702.9500
2021-03-08,2729.8301
2021-03-09,2745.1899
2021-03-10,2798.6101
2021-03-11,2819.3101
2021-03-12,2848.1699
2021-03-15,2860.5500
2021-03-16,2815.0000
2021-03-17,2823.9299
2021-03-18,2738.9399
2021-03-19,2752.1799
2021-03-22,2736.4800
2021-03-23,2670.0400
2021-03-24,2700.7700
2021-03-25,2719.1399
2021-03-26,2759.5601
2021-03-29,2746.3401
2021-03-30,2721.9500
2021-03-31,2715.2700
2021-04-01,2774.3799
2021-04-05,2761.4700
2021-04-06,2763.7200
2021-04-07,2791.2400
2021-04-08,2798.1299
2021-04-09,2785.1201
2021-04-12,2775.3601
2021-04-13,2777.3201
2021-04-14,2804.5200
2021-04-15,2820.0000
2021-04-16,2811.5801
2021-04-19,2799.2000
2021-04-20,2764.4600
2021-04-21,2809.6101
2021-04-22,2775.9700
2021-04-23,2813.3899
2021-04-26,2833.4399
2021-04-27,2834.1799
2021-04-28,2892.5000
2021-04-29,2908.5701
2021-04-30,2942.4900
2021-05-03,3029.2900
2021-05-04,3007.5400
2021-05-05,3041.0801
2021-05-06,3065.0601
2021-05-07,3105.4800
2021-05-10,3078.7500
2021-05-11,3097.5100
2021-05-12,3061.4600
2021-05-13,3090.6899
2021-05-14,3159.7300
2021-05-17,3210.7700
2021-05-18,3188.9900
2021-05-19,3145.4399
2021-05-20,3177.2900
2021-05-21,3183.3701
2021-05-24,3192.4299
2021-05-25,3174.0701
2021-05-26,3200.9600
2021-05-27,3223.2400
2021-05-28,3221.7800
2021-06-01,3289.4700
2021-06-02,3281.7700
2021-06-03,3267.1299
2021-06-04,3285.7500
2021-06-07,3285.7500
2021-06-08,3316.3999
2021-06-09,3318.0801
2021-06-10,3320.6201
2021-06-11,3315.6201
2021-06-14,3310.6299
2021-06-15,3319.9199
2021-06-16,3309.8501
2021-06-17,3199.6299
2021-06-18,3130.4199
2021-06-21,3204.8601
2021-06-22,3227.9099
2021-06-23,3230.6899
2021-06-24,3246.5300
2021-06-25,3255.6799
2021-06-28,3179.8799
2021-06-29,3153.3701
2021-06-30,3171.0300
2021-07-01,3209.1201
2021-07-02,3197.5601
2021-07-06,3160.1201
2021-07-07,3128.3301
2021-07-08,3070.7000
2021-07-09,3124.8799
2021-07-12,3080.0100
2021-07-13,3042.7400
2021-07-14,3022.1799
2021-07-15,3008.8601
2021-07-16,2980.3201
2021-07-19,2896.2300
2021-07-20,2934.9099
2021-07-21,2985.1299
2021-07-22,2970.3401
2021-07-23,2965.8899
2021-07-26,3006.5701
2021-07-27,2970.1599
2021-07-28,3012.6899
2021-07-29,3065.6399
2021-07-30,3017.4600
2021-08-02,3013.6599
2021-08-03,3041.5801
2021-08-04,2976.7400
2021-08-05,3004.0200
2021-08-06,2999.0400
2021-08-09,2973.9199
2021-08-10,3040.5901
2021-08-11,3046.5400
2021-08-12,3048.8701
2021-08-13,3034.8301
2021-08-16,2972.6499
2021-08-17,2954.3799
2021-08-18,2930.0801
2021-08-19,2856.5100
2021-08-20,2871.2300
2021-08-23,2941.1599
2021-08-24,2969.9199
2021-08-25,2988.3101
2021-08-26,2969.0400
2021-08-27,3031.3799
2021-08-30,3039.2700
2021-08-31,3024.7800
2021-09-01,3028.0801
2021-09-02,3080.9199
2021-09-03,3087.3701
2021-09-07,3055.8201
2021-09-08,3062.2900
2021-09-09,3030.3101
2021-09-10,3029.3899
2021-09-13,3104.5500
2021-09-14,3041.4900
2021-09-15,3118.3000
2021-09-16,3075.0000
2021-09-17,3008.4500
2021-09-20,2944.5901
2021-09-21,3003.8000
2021-09-22,3071.3301
2021-09-23,3140.3501
2021-09-24,3152.8000
2021-09-27,3198.0300
2021-09-28,3193.1399
2021-09-29,3221.2800
2021-09-30,3230.7900
2021-10-01,3265.0901
2021-10-04,3320.1599
2021-10-05,3306.1599
2021-10-06,3276.9700
2021-10-07,3323.6101
2021-10-08,3339.7500
2021-10-11,3358.8501
2021-10-12,3379.3701
2021-10-13,3418.4500
2021-10-14,3442.4299
2021-10-15,3486.4500
2021-10-18,3490.8301
2021-10-19,3466.6899
2021-10-20,3453.4399
2021-10-21,3444.9800
2021-10-22,3463.3601
2021-10-25,3533.5000
2021-10-26,3526.6499
2021-10-27,3480.1201
2021-10-28,3507.3999
2021-10-29,3411.5601
2021-11-01,3494.6001
2021-11-02,3471.0500
2021-11-03,3451.2400
2021-11-04,3425.6599
2021-11-05,3504.2300
2021-11-08,3520.6399
2021-11-09,3529.8401
2021-11-10,3483.7700
2021-11-11,3482.5500
2021-11-12,3512.7200
2021-11-15,3510.4600
2021-11-16,3537.8701
2021-11-17,3506.5500
2021-11-18,3508.8000
2021-11-19,3435.2100
2021-11-22,3417.0000
2021-11-23,3461.3000
2021-11-24,3510.9299
2021-11-26,3393.9900
2021-11-29,3411.0100
2021-11-30,3354.3899
2021-12-01,3288.2000
2021-12-02,3368.4800
2021-12-03,3325.1101
2021-12-06,3385.4500
2021-12-07,3432.6699
2021-12-08,3430.6101
2021-12-09,3366.0500
2021-12-10,3378.8999
2021-12-13,3315.1599
2021-12-14,3291.8799
2021-12-15,3289.1399
2021-12-16,3301.6699
2021-12-17,3278.3201
2021-12-20,3285.1499
2021-12-21,3394.2000
2021-12-22,3410.8601
2021-12-23,3443.0400
2021-12-27,3476.0400
2021-12-28,3442.0000
2021-12-29,3428.1799
2021-12-30,3392.4299
2021-12-31,3427.2300
2022-01-03,3461.7200
2022-01-04,3496.0500
2022-01-05,3469.1001
2022-01-06,3546.6799
2022-01-07,3552.5701
2022-01-10,3538.6399
2022-01-11,3591.5400
2022-01-12,3655.7200
2022-01-13,3637.9199
2022-01-14,3653.6499
2022-01-18,3637.8999
2022-01-19,3613.5300
2022-01-20,3579.1201
2022-01-21,3498.9199
2022-01-24,3496.5500
2022-01-25,3577.9199
2022-01-26,3574.3301
2022-01-27,3559.2100
2022-01-28,3586.8501
2022-01-31,3600.2800
2022-02-01,3707.9199
2022-02-02,3715.6101
2022-02-03,3681.8601
2022-02-04,3673.8301
2022-02-07,3735.7900
2022-02-08,3711.9399
2022-02-09,3733.3301
2022-02-10,3713.2900
2022-02-11,3810.2500
2022-02-14,3749.9500
2022-02-15,3717.5701
2022-02-16,3738.5500
2022-02-17,3760.3000
2022-02-18,3728.5400
2022-02-22,3709.2700
2022-02-23,3749.4500
2022-02-24,3840.6599
2022-02-25,3897.7100
2022-02-28,3973.3301
2022-03-01,3930.4099
2022-03-02,4017.4800
2022-03-03,4000.8601
2022-03-04,4093.2700
2022-03-07,4085.1599
2022-03-08,4010.2000
2022-03-09,4020.6299
2022-03-10,3991.1201
2022-03-11,3966.7300
2022-03-14,3871.7900
2022-03-15,3823.9299
2022-03-16,3813.9700
2022-03-17,3891.8601
2022-03-18,3938.8201
2022-03-21,4021.2200
2022-03-22,4018.3000
2022-03-23,4111.6602
2022-03-24,4124.6201
2022-03-25,4264.6802
2022-03-28,4156.9302
2022-03-29,4144.6602
2022-03-30,4201.7598
2022-03-31,4179.9600
2022-04-01,4255.8799
2022-04-04,4281.6299
2022-04-05,4238.7798
2022-04-06,4228.4302
2022-04-07,4288.6699
2022-04-08,4330.6602
2022-04-11,4240.2100
2022-04-12,4261.4302
2022-04-13,4246.2402
2022-04-14,4270.5000
2022-04-18,4278.7202
2022-04-19,4243.6001
2022-04-20,4274.8901
2022-04-21,4174.8701
2022-04-22,4098.9399
2022-04-25,3991.1399
2022-04-26,4017.9199
2022-04-27,4111.4902
2022-04-28,4173.1899
2022-04-29,4100.2100
2022-05-02,4104.3501
2022-05-03,4235.9600
2022-05-04,4323.0698
2022-05-05,4237.1401
2022-05-06,4284.1099
2022-05-09,3987.7200
2022-05-10,3941.9500
2022-05-11,3925.1699
2022-05-12,3903.1399
2022-05-13,4025.8101
2022-05-16,4075.1299
2022-05-17,4096.0098
2022-05-18,4008.0901
2022-05-19,4012.8201
2022-05-20,4043.3899
2022-05-23,4083.1299
2022-05-24,4074.8799
2022-05-25,4169.4600
2022-05-26,4196.9502
2022-05-27,4286.7900
2022-05-31,4254.0498
2022-06-01,4296.2798
2022-06-02,4335.4902
2022-06-03,4324.8599
2022-06-06,4308.4399
2022-06-07,4438.0498
2022-06-08,4408.8101
2022-06-09,4296.5801
2022-06-10,4211.0698
2022-06-13,4087.0801
2022-06-14,4068.1799
2022-06-15,4050.7600
2022-06-16,3911.1499
2022-06-17,3842.2600
2022-06-21,3982.9800
2022-06-22,3836.4700
2022-06-23,3734.9800
2022-06-24,3838.2700
2022-06-27,3924.8601
2022-06-28,3981.4500
2022-06-29,3923.2700
2022-06-30,3891.3000
2022-07-01,3889.4399
2022-07-05,3798.1599
2022-07-06,3654.1001
2022-07-07,3800.5901
2022-07-08,3753.4399
2022-07-11,3675.2100
2022-07-12,3645.9299
2022-07-13,3624.8999
2022-07-14,3582.2500
2022-07-15,3623.0601
2022-07-18,3678.9700
2022-07-19,3825.7300
2022-07-20,3876.3799
2022-07-21,3858.0500
2022-07-22,3787.2400
2022-07-25,3896.2400
2022-07-26,3940.7400
2022-07-27,4013.6699
2022-07-28,4041.3799
2022-07-29,4144.8198
2022-08-01,4095.8401
2022-08-02,4053.0601
2022-08-03,4003.1101
2022-08-04,3914.1799
2022-08-05,3964.6001
2022-08-08,3971.0400
2022-08-09,4004.7300
2022-08-10,4060.9500
2022-08-11,4164.7500
2022-08-12,4219.6401
2022-08-15,4177.7798
2022-08-16,4217.1099
2022-08-17,4230.2700
2022-08-18,4335.9302
2022-08-19,4297.5801
2022-08-22,4293.6499
2022-08-23,4427.9600
2022-08-24,4460.8999
2022-08-25,4472.1001
2022-08-26,4408.7002
2022-08-29,4426.7998
2022-08-30,4313.1899
2022-08-31,4269.0498
2022-09-01,4175.6899
2022-09-02,4279.2202
2022-09-06,4207.5298
2022-09-07,4146.6602
2022-09-08,4191.8999
2022-09-09,4262.7900
2022-09-12,4278.1899
2022-09-13,4273.4199
2022-09-14,4401.3901
2022-09-15,4301.0200
2022-09-16,4228.9600
2022-09-19,4271.6401
2022-09-20,4234.7500
2022-09-21,4169.5601
2022-09-22,4155.2798
2022-09-23,3919.5300
2022-09-26,3791.9700
2022-09-27,3871.0300
2022-09-28,4078.5901
2022-09-29,4082.8601
2022-09-30,4071.8899
2022-10-03,4196.3101
2022-10-04,4301.3198
2022-10-05,4299.7998
2022-10-06,4314.2100
2022-10-07,4285.6802
2022-10-10,4170.3198
2022-10-11,4162.3101
2022-10-12,4217.1099
2022-10-13,4371.8599
2022-10-14,4208.0801
2022-10-17,4267.1499
2022-10-18,4225.3701
2022-10-19,4311.1299
2022-10-20,4329.1201
2022-10-21,4402.4102
2022-10-24,4295.5698
2022-10-25,4300.3301
2022-10-26,4339.5098
2022-10-27,4397.0898
2022-10-28,4537.7998
2022-10-31,4569.5400
2022-11-01,4638.0601
2022-11-02,4572.7202
2022-11-03,4608.7300
2022-11-04,4607.7002
2022-11-07,4596.7500
2022-11-08,4619.2598
2022-11-09,4440.2300
2022-11-10,4582.8101
2022-11-11,4545.2598
2022-11-14,4531.8198
2022-11-15,4567.7002
2022-11-16,4578.0498
2022-11-17,4551.0400
2022-11-18,4569.5601
2022-11-21,4519.0801
2022-11-22,4663.4902
2022-11-23,4660.5698
2022-11-25,4670.1099
2022-11-28,4588.8398
2022-11-29,4650.2500
2022-11-30,4688.0000
2022-12-01,4673.1001
2022-12-02,4655.2500
2022-12-05,4532.7100
2022-12-06,4384.4502
2022-12-07,4440.8999
2022-12-08,4370.2798
2022-12-09,4260.7700
2022-12-12,4270.2402
2022-12-13,4317.5000
2022-12-14,4279.6099
2022-12-15,4197.7202
2022-12-16,4143.1602
2022-12-19,4074.1699
2022-12-20,4103.0400
2022-12-21,4176.9600
2022-12-22,4080.6399
2022-12-23,4169.3701
2022-12-27,4191.9800
2022-12-28,4077.7600
2022-12-29,4129.6899
2022-12-30,4135.3301
2023-01-03,3967.5601
2023-01-04,4033.2500
2023-01-05,4048.5901
2023-01-06,4092.2100
2023-01-09,4072.7800
2023-01-10,4108.9102
2023-01-11,4134.2202
2023-01-12,4213.4199
2023-01-13,4275.5400
2023-01-17,4204.5801
2023-01-18,4195.2402
2023-01-19,4241.3501
2023-01-20,4284.2202
2023-01-23,4320.1899
2023-01-24,4292.5601
2023-01-25,4272.3501
2023-01-26,4350.7900
2023-01-27,4343.8701
2023-01-30,4267.1099
2023-01-31,4394.0498
2023-02-01,4356.5298
2023-02-02,4250.4702
2023-02-03,4205.5601
2023-02-06,4190.4702
2023-02-07,4250.9902
2023-02-08,4243.4199
2023-02-09,4217.6201
2023-02-10,4344.5498
2023-02-13,4283.4702
2023-02-14,4278.1699
2023-02-15,4281.6299
2023-02-16,4228.4199
2023-02-17,4152.9702
2023-02-21,4126.9502
2023-02-22,4138.4399
2023-02-23,4298.8599
2023-02-24,4253.0400
2023-02-27,4286.8701
2023-02-28,4249.1099
2023-03-01,4312.2900
2023-03-02,4357.5698
2023-03-03,4386.5400
2023-03-06,4305.5400
2023-03-07,4254.1499
2023-03-08,4253.8198
2023-03-09,4206.3901
2023-03-10,4196.6802
2023-03-13,4131.1099
2023-03-14,4077.4299
2023-03-15,3943.7600
2023-03-16,3985.8799
2023-03-17,3924.6699
2023-03-20,3999.6899
2023-03-21,4070.8101
2023-03-22,4025.3201
2023-03-23,3992.4500
2023-03-24,4006.9199
2023-03-27,4061.2000
2023-03-28,4157.6299
2023-03-29,4226.0098
2023-03-30,4248.1201
2023-03-31,4274.2402
2023-04-03,4388.1802
2023-04-04,4323.6201
2023-04-05,4342.8701
2023-04-06,4297.8501
2023-04-10,4325.4102
2023-04-11,4339.8999
2023-04-12,4363.1201
2023-04-13,4376.9102
2023-04-14,4385.7900
2023-04-17,4341.7100
2023-04-18,4312.4800
2023-04-19,4282.9902
2023-04-20,4271.6401
2023-04-21,4254.3101
2023-04-24,4283.8799
2023-04-25,4191.3301
2023-04-26,4174.1499
2023-04-27,4191.0000
2023-04-28,4199.5000
2023-05-01,4173.1001
2023-05-02,4038.0601
2023-05-03,3934.3000
2023-05-04,3914.1299
2023-05-05,4023.6499
2023-05-08,4034.5100
2023-05-09,4061.0100
2023-05-10,4018.6001
2023-05-11,3957.2200
2023-05-12,3963.6299
2023-05-15,4013.1201
2023-05-16,3911.7900
2023-05-17,3937.2700
2023-05-18,3936.1001
2023-05-19,3938.0601
2023-05-22,3963.9700
2023-05-23,4020.0801
2023-05-24,3961.7300
2023-05-25,3934.2700
2023-05-26,3910.6499
2023-05-30,3880.5500
2023-05-31,3871.2100
2023-06-01,3945.1399
2023-06-02,4037.5400
2023-06-05,3996.5100
2023-06-06,4029.7500
2023-06-07,4097.2100
2023-06-08,4117.7002
2023-06-09,4109.4600
2023-06-12,4056.2400
2023-06-13,4100.7402
2023-06-14,4085.4299
2023-06-15,4099.9902
2023-06-16,4106.8398
2023-06-20,4083.7800
2023-06-21,4125.8901
2023-06-22,4077.8401
2023-06-23,4038.6499
2023-06-26,4087.7000
2023-06-27,4104.6499
2023-06-28,4123.3101
2023-06-29,4155.6001
2023-06-30,4182.4800
2023-07-03,4201.4902
2023-07-05,4176.9399
2023-07-06,4087.3701
2023-07-07,4118.2700
2023-07-10,4109.3398
2023-07-11,4202.5898
2023-07-12,4185.9600
2023-07-13,4222.9302
2023-07-14,4140.8701
2023-07-17,4150.3799
2023-07-18,4220.2900
2023-07-19,4188.3198
2023-07-20,4205.7700
2023-07-21,4251.5498
2023-07-24,4314.6602
2023-07-25,4324.8301
2023-07-26,4315.8101
2023-07-27,4266.3198
2023-07-28,4354.7002
2023-07-31,4384.6299
2023-08-01,4337.8398
2023-08-02,4283.9600
2023-08-03,4343.4102
2023-08-04,4350.2300
2023-08-07,4328.7700
2023-08-08,4377.3999
2023-08-09,4454.3901
2023-08-10,4459.5200
2023-08-11,4491.0200
2023-08-14,4451.6201
2023-08-15,4378.4102
2023-08-16,4346.0898
2023-08-17,4414.2598
2023-08-18,4444.4600
2023-08-21,4433.7002
2023-08-22,4451.3599
2023-08-23,4449.3799
2023-08-24,4367.1602
2023-08-25,4387.8198
2023-08-28,4419.4302
2023-08-29,4464.4199
2023-08-30,4502.8901
2023-08-31,4479.3701
2023-09-01,4554.0498
2023-09-05,4524.6802
2023-09-06,4483.8599
2023-09-07,4440.3701
2023-09-08,4483.6699
2023-09-11,4464.6201
2023-09-12,4522.5801
2023-09-13,4479.8301
2023-09-14,4565.5000
2023-09-15,4534.2700
2023-09-18,4523.4902
2023-09-19,4488.6899
2023-09-20,4472.5698
2023-09-21,4424.7900
2023-09-22,4459.9502
2023-09-25,4561.7002
2023-09-26,4526.2402
2023-09-27,4620.9502
2023-09-28,4658.8901
2023-09-29,4592.3101
2023-10-02,4491.8501
2023-10-03,4484.3101
2023-10-04,4371.6201
2023-10-05,4383.8101
2023-10-06,4433.9502
2023-10-09,4575.4102
2023-10-10,4609.7202
2023-10-11,4629.0801
2023-10-12,4632.7402
2023-10-13,4662.7598
2023-10-16,4648.4399
2023-10-17,4645.2202
2023-10-18,4661.6299
2023-10-19,4658.8198
2023-10-20,4581.8701
2023-10-23,4518.3101
2023-10-24,4487.2300
2023-10-25,4504.2700
2023-10-26,4507.9702
2023-10-27,4461.5698
2023-10-30,4472.7202
2023-10-31,4448.0898
2023-11-01,4490.9502
2023-11-02,4610.4702
2023-11-03,4586.0400
2023-11-06,4545.2798
2023-11-07,4480.5400
2023-11-08,4440.7700
2023-11-09,4437.7202
2023-11-10,4486.7300
2023-11-13,4499.4399
2023-11-14,4554.4399
2023-11-15,4532.1299
2023-11-16,4533.5298
2023-11-17,4598.1899
2023-11-20,4584.8701
2023-11-21,4609.8901
2023-11-22,4604.1699
2023-11-24,4646.7202
2023-11-27,4635.3101
2023-11-28,4655.1499
2023-11-29,4658.3599
2023-11-30,4649.5601
2023-12-01,4685.9302
2023-12-04,4606.7900
2023-12-05,4537.2402
2023-12-06,4514.1401
2023-12-07,4473.6401
2023-12-08,4568.0698
2023-12-11,4498.3701
2023-12-12,4440.3398
2023-12-13,4492.0898
2023-12-14,4578.5000
2023-12-15,4520.8198
2023-12-18,4599.7202
2023-12-19,4623.1099
2023-12-20,4556.1802
2023-12-21,4583.7700
2023-12-22,4606.0801
2023-12-26,4632.7798
2023-12-27,4627.1299
2023-12-28,4582.6699
2023-12-29,4594.3198
2024-01-02,4598.2100
2024-01-03,4643.4702
2024-01-04,4618.0000
2024-01-05,4600.5298
2024-01-08,4561.0898
2024-01-09,4580.0801
2024-01-10,4570.2402
2024-01-11,4547.3799
2024-01-12,4560.5098
2024-01-16,4521.3599
2024-01-17,4435.6802
2024-01-18,4441.3198
2024-01-19,4427.5601
2024-01-22,4424.8999
2024-01-23,4420.9702
2024-01-24,4456.6802
2024-01-25,4482.9102
2024-01-26,4532.3301
2024-01-29,4522.0801
2024-01-30,4573.0000
2024-01-31,4499.3198
2024-02-01,4486.2402
2024-02-02,4443.8901
2024-02-05,4410.8198
2024-02-06,4450.5898
2024-02-07,4436.5400
2024-02-08,4472.1401
2024-02-09,4451.1001
2024-02-12,4508.0601
2024-02-13,4430.2700
2024-02-14,4426.4600
2024-02-15,4520.8501
2024-02-16,4514.6299
2024-02-20,4490.6001
2024-02-21,4578.6401
2024-02-22,4518.8101
2024-02-23,4523.4102
2024-02-26,4519.2202
2024-02-27,4511.2202
2024-02-28,4470.7998
2024-02-29,4503.9399
2024-03-01,4569.3599
2024-03-04,4501.7300
2024-03-05,4535.5298
2024-03-06,4570.3901
2024-03-07,4620.5801
2024-03-08,4607.3198
2024-03-11,4675.1401
2024-03-12,4694.3501
2024-03-13,4746.8501
2024-03-14,4759.2900
2024-03-15,4752.5498
2024-03-18,4762.7900
2024-03-19,4743.1001
2024-03-20,4772.0000
2024-03-21,4783.8599
2024-03-22,4779.9302
2024-03-25,4832.8599
2024-03-26,4810.5698
2024-03-27,4830.2402
2024-03-28,4873.0601
2024-04-01,4899.2500
2024-04-02,4953.2100
2024-04-03,5030.8799
2024-04-04,4997.6899
2024-04-05,5051.1899
2024-04-08,5067.6001
2024-04-09,5039.7598
2024-04-10,5076.2202
2024-04-11,4961.0698
2024-04-12,4890.3101
2024-04-15,4810.9902
2024-04-16,4847.2798
2024-04-17,4829.2402
2024-04-18,4778.2002
2024-04-19,4834.8599
2024-04-22,4870.1201
2024-04-23,4894.9399
2024-04-24,4896.2300
2024-04-25,4922.2500
2024-04-26,4907.7202
2024-04-29,4938.9702
2024-04-30,4815.1699
2024-05-01,4751.8999
2024-05-02,4792.7402
2024-05-03,4793.2798
2024-05-06,4856.5698
2024-05-07,4853.5000
2024-05-08,4883.4800
2024-05-09,4916.2402
2024-05-10,4890.3501
2024-05-13,4879.3198
2024-05-14,4868.1699
2024-05-15,4897.5801
2024-05-16,4908.4502
2024-05-17,4971.1802
2024-05-20,4973.7300
2024-05-21,4954.8501
2024-05-22,4866.0698
2024-05-23,4833.3101
2024-05-24,4898.1401
2024-05-28,4978.8101
2024-05-29,4898.2598
2024-05-30,4948.9102
2024-05-31,4975.5298
2024-06-03,4794.7900
2024-06-04,4703.4502
2024-06-05,4692.5400
2024-06-06,4733.9600
2024-06-07,4641.6899
2024-06-10,4700.1299
2024-06-11,4682.1401
2024-06-12,4693.6899
2024-06-13,4612.8999
2024-06-14,4602.4600
2024-06-17,4608.6401
2024-06-18,4667.8398
2024-06-20,4737.3398
2024-06-21,4689.2100
2024-06-24,4805.6299
2024-06-25,4784.2900
2024-06-26,4761.8398
2024-06-27,4852.5000
2024-06-28,4829.6602
2024-07-01,4758.5698
2024-07-02,4815.7700
2024-07-03,4890.3799
2024-07-05,4870.9800
2024-07-08,4852.5200
2024-07-09,4827.5298
2024-07-10,4920.0698
2024-07-11,5006.2700
2024-07-12,5042.7998
2024-07-15,5095.2402
2024-07-16,5103.8799
2024-07-17,5088.7700
2024-07-18,5009.5601
2024-07-19,4984.9902
2024-07-22,5043.1401
2024-07-23,5024.4800
2024-07-24,5054.7700
2024-07-25,5070.8599
2024-07-26,5087.5698
2024-07-29,4976.3799
2024-07-30,4998.6899
2024-07-31,5117.4902
2024-08-01,4954.2598
2024-08-02,4851.1899
2024-08-05,4766.2500
2024-08-06,4816.6401
2024-08-07,4837.5098
2024-08-08,4940.8701
2024-08-09,4964.3101
2024-08-12,5083.4702
2024-08-13,5107.9902
2024-08-14,5126.9600
2024-08-15,5193.0801
2024-08-16,5217.0400
2024-08-19,5211.3799
2024-08-20,5138.8101
2024-08-21,5176.2798
2024-08-22,5164.3101
2024-08-23,5262.9302
2024-08-26,5292.6001
2024-08-27,5212.6499
2024-08-28,5185.3301
2024-08-29,5237.4502
2024-08-30,5198.5298
2024-09-03,5050.9199
2024-09-04,4977.8198
2024-09-05,4932.2100
2024-09-06,4827.9600
2024-09-09,4830.7998
2024-09-10,4780.2202
2024-09-11,4786.0200
2024-09-12,4850.8599
2024-09-13,4891.7100
2024-09-16,4923.5098
2024-09-17,4930.9902
2024-09-18,4901.8901
2024-09-19,5016.8999
2024-09-20,5022.7998
2024-09-23,5071.8198
2024-09-24,5152.8599
2024-09-25,5098.6401
2024-09-26,5047.9502
2024-09-27,5090.2202
2024-09-30,5082.1401
2024-10-01,5205.3701
2024-10-02,5219.2202
2024-10-03,5277.1699
2024-10-04,5334.3301
2024-10-07,5400.0801
2024-10-08,5302.9702
2024-10-09,5309.1499
2024-10-10,5383.1699
2024-10-11,5389.4800
2024-10-14,5388.8101
2024-10-15,5272.2798
2024-10-16,5345.1802
2024-10-17,5395.9502
2024-10-18,5405.7300
2024-10-21,5392.3599
2024-10-22,5384.7100
2024-10-23,5297.9102
2024-10-24,5314.1802
2024-10-25,5344.9902
2024-10-28,5289.6699
2024-10-29,5266.2598
2024-10-30,5257.1201
2024-10-31,5226.7002
2024-11-01,5081.2598
2024-11-04,5083.0000
2024-11-05,5094.7202
2024-11-06,5207.0801
2024-11-07,5285.2300
2024-11-08,5245.0801
2024-11-11,5240.1001
2024-11-12,5181.9302
2024-11-13,5154.7002
2024-11-14,5233.7100
2024-11-15,5177.5200
2024-11-18,5260.8398
2024-11-19,5306.7500
2024-11-20,5298.1899
2024-11-21,5372.6499
2024-11-22,5376.5498
2024-11-25,5308.3501
2024-11-26,5208.5098
2024-11-27,5200.7300
2024-11-29,5242.3101
2024-12-02,5224.4199
2024-12-03,5200.1802
2024-12-04,5129.5498
2024-12-05,5201.4902
2024-12-06,5123.5801
2024-12-09,5170.3999
2024-12-10,5193.6401
2024-12-11,5273.6299
2024-12-12,5030.1499
2024-12-13,4953.6499
2024-12-16,4912.4600
2024-12-17,4864.7998
2024-12-18,4726.8999
2024-12-19,4663.2798
2024-12-20,4657.7798
2024-12-23,4676.7700
2024-12-24,4711.0498
2024-12-26,4742.2998
2024-12-27,4702.0801
2024-12-30,4651.1099
2024-12-31,4686.2798
2025-01-02,4754.4302
2025-01-03,4759.5298
2025-01-06,4786.0098
2025-01-07,4879.1299
2025-01-08,4902.0898
2025-01-10,4914.8599
2025-01-13,4870.5898
2025-01-14,4911.9102
2025-01-15,4974.2100
2025-01-16,4990.2900
2025-01-17,4981.0801
2025-01-21,5082.2100
2025-01-22,5098.8599
2025-01-23,5126.1699
2025-01-24,5087.5498
2025-01-27,5032.8198
2025-01-28,5047.8599
2025-01-29,5040.5498
2025-01-30,5110.4102
2025-01-31,4899.4502
2025-02-03,4877.5298
2025-02-04,4946.4800
2025-02-05,4961.7798
2025-02-06,4986.4302
2025-02-07,5020.3999
2025-02-10,5079.3999
2025-02-11,5133.8398
2025-02-12,5145.4600
2025-02-13,5140.9502
2025-02-14,5100.7100
2025-02-18,5174.5098
2025-02-19,5181.8799
2025-02-20,5252.9800
2025-02-21,5068.1001
2025-02-24,5020.7598
2025-02-25,4973.2002
2025-02-26,4966.2300
2025-02-27,4888.0698
2025-02-28,4919.4199
2025-03-03,4822.7598
2025-03-04,4767.2500
2025-03-05,4739.1001
2025-03-06,4773.5898
2025-03-07,4956.1099
2025-03-10,4906.7002
2025-03-11,4825.3901
2025-03-12,4873.9702
2025-03-13,4865.0698
2025-03-14,4939.7002
2025-03-17,5038.9600
2025-03-18,5053.6001
2025-03-19,5118.3901
2025-03-20,5145.5000
2025-03-21,5110.6201
2025-03-24,5176.6201
2025-03-25,5194.3599
2025-03-26,5175.5698
2025-03-27,5154.0400
2025-03-28,5060.4800
2025-03-31,5106.0601
2025-04-01,5131.7998
2025-04-02,5162.4502
2025-04-03,4916.2500
2025-04-04,4607.9502
2025-04-07,4492.9902
2025-04-08,4390.1602
2025-04-09,4674.1899
2025-04-10,4451.2002
2025-04-11,4584.3398
2025-04-14,4598.3101
2025-04-15,4550.5400
2025-04-16,4595.2100
2025-04-17,4675.8501
2025-04-21,4716.8901
2025-04-22,4876.6699
2025-04-23,4862.6802
2025-04-24,4945.6299
2025-04-25,4960.6699
2025-04-28,4983.7700
2025-04-29,4988.3501
2025-04-30,4922.8301
2025-05-01,4953.8101
2025-05-02,4995.1299
2025-05-05,4938.0098
2025-05-06,4997.8301
2025-05-07,4979.6899
2025-05-08,5027.1499
2025-05-09,5118.0000
2025-05-12,5159.3301
2025-05-13,5215.2998
2025-05-14,5162.5698
2025-05-15,5150.7202
2025-05-16,5150.8999
2025-05-19,5147.7998
2025-05-20,5159.2402
2025-05-21,5158.3501
2025-05-22,5128.1001
2025-05-23,5181.9600
2025-05-27,5229.2998
2025-05-28,5206.6699
2025-05-29,5212.1201
2025-05-30,5194.3799
2025-06-02,5277.3101
2025-06-03,5358.1299
2025-06-04,5329.5898
2025-06-05,5385.9502
2025-06-06,5419.1001
2025-06-09,5461.8599
2025-06-10,5545.6602
2025-06-11,5659.0898
2025-06-12,5690.1201
2025-06-13,5805.3398
2025-06-16,5791.3101
2025-06-17,5807.1699
2025-06-18,5805.5400
2025-06-20,5780.8799
2025-06-23,5736.9502
2025-06-24,5727.9102
2025-06-25,5778.2798
2025-06-26,5864.7300
2025-06-27,5751.1001
2025-06-30,5781.3198
2025-07-01,5818.3501
2025-07-02,5868.4399
2025-07-03,5878.2300
2025-07-07,5866.0098
2025-07-08,5860.3101
2025-07-09,5827.8501
2025-07-10,5884.6201
2025-07-11,5964.3398
2025-07-14,6004.3901
2025-07-15,5936.7798
2025-07-16,5948.8501
2025-07-17,5961.4600
2025-07-18,5967.0098
2025-07-21,5971.0298
2025-07-22,6043.7100
2025-07-23,6077.8501
2025-07-24,6072.8901
2025-07-25,6047.7002
2025-07-28,6084.8101
2025-07-29,6113.9199
2025-07-30,6015.1899
2025-07-31,5975.5601
2025-08-01,5963.7798
2025-08-04,6078.3198
2025-08-05,6132.0801
2025-08-06,6188.0601
2025-08-07,6174.7100
2025-08-08,6191.1401
2025-08-11,6107.0298
2025-08-12,6148.0400
2025-08-13,6152.2998
2025-08-14,6142.6699
2025-08-15,6187.8901
2025-08-18,6193.7002
2025-08-19,6098.2002
2025-08-20,6153.3599
2025-08-21,6223.3301
2025-08-22,6407.5000
2025-08-25,6421.3501
2025-08-26,6442.5200
2025-08-27,6555.8799
2025-08-28,6607.6602
2025-08-29,6640.8501
2025-09-02,6623.6299
2025-09-03,6603.7598
2025-09-04,6605.9302
2025-09-05,6664.0801
2025-09-08,6650.9399
2025-09-09,6765.9600
2025-09-10,6856.2700
2025-09-11,6926.8701
2025-09-12,6877.7402
2025-09-15,6987.9502
2025-09-16,7025.2798
2025-09-17,6990.6001
2025-09-18,6993.9800
2025-09-19,6929.2500
2025-09-22,7028.5000
2025-09-23,7072.7100
2025-09-24,7072.3501
2025-09-25,7066.8301
2025-09-26,7089.7598
2025-09-29,7053.3101
2025-09-30,6986.9199
2025-10-01,6977.4102
2025-10-02,6908.5698
2025-10-03,6956.9199
2025-10-06,7026.3301
2025-10-07,7037.7900
2025-10-08,7033.1499
2025-10-09,6910.4600
2025-10-10,6827.8901
2025-10-13,7045.3799
2025-10-14,7064.1099
2025-10-15,7051.8301
2025-10-16,6967.1001
2025-10-17,6889.9102
2025-10-20,7074.0200
2025-10-21,6883.2300
2025-10-22,6953.2002
2025-10-23,7056.0200
2025-10-24,7071.5698
2025-10-27,7053.1001
2025-10-28,7054.0801
2025-10-29,7100.7100
2025-10-30,7084.4399
2025-10-31,6928.9702
2025-11-03,6947.7300
2025-11-04,6787.6899
2025-11-05,6830.8901
2025-11-06,6894.0601
2025-11-07,7038.2998
2025-11-10,7192.2998
2025-11-11,7215.7402
2025-11-12,7260.3999
2025-11-13,7185.2900
2025-11-14,7289.8198
2025-11-17,7239.6899
2025-11-18,7335.7202
2025-11-19,7291.0298
2025-11-20,7173.8701
2025-11-21,7142.2002
2025-11-24,7243.1699
2025-11-25,7300.9800
2025-11-26,7404.1299
2025-11-28,7469.9702
2025-12-01,7434.5200
2025-12-02,7282.1699
2025-12-03,7310.1602
2025-12-04,7278.0000
2025-12-05,7193.2402
2025-12-08,7024.8799
2025-12-09,7089.0000
2025-12-10,7161.6001
2025-12-11,7228.6099
2025-12-12,7183.3101
2025-12-15,7081.0098
2025-12-16,6851.8901
2025-12-17,6782.2998
2025-12-18,6755.8398
2025-12-19,6793.5698
2025-12-22,6900.5801
2025-12-23,6943.9800
2025-12-24,6936.5698
2025-12-26,6933.8101
2025-12-29,6880.7798
2025-12-30,6930.7402
2025-12-31,6866.7900
2026-01-02,6985.0801
2026-01-05,6978.9199
2026-01-06,7004.2500
2026-01-07,6984.9502
2026-01-08,7067.7002
2026-01-09,7124.2002
2026-01-12,7302.1201
2026-01-13,7444.2700
2026-01-14,7623.3901
2026-01-15,7516.2500
2026-01-16,7602.6099
2026-01-20,7607.4902
2026-01-21,7724.4502
2026-01-22,7789.6401
2026-01-23,7903.7598
2026-01-26,7911.0698
2026-01-27,8055.3198
2026-01-28,8097.1699
2026-01-29,8140.0098
2026-01-30,7712.0498
2026-02-02,7794.9199
2026-02-03,8108.7100
2026-02-04,8224.9199
2026-02-05,7974.5200
2026-02-06,8287.6396
2026-02-09,8457.3604
2026-02-10,8478.1104
2026-02-11,8742.4199
2026-02-12,8448.4697
2026-02-13,8655.4004
2026-02-17,8455.1396
2026-02-18,8623.4902
2026-02-19,8763.4404
2026-02-20,8713.6396
2026-02-23,8636.0596
2026-02-24,8612.7500
2026-02-25,8629.6396
2026-02-26,8716.1797
2026-02-27,8761.1396
2026-03-02,8861.1104
2026-03-03,8695.6504
2026-03-04,8730.1504
2026-03-05,8585.0996
2026-03-06,8540.8496
2026-03-09,8565.2900
2026-03-10,8551.0098
2026-03-11,8609.9600
2026-03-12,8620.0703
2026-03-13,8420.4697
2026-03-16,8568.7500
2026-03-17,8612.7900
2026-03-18,8538.8398
2026-03-19,8525.6201
2026-03-20,8424.6299
2026-03-23,8468.3398
2026-03-24,8621.0703
2026-03-25,8725.9902
2026-03-26,8547.2900
2026-03-27,8711.1699
2026-03-30,8641.7900
2026-03-31,8825.5596
2026-04-01,8824.7100
2026-04-02,8890.1396
2026-04-06,8837.6904
2026-04-07,8953.3701
2026-04-08,8933.3604
2026-04-09,8840.7002
2026-04-10,8875.3896
2026-04-13,8959.2305
2026-04-14,8882.2695
2026-04-15,8789.1201
2026-04-16,8834.0303
2026-04-17,8705.4199
2026-04-20,8738.0996
2026-04-21,8706.1602
2026-04-22,8818.1104
2026-04-23,8883.6797
2026-04-24,8772.5703
2026-04-27,8859.7002
2026-04-28,8888.1504
2026-04-29,8928.7500
2026-04-30,9172.2598
2026-05-01,8924.2305
2026-05-04,8982.9902
2026-05-05,9081.8203
2026-05-06,8897.4805
2026-05-07,8760.0996
2026-05-08,8847.0801
2026-05-11,9075.4404
2026-05-12,9202.3301
2026-05-13,9134.8604
2026-05-14,9117.0400
2026-05-15,9158.9600
2026-05-18,9270.2402
2026-05-19,9185.1104
2026-05-20,9070.9902
2026-05-21,9070.1699
2026-05-22,9026.8398
2026-05-26,8897.1699
2026-05-27,8686.4199
2026-05-28,8632.5996
2026-05-29,8484.5098
2026-06-01,8553.2998
2026-06-02,8762.8604
2026-06-03,8750.5801
2026-06-04,8788.4697
2026-06-05,8404.7002
2026-06-08,8412.2197
2026-06-09,8211.9199
2026-06-10,8231.7998
2026-06-11,8348.1104
2026-06-12,8395.7500
2026-06-15,8390.8096
2026-06-16,8272.6904
2026-06-17,8019.9502
2026-06-18,7938.0801
2026-06-22,7975.7700
2026-06-23,7941.5698
2026-06-24,7780.2900
2026-06-25,7809.9702
2026-06-26,7819.9902
2026-06-29,7801.9399
2026-06-30,7759.3398
2026-07-01,7713.8901
2026-07-02,7856.9199
2026-07-06,7816.1499
2026-07-07,7915.6499
2026-07-08,8095.7598
2026-07-09,8083.5801
2026-07-10,8108.0801
2026-07-13,8222.7900
2026-07-14,8188.1499
2026-07-15,8081.7500
2026-07-16,7995.8901
2026-07-17,8097.5898
2026-07-20,8105.2998
2026-07-21,8226.0000
2026-07-22,8305.7998
2026-07-23,8423.4404
2026-07-24,8402.9004
2026-07-27,8324.0303
2026-07-28,8285.0596
2026-07-29,8383.9199
2026-07-30,8438.2803
2026-07-31,8448.1396
2026-08-03,8359.7305
2026-08-04,8461.2500
2026-08-05,8441.6201
2026-08-06,8487.5996
2026-08-07,8524.6504
2026-08-10,8721.1104
2026-08-11,8764.8496
2026-08-12,8805.5498
2026-08-13,8872.5596
2026-08-14,8925.7500
2026-08-17,8994.9102
2026-08-18,8953.0400
2026-08-19,9033.0498
2026-08-20,9058.1396
2026-08-21,9179.1396
2026-08-24,9145.2598
2026-08-25,8930.2695
2026-08-26,8904.1504
2026-08-27,8943.0098
2026-08-28,8798.4004
2026-08-31,8801.1504
2026-09-01,8901.2305
2026-09-02,8890.5596
2026-09-03,8846.7695
2026-09-04,8659.9297
2026-09-08,8777.2197
2026-09-09,8783.4805
2026-09-10,8664.5586
