d,c
1998-12-22,11.632813
1998-12-23,11.875000
1998-12-24,11.812500
1998-12-28,11.750000
1998-12-29,11.867188
1998-12-30,11.687500
1998-12-31,11.671875
1999-01-04,11.664063
1999-01-05,11.601563
1999-01-06,11.984375
1999-01-07,11.929688
1999-01-08,11.984375
1999-01-11,11.757813
1999-01-12,11.578125
1999-01-13,11.406250
1999-01-14,11.187500
1999-01-15,11.359375
1999-01-19,11.359375
1999-01-20,11.265625
1999-01-21,11.359375
1999-01-22,11.296875
1999-01-25,11.281250
1999-01-26,11.171875
1999-01-27,10.968750
1999-01-28,10.906250
1999-01-29,10.906250
1999-02-01,10.796875
1999-02-02,10.812500
1999-02-03,11.062500
1999-02-04,11.125000
1999-02-05,11.437500
1999-02-08,11.593750
1999-02-09,11.375000
1999-02-10,11.406250
1999-02-11,11.312500
1999-02-12,11.078125
1999-02-16,11.000000
1999-02-17,10.890625
1999-02-18,10.921875
1999-02-19,10.859375
1999-02-22,10.968750
1999-02-23,10.875000
1999-02-24,10.828125
1999-02-25,10.882813
1999-02-26,10.812500
1999-03-01,10.703125
1999-03-02,10.593750
1999-03-03,10.828125
1999-03-04,11.218750
1999-03-05,11.429688
1999-03-08,11.593750
1999-03-09,11.468750
1999-03-10,12.125000
1999-03-11,12.296875
1999-03-12,12.250000
1999-03-15,12.156250
1999-03-16,12.093750
1999-03-17,12.406250
1999-03-18,12.562500
1999-03-19,12.390625
1999-03-22,12.468750
1999-03-23,12.250000
1999-03-24,12.187500
1999-03-25,12.218750
1999-03-26,12.375000
1999-03-29,12.718750
1999-03-30,12.484375
1999-03-31,12.296875
1999-04-01,12.281250
1999-04-05,12.578125
1999-04-06,12.453125
1999-04-07,12.328125
1999-04-08,12.453125
1999-04-09,12.687500
1999-04-12,12.781250
1999-04-13,12.765625
1999-04-14,12.609375
1999-04-15,13.156250
1999-04-16,13.570313
1999-04-19,13.734375
1999-04-20,13.515625
1999-04-21,13.312500
1999-04-22,13.546875
1999-04-23,13.375000
1999-04-26,13.078125
1999-04-27,13.492188
1999-04-28,13.937500
1999-04-29,14.359375
1999-04-30,14.117188
1999-05-03,14.468750
1999-05-04,14.484375
1999-05-05,14.273438
1999-05-06,14.234375
1999-05-07,14.320313
1999-05-10,14.156250
1999-05-11,14.203125
1999-05-12,13.937500
1999-05-13,14.007813
1999-05-14,13.906250
1999-05-17,13.851563
1999-05-18,13.531250
1999-05-19,13.718750
1999-05-20,13.875000
1999-05-21,14.093750
1999-05-24,13.757813
1999-05-25,13.703125
1999-05-26,14.093750
1999-05-27,13.671875
1999-05-28,13.812500
1999-06-01,13.734375
1999-06-02,13.890625
1999-06-03,13.937500
1999-06-04,14.156250
1999-06-07,14.320313
1999-06-08,14.093750
1999-06-09,14.125000
1999-06-10,14.203125
1999-06-11,14.312500
1999-06-14,14.437500
1999-06-15,14.617188
1999-06-16,14.468750
1999-06-17,14.484375
1999-06-18,14.437500
1999-06-21,14.101563
1999-06-22,13.953125
1999-06-23,14.062500
1999-06-24,13.828125
1999-06-25,13.718750
1999-06-28,13.632813
1999-06-29,13.820313
1999-06-30,14.023438
1999-07-01,14.132813
1999-07-02,14.179688
1999-07-06,14.445313
1999-07-07,14.406250
1999-07-08,14.500000
1999-07-09,14.492188
1999-07-12,14.640625
1999-07-13,14.500000
1999-07-14,14.523438
1999-07-15,14.656250
1999-07-16,14.562500
1999-07-19,14.507813
1999-07-20,14.125000
1999-07-21,14.281250
1999-07-22,14.070313
1999-07-23,14.140625
1999-07-26,13.875000
1999-07-27,13.875000
1999-07-28,14.078125
1999-07-29,13.992188
1999-07-30,14.289063
1999-08-02,13.976563
1999-08-03,14.156250
1999-08-04,14.351563
1999-08-05,14.601563
1999-08-06,14.578125
1999-08-09,14.929688
1999-08-10,14.843750
1999-08-11,14.937500
1999-08-12,14.968750
1999-08-13,14.921875
1999-08-16,14.773438
1999-08-17,14.882813
1999-08-18,14.773438
1999-08-19,14.875000
1999-08-20,14.921875
1999-08-23,15.000000
1999-08-24,14.906250
1999-08-25,14.835938
1999-08-26,14.453125
1999-08-27,14.445313
1999-08-30,14.250000
1999-08-31,14.445313
1999-09-01,14.406250
1999-09-02,14.250000
1999-09-03,14.421875
1999-09-07,14.687500
1999-09-08,14.734375
1999-09-09,15.062500
1999-09-10,15.015625
1999-09-13,14.781250
1999-09-14,14.617188
1999-09-15,14.406250
1999-09-16,14.398438
1999-09-17,14.468750
1999-09-20,14.250000
1999-09-21,13.781250
1999-09-22,13.796875
1999-09-23,13.640625
1999-09-24,13.500000
1999-09-27,13.625000
1999-09-28,13.406250
1999-09-29,13.585938
1999-09-30,13.718750
1999-10-01,13.671875
1999-10-04,13.515625
1999-10-05,13.218750
1999-10-06,13.453125
1999-10-07,13.203125
1999-10-08,13.054688
1999-10-11,13.250000
1999-10-12,13.320313
1999-10-13,13.406250
1999-10-14,13.359375
1999-10-15,13.164063
1999-10-18,13.187500
1999-10-19,13.226563
1999-10-20,13.500000
1999-10-21,13.562500
1999-10-22,13.789063
1999-10-25,13.562500
1999-10-26,13.250000
1999-10-27,13.359375
1999-10-28,13.421875
1999-10-29,13.515625
1999-11-01,13.507813
1999-11-02,13.382813
1999-11-03,13.312500
1999-11-04,13.101563
1999-11-05,12.781250
1999-11-08,13.265625
1999-11-09,13.546875
1999-11-10,13.843750
1999-11-11,13.843750
1999-11-12,13.937500
1999-11-15,14.015625
1999-11-16,14.250000
1999-11-17,14.500000
1999-11-18,14.500000
1999-11-19,14.171875
1999-11-22,13.945313
1999-11-23,13.656250
1999-11-24,13.828125
1999-11-26,13.625000
1999-11-29,13.515625
1999-11-30,13.492188
1999-12-01,13.757813
1999-12-02,13.625000
1999-12-03,13.562500
1999-12-06,13.554688
1999-12-07,13.296875
1999-12-08,13.437500
1999-12-09,13.546875
1999-12-10,13.156250
1999-12-13,13.234375
1999-12-14,13.203125
1999-12-15,13.468750
1999-12-16,13.601563
1999-12-17,13.500000
1999-12-20,13.203125
1999-12-21,13.242188
1999-12-22,13.171875
1999-12-23,13.546875
1999-12-27,13.453125
1999-12-28,13.468750
1999-12-29,13.609375
1999-12-30,13.500000
1999-12-31,13.546875
2000-01-03,13.281250
2000-01-04,13.031250
2000-01-05,13.375000
2000-01-06,13.890625
2000-01-07,14.039063
2000-01-10,13.921875
2000-01-11,13.937500
2000-01-12,13.875000
2000-01-13,14.117188
2000-01-14,14.031250
2000-01-18,14.203125
2000-01-19,14.156250
2000-01-20,14.156250
2000-01-21,14.546875
2000-01-24,14.031250
2000-01-25,14.000000
2000-01-26,13.781250
2000-01-27,13.500000
2000-01-28,13.343750
2000-01-31,13.656250
2000-02-01,13.625000
2000-02-02,13.710938
2000-02-03,13.546875
2000-02-04,13.156250
2000-02-07,13.304688
2000-02-08,13.187500
2000-02-09,12.750000
2000-02-10,13.015625
2000-02-11,12.859375
2000-02-14,13.062500
2000-02-15,13.609375
2000-02-16,13.671875
2000-02-17,13.656250
2000-02-18,13.257813
2000-02-22,13.140625
2000-02-23,12.796875
2000-02-24,12.656250
2000-02-25,12.406250
2000-02-28,12.781250
2000-02-29,13.078125
2000-03-01,13.406250
2000-03-02,13.656250
2000-03-03,13.437500
2000-03-06,13.359375
2000-03-07,14.281250
2000-03-08,14.046875
2000-03-09,14.062500
2000-03-10,13.875000
2000-03-13,13.671875
2000-03-14,13.843750
2000-03-15,13.781250
2000-03-16,14.375000
2000-03-17,13.890625
2000-03-20,13.671875
2000-03-21,14.109375
2000-03-22,14.000000
2000-03-23,13.984375
2000-03-24,14.015625
2000-03-27,14.062500
2000-03-28,14.000000
2000-03-29,14.734375
2000-03-30,14.734375
2000-03-31,14.656250
2000-04-03,14.906250
2000-04-04,14.718750
2000-04-05,14.281250
2000-04-06,14.656250
2000-04-07,14.429688
2000-04-10,14.218750
2000-04-11,14.468750
2000-04-12,14.593750
2000-04-13,14.562500
2000-04-14,14.250000
2000-04-17,13.906250
2000-04-18,13.976563
2000-04-19,14.281250
2000-04-20,14.304688
2000-04-24,14.460938
2000-04-25,14.484375
2000-04-26,14.671875
2000-04-27,14.875000
2000-04-28,14.437500
2000-05-01,14.671875
2000-05-02,14.882813
2000-05-03,14.500000
2000-05-04,14.875000
2000-05-05,15.031250
2000-05-08,15.218750
2000-05-09,15.226563
2000-05-10,15.273438
2000-05-11,15.750000
2000-05-12,15.804688
2000-05-15,16.132812
2000-05-16,15.820313
2000-05-17,15.898438
2000-05-18,15.875000
2000-05-19,15.906250
2000-05-22,15.773438
2000-05-23,15.710938
2000-05-24,15.726563
2000-05-25,15.437500
2000-05-26,15.445313
2000-05-30,15.664063
2000-05-31,16.132812
2000-06-01,15.984375
2000-06-02,15.437500
2000-06-05,15.218750
2000-06-06,15.812500
2000-06-07,15.609375
2000-06-08,15.687500
2000-06-09,15.585938
2000-06-12,15.937500
2000-06-13,15.937500
2000-06-14,15.914063
2000-06-15,15.687500
2000-06-16,15.875000
2000-06-19,15.742188
2000-06-20,15.656250
2000-06-21,15.937500
2000-06-22,15.515625
2000-06-23,15.710938
2000-06-26,15.585938
2000-06-27,15.476563
2000-06-28,15.343750
2000-06-29,15.375000
2000-06-30,15.171875
2000-07-03,15.265625
2000-07-05,14.632813
2000-07-06,14.781250
2000-07-07,14.851563
2000-07-10,14.921875
2000-07-11,15.453125
2000-07-12,15.250000
2000-07-13,15.015625
2000-07-14,15.000000
2000-07-17,14.804688
2000-07-18,14.937500
2000-07-19,14.898438
2000-07-20,14.750000
2000-07-21,14.468750
2000-07-24,14.320313
2000-07-25,14.187500
2000-07-26,14.304688
2000-07-27,14.796875
2000-07-28,14.687500
2000-07-31,14.593750
2000-08-01,14.867188
2000-08-02,15.148438
2000-08-03,14.937500
2000-08-04,15.000000
2000-08-07,15.195313
2000-08-08,15.226563
2000-08-09,15.500000
2000-08-10,15.640625
2000-08-11,15.625000
2000-08-14,15.843750
2000-08-15,15.781250
2000-08-16,16.000000
2000-08-17,16.375000
2000-08-18,16.187500
2000-08-21,16.250000
2000-08-22,16.203125
2000-08-23,16.625000
2000-08-24,16.265625
2000-08-25,16.312500
2000-08-28,16.375000
2000-08-29,16.390625
2000-08-30,16.250000
2000-08-31,16.187500
2000-09-01,16.351562
2000-09-05,16.351562
2000-09-06,16.710938
2000-09-07,16.632812
2000-09-08,16.437500
2000-09-11,16.960938
2000-09-12,16.937500
2000-09-13,16.656250
2000-09-14,16.609375
2000-09-15,16.968750
2000-09-18,17.000000
2000-09-19,16.546875
2000-09-20,16.218750
2000-09-21,16.093750
2000-09-22,15.992188
2000-09-25,15.750000
2000-09-26,16.125000
2000-09-27,16.429688
2000-09-28,16.367188
2000-09-29,16.382812
2000-10-02,16.718750
2000-10-03,16.710938
2000-10-04,16.218750
2000-10-05,16.195312
2000-10-06,16.125000
2000-10-09,16.375000
2000-10-10,16.742188
2000-10-11,16.898438
2000-10-12,17.156250
2000-10-13,16.500000
2000-10-16,16.343750
2000-10-17,16.351562
2000-10-18,16.132812
2000-10-19,16.210938
2000-10-20,16.531250
2000-10-23,16.265625
2000-10-24,15.992188
2000-10-25,15.601563
2000-10-26,15.671875
2000-10-27,15.562500
2000-10-30,15.828125
2000-10-31,15.937500
2000-11-01,16.453125
2000-11-02,15.875000
2000-11-03,15.812500
2000-11-06,15.875000
2000-11-07,16.000000
2000-11-08,16.156250
2000-11-09,15.984375
2000-11-10,16.031250
2000-11-13,15.906250
2000-11-14,16.000000
2000-11-15,16.312500
2000-11-16,16.375000
2000-11-17,16.242188
2000-11-20,16.164062
2000-11-21,16.531250
2000-11-22,16.265625
2000-11-24,16.500000
2000-11-27,16.367188
2000-11-28,16.351562
2000-11-29,15.632813
2000-11-30,15.101563
2000-12-01,15.437500
2000-12-04,15.703125
2000-12-05,15.375000
2000-12-06,15.250000
2000-12-07,15.500000
2000-12-08,15.492188
2000-12-11,15.539063
2000-12-12,15.718750
2000-12-13,15.750000
2000-12-14,15.265625
2000-12-15,15.398438
2000-12-18,15.875000
2000-12-19,16.148438
2000-12-20,15.671875
2000-12-21,15.789063
2000-12-22,16.000000
2000-12-26,16.671875
2000-12-27,16.656250
2000-12-28,16.929688
2000-12-29,16.593750
2001-01-02,16.632812
2001-01-03,16.125000
2001-01-04,15.625000
2001-01-05,15.960938
2001-01-08,15.906250
2001-01-09,15.585938
2001-01-10,15.687500
2001-01-11,15.859375
2001-01-12,15.757813
2001-01-16,15.750000
2001-01-17,15.671875
2001-01-18,15.375000
2001-01-19,15.304688
2001-01-22,15.468750
2001-01-23,15.710938
2001-01-24,15.695313
2001-01-25,16.164062
2001-01-26,15.890625
2001-01-29,15.760000
2001-01-30,15.895000
2001-01-31,16.065001
2001-02-01,15.860000
2001-02-02,16.125000
2001-02-05,16.450001
2001-02-06,16.555000
2001-02-07,16.600000
2001-02-08,16.690001
2001-02-09,16.959999
2001-02-12,16.735001
2001-02-13,16.700001
2001-02-14,16.580000
2001-02-15,16.365000
2001-02-16,16.510000
2001-02-20,16.415001
2001-02-21,16.305000
2001-02-22,16.225000
2001-02-23,16.020000
2001-02-26,16.195000
2001-02-27,16.094999
2001-02-28,15.870000
2001-03-01,16.049999
2001-03-02,16.415001
2001-03-05,16.504999
2001-03-06,16.590000
2001-03-07,16.945000
2001-03-08,17.115000
2001-03-09,17.035000
2001-03-12,16.469999
2001-03-13,16.275000
2001-03-14,16.030001
2001-03-15,16.040001
2001-03-16,15.725000
2001-03-19,15.925000
2001-03-20,16.065001
2001-03-21,15.605000
2001-03-22,15.145000
2001-03-23,15.265000
2001-03-26,15.465000
2001-03-27,15.550000
2001-03-28,15.325000
2001-03-29,15.000000
2001-03-30,15.350000
2001-04-02,15.065000
2001-04-03,14.650000
2001-04-04,14.910000
2001-04-05,15.300000
2001-04-06,15.320000
2001-04-09,15.680000
2001-04-10,15.950000
2001-04-11,15.665000
2001-04-12,15.830000
2001-04-16,16.139999
2001-04-17,16.225000
2001-04-18,16.139999
2001-04-19,15.860000
2001-04-20,16.030001
2001-04-23,16.455000
2001-04-24,16.485001
2001-04-25,16.719999
2001-04-26,17.049999
2001-04-27,16.934999
2001-04-30,16.934999
2001-05-01,16.825001
2001-05-02,16.170000
2001-05-03,16.090000
2001-05-04,16.344999
2001-05-07,16.389999
2001-05-08,16.375000
2001-05-09,16.665001
2001-05-10,16.545000
2001-05-11,16.385000
2001-05-14,16.639999
2001-05-15,16.790001
2001-05-16,16.930000
2001-05-17,16.985001
2001-05-18,17.340000
2001-05-21,17.299999
2001-05-22,17.125000
2001-05-23,16.865000
2001-05-24,16.834999
2001-05-25,16.690001
2001-05-29,16.665001
2001-05-30,16.600000
2001-05-31,16.775000
2001-06-01,16.700001
2001-06-04,16.924999
2001-06-05,16.975000
2001-06-06,16.545000
2001-06-07,16.350000
2001-06-08,16.395000
2001-06-11,16.440001
2001-06-12,16.565001
2001-06-13,16.485001
2001-06-14,16.150000
2001-06-15,16.195000
2001-06-18,16.014999
2001-06-19,16.000000
2001-06-20,15.700000
2001-06-21,15.465000
2001-06-22,15.765000
2001-06-25,15.580000
2001-06-26,15.675000
2001-06-27,15.300000
2001-06-28,14.975000
2001-06-29,15.175000
2001-07-02,15.135000
2001-07-03,15.115000
2001-07-05,15.250000
2001-07-06,15.195000
2001-07-09,14.980000
2001-07-10,15.000000
2001-07-11,14.800000
2001-07-12,14.780000
2001-07-13,14.835000
2001-07-16,14.590000
2001-07-17,14.525000
2001-07-18,14.370000
2001-07-19,14.520000
2001-07-20,14.830000
2001-07-23,14.660000
2001-07-24,14.135000
2001-07-25,14.790000
2001-07-26,15.090000
2001-07-27,15.160000
2001-07-30,15.175000
2001-07-31,15.000000
2001-08-01,14.945000
2001-08-02,14.935000
2001-08-03,14.710000
2001-08-06,14.690000
2001-08-07,14.690000
2001-08-08,14.390000
2001-08-09,14.475000
2001-08-10,14.490000
2001-08-13,14.560000
2001-08-14,14.640000
2001-08-15,14.860000
2001-08-16,14.775000
2001-08-17,14.665000
2001-08-20,14.560000
2001-08-21,14.550000
2001-08-22,14.560000
2001-08-23,14.690000
2001-08-24,14.810000
2001-08-27,14.790000
2001-08-28,14.635000
2001-08-29,14.575000
2001-08-30,14.365000
2001-08-31,14.365000
2001-09-04,14.450000
2001-09-05,14.500000
2001-09-06,14.400000
2001-09-07,14.390000
2001-09-10,14.435000
2001-09-17,14.140000
2001-09-18,13.455000
2001-09-19,12.970000
2001-09-20,12.605000
2001-09-21,12.540000
2001-09-24,12.210000
2001-09-25,12.075000
2001-09-26,11.990000
2001-09-27,12.465000
2001-09-28,12.910000
2001-10-01,12.730000
2001-10-02,13.010000
2001-10-03,13.190000
2001-10-04,13.500000
2001-10-05,13.600000
2001-10-08,13.625000
2001-10-09,13.650000
2001-10-10,14.255000
2001-10-11,14.250000
2001-10-12,14.155000
2001-10-15,13.895000
2001-10-16,14.060000
2001-10-17,13.990000
2001-10-18,13.425000
2001-10-19,13.475000
2001-10-22,13.640000
2001-10-23,13.590000
2001-10-24,13.400000
2001-10-25,13.740000
2001-10-26,14.005000
2001-10-29,13.875000
2001-10-30,13.410000
2001-10-31,13.430000
2001-11-01,13.635000
2001-11-02,13.265000
2001-11-05,13.185000
2001-11-06,13.105000
2001-11-07,13.160000
2001-11-08,13.415000
2001-11-09,13.675000
2001-11-12,13.640000
2001-11-13,13.750000
2001-11-14,13.080000
2001-11-15,12.420000
2001-11-16,12.650000
2001-11-19,12.620000
2001-11-20,13.085000
2001-11-21,12.915000
2001-11-23,13.035000
2001-11-26,12.820000
2001-11-27,12.830000
2001-11-28,12.530000
2001-11-29,12.745000
2001-11-30,12.680000
2001-12-03,12.850000
2001-12-04,13.030000
2001-12-05,13.300000
2001-12-06,12.905000
2001-12-07,12.990000
2001-12-10,12.810000
2001-12-11,12.600000
2001-12-12,12.630000
2001-12-13,12.425000
2001-12-14,12.550000
2001-12-17,12.520000
2001-12-18,12.685000
2001-12-19,12.975000
2001-12-20,12.915000
2001-12-21,12.950000
2001-12-24,13.165000
2001-12-26,13.395000
2001-12-27,13.440000
2001-12-28,13.500000
2001-12-31,13.350000
2002-01-02,13.250000
2002-01-03,13.170000
2002-01-04,13.230000
2002-01-07,13.225000
2002-01-08,13.110000
2002-01-09,13.125000
2002-01-10,13.025000
2002-01-11,12.775000
2002-01-14,12.620000
2002-01-15,12.825000
2002-01-16,12.560000
2002-01-17,12.555000
2002-01-18,12.450000
2002-01-22,12.360000
2002-01-23,12.710000
2002-01-24,12.885000
2002-01-25,13.025000
2002-01-28,12.825000
2002-01-29,12.475000
2002-01-30,12.575000
2002-01-31,12.875000
2002-02-01,12.945000
2002-02-04,12.600000
2002-02-05,12.515000
2002-02-06,12.600000
2002-02-07,12.455000
2002-02-08,12.595000
2002-02-11,12.760000
2002-02-12,12.700000
2002-02-13,12.775000
2002-02-14,12.880000
2002-02-15,12.890000
2002-02-19,12.775000
2002-02-20,12.735000
2002-02-21,12.885000
2002-02-22,13.240000
2002-02-25,13.430000
2002-02-26,13.360000
2002-02-27,13.350000
2002-02-28,13.315000
2002-03-01,13.505000
2002-03-04,13.800000
2002-03-05,13.805000
2002-03-06,14.070000
2002-03-07,14.175000
2002-03-08,14.110000
2002-03-11,14.260000
2002-03-12,14.385000
2002-03-13,14.290000
2002-03-14,14.285000
2002-03-15,14.340000
2002-03-18,14.450000
2002-03-19,14.625000
2002-03-20,14.470000
2002-03-21,14.550000
2002-03-22,14.210000
2002-03-25,14.080000
2002-03-26,14.195000
2002-03-27,14.525000
2002-03-28,14.445000
2002-04-01,14.545000
2002-04-02,14.725000
2002-04-03,14.405000
2002-04-04,14.145000
2002-04-05,13.985000
2002-04-08,14.200000
2002-04-09,13.995000
2002-04-10,14.155000
2002-04-11,14.010000
2002-04-12,13.550000
2002-04-15,13.815000
2002-04-16,14.075000
2002-04-17,14.250000
2002-04-18,14.320000
2002-04-19,14.385000
2002-04-22,14.245000
2002-04-23,14.210000
2002-04-24,13.955000
2002-04-25,14.055000
2002-04-26,13.900000
2002-04-29,13.810000
2002-04-30,13.925000
2002-05-01,14.010000
2002-05-02,14.115000
2002-05-03,14.165000
2002-05-06,13.680000
2002-05-07,13.615000
2002-05-08,13.900000
2002-05-09,13.775000
2002-05-10,13.765000
2002-05-13,14.030000
2002-05-14,14.070000
2002-05-15,13.835000
2002-05-16,13.995000
2002-05-17,13.880000
2002-05-20,13.785000
2002-05-21,13.795000
2002-05-22,14.025000
2002-05-23,14.145000
2002-05-24,13.990000
2002-05-28,13.880000
2002-05-29,13.750000
2002-05-30,13.485000
2002-05-31,13.680000
2002-06-03,13.250000
2002-06-04,13.250000
2002-06-05,13.200000
2002-06-06,13.060000
2002-06-07,13.195000
2002-06-10,12.950000
2002-06-11,12.755000
2002-06-12,12.935000
2002-06-13,12.920000
2002-06-14,12.905000
2002-06-17,13.240000
2002-06-18,13.175000
2002-06-19,13.045000
2002-06-20,13.020000
2002-06-21,12.860000
2002-06-24,12.975000
2002-06-25,12.920000
2002-06-26,12.925000
2002-06-27,12.990000
2002-06-28,13.100000
2002-07-01,12.975000
2002-07-02,12.720000
2002-07-03,12.800000
2002-07-05,13.100000
2002-07-08,12.940000
2002-07-09,12.780000
2002-07-10,12.235000
2002-07-11,12.000000
2002-07-12,11.785000
2002-07-15,11.525000
2002-07-16,11.350000
2002-07-17,11.475000
2002-07-18,11.400000
2002-07-19,10.700000
2002-07-22,10.045000
2002-07-23,9.900000
2002-07-24,10.555000
2002-07-25,10.510000
2002-07-26,10.650000
2002-07-29,11.265000
2002-07-30,11.090000
2002-07-31,11.285000
2002-08-01,10.620000
2002-08-02,10.500000
2002-08-05,10.110000
2002-08-06,10.475000
2002-08-07,10.625000
2002-08-08,11.075000
2002-08-09,11.275000
2002-08-12,11.250000
2002-08-13,11.080000
2002-08-14,11.515000
2002-08-15,11.840000
2002-08-16,11.650000
2002-08-19,11.745000
2002-08-20,11.450000
2002-08-21,11.475000
2002-08-22,11.800000
2002-08-23,11.610000
2002-08-26,11.765000
2002-08-27,11.760000
2002-08-28,11.480000
2002-08-29,11.380000
2002-08-30,11.455000
2002-09-03,11.000000
2002-09-04,10.975000
2002-09-05,10.995000
2002-09-06,11.175000
2002-09-09,11.160000
2002-09-10,11.400000
2002-09-11,11.340000
2002-09-12,11.060000
2002-09-13,11.180000
2002-09-16,11.260000
2002-09-17,10.895000
2002-09-18,10.925000
2002-09-19,10.615000
2002-09-20,10.635000
2002-09-23,10.575000
2002-09-24,10.270000
2002-09-25,10.550000
2002-09-26,10.995000
2002-09-27,10.790000
2002-09-30,10.580000
2002-10-01,10.915000
2002-10-02,10.795000
2002-10-03,10.865000
2002-10-04,10.680000
2002-10-07,10.545000
2002-10-08,10.430000
2002-10-09,10.225000
2002-10-10,10.465000
2002-10-11,10.640000
2002-10-14,10.935000
2002-10-15,11.265000
2002-10-16,11.090000
2002-10-17,11.325000
2002-10-18,11.315000
2002-10-21,11.370000
2002-10-22,11.050000
2002-10-23,11.230000
2002-10-24,11.045000
2002-10-25,10.875000
2002-10-28,10.855000
2002-10-29,10.540000
2002-10-30,10.890000
2002-10-31,10.775000
2002-11-01,11.060000
2002-11-04,10.875000
2002-11-05,11.100000
2002-11-06,11.200000
2002-11-07,10.990000
2002-11-08,10.925000
2002-11-11,10.790000
2002-11-12,10.755000
2002-11-13,10.515000
2002-11-14,10.855000
2002-11-15,10.940000
2002-11-18,10.950000
2002-11-19,10.950000
2002-11-20,11.165000
2002-11-21,11.250000
2002-11-22,11.010000
2002-11-25,11.100000
2002-11-26,10.890000
2002-11-27,11.085000
2002-11-29,11.220000
2002-12-02,11.255000
2002-12-03,11.365000
2002-12-04,11.265000
2002-12-05,11.340000
2002-12-06,11.450000
2002-12-09,11.250000
2002-12-10,11.425000
2002-12-11,11.365000
2002-12-12,11.465000
2002-12-13,11.435000
2002-12-16,11.630000
2002-12-17,11.510000
2002-12-18,11.415000
2002-12-19,11.300000
2002-12-20,11.470000
2002-12-23,11.520000
2002-12-24,11.465000
2002-12-26,11.335000
2002-12-27,11.090000
2002-12-30,11.145000
2002-12-31,11.165000
2003-01-02,11.400000
2003-01-03,11.380000
2003-01-06,11.475000
2003-01-07,11.100000
2003-01-08,10.995000
2003-01-09,11.135000
2003-01-10,11.045000
2003-01-13,11.005000
2003-01-14,11.050000
2003-01-15,11.085000
2003-01-16,11.195000
2003-01-17,11.110000
2003-01-21,10.850000
2003-01-22,10.820000
2003-01-23,10.850000
2003-01-24,10.660000
2003-01-27,10.325000
2003-01-28,10.500000
2003-01-29,10.840000
2003-01-30,10.670000
2003-01-31,10.885000
2003-02-03,10.970000
2003-02-04,11.045000
2003-02-05,10.965000
2003-02-06,10.920000
2003-02-07,10.820000
2003-02-10,10.960000
2003-02-11,10.890000
2003-02-12,10.700000
2003-02-13,10.650000
2003-02-14,10.735000
2003-02-18,10.910000
2003-02-19,10.900000
2003-02-20,10.875000
2003-02-21,11.115000
2003-02-24,11.210000
2003-02-25,11.150000
2003-02-26,11.180000
2003-02-27,11.115000
2003-02-28,11.205000
2003-03-03,11.245000
2003-03-04,11.190000
2003-03-05,11.290000
2003-03-06,11.300000
2003-03-07,11.300000
2003-03-10,11.185000
2003-03-11,11.075000
2003-03-12,10.900000
2003-03-13,10.945000
2003-03-14,10.900000
2003-03-17,11.040000
2003-03-18,11.250000
2003-03-19,11.265000
2003-03-20,11.375000
2003-03-21,11.190000
2003-03-24,11.025000
2003-03-25,11.125000
2003-03-26,11.150000
2003-03-27,11.240000
2003-03-28,11.340000
2003-03-31,11.160000
2003-04-01,11.370000
2003-04-02,11.345000
2003-04-03,11.135000
2003-04-04,11.195000
2003-04-07,11.110000
2003-04-08,10.975000
2003-04-09,10.970000
2003-04-10,11.120000
2003-04-11,11.055000
2003-04-14,11.110000
2003-04-15,11.080000
2003-04-16,10.930000
2003-04-17,11.150000
2003-04-21,11.145000
2003-04-22,11.300000
2003-04-23,11.300000
2003-04-24,11.260000
2003-04-25,11.120000
2003-04-28,11.170000
2003-04-29,11.015000
2003-04-30,11.065000
2003-05-01,11.120000
2003-05-02,11.295000
2003-05-05,11.365000
2003-05-06,11.350000
2003-05-07,11.425000
2003-05-08,11.440000
2003-05-09,11.515000
2003-05-12,11.570000
2003-05-13,11.700000
2003-05-14,11.750000
2003-05-15,11.755000
2003-05-16,11.795000
2003-05-19,11.675000
2003-05-20,11.630000
2003-05-21,11.975000
2003-05-22,11.950000
2003-05-23,12.060000
2003-05-27,12.300000
2003-05-28,12.155000
2003-05-29,12.040000
2003-05-30,12.240000
2003-06-02,12.305000
2003-06-03,12.395000
2003-06-04,12.475000
2003-06-05,12.410000
2003-06-06,12.385000
2003-06-09,12.365000
2003-06-10,12.440000
2003-06-11,12.800000
2003-06-12,12.685000
2003-06-13,12.475000
2003-06-16,12.460000
2003-06-17,12.340000
2003-06-18,12.265000
2003-06-19,12.330000
2003-06-20,12.225000
2003-06-23,12.190000
2003-06-24,12.180000
2003-06-25,12.200000
2003-06-26,12.145000
2003-06-27,12.100000
2003-06-30,12.025000
2003-07-01,12.015000
2003-07-02,12.000000
2003-07-03,11.980000
2003-07-07,11.900000
2003-07-08,11.880000
2003-07-09,12.000000
2003-07-10,11.820000
2003-07-11,11.855000
2003-07-14,11.750000
2003-07-15,11.650000
2003-07-16,11.540000
2003-07-17,11.615000
2003-07-18,11.880000
2003-07-21,11.815000
2003-07-22,11.785000
2003-07-23,11.720000
2003-07-24,11.610000
2003-07-25,11.715000
2003-07-28,11.665000
2003-07-29,11.500000
2003-07-30,11.515000
2003-07-31,11.600000
2003-08-01,11.570000
2003-08-04,11.450000
2003-08-05,11.400000
2003-08-06,11.600000
2003-08-07,11.890000
2003-08-08,11.925000
2003-08-11,11.980000
2003-08-12,12.065000
2003-08-13,12.055000
2003-08-14,12.100000
2003-08-15,12.140000
2003-08-18,12.140000
2003-08-19,12.085000
2003-08-20,12.140000
2003-08-21,12.255000
2003-08-22,12.065000
2003-08-25,12.065000
2003-08-26,12.075000
2003-08-27,12.125000
2003-08-28,12.325000
2003-08-29,12.340000
2003-09-02,12.420000
2003-09-03,12.425000
2003-09-04,12.405000
2003-09-05,12.350000
2003-09-08,12.520000
2003-09-09,12.385000
2003-09-10,12.255000
2003-09-11,12.230000
2003-09-12,12.245000
2003-09-15,12.165000
2003-09-16,12.185000
2003-09-17,12.025000
2003-09-18,12.075000
2003-09-19,12.125000
2003-09-22,12.055000
2003-09-23,12.125000
2003-09-24,12.185000
2003-09-25,12.075000
2003-09-26,11.965000
2003-09-29,12.025000
2003-09-30,12.025000
2003-10-01,12.200000
2003-10-02,12.280000
2003-10-03,12.350000
2003-10-06,12.425000
2003-10-07,12.485000
2003-10-08,12.400000
2003-10-09,12.360000
2003-10-10,12.450000
2003-10-13,12.500000
2003-10-14,12.450000
2003-10-15,12.270000
2003-10-16,12.400000
2003-10-17,12.315000
2003-10-20,12.310000
2003-10-21,12.350000
2003-10-22,12.185000
2003-10-23,12.165000
2003-10-24,12.160000
2003-10-27,12.110000
2003-10-28,12.145000
2003-10-29,12.120000
2003-10-30,11.955000
2003-10-31,12.140000
2003-11-03,12.065000
2003-11-04,12.025000
2003-11-05,12.060000
2003-11-06,12.075000
2003-11-07,12.105000
2003-11-10,12.085000
2003-11-11,12.080000
2003-11-12,12.150000
2003-11-13,12.260000
2003-11-14,12.285000
2003-11-17,12.160000
2003-11-18,12.075000
2003-11-19,12.105000
2003-11-20,12.075000
2003-11-21,11.985000
2003-11-24,12.050000
2003-11-25,12.120000
2003-11-26,12.235000
2003-11-28,12.235000
2003-12-01,12.360000
2003-12-02,12.445000
2003-12-03,12.375000
2003-12-04,12.675000
2003-12-05,12.765000
2003-12-08,12.905000
2003-12-09,12.915000
2003-12-10,12.925000
2003-12-11,12.990000
2003-12-12,13.135000
2003-12-15,12.970000
2003-12-16,13.165000
2003-12-17,13.290000
2003-12-18,13.645000
2003-12-19,13.560000
2003-12-22,13.575000
2003-12-23,13.480000
2003-12-24,13.625000
2003-12-26,13.680000
2003-12-29,13.840000
2003-12-30,13.870000
2003-12-31,13.775000
2004-01-02,13.770000
2004-01-05,14.035000
2004-01-06,14.020000
2004-01-07,13.875000
2004-01-08,13.915000
2004-01-09,13.985000
2004-01-12,14.025000
2004-01-13,14.030000
2004-01-14,13.995000
2004-01-15,13.760000
2004-01-16,13.890000
2004-01-20,14.240000
2004-01-21,14.325000
2004-01-22,14.255000
2004-01-23,14.380000
2004-01-26,14.465000
2004-01-27,14.435000
2004-01-28,14.230000
2004-01-29,14.220000
2004-01-30,14.085000
2004-02-02,14.165000
2004-02-03,14.110000
2004-02-04,14.010000
2004-02-05,13.885000
2004-02-06,13.980000
2004-02-09,14.150000
2004-02-10,14.340000
2004-02-11,14.535000
2004-02-12,14.580000
2004-02-13,14.545000
2004-02-17,14.670000
2004-02-18,14.515000
2004-02-19,14.500000
2004-02-20,14.495000
2004-02-23,14.610000
2004-02-24,14.635000
2004-02-25,14.705000
2004-02-26,14.755000
2004-02-27,14.825000
2004-03-01,15.110000
2004-03-02,14.980000
2004-03-03,14.960000
2004-03-04,14.915000
2004-03-05,15.045000
2004-03-08,15.110000
2004-03-09,15.010000
2004-03-10,14.750000
2004-03-11,14.420000
2004-03-12,14.630000
2004-03-15,14.660000
2004-03-16,14.655000
2004-03-17,14.860000
2004-03-18,15.010000
2004-03-19,14.640000
2004-03-22,14.500000
2004-03-23,14.400000
2004-03-24,14.095000
2004-03-25,14.040000
2004-03-26,14.200000
2004-03-29,14.275000
2004-03-30,14.535000
2004-03-31,14.670000
2004-04-01,14.500000
2004-04-02,14.565000
2004-04-05,14.640000
2004-04-06,14.640000
2004-04-07,14.640000
2004-04-08,14.770000
2004-04-12,15.050000
2004-04-13,14.920000
2004-04-14,14.950000
2004-04-15,15.150000
2004-04-16,15.270000
2004-04-19,15.235000
2004-04-20,14.925000
2004-04-21,14.875000
2004-04-22,15.170000
2004-04-23,15.050000
2004-04-26,15.135000
2004-04-27,15.450000
2004-04-28,15.230000
2004-04-29,14.865000
2004-04-30,14.920000
2004-05-03,15.265000
2004-05-04,15.275000
2004-05-05,15.325000
2004-05-06,15.250000
2004-05-07,14.880000
2004-05-10,14.450000
2004-05-11,14.700000
2004-05-12,14.790000
2004-05-13,14.750000
2004-05-14,14.925000
2004-05-17,14.925000
2004-05-18,14.705000
2004-05-19,14.640000
2004-05-20,14.625000
2004-05-21,14.555000
2004-05-24,14.885000
2004-05-25,15.135000
2004-05-26,15.010000
2004-05-27,14.800000
2004-05-28,14.875000
2004-06-01,15.080000
2004-06-02,15.050000
2004-06-03,14.915000
2004-06-04,14.840000
2004-06-07,15.115000
2004-06-08,15.050000
2004-06-09,14.930000
2004-06-10,15.120000
2004-06-14,15.005000
2004-06-15,15.220000
2004-06-16,15.515000
2004-06-17,15.630000
2004-06-18,15.610000
2004-06-21,15.575000
2004-06-22,15.680000
2004-06-23,15.945000
2004-06-24,15.850000
2004-06-25,15.760000
2004-06-28,15.535000
2004-06-29,15.620000
2004-06-30,15.740000
2004-07-01,15.760000
2004-07-02,15.820000
2004-07-06,15.860000
2004-07-07,15.955000
2004-07-08,15.875000
2004-07-09,15.965000
2004-07-12,15.875000
2004-07-13,15.835000
2004-07-14,16.025000
2004-07-15,16.129999
2004-07-16,16.325001
2004-07-19,16.270000
2004-07-20,16.219999
2004-07-21,15.930000
2004-07-22,15.980000
2004-07-23,15.920000
2004-07-26,15.780000
2004-07-27,15.940000
2004-07-28,16.049999
2004-07-29,16.165001
2004-07-30,16.225000
2004-08-02,16.205000
2004-08-03,16.400000
2004-08-04,16.020000
2004-08-05,15.780000
2004-08-06,15.465000
2004-08-09,15.715000
2004-08-10,15.655000
2004-08-11,15.575000
2004-08-12,15.375000
2004-08-13,15.565000
2004-08-16,15.660000
2004-08-17,15.300000
2004-08-18,15.500000
2004-08-19,15.550000
2004-08-20,15.710000
2004-08-23,15.515000
2004-08-24,15.475000
2004-08-25,15.575000
2004-08-26,15.685000
2004-08-27,15.785000
2004-08-30,15.715000
2004-08-31,15.975000
2004-09-01,16.254999
2004-09-02,16.385000
2004-09-03,16.420000
2004-09-07,16.400000
2004-09-08,16.415001
2004-09-09,16.650000
2004-09-10,16.559999
2004-09-13,16.674999
2004-09-14,16.750000
2004-09-15,16.695000
2004-09-16,16.745001
2004-09-17,16.959999
2004-09-20,16.965000
2004-09-21,17.385000
2004-09-22,17.275000
2004-09-23,17.115000
2004-09-24,17.309999
2004-09-27,17.299999
2004-09-28,17.594999
2004-09-29,17.360001
2004-09-30,17.465000
2004-10-01,17.715000
2004-10-04,17.695000
2004-10-05,17.885000
2004-10-06,18.215000
2004-10-07,18.075001
2004-10-08,18.094999
2004-10-11,17.940001
2004-10-12,17.735001
2004-10-13,17.365000
2004-10-14,17.504999
2004-10-15,17.580000
2004-10-18,17.344999
2004-10-19,17.295000
2004-10-20,17.674999
2004-10-21,17.775000
2004-10-22,17.740000
2004-10-25,17.754999
2004-10-26,17.950001
2004-10-27,17.639999
2004-10-28,17.330000
2004-10-29,17.570000
2004-11-01,17.465000
2004-11-02,17.205000
2004-11-03,17.549999
2004-11-04,17.760000
2004-11-05,17.865000
2004-11-08,17.570000
2004-11-09,17.410000
2004-11-10,17.615000
2004-11-11,17.580000
2004-11-12,17.950001
2004-11-15,17.559999
2004-11-16,17.559999
2004-11-17,17.834999
2004-11-18,17.975000
2004-11-19,18.190001
2004-11-22,18.480000
2004-11-23,18.594999
2004-11-24,18.750000
2004-11-26,18.830000
2004-11-29,18.730000
2004-11-30,18.754999
2004-12-01,18.305000
2004-12-02,17.820000
2004-12-03,17.995001
2004-12-06,18.004999
2004-12-07,17.629999
2004-12-08,17.750000
2004-12-09,17.900000
2004-12-10,17.775000
2004-12-13,18.090000
2004-12-14,18.145000
2004-12-15,18.280001
2004-12-16,18.094999
2004-12-17,18.025000
2004-12-20,18.245001
2004-12-21,18.400000
2004-12-22,18.150000
2004-12-23,18.254999
2004-12-27,17.934999
2004-12-28,18.059999
2004-12-29,18.195000
2004-12-30,18.115000
2004-12-31,18.160000
2005-01-03,17.490000
2005-01-04,17.400000
2005-01-05,17.325001
2005-01-06,17.625000
2005-01-07,17.485001
2005-01-10,17.615000
2005-01-11,17.639999
2005-01-12,17.950001
2005-01-13,18.070000
2005-01-14,18.230000
2005-01-18,18.410000
2005-01-19,18.344999
2005-01-20,18.160000
2005-01-21,18.200001
2005-01-24,18.360001
2005-01-25,18.434999
2005-01-26,18.615000
2005-01-27,18.780001
2005-01-28,18.555000
2005-01-31,18.775000
2005-02-01,19.094999
2005-02-02,19.360001
2005-02-03,19.455000
2005-02-04,19.525000
2005-02-07,19.395000
2005-02-08,19.535000
2005-02-09,19.500000
2005-02-10,20.035000
2005-02-11,20.209999
2005-02-14,20.235001
2005-02-15,20.280001
2005-02-16,20.850000
2005-02-17,20.570000
2005-02-18,21.025000
2005-02-22,20.875000
2005-02-23,21.139999
2005-02-24,21.555000
2005-02-25,22.084999
2005-02-28,21.924999
2005-03-01,21.500000
2005-03-02,21.815001
2005-03-03,22.174999
2005-03-04,22.459999
2005-03-07,22.305000
2005-03-08,22.280001
2005-03-09,21.665001
2005-03-10,21.225000
2005-03-11,21.400000
2005-03-14,21.555000
2005-03-15,21.254999
2005-03-16,21.325001
2005-03-17,21.695000
2005-03-18,21.889999
2005-03-21,21.700001
2005-03-22,21.440001
2005-03-23,21.030001
2005-03-24,21.014999
2005-03-28,21.040001
2005-03-29,20.700001
2005-03-30,21.010000
2005-03-31,21.434999
2005-04-01,21.965000
2005-04-04,21.775000
2005-04-05,21.500000
2005-04-06,21.840000
2005-04-07,21.754999
2005-04-08,21.360001
2005-04-11,21.520000
2005-04-12,21.180000
2005-04-13,20.660000
2005-04-14,20.650000
2005-04-15,19.865000
2005-04-18,20.225000
2005-04-19,20.700001
2005-04-20,20.275000
2005-04-21,20.975000
2005-04-22,21.020000
2005-04-25,21.315001
2005-04-26,20.965000
2005-04-27,20.424999
2005-04-28,20.014999
2005-04-29,20.275000
2005-05-02,20.639999
2005-05-03,20.155001
2005-05-04,20.389999
2005-05-05,20.610001
2005-05-06,20.549999
2005-05-09,20.825001
2005-05-10,20.475000
2005-05-11,20.600000
2005-05-12,19.700001
2005-05-13,19.400000
2005-05-16,19.315001
2005-05-17,19.660000
2005-05-18,19.620001
2005-05-19,19.975000
2005-05-20,19.825001
2005-05-23,20.155001
2005-05-24,20.240000
2005-05-25,20.549999
2005-05-26,20.655001
2005-05-27,21.000000
2005-05-31,20.840000
2005-06-01,21.235001
2005-06-02,21.195000
2005-06-03,21.315001
2005-06-06,21.379999
2005-06-07,21.174999
2005-06-08,21.235001
2005-06-09,21.850000
2005-06-10,21.825001
2005-06-13,21.910000
2005-06-14,22.045000
2005-06-15,22.309999
2005-06-16,22.625000
2005-06-17,22.920000
2005-06-20,22.945000
2005-06-21,22.459999
2005-06-22,22.590000
2005-06-23,22.610001
2005-06-24,22.469999
2005-06-27,22.815001
2005-06-28,22.389999
2005-06-29,22.370001
2005-06-30,22.225000
2005-07-01,22.719999
2005-07-05,23.400000
2005-07-06,22.980000
2005-07-07,23.275000
2005-07-08,23.120001
2005-07-11,23.290001
2005-07-12,23.500000
2005-07-13,23.365000
2005-07-14,22.805000
2005-07-15,22.684999
2005-07-18,22.590000
2005-07-19,23.075001
2005-07-20,23.100000
2005-07-21,22.875000
2005-07-22,23.695000
2005-07-25,23.915001
2005-07-26,23.860001
2005-07-27,23.980000
2005-07-28,24.049999
2005-07-29,23.799999
2005-08-01,24.049999
2005-08-02,24.450001
2005-08-03,24.330000
2005-08-04,24.379999
2005-08-05,24.195000
2005-08-08,24.545000
2005-08-09,24.490000
2005-08-10,24.889999
2005-08-11,25.129999
2005-08-12,25.084999
2005-08-15,24.840000
2005-08-16,24.295000
2005-08-17,23.735001
2005-08-18,23.684999
2005-08-19,24.090000
2005-08-22,24.150000
2005-08-23,24.105000
2005-08-24,24.334999
2005-08-25,24.270000
2005-08-26,23.995001
2005-08-29,24.190001
2005-08-30,24.639999
2005-08-31,25.320000
2005-09-01,25.980000
2005-09-02,25.475000
2005-09-06,25.655001
2005-09-07,25.695000
2005-09-08,25.730000
2005-09-09,26.400000
2005-09-12,25.860001
2005-09-13,25.639999
2005-09-14,25.959999
2005-09-15,25.959999
2005-09-16,26.139999
2005-09-19,26.830000
2005-09-20,26.575001
2005-09-21,26.950001
2005-09-22,26.750000
2005-09-23,26.280001
2005-09-26,26.760000
2005-09-27,26.780001
2005-09-28,27.000000
2005-09-29,27.260000
2005-09-30,26.834999
2005-10-03,26.764999
2005-10-04,25.799999
2005-10-05,24.809999
2005-10-06,24.219999
2005-10-07,24.764999
2005-10-10,24.389999
2005-10-11,24.975000
2005-10-12,24.495001
2005-10-13,23.830000
2005-10-14,24.170000
2005-10-17,24.469999
2005-10-18,23.334999
2005-10-19,23.860001
2005-10-20,22.775000
2005-10-21,23.010000
2005-10-24,23.830000
2005-10-25,24.325001
2005-10-26,24.180000
2005-10-27,23.495001
2005-10-28,24.135000
2005-10-31,24.410000
2005-11-01,24.559999
2005-11-02,25.040001
2005-11-03,25.514999
2005-11-04,24.750000
2005-11-07,24.320000
2005-11-08,24.525000
2005-11-09,24.299999
2005-11-10,23.545000
2005-11-11,23.735001
2005-11-14,23.860001
2005-11-15,23.900000
2005-11-16,24.520000
2005-11-17,24.510000
2005-11-18,24.520000
2005-11-21,25.129999
2005-11-22,25.530001
2005-11-23,25.434999
2005-11-25,25.500000
2005-11-28,24.639999
2005-11-29,24.680000
2005-11-30,24.775000
2005-12-01,25.559999
2005-12-02,25.584999
2005-12-05,25.764999
2005-12-06,25.875000
2005-12-07,25.780001
2005-12-08,26.235001
2005-12-09,25.910000
2005-12-12,26.245001
2005-12-13,26.135000
2005-12-14,26.450001
2005-12-15,26.240000
2005-12-16,25.535000
2005-12-19,25.325001
2005-12-20,25.670000
2005-12-21,25.725000
2005-12-22,25.695000
2005-12-23,25.625000
2005-12-27,24.870001
2005-12-28,25.245001
2005-12-29,25.049999
2005-12-30,25.155001
2006-01-03,26.350000
2006-01-04,26.424999
2006-01-05,26.090000
2006-01-06,26.730000
2006-01-09,26.700001
2006-01-10,26.990000
2006-01-11,27.105000
2006-01-12,26.910000
2006-01-13,27.230000
2006-01-17,27.830000
2006-01-18,27.600000
2006-01-19,28.080000
2006-01-20,28.205000
2006-01-23,28.514999
2006-01-24,28.344999
2006-01-25,27.750000
2006-01-26,27.840000
2006-01-27,28.325001
2006-01-30,28.975000
2006-01-31,28.830000
2006-02-01,28.145000
2006-02-02,27.865000
2006-02-03,27.610001
2006-02-06,28.150000
2006-02-07,26.975000
2006-02-08,26.980000
2006-02-09,26.365000
2006-02-10,26.270000
2006-02-13,26.165001
2006-02-14,25.870001
2006-02-15,25.730000
2006-02-16,26.320000
2006-02-17,26.504999
2006-02-21,27.025000
2006-02-22,26.520000
2006-02-23,26.490000
2006-02-24,26.815001
2006-02-27,26.350000
2006-02-28,26.170000
2006-03-01,26.615000
2006-03-02,27.059999
2006-03-03,27.065001
2006-03-06,26.125000
2006-03-07,25.740000
2006-03-08,25.740000
2006-03-09,25.555000
2006-03-10,25.695000
2006-03-13,26.200001
2006-03-14,26.684999
2006-03-15,26.825001
2006-03-16,27.250000
2006-03-17,26.825001
2006-03-20,26.230000
2006-03-21,26.184999
2006-03-22,26.360001
2006-03-23,26.750000
2006-03-24,26.930000
2006-03-27,27.070000
2006-03-28,27.280001
2006-03-29,27.600000
2006-03-30,27.584999
2006-03-31,27.200001
2006-04-03,27.350000
2006-04-04,27.709999
2006-04-05,28.165001
2006-04-06,28.225000
2006-04-07,27.674999
2006-04-10,28.200001
2006-04-11,28.000000
2006-04-12,27.815001
2006-04-13,27.905001
2006-04-17,28.420000
2006-04-18,29.115000
2006-04-19,29.565001
2006-04-20,29.260000
2006-04-21,29.870001
2006-04-24,29.415001
2006-04-25,29.035000
2006-04-26,28.575001
2006-04-27,28.250000
2006-04-28,28.570000
2006-05-01,29.040001
2006-05-02,29.684999
2006-05-03,29.225000
2006-05-04,29.090000
2006-05-05,29.430000
2006-05-08,29.299999
2006-05-09,29.475000
2006-05-10,29.750000
2006-05-11,29.365000
2006-05-12,28.370001
2006-05-15,27.775000
2006-05-16,27.875000
2006-05-17,27.165001
2006-05-18,26.834999
2006-05-19,27.010000
2006-05-22,26.855000
2006-05-23,26.860001
2006-05-24,26.530001
2006-05-25,27.459999
2006-05-26,27.549999
2006-05-30,27.115000
2006-05-31,27.775000
2006-06-01,27.850000
2006-06-02,28.264999
2006-06-05,27.375000
2006-06-06,27.350000
2006-06-07,26.299999
2006-06-08,26.670000
2006-06-09,26.400000
2006-06-12,25.860001
2006-06-13,25.094999
2006-06-14,25.740000
2006-06-15,26.719999
2006-06-16,26.549999
2006-06-19,25.549999
2006-06-20,25.430000
2006-06-21,26.000000
2006-06-22,26.110001
2006-06-23,26.690001
2006-06-26,26.985001
2006-06-27,27.035000
2006-06-28,27.500000
2006-06-29,28.280001
2006-06-30,28.375000
2006-07-03,28.680000
2006-07-05,28.809999
2006-07-06,28.735001
2006-07-07,28.344999
2006-07-10,28.430000
2006-07-11,28.950001
2006-07-12,28.850000
2006-07-13,28.575001
2006-07-14,28.910000
2006-07-17,27.975000
2006-07-18,28.010000
2006-07-19,28.299999
2006-07-20,27.615000
2006-07-21,27.240000
2006-07-24,28.059999
2006-07-25,28.549999
2006-07-26,29.125000
2006-07-27,28.875000
2006-07-28,28.885000
2006-07-31,29.325001
2006-08-01,29.360001
2006-08-02,29.420000
2006-08-03,29.165001
2006-08-04,28.920000
2006-08-07,29.225000
2006-08-08,29.055000
2006-08-09,29.299999
2006-08-10,29.059999
2006-08-11,29.075001
2006-08-14,28.475000
2006-08-15,28.620001
2006-08-16,28.500000
2006-08-17,28.299999
2006-08-18,28.740000
2006-08-21,28.930000
2006-08-22,29.125000
2006-08-23,28.514999
2006-08-24,28.885000
2006-08-25,29.110001
2006-08-28,28.690001
2006-08-29,28.510000
2006-08-30,28.030001
2006-08-31,27.834999
2006-09-01,28.250000
2006-09-05,28.620001
2006-09-06,27.650000
2006-09-07,27.674999
2006-09-08,26.975000
2006-09-11,26.139999
2006-09-12,25.975000
2006-09-13,26.514999
2006-09-14,25.924999
2006-09-15,25.924999
2006-09-18,26.549999
2006-09-19,26.150000
2006-09-20,25.450001
2006-09-21,25.775000
2006-09-22,25.665001
2006-09-25,25.700001
2006-09-26,26.264999
2006-09-27,26.700001
2006-09-28,26.615000
2006-09-29,26.725000
2006-10-02,26.420000
2006-10-03,25.450001
2006-10-04,25.825001
2006-10-05,26.320000
2006-10-06,26.344999
2006-10-09,25.950001
2006-10-10,26.434999
2006-10-11,26.014999
2006-10-12,26.625000
2006-10-13,26.990000
2006-10-16,27.625000
2006-10-17,27.325001
2006-10-18,27.150000
2006-10-19,27.709999
2006-10-20,27.350000
2006-10-23,27.400000
2006-10-24,27.900000
2006-10-25,28.379999
2006-10-26,28.315001
2006-10-27,28.084999
2006-10-30,27.580000
2006-10-31,27.865000
2006-11-01,27.580000
2006-11-02,27.690001
2006-11-03,28.299999
2006-11-06,28.504999
2006-11-07,28.285000
2006-11-08,28.760000
2006-11-09,29.000000
2006-11-10,28.725000
2006-11-13,28.674999
2006-11-14,28.844999
2006-11-15,29.115000
2006-11-16,28.315001
2006-11-17,28.549999
2006-11-20,28.475000
2006-11-21,29.000000
2006-11-22,28.830000
2006-11-24,28.770000
2006-11-27,28.639999
2006-11-28,29.100000
2006-11-29,30.025000
2006-11-30,30.254999
2006-12-01,30.360001
2006-12-04,30.315001
2006-12-05,30.434999
2006-12-06,30.350000
2006-12-07,30.170000
2006-12-08,30.135000
2006-12-11,30.059999
2006-12-12,30.129999
2006-12-13,30.434999
2006-12-14,30.875000
2006-12-15,30.504999
2006-12-18,29.625000
2006-12-19,30.129999
2006-12-20,29.719999
2006-12-21,29.580000
2006-12-22,29.295000
2006-12-26,29.330000
2006-12-27,29.674999
2006-12-28,29.610001
2006-12-29,29.315001
2007-01-03,28.290001
2007-01-04,27.775000
2007-01-05,27.959999
2007-01-08,27.959999
2007-01-09,27.719999
2007-01-10,27.184999
2007-01-11,27.030001
2007-01-12,27.719999
2007-01-16,27.434999
2007-01-17,27.740000
2007-01-18,27.535000
2007-01-19,28.290001
2007-01-22,28.094999
2007-01-23,28.825001
2007-01-24,28.950001
2007-01-25,28.355000
2007-01-26,28.424999
2007-01-29,28.285000
2007-01-30,28.860001
2007-01-31,29.045000
2007-02-01,29.150000
2007-02-02,29.315001
2007-02-05,29.285000
2007-02-06,29.195000
2007-02-07,29.020000
2007-02-08,29.315001
2007-02-09,29.195000
2007-02-12,28.790001
2007-02-13,29.209999
2007-02-14,29.215000
2007-02-15,28.995001
2007-02-16,29.000000
2007-02-20,28.674999
2007-02-21,28.990000
2007-02-22,29.250000
2007-02-23,29.325001
2007-02-26,29.500000
2007-02-27,28.325001
2007-02-28,28.450001
2007-03-01,28.360001
2007-03-02,28.025000
2007-03-05,27.700001
2007-03-06,28.225000
2007-03-07,28.575001
2007-03-08,28.825001
2007-03-09,28.700001
2007-03-12,28.660000
2007-03-13,28.275000
2007-03-14,28.600000
2007-03-15,28.594999
2007-03-16,28.195000
2007-03-19,28.645000
2007-03-20,28.850000
2007-03-21,29.370001
2007-03-22,29.959999
2007-03-23,30.110001
2007-03-26,30.320000
2007-03-27,30.375000
2007-03-28,30.370001
2007-03-29,30.559999
2007-03-30,30.139999
2007-04-02,30.434999
2007-04-03,30.625000
2007-04-04,30.674999
2007-04-05,30.875000
2007-04-09,30.760000
2007-04-10,31.225000
2007-04-11,31.035000
2007-04-12,31.510000
2007-04-13,31.525000
2007-04-16,31.709999
2007-04-17,31.530001
2007-04-18,31.420000
2007-04-19,30.980000
2007-04-20,31.549999
2007-04-23,31.584999
2007-04-24,31.490000
2007-04-25,32.080002
2007-04-26,32.070000
2007-04-27,32.064999
2007-04-30,31.684999
2007-05-01,31.825001
2007-05-02,32.090000
2007-05-03,32.349998
2007-05-04,32.325001
2007-05-07,32.410000
2007-05-08,32.415001
2007-05-09,32.400002
2007-05-10,31.875000
2007-05-11,32.605000
2007-05-14,32.615002
2007-05-15,32.724998
2007-05-16,32.849998
2007-05-17,33.375000
2007-05-18,33.915001
2007-05-21,34.200001
2007-05-22,33.880001
2007-05-23,33.950001
2007-05-24,33.330002
2007-05-25,33.849998
2007-05-29,33.625000
2007-05-30,34.330002
2007-05-31,34.150002
2007-06-01,34.459999
2007-06-04,35.000000
2007-06-05,34.875000
2007-06-06,34.430000
2007-06-07,33.820000
2007-06-08,33.959999
2007-06-11,34.220001
2007-06-12,33.799999
2007-06-13,34.474998
2007-06-14,35.055000
2007-06-15,35.490002
2007-06-18,35.529999
2007-06-19,35.570000
2007-06-20,34.535000
2007-06-21,35.224998
2007-06-22,34.875000
2007-06-25,34.595001
2007-06-26,33.849998
2007-06-27,34.375000
2007-06-28,34.375000
2007-06-29,34.494999
2007-07-02,35.105000
2007-07-03,35.375000
2007-07-05,35.290001
2007-07-06,35.770000
2007-07-09,36.105000
2007-07-10,35.785000
2007-07-11,35.919998
2007-07-12,36.615002
2007-07-13,36.974998
2007-07-16,36.500000
2007-07-17,36.025002
2007-07-18,36.840000
2007-07-19,37.174999
2007-07-20,37.000000
2007-07-23,37.150002
2007-07-24,36.075001
2007-07-25,36.650002
2007-07-26,35.270000
2007-07-27,34.250000
2007-07-30,34.840000
2007-07-31,34.500000
2007-08-01,34.410000
2007-08-02,34.174999
2007-08-03,33.060001
2007-08-06,33.250000
2007-08-07,34.029999
2007-08-08,34.674999
2007-08-09,33.680000
2007-08-10,33.860001
2007-08-13,33.900002
2007-08-14,33.674999
2007-08-15,32.750000
2007-08-16,32.549999
2007-08-17,33.750000
2007-08-20,33.674999
2007-08-21,33.200001
2007-08-22,33.599998
2007-08-23,33.900002
2007-08-24,34.625000
2007-08-27,34.200001
2007-08-28,33.375000
2007-08-29,34.480000
2007-08-30,34.459999
2007-08-31,34.915001
2007-09-04,35.549999
2007-09-05,35.360001
2007-09-06,35.900002
2007-09-07,35.130001
2007-09-10,35.075001
2007-09-11,35.674999
2007-09-12,35.924999
2007-09-13,36.150002
2007-09-14,36.250000
2007-09-17,36.325001
2007-09-18,37.424999
2007-09-19,37.750000
2007-09-20,37.724998
2007-09-21,37.849998
2007-09-24,37.779999
2007-09-25,37.160000
2007-09-26,37.264999
2007-09-27,37.750000
2007-09-28,37.400002
2007-10-01,38.049999
2007-10-02,37.455002
2007-10-03,37.235001
2007-10-04,37.375000
2007-10-05,37.555000
2007-10-08,37.174999
2007-10-09,37.924999
2007-10-10,38.415001
2007-10-11,38.224998
2007-10-12,38.584999
2007-10-15,38.900002
2007-10-16,39.000000
2007-10-17,38.750000
2007-10-18,39.049999
2007-10-19,37.200001
2007-10-22,36.775002
2007-10-23,37.299999
2007-10-24,37.544998
2007-10-25,37.900002
2007-10-26,38.474998
2007-10-29,38.660000
2007-10-30,37.345001
2007-10-31,38.349998
2007-11-01,37.224998
2007-11-02,37.924999
2007-11-05,37.619999
2007-11-06,38.875000
2007-11-07,37.275002
2007-11-08,37.924999
2007-11-09,37.224998
2007-11-12,35.424999
2007-11-13,36.674999
2007-11-14,36.619999
2007-11-15,35.400002
2007-11-16,36.330002
2007-11-19,35.724998
2007-11-20,36.875000
2007-11-21,36.075001
2007-11-23,37.025002
2007-11-26,35.744999
2007-11-27,35.349998
2007-11-28,36.224998
2007-11-29,36.625000
2007-11-30,36.735001
2007-12-03,36.875000
2007-12-04,36.500000
2007-12-05,37.305000
2007-12-06,38.325001
2007-12-07,38.090000
2007-12-10,38.474998
2007-12-11,37.525002
2007-12-12,38.750000
2007-12-13,38.845001
2007-12-14,38.224998
2007-12-17,37.540001
2007-12-18,37.900002
2007-12-19,38.264999
2007-12-20,38.750000
2007-12-21,39.650002
2007-12-24,39.830002
2007-12-26,40.275002
2007-12-27,39.849998
2007-12-28,40.185001
2007-12-31,39.674999
2008-01-02,39.750000
2008-01-03,40.220001
2008-01-04,38.750000
2008-01-07,38.599998
2008-01-08,37.924999
2008-01-09,38.424999
2008-01-10,38.264999
2008-01-11,37.799999
2008-01-14,38.549999
2008-01-15,36.955002
2008-01-16,35.724998
2008-01-17,34.375000
2008-01-18,34.450001
2008-01-22,33.474998
2008-01-23,33.785000
2008-01-24,34.974998
2008-01-25,34.349998
2008-01-28,35.130001
2008-01-29,35.525002
2008-01-30,35.080002
2008-01-31,34.799999
2008-02-01,35.674999
2008-02-04,35.700001
2008-02-05,34.224998
2008-02-06,33.755001
2008-02-07,34.419998
2008-02-08,34.924999
2008-02-11,35.825001
2008-02-12,35.805000
2008-02-13,36.674999
2008-02-14,36.360001
2008-02-15,36.424999
2008-02-19,37.625000
2008-02-20,38.075001
2008-02-21,37.029999
2008-02-22,37.450001
2008-02-25,38.520000
2008-02-26,39.174999
2008-02-27,38.665001
2008-02-28,39.330002
2008-02-29,38.025002
2008-03-03,38.500000
2008-03-04,37.750000
2008-03-05,38.700001
2008-03-06,37.924999
2008-03-07,36.880001
2008-03-10,36.424999
2008-03-11,38.299999
2008-03-12,37.450001
2008-03-13,38.075001
2008-03-14,37.380001
2008-03-17,36.075001
2008-03-18,37.650002
2008-03-19,35.349998
2008-03-20,35.404999
2008-03-24,36.025002
2008-03-25,36.384998
2008-03-26,37.174999
2008-03-27,36.799999
2008-03-28,36.700001
2008-03-31,37.029999
2008-04-01,37.724998
2008-04-02,38.250000
2008-04-03,38.340000
2008-04-04,38.654999
2008-04-07,38.860001
2008-04-08,39.299999
2008-04-09,39.375000
2008-04-10,39.299999
2008-04-11,38.750000
2008-04-14,39.639999
2008-04-15,39.849998
2008-04-16,41.200001
2008-04-17,41.165001
2008-04-18,41.794998
2008-04-21,42.270000
2008-04-22,42.290001
2008-04-23,41.959999
2008-04-24,40.860001
2008-04-25,41.439999
2008-04-28,41.509998
2008-04-29,40.575001
2008-04-30,40.875000
2008-05-01,39.980000
2008-05-02,40.735001
2008-05-05,41.325001
2008-05-06,42.419998
2008-05-07,41.630001
2008-05-08,42.465000
2008-05-09,42.384998
2008-05-12,42.150002
2008-05-13,42.840000
2008-05-14,42.349998
2008-05-15,42.910000
2008-05-16,44.474998
2008-05-19,44.750000
2008-05-20,45.195000
2008-05-21,44.525002
2008-05-22,43.875000
2008-05-23,43.130001
2008-05-27,42.849998
2008-05-28,43.755001
2008-05-29,42.560001
2008-05-30,43.000000
2008-06-02,43.255001
2008-06-03,42.325001
2008-06-04,41.695000
2008-06-05,43.869999
2008-06-06,43.009998
2008-06-09,44.275002
2008-06-10,43.185001
2008-06-11,43.450001
2008-06-12,42.790001
2008-06-13,43.299999
2008-06-16,43.455002
2008-06-17,44.174999
2008-06-18,44.345001
2008-06-19,43.279999
2008-06-20,42.875000
2008-06-23,44.570000
2008-06-24,43.724998
2008-06-25,43.560001
2008-06-26,43.244999
2008-06-27,43.625000
2008-06-30,44.240002
2008-07-01,44.424999
2008-07-02,43.084999
2008-07-03,42.450001
2008-07-07,41.384998
2008-07-08,40.700001
2008-07-09,39.924999
2008-07-10,41.150002
2008-07-11,40.900002
2008-07-14,41.169998
2008-07-15,39.435001
2008-07-16,38.419998
2008-07-17,37.790001
2008-07-18,38.450001
2008-07-21,39.599998
2008-07-22,38.285000
2008-07-23,36.895000
2008-07-24,36.805000
2008-07-25,36.904999
2008-07-28,37.049999
2008-07-29,36.610001
2008-07-30,38.790001
2008-07-31,37.200001
2008-08-01,37.195000
2008-08-04,35.445000
2008-08-05,35.709999
2008-08-06,36.525002
2008-08-07,36.099998
2008-08-08,35.490002
2008-08-11,35.474998
2008-08-12,35.494999
2008-08-13,36.750000
2008-08-14,36.075001
2008-08-15,35.400002
2008-08-18,34.950001
2008-08-19,36.205002
2008-08-20,37.250000
2008-08-21,38.185001
2008-08-22,37.310001
2008-08-25,36.825001
2008-08-26,37.575001
2008-08-27,38.169998
2008-08-28,37.500000
2008-08-29,37.325001
2008-09-02,35.275002
2008-09-03,35.139999
2008-09-04,34.349998
2008-09-05,34.209999
2008-09-08,33.974998
2008-09-09,31.625000
2008-09-10,32.869999
2008-09-11,33.340000
2008-09-12,34.465000
2008-09-15,31.825001
2008-09-16,33.169998
2008-09-17,32.474998
2008-09-18,33.445000
2008-09-19,35.625000
2008-09-22,35.000000
2008-09-23,33.845001
2008-09-24,33.945000
2008-09-25,34.775002
2008-09-26,33.849998
2008-09-29,29.825001
2008-09-30,31.650000
2008-10-01,31.129999
2008-10-02,29.355000
2008-10-03,29.004999
2008-10-06,27.445000
2008-10-07,25.940001
2008-10-08,26.430000
2008-10-09,22.625000
2008-10-10,21.700001
2008-10-13,25.275000
2008-10-14,25.305000
2008-10-15,21.650000
2008-10-16,22.475000
2008-10-17,22.969999
2008-10-20,25.645000
2008-10-21,24.480000
2008-10-22,22.100000
2008-10-23,23.275000
2008-10-24,21.825001
2008-10-27,20.430000
2008-10-28,23.545000
2008-10-29,24.065001
2008-10-30,25.174999
2008-10-31,25.700001
2008-11-03,24.905001
2008-11-04,26.510000
2008-11-05,25.325001
2008-11-06,23.799999
2008-11-07,24.924999
2008-11-10,25.010000
2008-11-11,24.290001
2008-11-12,22.299999
2008-11-13,24.920000
2008-11-14,23.885000
2008-11-17,23.389999
2008-11-18,24.045000
2008-11-19,22.799999
2008-11-20,19.980000
2008-11-21,22.209999
2008-11-24,23.815001
2008-11-25,24.195000
2008-11-26,25.549999
2008-11-28,25.139999
2008-12-01,22.465000
2008-12-02,23.225000
2008-12-03,23.240000
2008-12-04,21.629999
2008-12-05,22.080000
2008-12-08,23.059999
2008-12-09,23.290001
2008-12-10,24.495001
2008-12-11,24.379999
2008-12-12,24.139999
2008-12-15,24.000000
2008-12-16,24.745001
2008-12-17,24.584999
2008-12-18,23.155001
2008-12-19,23.000000
2008-12-22,22.315001
2008-12-23,22.365000
2008-12-24,22.280001
2008-12-26,22.580000
2008-12-29,23.075001
2008-12-30,23.635000
2008-12-31,23.885000
2009-01-02,25.075001
2009-01-05,25.665001
2009-01-06,25.945000
2009-01-07,24.844999
2009-01-08,25.165001
2009-01-09,24.320000
2009-01-12,23.360001
2009-01-13,23.945000
2009-01-14,22.799999
2009-01-15,23.084999
2009-01-16,23.270000
2009-01-20,22.030001
2009-01-21,23.510000
2009-01-22,22.865000
2009-01-23,23.530001
2009-01-26,23.965000
2009-01-27,24.004999
2009-01-28,24.660000
2009-01-29,23.790001
2009-01-30,23.459999
2009-02-02,23.084999
2009-02-03,23.485001
2009-02-04,23.705000
2009-02-05,24.285000
2009-02-06,24.735001
2009-02-09,24.825001
2009-02-10,23.670000
2009-02-11,23.400000
2009-02-12,23.440001
2009-02-13,23.495001
2009-02-17,21.870001
2009-02-18,21.745001
2009-02-19,21.750000
2009-02-20,21.190001
2009-02-23,20.200001
2009-02-24,21.150000
2009-02-25,21.025000
2009-02-26,21.075001
2009-02-27,20.565001
2009-03-02,19.059999
2009-03-03,19.155001
2009-03-04,20.070000
2009-03-05,19.184999
2009-03-06,19.395000
2009-03-09,19.430000
2009-03-10,20.415001
2009-03-11,20.330000
2009-03-12,20.940001
2009-03-13,20.750000
2009-03-16,21.014999
2009-03-17,21.740000
2009-03-18,21.959999
2009-03-19,22.490000
2009-03-20,21.500000
2009-03-23,23.270000
2009-03-24,22.830000
2009-03-25,22.719999
2009-03-26,22.915001
2009-03-27,22.235001
2009-03-30,21.410000
2009-03-31,21.230000
2009-04-01,21.680000
2009-04-02,22.570000
2009-04-03,23.010000
2009-04-06,22.545000
2009-04-07,21.870001
2009-04-08,22.150000
2009-04-09,22.799999
2009-04-13,22.549999
2009-04-14,22.490000
2009-04-15,22.520000
2009-04-16,22.625000
2009-04-17,22.889999
2009-04-20,21.780001
2009-04-21,22.209999
2009-04-22,21.975000
2009-04-23,22.385000
2009-04-24,23.035000
2009-04-27,22.600000
2009-04-28,22.650000
2009-04-29,23.275000
2009-04-30,22.889999
2009-05-01,23.629999
2009-05-04,24.575001
2009-05-05,24.245001
2009-05-06,25.184999
2009-05-07,24.860001
2009-05-08,25.920000
2009-05-11,25.129999
2009-05-12,25.290001
2009-05-13,24.455000
2009-05-14,24.525000
2009-05-15,24.000000
2009-05-18,24.830000
2009-05-19,24.950001
2009-05-20,25.035000
2009-05-21,24.295000
2009-05-22,24.305000
2009-05-26,24.820000
2009-05-27,24.549999
2009-05-28,25.365000
2009-05-29,25.840000
2009-06-01,26.790001
2009-06-02,26.719999
2009-06-03,25.690001
2009-06-04,26.270000
2009-06-05,26.055000
2009-06-08,25.995001
2009-06-09,26.250000
2009-06-10,26.485001
2009-06-11,27.014999
2009-06-12,26.754999
2009-06-15,26.045000
2009-06-16,25.490000
2009-06-17,25.075001
2009-06-18,24.980000
2009-06-19,24.605000
2009-06-22,23.375000
2009-06-23,23.514999
2009-06-24,23.610001
2009-06-25,24.105000
2009-06-26,23.945000
2009-06-29,24.170000
2009-06-30,24.025000
2009-07-01,24.045000
2009-07-02,23.080000
2009-07-06,22.844999
2009-07-07,22.260000
2009-07-08,22.264999
2009-07-09,22.495001
2009-07-10,22.334999
2009-07-13,22.674999
2009-07-14,22.980000
2009-07-15,23.795000
2009-07-16,24.084999
2009-07-17,24.225000
2009-07-20,24.639999
2009-07-21,24.855000
2009-07-22,24.629999
2009-07-23,25.330000
2009-07-24,25.594999
2009-07-27,25.680000
2009-07-28,25.305000
2009-07-29,24.719999
2009-07-30,25.065001
2009-07-31,25.309999
2009-08-03,25.959999
2009-08-04,25.915001
2009-08-05,25.655001
2009-08-06,25.445000
2009-08-07,25.415001
2009-08-10,25.525000
2009-08-11,25.155001
2009-08-12,25.424999
2009-08-13,25.735001
2009-08-14,25.355000
2009-08-17,24.535000
2009-08-18,24.780001
2009-08-19,25.240000
2009-08-20,25.455000
2009-08-21,26.174999
2009-08-24,26.510000
2009-08-25,26.105000
2009-08-26,26.225000
2009-08-27,26.145000
2009-08-28,26.090000
2009-08-31,25.584999
2009-09-01,25.139999
2009-09-02,24.955000
2009-09-03,25.129999
2009-09-04,25.480000
2009-09-08,26.180000
2009-09-09,26.240000
2009-09-10,26.695000
2009-09-11,26.799999
2009-09-14,27.000000
2009-09-15,27.270000
2009-09-16,27.945000
2009-09-17,27.809999
2009-09-18,27.590000
2009-09-21,27.355000
2009-09-22,27.785000
2009-09-23,27.205000
2009-09-24,26.815001
2009-09-25,26.780001
2009-09-28,27.209999
2009-09-29,27.135000
2009-09-30,26.959999
2009-10-01,26.120001
2009-10-02,25.985001
2009-10-05,26.559999
2009-10-06,27.190001
2009-10-07,27.400000
2009-10-08,28.105000
2009-10-09,28.080000
2009-10-12,28.459999
2009-10-13,28.504999
2009-10-14,28.980000
2009-10-15,29.584999
2009-10-16,29.495001
2009-10-19,29.879999
2009-10-20,29.690001
2009-10-21,29.610001
2009-10-22,29.725000
2009-10-23,29.150000
2009-10-26,28.670000
2009-10-27,28.924999
2009-10-28,27.969999
2009-10-29,28.715000
2009-10-30,27.625000
2009-11-02,27.799999
2009-11-03,28.160000
2009-11-04,28.135000
2009-11-05,28.615000
2009-11-06,28.540001
2009-11-09,29.084999
2009-11-10,29.105000
2009-11-11,29.094999
2009-11-12,28.455000
2009-11-13,28.635000
2009-11-16,29.385000
2009-11-17,29.334999
2009-11-18,29.219999
2009-11-19,28.565001
2009-11-20,28.299999
2009-11-23,28.665001
2009-11-24,28.830000
2009-11-25,29.055000
2009-11-27,28.510000
2009-11-30,28.410000
2009-12-01,28.785000
2009-12-02,28.615000
2009-12-03,28.155001
2009-12-04,27.950001
2009-12-07,27.885000
2009-12-08,27.410000
2009-12-09,27.410000
2009-12-10,27.750000
2009-12-11,27.764999
2009-12-14,28.049999
2009-12-15,28.139999
2009-12-16,28.320000
2009-12-17,28.080000
2009-12-18,28.075001
2009-12-21,28.410000
2009-12-22,28.545000
2009-12-23,28.770000
2009-12-24,28.905001
2009-12-28,28.955000
2009-12-29,28.764999
2009-12-30,28.735001
2009-12-31,28.504999
2010-01-04,29.405001
2010-01-05,29.645000
2010-01-06,30.000000
2010-01-07,29.955000
2010-01-08,30.150000
2010-01-11,30.110001
2010-01-12,29.674999
2010-01-13,29.785000
2010-01-14,29.870001
2010-01-15,29.629999
2010-01-19,29.900000
2010-01-20,29.434999
2010-01-21,28.834999
2010-01-22,28.150000
2010-01-25,28.334999
2010-01-26,28.155001
2010-01-27,28.045000
2010-01-28,27.750000
2010-01-29,27.250000
2010-02-01,28.150000
2010-02-02,28.520000
2010-02-03,28.275000
2010-02-04,27.115000
2010-02-05,27.120001
2010-02-08,26.870001
2010-02-09,27.434999
2010-02-10,27.320000
2010-02-11,27.785000
2010-02-12,27.795000
2010-02-16,28.450001
2010-02-17,28.410000
2010-02-18,28.570000
2010-02-19,28.680000
2010-02-22,28.285000
2010-02-23,27.815001
2010-02-24,27.990000
2010-02-25,28.004999
2010-02-26,28.070000
2010-03-01,28.330000
2010-03-02,28.565001
2010-03-03,28.690001
2010-03-04,28.540001
2010-03-05,29.075001
2010-03-08,29.030001
2010-03-09,29.030001
2010-03-10,29.285000
2010-03-11,29.235001
2010-03-12,29.250000
2010-03-15,28.950001
2010-03-16,29.209999
2010-03-17,29.530001
2010-03-18,29.090000
2010-03-19,28.639999
2010-03-22,28.565001
2010-03-23,28.674999
2010-03-24,28.510000
2010-03-25,28.030001
2010-03-26,28.040001
2010-03-29,28.584999
2010-03-30,28.629999
2010-03-31,28.760000
2010-04-01,29.270000
2010-04-05,29.790001
2010-04-06,29.790001
2010-04-07,29.495001
2010-04-08,29.600000
2010-04-09,29.915001
2010-04-12,29.985001
2010-04-13,29.879999
2010-04-14,30.165001
2010-04-15,30.160000
2010-04-16,29.650000
2010-04-19,29.690001
2010-04-20,30.270000
2010-04-21,30.240000
2010-04-22,30.315001
2010-04-23,31.045000
2010-04-26,30.940001
2010-04-27,29.990000
2010-04-28,30.295000
2010-04-29,30.330000
2010-04-30,29.955000
2010-05-03,30.295000
2010-05-04,29.485001
2010-05-05,29.020000
2010-05-06,28.030001
2010-05-07,27.495001
2010-05-10,28.670000
2010-05-11,28.480000
2010-05-12,28.875000
2010-05-13,28.690001
2010-05-14,28.120001
2010-05-17,27.830000
2010-05-18,27.615000
2010-05-19,27.299999
2010-05-20,26.080000
2010-05-21,26.535000
2010-05-24,25.930000
2010-05-25,25.990000
2010-05-26,25.934999
2010-05-27,27.035000
2010-05-28,26.525000
2010-06-01,25.264999
2010-06-02,26.360001
2010-06-03,26.715000
2010-06-04,25.775000
2010-06-07,25.549999
2010-06-08,25.975000
2010-06-09,25.705000
2010-06-10,26.995001
2010-06-11,27.160000
2010-06-14,27.020000
2010-06-15,27.809999
2010-06-16,27.790001
2010-06-17,27.760000
2010-06-18,27.805000
2010-06-21,27.745001
2010-06-22,26.934999
2010-06-23,26.730000
2010-06-24,26.170000
2010-06-25,26.245001
2010-06-28,25.889999
2010-06-29,25.035000
2010-06-30,24.840000
2010-07-01,24.750000
2010-07-02,24.690001
2010-07-06,24.930000
2010-07-07,25.809999
2010-07-08,26.174999
2010-07-09,26.309999
2010-07-12,26.240000
2010-07-13,26.555000
2010-07-14,26.525000
2010-07-15,26.495001
2010-07-16,25.865000
2010-07-19,26.030001
2010-07-20,26.625000
2010-07-21,26.190001
2010-07-22,26.770000
2010-07-23,26.889999
2010-07-26,27.125000
2010-07-27,26.995001
2010-07-28,26.934999
2010-07-29,26.975000
2010-07-30,26.920000
2010-08-02,27.860001
2010-08-03,27.850000
2010-08-04,28.065001
2010-08-05,28.155001
2010-08-06,27.820000
2010-08-09,27.934999
2010-08-10,27.705000
2010-08-11,26.879999
2010-08-12,26.719999
2010-08-13,26.674999
2010-08-16,26.670000
2010-08-17,27.115000
2010-08-18,26.855000
2010-08-19,26.420000
2010-08-20,26.094999
2010-08-23,26.105000
2010-08-24,25.700001
2010-08-25,25.620001
2010-08-26,25.389999
2010-08-27,26.049999
2010-08-30,25.670000
2010-08-31,25.600000
2010-09-01,26.555000
2010-09-02,26.775000
2010-09-03,27.100000
2010-09-07,26.695000
2010-09-08,26.924999
2010-09-09,26.980000
2010-09-10,27.260000
2010-09-13,27.480000
2010-09-14,27.385000
2010-09-15,27.330000
2010-09-16,27.205000
2010-09-17,26.945000
2010-09-20,27.400000
2010-09-21,27.420000
2010-09-22,27.219999
2010-09-23,27.049999
2010-09-24,27.635000
2010-09-27,27.530001
2010-09-28,27.725000
2010-09-29,28.020000
2010-09-30,28.030001
2010-10-01,28.405001
2010-10-04,28.049999
2010-10-05,28.709999
2010-10-06,28.965000
2010-10-07,28.820000
2010-10-08,29.180000
2010-10-11,29.260000
2010-10-12,29.215000
2010-10-13,29.570000
2010-10-14,29.525000
2010-10-15,29.605000
2010-10-18,29.684999
2010-10-19,29.094999
2010-10-20,29.469999
2010-10-21,29.455000
2010-10-22,29.650000
2010-10-25,29.730000
2010-10-26,29.790001
2010-10-27,29.665001
2010-10-28,29.600000
2010-10-29,29.620001
2010-11-01,29.655001
2010-11-02,29.980000
2010-11-03,30.045000
2010-11-04,31.000000
2010-11-05,31.155001
2010-11-08,31.250000
2010-11-09,31.190001
2010-11-10,31.590000
2010-11-11,31.940001
2010-11-12,31.469999
2010-11-15,31.309999
2010-11-16,30.725000
2010-11-17,30.850000
2010-11-18,31.530001
2010-11-19,31.795000
2010-11-22,31.695000
2010-11-23,31.075001
2010-11-24,31.635000
2010-11-26,31.254999
2010-11-29,31.465000
2010-11-30,31.355000
2010-12-01,32.285000
2010-12-02,32.764999
2010-12-03,32.910000
2010-12-06,33.020000
2010-12-07,32.895000
2010-12-08,32.740002
2010-12-09,32.814999
2010-12-10,32.950001
2010-12-13,33.230000
2010-12-14,33.075001
2010-12-15,32.895000
2010-12-16,33.080002
2010-12-17,32.945000
2010-12-20,33.160000
2010-12-21,33.494999
2010-12-22,33.610001
2010-12-23,33.705002
2010-12-27,33.584999
2010-12-28,33.709999
2010-12-29,34.044998
2010-12-30,34.075001
2010-12-31,34.125000
2011-01-03,34.380001
2011-01-04,34.084999
2011-01-05,34.220001
2011-01-06,33.895000
2011-01-07,34.139999
2011-01-10,34.005001
2011-01-11,34.570000
2011-01-12,35.044998
2011-01-13,34.945000
2011-01-14,35.325001
2011-01-18,35.544998
2011-01-19,35.115002
2011-01-20,34.865002
2011-01-21,35.049999
2011-01-24,35.180000
2011-01-25,35.080002
2011-01-26,35.919998
2011-01-27,35.709999
2011-01-28,35.555000
2011-01-31,36.575001
2011-02-01,37.169998
2011-02-02,37.139999
2011-02-03,37.160000
2011-02-04,37.064999
2011-02-07,37.279999
2011-02-08,37.154999
2011-02-09,36.685001
2011-02-10,37.060001
2011-02-11,37.055000
2011-02-14,37.869999
2011-02-15,37.474998
2011-02-16,37.974998
2011-02-17,38.349998
2011-02-18,38.509998
2011-02-22,38.134998
2011-02-23,38.910000
2011-02-24,38.360001
2011-02-25,38.970001
2011-02-28,39.270000
2011-03-01,38.535000
2011-03-02,38.755001
2011-03-03,39.419998
2011-03-04,39.169998
2011-03-07,38.895000
2011-03-08,38.575001
2011-03-09,38.310001
2011-03-10,36.915001
2011-03-11,37.555000
2011-03-14,37.759998
2011-03-15,37.474998
2011-03-16,36.875000
2011-03-17,38.000000
2011-03-18,37.695000
2011-03-21,38.840000
2011-03-22,38.755001
2011-03-23,38.855000
2011-03-24,38.994999
2011-03-25,39.345001
2011-03-28,39.250000
2011-03-29,39.730000
2011-03-30,40.005001
2011-03-31,39.875000
2011-04-01,39.994999
2011-04-04,40.020000
2011-04-05,40.139999
2011-04-06,39.720001
2011-04-07,39.720001
2011-04-08,39.860001
2011-04-11,39.075001
2011-04-12,37.865002
2011-04-13,38.020000
2011-04-14,38.279999
2011-04-15,38.595001
2011-04-18,38.020000
2011-04-19,38.404999
2011-04-20,39.310001
2011-04-21,39.490002
2011-04-25,39.285000
2011-04-26,39.674999
2011-04-27,39.654999
2011-04-28,39.650002
2011-04-29,40.240002
2011-05-02,39.705002
2011-05-03,38.709999
2011-05-04,38.025002
2011-05-05,37.235001
2011-05-06,37.400002
2011-05-09,38.055000
2011-05-10,38.235001
2011-05-11,37.130001
2011-05-12,37.075001
2011-05-13,36.895000
2011-05-16,36.615002
2011-05-17,36.615002
2011-05-18,37.355000
2011-05-19,37.360001
2011-05-20,37.314999
2011-05-23,36.735001
2011-05-24,37.255001
2011-05-25,37.884998
2011-05-26,38.075001
2011-05-27,38.169998
2011-05-31,38.555000
2011-06-01,37.634998
2011-06-02,37.619999
2011-06-03,37.630001
2011-06-06,36.779999
2011-06-07,36.779999
2011-06-08,36.889999
2011-06-09,37.389999
2011-06-10,36.665001
2011-06-13,36.084999
2011-06-14,36.855000
2011-06-15,36.009998
2011-06-16,36.064999
2011-06-17,35.840000
2011-06-20,35.939999
2011-06-21,36.654999
2011-06-22,36.549999
2011-06-23,36.150002
2011-06-24,35.465000
2011-06-27,35.654999
2011-06-28,36.695000
2011-06-29,37.125000
2011-06-30,37.674999
2011-07-01,38.029999
2011-07-05,38.264999
2011-07-06,38.195000
2011-07-07,38.770000
2011-07-08,38.445000
2011-07-11,37.535000
2011-07-12,37.395000
2011-07-13,37.674999
2011-07-14,37.424999
2011-07-15,38.430000
2011-07-18,38.299999
2011-07-19,39.000000
2011-07-20,38.900002
2011-07-21,39.665001
2011-07-22,39.865002
2011-07-25,39.705002
2011-07-26,39.514999
2011-07-27,38.770000
2011-07-28,38.610001
2011-07-29,38.224998
2011-08-01,38.169998
2011-08-02,37.105000
2011-08-03,36.895000
2011-08-04,34.365002
2011-08-05,34.035000
2011-08-08,31.139999
2011-08-09,32.724998
2011-08-10,31.594999
2011-08-11,33.235001
2011-08-12,33.480000
2011-08-15,34.610001
2011-08-16,34.035000
2011-08-17,34.169998
2011-08-18,32.189999
2011-08-19,31.620001
2011-08-22,31.365000
2011-08-23,32.779999
2011-08-24,32.974998
2011-08-25,32.279999
2011-08-26,32.904999
2011-08-29,33.865002
2011-08-30,34.064999
2011-08-31,34.320000
2011-09-01,34.060001
2011-09-02,33.110001
2011-09-06,32.750000
2011-09-07,33.950001
2011-09-08,33.555000
2011-09-09,32.445000
2011-09-12,32.599998
2011-09-13,32.689999
2011-09-14,33.095001
2011-09-15,33.750000
2011-09-16,33.544998
2011-09-19,33.014999
2011-09-20,32.810001
2011-09-21,31.445000
2011-09-22,29.670000
2011-09-23,29.350000
2011-09-26,30.420000
2011-09-27,30.865000
2011-09-28,29.855000
2011-09-29,30.139999
2011-09-30,29.254999
2011-10-03,28.260000
2011-10-04,29.184999
2011-10-05,30.260000
2011-10-06,30.830000
2011-10-07,30.450001
2011-10-10,31.830000
2011-10-11,31.895000
2011-10-12,32.064999
2011-10-13,32.020000
2011-10-14,33.299999
2011-10-17,32.695000
2011-10-18,33.744999
2011-10-19,33.395000
2011-10-20,33.654999
2011-10-21,34.275002
2011-10-24,34.724998
2011-10-25,34.000000
2011-10-26,34.735001
2011-10-27,36.275002
2011-10-28,36.520000
2011-10-31,34.855000
2011-11-01,33.730000
2011-11-02,34.744999
2011-11-03,35.660000
2011-11-04,35.630001
2011-11-07,35.825001
2011-11-08,36.410000
2011-11-09,34.799999
2011-11-10,35.404999
2011-11-11,36.130001
2011-11-14,35.654999
2011-11-15,35.615002
2011-11-16,35.080002
2011-11-17,34.279999
2011-11-18,34.075001
2011-11-21,33.465000
2011-11-22,33.150002
2011-11-23,32.145000
2011-11-25,31.915001
2011-11-28,33.110001
2011-11-29,33.584999
2011-11-30,35.435001
2011-12-01,35.240002
2011-12-02,35.209999
2011-12-05,35.645000
2011-12-06,35.639999
2011-12-07,35.299999
2011-12-08,34.314999
2011-12-09,35.095001
2011-12-12,34.275002
2011-12-13,33.955002
2011-12-14,33.000000
2011-12-15,32.860001
2011-12-16,33.070000
2011-12-19,32.490002
2011-12-20,33.825001
2011-12-21,34.200001
2011-12-22,34.599998
2011-12-23,34.799999
2011-12-27,34.889999
2011-12-28,34.224998
2011-12-29,34.580002
2011-12-30,34.564999
2012-01-03,35.525002
2012-01-04,35.599998
2012-01-05,35.430000
2012-01-06,35.220001
2012-01-09,35.389999
2012-01-10,35.705002
2012-01-11,35.224998
2012-01-12,34.895000
2012-01-13,34.720001
2012-01-17,34.965000
2012-01-18,35.540001
2012-01-19,35.685001
2012-01-20,35.689999
2012-01-23,35.974998
2012-01-24,35.869999
2012-01-25,36.310001
2012-01-26,35.814999
2012-01-27,35.740002
2012-01-30,35.570000
2012-01-31,35.345001
2012-02-01,35.485001
2012-02-02,35.755001
2012-02-03,36.384998
2012-02-06,36.820000
2012-02-07,37.009998
2012-02-08,36.884998
2012-02-09,36.889999
2012-02-10,36.520000
2012-02-13,36.810001
2012-02-14,36.875000
2012-02-15,36.814999
2012-02-16,37.294998
2012-02-17,37.435001
2012-02-21,37.689999
2012-02-22,37.775002
2012-02-23,37.965000
2012-02-24,38.115002
2012-02-27,37.994999
2012-02-28,37.869999
2012-02-29,37.439999
2012-03-01,37.799999
2012-03-02,37.369999
2012-03-05,37.130001
2012-03-06,36.525002
2012-03-07,36.830002
2012-03-08,37.130001
2012-03-09,37.095001
2012-03-12,36.889999
2012-03-13,37.334999
2012-03-14,36.974998
2012-03-15,37.035000
2012-03-16,37.400002
2012-03-19,37.570000
2012-03-20,37.005001
2012-03-21,36.564999
2012-03-22,35.740002
2012-03-23,36.130001
2012-03-26,36.400002
2012-03-27,36.035000
2012-03-28,35.584999
2012-03-29,35.584999
2012-03-30,35.875000
2012-04-02,36.224998
2012-04-03,35.910000
2012-04-04,35.450001
2012-04-05,35.250000
2012-04-09,34.805000
2012-04-10,34.119999
2012-04-11,34.130001
2012-04-12,34.875000
2012-04-13,34.349998
2012-04-16,34.119999
2012-04-17,34.674999
2012-04-18,34.605000
2012-04-19,34.560001
2012-04-20,34.480000
2012-04-23,34.445000
2012-04-24,34.700001
2012-04-25,35.044998
2012-04-26,35.415001
2012-04-27,35.400002
2012-04-30,35.619999
2012-05-01,36.130001
2012-05-02,35.540001
2012-05-03,34.950001
2012-05-04,34.150002
2012-05-07,34.049999
2012-05-08,33.939999
2012-05-09,33.775002
2012-05-10,33.919998
2012-05-11,33.669998
2012-05-14,33.110001
2012-05-15,32.560001
2012-05-16,32.375000
2012-05-17,32.169998
2012-05-18,31.969999
2012-05-21,32.705002
2012-05-22,32.625000
2012-05-23,32.744999
2012-05-24,32.720001
2012-05-25,32.564999
2012-05-29,33.110001
2012-05-30,32.095001
2012-05-31,31.815001
2012-06-01,31.020000
2012-06-04,30.995001
2012-06-05,31.260000
2012-06-06,32.224998
2012-06-07,32.244999
2012-06-08,32.250000
2012-06-11,31.809999
2012-06-12,32.259998
2012-06-13,31.850000
2012-06-14,32.349998
2012-06-15,32.810001
2012-06-18,32.514999
2012-06-19,32.985001
2012-06-20,32.855000
2012-06-21,31.510000
2012-06-22,31.719999
2012-06-25,31.010000
2012-06-26,31.344999
2012-06-27,31.995001
2012-06-28,32.215000
2012-06-29,33.185001
2012-07-02,33.200001
2012-07-03,33.994999
2012-07-05,33.549999
2012-07-06,33.145000
2012-07-09,32.994999
2012-07-10,32.480000
2012-07-11,32.919998
2012-07-12,32.810001
2012-07-13,33.384998
2012-07-16,33.494999
2012-07-17,33.915001
2012-07-18,34.209999
2012-07-19,34.314999
2012-07-20,34.395000
2012-07-23,34.064999
2012-07-24,33.520000
2012-07-25,33.544998
2012-07-26,34.500000
2012-07-27,35.110001
2012-07-30,35.209999
2012-07-31,34.825001
2012-08-01,34.994999
2012-08-02,34.410000
2012-08-03,35.220001
2012-08-06,35.314999
2012-08-07,35.845001
2012-08-08,35.875000
2012-08-09,36.119999
2012-08-10,36.185001
2012-08-13,36.049999
2012-08-14,35.985001
2012-08-15,35.980000
2012-08-16,36.299999
2012-08-17,36.285000
2012-08-20,36.160000
2012-08-21,36.044998
2012-08-22,36.180000
2012-08-23,35.779999
2012-08-24,35.990002
2012-08-27,36.005001
2012-08-28,36.029999
2012-08-29,35.790001
2012-08-30,35.410000
2012-08-31,35.764999
2012-09-04,35.490002
2012-09-05,35.355000
2012-09-06,36.099998
2012-09-07,36.724998
2012-09-10,36.564999
2012-09-11,36.955002
2012-09-12,37.180000
2012-09-13,37.785000
2012-09-14,38.285000
2012-09-17,37.994999
2012-09-18,37.724998
2012-09-19,37.360001
2012-09-20,37.465000
2012-09-21,37.340000
2012-09-24,37.150002
2012-09-25,36.744999
2012-09-26,36.395000
2012-09-27,36.889999
2012-09-28,36.715000
2012-10-01,36.900002
2012-10-02,36.965000
2012-10-03,36.509998
2012-10-04,36.875000
2012-10-05,36.790001
2012-10-08,36.849998
2012-10-09,36.900002
2012-10-10,36.209999
2012-10-11,36.480000
2012-10-12,36.279999
2012-10-15,36.465000
2012-10-16,37.044998
2012-10-17,37.509998
2012-10-18,37.505001
2012-10-19,36.915001
2012-10-22,36.730000
2012-10-23,35.875000
2012-10-24,35.599998
2012-10-25,35.935001
2012-10-26,35.980000
2012-10-31,35.970001
2012-11-01,36.125000
2012-11-02,35.529999
2012-11-05,35.799999
2012-11-06,36.375000
2012-11-07,35.424999
2012-11-08,34.785000
2012-11-09,34.775002
2012-11-12,34.845001
2012-11-13,34.700001
2012-11-14,34.279999
2012-11-15,34.325001
2012-11-16,34.459999
2012-11-19,35.255001
2012-11-20,35.115002
2012-11-21,35.305000
2012-11-23,35.805000
2012-11-26,35.455002
2012-11-27,35.160000
2012-11-28,35.480000
2012-11-29,35.560001
2012-11-30,35.529999
2012-12-03,35.334999
2012-12-04,35.205002
2012-12-05,35.450001
2012-12-06,35.564999
2012-12-07,35.779999
2012-12-10,35.740002
2012-12-11,35.950001
2012-12-12,36.080002
2012-12-13,35.744999
2012-12-14,35.610001
2012-12-17,35.935001
2012-12-18,36.595001
2012-12-19,36.345001
2012-12-20,36.590000
2012-12-21,36.035000
2012-12-24,35.759998
2012-12-26,35.599998
2012-12-27,35.535000
2012-12-28,34.915001
2012-12-31,35.709999
2013-01-02,36.500000
2013-01-03,36.490002
2013-01-04,36.895000
2013-01-07,36.610001
2013-01-08,36.490002
2013-01-09,36.430000
2013-01-10,36.759998
2013-01-11,36.805000
2013-01-14,36.810001
2013-01-15,36.974998
2013-01-16,37.139999
2013-01-17,37.375000
2013-01-18,37.744999
2013-01-22,38.105000
2013-01-23,37.974998
2013-01-24,38.084999
2013-01-25,38.445000
2013-01-28,38.380001
2013-01-29,39.000000
2013-01-30,38.805000
2013-01-31,38.674999
2013-02-01,39.035000
2013-02-04,38.665001
2013-02-05,39.000000
2013-02-06,39.025002
2013-02-07,38.924999
2013-02-08,39.290001
2013-02-11,39.095001
2013-02-12,39.200001
2013-02-13,39.340000
2013-02-14,39.680000
2013-02-15,39.224998
2013-02-19,39.680000
2013-02-20,38.849998
2013-02-21,38.580002
2013-02-22,38.985001
2013-02-25,37.965000
2013-02-26,38.340000
2013-02-27,38.924999
2013-02-28,38.845001
2013-03-01,38.895000
2013-03-04,38.810001
2013-03-05,39.060001
2013-03-06,39.105000
2013-03-07,39.305000
2013-03-08,39.494999
2013-03-11,39.514999
2013-03-12,39.560001
2013-03-13,39.470001
2013-03-14,40.009998
2013-03-15,39.799999
2013-03-18,39.480000
2013-03-19,39.044998
2013-03-20,39.264999
2013-03-21,39.064999
2013-03-22,39.375000
2013-03-25,39.224998
2013-03-26,39.639999
2013-03-27,39.770000
2013-03-28,39.654999
2013-04-01,39.575001
2013-04-02,39.349998
2013-04-03,38.615002
2013-04-04,38.564999
2013-04-05,38.650002
2013-04-08,38.910000
2013-04-09,39.240002
2013-04-10,39.450001
2013-04-11,39.619999
2013-04-12,39.000000
2013-04-15,37.410000
2013-04-16,37.869999
2013-04-17,37.040001
2013-04-18,37.355000
2013-04-19,37.279999
2013-04-22,37.680000
2013-04-23,38.115002
2013-04-24,38.625000
2013-04-25,38.654999
2013-04-26,38.590000
2013-04-29,38.980000
2013-04-30,39.134998
2013-05-01,38.525002
2013-05-02,39.029999
2013-05-03,39.735001
2013-05-06,40.005001
2013-05-07,40.314999
2013-05-08,40.380001
2013-05-09,40.345001
2013-05-10,40.134998
2013-05-13,40.130001
2013-05-14,40.700001
2013-05-15,40.584999
2013-05-16,40.384998
2013-05-17,41.060001
2013-05-20,41.639999
2013-05-21,41.555000
2013-05-22,41.075001
2013-05-23,41.095001
2013-05-24,40.855000
2013-05-28,41.285000
2013-05-29,41.195000
2013-05-30,41.099998
2013-05-31,40.250000
2013-06-03,40.639999
2013-06-04,40.320000
2013-06-05,39.849998
2013-06-06,40.150002
2013-06-07,40.654999
2013-06-10,40.540001
2013-06-11,39.924999
2013-06-12,39.680000
2013-06-13,40.345001
2013-06-14,39.955002
2013-06-17,40.529999
2013-06-18,40.759998
2013-06-19,40.384998
2013-06-20,39.205002
2013-06-21,39.084999
2013-06-24,38.505001
2013-06-25,39.000000
2013-06-26,39.240002
2013-06-27,39.314999
2013-06-28,39.150002
2013-07-01,39.430000
2013-07-02,39.514999
2013-07-03,39.490002
2013-07-05,39.980000
2013-07-08,40.240002
2013-07-09,40.650002
2013-07-10,40.400002
2013-07-11,40.724998
2013-07-12,40.955002
2013-07-15,40.919998
2013-07-16,40.669998
2013-07-17,40.849998
2013-07-18,41.285000
2013-07-19,41.860001
2013-07-22,41.724998
2013-07-23,41.794998
2013-07-24,41.330002
2013-07-25,41.605000
2013-07-26,41.500000
2013-07-29,41.154999
2013-07-30,41.075001
2013-07-31,41.209999
2013-08-01,41.880001
2013-08-02,41.695000
2013-08-05,41.595001
2013-08-06,41.340000
2013-08-07,41.195000
2013-08-08,41.419998
2013-08-09,41.294998
2013-08-12,41.119999
2013-08-13,41.195000
2013-08-14,41.005001
2013-08-15,40.779999
2013-08-16,40.615002
2013-08-19,39.970001
2013-08-20,40.215000
2013-08-21,39.994999
2013-08-22,40.590000
2013-08-23,40.880001
2013-08-26,40.810001
2013-08-27,40.555000
2013-08-28,41.230000
2013-08-29,40.799999
2013-08-30,40.785000
2013-09-03,41.084999
2013-09-04,41.305000
2013-09-05,41.445000
2013-09-06,41.439999
2013-09-09,41.904999
2013-09-10,41.919998
2013-09-11,42.240002
2013-09-12,41.990002
2013-09-13,41.974998
2013-09-16,41.965000
2013-09-17,42.154999
2013-09-18,42.665001
2013-09-19,42.560001
2013-09-20,42.020000
2013-09-23,41.814999
2013-09-24,41.855000
2013-09-25,41.845001
2013-09-26,41.919998
2013-09-27,41.775002
2013-09-30,41.455002
2013-10-01,41.720001
2013-10-02,41.814999
2013-10-03,41.450001
2013-10-04,41.869999
2013-10-07,41.525002
2013-10-08,41.080002
2013-10-09,40.935001
2013-10-10,41.695000
2013-10-11,42.145000
2013-10-14,42.430000
2013-10-15,42.275002
2013-10-16,42.910000
2013-10-17,43.000000
2013-10-18,43.470001
2013-10-21,43.275002
2013-10-22,43.514999
2013-10-23,42.834999
2013-10-24,43.040001
2013-10-25,43.299999
2013-10-28,43.334999
2013-10-29,43.639999
2013-10-30,43.345001
2013-10-31,43.195000
2013-11-01,43.040001
2013-11-04,43.575001
2013-11-05,43.180000
2013-11-06,43.310001
2013-11-07,42.639999
2013-11-08,43.275002
2013-11-11,43.355000
2013-11-12,42.955002
2013-11-13,43.330002
2013-11-14,43.590000
2013-11-15,43.830002
2013-11-18,43.494999
2013-11-19,43.570000
2013-11-20,43.465000
2013-11-21,43.880001
2013-11-22,44.115002
2013-11-25,43.715000
2013-11-26,43.605000
2013-11-27,43.310001
2013-11-29,43.220001
2013-12-02,43.250000
2013-12-03,43.355000
2013-12-04,43.215000
2013-12-05,43.070000
2013-12-06,43.205002
2013-12-09,43.264999
2013-12-10,43.134998
2013-12-11,42.525002
2013-12-12,42.705002
2013-12-13,42.564999
2013-12-16,42.935001
2013-12-17,42.689999
2013-12-18,43.334999
2013-12-19,43.459999
2013-12-20,43.334999
2013-12-23,43.380001
2013-12-24,43.619999
2013-12-26,43.930000
2013-12-27,44.145000
2013-12-30,43.830002
2013-12-31,44.255001
2014-01-02,43.625000
2014-01-03,43.465000
2014-01-06,43.525002
2014-01-07,43.855000
2014-01-08,43.549999
2014-01-09,43.415001
2014-01-10,43.450001
2014-01-13,42.584999
2014-01-14,43.139999
2014-01-15,43.014999
2014-01-16,43.075001
2014-01-17,43.005001
2014-01-21,43.360001
2014-01-22,43.560001
2014-01-23,43.064999
2014-01-24,42.165001
2014-01-27,42.014999
2014-01-28,42.334999
2014-01-29,42.099998
2014-01-30,42.235001
2014-01-31,41.689999
2014-02-03,40.945000
2014-02-04,41.365002
2014-02-05,40.959999
2014-02-06,41.570000
2014-02-07,42.020000
2014-02-10,41.814999
2014-02-11,42.360001
2014-02-12,42.259998
2014-02-13,42.459999
2014-02-14,43.014999
2014-02-18,43.209999
2014-02-19,43.264999
2014-02-20,43.549999
2014-02-21,43.205002
2014-02-24,43.855000
2014-02-25,43.834999
2014-02-26,43.560001
2014-02-27,43.605000
2014-02-28,43.825001
2014-03-03,43.544998
2014-03-04,44.020000
2014-03-05,43.610001
2014-03-06,43.924999
2014-03-07,44.009998
2014-03-10,44.080002
2014-03-11,43.580002
2014-03-12,43.584999
2014-03-13,43.150002
2014-03-14,43.189999
2014-03-17,43.419998
2014-03-18,43.785000
2014-03-19,43.455002
2014-03-20,43.625000
2014-03-21,43.529999
2014-03-24,43.439999
2014-03-25,43.830002
2014-03-26,43.625000
2014-03-27,43.980000
2014-03-28,44.529999
2014-03-31,44.529999
2014-04-01,44.794998
2014-04-02,44.955002
2014-04-03,45.244999
2014-04-04,45.080002
2014-04-07,44.325001
2014-04-08,44.770000
2014-04-09,44.974998
2014-04-10,44.349998
2014-04-11,44.224998
2014-04-14,44.830002
2014-04-15,45.430000
2014-04-16,45.974998
2014-04-17,46.395000
2014-04-21,46.709999
2014-04-22,46.634998
2014-04-23,46.880001
2014-04-24,46.895000
2014-04-25,46.615002
2014-04-28,46.695000
2014-04-29,46.910000
2014-04-30,46.869999
2014-05-01,46.764999
2014-05-02,46.860001
2014-05-05,47.080002
2014-05-06,47.150002
2014-05-07,47.560001
2014-05-08,46.880001
2014-05-09,46.834999
2014-05-12,47.165001
2014-05-13,47.340000
2014-05-14,47.360001
2014-05-15,46.820000
2014-05-16,46.700001
2014-05-19,46.845001
2014-05-20,46.709999
2014-05-21,47.215000
2014-05-22,47.169998
2014-05-23,47.075001
2014-05-27,47.205002
2014-05-28,47.285000
2014-05-29,47.689999
2014-05-30,47.654999
2014-06-02,47.595001
2014-06-03,47.759998
2014-06-04,47.735001
2014-06-05,48.009998
2014-06-06,48.404999
2014-06-09,48.480000
2014-06-10,48.400002
2014-06-11,48.584999
2014-06-12,48.744999
2014-06-13,49.209999
2014-06-16,49.505001
2014-06-17,49.470001
2014-06-18,49.845001
2014-06-19,50.200001
2014-06-20,50.465000
2014-06-23,50.645000
2014-06-24,49.580002
2014-06-25,49.955002
2014-06-26,50.009998
2014-06-27,50.009998
2014-06-30,50.049999
2014-07-01,50.080002
2014-07-02,50.005001
2014-07-03,50.195000
2014-07-07,49.810001
2014-07-08,49.730000
2014-07-09,50.060001
2014-07-10,49.580002
2014-07-11,49.200001
2014-07-14,49.625000
2014-07-15,49.410000
2014-07-16,50.160000
2014-07-17,49.349998
2014-07-18,49.494999
2014-07-21,49.570000
2014-07-22,49.924999
2014-07-23,50.244999
2014-07-24,50.290001
2014-07-25,49.919998
2014-07-28,49.799999
2014-07-29,49.674999
2014-07-30,49.380001
2014-07-31,48.314999
2014-08-01,47.924999
2014-08-04,48.730000
2014-08-05,47.665001
2014-08-06,47.805000
2014-08-07,47.505001
2014-08-08,48.299999
2014-08-11,48.305000
2014-08-12,47.950001
2014-08-13,48.105000
2014-08-14,47.830002
2014-08-15,48.185001
2014-08-18,48.314999
2014-08-19,48.685001
2014-08-20,48.790001
2014-08-21,48.830002
2014-08-22,48.505001
2014-08-25,48.935001
2014-08-26,49.185001
2014-08-27,49.084999
2014-08-28,49.095001
2014-08-29,49.369999
2014-09-02,48.744999
2014-09-03,48.875000
2014-09-04,48.215000
2014-09-05,48.540001
2014-09-08,47.785000
2014-09-09,47.575001
2014-09-10,47.459999
2014-09-11,47.490002
2014-09-12,46.779999
2014-09-15,47.110001
2014-09-16,47.680000
2014-09-17,47.419998
2014-09-18,47.174999
2014-09-19,46.895000
2014-09-22,46.205002
2014-09-23,46.070000
2014-09-24,46.110001
2014-09-25,45.404999
2014-09-26,45.990002
2014-09-29,45.884998
2014-09-30,45.310001
2014-10-01,44.384998
2014-10-02,44.154999
2014-10-03,44.084999
2014-10-06,44.134998
2014-10-07,43.560001
2014-10-08,43.985001
2014-10-09,42.369999
2014-10-10,41.775002
2014-10-13,40.485001
2014-10-14,39.974998
2014-10-15,40.279999
2014-10-16,41.000000
2014-10-17,41.349998
2014-10-20,41.709999
2014-10-21,42.980000
2014-10-22,42.165001
2014-10-23,42.950001
2014-10-24,42.799999
2014-10-27,41.900002
2014-10-28,42.855000
2014-10-29,42.994999
2014-10-30,42.840000
2014-10-31,43.709999
2014-11-03,43.020000
2014-11-04,42.134998
2014-11-05,42.875000
2014-11-06,43.415001
2014-11-07,43.895000
2014-11-10,43.500000
2014-11-11,43.630001
2014-11-12,43.244999
2014-11-13,42.669998
2014-11-14,43.105000
2014-11-17,42.880001
2014-11-18,42.915001
2014-11-19,43.139999
2014-11-20,43.680000
2014-11-21,44.250000
2014-11-24,43.910000
2014-11-25,43.195000
2014-11-26,42.650002
2014-11-28,39.910000
2014-12-01,40.049999
2014-12-02,40.485001
2014-12-03,40.980000
2014-12-04,40.625000
2014-12-05,40.139999
2014-12-08,38.514999
2014-12-09,38.935001
2014-12-10,37.735001
2014-12-11,37.709999
2014-12-12,37.009998
2014-12-15,36.680000
2014-12-16,37.005001
2014-12-17,38.540001
2014-12-18,39.279999
2014-12-19,40.285000
2014-12-22,39.875000
2014-12-23,40.360001
2014-12-24,40.064999
2014-12-26,40.055000
2014-12-29,40.200001
2014-12-30,39.880001
2014-12-31,39.580002
2015-01-02,39.764999
2015-01-05,38.119999
2015-01-06,37.560001
2015-01-07,37.639999
2015-01-08,38.485001
2015-01-09,38.180000
2015-01-12,37.080002
2015-01-13,36.785000
2015-01-14,36.900002
2015-01-15,36.430000
2015-01-16,37.615002
2015-01-20,37.660000
2015-01-21,38.424999
2015-01-22,38.605000
2015-01-23,38.330002
2015-01-26,38.880001
2015-01-27,38.855000
2015-01-28,37.325001
2015-01-29,37.450001
2015-01-30,37.775002
2015-02-02,38.930000
2015-02-03,39.994999
2015-02-04,39.334999
2015-02-05,39.900002
2015-02-06,39.910000
2015-02-09,39.950001
2015-02-10,39.930000
2015-02-11,39.650002
2015-02-12,40.169998
2015-02-13,41.020000
2015-02-17,41.145000
2015-02-18,40.654999
2015-02-19,40.465000
2015-02-20,40.270000
2015-02-23,40.105000
2015-02-24,40.215000
2015-02-25,40.435001
2015-02-26,39.685001
2015-02-27,39.509998
2015-03-02,39.235001
2015-03-03,39.380001
2015-03-04,39.325001
2015-03-05,39.090000
2015-03-06,38.389999
2015-03-09,38.115002
2015-03-10,37.584999
2015-03-11,37.695000
2015-03-12,37.455002
2015-03-13,37.314999
2015-03-16,37.820000
2015-03-17,37.674999
2015-03-18,38.770000
2015-03-19,38.154999
2015-03-20,38.455002
2015-03-23,38.320000
2015-03-24,38.064999
2015-03-25,38.560001
2015-03-26,38.514999
2015-03-27,38.200001
2015-03-30,39.020000
2015-03-31,38.790001
2015-04-01,38.779999
2015-04-02,38.860001
2015-04-06,39.560001
2015-04-07,39.584999
2015-04-08,39.264999
2015-04-09,39.895000
2015-04-10,40.070000
2015-04-13,39.669998
2015-04-14,40.384998
2015-04-15,41.349998
2015-04-16,41.255001
2015-04-17,40.955002
2015-04-20,41.110001
2015-04-21,40.674999
2015-04-22,40.945000
2015-04-23,41.224998
2015-04-24,40.990002
2015-04-27,40.945000
2015-04-28,41.150002
2015-04-29,41.470001
2015-04-30,41.340000
2015-05-01,41.435001
2015-05-04,41.330002
2015-05-05,40.820000
2015-05-06,40.660000
2015-05-07,40.220001
2015-05-08,40.880001
2015-05-11,40.110001
2015-05-12,40.294998
2015-05-13,40.189999
2015-05-14,40.174999
2015-05-15,40.334999
2015-05-18,40.369999
2015-05-19,39.794998
2015-05-20,39.869999
2015-05-21,40.244999
2015-05-22,40.099998
2015-05-26,39.465000
2015-05-27,39.395000
2015-05-28,39.240002
2015-05-29,39.195000
2015-06-01,39.095001
2015-06-02,39.365002
2015-06-03,39.095001
2015-06-04,38.564999
2015-06-05,38.834999
2015-06-08,38.615002
2015-06-09,38.610001
2015-06-10,39.084999
2015-06-11,38.910000
2015-06-12,38.474998
2015-06-15,38.384998
2015-06-16,38.685001
2015-06-17,38.590000
2015-06-18,38.564999
2015-06-19,37.955002
2015-06-22,38.419998
2015-06-23,38.544998
2015-06-24,38.305000
2015-06-25,37.915001
2015-06-26,38.040001
2015-06-29,37.320000
2015-06-30,37.580002
2015-07-01,37.099998
2015-07-02,37.264999
2015-07-06,36.775002
2015-07-07,37.110001
2015-07-08,36.360001
2015-07-09,36.544998
2015-07-10,36.744999
2015-07-13,37.005001
2015-07-14,37.270000
2015-07-15,36.615002
2015-07-16,36.665001
2015-07-17,36.220001
2015-07-20,35.740002
2015-07-21,35.755001
2015-07-22,35.465000
2015-07-23,35.435001
2015-07-24,34.755001
2015-07-27,34.255001
2015-07-28,35.235001
2015-07-29,35.715000
2015-07-30,35.465000
2015-07-31,34.689999
2015-08-03,33.959999
2015-08-04,33.845001
2015-08-05,33.590000
2015-08-06,34.125000
2015-08-07,33.514999
2015-08-10,34.584999
2015-08-11,34.650002
2015-08-12,35.279999
2015-08-13,34.744999
2015-08-14,34.669998
2015-08-17,34.744999
2015-08-18,34.615002
2015-08-19,33.660000
2015-08-20,32.900002
2015-08-21,31.750000
2015-08-24,30.045000
2015-08-25,29.610001
2015-08-26,30.629999
2015-08-27,32.145000
2015-08-28,32.875000
2015-08-31,33.215000
2015-09-01,32.044998
2015-09-02,32.340000
2015-09-03,32.430000
2015-09-04,31.895000
2015-09-08,32.395000
2015-09-09,31.785000
2015-09-10,31.969999
2015-09-11,31.684999
2015-09-14,31.410000
2015-09-15,31.760000
2015-09-16,32.660000
2015-09-17,32.639999
2015-09-18,31.549999
2015-09-21,31.730000
2015-09-22,31.395000
2015-09-23,30.990000
2015-09-24,31.125000
2015-09-25,31.184999
2015-09-28,29.940001
2015-09-29,29.895000
2015-09-30,30.600000
2015-10-01,30.660000
2015-10-02,31.924999
2015-10-05,32.889999
2015-10-06,33.619999
2015-10-07,34.044998
2015-10-08,34.695000
2015-10-09,34.470001
2015-10-12,34.025002
2015-10-13,33.669998
2015-10-14,33.959999
2015-10-15,34.570000
2015-10-16,34.615002
2015-10-19,33.930000
2015-10-20,34.025002
2015-10-21,33.605000
2015-10-22,34.209999
2015-10-23,34.130001
2015-10-26,33.294998
2015-10-27,32.895000
2015-10-28,33.625000
2015-10-29,33.794998
2015-10-30,34.014999
2015-11-02,34.810001
2015-11-03,35.700001
2015-11-04,35.380001
2015-11-05,35.080002
2015-11-06,34.900002
2015-11-09,34.555000
2015-11-10,34.630001
2015-11-11,33.895000
2015-11-12,33.125000
2015-11-13,32.990002
2015-11-16,34.090000
2015-11-17,33.715000
2015-11-18,34.270000
2015-11-19,33.810001
2015-11-20,33.450001
2015-11-23,33.689999
2015-11-24,34.410000
2015-11-25,34.130001
2015-11-27,33.884998
2015-11-30,34.009998
2015-12-01,34.279999
2015-12-02,33.220001
2015-12-03,32.555000
2015-12-04,32.349998
2015-12-07,31.120001
2015-12-08,30.799999
2015-12-09,31.205000
2015-12-10,31.405001
2015-12-11,30.230000
2015-12-14,30.389999
2015-12-15,31.155001
2015-12-16,30.950001
2015-12-17,30.190001
2015-12-18,29.395000
2015-12-21,29.424999
2015-12-22,29.770000
2015-12-23,31.065001
2015-12-24,30.785000
2015-12-28,30.225000
2015-12-29,30.434999
2015-12-30,30.025000
2015-12-31,30.160000
2016-01-04,30.150000
2016-01-05,30.264999
2016-01-06,29.100000
2016-01-07,28.389999
2016-01-08,28.025000
2016-01-11,27.424999
2016-01-12,27.490000
2016-01-13,26.830000
2016-01-14,27.985001
2016-01-15,27.174999
2016-01-19,26.590000
2016-01-20,25.885000
2016-01-21,26.690001
2016-01-22,27.870001
2016-01-25,26.570000
2016-01-26,27.575001
2016-01-27,27.445000
2016-01-28,28.280001
2016-01-29,29.105000
2016-02-01,28.620001
2016-02-02,27.665001
2016-02-03,28.650000
2016-02-04,28.635000
2016-02-05,27.969999
2016-02-08,27.825001
2016-02-09,27.155001
2016-02-10,27.045000
2016-02-11,26.930000
2016-02-12,27.639999
2016-02-16,27.915001
2016-02-17,28.830000
2016-02-18,28.469999
2016-02-19,28.405001
2016-02-22,29.129999
2016-02-23,28.135000
2016-02-24,28.420000
2016-02-25,28.445000
2016-02-26,28.615000
2016-02-29,28.290001
2016-03-01,29.030001
2016-03-02,29.740000
2016-03-03,30.190001
2016-03-04,30.480000
2016-03-07,31.195000
2016-03-08,29.885000
2016-03-09,30.370001
2016-03-10,30.395000
2016-03-11,31.180000
2016-03-14,30.975000
2016-03-15,30.915001
2016-03-16,31.450001
2016-03-17,31.879999
2016-03-18,31.745001
2016-03-21,31.635000
2016-03-22,31.459999
2016-03-23,30.770000
2016-03-24,30.920000
2016-03-28,30.754999
2016-03-29,30.900000
2016-03-30,30.959999
2016-03-31,30.945000
2016-04-01,30.530001
2016-04-04,30.305000
2016-04-05,30.100000
2016-04-06,30.750000
2016-04-07,30.570000
2016-04-08,31.184999
2016-04-11,31.055000
2016-04-12,31.980000
2016-04-13,32.130001
2016-04-14,32.205002
2016-04-15,31.770000
2016-04-18,32.294998
2016-04-19,32.939999
2016-04-20,33.235001
2016-04-21,33.040001
2016-04-22,33.520000
2016-04-25,33.145000
2016-04-26,33.674999
2016-04-27,34.314999
2016-04-28,33.805000
2016-04-29,33.750000
2016-05-02,33.715000
2016-05-03,32.919998
2016-05-04,32.445000
2016-05-05,32.709999
2016-05-06,32.634998
2016-05-09,32.160000
2016-05-10,32.724998
2016-05-11,32.825001
2016-05-12,32.915001
2016-05-13,32.494999
2016-05-16,33.044998
2016-05-17,33.200001
2016-05-18,32.880001
2016-05-19,32.884998
2016-05-20,33.080002
2016-05-23,32.994999
2016-05-24,33.160000
2016-05-25,33.685001
2016-05-26,33.544998
2016-05-27,33.564999
2016-05-31,33.435001
2016-06-01,33.445000
2016-06-02,33.400002
2016-06-03,33.270000
2016-06-06,34.005001
2016-06-07,34.775002
2016-06-08,34.695000
2016-06-09,34.430000
2016-06-10,33.685001
2016-06-13,33.584999
2016-06-14,33.564999
2016-06-15,33.485001
2016-06-16,33.325001
2016-06-17,33.445000
2016-06-20,33.735001
2016-06-21,34.134998
2016-06-22,33.945000
2016-06-23,34.505001
2016-06-24,33.389999
2016-06-27,32.320000
2016-06-28,33.220001
2016-06-29,33.849998
2016-06-30,34.119999
2016-07-01,34.299999
2016-07-05,33.610001
2016-07-06,33.755001
2016-07-07,33.410000
2016-07-08,33.855000
2016-07-11,33.919998
2016-07-12,34.759998
2016-07-13,34.459999
2016-07-14,34.634998
2016-07-15,34.615002
2016-07-18,34.639999
2016-07-19,34.445000
2016-07-20,34.395000
2016-07-21,34.055000
2016-07-22,34.160000
2016-07-25,33.480000
2016-07-26,33.674999
2016-07-27,33.345001
2016-07-28,33.349998
2016-07-29,33.689999
2016-08-01,32.580002
2016-08-02,32.875000
2016-08-03,33.509998
2016-08-04,33.459999
2016-08-05,33.764999
2016-08-08,34.215000
2016-08-09,34.035000
2016-08-10,33.665001
2016-08-11,34.160000
2016-08-12,34.349998
2016-08-15,34.625000
2016-08-16,34.680000
2016-08-17,34.785000
2016-08-18,35.500000
2016-08-19,35.205002
2016-08-22,34.799999
2016-08-23,35.044998
2016-08-24,34.904999
2016-08-25,34.810001
2016-08-26,34.689999
2016-08-29,34.924999
2016-08-30,34.805000
2016-08-31,34.255001
2016-09-01,34.154999
2016-09-02,34.540001
2016-09-06,35.060001
2016-09-07,35.259998
2016-09-08,35.919998
2016-09-09,34.849998
2016-09-12,35.195000
2016-09-13,34.189999
2016-09-14,33.785000
2016-09-15,34.205002
2016-09-16,33.724998
2016-09-19,33.705002
2016-09-20,33.459999
2016-09-21,34.235001
2016-09-22,34.275002
2016-09-23,33.820000
2016-09-26,33.669998
2016-09-27,33.445000
2016-09-28,34.889999
2016-09-29,34.830002
2016-09-30,35.305000
2016-10-03,35.279999
2016-10-04,34.919998
2016-10-05,35.455002
2016-10-06,35.509998
2016-10-07,35.305000
2016-10-10,35.860001
2016-10-11,35.450001
2016-10-12,35.299999
2016-10-13,35.105000
2016-10-14,34.900002
2016-10-17,34.730000
2016-10-18,34.869999
2016-10-19,35.365002
2016-10-20,35.325001
2016-10-21,35.095001
2016-10-24,34.990002
2016-10-25,34.830002
2016-10-26,34.910000
2016-10-27,34.779999
2016-10-28,34.685001
2016-10-31,34.310001
2016-11-01,34.314999
2016-11-02,33.935001
2016-11-03,34.070000
2016-11-04,33.884998
2016-11-07,34.615002
2016-11-08,34.660000
2016-11-09,35.224998
2016-11-10,35.375000
2016-11-11,34.730000
2016-11-14,34.924999
2016-11-15,35.910000
2016-11-16,35.660000
2016-11-17,35.419998
2016-11-18,35.564999
2016-11-21,36.410000
2016-11-22,36.389999
2016-11-23,36.540001
2016-11-25,36.360001
2016-11-28,35.855000
2016-11-29,35.415001
2016-11-30,37.215000
2016-12-01,37.305000
2016-12-02,37.415001
2016-12-05,37.744999
2016-12-06,37.674999
2016-12-07,37.974998
2016-12-08,38.180000
2016-12-09,38.299999
2016-12-12,38.480000
2016-12-13,38.915001
2016-12-14,38.134998
2016-12-15,38.220001
2016-12-16,38.255001
2016-12-19,38.080002
2016-12-20,37.994999
2016-12-21,38.055000
2016-12-22,38.209999
2016-12-23,38.174999
2016-12-27,38.259998
2016-12-28,37.845001
2016-12-29,37.770000
2016-12-30,37.660000
2017-01-03,38.084999
2017-01-04,38.005001
2017-01-05,37.910000
2017-01-06,37.945000
2017-01-09,37.395000
2017-01-10,37.055000
2017-01-11,37.455002
2017-01-12,37.299999
2017-01-13,37.189999
2017-01-17,37.419998
2017-01-18,37.334999
2017-01-19,37.130001
2017-01-20,37.270000
2017-01-23,36.875000
2017-01-24,37.279999
2017-01-25,37.474998
2017-01-26,37.505001
2017-01-27,37.115002
2017-01-30,36.435001
2017-01-31,36.450001
2017-02-01,36.180000
2017-02-02,36.384998
2017-02-03,36.700001
2017-02-06,36.389999
2017-02-07,35.875000
2017-02-08,35.959999
2017-02-09,36.365002
2017-02-10,36.639999
2017-02-13,36.709999
2017-02-14,36.830002
2017-02-15,36.685001
2017-02-16,36.185001
2017-02-17,35.985001
2017-02-21,36.230000
2017-02-22,35.680000
2017-02-23,35.830002
2017-02-24,35.494999
2017-02-27,35.799999
2017-02-28,35.689999
2017-03-01,36.404999
2017-03-02,36.060001
2017-03-03,35.994999
2017-03-06,36.075001
2017-03-07,35.755001
2017-03-08,34.825001
2017-03-09,35.055000
2017-03-10,35.005001
2017-03-13,35.009998
2017-03-14,34.615002
2017-03-15,35.384998
2017-03-16,35.134998
2017-03-17,34.900002
2017-03-20,34.849998
2017-03-21,34.605000
2017-03-22,34.555000
2017-03-23,34.415001
2017-03-24,34.279999
2017-03-27,34.119999
2017-03-28,34.605000
2017-03-29,35.080002
2017-03-30,35.070000
2017-03-31,34.950001
2017-04-03,34.889999
2017-04-04,35.145000
2017-04-05,35.035000
2017-04-06,35.314999
2017-04-07,35.180000
2017-04-10,35.445000
2017-04-11,35.450001
2017-04-12,35.299999
2017-04-13,34.654999
2017-04-17,34.730000
2017-04-18,34.404999
2017-04-19,33.900002
2017-04-20,34.064999
2017-04-21,33.895000
2017-04-24,34.095001
2017-04-25,34.384998
2017-04-26,34.270000
2017-04-27,33.895000
2017-04-28,33.919998
2017-05-01,33.825001
2017-05-02,33.654999
2017-05-03,33.750000
2017-05-04,33.130001
2017-05-05,33.654999
2017-05-08,33.895000
2017-05-09,33.615002
2017-05-10,34.060001
2017-05-11,33.990002
2017-05-12,33.875000
2017-05-15,34.139999
2017-05-16,33.970001
2017-05-17,33.634998
2017-05-18,33.625000
2017-05-19,34.040001
2017-05-22,33.965000
2017-05-23,34.044998
2017-05-24,33.865002
2017-05-25,33.250000
2017-05-26,33.305000
2017-05-30,32.860001
2017-05-31,32.720001
2017-06-01,32.924999
2017-06-02,32.544998
2017-06-05,32.605000
2017-06-06,32.990002
2017-06-07,32.525002
2017-06-08,32.430000
2017-06-09,33.209999
2017-06-12,33.445000
2017-06-13,33.695000
2017-06-14,33.084999
2017-06-15,32.834999
2017-06-16,33.150002
2017-06-19,32.939999
2017-06-20,32.520000
2017-06-21,31.995001
2017-06-22,31.975000
2017-06-23,32.189999
2017-06-26,32.119999
2017-06-27,32.070000
2017-06-28,32.244999
2017-06-29,32.314999
2017-06-30,32.459999
2017-07-03,33.084999
2017-07-05,32.415001
2017-07-06,32.055000
2017-07-07,32.005001
2017-07-10,32.110001
2017-07-11,32.285000
2017-07-12,32.375000
2017-07-13,32.505001
2017-07-14,32.700001
2017-07-17,32.660000
2017-07-18,32.505001
2017-07-19,32.980000
2017-07-20,32.880001
2017-07-21,32.555000
2017-07-24,32.494999
2017-07-25,32.904999
2017-07-26,32.939999
2017-07-27,33.275002
2017-07-28,33.235001
2017-07-31,33.310001
2017-08-01,33.305000
2017-08-02,33.180000
2017-08-03,32.715000
2017-08-04,32.820000
2017-08-07,32.570000
2017-08-08,32.494999
2017-08-09,32.525002
2017-08-10,32.180000
2017-08-11,31.969999
2017-08-14,31.875000
2017-08-15,31.754999
2017-08-16,31.450001
2017-08-17,31.004999
2017-08-18,31.160000
2017-08-21,31.000000
2017-08-22,31.205000
2017-08-23,31.340000
2017-08-24,31.360001
2017-08-25,31.500000
2017-08-28,31.360001
2017-08-29,31.320000
2017-08-30,31.334999
2017-08-31,31.485001
2017-09-01,31.790001
2017-09-05,31.965000
2017-09-06,32.485001
2017-09-07,32.544998
2017-09-08,32.200001
2017-09-11,32.505001
2017-09-12,32.705002
2017-09-13,33.115002
2017-09-14,33.275002
2017-09-15,32.919998
2017-09-18,33.060001
2017-09-19,33.195000
2017-09-20,33.419998
2017-09-21,33.430000
2017-09-22,33.599998
2017-09-25,34.084999
2017-09-26,34.070000
2017-09-27,34.215000
2017-09-28,34.244999
2017-09-29,34.240002
2017-10-02,34.230000
2017-10-03,34.195000
2017-10-04,34.169998
2017-10-05,34.325001
2017-10-06,34.035000
2017-10-09,34.105000
2017-10-10,34.134998
2017-10-11,34.215000
2017-10-12,34.090000
2017-10-13,34.070000
2017-10-16,34.145000
2017-10-17,34.165001
2017-10-18,33.924999
2017-10-19,33.820000
2017-10-20,33.884998
2017-10-23,33.709999
2017-10-24,33.775002
2017-10-25,33.540001
2017-10-26,33.610001
2017-10-27,33.669998
2017-10-30,33.845001
2017-10-31,33.955002
2017-11-01,34.340000
2017-11-02,34.240002
2017-11-03,34.340000
2017-11-06,35.125000
2017-11-07,35.080002
2017-11-08,34.910000
2017-11-09,35.014999
2017-11-10,34.830002
2017-11-13,34.630001
2017-11-14,34.070000
2017-11-15,33.685001
2017-11-16,33.549999
2017-11-17,33.715000
2017-11-20,33.634998
2017-11-21,33.709999
2017-11-22,33.845001
2017-11-24,33.939999
2017-11-27,33.595001
2017-11-28,33.855000
2017-11-29,34.040001
2017-11-30,34.549999
2017-12-01,34.840000
2017-12-04,34.825001
2017-12-05,34.674999
2017-12-06,34.224998
2017-12-07,34.325001
2017-12-08,34.639999
2017-12-11,34.889999
2017-12-12,34.794998
2017-12-13,34.744999
2017-12-14,34.619999
2017-12-15,34.360001
2017-12-18,34.625000
2017-12-19,34.674999
2017-12-20,35.165001
2017-12-21,35.910000
2017-12-22,35.985001
2017-12-26,36.299999
2017-12-27,36.180000
2017-12-28,36.235001
2017-12-29,36.130001
2018-01-02,36.724998
2018-01-03,37.275002
2018-01-04,37.500000
2018-01-05,37.485001
2018-01-08,37.709999
2018-01-09,37.615002
2018-01-10,37.570000
2018-01-11,38.340000
2018-01-12,38.709999
2018-01-16,38.220001
2018-01-17,38.555000
2018-01-18,38.240002
2018-01-19,38.189999
2018-01-22,39.014999
2018-01-23,38.955002
2018-01-24,38.849998
2018-01-25,38.544998
2018-01-26,38.755001
2018-01-29,38.169998
2018-01-30,37.400002
2018-01-31,37.424999
2018-02-01,37.810001
2018-02-02,36.230000
2018-02-05,34.709999
2018-02-06,34.985001
2018-02-07,34.400002
2018-02-08,33.360001
2018-02-09,33.334999
2018-02-12,33.880001
2018-02-13,33.740002
2018-02-14,34.230000
2018-02-15,34.145000
2018-02-16,34.060001
2018-02-20,33.875000
2018-02-21,33.305000
2018-02-22,33.669998
2018-02-23,34.400002
2018-02-26,34.605000
2018-02-27,34.154999
2018-02-28,33.369999
2018-03-01,33.320000
2018-03-02,33.474998
2018-03-05,33.830002
2018-03-06,33.849998
2018-03-07,33.595001
2018-03-08,33.584999
2018-03-09,34.224998
2018-03-12,34.215000
2018-03-13,33.970001
2018-03-14,33.770000
2018-03-15,33.595001
2018-03-16,33.654999
2018-03-19,33.134998
2018-03-20,33.415001
2018-03-21,34.290001
2018-03-22,33.590000
2018-03-23,33.384998
2018-03-26,33.985001
2018-03-27,33.665001
2018-03-28,33.009998
2018-03-29,33.705002
2018-04-02,33.029999
2018-04-03,33.735001
2018-04-04,33.689999
2018-04-05,34.294998
2018-04-06,33.674999
2018-04-09,33.834999
2018-04-10,34.955002
2018-04-11,35.320000
2018-04-12,35.314999
2018-04-13,35.705002
2018-04-16,36.070000
2018-04-17,36.209999
2018-04-18,36.779999
2018-04-19,36.825001
2018-04-20,36.650002
2018-04-23,36.875000
2018-04-24,36.480000
2018-04-25,36.770000
2018-04-26,37.305000
2018-04-27,36.910000
2018-04-30,36.904999
2018-05-01,36.680000
2018-05-02,36.830002
2018-05-03,36.744999
2018-05-04,36.924999
2018-05-07,36.974998
2018-05-08,37.264999
2018-05-09,38.025002
2018-05-10,38.310001
2018-05-11,38.365002
2018-05-14,38.630001
2018-05-15,38.639999
2018-05-16,38.775002
2018-05-17,39.360001
2018-05-18,39.055000
2018-05-21,39.455002
2018-05-22,38.930000
2018-05-23,38.924999
2018-05-24,38.285000
2018-05-25,37.290001
2018-05-29,37.174999
2018-05-30,38.299999
2018-05-31,38.009998
2018-06-01,38.189999
2018-06-04,37.860001
2018-06-05,37.770000
2018-06-06,37.950001
2018-06-07,38.525002
2018-06-08,38.450001
2018-06-11,38.650002
2018-06-12,38.355000
2018-06-13,38.209999
2018-06-14,38.154999
2018-06-15,37.084999
2018-06-18,37.455002
2018-06-19,37.369999
2018-06-20,37.535000
2018-06-21,36.840000
2018-06-22,37.575001
2018-06-25,36.820000
2018-06-26,37.285000
2018-06-27,37.785000
2018-06-28,37.735001
2018-06-29,37.970001
2018-07-02,37.410000
2018-07-03,37.645000
2018-07-05,37.605000
2018-07-06,37.834999
2018-07-09,38.400002
2018-07-10,38.685001
2018-07-11,37.865002
2018-07-12,37.930000
2018-07-13,38.130001
2018-07-16,37.689999
2018-07-17,37.540001
2018-07-18,37.564999
2018-07-19,37.575001
2018-07-20,37.445000
2018-07-23,37.279999
2018-07-24,37.750000
2018-07-25,38.064999
2018-07-26,38.480000
2018-07-27,38.314999
2018-07-30,38.630001
2018-07-31,38.560001
2018-08-01,38.025002
2018-08-02,37.814999
2018-08-03,37.619999
2018-08-06,37.759998
2018-08-07,38.040001
2018-08-08,37.764999
2018-08-09,37.415001
2018-08-10,37.645000
2018-08-13,37.165001
2018-08-14,37.255001
2018-08-15,35.955002
2018-08-16,36.215000
2018-08-17,36.305000
2018-08-20,36.549999
2018-08-21,36.735001
2018-08-22,37.174999
2018-08-23,37.000000
2018-08-24,37.270000
2018-08-27,37.544998
2018-08-28,37.384998
2018-08-29,37.615002
2018-08-30,37.509998
2018-08-31,37.220001
2018-09-04,37.139999
2018-09-05,37.090000
2018-09-06,36.404999
2018-09-07,36.400002
2018-09-10,36.384998
2018-09-11,36.730000
2018-09-12,36.919998
2018-09-13,36.935001
2018-09-14,37.130001
2018-09-17,37.189999
2018-09-18,37.435001
2018-09-19,37.549999
2018-09-20,37.560001
2018-09-21,37.549999
2018-09-24,38.099998
2018-09-25,38.345001
2018-09-26,37.974998
2018-09-27,37.974998
2018-09-28,37.869999
2018-10-01,38.395000
2018-10-02,38.435001
2018-10-03,38.744999
2018-10-04,38.584999
2018-10-05,38.580002
2018-10-08,38.549999
2018-10-09,38.895000
2018-10-10,37.674999
2018-10-11,36.400002
2018-10-12,36.500000
2018-10-15,36.195000
2018-10-16,36.494999
2018-10-17,36.264999
2018-10-18,36.084999
2018-10-19,35.764999
2018-10-22,35.369999
2018-10-23,34.445000
2018-10-24,33.084999
2018-10-25,33.490002
2018-10-26,33.240002
2018-10-29,32.619999
2018-10-30,33.375000
2018-10-31,33.580002
2018-11-01,33.865002
2018-11-02,33.779999
2018-11-05,34.345001
2018-11-06,34.505001
2018-11-07,35.070000
2018-11-08,34.310001
2018-11-09,34.250000
2018-11-12,33.540001
2018-11-13,32.770000
2018-11-14,32.715000
2018-11-15,33.195000
2018-11-16,33.590000
2018-11-19,33.580002
2018-11-20,32.480000
2018-11-21,32.990002
2018-11-23,31.955000
2018-11-26,32.435001
2018-11-27,32.345001
2018-11-28,32.900002
2018-11-29,33.115002
2018-11-30,33.055000
2018-12-03,33.790001
2018-12-04,32.820000
2018-12-06,32.215000
2018-12-07,32.035000
2018-12-10,31.535000
2018-12-11,31.545000
2018-12-12,31.670000
2018-12-13,31.770000
2018-12-14,31.045000
2018-12-17,30.480000
2018-12-18,29.760000
2018-12-19,29.410000
2018-12-20,28.594999
2018-12-21,28.055000
2018-12-24,26.920000
2018-12-26,28.594999
2018-12-27,28.745001
2018-12-28,28.525000
2018-12-31,28.674999
2019-01-02,29.240000
2019-01-03,28.950001
2019-01-04,29.934999
2019-01-07,30.379999
2019-01-08,30.615000
2019-01-09,31.100000
2019-01-10,31.190001
2019-01-11,31.004999
2019-01-14,30.930000
2019-01-15,31.040001
2019-01-16,31.000000
2019-01-17,31.285000
2019-01-18,31.920000
2019-01-22,31.225000
2019-01-23,30.905001
2019-01-24,31.070000
2019-01-25,31.465000
2019-01-28,31.150000
2019-01-29,31.245001
2019-01-30,31.684999
2019-01-31,31.889999
2019-02-01,32.445000
2019-02-04,32.520000
2019-02-05,32.570000
2019-02-06,32.330002
2019-02-07,31.615000
2019-02-08,31.469999
2019-02-11,31.620001
2019-02-12,32.020000
2019-02-13,32.419998
2019-02-14,32.535000
2019-02-15,33.060001
2019-02-19,33.160000
2019-02-20,33.299999
2019-02-21,32.785000
2019-02-22,32.880001
2019-02-25,32.935001
2019-02-26,32.830002
2019-02-27,32.955002
2019-02-28,32.625000
2019-03-01,33.224998
2019-03-04,33.285000
2019-03-05,33.174999
2019-03-06,32.755001
2019-03-07,32.560001
2019-03-08,31.950001
2019-03-11,32.450001
2019-03-12,32.660000
2019-03-13,32.990002
2019-03-14,33.025002
2019-03-15,32.755001
2019-03-18,33.209999
2019-03-19,33.119999
2019-03-20,33.410000
2019-03-21,33.645000
2019-03-22,32.735001
2019-03-25,32.750000
2019-03-26,33.220001
2019-03-27,32.985001
2019-03-28,33.110001
2019-03-29,33.060001
2019-04-01,33.494999
2019-04-02,33.264999
2019-04-03,32.945000
2019-04-04,33.220001
2019-04-05,33.805000
2019-04-08,33.955002
2019-04-09,33.540001
2019-04-10,33.665001
2019-04-11,33.689999
2019-04-12,33.779999
2019-04-15,33.580002
2019-04-16,33.799999
2019-04-17,33.755001
2019-04-18,33.595001
2019-04-22,34.305000
2019-04-23,34.250000
2019-04-24,33.650002
2019-04-25,33.544998
2019-04-26,33.110001
2019-04-29,33.080002
2019-04-30,33.055000
2019-05-01,32.395000
2019-05-02,31.830000
2019-05-03,32.125000
2019-05-06,32.154999
2019-05-07,31.875000
2019-05-08,31.875000
2019-05-09,31.875000
2019-05-10,32.025002
2019-05-13,31.475000
2019-05-14,31.860001
2019-05-15,32.025002
2019-05-16,32.200001
2019-05-17,31.875000
2019-05-20,31.889999
2019-05-21,32.259998
2019-05-22,31.760000
2019-05-23,30.695000
2019-05-24,30.809999
2019-05-28,30.490000
2019-05-29,30.295000
2019-05-30,29.910000
2019-05-31,29.385000
2019-06-03,29.760000
2019-06-04,30.275000
2019-06-05,29.940001
2019-06-06,30.495001
2019-06-07,30.635000
2019-06-10,30.725000
2019-06-11,30.785000
2019-06-12,30.350000
2019-06-13,30.705000
2019-06-14,30.504999
2019-06-17,30.760000
2019-06-18,31.184999
2019-06-19,31.150000
2019-06-20,31.840000
2019-06-21,31.780001
2019-06-24,31.495001
2019-06-25,31.245001
2019-06-26,31.725000
2019-06-27,31.490000
2019-06-28,31.855000
2019-07-01,31.885000
2019-07-02,31.375000
2019-07-03,31.500000
2019-07-05,31.545000
2019-07-08,31.590000
2019-07-09,31.615000
2019-07-10,32.020000
2019-07-11,32.084999
2019-07-12,32.220001
2019-07-15,31.930000
2019-07-16,31.590000
2019-07-17,31.230000
2019-07-18,31.235001
2019-07-19,31.379999
2019-07-22,31.525000
2019-07-23,31.610001
2019-07-24,31.745001
2019-07-25,31.385000
2019-07-26,31.225000
2019-07-29,31.100000
2019-07-30,31.450001
2019-07-31,31.350000
2019-08-01,30.639999
2019-08-02,30.200001
2019-08-05,29.299999
2019-08-06,29.264999
2019-08-07,29.045000
2019-08-08,29.879999
2019-08-09,29.549999
2019-08-12,29.200001
2019-08-13,29.469999
2019-08-14,28.315001
2019-08-15,28.139999
2019-08-16,28.510000
2019-08-19,29.139999
2019-08-20,28.895000
2019-08-21,29.080000
2019-08-22,28.950001
2019-08-23,27.980000
2019-08-26,28.100000
2019-08-27,27.924999
2019-08-28,28.325001
2019-08-29,28.740000
2019-08-30,28.740000
2019-09-03,28.600000
2019-09-04,29.000000
2019-09-05,29.360001
2019-09-06,29.514999
2019-09-09,30.105000
2019-09-10,30.459999
2019-09-11,30.490000
2019-09-12,30.299999
2019-09-13,30.540001
2019-09-16,31.565001
2019-09-17,31.125000
2019-09-18,30.975000
2019-09-19,30.895000
2019-09-20,30.639999
2019-09-23,30.650000
2019-09-24,30.165001
2019-09-25,30.215000
2019-09-26,29.820000
2019-09-27,29.815001
2019-09-30,29.600000
2019-10-01,28.915001
2019-10-02,28.205000
2019-10-03,28.510000
2019-10-04,28.690001
2019-10-07,28.434999
2019-10-08,27.950001
2019-10-09,28.205000
2019-10-10,28.559999
2019-10-11,28.945000
2019-10-14,28.930000
2019-10-15,29.049999
2019-10-16,28.645000
2019-10-17,28.665001
2019-10-18,28.514999
2019-10-21,29.025000
2019-10-22,29.400000
2019-10-23,29.645000
2019-10-24,29.520000
2019-10-25,29.760000
2019-10-28,29.590000
2019-10-29,29.709999
2019-10-30,29.105000
2019-10-31,28.980000
2019-11-01,29.639999
2019-11-04,30.605000
2019-11-05,30.645000
2019-11-06,30.020000
2019-11-07,30.469999
2019-11-08,30.344999
2019-11-11,30.174999
2019-11-12,30.020000
2019-11-13,29.889999
2019-11-14,29.809999
2019-11-15,30.040001
2019-11-18,29.674999
2019-11-19,29.235001
2019-11-20,29.530001
2019-11-21,30.014999
2019-11-22,29.915001
2019-11-25,29.945000
2019-11-26,29.670000
2019-11-27,29.745001
2019-11-29,29.445000
2019-12-02,29.445000
2019-12-03,29.004999
2019-12-04,29.440001
2019-12-05,29.299999
2019-12-06,29.860001
2019-12-09,29.825001
2019-12-10,29.885000
2019-12-11,29.834999
2019-12-12,30.385000
2019-12-13,30.155001
2019-12-16,30.559999
2019-12-17,30.580000
2019-12-18,30.695000
2019-12-19,30.684999
2019-12-20,30.680000
2019-12-23,30.995001
2019-12-24,30.980000
2019-12-26,30.969999
2019-12-27,30.840000
2019-12-30,29.850000
2019-12-31,30.020000
2020-01-02,30.290001
2020-01-03,30.200001
2020-01-06,30.434999
2020-01-07,30.355000
2020-01-08,29.855000
2020-01-09,30.075001
2020-01-10,29.905001
2020-01-13,29.915001
2020-01-14,29.920000
2020-01-15,29.700001
2020-01-16,29.750000
2020-01-17,29.559999
2020-01-21,29.030001
2020-01-22,28.750000
2020-01-23,28.639999
2020-01-24,28.309999
2020-01-27,27.525000
2020-01-28,27.650000
2020-01-29,27.360001
2020-01-30,27.580000
2020-01-31,26.719999
2020-02-03,26.370001
2020-02-04,26.465000
2020-02-05,27.459999
2020-02-06,27.180000
2020-02-07,26.990000
2020-02-10,26.855000
2020-02-11,27.155001
2020-02-12,27.520000
2020-02-13,27.434999
2020-02-14,27.290001
2020-02-18,27.065001
2020-02-19,27.424999
2020-02-20,27.395000
2020-02-21,27.070000
2020-02-24,25.820000
2020-02-25,24.680000
2020-02-26,23.934999
2020-02-27,22.655001
2020-02-28,22.635000
2020-03-02,23.549999
2020-03-03,22.830000
2020-03-04,23.370001
2020-03-05,22.514999
2020-03-06,21.250000
2020-03-09,16.969999
2020-03-10,17.775000
2020-03-11,16.834999
2020-03-12,14.735000
2020-03-13,16.094999
2020-03-16,13.905000
2020-03-17,14.000000
2020-03-18,11.990000
2020-03-19,12.805000
2020-03-20,12.930000
2020-03-23,11.785000
2020-03-24,13.675000
2020-03-25,14.320000
2020-03-26,15.195000
2020-03-27,14.165000
2020-03-30,14.310000
2020-03-31,14.530000
2020-04-01,13.810000
2020-04-02,15.075000
2020-04-03,14.915000
2020-04-06,15.705000
2020-04-07,16.040001
2020-04-08,17.110001
2020-04-09,16.955000
2020-04-13,16.900000
2020-04-14,16.820000
2020-04-15,16.030001
2020-04-16,15.345000
2020-04-17,16.975000
2020-04-20,16.445000
2020-04-21,16.155001
2020-04-22,16.730000
2020-04-23,17.270000
2020-04-24,17.309999
2020-04-27,17.684999
2020-04-28,18.090000
2020-04-29,19.430000
2020-04-30,19.000000
2020-05-01,17.924999
2020-05-04,18.545000
2020-05-05,18.559999
2020-05-06,18.075001
2020-05-07,18.545000
2020-05-08,19.389999
2020-05-11,19.049999
2020-05-12,18.715000
2020-05-13,17.865000
2020-05-14,18.065001
2020-05-15,17.995001
2020-05-18,19.465000
2020-05-19,18.920000
2020-05-20,19.674999
2020-05-21,19.360001
2020-05-22,19.240000
2020-05-26,19.775000
2020-05-27,20.030001
2020-05-28,19.469999
2020-05-29,19.379999
2020-06-01,19.719999
2020-06-02,20.270000
2020-06-03,20.865000
2020-06-04,20.870001
2020-06-05,22.420000
2020-06-08,23.430000
2020-06-09,22.549999
2020-06-10,21.440001
2020-06-11,19.420000
2020-06-12,19.910000
2020-06-15,19.969999
2020-06-16,20.545000
2020-06-17,19.844999
2020-06-18,20.090000
2020-06-19,19.785000
2020-06-22,19.625000
2020-06-23,19.645000
2020-06-24,18.555000
2020-06-25,18.910000
2020-06-26,18.254999
2020-06-29,18.500000
2020-06-30,18.924999
2020-07-01,18.465000
2020-07-02,18.670000
2020-07-06,18.725000
2020-07-07,18.129999
2020-07-08,18.115000
2020-07-09,17.219999
2020-07-10,17.770000
2020-07-13,17.674999
2020-07-14,18.295000
2020-07-15,18.690001
2020-07-16,18.605000
2020-07-17,18.344999
2020-07-20,18.040001
2020-07-21,19.129999
2020-07-22,18.895000
2020-07-23,18.860001
2020-07-24,18.754999
2020-07-27,18.775000
2020-07-28,18.455000
2020-07-29,18.840000
2020-07-30,18.100000
2020-07-31,18.014999
2020-08-03,18.080000
2020-08-04,18.520000
2020-08-05,18.715000
2020-08-06,18.565001
2020-08-07,18.590000
2020-08-10,19.165001
2020-08-11,19.100000
2020-08-12,19.290001
2020-08-13,18.915001
2020-08-14,19.094999
2020-08-17,18.985001
2020-08-18,18.745001
2020-08-19,18.530001
2020-08-20,18.129999
2020-08-21,18.014999
2020-08-24,18.510000
2020-08-25,18.250000
2020-08-26,17.865000
2020-08-27,17.900000
2020-08-28,18.219999
2020-08-31,17.825001
2020-09-01,17.705000
2020-09-02,17.620001
2020-09-03,17.490000
2020-09-04,17.434999
2020-09-08,16.799999
2020-09-09,16.915001
2020-09-10,16.295000
2020-09-11,16.309999
2020-09-14,16.434999
2020-09-15,16.315001
2020-09-16,16.969999
2020-09-17,16.995001
2020-09-18,16.805000
2020-09-21,15.985000
2020-09-22,15.820000
2020-09-23,15.105000
2020-09-24,15.100000
2020-09-25,15.090000
2020-09-28,15.445000
2020-09-29,15.020000
2020-09-30,14.975000
2020-10-01,14.515000
2020-10-02,14.655000
2020-10-05,15.095000
2020-10-06,14.870000
2020-10-07,15.080000
2020-10-08,15.645000
2020-10-09,15.395000
2020-10-12,15.435000
2020-10-13,15.195000
2020-10-14,15.260000
2020-10-15,15.445000
2020-10-16,15.095000
2020-10-19,14.775000
2020-10-20,14.950000
2020-10-21,14.665000
2020-10-22,15.270000
2020-10-23,15.195000
2020-10-26,14.650000
2020-10-27,14.460000
2020-10-28,13.855000
2020-10-29,14.280000
2020-10-30,14.360000
2020-11-02,14.850000
2020-11-03,14.765000
2020-11-04,14.785000
2020-11-05,14.785000
2020-11-06,14.465000
2020-11-09,16.530001
2020-11-10,17.065001
2020-11-11,16.889999
2020-11-12,16.344999
2020-11-13,16.940001
2020-11-16,18.055000
2020-11-17,18.240000
2020-11-18,17.709999
2020-11-19,18.000000
2020-11-20,17.905001
2020-11-23,19.170000
2020-11-24,20.155001
2020-11-25,19.684999
2020-11-27,19.455000
2020-11-30,18.379999
2020-12-01,18.465000
2020-12-02,19.065001
2020-12-03,19.264999
2020-12-04,20.315001
2020-12-07,19.840000
2020-12-08,20.135000
2020-12-09,20.180000
2020-12-10,20.799999
2020-12-11,20.559999
2020-12-14,19.840000
2020-12-15,20.230000
2020-12-16,20.129999
2020-12-17,20.035000
2020-12-18,19.700001
2020-12-21,19.065001
2020-12-22,18.745001
2020-12-23,19.160000
2020-12-24,19.059999
2020-12-28,18.940001
2020-12-29,18.815001
2020-12-30,19.110001
2020-12-31,18.950001
2021-01-04,18.980000
2021-01-05,19.830000
2021-01-06,20.434999
2021-01-07,20.735001
2021-01-08,20.709999
2021-01-11,21.035000
2021-01-12,21.770000
2021-01-13,21.600000
2021-01-14,22.240000
2021-01-15,21.375000
2021-01-19,21.805000
2021-01-20,21.885000
2021-01-21,21.145000
2021-01-22,21.035000
2021-01-25,20.820000
2021-01-26,20.375000
2021-01-27,20.100000
2021-01-28,20.334999
2021-01-29,19.660000
2021-02-01,19.799999
2021-02-02,20.014999
2021-02-03,20.870001
2021-02-04,21.100000
2021-02-05,21.280001
2021-02-08,22.170000
2021-02-09,21.934999
2021-02-10,22.355000
2021-02-11,22.010000
2021-02-12,22.334999
2021-02-16,22.895000
2021-02-17,23.235001
2021-02-18,22.709999
2021-02-19,23.090000
2021-02-22,23.889999
2021-02-23,24.285000
2021-02-24,25.145000
2021-02-25,24.660000
2021-02-26,24.075001
2021-03-01,24.700001
2021-03-02,24.565001
2021-03-03,24.924999
2021-03-04,25.520000
2021-03-05,26.475000
2021-03-08,26.525000
2021-03-09,26.059999
2021-03-10,26.719999
2021-03-11,26.730000
2021-03-12,26.785000
2021-03-15,26.480000
2021-03-16,25.725000
2021-03-17,25.924999
2021-03-18,24.760000
2021-03-19,24.764999
2021-03-22,24.270000
2021-03-23,23.915001
2021-03-24,24.514999
2021-03-25,24.605000
2021-03-26,25.215000
2021-03-29,24.915001
2021-03-30,24.700001
2021-03-31,24.530001
2021-04-01,25.155001
2021-04-05,24.555000
2021-04-06,24.490000
2021-04-07,24.575001
2021-04-08,24.254999
2021-04-09,24.094999
2021-04-12,23.905001
2021-04-13,23.930000
2021-04-14,24.594999
2021-04-15,24.395000
2021-04-16,24.200001
2021-04-19,24.174999
2021-04-20,23.535000
2021-04-21,23.834999
2021-04-22,23.555000
2021-04-23,23.770000
2021-04-26,23.930000
2021-04-27,24.219999
2021-04-28,25.055000
2021-04-29,25.334999
2021-04-30,24.695000
2021-05-03,25.375000
2021-05-04,25.389999
2021-05-05,26.209999
2021-05-06,26.344999
2021-05-07,26.815001
2021-05-10,26.825001
2021-05-11,26.135000
2021-05-12,26.260000
2021-05-13,25.940001
2021-05-14,26.745001
2021-05-17,27.365000
2021-05-18,26.730000
2021-05-19,26.065001
2021-05-20,26.025000
2021-05-21,26.080000
2021-05-24,26.340000
2021-05-25,25.805000
2021-05-26,26.035000
2021-05-27,26.055000
2021-05-28,26.105000
2021-06-01,27.110001
2021-06-02,27.615000
2021-06-03,27.690001
2021-06-04,27.875000
2021-06-07,27.754999
2021-06-08,27.995001
2021-06-09,27.820000
2021-06-10,27.785000
2021-06-11,27.690001
2021-06-14,27.570000
2021-06-15,28.094999
2021-06-16,27.945000
2021-06-17,26.995001
2021-06-18,26.195000
2021-06-21,27.035000
2021-06-22,27.215000
2021-06-23,27.290001
2021-06-24,27.525000
2021-06-25,27.670000
2021-06-28,26.735001
2021-06-29,26.605000
2021-06-30,26.934999
2021-07-01,27.405001
2021-07-02,27.344999
2021-07-06,26.455000
2021-07-07,26.025000
2021-07-08,25.875000
2021-07-09,26.424999
2021-07-12,26.385000
2021-07-13,26.184999
2021-07-14,25.405001
2021-07-15,25.049999
2021-07-16,24.340000
2021-07-19,23.480000
2021-07-20,23.795000
2021-07-21,24.625000
2021-07-22,24.350000
2021-07-23,24.260000
2021-07-26,24.860001
2021-07-27,24.629999
2021-07-28,24.855000
2021-07-29,25.094999
2021-07-30,24.695000
2021-08-02,24.510000
2021-08-03,24.930000
2021-08-04,24.254999
2021-08-05,24.530001
2021-08-06,24.754999
2021-08-09,24.405001
2021-08-10,24.834999
2021-08-11,25.030001
2021-08-12,25.004999
2021-08-13,24.709999
2021-08-16,24.254999
2021-08-17,24.004999
2021-08-18,23.504999
2021-08-19,22.895000
2021-08-20,22.945000
2021-08-23,23.805000
2021-08-24,24.200001
2021-08-25,24.385000
2021-08-26,24.014999
2021-08-27,24.655001
2021-08-30,24.365000
2021-08-31,24.200001
2021-09-01,23.844999
2021-09-02,24.450001
2021-09-03,24.309999
2021-09-07,24.165001
2021-09-08,23.855000
2021-09-09,23.905001
2021-09-10,23.895000
2021-09-13,24.580000
2021-09-14,24.225000
2021-09-15,25.129999
2021-09-16,24.844999
2021-09-17,24.660000
2021-09-20,23.620001
2021-09-21,23.674999
2021-09-22,24.405001
2021-09-23,25.260000
2021-09-24,25.450001
2021-09-27,26.355000
2021-09-28,26.445000
2021-09-29,26.445000
2021-09-30,26.045000
2021-10-01,26.920000
2021-10-04,27.360001
2021-10-05,27.520000
2021-10-06,27.230000
2021-10-07,27.440001
2021-10-08,28.285000
2021-10-11,28.180000
2021-10-12,28.205000
2021-10-13,28.180000
2021-10-14,28.525000
2021-10-15,28.665001
2021-10-18,28.684999
2021-10-19,29.010000
2021-10-20,29.245001
2021-10-21,28.705000
2021-10-22,28.975000
2021-10-25,29.400000
2021-10-26,29.570000
2021-10-27,28.719999
2021-10-28,28.924999
2021-10-29,28.735001
2021-11-01,29.230000
2021-11-02,28.955000
2021-11-03,28.715000
2021-11-04,28.754999
2021-11-05,29.129999
2021-11-08,29.395000
2021-11-09,29.514999
2021-11-10,28.735001
2021-11-11,28.844999
2021-11-12,28.775000
2021-11-15,29.014999
2021-11-16,29.059999
2021-11-17,28.615000
2021-11-18,28.445000
2021-11-19,27.334999
2021-11-22,27.820000
2021-11-23,28.674999
2021-11-24,28.955000
2021-11-26,27.790001
2021-11-29,27.950001
2021-11-30,27.295000
2021-12-01,27.004999
2021-12-02,27.790001
2021-12-03,27.570000
2021-12-06,27.980000
2021-12-07,28.635000
2021-12-08,28.629999
2021-12-09,28.410000
2021-12-10,28.620001
2021-12-13,27.825001
2021-12-14,27.709999
2021-12-15,27.575001
2021-12-16,27.750000
2021-12-17,27.184999
2021-12-20,26.504999
2021-12-21,27.260000
2021-12-22,27.434999
2021-12-23,27.450001
2021-12-27,28.049999
2021-12-28,28.030001
2021-12-29,27.850000
2021-12-30,27.680000
2021-12-31,27.750000
2022-01-03,28.610001
2022-01-04,29.600000
2022-01-05,29.594999
2022-01-06,30.254999
2022-01-07,30.670000
2022-01-10,30.575001
2022-01-11,31.615000
2022-01-12,31.674999
2022-01-13,31.514999
2022-01-14,32.255001
2022-01-18,32.384998
2022-01-19,32.150002
2022-01-20,31.855000
2022-01-21,31.225000
2022-01-24,31.434999
2022-01-25,32.654999
2022-01-26,32.599998
2022-01-27,32.955002
2022-01-28,32.814999
2022-01-31,32.959999
2022-02-01,34.134998
2022-02-02,34.244999
2022-02-03,33.919998
2022-02-04,34.450001
2022-02-07,34.889999
2022-02-08,34.139999
2022-02-09,34.424999
2022-02-10,34.209999
2022-02-11,35.205002
2022-02-14,34.375000
2022-02-15,34.014999
2022-02-16,34.290001
2022-02-17,34.235001
2022-02-18,34.025002
2022-02-22,33.474998
2022-02-23,33.820000
2022-02-24,33.555000
2022-02-25,34.439999
2022-02-28,35.290001
2022-03-01,35.645000
2022-03-02,36.459999
2022-03-03,36.560001
2022-03-04,37.615002
2022-03-07,38.169998
2022-03-08,38.770000
2022-03-09,37.584999
2022-03-10,38.735001
2022-03-11,38.424999
2022-03-14,37.275002
2022-03-15,35.910000
2022-03-16,35.744999
2022-03-17,36.974998
2022-03-18,36.939999
2022-03-21,38.064999
2022-03-22,37.785000
2022-03-23,38.435001
2022-03-24,38.529999
2022-03-25,39.375000
2022-03-28,38.400002
2022-03-29,38.299999
2022-03-30,38.744999
2022-03-31,38.220001
2022-04-01,38.529999
2022-04-04,38.580002
2022-04-05,37.974998
2022-04-06,38.200001
2022-04-07,38.700001
2022-04-08,39.764999
2022-04-11,38.570000
2022-04-12,39.209999
2022-04-13,39.794998
2022-04-14,39.924999
2022-04-18,40.509998
2022-04-19,40.180000
2022-04-20,40.334999
2022-04-21,39.055000
2022-04-22,38.099998
2022-04-25,36.840000
2022-04-26,36.889999
2022-04-27,37.430000
2022-04-28,38.564999
2022-04-29,37.575001
2022-05-02,38.174999
2022-05-03,39.244999
2022-05-04,40.875000
2022-05-05,40.259998
2022-05-06,41.459999
2022-05-09,38.029999
2022-05-10,38.375000
2022-05-11,38.889999
2022-05-12,39.055000
2022-05-13,40.389999
2022-05-16,41.455002
2022-05-17,41.935001
2022-05-18,40.860001
2022-05-19,40.709999
2022-05-20,40.884998
2022-05-23,41.965000
2022-05-24,42.125000
2022-05-25,42.994999
2022-05-26,43.470001
2022-05-27,44.264999
2022-05-31,43.599998
2022-06-01,44.310001
2022-06-02,44.169998
2022-06-03,44.755001
2022-06-06,44.705002
2022-06-07,46.040001
2022-06-08,46.139999
2022-06-09,45.119999
2022-06-10,44.355000
2022-06-13,42.040001
2022-06-14,42.119999
2022-06-15,41.189999
2022-06-16,38.869999
2022-06-17,36.744999
2022-06-21,38.220001
2022-06-22,36.689999
2022-06-23,35.330002
2022-06-24,35.794998
2022-06-27,36.845001
2022-06-28,37.840000
2022-06-29,36.525002
2022-06-30,35.755001
2022-07-01,36.290001
2022-07-05,34.849998
2022-07-06,34.255001
2022-07-07,35.490002
2022-07-08,35.474998
2022-07-11,35.134998
2022-07-12,34.450001
2022-07-13,34.395000
2022-07-14,33.744999
2022-07-15,34.294998
2022-07-18,35.080002
2022-07-19,36.160000
2022-07-20,36.509998
2022-07-21,35.869999
2022-07-22,35.575001
2022-07-25,36.880001
2022-07-26,36.544998
2022-07-27,37.369999
2022-07-28,37.580002
2022-07-29,39.209999
2022-08-01,38.400002
2022-08-02,38.310001
2022-08-03,37.209999
2022-08-04,35.830002
2022-08-05,36.540001
2022-08-08,36.730000
2022-08-09,37.375000
2022-08-10,37.645000
2022-08-11,38.939999
2022-08-12,39.235001
2022-08-15,38.470001
2022-08-16,38.380001
2022-08-17,38.700001
2022-08-18,39.740002
2022-08-19,39.730000
2022-08-22,39.654999
2022-08-23,41.084999
2022-08-24,41.590000
2022-08-25,41.910000
2022-08-26,41.419998
2022-08-29,42.044998
2022-08-30,40.619999
2022-08-31,40.250000
2022-09-01,39.259998
2022-09-02,39.980000
2022-09-06,39.610001
2022-09-07,39.150002
2022-09-08,39.320000
2022-09-09,40.299999
2022-09-12,41.040001
2022-09-13,40.005001
2022-09-14,41.134998
2022-09-15,40.075001
2022-09-16,39.220001
2022-09-19,38.820000
2022-09-20,38.549999
2022-09-21,37.985001
2022-09-22,37.849998
2022-09-23,35.240002
2022-09-26,34.375000
2022-09-27,34.759998
2022-09-28,36.299999
2022-09-29,36.299999
2022-09-30,36.009998
2022-10-03,38.044998
2022-10-04,39.680000
2022-10-05,40.500000
2022-10-06,41.220001
2022-10-07,40.900002
2022-10-10,40.060001
2022-10-11,39.740002
2022-10-12,40.060001
2022-10-13,41.695000
2022-10-14,40.139999
2022-10-17,40.639999
2022-10-18,40.994999
2022-10-19,42.205002
2022-10-20,42.244999
2022-10-21,43.465000
2022-10-24,43.669998
2022-10-25,43.715000
2022-10-26,44.310001
2022-10-27,44.470001
2022-10-28,44.625000
2022-10-31,45.000000
2022-11-01,45.435001
2022-11-02,44.340000
2022-11-03,45.160000
2022-11-04,45.709999
2022-11-07,46.494999
2022-11-08,46.540001
2022-11-09,44.264999
2022-11-10,45.250000
2022-11-11,46.564999
2022-11-14,46.549999
2022-11-15,47.040001
2022-11-16,46.080002
2022-11-17,46.180000
2022-11-18,45.814999
2022-11-21,45.195000
2022-11-22,46.610001
2022-11-23,46.105000
2022-11-25,45.935001
2022-11-28,44.674999
2022-11-29,45.349998
2022-11-30,45.575001
2022-12-01,45.424999
2022-12-02,45.154999
2022-12-05,43.814999
2022-12-06,42.660000
2022-12-07,42.560001
2022-12-08,42.369999
2022-12-09,41.340000
2022-12-12,42.424999
2022-12-13,43.230000
2022-12-14,42.965000
2022-12-15,42.705002
2022-12-16,42.180000
2022-12-19,41.744999
2022-12-20,42.375000
2022-12-21,43.180000
2022-12-22,42.185001
2022-12-23,43.529999
2022-12-27,43.994999
2022-12-28,43.009998
2022-12-29,43.459999
2022-12-30,43.735001
2023-01-03,42.200001
2023-01-04,42.195000
2023-01-05,42.965000
2023-01-06,43.779999
2023-01-09,43.625000
2023-01-10,43.935001
2023-01-11,44.070000
2023-01-12,44.910000
2023-01-13,44.974998
2023-01-17,45.070000
2023-01-18,44.244999
2023-01-19,44.794998
2023-01-20,45.240002
2023-01-23,45.299999
2023-01-24,45.125000
2023-01-25,45.130001
2023-01-26,46.555000
2023-01-27,45.615002
2023-01-30,44.570000
2023-01-31,44.965000
2023-02-01,44.080002
2023-02-02,43.075001
2023-02-03,42.980000
2023-02-06,42.785000
2023-02-07,44.174999
2023-02-08,43.779999
2023-02-09,43.404999
2023-02-10,45.105000
2023-02-13,44.990002
2023-02-14,45.005001
2023-02-15,44.240002
2023-02-16,43.805000
2023-02-17,42.244999
2023-02-21,42.035000
2023-02-22,41.755001
2023-02-23,42.384998
2023-02-24,42.330002
2023-02-27,42.455002
2023-02-28,41.845001
2023-03-01,42.669998
2023-03-02,43.044998
2023-03-03,43.630001
2023-03-06,43.650002
2023-03-07,42.889999
2023-03-08,42.450001
2023-03-09,41.849998
2023-03-10,41.314999
2023-03-13,40.474998
2023-03-14,40.875000
2023-03-15,38.680000
2023-03-16,39.099998
2023-03-17,38.485001
2023-03-20,38.849998
2023-03-21,40.195000
2023-03-22,39.340000
2023-03-23,38.794998
2023-03-24,38.945000
2023-03-27,39.775002
2023-03-28,40.389999
2023-03-29,40.950001
2023-03-30,41.130001
2023-03-31,41.415001
2023-04-03,43.290001
2023-04-04,42.505001
2023-04-05,43.145000
2023-04-06,42.490002
2023-04-10,42.830002
2023-04-11,43.235001
2023-04-12,43.264999
2023-04-13,43.535000
2023-04-14,43.615002
2023-04-17,43.099998
2023-04-18,43.270000
2023-04-19,43.119999
2023-04-20,42.740002
2023-04-21,42.490002
2023-04-24,43.139999
2023-04-25,42.330002
2023-04-26,41.764999
2023-04-27,41.915001
2023-04-28,42.564999
2023-05-01,42.084999
2023-05-02,40.255001
2023-05-03,39.494999
2023-05-04,39.055000
2023-05-05,40.115002
2023-05-08,40.115002
2023-05-09,40.130001
2023-05-10,39.674999
2023-05-11,39.200001
2023-05-12,39.259998
2023-05-15,39.459999
2023-05-16,38.490002
2023-05-17,39.230000
2023-05-18,39.514999
2023-05-19,39.820000
2023-05-22,39.654999
2023-05-23,40.080002
2023-05-24,40.255001
2023-05-25,39.540001
2023-05-26,39.384998
2023-05-30,38.980000
2023-05-31,38.294998
2023-06-01,38.770000
2023-06-02,39.950001
2023-06-05,39.685001
2023-06-06,40.005001
2023-06-07,41.064999
2023-06-08,40.889999
2023-06-09,40.665001
2023-06-12,40.275002
2023-06-13,40.465000
2023-06-14,40.049999
2023-06-15,40.490002
2023-06-16,40.430000
2023-06-20,39.180000
2023-06-21,39.490002
2023-06-22,38.959999
2023-06-23,38.680000
2023-06-26,39.375000
2023-06-27,39.465000
2023-06-28,39.865002
2023-06-29,40.325001
2023-06-30,40.584999
2023-07-03,40.680000
2023-07-05,40.455002
2023-07-06,39.544998
2023-07-07,40.395000
2023-07-10,40.709999
2023-07-11,41.605000
2023-07-12,41.990002
2023-07-13,41.830002
2023-07-14,40.724998
2023-07-17,40.645000
2023-07-18,41.055000
2023-07-19,41.294998
2023-07-20,41.779999
2023-07-21,42.150002
2023-07-24,42.830002
2023-07-25,43.055000
2023-07-26,43.070000
2023-07-27,42.794998
2023-07-28,42.924999
2023-07-31,43.740002
2023-08-01,43.535000
2023-08-02,42.965000
2023-08-03,43.400002
2023-08-04,43.459999
2023-08-07,43.509998
2023-08-08,43.724998
2023-08-09,44.275002
2023-08-10,44.270000
2023-08-11,44.950001
2023-08-14,44.759998
2023-08-15,43.830002
2023-08-16,43.450001
2023-08-17,43.970001
2023-08-18,44.404999
2023-08-21,44.125000
2023-08-22,43.785000
2023-08-23,43.674999
2023-08-24,43.375000
2023-08-25,43.794998
2023-08-28,44.090000
2023-08-29,44.209999
2023-08-30,44.430000
2023-08-31,44.459999
2023-09-01,45.369999
2023-09-05,45.610001
2023-09-06,45.630001
2023-09-07,45.584999
2023-09-08,46.025002
2023-09-11,45.419998
2023-09-12,46.490002
2023-09-13,46.139999
2023-09-14,46.680000
2023-09-15,46.005001
2023-09-18,46.055000
2023-09-19,45.625000
2023-09-20,45.200001
2023-09-21,44.580002
2023-09-22,44.654999
2023-09-25,45.215000
2023-09-26,44.955002
2023-09-27,46.075001
2023-09-28,46.125000
2023-09-29,45.195000
2023-10-02,44.294998
2023-10-03,44.264999
2023-10-04,42.875000
2023-10-05,42.610001
2023-10-06,42.865002
2023-10-09,44.294998
2023-10-10,44.349998
2023-10-11,43.779999
2023-10-12,43.830002
2023-10-13,44.794998
2023-10-16,45.095001
2023-10-17,45.564999
2023-10-18,45.980000
2023-10-19,45.900002
2023-10-20,45.130001
2023-10-23,44.400002
2023-10-24,43.775002
2023-10-25,43.695000
2023-10-26,43.355000
2023-10-27,42.314999
2023-10-30,42.455002
2023-10-31,42.595001
2023-11-01,42.494999
2023-11-02,43.779999
2023-11-03,43.340000
2023-11-06,42.849998
2023-11-07,41.900002
2023-11-08,41.375000
2023-11-09,41.250000
2023-11-10,41.705002
2023-11-13,42.005001
2023-11-14,42.380001
2023-11-15,42.299999
2023-11-16,41.474998
2023-11-17,42.345001
2023-11-20,42.404999
2023-11-21,42.310001
2023-11-22,42.290001
2023-11-24,42.465000
2023-11-27,42.314999
2023-11-28,42.325001
2023-11-29,42.009998
2023-11-30,42.290001
2023-12-01,42.509998
2023-12-04,42.314999
2023-12-05,41.575001
2023-12-06,40.955002
2023-12-07,40.674999
2023-12-08,41.115002
2023-12-11,41.165001
2023-12-12,40.599998
2023-12-13,41.165001
2023-12-14,42.375000
2023-12-15,42.150002
2023-12-18,42.090000
2023-12-19,42.595001
2023-12-20,42.200001
2023-12-21,42.365002
2023-12-22,42.490002
2023-12-26,42.855000
2023-12-27,42.665001
2023-12-28,42.014999
2023-12-29,41.919998
2024-01-02,42.369999
2024-01-03,43.060001
2024-01-04,42.305000
2024-01-05,42.340000
2024-01-08,41.849998
2024-01-09,41.180000
2024-01-10,40.775002
2024-01-11,40.880001
2024-01-12,41.340000
2024-01-16,40.355000
2024-01-17,40.020000
2024-01-18,39.955002
2024-01-19,40.084999
2024-01-22,40.235001
2024-01-23,40.320000
2024-01-24,40.895000
2024-01-25,41.814999
2024-01-26,42.125000
2024-01-29,42.064999
2024-01-30,42.500000
2024-01-31,41.705002
2024-02-01,41.700001
2024-02-02,41.759998
2024-02-05,41.654999
2024-02-06,41.790001
2024-02-07,41.875000
2024-02-08,42.305000
2024-02-09,41.654999
2024-02-12,42.115002
2024-02-13,41.689999
2024-02-14,41.650002
2024-02-15,42.810001
2024-02-16,42.785000
2024-02-20,42.395000
2024-02-21,43.189999
2024-02-22,43.264999
2024-02-23,42.980000
2024-02-26,43.130001
2024-02-27,42.945000
2024-02-28,42.860001
2024-02-29,43.070000
2024-03-01,43.570000
2024-03-04,43.105000
2024-03-05,43.424999
2024-03-06,43.560001
2024-03-07,43.930000
2024-03-08,44.084999
2024-03-11,44.540001
2024-03-12,44.470001
2024-03-13,45.180000
2024-03-14,45.645000
2024-03-15,45.779999
2024-03-18,45.570000
2024-03-19,46.090000
2024-03-20,46.025002
2024-03-21,46.299999
2024-03-22,46.200001
2024-03-25,46.630001
2024-03-26,46.270000
2024-03-27,46.700001
2024-03-28,47.205002
2024-04-01,47.555000
2024-04-02,48.220001
2024-04-03,48.549999
2024-04-04,48.520000
2024-04-05,49.040001
2024-04-08,48.730000
2024-04-09,48.744999
2024-04-10,48.895000
2024-04-11,48.860001
2024-04-12,48.064999
2024-04-15,47.615002
2024-04-16,47.200001
2024-04-17,47.064999
2024-04-18,46.919998
2024-04-19,47.485001
2024-04-22,47.794998
2024-04-23,48.060001
2024-04-24,48.095001
2024-04-25,48.314999
2024-04-26,47.869999
2024-04-29,48.195000
2024-04-30,46.759998
2024-05-01,46.014999
2024-05-02,46.279999
2024-05-03,46.285000
2024-05-06,46.650002
2024-05-07,46.605000
2024-05-08,46.549999
2024-05-09,47.174999
2024-05-10,46.915001
2024-05-13,46.790001
2024-05-14,46.849998
2024-05-15,46.955002
2024-05-16,46.825001
2024-05-17,47.480000
2024-05-20,47.169998
2024-05-21,46.939999
2024-05-22,46.040001
2024-05-23,45.619999
2024-05-24,45.685001
2024-05-28,46.154999
2024-05-29,45.340000
2024-05-30,45.470001
2024-05-31,46.599998
2024-06-03,45.380001
2024-06-04,44.945000
2024-06-05,44.939999
2024-06-06,45.174999
2024-06-07,44.994999
2024-06-10,45.334999
2024-06-11,45.244999
2024-06-12,44.759998
2024-06-13,44.349998
2024-06-14,44.020000
2024-06-17,44.134998
2024-06-18,44.320000
2024-06-20,45.134998
2024-06-21,44.875000
2024-06-24,45.639999
2024-06-25,45.744999
2024-06-26,45.294998
2024-06-27,45.400002
2024-06-28,45.575001
2024-07-01,45.599998
2024-07-02,45.564999
2024-07-03,45.764999
2024-07-05,45.049999
2024-07-08,44.775002
2024-07-09,44.380001
2024-07-10,44.680000
2024-07-11,45.145000
2024-07-12,45.259998
2024-07-15,45.945000
2024-07-16,46.150002
2024-07-17,46.610001
2024-07-18,46.695000
2024-07-19,46.185001
2024-07-22,45.895000
2024-07-23,45.165001
2024-07-24,45.169998
2024-07-25,45.950001
2024-07-26,46.095001
2024-07-29,45.700001
2024-07-30,46.410000
2024-07-31,46.605000
2024-08-01,45.369999
2024-08-02,44.200001
2024-08-05,43.224998
2024-08-06,43.490002
2024-08-07,43.665001
2024-08-08,44.605000
2024-08-09,44.705002
2024-08-12,44.924999
2024-08-13,44.490002
2024-08-14,44.750000
2024-08-15,45.285000
2024-08-16,45.235001
2024-08-19,45.540001
2024-08-20,44.340000
2024-08-21,44.415001
2024-08-22,44.529999
2024-08-23,45.195000
2024-08-26,45.599998
2024-08-27,45.174999
2024-08-28,44.884998
2024-08-29,45.470001
2024-08-30,45.639999
2024-09-03,44.505001
2024-09-04,43.889999
2024-09-05,43.549999
2024-09-06,43.005001
2024-09-09,43.314999
2024-09-10,42.570000
2024-09-11,42.174999
2024-09-12,42.555000
2024-09-13,42.794998
2024-09-16,43.285000
2024-09-17,43.869999
2024-09-18,43.955002
2024-09-19,44.480000
2024-09-20,44.380001
2024-09-23,44.560001
2024-09-24,44.450001
2024-09-25,43.580002
2024-09-26,42.724998
2024-09-27,43.595001
2024-09-30,43.900002
2024-10-01,44.900002
2024-10-02,45.360001
2024-10-03,46.160000
2024-10-04,46.590000
2024-10-07,46.755001
2024-10-08,45.535000
2024-10-09,45.810001
2024-10-10,46.119999
2024-10-11,46.404999
2024-10-14,46.384998
2024-10-15,44.889999
2024-10-16,45.105000
2024-10-17,45.320000
2024-10-18,45.169998
2024-10-21,45.035000
2024-10-22,45.139999
2024-10-23,44.904999
2024-10-24,44.900002
2024-10-25,44.884998
2024-10-28,44.599998
2024-10-29,43.919998
2024-10-30,44.020000
2024-10-31,44.294998
2024-11-01,44.014999
2024-11-04,44.785000
2024-11-05,45.084999
2024-11-06,46.779999
2024-11-07,46.564999
2024-11-08,46.875000
2024-11-11,47.139999
2024-11-12,46.889999
2024-11-13,47.255001
2024-11-14,47.435001
2024-11-15,47.365002
2024-11-18,47.994999
2024-11-19,47.689999
2024-11-20,48.169998
2024-11-21,48.560001
2024-11-22,48.634998
2024-11-25,47.674999
2024-11-26,47.610001
2024-11-27,47.560001
2024-11-29,47.764999
2024-12-02,47.259998
2024-12-03,47.255001
2024-12-04,46.115002
2024-12-05,46.294998
2024-12-06,45.509998
2024-12-09,45.435001
2024-12-10,45.125000
2024-12-11,45.200001
2024-12-12,44.834999
2024-12-13,44.610001
2024-12-16,43.630001
2024-12-17,43.305000
2024-12-18,42.025002
2024-12-19,41.660000
2024-12-20,42.070000
2024-12-23,41.965000
2024-12-24,42.320000
2024-12-26,42.285000
2024-12-27,42.279999
2024-12-30,42.275002
2024-12-31,42.830002
2025-01-02,43.330002
2025-01-03,43.735001
2025-01-06,43.535000
2025-01-07,43.970001
2025-01-08,44.014999
2025-01-10,44.195000
2025-01-13,45.125000
2025-01-14,45.610001
2025-01-15,46.285000
2025-01-16,46.619999
2025-01-17,46.980000
2025-01-21,46.740002
2025-01-22,45.889999
2025-01-23,46.099998
2025-01-24,45.654999
2025-01-27,45.180000
2025-01-28,44.750000
2025-01-29,44.849998
2025-01-30,45.080002
2025-01-31,43.820000
2025-02-03,44.095001
2025-02-04,45.020000
2025-02-05,45.115002
2025-02-06,44.285000
2025-02-07,44.279999
2025-02-10,45.255001
2025-02-11,45.619999
2025-02-12,44.520000
2025-02-13,44.855000
2025-02-14,45.035000
2025-02-18,45.650002
2025-02-19,46.009998
2025-02-20,46.430000
2025-02-21,45.465000
2025-02-24,45.474998
2025-02-25,44.820000
2025-02-26,44.564999
2025-02-27,44.805000
2025-02-28,45.500000
2025-03-03,43.910000
2025-03-04,43.485001
2025-03-05,42.849998
2025-03-06,42.980000
2025-03-07,43.715000
2025-03-10,44.040001
2025-03-11,43.689999
2025-03-12,43.889999
2025-03-13,43.590000
2025-03-14,44.880001
2025-03-17,45.595001
2025-03-18,45.669998
2025-03-19,46.415001
2025-03-20,46.584999
2025-03-21,46.259998
2025-03-24,46.424999
2025-03-25,46.615002
2025-03-26,46.889999
2025-03-27,46.435001
2025-03-28,46.215000
2025-03-31,46.724998
2025-04-01,47.000000
2025-04-02,47.064999
2025-04-03,43.369999
2025-04-04,39.380001
2025-04-07,39.125000
2025-04-08,38.220001
2025-04-09,41.180000
2025-04-10,38.490002
2025-04-11,39.445000
2025-04-14,39.584999
2025-04-15,39.525002
2025-04-16,39.849998
2025-04-17,40.750000
2025-04-21,39.685001
2025-04-22,40.695000
2025-04-23,40.619999
2025-04-24,41.270000
2025-04-25,41.195000
2025-04-28,41.485001
2025-04-29,41.365002
2025-04-30,40.250000
2025-05-01,40.400002
2025-05-02,40.990002
2025-05-05,40.250000
2025-05-06,40.259998
2025-05-07,40.275002
2025-05-08,40.805000
2025-05-09,41.215000
2025-05-12,42.290001
2025-05-13,42.884998
2025-05-14,42.625000
2025-05-15,42.805000
2025-05-16,42.740002
2025-05-19,42.185001
2025-05-20,41.794998
2025-05-21,41.025002
2025-05-22,40.865002
2025-05-23,40.994999
2025-05-27,41.349998
2025-05-28,40.825001
2025-05-29,41.130001
2025-05-30,40.764999
2025-06-02,41.299999
2025-06-03,41.790001
2025-06-04,40.974998
2025-06-05,40.935001
2025-06-06,41.705002
2025-06-09,41.785000
2025-06-10,42.529999
2025-06-11,43.145000
2025-06-12,43.294998
2025-06-13,44.049999
2025-06-16,43.919998
2025-06-17,44.330002
2025-06-18,44.040001
2025-06-20,44.490002
2025-06-23,43.014999
2025-06-24,42.455002
2025-06-25,42.270000
2025-06-26,42.875000
2025-06-27,42.650002
2025-06-30,42.404999
2025-07-01,42.730000
2025-07-02,43.465000
2025-07-03,43.514999
2025-07-07,43.095001
2025-07-08,44.255001
2025-07-09,44.029999
2025-07-10,44.365002
2025-07-11,44.564999
2025-07-14,44.075001
2025-07-15,43.439999
2025-07-16,43.064999
2025-07-17,43.330002
2025-07-18,42.980000
2025-07-21,42.535000
2025-07-22,42.735001
2025-07-23,43.404999
2025-07-24,43.715000
2025-07-25,43.549999
2025-07-28,44.044998
2025-07-29,44.474998
2025-07-30,43.840000
2025-07-31,43.605000
2025-08-01,42.794998
2025-08-04,42.700001
2025-08-05,42.755001
2025-08-06,42.360001
2025-08-07,42.195000
2025-08-08,42.465000
2025-08-11,42.125000
2025-08-12,42.330002
2025-08-13,42.820000
2025-08-14,42.779999
2025-08-15,42.779999
2025-08-18,42.525002
2025-08-19,42.540001
2025-08-20,42.895000
2025-08-21,43.189999
2025-08-22,44.070000
2025-08-25,44.185001
2025-08-26,44.115002
2025-08-27,44.610001
2025-08-28,44.950001
2025-08-29,45.195000
2025-09-02,45.259998
2025-09-03,44.244999
2025-09-04,44.540001
2025-09-05,43.680000
2025-09-08,43.580002
2025-09-09,43.790001
2025-09-10,44.555000
2025-09-11,44.564999
2025-09-12,44.299999
2025-09-15,44.150002
2025-09-16,44.889999
2025-09-17,44.994999
2025-09-18,44.855000
2025-09-19,44.259998
2025-09-22,43.834999
2025-09-23,44.590000
2025-09-24,45.169998
2025-09-25,45.575001
2025-09-26,45.994999
2025-09-29,45.150002
2025-09-30,44.669998
2025-10-01,44.669998
2025-10-02,44.220001
2025-10-03,44.455002
2025-10-06,44.674999
2025-10-07,44.744999
2025-10-08,44.485001
2025-10-09,43.880001
2025-10-10,42.610001
2025-10-13,43.189999
2025-10-14,43.185001
2025-10-15,43.160000
2025-10-16,42.639999
2025-10-17,42.990002
2025-10-20,43.445000
2025-10-21,43.345001
2025-10-22,43.900002
2025-10-23,44.485001
2025-10-24,44.035000
2025-10-27,44.139999
2025-10-28,43.680000
2025-10-29,44.005001
2025-10-30,43.744999
2025-10-31,44.064999
2025-11-03,44.070000
2025-11-04,43.595001
2025-11-05,43.709999
2025-11-06,44.134998
2025-11-07,44.770000
2025-11-10,45.174999
2025-11-11,45.764999
2025-11-12,45.125000
2025-11-13,45.240002
2025-11-14,46.009998
2025-11-17,45.169998
2025-11-18,45.529999
2025-11-19,44.939999
2025-11-20,44.430000
2025-11-21,44.709999
2025-11-24,44.584999
2025-11-25,44.305000
2025-11-26,44.639999
2025-11-28,45.224998
2025-12-01,45.660000
2025-12-02,45.070000
2025-12-03,45.915001
2025-12-04,46.110001
2025-12-05,45.919998
2025-12-08,45.419998
2025-12-09,45.700001
2025-12-10,46.180000
2025-12-11,45.959999
2025-12-12,45.509998
2025-12-15,45.189999
2025-12-16,43.810001
2025-12-17,44.779999
2025-12-18,44.130001
2025-12-19,44.130001
2025-12-22,44.209999
2025-12-23,44.500000
2025-12-24,44.369999
2025-12-26,44.200001
2025-12-29,44.619999
2025-12-30,44.959999
2025-12-31,44.709999
2026-01-02,45.650002
2026-01-05,46.889999
2026-01-06,45.639999
2026-01-07,45.130001
2026-01-08,46.549999
2026-01-09,46.669998
2026-01-12,46.340000
2026-01-13,47.000000
2026-01-14,48.060001
2026-01-15,47.610001
2026-01-16,47.689999
2026-01-20,47.599998
2026-01-21,48.750000
2026-01-22,48.910000
2026-01-23,49.189999
2026-01-26,49.220001
2026-01-27,49.669998
2026-01-28,50.049999
2026-01-29,50.509998
2026-01-30,51.049999
2026-02-02,50.049999
2026-02-03,51.669998
2026-02-04,52.830002
2026-02-05,52.209999
2026-02-06,53.250000
2026-02-09,53.639999
2026-02-10,53.580002
2026-02-11,54.980000
2026-02-12,53.980000
2026-02-13,54.349998
2026-02-17,53.750000
2026-02-18,54.779999
2026-02-19,55.180000
2026-02-20,54.880001
2026-02-23,55.150002
2026-02-24,55.099998
2026-02-25,54.869999
2026-02-26,55.049999
2026-02-27,55.919998
2026-03-02,57.040001
2026-03-03,56.520000
2026-03-04,56.189999
2026-03-05,56.480000
2026-03-06,56.570000
2026-03-09,56.320000
2026-03-10,55.599998
2026-03-11,56.980000
2026-03-12,57.509998
2026-03-13,57.700001
2026-03-16,57.900002
2026-03-17,58.509998
2026-03-18,58.430000
2026-03-19,59.360001
2026-03-20,59.310001
2026-03-23,59.630001
2026-03-24,60.840000
2026-03-25,60.570000
2026-03-26,61.520000
2026-03-27,62.560001
2026-03-30,61.959999
2026-03-31,61.259998
2026-04-01,58.970001
2026-04-02,59.250000
2026-04-06,59.680000
2026-04-07,60.160000
2026-04-08,58.049999
2026-04-09,57.330002
2026-04-10,56.939999
2026-04-13,57.110001
2026-04-14,55.950001
2026-04-15,55.759998
2026-04-16,56.580002
2026-04-17,55.020000
2026-04-20,55.070000
2026-04-21,55.869999
2026-04-22,56.540001
2026-04-23,56.980000
2026-04-24,56.869999
2026-04-27,56.770000
2026-04-28,57.709999
2026-04-29,59.029999
2026-04-30,59.650002
2026-05-01,58.849998
2026-05-04,59.389999
2026-05-05,59.450001
2026-05-06,57.000000
2026-05-07,55.950001
2026-05-08,55.700001
2026-05-11,57.169998
2026-05-12,57.570000
2026-05-13,57.630001
2026-05-14,58.070000
2026-05-15,59.439999
2026-05-18,60.580002
2026-05-19,61.290001
2026-05-20,59.799999
2026-05-21,59.130001
2026-05-22,59.490002
2026-05-26,57.849998
2026-05-27,56.990002
2026-05-28,56.950001
2026-05-29,56.290001
2026-06-01,57.299999
2026-06-02,57.959999
2026-06-03,58.709999
2026-06-04,58.750000
2026-06-05,57.669998
2026-06-08,58.330002
2026-06-09,57.389999
2026-06-10,58.250000
2026-06-11,57.119999
2026-06-12,57.549999
2026-06-15,55.549999
2026-06-16,55.360001
2026-06-17,54.669998
2026-06-18,53.770000
2026-06-22,54.060001
2026-06-23,54.459999
2026-06-24,53.570000
2026-06-25,54.090000
2026-06-26,53.840000
2026-06-29,53.580002
2026-06-30,53.110001
2026-07-01,52.810001
2026-07-02,53.220001
2026-07-06,53.130001
2026-07-07,54.639999
2026-07-08,55.599998
2026-07-09,54.820000
2026-07-10,55.080002
2026-07-13,56.740002
2026-07-14,56.950001
2026-07-15,56.500000
2026-07-16,57.020000
2026-07-17,57.680000
2026-07-20,57.939999
2026-07-21,58.500000
2026-07-22,59.200001
2026-07-23,59.380001
2026-07-24,59.619999
2026-07-27,58.360001
2026-07-28,57.570000
2026-07-29,58.650002
2026-07-30,58.959999
2026-07-31,59.549999
2026-08-03,58.790001
2026-08-04,58.520000
2026-08-05,57.310001
2026-08-06,58.160000
2026-08-07,57.500000
2026-08-10,60.180000
2026-08-11,60.930000
2026-08-12,61.029999
2026-08-13,61.060001
2026-08-14,61.910000
2026-08-17,62.580002
2026-08-18,63.680000
2026-08-19,63.580002
2026-08-20,63.750000
2026-08-21,63.639999
2026-08-24,63.110001
2026-08-25,62.060001
2026-08-26,62.430000
2026-08-27,62.290001
2026-08-28,62.680000
2026-08-31,63.959999
2026-09-01,64.769997
2026-09-02,65.099998
2026-09-03,64.620003
2026-09-04,64.059998
2026-09-08,64.769997
2026-09-09,65.309998
