d,c
1998-12-22,18.937855
1998-12-23,19.217100
1998-12-24,19.344028
1998-12-28,19.090172
1998-12-29,19.293259
1998-12-30,19.217100
1998-12-31,19.039398
1999-01-04,19.039398
1999-01-05,19.217100
1999-01-06,19.826361
1999-01-07,20.130991
1999-01-08,20.257919
1999-01-11,19.953291
1999-01-12,19.394800
1999-01-13,19.140942
1999-01-14,18.658611
1999-01-15,19.191713
1999-01-19,19.090172
1999-01-20,19.229794
1999-01-21,18.887083
1999-01-22,18.760155
1999-01-25,18.912470
1999-01-26,18.925161
1999-01-27,18.683996
1999-01-28,18.963242
1999-01-29,19.369415
1999-02-01,19.039398
1999-02-02,18.836311
1999-02-03,18.975933
1999-02-04,18.531681
1999-02-05,18.379366
1999-02-08,18.328594
1999-02-09,18.074736
1999-02-10,18.227051
1999-02-11,18.963242
1999-02-12,18.683996
1999-02-16,18.963242
1999-02-17,19.039398
1999-02-18,19.229794
1999-02-19,19.293259
1999-02-22,19.851748
1999-02-23,20.105604
1999-02-24,19.445574
1999-02-25,19.318644
1999-02-26,19.674046
1999-03-01,19.750202
1999-03-02,19.800976
1999-03-03,19.610580
1999-03-04,20.054832
1999-03-05,20.562551
1999-03-08,20.422930
1999-03-09,20.587936
1999-03-10,20.968725
1999-03-11,21.070269
1999-03-12,21.108347
1999-03-15,21.171812
1999-03-16,20.867182
1999-03-17,20.689480
1999-03-18,21.171812
1999-03-19,20.714867
1999-03-22,20.765638
1999-03-23,20.054832
1999-03-24,20.004063
1999-03-25,20.461006
1999-03-26,20.283306
1999-03-29,20.740252
1999-03-30,20.499086
1999-03-31,20.257919
1999-04-01,20.308693
1999-04-05,20.714867
1999-04-06,20.562551
1999-04-07,21.121040
1999-04-08,21.501827
1999-04-09,21.451056
1999-04-12,21.831844
1999-04-13,21.806458
1999-04-14,21.527214
1999-04-15,21.324127
1999-04-16,21.222584
1999-04-19,21.222584
1999-04-20,21.501827
1999-04-21,21.831844
1999-04-22,22.060316
1999-04-23,21.984159
1999-04-26,21.654142
1999-04-27,22.034931
1999-04-28,21.908003
1999-04-29,21.984159
1999-04-30,21.679529
1999-05-03,21.933388
1999-05-04,21.247969
1999-05-05,21.374899
1999-05-06,21.019497
1999-05-07,21.425671
1999-05-10,21.349512
1999-05-11,21.603371
1999-05-12,21.908003
1999-05-13,22.111090
1999-05-14,21.425671
1999-05-17,21.019497
1999-05-18,21.070269
1999-05-19,21.222584
1999-05-20,20.943338
1999-05-21,20.892567
1999-05-24,20.435621
1999-05-25,19.902517
1999-05-26,20.549858
1999-05-27,20.054832
1999-05-28,20.372156
1999-06-01,20.080219
1999-06-02,19.953291
1999-06-03,19.940598
1999-06-04,20.308693
1999-06-07,20.689480
1999-06-08,20.321384
1999-06-09,20.270613
1999-06-10,19.889826
1999-06-11,19.927904
1999-06-14,19.826361
1999-06-15,19.927904
1999-06-16,20.448315
1999-06-17,20.841795
1999-06-18,20.816408
1999-06-21,20.943338
1999-06-22,20.714867
1999-06-23,20.511780
1999-06-24,20.181763
1999-06-25,20.232534
1999-06-28,20.702173
1999-06-29,20.765638
1999-06-30,21.197197
1999-07-01,21.425671
1999-07-02,21.425671
1999-07-06,21.603371
1999-07-07,21.527214
1999-07-08,21.451056
1999-07-09,21.476442
1999-07-12,21.298740
1999-07-13,21.070269
1999-07-14,21.121040
1999-07-15,21.311434
1999-07-16,21.425671
1999-07-19,21.273355
1999-07-20,21.006804
1999-07-21,20.765638
1999-07-22,20.791023
1999-07-23,20.562551
1999-07-26,20.638708
1999-07-27,20.917953
1999-07-28,20.664095
1999-07-29,20.359465
1999-07-30,19.902517
1999-08-02,19.800976
1999-08-03,19.547115
1999-08-04,19.293259
1999-08-05,19.369415
1999-08-06,18.861698
1999-08-09,18.912470
1999-08-10,18.582453
1999-08-11,18.937855
1999-08-12,19.026707
1999-08-13,19.648661
1999-08-16,19.572502
1999-08-17,20.283306
1999-08-18,20.067526
1999-08-19,19.800976
1999-08-20,20.080219
1999-08-23,20.613323
1999-08-24,20.664095
1999-08-25,20.499086
1999-08-26,20.029448
1999-08-27,19.699430
1999-08-30,19.052092
1999-08-31,19.026707
1999-09-01,19.115557
1999-09-02,18.747461
1999-09-03,19.699430
1999-09-07,19.166328
1999-09-08,19.039398
1999-09-09,18.810926
1999-09-10,18.950548
1999-09-13,18.772846
1999-09-14,18.430138
1999-09-15,18.341288
1999-09-16,18.277822
1999-09-17,18.607840
1999-09-20,18.392059
1999-09-21,18.100122
1999-09-22,18.087429
1999-09-23,17.947807
1999-09-24,18.074736
1999-09-27,17.770105
1999-09-28,17.744720
1999-09-29,17.617790
1999-09-30,17.973192
1999-10-01,17.668562
1999-10-04,18.341288
1999-10-05,18.417444
1999-10-06,18.734768
1999-10-07,18.557068
1999-10-08,18.887083
1999-10-11,18.683996
1999-10-12,18.328594
1999-10-13,17.782799
1999-10-14,17.757414
1999-10-15,16.957758
1999-10-18,17.503553
1999-10-19,17.871649
1999-10-20,18.188972
1999-10-21,18.277822
1999-10-22,19.039398
1999-10-25,18.874392
1999-10-26,18.582453
1999-10-27,19.496344
1999-10-28,20.879873
1999-10-29,20.765638
1999-11-01,20.511780
1999-11-02,20.486393
1999-11-03,20.397543
1999-11-04,20.638708
1999-11-05,21.146425
1999-11-08,21.032188
1999-11-09,20.626015
1999-11-10,20.308693
1999-11-11,20.194456
1999-11-12,21.070269
1999-11-15,21.057575
1999-11-16,21.628757
1999-11-17,21.171812
1999-11-18,21.108347
1999-11-19,20.791023
1999-11-22,20.714867
1999-11-23,20.384850
1999-11-24,20.143684
1999-11-26,20.004063
1999-11-29,19.521730
1999-11-30,19.851748
1999-12-01,19.699430
1999-12-02,19.788282
1999-12-03,20.257919
1999-12-06,19.712124
1999-12-07,19.674046
1999-12-08,19.204407
1999-12-09,19.483652
1999-12-10,19.826361
1999-12-13,19.597889
1999-12-14,19.128248
1999-12-15,19.077478
1999-12-16,18.658611
1999-12-17,18.734768
1999-12-20,18.582453
1999-12-21,18.937855
1999-12-22,18.937855
1999-12-23,19.242485
1999-12-27,19.090172
1999-12-28,19.014013
1999-12-29,19.204407
1999-12-30,19.293259
1999-12-31,19.305950
2000-01-03,18.582453
2000-01-04,17.770105
2000-01-05,17.630484
2000-01-06,18.404753
2000-01-07,18.709383
2000-01-10,18.379366
2000-01-11,18.074736
2000-01-12,18.430138
2000-01-13,18.988626
2000-01-14,19.432880
2000-01-18,18.785540
2000-01-19,18.722076
2000-01-20,18.379366
2000-01-21,18.150894
2000-01-24,17.820877
2000-01-25,18.011271
2000-01-26,18.683996
2000-01-27,18.887083
2000-01-28,18.227051
2000-01-31,18.734768
2000-02-01,18.836311
2000-02-02,18.645918
2000-02-03,18.531681
2000-02-04,18.341288
2000-02-07,18.150894
2000-02-08,18.353981
2000-02-09,17.922421
2000-02-10,17.427397
2000-02-11,17.465475
2000-02-14,17.617790
2000-02-15,17.643175
2000-02-16,17.275082
2000-02-17,17.059301
2000-02-18,16.450041
2000-02-22,16.602356
2000-02-23,16.538891
2000-02-24,16.196182
2000-02-25,16.094639
2000-02-28,16.615049
2000-02-29,16.729284
2000-03-01,16.957758
2000-03-02,16.856215
2000-03-03,17.008530
2000-03-06,16.843521
2000-03-07,16.335804
2000-03-08,16.145411
2000-03-09,16.234261
2000-03-10,16.285032
2000-03-13,16.450041
2000-03-14,16.386576
2000-03-15,17.389318
2000-03-16,18.887083
2000-03-17,18.823620
2000-03-20,18.468218
2000-03-21,19.140942
2000-03-22,19.305950
2000-03-23,19.978676
2000-03-24,20.207150
2000-03-27,19.547115
2000-03-28,19.699430
2000-03-29,19.547115
2000-03-30,19.585196
2000-03-31,19.712124
2000-04-03,20.664095
2000-04-04,19.839054
2000-04-05,19.686737
2000-04-06,19.902517
2000-04-07,19.496344
2000-04-10,20.054832
2000-04-11,20.308693
2000-04-12,20.397543
2000-04-13,19.864439
2000-04-14,18.252438
2000-04-17,18.404753
2000-04-18,19.140942
2000-04-19,18.887083
2000-04-20,19.242485
2000-04-24,19.699430
2000-04-25,20.308693
2000-04-26,19.902517
2000-04-27,19.496344
2000-04-28,19.902517
2000-05-01,19.458265
2000-05-02,19.267872
2000-05-03,18.925161
2000-05-04,18.633224
2000-05-05,18.760155
2000-05-08,19.128248
2000-05-09,19.077478
2000-05-10,18.569759
2000-05-11,19.128248
2000-05-12,19.344028
2000-05-15,20.207150
2000-05-16,20.092913
2000-05-17,19.750202
2000-05-18,20.004063
2000-05-19,19.648661
2000-05-22,19.902517
2000-05-23,20.029448
2000-05-24,20.283306
2000-05-25,19.775589
2000-05-26,19.699430
2000-05-30,20.105604
2000-05-31,20.346771
2000-06-01,21.019497
2000-06-02,21.882616
2000-06-05,21.387590
2000-06-06,20.917953
2000-06-07,21.222584
2000-06-08,20.867182
2000-06-09,20.511780
2000-06-12,20.689480
2000-06-13,20.664095
2000-06-14,21.019497
2000-06-15,20.524471
2000-06-16,19.496344
2000-06-19,20.004063
2000-06-20,19.750202
2000-06-21,19.597889
2000-06-22,19.585196
2000-06-23,19.445574
2000-06-26,19.750202
2000-06-27,19.940598
2000-06-28,19.788282
2000-06-29,19.775589
2000-06-30,19.293259
2000-07-03,19.648661
2000-07-05,19.864439
2000-07-06,20.016754
2000-07-07,20.359465
2000-07-10,20.410236
2000-07-11,20.511780
2000-07-12,20.803717
2000-07-13,20.600630
2000-07-14,20.943338
2000-07-17,20.549858
2000-07-18,20.587936
2000-07-19,20.511780
2000-07-20,21.032188
2000-07-21,20.968725
2000-07-24,21.095654
2000-07-25,21.133734
2000-07-26,21.032188
2000-07-27,21.095654
2000-07-28,20.638708
2000-07-31,20.994110
2000-08-01,21.133734
2000-08-02,21.108347
2000-08-03,21.666836
2000-08-04,22.504568
2000-08-07,22.568033
2000-08-08,22.568033
2000-08-09,22.415718
2000-08-10,22.288790
2000-08-11,22.631498
2000-08-14,22.923435
2000-08-15,22.504568
2000-08-16,22.238018
2000-08-17,22.529955
2000-08-18,22.364946
2000-08-21,22.542648
2000-08-22,22.783813
2000-08-23,22.491877
2000-08-24,22.453798
2000-08-25,22.149166
2000-08-28,22.568033
2000-08-29,22.339561
2000-08-30,22.542648
2000-08-31,23.126522
2000-09-01,22.745735
2000-09-05,23.024981
2000-09-06,23.202681
2000-09-07,23.012287
2000-09-08,23.532698
2000-09-11,24.002335
2000-09-12,23.964256
2000-09-13,23.811941
2000-09-14,23.723091
2000-09-15,23.266146
2000-09-18,22.491877
2000-09-19,22.974209
2000-09-20,22.644192
2000-09-21,22.390333
2000-09-22,22.821894
2000-09-25,23.189987
2000-09-26,23.037674
2000-09-27,23.050365
2000-09-28,23.634239
2000-09-29,23.558083
2000-10-02,23.888100
2000-10-03,23.862713
2000-10-04,23.558083
2000-10-05,23.786556
2000-10-06,22.796507
2000-10-09,22.441105
2000-10-10,21.793764
2000-10-11,21.831844
2000-10-12,20.562551
2000-10-13,21.628757
2000-10-16,21.819151
2000-10-17,21.222584
2000-10-18,20.981419
2000-10-19,21.971466
2000-10-20,22.060316
2000-10-23,21.692223
2000-10-24,22.238018
2000-10-25,22.364946
2000-10-26,21.641451
2000-10-27,22.352255
2000-10-30,23.164602
2000-10-31,23.354996
2000-11-01,23.253452
2000-11-02,23.367689
2000-11-03,23.304224
2000-11-06,23.621548
2000-11-07,23.545389
2000-11-08,23.126522
2000-11-09,23.291531
2000-11-10,23.037674
2000-11-13,22.491877
2000-11-14,22.618807
2000-11-15,22.441105
2000-11-16,22.364946
2000-11-17,22.187246
2000-11-20,21.527214
2000-11-21,21.577986
2000-11-22,21.057575
2000-11-24,21.209890
2000-11-27,21.501827
2000-11-28,21.730301
2000-11-29,22.263405
2000-11-30,22.161860
2000-12-01,22.034931
2000-12-04,21.933388
2000-12-05,22.847279
2000-12-06,22.745735
2000-12-07,22.796507
2000-12-08,23.456539
2000-12-11,23.646933
2000-12-12,23.367689
2000-12-13,23.380383
2000-12-14,22.707657
2000-12-15,22.529955
2000-12-18,23.189987
2000-12-19,22.936129
2000-12-20,22.720348
2000-12-21,23.253452
2000-12-22,23.443846
2000-12-26,23.862713
2000-12-27,24.015028
2000-12-28,24.256193
2000-12-29,23.964256
2001-01-02,23.291531
2001-01-03,24.548132
2001-01-04,24.116571
2001-01-05,23.608854
2001-01-08,23.367689
2001-01-09,22.974209
2001-01-10,23.354996
2001-01-11,23.405767
2001-01-12,22.961515
2001-01-16,23.367689
2001-01-17,23.405767
2001-01-18,23.063059
2001-01-19,22.898050
2001-01-22,23.304224
2001-01-23,23.532698
2001-01-24,23.672319
2001-01-25,23.888100
2001-01-26,23.976950
2001-01-29,23.996752
2001-01-30,24.207960
2001-01-31,23.907393
2001-02-01,23.939886
2001-02-02,24.004873
2001-02-05,24.167343
2001-02-06,23.696182
2001-02-07,23.639318
2001-02-08,23.574329
2001-02-09,23.671812
2001-02-12,24.004873
2001-02-13,23.866776
2001-02-14,23.590576
2001-02-15,23.590576
2001-02-16,23.598700
2001-02-20,22.729488
2001-02-21,22.055241
2001-02-22,22.209585
2001-02-23,22.103981
2001-02-26,22.591389
2001-02-27,22.835093
2001-02-28,22.298944
2001-03-01,22.323315
2001-03-02,22.355808
2001-03-05,22.242081
2001-03-06,22.307068
2001-03-07,22.778229
2001-03-08,22.867586
2001-03-09,22.339561
2001-03-12,21.242891
2001-03-13,21.811535
2001-03-14,20.804224
2001-03-15,21.429731
2001-03-16,21.080421
2001-03-19,21.324127
2001-03-20,20.731113
2001-03-21,20.129976
2001-03-22,19.610073
2001-03-23,20.438667
2001-03-26,20.763607
2001-03-27,21.348497
2001-03-28,21.234768
2001-03-29,21.186028
2001-03-30,21.559708
2001-04-02,21.657188
2001-04-03,20.926077
2001-04-04,20.414297
2001-04-05,21.161657
2001-04-06,20.690496
2001-04-09,20.682371
2001-04-10,21.283508
2001-04-11,21.462227
2001-04-12,21.624695
2001-04-16,21.470348
2001-04-17,21.649067
2001-04-18,22.558895
2001-04-19,22.680746
2001-04-20,22.290819
2001-04-23,22.014622
2001-04-24,21.900894
2001-04-25,22.136475
2001-04-26,22.225834
2001-04-27,22.705118
2001-04-30,22.339561
2001-05-01,22.526402
2001-05-02,22.705118
2001-05-03,22.713242
2001-05-04,22.989439
2001-05-07,22.843218
2001-05-08,22.607635
2001-05-09,22.583265
2001-05-10,22.591389
2001-05-11,22.380178
2001-05-14,22.567019
2001-05-15,22.705118
2001-05-16,23.314379
2001-05-17,23.192526
2001-05-18,23.062551
2001-05-21,23.387489
2001-05-22,23.623072
2001-05-23,23.525589
2001-05-24,23.614946
2001-05-25,23.298132
2001-05-29,23.314379
2001-05-30,23.119415
2001-05-31,23.322502
2001-06-01,23.281885
2001-06-04,23.468725
2001-06-05,23.574329
2001-06-06,23.395613
2001-06-07,23.241266
2001-06-08,23.103168
2001-06-11,22.883835
2001-06-12,22.956945
2001-06-13,22.770105
2001-06-14,22.372055
2001-06-15,22.404549
2001-06-18,22.461412
2001-06-19,22.664499
2001-06-20,22.786352
2001-06-21,23.704306
2001-06-22,23.395613
2001-06-25,23.208773
2001-06-26,22.916328
2001-06-27,22.924452
2001-06-28,23.225019
2001-06-29,23.070675
2001-07-02,23.354996
2001-07-03,23.338749
2001-07-05,23.192526
2001-07-06,22.721365
2001-07-09,22.794476
2001-07-10,22.242081
2001-07-11,22.201462
2001-07-12,22.591389
2001-07-13,22.859465
2001-07-16,22.534525
2001-07-17,22.997562
2001-07-18,22.867586
2001-07-19,22.713242
2001-07-20,22.607635
2001-07-23,22.485785
2001-07-24,22.193338
2001-07-25,22.363932
2001-07-26,22.542648
2001-07-27,22.672625
2001-07-30,22.599512
2001-07-31,22.851339
2001-08-01,22.948822
2001-08-02,22.916328
2001-08-03,23.013809
2001-08-06,22.680746
2001-08-07,22.924452
2001-08-08,22.461412
2001-08-09,22.567019
2001-08-10,22.583265
2001-08-13,22.558895
2001-08-14,22.567019
2001-08-15,22.477659
2001-08-16,22.412674
2001-08-17,22.079611
2001-08-20,22.298944
2001-08-21,22.022745
2001-08-22,22.120228
2001-08-23,22.128351
2001-08-24,22.185215
2001-08-27,21.965881
2001-08-28,21.616571
2001-08-29,21.421608
2001-08-30,21.275387
2001-08-31,21.340374
2001-09-04,21.251015
2001-09-05,21.121040
2001-09-06,20.633631
2001-09-07,20.227457
2001-09-10,20.268076
2001-09-17,19.374493
2001-09-18,19.130789
2001-09-19,18.992689
2001-09-20,18.155972
2001-09-21,17.790415
2001-09-24,18.716492
2001-09-25,19.017059
2001-09-26,19.203899
2001-09-27,19.520716
2001-09-28,20.048740
2001-10-01,19.991877
2001-10-02,20.268076
2001-10-03,20.593014
2001-10-04,20.430544
2001-10-05,19.870024
2001-10-08,19.423233
2001-10-09,19.585703
2001-10-10,19.894396
2001-10-11,20.211210
2001-10-12,19.894396
2001-10-15,19.983753
2001-10-16,20.308693
2001-10-17,20.105604
2001-10-18,20.081236
2001-10-19,19.756296
2001-10-22,20.235580
2001-10-23,20.284323
2001-10-24,20.211210
2001-10-25,20.479284
2001-10-26,20.714867
2001-10-29,19.983753
2001-10-30,19.943136
2001-10-31,19.764420
2001-11-01,20.089357
2001-11-02,20.194963
2001-11-05,20.633631
2001-11-06,20.885460
2001-11-07,20.966694
2001-11-08,21.031681
2001-11-09,20.893581
2001-11-12,20.796101
2001-11-13,21.356621
2001-11-14,21.316004
2001-11-15,21.186028
2001-11-16,21.080421
2001-11-19,21.510967
2001-11-20,21.389114
2001-11-21,21.202274
2001-11-23,21.527214
2001-11-26,21.640942
2001-11-27,21.689684
2001-11-28,21.039804
2001-11-29,21.267262
2001-11-30,21.047930
2001-12-03,20.755484
2001-12-04,21.039804
2001-12-05,21.332251
2001-12-06,21.608448
2001-12-07,21.462227
2001-12-10,21.121040
2001-12-11,21.242891
2001-12-12,21.161657
2001-12-13,20.828594
2001-12-14,20.714867
2001-12-17,20.999187
2001-12-18,21.194151
2001-12-19,21.608448
2001-12-20,21.519091
2001-12-21,21.275387
2001-12-24,21.259138
2001-12-26,21.356621
2001-12-27,21.340374
2001-12-28,21.567831
2001-12-31,21.364744
2002-01-02,21.340374
2002-01-03,21.486595
2002-01-04,21.770918
2002-01-07,21.714054
2002-01-08,21.413485
2002-01-09,21.527214
2002-01-10,21.445978
2002-01-11,21.324127
2002-01-14,21.161657
2002-01-15,21.624695
2002-01-16,21.356621
2002-01-17,21.559708
2002-01-18,21.478474
2002-01-22,21.405361
2002-01-23,21.502844
2002-01-24,21.527214
2002-01-25,21.665314
2002-01-28,21.445978
2002-01-29,20.511780
2002-01-30,20.771730
2002-01-31,21.121040
2002-02-01,20.861090
2002-02-04,20.105604
2002-02-05,20.105604
2002-02-06,19.821283
2002-02-07,20.008123
2002-02-08,20.536148
2002-02-11,20.714867
2002-02-12,20.479284
2002-02-13,20.893581
2002-02-14,20.852964
2002-02-15,20.528027
2002-02-19,19.967506
2002-02-20,20.341187
2002-02-21,20.105604
2002-02-22,19.983753
2002-02-25,20.495531
2002-02-26,20.479284
2002-02-27,20.690496
2002-02-28,20.755484
2002-03-01,21.039804
2002-03-04,21.754671
2002-03-05,21.770918
2002-03-06,22.136475
2002-03-07,21.941511
2002-03-08,22.038994
2002-03-11,22.168968
2002-03-12,22.177092
2002-03-13,21.974005
2002-03-14,22.030869
2002-03-15,22.420795
2002-03-18,22.372055
2002-03-19,22.363932
2002-03-20,22.014622
2002-03-21,22.022745
2002-03-22,22.014622
2002-03-25,21.665314
2002-03-26,21.933388
2002-03-27,22.217709
2002-03-28,22.055241
2002-04-01,22.014622
2002-04-02,22.095858
2002-04-03,21.770918
2002-04-04,21.965881
2002-04-05,22.071487
2002-04-08,22.136475
2002-04-09,22.274574
2002-04-10,22.355808
2002-04-11,21.803411
2002-04-12,22.079611
2002-04-15,21.795288
2002-04-16,22.242081
2002-04-17,22.298944
2002-04-18,22.298944
2002-04-19,22.258327
2002-04-22,21.957758
2002-04-23,21.852154
2002-04-24,21.714054
2002-04-25,21.510967
2002-04-26,21.429731
2002-04-29,21.242891
2002-04-30,21.494720
2002-05-01,21.640942
2002-05-02,21.852154
2002-05-03,21.746548
2002-05-06,21.242891
2002-05-07,21.145411
2002-05-08,21.770918
2002-05-09,21.510967
2002-05-10,21.234768
2002-05-13,21.616571
2002-05-14,21.949635
2002-05-15,21.844028
2002-05-16,22.103981
2002-05-17,22.201462
2002-05-20,21.819658
2002-05-21,21.616571
2002-05-22,21.657188
2002-05-23,21.892771
2002-05-24,21.746548
2002-05-28,21.519091
2002-05-29,21.510967
2002-05-30,21.421608
2002-05-31,21.429731
2002-06-03,21.007311
2002-06-04,20.869211
2002-06-05,21.072298
2002-06-06,20.617384
2002-06-07,20.682371
2002-06-10,20.796101
2002-06-11,20.430544
2002-06-12,20.544273
2002-06-13,20.064987
2002-06-14,20.251827
2002-06-17,21.161657
2002-06-18,21.202274
2002-06-19,20.999187
2002-06-20,20.576767
2002-06-21,20.259951
2002-06-24,20.316816
2002-06-25,20.121853
2002-06-26,19.740049
2002-06-27,20.162470
2002-06-28,20.422421
2002-07-01,20.000000
2002-07-02,19.723803
2002-07-03,19.504469
2002-07-05,20.251827
2002-07-08,20.146223
2002-07-09,19.618196
2002-07-10,18.992689
2002-07-11,19.252640
2002-07-12,18.968319
2002-07-15,18.968319
2002-07-16,18.586515
2002-07-17,18.472786
2002-07-18,17.831032
2002-07-19,17.449228
2002-07-22,16.856215
2002-07-23,15.897644
2002-07-24,16.856215
2002-07-25,16.734362
2002-07-26,17.246141
2002-07-29,18.399675
2002-07-30,18.440292
2002-07-31,18.724613
2002-08-01,18.261576
2002-08-02,17.798538
2002-08-05,17.099918
2002-08-06,17.660439
2002-08-07,17.887896
2002-08-08,18.822096
2002-08-09,18.984566
2002-08-12,18.773355
2002-08-13,18.326565
2002-08-14,19.057676
2002-08-15,19.293259
2002-08-16,19.155157
2002-08-19,19.642567
2002-08-20,19.374493
2002-08-21,19.415110
2002-08-22,19.642567
2002-08-23,19.228270
2002-08-26,19.512590
2002-08-27,19.333876
2002-08-28,19.017059
2002-08-29,19.033306
2002-08-30,19.073923
2002-09-03,18.139725
2002-09-04,18.480909
2002-09-05,18.204712
2002-09-06,18.480909
2002-09-09,18.773355
2002-09-10,18.659626
2002-09-11,18.554022
2002-09-12,18.034119
2002-09-13,18.172218
2002-09-16,18.131599
2002-09-17,17.741673
2002-09-18,17.595451
2002-09-19,16.986191
2002-09-20,16.815598
2002-09-23,16.823721
2002-09-24,16.498781
2002-09-25,16.823721
2002-09-26,17.311129
2002-09-27,16.774981
2002-09-30,16.791227
2002-10-01,17.506092
2002-10-02,16.807474
2002-10-03,16.133224
2002-10-04,15.686434
2002-10-07,15.190902
2002-10-08,15.775792
2002-10-09,15.109667
2002-10-10,15.905768
2002-10-11,16.742485
2002-10-14,16.864338
2002-10-15,18.074736
2002-10-16,17.749798
2002-10-17,18.277822
2002-10-18,18.261576
2002-10-21,18.562145
2002-10-22,18.391552
2002-10-23,18.399675
2002-10-24,18.066612
2002-10-25,18.521526
2002-10-28,18.472786
2002-10-29,18.269699
2002-10-30,18.472786
2002-10-31,18.326565
2002-11-01,18.586515
2002-11-04,18.740862
2002-11-05,18.805849
2002-11-06,18.846466
2002-11-07,18.164095
2002-11-08,18.066612
2002-11-11,17.871649
2002-11-12,18.058489
2002-11-13,17.969131
2002-11-14,18.513405
2002-11-15,18.683996
2002-11-18,18.359058
2002-11-19,18.367182
2002-11-20,18.830219
2002-11-21,19.277012
2002-11-22,19.147036
2002-11-25,19.114540
2002-11-26,18.594639
2002-11-27,19.171406
2002-11-29,19.008936
2002-12-02,19.008936
2002-12-03,18.732738
2002-12-04,18.732738
2002-12-05,18.407799
2002-12-06,18.554022
2002-12-09,18.196589
2002-12-10,18.472786
2002-12-11,18.489033
2002-12-12,18.407799
2002-12-13,18.196589
2002-12-16,18.716492
2002-12-17,18.627132
2002-12-18,18.277822
2002-12-19,18.115353
2002-12-20,18.399675
2002-12-23,18.359058
2002-12-24,18.196589
2002-12-26,18.139725
2002-12-27,17.806662
2002-12-30,17.936638
2002-12-31,17.871649
2003-01-02,18.521526
2003-01-03,18.505280
2003-01-06,19.130789
2003-01-07,18.919579
2003-01-08,18.724613
2003-01-09,19.098293
2003-01-10,19.090172
2003-01-13,19.147036
2003-01-14,19.293259
2003-01-15,19.008936
2003-01-16,18.822096
2003-01-17,18.765232
2003-01-21,18.456539
2003-01-22,18.164095
2003-01-23,18.440292
2003-01-24,17.733549
2003-01-27,17.465475
2003-01-28,17.717302
2003-01-29,17.749798
2003-01-30,17.303005
2003-01-31,17.644192
2003-02-03,17.684809
2003-02-04,17.262388
2003-02-05,17.099918
2003-02-06,16.896832
2003-02-07,16.783104
2003-02-10,16.896832
2003-02-11,16.661251
2003-02-12,16.450041
2003-02-13,16.571894
2003-02-14,16.945574
2003-02-18,17.213648
2003-02-19,17.173031
2003-02-20,17.010561
2003-02-21,17.262388
2003-02-24,16.807474
2003-02-25,16.969942
2003-02-26,16.774981
2003-02-27,17.018684
2003-02-28,17.099918
2003-03-03,16.913078
2003-03-04,16.669374
2003-03-05,16.904955
2003-03-06,16.669374
2003-03-07,16.815598
2003-03-10,16.206335
2003-03-11,15.938262
2003-03-12,15.962632
2003-03-13,16.645004
2003-03-14,16.718115
2003-03-17,17.229895
2003-03-18,17.327375
2003-03-19,17.579205
2003-03-20,17.603575
2003-03-21,17.969131
2003-03-24,17.343622
2003-03-25,17.473598
2003-03-26,17.392365
2003-03-27,17.286758
2003-03-28,17.270512
2003-03-31,16.864338
2003-04-01,17.311129
2003-04-02,17.766045
2003-04-03,17.684809
2003-04-04,17.863525
2003-04-07,17.928513
2003-04-08,17.928513
2003-04-09,17.676685
2003-04-10,17.822908
2003-04-11,17.814785
2003-04-14,18.172218
2003-04-15,18.480909
2003-04-16,18.229082
2003-04-17,18.554022
2003-04-21,18.489033
2003-04-22,19.057676
2003-04-23,19.195776
2003-04-24,18.797726
2003-04-25,18.594639
2003-04-28,18.919579
2003-04-29,18.943949
2003-04-30,18.984566
2003-05-01,18.976442
2003-05-02,19.277012
2003-05-05,19.195776
2003-05-06,19.341997
2003-05-07,19.220146
2003-05-08,19.000813
2003-05-09,19.122665
2003-05-12,19.341997
2003-05-13,19.285133
2003-05-14,19.277012
2003-05-15,19.471973
2003-05-16,19.520716
2003-05-19,18.992689
2003-05-20,19.008936
2003-05-21,19.049553
2003-05-22,19.106419
2003-05-23,19.179529
2003-05-27,19.528837
2003-05-28,19.764420
2003-05-29,19.553209
2003-05-30,19.951260
2003-06-02,20.129976
2003-06-03,20.243704
2003-06-04,20.536148
2003-06-05,20.666124
2003-06-06,20.649878
2003-06-09,20.219334
2003-06-10,20.389927
2003-06-11,20.698620
2003-06-12,20.658003
2003-06-13,20.584890
2003-06-16,21.088547
2003-06-17,21.080421
2003-06-18,20.877335
2003-06-19,20.381804
2003-06-20,20.349310
2003-06-23,20.032494
2003-06-24,20.146223
2003-06-25,20.016247
2003-06-26,20.186840
2003-06-27,20.016247
2003-06-30,19.943136
2003-07-01,20.178717
2003-07-02,20.430544
2003-07-03,20.333063
2003-07-07,20.682371
2003-07-08,20.820471
2003-07-09,20.787977
2003-07-10,20.487410
2003-07-11,20.771730
2003-07-14,21.161657
2003-07-15,21.047930
2003-07-16,20.942324
2003-07-17,20.593014
2003-07-18,20.844843
2003-07-21,20.601137
2003-07-22,20.804224
2003-07-23,20.739237
2003-07-24,20.649878
2003-07-25,21.137287
2003-07-28,21.056051
2003-07-29,20.828594
2003-07-30,20.836718
2003-07-31,20.812347
2003-08-01,20.406174
2003-08-04,20.430544
2003-08-05,20.097483
2003-08-06,20.373680
2003-08-07,20.471163
2003-08-08,20.568644
2003-08-11,20.528027
2003-08-12,20.771730
2003-08-13,20.617384
2003-08-14,20.812347
2003-08-15,20.796101
2003-08-18,20.820471
2003-08-19,20.796101
2003-08-20,20.747360
2003-08-21,20.747360
2003-08-22,20.349310
2003-08-25,20.422421
2003-08-26,20.463037
2003-08-27,20.381804
2003-08-28,20.471163
2003-08-29,20.568644
2003-09-02,20.934200
2003-09-03,20.974817
2003-09-04,20.885460
2003-09-05,20.787977
2003-09-08,20.991064
2003-09-09,20.885460
2003-09-10,20.544273
2003-09-11,20.633631
2003-09-12,20.666124
2003-09-15,20.666124
2003-09-16,20.909828
2003-09-17,20.942324
2003-09-18,21.445978
2003-09-19,21.299755
2003-09-22,20.991064
2003-09-23,21.137287
2003-09-24,20.771730
2003-09-25,20.674250
2003-09-26,20.560520
2003-09-29,20.779854
2003-09-30,20.641754
2003-10-01,21.161657
2003-10-02,21.202274
2003-10-03,21.364744
2003-10-06,21.462227
2003-10-07,21.592201
2003-10-08,21.559708
2003-10-09,21.616571
2003-10-10,21.616571
2003-10-13,21.957758
2003-10-14,22.087734
2003-10-15,22.030869
2003-10-16,22.055241
2003-10-17,21.860275
2003-10-20,21.868401
2003-10-21,21.860275
2003-10-22,21.551584
2003-10-23,21.697807
2003-10-24,21.673435
2003-10-27,21.673435
2003-10-28,21.949635
2003-10-29,21.982128
2003-10-30,22.014622
2003-10-31,22.071487
2003-11-03,22.307068
2003-11-04,22.193338
2003-11-05,22.144598
2003-11-06,22.250202
2003-11-07,22.014622
2003-11-10,22.038994
2003-11-11,21.965881
2003-11-12,22.136475
2003-11-13,22.063362
2003-11-14,21.779041
2003-11-17,21.722178
2003-11-18,21.470348
2003-11-19,21.632818
2003-11-20,21.445978
2003-11-21,21.567831
2003-11-24,21.770918
2003-11-25,21.892771
2003-11-26,22.022745
2003-11-28,21.990252
2003-12-01,22.242081
2003-12-02,22.177092
2003-12-03,22.136475
2003-12-04,22.193338
2003-12-05,22.014622
2003-12-08,22.217709
2003-12-09,22.022745
2003-12-10,21.900894
2003-12-11,22.152721
2003-12-12,22.217709
2003-12-15,22.160845
2003-12-16,22.355808
2003-12-17,22.274574
2003-12-18,22.469538
2003-12-19,22.404549
2003-12-22,22.526402
2003-12-23,22.558895
2003-12-24,22.558895
2003-12-26,22.550772
2003-12-29,22.859465
2003-12-30,22.908205
2003-12-31,22.851339
2004-01-02,22.818846
2004-01-05,23.005686
2004-01-06,22.997562
2004-01-07,23.013809
2004-01-08,23.095045
2004-01-09,23.013809
2004-01-12,23.111292
2004-01-13,22.997562
2004-01-14,23.176279
2004-01-15,23.371243
2004-01-16,23.444353
2004-01-20,23.411860
2004-01-21,23.761169
2004-01-22,23.761169
2004-01-23,23.647442
2004-01-26,23.972380
2004-01-27,23.809912
2004-01-28,23.387489
2004-01-29,23.582453
2004-01-30,23.598700
2004-02-02,23.736799
2004-02-03,23.761169
2004-02-04,23.566206
2004-02-05,23.558083
2004-02-06,23.956133
2004-02-09,23.858652
2004-02-10,23.931763
2004-02-11,24.297319
2004-02-12,24.256702
2004-02-13,24.207960
2004-02-17,24.386677
2004-02-18,24.256702
2004-02-19,24.248577
2004-02-20,24.183592
2004-02-23,24.183592
2004-02-24,24.086109
2004-02-25,24.191713
2004-02-26,24.216084
2004-02-27,24.272949
2004-03-01,24.443542
2004-03-02,24.321690
2004-03-03,24.467913
2004-03-04,24.532900
2004-03-05,24.744110
2004-03-08,24.614136
2004-03-09,24.451666
2004-03-10,24.061737
2004-03-11,23.671812
2004-03-12,24.021120
2004-03-15,23.671812
2004-03-16,23.891146
2004-03-17,24.167343
2004-03-18,24.175467
2004-03-19,23.801786
2004-03-22,23.493095
2004-03-23,23.484972
2004-03-24,23.306255
2004-03-25,23.549959
2004-03-26,23.533712
2004-03-29,23.834282
2004-03-30,23.996752
2004-03-31,23.883022
2004-04-01,24.134850
2004-04-02,24.045490
2004-04-05,24.110479
2004-04-06,24.094233
2004-04-07,24.029245
2004-04-08,23.988626
2004-04-12,24.134850
2004-04-13,23.623072
2004-04-14,23.338749
2004-04-15,23.200649
2004-04-16,23.452478
2004-04-19,23.411860
2004-04-20,22.981316
2004-04-21,22.973192
2004-04-22,23.371243
2004-04-23,23.249392
2004-04-26,23.200649
2004-04-27,23.257515
2004-04-28,22.924452
2004-04-29,22.851339
2004-04-30,22.843218
2004-05-03,22.997562
2004-05-04,23.070675
2004-05-05,23.046305
2004-05-06,22.794476
2004-05-07,22.307068
2004-05-10,22.120228
2004-05-11,22.233955
2004-05-12,22.485785
2004-05-13,22.526402
2004-05-14,22.542648
2004-05-17,22.250202
2004-05-18,22.428921
2004-05-19,22.445168
2004-05-20,22.526402
2004-05-21,22.664499
2004-05-24,22.696995
2004-05-25,23.021933
2004-05-26,23.160032
2004-05-27,23.216896
2004-05-28,23.233145
2004-06-01,23.143785
2004-06-02,23.257515
2004-06-03,23.070675
2004-06-04,23.265638
2004-06-07,23.598700
2004-06-08,23.566206
2004-06-09,23.322502
2004-06-10,23.436232
2004-06-14,23.111292
2004-06-15,23.200649
2004-06-16,23.241266
2004-06-17,23.257515
2004-06-18,23.168156
2004-06-21,23.095045
2004-06-22,23.208773
2004-06-23,23.265638
2004-06-24,23.314379
2004-06-25,23.233145
2004-06-28,23.216896
2004-06-29,23.119415
2004-06-30,23.216896
2004-07-01,23.054426
2004-07-02,23.119415
2004-07-06,22.956945
2004-07-07,22.908205
2004-07-08,22.737612
2004-07-09,22.737612
2004-07-12,22.843218
2004-07-13,22.867586
2004-07-14,22.761982
2004-07-15,22.550772
2004-07-16,22.558895
2004-07-19,22.591389
2004-07-20,22.705118
2004-07-21,22.477659
2004-07-22,22.502031
2004-07-23,22.388302
2004-07-26,22.396425
2004-07-27,22.583265
2004-07-28,22.656378
2004-07-29,22.753859
2004-07-30,22.721365
2004-08-02,22.859465
2004-08-03,22.721365
2004-08-04,22.778229
2004-08-05,22.404549
2004-08-06,22.209585
2004-08-09,22.185215
2004-08-10,22.493908
2004-08-11,22.558895
2004-08-12,22.323315
2004-08-13,22.347685
2004-08-16,22.688871
2004-08-17,22.818846
2004-08-18,23.095045
2004-08-19,22.997562
2004-08-20,23.233145
2004-08-23,23.151909
2004-08-24,23.192526
2004-08-25,23.395613
2004-08-26,23.452478
2004-08-27,23.476849
2004-08-30,23.338749
2004-08-31,23.460602
2004-09-01,23.371243
2004-09-02,23.631193
2004-09-03,23.623072
2004-09-07,23.907393
2004-09-08,23.728676
2004-09-09,23.704306
2004-09-10,23.818033
2004-09-13,23.753046
2004-09-14,23.785540
2004-09-15,23.696182
2004-09-16,23.818033
2004-09-17,23.744923
2004-09-20,23.501219
2004-09-21,23.696182
2004-09-22,23.265638
2004-09-23,23.030058
2004-09-24,23.119415
2004-09-27,23.005686
2004-09-28,23.095045
2004-09-29,23.176279
2004-09-30,23.119415
2004-10-01,23.509342
2004-10-04,23.541836
2004-10-05,23.411860
2004-10-06,23.582453
2004-10-07,23.517466
2004-10-08,23.436232
2004-10-11,23.501219
2004-10-12,23.484972
2004-10-13,23.330626
2004-10-14,22.761982
2004-10-15,22.794476
2004-10-18,22.891958
2004-10-19,22.510155
2004-10-20,22.396425
2004-10-21,22.380178
2004-10-22,22.258327
2004-10-25,22.250202
2004-10-26,22.745735
2004-10-27,23.086922
2004-10-28,23.208773
2004-10-29,23.241266
2004-11-01,23.314379
2004-11-02,23.411860
2004-11-03,23.549959
2004-11-04,23.948009
2004-11-05,23.899269
2004-11-08,23.866776
2004-11-09,23.842405
2004-11-10,23.907393
2004-11-11,24.134850
2004-11-12,24.232330
2004-11-15,24.305443
2004-11-16,24.102356
2004-11-17,24.159220
2004-11-18,24.102356
2004-11-19,23.793665
2004-11-22,23.931763
2004-11-23,23.988626
2004-11-24,24.086109
2004-11-26,24.102356
2004-11-29,23.988626
2004-11-30,23.964256
2004-12-01,24.435417
2004-12-02,24.394800
2004-12-03,24.386677
2004-12-06,24.370432
2004-12-07,24.167343
2004-12-08,24.232330
2004-12-09,24.362307
2004-12-10,24.402924
2004-12-13,24.565393
2004-12-14,24.646629
2004-12-15,24.776604
2004-12-16,24.606010
2004-12-17,24.378553
2004-12-20,24.337936
2004-12-21,24.654753
2004-12-22,24.792850
2004-12-23,24.841593
2004-12-27,24.711617
2004-12-28,24.825344
2004-12-29,24.768480
2004-12-30,24.800976
2004-12-31,24.800976
2005-01-03,24.711617
2005-01-04,24.476036
2005-01-05,24.435417
2005-01-06,24.557270
2005-01-07,24.427296
2005-01-10,24.451666
2005-01-11,24.346060
2005-01-12,24.313566
2005-01-13,24.077986
2005-01-14,24.159220
2005-01-18,24.541023
2005-01-19,24.297319
2005-01-20,24.118603
2005-01-21,23.996752
2005-01-24,24.004873
2005-01-25,24.021120
2005-01-26,24.134850
2005-01-27,24.012999
2005-01-28,23.980503
2005-01-31,24.264826
2005-02-01,24.524776
2005-02-02,24.524776
2005-02-03,24.411049
2005-02-04,24.703493
2005-02-07,24.727863
2005-02-08,24.630383
2005-02-09,24.565393
2005-02-10,24.638506
2005-02-11,24.833469
2005-02-14,24.792850
2005-02-15,24.849716
2005-02-16,24.679123
2005-02-17,24.459789
2005-02-18,24.199839
2005-02-22,23.842405
2005-02-23,24.061737
2005-02-24,24.094233
2005-02-25,24.337936
2005-02-28,24.102356
2005-03-01,24.337936
2005-03-02,24.264826
2005-03-03,24.224209
2005-03-04,24.532900
2005-03-07,24.532900
2005-03-08,24.492283
2005-03-09,24.191713
2005-03-10,24.329813
2005-03-11,24.118603
2005-03-14,24.248577
2005-03-15,24.086109
2005-03-16,23.842405
2005-03-17,23.777416
2005-03-18,23.533712
2005-03-21,23.322502
2005-03-22,22.891958
2005-03-23,22.940699
2005-03-24,22.826969
2005-03-28,22.989439
2005-03-29,22.908205
2005-03-30,23.192526
2005-03-31,23.062551
2005-04-01,22.745735
2005-04-04,22.908205
2005-04-05,22.973192
2005-04-06,23.127539
2005-04-07,23.216896
2005-04-08,23.005686
2005-04-11,23.054426
2005-04-12,23.371243
2005-04-13,23.030058
2005-04-14,22.770105
2005-04-15,22.526402
2005-04-18,22.713242
2005-04-19,22.745735
2005-04-20,22.461412
2005-04-21,22.591389
2005-04-22,22.534525
2005-04-25,22.818846
2005-04-26,22.688871
2005-04-27,23.005686
2005-04-28,22.753859
2005-04-29,23.103168
2005-05-02,23.160032
2005-05-03,23.184402
2005-05-04,23.631193
2005-05-05,23.525589
2005-05-06,23.354996
2005-05-09,23.558083
2005-05-10,23.249392
2005-05-11,23.354996
2005-05-12,23.135662
2005-05-13,22.932575
2005-05-16,23.338749
2005-05-17,23.484972
2005-05-18,23.761169
2005-05-19,23.785540
2005-05-20,23.761169
2005-05-23,23.793665
2005-05-24,23.712429
2005-05-25,23.631193
2005-05-26,23.785540
2005-05-27,23.826159
2005-05-31,23.785540
2005-06-01,23.972380
2005-06-02,23.907393
2005-06-03,23.785540
2005-06-06,23.842405
2005-06-07,23.826159
2005-06-08,23.842405
2005-06-09,23.915516
2005-06-10,23.842405
2005-06-13,23.842405
2005-06-14,23.907393
2005-06-15,23.964256
2005-06-16,24.086109
2005-06-17,24.069862
2005-06-20,24.012999
2005-06-21,24.102356
2005-06-22,24.069862
2005-06-23,23.850529
2005-06-24,23.809912
2005-06-27,23.801786
2005-06-28,23.980503
2005-06-29,24.094233
2005-06-30,23.939886
2005-07-01,23.964256
2005-07-05,24.159220
2005-07-06,23.980503
2005-07-07,24.029245
2005-07-08,24.272949
2005-07-11,24.378553
2005-07-12,24.378553
2005-07-13,24.484159
2005-07-14,24.606010
2005-07-15,24.671000
2005-07-18,24.411049
2005-07-19,24.402924
2005-07-20,24.492283
2005-07-21,24.362307
2005-07-22,24.492283
2005-07-25,24.394800
2005-07-26,24.427296
2005-07-27,24.459789
2005-07-28,24.532900
2005-07-29,24.313566
2005-08-01,24.313566
2005-08-02,24.492283
2005-08-03,24.524776
2005-08-04,24.354183
2005-08-05,24.077986
2005-08-08,23.980503
2005-08-09,24.134850
2005-08-10,24.110479
2005-08-11,24.199839
2005-08-12,24.134850
2005-08-15,24.248577
2005-08-16,24.086109
2005-08-17,24.142973
2005-08-18,24.126726
2005-08-19,24.167343
2005-08-22,24.232330
2005-08-23,24.077986
2005-08-24,23.801786
2005-08-25,23.923639
2005-08-26,23.671812
2005-08-29,23.858652
2005-08-30,23.647442
2005-08-31,23.915516
2005-09-01,23.972380
2005-09-02,23.956133
2005-09-06,24.248577
2005-09-07,24.191713
2005-09-08,24.053616
2005-09-09,24.264826
2005-09-12,24.337936
2005-09-13,24.134850
2005-09-14,24.110479
2005-09-15,24.126726
2005-09-16,24.329813
2005-09-19,24.110479
2005-09-20,23.980503
2005-09-21,23.582453
2005-09-22,23.761169
2005-09-23,23.842405
2005-09-26,23.712429
2005-09-27,23.793665
2005-09-28,23.598700
2005-09-29,24.037369
2005-09-30,23.980503
2005-10-03,23.923639
2005-10-04,23.623072
2005-10-05,23.525589
2005-10-06,23.590576
2005-10-07,23.671812
2005-10-10,23.419985
2005-10-11,23.346872
2005-10-12,23.241266
2005-10-13,23.354996
2005-10-14,23.614946
2005-10-17,23.639318
2005-10-18,23.452478
2005-10-19,23.923639
2005-10-20,23.712429
2005-10-21,23.850529
2005-10-24,24.321690
2005-10-25,24.183592
2005-10-26,24.346060
2005-10-27,24.207960
2005-10-28,24.622257
2005-10-31,24.711617
2005-11-01,24.622257
2005-11-02,24.825344
2005-11-03,24.841593
2005-11-04,24.882210
2005-11-07,25.093420
2005-11-08,25.020309
2005-11-09,25.085297
2005-11-10,25.588951
2005-11-11,25.678310
2005-11-14,25.694557
2005-11-15,25.458977
2005-11-16,25.320877
2005-11-17,25.621447
2005-11-18,25.751423
2005-11-21,25.873274
2005-11-22,26.100731
2005-11-23,26.303818
2005-11-25,26.360682
2005-11-28,26.238831
2005-11-29,26.222584
2005-11-30,25.889521
2005-12-01,26.027620
2005-12-02,26.084484
2005-12-05,26.035744
2005-12-06,25.954510
2005-12-07,25.743298
2005-12-08,25.727051
2005-12-09,25.913891
2005-12-12,25.800161
2005-12-13,26.133224
2005-12-14,26.230707
2005-12-15,26.084484
2005-12-16,25.978880
2005-12-19,25.751423
2005-12-20,25.865150
2005-12-21,25.938263
2005-12-22,26.116978
2005-12-23,26.149471
2005-12-27,25.946384
2005-12-28,25.889521
2005-12-29,25.865150
2005-12-30,25.727051
2006-01-03,26.157595
2006-01-04,26.133224
2006-01-05,26.222584
2006-01-06,26.376928
2006-01-09,26.450041
2006-01-10,26.474411
2006-01-11,26.620634
2006-01-12,26.433794
2006-01-13,26.417547
2006-01-17,26.141348
2006-01-18,26.068237
2006-01-19,25.987001
2006-01-20,25.442730
2006-01-23,25.507717
2006-01-24,25.621447
2006-01-25,25.670187
2006-01-26,26.108854
2006-01-27,26.133224
2006-01-30,26.051991
2006-01-31,25.954510
2006-02-01,25.938263
2006-02-02,25.759544
2006-02-03,25.653940
2006-02-06,25.727051
2006-02-07,25.556458
2006-02-08,25.718927
2006-02-09,25.783916
2006-02-10,25.930138
2006-02-13,25.832657
2006-02-14,26.141348
2006-02-15,26.295694
2006-02-16,26.450041
2006-02-17,26.344435
2006-02-21,26.263201
2006-02-22,26.758734
2006-02-23,26.661251
2006-02-24,26.718115
2006-02-27,26.766855
2006-02-28,26.506905
2006-03-01,26.645004
2006-03-02,26.482534
2006-03-03,26.417547
2006-03-06,26.336311
2006-03-07,26.425671
2006-03-08,26.441917
2006-03-09,26.279448
2006-03-10,26.515028
2006-03-13,26.523151
2006-03-14,26.831844
2006-03-15,26.864338
2006-03-16,26.953695
2006-03-17,26.888708
2006-03-20,26.904955
2006-03-21,26.636881
2006-03-22,26.848091
2006-03-23,26.718115
2006-03-24,26.709991
2006-03-27,26.693745
2006-03-28,26.474411
2006-03-29,26.596264
2006-03-30,26.433794
2006-03-31,26.441917
2006-04-03,26.482534
2006-04-04,26.766855
2006-04-05,26.815598
2006-04-06,26.718115
2006-04-07,26.466288
2006-04-10,26.515028
2006-04-11,26.287571
2006-04-12,26.344435
2006-04-13,26.385054
2006-04-17,26.360682
2006-04-18,26.848091
2006-04-19,26.880585
2006-04-20,26.937449
2006-04-21,26.904955
2006-04-24,26.913078
2006-04-25,26.750608
2006-04-26,26.904955
2006-04-27,27.327375
2006-04-28,27.587326
2006-05-01,27.156782
2006-05-02,27.327375
2006-05-03,27.303005
2006-05-04,27.359871
2006-05-05,27.749798
2006-05-08,27.636068
2006-05-09,27.684809
2006-05-10,27.701056
2006-05-11,27.246141
2006-05-12,26.969942
2006-05-15,27.156782
2006-05-16,27.124289
2006-05-17,26.580015
2006-05-18,26.344435
2006-05-19,26.482534
2006-05-22,26.417547
2006-05-23,26.287571
2006-05-24,26.303818
2006-05-25,26.539398
2006-05-26,26.758734
2006-05-30,26.360682
2006-05-31,26.547522
2006-06-01,26.856215
2006-06-02,27.010561
2006-06-05,26.571894
2006-06-06,26.506905
2006-06-07,26.596264
2006-06-08,26.645004
2006-06-09,26.555647
2006-06-12,26.263201
2006-06-13,25.751423
2006-06-14,25.597076
2006-06-15,26.165718
2006-06-16,25.848904
2006-06-19,25.670187
2006-06-20,25.743298
2006-06-21,25.954510
2006-06-22,25.857027
2006-06-23,25.686434
2006-06-26,25.913891
2006-06-27,25.662064
2006-06-28,25.800161
2006-06-29,26.344435
2006-06-30,26.271324
2006-07-03,26.580015
2006-07-05,26.328188
2006-07-06,26.409424
2006-07-07,26.279448
2006-07-10,26.458164
2006-07-11,26.466288
2006-07-12,26.206335
2006-07-13,25.792040
2006-07-14,25.686434
2006-07-17,25.735174
2006-07-18,25.792040
2006-07-19,26.474411
2006-07-20,26.368807
2006-07-21,26.222584
2006-07-24,26.563768
2006-07-25,26.628757
2006-07-26,26.596264
2006-07-27,26.441917
2006-07-28,26.913078
2006-07-31,26.872461
2006-08-01,26.791227
2006-08-02,26.839968
2006-08-03,26.953695
2006-08-04,27.010561
2006-08-07,26.953695
2006-08-08,26.758734
2006-08-09,26.441917
2006-08-10,26.571894
2006-08-11,26.490658
2006-08-14,26.523151
2006-08-15,26.969942
2006-08-16,27.116165
2006-08-17,27.205524
2006-08-18,27.246141
2006-08-21,27.140535
2006-08-22,27.132414
2006-08-23,27.051178
2006-08-24,27.140535
2006-08-25,26.994314
2006-08-28,27.189278
2006-08-29,27.075548
2006-08-30,27.156782
2006-08-31,27.189278
2006-09-01,27.229895
2006-09-05,27.327375
2006-09-06,27.238018
2006-09-07,27.026808
2006-09-08,27.181154
2006-09-11,27.197399
2006-09-12,27.546709
2006-09-13,27.749798
2006-09-14,27.814785
2006-09-15,27.741673
2006-09-18,27.709181
2006-09-19,27.757919
2006-09-20,27.944759
2006-09-21,27.749798
2006-09-22,27.798538
2006-09-25,28.082859
2006-09-26,28.237206
2006-09-27,28.107229
2006-09-28,28.204712
2006-09-29,28.123478
2006-10-02,28.058489
2006-10-03,28.334686
2006-10-04,28.675873
2006-10-05,28.659626
2006-10-06,28.562145
2006-10-09,28.643379
2006-10-10,28.643379
2006-10-11,28.570269
2006-10-12,28.724613
2006-10-13,28.830219
2006-10-16,28.675873
2006-10-17,28.675873
2006-10-18,28.757109
2006-10-19,28.570269
2006-10-20,28.537773
2006-10-23,28.724613
2006-10-24,28.716492
2006-10-25,28.838343
2006-10-26,29.041430
2006-10-27,28.822096
2006-10-30,28.830219
2006-10-31,28.781479
2006-11-01,28.602762
2006-11-02,28.521526
2006-11-03,28.521526
2006-11-06,28.854589
2006-11-07,28.919579
2006-11-08,29.041430
2006-11-09,28.846466
2006-11-10,29.082047
2006-11-13,29.049553
2006-11-14,29.220146
2006-11-15,29.179529
2006-11-16,29.463852
2006-11-17,29.244516
2006-11-20,29.431356
2006-11-21,29.382616
2006-11-22,29.415110
2006-11-24,29.268887
2006-11-27,28.813972
2006-11-28,28.862713
2006-11-29,29.041430
2006-11-30,28.984566
2006-12-01,28.813972
2006-12-04,29.220146
2006-12-05,29.358246
2006-12-06,29.398863
2006-12-07,29.325750
2006-12-08,29.415110
2006-12-11,29.577579
2006-12-12,29.601950
2006-12-13,29.634443
2006-12-14,29.886271
2006-12-15,29.731924
2006-12-18,29.878147
2006-12-19,29.853777
2006-12-20,29.951260
2006-12-21,29.821283
2006-12-22,29.675060
2006-12-26,29.943136
2006-12-27,30.154346
2006-12-28,30.016247
2006-12-29,29.845654
2007-01-03,29.991877
2007-01-04,29.894396
2007-01-05,29.658813
2007-01-08,29.788790
2007-01-09,29.740049
2007-01-10,29.837530
2007-01-11,30.024370
2007-01-12,30.056864
2007-01-16,30.138100
2007-01-17,30.056864
2007-01-18,29.935013
2007-01-19,30.024370
2007-01-22,30.000000
2007-01-23,29.983753
2007-01-24,30.292444
2007-01-25,29.853777
2007-01-26,29.910643
2007-01-29,29.764420
2007-01-30,29.878147
2007-01-31,30.121853
2007-02-01,30.316816
2007-02-02,30.373680
2007-02-05,30.365557
2007-02-06,30.503656
2007-02-07,30.617384
2007-02-08,30.519903
2007-02-09,30.194963
2007-02-12,30.121853
2007-02-13,30.341187
2007-02-14,30.633631
2007-02-15,30.682371
2007-02-16,30.674250
2007-02-20,30.836718
2007-02-21,30.706741
2007-02-22,30.584890
2007-02-23,30.300570
2007-02-26,30.081236
2007-02-27,28.675873
2007-02-28,29.203899
2007-03-01,29.171406
2007-03-02,28.838343
2007-03-05,28.383429
2007-03-06,28.976442
2007-03-07,28.805849
2007-03-08,29.065800
2007-03-09,29.138910
2007-03-12,29.138910
2007-03-13,28.269699
2007-03-14,28.334686
2007-03-15,28.675873
2007-03-16,28.448416
2007-03-19,28.635256
2007-03-20,28.895206
2007-03-21,29.553209
2007-03-22,29.374493
2007-03-23,29.406986
2007-03-26,29.260763
2007-03-27,29.082047
2007-03-28,28.716492
2007-03-29,28.862713
2007-03-30,28.943949
2007-04-02,28.675873
2007-04-03,29.033306
2007-04-04,29.033306
2007-04-05,29.049553
2007-04-09,29.041430
2007-04-10,29.171406
2007-04-11,28.927702
2007-04-12,28.878960
2007-04-13,29.000813
2007-04-16,29.707556
2007-04-17,29.699430
2007-04-18,30.040617
2007-04-19,30.000000
2007-04-20,30.154346
2007-04-23,30.073111
2007-04-24,29.983753
2007-04-25,30.389927
2007-04-26,30.341187
2007-04-27,30.300570
2007-04-30,30.064987
2007-05-01,30.121853
2007-05-02,30.251827
2007-05-03,30.536148
2007-05-04,30.641754
2007-05-07,30.682371
2007-05-08,30.617384
2007-05-09,30.779854
2007-05-10,30.341187
2007-05-11,30.666124
2007-05-14,30.519903
2007-05-15,30.446791
2007-05-16,30.796101
2007-05-17,30.641754
2007-05-18,30.722988
2007-05-21,30.755484
2007-05-22,30.779854
2007-05-23,30.755484
2007-05-24,30.479284
2007-05-25,30.536148
2007-05-29,30.666124
2007-05-30,30.877335
2007-05-31,30.787977
2007-06-01,30.885460
2007-06-04,30.844843
2007-06-05,30.658003
2007-06-06,30.398050
2007-06-07,29.886271
2007-06-08,30.235580
2007-06-11,30.373680
2007-06-12,29.959383
2007-06-13,30.528027
2007-06-14,30.479284
2007-06-15,30.422421
2007-06-18,30.414297
2007-06-19,30.544273
2007-06-20,30.008123
2007-06-21,30.056864
2007-06-22,29.675060
2007-06-25,29.439480
2007-06-26,29.163282
2007-06-27,29.601950
2007-06-28,29.553209
2007-06-29,29.390739
2007-07-02,29.642567
2007-07-03,29.902517
2007-07-05,29.650690
2007-07-06,29.796913
2007-07-09,29.675060
2007-07-10,29.049553
2007-07-11,29.147036
2007-07-12,29.683184
2007-07-13,29.796913
2007-07-16,29.691307
2007-07-17,29.788790
2007-07-18,29.406986
2007-07-19,29.309504
2007-07-20,28.797726
2007-07-23,28.781479
2007-07-24,28.058489
2007-07-25,28.188465
2007-07-26,27.522341
2007-07-27,27.091795
2007-07-30,27.603575
2007-07-31,26.726238
2007-08-01,27.026808
2007-08-02,27.205524
2007-08-03,26.043867
2007-08-06,27.376118
2007-08-07,27.571079
2007-08-08,28.229082
2007-08-09,27.213648
2007-08-10,27.091795
2007-08-13,26.848091
2007-08-14,26.376928
2007-08-15,26.141348
2007-08-16,26.929325
2007-08-17,28.025995
2007-08-20,27.652315
2007-08-21,27.847279
2007-08-22,27.920389
2007-08-23,27.961006
2007-08-24,28.058489
2007-08-27,27.733549
2007-08-28,26.904955
2007-08-29,27.229895
2007-08-30,27.059301
2007-08-31,27.416735
2007-09-04,27.627945
2007-09-05,27.294882
2007-09-06,27.091795
2007-09-07,26.815598
2007-09-10,26.726238
2007-09-11,27.002438
2007-09-12,27.059301
2007-09-13,27.506092
2007-09-14,27.603575
2007-09-17,27.343622
2007-09-18,28.375305
2007-09-19,28.554022
2007-09-20,28.204712
2007-09-21,28.107229
2007-09-24,27.717302
2007-09-25,27.660439
2007-09-26,27.668562
2007-09-27,27.993502
2007-09-28,27.879772
2007-10-01,28.407799
2007-10-02,28.732738
2007-10-03,28.667749
2007-10-04,28.838343
2007-10-05,29.155157
2007-10-08,28.757109
2007-10-09,29.000813
2007-10-10,28.838343
2007-10-11,28.683996
2007-10-12,28.870836
2007-10-15,28.285946
2007-10-16,27.757919
2007-10-17,27.741673
2007-10-18,27.392365
2007-10-19,26.482534
2007-10-22,26.807474
2007-10-23,26.953695
2007-10-24,26.750608
2007-10-25,26.726238
2007-10-26,27.376118
2007-10-29,27.457352
2007-10-30,27.034931
2007-10-31,27.400488
2007-11-01,25.995127
2007-11-02,25.865150
2007-11-05,25.402111
2007-11-06,25.832657
2007-11-07,24.419170
2007-11-08,24.671000
2007-11-09,24.484159
2007-11-12,24.573517
2007-11-13,25.727051
2007-11-14,25.629568
2007-11-15,24.979691
2007-11-16,24.784727
2007-11-19,24.118603
2007-11-20,23.590576
2007-11-21,23.225019
2007-11-23,23.777416
2007-11-26,22.981316
2007-11-27,23.395613
2007-11-28,24.792850
2007-11-29,24.573517
2007-11-30,25.182777
2007-12-03,24.979691
2007-12-04,24.516653
2007-12-05,24.882210
2007-12-06,25.686434
2007-12-07,25.345247
2007-12-10,25.881397
2007-12-11,24.573517
2007-12-12,24.386677
2007-12-13,24.378553
2007-12-14,23.842405
2007-12-17,23.590576
2007-12-18,23.606825
2007-12-19,23.744923
2007-12-20,23.574329
2007-12-21,23.793665
2007-12-24,24.224209
2007-12-26,24.053616
2007-12-27,23.566206
2007-12-28,23.509342
2007-12-31,23.501219
2008-01-02,23.038179
2008-01-03,22.891958
2008-01-04,22.242081
2008-01-07,22.298944
2008-01-08,21.486595
2008-01-09,21.892771
2008-01-10,22.266451
2008-01-11,22.339561
2008-01-14,22.648252
2008-01-15,21.714054
2008-01-16,22.079611
2008-01-17,20.958570
2008-01-18,20.714867
2008-01-22,21.161657
2008-01-23,22.664499
2008-01-24,22.672625
2008-01-25,22.079611
2008-01-28,22.867586
2008-01-29,23.216896
2008-01-30,22.745735
2008-01-31,23.671812
2008-02-01,24.110479
2008-02-04,23.411860
2008-02-05,22.461412
2008-02-06,22.201462
2008-02-07,22.404549
2008-02-08,22.030869
2008-02-11,21.543461
2008-02-12,22.136475
2008-02-13,22.055241
2008-02-14,21.454102
2008-02-15,21.795288
2008-02-19,21.762794
2008-02-20,22.014622
2008-02-21,21.624695
2008-02-22,22.095858
2008-02-25,22.095858
2008-02-26,22.290819
2008-02-27,22.388302
2008-02-28,21.689684
2008-02-29,20.982941
2008-03-03,20.698620
2008-03-04,20.584890
2008-03-05,20.422421
2008-03-06,19.715677
2008-03-07,19.756296
2008-03-10,19.195776
2008-03-11,20.454914
2008-03-12,20.113729
2008-03-13,20.064987
2008-03-14,19.496344
2008-03-17,19.049553
2008-03-18,20.649878
2008-03-19,20.105604
2008-03-20,21.380991
2008-03-24,21.657188
2008-03-25,21.592201
2008-03-26,20.812347
2008-03-27,20.487410
2008-03-28,20.024370
2008-03-31,20.203087
2008-04-01,21.624695
2008-04-02,21.608448
2008-04-03,21.705931
2008-04-04,21.413485
2008-04-07,21.543461
2008-04-08,21.299755
2008-04-09,20.942324
2008-04-10,20.812347
2008-04-11,20.414297
2008-04-14,19.935013
2008-04-15,20.138100
2008-04-16,20.682371
2008-04-17,21.039804
2008-04-18,21.502844
2008-04-21,21.169781
2008-04-22,20.877335
2008-04-23,20.739237
2008-04-24,21.486595
2008-04-25,21.892771
2008-04-28,21.949635
2008-04-29,21.681561
2008-04-30,21.616571
2008-05-01,22.355808
2008-05-02,22.510155
2008-05-05,22.120228
2008-05-06,22.355808
2008-05-07,21.551584
2008-05-08,21.112917
2008-05-09,21.112917
2008-05-12,21.364744
2008-05-13,21.169781
2008-05-14,21.316004
2008-05-15,21.527214
2008-05-16,21.437855
2008-05-19,21.234768
2008-05-20,20.739237
2008-05-21,20.211210
2008-05-22,20.324940
2008-05-23,20.024370
2008-05-27,20.129976
2008-05-28,20.016247
2008-05-29,20.373680
2008-05-30,20.113729
2008-06-02,19.813160
2008-06-03,19.748173
2008-06-04,19.626320
2008-06-05,20.016247
2008-06-06,18.952070
2008-06-09,18.692120
2008-06-10,18.748985
2008-06-11,18.204712
2008-06-12,18.700245
2008-06-13,18.992689
2008-06-16,19.171406
2008-06-17,18.610886
2008-06-18,18.302193
2008-06-19,18.497156
2008-06-20,18.017872
2008-06-23,17.449228
2008-06-24,17.652315
2008-06-25,17.611698
2008-06-26,16.978067
2008-06-27,16.709991
2008-06-30,16.458164
2008-07-01,16.506905
2008-07-02,16.255077
2008-07-03,16.198214
2008-07-07,15.662063
2008-07-08,16.677498
2008-07-09,15.727051
2008-07-10,15.613323
2008-07-11,15.174655
2008-07-14,14.394801
2008-07-15,13.948010
2008-07-16,15.775792
2008-07-17,16.458164
2008-07-18,16.791227
2008-07-21,16.856215
2008-07-22,18.269699
2008-07-23,18.245329
2008-07-24,17.018684
2008-07-25,16.953695
2008-07-28,16.157595
2008-07-29,17.465475
2008-07-30,17.733549
2008-07-31,17.571079
2008-08-01,17.571079
2008-08-04,17.424858
2008-08-05,18.310316
2008-08-06,18.123478
2008-08-07,17.229895
2008-08-08,17.822908
2008-08-11,18.123478
2008-08-12,17.205524
2008-08-13,16.709991
2008-08-14,17.229895
2008-08-15,17.351748
2008-08-18,16.685621
2008-08-19,16.198214
2008-08-20,16.531275
2008-08-21,16.230707
2008-08-22,16.848091
2008-08-25,16.255077
2008-08-26,16.385054
2008-08-27,16.701868
2008-08-28,17.376118
2008-08-29,17.400488
2008-09-02,17.644192
2008-09-03,17.920389
2008-09-04,17.043055
2008-09-05,17.660439
2008-09-08,18.424046
2008-09-09,17.246141
2008-09-10,17.034931
2008-09-11,17.424858
2008-09-12,17.181154
2008-09-15,15.507717
2008-09-16,16.669374
2008-09-17,15.069050
2008-09-18,16.255077
2008-09-19,18.180342
2008-09-22,16.693745
2008-09-23,16.645004
2008-09-24,16.458164
2008-09-25,16.913078
2008-09-26,17.376118
2008-09-29,15.085297
2008-09-30,16.157595
2008-10-01,16.791227
2008-10-02,15.954509
2008-10-03,15.255890
2008-10-06,14.459789
2008-10-07,12.932575
2008-10-08,12.412673
2008-10-09,11.121040
2008-10-10,12.266450
2008-10-13,13.225020
2008-10-14,14.077985
2008-10-15,12.550772
2008-10-16,12.835093
2008-10-17,12.469537
2008-10-20,13.086921
2008-10-21,12.688871
2008-10-22,11.892770
2008-10-23,11.770918
2008-10-24,11.007311
2008-10-27,10.706742
2008-10-28,12.388302
2008-10-29,11.624695
2008-10-30,12.030869
2008-10-31,12.615760
2008-11-03,12.688871
2008-11-04,13.403737
2008-11-05,12.177092
2008-11-06,11.340374
2008-11-07,11.551584
2008-11-10,11.210398
2008-11-11,10.820471
2008-11-12,10.154346
2008-11-13,10.893582
2008-11-14,10.341186
2008-11-17,9.683184
2008-11-18,9.545085
2008-11-19,8.545898
2008-11-20,7.627945
2008-11-21,7.863526
2008-11-24,9.057677
2008-11-25,9.585703
2008-11-26,10.032494
2008-11-28,10.284322
2008-12-01,8.570268
2008-12-02,9.268887
2008-12-03,9.748172
2008-12-04,9.642567
2008-12-05,10.406174
2008-12-08,11.104793
2008-12-09,10.658002
2008-12-10,10.471162
2008-12-11,9.666937
2008-12-12,9.853777
2008-12-15,9.447604
2008-12-16,10.503656
2008-12-17,10.406174
2008-12-18,10.105605
2008-12-19,9.935012
2008-12-22,9.585703
2008-12-23,9.358245
2008-12-24,9.561332
2008-12-26,9.569456
2008-12-29,9.488221
2008-12-30,9.853777
2008-12-31,10.170593
2009-01-02,10.284322
2009-01-05,10.113729
2009-01-06,10.276198
2009-01-07,9.740049
2009-01-08,9.699431
2009-01-09,9.390739
2009-01-12,8.895207
2009-01-13,9.017059
2009-01-14,8.497157
2009-01-15,8.107230
2009-01-16,7.863526
2009-01-20,6.563769
2009-01-21,7.530463
2009-01-22,7.067425
2009-01-23,7.303006
2009-01-26,7.173030
2009-01-27,7.424858
2009-01-28,8.375305
2009-01-29,7.717303
2009-01-30,7.506093
2009-02-02,7.506093
2009-02-03,7.367994
2009-02-04,7.286759
2009-02-05,7.400487
2009-02-06,7.952884
2009-02-09,8.042242
2009-02-10,7.221771
2009-02-11,7.571080
2009-02-12,7.473599
2009-02-13,7.189277
2009-02-17,6.474411
2009-02-18,6.474411
2009-02-19,6.133225
2009-02-20,6.043867
2009-02-23,5.832656
2009-02-24,6.539399
2009-02-25,6.498781
2009-02-26,6.604387
2009-02-27,6.173842
2009-03-02,5.783916
2009-03-03,5.670187
2009-03-04,5.597076
2009-03-05,5.069050
2009-03-06,5.020309
2009-03-09,5.085297
2009-03-10,5.840780
2009-03-11,5.995126
2009-03-12,6.612510
2009-03-13,6.653128
2009-03-16,6.523152
2009-03-17,6.945573
2009-03-18,7.644192
2009-03-19,7.034931
2009-03-20,6.612510
2009-03-23,7.701056
2009-03-24,7.327376
2009-03-25,7.571080
2009-03-26,7.660439
2009-03-27,7.424858
2009-03-30,6.783103
2009-03-31,7.156783
2009-04-01,7.359870
2009-04-02,7.562957
2009-04-03,7.871649
2009-04-06,7.660439
2009-04-07,7.432981
2009-04-08,7.473599
2009-04-09,8.635256
2009-04-13,9.000812
2009-04-14,8.407799
2009-04-15,8.813972
2009-04-16,8.911454
2009-04-17,9.025183
2009-04-20,8.017872
2009-04-21,8.610885
2009-04-22,8.302193
2009-04-23,8.692120
2009-04-24,8.887084
2009-04-27,8.740861
2009-04-28,8.472786
2009-04-29,8.838343
2009-04-30,8.716491
2009-05-01,8.651503
2009-05-04,9.528838
2009-05-05,9.390739
2009-05-06,10.138099
2009-05-07,9.845654
2009-05-08,10.576767
2009-05-11,9.959383
2009-05-12,9.748172
2009-05-13,9.252640
2009-05-14,9.561332
2009-05-15,9.366369
2009-05-18,9.983753
2009-05-19,9.780666
2009-05-20,9.520715
2009-05-21,9.536962
2009-05-22,9.471974
2009-05-26,9.780666
2009-05-27,9.488221
2009-05-28,9.756296
2009-05-29,9.935012
2009-06-01,10.040617
2009-06-02,9.878148
2009-06-03,9.748172
2009-06-04,10.097482
2009-06-05,10.008123
2009-06-08,10.081235
2009-06-09,10.154346
2009-06-10,10.000000
2009-06-11,10.081235
2009-06-12,10.146223
2009-06-15,9.886271
2009-06-16,9.715678
2009-06-17,9.431357
2009-06-18,9.658814
2009-06-19,9.780666
2009-06-22,9.212023
2009-06-23,9.317628
2009-06-24,9.431357
2009-06-25,9.634444
2009-06-26,9.683184
2009-06-29,9.805037
2009-06-30,9.707555
2009-07-01,9.650690
2009-07-02,9.317628
2009-07-06,9.325751
2009-07-07,9.179529
2009-07-08,9.025183
2009-07-09,9.138911
2009-07-10,9.017059
2009-07-13,9.593826
2009-07-14,9.553209
2009-07-15,9.959383
2009-07-16,9.926889
2009-07-17,9.861901
2009-07-20,9.943136
2009-07-21,9.853777
2009-07-22,9.861901
2009-07-23,10.146223
2009-07-24,10.089358
2009-07-27,10.251828
2009-07-28,10.227457
2009-07-29,10.227457
2009-07-30,10.463038
2009-07-31,10.568643
2009-08-03,10.836718
2009-08-04,11.056052
2009-08-05,11.437855
2009-08-06,11.356621
2009-08-07,11.657189
2009-08-10,11.608448
2009-08-11,11.177904
2009-08-12,11.405361
2009-08-13,11.640942
2009-08-14,11.567831
2009-08-17,11.080422
2009-08-18,11.307880
2009-08-19,11.299756
2009-08-20,11.592201
2009-08-21,11.819659
2009-08-24,11.730301
2009-08-25,11.876523
2009-08-26,11.844029
2009-08-27,11.965881
2009-08-28,11.982128
2009-08-31,11.941511
2009-09-01,11.299756
2009-09-02,11.202275
2009-09-03,11.421608
2009-09-04,11.551584
2009-09-08,11.600325
2009-09-09,11.779041
2009-09-10,11.876523
2009-09-11,11.803412
2009-09-14,11.957758
2009-09-15,11.982128
2009-09-16,12.396426
2009-09-17,12.355808
2009-09-18,12.298944
2009-09-21,12.185215
2009-09-22,12.461413
2009-09-23,12.209586
2009-09-24,11.965881
2009-09-25,11.852153
2009-09-28,12.250203
2009-09-29,12.193339
2009-09-30,12.136474
2009-10-01,11.600325
2009-10-02,11.608448
2009-10-05,11.974005
2009-10-06,12.128351
2009-10-07,12.258327
2009-10-08,12.274574
2009-10-09,12.380179
2009-10-12,12.477660
2009-10-13,12.355808
2009-10-14,12.778229
2009-10-15,12.664500
2009-10-16,12.363932
2009-10-19,12.420796
2009-10-20,12.323314
2009-10-21,12.087734
2009-10-22,12.445167
2009-10-23,12.266450
2009-10-26,11.949634
2009-10-27,11.860276
2009-10-28,11.494720
2009-10-29,11.974005
2009-10-30,11.413485
2009-11-02,11.510967
2009-11-03,11.543461
2009-11-04,11.380991
2009-11-05,11.673436
2009-11-06,11.624695
2009-11-09,12.038993
2009-11-10,11.998375
2009-11-11,12.160845
2009-11-12,11.933387
2009-11-13,11.909017
2009-11-16,12.038993
2009-11-17,12.071487
2009-11-18,12.168968
2009-11-19,11.933387
2009-11-20,11.860276
2009-11-23,12.030869
2009-11-24,11.941511
2009-11-25,11.917141
2009-11-27,11.600325
2009-11-30,11.909017
2009-12-01,11.917141
2009-12-02,11.909017
2009-12-03,11.665313
2009-12-04,11.884647
2009-12-07,11.689683
2009-12-08,11.584078
2009-12-09,11.624695
2009-12-10,11.608448
2009-12-11,11.689683
2009-12-14,11.754671
2009-12-15,11.567831
2009-12-16,11.640942
2009-12-17,11.421608
2009-12-18,11.551584
2009-12-21,11.722177
2009-12-22,11.746548
2009-12-23,11.697807
2009-12-24,11.803412
2009-12-28,11.762794
2009-12-29,11.714054
2009-12-30,11.722177
2009-12-31,11.697807
2010-01-04,11.933387
2010-01-05,12.152721
2010-01-06,12.177092
2010-01-07,12.437043
2010-01-08,12.363932
2010-01-11,12.372055
2010-01-12,12.193339
2010-01-13,12.331438
2010-01-14,12.388302
2010-01-15,12.136474
2010-01-19,12.290820
2010-01-20,12.258327
2010-01-21,11.909017
2010-01-22,11.519090
2010-01-25,11.584078
2010-01-26,11.380991
2010-01-27,11.657189
2010-01-28,11.600325
2010-01-29,11.519090
2010-02-01,11.714054
2010-02-02,11.827782
2010-02-03,11.697807
2010-02-04,11.194151
2010-02-05,11.324127
2010-02-08,11.096669
2010-02-09,11.210398
2010-02-10,11.299756
2010-02-11,11.324127
2010-02-12,11.332250
2010-02-16,11.567831
2010-02-17,11.608448
2010-02-18,11.681560
2010-02-19,11.746548
2010-02-22,11.900894
2010-02-23,11.681560
2010-02-24,11.884647
2010-02-25,11.852153
2010-02-26,11.925264
2010-03-01,11.957758
2010-03-02,11.998375
2010-03-03,12.006499
2010-03-04,12.128351
2010-03-05,12.363932
2010-03-08,12.388302
2010-03-09,12.428920
2010-03-10,12.567019
2010-03-11,12.672624
2010-03-12,12.623883
2010-03-15,12.623883
2010-03-16,12.778229
2010-03-17,12.932575
2010-03-18,12.859464
2010-03-19,12.745735
2010-03-22,12.810723
2010-03-23,12.916328
2010-03-24,12.924452
2010-03-25,12.981316
2010-03-26,12.997563
2010-03-29,13.013810
2010-03-30,12.932575
2010-03-31,12.956946
2010-04-01,13.062551
2010-04-05,13.192526
2010-04-06,13.330626
2010-04-07,13.281885
2010-04-08,13.387490
2010-04-09,13.436231
2010-04-12,13.493095
2010-04-13,13.501219
2010-04-14,13.850528
2010-04-15,13.793664
2010-04-16,13.290008
2010-04-19,13.419984
2010-04-20,13.598700
2010-04-21,13.517465
2010-04-22,13.590577
2010-04-23,13.631194
2010-04-26,13.419984
2010-04-27,12.965069
2010-04-28,13.151909
2010-04-29,13.452478
2010-04-30,13.127539
2010-05-03,13.379366
2010-05-04,13.013810
2010-05-05,12.940699
2010-05-06,12.396426
2010-05-07,12.258327
2010-05-10,12.940699
2010-05-11,12.891958
2010-05-12,13.038180
2010-05-13,12.802600
2010-05-14,12.469537
2010-05-17,12.477660
2010-05-18,12.120227
2010-05-19,12.136474
2010-05-20,11.575955
2010-05-21,11.982128
2010-05-24,11.640942
2010-05-25,11.746548
2010-05-26,11.665313
2010-05-27,12.193339
2010-05-28,11.925264
2010-06-01,11.673436
2010-06-02,12.038993
2010-06-03,11.974005
2010-06-04,11.494720
2010-06-07,11.267262
2010-06-08,11.502843
2010-06-09,11.380991
2010-06-10,11.754671
2010-06-11,11.787165
2010-06-14,11.738424
2010-06-15,12.014622
2010-06-16,12.022746
2010-06-17,12.006499
2010-06-18,12.047116
2010-06-21,12.030869
2010-06-22,11.844029
2010-06-23,11.787165
2010-06-24,11.575955
2010-06-25,11.892770
2010-06-28,11.779041
2010-06-29,11.356621
2010-06-30,11.218522
2010-07-01,11.112916
2010-07-02,10.982941
2010-07-06,11.047929
2010-07-07,11.535337
2010-07-08,11.624695
2010-07-09,11.787165
2010-07-12,11.803412
2010-07-13,12.095857
2010-07-14,12.006499
2010-07-15,11.982128
2010-07-16,11.478473
2010-07-19,11.470349
2010-07-20,11.592201
2010-07-21,11.405361
2010-07-22,11.738424
2010-07-23,11.827782
2010-07-26,11.990252
2010-07-27,12.022746
2010-07-28,11.917141
2010-07-29,11.957758
2010-07-30,11.949634
2010-08-02,12.250203
2010-08-03,12.112104
2010-08-04,12.160845
2010-08-05,12.112104
2010-08-06,12.006499
2010-08-09,12.071487
2010-08-10,11.965881
2010-08-11,11.543461
2010-08-12,11.462226
2010-08-13,11.429732
2010-08-16,11.397238
2010-08-17,11.486596
2010-08-18,11.535337
2010-08-19,11.267262
2010-08-20,11.234768
2010-08-23,11.161657
2010-08-24,10.974817
2010-08-25,11.007311
2010-08-26,10.917953
2010-08-27,11.153534
2010-08-30,10.917953
2010-08-31,11.015435
2010-09-01,11.437855
2010-09-02,11.551584
2010-09-03,11.795288
2010-09-07,11.527214
2010-09-08,11.640942
2010-09-09,11.787165
2010-09-10,11.803412
2010-09-13,12.055240
2010-09-14,11.949634
2010-09-15,11.990252
2010-09-16,11.957758
2010-09-17,11.868400
2010-09-20,12.095857
2010-09-21,11.982128
2010-09-22,11.787165
2010-09-23,11.559708
2010-09-24,11.868400
2010-09-27,11.738424
2010-09-28,11.762794
2010-09-29,11.673436
2010-09-30,11.657189
2010-10-01,11.779041
2010-10-04,11.697807
2010-10-05,11.965881
2010-10-06,11.957758
2010-10-07,11.909017
2010-10-08,11.941511
2010-10-11,11.925264
2010-10-12,12.063363
2010-10-13,12.071487
2010-10-14,11.860276
2010-10-15,11.657189
2010-10-18,11.917141
2010-10-19,11.754671
2010-10-20,11.868400
2010-10-21,11.868400
2010-10-22,11.860276
2010-10-25,11.819659
2010-10-26,11.835906
2010-10-27,11.844029
2010-10-28,11.844029
2010-10-29,11.827782
2010-11-01,11.827782
2010-11-02,11.860276
2010-11-03,11.974005
2010-11-04,12.372055
2010-11-05,12.656377
2010-11-08,12.558895
2010-11-09,12.323314
2010-11-10,12.461413
2010-11-11,12.339561
2010-11-12,12.136474
2010-11-15,12.193339
2010-11-16,11.990252
2010-11-17,11.909017
2010-11-18,12.071487
2010-11-19,12.071487
2010-11-22,11.892770
2010-11-23,11.705930
2010-11-24,11.884647
2010-11-26,11.714054
2010-11-29,11.811535
2010-11-30,11.746548
2010-12-01,11.982128
2010-12-02,12.290820
2010-12-03,12.331438
2010-12-06,12.315191
2010-12-07,12.331438
2010-12-08,12.534525
2010-12-09,12.688871
2010-12-10,12.802600
2010-12-13,12.794476
2010-12-14,12.680747
2010-12-15,12.575142
2010-12-16,12.591389
2010-12-17,12.615760
2010-12-20,12.623883
2010-12-21,12.843217
2010-12-22,12.989439
2010-12-23,12.891958
2010-12-27,13.005686
2010-12-28,13.005686
2010-12-29,12.981316
2010-12-30,12.940699
2010-12-31,12.956946
2011-01-03,13.241267
2011-01-04,13.225020
2011-01-05,13.379366
2011-01-06,13.290008
2011-01-07,13.176279
2011-01-10,13.143786
2011-01-11,13.192526
2011-01-12,13.411860
2011-01-13,13.371243
2011-01-14,13.582453
2011-01-18,13.501219
2011-01-19,13.200650
2011-01-20,13.265638
2011-01-21,13.371243
2011-01-24,13.354996
2011-01-25,13.330626
2011-01-26,13.322502
2011-01-27,13.436231
2011-01-28,13.200650
2011-01-31,13.322502
2011-02-01,13.598700
2011-02-02,13.493095
2011-02-03,13.501219
2011-02-04,13.493095
2011-02-07,13.688058
2011-02-08,13.785540
2011-02-09,13.688058
2011-02-10,13.688058
2011-02-11,13.874898
2011-02-14,13.883022
2011-02-15,13.866775
2011-02-16,13.939886
2011-02-17,13.923639
2011-02-18,13.956133
2011-02-22,13.525589
2011-02-23,13.468725
2011-02-24,13.436231
2011-02-25,13.623071
2011-02-28,13.688058
2011-03-01,13.395613
2011-03-02,13.314379
2011-03-03,13.590577
2011-03-04,13.419984
2011-03-07,13.330626
2011-03-08,13.623071
2011-03-09,13.623071
2011-03-10,13.346872
2011-03-11,13.436231
2011-03-14,13.314379
2011-03-15,13.160032
2011-03-16,12.916328
2011-03-17,13.070674
2011-03-18,13.216897
2011-03-21,13.281885
2011-03-22,13.208773
2011-03-23,13.176279
2011-03-24,13.241267
2011-03-25,13.273761
2011-03-28,13.233144
2011-03-29,13.257514
2011-03-30,13.363119
2011-03-31,13.314379
2011-04-01,13.428107
2011-04-04,13.411860
2011-04-05,13.403737
2011-04-06,13.558083
2011-04-07,13.493095
2011-04-08,13.371243
2011-04-11,13.371243
2011-04-12,13.322502
2011-04-13,13.225020
2011-04-14,13.103168
2011-04-15,13.111292
2011-04-18,12.932575
2011-04-19,12.973193
2011-04-20,13.005686
2011-04-21,13.078798
2011-04-25,13.062551
2011-04-26,13.143786
2011-04-27,13.225020
2011-04-28,13.330626
2011-04-29,13.306255
2011-05-02,13.249391
2011-05-03,13.306255
2011-05-04,13.192526
2011-05-05,13.021933
2011-05-06,13.086921
2011-05-09,13.054427
2011-05-10,13.176279
2011-05-11,12.997563
2011-05-12,12.997563
2011-05-13,12.810723
2011-05-16,12.794476
2011-05-17,12.891958
2011-05-18,12.948822
2011-05-19,12.948822
2011-05-20,12.770106
2011-05-23,12.591389
2011-05-24,12.575142
2011-05-25,12.583266
2011-05-26,12.648253
2011-05-27,12.737612
2011-05-31,12.867587
2011-06-01,12.437043
2011-06-02,12.445167
2011-06-03,12.363932
2011-06-06,12.128351
2011-06-07,12.103981
2011-06-08,11.990252
2011-06-09,12.128351
2011-06-10,12.047116
2011-06-13,12.168968
2011-06-14,12.233956
2011-06-15,11.965881
2011-06-16,12.030869
2011-06-17,12.095857
2011-06-20,12.087734
2011-06-21,12.258327
2011-06-22,12.185215
2011-06-23,12.063363
2011-06-24,11.990252
2011-06-27,12.112104
2011-06-28,12.168968
2011-06-29,12.420796
2011-06-30,12.469537
2011-07-01,12.696994
2011-07-05,12.583266
2011-07-06,12.518278
2011-07-07,12.721365
2011-07-08,12.558895
2011-07-11,12.217709
2011-07-12,12.168968
2011-07-13,12.177092
2011-07-14,12.087734
2011-07-15,12.063363
2011-07-18,11.900894
2011-07-19,12.047116
2011-07-20,12.185215
2011-07-21,12.477660
2011-07-22,12.445167
2011-07-25,12.355808
2011-07-26,12.339561
2011-07-27,12.047116
2011-07-28,12.055240
2011-07-29,12.022746
2011-08-01,11.982128
2011-08-02,11.657189
2011-08-03,11.714054
2011-08-04,11.121040
2011-08-05,10.909829
2011-08-08,9.878148
2011-08-09,10.641755
2011-08-10,9.902518
2011-08-11,10.454915
2011-08-12,10.381803
2011-08-15,10.714866
2011-08-16,10.503656
2011-08-17,10.568643
2011-08-18,10.056864
2011-08-19,9.853777
2011-08-22,9.731925
2011-08-23,10.048741
2011-08-24,10.316816
2011-08-25,10.284322
2011-08-26,10.373680
2011-08-29,10.804224
2011-08-30,10.731113
2011-08-31,10.869212
2011-09-01,10.625508
2011-09-02,10.186840
2011-09-06,10.008123
2011-09-07,10.487409
2011-09-08,10.259951
2011-09-09,9.935012
2011-09-12,10.048741
2011-09-13,10.113729
2011-09-14,10.235581
2011-09-15,10.495532
2011-09-16,10.487409
2011-09-19,10.203087
2011-09-20,10.170593
2011-09-21,9.666937
2011-09-22,9.390739
2011-09-23,9.488221
2011-09-26,9.910642
2011-09-27,9.959383
2011-09-28,9.675061
2011-09-29,9.943136
2011-09-30,9.593826
2011-10-03,9.163282
2011-10-04,9.528838
2011-10-05,9.666937
2011-10-06,9.967506
2011-10-07,9.610073
2011-10-10,10.105605
2011-10-11,10.097482
2011-10-12,10.357433
2011-10-13,10.113729
2011-10-14,10.235581
2011-10-17,9.918765
2011-10-18,10.389927
2011-10-19,10.243704
2011-10-20,10.398050
2011-10-21,10.666125
2011-10-24,10.901706
2011-10-25,10.576767
2011-10-26,10.763607
2011-10-27,11.405361
2011-10-28,11.413485
2011-10-31,10.966694
2011-11-01,10.446791
2011-11-02,10.755483
2011-11-03,10.942323
2011-11-04,10.796101
2011-11-07,10.852965
2011-11-08,11.056052
2011-11-09,10.454915
2011-11-10,10.503656
2011-11-11,10.755483
2011-11-14,10.536149
2011-11-15,10.584890
2011-11-16,10.324939
2011-11-17,10.121852
2011-11-18,10.154346
2011-11-21,9.902518
2011-11-22,9.813160
2011-11-23,9.545085
2011-11-25,9.569456
2011-11-28,9.853777
2011-11-29,9.805037
2011-11-30,10.406174
2011-12-01,10.349310
2011-12-02,10.487409
2011-12-05,10.698619
2011-12-06,10.706742
2011-12-07,10.836718
2011-12-08,10.414297
2011-12-09,10.641755
2011-12-12,10.389927
2011-12-13,10.243704
2011-12-14,10.203087
2011-12-15,10.211210
2011-12-16,10.186840
2011-12-19,9.959383
2011-12-20,10.333063
2011-12-21,10.389927
2011-12-22,10.609261
2011-12-23,10.682372
2011-12-27,10.625508
2011-12-28,10.454915
2011-12-29,10.617384
2011-12-30,10.560520
2012-01-03,10.836718
2012-01-04,10.804224
2012-01-05,10.950447
2012-01-06,10.885459
2012-01-09,10.942323
2012-01-10,11.137287
2012-01-11,11.267262
2012-01-12,11.307880
2012-01-13,11.226645
2012-01-17,11.137287
2012-01-18,11.307880
2012-01-19,11.413485
2012-01-20,11.486596
2012-01-23,11.527214
2012-01-24,11.510967
2012-01-25,11.535337
2012-01-26,11.437855
2012-01-27,11.478473
2012-01-30,11.372868
2012-01-31,11.421608
2012-02-01,11.600325
2012-02-02,11.657189
2012-02-03,11.974005
2012-02-06,11.917141
2012-02-07,11.909017
2012-02-08,11.998375
2012-02-09,11.949634
2012-02-10,11.835906
2012-02-13,11.941511
2012-02-14,11.827782
2012-02-15,11.754671
2012-02-16,11.941511
2012-02-17,12.014622
2012-02-21,12.006499
2012-02-22,11.852153
2012-02-23,11.957758
2012-02-24,11.917141
2012-02-27,12.006499
2012-02-28,12.038993
2012-02-29,11.990252
2012-03-01,12.120227
2012-03-02,12.079610
2012-03-05,12.030869
2012-03-06,11.738424
2012-03-07,11.884647
2012-03-08,11.998375
2012-03-09,12.095857
2012-03-12,12.063363
2012-03-13,12.526401
2012-03-14,12.542648
2012-03-15,12.761982
2012-03-16,12.770106
2012-03-19,12.835093
2012-03-20,12.900081
2012-03-21,12.843217
2012-03-22,12.672624
2012-03-23,12.778229
2012-03-26,12.981316
2012-03-27,12.859464
2012-03-28,12.891958
2012-03-29,12.761982
2012-03-30,12.835093
2012-04-02,12.932575
2012-04-03,12.859464
2012-04-04,12.656377
2012-04-05,12.623883
2012-04-09,12.428920
2012-04-10,12.160845
2012-04-11,12.355808
2012-04-12,12.583266
2012-04-13,12.290820
2012-04-16,12.380179
2012-04-17,12.542648
2012-04-18,12.461413
2012-04-19,12.404549
2012-04-20,12.339561
2012-04-23,12.250203
2012-04-24,12.388302
2012-04-25,12.493907
2012-04-26,12.599513
2012-04-27,12.607636
2012-04-30,12.534525
2012-05-01,12.664500
2012-05-02,12.567019
2012-05-03,12.461413
2012-05-04,12.266450
2012-05-07,12.339561
2012-05-08,12.258327
2012-05-09,12.120227
2012-05-10,12.168968
2012-05-11,12.030869
2012-05-14,11.787165
2012-05-15,11.722177
2012-05-16,11.551584
2012-05-17,11.316003
2012-05-18,11.186028
2012-05-21,11.291633
2012-05-22,11.380991
2012-05-23,11.421608
2012-05-24,11.429732
2012-05-25,11.389115
2012-05-29,11.551584
2012-05-30,11.283509
2012-05-31,11.380991
2012-06-01,10.958570
2012-06-04,10.852965
2012-06-05,11.031682
2012-06-06,11.356621
2012-06-07,11.348497
2012-06-08,11.486596
2012-06-11,11.275386
2012-06-12,11.445979
2012-06-13,11.405361
2012-06-14,11.543461
2012-06-15,11.649066
2012-06-18,11.584078
2012-06-19,11.779041
2012-06-20,11.803412
2012-06-21,11.543461
2012-06-22,11.649066
2012-06-25,11.405361
2012-06-26,11.462226
2012-06-27,11.600325
2012-06-28,11.592201
2012-06-29,11.892770
2012-07-02,11.965881
2012-07-03,12.030869
2012-07-05,11.852153
2012-07-06,11.754671
2012-07-09,11.738424
2012-07-10,11.649066
2012-07-11,11.746548
2012-07-12,11.624695
2012-07-13,11.949634
2012-07-16,11.925264
2012-07-17,11.990252
2012-07-18,11.933387
2012-07-19,11.860276
2012-07-20,11.681560
2012-07-23,11.584078
2012-07-24,11.551584
2012-07-25,11.592201
2012-07-26,11.770918
2012-07-27,11.990252
2012-07-30,11.965881
2012-07-31,11.909017
2012-08-01,11.852153
2012-08-02,11.762794
2012-08-03,12.038993
2012-08-06,12.087734
2012-08-07,12.136474
2012-08-08,12.136474
2012-08-09,12.128351
2012-08-10,12.136474
2012-08-13,12.144598
2012-08-14,12.128351
2012-08-15,12.168968
2012-08-16,12.250203
2012-08-17,12.290820
2012-08-20,12.323314
2012-08-21,12.363932
2012-08-22,12.347685
2012-08-23,12.225833
2012-08-24,12.290820
2012-08-27,12.282697
2012-08-28,12.266450
2012-08-29,12.290820
2012-08-30,12.225833
2012-08-31,12.315191
2012-09-04,12.315191
2012-09-05,12.315191
2012-09-06,12.607636
2012-09-07,12.737612
2012-09-10,12.632006
2012-09-11,12.737612
2012-09-12,12.786353
2012-09-13,13.119415
2012-09-14,13.225020
2012-09-17,13.103168
2012-09-18,13.038180
2012-09-19,13.030057
2012-09-20,12.956946
2012-09-21,12.859464
2012-09-24,12.867587
2012-09-25,12.672624
2012-09-26,12.591389
2012-09-27,12.705118
2012-09-28,12.664500
2012-10-01,12.721365
2012-10-02,12.745735
2012-10-03,12.859464
2012-10-04,13.054427
2012-10-05,13.046304
2012-10-08,13.038180
2012-10-09,12.956946
2012-10-10,12.948822
2012-10-11,13.021933
2012-10-12,12.843217
2012-10-15,12.989439
2012-10-16,13.070674
2012-10-17,13.241267
2012-10-18,13.265638
2012-10-19,13.086921
2012-10-22,13.086921
2012-10-23,12.867587
2012-10-24,12.867587
2012-10-25,12.900081
2012-10-26,12.835093
2012-10-31,12.916328
2012-11-01,13.078798
2012-11-02,12.997563
2012-11-05,12.973193
2012-11-06,13.119415
2012-11-07,12.680747
2012-11-08,12.575142
2012-11-09,12.591389
2012-11-12,12.615760
2012-11-13,12.526401
2012-11-14,12.307067
2012-11-15,12.331438
2012-11-16,12.412673
2012-11-19,12.648253
2012-11-20,12.713241
2012-11-21,12.713241
2012-11-23,12.867587
2012-11-26,12.818846
2012-11-27,12.705118
2012-11-28,12.753859
2012-11-29,12.818846
2012-11-30,12.802600
2012-12-03,12.753859
2012-12-04,12.721365
2012-12-05,12.875711
2012-12-06,12.916328
2012-12-07,13.021933
2012-12-10,12.989439
2012-12-11,13.054427
2012-12-12,13.111292
2012-12-13,13.046304
2012-12-14,12.997563
2012-12-17,13.265638
2012-12-18,13.460601
2012-12-19,13.379366
2012-12-20,13.566206
2012-12-21,13.322502
2012-12-24,13.298132
2012-12-26,13.298132
2012-12-27,13.249391
2012-12-28,13.143786
2012-12-31,13.314379
2013-01-02,13.704305
2013-01-03,13.688058
2013-01-04,13.850528
2013-01-07,13.818034
2013-01-08,13.777417
2013-01-09,13.761170
2013-01-10,13.931763
2013-01-11,13.899269
2013-01-14,13.858652
2013-01-15,13.915516
2013-01-16,13.923639
2013-01-17,13.915516
2013-01-18,13.931763
2013-01-22,14.061738
2013-01-23,14.053615
2013-01-24,14.126726
2013-01-25,14.191714
2013-01-28,14.134850
2013-01-29,14.191714
2013-01-30,14.126726
2013-01-31,14.118603
2013-02-01,14.305443
2013-02-04,14.142973
2013-02-05,14.281072
2013-02-06,14.305443
2013-02-07,14.264825
2013-02-08,14.297319
2013-02-11,14.362307
2013-02-12,14.476036
2013-02-13,14.443542
2013-02-14,14.492283
2013-02-15,14.427295
2013-02-19,14.565394
2013-02-20,14.346060
2013-02-21,14.232331
2013-02-22,14.411048
2013-02-25,14.021121
2013-02-26,14.094232
2013-02-27,14.313566
2013-02-28,14.289196
2013-03-01,14.329813
2013-03-04,14.451665
2013-03-05,14.573517
2013-03-06,14.670999
2013-03-07,14.776604
2013-03-08,14.817222
2013-03-11,14.930950
2013-03-12,14.849716
2013-03-13,14.890333
2013-03-14,14.987815
2013-03-15,14.987815
2013-03-18,14.841592
2013-03-19,14.760357
2013-03-20,14.857839
2013-03-21,14.679123
2013-03-22,14.768481
2013-03-25,14.727864
2013-03-26,14.825345
2013-03-27,14.752234
2013-03-28,14.792851
2013-04-01,14.719740
2013-04-02,14.809098
2013-04-03,14.565394
2013-04-04,14.695370
2013-04-05,14.646629
2013-04-08,14.792851
2013-04-09,14.833469
2013-04-10,15.036556
2013-04-11,15.069050
2013-04-12,15.004062
2013-04-15,14.687246
2013-04-16,14.914703
2013-04-17,14.638505
2013-04-18,14.484159
2013-04-19,14.687246
2013-04-22,14.703493
2013-04-23,14.971568
2013-04-24,15.060926
2013-04-25,15.150284
2013-04-26,15.085297
2013-04-29,15.150284
2013-04-30,15.190902
2013-05-01,15.020309
2013-05-02,15.150284
2013-05-03,15.312754
2013-05-06,15.475223
2013-05-07,15.556458
2013-05-08,15.686434
2013-05-09,15.572705
2013-05-10,15.637693
2013-05-13,15.686434
2013-05-14,15.954509
2013-05-15,16.100731
2013-05-16,15.995126
2013-05-17,16.206335
2013-05-20,16.238831
2013-05-21,16.279448
2013-05-22,16.108854
2013-05-23,16.011374
2013-05-24,16.027620
2013-05-28,16.190088
2013-05-29,16.190088
2013-05-30,16.385054
2013-05-31,16.116978
2013-06-03,16.133224
2013-06-04,15.987002
2013-06-05,15.727051
2013-06-06,15.946385
2013-06-07,16.222584
2013-06-10,16.230707
2013-06-11,15.962632
2013-06-12,15.792039
2013-06-13,16.092607
2013-06-14,15.881397
2013-06-17,16.035744
2013-06-18,16.141348
2013-06-19,15.922015
2013-06-20,15.580829
2013-06-21,15.532088
2013-06-24,15.255890
2013-06-25,15.540211
2013-06-26,15.694557
2013-06-27,15.897644
2013-06-28,15.800162
2013-07-01,15.848903
2013-07-02,15.865150
2013-07-03,15.816409
2013-07-05,16.100731
2013-07-08,16.222584
2013-07-09,16.360682
2013-07-10,16.263201
2013-07-11,16.417547
2013-07-12,16.531275
2013-07-15,16.604387
2013-07-16,16.539398
2013-07-17,16.612511
2013-07-18,16.831844
2013-07-19,16.839968
2013-07-22,16.953695
2013-07-23,16.888708
2013-07-24,16.766855
2013-07-25,16.783104
2013-07-26,16.766855
2013-07-29,16.645004
2013-07-30,16.636881
2013-07-31,16.645004
2013-08-01,16.913078
2013-08-02,16.904955
2013-08-05,16.872461
2013-08-06,16.718115
2013-08-07,16.604387
2013-08-08,16.645004
2013-08-09,16.588140
2013-08-12,16.523151
2013-08-13,16.604387
2013-08-14,16.539398
2013-08-15,16.295694
2013-08-16,16.263201
2013-08-19,16.051991
2013-08-20,16.206335
2013-08-21,16.092607
2013-08-22,16.279448
2013-08-23,16.295694
2013-08-26,16.190088
2013-08-27,15.800162
2013-08-28,15.824533
2013-08-29,15.865150
2013-08-30,15.792039
2013-09-03,15.922015
2013-09-04,16.043867
2013-09-05,16.084484
2013-09-06,16.084484
2013-09-09,16.271324
2013-09-10,16.466288
2013-09-11,16.482534
2013-09-12,16.360682
2013-09-13,16.409424
2013-09-16,16.588140
2013-09-17,16.669374
2013-09-18,16.815598
2013-09-19,16.750608
2013-09-20,16.596264
2013-09-23,16.360682
2013-09-24,16.255077
2013-09-25,16.344435
2013-09-26,16.344435
2013-09-27,16.287571
2013-09-30,16.173841
2013-10-01,16.287571
2013-10-02,16.279448
2013-10-03,16.157595
2013-10-04,16.287571
2013-10-07,16.100731
2013-10-08,15.897644
2013-10-09,15.954509
2013-10-10,16.409424
2013-10-11,16.498781
2013-10-14,16.580015
2013-10-15,16.458164
2013-10-16,16.807474
2013-10-17,16.953695
2013-10-18,16.986191
2013-10-21,16.953695
2013-10-22,16.986191
2013-10-23,16.848091
2013-10-24,16.872461
2013-10-25,16.945574
2013-10-28,16.904955
2013-10-29,16.953695
2013-10-30,16.888708
2013-10-31,16.709991
2013-11-01,16.750608
2013-11-04,16.758734
2013-11-05,16.669374
2013-11-06,16.750608
2013-11-07,16.563768
2013-11-08,16.945574
2013-11-11,16.953695
2013-11-12,16.791227
2013-11-13,16.937449
2013-11-14,17.083672
2013-11-15,17.164907
2013-11-18,17.156782
2013-11-19,17.181154
2013-11-20,17.132414
2013-11-21,17.376118
2013-11-22,17.457352
2013-11-25,17.481722
2013-11-26,17.465475
2013-11-27,17.514215
2013-11-29,17.449228
2013-12-02,17.441105
2013-12-03,17.262388
2013-12-04,17.303005
2013-12-05,17.140535
2013-12-06,17.376118
2013-12-09,17.449228
2013-12-10,17.384239
2013-12-11,17.148661
2013-12-12,17.148661
2013-12-13,17.164907
2013-12-16,17.270512
2013-12-17,17.156782
2013-12-18,17.554832
2013-12-19,17.530462
2013-12-20,17.554832
2013-12-23,17.636068
2013-12-24,17.668562
2013-12-26,17.709181
2013-12-27,17.701056
2013-12-30,17.668562
2013-12-31,17.757919
2014-01-02,17.660439
2014-01-03,17.782291
2014-01-06,17.798538
2014-01-07,17.806662
2014-01-08,17.863525
2014-01-09,17.928513
2014-01-10,17.896019
2014-01-13,17.627945
2014-01-14,17.774166
2014-01-15,17.985378
2014-01-16,17.871649
2014-01-17,17.814785
2014-01-21,17.831032
2014-01-22,17.839155
2014-01-23,17.546709
2014-01-24,17.148661
2014-01-27,17.043055
2014-01-28,17.270512
2014-01-29,17.067425
2014-01-30,17.311129
2014-01-31,17.108042
2014-02-03,16.677498
2014-02-04,16.839968
2014-02-05,16.823721
2014-02-06,17.083672
2014-02-07,17.294882
2014-02-10,17.311129
2014-02-11,17.489845
2014-02-12,17.489845
2014-02-13,17.554832
2014-02-14,17.579205
2014-02-18,17.611698
2014-02-19,17.367994
2014-02-20,17.416735
2014-02-21,17.449228
2014-02-24,17.579205
2014-02-25,17.473598
2014-02-26,17.449228
2014-02-27,17.538588
2014-02-28,17.627945
2014-03-03,17.489845
2014-03-04,17.847279
2014-03-05,18.034119
2014-03-06,18.090982
2014-03-07,18.172218
2014-03-10,18.180342
2014-03-11,18.058489
2014-03-12,18.025995
2014-03-13,17.822908
2014-03-14,17.709181
2014-03-17,17.896019
2014-03-18,17.985378
2014-03-19,17.977255
2014-03-20,18.261576
2014-03-21,18.196589
2014-03-24,18.188465
2014-03-25,18.172218
2014-03-26,17.985378
2014-03-27,17.887896
2014-03-28,17.961006
2014-03-31,18.147846
2014-04-01,18.180342
2014-04-02,18.220959
2014-04-03,18.188465
2014-04-04,18.009748
2014-04-07,17.733549
2014-04-08,17.757919
2014-04-09,17.912266
2014-04-10,17.497969
2014-04-11,17.286758
2014-04-14,17.424858
2014-04-15,17.587326
2014-04-16,17.725426
2014-04-17,17.757919
2014-04-21,17.741673
2014-04-22,17.863525
2014-04-23,17.904142
2014-04-24,17.896019
2014-04-25,17.749798
2014-04-28,17.644192
2014-04-29,17.814785
2014-04-30,17.839155
2014-05-01,17.871649
2014-05-02,17.863525
2014-05-05,17.790415
2014-05-06,17.538588
2014-05-07,17.774166
2014-05-08,17.822908
2014-05-09,17.814785
2014-05-12,17.993502
2014-05-13,17.977255
2014-05-14,17.847279
2014-05-15,17.644192
2014-05-16,17.668562
2014-05-19,17.757919
2014-05-20,17.652315
2014-05-21,17.766045
2014-05-22,17.847279
2014-05-23,17.904142
2014-05-27,18.058489
2014-05-28,18.025995
2014-05-29,18.066612
2014-05-30,18.107229
2014-06-02,18.155972
2014-06-03,18.180342
2014-06-04,18.229082
2014-06-05,18.399675
2014-06-06,18.521526
2014-06-09,18.602762
2014-06-10,18.594639
2014-06-11,18.472786
2014-06-12,18.359058
2014-06-13,18.367182
2014-06-16,18.277822
2014-06-17,18.464663
2014-06-18,18.570269
2014-06-19,18.545898
2014-06-20,18.545898
2014-06-23,18.586515
2014-06-24,18.464663
2014-06-25,18.480909
2014-06-26,18.415922
2014-06-27,18.489033
2014-06-30,18.472786
2014-07-01,18.586515
2014-07-02,18.570269
2014-07-03,18.716492
2014-07-07,18.635256
2014-07-08,18.472786
2014-07-09,18.521526
2014-07-10,18.399675
2014-07-11,18.432169
2014-07-14,18.545898
2014-07-15,18.675873
2014-07-16,18.643379
2014-07-17,18.399675
2014-07-18,18.610886
2014-07-21,18.562145
2014-07-22,18.619009
2014-07-23,18.659626
2014-07-24,18.700245
2014-07-25,18.594639
2014-07-28,18.602762
2014-07-29,18.505280
2014-07-30,18.586515
2014-07-31,18.204712
2014-08-01,18.050365
2014-08-04,18.196589
2014-08-05,18.009748
2014-08-06,18.082859
2014-08-07,18.001625
2014-08-08,18.180342
2014-08-11,18.196589
2014-08-12,18.237206
2014-08-13,18.318439
2014-08-14,18.432169
2014-08-15,18.342812
2014-08-18,18.545898
2014-08-19,18.578392
2014-08-20,18.627132
2014-08-21,18.846466
2014-08-22,18.781479
2014-08-25,18.943949
2014-08-26,18.984566
2014-08-27,18.943949
2014-08-28,18.887083
2014-08-29,18.976442
2014-09-02,19.049553
2014-09-03,19.017059
2014-09-04,19.033306
2014-09-05,19.057676
2014-09-08,19.065800
2014-09-09,18.870836
2014-09-10,18.968319
2014-09-11,19.017059
2014-09-12,19.000813
2014-09-15,18.992689
2014-09-16,19.073923
2014-09-17,19.155157
2014-09-18,19.341997
2014-09-19,19.212023
2014-09-22,19.082047
2014-09-23,18.952070
2014-09-24,19.057676
2014-09-25,18.740862
2014-09-26,18.919579
2014-09-29,18.854589
2014-09-30,18.822096
2014-10-01,18.594639
2014-10-02,18.643379
2014-10-03,18.911453
2014-10-06,18.854589
2014-10-07,18.537773
2014-10-08,18.887083
2014-10-09,18.489033
2014-10-10,18.342812
2014-10-13,18.180342
2014-10-14,18.253452
2014-10-15,17.904142
2014-10-16,17.904142
2014-10-17,18.131599
2014-10-20,18.237206
2014-10-21,18.578392
2014-10-22,18.407799
2014-10-23,18.586515
2014-10-24,18.765232
2014-10-27,18.789602
2014-10-28,18.992689
2014-10-29,19.041430
2014-10-30,19.147036
2014-10-31,19.366369
2014-11-03,19.439480
2014-11-04,19.447603
2014-11-05,19.577579
2014-11-06,19.610073
2014-11-07,19.618196
2014-11-10,19.723803
2014-11-11,19.658813
2014-11-12,19.618196
2014-11-13,19.610073
2014-11-14,19.545086
2014-11-17,19.545086
2014-11-18,19.610073
2014-11-19,19.569456
2014-11-20,19.569456
2014-11-21,19.666937
2014-11-24,19.796913
2014-11-25,19.780666
2014-11-26,19.805037
2014-11-28,19.821283
2014-12-01,19.683184
2014-12-02,19.870024
2014-12-03,19.959383
2014-12-04,19.983753
2014-12-05,20.162470
2014-12-08,20.259951
2014-12-09,20.211210
2014-12-10,19.951260
2014-12-11,20.000000
2014-12-12,19.610073
2014-12-15,19.431356
2014-12-16,19.244516
2014-12-17,19.683184
2014-12-18,20.138100
2014-12-19,20.048740
2014-12-22,20.186840
2014-12-23,20.300570
2014-12-24,20.268076
2014-12-26,20.268076
2014-12-29,20.341187
2014-12-30,20.316816
2014-12-31,20.089357
2015-01-02,20.089357
2015-01-05,19.666937
2015-01-06,19.366369
2015-01-07,19.569456
2015-01-08,19.861900
2015-01-09,19.593826
2015-01-12,19.431356
2015-01-13,19.366369
2015-01-14,19.090172
2015-01-15,18.854589
2015-01-16,19.082047
2015-01-20,19.000813
2015-01-21,19.049553
2015-01-22,19.520716
2015-01-23,19.309504
2015-01-26,19.406986
2015-01-27,19.195776
2015-01-28,18.846466
2015-01-29,19.000813
2015-01-30,18.692120
2015-02-02,18.992689
2015-02-03,19.309504
2015-02-04,19.260763
2015-02-05,19.455727
2015-02-06,19.610073
2015-02-09,19.512590
2015-02-10,19.666937
2015-02-11,19.666937
2015-02-12,19.861900
2015-02-13,19.845654
2015-02-17,19.910643
2015-02-18,19.788790
2015-02-19,19.707556
2015-02-20,19.853777
2015-02-23,19.805037
2015-02-24,19.902517
2015-02-25,19.902517
2015-02-26,19.853777
2015-02-27,19.780666
2015-03-02,19.926889
2015-03-03,19.870024
2015-03-04,19.748173
2015-03-05,19.829407
2015-03-06,19.683184
2015-03-09,19.772543
2015-03-10,19.350122
2015-03-11,19.471973
2015-03-12,19.894396
2015-03-13,19.756296
2015-03-16,20.000000
2015-03-17,19.951260
2015-03-18,20.064987
2015-03-19,19.878147
2015-03-20,20.073111
2015-03-23,19.959383
2015-03-24,19.796913
2015-03-25,19.480097
2015-03-26,19.463852
2015-03-27,19.439480
2015-03-30,19.723803
2015-03-31,19.585703
2015-04-01,19.569456
2015-04-02,19.666937
2015-04-06,19.699430
2015-04-07,19.593826
2015-04-08,19.666937
2015-04-09,19.699430
2015-04-10,19.691307
2015-04-13,19.764420
2015-04-14,19.764420
2015-04-15,19.837530
2015-04-16,19.870024
2015-04-17,19.601950
2015-04-20,19.683184
2015-04-21,19.585703
2015-04-22,19.723803
2015-04-23,19.756296
2015-04-24,19.723803
2015-04-27,19.650690
2015-04-28,19.764420
2015-04-29,19.756296
2015-04-30,19.601950
2015-05-01,19.772543
2015-05-04,19.967506
2015-05-05,19.788790
2015-05-06,19.691307
2015-05-07,19.829407
2015-05-08,20.113729
2015-05-11,20.040617
2015-05-12,19.967506
2015-05-13,19.975630
2015-05-14,20.154346
2015-05-15,20.064987
2015-05-18,20.178717
2015-05-19,20.292444
2015-05-20,20.235580
2015-05-21,20.186840
2015-05-22,20.194963
2015-05-26,19.967506
2015-05-27,20.186840
2015-05-28,20.162470
2015-05-29,19.983753
2015-06-01,20.000000
2015-06-02,20.032494
2015-06-03,20.203087
2015-06-04,20.024370
2015-06-05,20.138100
2015-06-08,20.016247
2015-06-09,20.064987
2015-06-10,20.349310
2015-06-11,20.430544
2015-06-12,20.341187
2015-06-15,20.251827
2015-06-16,20.365557
2015-06-17,20.341187
2015-06-18,20.528027
2015-06-19,20.097483
2015-06-22,20.406174
2015-06-23,20.446791
2015-06-24,20.276197
2015-06-25,20.154346
2015-06-26,20.219334
2015-06-29,19.731924
2015-06-30,19.805037
2015-07-01,20.105604
2015-07-02,20.016247
2015-07-06,19.935013
2015-07-07,19.975630
2015-07-08,19.626320
2015-07-09,19.780666
2015-07-10,20.016247
2015-07-13,20.259951
2015-07-14,20.308693
2015-07-15,20.479284
2015-07-16,20.682371
2015-07-17,20.625507
2015-07-20,20.649878
2015-07-21,20.625507
2015-07-22,20.779854
2015-07-23,20.601137
2015-07-24,20.406174
2015-07-27,20.259951
2015-07-28,20.341187
2015-07-29,20.544273
2015-07-30,20.544273
2015-07-31,20.479284
2015-08-03,20.454914
2015-08-04,20.422421
2015-08-05,20.503656
2015-08-06,20.430544
2015-08-07,20.471163
2015-08-10,20.666124
2015-08-11,20.479284
2015-08-12,20.292444
2015-08-13,20.365557
2015-08-14,20.511780
2015-08-17,20.552397
2015-08-18,20.536148
2015-08-19,20.349310
2015-08-20,19.918764
2015-08-21,19.203899
2015-08-24,18.383429
2015-08-25,18.139725
2015-08-26,18.822096
2015-08-27,19.285133
2015-08-28,19.195776
2015-08-31,19.033306
2015-09-01,18.415922
2015-09-02,18.667749
2015-09-03,18.773355
2015-09-04,18.399675
2015-09-08,18.870836
2015-09-09,18.610886
2015-09-10,18.700245
2015-09-11,18.781479
2015-09-14,18.740862
2015-09-15,19.008936
2015-09-16,19.130789
2015-09-17,18.862713
2015-09-18,18.407799
2015-09-21,18.619009
2015-09-22,18.383429
2015-09-23,18.391552
2015-09-24,18.261576
2015-09-25,18.529652
2015-09-28,18.099106
2015-09-29,18.131599
2015-09-30,18.407799
2015-10-01,18.415922
2015-10-02,18.440292
2015-10-05,18.830219
2015-10-06,18.740862
2015-10-07,18.887083
2015-10-08,19.000813
2015-10-09,18.878960
2015-10-12,18.895206
2015-10-13,18.748985
2015-10-14,18.594639
2015-10-15,19.017059
2015-10-16,19.130789
2015-10-19,19.114540
2015-10-20,19.228270
2015-10-21,19.090172
2015-10-22,19.398863
2015-10-23,19.610073
2015-10-26,19.528837
2015-10-27,19.415110
2015-10-28,19.870024
2015-10-29,19.845654
2015-10-30,19.561333
2015-11-02,19.829407
2015-11-03,19.861900
2015-11-04,19.805037
2015-11-05,19.886271
2015-11-06,20.089357
2015-11-09,19.870024
2015-11-10,19.959383
2015-11-11,19.894396
2015-11-12,19.593826
2015-11-13,19.431356
2015-11-16,19.666937
2015-11-17,19.626320
2015-11-18,19.975630
2015-11-19,20.008123
2015-11-20,20.040617
2015-11-23,19.959383
2015-11-24,19.902517
2015-11-25,19.918764
2015-11-27,19.967506
2015-11-30,19.951260
2015-12-01,20.170593
2015-12-02,19.935013
2015-12-03,19.610073
2015-12-04,20.129976
2015-12-07,19.943136
2015-12-08,19.691307
2015-12-09,19.463852
2015-12-10,19.480097
2015-12-11,19.049553
2015-12-14,19.090172
2015-12-15,19.536963
2015-12-16,19.853777
2015-12-17,19.569456
2015-12-18,18.927702
2015-12-21,19.114540
2015-12-22,19.293259
2015-12-23,19.520716
2015-12-24,19.504469
2015-12-28,19.488220
2015-12-29,19.691307
2015-12-30,19.553209
2015-12-31,19.358246
2016-01-04,18.984566
2016-01-05,19.057676
2016-01-06,18.765232
2016-01-07,18.237206
2016-01-08,17.952885
2016-01-11,17.977255
2016-01-12,18.115353
2016-01-13,17.644192
2016-01-14,17.798538
2016-01-15,17.400488
2016-01-19,17.392365
2016-01-20,17.051178
2016-01-21,16.978067
2016-01-22,17.286758
2016-01-25,16.937449
2016-01-26,17.221771
2016-01-27,17.156782
2016-01-28,17.164907
2016-01-29,17.644192
2016-02-01,17.571079
2016-02-02,17.083672
2016-02-03,17.099918
2016-02-04,17.246141
2016-02-05,17.018684
2016-02-08,16.588140
2016-02-09,16.563768
2016-02-10,16.474411
2016-02-11,15.970755
2016-02-12,16.645004
2016-02-16,16.913078
2016-02-17,17.140535
2016-02-18,17.043055
2016-02-19,17.043055
2016-02-22,17.311129
2016-02-23,17.002438
2016-02-24,16.961821
2016-02-25,17.197399
2016-02-26,17.319254
2016-02-29,17.132414
2016-03-01,17.709181
2016-03-02,17.904142
2016-03-03,18.025995
2016-03-04,18.099106
2016-03-07,18.090982
2016-03-08,17.798538
2016-03-09,17.822908
2016-03-10,17.806662
2016-03-11,18.269699
2016-03-14,18.212835
2016-03-15,18.204712
2016-03-16,18.164095
2016-03-17,18.383429
2016-03-18,18.464663
2016-03-21,18.432169
2016-03-22,18.375305
2016-03-23,18.237206
2016-03-24,18.123478
2016-03-28,18.180342
2016-03-29,18.212835
2016-03-30,18.318439
2016-03-31,18.277822
2016-04-01,18.440292
2016-04-04,18.350933
2016-04-05,18.090982
2016-04-06,18.188465
2016-04-07,17.847279
2016-04-08,17.912266
2016-04-11,17.985378
2016-04-12,18.212835
2016-04-13,18.627132
2016-04-14,18.667749
2016-04-15,18.602762
2016-04-18,18.740862
2016-04-19,18.976442
2016-04-20,19.122665
2016-04-21,18.952070
2016-04-22,19.130789
2016-04-25,19.090172
2016-04-26,19.212023
2016-04-27,19.244516
2016-04-28,19.041430
2016-04-29,18.935825
2016-05-02,19.106419
2016-05-03,18.862713
2016-05-04,18.716492
2016-05-05,18.708366
2016-05-06,18.789602
2016-05-09,18.740862
2016-05-10,19.008936
2016-05-11,18.805849
2016-05-12,18.813972
2016-05-13,18.586515
2016-05-16,18.683996
2016-05-17,18.578392
2016-05-18,18.903332
2016-05-19,18.724613
2016-05-20,18.854589
2016-05-23,18.838343
2016-05-24,19.122665
2016-05-25,19.325750
2016-05-26,19.212023
2016-05-27,19.341997
2016-05-31,19.293259
2016-06-01,19.333876
2016-06-02,19.374493
2016-06-03,19.098293
2016-06-06,19.212023
2016-06-07,19.171406
2016-06-08,19.187653
2016-06-09,19.049553
2016-06-10,18.813972
2016-06-13,18.683996
2016-06-14,18.407799
2016-06-15,18.432169
2016-06-16,18.480909
2016-06-17,18.367182
2016-06-20,18.472786
2016-06-21,18.578392
2016-06-22,18.562145
2016-06-23,18.952070
2016-06-24,17.936638
2016-06-27,17.424858
2016-06-28,17.871649
2016-06-29,18.277822
2016-06-30,18.570269
2016-07-01,18.472786
2016-07-05,18.196589
2016-07-06,18.245329
2016-07-07,18.269699
2016-07-08,18.619009
2016-07-11,18.724613
2016-07-12,18.960196
2016-07-13,18.960196
2016-07-14,19.138910
2016-07-15,19.106419
2016-07-18,19.171406
2016-07-19,19.179529
2016-07-20,19.212023
2016-07-21,19.114540
2016-07-22,19.236393
2016-07-25,19.195776
2016-07-26,19.212023
2016-07-27,19.203899
2016-07-28,19.244516
2016-07-29,19.212023
2016-08-01,19.163282
2016-08-02,19.000813
2016-08-03,19.195776
2016-08-04,19.147036
2016-08-05,19.512590
2016-08-08,19.536963
2016-08-09,19.553209
2016-08-10,19.398863
2016-08-11,19.439480
2016-08-12,19.382616
2016-08-15,19.512590
2016-08-16,19.463852
2016-08-17,19.528837
2016-08-18,19.512590
2016-08-19,19.504469
2016-08-22,19.504469
2016-08-23,19.528837
2016-08-24,19.520716
2016-08-25,19.561333
2016-08-26,19.585703
2016-08-29,19.756296
2016-08-30,19.935013
2016-08-31,19.951260
2016-09-01,19.870024
2016-09-02,19.959383
2016-09-06,19.926889
2016-09-07,19.918764
2016-09-08,19.902517
2016-09-09,19.528837
2016-09-12,19.748173
2016-09-13,19.398863
2016-09-14,19.350122
2016-09-15,19.463852
2016-09-16,19.187653
2016-09-19,19.309999
2016-09-20,19.320000
2016-09-21,19.440001
2016-09-22,19.480000
2016-09-23,19.379999
2016-09-26,19.070000
2016-09-27,19.219999
2016-09-28,19.309999
2016-09-29,19.040001
2016-09-30,19.299999
2016-10-03,19.209999
2016-10-04,19.290001
2016-10-05,19.600000
2016-10-06,19.629999
2016-10-07,19.620001
2016-10-10,19.719999
2016-10-11,19.540001
2016-10-12,19.520000
2016-10-13,19.330000
2016-10-14,19.420000
2016-10-17,19.330000
2016-10-18,19.490000
2016-10-19,19.660000
2016-10-20,19.660000
2016-10-21,19.650000
2016-10-24,19.709999
2016-10-25,19.690001
2016-10-26,19.809999
2016-10-27,19.860001
2016-10-28,19.770000
2016-10-31,19.740000
2016-11-01,19.660000
2016-11-02,19.530001
2016-11-03,19.549999
2016-11-04,19.490000
2016-11-07,19.980000
2016-11-08,19.990000
2016-11-09,20.840000
2016-11-10,21.610001
2016-11-11,21.670000
2016-11-14,22.200001
2016-11-15,22.180000
2016-11-16,21.860001
2016-11-17,22.160000
2016-11-18,22.160000
2016-11-21,22.240000
2016-11-22,22.250000
2016-11-23,22.379999
2016-11-25,22.410000
2016-11-28,22.150000
2016-11-29,22.209999
2016-11-30,22.510000
2016-12-01,22.900000
2016-12-02,22.650000
2016-12-05,22.920000
2016-12-06,23.120001
2016-12-07,23.480000
2016-12-08,23.700001
2016-12-09,23.750000
2016-12-12,23.520000
2016-12-13,23.580000
2016-12-14,23.469999
2016-12-15,23.670000
2016-12-16,23.360001
2016-12-19,23.370001
2016-12-20,23.660000
2016-12-21,23.600000
2016-12-22,23.540001
2016-12-23,23.580000
2016-12-27,23.610001
2016-12-28,23.370001
2016-12-29,23.200001
2016-12-30,23.250000
2017-01-03,23.510000
2017-01-04,23.700001
2017-01-05,23.459999
2017-01-06,23.540001
2017-01-09,23.379999
2017-01-10,23.430000
2017-01-11,23.580000
2017-01-12,23.379999
2017-01-13,23.510000
2017-01-17,22.950001
2017-01-18,23.139999
2017-01-19,23.040001
2017-01-20,23.150000
2017-01-23,23.000000
2017-01-24,23.290001
2017-01-25,23.680000
2017-01-26,23.740000
2017-01-27,23.650000
2017-01-30,23.459999
2017-01-31,23.309999
2017-02-01,23.340000
2017-02-02,23.250000
2017-02-03,23.719999
2017-02-06,23.610001
2017-02-07,23.549999
2017-02-08,23.389999
2017-02-09,23.709999
2017-02-10,23.780001
2017-02-13,24.049999
2017-02-14,24.330000
2017-02-15,24.520000
2017-02-16,24.459999
2017-02-17,24.469999
2017-02-21,24.590000
2017-02-22,24.610001
2017-02-23,24.610001
2017-02-24,24.420000
2017-02-27,24.549999
2017-02-28,24.540001
2017-03-01,25.240000
2017-03-02,24.850000
2017-03-03,24.969999
2017-03-06,24.780001
2017-03-07,24.709999
2017-03-08,24.719999
2017-03-09,24.809999
2017-03-10,24.790001
2017-03-13,24.850000
2017-03-14,24.780001
2017-03-15,24.740000
2017-03-16,24.780001
2017-03-17,24.450001
2017-03-20,24.250000
2017-03-21,23.570000
2017-03-22,23.520000
2017-03-23,23.570000
2017-03-24,23.540001
2017-03-27,23.450001
2017-03-28,23.770000
2017-03-29,23.620001
2017-03-30,23.930000
2017-03-31,23.730000
2017-04-03,23.680000
2017-04-04,23.650000
2017-04-05,23.469999
2017-04-06,23.620001
2017-04-07,23.520000
2017-04-10,23.459999
2017-04-11,23.389999
2017-04-12,23.200001
2017-04-13,22.900000
2017-04-17,23.299999
2017-04-18,23.080000
2017-04-19,23.010000
2017-04-20,23.400000
2017-04-21,23.160000
2017-04-24,23.680000
2017-04-25,23.889999
2017-04-26,23.870001
2017-04-27,23.760000
2017-04-28,23.530001
2017-05-01,23.680000
2017-05-02,23.650000
2017-05-03,23.840000
2017-05-04,23.879999
2017-05-05,23.840000
2017-05-08,23.820000
2017-05-09,23.730000
2017-05-10,23.809999
2017-05-11,23.660000
2017-05-12,23.559999
2017-05-15,23.740000
2017-05-16,23.809999
2017-05-17,23.059999
2017-05-18,23.150000
2017-05-19,23.350000
2017-05-22,23.410000
2017-05-23,23.590000
2017-05-24,23.580000
2017-05-25,23.620001
2017-05-26,23.610001
2017-05-30,23.450001
2017-05-31,23.250000
2017-06-01,23.540001
2017-06-02,23.450001
2017-06-05,23.490000
2017-06-06,23.389999
2017-06-07,23.570000
2017-06-08,23.840000
2017-06-09,24.290001
2017-06-12,24.340000
2017-06-13,24.469999
2017-06-14,24.510000
2017-06-15,24.410000
2017-06-16,24.290001
2017-06-19,24.540001
2017-06-20,24.330000
2017-06-21,24.129999
2017-06-22,23.980000
2017-06-23,23.889999
2017-06-26,24.020000
2017-06-27,24.139999
2017-06-28,24.520000
2017-06-29,24.690001
2017-06-30,24.670000
2017-07-03,25.030001
2017-07-05,25.070000
2017-07-06,24.879999
2017-07-07,25.049999
2017-07-10,25.020000
2017-07-11,24.799999
2017-07-12,24.879999
2017-07-13,25.030001
2017-07-14,24.920000
2017-07-17,24.840000
2017-07-18,24.799999
2017-07-19,24.809999
2017-07-20,24.799999
2017-07-21,24.799999
2017-07-24,24.910000
2017-07-25,25.219999
2017-07-26,25.049999
2017-07-27,24.910000
2017-07-28,24.910000
2017-07-31,25.090000
2017-08-01,25.270000
2017-08-02,25.309999
2017-08-03,25.219999
2017-08-04,25.389999
2017-08-07,25.350000
2017-08-08,25.280001
2017-08-09,25.280001
2017-08-10,24.830000
2017-08-11,24.730000
2017-08-14,25.070000
2017-08-15,25.090000
2017-08-16,25.040001
2017-08-17,24.610001
2017-08-18,24.620001
2017-08-21,24.549999
2017-08-22,24.820000
2017-08-23,24.740000
2017-08-24,24.740000
2017-08-25,24.809999
2017-08-28,24.650000
2017-08-29,24.570000
2017-08-30,24.670000
2017-08-31,24.700001
2017-09-01,24.770000
2017-09-05,24.240000
2017-09-06,24.299999
2017-09-07,23.879999
2017-09-08,24.100000
2017-09-11,24.520000
2017-09-12,24.809999
2017-09-13,24.850000
2017-09-14,24.799999
2017-09-15,24.770000
2017-09-18,25.059999
2017-09-19,25.250000
2017-09-20,25.400000
2017-09-21,25.459999
2017-09-22,25.430000
2017-09-25,25.400000
2017-09-26,25.389999
2017-09-27,25.700001
2017-09-28,25.740000
2017-09-29,25.860001
2017-10-02,26.080000
2017-10-03,26.170000
2017-10-04,26.049999
2017-10-05,26.320000
2017-10-06,26.350000
2017-10-09,26.250000
2017-10-10,26.370001
2017-10-11,26.320000
2017-10-12,26.120001
2017-10-13,26.129999
2017-10-16,26.299999
2017-10-17,26.170000
2017-10-18,26.309999
2017-10-19,26.330000
2017-10-20,26.639999
2017-10-23,26.620001
2017-10-24,26.809999
2017-10-25,26.650000
2017-10-26,26.799999
2017-10-27,26.780001
2017-10-30,26.670000
2017-10-31,26.600000
2017-11-01,26.639999
2017-11-02,26.889999
2017-11-03,26.780001
2017-11-06,26.750000
2017-11-07,26.379999
2017-11-08,26.250000
2017-11-09,26.160000
2017-11-10,26.080000
2017-11-13,26.120001
2017-11-14,26.110001
2017-11-15,26.180000
2017-11-16,26.190001
2017-11-17,26.160000
2017-11-20,26.280001
2017-11-21,26.360001
2017-11-22,26.230000
2017-11-24,26.219999
2017-11-27,26.200001
2017-11-28,26.879999
2017-11-29,27.340000
2017-11-30,27.520000
2017-12-01,27.580000
2017-12-04,28.000000
2017-12-05,27.850000
2017-12-06,27.750000
2017-12-07,27.840000
2017-12-08,28.010000
2017-12-11,27.940001
2017-12-12,28.219999
2017-12-13,27.870001
2017-12-14,27.690001
2017-12-15,27.809999
2017-12-18,28.059999
2017-12-19,27.940001
2017-12-20,27.889999
2017-12-21,28.129999
2017-12-22,28.049999
2017-12-26,27.969999
2017-12-27,28.000000
2017-12-28,28.110001
2017-12-29,27.910000
2018-01-02,27.920000
2018-01-03,28.070000
2018-01-04,28.330000
2018-01-05,28.410000
2018-01-08,28.370001
2018-01-09,28.590000
2018-01-10,28.830000
2018-01-11,28.969999
2018-01-12,29.230000
2018-01-16,29.150000
2018-01-17,29.370001
2018-01-18,29.330000
2018-01-19,29.540001
2018-01-22,29.780001
2018-01-23,29.809999
2018-01-24,30.010000
2018-01-25,29.950001
2018-01-26,30.170000
2018-01-29,30.049999
2018-01-30,29.660000
2018-01-31,29.740000
2018-02-01,30.020000
2018-02-02,29.360001
2018-02-05,27.879999
2018-02-06,28.389999
2018-02-07,28.410000
2018-02-08,27.160000
2018-02-09,27.680000
2018-02-12,28.070000
2018-02-13,28.190001
2018-02-14,28.860001
2018-02-15,29.020000
2018-02-16,28.980000
2018-02-20,28.889999
2018-02-21,28.930000
2018-02-22,28.690001
2018-02-23,29.120001
2018-02-26,29.559999
2018-02-27,29.280001
2018-02-28,28.870001
2018-03-01,28.370001
2018-03-02,28.440001
2018-03-05,28.840000
2018-03-06,28.959999
2018-03-07,28.910000
2018-03-08,29.000000
2018-03-09,29.700001
2018-03-12,29.600000
2018-03-13,29.270000
2018-03-14,28.940001
2018-03-15,28.950001
2018-03-16,28.870001
2018-03-19,28.660000
2018-03-20,28.730000
2018-03-21,28.719999
2018-03-22,27.660000
2018-03-23,26.820000
2018-03-26,27.690001
2018-03-27,27.150000
2018-03-28,27.200001
2018-03-29,27.570000
2018-04-02,26.959999
2018-04-03,27.330000
2018-04-04,27.620001
2018-04-05,27.840000
2018-04-06,27.170000
2018-04-09,27.320000
2018-04-10,27.730000
2018-04-11,27.400000
2018-04-12,27.879999
2018-04-13,27.459999
2018-04-16,27.580000
2018-04-17,27.580000
2018-04-18,27.450001
2018-04-19,27.870001
2018-04-20,27.879999
2018-04-23,27.850000
2018-04-24,27.670000
2018-04-25,27.650000
2018-04-26,27.660000
2018-04-27,27.700001
2018-04-30,27.450001
2018-05-01,27.459999
2018-05-02,27.150000
2018-05-03,26.920000
2018-05-04,27.270000
2018-05-07,27.450001
2018-05-08,27.639999
2018-05-09,28.049999
2018-05-10,28.280001
2018-05-11,28.260000
2018-05-14,28.240000
2018-05-15,28.190001
2018-05-16,28.240000
2018-05-17,28.180000
2018-05-18,27.950001
2018-05-21,28.150000
2018-05-22,28.340000
2018-05-23,28.160000
2018-05-24,27.940001
2018-05-25,27.850000
2018-05-29,26.920000
2018-05-30,27.410000
2018-05-31,27.180000
2018-06-01,27.480000
2018-06-04,27.570000
2018-06-05,27.450001
2018-06-06,27.950001
2018-06-07,28.040001
2018-06-08,28.080000
2018-06-11,28.020000
2018-06-12,27.950001
2018-06-13,27.850000
2018-06-14,27.590000
2018-06-15,27.469999
2018-06-18,27.420000
2018-06-19,27.350000
2018-06-20,27.280001
2018-06-21,27.200001
2018-06-22,27.070000
2018-06-25,26.780001
2018-06-26,26.690001
2018-06-27,26.360001
2018-06-28,26.590000
2018-06-29,26.590000
2018-07-02,26.719999
2018-07-03,26.480000
2018-07-05,26.540001
2018-07-06,26.670000
2018-07-09,27.280001
2018-07-10,27.180000
2018-07-11,27.049999
2018-07-12,27.100000
2018-07-13,26.980000
2018-07-16,27.459999
2018-07-17,27.490000
2018-07-18,27.930000
2018-07-19,27.510000
2018-07-20,27.559999
2018-07-23,27.940001
2018-07-24,28.020000
2018-07-25,28.080000
2018-07-26,28.070000
2018-07-27,28.129999
2018-07-30,28.150000
2018-07-31,27.950001
2018-08-01,27.950001
2018-08-02,27.959999
2018-08-03,28.120001
2018-08-06,28.270000
2018-08-07,28.400000
2018-08-08,28.469999
2018-08-09,28.299999
2018-08-10,27.969999
2018-08-13,27.700001
2018-08-14,27.959999
2018-08-15,27.740000
2018-08-16,28.110001
2018-08-17,28.170000
2018-08-20,28.260000
2018-08-21,28.370001
2018-08-22,28.270000
2018-08-23,28.139999
2018-08-24,28.240000
2018-08-27,28.620001
2018-08-28,28.590000
2018-08-29,28.580000
2018-08-30,28.360001
2018-08-31,28.330000
2018-09-04,28.469999
2018-09-05,28.490000
2018-09-06,28.360001
2018-09-07,28.330000
2018-09-10,28.299999
2018-09-11,28.330000
2018-09-12,28.070000
2018-09-13,28.030001
2018-09-14,28.230000
2018-09-17,28.110001
2018-09-18,28.250000
2018-09-19,28.730000
2018-09-20,28.980000
2018-09-21,28.740000
2018-09-24,28.420000
2018-09-25,28.309999
2018-09-26,27.969999
2018-09-27,27.870001
2018-09-28,27.580000
2018-10-01,27.690001
2018-10-02,27.690001
2018-10-03,27.950001
2018-10-04,28.139999
2018-10-05,28.000000
2018-10-08,28.190001
2018-10-09,28.080000
2018-10-10,27.209999
2018-10-11,26.400000
2018-10-12,26.430000
2018-10-15,26.309999
2018-10-16,26.750000
2018-10-17,27.020000
2018-10-18,26.570000
2018-10-19,26.670000
2018-10-22,26.100000
2018-10-23,25.889999
2018-10-24,25.240000
2018-10-25,25.629999
2018-10-26,25.260000
2018-10-29,25.480000
2018-10-30,25.920000
2018-10-31,26.280001
2018-11-01,26.400000
2018-11-02,26.379999
2018-11-05,26.799999
2018-11-06,26.940001
2018-11-07,27.290001
2018-11-08,27.370001
2018-11-09,27.120001
2018-11-12,26.580000
2018-11-13,26.730000
2018-11-14,26.370001
2018-11-15,26.760000
2018-11-16,26.790001
2018-11-19,26.780001
2018-11-20,26.190001
2018-11-21,26.209999
2018-11-23,26.000000
2018-11-26,26.530001
2018-11-27,26.549999
2018-11-28,27.059999
2018-11-29,26.830000
2018-11-30,26.969999
2018-12-03,27.139999
2018-12-04,25.959999
2018-12-06,25.600000
2018-12-07,25.110001
2018-12-10,24.760000
2018-12-11,24.520000
2018-12-12,24.660000
2018-12-13,24.480000
2018-12-14,24.240000
2018-12-17,24.000000
2018-12-18,23.910000
2018-12-19,23.610001
2018-12-20,23.400000
2018-12-21,22.790001
2018-12-24,22.309999
2018-12-26,23.320000
2018-12-27,23.600000
2018-12-28,23.590000
2018-12-31,23.820000
2019-01-02,24.020000
2019-01-03,23.480000
2019-01-04,24.260000
2019-01-07,24.290001
2019-01-08,24.309999
2019-01-09,24.430000
2019-01-10,24.440001
2019-01-11,24.500000
2019-01-14,24.670000
2019-01-15,24.889999
2019-01-16,25.420000
2019-01-17,25.559999
2019-01-18,26.000000
2019-01-22,25.700001
2019-01-23,25.730000
2019-01-24,25.790001
2019-01-25,26.000000
2019-01-28,25.920000
2019-01-29,25.830000
2019-01-30,25.980000
2019-01-31,25.940001
2019-02-01,26.049999
2019-02-04,26.160000
2019-02-05,26.090000
2019-02-06,26.059999
2019-02-07,25.799999
2019-02-08,25.670000
2019-02-11,25.750000
2019-02-12,26.129999
2019-02-13,26.200001
2019-02-14,25.879999
2019-02-15,26.430000
2019-02-19,26.469999
2019-02-20,26.639999
2019-02-21,26.500000
2019-02-22,26.459999
2019-02-25,26.570000
2019-02-26,26.490000
2019-02-27,26.590000
2019-02-28,26.520000
2019-03-01,26.690001
2019-03-04,26.520000
2019-03-05,26.420000
2019-03-06,26.250000
2019-03-07,25.980000
2019-03-08,25.969999
2019-03-11,26.240000
2019-03-12,26.299999
2019-03-13,26.480000
2019-03-14,26.580000
2019-03-15,26.629999
2019-03-18,26.900000
2019-03-19,26.690001
2019-03-20,26.139999
2019-03-21,26.059999
2019-03-22,25.340000
2019-03-25,25.230000
2019-03-26,25.530001
2019-03-27,25.420000
2019-03-28,25.639999
2019-03-29,25.709999
2019-04-01,26.340000
2019-04-02,26.320000
2019-04-03,26.400000
2019-04-04,26.559999
2019-04-05,26.600000
2019-04-08,26.629999
2019-04-09,26.410000
2019-04-10,26.490000
2019-04-11,26.650000
2019-04-12,27.139999
2019-04-15,26.969999
2019-04-16,27.350000
2019-04-17,27.420000
2019-04-18,27.340000
2019-04-22,27.260000
2019-04-23,27.430000
2019-04-24,27.400000
2019-04-25,27.450001
2019-04-26,27.700001
2019-04-29,27.980000
2019-04-30,28.020000
2019-05-01,27.790001
2019-05-02,27.820000
2019-05-03,28.070000
2019-05-06,27.879999
2019-05-07,27.420000
2019-05-08,27.360001
2019-05-09,27.299999
2019-05-10,27.480000
2019-05-13,26.680000
2019-05-14,26.889999
2019-05-15,26.790001
2019-05-16,27.059999
2019-05-17,26.879999
2019-05-20,26.910000
2019-05-21,27.190001
2019-05-22,27.030001
2019-05-23,26.650000
2019-05-24,26.860001
2019-05-28,26.549999
2019-05-29,26.500000
2019-05-30,26.410000
2019-05-31,26.010000
2019-06-03,26.180000
2019-06-04,26.889999
2019-06-05,27.059999
2019-06-06,27.160000
2019-06-07,27.120001
2019-06-10,27.350000
2019-06-11,27.360001
2019-06-12,27.090000
2019-06-13,27.180000
2019-06-14,27.240000
2019-06-17,26.990000
2019-06-18,27.350000
2019-06-19,27.299999
2019-06-20,27.420000
2019-06-21,27.219999
2019-06-24,27.110001
2019-06-25,27.020000
2019-06-26,26.969999
2019-06-27,27.209999
2019-06-28,27.600000
2019-07-01,27.930000
2019-07-02,27.860001
2019-07-03,28.080000
2019-07-05,28.160000
2019-07-08,28.020000
2019-07-09,28.070000
2019-07-10,27.969999
2019-07-11,28.129999
2019-07-12,28.320000
2019-07-15,28.160000
2019-07-16,28.090000
2019-07-17,27.850000
2019-07-18,28.059999
2019-07-19,27.940001
2019-07-22,28.000000
2019-07-23,28.290001
2019-07-24,28.580000
2019-07-25,28.379999
2019-07-26,28.690001
2019-07-29,28.469999
2019-07-30,28.389999
2019-07-31,28.250000
2019-08-01,27.610001
2019-08-02,27.600000
2019-08-05,26.680000
2019-08-06,27.110001
2019-08-07,26.750000
2019-08-08,27.260000
2019-08-09,27.170000
2019-08-12,26.650000
2019-08-13,26.980000
2019-08-14,25.980000
2019-08-15,26.110001
2019-08-16,26.570000
2019-08-19,26.840000
2019-08-20,26.480000
2019-08-21,26.600000
2019-08-22,26.780001
2019-08-23,26.100000
2019-08-26,26.350000
2019-08-27,26.190001
2019-08-28,26.430000
2019-08-29,26.830000
2019-08-30,26.920000
2019-09-03,26.639999
2019-09-04,26.900000
2019-09-05,27.450001
2019-09-06,27.440001
2019-09-09,27.860001
2019-09-10,27.959999
2019-09-11,28.120001
2019-09-12,28.270000
2019-09-13,28.490000
2019-09-16,28.389999
2019-09-17,28.420000
2019-09-18,28.520000
2019-09-19,28.389999
2019-09-20,28.080000
2019-09-23,28.129999
2019-09-24,27.860001
2019-09-25,28.090000
2019-09-26,27.959999
2019-09-27,28.070000
2019-09-30,28.000000
2019-10-01,27.410000
2019-10-02,26.850000
2019-10-03,26.959999
2019-10-04,27.459999
2019-10-07,27.320000
2019-10-08,26.780001
2019-10-09,27.030001
2019-10-10,27.309999
2019-10-11,27.650000
2019-10-14,27.690001
2019-10-15,28.090000
2019-10-16,28.020000
2019-10-17,28.040001
2019-10-18,28.110001
2019-10-21,28.500000
2019-10-22,28.420000
2019-10-23,28.540001
2019-10-24,28.500000
2019-10-25,28.639999
2019-10-28,28.790001
2019-10-29,28.860001
2019-10-30,28.840000
2019-10-31,28.700001
2019-11-01,29.120001
2019-11-04,29.370001
2019-11-05,29.480000
2019-11-06,29.629999
2019-11-07,29.850000
2019-11-08,29.840000
2019-11-11,29.760000
2019-11-12,29.799999
2019-11-13,29.610001
2019-11-14,29.670000
2019-11-15,29.750000
2019-11-18,29.809999
2019-11-19,29.870001
2019-11-20,29.730000
2019-11-21,29.700001
2019-11-22,29.920000
2019-11-25,30.110001
2019-11-26,30.080000
2019-11-27,30.200001
2019-11-29,30.150000
2019-12-02,29.959999
2019-12-03,29.540001
2019-12-04,29.820000
2019-12-05,29.959999
2019-12-06,30.360001
2019-12-09,30.290001
2019-12-10,30.299999
2019-12-11,30.230000
2019-12-12,30.820000
2019-12-13,30.709999
2019-12-16,30.820000
2019-12-17,30.940001
2019-12-18,30.809999
2019-12-19,30.799999
2019-12-20,30.680000
2019-12-23,30.610001
2019-12-24,30.680000
2019-12-26,30.850000
2019-12-27,30.770000
2019-12-30,30.680000
2019-12-31,30.780001
2020-01-02,31.080000
2020-01-03,30.750000
2020-01-06,30.730000
2020-01-07,30.530001
2020-01-08,30.730000
2020-01-09,30.920000
2020-01-10,30.690001
2020-01-13,30.900000
2020-01-14,30.840000
2020-01-15,30.670000
2020-01-16,30.940001
2020-01-17,31.030001
2020-01-21,30.770000
2020-01-22,30.860001
2020-01-23,30.780001
2020-01-24,30.389999
2020-01-27,29.920000
2020-01-28,30.270000
2020-01-29,30.219999
2020-01-30,30.600000
2020-01-31,29.959999
2020-02-03,30.170000
2020-02-04,30.459999
2020-02-05,31.070000
2020-02-06,31.030001
2020-02-07,30.920000
2020-02-10,31.010000
2020-02-11,31.120001
2020-02-12,31.139999
2020-02-13,31.129999
2020-02-14,31.170000
2020-02-18,30.900000
2020-02-19,31.129999
2020-02-20,31.070000
2020-02-21,30.770000
2020-02-24,29.770000
2020-02-25,28.760000
2020-02-26,28.549999
2020-02-27,27.330000
2020-02-28,26.590000
2020-03-02,27.950001
2020-03-03,26.900000
2020-03-04,27.790001
2020-03-05,26.450001
2020-03-06,25.549999
2020-03-09,22.809999
2020-03-10,24.150000
2020-03-11,22.840000
2020-03-12,20.370001
2020-03-13,23.049999
2020-03-16,19.889999
2020-03-17,20.969999
2020-03-18,19.190001
2020-03-19,19.610001
2020-03-20,18.910000
2020-03-23,17.660000
2020-03-24,19.850000
2020-03-25,20.389999
2020-03-26,21.670000
2020-03-27,21.010000
2020-03-30,21.410000
2020-03-31,20.820000
2020-04-01,19.549999
2020-04-02,20.040001
2020-04-03,19.639999
2020-04-06,21.049999
2020-04-07,21.260000
2020-04-08,22.190001
2020-04-09,23.379999
2020-04-13,22.530001
2020-04-14,22.629999
2020-04-15,21.650000
2020-04-16,21.270000
2020-04-17,22.389999
2020-04-20,22.000000
2020-04-21,21.290001
2020-04-22,21.520000
2020-04-23,21.430000
2020-04-24,21.740000
2020-04-27,22.480000
2020-04-28,22.719999
2020-04-29,23.379999
2020-04-30,22.790001
2020-05-01,22.059999
2020-05-04,21.860001
2020-05-05,21.790001
2020-05-06,21.320000
2020-05-07,21.820000
2020-05-08,22.290001
2020-05-11,21.860001
2020-05-12,21.290001
2020-05-13,20.660000
2020-05-14,21.190001
2020-05-15,21.049999
2020-05-18,22.129999
2020-05-19,21.590000
2020-05-20,22.070000
2020-05-21,22.000000
2020-05-22,21.920000
2020-05-26,23.059999
2020-05-27,24.059999
2020-05-28,23.680000
2020-05-29,23.410000
2020-06-01,23.680000
2020-06-02,23.870001
2020-06-03,24.760000
2020-06-04,25.299999
2020-06-05,26.240000
2020-06-08,26.740000
2020-06-09,26.170000
2020-06-10,25.190001
2020-06-11,23.129999
2020-06-12,23.830000
2020-06-15,24.160000
2020-06-16,24.540001
2020-06-17,24.170000
2020-06-18,24.139999
2020-06-19,23.980000
2020-06-22,23.709999
2020-06-23,23.820000
2020-06-24,22.980000
2020-06-25,23.590000
2020-06-26,22.580000
2020-06-29,22.830000
2020-06-30,23.139999
2020-07-01,22.940001
2020-07-02,22.969999
2020-07-06,23.410000
2020-07-07,22.930000
2020-07-08,23.170000
2020-07-09,22.680000
2020-07-10,23.459999
2020-07-13,23.559999
2020-07-14,23.680000
2020-07-15,24.150000
2020-07-16,24.150000
2020-07-17,23.950001
2020-07-20,23.840000
2020-07-21,24.309999
2020-07-22,24.309999
2020-07-23,24.330000
2020-07-24,24.270000
2020-07-27,24.070000
2020-07-28,24.010000
2020-07-29,24.459999
2020-07-30,24.020000
2020-07-31,24.030001
2020-08-03,24.100000
2020-08-04,24.000000
2020-08-05,24.330000
2020-08-06,24.320000
2020-08-07,24.840000
2020-08-10,25.020000
2020-08-11,25.309999
2020-08-12,25.240000
2020-08-13,25.080000
2020-08-14,25.180000
2020-08-17,24.760000
2020-08-18,24.600000
2020-08-19,24.590000
2020-08-20,24.360001
2020-08-21,24.309999
2020-08-24,24.889999
2020-08-25,24.959999
2020-08-26,24.840000
2020-08-27,25.260000
2020-08-28,25.360001
2020-08-31,25.059999
2020-09-01,25.129999
2020-09-02,25.490000
2020-09-03,25.100000
2020-09-04,25.290001
2020-09-08,24.639999
2020-09-09,24.889999
2020-09-10,24.540001
2020-09-11,24.709999
2020-09-14,25.049999
2020-09-15,24.709999
2020-09-16,24.990000
2020-09-17,24.730000
2020-09-18,24.680000
2020-09-21,23.930000
2020-09-22,23.730000
2020-09-23,23.200001
2020-09-24,23.250000
2020-09-25,23.490000
2020-09-28,24.049999
2020-09-29,23.750000
2020-09-30,24.070000
2020-10-01,24.110001
2020-10-02,24.299999
2020-10-05,24.700001
2020-10-06,24.450001
2020-10-07,24.860001
2020-10-08,25.200001
2020-10-09,25.230000
2020-10-12,25.510000
2020-10-13,25.020000
2020-10-14,24.780001
2020-10-15,24.969999
2020-10-16,24.990000
2020-10-19,24.610001
2020-10-20,24.809999
2020-10-21,24.680000
2020-10-22,25.170000
2020-10-23,25.250000
2020-10-26,24.680000
2020-10-27,24.230000
2020-10-28,23.610001
2020-10-29,23.790001
2020-10-30,23.860001
2020-11-02,24.309999
2020-11-03,24.850000
2020-11-04,24.559999
2020-11-05,25.160000
2020-11-06,24.959999
2020-11-09,27.010000
2020-11-10,27.150000
2020-11-11,27.040001
2020-11-12,26.590000
2020-11-13,27.030001
2020-11-16,27.629999
2020-11-17,27.590000
2020-11-18,27.330000
2020-11-19,27.420000
2020-11-20,27.180000
2020-11-23,27.690001
2020-11-24,28.660000
2020-11-25,28.559999
2020-11-27,28.469999
2020-11-30,27.879999
2020-12-01,28.309999
2020-12-02,28.620001
2020-12-03,28.629999
2020-12-04,28.980000
2020-12-07,28.780001
2020-12-08,28.770000
2020-12-09,28.700001
2020-12-10,28.750000
2020-12-11,28.459999
2020-12-14,28.129999
2020-12-15,28.610001
2020-12-16,28.660000
2020-12-17,28.740000
2020-12-18,28.490000
2020-12-21,28.719999
2020-12-22,28.440001
2020-12-23,28.910000
2020-12-24,28.950001
2020-12-28,29.090000
2020-12-29,28.990000
2020-12-30,29.120001
2020-12-31,29.480000
2021-01-04,29.080000
2021-01-05,29.209999
2021-01-06,30.500000
2021-01-07,30.940001
2021-01-08,30.920000
2021-01-11,31.020000
2021-01-12,31.340000
2021-01-13,31.320000
2021-01-14,31.459999
2021-01-15,30.940001
2021-01-19,31.020000
2021-01-20,30.889999
2021-01-21,30.559999
2021-01-22,30.340000
2021-01-25,30.120001
2021-01-26,29.879999
2021-01-27,29.000000
2021-01-28,29.540001
2021-01-29,28.950001
2021-02-01,29.330000
2021-02-02,30.040001
2021-02-03,30.209999
2021-02-04,30.879999
2021-02-05,30.889999
2021-02-08,31.290001
2021-02-09,31.299999
2021-02-10,31.299999
2021-02-11,31.200001
2021-02-12,31.520000
2021-02-16,32.060001
2021-02-17,32.220001
2021-02-18,32.029999
2021-02-19,32.410000
2021-02-22,32.709999
2021-02-23,32.910000
2021-02-24,33.549999
2021-02-25,32.939999
2021-02-26,32.310001
2021-03-01,33.320000
2021-03-02,33.200001
2021-03-03,33.459999
2021-03-04,33.080002
2021-03-05,33.709999
2021-03-08,34.139999
2021-03-09,33.830002
2021-03-10,34.520000
2021-03-11,34.419998
2021-03-12,34.770000
2021-03-15,34.570000
2021-03-16,34.209999
2021-03-17,34.439999
2021-03-18,34.619999
2021-03-19,34.220001
2021-03-22,33.630001
2021-03-23,33.160000
2021-03-24,33.279999
2021-03-25,33.840000
2021-03-26,34.369999
2021-03-29,34.070000
2021-03-30,34.310001
2021-03-31,34.049999
2021-04-01,34.470001
2021-04-05,34.740002
2021-04-06,34.669998
2021-04-07,34.840000
2021-04-08,34.849998
2021-04-09,35.150002
2021-04-12,35.299999
2021-04-13,34.970001
2021-04-14,35.180000
2021-04-15,35.150002
2021-04-16,35.400002
2021-04-19,35.299999
2021-04-20,34.639999
2021-04-21,35.119999
2021-04-22,34.730000
2021-04-23,35.380001
2021-04-26,35.520000
2021-04-27,35.799999
2021-04-28,35.939999
2021-04-29,36.580002
2021-04-30,36.259998
2021-05-03,36.439999
2021-05-04,36.730000
2021-05-05,37.029999
2021-05-06,37.580002
2021-05-07,37.779999
2021-05-10,37.750000
2021-05-11,37.080002
2021-05-12,36.700001
2021-05-13,37.290001
2021-05-14,37.880001
2021-05-17,37.950001
2021-05-18,37.419998
2021-05-19,37.189999
2021-05-20,37.209999
2021-05-21,37.580002
2021-05-24,37.759998
2021-05-25,37.380001
2021-05-26,37.490002
2021-05-27,37.919998
2021-05-28,37.990002
2021-06-01,38.220001
2021-06-02,38.279999
2021-06-03,38.369999
2021-06-04,38.470001
2021-06-07,38.220001
2021-06-08,38.119999
2021-06-09,37.759998
2021-06-10,37.320000
2021-06-11,37.560001
2021-06-14,37.169998
2021-06-15,37.240002
2021-06-16,37.200001
2021-06-17,36.099998
2021-06-18,35.230000
2021-06-21,35.910000
2021-06-22,35.970001
2021-06-23,36.040001
2021-06-24,36.490002
2021-06-25,36.930000
2021-06-28,36.660000
2021-06-29,36.529999
2021-06-30,36.689999
2021-07-01,36.980000
2021-07-02,36.939999
2021-07-06,36.360001
2021-07-07,36.410000
2021-07-08,35.680000
2021-07-09,36.709999
2021-07-12,37.070000
2021-07-13,36.669998
2021-07-14,36.500000
2021-07-15,36.619999
2021-07-16,36.119999
2021-07-19,35.110001
2021-07-20,35.980000
2021-07-21,36.599998
2021-07-22,36.200001
2021-07-23,36.259998
2021-07-26,36.470001
2021-07-27,36.459999
2021-07-28,36.410000
2021-07-29,36.810001
2021-07-30,36.520000
2021-08-02,36.529999
2021-08-03,36.939999
2021-08-04,36.630001
2021-08-05,37.110001
2021-08-06,37.860001
2021-08-09,37.959999
2021-08-10,38.360001
2021-08-11,38.799999
2021-08-12,38.869999
2021-08-13,38.580002
2021-08-16,38.480000
2021-08-17,38.209999
2021-08-18,37.740002
2021-08-19,37.459999
2021-08-20,37.689999
2021-08-23,38.000000
2021-08-24,38.230000
2021-08-25,38.680000
2021-08-26,38.490002
2021-08-27,39.000000
2021-08-30,38.450001
2021-08-31,38.400002
2021-09-01,38.180000
2021-09-02,38.310001
2021-09-03,38.070000
2021-09-07,37.840000
2021-09-08,37.750000
2021-09-09,37.860001
2021-09-10,37.580002
2021-09-13,38.009998
2021-09-14,37.500000
2021-09-15,37.860001
2021-09-16,37.750000
2021-09-17,37.580002
2021-09-20,36.549999
2021-09-21,36.500000
2021-09-22,37.110001
2021-09-23,38.020000
2021-09-24,38.220001
2021-09-27,38.740002
2021-09-28,38.099998
2021-09-29,38.130001
2021-09-30,37.529999
2021-10-01,38.150002
2021-10-04,37.820000
2021-10-05,38.560001
2021-10-06,38.599998
2021-10-07,38.830002
2021-10-08,39.020000
2021-10-11,38.630001
2021-10-12,38.509998
2021-10-13,38.290001
2021-10-14,38.930000
2021-10-15,39.509998
2021-10-18,39.520000
2021-10-19,39.910000
2021-10-20,40.230000
2021-10-21,40.060001
2021-10-22,40.619999
2021-10-25,40.570000
2021-10-26,40.599998
2021-10-27,39.930000
2021-10-28,40.419998
2021-10-29,40.259998
2021-11-01,40.279999
2021-11-02,40.380001
2021-11-03,40.529999
2021-11-04,40.000000
2021-11-05,40.020000
2021-11-08,40.240002
2021-11-09,40.020000
2021-11-10,39.950001
2021-11-11,40.060001
2021-11-12,40.150002
2021-11-15,40.150002
2021-11-16,40.110001
2021-11-17,39.650002
2021-11-18,39.450001
2021-11-19,39.020000
2021-11-22,39.570000
2021-11-23,40.189999
2021-11-24,40.099998
2021-11-26,38.770000
2021-11-29,38.889999
2021-11-30,37.959999
2021-12-01,37.540001
2021-12-02,38.660000
2021-12-03,38.029999
2021-12-06,38.610001
2021-12-07,39.299999
2021-12-08,39.090000
2021-12-09,39.009998
2021-12-10,39.049999
2021-12-13,38.630001
2021-12-14,38.860001
2021-12-15,38.970001
2021-12-16,39.459999
2021-12-17,38.590000
2021-12-20,37.660000
2021-12-21,38.439999
2021-12-22,38.619999
2021-12-23,38.820000
2021-12-27,39.220001
2021-12-28,39.240002
2021-12-29,39.189999
2021-12-30,39.119999
2021-12-31,39.049999
2022-01-03,39.529999
2022-01-04,40.570000
2022-01-05,40.099998
2022-01-06,40.689999
2022-01-07,41.169998
2022-01-10,41.029999
2022-01-11,41.389999
2022-01-12,41.419998
2022-01-13,41.259998
2022-01-14,40.830002
2022-01-18,39.919998
2022-01-19,39.250000
2022-01-20,39.000000
2022-01-21,38.200001
2022-01-24,38.310001
2022-01-25,38.470001
2022-01-26,38.570000
2022-01-27,38.220001
2022-01-28,38.720001
2022-01-31,39.060001
2022-02-01,39.599998
2022-02-02,39.869999
2022-02-03,39.430000
2022-02-04,40.099998
2022-02-07,40.220001
2022-02-08,40.779999
2022-02-09,41.040001
2022-02-10,40.680000
2022-02-11,40.110001
2022-02-14,39.660000
2022-02-15,40.200001
2022-02-16,40.230000
2022-02-17,39.230000
2022-02-18,39.220001
2022-02-22,39.020000
2022-02-23,38.340000
2022-02-24,37.880001
2022-02-25,39.099998
2022-02-28,38.520000
2022-03-01,37.099998
2022-03-02,38.060001
2022-03-03,37.939999
2022-03-04,37.230000
2022-03-07,35.869999
2022-03-08,35.660000
2022-03-09,36.970001
2022-03-10,36.660000
2022-03-11,36.400002
2022-03-14,36.860001
2022-03-15,37.380001
2022-03-16,38.430000
2022-03-17,38.910000
2022-03-18,39.000000
2022-03-21,38.810001
2022-03-22,39.439999
2022-03-23,38.709999
2022-03-24,39.020000
2022-03-25,39.520000
2022-03-28,39.410000
2022-03-29,39.500000
2022-03-30,39.220001
2022-03-31,38.320000
2022-04-01,38.220001
2022-04-04,38.049999
2022-04-05,37.810001
2022-04-06,37.549999
2022-04-07,37.509998
2022-04-08,37.889999
2022-04-11,37.720001
2022-04-12,37.310001
2022-04-13,37.310001
2022-04-14,36.889999
2022-04-18,37.110001
2022-04-19,37.619999
2022-04-20,37.880001
2022-04-21,37.279999
2022-04-22,36.169998
2022-04-25,36.230000
2022-04-26,35.320000
2022-04-27,35.290001
2022-04-28,35.740002
2022-04-29,34.509998
2022-05-02,34.520000
2022-05-03,34.970001
2022-05-04,36.040001
2022-05-05,34.990002
2022-05-06,34.740002
2022-05-09,33.910000
2022-05-10,33.610001
2022-05-11,33.299999
2022-05-12,33.049999
2022-05-13,33.529999
2022-05-16,33.250000
2022-05-17,34.139999
2022-05-18,33.200001
2022-05-19,32.980000
2022-05-20,32.919998
2022-05-23,33.990002
2022-05-24,33.919998
2022-05-25,34.189999
2022-05-26,34.980000
2022-05-27,35.570000
2022-05-31,35.470001
2022-06-01,34.900002
2022-06-02,35.380001
2022-06-03,34.869999
2022-06-06,34.970001
2022-06-07,35.240002
2022-06-08,34.619999
2022-06-09,33.750000
2022-06-10,32.529999
2022-06-13,31.559999
2022-06-14,31.290001
2022-06-15,31.639999
2022-06-16,30.840000
2022-06-17,30.930000
2022-06-21,31.379999
2022-06-22,31.309999
2022-06-23,31.190001
2022-06-24,32.340000
2022-06-27,32.230000
2022-06-28,31.910000
2022-06-29,31.730000
2022-06-30,31.450001
2022-07-01,31.879999
2022-07-05,31.770000
2022-07-06,31.690001
2022-07-07,32.150002
2022-07-08,32.080002
2022-07-11,31.820000
2022-07-12,31.620001
2022-07-13,31.340000
2022-07-14,30.740000
2022-07-15,31.780001
2022-07-18,31.660000
2022-07-19,32.610001
2022-07-20,32.730000
2022-07-21,32.939999
2022-07-22,32.750000
2022-07-25,32.959999
2022-07-26,32.500000
2022-07-27,33.000000
2022-07-28,33.240002
2022-07-29,33.709999
2022-08-01,33.430000
2022-08-02,33.060001
2022-08-03,33.560001
2022-08-04,33.450001
2022-08-05,33.689999
2022-08-08,33.669998
2022-08-09,33.840000
2022-08-10,34.599998
2022-08-11,35.009998
2022-08-12,35.560001
2022-08-15,35.549999
2022-08-16,35.810001
2022-08-17,35.630001
2022-08-18,35.669998
2022-08-19,34.959999
2022-08-22,34.189999
2022-08-23,34.049999
2022-08-24,34.230000
2022-08-25,34.759998
2022-08-26,33.720001
2022-08-29,33.480000
2022-08-30,33.299999
2022-08-31,33.049999
2022-09-01,33.150002
2022-09-02,32.889999
2022-09-06,32.810001
2022-09-07,33.459999
2022-09-08,34.049999
2022-09-09,34.360001
2022-09-12,34.639999
2022-09-13,33.349998
2022-09-14,33.250000
2022-09-15,33.360001
2022-09-16,33.060001
2022-09-19,33.259998
2022-09-20,32.770000
2022-09-21,32.090000
2022-09-22,31.549999
2022-09-23,31.049999
2022-09-26,30.559999
2022-09-27,30.430000
2022-09-28,31.030001
2022-09-29,30.639999
2022-09-30,30.360001
2022-10-03,31.180000
2022-10-04,32.340000
2022-10-05,32.090000
2022-10-06,31.639999
2022-10-07,30.889999
2022-10-10,30.750000
2022-10-11,30.360001
2022-10-12,30.290001
2022-10-13,31.540001
2022-10-14,31.010000
2022-10-17,31.790001
2022-10-18,32.299999
2022-10-19,31.770000
2022-10-20,31.260000
2022-10-21,32.189999
2022-10-24,32.619999
2022-10-25,33.009998
2022-10-26,33.090000
2022-10-27,33.360001
2022-10-28,34.189999
2022-10-31,33.980000
2022-11-01,34.070000
2022-11-02,33.639999
2022-11-03,33.299999
2022-11-04,33.910000
2022-11-07,34.250000
2022-11-08,34.450001
2022-11-09,33.869999
2022-11-10,35.580002
2022-11-11,35.869999
2022-11-14,35.360001
2022-11-15,35.439999
2022-11-16,35.270000
2022-11-17,35.080002
2022-11-18,35.369999
2022-11-21,35.480000
2022-11-22,35.840000
2022-11-23,35.990002
2022-11-25,36.110001
2022-11-28,35.490002
2022-11-29,35.700001
2022-11-30,36.310001
2022-12-01,36.099998
2022-12-02,35.930000
2022-12-05,35.040001
2022-12-06,34.730000
2022-12-07,34.590000
2022-12-08,34.619999
2022-12-09,34.529999
2022-12-12,34.990002
2022-12-13,35.080002
2022-12-14,34.639999
2022-12-15,33.959999
2022-12-16,33.700001
2022-12-19,33.400002
2022-12-20,33.540001
2022-12-21,34.060001
2022-12-22,33.759998
2022-12-23,33.950001
2022-12-27,33.939999
2022-12-28,33.820000
2022-12-29,34.290001
2022-12-30,34.200001
2023-01-03,34.320000
2023-01-04,34.869999
2023-01-05,34.610001
2023-01-06,35.380001
2023-01-09,35.250000
2023-01-10,35.450001
2023-01-11,35.779999
2023-01-12,35.849998
2023-01-13,36.119999
2023-01-17,35.880001
2023-01-18,35.209999
2023-01-19,34.799999
2023-01-20,35.349998
2023-01-23,35.759998
2023-01-24,35.779999
2023-01-25,36.060001
2023-01-26,36.250000
2023-01-27,36.250000
2023-01-30,36.070000
2023-01-31,36.560001
2023-02-01,36.560001
2023-02-02,36.660000
2023-02-03,36.590000
2023-02-06,36.580002
2023-02-07,37.000000
2023-02-08,36.779999
2023-02-09,36.369999
2023-02-10,36.490002
2023-02-13,36.910000
2023-02-14,36.709999
2023-02-15,36.750000
2023-02-16,36.380001
2023-02-17,36.389999
2023-02-21,35.639999
2023-02-22,35.599998
2023-02-23,35.630001
2023-02-24,35.660000
2023-02-27,35.650002
2023-02-28,35.720001
2023-03-01,35.599998
2023-03-02,35.430000
2023-03-03,35.990002
2023-03-06,36.020000
2023-03-07,35.090000
2023-03-08,34.959999
2023-03-09,33.540001
2023-03-10,32.930000
2023-03-13,31.629999
2023-03-14,32.270000
2023-03-15,31.410000
2023-03-16,32.009998
2023-03-17,30.980000
2023-03-20,31.170000
2023-03-21,31.959999
2023-03-22,31.219999
2023-03-23,31.010000
2023-03-24,30.990000
2023-03-27,31.420000
2023-03-28,31.410000
2023-03-29,31.870001
2023-03-30,31.799999
2023-03-31,32.150002
2023-04-03,32.209999
2023-04-04,31.910000
2023-04-05,31.870001
2023-04-06,31.990000
2023-04-10,32.060001
2023-04-11,32.340000
2023-04-12,32.270000
2023-04-13,32.560001
2023-04-14,32.880001
2023-04-17,33.259998
2023-04-18,33.360001
2023-04-19,33.439999
2023-04-20,33.340000
2023-04-21,33.220001
2023-04-24,33.139999
2023-04-25,32.570000
2023-04-26,32.259998
2023-04-27,32.779999
2023-04-28,33.169998
2023-05-01,33.080002
2023-05-02,32.330002
2023-05-03,31.959999
2023-05-04,31.549999
2023-05-05,32.330002
2023-05-08,32.380001
2023-05-09,32.259998
2023-05-10,32.080002
2023-05-11,32.029999
2023-05-12,31.900000
2023-05-15,32.160000
2023-05-16,31.860001
2023-05-17,32.500000
2023-05-18,32.740002
2023-05-19,32.599998
2023-05-22,32.660000
2023-05-23,32.279999
2023-05-24,31.860001
2023-05-25,31.850000
2023-05-26,32.110001
2023-05-30,32.099998
2023-05-31,31.760000
2023-06-01,32.099998
2023-06-02,32.799999
2023-06-05,32.630001
2023-06-06,33.040001
2023-06-07,33.169998
2023-06-08,33.139999
2023-06-09,33.150002
2023-06-12,33.139999
2023-06-13,33.340000
2023-06-14,33.209999
2023-06-15,33.650002
2023-06-16,33.580002
2023-06-20,33.180000
2023-06-21,33.139999
2023-06-22,32.880001
2023-06-23,32.740002
2023-06-26,32.669998
2023-06-27,32.930000
2023-06-28,32.849998
2023-06-29,33.419998
2023-06-30,33.709999
2023-07-03,33.900002
2023-07-05,33.830002
2023-07-06,33.540001
2023-07-07,33.590000
2023-07-10,33.740002
2023-07-11,34.139999
2023-07-12,34.360001
2023-07-13,34.480000
2023-07-14,34.250000
2023-07-17,34.580002
2023-07-18,34.970001
2023-07-19,35.119999
2023-07-20,35.380001
2023-07-21,35.259998
2023-07-24,35.599998
2023-07-25,35.369999
2023-07-26,35.580002
2023-07-27,35.130001
2023-07-28,35.200001
2023-07-31,35.330002
2023-08-01,35.330002
2023-08-02,35.029999
2023-08-03,35.049999
2023-08-04,34.910000
2023-08-07,35.400002
2023-08-08,35.080002
2023-08-09,34.820000
2023-08-10,34.849998
2023-08-11,34.919998
2023-08-14,34.849998
2023-08-15,34.209999
2023-08-16,34.160000
2023-08-17,33.990002
2023-08-18,33.980000
2023-08-21,33.939999
2023-08-22,33.619999
2023-08-23,33.950001
2023-08-24,33.830002
2023-08-25,33.990002
2023-08-28,34.180000
2023-08-29,34.490002
2023-08-30,34.509998
2023-08-31,34.380001
2023-09-01,34.689999
2023-09-05,34.340000
2023-09-06,34.320000
2023-09-07,34.230000
2023-09-08,34.299999
2023-09-11,34.459999
2023-09-12,34.689999
2023-09-13,34.689999
2023-09-14,35.009998
2023-09-15,34.830002
2023-09-18,34.770000
2023-09-19,34.730000
2023-09-20,34.490002
2023-09-21,33.919998
2023-09-22,33.660000
2023-09-25,33.740002
2023-09-26,33.290001
2023-09-27,33.240002
2023-09-28,33.480000
2023-09-29,33.169998
2023-10-02,32.889999
2023-10-03,32.369999
2023-10-04,32.610001
2023-10-05,32.759998
2023-10-06,33.040001
2023-10-09,33.060001
2023-10-10,33.299999
2023-10-11,33.349998
2023-10-12,33.139999
2023-10-13,33.209999
2023-10-16,33.560001
2023-10-17,33.720001
2023-10-18,33.139999
2023-10-19,32.700001
2023-10-20,32.200001
2023-10-23,32.000000
2023-10-24,32.220001
2023-10-25,32.099998
2023-10-26,32.029999
2023-10-27,31.450001
2023-10-30,32.009998
2023-10-31,32.360001
2023-11-01,32.570000
2023-11-02,33.340000
2023-11-03,33.779999
2023-11-06,33.680000
2023-11-07,33.630001
2023-11-08,33.669998
2023-11-09,33.529999
2023-11-10,33.910000
2023-11-13,33.860001
2023-11-14,34.500000
2023-11-15,34.689999
2023-11-16,34.830002
2023-11-17,35.009998
2023-11-20,35.150002
2023-11-21,35.130001
2023-11-22,35.270000
2023-11-24,35.380001
2023-11-27,35.259998
2023-11-28,35.250000
2023-11-29,35.500000
2023-11-30,35.900002
2023-12-01,36.169998
2023-12-04,36.130001
2023-12-05,35.950001
2023-12-06,35.770000
2023-12-07,35.939999
2023-12-08,36.130001
2023-12-11,36.349998
2023-12-12,36.610001
2023-12-13,37.200001
2023-12-14,37.570000
2023-12-15,37.349998
2023-12-18,37.290001
2023-12-19,37.570000
2023-12-20,36.900002
2023-12-21,37.259998
2023-12-22,37.340000
2023-12-26,37.490002
2023-12-27,37.610001
2023-12-28,37.720001
2023-12-29,37.599998
2024-01-02,37.759998
2024-01-03,37.439999
2024-01-04,37.590000
2024-01-05,37.750000
2024-01-08,37.990002
2024-01-09,37.750000
2024-01-10,37.810001
2024-01-11,37.669998
2024-01-12,37.599998
2024-01-16,37.340000
2024-01-17,37.270000
2024-01-18,37.330002
2024-01-19,37.930000
2024-01-22,38.110001
2024-01-23,38.169998
2024-01-24,38.320000
2024-01-25,38.509998
2024-01-26,38.650002
2024-01-29,38.750000
2024-01-30,39.240002
2024-01-31,38.759998
2024-02-01,38.820000
2024-02-02,38.980000
2024-02-05,38.750000
2024-02-06,38.830002
2024-02-07,39.119999
2024-02-08,38.970001
2024-02-09,39.080002
2024-02-12,39.259998
2024-02-13,38.730000
2024-02-14,39.099998
2024-02-15,39.770000
2024-02-16,39.630001
2024-02-20,39.520000
2024-02-21,39.639999
2024-02-22,40.099998
2024-02-23,40.299999
2024-02-26,40.099998
2024-02-27,40.209999
2024-02-28,40.360001
2024-02-29,40.340000
2024-03-01,40.290001
2024-03-04,40.389999
2024-03-05,40.400002
2024-03-06,40.610001
2024-03-07,40.549999
2024-03-08,40.619999
2024-03-11,40.689999
2024-03-12,40.860001
2024-03-13,41.160000
2024-03-14,40.830002
2024-03-15,40.790001
2024-03-18,40.869999
2024-03-19,41.070000
2024-03-20,41.560001
2024-03-21,41.900002
2024-03-22,41.419998
2024-03-25,41.259998
2024-03-26,41.400002
2024-03-27,41.889999
2024-03-28,42.119999
2024-04-01,41.889999
2024-04-02,41.669998
2024-04-03,41.650002
2024-04-04,41.180000
2024-04-05,41.570000
2024-04-08,41.750000
2024-04-09,41.509998
2024-04-10,40.889999
2024-04-11,40.599998
2024-04-12,40.060001
2024-04-15,39.860001
2024-04-16,39.590000
2024-04-17,39.689999
2024-04-18,39.830002
2024-04-19,40.380001
2024-04-22,40.869999
2024-04-23,41.130001
2024-04-24,41.119999
2024-04-25,40.880001
2024-04-26,40.820000
2024-04-29,40.759998
2024-04-30,40.360001
2024-05-01,40.360001
2024-05-02,40.459999
2024-05-03,40.549999
2024-05-06,41.070000
2024-05-07,41.209999
2024-05-08,41.360001
2024-05-09,41.669998
2024-05-10,41.830002
2024-05-13,41.660000
2024-05-14,41.869999
2024-05-15,42.180000
2024-05-16,42.180000
2024-05-17,42.490002
2024-05-20,41.910000
2024-05-21,42.180000
2024-05-22,41.939999
2024-05-23,41.360001
2024-05-24,41.610001
2024-05-28,41.150002
2024-05-29,40.820000
2024-05-30,41.040001
2024-05-31,41.639999
2024-06-03,41.380001
2024-06-04,41.189999
2024-06-05,41.310001
2024-06-06,41.290001
2024-06-07,41.480000
2024-06-10,41.320000
2024-06-11,40.849998
2024-06-12,40.810001
2024-06-13,40.779999
2024-06-14,40.650002
2024-06-17,41.009998
2024-06-18,41.270000
2024-06-20,41.490002
2024-06-21,41.330002
2024-06-24,41.590000
2024-06-25,41.279999
2024-06-26,41.020000
2024-06-27,40.970001
2024-06-28,41.110001
2024-07-01,41.200001
2024-07-02,41.680000
2024-07-03,41.549999
2024-07-05,41.540001
2024-07-08,41.430000
2024-07-09,41.750000
2024-07-10,41.910000
2024-07-11,42.240002
2024-07-12,42.380001
2024-07-15,43.000000
2024-07-16,43.490002
2024-07-17,43.820000
2024-07-18,43.290001
2024-07-19,42.849998
2024-07-22,43.090000
2024-07-23,43.169998
2024-07-24,42.580002
2024-07-25,42.740002
2024-07-26,43.410000
2024-07-29,43.349998
2024-07-30,43.849998
2024-07-31,43.740002
2024-08-01,43.119999
2024-08-02,42.060001
2024-08-05,40.840000
2024-08-06,41.500000
2024-08-07,41.549999
2024-08-08,42.220001
2024-08-09,42.400002
2024-08-12,42.180000
2024-08-13,42.529999
2024-08-14,43.049999
2024-08-15,43.450001
2024-08-16,43.770000
2024-08-19,44.009998
2024-08-20,43.869999
2024-08-21,43.799999
2024-08-22,44.049999
2024-08-23,44.430000
2024-08-26,44.570000
2024-08-27,44.799999
2024-08-28,44.910000
2024-08-29,45.310001
2024-08-30,45.740002
2024-09-03,45.400002
2024-09-04,45.450001
2024-09-05,44.950001
2024-09-06,44.290001
2024-09-09,44.950001
2024-09-10,44.490002
2024-09-11,44.279999
2024-09-12,44.380001
2024-09-13,44.509998
2024-09-16,45.090000
2024-09-17,45.330002
2024-09-18,45.189999
2024-09-19,45.689999
2024-09-20,45.660000
2024-09-23,45.439999
2024-09-24,45.060001
2024-09-25,44.790001
2024-09-26,45.020000
2024-09-27,45.150002
2024-09-30,45.320000
2024-10-01,45.080002
2024-10-02,45.130001
2024-10-03,44.889999
2024-10-04,45.650002
2024-10-07,45.090000
2024-10-08,45.349998
2024-10-09,45.770000
2024-10-10,45.630001
2024-10-11,46.509998
2024-10-14,46.799999
2024-10-15,46.900002
2024-10-16,47.480000
2024-10-17,47.610001
2024-10-18,47.619999
2024-10-21,47.240002
2024-10-22,47.150002
2024-10-23,47.110001
2024-10-24,47.150002
2024-10-25,46.630001
2024-10-28,47.209999
2024-10-29,46.919998
2024-10-30,47.130001
2024-10-31,46.480000
2024-11-01,46.639999
2024-11-04,46.279999
2024-11-05,46.709999
2024-11-06,49.549999
2024-11-07,48.750000
2024-11-08,49.189999
2024-11-11,49.889999
2024-11-12,49.740002
2024-11-13,49.770000
2024-11-14,49.639999
2024-11-15,49.869999
2024-11-18,50.020000
2024-11-19,49.689999
2024-11-20,49.540001
2024-11-21,50.169998
2024-11-22,50.730000
2024-11-25,51.060001
2024-11-26,51.160000
2024-11-27,51.259998
2024-11-29,51.340000
2024-12-02,50.830002
2024-12-03,50.450001
2024-12-04,50.259998
2024-12-05,50.410000
2024-12-06,50.400002
2024-12-09,49.709999
2024-12-10,49.700001
2024-12-11,49.799999
2024-12-12,49.580002
2024-12-13,49.540001
2024-12-16,49.450001
2024-12-17,49.099998
2024-12-18,47.630001
2024-12-19,47.799999
2024-12-20,48.509998
2024-12-23,48.419998
2024-12-24,48.990002
2024-12-26,49.110001
2024-12-27,48.750000
2024-12-30,48.279999
2024-12-31,48.330002
2025-01-02,48.209999
2025-01-03,48.590000
2025-01-06,48.439999
2025-01-07,48.330002
2025-01-08,48.490002
2025-01-10,47.320000
2025-01-13,47.660000
2025-01-14,48.250000
2025-01-15,49.480000
2025-01-16,49.810001
2025-01-17,50.230000
2025-01-21,50.650002
2025-01-22,50.410000
2025-01-23,50.700001
2025-01-24,50.849998
2025-01-27,51.410000
2025-01-28,51.320000
2025-01-29,51.279999
2025-01-30,51.770000
2025-01-31,51.470001
2025-02-03,51.259998
2025-02-04,51.139999
2025-02-05,51.680000
2025-02-06,52.110001
2025-02-07,51.820000
2025-02-10,51.410000
2025-02-11,51.540001
2025-02-12,51.360001
2025-02-13,51.700001
2025-02-14,51.799999
2025-02-18,52.169998
2025-02-19,52.189999
2025-02-20,51.389999
2025-02-21,50.750000
2025-02-24,50.970001
2025-02-25,50.959999
2025-02-26,50.849998
2025-02-27,51.130001
2025-02-28,52.180000
2025-03-03,51.740002
2025-03-04,49.919998
2025-03-05,50.209999
2025-03-06,49.380001
2025-03-07,49.119999
2025-03-10,48.020000
2025-03-11,47.610001
2025-03-12,47.680000
2025-03-13,47.419998
2025-03-14,48.520000
2025-03-17,49.090000
2025-03-18,49.029999
2025-03-19,49.570000
2025-03-20,49.639999
2025-03-21,49.459999
2025-03-24,50.150002
2025-03-25,50.430000
2025-03-26,50.279999
2025-03-27,50.180000
2025-03-28,49.209999
2025-03-31,49.810001
2025-04-01,49.750000
2025-04-02,50.160000
2025-04-03,47.689999
2025-04-04,44.200001
2025-04-07,44.090000
2025-04-08,43.919998
2025-04-09,47.230000
2025-04-10,45.910000
2025-04-11,46.669998
2025-04-14,47.150002
2025-04-15,47.270000
2025-04-16,46.529999
2025-04-17,46.650002
2025-04-21,45.650002
2025-04-22,47.160000
2025-04-23,47.720001
2025-04-24,48.250000
2025-04-25,48.020000
2025-04-28,48.169998
2025-04-29,48.669998
2025-04-30,48.759998
2025-05-01,48.750000
2025-05-02,49.759998
2025-05-05,49.439999
2025-05-06,49.160000
2025-05-07,49.450001
2025-05-08,49.860001
2025-05-09,49.860001
2025-05-12,50.869999
2025-05-13,51.080002
2025-05-14,50.939999
2025-05-15,51.279999
2025-05-16,51.590000
2025-05-19,51.619999
2025-05-20,51.340000
2025-05-21,50.290001
2025-05-22,50.230000
2025-05-23,50.049999
2025-05-27,50.930000
2025-05-28,50.590000
2025-05-29,50.849998
2025-05-30,50.959999
2025-06-02,50.980000
2025-06-03,51.080002
2025-06-04,50.790001
2025-06-05,50.650002
2025-06-06,51.279999
2025-06-09,51.000000
2025-06-10,51.060001
2025-06-11,51.000000
2025-06-12,51.000000
2025-06-13,49.959999
2025-06-16,50.529999
2025-06-17,50.240002
2025-06-18,50.220001
2025-06-20,50.360001
2025-06-23,50.820000
2025-06-24,51.580002
2025-06-25,51.410000
2025-06-26,51.790001
2025-06-27,51.939999
2025-06-30,52.369999
2025-07-01,52.660000
2025-07-02,52.619999
2025-07-03,53.189999
2025-07-07,52.680000
2025-07-08,52.209999
2025-07-09,52.400002
2025-07-10,52.709999
2025-07-11,52.160000
2025-07-14,52.549999
2025-07-15,51.650002
2025-07-16,52.009998
2025-07-17,52.509998
2025-07-18,52.540001
2025-07-21,52.389999
2025-07-22,52.680000
2025-07-23,53.099998
2025-07-24,53.070000
2025-07-25,53.439999
2025-07-28,53.070000
2025-07-29,52.799999
2025-07-30,52.700001
2025-07-31,52.369999
2025-08-01,51.400002
2025-08-04,51.910000
2025-08-05,51.700001
2025-08-06,51.950001
2025-08-07,51.369999
2025-08-08,51.849998
2025-08-11,51.830002
2025-08-12,52.459999
2025-08-13,52.759998
2025-08-14,53.009998
2025-08-15,52.459999
2025-08-18,52.500000
2025-08-19,52.599998
2025-08-20,52.869999
2025-08-21,52.700001
2025-08-22,53.570000
2025-08-25,53.259998
2025-08-26,53.669998
2025-08-27,53.779999
2025-08-28,53.849998
2025-08-29,53.990002
2025-09-02,53.590000
2025-09-03,53.500000
2025-09-04,54.060001
2025-09-05,53.070000
2025-09-08,53.110001
2025-09-09,53.340000
2025-09-10,53.160000
2025-09-11,54.029999
2025-09-12,53.799999
2025-09-15,53.680000
2025-09-16,53.560001
2025-09-17,54.080002
2025-09-18,54.130001
2025-09-19,54.250000
2025-09-22,54.000000
2025-09-23,53.759998
2025-09-24,53.610001
2025-09-25,53.470001
2025-09-26,53.860001
2025-09-29,54.130001
2025-09-30,53.869999
2025-10-01,53.389999
2025-10-02,53.349998
2025-10-03,53.720001
2025-10-06,53.700001
2025-10-07,53.770000
2025-10-08,53.509998
2025-10-09,53.320000
2025-10-10,52.160000
2025-10-13,52.660000
2025-10-14,53.240002
2025-10-15,53.240002
2025-10-16,51.759998
2025-10-17,52.180000
2025-10-20,52.790001
2025-10-21,52.730000
2025-10-22,52.430000
2025-10-23,52.540001
2025-10-24,53.110001
2025-10-27,53.330002
2025-10-28,52.990002
2025-10-29,52.090000
2025-10-30,52.230000
2025-10-31,52.369999
2025-11-03,52.150002
2025-11-04,52.419998
2025-11-05,52.599998
2025-11-06,52.410000
2025-11-07,52.779999
2025-11-10,52.970001
2025-11-11,53.209999
2025-11-12,53.669998
2025-11-13,52.980000
2025-11-14,52.450001
2025-11-17,51.450001
2025-11-18,51.369999
2025-11-19,51.560001
2025-11-20,51.110001
2025-11-21,51.669998
2025-11-24,51.889999
2025-11-25,52.540001
2025-11-26,52.950001
2025-11-28,53.330002
2025-12-01,52.889999
2025-12-02,52.840000
2025-12-03,53.549999
2025-12-04,53.660000
2025-12-05,53.680000
2025-12-08,53.480000
2025-12-09,53.279999
2025-12-10,53.889999
2025-12-11,54.869999
2025-12-12,54.950001
2025-12-15,54.990002
2025-12-16,54.639999
2025-12-17,54.630001
2025-12-18,54.540001
2025-12-19,54.840000
2025-12-22,55.320000
2025-12-23,55.430000
2025-12-24,55.730000
2025-12-26,55.619999
2025-12-29,55.320000
2025-12-30,55.180000
2025-12-31,54.770000
2026-01-02,54.930000
2026-01-05,56.130001
2026-01-06,56.400002
2026-01-07,55.610001
2026-01-08,55.900002
2026-01-09,55.730000
2026-01-12,55.290001
2026-01-13,54.230000
2026-01-14,54.150002
2026-01-15,54.369999
2026-01-16,54.439999
2026-01-20,53.200001
2026-01-21,53.459999
2026-01-22,53.810001
2026-01-23,53.070000
2026-01-26,53.410000
2026-01-27,53.000000
2026-01-28,52.990002
2026-01-29,53.549999
2026-01-30,53.439999
2026-02-02,54.029999
2026-02-03,53.529999
2026-02-04,53.959999
2026-02-05,53.290001
2026-02-06,54.259998
2026-02-09,53.939999
2026-02-10,53.549999
2026-02-11,52.740002
2026-02-12,51.689999
2026-02-13,51.650002
2026-02-17,52.200001
2026-02-18,52.590000
2026-02-19,52.150002
2026-02-20,52.490002
2026-02-23,50.730000
2026-02-24,50.980000
2026-02-25,51.869999
2026-02-26,52.500000
2026-02-27,51.430000
2026-03-02,51.299999
2026-03-03,51.209999
2026-03-04,51.500000
2026-03-05,51.230000
2026-03-06,50.570000
2026-03-09,50.330002
2026-03-10,50.060001
2026-03-11,49.639999
2026-03-12,48.830002
2026-03-13,48.889999
2026-03-16,49.299999
2026-03-17,49.560001
2026-03-18,48.970001
2026-03-19,48.990002
2026-03-20,49.080002
2026-03-23,49.270000
2026-03-24,49.279999
2026-03-25,49.340000
2026-03-26,49.049999
2026-03-27,47.810001
2026-03-30,48.360001
2026-03-31,49.369999
2026-04-01,49.439999
2026-04-02,49.529999
2026-04-06,49.880001
2026-04-07,49.880001
2026-04-08,51.200001
2026-04-09,51.330002
2026-04-10,50.770000
2026-04-13,51.660000
2026-04-14,51.779999
2026-04-15,52.169998
2026-04-16,52.029999
2026-04-17,52.430000
2026-04-20,52.630001
2026-04-21,52.299999
2026-04-22,52.209999
2026-04-23,51.799999
2026-04-24,51.419998
2026-04-27,51.810001
2026-04-28,51.849998
2026-04-29,51.919998
2026-04-30,52.130001
2026-05-01,51.919998
2026-05-04,51.580002
2026-05-05,51.590000
2026-05-06,51.840000
2026-05-07,51.549999
2026-05-08,51.240002
2026-05-11,51.180000
2026-05-12,51.580002
2026-05-13,50.990002
2026-05-14,51.290001
2026-05-15,51.099998
2026-05-18,51.740002
2026-05-19,51.099998
2026-05-20,51.660000
2026-05-21,51.730000
2026-05-22,51.939999
2026-05-26,51.849998
2026-05-27,51.419998
2026-05-28,51.270000
2026-05-29,51.580002
2026-06-01,51.430000
2026-06-02,51.459999
2026-06-03,50.869999
2026-06-04,52.189999
2026-06-05,52.299999
2026-06-08,51.970001
2026-06-09,52.459999
2026-06-10,52.230000
2026-06-11,52.619999
2026-06-12,53.340000
2026-06-15,53.560001
2026-06-16,54.349998
2026-06-17,54.049999
2026-06-18,53.570000
2026-06-22,53.700001
2026-06-23,53.880001
2026-06-24,53.720001
2026-06-25,53.450001
2026-06-26,53.570000
2026-06-29,53.720001
2026-06-30,53.610001
2026-07-01,54.779999
2026-07-02,55.619999
2026-07-06,56.139999
2026-07-07,56.049999
2026-07-08,54.970001
2026-07-09,55.540001
2026-07-10,55.709999
2026-07-13,56.070000
2026-07-14,56.180000
2026-07-15,56.560001
2026-07-16,56.750000
2026-07-17,56.259998
2026-07-20,56.040001
2026-07-21,56.110001
2026-07-22,56.049999
2026-07-23,55.830002
2026-07-24,56.310001
2026-07-27,56.880001
2026-07-28,57.599998
2026-07-29,56.680000
2026-07-30,57.000000
2026-07-31,56.939999
2026-08-03,57.380001
2026-08-04,57.880001
2026-08-05,58.000000
2026-08-06,57.810001
2026-08-07,57.599998
2026-08-10,57.810001
2026-08-11,57.799999
2026-08-12,57.919998
2026-08-13,58.259998
2026-08-14,58.160000
2026-08-17,57.580002
2026-08-18,57.840000
2026-08-19,57.480000
2026-08-20,56.950001
2026-08-21,57.480000
2026-08-24,58.220001
2026-08-25,58.310001
2026-08-26,58.259998
2026-08-27,57.880001
2026-08-28,58.099998
2026-08-31,57.709999
2026-09-01,57.200001
2026-09-02,57.660000
2026-09-03,58.560001
2026-09-04,58.099998
2026-09-08,57.299999
2026-09-09,57.060001
