d,c
1998-12-22,23.281250
1998-12-23,23.687500
1998-12-24,24.000000
1998-12-28,24.125000
1998-12-29,24.468750
1998-12-30,24.359375
1998-12-31,24.562500
1999-01-04,24.218750
1999-01-05,24.718750
1999-01-06,25.250000
1999-01-07,25.031250
1999-01-08,25.218750
1999-01-11,24.984375
1999-01-12,24.687500
1999-01-13,24.062500
1999-01-14,23.953125
1999-01-15,24.359375
1999-01-19,24.312500
1999-01-20,24.203125
1999-01-21,24.000000
1999-01-22,23.531250
1999-01-25,23.921875
1999-01-26,23.921875
1999-01-27,24.109375
1999-01-28,24.140625
1999-01-29,24.296875
1999-02-01,24.328125
1999-02-02,24.140625
1999-02-03,24.375000
1999-02-04,24.406250
1999-02-05,24.328125
1999-02-08,24.406250
1999-02-09,24.078125
1999-02-10,24.171875
1999-02-11,24.500000
1999-02-12,24.359375
1999-02-16,24.484375
1999-02-17,24.484375
1999-02-18,24.484375
1999-02-19,24.640625
1999-02-22,25.015625
1999-02-23,25.000000
1999-02-24,24.937500
1999-02-25,24.437500
1999-02-26,24.515625
1999-03-01,24.500000
1999-03-02,24.296875
1999-03-03,24.156250
1999-03-04,24.625000
1999-03-05,25.171875
1999-03-08,25.312500
1999-03-09,25.437500
1999-03-10,25.390625
1999-03-11,25.421875
1999-03-12,25.500000
1999-03-15,25.437500
1999-03-16,25.265625
1999-03-17,25.218750
1999-03-18,25.281250
1999-03-19,25.343750
1999-03-22,25.156250
1999-03-23,24.562500
1999-03-24,24.500000
1999-03-25,24.765625
1999-03-26,24.828125
1999-03-29,25.234375
1999-03-30,25.218750
1999-03-31,24.937500
1999-04-01,25.203125
1999-04-05,25.750000
1999-04-06,25.609375
1999-04-07,25.656250
1999-04-08,25.796875
1999-04-09,25.812500
1999-04-12,26.437500
1999-04-13,26.640625
1999-04-14,27.218750
1999-04-15,27.921875
1999-04-16,28.078125
1999-04-19,28.312500
1999-04-20,28.125000
1999-04-21,28.218750
1999-04-22,28.234375
1999-04-23,28.453125
1999-04-26,28.421875
1999-04-27,28.562500
1999-04-28,28.921875
1999-04-29,29.031250
1999-04-30,28.687500
1999-05-03,29.250000
1999-05-04,29.375000
1999-05-05,29.375000
1999-05-06,29.437500
1999-05-07,30.000000
1999-05-10,29.593750
1999-05-11,30.093750
1999-05-12,29.796875
1999-05-13,29.500000
1999-05-14,29.125000
1999-05-17,29.062500
1999-05-18,28.687500
1999-05-19,29.125000
1999-05-20,29.203125
1999-05-21,28.859375
1999-05-24,28.609375
1999-05-25,28.515625
1999-05-26,28.312500
1999-05-27,27.843750
1999-05-28,28.125000
1999-06-01,28.140625
1999-06-02,28.515625
1999-06-03,28.812500
1999-06-04,29.109375
1999-06-07,29.390625
1999-06-08,29.125000
1999-06-09,29.156250
1999-06-10,28.812500
1999-06-11,28.765625
1999-06-14,29.109375
1999-06-15,29.203125
1999-06-16,29.609375
1999-06-17,29.843750
1999-06-18,30.031250
1999-06-21,29.625000
1999-06-22,29.484375
1999-06-23,29.578125
1999-06-24,29.265625
1999-06-25,29.093750
1999-06-28,29.140625
1999-06-29,29.296875
1999-06-30,29.812500
1999-07-01,29.828125
1999-07-02,29.968750
1999-07-06,30.000000
1999-07-07,29.781250
1999-07-08,29.890625
1999-07-09,29.921875
1999-07-12,29.656250
1999-07-13,29.546875
1999-07-14,29.703125
1999-07-15,29.906250
1999-07-16,29.953125
1999-07-19,29.984375
1999-07-20,29.953125
1999-07-21,29.921875
1999-07-22,29.812500
1999-07-23,29.656250
1999-07-26,29.437500
1999-07-27,29.828125
1999-07-28,29.656250
1999-07-29,29.062500
1999-07-30,28.718750
1999-08-02,28.796875
1999-08-03,28.812500
1999-08-04,28.593750
1999-08-05,28.750000
1999-08-06,28.484375
1999-08-09,28.390625
1999-08-10,28.125000
1999-08-11,28.625000
1999-08-12,28.515625
1999-08-13,29.015625
1999-08-16,29.125000
1999-08-17,29.531250
1999-08-18,29.250000
1999-08-19,28.875000
1999-08-20,29.171875
1999-08-23,29.796875
1999-08-24,29.812500
1999-08-25,30.140625
1999-08-26,29.984375
1999-08-27,29.640625
1999-08-30,28.890625
1999-08-31,28.953125
1999-09-01,29.031250
1999-09-02,28.781250
1999-09-03,29.484375
1999-09-07,29.812500
1999-09-08,29.906250
1999-09-09,29.687500
1999-09-10,29.609375
1999-09-13,29.390625
1999-09-14,29.125000
1999-09-15,29.171875
1999-09-16,28.906250
1999-09-17,29.328125
1999-09-20,29.359375
1999-09-21,28.984375
1999-09-22,28.890625
1999-09-23,28.656250
1999-09-24,28.046875
1999-09-27,28.406250
1999-09-28,28.062500
1999-09-29,28.218750
1999-09-30,28.750000
1999-10-01,28.359375
1999-10-04,28.859375
1999-10-05,28.562500
1999-10-06,28.968750
1999-10-07,29.000000
1999-10-08,29.390625
1999-10-11,29.437500
1999-10-12,28.828125
1999-10-13,28.015625
1999-10-14,27.734375
1999-10-15,27.343750
1999-10-18,26.812500
1999-10-19,26.828125
1999-10-20,27.062500
1999-10-21,26.765625
1999-10-22,27.484375
1999-10-25,27.437500
1999-10-26,27.265625
1999-10-27,27.359375
1999-10-28,27.984375
1999-10-29,28.125000
1999-11-01,27.406250
1999-11-02,27.750000
1999-11-03,27.562500
1999-11-04,27.484375
1999-11-05,27.625000
1999-11-08,27.671875
1999-11-09,27.687500
1999-11-10,27.578125
1999-11-11,27.687500
1999-11-12,27.875000
1999-11-15,28.031250
1999-11-16,28.687500
1999-11-17,28.875000
1999-11-18,28.968750
1999-11-19,28.625000
1999-11-22,28.500000
1999-11-23,28.218750
1999-11-24,28.234375
1999-11-26,28.093750
1999-11-29,27.625000
1999-11-30,27.500000
1999-12-01,27.718750
1999-12-02,27.656250
1999-12-03,28.109375
1999-12-06,28.031250
1999-12-07,27.500000
1999-12-08,27.984375
1999-12-09,27.234375
1999-12-10,27.734375
1999-12-13,27.890625
1999-12-14,27.890625
1999-12-15,27.625000
1999-12-16,27.875000
1999-12-17,28.531250
1999-12-20,27.671875
1999-12-21,28.062500
1999-12-22,27.937500
1999-12-23,28.312500
1999-12-27,28.593750
1999-12-28,28.890625
1999-12-29,29.109375
1999-12-30,29.171875
1999-12-31,29.609375
2000-01-03,28.843750
2000-01-04,28.046875
2000-01-05,27.921875
2000-01-06,28.296875
2000-01-07,29.375000
2000-01-10,29.375000
2000-01-11,29.000000
2000-01-12,28.656250
2000-01-13,29.203125
2000-01-14,29.000000
2000-01-18,28.968750
2000-01-19,28.875000
2000-01-20,28.687500
2000-01-21,28.328125
2000-01-24,27.515625
2000-01-25,27.359375
2000-01-26,27.578125
2000-01-27,27.734375
2000-01-28,27.000000
2000-01-31,27.187500
2000-02-01,27.000000
2000-02-02,27.015625
2000-02-03,27.000000
2000-02-04,27.109375
2000-02-07,26.640625
2000-02-08,26.750000
2000-02-09,26.468750
2000-02-10,26.015625
2000-02-11,25.468750
2000-02-14,25.875000
2000-02-15,26.328125
2000-02-16,26.265625
2000-02-17,26.375000
2000-02-18,25.796875
2000-02-22,26.218750
2000-02-23,26.015625
2000-02-24,25.781250
2000-02-25,25.328125
2000-02-28,25.406250
2000-02-29,25.687500
2000-03-01,25.546875
2000-03-02,25.640625
2000-03-03,26.343750
2000-03-06,26.234375
2000-03-07,25.187500
2000-03-08,25.453125
2000-03-09,25.718750
2000-03-10,25.781250
2000-03-13,25.390625
2000-03-14,25.250000
2000-03-15,26.265625
2000-03-16,27.687500
2000-03-17,27.593750
2000-03-20,27.750000
2000-03-21,28.343750
2000-03-22,28.218750
2000-03-23,28.875000
2000-03-24,29.046875
2000-03-27,28.687500
2000-03-28,28.609375
2000-03-29,28.968750
2000-03-30,29.156250
2000-03-31,29.203125
2000-04-03,29.328125
2000-04-04,29.000000
2000-04-05,28.890625
2000-04-06,29.140625
2000-04-07,29.578125
2000-04-10,29.625000
2000-04-11,29.984375
2000-04-12,29.453125
2000-04-13,29.531250
2000-04-14,27.593750
2000-04-17,28.265625
2000-04-18,28.375000
2000-04-19,28.484375
2000-04-20,28.718750
2000-04-24,28.750000
2000-04-25,30.250000
2000-04-26,29.796875
2000-04-27,29.828125
2000-04-28,29.625000
2000-05-01,30.312500
2000-05-02,30.000000
2000-05-03,29.000000
2000-05-04,29.046875
2000-05-05,29.562500
2000-05-08,29.546875
2000-05-09,29.312500
2000-05-10,29.015625
2000-05-11,29.734375
2000-05-12,30.093750
2000-05-15,30.593750
2000-05-16,30.875000
2000-05-17,30.671875
2000-05-18,30.531250
2000-05-19,29.687500
2000-05-22,29.171875
2000-05-23,29.046875
2000-05-24,29.468750
2000-05-25,28.937500
2000-05-26,28.781250
2000-05-30,29.296875
2000-05-31,29.500000
2000-06-01,29.734375
2000-06-02,29.953125
2000-06-05,29.906250
2000-06-06,29.687500
2000-06-07,29.546875
2000-06-08,29.078125
2000-06-09,29.187500
2000-06-12,29.218750
2000-06-13,29.343750
2000-06-14,29.281250
2000-06-15,29.562500
2000-06-16,28.984375
2000-06-19,28.687500
2000-06-20,27.796875
2000-06-21,27.906250
2000-06-22,27.296875
2000-06-23,27.593750
2000-06-26,28.250000
2000-06-27,28.375000
2000-06-28,28.734375
2000-06-29,28.234375
2000-06-30,28.281250
2000-07-03,28.656250
2000-07-05,28.406250
2000-07-06,28.328125
2000-07-07,28.468750
2000-07-10,28.500000
2000-07-11,29.046875
2000-07-12,29.156250
2000-07-13,29.390625
2000-07-14,29.687500
2000-07-17,29.859375
2000-07-18,29.937500
2000-07-19,29.687500
2000-07-20,30.046875
2000-07-21,30.000000
2000-07-24,29.781250
2000-07-25,29.843750
2000-07-26,29.468750
2000-07-27,29.265625
2000-07-28,28.281250
2000-07-31,28.718750
2000-08-01,28.937500
2000-08-02,28.812500
2000-08-03,28.859375
2000-08-04,29.218750
2000-08-07,30.078125
2000-08-08,30.343750
2000-08-09,30.609375
2000-08-10,30.531250
2000-08-11,30.875000
2000-08-14,31.187500
2000-08-15,30.796875
2000-08-16,30.656250
2000-08-17,30.812500
2000-08-18,30.718750
2000-08-21,31.156250
2000-08-22,31.093750
2000-08-23,30.937500
2000-08-24,31.265625
2000-08-25,31.406250
2000-08-28,31.828125
2000-08-29,31.625000
2000-08-30,31.328125
2000-08-31,31.562500
2000-09-01,31.843750
2000-09-05,31.843750
2000-09-06,32.000000
2000-09-07,31.812500
2000-09-08,31.437500
2000-09-11,31.281250
2000-09-12,31.187500
2000-09-13,31.281250
2000-09-14,31.250000
2000-09-15,30.375000
2000-09-18,30.031250
2000-09-19,29.687500
2000-09-20,29.843750
2000-09-21,29.937500
2000-09-22,29.718750
2000-09-25,30.593750
2000-09-26,30.625000
2000-09-27,30.375000
2000-09-28,30.781250
2000-09-29,30.562500
2000-10-02,30.250000
2000-10-03,30.843750
2000-10-04,31.062500
2000-10-05,31.093750
2000-10-06,30.250000
2000-10-09,30.437500
2000-10-10,30.031250
2000-10-11,29.500000
2000-10-12,28.828125
2000-10-13,29.718750
2000-10-16,30.125000
2000-10-17,29.312500
2000-10-18,28.781250
2000-10-19,29.281250
2000-10-20,29.437500
2000-10-23,29.781250
2000-10-24,30.250000
2000-10-25,29.687500
2000-10-26,29.843750
2000-10-27,29.828125
2000-10-30,30.156250
2000-10-31,31.250000
2000-11-01,31.281250
2000-11-02,31.218750
2000-11-03,30.968750
2000-11-06,31.250000
2000-11-07,31.375000
2000-11-08,31.171875
2000-11-09,31.375000
2000-11-10,30.656250
2000-11-13,30.093750
2000-11-14,30.687500
2000-11-15,30.750000
2000-11-16,30.906250
2000-11-17,30.781250
2000-11-20,30.343750
2000-11-21,30.718750
2000-11-22,30.218750
2000-11-24,30.718750
2000-11-27,30.781250
2000-11-28,30.390625
2000-11-29,30.640625
2000-11-30,30.187500
2000-12-01,30.453125
2000-12-04,31.281250
2000-12-05,32.421875
2000-12-06,31.781250
2000-12-07,31.687500
2000-12-08,32.234375
2000-12-11,32.593750
2000-12-12,32.109375
2000-12-13,31.546875
2000-12-14,30.875000
2000-12-15,30.250000
2000-12-18,30.812500
2000-12-19,30.281250
2000-12-20,29.281250
2000-12-21,29.453125
2000-12-22,30.156250
2000-12-26,30.500000
2000-12-27,31.000000
2000-12-28,31.453125
2000-12-29,31.250000
2001-01-02,29.859375
2001-01-03,31.156250
2001-01-04,31.406250
2001-01-05,30.500000
2001-01-08,30.250000
2001-01-09,30.343750
2001-01-10,30.625000
2001-01-11,31.000000
2001-01-12,30.906250
2001-01-16,31.203125
2001-01-17,31.156250
2001-01-18,31.359375
2001-01-19,31.031250
2001-01-22,30.968750
2001-01-23,31.375000
2001-01-24,31.203125
2001-01-25,31.187500
2001-01-26,30.671875
2001-01-29,30.799999
2001-01-30,31.299999
2001-01-31,31.370001
2001-02-01,30.959999
2001-02-02,30.860001
2001-02-05,31.010000
2001-02-06,31.160000
2001-02-07,30.889999
2001-02-08,30.850000
2001-02-09,30.120001
2001-02-12,30.469999
2001-02-13,30.790001
2001-02-14,30.469999
2001-02-15,30.990000
2001-02-16,30.080000
2001-02-20,30.190001
2001-02-21,29.820000
2001-02-22,29.540001
2001-02-23,29.500000
2001-02-26,30.090000
2001-02-27,30.020000
2001-02-28,29.490000
2001-03-01,29.280001
2001-03-02,29.450001
2001-03-05,29.820000
2001-03-06,30.250000
2001-03-07,30.610001
2001-03-08,30.799999
2001-03-09,30.150000
2001-03-12,28.500000
2001-03-13,28.540001
2001-03-14,27.940001
2001-03-15,27.809999
2001-03-16,27.010000
2001-03-19,27.549999
2001-03-20,26.990000
2001-03-21,26.290001
2001-03-22,25.580000
2001-03-23,26.090000
2001-03-26,26.559999
2001-03-27,26.990000
2001-03-28,26.500000
2001-03-29,26.500000
2001-03-30,26.590000
2001-04-02,26.400000
2001-04-03,25.299999
2001-04-04,25.420000
2001-04-05,26.900000
2001-04-06,26.360001
2001-04-09,26.830000
2001-04-10,27.620001
2001-04-11,27.309999
2001-04-12,27.850000
2001-04-16,27.799999
2001-04-17,28.150000
2001-04-18,29.360001
2001-04-19,29.459999
2001-04-20,29.379999
2001-04-23,28.930000
2001-04-24,28.639999
2001-04-25,29.309999
2001-04-26,29.719999
2001-04-27,29.940001
2001-04-30,29.629999
2001-05-01,29.900000
2001-05-02,29.910000
2001-05-03,29.469999
2001-05-04,29.920000
2001-05-07,30.030001
2001-05-08,30.080000
2001-05-09,29.910000
2001-05-10,30.240000
2001-05-11,30.090000
2001-05-14,30.230000
2001-05-15,30.350000
2001-05-16,31.330000
2001-05-17,31.850000
2001-05-18,31.950001
2001-05-21,32.259998
2001-05-22,32.160000
2001-05-23,31.670000
2001-05-24,31.629999
2001-05-25,31.160000
2001-05-29,31.080000
2001-05-30,30.450001
2001-05-31,30.870001
2001-06-01,30.780001
2001-06-04,30.980000
2001-06-05,31.309999
2001-06-06,30.950001
2001-06-07,31.090000
2001-06-08,30.709999
2001-06-11,30.180000
2001-06-12,30.379999
2001-06-13,30.270000
2001-06-14,30.070000
2001-06-15,29.850000
2001-06-18,29.809999
2001-06-19,29.500000
2001-06-20,29.629999
2001-06-21,29.760000
2001-06-22,29.500000
2001-06-25,29.110001
2001-06-26,29.190001
2001-06-27,29.129999
2001-06-28,29.230000
2001-06-29,28.900000
2001-07-02,29.320000
2001-07-03,29.500000
2001-07-05,29.270000
2001-07-06,28.730000
2001-07-09,28.820000
2001-07-10,28.379999
2001-07-11,28.090000
2001-07-12,28.770000
2001-07-13,29.000000
2001-07-16,28.510000
2001-07-17,29.090000
2001-07-18,29.180000
2001-07-19,29.100000
2001-07-20,29.250000
2001-07-23,28.930000
2001-07-24,28.160000
2001-07-25,28.350000
2001-07-26,28.629999
2001-07-27,28.900000
2001-07-30,28.840000
2001-07-31,28.840000
2001-08-01,29.000000
2001-08-02,29.040001
2001-08-03,29.180000
2001-08-06,28.549999
2001-08-07,28.760000
2001-08-08,28.500000
2001-08-09,28.510000
2001-08-10,29.040001
2001-08-13,28.770000
2001-08-14,28.790001
2001-08-15,28.730000
2001-08-16,28.719999
2001-08-17,28.370001
2001-08-20,28.350000
2001-08-21,28.309999
2001-08-22,28.260000
2001-08-23,28.350000
2001-08-24,28.870001
2001-08-27,28.860001
2001-08-28,28.309999
2001-08-29,28.120001
2001-08-30,27.600000
2001-08-31,27.850000
2001-09-04,27.590000
2001-09-05,27.660000
2001-09-06,27.180000
2001-09-07,26.500000
2001-09-10,26.450001
2001-09-17,24.000000
2001-09-18,23.660000
2001-09-19,23.070000
2001-09-20,21.750000
2001-09-21,21.680000
2001-09-24,23.129999
2001-09-25,23.280001
2001-09-26,22.870001
2001-09-27,23.120001
2001-09-28,23.670000
2001-10-01,23.459999
2001-10-02,23.920000
2001-10-03,24.500000
2001-10-04,24.530001
2001-10-05,24.510000
2001-10-08,24.219999
2001-10-09,24.129999
2001-10-10,24.570000
2001-10-11,25.299999
2001-10-12,25.059999
2001-10-15,25.230000
2001-10-16,25.170000
2001-10-17,24.580000
2001-10-18,24.480000
2001-10-19,24.340000
2001-10-22,24.850000
2001-10-23,24.719999
2001-10-24,24.840000
2001-10-25,25.230000
2001-10-26,25.700001
2001-10-29,24.750000
2001-10-30,24.209999
2001-10-31,24.090000
2001-11-01,24.590000
2001-11-02,24.969999
2001-11-05,25.340000
2001-11-06,25.700001
2001-11-07,25.639999
2001-11-08,25.910000
2001-11-09,25.820000
2001-11-12,25.520000
2001-11-13,26.150000
2001-11-14,26.280001
2001-11-15,26.410000
2001-11-16,26.620001
2001-11-19,26.860001
2001-11-20,26.500000
2001-11-21,26.549999
2001-11-23,26.870001
2001-11-26,27.000000
2001-11-27,26.820000
2001-11-28,26.400000
2001-11-29,26.549999
2001-11-30,26.500000
2001-12-03,26.270000
2001-12-04,26.590000
2001-12-05,27.160000
2001-12-06,27.490000
2001-12-07,27.190001
2001-12-10,26.770000
2001-12-11,26.650000
2001-12-12,26.780001
2001-12-13,26.590000
2001-12-14,26.320000
2001-12-17,26.719999
2001-12-18,27.360001
2001-12-19,27.620001
2001-12-20,27.459999
2001-12-21,27.770000
2001-12-24,27.799999
2001-12-26,27.900000
2001-12-27,27.889999
2001-12-28,28.049999
2001-12-31,27.700001
2002-01-02,27.700001
2002-01-03,27.690001
2002-01-04,27.700001
2002-01-07,27.510000
2002-01-08,27.430000
2002-01-09,27.280001
2002-01-10,27.000000
2002-01-11,26.559999
2002-01-14,26.260000
2002-01-15,26.290001
2002-01-16,25.400000
2002-01-17,25.500000
2002-01-18,25.680000
2002-01-22,25.830000
2002-01-23,25.700001
2002-01-24,25.930000
2002-01-25,26.290001
2002-01-28,26.270000
2002-01-29,25.270000
2002-01-30,25.549999
2002-01-31,25.950001
2002-02-01,25.750000
2002-02-04,24.610001
2002-02-05,24.270000
2002-02-06,24.450001
2002-02-07,24.740000
2002-02-08,24.889999
2002-02-11,25.430000
2002-02-12,25.209999
2002-02-13,25.480000
2002-02-14,25.570000
2002-02-15,25.389999
2002-02-19,25.320000
2002-02-20,25.690001
2002-02-21,25.590000
2002-02-22,25.840000
2002-02-25,26.520000
2002-02-26,26.620001
2002-02-27,26.940001
2002-02-28,26.600000
2002-03-01,27.219999
2002-03-04,28.150000
2002-03-05,27.799999
2002-03-06,28.639999
2002-03-07,28.299999
2002-03-08,28.490000
2002-03-11,28.549999
2002-03-12,28.490000
2002-03-13,28.100000
2002-03-14,28.129999
2002-03-15,28.070000
2002-03-18,27.959999
2002-03-19,28.260000
2002-03-20,27.950001
2002-03-21,27.389999
2002-03-22,27.230000
2002-03-25,26.799999
2002-03-26,26.969999
2002-03-27,27.150000
2002-03-28,27.240000
2002-04-01,27.230000
2002-04-02,26.969999
2002-04-03,26.600000
2002-04-04,26.809999
2002-04-05,26.930000
2002-04-08,27.139999
2002-04-09,27.120001
2002-04-10,27.750000
2002-04-11,26.860001
2002-04-12,26.820000
2002-04-15,26.540001
2002-04-16,27.010000
2002-04-17,26.820000
2002-04-18,26.620001
2002-04-19,26.469999
2002-04-22,26.049999
2002-04-23,26.000000
2002-04-24,25.780001
2002-04-25,25.469999
2002-04-26,25.209999
2002-04-29,24.660000
2002-04-30,25.360001
2002-05-01,25.440001
2002-05-02,25.530001
2002-05-03,25.540001
2002-05-06,24.820000
2002-05-07,24.840000
2002-05-08,25.870001
2002-05-09,25.430000
2002-05-10,25.049999
2002-05-13,25.209999
2002-05-14,25.770000
2002-05-15,25.870001
2002-05-16,26.030001
2002-05-17,26.260000
2002-05-20,26.049999
2002-05-21,25.650000
2002-05-22,25.760000
2002-05-23,26.240000
2002-05-24,25.950001
2002-05-28,25.660000
2002-05-29,25.370001
2002-05-30,25.260000
2002-05-31,25.469999
2002-06-03,24.510000
2002-06-04,24.309999
2002-06-05,24.719999
2002-06-06,24.129999
2002-06-07,24.129999
2002-06-10,24.320000
2002-06-11,24.030001
2002-06-12,24.020000
2002-06-13,23.959999
2002-06-14,23.840000
2002-06-17,24.510000
2002-06-18,24.740000
2002-06-19,24.549999
2002-06-20,24.360001
2002-06-21,23.690001
2002-06-24,24.020000
2002-06-25,23.510000
2002-06-26,23.500000
2002-06-27,23.870001
2002-06-28,23.850000
2002-07-01,23.320000
2002-07-02,22.959999
2002-07-03,22.990000
2002-07-05,23.940001
2002-07-08,23.540001
2002-07-09,22.950001
2002-07-10,22.389999
2002-07-11,22.420000
2002-07-12,22.350000
2002-07-15,22.180000
2002-07-16,21.719999
2002-07-17,21.980000
2002-07-18,21.340000
2002-07-19,20.680000
2002-07-22,20.020000
2002-07-23,19.570000
2002-07-24,20.620001
2002-07-25,20.639999
2002-07-26,20.969999
2002-07-29,22.280001
2002-07-30,22.540001
2002-07-31,22.500000
2002-08-01,22.000000
2002-08-02,21.200001
2002-08-05,20.500000
2002-08-06,21.200001
2002-08-07,21.730000
2002-08-08,22.360001
2002-08-09,22.530001
2002-08-12,22.270000
2002-08-13,21.750000
2002-08-14,22.219999
2002-08-15,22.400000
2002-08-16,22.379999
2002-08-19,22.910000
2002-08-20,22.799999
2002-08-21,22.870001
2002-08-22,23.200001
2002-08-23,22.660000
2002-08-26,22.940001
2002-08-27,22.740000
2002-08-28,22.299999
2002-08-29,22.129999
2002-08-30,22.150000
2002-09-03,21.379999
2002-09-04,21.590000
2002-09-05,21.209999
2002-09-06,21.480000
2002-09-09,21.660000
2002-09-10,21.900000
2002-09-11,21.900000
2002-09-12,21.600000
2002-09-13,21.080000
2002-09-16,21.290001
2002-09-17,20.850000
2002-09-18,20.820000
2002-09-19,20.410000
2002-09-20,20.410000
2002-09-23,20.150000
2002-09-24,19.719999
2002-09-25,20.100000
2002-09-26,20.490000
2002-09-27,19.709999
2002-09-30,19.520000
2002-10-01,20.370001
2002-10-02,19.670000
2002-10-03,19.510000
2002-10-04,19.000000
2002-10-07,18.490000
2002-10-08,18.629999
2002-10-09,18.000000
2002-10-10,18.620001
2002-10-11,19.480000
2002-10-14,19.370001
2002-10-15,20.309999
2002-10-16,19.809999
2002-10-17,20.430000
2002-10-18,20.400000
2002-10-21,21.020000
2002-10-22,20.730000
2002-10-23,20.940001
2002-10-24,20.500000
2002-10-25,20.760000
2002-10-28,20.469999
2002-10-29,20.299999
2002-10-30,20.320000
2002-10-31,20.480000
2002-11-01,20.750000
2002-11-04,20.770000
2002-11-05,20.969999
2002-11-06,21.360001
2002-11-07,20.900000
2002-11-08,20.590000
2002-11-11,20.200001
2002-11-12,20.209999
2002-11-13,20.170000
2002-11-14,20.450001
2002-11-15,20.450001
2002-11-18,20.299999
2002-11-19,20.330000
2002-11-20,20.629999
2002-11-21,21.480000
2002-11-22,21.379999
2002-11-25,21.340000
2002-11-26,21.040001
2002-11-27,21.600000
2002-11-29,21.549999
2002-12-02,21.690001
2002-12-03,21.330000
2002-12-04,21.260000
2002-12-05,21.040001
2002-12-06,21.030001
2002-12-09,20.700001
2002-12-10,20.870001
2002-12-11,20.980000
2002-12-12,20.900000
2002-12-13,20.540001
2002-12-16,21.049999
2002-12-17,20.790001
2002-12-18,20.760000
2002-12-19,20.610001
2002-12-20,20.820000
2002-12-23,20.719999
2002-12-24,20.620001
2002-12-26,20.690001
2002-12-27,20.290001
2002-12-30,20.400000
2002-12-31,20.590000
2003-01-02,21.120001
2003-01-03,21.190001
2003-01-06,21.379999
2003-01-07,21.260000
2003-01-08,21.000000
2003-01-09,21.270000
2003-01-10,21.230000
2003-01-13,21.190001
2003-01-14,21.230000
2003-01-15,20.930000
2003-01-16,20.809999
2003-01-17,20.660000
2003-01-21,20.150000
2003-01-22,19.770000
2003-01-23,20.129999
2003-01-24,19.510000
2003-01-27,19.360001
2003-01-28,19.480000
2003-01-29,19.500000
2003-01-30,19.160000
2003-01-31,19.480000
2003-02-03,19.650000
2003-02-04,19.480000
2003-02-05,19.500000
2003-02-06,19.340000
2003-02-07,19.150000
2003-02-10,19.170000
2003-02-11,18.969999
2003-02-12,18.809999
2003-02-13,18.570000
2003-02-14,19.000000
2003-02-18,19.209999
2003-02-19,19.299999
2003-02-20,19.200001
2003-02-21,19.500000
2003-02-24,18.850000
2003-02-25,19.150000
2003-02-26,19.000000
2003-02-27,19.129999
2003-02-28,19.180000
2003-03-03,19.100000
2003-03-04,18.750000
2003-03-05,18.900000
2003-03-06,18.760000
2003-03-07,18.830000
2003-03-10,18.350000
2003-03-11,18.010000
2003-03-12,18.219999
2003-03-13,18.750000
2003-03-14,19.049999
2003-03-17,19.590000
2003-03-18,19.850000
2003-03-19,19.969999
2003-03-20,19.959999
2003-03-21,20.580000
2003-03-24,19.850000
2003-03-25,19.889999
2003-03-26,19.889999
2003-03-27,19.840000
2003-03-28,19.620001
2003-03-31,19.309999
2003-04-01,19.580000
2003-04-02,20.020000
2003-04-03,20.000000
2003-04-04,20.049999
2003-04-07,20.200001
2003-04-08,20.120001
2003-04-09,19.879999
2003-04-10,19.910000
2003-04-11,19.940001
2003-04-14,20.280001
2003-04-15,20.450001
2003-04-16,20.170000
2003-04-17,20.500000
2003-04-21,20.320000
2003-04-22,20.930000
2003-04-23,21.100000
2003-04-24,20.900000
2003-04-25,20.740000
2003-04-28,21.110001
2003-04-29,21.170000
2003-04-30,21.400000
2003-05-01,21.080000
2003-05-02,21.370001
2003-05-05,21.299999
2003-05-06,21.360001
2003-05-07,21.330000
2003-05-08,21.129999
2003-05-09,21.450001
2003-05-12,21.610001
2003-05-13,21.540001
2003-05-14,21.469999
2003-05-15,21.700001
2003-05-16,21.600000
2003-05-19,21.040001
2003-05-20,21.160000
2003-05-21,21.040001
2003-05-22,21.200001
2003-05-23,21.280001
2003-05-27,21.799999
2003-05-28,21.719999
2003-05-29,21.480000
2003-05-30,21.980000
2003-06-02,22.200001
2003-06-03,22.230000
2003-06-04,22.520000
2003-06-05,22.580000
2003-06-06,22.770000
2003-06-09,22.469999
2003-06-10,22.590000
2003-06-11,23.040001
2003-06-12,23.100000
2003-06-13,22.850000
2003-06-16,23.400000
2003-06-17,23.410000
2003-06-18,23.290001
2003-06-19,22.860001
2003-06-20,22.920000
2003-06-23,22.639999
2003-06-24,22.650000
2003-06-25,22.299999
2003-06-26,22.570000
2003-06-27,22.350000
2003-06-30,22.389999
2003-07-01,22.440001
2003-07-02,22.500000
2003-07-03,22.480000
2003-07-07,22.780001
2003-07-08,22.950001
2003-07-09,22.700001
2003-07-10,22.400000
2003-07-11,22.629999
2003-07-14,22.549999
2003-07-15,22.410000
2003-07-16,22.360001
2003-07-17,22.299999
2003-07-18,22.600000
2003-07-21,22.500000
2003-07-22,22.780001
2003-07-23,22.709999
2003-07-24,22.709999
2003-07-25,23.219999
2003-07-28,23.240000
2003-07-29,22.920000
2003-07-30,22.920000
2003-07-31,23.129999
2003-08-01,22.950001
2003-08-04,23.000000
2003-08-05,22.610001
2003-08-06,22.570000
2003-08-07,22.709999
2003-08-08,22.740000
2003-08-11,22.920000
2003-08-12,23.139999
2003-08-13,23.059999
2003-08-14,23.330000
2003-08-15,23.549999
2003-08-18,23.900000
2003-08-19,24.040001
2003-08-20,23.900000
2003-08-21,24.180000
2003-08-22,23.950001
2003-08-25,23.730000
2003-08-26,23.870001
2003-08-27,23.850000
2003-08-28,24.040001
2003-08-29,24.030001
2003-09-02,24.379999
2003-09-03,24.580000
2003-09-04,24.559999
2003-09-05,24.290001
2003-09-08,24.410000
2003-09-09,24.150000
2003-09-10,23.870001
2003-09-11,24.070000
2003-09-12,24.059999
2003-09-15,24.090000
2003-09-16,24.400000
2003-09-17,24.299999
2003-09-18,24.590000
2003-09-19,24.400000
2003-09-22,24.080000
2003-09-23,24.170000
2003-09-24,23.700001
2003-09-25,23.520000
2003-09-26,23.270000
2003-09-29,23.510000
2003-09-30,23.290001
2003-10-01,23.750000
2003-10-02,23.860001
2003-10-03,24.100000
2003-10-06,24.110001
2003-10-07,24.230000
2003-10-08,24.120001
2003-10-09,24.280001
2003-10-10,24.139999
2003-10-13,24.240000
2003-10-14,24.360001
2003-10-15,24.400000
2003-10-16,24.410000
2003-10-17,24.240000
2003-10-20,24.299999
2003-10-21,24.260000
2003-10-22,23.980000
2003-10-23,24.040001
2003-10-24,24.049999
2003-10-27,24.059999
2003-10-28,24.340000
2003-10-29,24.500000
2003-10-30,24.690001
2003-10-31,24.730000
2003-11-03,24.850000
2003-11-04,24.920000
2003-11-05,24.900000
2003-11-06,25.030001
2003-11-07,24.940001
2003-11-10,24.709999
2003-11-11,24.620001
2003-11-12,25.020000
2003-11-13,25.010000
2003-11-14,24.820000
2003-11-17,24.750000
2003-11-18,24.629999
2003-11-19,24.850000
2003-11-20,24.670000
2003-11-21,24.690001
2003-11-24,24.990000
2003-11-25,25.190001
2003-11-26,25.190001
2003-11-28,25.219999
2003-12-01,25.590000
2003-12-02,25.540001
2003-12-03,25.559999
2003-12-04,25.639999
2003-12-05,25.450001
2003-12-08,25.680000
2003-12-09,25.680000
2003-12-10,25.629999
2003-12-11,26.030001
2003-12-12,26.070000
2003-12-15,26.100000
2003-12-16,26.260000
2003-12-17,26.290001
2003-12-18,26.590000
2003-12-19,26.480000
2003-12-22,26.639999
2003-12-23,26.700001
2003-12-24,26.600000
2003-12-26,26.549999
2003-12-29,26.889999
2003-12-30,26.730000
2003-12-31,26.760000
2004-01-02,26.740000
2004-01-05,27.000000
2004-01-06,26.959999
2004-01-07,27.000000
2004-01-08,27.170000
2004-01-09,26.900000
2004-01-12,26.990000
2004-01-13,26.879999
2004-01-14,27.250000
2004-01-15,27.290001
2004-01-16,27.799999
2004-01-20,27.459999
2004-01-21,27.650000
2004-01-22,27.520000
2004-01-23,27.420000
2004-01-26,27.770000
2004-01-27,27.500000
2004-01-28,27.070000
2004-01-29,27.080000
2004-01-30,27.030001
2004-02-02,26.980000
2004-02-03,26.879999
2004-02-04,26.750000
2004-02-05,27.000000
2004-02-06,27.120001
2004-02-09,27.049999
2004-02-10,27.030001
2004-02-11,27.330000
2004-02-12,27.309999
2004-02-13,27.180000
2004-02-17,27.389999
2004-02-18,27.250000
2004-02-19,27.040001
2004-02-20,26.990000
2004-02-23,26.889999
2004-02-24,26.889999
2004-02-25,26.820000
2004-02-26,26.840000
2004-02-27,26.830000
2004-03-01,26.969999
2004-03-02,26.879999
2004-03-03,26.870001
2004-03-04,26.969999
2004-03-05,27.030001
2004-03-08,26.570000
2004-03-09,26.389999
2004-03-10,25.900000
2004-03-11,25.510000
2004-03-12,25.950001
2004-03-15,25.629999
2004-03-16,25.920000
2004-03-17,26.240000
2004-03-18,26.270000
2004-03-19,25.850000
2004-03-22,25.500000
2004-03-23,25.430000
2004-03-24,25.430000
2004-03-25,25.850000
2004-03-26,25.990000
2004-03-29,26.299999
2004-03-30,26.459999
2004-03-31,26.410000
2004-04-01,26.559999
2004-04-02,26.860001
2004-04-05,27.180000
2004-04-06,27.160000
2004-04-07,27.100000
2004-04-08,26.950001
2004-04-12,27.219999
2004-04-13,26.799999
2004-04-14,26.780001
2004-04-15,26.860001
2004-04-16,27.100000
2004-04-19,26.950001
2004-04-20,26.680000
2004-04-21,26.850000
2004-04-22,27.440001
2004-04-23,27.320000
2004-04-26,27.180000
2004-04-27,27.200001
2004-04-28,26.840000
2004-04-29,26.600000
2004-04-30,26.400000
2004-05-03,26.700001
2004-05-04,26.809999
2004-05-05,26.830000
2004-05-06,26.690001
2004-05-07,26.219999
2004-05-10,25.840000
2004-05-11,26.000000
2004-05-12,26.219999
2004-05-13,26.219999
2004-05-14,26.170000
2004-05-17,25.879999
2004-05-18,26.139999
2004-05-19,26.100000
2004-05-20,26.040001
2004-05-21,26.219999
2004-05-24,26.420000
2004-05-25,26.799999
2004-05-26,26.860001
2004-05-27,27.049999
2004-05-28,27.049999
2004-06-01,27.049999
2004-06-02,27.299999
2004-06-03,27.100000
2004-06-04,27.250000
2004-06-07,27.719999
2004-06-08,27.780001
2004-06-09,27.540001
2004-06-10,27.730000
2004-06-14,27.580000
2004-06-15,27.830000
2004-06-16,27.900000
2004-06-17,27.920000
2004-06-18,28.020000
2004-06-21,27.910000
2004-06-22,28.170000
2004-06-23,28.570000
2004-06-24,28.510000
2004-06-25,28.469999
2004-06-28,28.260000
2004-06-29,28.480000
2004-06-30,28.660000
2004-07-01,28.230000
2004-07-02,27.990000
2004-07-06,27.930000
2004-07-07,27.980000
2004-07-08,27.820000
2004-07-09,28.049999
2004-07-12,28.090000
2004-07-13,28.150000
2004-07-14,28.100000
2004-07-15,28.240000
2004-07-16,28.129999
2004-07-19,28.010000
2004-07-20,28.180000
2004-07-21,27.809999
2004-07-22,27.639999
2004-07-23,27.510000
2004-07-26,27.420000
2004-07-27,27.700001
2004-07-28,27.870001
2004-07-29,27.900000
2004-07-30,27.860001
2004-08-02,27.990000
2004-08-03,27.840000
2004-08-04,27.840000
2004-08-05,27.270000
2004-08-06,26.709999
2004-08-09,26.770000
2004-08-10,27.219999
2004-08-11,27.190001
2004-08-12,26.790001
2004-08-13,26.740000
2004-08-16,27.240000
2004-08-17,27.219999
2004-08-18,27.650000
2004-08-19,27.320000
2004-08-20,27.590000
2004-08-23,27.580000
2004-08-24,27.600000
2004-08-25,27.900000
2004-08-26,27.910000
2004-08-27,27.900000
2004-08-30,27.750000
2004-08-31,27.879999
2004-09-01,27.889999
2004-09-02,28.270000
2004-09-03,28.190001
2004-09-07,28.400000
2004-09-08,28.350000
2004-09-09,28.280001
2004-09-10,28.360001
2004-09-13,28.389999
2004-09-14,28.459999
2004-09-15,28.200001
2004-09-16,28.379999
2004-09-17,28.590000
2004-09-20,28.440001
2004-09-21,28.549999
2004-09-22,28.150000
2004-09-23,27.879999
2004-09-24,27.980000
2004-09-27,27.760000
2004-09-28,28.040001
2004-09-29,28.139999
2004-09-30,28.379999
2004-10-01,28.780001
2004-10-04,28.750000
2004-10-05,28.629999
2004-10-06,28.930000
2004-10-07,28.600000
2004-10-08,28.370001
2004-10-11,28.400000
2004-10-12,28.389999
2004-10-13,28.059999
2004-10-14,27.940001
2004-10-15,28.139999
2004-10-18,28.219999
2004-10-19,27.969999
2004-10-20,27.889999
2004-10-21,28.030001
2004-10-22,27.780001
2004-10-25,27.780001
2004-10-26,28.200001
2004-10-27,28.600000
2004-10-28,28.540001
2004-10-29,28.670000
2004-11-01,28.760000
2004-11-02,28.790001
2004-11-03,29.110001
2004-11-04,29.590000
2004-11-05,29.820000
2004-11-08,29.900000
2004-11-09,30.010000
2004-11-10,30.100000
2004-11-11,30.450001
2004-11-12,30.559999
2004-11-15,30.540001
2004-11-16,30.340000
2004-11-17,30.559999
2004-11-18,30.730000
2004-11-19,30.360001
2004-11-22,30.430000
2004-11-23,30.379999
2004-11-24,30.520000
2004-11-26,30.520000
2004-11-29,30.400000
2004-11-30,30.469999
2004-12-01,30.980000
2004-12-02,30.879999
2004-12-03,30.889999
2004-12-06,30.719999
2004-12-07,30.469999
2004-12-08,30.549999
2004-12-09,30.740000
2004-12-10,30.850000
2004-12-13,31.190001
2004-12-14,31.250000
2004-12-15,31.290001
2004-12-16,31.110001
2004-12-17,30.920000
2004-12-20,30.940001
2004-12-21,31.110001
2004-12-22,31.209999
2004-12-23,31.250000
2004-12-27,31.070000
2004-12-28,31.240000
2004-12-29,31.160000
2004-12-30,31.180000
2004-12-31,31.070000
2005-01-03,30.799999
2005-01-04,30.420000
2005-01-05,30.209999
2005-01-06,30.309999
2005-01-07,30.170000
2005-01-10,30.280001
2005-01-11,30.139999
2005-01-12,30.180000
2005-01-13,29.889999
2005-01-14,30.090000
2005-01-18,30.209999
2005-01-19,29.969999
2005-01-20,29.700001
2005-01-21,29.510000
2005-01-24,29.420000
2005-01-25,29.700001
2005-01-26,29.760000
2005-01-27,29.840000
2005-01-28,29.809999
2005-01-31,30.200001
2005-02-01,30.290001
2005-02-02,30.290001
2005-02-03,30.200001
2005-02-04,30.450001
2005-02-07,30.430000
2005-02-08,30.600000
2005-02-09,30.280001
2005-02-10,30.420000
2005-02-11,30.620001
2005-02-14,30.590000
2005-02-15,30.690001
2005-02-16,30.780001
2005-02-17,30.500000
2005-02-18,30.500000
2005-02-22,30.010000
2005-02-23,30.049999
2005-02-24,30.480000
2005-02-25,30.730000
2005-02-28,30.549999
2005-03-01,30.650000
2005-03-02,30.740000
2005-03-03,30.809999
2005-03-04,31.240000
2005-03-07,31.389999
2005-03-08,31.370001
2005-03-09,31.030001
2005-03-10,31.100000
2005-03-11,31.020000
2005-03-14,31.190001
2005-03-15,31.020000
2005-03-16,30.660000
2005-03-17,30.650000
2005-03-18,30.580000
2005-03-21,30.680000
2005-03-22,30.510000
2005-03-23,30.320000
2005-03-24,30.469999
2005-03-28,30.440001
2005-03-29,29.940001
2005-03-30,30.510000
2005-03-31,30.430000
2005-04-01,30.139999
2005-04-04,30.110001
2005-04-05,30.260000
2005-04-06,30.270000
2005-04-07,30.520000
2005-04-08,30.209999
2005-04-11,30.270000
2005-04-12,30.510000
2005-04-13,29.980000
2005-04-14,29.530001
2005-04-15,28.950001
2005-04-18,29.040001
2005-04-19,29.170000
2005-04-20,28.870001
2005-04-21,29.639999
2005-04-22,29.290001
2005-04-25,29.639999
2005-04-26,29.260000
2005-04-27,29.299999
2005-04-28,28.980000
2005-04-29,29.320000
2005-05-02,29.480000
2005-05-03,29.270000
2005-05-04,29.610001
2005-05-05,29.459999
2005-05-06,29.580000
2005-05-09,29.780001
2005-05-10,29.430000
2005-05-11,29.639999
2005-05-12,29.320000
2005-05-13,29.170000
2005-05-16,29.580000
2005-05-17,29.780001
2005-05-18,30.230000
2005-05-19,30.270000
2005-05-20,30.260000
2005-05-23,30.469999
2005-05-24,30.389999
2005-05-25,30.129999
2005-05-26,30.350000
2005-05-27,30.330000
2005-05-31,30.250000
2005-06-01,30.360001
2005-06-02,30.360001
2005-06-03,30.219999
2005-06-06,30.240000
2005-06-07,30.370001
2005-06-08,30.180000
2005-06-09,30.190001
2005-06-10,30.150000
2005-06-13,30.200001
2005-06-14,30.129999
2005-06-15,30.160000
2005-06-16,30.190001
2005-06-17,30.360001
2005-06-20,30.250000
2005-06-21,30.240000
2005-06-22,30.090000
2005-06-23,29.480000
2005-06-24,29.290001
2005-06-27,29.250000
2005-06-28,29.760000
2005-06-29,29.570000
2005-06-30,29.379999
2005-07-01,29.480000
2005-07-05,29.570000
2005-07-06,29.240000
2005-07-07,29.309999
2005-07-08,29.820000
2005-07-11,29.870001
2005-07-12,29.709999
2005-07-13,29.799999
2005-07-14,30.070000
2005-07-15,30.030001
2005-07-18,29.969999
2005-07-19,30.219999
2005-07-20,30.570000
2005-07-21,30.410000
2005-07-22,30.500000
2005-07-25,30.280001
2005-07-26,30.430000
2005-07-27,30.549999
2005-07-28,30.719999
2005-07-29,30.500000
2005-08-01,30.480000
2005-08-02,30.440001
2005-08-03,30.379999
2005-08-04,30.180000
2005-08-05,30.020000
2005-08-08,29.950001
2005-08-09,30.170000
2005-08-10,30.150000
2005-08-11,30.400000
2005-08-12,30.270000
2005-08-15,30.330000
2005-08-16,29.980000
2005-08-17,30.059999
2005-08-18,29.930000
2005-08-19,30.049999
2005-08-22,30.110001
2005-08-23,29.969999
2005-08-24,29.730000
2005-08-25,29.780001
2005-08-26,29.620001
2005-08-29,29.799999
2005-08-30,29.559999
2005-08-31,29.780001
2005-09-01,29.660000
2005-09-02,29.760000
2005-09-06,30.110001
2005-09-07,30.230000
2005-09-08,30.059999
2005-09-09,30.230000
2005-09-12,30.420000
2005-09-13,30.290001
2005-09-14,30.059999
2005-09-15,30.020000
2005-09-16,30.110001
2005-09-19,29.709999
2005-09-20,29.510000
2005-09-21,29.410000
2005-09-22,29.530001
2005-09-23,29.750000
2005-09-26,29.709999
2005-09-27,29.870001
2005-09-28,29.879999
2005-09-29,30.020000
2005-09-30,30.160000
2005-10-03,29.980000
2005-10-04,29.709999
2005-10-05,29.340000
2005-10-06,29.540001
2005-10-07,29.799999
2005-10-10,29.570000
2005-10-11,29.410000
2005-10-12,29.410000
2005-10-13,29.370001
2005-10-14,29.629999
2005-10-17,29.690001
2005-10-18,29.480000
2005-10-19,29.870001
2005-10-20,29.490000
2005-10-21,29.290001
2005-10-24,29.740000
2005-10-25,29.700001
2005-10-26,29.440001
2005-10-27,29.180000
2005-10-28,29.650000
2005-10-31,29.730000
2005-11-01,29.639999
2005-11-02,29.940001
2005-11-03,30.070000
2005-11-04,30.090000
2005-11-07,30.200001
2005-11-08,30.010000
2005-11-09,30.080000
2005-11-10,30.469999
2005-11-11,30.530001
2005-11-14,30.590000
2005-11-15,30.580000
2005-11-16,30.690001
2005-11-17,30.980000
2005-11-18,31.299999
2005-11-21,31.480000
2005-11-22,31.559999
2005-11-23,31.600000
2005-11-25,31.610001
2005-11-28,31.440001
2005-11-29,31.510000
2005-11-30,31.459999
2005-12-01,31.809999
2005-12-02,31.690001
2005-12-05,31.520000
2005-12-06,31.650000
2005-12-07,31.420000
2005-12-08,31.280001
2005-12-09,31.450001
2005-12-12,31.459999
2005-12-13,31.490000
2005-12-14,31.760000
2005-12-15,31.809999
2005-12-16,31.670000
2005-12-19,31.360001
2005-12-20,31.379999
2005-12-21,31.540001
2005-12-22,31.780001
2005-12-23,31.840000
2005-12-27,31.559999
2005-12-28,31.610001
2005-12-29,31.600000
2005-12-30,31.420000
2006-01-03,31.629999
2006-01-04,31.709999
2006-01-05,31.660000
2006-01-06,31.780001
2006-01-09,32.040001
2006-01-10,31.950001
2006-01-11,31.969999
2006-01-12,31.730000
2006-01-13,31.620001
2006-01-17,31.459999
2006-01-18,31.500000
2006-01-19,31.650000
2006-01-20,30.959999
2006-01-23,30.980000
2006-01-24,31.209999
2006-01-25,31.200001
2006-01-26,31.549999
2006-01-27,31.620001
2006-01-30,31.690001
2006-01-31,31.510000
2006-02-01,31.780001
2006-02-02,31.510000
2006-02-03,31.440001
2006-02-06,31.549999
2006-02-07,31.320000
2006-02-08,31.469999
2006-02-09,31.650000
2006-02-10,31.860001
2006-02-13,31.900000
2006-02-14,32.279999
2006-02-15,32.369999
2006-02-16,32.459999
2006-02-17,32.540001
2006-02-21,32.410000
2006-02-22,32.750000
2006-02-23,32.639999
2006-02-24,32.660000
2006-02-27,32.869999
2006-02-28,32.490002
2006-03-01,32.750000
2006-03-02,32.660000
2006-03-03,32.740002
2006-03-06,32.570000
2006-03-07,32.590000
2006-03-08,32.549999
2006-03-09,32.509998
2006-03-10,32.849998
2006-03-13,32.830002
2006-03-14,33.139999
2006-03-15,33.639999
2006-03-16,33.660000
2006-03-17,33.790001
2006-03-20,33.730000
2006-03-21,33.599998
2006-03-22,33.849998
2006-03-23,33.709999
2006-03-24,33.680000
2006-03-27,33.709999
2006-03-28,33.470001
2006-03-29,33.810001
2006-03-30,33.810001
2006-03-31,33.799999
2006-04-03,33.919998
2006-04-04,34.150002
2006-04-05,34.169998
2006-04-06,34.119999
2006-04-07,33.950001
2006-04-10,33.830002
2006-04-11,33.770000
2006-04-12,34.000000
2006-04-13,33.860001
2006-04-17,33.689999
2006-04-18,34.500000
2006-04-19,34.720001
2006-04-20,34.849998
2006-04-21,34.889999
2006-04-24,35.009998
2006-04-25,34.599998
2006-04-26,34.790001
2006-04-27,34.599998
2006-04-28,34.529999
2006-05-01,34.619999
2006-05-02,34.900002
2006-05-03,34.910000
2006-05-04,35.330002
2006-05-05,35.680000
2006-05-08,35.650002
2006-05-09,35.650002
2006-05-10,35.669998
2006-05-11,35.490002
2006-05-12,34.930000
2006-05-15,34.939999
2006-05-16,34.930000
2006-05-17,34.209999
2006-05-18,33.930000
2006-05-19,34.040001
2006-05-22,33.970001
2006-05-23,33.810001
2006-05-24,33.720001
2006-05-25,33.950001
2006-05-26,34.139999
2006-05-30,33.700001
2006-05-31,33.939999
2006-06-01,34.290001
2006-06-02,34.340000
2006-06-05,33.599998
2006-06-06,33.470001
2006-06-07,33.099998
2006-06-08,33.119999
2006-06-09,32.840000
2006-06-12,32.430000
2006-06-13,32.330002
2006-06-14,32.610001
2006-06-15,33.349998
2006-06-16,33.259998
2006-06-19,33.000000
2006-06-20,32.959999
2006-06-21,33.349998
2006-06-22,33.150002
2006-06-23,33.240002
2006-06-26,33.330002
2006-06-27,33.020000
2006-06-28,33.119999
2006-06-29,33.820000
2006-06-30,33.810001
2006-07-03,33.930000
2006-07-05,33.680000
2006-07-06,33.770000
2006-07-07,33.270000
2006-07-10,33.360001
2006-07-11,33.450001
2006-07-12,33.110001
2006-07-13,32.459999
2006-07-14,32.000000
2006-07-17,31.889999
2006-07-18,32.040001
2006-07-19,32.689999
2006-07-20,32.020000
2006-07-21,31.700001
2006-07-24,32.220001
2006-07-25,32.130001
2006-07-26,31.719999
2006-07-27,31.660000
2006-07-28,32.020000
2006-07-31,31.889999
2006-08-01,31.690001
2006-08-02,31.889999
2006-08-03,32.150002
2006-08-04,32.060001
2006-08-07,31.930000
2006-08-08,31.650000
2006-08-09,31.160000
2006-08-10,31.410000
2006-08-11,31.230000
2006-08-14,31.290001
2006-08-15,31.860001
2006-08-16,32.570000
2006-08-17,32.610001
2006-08-18,32.529999
2006-08-21,32.240002
2006-08-22,32.340000
2006-08-23,32.099998
2006-08-24,31.930000
2006-08-25,31.940001
2006-08-28,32.070000
2006-08-29,32.150002
2006-08-30,32.180000
2006-08-31,32.250000
2006-09-01,32.480000
2006-09-05,32.549999
2006-09-06,32.209999
2006-09-07,32.130001
2006-09-08,32.189999
2006-09-11,32.220001
2006-09-12,32.520000
2006-09-13,32.849998
2006-09-14,32.700001
2006-09-15,32.730000
2006-09-18,32.810001
2006-09-19,32.680000
2006-09-20,32.860001
2006-09-21,32.549999
2006-09-22,32.389999
2006-09-25,32.779999
2006-09-26,33.189999
2006-09-27,33.270000
2006-09-28,33.500000
2006-09-29,33.340000
2006-10-02,33.439999
2006-10-03,33.650002
2006-10-04,34.150002
2006-10-05,34.320000
2006-10-06,34.250000
2006-10-09,34.290001
2006-10-10,34.340000
2006-10-11,34.349998
2006-10-12,34.639999
2006-10-13,34.560001
2006-10-16,34.790001
2006-10-17,34.599998
2006-10-18,34.509998
2006-10-19,34.430000
2006-10-20,34.279999
2006-10-23,34.459999
2006-10-24,34.480000
2006-10-25,34.509998
2006-10-26,34.500000
2006-10-27,34.250000
2006-10-30,34.360001
2006-10-31,34.279999
2006-11-01,34.110001
2006-11-02,33.990002
2006-11-03,33.919998
2006-11-06,34.220001
2006-11-07,34.610001
2006-11-08,34.660000
2006-11-09,34.450001
2006-11-10,34.500000
2006-11-13,34.770000
2006-11-14,34.880001
2006-11-15,35.220001
2006-11-16,35.380001
2006-11-17,35.400002
2006-11-20,35.279999
2006-11-21,35.400002
2006-11-22,35.540001
2006-11-24,35.470001
2006-11-27,34.900002
2006-11-28,34.860001
2006-11-29,35.139999
2006-11-30,35.119999
2006-12-01,34.919998
2006-12-04,35.369999
2006-12-05,35.450001
2006-12-06,35.330002
2006-12-07,35.270000
2006-12-08,35.310001
2006-12-11,35.150002
2006-12-12,35.209999
2006-12-13,35.090000
2006-12-14,35.290001
2006-12-15,35.200001
2006-12-18,35.240002
2006-12-19,35.250000
2006-12-20,35.299999
2006-12-21,35.230000
2006-12-22,35.009998
2006-12-26,35.180000
2006-12-27,35.360001
2006-12-28,35.240002
2006-12-29,35.009998
2007-01-03,35.230000
2007-01-04,35.080002
2007-01-05,34.959999
2007-01-08,35.090000
2007-01-09,35.070000
2007-01-10,35.189999
2007-01-11,35.480000
2007-01-12,35.580002
2007-01-16,35.770000
2007-01-17,35.799999
2007-01-18,35.639999
2007-01-19,35.619999
2007-01-22,35.230000
2007-01-23,35.639999
2007-01-24,35.540001
2007-01-25,35.349998
2007-01-26,35.209999
2007-01-29,35.290001
2007-01-30,35.270000
2007-01-31,35.740002
2007-02-01,36.049999
2007-02-02,36.189999
2007-02-05,36.259998
2007-02-06,36.270000
2007-02-07,36.240002
2007-02-08,35.990002
2007-02-09,35.849998
2007-02-12,35.910000
2007-02-13,36.200001
2007-02-14,36.730000
2007-02-15,36.810001
2007-02-16,36.660000
2007-02-20,36.720001
2007-02-21,36.820000
2007-02-22,36.700001
2007-02-23,36.599998
2007-02-26,36.389999
2007-02-27,35.299999
2007-02-28,35.340000
2007-03-01,35.279999
2007-03-02,34.840000
2007-03-05,34.750000
2007-03-06,35.150002
2007-03-07,35.009998
2007-03-08,35.270000
2007-03-09,35.450001
2007-03-12,35.619999
2007-03-13,35.020000
2007-03-14,35.160000
2007-03-15,35.200001
2007-03-16,35.250000
2007-03-19,35.500000
2007-03-20,35.590000
2007-03-21,36.080002
2007-03-22,36.150002
2007-03-23,36.360001
2007-03-26,36.060001
2007-03-27,35.889999
2007-03-28,35.599998
2007-03-29,35.590000
2007-03-30,35.549999
2007-04-02,35.610001
2007-04-03,35.860001
2007-04-04,35.720001
2007-04-05,35.830002
2007-04-09,35.790001
2007-04-10,35.779999
2007-04-11,35.639999
2007-04-12,36.070000
2007-04-13,36.060001
2007-04-16,36.349998
2007-04-17,36.349998
2007-04-18,36.450001
2007-04-19,36.570000
2007-04-20,36.820000
2007-04-23,36.959999
2007-04-24,36.849998
2007-04-25,37.230000
2007-04-26,37.209999
2007-04-27,37.639999
2007-04-30,37.200001
2007-05-01,37.430000
2007-05-02,37.669998
2007-05-03,37.939999
2007-05-04,37.980000
2007-05-07,38.080002
2007-05-08,38.060001
2007-05-09,38.160000
2007-05-10,37.900002
2007-05-11,38.189999
2007-05-14,38.020000
2007-05-15,38.119999
2007-05-16,38.310001
2007-05-17,38.380001
2007-05-18,38.250000
2007-05-21,38.470001
2007-05-22,38.389999
2007-05-23,38.580002
2007-05-24,38.270000
2007-05-25,38.500000
2007-05-29,38.750000
2007-05-30,38.919998
2007-05-31,39.130001
2007-06-01,39.279999
2007-06-04,39.290001
2007-06-05,39.169998
2007-06-06,38.750000
2007-06-07,38.119999
2007-06-08,38.650002
2007-06-11,38.700001
2007-06-12,38.200001
2007-06-13,39.110001
2007-06-14,39.310001
2007-06-15,39.419998
2007-06-18,39.400002
2007-06-19,39.520000
2007-06-20,39.299999
2007-06-21,39.380001
2007-06-22,39.150002
2007-06-25,39.049999
2007-06-26,38.720001
2007-06-27,39.099998
2007-06-28,38.900002
2007-06-29,39.040001
2007-07-02,39.320000
2007-07-03,39.599998
2007-07-05,39.560001
2007-07-06,39.799999
2007-07-09,40.099998
2007-07-10,39.430000
2007-07-11,39.849998
2007-07-12,40.439999
2007-07-13,40.720001
2007-07-16,40.980000
2007-07-17,41.220001
2007-07-18,41.130001
2007-07-19,41.500000
2007-07-20,40.900002
2007-07-23,41.169998
2007-07-24,40.599998
2007-07-25,40.700001
2007-07-26,39.849998
2007-07-27,39.110001
2007-07-30,39.950001
2007-07-31,39.410000
2007-08-01,39.700001
2007-08-02,39.970001
2007-08-03,39.150002
2007-08-06,39.740002
2007-08-07,39.740002
2007-08-08,40.049999
2007-08-09,38.980000
2007-08-10,38.529999
2007-08-13,39.049999
2007-08-14,38.049999
2007-08-15,37.599998
2007-08-16,37.619999
2007-08-17,38.000000
2007-08-20,38.549999
2007-08-21,38.400002
2007-08-22,39.090000
2007-08-23,38.880001
2007-08-24,39.200001
2007-08-27,39.110001
2007-08-28,38.169998
2007-08-29,39.070000
2007-08-30,38.830002
2007-08-31,39.419998
2007-09-04,39.599998
2007-09-05,39.200001
2007-09-06,39.520000
2007-09-07,38.709999
2007-09-10,38.740002
2007-09-11,39.090000
2007-09-12,39.060001
2007-09-13,39.470001
2007-09-14,39.540001
2007-09-17,39.200001
2007-09-18,40.470001
2007-09-19,40.900002
2007-09-20,40.560001
2007-09-21,40.630001
2007-09-24,40.240002
2007-09-25,40.400002
2007-09-26,40.680000
2007-09-27,40.860001
2007-09-28,41.080002
2007-10-01,41.610001
2007-10-02,41.270000
2007-10-03,40.990002
2007-10-04,41.130001
2007-10-05,41.580002
2007-10-08,41.509998
2007-10-09,41.900002
2007-10-10,41.439999
2007-10-11,41.139999
2007-10-12,41.320000
2007-10-15,41.000000
2007-10-16,40.820000
2007-10-17,40.930000
2007-10-18,41.040001
2007-10-19,39.900002
2007-10-22,40.049999
2007-10-23,40.320000
2007-10-24,40.200001
2007-10-25,40.270000
2007-10-26,40.299999
2007-10-29,40.560001
2007-10-30,40.200001
2007-10-31,40.549999
2007-11-01,39.860001
2007-11-02,40.220001
2007-11-05,40.049999
2007-11-06,40.680000
2007-11-07,39.700001
2007-11-08,39.709999
2007-11-09,38.919998
2007-11-12,38.500000
2007-11-13,39.480000
2007-11-14,39.349998
2007-11-15,38.799999
2007-11-16,38.810001
2007-11-19,38.250000
2007-11-20,38.310001
2007-11-21,37.669998
2007-11-23,38.169998
2007-11-26,37.570000
2007-11-27,38.320000
2007-11-28,39.250000
2007-11-29,39.250000
2007-11-30,39.400002
2007-12-03,39.000000
2007-12-04,38.910000
2007-12-05,39.549999
2007-12-06,40.000000
2007-12-07,40.299999
2007-12-10,40.490002
2007-12-11,39.200001
2007-12-12,39.700001
2007-12-13,39.900002
2007-12-14,39.459999
2007-12-17,38.750000
2007-12-18,38.860001
2007-12-19,38.730000
2007-12-20,39.049999
2007-12-21,39.549999
2007-12-24,39.990002
2007-12-26,39.840000
2007-12-27,39.380001
2007-12-28,39.340000
2007-12-31,39.160000
2008-01-02,38.509998
2008-01-03,38.540001
2008-01-04,37.750000
2008-01-07,37.279999
2008-01-08,36.450001
2008-01-09,36.560001
2008-01-10,37.070000
2008-01-11,36.439999
2008-01-14,36.889999
2008-01-15,36.119999
2008-01-16,35.700001
2008-01-17,34.750000
2008-01-18,34.680000
2008-01-22,34.799999
2008-01-23,35.750000
2008-01-24,35.959999
2008-01-25,35.799999
2008-01-28,36.330002
2008-01-29,36.650002
2008-01-30,36.799999
2008-01-31,37.000000
2008-02-01,37.849998
2008-02-04,37.439999
2008-02-05,36.490002
2008-02-06,36.430000
2008-02-07,36.439999
2008-02-08,36.169998
2008-02-11,36.529999
2008-02-12,36.900002
2008-02-13,37.560001
2008-02-14,37.000000
2008-02-15,36.770000
2008-02-19,36.950001
2008-02-20,37.070000
2008-02-21,36.779999
2008-02-22,37.150002
2008-02-25,37.439999
2008-02-26,37.470001
2008-02-27,37.540001
2008-02-28,37.270000
2008-02-29,36.250000
2008-03-03,36.779999
2008-03-04,36.349998
2008-03-05,36.830002
2008-03-06,36.130001
2008-03-07,35.610001
2008-03-10,35.040001
2008-03-11,36.230000
2008-03-12,36.160000
2008-03-13,36.660000
2008-03-14,36.080002
2008-03-17,35.900002
2008-03-18,37.790001
2008-03-19,36.410000
2008-03-20,36.630001
2008-03-24,37.459999
2008-03-25,37.689999
2008-03-26,37.389999
2008-03-27,36.980000
2008-03-28,36.840000
2008-03-31,37.400002
2008-04-01,38.250000
2008-04-02,38.419998
2008-04-03,38.250000
2008-04-04,38.400002
2008-04-07,38.160000
2008-04-08,38.130001
2008-04-09,37.759998
2008-04-10,37.919998
2008-04-11,36.430000
2008-04-14,36.450001
2008-04-15,36.619999
2008-04-16,37.639999
2008-04-17,37.200001
2008-04-18,38.320000
2008-04-21,38.189999
2008-04-22,37.580002
2008-04-23,37.599998
2008-04-24,37.840000
2008-04-25,38.369999
2008-04-28,38.590000
2008-04-29,38.230000
2008-04-30,38.500000
2008-05-01,38.750000
2008-05-02,38.900002
2008-05-05,38.799999
2008-05-06,38.950001
2008-05-07,38.349998
2008-05-08,38.480000
2008-05-09,38.240002
2008-05-12,38.849998
2008-05-13,39.110001
2008-05-14,39.150002
2008-05-15,39.380001
2008-05-16,39.279999
2008-05-19,39.720001
2008-05-20,39.090000
2008-05-21,38.430000
2008-05-22,38.340000
2008-05-23,37.790001
2008-05-27,38.189999
2008-05-28,38.450001
2008-05-29,38.599998
2008-05-30,38.840000
2008-06-02,38.509998
2008-06-03,38.380001
2008-06-04,38.230000
2008-06-05,38.509998
2008-06-06,37.009998
2008-06-09,37.389999
2008-06-10,37.169998
2008-06-11,36.470001
2008-06-12,36.599998
2008-06-13,37.020000
2008-06-16,36.820000
2008-06-17,36.740002
2008-06-18,36.209999
2008-06-19,36.680000
2008-06-20,35.900002
2008-06-23,35.970001
2008-06-24,35.540001
2008-06-25,35.279999
2008-06-26,34.700001
2008-06-27,33.700001
2008-06-30,34.009998
2008-07-01,33.990002
2008-07-02,32.950001
2008-07-03,33.410000
2008-07-07,33.369999
2008-07-08,34.139999
2008-07-09,33.189999
2008-07-10,33.700001
2008-07-11,33.090000
2008-07-14,33.240002
2008-07-15,32.580002
2008-07-16,33.330002
2008-07-17,34.250000
2008-07-18,34.299999
2008-07-21,34.330002
2008-07-22,34.750000
2008-07-23,35.020000
2008-07-24,34.150002
2008-07-25,34.470001
2008-07-28,33.680000
2008-07-29,34.950001
2008-07-30,35.360001
2008-07-31,34.279999
2008-08-01,34.250000
2008-08-04,34.099998
2008-08-05,35.049999
2008-08-06,35.720001
2008-08-07,34.520000
2008-08-08,35.709999
2008-08-11,35.799999
2008-08-12,35.450001
2008-08-13,35.320000
2008-08-14,35.450001
2008-08-15,35.650002
2008-08-18,35.250000
2008-08-19,34.810001
2008-08-20,34.529999
2008-08-21,34.610001
2008-08-22,35.290001
2008-08-25,34.740002
2008-08-26,34.730000
2008-08-27,34.830002
2008-08-28,35.610001
2008-08-29,35.220001
2008-09-02,35.230000
2008-09-03,34.970001
2008-09-04,33.770000
2008-09-05,33.759998
2008-09-08,34.299999
2008-09-09,33.290001
2008-09-10,33.430000
2008-09-11,34.200001
2008-09-12,34.110001
2008-09-15,32.740002
2008-09-16,32.840000
2008-09-17,31.730000
2008-09-18,32.380001
2008-09-19,33.110001
2008-09-22,32.230000
2008-09-23,31.520000
2008-09-24,31.450001
2008-09-25,31.700001
2008-09-26,31.570000
2008-09-29,30.500000
2008-09-30,30.799999
2008-10-01,30.070000
2008-10-02,28.270000
2008-10-03,27.820000
2008-10-06,27.090000
2008-10-07,26.190001
2008-10-08,25.790001
2008-10-09,24.320000
2008-10-10,23.540001
2008-10-13,26.059999
2008-10-14,26.049999
2008-10-15,23.600000
2008-10-16,24.080000
2008-10-17,23.559999
2008-10-20,24.730000
2008-10-21,24.510000
2008-10-22,23.379999
2008-10-23,23.440001
2008-10-24,22.090000
2008-10-27,21.240000
2008-10-28,23.420000
2008-10-29,23.520000
2008-10-30,24.370001
2008-10-31,25.180000
2008-11-03,24.750000
2008-11-04,25.830000
2008-11-05,24.750000
2008-11-06,23.590000
2008-11-07,23.830000
2008-11-10,23.840000
2008-11-11,23.309999
2008-11-12,22.200001
2008-11-13,23.389999
2008-11-14,22.400000
2008-11-17,21.950001
2008-11-18,21.969999
2008-11-19,20.549999
2008-11-20,20.000000
2008-11-21,20.590000
2008-11-24,21.620001
2008-11-25,21.930000
2008-11-26,22.620001
2008-11-28,23.110001
2008-12-01,21.209999
2008-12-02,22.190001
2008-12-03,22.570000
2008-12-04,22.120001
2008-12-05,22.660000
2008-12-08,23.250000
2008-12-09,22.840000
2008-12-10,23.209999
2008-12-11,22.209999
2008-12-12,22.270000
2008-12-15,22.260000
2008-12-16,23.360001
2008-12-17,23.370001
2008-12-18,22.549999
2008-12-19,22.580000
2008-12-22,22.230000
2008-12-23,22.160000
2008-12-24,22.299999
2008-12-26,22.469999
2008-12-29,22.049999
2008-12-30,22.870001
2008-12-31,23.420000
2009-01-02,24.280001
2009-01-05,24.090000
2009-01-06,24.620001
2009-01-07,23.520000
2009-01-08,23.750000
2009-01-09,23.230000
2009-01-12,22.719999
2009-01-13,22.330000
2009-01-14,21.500000
2009-01-15,21.700001
2009-01-16,21.820000
2009-01-20,20.809999
2009-01-21,21.340000
2009-01-22,21.270000
2009-01-23,20.629999
2009-01-26,20.870001
2009-01-27,21.250000
2009-01-28,21.860001
2009-01-29,21.059999
2009-01-30,20.610001
2009-02-02,20.139999
2009-02-03,20.510000
2009-02-04,20.400000
2009-02-05,20.639999
2009-02-06,21.139999
2009-02-09,21.540001
2009-02-10,20.410000
2009-02-11,20.570000
2009-02-12,20.340000
2009-02-13,20.340000
2009-02-17,19.309999
2009-02-18,19.340000
2009-02-19,18.910000
2009-02-20,18.620001
2009-02-23,17.900000
2009-02-24,18.290001
2009-02-25,17.850000
2009-02-26,17.540001
2009-02-27,17.100000
2009-03-02,15.980000
2009-03-03,15.860000
2009-03-04,16.299999
2009-03-05,15.670000
2009-03-06,15.500000
2009-03-09,15.360000
2009-03-10,16.520000
2009-03-11,16.680000
2009-03-12,17.219999
2009-03-13,17.250000
2009-03-16,17.440001
2009-03-17,17.950001
2009-03-18,18.290001
2009-03-19,18.110001
2009-03-20,17.389999
2009-03-23,18.650000
2009-03-24,18.500000
2009-03-25,18.650000
2009-03-26,19.650000
2009-03-27,19.280001
2009-03-30,18.320000
2009-03-31,18.430000
2009-04-01,18.840000
2009-04-02,19.850000
2009-04-03,19.870001
2009-04-06,19.920000
2009-04-07,19.350000
2009-04-08,19.520000
2009-04-09,20.480000
2009-04-13,20.540001
2009-04-14,20.240000
2009-04-15,20.430000
2009-04-16,21.120001
2009-04-17,21.110001
2009-04-20,20.180000
2009-04-21,20.670000
2009-04-22,20.990000
2009-04-23,21.219999
2009-04-24,21.660000
2009-04-27,21.230000
2009-04-28,20.980000
2009-04-29,21.680000
2009-04-30,21.760000
2009-05-01,22.000000
2009-05-04,22.719999
2009-05-05,22.790001
2009-05-06,23.150000
2009-05-07,22.680000
2009-05-08,23.510000
2009-05-11,22.809999
2009-05-12,22.559999
2009-05-13,21.629999
2009-05-14,21.790001
2009-05-15,21.799999
2009-05-18,22.600000
2009-05-19,22.430000
2009-05-20,22.450001
2009-05-21,21.770000
2009-05-22,21.690001
2009-05-26,22.480000
2009-05-27,21.750000
2009-05-28,21.959999
2009-05-29,22.490000
2009-06-01,23.530001
2009-06-02,23.570000
2009-06-03,23.110001
2009-06-04,23.530001
2009-06-05,23.730000
2009-06-08,23.790001
2009-06-09,23.740000
2009-06-10,23.590000
2009-06-11,23.549999
2009-06-12,23.590000
2009-06-15,22.870001
2009-06-16,22.450001
2009-06-17,22.280001
2009-06-18,22.299999
2009-06-19,22.200001
2009-06-22,21.459999
2009-06-23,21.260000
2009-06-24,21.400000
2009-06-25,22.059999
2009-06-26,21.969999
2009-06-29,22.190001
2009-06-30,21.959999
2009-07-01,22.049999
2009-07-02,21.360001
2009-07-06,21.370001
2009-07-07,20.639999
2009-07-08,20.559999
2009-07-09,20.750000
2009-07-10,20.719999
2009-07-13,21.250000
2009-07-14,21.559999
2009-07-15,22.230000
2009-07-16,22.639999
2009-07-17,22.379999
2009-07-20,22.830000
2009-07-21,22.840000
2009-07-22,22.910000
2009-07-23,23.389999
2009-07-24,23.410000
2009-07-27,23.540001
2009-07-28,23.520000
2009-07-29,23.410000
2009-07-30,23.790001
2009-07-31,23.879999
2009-08-03,24.400000
2009-08-04,24.580000
2009-08-05,24.379999
2009-08-06,24.510000
2009-08-07,25.120001
2009-08-10,24.879999
2009-08-11,24.549999
2009-08-12,24.980000
2009-08-13,25.090000
2009-08-14,24.730000
2009-08-17,24.000000
2009-08-18,24.290001
2009-08-19,24.360001
2009-08-20,24.660000
2009-08-21,25.299999
2009-08-24,25.350000
2009-08-25,25.490000
2009-08-26,25.230000
2009-08-27,25.459999
2009-08-28,25.320000
2009-08-31,25.020000
2009-09-01,24.600000
2009-09-02,24.500000
2009-09-03,24.820000
2009-09-04,25.309999
2009-09-08,25.530001
2009-09-09,25.959999
2009-09-10,26.180000
2009-09-11,26.350000
2009-09-14,26.600000
2009-09-15,26.920000
2009-09-16,27.260000
2009-09-17,27.309999
2009-09-18,27.010000
2009-09-21,26.850000
2009-09-22,27.170000
2009-09-23,26.940001
2009-09-24,26.500000
2009-09-25,26.129999
2009-09-28,26.670000
2009-09-29,26.610001
2009-09-30,26.340000
2009-10-01,25.680000
2009-10-02,25.350000
2009-10-05,25.870001
2009-10-06,26.120001
2009-10-07,26.020000
2009-10-08,26.480000
2009-10-09,26.549999
2009-10-12,26.500000
2009-10-13,26.520000
2009-10-14,27.290001
2009-10-15,27.250000
2009-10-16,27.059999
2009-10-19,27.350000
2009-10-20,27.160000
2009-10-21,26.969999
2009-10-22,27.160000
2009-10-23,26.680000
2009-10-26,26.469999
2009-10-27,26.110001
2009-10-28,25.570000
2009-10-29,26.180000
2009-10-30,25.290001
2009-11-02,25.580000
2009-11-03,26.020000
2009-11-04,25.969999
2009-11-05,26.639999
2009-11-06,26.879999
2009-11-09,27.559999
2009-11-10,27.400000
2009-11-11,27.610001
2009-11-12,27.290001
2009-11-13,27.500000
2009-11-16,28.129999
2009-11-17,28.080000
2009-11-18,27.930000
2009-11-19,27.510000
2009-11-20,27.459999
2009-11-23,27.959999
2009-11-24,27.730000
2009-11-25,27.959999
2009-11-27,27.420000
2009-11-30,27.510000
2009-12-01,27.959999
2009-12-02,27.879999
2009-12-03,27.750000
2009-12-04,28.170000
2009-12-07,28.070000
2009-12-08,27.639999
2009-12-09,27.770000
2009-12-10,27.889999
2009-12-11,28.170000
2009-12-14,28.549999
2009-12-15,28.469999
2009-12-16,28.350000
2009-12-17,28.040001
2009-12-18,27.850000
2009-12-21,28.059999
2009-12-22,28.090000
2009-12-23,28.139999
2009-12-24,28.250000
2009-12-28,28.200001
2009-12-29,28.280001
2009-12-30,28.139999
2009-12-31,27.790001
2010-01-04,28.320000
2010-01-05,28.420000
2010-01-06,28.480000
2010-01-07,28.790001
2010-01-08,29.250000
2010-01-11,29.570000
2010-01-12,29.330000
2010-01-13,29.450001
2010-01-14,29.450001
2010-01-15,29.070000
2010-01-19,29.389999
2010-01-20,28.940001
2010-01-21,28.270000
2010-01-22,27.840000
2010-01-25,28.020000
2010-01-26,27.900000
2010-01-27,27.980000
2010-01-28,27.660000
2010-01-29,27.379999
2010-02-01,27.790001
2010-02-02,28.320000
2010-02-03,28.150000
2010-02-04,27.320000
2010-02-05,27.200001
2010-02-08,26.900000
2010-02-09,27.420000
2010-02-10,27.379999
2010-02-11,27.790001
2010-02-12,27.570000
2010-02-16,28.219999
2010-02-17,28.459999
2010-02-18,28.719999
2010-02-19,28.860001
2010-02-22,28.879999
2010-02-23,28.510000
2010-02-24,28.799999
2010-02-25,28.730000
2010-02-26,28.840000
2010-03-01,29.219999
2010-03-02,29.270000
2010-03-03,29.309999
2010-03-04,29.450001
2010-03-05,29.900000
2010-03-08,29.760000
2010-03-09,30.000000
2010-03-10,30.059999
2010-03-11,30.170000
2010-03-12,30.370001
2010-03-15,30.370001
2010-03-16,30.780001
2010-03-17,30.830000
2010-03-18,31.040001
2010-03-19,30.809999
2010-03-22,30.900000
2010-03-23,31.250000
2010-03-24,31.030001
2010-03-25,31.010000
2010-03-26,31.090000
2010-03-29,31.370001
2010-03-30,31.420000
2010-03-31,31.240000
2010-04-01,31.440001
2010-04-05,31.670000
2010-04-06,31.680000
2010-04-07,31.500000
2010-04-08,31.600000
2010-04-09,31.780001
2010-04-12,31.850000
2010-04-13,31.900000
2010-04-14,32.310001
2010-04-15,32.619999
2010-04-16,32.090000
2010-04-19,32.029999
2010-04-20,32.400002
2010-04-21,32.619999
2010-04-22,32.919998
2010-04-23,33.119999
2010-04-26,33.189999
2010-04-27,32.389999
2010-04-28,32.619999
2010-04-29,33.360001
2010-04-30,32.570000
2010-05-03,33.220001
2010-05-04,32.169998
2010-05-05,31.760000
2010-05-06,30.709999
2010-05-07,30.030001
2010-05-10,31.750000
2010-05-11,31.660000
2010-05-12,32.360001
2010-05-13,31.860001
2010-05-14,31.190001
2010-05-17,31.110001
2010-05-18,30.719999
2010-05-19,30.330000
2010-05-20,29.010000
2010-05-21,29.420000
2010-05-24,28.980000
2010-05-25,28.959999
2010-05-26,29.020000
2010-05-27,30.000000
2010-05-28,29.600000
2010-06-01,28.940001
2010-06-02,29.690001
2010-06-03,29.830000
2010-06-04,28.430000
2010-06-07,27.700001
2010-06-08,27.990000
2010-06-09,27.990000
2010-06-10,29.070000
2010-06-11,29.170000
2010-06-14,29.139999
2010-06-15,30.020000
2010-06-16,29.940001
2010-06-17,30.030001
2010-06-18,30.000000
2010-06-21,30.049999
2010-06-22,29.320000
2010-06-23,29.209999
2010-06-24,28.700001
2010-06-25,28.920000
2010-06-28,28.719999
2010-06-29,27.610001
2010-06-30,27.430000
2010-07-01,27.350000
2010-07-02,27.010000
2010-07-06,27.059999
2010-07-07,28.000000
2010-07-08,28.360001
2010-07-09,28.639999
2010-07-12,28.490000
2010-07-13,28.990000
2010-07-14,29.049999
2010-07-15,29.040001
2010-07-16,28.070000
2010-07-19,28.230000
2010-07-20,28.670000
2010-07-21,28.600000
2010-07-22,29.480000
2010-07-23,30.070000
2010-07-26,30.559999
2010-07-27,30.350000
2010-07-28,30.270000
2010-07-29,30.170000
2010-07-30,30.290001
2010-08-02,30.889999
2010-08-03,30.730000
2010-08-04,31.000000
2010-08-05,31.020000
2010-08-06,30.850000
2010-08-09,31.010000
2010-08-10,30.799999
2010-08-11,29.650000
2010-08-12,29.440001
2010-08-13,29.400000
2010-08-16,29.340000
2010-08-17,29.850000
2010-08-18,29.959999
2010-08-19,29.320000
2010-08-20,29.170000
2010-08-23,28.850000
2010-08-24,28.260000
2010-08-25,28.209999
2010-08-26,28.170000
2010-08-27,28.740000
2010-08-30,28.299999
2010-08-31,28.190001
2010-09-01,29.309999
2010-09-02,29.680000
2010-09-03,30.129999
2010-09-07,29.850000
2010-09-08,30.160000
2010-09-09,30.129999
2010-09-10,30.400000
2010-09-13,30.700001
2010-09-14,30.610001
2010-09-15,30.610001
2010-09-16,30.570000
2010-09-17,30.700001
2010-09-20,31.160000
2010-09-21,31.219999
2010-09-22,31.059999
2010-09-23,30.600000
2010-09-24,31.440001
2010-09-27,31.240000
2010-09-28,31.410000
2010-09-29,31.400000
2010-09-30,31.280001
2010-10-01,31.309999
2010-10-04,30.980000
2010-10-05,31.809999
2010-10-06,32.000000
2010-10-07,31.930000
2010-10-08,32.200001
2010-10-11,32.110001
2010-10-12,32.090000
2010-10-13,32.619999
2010-10-14,32.430000
2010-10-15,32.230000
2010-10-18,32.209999
2010-10-19,31.780001
2010-10-20,32.230000
2010-10-21,32.490002
2010-10-22,32.480000
2010-10-25,32.590000
2010-10-26,32.439999
2010-10-27,32.200001
2010-10-28,32.130001
2010-10-29,32.180000
2010-11-01,32.180000
2010-11-02,32.490002
2010-11-03,32.540001
2010-11-04,33.230000
2010-11-05,33.430000
2010-11-08,33.290001
2010-11-09,32.990002
2010-11-10,32.980000
2010-11-11,32.790001
2010-11-12,32.410000
2010-11-15,32.509998
2010-11-16,31.990000
2010-11-17,32.009998
2010-11-18,32.660000
2010-11-19,32.759998
2010-11-22,32.689999
2010-11-23,32.240002
2010-11-24,32.970001
2010-11-26,32.700001
2010-11-29,32.689999
2010-11-30,32.610001
2010-12-01,33.450001
2010-12-02,33.970001
2010-12-03,34.040001
2010-12-06,34.020000
2010-12-07,34.110001
2010-12-08,33.990002
2010-12-09,34.090000
2010-12-10,34.400002
2010-12-13,34.419998
2010-12-14,34.580002
2010-12-15,34.439999
2010-12-16,34.820000
2010-12-17,34.540001
2010-12-20,34.529999
2010-12-21,34.810001
2010-12-22,34.889999
2010-12-23,34.820000
2010-12-27,34.880001
2010-12-28,34.860001
2010-12-29,34.889999
2010-12-30,34.830002
2010-12-31,34.869999
2011-01-03,35.119999
2011-01-04,35.070000
2011-01-05,35.250000
2011-01-06,35.189999
2011-01-07,35.259998
2011-01-10,35.310001
2011-01-11,35.439999
2011-01-12,35.730000
2011-01-13,35.770000
2011-01-14,35.910000
2011-01-18,36.169998
2011-01-19,35.790001
2011-01-20,35.610001
2011-01-21,35.900002
2011-01-24,36.240002
2011-01-25,36.200001
2011-01-26,36.410000
2011-01-27,36.540001
2011-01-28,35.830002
2011-01-31,36.240002
2011-02-01,36.750000
2011-02-02,36.630001
2011-02-03,36.650002
2011-02-04,36.779999
2011-02-07,37.130001
2011-02-08,37.380001
2011-02-09,37.369999
2011-02-10,37.570000
2011-02-11,37.849998
2011-02-14,37.810001
2011-02-15,37.669998
2011-02-16,37.849998
2011-02-17,37.939999
2011-02-18,38.040001
2011-02-22,36.939999
2011-02-23,36.290001
2011-02-24,36.500000
2011-02-25,36.830002
2011-02-28,37.009998
2011-03-01,36.220001
2011-03-02,36.400002
2011-03-03,37.279999
2011-03-04,36.840000
2011-03-07,36.500000
2011-03-08,37.070000
2011-03-09,36.990002
2011-03-10,36.240002
2011-03-11,36.669998
2011-03-14,36.360001
2011-03-15,36.020000
2011-03-16,35.349998
2011-03-17,35.900002
2011-03-18,35.970001
2011-03-21,36.759998
2011-03-22,36.470001
2011-03-23,36.590000
2011-03-24,36.970001
2011-03-25,37.099998
2011-03-28,37.070000
2011-03-29,37.369999
2011-03-30,37.520000
2011-03-31,37.669998
2011-04-01,37.980000
2011-04-04,38.029999
2011-04-05,37.889999
2011-04-06,37.930000
2011-04-07,37.750000
2011-04-08,37.419998
2011-04-11,37.389999
2011-04-12,37.110001
2011-04-13,37.000000
2011-04-14,37.000000
2011-04-15,37.130001
2011-04-18,36.599998
2011-04-19,36.919998
2011-04-20,37.520000
2011-04-21,37.630001
2011-04-25,37.520000
2011-04-26,38.240002
2011-04-27,38.410000
2011-04-28,38.540001
2011-04-29,38.700001
2011-05-02,38.639999
2011-05-03,38.480000
2011-05-04,37.919998
2011-05-05,37.740002
2011-05-06,38.070000
2011-05-09,38.230000
2011-05-10,38.580002
2011-05-11,38.060001
2011-05-12,38.139999
2011-05-13,37.680000
2011-05-16,37.540001
2011-05-17,37.029999
2011-05-18,37.529999
2011-05-19,37.770000
2011-05-20,37.369999
2011-05-23,36.840000
2011-05-24,36.650002
2011-05-25,36.959999
2011-05-26,37.110001
2011-05-27,37.290001
2011-05-31,37.630001
2011-06-01,36.400002
2011-06-02,36.590000
2011-06-03,36.099998
2011-06-06,35.840000
2011-06-07,35.820000
2011-06-08,35.509998
2011-06-09,35.779999
2011-06-10,35.209999
2011-06-13,35.220001
2011-06-14,35.889999
2011-06-15,35.349998
2011-06-16,35.470001
2011-06-17,35.450001
2011-06-20,35.759998
2011-06-21,36.320000
2011-06-22,36.119999
2011-06-23,36.040001
2011-06-24,35.630001
2011-06-27,35.910000
2011-06-28,36.470001
2011-06-29,36.660000
2011-06-30,37.240002
2011-07-01,37.910000
2011-07-05,37.700001
2011-07-06,37.900002
2011-07-07,38.299999
2011-07-08,37.820000
2011-07-11,37.119999
2011-07-12,36.759998
2011-07-13,36.910000
2011-07-14,36.509998
2011-07-15,36.540001
2011-07-18,36.130001
2011-07-19,36.599998
2011-07-20,36.669998
2011-07-21,37.220001
2011-07-22,36.830002
2011-07-25,36.810001
2011-07-26,36.130001
2011-07-27,35.150002
2011-07-28,34.849998
2011-07-29,34.680000
2011-08-01,34.459999
2011-08-02,33.259998
2011-08-03,33.560001
2011-08-04,31.760000
2011-08-05,31.760000
2011-08-08,29.520000
2011-08-09,30.980000
2011-08-10,29.400000
2011-08-11,30.799999
2011-08-12,31.400000
2011-08-15,31.870001
2011-08-16,31.420000
2011-08-17,31.320000
2011-08-18,29.590000
2011-08-19,29.129999
2011-08-22,29.240000
2011-08-23,30.270000
2011-08-24,30.879999
2011-08-25,30.299999
2011-08-26,30.930000
2011-08-29,31.910000
2011-08-30,32.180000
2011-08-31,32.400002
2011-09-01,31.870001
2011-09-02,30.850000
2011-09-06,30.530001
2011-09-07,31.480000
2011-09-08,31.010000
2011-09-09,30.180000
2011-09-12,30.240000
2011-09-13,30.799999
2011-09-14,31.340000
2011-09-15,31.980000
2011-09-16,31.969999
2011-09-19,31.670000
2011-09-20,31.440001
2011-09-21,30.139999
2011-09-22,29.010000
2011-09-23,29.309999
2011-09-26,30.049999
2011-09-27,30.580000
2011-09-28,29.799999
2011-09-29,30.230000
2011-09-30,29.219999
2011-10-03,28.400000
2011-10-04,29.190001
2011-10-05,29.809999
2011-10-06,30.410000
2011-10-07,30.340000
2011-10-10,31.400000
2011-10-11,31.490000
2011-10-12,31.889999
2011-10-13,31.620001
2011-10-14,32.189999
2011-10-17,31.270000
2011-10-18,32.169998
2011-10-19,31.780001
2011-10-20,32.049999
2011-10-21,32.669998
2011-10-24,33.279999
2011-10-25,32.599998
2011-10-26,32.830002
2011-10-27,34.259998
2011-10-28,34.259998
2011-10-31,33.419998
2011-11-01,32.410000
2011-11-02,33.049999
2011-11-03,33.860001
2011-11-04,33.599998
2011-11-07,33.680000
2011-11-08,34.060001
2011-11-09,32.740002
2011-11-10,33.139999
2011-11-11,33.930000
2011-11-14,33.720001
2011-11-15,33.919998
2011-11-16,33.419998
2011-11-17,32.840000
2011-11-18,32.919998
2011-11-21,32.160000
2011-11-22,31.950001
2011-11-23,31.209999
2011-11-25,31.160000
2011-11-28,32.209999
2011-11-29,32.240002
2011-11-30,33.889999
2011-12-01,33.779999
2011-12-02,33.709999
2011-12-05,34.070000
2011-12-06,34.060001
2011-12-07,34.049999
2011-12-08,33.209999
2011-12-09,33.970001
2011-12-12,33.349998
2011-12-13,32.910000
2011-12-14,32.520000
2011-12-15,32.750000
2011-12-16,32.669998
2011-12-19,32.330002
2011-12-20,33.439999
2011-12-21,33.450001
2011-12-22,33.770000
2011-12-23,34.090000
2011-12-27,34.080002
2011-12-28,33.540001
2011-12-29,33.959999
2011-12-30,33.750000
2012-01-03,34.490002
2012-01-04,34.650002
2012-01-05,34.660000
2012-01-06,34.590000
2012-01-09,34.849998
2012-01-10,35.349998
2012-01-11,35.459999
2012-01-12,35.770000
2012-01-13,35.490002
2012-01-17,35.669998
2012-01-18,35.990002
2012-01-19,36.369999
2012-01-20,36.160000
2012-01-23,36.119999
2012-01-24,36.160000
2012-01-25,36.560001
2012-01-26,36.490002
2012-01-27,36.459999
2012-01-30,36.330002
2012-01-31,36.220001
2012-02-01,36.610001
2012-02-02,36.630001
2012-02-03,37.259998
2012-02-06,37.169998
2012-02-07,37.130001
2012-02-08,37.209999
2012-02-09,37.310001
2012-02-10,36.970001
2012-02-13,37.419998
2012-02-14,37.290001
2012-02-15,36.799999
2012-02-16,37.139999
2012-02-17,37.279999
2012-02-21,37.410000
2012-02-22,37.369999
2012-02-23,37.490002
2012-02-24,37.480000
2012-02-27,37.509998
2012-02-28,37.459999
2012-02-29,37.230000
2012-03-01,37.360001
2012-03-02,37.139999
2012-03-05,36.880001
2012-03-06,36.049999
2012-03-07,36.419998
2012-03-08,36.939999
2012-03-09,37.020000
2012-03-12,37.009998
2012-03-13,37.779999
2012-03-14,37.689999
2012-03-15,38.139999
2012-03-16,37.980000
2012-03-19,37.980000
2012-03-20,37.540001
2012-03-21,37.520000
2012-03-22,37.099998
2012-03-23,37.160000
2012-03-26,37.709999
2012-03-27,37.590000
2012-03-28,37.230000
2012-03-29,37.250000
2012-03-30,37.419998
2012-04-02,37.660000
2012-04-03,37.389999
2012-04-04,37.119999
2012-04-05,36.970001
2012-04-09,36.369999
2012-04-10,35.630001
2012-04-11,36.029999
2012-04-12,36.799999
2012-04-13,36.330002
2012-04-16,36.430000
2012-04-17,37.029999
2012-04-18,36.869999
2012-04-19,36.459999
2012-04-20,36.770000
2012-04-23,36.360001
2012-04-24,36.840000
2012-04-25,36.910000
2012-04-26,37.130001
2012-04-27,37.360001
2012-04-30,37.009998
2012-05-01,37.119999
2012-05-02,37.130001
2012-05-03,36.830002
2012-05-04,36.299999
2012-05-07,36.200001
2012-05-08,36.110001
2012-05-09,35.689999
2012-05-10,35.740002
2012-05-11,35.669998
2012-05-14,35.259998
2012-05-15,35.080002
2012-05-16,35.040001
2012-05-17,34.290001
2012-05-18,34.119999
2012-05-21,34.880001
2012-05-22,35.009998
2012-05-23,35.200001
2012-05-24,35.160000
2012-05-25,34.919998
2012-05-29,35.389999
2012-05-30,34.799999
2012-05-31,34.669998
2012-06-01,33.709999
2012-06-04,33.360001
2012-06-05,33.459999
2012-06-06,34.349998
2012-06-07,34.540001
2012-06-08,34.799999
2012-06-11,34.349998
2012-06-12,34.900002
2012-06-13,34.549999
2012-06-14,34.820000
2012-06-15,34.959999
2012-06-18,35.040001
2012-06-19,35.509998
2012-06-20,35.320000
2012-06-21,34.630001
2012-06-22,34.750000
2012-06-25,34.110001
2012-06-26,34.169998
2012-06-27,34.500000
2012-06-28,34.470001
2012-06-29,35.669998
2012-07-02,35.360001
2012-07-03,35.730000
2012-07-05,35.689999
2012-07-06,35.209999
2012-07-09,35.189999
2012-07-10,34.619999
2012-07-11,34.340000
2012-07-12,34.209999
2012-07-13,34.869999
2012-07-16,34.630001
2012-07-17,34.779999
2012-07-18,35.430000
2012-07-19,35.599998
2012-07-20,35.160000
2012-07-23,34.980000
2012-07-24,34.590000
2012-07-25,34.709999
2012-07-26,35.240002
2012-07-27,36.009998
2012-07-30,35.910000
2012-07-31,35.810001
2012-08-01,35.570000
2012-08-02,35.389999
2012-08-03,36.160000
2012-08-06,36.160000
2012-08-07,36.529999
2012-08-08,36.480000
2012-08-09,36.509998
2012-08-10,36.680000
2012-08-13,36.599998
2012-08-14,36.549999
2012-08-15,36.630001
2012-08-16,37.000000
2012-08-17,37.180000
2012-08-20,37.099998
2012-08-21,37.020000
2012-08-22,36.840000
2012-08-23,36.540001
2012-08-24,36.709999
2012-08-27,36.599998
2012-08-28,36.459999
2012-08-29,36.450001
2012-08-30,36.139999
2012-08-31,36.360001
2012-09-04,35.980000
2012-09-05,35.880001
2012-09-06,36.689999
2012-09-07,37.000000
2012-09-10,36.759998
2012-09-11,36.959999
2012-09-12,37.110001
2012-09-13,37.529999
2012-09-14,37.759998
2012-09-17,37.580002
2012-09-18,37.590000
2012-09-19,37.680000
2012-09-20,37.320000
2012-09-21,36.970001
2012-09-24,36.970001
2012-09-25,36.480000
2012-09-26,36.340000
2012-09-27,36.680000
2012-09-28,36.529999
2012-10-01,36.700001
2012-10-02,36.639999
2012-10-03,36.830002
2012-10-04,37.040001
2012-10-05,37.160000
2012-10-08,37.070000
2012-10-09,36.639999
2012-10-10,36.299999
2012-10-11,36.410000
2012-10-12,36.450001
2012-10-15,36.700001
2012-10-16,37.090000
2012-10-17,37.310001
2012-10-18,37.419998
2012-10-19,36.790001
2012-10-22,36.689999
2012-10-23,36.320000
2012-10-24,36.090000
2012-10-25,36.290001
2012-10-26,36.320000
2012-10-31,36.490002
2012-11-01,37.139999
2012-11-02,36.830002
2012-11-05,37.029999
2012-11-06,37.430000
2012-11-07,36.549999
2012-11-08,36.169998
2012-11-09,36.270000
2012-11-12,36.369999
2012-11-13,36.270000
2012-11-14,35.419998
2012-11-15,35.419998
2012-11-16,35.520000
2012-11-19,36.189999
2012-11-20,36.220001
2012-11-21,36.270000
2012-11-23,36.740002
2012-11-26,36.770000
2012-11-27,36.689999
2012-11-28,37.000000
2012-11-29,37.209999
2012-11-30,37.130001
2012-12-03,36.730000
2012-12-04,36.869999
2012-12-05,37.259998
2012-12-06,37.250000
2012-12-07,37.490002
2012-12-10,37.680000
2012-12-11,37.759998
2012-12-12,37.820000
2012-12-13,37.700001
2012-12-14,37.619999
2012-12-17,37.970001
2012-12-18,38.459999
2012-12-19,38.250000
2012-12-20,38.450001
2012-12-21,37.930000
2012-12-24,37.820000
2012-12-26,37.689999
2012-12-27,37.630001
2012-12-28,37.220001
2012-12-31,37.900002
2013-01-02,38.810001
2013-01-03,38.830002
2013-01-04,39.119999
2013-01-07,38.950001
2013-01-08,38.650002
2013-01-09,39.040001
2013-01-10,39.230000
2013-01-11,39.090000
2013-01-14,39.240002
2013-01-15,39.349998
2013-01-16,39.189999
2013-01-17,39.610001
2013-01-18,39.930000
2013-01-22,40.090000
2013-01-23,40.099998
2013-01-24,40.340000
2013-01-25,40.470001
2013-01-28,40.500000
2013-01-29,40.590000
2013-01-30,40.220001
2013-01-31,40.080002
2013-02-01,40.470001
2013-02-04,40.119999
2013-02-05,40.490002
2013-02-06,40.500000
2013-02-07,40.450001
2013-02-08,40.610001
2013-02-11,40.580002
2013-02-12,40.759998
2013-02-13,40.980000
2013-02-14,41.040001
2013-02-15,41.060001
2013-02-19,41.360001
2013-02-20,40.820000
2013-02-21,40.520000
2013-02-22,40.840000
2013-02-25,40.000000
2013-02-26,40.240002
2013-02-27,41.000000
2013-02-28,40.970001
2013-03-01,40.900002
2013-03-04,40.820000
2013-03-05,41.400002
2013-03-06,41.400002
2013-03-07,41.430000
2013-03-08,41.820000
2013-03-11,41.959999
2013-03-12,41.720001
2013-03-13,41.919998
2013-03-14,42.119999
2013-03-15,41.970001
2013-03-18,41.709999
2013-03-19,41.669998
2013-03-20,41.720001
2013-03-21,41.299999
2013-03-22,41.619999
2013-03-25,41.250000
2013-03-26,41.459999
2013-03-27,41.459999
2013-03-28,41.759998
2013-04-01,41.250000
2013-04-02,41.119999
2013-04-03,40.869999
2013-04-04,41.049999
2013-04-05,40.970001
2013-04-08,41.209999
2013-04-09,41.340000
2013-04-10,41.889999
2013-04-11,42.000000
2013-04-12,41.759998
2013-04-15,40.490002
2013-04-16,41.040001
2013-04-17,40.360001
2013-04-18,40.180000
2013-04-19,40.380001
2013-04-22,40.430000
2013-04-23,40.720001
2013-04-24,41.139999
2013-04-25,41.349998
2013-04-26,41.230000
2013-04-29,41.439999
2013-04-30,41.450001
2013-05-01,40.910000
2013-05-02,41.419998
2013-05-03,42.130001
2013-05-06,42.400002
2013-05-07,42.790001
2013-05-08,43.060001
2013-05-09,43.060001
2013-05-10,43.189999
2013-05-13,43.020000
2013-05-14,43.549999
2013-05-15,43.730000
2013-05-16,43.509998
2013-05-17,44.169998
2013-05-20,44.299999
2013-05-21,44.360001
2013-05-22,43.970001
2013-05-23,43.849998
2013-05-24,43.709999
2013-05-28,43.939999
2013-05-29,43.689999
2013-05-30,43.950001
2013-05-31,43.529999
2013-06-03,43.740002
2013-06-04,43.500000
2013-06-05,42.709999
2013-06-06,42.980000
2013-06-07,43.790001
2013-06-10,43.660000
2013-06-11,43.259998
2013-06-12,42.959999
2013-06-13,43.590000
2013-06-14,43.299999
2013-06-17,43.639999
2013-06-18,44.150002
2013-06-19,43.480000
2013-06-20,42.490002
2013-06-21,42.299999
2013-06-24,41.590000
2013-06-25,42.060001
2013-06-26,42.470001
2013-06-27,42.889999
2013-06-28,42.639999
2013-07-01,43.070000
2013-07-02,42.610001
2013-07-03,42.630001
2013-07-05,43.299999
2013-07-08,43.419998
2013-07-09,44.029999
2013-07-10,44.020000
2013-07-11,44.720001
2013-07-12,44.450001
2013-07-15,44.610001
2013-07-16,44.369999
2013-07-17,44.500000
2013-07-18,44.950001
2013-07-19,45.410000
2013-07-22,45.439999
2013-07-23,45.410000
2013-07-24,45.060001
2013-07-25,45.080002
2013-07-26,44.930000
2013-07-29,44.810001
2013-07-30,45.000000
2013-07-31,45.160000
2013-08-01,45.930000
2013-08-02,46.020000
2013-08-05,45.840000
2013-08-06,45.500000
2013-08-07,45.430000
2013-08-08,45.639999
2013-08-09,45.490002
2013-08-12,45.549999
2013-08-13,45.750000
2013-08-14,45.430000
2013-08-15,44.919998
2013-08-16,44.980000
2013-08-19,44.740002
2013-08-20,44.820000
2013-08-21,44.509998
2013-08-22,45.119999
2013-08-23,45.130001
2013-08-26,45.029999
2013-08-27,44.119999
2013-08-28,44.160000
2013-08-29,44.290001
2013-08-30,44.040001
2013-09-03,44.320000
2013-09-04,44.770000
2013-09-05,44.880001
2013-09-06,44.860001
2013-09-09,45.419998
2013-09-10,46.080002
2013-09-11,46.270000
2013-09-12,46.080002
2013-09-13,46.209999
2013-09-16,46.810001
2013-09-17,47.009998
2013-09-18,47.599998
2013-09-19,47.759998
2013-09-20,46.959999
2013-09-23,46.810001
2013-09-24,46.980000
2013-09-25,46.770000
2013-09-26,46.980000
2013-09-27,46.680000
2013-09-30,46.410000
2013-10-01,46.700001
2013-10-02,46.480000
2013-10-03,45.970001
2013-10-04,46.270000
2013-10-07,45.950001
2013-10-08,45.430000
2013-10-09,45.410000
2013-10-10,46.580002
2013-10-11,46.799999
2013-10-14,46.980000
2013-10-15,46.509998
2013-10-16,46.820000
2013-10-17,47.180000
2013-10-18,47.689999
2013-10-21,47.810001
2013-10-22,48.130001
2013-10-23,48.150002
2013-10-24,48.509998
2013-10-25,48.759998
2013-10-28,48.689999
2013-10-29,48.830002
2013-10-30,48.610001
2013-10-31,48.619999
2013-11-01,48.970001
2013-11-04,49.150002
2013-11-05,49.099998
2013-11-06,49.240002
2013-11-07,48.720001
2013-11-08,49.380001
2013-11-11,49.340000
2013-11-12,49.360001
2013-11-13,49.650002
2013-11-14,49.840000
2013-11-15,50.009998
2013-11-18,50.090000
2013-11-19,49.730000
2013-11-20,49.509998
2013-11-21,49.910000
2013-11-22,50.349998
2013-11-25,50.240002
2013-11-26,50.340000
2013-11-27,50.540001
2013-11-29,50.400002
2013-12-02,50.189999
2013-12-03,49.759998
2013-12-04,49.560001
2013-12-05,49.580002
2013-12-06,50.340000
2013-12-09,50.470001
2013-12-10,50.360001
2013-12-11,49.570000
2013-12-12,49.619999
2013-12-13,49.770000
2013-12-16,50.240002
2013-12-17,50.220001
2013-12-18,51.060001
2013-12-19,51.110001
2013-12-20,51.259998
2013-12-23,51.459999
2013-12-24,51.700001
2013-12-26,52.060001
2013-12-27,52.000000
2013-12-30,51.950001
2013-12-31,52.259998
2014-01-02,51.529999
2014-01-03,51.669998
2014-01-06,51.369999
2014-01-07,51.689999
2014-01-08,51.599998
2014-01-09,51.849998
2014-01-10,51.930000
2014-01-13,51.299999
2014-01-14,51.840000
2014-01-15,52.209999
2014-01-16,52.080002
2014-01-17,51.820000
2014-01-21,51.869999
2014-01-22,52.029999
2014-01-23,51.410000
2014-01-24,49.810001
2014-01-27,49.860001
2014-01-28,50.330002
2014-01-29,49.790001
2014-01-30,50.279999
2014-01-31,50.029999
2014-02-03,48.639999
2014-02-04,48.950001
2014-02-05,48.930000
2014-02-06,49.610001
2014-02-07,50.470001
2014-02-10,50.150002
2014-02-11,50.709999
2014-02-12,51.000000
2014-02-13,51.040001
2014-02-14,51.369999
2014-02-18,51.330002
2014-02-19,50.849998
2014-02-20,51.330002
2014-02-21,51.389999
2014-02-24,51.779999
2014-02-25,51.610001
2014-02-26,51.660000
2014-02-27,51.959999
2014-02-28,52.060001
2014-03-03,51.709999
2014-03-04,52.459999
2014-03-05,52.529999
2014-03-06,52.830002
2014-03-07,53.000000
2014-03-10,52.770000
2014-03-11,52.389999
2014-03-12,52.290001
2014-03-13,51.549999
2014-03-14,51.349998
2014-03-17,51.980000
2014-03-18,52.259998
2014-03-19,51.720001
2014-03-20,51.869999
2014-03-21,51.650002
2014-03-24,51.480000
2014-03-25,51.950001
2014-03-26,51.419998
2014-03-27,51.349998
2014-03-28,51.730000
2014-03-31,52.330002
2014-04-01,52.700001
2014-04-02,53.070000
2014-04-03,53.150002
2014-04-04,52.540001
2014-04-07,51.790001
2014-04-08,51.790001
2014-04-09,52.450001
2014-04-10,51.410000
2014-04-11,50.900002
2014-04-14,51.189999
2014-04-15,51.549999
2014-04-16,52.340000
2014-04-17,52.750000
2014-04-21,52.900002
2014-04-22,52.930000
2014-04-23,53.130001
2014-04-24,53.029999
2014-04-25,52.509998
2014-04-28,52.540001
2014-04-29,52.680000
2014-04-30,53.029999
2014-05-01,52.900002
2014-05-02,52.820000
2014-05-05,52.930000
2014-05-06,52.529999
2014-05-07,52.980000
2014-05-08,52.970001
2014-05-09,53.009998
2014-05-12,53.799999
2014-05-13,53.889999
2014-05-14,53.490002
2014-05-15,53.020000
2014-05-16,53.090000
2014-05-19,53.299999
2014-05-20,52.590000
2014-05-21,53.110001
2014-05-22,53.209999
2014-05-23,53.549999
2014-05-27,53.830002
2014-05-28,53.869999
2014-05-29,54.090000
2014-05-30,54.049999
2014-06-02,54.279999
2014-06-03,54.220001
2014-06-04,54.209999
2014-06-05,54.759998
2014-06-06,55.310001
2014-06-09,55.590000
2014-06-10,55.459999
2014-06-11,55.049999
2014-06-12,54.310001
2014-06-13,54.500000
2014-06-16,54.439999
2014-06-17,54.590000
2014-06-18,54.900002
2014-06-19,55.040001
2014-06-20,55.020000
2014-06-23,54.700001
2014-06-24,54.150002
2014-06-25,54.200001
2014-06-26,54.160000
2014-06-27,54.290001
2014-06-30,54.060001
2014-07-01,54.389999
2014-07-02,54.299999
2014-07-03,54.750000
2014-07-07,54.360001
2014-07-08,53.990002
2014-07-09,54.080002
2014-07-10,53.759998
2014-07-11,54.070000
2014-07-14,54.380001
2014-07-15,54.410000
2014-07-16,54.639999
2014-07-17,53.790001
2014-07-18,54.240002
2014-07-21,54.209999
2014-07-22,54.410000
2014-07-23,54.189999
2014-07-24,53.930000
2014-07-25,53.790001
2014-07-28,53.520000
2014-07-29,52.849998
2014-07-30,52.900002
2014-07-31,51.830002
2014-08-01,51.779999
2014-08-04,51.959999
2014-08-05,51.650002
2014-08-06,51.389999
2014-08-07,51.439999
2014-08-08,52.169998
2014-08-11,52.380001
2014-08-12,52.259998
2014-08-13,52.770000
2014-08-14,53.000000
2014-08-15,52.889999
2014-08-18,53.689999
2014-08-19,53.820000
2014-08-20,54.389999
2014-08-21,54.340000
2014-08-22,54.150002
2014-08-25,54.360001
2014-08-26,54.180000
2014-08-27,54.150002
2014-08-28,54.070000
2014-08-29,54.020000
2014-09-02,54.200001
2014-09-03,54.130001
2014-09-04,54.150002
2014-09-05,54.330002
2014-09-08,54.279999
2014-09-09,54.110001
2014-09-10,54.150002
2014-09-11,54.169998
2014-09-12,53.990002
2014-09-15,53.970001
2014-09-16,54.270000
2014-09-17,54.480000
2014-09-18,54.740002
2014-09-19,54.430000
2014-09-22,53.820000
2014-09-23,53.380001
2014-09-24,53.660000
2014-09-25,52.820000
2014-09-26,53.310001
2014-09-29,53.230000
2014-09-30,53.150002
2014-10-01,52.150002
2014-10-02,52.090000
2014-10-03,52.799999
2014-10-06,52.639999
2014-10-07,51.360001
2014-10-08,52.279999
2014-10-09,51.070000
2014-10-10,50.320000
2014-10-13,49.540001
2014-10-14,50.230000
2014-10-15,50.110001
2014-10-16,50.480000
2014-10-17,51.480000
2014-10-20,51.630001
2014-10-21,52.779999
2014-10-22,52.090000
2014-10-23,53.240002
2014-10-24,53.709999
2014-10-27,53.689999
2014-10-28,54.639999
2014-10-29,54.450001
2014-10-30,54.669998
2014-10-31,55.209999
2014-11-03,55.139999
2014-11-04,55.110001
2014-11-05,55.450001
2014-11-06,56.029999
2014-11-07,56.110001
2014-11-10,56.389999
2014-11-11,56.320000
2014-11-12,56.400002
2014-11-13,56.240002
2014-11-14,56.310001
2014-11-17,56.230000
2014-11-18,56.650002
2014-11-19,56.480000
2014-11-20,56.630001
2014-11-21,57.180000
2014-11-24,57.330002
2014-11-25,57.500000
2014-11-26,57.389999
2014-11-28,56.910000
2014-12-01,56.180000
2014-12-02,56.660000
2014-12-03,57.419998
2014-12-04,57.130001
2014-12-05,57.259998
2014-12-08,56.630001
2014-12-09,56.639999
2014-12-10,55.560001
2014-12-11,55.830002
2014-12-12,54.820000
2014-12-15,54.639999
2014-12-16,54.689999
2014-12-17,55.200001
2014-12-18,56.590000
2014-12-19,56.590000
2014-12-22,57.130001
2014-12-23,57.340000
2014-12-24,57.400002
2014-12-26,57.400002
2014-12-29,57.490002
2014-12-30,57.150002
2014-12-31,56.580002
2015-01-02,56.509998
2015-01-05,55.189999
2015-01-06,54.509998
2015-01-07,54.919998
2015-01-08,56.020000
2015-01-09,55.419998
2015-01-12,55.040001
2015-01-13,54.930000
2015-01-14,54.630001
2015-01-15,54.369999
2015-01-16,54.730000
2015-01-20,55.119999
2015-01-21,55.570000
2015-01-22,56.459999
2015-01-23,55.990002
2015-01-26,56.060001
2015-01-27,55.320000
2015-01-28,54.840000
2015-01-29,55.470001
2015-01-30,54.570000
2015-02-02,55.380001
2015-02-03,56.279999
2015-02-04,55.849998
2015-02-05,56.330002
2015-02-06,56.200001
2015-02-09,56.049999
2015-02-10,56.360001
2015-02-11,56.380001
2015-02-12,56.910000
2015-02-13,57.169998
2015-02-17,57.250000
2015-02-18,57.570000
2015-02-19,57.669998
2015-02-20,58.160000
2015-02-23,57.910000
2015-02-24,58.139999
2015-02-25,58.020000
2015-02-26,57.759998
2015-02-27,57.490002
2015-03-02,58.020000
2015-03-03,57.650002
2015-03-04,57.200001
2015-03-05,57.240002
2015-03-06,56.459999
2015-03-09,56.990002
2015-03-10,55.939999
2015-03-11,55.880001
2015-03-12,56.599998
2015-03-13,56.080002
2015-03-16,57.009998
2015-03-17,56.779999
2015-03-18,57.450001
2015-03-19,57.060001
2015-03-20,57.119999
2015-03-23,56.639999
2015-03-24,56.450001
2015-03-25,55.490002
2015-03-26,55.340000
2015-03-27,55.549999
2015-03-30,56.330002
2015-03-31,55.770000
2015-04-01,55.400002
2015-04-02,55.430000
2015-04-06,55.849998
2015-04-07,55.720001
2015-04-08,55.910000
2015-04-09,56.180000
2015-04-10,56.970001
2015-04-13,56.430000
2015-04-14,56.500000
2015-04-15,56.599998
2015-04-16,56.480000
2015-04-17,55.799999
2015-04-20,56.450001
2015-04-21,56.380001
2015-04-22,56.619999
2015-04-23,56.560001
2015-04-24,56.320000
2015-04-27,56.299999
2015-04-28,56.400002
2015-04-29,56.119999
2015-04-30,55.630001
2015-05-01,56.330002
2015-05-04,56.419998
2015-05-05,55.660000
2015-05-06,55.630001
2015-05-07,55.919998
2015-05-08,56.580002
2015-05-11,56.529999
2015-05-12,56.470001
2015-05-13,56.590000
2015-05-14,57.160000
2015-05-15,57.110001
2015-05-18,57.220001
2015-05-19,57.060001
2015-05-20,56.849998
2015-05-21,57.160000
2015-05-22,56.900002
2015-05-26,56.279999
2015-05-27,56.639999
2015-05-28,56.369999
2015-05-29,55.810001
2015-06-01,56.060001
2015-06-02,56.169998
2015-06-03,56.450001
2015-06-04,55.820000
2015-06-05,55.860001
2015-06-08,55.450001
2015-06-09,55.439999
2015-06-10,55.990002
2015-06-11,56.310001
2015-06-12,55.980000
2015-06-15,55.509998
2015-06-16,55.560001
2015-06-17,55.709999
2015-06-18,56.270000
2015-06-19,55.720001
2015-06-22,56.060001
2015-06-23,55.919998
2015-06-24,55.400002
2015-06-25,54.970001
2015-06-26,55.070000
2015-06-29,54.029999
2015-06-30,54.060001
2015-07-01,54.330002
2015-07-02,54.230000
2015-07-06,54.020000
2015-07-07,54.459999
2015-07-08,53.480000
2015-07-09,53.610001
2015-07-10,54.169998
2015-07-13,54.770000
2015-07-14,54.919998
2015-07-15,54.689999
2015-07-16,54.939999
2015-07-17,54.919998
2015-07-20,54.930000
2015-07-21,54.340000
2015-07-22,54.099998
2015-07-23,53.599998
2015-07-24,52.900002
2015-07-27,52.639999
2015-07-28,53.660000
2015-07-29,54.320000
2015-07-30,54.270000
2015-07-31,54.220001
2015-08-03,53.959999
2015-08-04,53.930000
2015-08-05,54.230000
2015-08-06,53.950001
2015-08-07,53.689999
2015-08-10,54.740002
2015-08-11,54.070000
2015-08-12,54.080002
2015-08-13,54.040001
2015-08-14,54.380001
2015-08-17,54.650002
2015-08-18,54.549999
2015-08-19,54.040001
2015-08-20,52.919998
2015-08-21,51.459999
2015-08-24,49.630001
2015-08-25,48.980000
2015-08-26,50.509998
2015-08-27,51.730000
2015-08-28,51.750000
2015-08-31,51.290001
2015-09-01,49.930000
2015-09-02,51.040001
2015-09-03,51.070000
2015-09-04,50.360001
2015-09-08,51.750000
2015-09-09,51.200001
2015-09-10,51.230000
2015-09-11,51.509998
2015-09-14,51.250000
2015-09-15,52.139999
2015-09-16,52.520000
2015-09-17,52.290001
2015-09-18,50.860001
2015-09-21,51.110001
2015-09-22,50.369999
2015-09-23,50.020000
2015-09-24,49.709999
2015-09-25,49.810001
2015-09-28,48.830002
2015-09-29,49.150002
2015-09-30,49.889999
2015-10-01,49.779999
2015-10-02,50.410000
2015-10-05,51.840000
2015-10-06,51.790001
2015-10-07,52.470001
2015-10-08,53.200001
2015-10-09,53.380001
2015-10-12,53.389999
2015-10-13,52.820000
2015-10-14,52.250000
2015-10-15,52.820000
2015-10-16,52.549999
2015-10-19,52.619999
2015-10-20,52.970001
2015-10-21,52.980000
2015-10-22,54.459999
2015-10-23,54.660000
2015-10-26,54.540001
2015-10-27,53.939999
2015-10-28,54.369999
2015-10-29,54.340000
2015-10-30,54.270000
2015-11-02,54.900002
2015-11-03,54.939999
2015-11-04,54.790001
2015-11-05,54.860001
2015-11-06,54.860001
2015-11-09,54.439999
2015-11-10,54.430000
2015-11-11,54.500000
2015-11-12,53.759998
2015-11-13,53.520000
2015-11-16,54.209999
2015-11-17,54.099998
2015-11-18,54.849998
2015-11-19,55.090000
2015-11-20,55.369999
2015-11-23,55.090000
2015-11-24,55.000000
2015-11-25,55.000000
2015-11-27,55.099998
2015-11-30,54.740002
2015-12-01,55.000000
2015-12-02,54.439999
2015-12-03,53.759998
2015-12-04,54.560001
2015-12-07,54.290001
2015-12-08,53.419998
2015-12-09,53.259998
2015-12-10,53.509998
2015-12-11,52.610001
2015-12-14,52.799999
2015-12-15,52.810001
2015-12-16,53.750000
2015-12-17,52.860001
2015-12-18,51.740002
2015-12-21,52.139999
2015-12-22,52.860001
2015-12-23,53.480000
2015-12-24,53.459999
2015-12-28,53.340000
2015-12-29,53.849998
2015-12-30,53.400002
2015-12-31,53.009998
2016-01-04,52.299999
2016-01-05,52.439999
2016-01-06,51.630001
2016-01-07,50.230000
2016-01-08,49.720001
2016-01-11,49.750000
2016-01-12,50.150002
2016-01-13,48.939999
2016-01-14,49.520000
2016-01-15,48.650002
2016-01-19,48.639999
2016-01-20,48.009998
2016-01-21,48.220001
2016-01-22,48.639999
2016-01-25,48.040001
2016-01-26,48.950001
2016-01-27,48.400002
2016-01-28,48.680000
2016-01-29,49.990002
2016-02-01,49.869999
2016-02-02,48.869999
2016-02-03,49.660000
2016-02-04,50.520000
2016-02-05,50.040001
2016-02-08,49.619999
2016-02-09,49.919998
2016-02-10,49.660000
2016-02-11,48.689999
2016-02-12,49.669998
2016-02-16,50.669998
2016-02-17,51.450001
2016-02-18,51.419998
2016-02-19,51.320000
2016-02-22,52.189999
2016-02-23,51.669998
2016-02-24,51.700001
2016-02-25,52.380001
2016-02-26,52.450001
2016-02-29,52.119999
2016-03-01,53.139999
2016-03-02,53.180000
2016-03-03,53.560001
2016-03-04,53.779999
2016-03-07,53.939999
2016-03-08,53.180000
2016-03-09,53.349998
2016-03-10,53.270000
2016-03-11,54.040001
2016-03-14,54.090000
2016-03-15,54.060001
2016-03-16,54.250000
2016-03-17,55.439999
2016-03-18,55.630001
2016-03-21,55.959999
2016-03-22,55.639999
2016-03-23,55.279999
2016-03-24,55.119999
2016-03-28,55.139999
2016-03-29,55.500000
2016-03-30,55.599998
2016-03-31,55.470001
2016-04-01,55.730000
2016-04-04,55.099998
2016-04-05,54.759998
2016-04-06,55.029999
2016-04-07,54.500000
2016-04-08,54.709999
2016-04-11,54.730000
2016-04-12,55.049999
2016-04-13,55.869999
2016-04-14,55.970001
2016-04-15,56.049999
2016-04-18,56.099998
2016-04-19,56.500000
2016-04-20,56.410000
2016-04-21,56.270000
2016-04-22,56.410000
2016-04-25,56.139999
2016-04-26,56.639999
2016-04-27,57.040001
2016-04-28,56.490002
2016-04-29,56.160000
2016-05-02,56.450001
2016-05-03,55.990002
2016-05-04,55.299999
2016-05-05,55.270000
2016-05-06,55.639999
2016-05-09,55.389999
2016-05-10,56.340000
2016-05-11,55.869999
2016-05-12,55.750000
2016-05-13,55.049999
2016-05-16,55.730000
2016-05-17,55.459999
2016-05-18,55.270000
2016-05-19,54.750000
2016-05-20,55.029999
2016-05-23,54.930000
2016-05-24,55.500000
2016-05-25,55.880001
2016-05-26,55.720001
2016-05-27,55.930000
2016-05-31,55.919998
2016-06-01,55.970001
2016-06-02,56.040001
2016-06-03,55.990002
2016-06-06,56.520000
2016-06-07,56.790001
2016-06-08,57.150002
2016-06-09,57.139999
2016-06-10,56.470001
2016-06-13,55.860001
2016-06-14,55.869999
2016-06-15,55.889999
2016-06-16,55.990002
2016-06-17,55.730000
2016-06-20,56.240002
2016-06-21,56.200001
2016-06-22,56.040001
2016-06-23,56.689999
2016-06-24,54.380001
2016-06-27,53.099998
2016-06-28,54.000000
2016-06-29,54.959999
2016-06-30,56.009998
2016-07-01,56.189999
2016-07-05,55.680000
2016-07-06,55.959999
2016-07-07,56.110001
2016-07-08,57.230000
2016-07-11,57.590000
2016-07-12,58.119999
2016-07-13,58.259998
2016-07-14,58.700001
2016-07-15,58.689999
2016-07-18,58.639999
2016-07-19,58.669998
2016-07-20,58.779999
2016-07-21,58.180000
2016-07-22,58.290001
2016-07-25,57.980000
2016-07-26,58.459999
2016-07-27,58.230000
2016-07-28,58.209999
2016-07-29,58.040001
2016-08-01,57.970001
2016-08-02,57.430000
2016-08-03,57.709999
2016-08-04,57.730000
2016-08-05,58.310001
2016-08-08,58.389999
2016-08-09,58.369999
2016-08-10,58.340000
2016-08-11,58.720001
2016-08-12,58.560001
2016-08-15,58.950001
2016-08-16,58.689999
2016-08-17,58.860001
2016-08-18,59.040001
2016-08-19,59.020000
2016-08-22,58.970001
2016-08-23,59.020000
2016-08-24,58.840000
2016-08-25,58.830002
2016-08-26,58.660000
2016-08-29,59.080002
2016-08-30,58.919998
2016-08-31,58.590000
2016-09-01,58.639999
2016-09-02,58.930000
2016-09-06,58.759998
2016-09-07,58.830002
2016-09-08,58.779999
2016-09-09,57.119999
2016-09-12,57.849998
2016-09-13,57.000000
2016-09-14,56.950001
2016-09-15,57.400002
2016-09-16,56.610001
2016-09-19,56.860001
2016-09-20,56.910000
2016-09-21,57.650002
2016-09-22,58.060001
2016-09-23,57.720001
2016-09-26,57.470001
2016-09-27,57.869999
2016-09-28,58.320000
2016-09-29,57.860001
2016-09-30,58.380001
2016-10-03,58.430000
2016-10-04,57.939999
2016-10-05,58.310001
2016-10-06,58.310001
2016-10-07,57.560001
2016-10-10,57.619999
2016-10-11,57.020000
2016-10-12,57.130001
2016-10-13,57.110001
2016-10-14,57.230000
2016-10-17,57.080002
2016-10-18,57.200001
2016-10-19,57.380001
2016-10-20,57.070000
2016-10-21,56.990002
2016-10-24,57.099998
2016-10-25,56.950001
2016-10-26,57.150002
2016-10-27,56.759998
2016-10-28,57.099998
2016-10-31,57.209999
2016-11-01,56.720001
2016-11-02,56.509998
2016-11-03,56.419998
2016-11-04,56.470001
2016-11-07,57.860001
2016-11-08,58.209999
2016-11-09,59.669998
2016-11-10,60.939999
2016-11-11,61.049999
2016-11-14,61.310001
2016-11-15,61.540001
2016-11-16,61.189999
2016-11-17,61.320000
2016-11-18,61.299999
2016-11-21,61.630001
2016-11-22,61.910000
2016-11-23,62.369999
2016-11-25,62.709999
2016-11-28,62.279999
2016-11-29,62.330002
2016-11-30,62.410000
2016-12-01,62.820000
2016-12-02,62.810001
2016-12-05,62.759998
2016-12-06,62.880001
2016-12-07,64.050003
2016-12-08,63.689999
2016-12-09,63.980000
2016-12-12,63.750000
2016-12-13,63.660000
2016-12-14,63.020000
2016-12-15,63.090000
2016-12-16,62.580002
2016-12-19,62.930000
2016-12-20,63.290001
2016-12-21,63.049999
2016-12-22,62.930000
2016-12-23,62.990002
2016-12-27,63.119999
2016-12-28,62.459999
2016-12-29,62.439999
2016-12-30,62.220001
2017-01-03,62.590000
2017-01-04,62.959999
2017-01-05,62.779999
2017-01-06,63.139999
2017-01-09,62.650002
2017-01-10,62.910000
2017-01-11,63.240002
2017-01-12,62.980000
2017-01-13,63.220001
2017-01-17,62.730000
2017-01-18,62.970001
2017-01-19,63.430000
2017-01-20,63.439999
2017-01-23,63.090000
2017-01-24,63.720001
2017-01-25,64.389999
2017-01-26,64.540001
2017-01-27,64.489998
2017-01-30,63.939999
2017-01-31,63.380001
2017-02-01,63.270000
2017-02-02,63.150002
2017-02-03,63.619999
2017-02-06,63.709999
2017-02-07,63.820000
2017-02-08,63.730000
2017-02-09,64.220001
2017-02-10,64.730003
2017-02-13,65.379997
2017-02-14,65.410004
2017-02-15,65.760002
2017-02-16,65.779999
2017-02-17,65.889999
2017-02-21,66.220001
2017-02-22,66.040001
2017-02-23,65.610001
2017-02-24,65.889999
2017-02-27,66.129997
2017-02-28,65.860001
2017-03-01,66.970001
2017-03-02,66.250000
2017-03-03,66.320000
2017-03-06,66.160004
2017-03-07,65.970001
2017-03-08,65.739998
2017-03-09,65.440002
2017-03-10,65.839996
2017-03-13,65.800003
2017-03-14,65.180000
2017-03-15,65.919998
2017-03-16,65.620003
2017-03-17,65.680000
2017-03-20,65.559998
2017-03-21,64.559998
2017-03-22,64.790001
2017-03-23,64.699997
2017-03-24,64.529999
2017-03-27,64.300003
2017-03-28,64.980003
2017-03-29,64.970001
2017-03-30,65.330002
2017-03-31,65.059998
2017-04-03,64.919998
2017-04-04,65.089996
2017-04-05,64.879997
2017-04-06,65.059998
2017-04-07,65.129997
2017-04-10,65.290001
2017-04-11,65.379997
2017-04-12,64.480003
2017-04-13,64.019997
2017-04-17,64.720001
2017-04-18,64.510002
2017-04-19,64.570000
2017-04-20,65.349998
2017-04-21,65.410004
2017-04-24,66.339996
2017-04-25,66.660004
2017-04-26,66.669998
2017-04-27,66.650002
2017-04-28,66.339996
2017-05-01,66.139999
2017-05-02,66.459999
2017-05-03,66.510002
2017-05-04,66.580002
2017-05-05,66.919998
2017-05-08,66.739998
2017-05-09,66.830002
2017-05-10,66.690002
2017-05-11,66.669998
2017-05-12,66.300003
2017-05-15,66.610001
2017-05-16,66.540001
2017-05-17,65.209999
2017-05-18,65.300003
2017-05-19,66.160004
2017-05-22,66.669998
2017-05-23,66.809998
2017-05-24,66.889999
2017-05-25,67.330002
2017-05-26,67.410004
2017-05-30,67.389999
2017-05-31,67.519997
2017-06-01,67.940002
2017-06-02,68.209999
2017-06-05,67.970001
2017-06-06,67.510002
2017-06-07,67.430000
2017-06-08,67.650002
2017-06-09,67.910004
2017-06-12,68.160004
2017-06-13,68.440002
2017-06-14,68.370003
2017-06-15,68.779999
2017-06-16,68.680000
2017-06-19,69.099998
2017-06-20,68.360001
2017-06-21,67.900002
2017-06-22,67.760002
2017-06-23,68.010002
2017-06-26,68.029999
2017-06-27,67.519997
2017-06-28,68.129997
2017-06-29,67.550003
2017-06-30,68.110001
2017-07-03,68.529999
2017-07-05,68.730003
2017-07-06,68.129997
2017-07-07,68.660004
2017-07-10,68.860001
2017-07-11,68.800003
2017-07-12,69.180000
2017-07-13,69.129997
2017-07-14,69.430000
2017-07-17,69.389999
2017-07-18,69.230003
2017-07-19,69.300003
2017-07-20,68.910004
2017-07-21,68.779999
2017-07-24,68.629997
2017-07-25,68.540001
2017-07-26,68.629997
2017-07-27,68.239998
2017-07-28,68.400002
2017-07-31,68.309998
2017-08-01,68.110001
2017-08-02,68.410004
2017-08-03,68.750000
2017-08-04,68.879997
2017-08-07,68.879997
2017-08-08,68.669998
2017-08-09,68.690002
2017-08-10,67.820000
2017-08-11,67.860001
2017-08-14,68.570000
2017-08-15,68.419998
2017-08-16,68.610001
2017-08-17,67.419998
2017-08-18,67.150002
2017-08-21,67.260002
2017-08-22,68.029999
2017-08-23,67.389999
2017-08-24,67.180000
2017-08-25,67.500000
2017-08-28,67.459999
2017-08-29,67.949997
2017-08-30,68.230003
2017-08-31,68.459999
2017-09-01,68.519997
2017-09-05,67.830002
2017-09-06,67.900002
2017-09-07,68.040001
2017-09-08,68.269997
2017-09-11,68.860001
2017-09-12,69.190002
2017-09-13,69.089996
2017-09-14,69.419998
2017-09-15,69.389999
2017-09-18,69.779999
2017-09-19,69.849998
2017-09-20,70.360001
2017-09-21,70.570000
2017-09-22,70.750000
2017-09-25,70.750000
2017-09-26,70.750000
2017-09-27,70.830002
2017-09-28,70.790001
2017-09-29,71.000000
2017-10-02,71.489998
2017-10-03,71.800003
2017-10-04,71.779999
2017-10-05,71.949997
2017-10-06,71.940002
2017-10-09,71.739998
2017-10-10,71.849998
2017-10-11,71.809998
2017-10-12,72.190002
2017-10-13,72.059998
2017-10-16,72.139999
2017-10-17,71.949997
2017-10-18,71.980003
2017-10-19,72.180000
2017-10-20,72.959999
2017-10-23,72.500000
2017-10-24,72.910004
2017-10-25,72.190002
2017-10-26,72.290001
2017-10-27,72.320000
2017-10-30,71.820000
2017-10-31,71.529999
2017-11-01,71.489998
2017-11-02,71.900002
2017-11-03,71.830002
2017-11-06,71.870003
2017-11-07,71.980003
2017-11-08,71.860001
2017-11-09,70.959999
2017-11-10,71.059998
2017-11-13,70.820000
2017-11-14,70.629997
2017-11-15,70.230003
2017-11-16,70.889999
2017-11-17,70.500000
2017-11-20,70.820000
2017-11-21,71.330002
2017-11-22,71.410004
2017-11-24,71.410004
2017-11-27,71.529999
2017-11-28,72.620003
2017-11-29,73.260002
2017-11-30,74.510002
2017-12-01,73.589996
2017-12-04,74.209999
2017-12-05,73.580002
2017-12-06,73.690002
2017-12-07,74.370003
2017-12-08,74.690002
2017-12-11,74.540001
2017-12-12,74.620003
2017-12-13,74.910004
2017-12-14,74.400002
2017-12-15,74.519997
2017-12-18,75.050003
2017-12-19,75.070000
2017-12-20,75.320000
2017-12-21,75.379997
2017-12-22,75.400002
2017-12-26,75.480003
2017-12-27,75.660004
2017-12-28,75.809998
2017-12-29,75.669998
2018-01-02,76.120003
2018-01-03,76.529999
2018-01-04,77.089996
2018-01-05,77.620003
2018-01-08,77.940002
2018-01-09,78.440002
2018-01-10,78.430000
2018-01-11,79.430000
2018-01-12,80.169998
2018-01-16,79.449997
2018-01-17,79.889999
2018-01-18,79.459999
2018-01-19,79.690002
2018-01-22,79.690002
2018-01-23,79.730003
2018-01-24,79.660004
2018-01-25,79.739998
2018-01-26,80.660004
2018-01-29,80.120003
2018-01-30,79.489998
2018-01-31,79.730003
2018-02-01,79.589996
2018-02-02,77.989998
2018-02-05,74.449997
2018-02-06,75.809998
2018-02-07,75.949997
2018-02-08,73.019997
2018-02-09,73.809998
2018-02-12,75.000000
2018-02-13,75.169998
2018-02-14,76.120003
2018-02-15,77.269997
2018-02-16,77.290001
2018-02-20,76.510002
2018-02-21,76.529999
2018-02-22,77.040001
2018-02-23,77.680000
2018-02-26,78.750000
2018-02-27,77.760002
2018-02-28,76.650002
2018-03-01,75.150002
2018-03-02,75.129997
2018-03-05,76.029999
2018-03-06,76.370003
2018-03-07,76.360001
2018-03-08,76.760002
2018-03-09,78.449997
2018-03-12,77.480003
2018-03-13,77.099998
2018-03-14,76.260002
2018-03-15,76.480003
2018-03-16,76.580002
2018-03-19,75.989998
2018-03-20,76.250000
2018-03-21,76.339996
2018-03-22,73.820000
2018-03-23,72.739998
2018-03-26,74.500000
2018-03-27,73.470001
2018-03-28,73.220001
2018-03-29,74.290001
2018-04-02,72.760002
2018-04-03,73.769997
2018-04-04,74.089996
2018-04-05,74.839996
2018-04-06,72.769997
2018-04-09,72.550003
2018-04-10,73.660004
2018-04-11,73.120003
2018-04-12,74.169998
2018-04-13,73.989998
2018-04-16,74.730003
2018-04-17,75.360001
2018-04-18,76.139999
2018-04-19,75.930000
2018-04-20,75.599998
2018-04-23,75.510002
2018-04-24,73.400002
2018-04-25,73.610001
2018-04-26,73.339996
2018-04-27,73.190002
2018-04-30,72.220001
2018-05-01,71.889999
2018-05-02,71.260002
2018-05-03,71.430000
2018-05-04,72.260002
2018-05-07,72.739998
2018-05-08,73.260002
2018-05-09,74.050003
2018-05-10,74.550003
2018-05-11,74.709999
2018-05-14,74.580002
2018-05-15,74.330002
2018-05-16,74.599998
2018-05-17,74.889999
2018-05-18,75.330002
2018-05-21,76.470001
2018-05-22,75.529999
2018-05-23,75.459999
2018-05-24,75.830002
2018-05-25,75.690002
2018-05-29,74.480003
2018-05-30,75.529999
2018-05-31,74.440002
2018-06-01,75.260002
2018-06-04,75.150002
2018-06-05,75.239998
2018-06-06,75.870003
2018-06-07,76.190002
2018-06-08,76.440002
2018-06-11,76.589996
2018-06-12,76.510002
2018-06-13,75.900002
2018-06-14,75.610001
2018-06-15,75.120003
2018-06-18,74.809998
2018-06-19,73.230003
2018-06-20,73.279999
2018-06-21,72.360001
2018-06-22,72.610001
2018-06-25,71.690002
2018-06-26,71.959999
2018-06-27,71.379997
2018-06-28,71.480003
2018-06-29,71.629997
2018-07-02,71.790001
2018-07-03,71.559998
2018-07-05,71.910004
2018-07-06,72.160004
2018-07-09,73.500000
2018-07-10,73.730003
2018-07-11,72.519997
2018-07-12,73.370003
2018-07-13,73.750000
2018-07-16,73.449997
2018-07-17,73.739998
2018-07-18,74.550003
2018-07-19,74.519997
2018-07-20,74.440002
2018-07-23,73.980003
2018-07-24,74.290001
2018-07-25,75.419998
2018-07-26,76.000000
2018-07-27,76.010002
2018-07-30,75.260002
2018-07-31,76.919998
2018-08-01,75.879997
2018-08-02,75.779999
2018-08-03,75.849998
2018-08-06,75.959999
2018-08-07,76.500000
2018-08-08,76.160004
2018-08-09,75.739998
2018-08-10,75.070000
2018-08-13,74.709999
2018-08-14,75.230003
2018-08-15,74.870003
2018-08-16,75.820000
2018-08-17,76.279999
2018-08-20,76.790001
2018-08-21,77.360001
2018-08-22,76.610001
2018-08-23,76.389999
2018-08-24,76.720001
2018-08-27,77.690002
2018-08-28,77.529999
2018-08-29,77.589996
2018-08-30,77.050003
2018-08-31,77.099998
2018-09-04,77.040001
2018-09-05,77.589996
2018-09-06,77.830002
2018-09-07,77.589996
2018-09-10,77.989998
2018-09-11,77.970001
2018-09-12,78.209999
2018-09-13,78.680000
2018-09-14,79.070000
2018-09-17,79.099998
2018-09-18,79.820000
2018-09-19,79.750000
2018-09-20,79.870003
2018-09-21,80.000000
2018-09-24,78.629997
2018-09-25,78.389999
2018-09-26,78.339996
2018-09-27,78.449997
2018-09-28,78.400002
2018-10-01,79.089996
2018-10-02,79.269997
2018-10-03,79.599998
2018-10-04,79.339996
2018-10-05,78.930000
2018-10-08,79.129997
2018-10-09,77.910004
2018-10-10,75.400002
2018-10-11,73.410004
2018-10-12,73.900002
2018-10-15,74.040001
2018-10-16,75.290001
2018-10-17,74.739998
2018-10-18,73.449997
2018-10-19,73.180000
2018-10-22,72.930000
2018-10-23,71.730003
2018-10-24,69.300003
2018-10-25,69.790001
2018-10-26,69.099998
2018-10-29,67.949997
2018-10-30,69.349998
2018-10-31,69.879997
2018-11-01,71.110001
2018-11-02,70.989998
2018-11-05,71.360001
2018-11-06,72.110001
2018-11-07,73.279999
2018-11-08,73.160004
2018-11-09,72.419998
2018-11-12,70.989998
2018-11-13,71.309998
2018-11-14,71.070000
2018-11-15,72.010002
2018-11-16,71.989998
2018-11-19,70.849998
2018-11-20,69.379997
2018-11-21,69.870003
2018-11-23,69.730003
2018-11-26,70.239998
2018-11-27,70.120003
2018-11-28,71.800003
2018-11-29,71.839996
2018-11-30,72.540001
2018-12-03,73.379997
2018-12-04,70.260002
2018-12-06,69.870003
2018-12-07,68.029999
2018-12-10,68.199997
2018-12-11,67.800003
2018-12-12,68.180000
2018-12-13,67.989998
2018-12-14,67.050003
2018-12-17,65.949997
2018-12-18,66.279999
2018-12-19,65.029999
2018-12-20,63.840000
2018-12-21,62.250000
2018-12-24,60.340000
2018-12-26,63.150002
2018-12-27,63.939999
2018-12-28,63.770000
2018-12-31,64.410004
2019-01-02,64.739998
2019-01-03,62.770000
2019-01-04,65.150002
2019-01-07,65.680000
2019-01-08,66.580002
2019-01-09,67.029999
2019-01-10,67.940002
2019-01-11,67.870003
2019-01-14,67.860001
2019-01-15,67.650002
2019-01-16,67.720001
2019-01-17,68.879997
2019-01-18,70.190002
2019-01-22,68.739998
2019-01-23,68.839996
2019-01-24,69.190002
2019-01-25,70.070000
2019-01-28,69.400002
2019-01-29,70.360001
2019-01-30,71.459999
2019-01-31,71.769997
2019-02-01,71.879997
2019-02-04,72.809998
2019-02-05,73.440002
2019-02-06,73.459999
2019-02-07,72.959999
2019-02-08,73.070000
2019-02-11,73.459999
2019-02-12,74.599998
2019-02-13,75.040001
2019-02-14,74.690002
2019-02-15,75.690002
2019-02-19,75.660004
2019-02-20,76.019997
2019-02-21,75.709999
2019-02-22,76.209999
2019-02-25,76.510002
2019-02-26,76.300003
2019-02-27,76.599998
2019-02-28,76.339996
2019-03-01,76.410004
2019-03-04,76.070000
2019-03-05,75.580002
2019-03-06,74.870003
2019-03-07,74.419998
2019-03-08,74.269997
2019-03-11,74.900002
2019-03-12,74.279999
2019-03-13,74.930000
2019-03-14,74.680000
2019-03-15,73.989998
2019-03-18,74.709999
2019-03-19,74.440002
2019-03-20,73.930000
2019-03-21,74.639999
2019-03-22,72.949997
2019-03-25,73.120003
2019-03-26,73.610001
2019-03-27,73.690002
2019-03-28,74.230003
2019-03-29,75.029999
2019-04-01,76.580002
2019-04-02,76.550003
2019-04-03,76.320000
2019-04-04,76.790001
2019-04-05,77.010002
2019-04-08,76.680000
2019-04-09,75.639999
2019-04-10,75.620003
2019-04-11,76.269997
2019-04-12,77.279999
2019-04-15,76.849998
2019-04-16,77.320000
2019-04-17,77.419998
2019-04-18,78.309998
2019-04-22,78.070000
2019-04-23,78.750000
2019-04-24,78.519997
2019-04-25,76.940002
2019-04-26,77.519997
2019-04-29,77.699997
2019-04-30,78.010002
2019-05-01,77.500000
2019-05-02,77.459999
2019-05-03,78.400002
2019-05-06,77.650002
2019-05-07,76.080002
2019-05-08,76.080002
2019-05-09,75.970001
2019-05-10,76.269997
2019-05-13,74.099998
2019-05-14,74.870003
2019-05-15,74.970001
2019-05-16,75.660004
2019-05-17,74.820000
2019-05-20,74.629997
2019-05-21,75.510002
2019-05-22,74.889999
2019-05-23,73.750000
2019-05-24,73.779999
2019-05-28,73.099998
2019-05-29,72.769997
2019-05-30,73.050003
2019-05-31,72.050003
2019-06-03,72.540001
2019-06-04,74.269997
2019-06-05,74.989998
2019-06-06,75.120003
2019-06-07,75.720001
2019-06-10,75.820000
2019-06-11,75.169998
2019-06-12,75.330002
2019-06-13,75.709999
2019-06-14,75.410004
2019-06-17,75.150002
2019-06-18,76.610001
2019-06-19,76.550003
2019-06-20,77.830002
2019-06-21,77.080002
2019-06-24,76.930000
2019-06-25,76.349998
2019-06-26,76.540001
2019-06-27,76.610001
2019-06-28,77.419998
2019-07-01,77.489998
2019-07-02,77.389999
2019-07-03,77.820000
2019-07-05,77.510002
2019-07-08,76.870003
2019-07-09,76.699997
2019-07-10,76.519997
2019-07-11,77.040001
2019-07-12,78.389999
2019-07-15,78.070000
2019-07-16,78.570000
2019-07-17,76.889999
2019-07-18,77.029999
2019-07-19,77.449997
2019-07-22,77.510002
2019-07-23,78.489998
2019-07-24,78.830002
2019-07-25,78.669998
2019-07-26,78.500000
2019-07-29,78.360001
2019-07-30,78.699997
2019-07-31,77.820000
2019-08-01,76.309998
2019-08-02,75.820000
2019-08-05,73.720001
2019-08-06,74.830002
2019-08-07,74.790001
2019-08-08,76.059998
2019-08-09,75.419998
2019-08-12,74.379997
2019-08-13,75.269997
2019-08-14,72.970001
2019-08-15,72.889999
2019-08-16,74.300003
2019-08-19,75.000000
2019-08-20,74.559998
2019-08-21,75.019997
2019-08-22,75.129997
2019-08-23,73.120003
2019-08-26,73.660004
2019-08-27,73.279999
2019-08-28,74.180000
2019-08-29,75.449997
2019-08-30,75.760002
2019-09-03,74.730003
2019-09-04,75.680000
2019-09-05,77.040001
2019-09-06,77.199997
2019-09-09,77.430000
2019-09-10,78.139999
2019-09-11,78.870003
2019-09-12,78.919998
2019-09-13,79.349998
2019-09-16,79.279999
2019-09-17,79.239998
2019-09-18,79.120003
2019-09-19,78.720001
2019-09-20,77.809998
2019-09-23,77.660004
2019-09-24,77.220001
2019-09-25,77.720001
2019-09-26,77.830002
2019-09-27,77.519997
2019-09-30,77.629997
2019-10-01,75.769997
2019-10-02,74.339996
2019-10-03,74.830002
2019-10-04,75.610001
2019-10-07,75.230003
2019-10-08,74.070000
2019-10-09,74.699997
2019-10-10,75.379997
2019-10-11,76.800003
2019-10-14,76.650002
2019-10-15,77.269997
2019-10-16,77.230003
2019-10-17,77.610001
2019-10-18,76.940002
2019-10-21,77.400002
2019-10-22,78.010002
2019-10-23,78.000000
2019-10-24,78.110001
2019-10-25,78.599998
2019-10-28,78.820000
2019-10-29,79.080002
2019-10-30,79.360001
2019-10-31,78.510002
2019-11-01,80.220001
2019-11-04,81.150002
2019-11-05,81.320000
2019-11-06,81.370003
2019-11-07,81.650002
2019-11-08,81.760002
2019-11-11,81.800003
2019-11-12,81.790001
2019-11-13,81.449997
2019-11-14,81.709999
2019-11-15,82.309998
2019-11-18,82.000000
2019-11-19,81.930000
2019-11-20,81.279999
2019-11-21,81.250000
2019-11-22,81.669998
2019-11-25,82.260002
2019-11-26,82.500000
2019-11-27,82.419998
2019-11-29,82.040001
2019-12-02,80.690002
2019-12-03,79.809998
2019-12-04,80.120003
2019-12-05,80.139999
2019-12-06,81.110001
2019-12-09,80.800003
2019-12-10,80.699997
2019-12-11,81.209999
2019-12-12,81.930000
2019-12-13,81.709999
2019-12-16,81.669998
2019-12-17,81.589996
2019-12-18,81.250000
2019-12-19,81.470001
2019-12-20,81.440002
2019-12-23,82.110001
2019-12-24,81.779999
2019-12-26,81.970001
2019-12-27,81.900002
2019-12-30,81.519997
2019-12-31,81.470001
2020-01-02,83.010002
2020-01-03,82.849998
2020-01-06,82.879997
2020-01-07,82.709999
2020-01-08,82.989998
2020-01-09,83.339996
2020-01-10,82.750000
2020-01-13,83.430000
2020-01-14,83.440002
2020-01-15,83.570000
2020-01-16,84.400002
2020-01-17,84.410004
2020-01-21,83.480003
2020-01-22,83.040001
2020-01-23,83.940002
2020-01-24,83.550003
2020-01-27,81.970001
2020-01-28,82.500000
2020-01-29,82.940002
2020-01-30,83.029999
2020-01-31,81.110001
2020-02-03,81.080002
2020-02-04,82.610001
2020-02-05,83.989998
2020-02-06,84.260002
2020-02-07,83.650002
2020-02-10,84.120003
2020-02-11,84.440002
2020-02-12,85.230003
2020-02-13,84.750000
2020-02-14,84.639999
2020-02-18,84.160004
2020-02-19,84.129997
2020-02-20,84.010002
2020-02-21,83.589996
2020-02-24,81.209999
2020-02-25,77.900002
2020-02-26,77.309998
2020-02-27,74.440002
2020-02-28,73.080002
2020-03-02,75.650002
2020-03-03,73.800003
2020-03-04,76.849998
2020-03-05,73.089996
2020-03-06,72.449997
2020-03-09,65.769997
2020-03-10,69.180000
2020-03-11,65.120003
2020-03-12,58.380001
2020-03-13,62.939999
2020-03-16,55.799999
2020-03-17,58.369999
2020-03-18,54.070000
2020-03-19,54.110001
2020-03-20,51.400002
2020-03-23,48.770000
2020-03-24,54.939999
2020-03-25,57.830002
2020-03-26,61.480000
2020-03-27,58.889999
2020-03-30,59.750000
2020-03-31,59.009998
2020-04-01,56.349998
2020-04-02,57.099998
2020-04-03,56.340000
2020-04-06,60.240002
2020-04-07,60.099998
2020-04-08,62.279999
2020-04-09,63.220001
2020-04-13,61.369999
2020-04-14,62.540001
2020-04-15,60.810001
2020-04-16,60.270000
2020-04-17,63.099998
2020-04-20,61.419998
2020-04-21,59.970001
2020-04-22,60.599998
2020-04-23,61.080002
2020-04-24,61.570000
2020-04-27,63.099998
2020-04-28,64.279999
2020-04-29,65.510002
2020-04-30,64.209999
2020-05-01,62.270000
2020-05-04,61.480000
2020-05-05,61.720001
2020-05-06,60.869999
2020-05-07,61.580002
2020-05-08,63.110001
2020-05-11,62.320000
2020-05-12,60.570000
2020-05-13,59.049999
2020-05-14,59.669998
2020-05-15,59.459999
2020-05-18,63.380001
2020-05-19,62.570000
2020-05-20,63.740002
2020-05-21,63.889999
2020-05-22,63.840000
2020-05-26,66.519997
2020-05-27,68.739998
2020-05-28,68.089996
2020-05-29,67.669998
2020-06-01,67.820000
2020-06-02,68.699997
2020-06-03,71.379997
2020-06-04,72.139999
2020-06-05,74.790001
2020-06-08,76.290001
2020-06-09,74.389999
2020-06-10,72.610001
2020-06-11,67.510002
2020-06-12,68.820000
2020-06-15,69.500000
2020-06-16,70.860001
2020-06-17,70.349998
2020-06-18,70.089996
2020-06-19,69.230003
2020-06-22,69.040001
2020-06-23,69.050003
2020-06-24,66.650002
2020-06-25,67.389999
2020-06-26,66.139999
2020-06-29,68.309998
2020-06-30,68.699997
2020-07-01,68.389999
2020-07-02,68.980003
2020-07-06,69.970001
2020-07-07,68.629997
2020-07-08,68.629997
2020-07-09,67.139999
2020-07-10,68.010002
2020-07-13,68.290001
2020-07-14,69.769997
2020-07-15,71.550003
2020-07-16,71.570000
2020-07-17,72.000000
2020-07-20,71.120003
2020-07-21,72.059998
2020-07-22,72.639999
2020-07-23,72.419998
2020-07-24,71.839996
2020-07-27,72.139999
2020-07-28,71.639999
2020-07-29,72.730003
2020-07-30,72.000000
2020-07-31,71.730003
2020-08-03,72.029999
2020-08-04,72.209999
2020-08-05,73.589996
2020-08-06,73.870003
2020-08-07,75.129997
2020-08-10,76.980003
2020-08-11,77.389999
2020-08-12,77.639999
2020-08-13,77.230003
2020-08-14,77.529999
2020-08-17,77.169998
2020-08-18,76.750000
2020-08-19,76.550003
2020-08-20,76.139999
2020-08-21,76.449997
2020-08-24,77.830002
2020-08-25,77.730003
2020-08-26,77.769997
2020-08-27,78.050003
2020-08-28,78.790001
2020-08-31,77.809998
2020-09-01,78.599998
2020-09-02,79.900002
2020-09-03,77.660004
2020-09-04,77.839996
2020-09-08,76.379997
2020-09-09,77.559998
2020-09-10,76.570000
2020-09-11,77.610001
2020-09-14,78.660004
2020-09-15,78.709999
2020-09-16,79.510002
2020-09-17,79.669998
2020-09-18,78.779999
2020-09-21,75.870003
2020-09-22,76.620003
2020-09-23,75.250000
2020-09-24,75.360001
2020-09-25,76.489998
2020-09-28,77.870003
2020-09-29,77.180000
2020-09-30,76.980003
2020-10-01,76.750000
2020-10-02,77.610001
2020-10-05,78.860001
2020-10-06,77.900002
2020-10-07,79.620003
2020-10-08,80.410004
2020-10-09,80.709999
2020-10-12,81.169998
2020-10-13,80.269997
2020-10-14,80.720001
2020-10-15,81.010002
2020-10-16,81.599998
2020-10-19,80.589996
2020-10-20,81.010002
2020-10-21,80.190002
2020-10-22,80.849998
2020-10-23,81.169998
2020-10-26,79.139999
2020-10-27,77.410004
2020-10-28,74.870003
2020-10-29,75.959999
2020-10-30,75.870003
2020-11-02,77.919998
2020-11-03,80.220001
2020-11-04,79.389999
2020-11-05,81.260002
2020-11-06,81.339996
2020-11-09,84.110001
2020-11-10,85.589996
2020-11-11,84.870003
2020-11-12,83.900002
2020-11-13,85.760002
2020-11-16,87.849998
2020-11-17,87.620003
2020-11-18,87.230003
2020-11-19,87.449997
2020-11-20,86.660004
2020-11-23,88.110001
2020-11-24,89.650002
2020-11-25,88.970001
2020-11-27,88.820000
2020-11-30,88.029999
2020-12-01,87.809998
2020-12-02,87.930000
2020-12-03,88.160004
2020-12-04,89.209999
2020-12-07,88.779999
2020-12-08,89.209999
2020-12-09,89.410004
2020-12-10,88.559998
2020-12-11,88.769997
2020-12-14,87.620003
2020-12-15,88.839996
2020-12-16,88.290001
2020-12-17,88.830002
2020-12-18,88.839996
2020-12-21,87.940002
2020-12-22,87.529999
2020-12-23,87.989998
2020-12-24,88.000000
2020-12-28,88.110001
2020-12-29,87.580002
2020-12-30,88.139999
2020-12-31,88.550003
2021-01-04,86.410004
2021-01-05,87.260002
2021-01-06,89.339996
2021-01-07,89.830002
2021-01-08,89.610001
2021-01-11,89.580002
2021-01-12,90.470001
2021-01-13,89.690002
2021-01-14,90.000000
2021-01-15,88.830002
2021-01-19,89.120003
2021-01-20,89.669998
2021-01-21,88.970001
2021-01-22,88.510002
2021-01-25,87.910004
2021-01-26,87.099998
2021-01-27,85.370003
2021-01-28,86.639999
2021-01-29,84.769997
2021-02-01,85.650002
2021-02-02,87.470001
2021-02-03,87.529999
2021-02-04,88.470001
2021-02-05,88.989998
2021-02-08,89.750000
2021-02-09,89.980003
2021-02-10,89.839996
2021-02-11,89.650002
2021-02-12,90.300003
2021-02-16,90.209999
2021-02-17,89.959999
2021-02-18,89.510002
2021-02-19,90.980003
2021-02-22,91.269997
2021-02-23,91.550003
2021-02-24,93.279999
2021-02-25,91.559998
2021-02-26,90.610001
2021-03-01,92.930000
2021-03-02,92.660004
2021-03-03,92.760002
2021-03-04,91.279999
2021-03-05,93.440002
2021-03-08,94.419998
2021-03-09,94.029999
2021-03-10,95.419998
2021-03-11,95.489998
2021-03-12,96.769997
2021-03-15,97.580002
2021-03-16,96.190002
2021-03-17,97.300003
2021-03-18,97.209999
2021-03-19,96.470001
2021-03-22,96.120003
2021-03-23,94.440002
2021-03-24,95.129997
2021-03-25,96.650002
2021-03-26,98.320000
2021-03-29,98.339996
2021-03-30,98.769997
2021-03-31,98.449997
2021-04-01,98.779999
2021-04-05,100.000000
2021-04-06,99.760002
2021-04-07,99.300003
2021-04-08,99.540001
2021-04-09,100.510002
2021-04-12,100.879997
2021-04-13,100.389999
2021-04-14,100.519997
2021-04-15,100.919998
2021-04-16,101.139999
2021-04-19,100.720001
2021-04-20,99.610001
2021-04-21,100.970001
2021-04-22,100.459999
2021-04-23,101.559998
2021-04-26,101.260002
2021-04-27,102.099998
2021-04-28,101.889999
2021-04-29,102.610001
2021-04-30,101.930000
2021-05-03,102.980003
2021-05-04,103.430000
2021-05-05,103.529999
2021-05-06,104.250000
2021-05-07,105.349998
2021-05-10,105.449997
2021-05-11,103.889999
2021-05-12,101.400002
2021-05-13,103.300003
2021-05-14,104.730003
2021-05-17,104.410004
2021-05-18,102.889999
2021-05-19,102.309998
2021-05-20,102.540001
2021-05-21,103.040001
2021-05-24,103.680000
2021-05-25,103.370003
2021-05-26,103.699997
2021-05-27,105.120003
2021-05-28,105.120003
2021-06-01,105.529999
2021-06-02,105.230003
2021-06-03,105.000000
2021-06-04,105.339996
2021-06-07,104.610001
2021-06-08,104.879997
2021-06-09,103.809998
2021-06-10,103.300003
2021-06-11,103.510002
2021-06-14,103.040001
2021-06-15,103.480003
2021-06-16,102.500000
2021-06-17,100.919998
2021-06-18,99.610001
2021-06-21,101.480003
2021-06-22,101.589996
2021-06-23,101.360001
2021-06-24,102.150002
2021-06-25,102.349998
2021-06-28,101.809998
2021-06-29,101.610001
2021-06-30,102.400002
2021-07-01,103.129997
2021-07-02,103.290001
2021-07-06,102.300003
2021-07-07,103.320000
2021-07-08,101.879997
2021-07-09,103.489998
2021-07-12,103.629997
2021-07-13,102.629997
2021-07-14,102.620003
2021-07-15,102.820000
2021-07-16,101.910004
2021-07-19,99.779999
2021-07-20,102.570000
2021-07-21,103.550003
2021-07-22,103.169998
2021-07-23,103.610001
2021-07-26,103.559998
2021-07-27,102.989998
2021-07-28,102.750000
2021-07-29,103.559998
2021-07-30,103.360001
2021-08-02,102.650002
2021-08-03,103.989998
2021-08-04,102.580002
2021-08-05,103.059998
2021-08-06,103.540001
2021-08-09,103.129997
2021-08-10,104.180000
2021-08-11,105.529999
2021-08-12,105.330002
2021-08-13,105.000000
2021-08-16,105.360001
2021-08-17,104.220001
2021-08-18,103.080002
2021-08-19,102.360001
2021-08-20,102.629997
2021-08-23,103.470001
2021-08-24,103.989998
2021-08-25,104.660004
2021-08-26,104.199997
2021-08-27,104.919998
2021-08-30,104.800003
2021-08-31,104.510002
2021-09-01,104.110001
2021-09-02,105.230003
2021-09-03,104.589996
2021-09-07,102.779999
2021-09-08,102.919998
2021-09-09,102.419998
2021-09-10,101.959999
2021-09-13,102.230003
2021-09-14,101.000000
2021-09-15,102.110001
2021-09-16,101.410004
2021-09-17,100.330002
2021-09-20,98.860001
2021-09-21,98.339996
2021-09-22,99.120003
2021-09-23,100.639999
2021-09-24,100.849998
2021-09-27,100.949997
2021-09-28,99.779999
2021-09-29,99.889999
2021-09-30,97.839996
2021-10-01,99.180000
2021-10-04,98.639999
2021-10-05,99.739998
2021-10-06,100.180000
2021-10-07,100.959999
2021-10-08,100.949997
2021-10-11,100.139999
2021-10-12,99.809998
2021-10-13,100.019997
2021-10-14,101.910004
2021-10-15,102.889999
2021-10-18,102.959999
2021-10-19,103.570000
2021-10-20,104.220001
2021-10-21,104.430000
2021-10-22,104.800003
2021-10-25,105.040001
2021-10-26,104.389999
2021-10-27,103.169998
2021-10-28,104.459999
2021-10-29,104.489998
2021-11-01,104.779999
2021-11-02,105.129997
2021-11-03,104.900002
2021-11-04,105.320000
2021-11-05,106.389999
2021-11-08,106.830002
2021-11-09,107.099998
2021-11-10,106.500000
2021-11-11,106.059998
2021-11-12,106.900002
2021-11-15,107.099998
2021-11-16,107.120003
2021-11-17,106.480003
2021-11-18,106.260002
2021-11-19,105.730003
2021-11-22,106.019997
2021-11-23,106.199997
2021-11-24,106.080002
2021-11-26,103.209999
2021-11-29,103.389999
2021-11-30,100.769997
2021-12-01,99.370003
2021-12-02,102.320000
2021-12-03,102.199997
2021-12-06,103.930000
2021-12-07,104.989998
2021-12-08,105.250000
2021-12-09,104.919998
2021-12-10,105.349998
2021-12-13,104.260002
2021-12-14,103.269997
2021-12-15,104.169998
2021-12-16,104.220001
2021-12-17,102.440002
2021-12-20,100.419998
2021-12-21,102.419998
2021-12-22,102.709999
2021-12-23,103.919998
2021-12-27,105.019997
2021-12-28,105.550003
2021-12-29,105.739998
2021-12-30,105.360001
2021-12-31,105.809998
2022-01-03,104.940002
2022-01-04,107.050003
2022-01-05,106.029999
2022-01-06,106.519997
2022-01-07,106.489998
2022-01-10,105.290001
2022-01-11,105.919998
2022-01-12,106.260002
2022-01-13,106.489998
2022-01-14,105.849998
2022-01-18,104.629997
2022-01-19,103.459999
2022-01-20,102.139999
2022-01-21,101.199997
2022-01-24,101.779999
2022-01-25,100.779999
2022-01-26,99.900002
2022-01-27,99.010002
2022-01-28,99.699997
2022-01-31,100.739998
2022-02-01,102.129997
2022-02-02,102.839996
2022-02-03,101.199997
2022-02-04,100.110001
2022-02-07,100.190002
2022-02-08,101.190002
2022-02-09,102.580002
2022-02-10,100.900002
2022-02-11,99.360001
2022-02-14,98.989998
2022-02-15,100.480003
2022-02-16,101.010002
2022-02-17,99.160004
2022-02-18,98.339996
2022-02-22,97.389999
2022-02-23,95.599998
2022-02-24,96.820000
2022-02-25,99.129997
2022-02-28,99.889999
2022-03-01,98.400002
2022-03-02,100.500000
2022-03-03,100.610001
2022-03-04,100.389999
2022-03-07,97.699997
2022-03-08,97.099998
2022-03-09,98.860001
2022-03-10,98.730003
2022-03-11,97.940002
2022-03-14,98.269997
2022-03-15,99.830002
2022-03-16,101.150002
2022-03-17,102.449997
2022-03-18,102.839996
2022-03-21,102.730003
2022-03-22,103.290001
2022-03-23,102.300003
2022-03-24,103.080002
2022-03-25,103.720001
2022-03-28,103.750000
2022-03-29,104.709999
2022-03-30,104.589996
2022-03-31,102.980003
2022-04-01,102.180000
2022-04-04,102.050003
2022-04-05,100.599998
2022-04-06,99.820000
2022-04-07,100.160004
2022-04-08,99.599998
2022-04-11,99.279999
2022-04-12,99.120003
2022-04-13,100.050003
2022-04-14,99.940002
2022-04-18,99.589996
2022-04-19,101.400002
2022-04-20,101.949997
2022-04-21,100.910004
2022-04-22,98.430000
2022-04-25,98.430000
2022-04-26,96.279999
2022-04-27,96.639999
2022-04-28,97.730003
2022-04-29,95.139999
2022-05-02,95.339996
2022-05-03,95.970001
2022-05-04,98.750000
2022-05-05,96.169998
2022-05-06,95.519997
2022-05-09,93.209999
2022-05-10,92.599998
2022-05-11,91.760002
2022-05-12,91.930000
2022-05-13,93.099998
2022-05-16,92.970001
2022-05-17,95.080002
2022-05-18,91.540001
2022-05-19,90.720001
2022-05-20,89.739998
2022-05-23,91.209999
2022-05-24,91.160004
2022-05-25,91.690002
2022-05-26,93.550003
2022-05-27,95.470001
2022-05-31,94.699997
2022-06-01,94.120003
2022-06-02,95.919998
2022-06-03,95.550003
2022-06-06,95.949997
2022-06-07,97.239998
2022-06-08,95.480003
2022-06-09,93.599998
2022-06-10,90.839996
2022-06-13,88.110001
2022-06-14,87.889999
2022-06-15,88.739998
2022-06-16,85.779999
2022-06-17,85.559998
2022-06-21,86.739998
2022-06-22,86.260002
2022-06-23,85.820000
2022-06-24,88.820000
2022-06-27,88.610001
2022-06-28,87.580002
2022-06-29,87.070000
2022-06-30,87.339996
2022-07-01,88.099998
2022-07-05,86.779999
2022-07-06,87.279999
2022-07-07,88.309998
2022-07-08,87.910004
2022-07-11,87.320000
2022-07-12,87.050003
2022-07-13,85.989998
2022-07-14,85.500000
2022-07-15,86.839996
2022-07-18,86.320000
2022-07-19,89.400002
2022-07-20,90.089996
2022-07-21,90.739998
2022-07-22,90.449997
2022-07-25,90.879997
2022-07-26,90.389999
2022-07-27,91.790001
2022-07-28,93.709999
2022-07-29,95.639999
2022-08-01,95.739998
2022-08-02,94.730003
2022-08-03,95.620003
2022-08-04,95.970001
2022-08-05,96.120003
2022-08-08,96.089996
2022-08-09,95.739998
2022-08-10,97.839996
2022-08-11,98.360001
2022-08-12,99.839996
2022-08-15,100.080002
2022-08-16,100.529999
2022-08-17,99.730003
2022-08-18,100.129997
2022-08-19,98.839996
2022-08-22,96.959999
2022-08-23,97.139999
2022-08-24,97.459999
2022-08-25,98.949997
2022-08-26,95.519997
2022-08-29,95.089996
2022-08-30,93.720001
2022-08-31,92.930000
2022-09-01,93.059998
2022-09-02,92.160004
2022-09-06,92.309998
2022-09-07,93.790001
2022-09-08,94.070000
2022-09-09,95.290001
2022-09-12,95.860001
2022-09-13,92.250000
2022-09-14,92.070000
2022-09-15,91.110001
2022-09-16,89.209999
2022-09-19,89.989998
2022-09-20,88.870003
2022-09-21,87.690002
2022-09-22,86.370003
2022-09-23,84.750000
2022-09-26,83.860001
2022-09-27,83.580002
2022-09-28,85.419998
2022-09-29,83.940002
2022-09-30,82.839996
2022-10-03,85.339996
2022-10-04,88.309998
2022-10-05,87.830002
2022-10-06,86.820000
2022-10-07,85.160004
2022-10-10,85.459999
2022-10-11,85.440002
2022-10-12,84.769997
2022-10-13,86.639999
2022-10-14,84.739998
2022-10-17,86.589996
2022-10-18,88.680000
2022-10-19,88.050003
2022-10-20,86.320000
2022-10-21,88.690002
2022-10-24,89.870003
2022-10-25,91.080002
2022-10-26,91.400002
2022-10-27,92.470001
2022-10-28,94.620003
2022-10-31,94.349998
2022-11-01,94.260002
2022-11-02,92.599998
2022-11-03,93.570000
2022-11-04,95.070000
2022-11-07,96.089996
2022-11-08,96.930000
2022-11-09,95.580002
2022-11-10,99.589996
2022-11-11,99.529999
2022-11-14,98.919998
2022-11-15,99.599998
2022-11-16,98.879997
2022-11-17,98.709999
2022-11-18,99.440002
2022-11-21,99.760002
2022-11-22,100.529999
2022-11-23,100.910004
2022-11-25,101.300003
2022-11-28,99.459999
2022-11-29,100.070000
2022-11-30,101.720001
2022-12-01,101.750000
2022-12-02,102.330002
2022-12-05,100.620003
2022-12-06,99.430000
2022-12-07,99.300003
2022-12-08,99.889999
2022-12-09,99.070000
2022-12-12,100.769997
2022-12-13,101.150002
2022-12-14,100.959999
2022-12-15,98.519997
2022-12-16,98.099998
2022-12-19,97.120003
2022-12-20,97.239998
2022-12-21,99.070000
2022-12-22,97.809998
2022-12-23,98.389999
2022-12-27,98.690002
2022-12-28,97.400002
2022-12-29,98.599998
2022-12-30,98.209999
2023-01-03,98.419998
2023-01-04,99.290001
2023-01-05,98.220001
2023-01-06,100.910004
2023-01-09,100.459999
2023-01-10,101.010002
2023-01-11,101.980003
2023-01-12,102.580002
2023-01-13,102.459999
2023-01-17,101.589996
2023-01-18,99.680000
2023-01-19,97.629997
2023-01-20,98.989998
2023-01-23,100.070000
2023-01-24,100.730003
2023-01-25,100.169998
2023-01-26,100.720001
2023-01-27,101.139999
2023-01-30,100.150002
2023-01-31,101.849998
2023-02-01,102.589996
2023-02-02,103.389999
2023-02-03,102.849998
2023-02-06,102.599998
2023-02-07,102.919998
2023-02-08,102.339996
2023-02-09,101.419998
2023-02-10,102.139999
2023-02-13,103.070000
2023-02-14,102.790001
2023-02-15,103.430000
2023-02-16,102.360001
2023-02-17,103.029999
2023-02-21,100.669998
2023-02-22,100.419998
2023-02-23,100.889999
2023-02-24,100.309998
2023-02-27,101.199997
2023-02-28,100.970001
2023-03-01,101.370003
2023-03-02,102.559998
2023-03-03,103.669998
2023-03-06,103.480003
2023-03-07,102.150002
2023-03-08,102.389999
2023-03-09,100.879997
2023-03-10,99.000000
2023-03-13,98.440002
2023-03-14,99.480003
2023-03-15,97.029999
2023-03-16,98.279999
2023-03-17,96.669998
2023-03-20,97.550003
2023-03-21,98.680000
2023-03-22,96.790001
2023-03-23,96.510002
2023-03-24,96.910004
2023-03-27,97.720001
2023-03-28,98.220001
2023-03-29,99.650002
2023-03-30,99.860001
2023-03-31,101.180000
2023-04-03,101.360001
2023-04-04,99.089996
2023-04-05,97.800003
2023-04-06,97.769997
2023-04-10,98.660004
2023-04-11,99.250000
2023-04-12,99.580002
2023-04-13,99.949997
2023-04-14,99.830002
2023-04-17,100.620003
2023-04-18,101.099998
2023-04-19,101.019997
2023-04-20,100.839996
2023-04-21,100.610001
2023-04-24,100.849998
2023-04-25,98.989998
2023-04-26,97.120003
2023-04-27,99.040001
2023-04-28,100.000000
2023-05-01,100.540001
2023-05-02,99.489998
2023-05-03,99.110001
2023-05-04,98.029999
2023-05-05,99.510002
2023-05-08,99.150002
2023-05-09,99.370003
2023-05-10,99.010002
2023-05-11,98.410004
2023-05-12,98.480003
2023-05-15,98.959999
2023-05-16,97.620003
2023-05-17,99.300003
2023-05-18,100.019997
2023-05-19,99.779999
2023-05-22,99.760002
2023-05-23,98.559998
2023-05-24,97.290001
2023-05-25,97.610001
2023-05-26,98.339996
2023-05-30,98.190002
2023-05-31,96.849998
2023-06-01,98.089996
2023-06-02,100.940002
2023-06-05,100.239998
2023-06-06,100.870003
2023-06-07,102.489998
2023-06-08,102.669998
2023-06-09,102.400002
2023-06-12,103.129997
2023-06-13,104.330002
2023-06-14,104.050003
2023-06-15,105.620003
2023-06-16,105.449997
2023-06-20,104.250000
2023-06-21,104.830002
2023-06-22,104.070000
2023-06-23,103.279999
2023-06-26,104.139999
2023-06-27,105.389999
2023-06-28,105.389999
2023-06-29,106.410004
2023-06-30,107.320000
2023-07-03,107.339996
2023-07-05,106.760002
2023-07-06,105.959999
2023-07-07,106.199997
2023-07-10,107.709999
2023-07-11,108.980003
2023-07-12,108.790001
2023-07-13,108.930000
2023-07-14,108.610001
2023-07-17,109.019997
2023-07-18,109.629997
2023-07-19,109.580002
2023-07-20,110.070000
2023-07-21,109.550003
2023-07-24,109.800003
2023-07-25,109.660004
2023-07-26,110.430000
2023-07-27,109.480003
2023-07-28,110.160004
2023-07-31,110.419998
2023-08-01,110.750000
2023-08-02,109.589996
2023-08-03,108.900002
2023-08-04,108.239998
2023-08-07,109.570000
2023-08-08,109.070000
2023-08-09,109.010002
2023-08-10,108.709999
2023-08-11,108.889999
2023-08-14,108.930000
2023-08-15,107.540001
2023-08-16,106.940002
2023-08-17,106.040001
2023-08-18,106.239998
2023-08-21,106.110001
2023-08-22,105.860001
2023-08-23,106.949997
2023-08-24,105.650002
2023-08-25,106.540001
2023-08-28,107.410004
2023-08-29,108.230003
2023-08-30,108.720001
2023-08-31,108.230003
2023-09-01,108.800003
2023-09-05,106.970001
2023-09-06,106.510002
2023-09-07,106.160004
2023-09-08,105.629997
2023-09-11,105.660004
2023-09-12,105.279999
2023-09-13,104.580002
2023-09-14,105.610001
2023-09-15,105.000000
2023-09-18,104.690002
2023-09-19,104.250000
2023-09-20,103.839996
2023-09-21,102.139999
2023-09-22,101.790001
2023-09-25,102.300003
2023-09-26,100.739998
2023-09-27,101.489998
2023-09-28,101.919998
2023-09-29,101.379997
2023-10-02,100.389999
2023-10-03,99.690002
2023-10-04,100.010002
2023-10-05,99.419998
2023-10-06,100.779999
2023-10-09,102.360001
2023-10-10,102.980003
2023-10-11,103.599998
2023-10-12,102.660004
2023-10-13,101.750000
2023-10-16,102.830002
2023-10-17,103.150002
2023-10-18,100.660004
2023-10-19,99.730003
2023-10-20,98.699997
2023-10-23,98.239998
2023-10-24,98.980003
2023-10-25,97.709999
2023-10-26,97.300003
2023-10-27,96.440002
2023-10-30,97.639999
2023-10-31,98.360001
2023-11-01,98.680000
2023-11-02,100.709999
2023-11-03,101.599998
2023-11-06,101.330002
2023-11-07,101.080002
2023-11-08,101.309998
2023-11-09,101.089996
2023-11-10,102.550003
2023-11-13,102.639999
2023-11-14,104.699997
2023-11-15,104.919998
2023-11-16,104.940002
2023-11-17,105.610001
2023-11-20,105.930000
2023-11-21,105.849998
2023-11-22,106.080002
2023-11-24,106.339996
2023-11-27,105.739998
2023-11-28,105.489998
2023-11-29,105.889999
2023-11-30,107.050003
2023-12-01,108.739998
2023-12-04,108.919998
2023-12-05,108.040001
2023-12-06,108.519997
2023-12-07,108.620003
2023-12-08,108.959999
2023-12-11,110.000000
2023-12-12,110.500000
2023-12-13,111.730003
2023-12-14,113.169998
2023-12-15,113.019997
2023-12-18,112.400002
2023-12-19,113.269997
2023-12-20,111.440002
2023-12-21,112.589996
2023-12-22,113.129997
2023-12-26,113.930000
2023-12-27,114.099998
2023-12-28,114.129997
2023-12-29,113.989998
2024-01-02,112.839996
2024-01-03,111.160004
2024-01-04,111.300003
2024-01-05,111.430000
2024-01-08,112.160004
2024-01-09,111.809998
2024-01-10,112.379997
2024-01-11,112.120003
2024-01-12,112.110001
2024-01-16,110.980003
2024-01-17,110.230003
2024-01-18,111.720001
2024-01-19,112.449997
2024-01-22,113.320000
2024-01-23,113.230003
2024-01-24,112.529999
2024-01-25,113.610001
2024-01-26,113.430000
2024-01-29,114.169998
2024-01-30,114.209999
2024-01-31,112.889999
2024-02-01,114.809998
2024-02-02,115.580002
2024-02-05,114.949997
2024-02-06,115.980003
2024-02-07,116.750000
2024-02-08,116.769997
2024-02-09,116.949997
2024-02-12,117.120003
2024-02-13,115.919998
2024-02-14,117.860001
2024-02-15,118.739998
2024-02-16,118.029999
2024-02-20,117.660004
2024-02-21,118.129997
2024-02-22,119.589996
2024-02-23,120.220001
2024-02-26,120.040001
2024-02-27,120.220001
2024-02-28,120.629997
2024-02-29,121.000000
2024-03-01,121.519997
2024-03-04,121.959999
2024-03-05,120.959999
2024-03-06,121.589996
2024-03-07,122.570000
2024-03-08,122.300003
2024-03-11,121.669998
2024-03-12,122.209999
2024-03-13,122.540001
2024-03-14,122.019997
2024-03-15,122.040001
2024-03-18,121.879997
2024-03-19,122.930000
2024-03-20,124.410004
2024-03-21,125.639999
2024-03-22,125.209999
2024-03-25,124.400002
2024-03-26,123.949997
2024-03-27,125.940002
2024-03-28,125.959999
2024-04-01,124.989998
2024-04-02,124.410004
2024-04-03,125.050003
2024-04-04,123.949997
2024-04-05,125.669998
2024-04-08,125.449997
2024-04-09,125.160004
2024-04-10,124.089996
2024-04-11,124.230003
2024-04-12,122.900002
2024-04-15,122.019997
2024-04-16,121.739998
2024-04-17,121.110001
2024-04-18,120.690002
2024-04-19,120.470001
2024-04-22,121.379997
2024-04-23,123.070000
2024-04-24,122.089996
2024-04-25,122.459999
2024-04-26,122.660004
2024-04-29,123.480003
2024-04-30,121.519997
2024-05-01,121.220001
2024-05-02,121.919998
2024-05-03,122.769997
2024-05-06,124.010002
2024-05-07,124.349998
2024-05-08,124.349998
2024-05-09,125.589996
2024-05-10,125.680000
2024-05-13,125.150002
2024-05-14,125.120003
2024-05-15,125.940002
2024-05-16,125.190002
2024-05-17,125.330002
2024-05-20,125.570000
2024-05-21,125.160004
2024-05-22,125.309998
2024-05-23,123.830002
2024-05-24,124.459999
2024-05-28,122.940002
2024-05-29,121.199997
2024-05-30,122.029999
2024-05-31,123.510002
2024-06-03,122.000000
2024-06-04,121.699997
2024-06-05,122.930000
2024-06-06,122.199997
2024-06-07,122.330002
2024-06-10,122.709999
2024-06-11,122.010002
2024-06-12,123.169998
2024-06-13,122.379997
2024-06-14,121.150002
2024-06-17,122.489998
2024-06-18,123.150002
2024-06-20,123.230003
2024-06-21,122.970001
2024-06-24,123.070000
2024-06-25,122.019997
2024-06-26,121.690002
2024-06-27,121.820000
2024-06-28,121.870003
2024-07-01,120.559998
2024-07-02,121.220001
2024-07-03,121.660004
2024-07-05,121.220001
2024-07-08,121.370003
2024-07-09,120.839996
2024-07-10,121.919998
2024-07-11,123.470001
2024-07-12,124.180000
2024-07-15,125.070000
2024-07-16,128.190002
2024-07-17,126.550003
2024-07-18,125.559998
2024-07-19,124.870003
2024-07-22,126.139999
2024-07-23,125.900002
2024-07-24,123.190002
2024-07-25,124.180000
2024-07-26,126.300003
2024-07-29,126.080002
2024-07-30,126.449997
2024-07-31,127.860001
2024-08-01,125.489998
2024-08-02,122.730003
2024-08-05,120.599998
2024-08-06,122.050003
2024-08-07,121.459999
2024-08-08,124.260002
2024-08-09,124.279999
2024-08-12,123.650002
2024-08-13,124.949997
2024-08-14,125.459999
2024-08-15,127.150002
2024-08-16,126.970001
2024-08-19,127.739998
2024-08-20,127.389999
2024-08-21,128.160004
2024-08-22,128.000000
2024-08-23,129.279999
2024-08-26,129.139999
2024-08-27,129.220001
2024-08-28,129.160004
2024-08-29,130.070007
2024-08-30,131.460007
2024-09-03,128.550003
2024-09-04,128.679993
2024-09-05,127.180000
2024-09-06,125.889999
2024-09-09,127.820000
2024-09-10,128.039993
2024-09-11,128.270004
2024-09-12,129.259995
2024-09-13,130.570007
2024-09-16,131.240005
2024-09-17,131.960007
2024-09-18,131.850006
2024-09-19,134.119995
2024-09-20,133.179993
2024-09-23,133.639999
2024-09-24,134.600006
2024-09-25,133.970001
2024-09-26,134.639999
2024-09-27,134.830002
2024-09-30,135.440002
2024-10-01,135.509995
2024-10-02,135.259995
2024-10-03,134.570007
2024-10-04,135.509995
2024-10-07,135.179993
2024-10-08,135.479996
2024-10-09,136.690002
2024-10-10,135.990005
2024-10-11,138.419998
2024-10-14,139.250000
2024-10-15,138.179993
2024-10-16,139.250000
2024-10-17,138.850006
2024-10-18,139.270004
2024-10-21,138.779999
2024-10-22,137.100006
2024-10-23,136.699997
2024-10-24,135.759995
2024-10-25,135.399994
2024-10-28,135.800003
2024-10-29,135.619995
2024-10-30,135.389999
2024-10-31,133.830002
2024-11-01,134.009995
2024-11-04,133.860001
2024-11-05,136.100006
2024-11-06,141.429993
2024-11-07,140.580002
2024-11-08,142.089996
2024-11-11,143.190002
2024-11-12,141.960007
2024-11-13,142.259995
2024-11-14,139.860001
2024-11-15,139.110001
2024-11-18,138.919998
2024-11-19,138.800003
2024-11-20,138.949997
2024-11-21,140.690002
2024-11-22,142.649994
2024-11-25,143.539993
2024-11-26,143.710007
2024-11-27,143.179993
2024-11-29,143.990005
2024-12-02,142.929993
2024-12-03,142.029999
2024-12-04,142.649994
2024-12-05,140.919998
2024-12-06,140.559998
2024-12-09,139.339996
2024-12-10,139.000000
2024-12-11,138.679993
2024-12-12,137.789993
2024-12-13,137.429993
2024-12-16,137.550003
2024-12-17,136.289993
2024-12-18,132.440002
2024-12-19,132.270004
2024-12-20,133.820007
2024-12-23,133.119995
2024-12-24,134.160004
2024-12-26,134.259995
2024-12-27,133.259995
2024-12-30,131.919998
2024-12-31,131.759995
2025-01-02,131.300003
2025-01-03,132.720001
2025-01-06,132.429993
2025-01-07,132.300003
2025-01-08,132.820007
2025-01-10,131.330002
2025-01-13,132.869995
2025-01-14,134.440002
2025-01-15,135.289993
2025-01-16,136.929993
2025-01-17,137.750000
2025-01-21,140.580002
2025-01-22,140.250000
2025-01-23,141.669998
2025-01-24,141.070007
2025-01-27,139.179993
2025-01-28,138.259995
2025-01-29,137.789993
2025-01-30,139.330002
2025-01-31,138.350006
2025-02-03,136.979996
2025-02-04,137.020004
2025-02-05,137.119995
2025-02-06,137.740005
2025-02-07,137.330002
2025-02-10,138.559998
2025-02-11,138.610001
2025-02-12,137.750000
2025-02-13,137.889999
2025-02-14,137.550003
2025-02-18,138.630005
2025-02-19,138.770004
2025-02-20,137.860001
2025-02-21,134.839996
2025-02-24,134.229996
2025-02-25,134.919998
2025-02-26,135.000000
2025-02-27,134.529999
2025-02-28,136.330002
2025-03-03,134.389999
2025-03-04,131.770004
2025-03-05,133.850006
2025-03-06,132.699997
2025-03-07,134.250000
2025-03-10,132.149994
2025-03-11,130.119995
2025-03-12,130.110001
2025-03-13,128.779999
2025-03-14,131.130005
2025-03-17,132.940002
2025-03-18,131.880005
2025-03-19,133.630005
2025-03-20,132.960007
2025-03-21,132.250000
2025-03-24,134.289993
2025-03-25,134.490005
2025-03-26,133.600006
2025-03-27,132.889999
2025-03-28,130.149994
2025-03-31,131.070007
2025-04-01,131.809998
2025-04-02,133.050003
2025-04-03,125.849998
2025-04-04,117.940002
2025-04-07,117.389999
2025-04-08,116.419998
2025-04-09,126.760002
2025-04-10,123.489998
2025-04-11,125.669998
2025-04-14,126.980003
2025-04-15,126.349998
2025-04-16,124.620003
2025-04-17,125.300003
2025-04-21,122.489998
2025-04-22,124.629997
2025-04-23,126.190002
2025-04-24,129.020004
2025-04-25,129.009995
2025-04-28,129.440002
2025-04-29,130.279999
2025-04-30,131.220001
2025-05-01,132.210007
2025-05-02,134.580002
2025-05-05,134.649994
2025-05-06,133.470001
2025-05-07,134.149994
2025-05-08,136.000000
2025-05-09,136.110001
2025-05-12,140.300003
2025-05-13,141.279999
2025-05-14,140.600006
2025-05-15,142.160004
2025-05-16,143.779999
2025-05-19,144.270004
2025-05-20,143.750000
2025-05-21,141.320007
2025-05-22,141.289993
2025-05-23,140.830002
2025-05-27,143.309998
2025-05-28,142.600006
2025-05-29,142.729996
2025-05-30,142.820007
2025-06-02,142.639999
2025-06-03,143.740005
2025-06-04,143.820007
2025-06-05,143.720001
2025-06-06,144.929993
2025-06-09,144.800003
2025-06-10,144.169998
2025-06-11,144.240005
2025-06-12,143.860001
2025-06-13,142.649994
2025-06-16,143.630005
2025-06-17,142.550003
2025-06-18,142.210007
2025-06-20,142.369995
2025-06-23,143.860001
2025-06-24,145.059998
2025-06-25,143.779999
2025-06-26,145.339996
2025-06-27,146.789993
2025-06-30,147.520004
2025-07-01,148.009995
2025-07-02,148.160004
2025-07-03,149.419998
2025-07-07,148.899994
2025-07-08,148.860001
2025-07-09,149.899994
2025-07-10,150.740005
2025-07-11,150.199997
2025-07-14,151.009995
2025-07-15,149.880005
2025-07-16,150.410004
2025-07-17,151.800003
2025-07-18,151.460007
2025-07-21,150.660004
2025-07-22,151.020004
2025-07-23,153.729996
2025-07-24,153.470001
2025-07-25,154.990005
2025-07-28,154.509995
2025-07-29,152.750000
2025-07-30,152.000000
2025-07-31,152.009995
2025-08-01,149.740005
2025-08-04,151.119995
2025-08-05,150.809998
2025-08-06,150.929993
2025-08-07,150.710007
2025-08-08,150.830002
2025-08-11,150.339996
2025-08-12,151.899994
2025-08-13,152.479996
2025-08-14,151.130005
2025-08-15,150.440002
2025-08-18,151.029999
2025-08-19,151.360001
2025-08-20,151.220001
2025-08-21,150.679993
2025-08-22,153.139999
2025-08-25,151.610001
2025-08-26,153.169998
2025-08-27,153.149994
2025-08-28,153.419998
2025-08-29,152.009995
2025-09-02,150.559998
2025-09-03,149.800003
2025-09-04,151.490005
2025-09-05,150.929993
2025-09-08,151.270004
2025-09-09,150.250000
2025-09-10,151.360001
2025-09-11,152.800003
2025-09-12,151.580002
2025-09-15,152.279999
2025-09-16,151.830002
2025-09-17,151.139999
2025-09-18,152.750000
2025-09-19,153.119995
2025-09-22,153.000000
2025-09-23,153.039993
2025-09-24,152.250000
2025-09-25,151.220001
2025-09-26,152.580002
2025-09-29,153.050003
2025-09-30,154.229996
2025-10-01,153.800003
2025-10-02,154.199997
2025-10-03,154.410004
2025-10-06,155.130005
2025-10-07,154.250000
2025-10-08,155.589996
2025-10-09,153.289993
2025-10-10,149.899994
2025-10-13,151.460007
2025-10-14,153.240005
2025-10-15,152.600006
2025-10-16,151.600006
2025-10-17,151.729996
2025-10-20,153.520004
2025-10-21,154.880005
2025-10-22,152.869995
2025-10-23,154.779999
2025-10-24,154.910004
2025-10-27,155.789993
2025-10-28,154.679993
2025-10-29,155.080002
2025-10-30,154.690002
2025-10-31,155.059998
2025-11-03,154.399994
2025-11-04,152.610001
2025-11-05,153.199997
2025-11-06,152.589996
2025-11-07,153.330002
2025-11-10,154.199997
2025-11-11,154.240005
2025-11-12,154.389999
2025-11-13,152.000000
2025-11-14,152.009995
2025-11-17,150.520004
2025-11-18,149.850006
2025-11-19,150.350006
2025-11-20,147.830002
2025-11-21,149.630005
2025-11-24,150.000000
2025-11-25,151.919998
2025-11-26,152.800003
2025-11-28,153.690002
2025-12-01,151.440002
2025-12-02,152.759995
2025-12-03,154.210007
2025-12-04,155.009995
2025-12-05,154.580002
2025-12-08,154.389999
2025-12-09,153.259995
2025-12-10,156.059998
2025-12-11,157.729996
2025-12-12,156.740005
2025-12-15,156.990005
2025-12-16,156.059998
2025-12-17,153.529999
2025-12-18,154.529999
2025-12-19,155.860001
2025-12-22,157.050003
2025-12-23,156.990005
2025-12-24,157.500000
2025-12-26,157.210007
2025-12-29,156.869995
2025-12-30,156.419998
2025-12-31,155.119995
2026-01-02,157.979996
2026-01-05,159.850006
2026-01-06,162.020004
2026-01-07,158.970001
2026-01-08,160.169998
2026-01-09,161.929993
2026-01-12,163.169998
2026-01-13,164.009995
2026-01-14,164.270004
2026-01-15,165.779999
2026-01-16,166.899994
2026-01-20,163.529999
2026-01-21,166.360001
2026-01-22,165.500000
2026-01-23,164.220001
2026-01-26,164.380005
2026-01-27,165.059998
2026-01-28,164.139999
2026-01-29,165.860001
2026-01-30,165.440002
2026-02-02,167.529999
2026-02-03,168.940002
2026-02-04,169.389999
2026-02-05,168.369995
2026-02-06,173.179993
2026-02-09,173.699997
2026-02-10,173.910004
2026-02-11,174.839996
2026-02-12,172.750000
2026-02-13,174.169998
2026-02-17,175.080002
2026-02-18,175.039993
2026-02-19,176.339996
2026-02-20,177.229996
2026-02-23,174.830002
2026-02-24,176.979996
2026-02-25,175.600006
2026-02-26,176.699997
2026-02-27,177.139999
2026-03-02,178.899994
2026-03-03,175.440002
2026-03-04,175.970001
2026-03-05,172.059998
2026-03-06,169.940002
2026-03-09,170.940002
2026-03-10,170.020004
2026-03-11,169.490005
2026-03-12,165.240005
2026-03-13,164.649994
2026-03-16,166.059998
2026-03-17,166.500000
2026-03-18,165.179993
2026-03-19,164.059998
2026-03-20,161.669998
2026-03-23,163.050003
2026-03-24,164.000000
2026-03-25,165.100006
2026-03-26,161.270004
2026-03-27,159.199997
2026-03-30,156.610001
2026-03-31,161.729996
2026-04-01,164.429993
2026-04-02,163.770004
2026-04-06,164.610001
2026-04-07,164.279999
2026-04-08,170.440002
2026-04-09,172.190002
2026-04-10,171.520004
2026-04-13,172.729996
2026-04-14,173.350006
2026-04-15,171.179993
2026-04-16,170.330002
2026-04-17,173.509995
2026-04-20,173.899994
2026-04-21,171.440002
2026-04-22,171.039993
2026-04-23,174.070007
2026-04-24,172.470001
2026-04-27,172.509995
2026-04-28,170.979996
2026-04-29,169.929993
2026-04-30,174.580002
2026-05-01,172.960007
2026-05-04,170.979996
2026-05-05,172.410004
2026-05-06,176.869995
2026-05-07,174.000000
2026-05-08,173.199997
2026-05-11,175.039993
2026-05-12,174.350006
2026-05-13,173.619995
2026-05-14,174.509995
2026-05-15,171.399994
2026-05-18,170.750000
2026-05-19,168.740005
2026-05-20,170.729996
2026-05-21,170.529999
2026-05-22,171.770004
2026-05-26,174.300003
2026-05-27,174.300003
2026-05-28,173.800003
2026-05-29,173.130005
2026-06-01,172.399994
2026-06-02,174.190002
2026-06-03,174.050003
2026-06-04,176.160004
2026-06-05,174.179993
2026-06-08,173.630005
2026-06-09,175.600006
2026-06-10,169.660004
2026-06-11,175.149994
2026-06-12,176.179993
2026-06-15,178.679993
2026-06-16,179.850006
2026-06-17,179.600006
2026-06-18,180.910004
2026-06-22,181.800003
2026-06-23,178.149994
2026-06-24,180.210007
2026-06-25,184.119995
2026-06-26,181.199997
2026-06-29,182.759995
2026-06-30,185.229996
2026-07-01,183.360001
2026-07-02,183.910004
2026-07-06,185.559998
2026-07-07,182.380005
2026-07-08,180.419998
2026-07-09,181.110001
2026-07-10,181.919998
2026-07-13,180.369995
2026-07-14,180.449997
2026-07-15,180.059998
2026-07-16,180.149994
2026-07-17,179.410004
2026-07-20,178.119995
2026-07-21,178.660004
2026-07-22,178.850006
2026-07-23,181.940002
2026-07-24,182.660004
2026-07-27,183.199997
2026-07-28,182.490005
2026-07-29,176.660004
2026-07-30,178.389999
2026-07-31,179.839996
2026-08-03,183.160004
2026-08-04,186.399994
2026-08-05,186.350006
2026-08-06,184.759995
2026-08-07,185.179993
2026-08-10,184.600006
2026-08-11,185.699997
2026-08-12,185.880005
2026-08-13,185.789993
2026-08-14,186.509995
2026-08-17,186.320007
2026-08-18,183.570007
2026-08-19,181.949997
2026-08-20,179.770004
2026-08-21,180.250000
2026-08-24,179.000000
2026-08-25,178.399994
2026-08-26,180.339996
2026-08-27,178.800003
2026-08-28,177.139999
2026-08-31,175.130005
2026-09-01,172.729996
2026-09-02,172.779999
2026-09-03,174.559998
2026-09-04,175.270004
2026-09-08,174.419998
2026-09-09,171.789993
