d,c
1998-12-22,16.023438
1998-12-23,16.406250
1998-12-24,16.343750
1998-12-28,16.390625
1998-12-29,16.437500
1998-12-30,16.375000
1998-12-31,16.312500
1999-01-04,16.500000
1999-01-05,16.921875
1999-01-06,17.421875
1999-01-07,17.367188
1999-01-08,17.437500
1999-01-11,17.609375
1999-01-12,17.132812
1999-01-13,17.125000
1999-01-14,16.890625
1999-01-15,17.390625
1999-01-19,17.992188
1999-01-20,18.156250
1999-01-21,17.687500
1999-01-22,17.375000
1999-01-25,17.679688
1999-01-26,18.390625
1999-01-27,18.000000
1999-01-28,18.632812
1999-01-29,18.906250
1999-02-01,18.921875
1999-02-02,18.601562
1999-02-03,18.734375
1999-02-04,18.093750
1999-02-05,17.656250
1999-02-08,17.953125
1999-02-09,17.250000
1999-02-10,17.375000
1999-02-11,18.109375
1999-02-12,17.390625
1999-02-16,17.312500
1999-02-17,16.921875
1999-02-18,17.015625
1999-02-19,17.171875
1999-02-22,17.781250
1999-02-23,18.015625
1999-02-24,17.515625
1999-02-25,17.562500
1999-02-26,17.031250
1999-03-01,16.953125
1999-03-02,16.500000
1999-03-03,16.781250
1999-03-04,16.953125
1999-03-05,17.343750
1999-03-08,17.843750
1999-03-09,17.656250
1999-03-10,17.656250
1999-03-11,17.625000
1999-03-12,17.468750
1999-03-15,17.750000
1999-03-16,18.054688
1999-03-17,17.937500
1999-03-18,18.187500
1999-03-19,17.750000
1999-03-22,17.750000
1999-03-23,17.234375
1999-03-24,17.570312
1999-03-25,17.984375
1999-03-26,17.890625
1999-03-29,18.562500
1999-03-30,18.531250
1999-03-31,18.296875
1999-04-01,18.585938
1999-04-05,19.226562
1999-04-06,19.390625
1999-04-07,19.343750
1999-04-08,19.531250
1999-04-09,19.500000
1999-04-12,19.203125
1999-04-13,18.906250
1999-04-14,18.437500
1999-04-15,18.593750
1999-04-16,18.093750
1999-04-19,17.218750
1999-04-20,17.656250
1999-04-21,18.125000
1999-04-22,18.960938
1999-04-23,19.000000
1999-04-26,19.484375
1999-04-27,19.000000
1999-04-28,18.750000
1999-04-29,18.554688
1999-04-30,18.406250
1999-05-03,18.562500
1999-05-04,18.281250
1999-05-05,18.656250
1999-05-06,18.187500
1999-05-07,18.500000
1999-05-10,18.656250
1999-05-11,18.937500
1999-05-12,19.312500
1999-05-13,19.257812
1999-05-14,18.750000
1999-05-17,19.015625
1999-05-18,19.187500
1999-05-19,19.250000
1999-05-20,19.000000
1999-05-21,18.781250
1999-05-24,18.375000
1999-05-25,17.992188
1999-05-26,18.367188
1999-05-27,18.234375
1999-05-28,18.468750
1999-06-01,18.054688
1999-06-02,18.250000
1999-06-03,18.125000
1999-06-04,18.664062
1999-06-07,19.000000
1999-06-08,18.562500
1999-06-09,18.843750
1999-06-10,18.562500
1999-06-11,18.312500
1999-06-14,18.226562
1999-06-15,18.390625
1999-06-16,19.148438
1999-06-17,19.359375
1999-06-18,19.531250
1999-06-21,20.023438
1999-06-22,19.601562
1999-06-23,19.750000
1999-06-24,19.343750
1999-06-25,19.367188
1999-06-28,19.687500
1999-06-29,19.937500
1999-06-30,20.242188
1999-07-01,20.468750
1999-07-02,20.734375
1999-07-06,20.617188
1999-07-07,20.859375
1999-07-08,21.140625
1999-07-09,21.367188
1999-07-12,21.398438
1999-07-13,21.304688
1999-07-14,21.570312
1999-07-15,21.726562
1999-07-16,21.921875
1999-07-19,21.656250
1999-07-20,20.757812
1999-07-21,20.937500
1999-07-22,20.289062
1999-07-23,20.343750
1999-07-26,19.882812
1999-07-27,20.375000
1999-07-28,20.562500
1999-07-29,20.218750
1999-07-30,20.007812
1999-08-02,19.968750
1999-08-03,19.890625
1999-08-04,19.648438
1999-08-05,19.804688
1999-08-06,19.812500
1999-08-09,19.585938
1999-08-10,19.257812
1999-08-11,19.875000
1999-08-12,19.625000
1999-08-13,20.250000
1999-08-16,20.312500
1999-08-17,20.406250
1999-08-18,20.171875
1999-08-19,19.968750
1999-08-20,20.031250
1999-08-23,20.492188
1999-08-24,20.812500
1999-08-25,21.250000
1999-08-26,20.992188
1999-08-27,20.875000
1999-08-30,20.531250
1999-08-31,20.710938
1999-09-01,20.820312
1999-09-02,20.742188
1999-09-03,21.500000
1999-09-07,21.507812
1999-09-08,21.359375
1999-09-09,21.546875
1999-09-10,21.781250
1999-09-13,21.484375
1999-09-14,21.718750
1999-09-15,21.265625
1999-09-16,21.171875
1999-09-17,21.593750
1999-09-20,21.687500
1999-09-21,21.242188
1999-09-22,21.281250
1999-09-23,20.500000
1999-09-24,20.546875
1999-09-27,20.757812
1999-09-28,20.851562
1999-09-29,20.468750
1999-09-30,20.625000
1999-10-01,20.500000
1999-10-04,21.000000
1999-10-05,21.125000
1999-10-06,21.382812
1999-10-07,21.273438
1999-10-08,21.257812
1999-10-11,21.468750
1999-10-12,21.085938
1999-10-13,20.531250
1999-10-14,20.414062
1999-10-15,19.929688
1999-10-18,19.750000
1999-10-19,19.437500
1999-10-20,20.218750
1999-10-21,19.890625
1999-10-22,19.937500
1999-10-25,19.992188
1999-10-26,20.000000
1999-10-27,19.976562
1999-10-28,20.492188
1999-10-29,21.250000
1999-11-01,21.218750
1999-11-02,21.125000
1999-11-03,21.437500
1999-11-04,21.601562
1999-11-05,21.835938
1999-11-08,22.054688
1999-11-09,21.812500
1999-11-10,22.195312
1999-11-11,22.500000
1999-11-12,22.625000
1999-11-15,22.523438
1999-11-16,23.000000
1999-11-17,22.781250
1999-11-18,23.554688
1999-11-19,23.773438
1999-11-22,23.921875
1999-11-23,23.710938
1999-11-24,24.078125
1999-11-26,24.265625
1999-11-29,24.054688
1999-11-30,23.335938
1999-12-01,23.562500
1999-12-02,24.125000
1999-12-03,24.812500
1999-12-06,24.984375
1999-12-07,25.046875
1999-12-08,24.781250
1999-12-09,24.718750
1999-12-10,24.843750
1999-12-13,25.007812
1999-12-14,24.531250
1999-12-15,25.031250
1999-12-16,25.500000
1999-12-17,25.781250
1999-12-20,26.031250
1999-12-21,26.531250
1999-12-22,26.531250
1999-12-23,26.671875
1999-12-27,26.875000
1999-12-28,26.625000
1999-12-29,27.054688
1999-12-30,27.031250
1999-12-31,26.937500
2000-01-03,27.718750
2000-01-04,26.312500
2000-01-05,25.921875
2000-01-06,25.062500
2000-01-07,25.500000
2000-01-10,26.468750
2000-01-11,25.718750
2000-01-12,25.609375
2000-01-13,25.843750
2000-01-14,26.437500
2000-01-18,26.578125
2000-01-19,26.625000
2000-01-20,26.781250
2000-01-21,26.812500
2000-01-24,25.937500
2000-01-25,26.492188
2000-01-26,25.625000
2000-01-27,25.375000
2000-01-28,24.468750
2000-01-31,25.281250
2000-02-01,25.812500
2000-02-02,26.000000
2000-02-03,26.750000
2000-02-04,27.062500
2000-02-07,27.375000
2000-02-08,27.625000
2000-02-09,27.281250
2000-02-10,27.929688
2000-02-11,27.187500
2000-02-14,27.203125
2000-02-15,27.281250
2000-02-16,27.140625
2000-02-17,27.750000
2000-02-18,26.812500
2000-02-22,26.750000
2000-02-23,27.562500
2000-02-24,27.906250
2000-02-25,27.640625
2000-02-28,27.312500
2000-02-29,27.937500
2000-03-01,28.218750
2000-03-02,28.500000
2000-03-03,29.289062
2000-03-06,29.242188
2000-03-07,28.437500
2000-03-08,28.937500
2000-03-09,29.812500
2000-03-10,29.875000
2000-03-13,29.437500
2000-03-14,28.765625
2000-03-15,28.265625
2000-03-16,29.250000
2000-03-17,29.937500
2000-03-20,29.812500
2000-03-21,30.593750
2000-03-22,31.125000
2000-03-23,31.718750
2000-03-24,31.992188
2000-03-27,32.250000
2000-03-28,31.468750
2000-03-29,30.546875
2000-03-30,29.718750
2000-03-31,30.281250
2000-04-03,29.000000
2000-04-04,28.718750
2000-04-05,28.906250
2000-04-06,29.281250
2000-04-07,30.281250
2000-04-10,29.187500
2000-04-11,28.468750
2000-04-12,26.625000
2000-04-13,26.117188
2000-04-14,24.750000
2000-04-17,26.093750
2000-04-18,27.578125
2000-04-19,26.671875
2000-04-20,26.437500
2000-04-24,25.625000
2000-04-25,27.109375
2000-04-26,26.593750
2000-04-27,27.421875
2000-04-28,27.500000
2000-05-01,27.890625
2000-05-02,27.375000
2000-05-03,26.187500
2000-05-04,26.000000
2000-05-05,26.710938
2000-05-08,25.765625
2000-05-09,25.289062
2000-05-10,24.062500
2000-05-11,24.742188
2000-05-12,25.062500
2000-05-15,25.531250
2000-05-16,26.296875
2000-05-17,25.921875
2000-05-18,25.265625
2000-05-19,24.281250
2000-05-22,24.171875
2000-05-23,23.000000
2000-05-24,23.906250
2000-05-25,23.515625
2000-05-26,23.593750
2000-05-30,25.125000
2000-05-31,24.640625
2000-06-01,25.750000
2000-06-02,26.921875
2000-06-05,27.000000
2000-06-06,26.625000
2000-06-07,27.125000
2000-06-08,27.000000
2000-06-09,27.062500
2000-06-12,26.500000
2000-06-13,27.062500
2000-06-14,26.562500
2000-06-15,27.093750
2000-06-16,27.187500
2000-06-19,28.046875
2000-06-20,28.125000
2000-06-21,28.375000
2000-06-22,27.500000
2000-06-23,26.914062
2000-06-26,27.093750
2000-06-27,26.828125
2000-06-28,27.093750
2000-06-29,26.562500
2000-06-30,27.093750
2000-07-03,27.281250
2000-07-05,26.406250
2000-07-06,26.812500
2000-07-07,27.250000
2000-07-10,26.953125
2000-07-11,26.734375
2000-07-12,27.421875
2000-07-13,27.953125
2000-07-14,28.468750
2000-07-17,28.703125
2000-07-18,28.125000
2000-07-19,27.500000
2000-07-20,28.078125
2000-07-21,27.468750
2000-07-24,26.796875
2000-07-25,27.250000
2000-07-26,26.890625
2000-07-27,26.109375
2000-07-28,25.140625
2000-07-31,25.656250
2000-08-01,25.359375
2000-08-02,25.250000
2000-08-03,25.734375
2000-08-04,25.734375
2000-08-07,26.265625
2000-08-08,26.312500
2000-08-09,26.406250
2000-08-10,25.843750
2000-08-11,25.937500
2000-08-14,26.468750
2000-08-15,26.531250
2000-08-16,26.562500
2000-08-17,27.062500
2000-08-18,27.093750
2000-08-21,27.218750
2000-08-22,27.218750
2000-08-23,27.484375
2000-08-24,27.742188
2000-08-25,27.648438
2000-08-28,27.875000
2000-08-29,27.906250
2000-08-30,27.718750
2000-08-31,28.265625
2000-09-01,28.281250
2000-09-05,27.640625
2000-09-06,26.937500
2000-09-07,27.375000
2000-09-08,26.500000
2000-09-11,25.812500
2000-09-12,25.437500
2000-09-13,25.687500
2000-09-14,25.828125
2000-09-15,25.382812
2000-09-18,24.812500
2000-09-19,25.781250
2000-09-20,25.875000
2000-09-21,25.343750
2000-09-22,24.625000
2000-09-25,24.109375
2000-09-26,23.601562
2000-09-27,23.437500
2000-09-28,24.250000
2000-09-29,23.187500
2000-10-02,23.015625
2000-10-03,22.406250
2000-10-04,23.007812
2000-10-05,22.679688
2000-10-06,22.210938
2000-10-09,22.085938
2000-10-10,21.437500
2000-10-11,20.750000
2000-10-12,20.031250
2000-10-13,21.718750
2000-10-16,21.375000
2000-10-17,20.812500
2000-10-18,20.484375
2000-10-19,22.304688
2000-10-20,22.640625
2000-10-23,22.500000
2000-10-24,22.062500
2000-10-25,20.507812
2000-10-26,21.000000
2000-10-27,21.179688
2000-10-30,20.890625
2000-10-31,21.859375
2000-11-01,21.437500
2000-11-02,21.992188
2000-11-03,22.156250
2000-11-06,21.812500
2000-11-07,21.968750
2000-11-08,20.812500
2000-11-09,20.507812
2000-11-10,19.375000
2000-11-13,19.312500
2000-11-14,20.359375
2000-11-15,20.500000
2000-11-16,19.843750
2000-11-17,20.000000
2000-11-20,19.187500
2000-11-21,19.281250
2000-11-22,18.578125
2000-11-24,19.312500
2000-11-27,19.203125
2000-11-28,18.429688
2000-11-29,18.343750
2000-11-30,17.375000
2000-12-01,17.601562
2000-12-04,17.500000
2000-12-05,19.156250
2000-12-06,18.625000
2000-12-07,18.007812
2000-12-08,18.843750
2000-12-11,19.554688
2000-12-12,19.156250
2000-12-13,18.343750
2000-12-14,18.062500
2000-12-15,17.343750
2000-12-18,17.000000
2000-12-19,16.500000
2000-12-20,15.265625
2000-12-21,15.312500
2000-12-22,16.367188
2000-12-26,16.093750
2000-12-27,16.250000
2000-12-28,16.171875
2000-12-29,15.656250
2001-01-02,14.750000
2001-01-03,17.125000
2001-01-04,17.296875
2001-01-05,16.250000
2001-01-08,16.203125
2001-01-09,16.562500
2001-01-10,17.062500
2001-01-11,17.781250
2001-01-12,17.515625
2001-01-16,17.312500
2001-01-17,17.843750
2001-01-18,18.781250
2001-01-19,19.039062
2001-01-22,18.687500
2001-01-23,19.000000
2001-01-24,19.234375
2001-01-25,18.562500
2001-01-26,18.687500
2001-01-29,19.080000
2001-01-30,19.125000
2001-01-31,18.650000
2001-02-01,18.639999
2001-02-02,17.820000
2001-02-05,17.709999
2001-02-06,17.815001
2001-02-07,17.355000
2001-02-08,17.100000
2001-02-09,16.309999
2001-02-12,16.450001
2001-02-13,16.170000
2001-02-14,16.549999
2001-02-15,17.049999
2001-02-16,15.995000
2001-02-20,15.135000
2001-02-21,14.750000
2001-02-22,14.775000
2001-02-23,14.665000
2001-02-26,14.900000
2001-02-27,14.330000
2001-02-28,14.005000
2001-03-01,14.400000
2001-03-02,13.900000
2001-03-05,14.200000
2001-03-06,14.800000
2001-03-07,14.820000
2001-03-08,14.525000
2001-03-09,13.575000
2001-03-12,12.850000
2001-03-13,13.490000
2001-03-14,13.160000
2001-03-15,13.005000
2001-03-16,12.720000
2001-03-19,13.115000
2001-03-20,12.485000
2001-03-21,12.545000
2001-03-22,13.120000
2001-03-23,13.400000
2001-03-26,13.225000
2001-03-27,13.650000
2001-03-28,12.640000
2001-03-29,12.475000
2001-03-30,12.400000
2001-04-02,12.100000
2001-04-03,11.290000
2001-04-04,11.075000
2001-04-05,12.245000
2001-04-06,11.675000
2001-04-09,11.705000
2001-04-10,12.490000
2001-04-11,12.945000
2001-04-12,13.270000
2001-04-16,12.950000
2001-04-17,13.085000
2001-04-18,14.275000
2001-04-19,15.175000
2001-04-20,15.000000
2001-04-23,14.170000
2001-04-24,13.950000
2001-04-25,14.195000
2001-04-26,13.995000
2001-04-27,14.185000
2001-04-30,14.405000
2001-05-01,14.750000
2001-05-02,15.045000
2001-05-03,14.565000
2001-05-04,14.775000
2001-05-07,14.760000
2001-05-08,14.825000
2001-05-09,14.620000
2001-05-10,14.405000
2001-05-11,14.250000
2001-05-14,14.050000
2001-05-15,14.025000
2001-05-16,14.595000
2001-05-17,14.680000
2001-05-18,14.745000
2001-05-21,15.400000
2001-05-22,15.370000
2001-05-23,14.995000
2001-05-24,15.110000
2001-05-25,14.825000
2001-05-29,14.270000
2001-05-30,13.690000
2001-05-31,13.815000
2001-06-01,14.050000
2001-06-04,14.020000
2001-06-05,14.575000
2001-06-06,14.435000
2001-06-07,14.845000
2001-06-08,14.515000
2001-06-11,14.275000
2001-06-12,14.165000
2001-06-13,13.845000
2001-06-14,13.350000
2001-06-15,13.225000
2001-06-18,12.895000
2001-06-19,12.945000
2001-06-20,13.080000
2001-06-21,13.325000
2001-06-22,13.200000
2001-06-25,13.390000
2001-06-26,13.465000
2001-06-27,13.495000
2001-06-28,13.760000
2001-06-29,14.085000
2001-07-02,14.075000
2001-07-03,14.025000
2001-07-05,13.575000
2001-07-06,12.950000
2001-07-09,13.115000
2001-07-10,12.715000
2001-07-11,12.780000
2001-07-12,13.630000
2001-07-13,13.670000
2001-07-16,13.340000
2001-07-17,13.500000
2001-07-18,12.985000
2001-07-19,13.225000
2001-07-20,13.150000
2001-07-23,12.830000
2001-07-24,12.660000
2001-07-25,12.930000
2001-07-26,13.175000
2001-07-27,13.155000
2001-07-30,13.115000
2001-07-31,13.110000
2001-08-01,13.460000
2001-08-02,13.645000
2001-08-03,13.450000
2001-08-06,13.285000
2001-08-07,13.210000
2001-08-08,12.785000
2001-08-09,12.790000
2001-08-10,12.770000
2001-08-13,12.820000
2001-08-14,12.655000
2001-08-15,12.370000
2001-08-16,12.435000
2001-08-17,12.065000
2001-08-20,12.145000
2001-08-21,11.790000
2001-08-22,11.910000
2001-08-23,11.900000
2001-08-24,12.480000
2001-08-27,12.450000
2001-08-28,12.105000
2001-08-29,11.875000
2001-08-30,11.415000
2001-08-31,11.510000
2001-09-04,11.260000
2001-09-05,11.165000
2001-09-06,10.635000
2001-09-07,10.510000
2001-09-10,10.735000
2001-09-17,10.050000
2001-09-18,9.960000
2001-09-19,9.870000
2001-09-20,9.440000
2001-09-21,9.170000
2001-09-24,9.685000
2001-09-25,9.775000
2001-09-26,9.445000
2001-09-27,9.370000
2001-09-28,9.625000
2001-10-01,9.500000
2001-10-02,9.490000
2001-10-03,10.125000
2001-10-04,10.340000
2001-10-05,10.335000
2001-10-08,10.405000
2001-10-09,10.165000
2001-10-10,10.480000
2001-10-11,10.985000
2001-10-12,10.960000
2001-10-15,10.885000
2001-10-16,11.000000
2001-10-17,10.500000
2001-10-18,10.475000
2001-10-19,10.615000
2001-10-22,10.865000
2001-10-23,10.875000
2001-10-24,11.010000
2001-10-25,11.275000
2001-10-26,11.290000
2001-10-29,10.750000
2001-10-30,10.530000
2001-10-31,10.675000
2001-11-01,11.045000
2001-11-02,11.060000
2001-11-05,11.400000
2001-11-06,11.800000
2001-11-07,11.750000
2001-11-08,11.810000
2001-11-09,11.765000
2001-11-12,11.855000
2001-11-13,12.275000
2001-11-14,12.340000
2001-11-15,12.265000
2001-11-16,12.225000
2001-11-19,12.480000
2001-11-20,12.130000
2001-11-21,12.010000
2001-11-23,12.195000
2001-11-26,12.405000
2001-11-27,12.365000
2001-11-28,11.975000
2001-11-29,12.295000
2001-11-30,12.270000
2001-12-03,12.095000
2001-12-04,12.475000
2001-12-05,13.075000
2001-12-06,13.040000
2001-12-07,12.800000
2001-12-10,12.520000
2001-12-11,12.610000
2001-12-12,12.660000
2001-12-13,12.210000
2001-12-14,12.260000
2001-12-17,12.495000
2001-12-18,12.545000
2001-12-19,12.365000
2001-12-20,11.940000
2001-12-21,12.100000
2001-12-24,12.055000
2001-12-26,12.150000
2001-12-27,12.255000
2001-12-28,12.280000
2001-12-31,12.000000
2002-01-02,12.300000
2002-01-03,12.840000
2002-01-04,12.920000
2002-01-07,12.780000
2002-01-08,12.875000
2002-01-09,12.775000
2002-01-10,12.670000
2002-01-11,12.550000
2002-01-14,12.355000
2002-01-15,12.435000
2002-01-16,12.130000
2002-01-17,12.430000
2002-01-18,12.015000
2002-01-22,11.585000
2002-01-23,11.760000
2002-01-24,11.935000
2002-01-25,11.890000
2002-01-28,11.975000
2002-01-29,11.550000
2002-01-30,11.700000
2002-01-31,11.870000
2002-02-01,11.650000
2002-02-04,11.320000
2002-02-05,11.145000
2002-02-06,11.080000
2002-02-07,10.915000
2002-02-08,11.125000
2002-02-11,11.375000
2002-02-12,11.190000
2002-02-13,11.370000
2002-02-14,11.250000
2002-02-15,10.925000
2002-02-19,10.540000
2002-02-20,10.670000
2002-02-21,10.175000
2002-02-22,10.240000
2002-02-25,10.585000
2002-02-26,10.520000
2002-02-27,10.445000
2002-02-28,10.325000
2002-03-01,10.845000
2002-03-04,11.240000
2002-03-05,11.275000
2002-03-06,11.385000
2002-03-07,11.345000
2002-03-08,11.645000
2002-03-11,11.680000
2002-03-12,11.430000
2002-03-13,11.130000
2002-03-14,11.000000
2002-03-15,11.080000
2002-03-18,11.115000
2002-03-19,11.160000
2002-03-20,10.820000
2002-03-21,11.035000
2002-03-22,10.875000
2002-03-25,10.630000
2002-03-26,10.710000
2002-03-27,10.705000
2002-03-28,10.835000
2002-04-01,10.955000
2002-04-02,10.635000
2002-04-03,10.470000
2002-04-04,10.515000
2002-04-05,10.350000
2002-04-08,10.300000
2002-04-09,10.040000
2002-04-10,10.070000
2002-04-11,9.735000
2002-04-12,9.900000
2002-04-15,9.925000
2002-04-16,10.375000
2002-04-17,10.415000
2002-04-18,10.305000
2002-04-19,10.275000
2002-04-22,10.020000
2002-04-23,9.815000
2002-04-24,9.665000
2002-04-25,9.730000
2002-04-26,9.400000
2002-04-29,9.340000
2002-04-30,9.525000
2002-05-01,9.445000
2002-05-02,9.205000
2002-05-03,8.985000
2002-05-06,8.730000
2002-05-07,8.730000
2002-05-08,9.635000
2002-05-09,9.320000
2002-05-10,9.000000
2002-05-13,9.355000
2002-05-14,9.805000
2002-05-15,9.775000
2002-05-16,9.920000
2002-05-17,9.970000
2002-05-20,9.710000
2002-05-21,9.470000
2002-05-22,9.585000
2002-05-23,9.660000
2002-05-24,9.450000
2002-05-28,9.365000
2002-05-29,9.190000
2002-05-30,9.235000
2002-05-31,9.130000
2002-06-03,8.860000
2002-06-04,8.985000
2002-06-05,9.095000
2002-06-06,8.875000
2002-06-07,8.680000
2002-06-10,8.600000
2002-06-11,8.410000
2002-06-12,8.580000
2002-06-13,8.435000
2002-06-14,8.420000
2002-06-17,8.705000
2002-06-18,8.610000
2002-06-19,8.270000
2002-06-20,8.080000
2002-06-21,7.850000
2002-06-24,7.985000
2002-06-25,7.710000
2002-06-26,7.715000
2002-06-27,7.920000
2002-06-28,7.910000
2002-07-01,7.575000
2002-07-02,7.350000
2002-07-03,7.620000
2002-07-05,8.030000
2002-07-08,7.790000
2002-07-09,7.675000
2002-07-10,7.470000
2002-07-11,7.745000
2002-07-12,7.710000
2002-07-15,7.860000
2002-07-16,7.770000
2002-07-17,7.825000
2002-07-18,7.660000
2002-07-19,7.420000
2002-07-22,7.030000
2002-07-23,6.680000
2002-07-24,7.025000
2002-07-25,6.605000
2002-07-26,6.695000
2002-07-29,7.090000
2002-07-30,7.200000
2002-07-31,7.160000
2002-08-01,6.845000
2002-08-02,6.700000
2002-08-05,6.410000
2002-08-06,6.680000
2002-08-07,6.800000
2002-08-08,7.050000
2002-08-09,7.025000
2002-08-12,6.960000
2002-08-13,6.800000
2002-08-14,7.225000
2002-08-15,7.325000
2002-08-16,7.500000
2002-08-19,7.775000
2002-08-20,7.555000
2002-08-21,7.790000
2002-08-22,7.880000
2002-08-23,7.595000
2002-08-26,7.645000
2002-08-27,7.390000
2002-08-28,7.185000
2002-08-29,7.285000
2002-08-30,7.100000
2002-09-03,6.750000
2002-09-04,6.960000
2002-09-05,6.725000
2002-09-06,6.950000
2002-09-09,7.025000
2002-09-10,7.145000
2002-09-11,7.185000
2002-09-12,6.920000
2002-09-13,6.950000
2002-09-16,6.835000
2002-09-17,6.750000
2002-09-18,6.680000
2002-09-19,6.380000
2002-09-20,6.415000
2002-09-23,6.215000
2002-09-24,6.115000
2002-09-25,6.350000
2002-09-26,6.275000
2002-09-27,6.120000
2002-09-30,5.915000
2002-10-01,6.235000
2002-10-02,6.095000
2002-10-03,6.080000
2002-10-04,5.950000
2002-10-07,5.845000
2002-10-08,5.845000
2002-10-09,5.790000
2002-10-10,6.095000
2002-10-11,6.480000
2002-10-14,6.490000
2002-10-15,6.900000
2002-10-16,6.525000
2002-10-17,6.800000
2002-10-18,6.890000
2002-10-21,7.030000
2002-10-22,7.000000
2002-10-23,7.190000
2002-10-24,7.075000
2002-10-25,7.265000
2002-10-28,7.250000
2002-10-29,7.130000
2002-10-30,7.375000
2002-10-31,7.380000
2002-11-01,7.600000
2002-11-04,7.895000
2002-11-05,7.845000
2002-11-06,7.970000
2002-11-07,7.655000
2002-11-08,7.600000
2002-11-11,7.335000
2002-11-12,7.540000
2002-11-13,7.575000
2002-11-14,7.880000
2002-11-15,7.895000
2002-11-18,7.805000
2002-11-19,7.680000
2002-11-20,8.000000
2002-11-21,8.415000
2002-11-22,8.385000
2002-11-25,8.510000
2002-11-26,8.265000
2002-11-27,8.600000
2002-11-29,8.550000
2002-12-02,8.575000
2002-12-03,8.275000
2002-12-04,8.150000
2002-12-05,7.970000
2002-12-06,8.045000
2002-12-09,7.665000
2002-12-10,7.790000
2002-12-11,7.850000
2002-12-12,7.815000
2002-12-13,7.640000
2002-12-16,7.900000
2002-12-17,7.860000
2002-12-18,7.645000
2002-12-19,7.615000
2002-12-20,7.675000
2002-12-23,7.770000
2002-12-24,7.690000
2002-12-26,7.650000
2002-12-27,7.515000
2002-12-30,7.440000
2002-12-31,7.400000
2003-01-02,7.800000
2003-01-03,7.830000
2003-01-06,8.175000
2003-01-07,8.260000
2003-01-08,7.990000
2003-01-09,8.225000
2003-01-10,8.270000
2003-01-13,8.225000
2003-01-14,8.340000
2003-01-15,8.175000
2003-01-16,8.000000
2003-01-17,7.610000
2003-01-21,7.560000
2003-01-22,7.510000
2003-01-23,7.640000
2003-01-24,7.340000
2003-01-27,7.260000
2003-01-28,7.360000
2003-01-29,7.465000
2003-01-30,7.235000
2003-01-31,7.225000
2003-02-03,7.290000
2003-02-04,7.165000
2003-02-05,7.140000
2003-02-06,7.100000
2003-02-07,7.020000
2003-02-10,7.095000
2003-02-11,7.070000
2003-02-12,6.975000
2003-02-13,6.995000
2003-02-14,7.215000
2003-02-18,7.450000
2003-02-19,7.400000
2003-02-20,7.285000
2003-02-21,7.375000
2003-02-24,7.250000
2003-02-25,7.270000
2003-02-26,7.080000
2003-02-27,7.150000
2003-02-28,7.260000
2003-03-03,7.135000
2003-03-04,7.055000
2003-03-05,7.125000
2003-03-06,7.035000
2003-03-07,7.000000
2003-03-10,6.855000
2003-03-11,6.820000
2003-03-12,6.910000
2003-03-13,7.280000
2003-03-14,7.305000
2003-03-17,7.640000
2003-03-18,7.675000
2003-03-19,7.660000
2003-03-20,7.650000
2003-03-21,7.765000
2003-03-24,7.450000
2003-03-25,7.555000
2003-03-26,7.530000
2003-03-27,7.445000
2003-03-28,7.350000
2003-03-31,7.150000
2003-04-01,7.235000
2003-04-02,7.545000
2003-04-03,7.525000
2003-04-04,7.440000
2003-04-07,7.460000
2003-04-08,7.385000
2003-04-09,7.225000
2003-04-10,7.270000
2003-04-11,7.205000
2003-04-14,7.380000
2003-04-15,7.395000
2003-04-16,7.450000
2003-04-17,7.605000
2003-04-21,7.575000
2003-04-22,7.740000
2003-04-23,7.870000
2003-04-24,7.800000
2003-04-25,7.655000
2003-04-28,7.815000
2003-04-29,7.895000
2003-04-30,7.805000
2003-05-01,7.880000
2003-05-02,8.045000
2003-05-05,8.025000
2003-05-06,8.170000
2003-05-07,8.070000
2003-05-08,7.940000
2003-05-09,8.160000
2003-05-12,8.285000
2003-05-13,8.270000
2003-05-14,8.240000
2003-05-15,8.325000
2003-05-16,8.250000
2003-05-19,7.950000
2003-05-20,7.965000
2003-05-21,7.975000
2003-05-22,8.060000
2003-05-23,8.070000
2003-05-27,8.280000
2003-05-28,8.335000
2003-05-29,8.355000
2003-05-30,8.475000
2003-06-02,8.430000
2003-06-03,8.505000
2003-06-04,8.685000
2003-06-05,8.685000
2003-06-06,8.600000
2003-06-09,8.475000
2003-06-10,8.595000
2003-06-11,8.650000
2003-06-12,8.690000
2003-06-13,8.500000
2003-06-16,8.710000
2003-06-17,8.750000
2003-06-18,8.835000
2003-06-19,8.770000
2003-06-20,8.760000
2003-06-23,8.585000
2003-06-24,8.550000
2003-06-25,8.465000
2003-06-26,8.625000
2003-06-27,8.560000
2003-06-30,8.535000
2003-07-01,8.655000
2003-07-02,8.835000
2003-07-03,8.730000
2003-07-07,9.030000
2003-07-08,9.100000
2003-07-09,9.090000
2003-07-10,8.880000
2003-07-11,9.005000
2003-07-14,9.045000
2003-07-15,9.060000
2003-07-16,9.030000
2003-07-17,8.755000
2003-07-18,8.775000
2003-07-21,8.580000
2003-07-22,8.765000
2003-07-23,8.815000
2003-07-24,8.690000
2003-07-25,8.875000
2003-07-28,8.890000
2003-07-29,8.805000
2003-07-30,8.740000
2003-07-31,8.800000
2003-08-01,8.755000
2003-08-04,8.830000
2003-08-05,8.610000
2003-08-06,8.530000
2003-08-07,8.505000
2003-08-08,8.495000
2003-08-11,8.535000
2003-08-12,8.665000
2003-08-13,8.650000
2003-08-14,8.725000
2003-08-15,8.685000
2003-08-18,8.940000
2003-08-19,9.060000
2003-08-20,9.010000
2003-08-21,9.095000
2003-08-22,9.080000
2003-08-25,9.025000
2003-08-26,9.075000
2003-08-27,9.135000
2003-08-28,9.190000
2003-08-29,9.220000
2003-09-02,9.420000
2003-09-03,9.520000
2003-09-04,9.610000
2003-09-05,9.560000
2003-09-08,9.735000
2003-09-09,9.630000
2003-09-10,9.345000
2003-09-11,9.455000
2003-09-12,9.465000
2003-09-15,9.410000
2003-09-16,9.650000
2003-09-17,9.635000
2003-09-18,9.770000
2003-09-19,9.780000
2003-09-22,9.595000
2003-09-23,9.650000
2003-09-24,9.320000
2003-09-25,9.250000
2003-09-26,9.200000
2003-09-29,9.350000
2003-09-30,9.140000
2003-10-01,9.340000
2003-10-02,9.320000
2003-10-03,9.605000
2003-10-06,9.655000
2003-10-07,9.720000
2003-10-08,9.650000
2003-10-09,9.690000
2003-10-10,9.770000
2003-10-13,9.800000
2003-10-14,9.775000
2003-10-15,9.835000
2003-10-16,9.870000
2003-10-17,9.710000
2003-10-20,9.825000
2003-10-21,9.880000
2003-10-22,9.735000
2003-10-23,9.660000
2003-10-24,9.515000
2003-10-27,9.565000
2003-10-28,9.795000
2003-10-29,9.810000
2003-10-30,9.800000
2003-10-31,9.810000
2003-11-03,10.040000
2003-11-04,9.955000
2003-11-05,9.985000
2003-11-06,10.065000
2003-11-07,10.025000
2003-11-10,9.895000
2003-11-11,9.870000
2003-11-12,10.080000
2003-11-13,9.995000
2003-11-14,9.860000
2003-11-17,9.725000
2003-11-18,9.605000
2003-11-19,9.710000
2003-11-20,9.560000
2003-11-21,9.640000
2003-11-24,9.885000
2003-11-25,9.875000
2003-11-26,9.915000
2003-11-28,9.950000
2003-12-01,10.050000
2003-12-02,10.005000
2003-12-03,9.970000
2003-12-04,10.095000
2003-12-05,9.915000
2003-12-08,9.940000
2003-12-09,9.725000
2003-12-10,9.780000
2003-12-11,9.965000
2003-12-12,9.975000
2003-12-15,9.850000
2003-12-16,9.900000
2003-12-17,9.885000
2003-12-18,10.050000
2003-12-19,9.945000
2003-12-22,9.960000
2003-12-23,10.040000
2003-12-24,10.020000
2003-12-26,10.040000
2003-12-29,10.220000
2003-12-30,10.205000
2003-12-31,10.190000
2004-01-02,10.240000
2004-01-05,10.490000
2004-01-06,10.585000
2004-01-07,10.635000
2004-01-08,10.845000
2004-01-09,10.700000
2004-01-12,10.865000
2004-01-13,10.710000
2004-01-14,10.840000
2004-01-15,10.885000
2004-01-16,11.025000
2004-01-20,11.050000
2004-01-21,10.965000
2004-01-22,10.860000
2004-01-23,10.825000
2004-01-26,11.025000
2004-01-27,10.855000
2004-01-28,10.675000
2004-01-29,10.620000
2004-01-30,10.625000
2004-02-02,10.625000
2004-02-03,10.640000
2004-02-04,10.380000
2004-02-05,10.395000
2004-02-06,10.615000
2004-02-09,10.535000
2004-02-10,10.620000
2004-02-11,10.705000
2004-02-12,10.605000
2004-02-13,10.540000
2004-02-17,10.695000
2004-02-18,10.645000
2004-02-19,10.485000
2004-02-20,10.435000
2004-02-23,10.295000
2004-02-24,10.305000
2004-02-25,10.385000
2004-02-26,10.410000
2004-02-27,10.355000
2004-03-01,10.480000
2004-03-02,10.440000
2004-03-03,10.390000
2004-03-04,10.480000
2004-03-05,10.400000
2004-03-08,10.175000
2004-03-09,10.175000
2004-03-10,9.995000
2004-03-11,9.885000
2004-03-12,10.080000
2004-03-15,9.890000
2004-03-16,9.950000
2004-03-17,10.075000
2004-03-18,10.010000
2004-03-19,9.875000
2004-03-22,9.715000
2004-03-23,9.700000
2004-03-24,9.750000
2004-03-25,10.060000
2004-03-26,10.000000
2004-03-29,10.130000
2004-03-30,10.145000
2004-03-31,10.080000
2004-04-01,10.185000
2004-04-02,10.440000
2004-04-05,10.530000
2004-04-06,10.420000
2004-04-07,10.355000
2004-04-08,10.375000
2004-04-12,10.400000
2004-04-13,10.270000
2004-04-14,10.260000
2004-04-15,10.140000
2004-04-16,10.045000
2004-04-19,10.160000
2004-04-20,9.940000
2004-04-21,10.090000
2004-04-22,10.245000
2004-04-23,10.380000
2004-04-26,10.255000
2004-04-27,10.225000
2004-04-28,10.050000
2004-04-29,9.900000
2004-04-30,9.695000
2004-05-03,9.750000
2004-05-04,9.845000
2004-05-05,9.895000
2004-05-06,9.850000
2004-05-07,9.800000
2004-05-10,9.760000
2004-05-11,9.890000
2004-05-12,9.860000
2004-05-13,9.860000
2004-05-14,9.725000
2004-05-17,9.620000
2004-05-18,9.715000
2004-05-19,9.760000
2004-05-20,9.755000
2004-05-21,9.785000
2004-05-24,9.800000
2004-05-25,9.985000
2004-05-26,9.965000
2004-05-27,10.025000
2004-05-28,10.075000
2004-06-01,10.005000
2004-06-02,10.005000
2004-06-03,9.875000
2004-06-04,9.970000
2004-06-07,10.200000
2004-06-08,10.255000
2004-06-09,10.140000
2004-06-10,10.195000
2004-06-14,10.055000
2004-06-15,10.205000
2004-06-16,10.160000
2004-06-17,10.045000
2004-06-18,10.065000
2004-06-21,10.020000
2004-06-22,10.125000
2004-06-23,10.265000
2004-06-24,10.215000
2004-06-25,10.255000
2004-06-28,10.175000
2004-06-29,10.280000
2004-06-30,10.350000
2004-07-01,10.160000
2004-07-02,10.050000
2004-07-06,9.835000
2004-07-07,9.900000
2004-07-08,9.735000
2004-07-09,9.815000
2004-07-12,9.800000
2004-07-13,9.755000
2004-07-14,9.600000
2004-07-15,9.550000
2004-07-16,9.450000
2004-07-19,9.480000
2004-07-20,9.635000
2004-07-21,9.490000
2004-07-22,9.590000
2004-07-23,9.425000
2004-07-26,9.480000
2004-07-27,9.570000
2004-07-28,9.565000
2004-07-29,9.700000
2004-07-30,9.720000
2004-08-02,9.745000
2004-08-03,9.585000
2004-08-04,9.600000
2004-08-05,9.455000
2004-08-06,9.170000
2004-08-09,9.230000
2004-08-10,9.390000
2004-08-11,9.155000
2004-08-12,8.975000
2004-08-13,9.025000
2004-08-16,9.105000
2004-08-17,9.165000
2004-08-18,9.315000
2004-08-19,9.285000
2004-08-20,9.330000
2004-08-23,9.375000
2004-08-24,9.325000
2004-08-25,9.430000
2004-08-26,9.380000
2004-08-27,9.420000
2004-08-30,9.325000
2004-08-31,9.290000
2004-09-01,9.360000
2004-09-02,9.470000
2004-09-03,9.265000
2004-09-07,9.305000
2004-09-08,9.315000
2004-09-09,9.455000
2004-09-10,9.615000
2004-09-13,9.660000
2004-09-14,9.700000
2004-09-15,9.545000
2004-09-16,9.565000
2004-09-17,9.630000
2004-09-20,9.665000
2004-09-21,9.700000
2004-09-22,9.540000
2004-09-23,9.565000
2004-09-24,9.485000
2004-09-27,9.400000
2004-09-28,9.425000
2004-09-29,9.525000
2004-09-30,9.560000
2004-10-01,9.800000
2004-10-04,9.880000
2004-10-05,9.950000
2004-10-06,10.015000
2004-10-07,9.910000
2004-10-08,9.770000
2004-10-11,9.800000
2004-10-12,9.775000
2004-10-13,9.740000
2004-10-14,9.665000
2004-10-15,9.725000
2004-10-18,9.825000
2004-10-19,9.825000
2004-10-20,9.840000
2004-10-21,9.925000
2004-10-22,9.710000
2004-10-25,9.695000
2004-10-26,9.715000
2004-10-27,9.950000
2004-10-28,9.975000
2004-10-29,9.980000
2004-11-01,10.060000
2004-11-02,10.075000
2004-11-03,10.130000
2004-11-04,10.245000
2004-11-05,10.335000
2004-11-08,10.350000
2004-11-09,10.345000
2004-11-10,10.255000
2004-11-11,10.385000
2004-11-12,10.530000
2004-11-15,10.590000
2004-11-16,10.510000
2004-11-17,10.630000
2004-11-18,10.670000
2004-11-19,10.505000
2004-11-22,10.520000
2004-11-23,10.475000
2004-11-24,10.560000
2004-11-26,10.545000
2004-11-29,10.550000
2004-11-30,10.490000
2004-12-01,10.705000
2004-12-02,10.735000
2004-12-03,10.810000
2004-12-06,10.855000
2004-12-07,10.710000
2004-12-08,10.700000
2004-12-09,10.695000
2004-12-10,10.640000
2004-12-13,10.765000
2004-12-14,10.785000
2004-12-15,10.785000
2004-12-16,10.740000
2004-12-17,10.480000
2004-12-20,10.420000
2004-12-21,10.535000
2004-12-22,10.555000
2004-12-23,10.580000
2004-12-27,10.515000
2004-12-28,10.570000
2004-12-29,10.570000
2004-12-30,10.575000
2004-12-31,10.555000
2005-01-03,10.465000
2005-01-04,10.270000
2005-01-05,10.235000
2005-01-06,10.205000
2005-01-07,10.225000
2005-01-10,10.225000
2005-01-11,10.125000
2005-01-12,10.180000
2005-01-13,10.080000
2005-01-14,10.110000
2005-01-18,10.220000
2005-01-19,10.005000
2005-01-20,9.935000
2005-01-21,9.865000
2005-01-24,9.785000
2005-01-25,9.800000
2005-01-26,9.900000
2005-01-27,9.890000
2005-01-28,9.890000
2005-01-31,9.960000
2005-02-01,10.020000
2005-02-02,10.025000
2005-02-03,9.960000
2005-02-04,10.130000
2005-02-07,10.100000
2005-02-08,10.150000
2005-02-09,9.975000
2005-02-10,9.995000
2005-02-11,10.090000
2005-02-14,10.110000
2005-02-15,10.160000
2005-02-16,10.125000
2005-02-17,9.960000
2005-02-18,9.940000
2005-02-22,9.885000
2005-02-23,9.855000
2005-02-24,9.940000
2005-02-25,10.005000
2005-02-28,9.975000
2005-03-01,10.095000
2005-03-02,10.070000
2005-03-03,9.995000
2005-03-04,10.060000
2005-03-07,10.135000
2005-03-08,10.050000
2005-03-09,10.030000
2005-03-10,10.075000
2005-03-11,9.945000
2005-03-14,9.985000
2005-03-15,9.885000
2005-03-16,9.785000
2005-03-17,9.780000
2005-03-18,9.725000
2005-03-21,9.725000
2005-03-22,9.640000
2005-03-23,9.680000
2005-03-24,9.685000
2005-03-28,9.695000
2005-03-29,9.620000
2005-03-30,9.765000
2005-03-31,9.780000
2005-04-01,9.695000
2005-04-04,9.730000
2005-04-05,9.750000
2005-04-06,9.735000
2005-04-07,9.865000
2005-04-08,9.795000
2005-04-11,9.740000
2005-04-12,9.800000
2005-04-13,9.660000
2005-04-14,9.525000
2005-04-15,9.235000
2005-04-18,9.245000
2005-04-19,9.360000
2005-04-20,9.275000
2005-04-21,9.525000
2005-04-22,9.410000
2005-04-25,9.475000
2005-04-26,9.410000
2005-04-27,9.445000
2005-04-28,9.350000
2005-04-29,9.435000
2005-05-02,9.425000
2005-05-03,9.490000
2005-05-04,9.555000
2005-05-05,9.540000
2005-05-06,9.565000
2005-05-09,9.605000
2005-05-10,9.505000
2005-05-11,9.550000
2005-05-12,9.560000
2005-05-13,9.680000
2005-05-16,9.770000
2005-05-17,9.805000
2005-05-18,9.945000
2005-05-19,10.000000
2005-05-20,10.015000
2005-05-23,10.050000
2005-05-24,10.100000
2005-05-25,10.055000
2005-05-26,10.170000
2005-05-27,10.155000
2005-05-31,10.090000
2005-06-01,10.190000
2005-06-02,10.235000
2005-06-03,10.125000
2005-06-06,10.110000
2005-06-07,10.070000
2005-06-08,10.090000
2005-06-09,10.140000
2005-06-10,10.085000
2005-06-13,10.125000
2005-06-14,10.065000
2005-06-15,10.125000
2005-06-16,10.145000
2005-06-17,10.150000
2005-06-20,10.135000
2005-06-21,10.180000
2005-06-22,10.200000
2005-06-23,10.120000
2005-06-24,9.995000
2005-06-27,9.915000
2005-06-28,10.040000
2005-06-29,10.055000
2005-06-30,9.960000
2005-07-01,9.985000
2005-07-05,10.050000
2005-07-06,10.025000
2005-07-07,10.045000
2005-07-08,10.225000
2005-07-11,10.330000
2005-07-12,10.385000
2005-07-13,10.430000
2005-07-14,10.520000
2005-07-15,10.515000
2005-07-18,10.455000
2005-07-19,10.610000
2005-07-20,10.575000
2005-07-21,10.505000
2005-07-22,10.480000
2005-07-25,10.425000
2005-07-26,10.505000
2005-07-27,10.575000
2005-07-28,10.580000
2005-07-29,10.525000
2005-08-01,10.530000
2005-08-02,10.635000
2005-08-03,10.705000
2005-08-04,10.605000
2005-08-05,10.580000
2005-08-08,10.495000
2005-08-09,10.575000
2005-08-10,10.455000
2005-08-11,10.535000
2005-08-12,10.395000
2005-08-15,10.450000
2005-08-16,10.350000
2005-08-17,10.440000
2005-08-18,10.370000
2005-08-19,10.380000
2005-08-22,10.400000
2005-08-23,10.395000
2005-08-24,10.330000
2005-08-25,10.335000
2005-08-26,10.300000
2005-08-29,10.370000
2005-08-30,10.370000
2005-08-31,10.425000
2005-09-01,10.400000
2005-09-02,10.370000
2005-09-06,10.490000
2005-09-07,10.490000
2005-09-08,10.515000
2005-09-09,10.525000
2005-09-12,10.550000
2005-09-13,10.560000
2005-09-14,10.450000
2005-09-15,10.425000
2005-09-16,10.490000
2005-09-19,10.405000
2005-09-20,10.365000
2005-09-21,10.240000
2005-09-22,10.280000
2005-09-23,10.285000
2005-09-26,10.270000
2005-09-27,10.235000
2005-09-28,10.300000
2005-09-29,10.380000
2005-09-30,10.450000
2005-10-03,10.435000
2005-10-04,10.340000
2005-10-05,10.195000
2005-10-06,10.080000
2005-10-07,10.105000
2005-10-10,10.035000
2005-10-11,9.960000
2005-10-12,9.895000
2005-10-13,9.965000
2005-10-14,10.005000
2005-10-17,9.995000
2005-10-18,9.975000
2005-10-19,10.100000
2005-10-20,10.025000
2005-10-21,10.085000
2005-10-24,10.215000
2005-10-25,10.145000
2005-10-26,10.120000
2005-10-27,10.010000
2005-10-28,10.105000
2005-10-31,10.210000
2005-11-01,10.190000
2005-11-02,10.305000
2005-11-03,10.400000
2005-11-04,10.445000
2005-11-07,10.465000
2005-11-08,10.470000
2005-11-09,10.460000
2005-11-10,10.550000
2005-11-11,10.575000
2005-11-14,10.585000
2005-11-15,10.550000
2005-11-16,10.590000
2005-11-17,10.715000
2005-11-18,10.775000
2005-11-21,10.770000
2005-11-22,10.840000
2005-11-23,10.900000
2005-11-25,10.930000
2005-11-28,10.890000
2005-11-29,10.890000
2005-11-30,10.855000
2005-12-01,11.020000
2005-12-02,11.010000
2005-12-05,10.955000
2005-12-06,10.970000
2005-12-07,10.950000
2005-12-08,10.870000
2005-12-09,10.910000
2005-12-12,10.940000
2005-12-13,10.905000
2005-12-14,10.920000
2005-12-15,10.875000
2005-12-16,10.785000
2005-12-19,10.655000
2005-12-20,10.615000
2005-12-21,10.625000
2005-12-22,10.675000
2005-12-23,10.695000
2005-12-27,10.605000
2005-12-28,10.580000
2005-12-29,10.520000
2005-12-30,10.450000
2006-01-03,10.655000
2006-01-04,10.780000
2006-01-05,10.830000
2006-01-06,11.000000
2006-01-09,11.035000
2006-01-10,11.025000
2006-01-11,11.130000
2006-01-12,11.070000
2006-01-13,11.065000
2006-01-17,10.955000
2006-01-18,10.825000
2006-01-19,10.920000
2006-01-20,10.635000
2006-01-23,10.595000
2006-01-24,10.630000
2006-01-25,10.665000
2006-01-26,10.735000
2006-01-27,10.855000
2006-01-30,10.890000
2006-01-31,10.800000
2006-02-01,10.865000
2006-02-02,10.715000
2006-02-03,10.640000
2006-02-06,10.610000
2006-02-07,10.580000
2006-02-08,10.785000
2006-02-09,10.735000
2006-02-10,10.820000
2006-02-13,10.720000
2006-02-14,10.865000
2006-02-15,10.925000
2006-02-16,11.025000
2006-02-17,10.965000
2006-02-21,10.845000
2006-02-22,10.900000
2006-02-23,10.845000
2006-02-24,10.850000
2006-02-27,10.950000
2006-02-28,10.825000
2006-03-01,11.040000
2006-03-02,11.065000
2006-03-03,11.000000
2006-03-06,10.955000
2006-03-07,10.885000
2006-03-08,10.875000
2006-03-09,10.810000
2006-03-10,10.860000
2006-03-13,10.900000
2006-03-14,11.025000
2006-03-15,11.090000
2006-03-16,11.020000
2006-03-17,11.055000
2006-03-20,11.075000
2006-03-21,11.030000
2006-03-22,11.035000
2006-03-23,11.010000
2006-03-24,11.045000
2006-03-27,11.060000
2006-03-28,10.935000
2006-03-29,11.100000
2006-03-30,11.135000
2006-03-31,11.070000
2006-04-03,11.135000
2006-04-04,11.175000
2006-04-05,11.270000
2006-04-06,11.260000
2006-04-07,11.130000
2006-04-10,11.115000
2006-04-11,11.015000
2006-04-12,11.035000
2006-04-13,11.050000
2006-04-17,10.930000
2006-04-18,11.150000
2006-04-19,11.140000
2006-04-20,11.150000
2006-04-21,11.030000
2006-04-24,11.015000
2006-04-25,11.010000
2006-04-26,11.050000
2006-04-27,11.160000
2006-04-28,10.925000
2006-05-01,10.835000
2006-05-02,10.885000
2006-05-03,10.860000
2006-05-04,10.900000
2006-05-05,10.960000
2006-05-08,10.975000
2006-05-09,10.930000
2006-05-10,10.815000
2006-05-11,10.590000
2006-05-12,10.490000
2006-05-15,10.500000
2006-05-16,10.400000
2006-05-17,10.260000
2006-05-18,10.225000
2006-05-19,10.300000
2006-05-22,10.210000
2006-05-23,10.135000
2006-05-24,10.235000
2006-05-25,10.330000
2006-05-26,10.380000
2006-05-30,10.175000
2006-05-31,10.215000
2006-06-01,10.390000
2006-06-02,10.355000
2006-06-05,10.200000
2006-06-06,10.200000
2006-06-07,10.060000
2006-06-08,10.010000
2006-06-09,9.970000
2006-06-12,9.785000
2006-06-13,9.795000
2006-06-14,9.860000
2006-06-15,10.110000
2006-06-16,10.095000
2006-06-19,10.050000
2006-06-20,10.035000
2006-06-21,10.165000
2006-06-22,10.045000
2006-06-23,10.015000
2006-06-26,10.035000
2006-06-27,9.900000
2006-06-28,9.965000
2006-06-29,10.220000
2006-06-30,10.165000
2006-07-03,10.240000
2006-07-05,10.080000
2006-07-06,10.090000
2006-07-07,9.990000
2006-07-10,9.875000
2006-07-11,9.915000
2006-07-12,9.735000
2006-07-13,9.575000
2006-07-14,9.550000
2006-07-17,9.580000
2006-07-18,9.600000
2006-07-19,9.740000
2006-07-20,9.600000
2006-07-21,9.500000
2006-07-24,9.645000
2006-07-25,9.750000
2006-07-26,9.775000
2006-07-27,9.745000
2006-07-28,9.915000
2006-07-31,9.900000
2006-08-01,9.760000
2006-08-02,9.880000
2006-08-03,9.910000
2006-08-04,9.880000
2006-08-07,9.845000
2006-08-08,9.810000
2006-08-09,9.870000
2006-08-10,9.910000
2006-08-11,9.855000
2006-08-14,9.940000
2006-08-15,10.170000
2006-08-16,10.330000
2006-08-17,10.375000
2006-08-18,10.415000
2006-08-21,10.345000
2006-08-22,10.350000
2006-08-23,10.300000
2006-08-24,10.340000
2006-08-25,10.370000
2006-08-28,10.465000
2006-08-29,10.560000
2006-08-30,10.635000
2006-08-31,10.595000
2006-09-01,10.640000
2006-09-05,10.695000
2006-09-06,10.520000
2006-09-07,10.460000
2006-09-08,10.545000
2006-09-11,10.635000
2006-09-12,10.820000
2006-09-13,10.820000
2006-09-14,10.845000
2006-09-15,10.850000
2006-09-18,10.845000
2006-09-19,10.795000
2006-09-20,10.970000
2006-09-21,10.865000
2006-09-22,10.800000
2006-09-25,10.995000
2006-09-26,11.065000
2006-09-27,10.980000
2006-09-28,11.035000
2006-09-29,11.000000
2006-10-02,10.920000
2006-10-03,10.980000
2006-10-04,11.150000
2006-10-05,11.145000
2006-10-06,11.150000
2006-10-09,11.180000
2006-10-10,11.190000
2006-10-11,11.185000
2006-10-12,11.350000
2006-10-13,11.405000
2006-10-16,11.400000
2006-10-17,11.305000
2006-10-18,11.275000
2006-10-19,11.310000
2006-10-20,11.380000
2006-10-23,11.450000
2006-10-24,11.370000
2006-10-25,11.470000
2006-10-26,11.530000
2006-10-27,11.380000
2006-10-30,11.420000
2006-10-31,11.435000
2006-11-01,11.385000
2006-11-02,11.315000
2006-11-03,11.315000
2006-11-06,11.450000
2006-11-07,11.510000
2006-11-08,11.520000
2006-11-09,11.515000
2006-11-10,11.545000
2006-11-13,11.645000
2006-11-14,11.730000
2006-11-15,11.755000
2006-11-16,11.800000
2006-11-17,11.820000
2006-11-20,11.820000
2006-11-21,11.815000
2006-11-22,11.905000
2006-11-24,11.880000
2006-11-27,11.600000
2006-11-28,11.660000
2006-11-29,11.735000
2006-11-30,11.760000
2006-12-01,11.660000
2006-12-04,11.810000
2006-12-05,11.815000
2006-12-06,11.740000
2006-12-07,11.695000
2006-12-08,11.695000
2006-12-11,11.765000
2006-12-12,11.725000
2006-12-13,11.745000
2006-12-14,11.845000
2006-12-15,11.780000
2006-12-18,11.735000
2006-12-19,11.660000
2006-12-20,11.665000
2006-12-21,11.610000
2006-12-22,11.520000
2006-12-26,11.585000
2006-12-27,11.670000
2006-12-28,11.665000
2006-12-29,11.630000
2007-01-03,11.665000
2007-01-04,11.845000
2007-01-05,11.750000
2007-01-08,11.785000
2007-01-09,11.800000
2007-01-10,11.860000
2007-01-11,11.980000
2007-01-12,12.010000
2007-01-16,11.985000
2007-01-17,11.830000
2007-01-18,11.695000
2007-01-19,11.690000
2007-01-22,11.605000
2007-01-23,11.605000
2007-01-24,11.815000
2007-01-25,11.670000
2007-01-26,11.675000
2007-01-29,11.725000
2007-01-30,11.795000
2007-01-31,11.865000
2007-02-01,11.815000
2007-02-02,11.875000
2007-02-05,11.845000
2007-02-06,11.830000
2007-02-07,11.885000
2007-02-08,11.900000
2007-02-09,11.770000
2007-02-12,11.720000
2007-02-13,11.765000
2007-02-14,11.930000
2007-02-15,11.975000
2007-02-16,11.950000
2007-02-20,11.955000
2007-02-21,11.935000
2007-02-22,12.000000
2007-02-23,11.990000
2007-02-26,11.960000
2007-02-27,11.500000
2007-02-28,11.545000
2007-03-01,11.535000
2007-03-02,11.320000
2007-03-05,11.345000
2007-03-06,11.520000
2007-03-07,11.375000
2007-03-08,11.470000
2007-03-09,11.500000
2007-03-12,11.570000
2007-03-13,11.385000
2007-03-14,11.490000
2007-03-15,11.495000
2007-03-16,11.475000
2007-03-19,11.550000
2007-03-20,11.625000
2007-03-21,11.860000
2007-03-22,11.815000
2007-03-23,11.785000
2007-03-26,11.800000
2007-03-27,11.805000
2007-03-28,11.670000
2007-03-29,11.685000
2007-03-30,11.660000
2007-04-02,11.720000
2007-04-03,11.815000
2007-04-04,11.885000
2007-04-05,11.930000
2007-04-09,11.930000
2007-04-10,11.920000
2007-04-11,11.810000
2007-04-12,11.935000
2007-04-13,11.945000
2007-04-16,12.045000
2007-04-17,12.070000
2007-04-18,12.040000
2007-04-19,12.045000
2007-04-20,12.115000
2007-04-23,12.090000
2007-04-24,12.155000
2007-04-25,12.245000
2007-04-26,12.315000
2007-04-27,12.305000
2007-04-30,12.210000
2007-05-01,12.270000
2007-05-02,12.335000
2007-05-03,12.455000
2007-05-04,12.505000
2007-05-07,12.490000
2007-05-08,12.540000
2007-05-09,12.525000
2007-05-10,12.460000
2007-05-11,12.595000
2007-05-14,12.535000
2007-05-15,12.515000
2007-05-16,12.625000
2007-05-17,12.590000
2007-05-18,12.655000
2007-05-21,12.710000
2007-05-22,12.695000
2007-05-23,12.650000
2007-05-24,12.490000
2007-05-25,12.595000
2007-05-29,12.670000
2007-05-30,12.765000
2007-05-31,12.825000
2007-06-01,12.825000
2007-06-04,12.870000
2007-06-05,12.825000
2007-06-06,12.675000
2007-06-07,12.495000
2007-06-08,12.670000
2007-06-11,12.695000
2007-06-12,12.545000
2007-06-13,12.705000
2007-06-14,12.825000
2007-06-15,12.890000
2007-06-18,12.925000
2007-06-19,12.920000
2007-06-20,12.845000
2007-06-21,12.910000
2007-06-22,12.765000
2007-06-25,12.720000
2007-06-26,12.675000
2007-06-27,12.800000
2007-06-28,12.845000
2007-06-29,12.800000
2007-07-02,12.910000
2007-07-03,13.000000
2007-07-05,13.050000
2007-07-06,13.075000
2007-07-09,13.150000
2007-07-10,13.000000
2007-07-11,13.075000
2007-07-12,13.295000
2007-07-13,13.325000
2007-07-16,13.365000
2007-07-17,13.410000
2007-07-18,13.340000
2007-07-19,13.450000
2007-07-20,13.400000
2007-07-23,13.420000
2007-07-24,13.285000
2007-07-25,13.300000
2007-07-26,13.100000
2007-07-27,12.820000
2007-07-30,12.865000
2007-07-31,12.775000
2007-08-01,12.900000
2007-08-02,12.925000
2007-08-03,12.675000
2007-08-06,12.875000
2007-08-07,12.900000
2007-08-08,13.100000
2007-08-09,12.800000
2007-08-10,12.620000
2007-08-13,12.795000
2007-08-14,12.535000
2007-08-15,12.375000
2007-08-16,12.295000
2007-08-17,12.415000
2007-08-20,12.460000
2007-08-21,12.500000
2007-08-22,12.665000
2007-08-23,12.700000
2007-08-24,12.880000
2007-08-27,12.810000
2007-08-28,12.580000
2007-08-29,12.880000
2007-08-30,12.935000
2007-08-31,13.020000
2007-09-04,13.220000
2007-09-05,13.080000
2007-09-06,13.145000
2007-09-07,12.875000
2007-09-10,12.850000
2007-09-11,13.035000
2007-09-12,13.000000
2007-09-13,13.000000
2007-09-14,12.935000
2007-09-17,12.930000
2007-09-18,13.185000
2007-09-19,13.235000
2007-09-20,13.285000
2007-09-21,13.360000
2007-09-24,13.325000
2007-09-25,13.460000
2007-09-26,13.545000
2007-09-27,13.535000
2007-09-28,13.485000
2007-10-01,13.630000
2007-10-02,13.680000
2007-10-03,13.520000
2007-10-04,13.555000
2007-10-05,13.700000
2007-10-08,13.725000
2007-10-09,13.825000
2007-10-10,13.870000
2007-10-11,13.720000
2007-10-12,13.855000
2007-10-15,13.755000
2007-10-16,13.755000
2007-10-17,13.870000
2007-10-18,13.905000
2007-10-19,13.575000
2007-10-22,13.660000
2007-10-23,13.810000
2007-10-24,13.670000
2007-10-25,13.785000
2007-10-26,13.970000
2007-10-29,14.010000
2007-10-30,14.035000
2007-10-31,14.200000
2007-11-01,14.045000
2007-11-02,14.075000
2007-11-05,14.055000
2007-11-06,14.130000
2007-11-07,13.750000
2007-11-08,13.260000
2007-11-09,12.985000
2007-11-12,12.775000
2007-11-13,13.210000
2007-11-14,13.135000
2007-11-15,12.975000
2007-11-16,13.160000
2007-11-19,12.900000
2007-11-20,13.010000
2007-11-21,12.765000
2007-11-23,12.890000
2007-11-26,12.620000
2007-11-27,12.760000
2007-11-28,13.135000
2007-11-29,13.200000
2007-11-30,13.130000
2007-12-03,13.050000
2007-12-04,13.000000
2007-12-05,13.300000
2007-12-06,13.435000
2007-12-07,13.450000
2007-12-10,13.515000
2007-12-11,13.305000
2007-12-12,13.535000
2007-12-13,13.465000
2007-12-14,13.380000
2007-12-17,13.125000
2007-12-18,13.125000
2007-12-19,13.210000
2007-12-20,13.400000
2007-12-21,13.510000
2007-12-24,13.610000
2007-12-26,13.685000
2007-12-27,13.495000
2007-12-28,13.430000
2007-12-31,13.330000
2008-01-02,13.060000
2008-01-03,13.080000
2008-01-04,12.570000
2008-01-07,12.460000
2008-01-08,12.130000
2008-01-09,12.300000
2008-01-10,12.320000
2008-01-11,12.140000
2008-01-14,12.385000
2008-01-15,12.125000
2008-01-16,11.860000
2008-01-17,11.755000
2008-01-18,11.550000
2008-01-22,11.335000
2008-01-23,11.435000
2008-01-24,11.600000
2008-01-25,11.420000
2008-01-28,11.470000
2008-01-29,11.570000
2008-01-30,11.480000
2008-01-31,11.625000
2008-02-01,11.825000
2008-02-04,11.580000
2008-02-05,11.290000
2008-02-06,11.165000
2008-02-07,11.235000
2008-02-08,11.150000
2008-02-11,11.345000
2008-02-12,11.370000
2008-02-13,11.630000
2008-02-14,11.400000
2008-02-15,11.360000
2008-02-19,11.255000
2008-02-20,11.275000
2008-02-21,11.255000
2008-02-22,11.245000
2008-02-25,11.310000
2008-02-26,11.440000
2008-02-27,11.450000
2008-02-28,11.305000
2008-02-29,11.075000
2008-03-03,11.070000
2008-03-04,11.085000
2008-03-05,11.165000
2008-03-06,11.010000
2008-03-07,11.010000
2008-03-10,10.890000
2008-03-11,11.275000
2008-03-12,11.160000
2008-03-13,11.115000
2008-03-14,10.975000
2008-03-17,10.925000
2008-03-18,11.415000
2008-03-19,11.075000
2008-03-20,11.195000
2008-03-24,11.590000
2008-03-25,11.600000
2008-03-26,11.375000
2008-03-27,11.285000
2008-03-28,11.215000
2008-03-31,11.200000
2008-04-01,11.525000
2008-04-02,11.665000
2008-04-03,11.660000
2008-04-04,11.620000
2008-04-07,11.630000
2008-04-08,11.560000
2008-04-09,11.510000
2008-04-10,11.605000
2008-04-11,11.295000
2008-04-14,11.250000
2008-04-15,11.250000
2008-04-16,11.710000
2008-04-17,11.705000
2008-04-18,11.910000
2008-04-21,11.985000
2008-04-22,11.925000
2008-04-23,12.000000
2008-04-24,12.145000
2008-04-25,12.000000
2008-04-28,12.000000
2008-04-29,12.115000
2008-04-30,11.900000
2008-05-01,12.400000
2008-05-02,12.395000
2008-05-05,12.340000
2008-05-06,12.490000
2008-05-07,12.270000
2008-05-08,12.290000
2008-05-09,12.250000
2008-05-12,12.450000
2008-05-13,12.450000
2008-05-14,12.475000
2008-05-15,12.715000
2008-05-16,12.685000
2008-05-19,12.750000
2008-05-20,12.550000
2008-05-21,12.220000
2008-05-22,12.265000
2008-05-23,12.240000
2008-05-27,12.440000
2008-05-28,12.510000
2008-05-29,12.600000
2008-05-30,12.675000
2008-06-02,12.495000
2008-06-03,12.425000
2008-06-04,12.450000
2008-06-05,12.705000
2008-06-06,12.360000
2008-06-09,12.335000
2008-06-10,12.280000
2008-06-11,11.965000
2008-06-12,12.100000
2008-06-13,12.230000
2008-06-16,12.260000
2008-06-17,12.210000
2008-06-18,12.080000
2008-06-19,12.125000
2008-06-20,11.875000
2008-06-23,11.765000
2008-06-24,11.750000
2008-06-25,11.850000
2008-06-26,11.625000
2008-06-27,11.470000
2008-06-30,11.455000
2008-07-01,11.375000
2008-07-02,11.225000
2008-07-03,11.175000
2008-07-07,11.300000
2008-07-08,11.415000
2008-07-09,11.075000
2008-07-10,11.215000
2008-07-11,11.110000
2008-07-14,11.025000
2008-07-15,11.000000
2008-07-16,11.160000
2008-07-17,11.275000
2008-07-18,11.400000
2008-07-21,11.175000
2008-07-22,11.115000
2008-07-23,11.315000
2008-07-24,11.025000
2008-07-25,11.180000
2008-07-28,10.945000
2008-07-29,11.165000
2008-07-30,11.240000
2008-07-31,11.175000
2008-08-01,11.050000
2008-08-04,11.105000
2008-08-05,11.315000
2008-08-06,11.475000
2008-08-07,11.455000
2008-08-08,11.675000
2008-08-11,11.750000
2008-08-12,11.775000
2008-08-13,11.730000
2008-08-14,11.820000
2008-08-15,11.865000
2008-08-18,11.715000
2008-08-19,11.510000
2008-08-20,11.535000
2008-08-21,11.490000
2008-08-22,11.650000
2008-08-25,11.500000
2008-08-26,11.455000
2008-08-27,11.565000
2008-08-28,11.635000
2008-08-29,11.375000
2008-09-02,11.310000
2008-09-03,11.160000
2008-09-04,10.760000
2008-09-05,10.760000
2008-09-08,10.890000
2008-09-09,10.700000
2008-09-10,10.650000
2008-09-11,10.825000
2008-09-12,10.875000
2008-09-15,10.350000
2008-09-16,10.545000
2008-09-17,9.960000
2008-09-18,10.385000
2008-09-19,10.425000
2008-09-22,10.155000
2008-09-23,10.150000
2008-09-24,10.175000
2008-09-25,10.350000
2008-09-26,10.400000
2008-09-29,9.500000
2008-09-30,9.925000
2008-10-01,9.835000
2008-10-02,9.450000
2008-10-03,9.315000
2008-10-06,8.800000
2008-10-07,8.350000
2008-10-08,8.275000
2008-10-09,8.000000
2008-10-10,7.950000
2008-10-13,8.880000
2008-10-14,8.580000
2008-10-15,7.935000
2008-10-16,8.350000
2008-10-17,8.270000
2008-10-20,8.600000
2008-10-21,8.150000
2008-10-22,7.725000
2008-10-23,7.900000
2008-10-24,7.530000
2008-10-27,7.375000
2008-10-28,8.400000
2008-10-29,8.075000
2008-10-30,8.375000
2008-10-31,8.325000
2008-11-03,8.325000
2008-11-04,8.675000
2008-11-05,8.150000
2008-11-06,7.700000
2008-11-07,7.920000
2008-11-10,7.835000
2008-11-11,7.665000
2008-11-12,7.305000
2008-11-13,7.760000
2008-11-14,7.405000
2008-11-17,7.195000
2008-11-18,7.295000
2008-11-19,6.890000
2008-11-20,6.595000
2008-11-21,6.945000
2008-11-24,7.285000
2008-11-25,7.385000
2008-11-26,7.615000
2008-11-28,7.625000
2008-12-01,7.075000
2008-12-02,7.325000
2008-12-03,7.535000
2008-12-04,7.230000
2008-12-05,7.515000
2008-12-08,7.865000
2008-12-09,7.815000
2008-12-10,7.750000
2008-12-11,7.585000
2008-12-12,7.675000
2008-12-15,7.590000
2008-12-16,7.985000
2008-12-17,7.830000
2008-12-18,7.610000
2008-12-19,7.635000
2008-12-22,7.530000
2008-12-23,7.425000
2008-12-24,7.475000
2008-12-26,7.465000
2008-12-29,7.470000
2008-12-30,7.610000
2008-12-31,7.705000
2009-01-02,7.995000
2009-01-05,7.970000
2009-01-06,8.155000
2009-01-07,7.895000
2009-01-08,7.950000
2009-01-09,7.775000
2009-01-12,7.635000
2009-01-13,7.600000
2009-01-14,7.370000
2009-01-15,7.420000
2009-01-16,7.470000
2009-01-20,7.165000
2009-01-21,7.510000
2009-01-22,7.340000
2009-01-23,7.445000
2009-01-26,7.535000
2009-01-27,7.580000
2009-01-28,7.795000
2009-01-29,7.565000
2009-01-30,7.340000
2009-02-02,7.455000
2009-02-03,7.605000
2009-02-04,7.600000
2009-02-05,7.720000
2009-02-06,7.985000
2009-02-09,8.005000
2009-02-10,7.680000
2009-02-11,7.695000
2009-02-12,7.730000
2009-02-13,7.695000
2009-02-17,7.375000
2009-02-18,7.380000
2009-02-19,7.200000
2009-02-20,7.270000
2009-02-23,6.935000
2009-02-24,7.120000
2009-02-25,7.185000
2009-02-26,7.110000
2009-02-27,7.060000
2009-03-02,6.890000
2009-03-03,6.825000
2009-03-04,7.005000
2009-03-05,6.790000
2009-03-06,6.825000
2009-03-09,6.610000
2009-03-10,6.990000
2009-03-11,7.145000
2009-03-12,7.350000
2009-03-13,7.350000
2009-03-16,7.285000
2009-03-17,7.550000
2009-03-18,7.655000
2009-03-19,7.675000
2009-03-20,7.520000
2009-03-23,7.965000
2009-03-24,7.835000
2009-03-25,7.880000
2009-03-26,8.085000
2009-03-27,7.910000
2009-03-30,7.665000
2009-03-31,7.810000
2009-04-01,8.030000
2009-04-02,8.240000
2009-04-03,8.355000
2009-04-06,8.270000
2009-04-07,8.040000
2009-04-08,8.160000
2009-04-09,8.365000
2009-04-13,8.365000
2009-04-14,8.275000
2009-04-15,8.250000
2009-04-16,8.495000
2009-04-17,8.480000
2009-04-20,8.210000
2009-04-21,8.350000
2009-04-22,8.390000
2009-04-23,8.430000
2009-04-24,8.550000
2009-04-27,8.510000
2009-04-28,8.505000
2009-04-29,8.600000
2009-04-30,8.625000
2009-05-01,8.740000
2009-05-04,8.900000
2009-05-05,8.845000
2009-05-06,8.895000
2009-05-07,8.555000
2009-05-08,8.545000
2009-05-11,8.570000
2009-05-12,8.525000
2009-05-13,8.310000
2009-05-14,8.400000
2009-05-15,8.400000
2009-05-18,8.630000
2009-05-19,8.680000
2009-05-20,8.590000
2009-05-21,8.440000
2009-05-22,8.470000
2009-05-26,8.690000
2009-05-27,8.605000
2009-05-28,8.730000
2009-05-29,8.825000
2009-06-01,9.075000
2009-06-02,9.055000
2009-06-03,8.955000
2009-06-04,9.080000
2009-06-05,9.170000
2009-06-08,9.115000
2009-06-09,9.155000
2009-06-10,9.180000
2009-06-11,9.215000
2009-06-12,9.190000
2009-06-15,9.095000
2009-06-16,8.980000
2009-06-17,9.030000
2009-06-18,8.990000
2009-06-19,9.060000
2009-06-22,8.835000
2009-06-23,8.840000
2009-06-24,8.965000
2009-06-25,9.095000
2009-06-26,9.080000
2009-06-29,9.175000
2009-06-30,9.105000
2009-07-01,9.145000
2009-07-02,8.915000
2009-07-06,8.890000
2009-07-07,8.670000
2009-07-08,8.675000
2009-07-09,8.730000
2009-07-10,8.765000
2009-07-13,8.930000
2009-07-14,8.940000
2009-07-15,9.275000
2009-07-16,9.410000
2009-07-17,9.500000
2009-07-20,9.585000
2009-07-21,9.640000
2009-07-22,9.695000
2009-07-23,9.885000
2009-07-24,9.825000
2009-07-27,9.825000
2009-07-28,9.845000
2009-07-29,9.835000
2009-07-30,9.885000
2009-07-31,9.850000
2009-08-03,9.985000
2009-08-04,9.955000
2009-08-05,9.865000
2009-08-06,9.795000
2009-08-07,9.895000
2009-08-10,9.850000
2009-08-11,9.710000
2009-08-12,9.905000
2009-08-13,9.950000
2009-08-14,9.855000
2009-08-17,9.620000
2009-08-18,9.765000
2009-08-19,9.790000
2009-08-20,9.900000
2009-08-21,10.045000
2009-08-24,10.015000
2009-08-25,10.040000
2009-08-26,10.085000
2009-08-27,10.105000
2009-08-28,10.140000
2009-08-31,10.010000
2009-09-01,9.805000
2009-09-02,9.825000
2009-09-03,9.870000
2009-09-04,10.045000
2009-09-08,10.120000
2009-09-09,10.195000
2009-09-10,10.335000
2009-09-11,10.345000
2009-09-14,10.310000
2009-09-15,10.380000
2009-09-16,10.460000
2009-09-17,10.420000
2009-09-18,10.445000
2009-09-21,10.400000
2009-09-22,10.455000
2009-09-23,10.455000
2009-09-24,10.355000
2009-09-25,10.290000
2009-09-28,10.460000
2009-09-29,10.405000
2009-09-30,10.435000
2009-10-01,10.125000
2009-10-02,10.125000
2009-10-05,10.210000
2009-10-06,10.395000
2009-10-07,10.375000
2009-10-08,10.440000
2009-10-09,10.510000
2009-10-12,10.515000
2009-10-13,10.555000
2009-10-14,10.680000
2009-10-15,10.660000
2009-10-16,10.560000
2009-10-19,10.675000
2009-10-20,10.640000
2009-10-21,10.645000
2009-10-22,10.695000
2009-10-23,10.665000
2009-10-26,10.595000
2009-10-27,10.540000
2009-10-28,10.385000
2009-10-29,10.585000
2009-10-30,10.305000
2009-11-02,10.365000
2009-11-03,10.325000
2009-11-04,10.385000
2009-11-05,10.610000
2009-11-06,10.625000
2009-11-09,10.870000
2009-11-10,10.865000
2009-11-11,10.930000
2009-11-12,10.850000
2009-11-13,10.950000
2009-11-16,11.070000
2009-11-17,11.120000
2009-11-18,11.060000
2009-11-19,10.900000
2009-11-20,10.845000
2009-11-23,11.035000
2009-11-24,11.015000
2009-11-25,11.035000
2009-11-27,10.855000
2009-11-30,10.875000
2009-12-01,11.050000
2009-12-02,11.035000
2009-12-03,11.040000
2009-12-04,11.110000
2009-12-07,11.090000
2009-12-08,10.990000
2009-12-09,11.095000
2009-12-10,11.145000
2009-12-11,11.120000
2009-12-14,11.210000
2009-12-15,11.140000
2009-12-16,11.175000
2009-12-17,11.040000
2009-12-18,11.165000
2009-12-21,11.265000
2009-12-22,11.355000
2009-12-23,11.400000
2009-12-24,11.505000
2009-12-28,11.540000
2009-12-29,11.525000
2009-12-30,11.565000
2009-12-31,11.465000
2010-01-04,11.635000
2010-01-05,11.620000
2010-01-06,11.490000
2010-01-07,11.445000
2010-01-08,11.520000
2010-01-11,11.475000
2010-01-12,11.350000
2010-01-13,11.460000
2010-01-14,11.490000
2010-01-15,11.330000
2010-01-19,11.525000
2010-01-20,11.340000
2010-01-21,11.220000
2010-01-22,10.830000
2010-01-25,10.920000
2010-01-26,10.890000
2010-01-27,10.980000
2010-01-28,10.665000
2010-01-29,10.480000
2010-02-01,10.600000
2010-02-02,10.705000
2010-02-03,10.730000
2010-02-04,10.430000
2010-02-05,10.535000
2010-02-08,10.490000
2010-02-09,10.580000
2010-02-10,10.550000
2010-02-11,10.660000
2010-02-12,10.680000
2010-02-16,10.840000
2010-02-17,10.870000
2010-02-18,10.940000
2010-02-19,10.910000
2010-02-22,10.890000
2010-02-23,10.755000
2010-02-24,10.860000
2010-02-25,10.830000
2010-02-26,10.845000
2010-03-01,10.985000
2010-03-02,10.970000
2010-03-03,10.975000
2010-03-04,11.020000
2010-03-05,11.155000
2010-03-08,11.215000
2010-03-09,11.265000
2010-03-10,11.340000
2010-03-11,11.385000
2010-03-12,11.375000
2010-03-15,11.365000
2010-03-16,11.450000
2010-03-17,11.485000
2010-03-18,11.500000
2010-03-19,11.395000
2010-03-22,11.480000
2010-03-23,11.590000
2010-03-24,11.535000
2010-03-25,11.555000
2010-03-26,11.500000
2010-03-29,11.535000
2010-03-30,11.585000
2010-03-31,11.550000
2010-04-01,11.530000
2010-04-05,11.665000
2010-04-06,11.675000
2010-04-07,11.630000
2010-04-08,11.650000
2010-04-09,11.740000
2010-04-12,11.765000
2010-04-13,11.800000
2010-04-14,11.970000
2010-04-15,12.025000
2010-04-16,11.865000
2010-04-19,11.890000
2010-04-20,11.955000
2010-04-21,11.980000
2010-04-22,12.010000
2010-04-23,12.040000
2010-04-26,12.025000
2010-04-27,11.790000
2010-04-28,11.825000
2010-04-29,11.945000
2010-04-30,11.695000
2010-05-03,11.855000
2010-05-04,11.515000
2010-05-05,11.465000
2010-05-06,11.120000
2010-05-07,10.875000
2010-05-10,11.375000
2010-05-11,11.300000
2010-05-12,11.595000
2010-05-13,11.425000
2010-05-14,11.205000
2010-05-17,11.260000
2010-05-18,11.090000
2010-05-19,11.005000
2010-05-20,10.655000
2010-05-21,10.735000
2010-05-24,10.685000
2010-05-25,10.655000
2010-05-26,10.550000
2010-05-27,10.910000
2010-05-28,10.820000
2010-06-01,10.715000
2010-06-02,10.955000
2010-06-03,11.065000
2010-06-04,10.710000
2010-06-07,10.555000
2010-06-08,10.575000
2010-06-09,10.520000
2010-06-10,10.775000
2010-06-11,10.870000
2010-06-14,10.850000
2010-06-15,11.135000
2010-06-16,11.165000
2010-06-17,11.205000
2010-06-18,11.165000
2010-06-21,11.085000
2010-06-22,10.990000
2010-06-23,10.970000
2010-06-24,10.750000
2010-06-25,10.740000
2010-06-28,10.760000
2010-06-29,10.360000
2010-06-30,10.200000
2010-07-01,10.160000
2010-07-02,10.145000
2010-07-06,10.245000
2010-07-07,10.575000
2010-07-08,10.640000
2010-07-09,10.695000
2010-07-12,10.745000
2010-07-13,10.900000
2010-07-14,10.965000
2010-07-15,11.000000
2010-07-16,10.685000
2010-07-19,10.790000
2010-07-20,10.860000
2010-07-21,10.730000
2010-07-22,11.020000
2010-07-23,11.095000
2010-07-26,11.165000
2010-07-27,11.195000
2010-07-28,11.105000
2010-07-29,11.005000
2010-07-30,10.960000
2010-08-02,11.190000
2010-08-03,11.130000
2010-08-04,11.220000
2010-08-05,11.170000
2010-08-06,11.140000
2010-08-09,11.215000
2010-08-10,11.100000
2010-08-11,10.835000
2010-08-12,10.685000
2010-08-13,10.635000
2010-08-16,10.655000
2010-08-17,10.770000
2010-08-18,10.830000
2010-08-19,10.700000
2010-08-20,10.675000
2010-08-23,10.580000
2010-08-24,10.435000
2010-08-25,10.500000
2010-08-26,10.395000
2010-08-27,10.520000
2010-08-30,10.380000
2010-08-31,10.345000
2010-09-01,10.610000
2010-09-02,10.705000
2010-09-03,10.865000
2010-09-07,10.775000
2010-09-08,10.835000
2010-09-09,10.865000
2010-09-10,10.870000
2010-09-13,11.065000
2010-09-14,11.110000
2010-09-15,11.180000
2010-09-16,11.245000
2010-09-17,11.265000
2010-09-20,11.430000
2010-09-21,11.410000
2010-09-22,11.355000
2010-09-23,11.340000
2010-09-24,11.560000
2010-09-27,11.565000
2010-09-28,11.580000
2010-09-29,11.555000
2010-09-30,11.510000
2010-10-01,11.515000
2010-10-04,11.420000
2010-10-05,11.645000
2010-10-06,11.590000
2010-10-07,11.590000
2010-10-08,11.655000
2010-10-11,11.675000
2010-10-12,11.745000
2010-10-13,11.840000
2010-10-14,11.845000
2010-10-15,12.045000
2010-10-18,12.125000
2010-10-19,11.910000
2010-10-20,12.010000
2010-10-21,12.020000
2010-10-22,12.055000
2010-10-25,12.090000
2010-10-26,12.120000
2010-10-27,12.155000
2010-10-28,12.155000
2010-10-29,12.175000
2010-11-01,12.185000
2010-11-02,12.305000
2010-11-03,12.375000
2010-11-04,12.560000
2010-11-05,12.550000
2010-11-08,12.560000
2010-11-09,12.525000
2010-11-10,12.535000
2010-11-11,12.345000
2010-11-12,12.170000
2010-11-15,12.135000
2010-11-16,11.915000
2010-11-17,11.920000
2010-11-18,12.120000
2010-11-19,12.155000
2010-11-22,12.225000
2010-11-23,12.045000
2010-11-24,12.245000
2010-11-26,12.125000
2010-11-29,12.095000
2010-11-30,11.975000
2010-12-01,12.230000
2010-12-02,12.375000
2010-12-03,12.405000
2010-12-06,12.405000
2010-12-07,12.420000
2010-12-08,12.525000
2010-12-09,12.535000
2010-12-10,12.595000
2010-12-13,12.570000
2010-12-14,12.590000
2010-12-15,12.540000
2010-12-16,12.560000
2010-12-17,12.540000
2010-12-20,12.550000
2010-12-21,12.625000
2010-12-22,12.610000
2010-12-23,12.605000
2010-12-27,12.630000
2010-12-28,12.615000
2010-12-29,12.640000
2010-12-30,12.610000
2010-12-31,12.595000
2011-01-03,12.735000
2011-01-04,12.785000
2011-01-05,12.860000
2011-01-06,12.935000
2011-01-07,12.875000
2011-01-10,12.885000
2011-01-11,12.865000
2011-01-12,12.980000
2011-01-13,12.970000
2011-01-14,13.085000
2011-01-18,13.100000
2011-01-19,13.005000
2011-01-20,12.935000
2011-01-21,12.860000
2011-01-24,13.040000
2011-01-25,13.100000
2011-01-26,13.175000
2011-01-27,13.220000
2011-01-28,12.915000
2011-01-31,12.995000
2011-02-01,13.215000
2011-02-02,13.240000
2011-02-03,13.260000
2011-02-04,13.345000
2011-02-07,13.410000
2011-02-08,13.465000
2011-02-09,13.440000
2011-02-10,13.380000
2011-02-11,13.450000
2011-02-14,13.470000
2011-02-15,13.420000
2011-02-16,13.495000
2011-02-17,13.520000
2011-02-18,13.500000
2011-02-22,13.170000
2011-02-23,13.015000
2011-02-24,13.060000
2011-02-25,13.225000
2011-02-28,13.280000
2011-03-01,13.025000
2011-03-02,13.105000
2011-03-03,13.315000
2011-03-04,13.210000
2011-03-07,13.040000
2011-03-08,13.150000
2011-03-09,13.095000
2011-03-10,12.850000
2011-03-11,12.900000
2011-03-14,12.840000
2011-03-15,12.650000
2011-03-16,12.340000
2011-03-17,12.470000
2011-03-18,12.450000
2011-03-21,12.660000
2011-03-22,12.640000
2011-03-23,12.710000
2011-03-24,12.910000
2011-03-25,12.940000
2011-03-28,12.910000
2011-03-29,13.000000
2011-03-30,13.055000
2011-03-31,13.030000
2011-04-01,13.005000
2011-04-04,12.960000
2011-04-05,12.940000
2011-04-06,13.035000
2011-04-07,13.040000
2011-04-08,12.965000
2011-04-11,12.945000
2011-04-12,12.840000
2011-04-13,12.920000
2011-04-14,12.895000
2011-04-15,12.870000
2011-04-18,12.755000
2011-04-19,12.790000
2011-04-20,13.060000
2011-04-21,13.175000
2011-04-25,13.185000
2011-04-26,13.295000
2011-04-27,13.375000
2011-04-28,13.380000
2011-04-29,13.370000
2011-05-02,13.320000
2011-05-03,13.325000
2011-05-04,13.285000
2011-05-05,13.215000
2011-05-06,13.240000
2011-05-09,13.295000
2011-05-10,13.415000
2011-05-11,13.295000
2011-05-12,13.395000
2011-05-13,13.230000
2011-05-16,13.040000
2011-05-17,13.040000
2011-05-18,13.135000
2011-05-19,13.160000
2011-05-20,13.085000
2011-05-23,12.900000
2011-05-24,12.860000
2011-05-25,12.900000
2011-05-26,12.985000
2011-05-27,13.050000
2011-05-31,13.230000
2011-06-01,12.955000
2011-06-02,12.965000
2011-06-03,12.770000
2011-06-06,12.675000
2011-06-07,12.635000
2011-06-08,12.550000
2011-06-09,12.560000
2011-06-10,12.385000
2011-06-13,12.395000
2011-06-14,12.550000
2011-06-15,12.315000
2011-06-16,12.285000
2011-06-17,12.225000
2011-06-20,12.270000
2011-06-21,12.490000
2011-06-22,12.400000
2011-06-23,12.485000
2011-06-24,12.270000
2011-06-27,12.435000
2011-06-28,12.590000
2011-06-29,12.690000
2011-06-30,12.850000
2011-07-01,13.060000
2011-07-05,13.080000
2011-07-06,13.140000
2011-07-07,13.300000
2011-07-08,13.235000
2011-07-11,13.015000
2011-07-12,12.900000
2011-07-13,12.930000
2011-07-14,12.820000
2011-07-15,12.960000
2011-07-18,12.915000
2011-07-19,13.225000
2011-07-20,13.185000
2011-07-21,13.245000
2011-07-22,13.360000
2011-07-25,13.325000
2011-07-26,13.385000
2011-07-27,13.030000
2011-07-28,13.010000
2011-07-29,12.905000
2011-08-01,12.895000
2011-08-02,12.625000
2011-08-03,12.755000
2011-08-04,12.240000
2011-08-05,12.165000
2011-08-08,11.480000
2011-08-09,12.005000
2011-08-10,11.535000
2011-08-11,11.975000
2011-08-12,12.060000
2011-08-15,12.275000
2011-08-16,12.185000
2011-08-17,12.130000
2011-08-18,11.540000
2011-08-19,11.260000
2011-08-22,11.320000
2011-08-23,11.735000
2011-08-24,11.840000
2011-08-25,11.670000
2011-08-26,11.900000
2011-08-29,12.200000
2011-08-30,12.250000
2011-08-31,12.220000
2011-09-01,12.085000
2011-09-02,11.810000
2011-09-06,11.755000
2011-09-07,12.060000
2011-09-08,12.000000
2011-09-09,11.745000
2011-09-12,11.885000
2011-09-13,12.025000
2011-09-14,12.205000
2011-09-15,12.400000
2011-09-16,12.490000
2011-09-19,12.460000
2011-09-20,12.430000
2011-09-21,12.245000
2011-09-22,11.865000
2011-09-23,12.000000
2011-09-26,12.150000
2011-09-27,12.305000
2011-09-28,12.130000
2011-09-29,12.105000
2011-09-30,11.800000
2011-10-03,11.535000
2011-10-04,11.770000
2011-10-05,12.015000
2011-10-06,12.195000
2011-10-07,12.150000
2011-10-10,12.525000
2011-10-11,12.580000
2011-10-12,12.635000
2011-10-13,12.775000
2011-10-14,13.000000
2011-10-17,12.795000
2011-10-18,12.910000
2011-10-19,12.660000
2011-10-20,12.605000
2011-10-21,12.765000
2011-10-24,12.965000
2011-10-25,12.760000
2011-10-26,12.815000
2011-10-27,13.195000
2011-10-28,13.240000
2011-10-31,13.005000
2011-11-01,12.645000
2011-11-02,12.800000
2011-11-03,13.105000
2011-11-04,13.025000
2011-11-07,13.105000
2011-11-08,13.255000
2011-11-09,12.795000
2011-11-10,12.835000
2011-11-11,13.080000
2011-11-14,12.980000
2011-11-15,13.155000
2011-11-16,12.960000
2011-11-17,12.710000
2011-11-18,12.605000
2011-11-21,12.385000
2011-11-22,12.365000
2011-11-23,12.070000
2011-11-25,12.005000
2011-11-28,12.400000
2011-11-29,12.335000
2011-11-30,12.810000
2011-12-01,12.880000
2011-12-02,12.870000
2011-12-05,13.015000
2011-12-06,13.010000
2011-12-07,13.025000
2011-12-08,12.820000
2011-12-09,13.020000
2011-12-12,12.855000
2011-12-13,12.735000
2011-12-14,12.540000
2011-12-15,12.510000
2011-12-16,12.490000
2011-12-19,12.370000
2011-12-20,12.720000
2011-12-21,12.510000
2011-12-22,12.655000
2011-12-23,12.780000
2011-12-27,12.800000
2011-12-28,12.670000
2011-12-29,12.765000
2011-12-30,12.725000
2012-01-03,12.905000
2012-01-04,12.940000
2012-01-05,12.980000
2012-01-06,12.985000
2012-01-09,12.965000
2012-01-10,13.010000
2012-01-11,13.050000
2012-01-12,13.115000
2012-01-13,13.040000
2012-01-17,13.100000
2012-01-18,13.290000
2012-01-19,13.385000
2012-01-20,13.400000
2012-01-23,13.445000
2012-01-24,13.435000
2012-01-25,13.540000
2012-01-26,13.450000
2012-01-27,13.450000
2012-01-30,13.490000
2012-01-31,13.515000
2012-02-01,13.650000
2012-02-02,13.685000
2012-02-03,13.860000
2012-02-06,13.865000
2012-02-07,13.900000
2012-02-08,13.985000
2012-02-09,14.120000
2012-02-10,14.015000
2012-02-13,14.105000
2012-02-14,14.130000
2012-02-15,14.055000
2012-02-16,14.260000
2012-02-17,14.260000
2012-02-21,14.320000
2012-02-22,14.270000
2012-02-23,14.325000
2012-02-24,14.410000
2012-02-27,14.435000
2012-02-28,14.540000
2012-02-29,14.475000
2012-03-01,14.560000
2012-03-02,14.540000
2012-03-05,14.415000
2012-03-06,14.275000
2012-03-07,14.380000
2012-03-08,14.525000
2012-03-09,14.590000
2012-03-12,14.610000
2012-03-13,14.900000
2012-03-14,14.955000
2012-03-15,14.995000
2012-03-16,14.940000
2012-03-19,15.050000
2012-03-20,15.035000
2012-03-21,15.030000
2012-03-22,14.995000
2012-03-23,14.995000
2012-03-26,15.215000
2012-03-27,15.210000
2012-03-28,15.155000
2012-03-29,15.125000
2012-03-30,15.080000
2012-04-02,15.240000
2012-04-03,15.230000
2012-04-04,15.050000
2012-04-05,15.085000
2012-04-09,14.980000
2012-04-10,14.770000
2012-04-11,14.855000
2012-04-12,15.040000
2012-04-13,14.805000
2012-04-16,14.650000
2012-04-17,14.970000
2012-04-18,14.860000
2012-04-19,14.695000
2012-04-20,14.640000
2012-04-23,14.525000
2012-04-24,14.495000
2012-04-25,14.905000
2012-04-26,15.020000
2012-04-27,15.015000
2012-04-30,14.910000
2012-05-01,14.960000
2012-05-02,14.970000
2012-05-03,14.845000
2012-05-04,14.535000
2012-05-07,14.495000
2012-05-08,14.445000
2012-05-09,14.445000
2012-05-10,14.335000
2012-05-11,14.345000
2012-05-14,14.220000
2012-05-15,14.180000
2012-05-16,14.065000
2012-05-17,13.865000
2012-05-18,13.735000
2012-05-21,14.075000
2012-05-22,14.030000
2012-05-23,14.045000
2012-05-24,13.965000
2012-05-25,13.935000
2012-05-29,14.120000
2012-05-30,14.030000
2012-05-31,13.965000
2012-06-01,13.600000
2012-06-04,13.680000
2012-06-05,13.765000
2012-06-06,14.080000
2012-06-07,14.010000
2012-06-08,14.165000
2012-06-11,13.965000
2012-06-12,14.105000
2012-06-13,14.020000
2012-06-14,14.090000
2012-06-15,14.185000
2012-06-18,14.290000
2012-06-19,14.400000
2012-06-20,14.425000
2012-06-21,14.085000
2012-06-22,14.240000
2012-06-25,13.950000
2012-06-26,14.005000
2012-06-27,14.090000
2012-06-28,13.975000
2012-06-29,14.365000
2012-07-02,14.445000
2012-07-03,14.560000
2012-07-05,14.560000
2012-07-06,14.345000
2012-07-09,14.315000
2012-07-10,14.155000
2012-07-11,14.090000
2012-07-12,13.950000
2012-07-13,14.135000
2012-07-16,14.120000
2012-07-17,14.175000
2012-07-18,14.420000
2012-07-19,14.545000
2012-07-20,14.380000
2012-07-23,14.240000
2012-07-24,14.095000
2012-07-25,14.040000
2012-07-26,14.255000
2012-07-27,14.565000
2012-07-30,14.570000
2012-07-31,14.630000
2012-08-01,14.580000
2012-08-02,14.485000
2012-08-03,14.770000
2012-08-06,14.875000
2012-08-07,14.975000
2012-08-08,14.980000
2012-08-09,15.030000
2012-08-10,15.065000
2012-08-13,15.110000
2012-08-14,15.080000
2012-08-15,15.085000
2012-08-16,15.290000
2012-08-17,15.375000
2012-08-20,15.390000
2012-08-21,15.290000
2012-08-22,15.315000
2012-08-23,15.190000
2012-08-24,15.285000
2012-08-27,15.300000
2012-08-28,15.265000
2012-08-29,15.295000
2012-08-30,15.125000
2012-08-31,15.245000
2012-09-04,15.245000
2012-09-05,15.230000
2012-09-06,15.570000
2012-09-07,15.545000
2012-09-10,15.380000
2012-09-11,15.420000
2012-09-12,15.505000
2012-09-13,15.715000
2012-09-14,15.790000
2012-09-17,15.805000
2012-09-18,15.815000
2012-09-19,15.830000
2012-09-20,15.800000
2012-09-21,15.755000
2012-09-24,15.655000
2012-09-25,15.435000
2012-09-26,15.325000
2012-09-27,15.525000
2012-09-28,15.415000
2012-10-01,15.380000
2012-10-02,15.400000
2012-10-03,15.480000
2012-10-04,15.525000
2012-10-05,15.445000
2012-10-08,15.285000
2012-10-09,15.090000
2012-10-10,15.030000
2012-10-11,14.970000
2012-10-12,14.960000
2012-10-15,15.035000
2012-10-16,15.240000
2012-10-17,15.160000
2012-10-18,14.985000
2012-10-19,14.645000
2012-10-22,14.745000
2012-10-23,14.585000
2012-10-24,14.500000
2012-10-25,14.470000
2012-10-26,14.495000
2012-10-31,14.435000
2012-11-01,14.670000
2012-11-02,14.480000
2012-11-05,14.560000
2012-11-06,14.625000
2012-11-07,14.260000
2012-11-08,14.055000
2012-11-09,14.120000
2012-11-12,14.100000
2012-11-13,14.030000
2012-11-14,13.890000
2012-11-15,13.810000
2012-11-16,13.830000
2012-11-19,14.210000
2012-11-20,14.150000
2012-11-21,14.195000
2012-11-23,14.425000
2012-11-26,14.490000
2012-11-27,14.425000
2012-11-28,14.510000
2012-11-29,14.580000
2012-11-30,14.565000
2012-12-03,14.545000
2012-12-04,14.520000
2012-12-05,14.375000
2012-12-06,14.460000
2012-12-07,14.385000
2012-12-10,14.420000
2012-12-11,14.615000
2012-12-12,14.590000
2012-12-13,14.485000
2012-12-14,14.345000
2012-12-17,14.520000
2012-12-18,14.735000
2012-12-19,14.660000
2012-12-20,14.685000
2012-12-21,14.475000
2012-12-24,14.435000
2012-12-26,14.355000
2012-12-27,14.340000
2012-12-28,14.180000
2012-12-31,14.425000
2013-01-02,14.905000
2013-01-03,14.810000
2013-01-04,14.750000
2013-01-07,14.730000
2013-01-08,14.675000
2013-01-09,14.700000
2013-01-10,14.775000
2013-01-11,14.795000
2013-01-14,14.700000
2013-01-15,14.605000
2013-01-16,14.655000
2013-01-17,14.715000
2013-01-18,14.695000
2013-01-22,14.735000
2013-01-23,14.890000
2013-01-24,14.635000
2013-01-25,14.650000
2013-01-28,14.700000
2013-01-29,14.720000
2013-01-30,14.675000
2013-01-31,14.700000
2013-02-01,14.865000
2013-02-04,14.670000
2013-02-05,14.840000
2013-02-06,14.835000
2013-02-07,14.835000
2013-02-08,14.965000
2013-02-11,14.995000
2013-02-12,14.945000
2013-02-13,14.940000
2013-02-14,14.900000
2013-02-15,14.890000
2013-02-19,14.990000
2013-02-20,14.785000
2013-02-21,14.665000
2013-02-22,14.845000
2013-02-25,14.635000
2013-02-26,14.720000
2013-02-27,14.845000
2013-02-28,14.815000
2013-03-01,14.840000
2013-03-04,14.885000
2013-03-05,15.090000
2013-03-06,15.080000
2013-03-07,15.115000
2013-03-08,15.145000
2013-03-11,15.180000
2013-03-12,15.125000
2013-03-13,15.115000
2013-03-14,15.225000
2013-03-15,15.100000
2013-03-18,15.105000
2013-03-19,15.085000
2013-03-20,15.160000
2013-03-21,14.990000
2013-03-22,15.085000
2013-03-25,15.050000
2013-03-26,15.145000
2013-03-27,15.105000
2013-03-28,15.135000
2013-04-01,15.035000
2013-04-02,15.095000
2013-04-03,14.975000
2013-04-04,14.980000
2013-04-05,14.865000
2013-04-08,14.930000
2013-04-09,15.035000
2013-04-10,15.300000
2013-04-11,15.250000
2013-04-12,15.185000
2013-04-15,14.935000
2013-04-16,15.120000
2013-04-17,14.810000
2013-04-18,14.655000
2013-04-19,14.675000
2013-04-22,14.790000
2013-04-23,14.950000
2013-04-24,14.975000
2013-04-25,15.025000
2013-04-26,15.020000
2013-04-29,15.235000
2013-04-30,15.400000
2013-05-01,15.265000
2013-05-02,15.460000
2013-05-03,15.605000
2013-05-06,15.680000
2013-05-07,15.670000
2013-05-08,15.795000
2013-05-09,15.750000
2013-05-10,15.795000
2013-05-13,15.755000
2013-05-14,15.805000
2013-05-15,15.855000
2013-05-16,15.940000
2013-05-17,16.100000
2013-05-20,16.100000
2013-05-21,16.049999
2013-05-22,15.875000
2013-05-23,15.870000
2013-05-24,15.845000
2013-05-28,15.920000
2013-05-29,15.880000
2013-05-30,15.980000
2013-05-31,15.830000
2013-06-03,15.910000
2013-06-04,15.840000
2013-06-05,15.685000
2013-06-06,15.720000
2013-06-07,15.865000
2013-06-10,15.900000
2013-06-11,15.735000
2013-06-12,15.630000
2013-06-13,15.810000
2013-06-14,15.690000
2013-06-17,15.835000
2013-06-18,15.960000
2013-06-19,15.775000
2013-06-20,15.425000
2013-06-21,15.255000
2013-06-24,15.070000
2013-06-25,15.195000
2013-06-26,15.285000
2013-06-27,15.360000
2013-06-28,15.295000
2013-07-01,15.375000
2013-07-02,15.400000
2013-07-03,15.490000
2013-07-05,15.590000
2013-07-08,15.580000
2013-07-09,15.640000
2013-07-10,15.690000
2013-07-11,15.955000
2013-07-12,15.965000
2013-07-15,16.010000
2013-07-16,16.020000
2013-07-17,16.035000
2013-07-18,15.995000
2013-07-19,15.725000
2013-07-22,15.770000
2013-07-23,15.705000
2013-07-24,15.810000
2013-07-25,15.820000
2013-07-26,15.865000
2013-07-29,15.840000
2013-07-30,15.920000
2013-07-31,15.865000
2013-08-01,16.035000
2013-08-02,16.105000
2013-08-05,16.139999
2013-08-06,16.055000
2013-08-07,16.014999
2013-08-08,16.065001
2013-08-09,15.985000
2013-08-12,16.090000
2013-08-13,16.200001
2013-08-14,16.184999
2013-08-15,15.925000
2013-08-16,15.910000
2013-08-19,15.860000
2013-08-20,15.885000
2013-08-21,15.850000
2013-08-22,15.920000
2013-08-23,16.035000
2013-08-26,15.960000
2013-08-27,15.680000
2013-08-28,15.690000
2013-08-29,15.775000
2013-08-30,15.700000
2013-09-03,15.715000
2013-09-04,15.865000
2013-09-05,15.875000
2013-09-06,15.885000
2013-09-09,16.075001
2013-09-10,16.174999
2013-09-11,16.100000
2013-09-12,16.115000
2013-09-13,16.129999
2013-09-16,16.105000
2013-09-17,16.184999
2013-09-18,16.389999
2013-09-19,16.400000
2013-09-20,16.205000
2013-09-23,16.254999
2013-09-24,16.184999
2013-09-25,16.160000
2013-09-26,16.219999
2013-09-27,16.120001
2013-09-30,16.020000
2013-10-01,16.160000
2013-10-02,16.165001
2013-10-03,16.025000
2013-10-04,16.090000
2013-10-07,16.020000
2013-10-08,15.765000
2013-10-09,15.825000
2013-10-10,16.090000
2013-10-11,16.225000
2013-10-14,16.280001
2013-10-15,16.180000
2013-10-16,16.334999
2013-10-17,16.340000
2013-10-18,16.620001
2013-10-21,16.709999
2013-10-22,16.705000
2013-10-23,16.625000
2013-10-24,16.665001
2013-10-25,16.750000
2013-10-28,16.805000
2013-10-29,16.915001
2013-10-30,16.879999
2013-10-31,16.825001
2013-11-01,16.830000
2013-11-04,16.895000
2013-11-05,16.850000
2013-11-06,17.020000
2013-11-07,16.799999
2013-11-08,16.950001
2013-11-11,16.969999
2013-11-12,17.014999
2013-11-13,17.160000
2013-11-14,17.115000
2013-11-15,17.150000
2013-11-18,17.084999
2013-11-19,17.025000
2013-11-20,16.969999
2013-11-21,17.115000
2013-11-22,17.080000
2013-11-25,17.080000
2013-11-26,17.139999
2013-11-27,17.275000
2013-11-29,17.344999
2013-12-02,17.290001
2013-12-03,17.330000
2013-12-04,17.344999
2013-12-05,17.290001
2013-12-06,17.410000
2013-12-09,17.465000
2013-12-10,17.430000
2013-12-11,17.270000
2013-12-12,17.155001
2013-12-13,17.100000
2013-12-16,17.270000
2013-12-17,17.264999
2013-12-18,17.400000
2013-12-19,17.430000
2013-12-20,17.480000
2013-12-23,17.709999
2013-12-24,17.760000
2013-12-26,17.805000
2013-12-27,17.790001
2013-12-30,17.754999
2013-12-31,17.870001
2014-01-02,17.695000
2014-01-03,17.610001
2014-01-06,17.580000
2014-01-07,17.740000
2014-01-08,17.740000
2014-01-09,17.625000
2014-01-10,17.660000
2014-01-13,17.469999
2014-01-14,17.764999
2014-01-15,17.980000
2014-01-16,17.975000
2014-01-17,17.875000
2014-01-21,17.965000
2014-01-22,17.945000
2014-01-23,17.910000
2014-01-24,17.565001
2014-01-27,17.400000
2014-01-28,17.295000
2014-01-29,17.160000
2014-01-30,17.370001
2014-01-31,17.410000
2014-02-03,17.045000
2014-02-04,17.110001
2014-02-05,17.125000
2014-02-06,17.315001
2014-02-07,17.549999
2014-02-10,17.584999
2014-02-11,17.799999
2014-02-12,17.870001
2014-02-13,18.000000
2014-02-14,18.035000
2014-02-18,18.045000
2014-02-19,17.985001
2014-02-20,18.045000
2014-02-21,17.975000
2014-02-24,18.045000
2014-02-25,17.995001
2014-02-26,18.010000
2014-02-27,18.155001
2014-02-28,18.174999
2014-03-03,17.980000
2014-03-04,18.215000
2014-03-05,18.240000
2014-03-06,18.264999
2014-03-07,18.209999
2014-03-10,18.180000
2014-03-11,18.139999
2014-03-12,18.170000
2014-03-13,17.924999
2014-03-14,17.815001
2014-03-17,18.025000
2014-03-18,18.260000
2014-03-19,18.184999
2014-03-20,18.325001
2014-03-21,18.155001
2014-03-24,18.139999
2014-03-25,18.250000
2014-03-26,18.030001
2014-03-27,17.965000
2014-03-28,18.035000
2014-03-31,18.174999
2014-04-01,18.389999
2014-04-02,18.400000
2014-04-03,18.309999
2014-04-04,17.959999
2014-04-07,17.820000
2014-04-08,17.980000
2014-04-09,18.219999
2014-04-10,17.799999
2014-04-11,17.600000
2014-04-14,17.775000
2014-04-15,17.865000
2014-04-16,18.040001
2014-04-17,18.014999
2014-04-21,18.084999
2014-04-22,18.160000
2014-04-23,17.965000
2014-04-24,18.105000
2014-04-25,17.875000
2014-04-28,18.045000
2014-04-29,18.170000
2014-04-30,18.225000
2014-05-01,18.245001
2014-05-02,18.195000
2014-05-05,18.290001
2014-05-06,18.084999
2014-05-07,18.094999
2014-05-08,18.145000
2014-05-09,18.165001
2014-05-12,18.410000
2014-05-13,18.420000
2014-05-14,18.334999
2014-05-15,18.225000
2014-05-16,18.340000
2014-05-19,18.459999
2014-05-20,18.355000
2014-05-21,18.480000
2014-05-22,18.514999
2014-05-23,18.670000
2014-05-27,18.830000
2014-05-28,18.780001
2014-05-29,18.889999
2014-05-30,18.910000
2014-06-02,18.879999
2014-06-03,18.850000
2014-06-04,18.885000
2014-06-05,19.010000
2014-06-06,19.094999
2014-06-09,19.155001
2014-06-10,19.165001
2014-06-11,19.120001
2014-06-12,18.955000
2014-06-13,19.065001
2014-06-16,19.065001
2014-06-17,19.110001
2014-06-18,19.209999
2014-06-19,19.174999
2014-06-20,19.045000
2014-06-23,19.100000
2014-06-24,19.000000
2014-06-25,19.075001
2014-06-26,19.055000
2014-06-27,19.170000
2014-06-30,19.174999
2014-07-01,19.370001
2014-07-02,19.389999
2014-07-03,19.475000
2014-07-07,19.495001
2014-07-08,19.320000
2014-07-09,19.415001
2014-07-10,19.360001
2014-07-11,19.459999
2014-07-14,19.600000
2014-07-15,19.565001
2014-07-16,19.745001
2014-07-17,19.490000
2014-07-18,19.725000
2014-07-21,19.700001
2014-07-22,19.865000
2014-07-23,19.900000
2014-07-24,19.885000
2014-07-25,19.860001
2014-07-28,19.895000
2014-07-29,19.855000
2014-07-30,19.875000
2014-07-31,19.500000
2014-08-01,19.395000
2014-08-04,19.535000
2014-08-05,19.350000
2014-08-06,19.290001
2014-08-07,19.209999
2014-08-08,19.334999
2014-08-11,19.430000
2014-08-12,19.420000
2014-08-13,19.610001
2014-08-14,19.645000
2014-08-15,19.645000
2014-08-18,19.830000
2014-08-19,19.955000
2014-08-20,19.955000
2014-08-21,20.049999
2014-08-22,20.055000
2014-08-25,20.075001
2014-08-26,20.084999
2014-08-27,20.080000
2014-08-28,20.049999
2014-08-29,20.139999
2014-09-02,20.145000
2014-09-03,20.035000
2014-09-04,20.025000
2014-09-05,20.145000
2014-09-08,20.174999
2014-09-09,20.030001
2014-09-10,20.150000
2014-09-11,20.195000
2014-09-12,20.110001
2014-09-15,19.990000
2014-09-16,20.139999
2014-09-17,20.180000
2014-09-18,20.299999
2014-09-19,20.170000
2014-09-22,20.035000
2014-09-23,19.990000
2014-09-24,20.120001
2014-09-25,19.680000
2014-09-26,19.895000
2014-09-29,19.889999
2014-09-30,19.950001
2014-10-01,19.639999
2014-10-02,19.629999
2014-10-03,19.790001
2014-10-06,19.795000
2014-10-07,19.485001
2014-10-08,19.855000
2014-10-09,19.525000
2014-10-10,19.025000
2014-10-13,18.815001
2014-10-14,18.844999
2014-10-15,18.715000
2014-10-16,18.605000
2014-10-17,18.825001
2014-10-20,18.959999
2014-10-21,19.330000
2014-10-22,19.240000
2014-10-23,19.455000
2014-10-24,19.625000
2014-10-27,19.645000
2014-10-28,19.915001
2014-10-29,19.895000
2014-10-30,19.959999
2014-10-31,20.270000
2014-11-03,20.355000
2014-11-04,20.350000
2014-11-05,20.405001
2014-11-06,20.395000
2014-11-07,20.420000
2014-11-10,20.475000
2014-11-11,20.485001
2014-11-12,20.549999
2014-11-13,20.660000
2014-11-14,20.805000
2014-11-17,20.764999
2014-11-18,20.834999
2014-11-19,20.700001
2014-11-20,20.805000
2014-11-21,20.834999
2014-11-24,20.945000
2014-11-25,20.955000
2014-11-26,21.145000
2014-11-28,21.245001
2014-12-01,21.004999
2014-12-02,21.010000
2014-12-03,21.084999
2014-12-04,21.084999
2014-12-05,21.059999
2014-12-08,20.844999
2014-12-09,20.840000
2014-12-10,20.525000
2014-12-11,20.615000
2014-12-12,20.309999
2014-12-15,20.184999
2014-12-16,19.915001
2014-12-17,20.290001
2014-12-18,20.870001
2014-12-19,20.785000
2014-12-22,21.035000
2014-12-23,21.090000
2014-12-24,21.070000
2014-12-26,21.160000
2014-12-29,21.055000
2014-12-30,20.905001
2014-12-31,20.674999
2015-01-02,20.635000
2015-01-05,20.320000
2015-01-06,20.075001
2015-01-07,20.245001
2015-01-08,20.690001
2015-01-09,20.625000
2015-01-12,20.385000
2015-01-13,20.370001
2015-01-14,20.254999
2015-01-15,19.995001
2015-01-16,20.190001
2015-01-20,20.360001
2015-01-21,20.395000
2015-01-22,20.730000
2015-01-23,20.725000
2015-01-26,20.639999
2015-01-27,20.045000
2015-01-28,20.010000
2015-01-29,20.200001
2015-01-30,19.950001
2015-02-02,20.155001
2015-02-03,20.385000
2015-02-04,20.424999
2015-02-05,20.615000
2015-02-06,20.549999
2015-02-09,20.520000
2015-02-10,20.825001
2015-02-11,20.905001
2015-02-12,21.190001
2015-02-13,21.325001
2015-02-17,21.334999
2015-02-18,21.355000
2015-02-19,21.430000
2015-02-20,21.540001
2015-02-23,21.555000
2015-02-24,21.620001
2015-02-25,21.485001
2015-02-26,21.620001
2015-02-27,21.545000
2015-03-02,21.715000
2015-03-03,21.570000
2015-03-04,21.485001
2015-03-05,21.459999
2015-03-06,21.195000
2015-03-09,21.295000
2015-03-10,20.860001
2015-03-11,20.725000
2015-03-12,20.860001
2015-03-13,20.745001
2015-03-16,20.990000
2015-03-17,20.995001
2015-03-18,21.280001
2015-03-19,21.219999
2015-03-20,21.270000
2015-03-23,21.270000
2015-03-24,21.200001
2015-03-25,20.655001
2015-03-26,20.670000
2015-03-27,20.684999
2015-03-30,20.934999
2015-03-31,20.719999
2015-04-01,20.690001
2015-04-02,20.684999
2015-04-06,20.885000
2015-04-07,20.840000
2015-04-08,20.905001
2015-04-09,20.959999
2015-04-10,21.040001
2015-04-13,20.980000
2015-04-14,20.915001
2015-04-15,21.100000
2015-04-16,21.025000
2015-04-17,20.735001
2015-04-20,21.090000
2015-04-21,21.080000
2015-04-22,21.295000
2015-04-23,21.379999
2015-04-24,21.565001
2015-04-27,21.625000
2015-04-28,21.695000
2015-04-29,21.590000
2015-04-30,21.290001
2015-05-01,21.549999
2015-05-04,21.570000
2015-05-05,21.235001
2015-05-06,21.055000
2015-05-07,21.209999
2015-05-08,21.514999
2015-05-11,21.405001
2015-05-12,21.290001
2015-05-13,21.379999
2015-05-14,21.725000
2015-05-15,21.655001
2015-05-18,21.760000
2015-05-19,21.705000
2015-05-20,21.719999
2015-05-21,21.815001
2015-05-22,21.799999
2015-05-26,21.485001
2015-05-27,21.889999
2015-05-28,21.844999
2015-05-29,21.684999
2015-06-01,21.745001
2015-06-02,21.700001
2015-06-03,21.745001
2015-06-04,21.545000
2015-06-05,21.475000
2015-06-08,21.235001
2015-06-09,21.184999
2015-06-10,21.514999
2015-06-11,21.525000
2015-06-12,21.334999
2015-06-15,21.205000
2015-06-16,21.344999
2015-06-17,21.355000
2015-06-18,21.545000
2015-06-19,21.270000
2015-06-22,21.445000
2015-06-23,21.459999
2015-06-24,21.360001
2015-06-25,21.309999
2015-06-26,21.129999
2015-06-29,20.680000
2015-06-30,20.700001
2015-07-01,20.840000
2015-07-02,20.870001
2015-07-06,20.785000
2015-07-07,20.815001
2015-07-08,20.475000
2015-07-09,20.395000
2015-07-10,20.719999
2015-07-13,21.035000
2015-07-14,21.115000
2015-07-15,21.120001
2015-07-16,21.389999
2015-07-17,21.719999
2015-07-20,21.834999
2015-07-21,21.690001
2015-07-22,21.340000
2015-07-23,21.295000
2015-07-24,21.180000
2015-07-27,20.990000
2015-07-28,21.180000
2015-07-29,21.320000
2015-07-30,21.360001
2015-07-31,21.290001
2015-08-03,21.174999
2015-08-04,21.049999
2015-08-05,21.254999
2015-08-06,21.045000
2015-08-07,21.059999
2015-08-10,21.389999
2015-08-11,21.070000
2015-08-12,21.165001
2015-08-13,21.105000
2015-08-14,21.209999
2015-08-17,21.330000
2015-08-18,21.219999
2015-08-19,21.080000
2015-08-20,20.565001
2015-08-21,19.780001
2015-08-24,19.000000
2015-08-25,18.850000
2015-08-26,19.799999
2015-08-27,20.260000
2015-08-28,20.299999
2015-08-31,20.115000
2015-09-01,19.469999
2015-09-02,19.940001
2015-09-03,19.955000
2015-09-04,19.650000
2015-09-08,20.200001
2015-09-09,19.934999
2015-09-10,20.135000
2015-09-11,20.230000
2015-09-14,20.180000
2015-09-15,20.440001
2015-09-16,20.525000
2015-09-17,20.385000
2015-09-18,20.030001
2015-09-21,20.230000
2015-09-22,19.889999
2015-09-23,19.940001
2015-09-24,19.940001
2015-09-25,19.905001
2015-09-28,19.450001
2015-09-29,19.365000
2015-09-30,19.750000
2015-10-01,19.760000
2015-10-02,20.040001
2015-10-05,20.434999
2015-10-06,20.459999
2015-10-07,20.555000
2015-10-08,20.650000
2015-10-09,20.740000
2015-10-12,20.764999
2015-10-13,20.719999
2015-10-14,20.680000
2015-10-15,20.945000
2015-10-16,20.985001
2015-10-19,21.065001
2015-10-20,21.010000
2015-10-21,20.850000
2015-10-22,21.320000
2015-10-23,21.915001
2015-10-26,21.830000
2015-10-27,21.705000
2015-10-28,22.030001
2015-10-29,21.969999
2015-10-30,21.825001
2015-11-02,22.020000
2015-11-03,22.135000
2015-11-04,22.160000
2015-11-05,22.094999
2015-11-06,22.170000
2015-11-09,21.955000
2015-11-10,21.809999
2015-11-11,21.799999
2015-11-12,21.610001
2015-11-13,21.184999
2015-11-16,21.510000
2015-11-17,21.514999
2015-11-18,21.840000
2015-11-19,21.940001
2015-11-20,22.100000
2015-11-23,21.969999
2015-11-24,21.975000
2015-11-25,21.905001
2015-11-27,21.955000
2015-11-30,21.980000
2015-12-01,22.174999
2015-12-02,22.035000
2015-12-03,21.750000
2015-12-04,22.285000
2015-12-07,22.174999
2015-12-08,22.120001
2015-12-09,21.795000
2015-12-10,21.855000
2015-12-11,21.400000
2015-12-14,21.565001
2015-12-15,21.660000
2015-12-16,21.955000
2015-12-17,21.610001
2015-12-18,21.084999
2015-12-21,21.299999
2015-12-22,21.455000
2015-12-23,21.635000
2015-12-24,21.625000
2015-12-28,21.610001
2015-12-29,21.905001
2015-12-30,21.719999
2015-12-31,21.415001
2016-01-04,21.135000
2016-01-05,21.080000
2016-01-06,20.820000
2016-01-07,20.205000
2016-01-08,20.045000
2016-01-11,20.174999
2016-01-12,20.415001
2016-01-13,19.865000
2016-01-14,20.240000
2016-01-15,19.670000
2016-01-19,19.690001
2016-01-20,19.535000
2016-01-21,19.645000
2016-01-22,20.190001
2016-01-25,19.955000
2016-01-26,20.150000
2016-01-27,19.735001
2016-01-28,19.990000
2016-01-29,20.620001
2016-02-01,20.695000
2016-02-02,20.325001
2016-02-03,20.299999
2016-02-04,20.320000
2016-02-05,19.750000
2016-02-08,19.465000
2016-02-09,19.375000
2016-02-10,19.405001
2016-02-11,19.365000
2016-02-12,19.635000
2016-02-16,19.985001
2016-02-17,20.395000
2016-02-18,20.315001
2016-02-19,20.330000
2016-02-22,20.600000
2016-02-23,20.275000
2016-02-24,20.430000
2016-02-25,20.684999
2016-02-26,20.629999
2016-02-29,20.485001
2016-03-01,21.094999
2016-03-02,21.155001
2016-03-03,21.155001
2016-03-04,21.209999
2016-03-07,21.080000
2016-03-08,20.950001
2016-03-09,21.129999
2016-03-10,21.110001
2016-03-11,21.434999
2016-03-14,21.459999
2016-03-15,21.540001
2016-03-16,21.790001
2016-03-17,21.870001
2016-03-18,21.795000
2016-03-21,21.870001
2016-03-22,21.875000
2016-03-23,21.750000
2016-03-24,21.809999
2016-03-28,21.754999
2016-03-29,22.094999
2016-03-30,22.225000
2016-03-31,22.180000
2016-04-01,22.350000
2016-04-04,22.264999
2016-04-05,22.049999
2016-04-06,22.264999
2016-04-07,21.945000
2016-04-08,21.945000
2016-04-11,21.885000
2016-04-12,22.035000
2016-04-13,22.260000
2016-04-14,22.254999
2016-04-15,22.170000
2016-04-18,22.264999
2016-04-19,22.139999
2016-04-20,22.184999
2016-04-21,22.105000
2016-04-22,21.719999
2016-04-25,21.725000
2016-04-26,21.620001
2016-04-27,21.520000
2016-04-28,21.250000
2016-04-29,21.065001
2016-05-02,21.219999
2016-05-03,21.025000
2016-05-04,20.959999
2016-05-05,20.969999
2016-05-06,21.125000
2016-05-09,21.125000
2016-05-10,21.400000
2016-05-11,21.245001
2016-05-12,21.184999
2016-05-13,21.105000
2016-05-16,21.400000
2016-05-17,21.184999
2016-05-18,21.225000
2016-05-19,21.110001
2016-05-20,21.365000
2016-05-23,21.325001
2016-05-24,21.725000
2016-05-25,21.875000
2016-05-26,21.945000
2016-05-27,22.049999
2016-05-31,22.094999
2016-06-01,22.040001
2016-06-02,22.020000
2016-06-03,21.969999
2016-06-06,22.010000
2016-06-07,22.100000
2016-06-08,22.145000
2016-06-09,22.150000
2016-06-10,21.980000
2016-06-13,21.735001
2016-06-14,21.785000
2016-06-15,21.730000
2016-06-16,21.775000
2016-06-17,21.525000
2016-06-20,21.615000
2016-06-21,21.764999
2016-06-22,21.690001
2016-06-23,21.985001
2016-06-24,21.139999
2016-06-27,20.715000
2016-06-28,21.125000
2016-06-29,21.450001
2016-06-30,21.684999
2016-07-01,21.735001
2016-07-05,21.575001
2016-07-06,21.725000
2016-07-07,21.725000
2016-07-08,22.065001
2016-07-11,22.195000
2016-07-12,22.375000
2016-07-13,22.379999
2016-07-14,22.525000
2016-07-15,22.504999
2016-07-18,22.655001
2016-07-19,22.605000
2016-07-20,22.900000
2016-07-21,22.780001
2016-07-22,22.915001
2016-07-25,22.885000
2016-07-26,22.934999
2016-07-27,23.125000
2016-07-28,23.139999
2016-07-29,23.225000
2016-08-01,23.270000
2016-08-02,23.094999
2016-08-03,23.174999
2016-08-04,23.299999
2016-08-05,23.525000
2016-08-08,23.520000
2016-08-09,23.570000
2016-08-10,23.495001
2016-08-11,23.580000
2016-08-12,23.555000
2016-08-15,23.670000
2016-08-16,23.495001
2016-08-17,23.485001
2016-08-18,23.495001
2016-08-19,23.510000
2016-08-22,23.510000
2016-08-23,23.594999
2016-08-24,23.465000
2016-08-25,23.514999
2016-08-26,23.525000
2016-08-29,23.615000
2016-08-30,23.535000
2016-08-31,23.495001
2016-09-01,23.570000
2016-09-02,23.674999
2016-09-06,23.795000
2016-09-07,23.855000
2016-09-08,23.660000
2016-09-09,23.080000
2016-09-12,23.465000
2016-09-13,23.295000
2016-09-14,23.405001
2016-09-15,23.790001
2016-09-16,23.605000
2016-09-19,23.559999
2016-09-20,23.545000
2016-09-21,23.809999
2016-09-22,23.955000
2016-09-23,23.745001
2016-09-26,23.605000
2016-09-27,23.865000
2016-09-28,23.910000
2016-09-29,23.764999
2016-09-30,23.889999
2016-10-03,23.820000
2016-10-04,23.735001
2016-10-05,23.820000
2016-10-06,23.875000
2016-10-07,23.809999
2016-10-10,23.975000
2016-10-11,23.705000
2016-10-12,23.745001
2016-10-13,23.594999
2016-10-14,23.684999
2016-10-17,23.635000
2016-10-18,23.764999
2016-10-19,23.809999
2016-10-20,23.700001
2016-10-21,23.764999
2016-10-24,23.995001
2016-10-25,23.910000
2016-10-26,23.775000
2016-10-27,23.745001
2016-10-28,23.719999
2016-10-31,23.709999
2016-11-01,23.504999
2016-11-02,23.355000
2016-11-03,23.129999
2016-11-04,23.090000
2016-11-07,23.590000
2016-11-08,23.705000
2016-11-09,23.674999
2016-11-10,23.295000
2016-11-11,23.365000
2016-11-14,23.010000
2016-11-15,23.334999
2016-11-16,23.549999
2016-11-17,23.700001
2016-11-18,23.680000
2016-11-21,23.920000
2016-11-22,23.995001
2016-11-23,23.900000
2016-11-25,24.000000
2016-11-28,24.020000
2016-11-29,24.035000
2016-11-30,23.750000
2016-12-01,23.260000
2016-12-02,23.344999
2016-12-05,23.570000
2016-12-06,23.639999
2016-12-07,24.090000
2016-12-08,24.150000
2016-12-09,24.325001
2016-12-12,24.250000
2016-12-13,24.555000
2016-12-14,24.469999
2016-12-15,24.580000
2016-12-16,24.295000
2016-12-19,24.469999
2016-12-20,24.559999
2016-12-21,24.510000
2016-12-22,24.459999
2016-12-23,24.485001
2016-12-27,24.584999
2016-12-28,24.365000
2016-12-29,24.370001
2016-12-30,24.180000
2017-01-03,24.395000
2017-01-04,24.480000
2017-01-05,24.520000
2017-01-06,24.700001
2017-01-09,24.695000
2017-01-10,24.700001
2017-01-11,24.815001
2017-01-12,24.754999
2017-01-13,24.830000
2017-01-17,24.735001
2017-01-18,24.799999
2017-01-19,24.764999
2017-01-20,24.900000
2017-01-23,24.945000
2017-01-24,25.100000
2017-01-25,25.340000
2017-01-26,25.270000
2017-01-27,25.370001
2017-01-30,25.165001
2017-01-31,25.040001
2017-02-01,25.230000
2017-02-02,25.180000
2017-02-03,25.344999
2017-02-06,25.360001
2017-02-07,25.459999
2017-02-08,25.504999
2017-02-09,25.584999
2017-02-10,25.660000
2017-02-13,25.775000
2017-02-14,25.860001
2017-02-15,25.945000
2017-02-16,26.004999
2017-02-17,26.094999
2017-02-21,26.230000
2017-02-22,26.260000
2017-02-23,26.254999
2017-02-24,26.315001
2017-02-27,26.299999
2017-02-28,26.174999
2017-03-01,26.545000
2017-03-02,26.370001
2017-03-03,26.430000
2017-03-06,26.389999
2017-03-07,26.389999
2017-03-08,26.420000
2017-03-09,26.415001
2017-03-10,26.555000
2017-03-13,26.580000
2017-03-14,26.520000
2017-03-15,26.700001
2017-03-16,26.715000
2017-03-17,26.670000
2017-03-20,26.695000
2017-03-21,26.305000
2017-03-22,26.469999
2017-03-23,26.400000
2017-03-24,26.420000
2017-03-27,26.420000
2017-03-28,26.610001
2017-03-29,26.655001
2017-03-30,26.705000
2017-03-31,26.655001
2017-04-03,26.629999
2017-04-04,26.650000
2017-04-05,26.540001
2017-04-06,26.545000
2017-04-07,26.530001
2017-04-10,26.480000
2017-04-11,26.379999
2017-04-12,26.290001
2017-04-13,26.184999
2017-04-17,26.424999
2017-04-18,26.420000
2017-04-19,26.400000
2017-04-20,26.639999
2017-04-21,26.584999
2017-04-24,26.900000
2017-04-25,27.040001
2017-04-26,27.010000
2017-04-27,27.120001
2017-04-28,27.190001
2017-05-01,27.395000
2017-05-02,27.455000
2017-05-03,27.405001
2017-05-04,27.385000
2017-05-05,27.485001
2017-05-08,27.605000
2017-05-09,27.639999
2017-05-10,27.745001
2017-05-11,27.709999
2017-05-12,27.780001
2017-05-15,27.934999
2017-05-16,28.065001
2017-05-17,27.299999
2017-05-18,27.459999
2017-05-19,27.620001
2017-05-22,27.840000
2017-05-23,27.889999
2017-05-24,28.004999
2017-05-25,28.205000
2017-05-26,28.190001
2017-05-30,28.309999
2017-05-31,28.264999
2017-06-01,28.334999
2017-06-02,28.594999
2017-06-05,28.620001
2017-06-06,28.565001
2017-06-07,28.655001
2017-06-08,28.719999
2017-06-09,28.010000
2017-06-12,27.844999
2017-06-13,28.045000
2017-06-14,27.910000
2017-06-15,27.785000
2017-06-16,27.625000
2017-06-19,28.035000
2017-06-20,27.809999
2017-06-21,27.965000
2017-06-22,27.975000
2017-06-23,28.150000
2017-06-26,28.000000
2017-06-27,27.540001
2017-06-28,27.885000
2017-06-29,27.385000
2017-06-30,27.360001
2017-07-03,27.170000
2017-07-05,27.440001
2017-07-06,27.190001
2017-07-07,27.504999
2017-07-10,27.705000
2017-07-11,27.764999
2017-07-12,28.125000
2017-07-13,28.180000
2017-07-14,28.430000
2017-07-17,28.434999
2017-07-18,28.565001
2017-07-19,28.709999
2017-07-20,28.770000
2017-07-21,28.735001
2017-07-24,28.805000
2017-07-25,28.750000
2017-07-26,28.860001
2017-07-27,28.750000
2017-07-28,28.719999
2017-07-31,28.580000
2017-08-01,28.725000
2017-08-02,28.805000
2017-08-03,28.740000
2017-08-04,28.805000
2017-08-07,28.980000
2017-08-08,28.940001
2017-08-09,28.924999
2017-08-10,28.355000
2017-08-11,28.549999
2017-08-14,29.004999
2017-08-15,29.049999
2017-08-16,29.135000
2017-08-17,28.565001
2017-08-18,28.535000
2017-08-21,28.525000
2017-08-22,28.950001
2017-08-23,28.879999
2017-08-24,28.855000
2017-08-25,28.850000
2017-08-28,28.905001
2017-08-29,29.030001
2017-08-30,29.240000
2017-08-31,29.415001
2017-09-01,29.389999
2017-09-05,29.129999
2017-09-06,29.155001
2017-09-07,29.254999
2017-09-08,29.014999
2017-09-11,29.424999
2017-09-12,29.495001
2017-09-13,29.455000
2017-09-14,29.355000
2017-09-15,29.370001
2017-09-18,29.395000
2017-09-19,29.525000
2017-09-20,29.405001
2017-09-21,29.245001
2017-09-22,29.260000
2017-09-25,28.915001
2017-09-26,29.020000
2017-09-27,29.315001
2017-09-28,29.350000
2017-09-29,29.549999
2017-10-02,29.594999
2017-10-03,29.665001
2017-10-04,29.645000
2017-10-05,29.930000
2017-10-06,29.975000
2017-10-09,30.049999
2017-10-10,30.080000
2017-10-11,30.180000
2017-10-12,30.105000
2017-10-13,30.250000
2017-10-16,30.360001
2017-10-17,30.360001
2017-10-18,30.434999
2017-10-19,30.344999
2017-10-20,30.549999
2017-10-23,30.405001
2017-10-24,30.490000
2017-10-25,30.325001
2017-10-26,30.450001
2017-10-27,31.270000
2017-10-30,31.340000
2017-10-31,31.475000
2017-11-01,31.480000
2017-11-02,31.495001
2017-11-03,31.745001
2017-11-06,31.815001
2017-11-07,31.830000
2017-11-08,32.005001
2017-11-09,31.750000
2017-11-10,31.750000
2017-11-13,31.740000
2017-11-14,31.674999
2017-11-15,31.440001
2017-11-16,31.879999
2017-11-17,31.674999
2017-11-20,31.795000
2017-11-21,32.130001
2017-11-22,32.070000
2017-11-24,32.250000
2017-11-27,32.250000
2017-11-28,32.355000
2017-11-29,31.639999
2017-11-30,31.920000
2017-12-01,31.754999
2017-12-04,31.245001
2017-12-05,31.254999
2017-12-06,31.455000
2017-12-07,31.650000
2017-12-08,31.799999
2017-12-11,32.075001
2017-12-12,32.064999
2017-12-13,32.075001
2017-12-14,32.035000
2017-12-15,32.279999
2017-12-18,32.564999
2017-12-19,32.365002
2017-12-20,32.355000
2017-12-21,32.290001
2017-12-22,32.270000
2017-12-26,32.055000
2017-12-27,32.090000
2017-12-28,32.145000
2017-12-29,31.975000
2018-01-02,32.369999
2018-01-03,32.639999
2018-01-04,32.805000
2018-01-05,33.150002
2018-01-08,33.275002
2018-01-09,33.189999
2018-01-10,33.075001
2018-01-11,33.209999
2018-01-12,33.404999
2018-01-16,33.275002
2018-01-17,33.775002
2018-01-18,33.834999
2018-01-19,33.900002
2018-01-22,34.230000
2018-01-23,34.380001
2018-01-24,34.115002
2018-01-25,34.055000
2018-01-26,34.595001
2018-01-29,34.279999
2018-01-30,33.970001
2018-01-31,34.224998
2018-02-01,34.255001
2018-02-02,33.240002
2018-02-05,31.850000
2018-02-06,32.764999
2018-02-07,32.345001
2018-02-08,31.004999
2018-02-09,31.764999
2018-02-12,32.334999
2018-02-13,32.415001
2018-02-14,33.009998
2018-02-15,33.639999
2018-02-16,33.590000
2018-02-20,33.619999
2018-02-21,33.404999
2018-02-22,33.445000
2018-02-23,34.145000
2018-02-26,34.680000
2018-02-27,34.330002
2018-02-28,34.084999
2018-03-01,33.520000
2018-03-02,33.840000
2018-03-05,34.185001
2018-03-06,34.259998
2018-03-07,34.450001
2018-03-08,34.599998
2018-03-09,35.255001
2018-03-12,35.365002
2018-03-13,34.959999
2018-03-14,34.930000
2018-03-15,34.950001
2018-03-16,34.805000
2018-03-19,34.115002
2018-03-20,34.099998
2018-03-21,33.895000
2018-03-22,33.020000
2018-03-23,32.139999
2018-03-26,33.360001
2018-03-27,32.290001
2018-03-28,32.075001
2018-03-29,32.709999
2018-04-02,31.930000
2018-04-03,32.244999
2018-04-04,32.695000
2018-04-05,32.830002
2018-04-06,32.025002
2018-04-09,32.275002
2018-04-10,33.070000
2018-04-11,32.875000
2018-04-12,33.270000
2018-04-13,33.160000
2018-04-16,33.415001
2018-04-17,34.035000
2018-04-18,33.945000
2018-04-19,33.570000
2018-04-20,33.105000
2018-04-23,32.985001
2018-04-24,32.410000
2018-04-25,32.415001
2018-04-26,33.005001
2018-04-27,32.945000
2018-04-30,32.730000
2018-05-01,33.139999
2018-05-02,33.105000
2018-05-03,33.180000
2018-05-04,33.810001
2018-05-07,34.044998
2018-05-08,34.119999
2018-05-09,34.540001
2018-05-10,34.990002
2018-05-11,34.939999
2018-05-14,34.935001
2018-05-15,34.605000
2018-05-16,34.759998
2018-05-17,34.580002
2018-05-18,34.435001
2018-05-21,34.735001
2018-05-22,34.685001
2018-05-23,34.939999
2018-05-24,34.900002
2018-05-25,34.875000
2018-05-29,34.685001
2018-05-30,34.939999
2018-05-31,34.950001
2018-06-01,35.544998
2018-06-04,35.830002
2018-06-05,35.955002
2018-06-06,36.189999
2018-06-07,35.900002
2018-06-08,35.840000
2018-06-11,35.880001
2018-06-12,36.055000
2018-06-13,35.869999
2018-06-14,36.125000
2018-06-15,35.860001
2018-06-18,35.900002
2018-06-19,35.715000
2018-06-20,35.790001
2018-06-21,35.514999
2018-06-22,35.400002
2018-06-25,34.665001
2018-06-26,34.805000
2018-06-27,34.330002
2018-06-28,34.750000
2018-06-29,34.735001
2018-07-02,35.044998
2018-07-03,34.630001
2018-07-05,35.119999
2018-07-06,35.529999
2018-07-09,35.799999
2018-07-10,35.884998
2018-07-11,35.744999
2018-07-12,36.310001
2018-07-13,36.270000
2018-07-16,36.185001
2018-07-17,36.455002
2018-07-18,36.395000
2018-07-19,36.264999
2018-07-20,36.275002
2018-07-23,36.459999
2018-07-24,36.660000
2018-07-25,37.119999
2018-07-26,36.549999
2018-07-27,35.924999
2018-07-30,35.365002
2018-07-31,35.459999
2018-08-01,35.779999
2018-08-02,36.230000
2018-08-03,36.360001
2018-08-06,36.555000
2018-08-07,36.695000
2018-08-08,36.794998
2018-08-09,36.810001
2018-08-10,36.514999
2018-08-13,36.465000
2018-08-14,36.689999
2018-08-15,36.360001
2018-08-16,36.520000
2018-08-17,36.575001
2018-08-20,36.520000
2018-08-21,36.580002
2018-08-22,36.689999
2018-08-23,36.770000
2018-08-24,37.139999
2018-08-27,37.480000
2018-08-28,37.544998
2018-08-29,37.884998
2018-08-30,37.770000
2018-08-31,37.799999
2018-09-04,37.654999
2018-09-05,37.185001
2018-09-06,36.915001
2018-09-07,36.790001
2018-09-10,36.904999
2018-09-11,37.220001
2018-09-12,37.064999
2018-09-13,37.500000
2018-09-14,37.470001
2018-09-17,37.000000
2018-09-18,37.235001
2018-09-19,37.139999
2018-09-20,37.580002
2018-09-21,37.305000
2018-09-24,37.490002
2018-09-25,37.445000
2018-09-26,37.305000
2018-09-27,37.525002
2018-09-28,37.665001
2018-10-01,37.845001
2018-10-02,37.849998
2018-10-03,37.965000
2018-10-04,37.279999
2018-10-05,36.810001
2018-10-08,36.395000
2018-10-09,36.525002
2018-10-10,34.755001
2018-10-11,34.314999
2018-10-12,35.415001
2018-10-15,34.834999
2018-10-16,35.884998
2018-10-17,35.720001
2018-10-18,35.020000
2018-10-19,35.005001
2018-10-22,35.294998
2018-10-23,35.160000
2018-10-24,33.584999
2018-10-25,34.740002
2018-10-26,34.044998
2018-10-29,33.470001
2018-10-30,33.845001
2018-10-31,34.650002
2018-11-01,35.055000
2018-11-02,34.369999
2018-11-05,34.334999
2018-11-06,34.549999
2018-11-07,35.564999
2018-11-08,35.535000
2018-11-09,34.919998
2018-11-12,33.689999
2018-11-13,33.730000
2018-11-14,33.325001
2018-11-15,34.160000
2018-11-16,34.105000
2018-11-19,32.805000
2018-11-20,32.099998
2018-11-21,32.334999
2018-11-23,32.040001
2018-11-26,32.764999
2018-11-27,32.830002
2018-11-28,33.980000
2018-11-29,33.650002
2018-11-30,33.970001
2018-12-03,34.720001
2018-12-04,33.404999
2018-12-06,33.480000
2018-12-07,32.299999
2018-12-10,32.744999
2018-12-11,32.785000
2018-12-12,33.040001
2018-12-13,33.095001
2018-12-14,32.285000
2018-12-17,31.600000
2018-12-18,31.850000
2018-12-19,31.219999
2018-12-20,30.660000
2018-12-21,29.600000
2018-12-24,28.809999
2018-12-26,30.549999
2018-12-27,30.770000
2018-12-28,30.700001
2018-12-31,30.990000
2019-01-02,31.010000
2019-01-03,29.445000
2019-01-04,30.750000
2019-01-07,31.025000
2019-01-08,31.285000
2019-01-09,31.690001
2019-01-10,31.830000
2019-01-11,31.770000
2019-01-14,31.475000
2019-01-15,31.950001
2019-01-16,31.980000
2019-01-17,32.185001
2019-01-18,32.674999
2019-01-22,32.125000
2019-01-23,32.235001
2019-01-24,32.505001
2019-01-25,32.965000
2019-01-28,32.525002
2019-01-29,32.174999
2019-01-30,33.174999
2019-01-31,33.139999
2019-02-01,33.334999
2019-02-04,33.869999
2019-02-05,34.154999
2019-02-06,34.270000
2019-02-07,33.799999
2019-02-08,33.994999
2019-02-11,33.980000
2019-02-12,34.430000
2019-02-13,34.474998
2019-02-14,34.535000
2019-02-15,34.810001
2019-02-19,34.820000
2019-02-20,34.860001
2019-02-21,34.875000
2019-02-22,35.320000
2019-02-25,35.490002
2019-02-26,35.564999
2019-02-27,35.529999
2019-02-28,35.430000
2019-03-01,35.669998
2019-03-04,35.535000
2019-03-05,35.430000
2019-03-06,35.244999
2019-03-07,34.910000
2019-03-08,34.904999
2019-03-11,35.654999
2019-03-12,35.865002
2019-03-13,36.099998
2019-03-14,36.174999
2019-03-15,36.494999
2019-03-18,36.650002
2019-03-19,36.724998
2019-03-20,36.625000
2019-03-21,37.544998
2019-03-22,36.660000
2019-03-25,36.500000
2019-03-26,36.700001
2019-03-27,36.490002
2019-03-28,36.639999
2019-03-29,37.000000
2019-04-01,37.505001
2019-04-02,37.634998
2019-04-03,37.939999
2019-04-04,37.779999
2019-04-05,37.959999
2019-04-08,38.105000
2019-04-09,37.924999
2019-04-10,38.189999
2019-04-11,38.139999
2019-04-12,38.404999
2019-04-15,38.389999
2019-04-16,38.584999
2019-04-17,38.799999
2019-04-18,38.910000
2019-04-22,39.000000
2019-04-23,39.424999
2019-04-24,39.439999
2019-04-25,39.430000
2019-04-26,39.279999
2019-04-29,39.290001
2019-04-30,39.355000
2019-05-01,39.255001
2019-05-02,39.049999
2019-05-03,39.419998
2019-05-06,39.115002
2019-05-07,38.275002
2019-05-08,38.230000
2019-05-09,37.970001
2019-05-10,38.090000
2019-05-13,36.654999
2019-05-14,37.244999
2019-05-15,37.650002
2019-05-16,37.994999
2019-05-17,37.689999
2019-05-20,37.035000
2019-05-21,37.490002
2019-05-22,37.294998
2019-05-23,36.639999
2019-05-24,36.650002
2019-05-28,36.544998
2019-05-29,36.330002
2019-05-30,36.555000
2019-05-31,35.945000
2019-06-03,35.314999
2019-06-04,36.494999
2019-06-05,36.970001
2019-06-06,37.400002
2019-06-07,38.095001
2019-06-10,38.485001
2019-06-11,38.485001
2019-06-12,38.270000
2019-06-13,38.384998
2019-06-14,38.049999
2019-06-17,38.080002
2019-06-18,38.770000
2019-06-19,38.910000
2019-06-20,39.480000
2019-06-21,39.154999
2019-06-24,39.230000
2019-06-25,38.509998
2019-06-26,38.924999
2019-06-27,39.025002
2019-06-28,39.020000
2019-07-01,39.639999
2019-07-02,39.744999
2019-07-03,40.049999
2019-07-05,39.974998
2019-07-08,39.669998
2019-07-09,39.810001
2019-07-10,40.125000
2019-07-11,40.275002
2019-07-12,40.570000
2019-07-15,40.705002
2019-07-16,40.325001
2019-07-17,40.220001
2019-07-18,40.520000
2019-07-19,40.345001
2019-07-22,40.810001
2019-07-23,41.035000
2019-07-24,41.375000
2019-07-25,41.205002
2019-07-26,41.294998
2019-07-29,41.270000
2019-07-30,41.005001
2019-07-31,40.384998
2019-08-01,40.180000
2019-08-02,39.525002
2019-08-05,37.875000
2019-08-06,38.505001
2019-08-07,38.744999
2019-08-08,39.695000
2019-08-09,39.244999
2019-08-12,38.730000
2019-08-13,39.700001
2019-08-14,38.480000
2019-08-15,38.410000
2019-08-16,39.139999
2019-08-19,39.735001
2019-08-20,39.535000
2019-08-21,40.000000
2019-08-22,39.904999
2019-08-23,38.584999
2019-08-26,39.119999
2019-08-27,39.060001
2019-08-28,39.095001
2019-08-29,39.775002
2019-08-30,39.764999
2019-09-03,39.279999
2019-09-04,39.950001
2019-09-05,40.785000
2019-09-06,40.750000
2019-09-09,40.445000
2019-09-10,40.240002
2019-09-11,40.660000
2019-09-12,40.880001
2019-09-13,40.580002
2019-09-16,40.480000
2019-09-17,40.645000
2019-09-18,40.639999
2019-09-19,40.730000
2019-09-20,40.130001
2019-09-23,40.255001
2019-09-24,39.865002
2019-09-25,40.340000
2019-09-26,40.384998
2019-09-27,39.845001
2019-09-30,40.264999
2019-10-01,39.889999
2019-10-02,39.139999
2019-10-03,39.619999
2019-10-04,40.275002
2019-10-07,40.105000
2019-10-08,39.369999
2019-10-09,39.955002
2019-10-10,40.230000
2019-10-11,40.785000
2019-10-14,40.759998
2019-10-15,41.209999
2019-10-16,40.924999
2019-10-17,40.845001
2019-10-18,40.455002
2019-10-21,40.889999
2019-10-22,40.340000
2019-10-23,40.375000
2019-10-24,40.965000
2019-10-25,41.459999
2019-10-28,41.985001
2019-10-29,41.605000
2019-10-30,41.860001
2019-10-31,41.834999
2019-11-01,42.334999
2019-11-04,42.555000
2019-11-05,42.505001
2019-11-06,42.485001
2019-11-07,42.820000
2019-11-08,43.060001
2019-11-11,43.080002
2019-11-12,43.224998
2019-11-13,43.320000
2019-11-14,43.270000
2019-11-15,43.619999
2019-11-18,43.750000
2019-11-19,43.834999
2019-11-20,43.570000
2019-11-21,43.349998
2019-11-22,43.294998
2019-11-25,43.924999
2019-11-26,43.965000
2019-11-27,44.209999
2019-11-29,44.080002
2019-12-02,43.450001
2019-12-03,43.064999
2019-12-04,43.240002
2019-12-05,43.400002
2019-12-06,43.880001
2019-12-09,43.650002
2019-12-10,43.685001
2019-12-11,43.980000
2019-12-12,44.450001
2019-12-13,44.744999
2019-12-16,45.145000
2019-12-17,45.040001
2019-12-18,45.035000
2019-12-19,45.360001
2019-12-20,45.474998
2019-12-23,45.605000
2019-12-24,45.619999
2019-12-26,45.959999
2019-12-27,45.955002
2019-12-30,45.689999
2019-12-31,45.834999
2020-01-02,46.695000
2020-01-03,46.169998
2020-01-06,46.279999
2020-01-07,46.259998
2020-01-08,46.755001
2020-01-09,47.285000
2020-01-10,47.174999
2020-01-13,47.764999
2020-01-14,47.540001
2020-01-15,47.595001
2020-01-16,48.235001
2020-01-17,48.560001
2020-01-21,48.540001
2020-01-22,48.715000
2020-01-23,48.945000
2020-01-24,48.715000
2020-01-27,47.555000
2020-01-28,48.465000
2020-01-29,48.590000
2020-01-30,49.009998
2020-01-31,47.665001
2020-02-03,48.294998
2020-02-04,49.560001
2020-02-05,49.849998
2020-02-06,50.305000
2020-02-07,49.845001
2020-02-10,50.520000
2020-02-11,50.349998
2020-02-12,50.895000
2020-02-13,50.759998
2020-02-14,50.980000
2020-02-18,50.790001
2020-02-19,51.395000
2020-02-20,50.860001
2020-02-21,49.720001
2020-02-24,47.665001
2020-02-25,46.139999
2020-02-26,46.349998
2020-02-27,43.849998
2020-02-28,44.185001
2020-03-02,46.740002
2020-03-03,44.965000
2020-03-04,46.895000
2020-03-05,45.415001
2020-03-06,44.455002
2020-03-09,41.080002
2020-03-10,43.820000
2020-03-11,41.750000
2020-03-12,37.674999
2020-03-13,42.095001
2020-03-16,36.279999
2020-03-17,38.750000
2020-03-18,37.290001
2020-03-19,37.424999
2020-03-20,35.709999
2020-03-23,35.200001
2020-03-24,38.805000
2020-03-25,38.755001
2020-03-26,41.154999
2020-03-27,39.294998
2020-03-30,40.950001
2020-03-31,40.185001
2020-04-01,38.270000
2020-04-02,39.165001
2020-04-03,38.560001
2020-04-06,41.849998
2020-04-07,41.474998
2020-04-08,42.590000
2020-04-09,42.599998
2020-04-13,42.695000
2020-04-14,44.485001
2020-04-15,43.514999
2020-04-16,44.044998
2020-04-17,44.630001
2020-04-20,43.915001
2020-04-21,42.075001
2020-04-22,43.695000
2020-04-23,43.395000
2020-04-24,44.314999
2020-04-27,44.695000
2020-04-28,44.099998
2020-04-29,45.910000
2020-04-30,45.705002
2020-05-01,44.450001
2020-05-04,45.040001
2020-05-05,45.660000
2020-05-06,46.014999
2020-05-07,46.705002
2020-05-08,47.389999
2020-05-11,47.705002
2020-05-12,46.720001
2020-05-13,45.915001
2020-05-14,46.500000
2020-05-15,46.735001
2020-05-18,47.880001
2020-05-19,47.705002
2020-05-20,48.750000
2020-05-21,48.070000
2020-05-22,48.244999
2020-05-26,48.195000
2020-05-27,48.470001
2020-05-28,48.375000
2020-05-29,48.985001
2020-06-01,48.970001
2020-06-02,49.430000
2020-06-03,49.814999
2020-06-04,49.404999
2020-06-05,50.705002
2020-06-08,50.959999
2020-06-09,51.200001
2020-06-10,52.055000
2020-06-11,49.070000
2020-06-12,49.705002
2020-06-15,50.185001
2020-06-16,51.255001
2020-06-17,51.244999
2020-06-18,51.474998
2020-06-19,51.119999
2020-06-22,51.939999
2020-06-23,52.314999
2020-06-24,51.134998
2020-06-25,51.790001
2020-06-26,50.770000
2020-06-29,51.325001
2020-06-30,52.244999
2020-07-01,52.330002
2020-07-02,52.634998
2020-07-06,53.555000
2020-07-07,52.994999
2020-07-08,53.860001
2020-07-09,54.055000
2020-07-10,54.040001
2020-07-13,52.919998
2020-07-14,53.529999
2020-07-15,53.820000
2020-07-16,53.154999
2020-07-17,53.415001
2020-07-20,54.779999
2020-07-21,54.230000
2020-07-22,54.665001
2020-07-23,53.244999
2020-07-24,52.599998
2020-07-27,53.430000
2020-07-28,52.805000
2020-07-29,53.570000
2020-07-30,53.869999
2020-07-31,55.215000
2020-08-03,56.575001
2020-08-04,56.720001
2020-08-05,56.930000
2020-08-06,57.730000
2020-08-07,56.869999
2020-08-10,56.709999
2020-08-11,55.689999
2020-08-12,56.955002
2020-08-13,56.980000
2020-08-14,56.939999
2020-08-17,57.320000
2020-08-18,57.535000
2020-08-19,57.465000
2020-08-20,58.230000
2020-08-21,58.970001
2020-08-24,59.480000
2020-08-25,59.779999
2020-08-26,60.994999
2020-08-27,61.044998
2020-08-28,61.580002
2020-08-31,61.775002
2020-09-01,62.955002
2020-09-02,63.514999
2020-09-03,59.895000
2020-09-04,59.060001
2020-09-08,56.389999
2020-09-09,58.230000
2020-09-10,56.915001
2020-09-11,56.480000
2020-09-14,57.665001
2020-09-15,58.235001
2020-09-16,57.334999
2020-09-17,56.860001
2020-09-18,55.880001
2020-09-21,56.220001
2020-09-22,57.110001
2020-09-23,55.330002
2020-09-24,55.639999
2020-09-25,56.970001
2020-09-28,58.060001
2020-09-29,57.865002
2020-09-30,58.349998
2020-10-01,58.965000
2020-10-02,57.470001
2020-10-05,58.730000
2020-10-06,57.820000
2020-10-07,58.880001
2020-10-08,59.185001
2020-10-09,60.090000
2020-10-12,61.730000
2020-10-13,61.334999
2020-10-14,61.009998
2020-10-15,60.735001
2020-10-16,60.560001
2020-10-19,59.450001
2020-10-20,59.654999
2020-10-21,59.564999
2020-10-22,59.285000
2020-10-23,59.220001
2020-10-26,57.935001
2020-10-27,58.224998
2020-10-28,55.755001
2020-10-29,56.685001
2020-10-30,55.430000
2020-11-02,55.570000
2020-11-03,56.549999
2020-11-04,58.750000
2020-11-05,60.575001
2020-11-06,60.790001
2020-11-09,60.349998
2020-11-10,59.224998
2020-11-11,60.630001
2020-11-12,60.090000
2020-11-13,60.599998
2020-11-16,61.185001
2020-11-17,60.845001
2020-11-18,60.195000
2020-11-19,60.680000
2020-11-20,60.055000
2020-11-23,60.040001
2020-11-24,60.875000
2020-11-25,61.005001
2020-11-27,61.330002
2020-11-30,61.740002
2020-12-01,62.529999
2020-12-02,62.435001
2020-12-03,62.395000
2020-12-04,63.020000
2020-12-07,63.200001
2020-12-08,63.404999
2020-12-09,62.189999
2020-12-10,62.279999
2020-12-11,62.150002
2020-12-14,62.375000
2020-12-15,63.415001
2020-12-16,63.845001
2020-12-17,64.349998
2020-12-18,64.125000
2020-12-21,64.040001
2020-12-22,64.595001
2020-12-23,64.105003
2020-12-24,64.529999
2020-12-28,65.260002
2020-12-29,64.949997
2020-12-30,64.915001
2020-12-31,65.010002
2021-01-04,63.950001
2021-01-05,64.364998
2021-01-06,63.255001
2021-01-07,64.959999
2021-01-08,65.379997
2021-01-11,64.839996
2021-01-12,64.529999
2021-01-13,64.940002
2021-01-14,64.370003
2021-01-15,63.709999
2021-01-19,64.540001
2021-01-20,65.820000
2021-01-21,66.669998
2021-01-22,66.415001
2021-01-25,66.970001
2021-01-26,67.014999
2021-01-27,65.750000
2021-01-28,66.019997
2021-01-29,64.464996
2021-02-01,66.080002
2021-02-02,66.974998
2021-02-03,66.745003
2021-02-04,67.809998
2021-02-05,67.660004
2021-02-08,68.370003
2021-02-09,68.290001
2021-02-10,68.190002
2021-02-11,68.940002
2021-02-12,69.294998
2021-02-16,69.070000
2021-02-17,68.459999
2021-02-18,68.125000
2021-02-19,68.025002
2021-02-22,66.525002
2021-02-23,66.339996
2021-02-24,67.355003
2021-02-25,65.000000
2021-02-26,65.345001
2021-03-01,67.449997
2021-03-02,66.379997
2021-03-03,64.709999
2021-03-04,63.279999
2021-03-05,64.474998
2021-03-08,62.915001
2021-03-09,65.055000
2021-03-10,64.794998
2021-03-11,66.180000
2021-03-12,65.705002
2021-03-15,66.404999
2021-03-16,66.904999
2021-03-17,66.849998
2021-03-18,64.995003
2021-03-19,64.800003
2021-03-22,65.934998
2021-03-23,65.525002
2021-03-24,64.730003
2021-03-25,64.690002
2021-03-26,66.334999
2021-03-29,65.989998
2021-03-30,65.364998
2021-03-31,66.404999
2021-04-01,67.739998
2021-04-05,69.139999
2021-04-06,68.845001
2021-04-07,69.209999
2021-04-08,70.209999
2021-04-09,70.885002
2021-04-12,70.544998
2021-04-13,71.209999
2021-04-14,70.455002
2021-04-15,71.665001
2021-04-16,71.650002
2021-04-19,71.055000
2021-04-20,70.425003
2021-04-21,71.135002
2021-04-22,70.300003
2021-04-23,71.349998
2021-04-26,71.714996
2021-04-27,71.540001
2021-04-28,70.875000
2021-04-29,70.815002
2021-04-30,69.849998
2021-05-03,69.654999
2021-05-04,68.404999
2021-05-05,68.239998
2021-05-06,68.925003
2021-05-07,69.514999
2021-05-10,67.760002
2021-05-11,67.555000
2021-05-12,65.654999
2021-05-13,66.525002
2021-05-14,67.989998
2021-05-17,67.489998
2021-05-18,66.949997
2021-05-19,67.184998
2021-05-20,68.470001
2021-05-21,68.095001
2021-05-24,69.305000
2021-05-25,69.324997
2021-05-26,69.320000
2021-05-27,68.955002
2021-05-28,69.199997
2021-06-01,68.860001
2021-06-02,69.334999
2021-06-03,68.690002
2021-06-04,70.010002
2021-06-07,69.995003
2021-06-08,70.000000
2021-06-09,70.050003
2021-06-10,70.565002
2021-06-11,70.985001
2021-06-14,71.705002
2021-06-15,71.264999
2021-06-16,70.879997
2021-06-17,71.699997
2021-06-18,71.044998
2021-06-21,71.675003
2021-06-22,72.324997
2021-06-23,72.245003
2021-06-24,72.699997
2021-06-25,72.614998
2021-06-28,73.375000
2021-06-29,73.910004
2021-06-30,73.830002
2021-07-01,73.955002
2021-07-02,74.930000
2021-07-06,75.214996
2021-07-07,75.625000
2021-07-08,74.910004
2021-07-09,75.599998
2021-07-12,75.660004
2021-07-13,75.970001
2021-07-14,76.529999
2021-07-15,75.900002
2021-07-16,75.150002
2021-07-19,74.114998
2021-07-20,75.214996
2021-07-21,75.940002
2021-07-22,76.500000
2021-07-23,77.260002
2021-07-26,77.220001
2021-07-27,76.489998
2021-07-28,76.394997
2021-07-29,76.750000
2021-07-30,76.699997
2021-08-02,76.425003
2021-08-03,76.915001
2021-08-04,77.070000
2021-08-05,77.495003
2021-08-06,77.430000
2021-08-09,77.180000
2021-08-10,76.625000
2021-08-11,76.635002
2021-08-12,77.074997
2021-08-13,77.495003
2021-08-16,77.845001
2021-08-17,77.199997
2021-08-18,76.135002
2021-08-19,76.879997
2021-08-20,77.870003
2021-08-23,78.875000
2021-08-24,78.785004
2021-08-25,78.739998
2021-08-26,78.245003
2021-08-27,79.000000
2021-08-30,79.849998
2021-08-31,79.430000
2021-09-01,79.449997
2021-09-02,79.364998
2021-09-03,79.680000
2021-09-07,79.699997
2021-09-08,79.394997
2021-09-09,79.095001
2021-09-10,78.315002
2021-09-13,78.339996
2021-09-14,78.239998
2021-09-15,78.925003
2021-09-16,78.970001
2021-09-17,77.739998
2021-09-20,76.190002
2021-09-21,76.220001
2021-09-22,77.264999
2021-09-23,78.300003
2021-09-24,78.355003
2021-09-27,77.595001
2021-09-28,75.294998
2021-09-29,75.199997
2021-09-30,74.660004
2021-10-01,75.785004
2021-10-04,74.029999
2021-10-05,75.084999
2021-10-06,75.574997
2021-10-07,76.264999
2021-10-08,75.980003
2021-10-11,75.559998
2021-10-12,75.169998
2021-10-13,75.629997
2021-10-14,77.334999
2021-10-15,77.955002
2021-10-18,78.614998
2021-10-19,79.394997
2021-10-20,79.175003
2021-10-21,79.480003
2021-10-22,79.205002
2021-10-25,79.464996
2021-10-26,79.690002
2021-10-27,79.620003
2021-10-28,80.419998
2021-10-29,80.764999
2021-11-01,80.644997
2021-11-02,81.355003
2021-11-03,81.830002
2021-11-04,83.110001
2021-11-05,83.540001
2021-11-08,83.989998
2021-11-09,83.644997
2021-11-10,82.264999
2021-11-11,82.650002
2021-11-12,83.654999
2021-11-15,83.570000
2021-11-16,84.449997
2021-11-17,84.195000
2021-11-18,85.035004
2021-11-19,85.654999
2021-11-22,84.699997
2021-11-23,84.504997
2021-11-24,85.120003
2021-11-26,82.995003
2021-11-29,85.070000
2021-11-30,84.360001
2021-12-01,83.205002
2021-12-02,83.970001
2021-12-03,82.565002
2021-12-06,83.349998
2021-12-07,86.260002
2021-12-08,86.654999
2021-12-09,85.720001
2021-12-10,87.440002
2021-12-13,86.139999
2021-12-14,84.724998
2021-12-15,86.970001
2021-12-16,84.504997
2021-12-17,83.940002
2021-12-20,82.785004
2021-12-21,84.879997
2021-12-22,85.989998
2021-12-23,86.470001
2021-12-27,88.324997
2021-12-28,87.864998
2021-12-29,87.940002
2021-12-30,87.360001
2021-12-31,86.934998
2022-01-03,87.760002
2022-01-04,86.830002
2022-01-05,84.160004
2022-01-06,83.735001
2022-01-07,82.964996
2022-01-10,82.980003
2022-01-11,83.974998
2022-01-12,84.370003
2022-01-13,82.184998
2022-01-14,82.879997
2022-01-18,80.889999
2022-01-19,79.760002
2022-01-20,78.730003
2022-01-21,77.165001
2022-01-24,77.565002
2022-01-25,75.769997
2022-01-26,76.214996
2022-01-27,75.690002
2022-01-28,79.000000
2022-01-31,80.985001
2022-02-01,81.195000
2022-02-02,81.855003
2022-02-03,79.480003
2022-02-04,79.800003
2022-02-07,79.269997
2022-02-08,80.250000
2022-02-09,82.029999
2022-02-10,79.885002
2022-02-11,77.445000
2022-02-14,77.419998
2022-02-15,79.455002
2022-02-16,79.375000
2022-02-17,77.000000
2022-02-18,76.220001
2022-02-22,75.514999
2022-02-23,73.625000
2022-02-24,76.139999
2022-02-25,77.175003
2022-02-28,77.035004
2022-03-01,75.495003
2022-03-02,77.129997
2022-03-03,76.209999
2022-03-04,74.875000
2022-03-07,72.135002
2022-03-08,71.785004
2022-03-09,74.625000
2022-03-10,73.320000
2022-03-11,72.029999
2022-03-14,70.695000
2022-03-15,73.070000
2022-03-16,75.445000
2022-03-17,75.980003
2022-03-18,77.535004
2022-03-21,77.245003
2022-03-22,78.355003
2022-03-23,77.150002
2022-03-24,79.154999
2022-03-25,79.110001
2022-03-28,80.050003
2022-03-29,81.750000
2022-03-30,80.660004
2022-03-31,79.464996
2022-04-01,79.230003
2022-04-04,80.735001
2022-04-05,79.035004
2022-04-06,77.165001
2022-04-07,77.285004
2022-04-08,76.205002
2022-04-11,74.285004
2022-04-12,73.955002
2022-04-13,75.144997
2022-04-14,73.320000
2022-04-18,73.559998
2022-04-19,74.940002
2022-04-20,74.870003
2022-04-21,73.599998
2022-04-22,71.540001
2022-04-25,72.614998
2022-04-26,69.910004
2022-04-27,70.945000
2022-04-28,73.785004
2022-04-29,70.709999
2022-05-02,71.785004
2022-05-03,71.910004
2022-05-04,74.434998
2022-05-05,70.855003
2022-05-06,70.285004
2022-05-09,67.565002
2022-05-10,68.595001
2022-05-11,66.430000
2022-05-12,65.745003
2022-05-13,67.930000
2022-05-16,67.330002
2022-05-17,69.279999
2022-05-18,66.110001
2022-05-19,65.385002
2022-05-20,65.529999
2022-05-23,67.035004
2022-05-24,66.040001
2022-05-25,66.809998
2022-05-26,68.415001
2022-05-27,70.730003
2022-05-31,70.224998
2022-06-01,70.014999
2022-06-02,71.709999
2022-06-03,69.995003
2022-06-06,70.000000
2022-06-07,70.834999
2022-06-08,70.035004
2022-06-09,68.165001
2022-06-10,65.544998
2022-06-13,62.639999
2022-06-14,63.035000
2022-06-15,64.364998
2022-06-16,61.744999
2022-06-17,62.310001
2022-06-21,63.730000
2022-06-22,63.459999
2022-06-23,64.410004
2022-06-24,66.724998
2022-06-27,66.275002
2022-06-28,64.290001
2022-06-29,64.419998
2022-06-30,63.560001
2022-07-01,63.705002
2022-07-05,64.504997
2022-07-06,65.059998
2022-07-07,66.404999
2022-07-08,66.434998
2022-07-11,65.519997
2022-07-12,64.625000
2022-07-13,64.455002
2022-07-14,65.044998
2022-07-15,66.190002
2022-07-18,65.550003
2022-07-19,67.550003
2022-07-20,68.605003
2022-07-21,69.570000
2022-07-22,68.610001
2022-07-25,68.175003
2022-07-26,67.070000
2022-07-27,69.955002
2022-07-28,71.019997
2022-07-29,72.110001
2022-08-01,71.955002
2022-08-02,71.445000
2022-08-03,73.345001
2022-08-04,73.680000
2022-08-05,73.510002
2022-08-08,72.885002
2022-08-09,72.154999
2022-08-10,74.125000
2022-08-11,73.834999
2022-08-12,75.305000
2022-08-15,75.779999
2022-08-16,75.574997
2022-08-17,75.035004
2022-08-18,75.425003
2022-08-19,74.055000
2022-08-22,71.989998
2022-08-23,71.800003
2022-08-24,71.845001
2022-08-25,73.059998
2022-08-26,69.940002
2022-08-29,69.014999
2022-08-30,68.294998
2022-08-31,67.629997
2022-09-01,67.300003
2022-09-02,66.425003
2022-09-06,65.985001
2022-09-07,67.040001
2022-09-08,67.269997
2022-09-09,68.599998
2022-09-12,69.699997
2022-09-13,66.000000
2022-09-14,66.239998
2022-09-15,64.714996
2022-09-16,64.355003
2022-09-19,64.720001
2022-09-20,64.339996
2022-09-21,63.334999
2022-09-22,62.689999
2022-09-23,61.869999
2022-09-26,61.439999
2022-09-27,61.520000
2022-09-28,62.169998
2022-09-29,60.549999
2022-09-30,59.389999
2022-10-03,61.230000
2022-10-04,63.285000
2022-10-05,63.494999
2022-10-06,62.974998
2022-10-07,60.384998
2022-10-10,59.369999
2022-10-11,58.459999
2022-10-12,58.279999
2022-10-13,60.090000
2022-10-14,58.400002
2022-10-17,60.180000
2022-10-18,60.689999
2022-10-19,60.514999
2022-10-20,60.549999
2022-10-21,62.169998
2022-10-24,63.029999
2022-10-25,64.235001
2022-10-26,62.805000
2022-10-27,62.090000
2022-10-28,64.790001
2022-10-31,63.935001
2022-11-01,63.400002
2022-11-02,61.209999
2022-11-03,59.410000
2022-11-04,60.494999
2022-11-07,61.505001
2022-11-08,62.095001
2022-11-09,60.480000
2022-11-10,65.449997
2022-11-11,66.570000
2022-11-14,66.000000
2022-11-15,66.800003
2022-11-16,65.885002
2022-11-17,65.970001
2022-11-18,66.044998
2022-11-21,65.334999
2022-11-22,66.599998
2022-11-23,67.190002
2022-11-25,66.800003
2022-11-28,65.370003
2022-11-29,64.730003
2022-11-30,67.980003
2022-12-01,68.074997
2022-12-02,67.680000
2022-12-05,66.555000
2022-12-06,65.129997
2022-12-07,64.800003
2022-12-08,65.860001
2022-12-09,65.455002
2022-12-12,66.885002
2022-12-13,67.675003
2022-12-14,67.105003
2022-12-15,64.595001
2022-12-16,63.740002
2022-12-19,62.709999
2022-12-20,62.805000
2022-12-21,63.845001
2022-12-22,62.235001
2022-12-23,62.299999
2022-12-27,61.709999
2022-12-28,60.715000
2022-12-29,62.305000
2022-12-30,62.220001
2023-01-03,61.630001
2023-01-04,61.790001
2023-01-05,60.590000
2023-01-06,62.365002
2023-01-09,63.090000
2023-01-10,63.480000
2023-01-11,64.580002
2023-01-12,65.059998
2023-01-13,65.245003
2023-01-17,65.540001
2023-01-18,64.695000
2023-01-19,63.939999
2023-01-20,65.669998
2023-01-23,67.165001
2023-01-24,67.135002
2023-01-25,66.995003
2023-01-26,68.065002
2023-01-27,68.349998
2023-01-30,67.044998
2023-01-31,67.980003
2023-02-01,69.580002
2023-02-02,71.480003
2023-02-03,70.885002
2023-02-06,70.019997
2023-02-07,71.769997
2023-02-08,70.904999
2023-02-09,70.514999
2023-02-10,70.190002
2023-02-13,71.404999
2023-02-14,71.709999
2023-02-15,72.044998
2023-02-16,70.794998
2023-02-17,69.910004
2023-02-21,68.250000
2023-02-22,68.150002
2023-02-23,69.279999
2023-02-24,68.044998
2023-02-27,68.410004
2023-02-28,68.260002
2023-03-01,67.760002
2023-03-02,68.595001
2023-03-03,70.070000
2023-03-06,70.404999
2023-03-07,69.529999
2023-03-08,70.105003
2023-03-09,69.099998
2023-03-10,67.885002
2023-03-13,68.254997
2023-03-14,69.830002
2023-03-15,69.870003
2023-03-16,71.830002
2023-03-17,71.730003
2023-03-20,71.764999
2023-03-21,72.345001
2023-03-22,71.625000
2023-03-23,72.790001
2023-03-24,72.980003
2023-03-27,72.415001
2023-03-28,72.074997
2023-03-29,73.584999
2023-03-30,74.440002
2023-03-31,75.504997
2023-04-03,75.385002
2023-04-04,74.970001
2023-04-05,74.114998
2023-04-06,74.535004
2023-04-10,74.495003
2023-04-11,73.794998
2023-04-12,73.375000
2023-04-13,74.739998
2023-04-14,74.324997
2023-04-17,74.595001
2023-04-18,74.824997
2023-04-19,74.610001
2023-04-20,74.120003
2023-04-21,73.879997
2023-04-24,73.555000
2023-04-25,71.985001
2023-04-26,73.055000
2023-04-27,74.605003
2023-04-28,75.415001
2023-05-01,75.459999
2023-05-02,74.754997
2023-05-03,74.125000
2023-05-04,73.769997
2023-05-05,75.620003
2023-05-08,75.580002
2023-05-09,75.000000
2023-05-10,75.915001
2023-05-11,75.574997
2023-05-12,75.474998
2023-05-15,76.099998
2023-05-16,76.180000
2023-05-17,77.195000
2023-05-18,78.775002
2023-05-19,78.739998
2023-05-22,78.889999
2023-05-23,77.724998
2023-05-24,77.154999
2023-05-25,80.114998
2023-05-26,82.389999
2023-05-30,82.830002
2023-05-31,82.139999
2023-06-01,82.974998
2023-06-02,83.449997
2023-06-05,82.970001
2023-06-06,82.949997
2023-06-07,81.709999
2023-06-08,82.595001
2023-06-09,83.004997
2023-06-12,84.809998
2023-06-13,85.324997
2023-06-14,86.205002
2023-06-15,87.315002
2023-06-16,86.595001
2023-06-20,85.830002
2023-06-21,84.559998
2023-06-22,85.250000
2023-06-23,84.324997
2023-06-26,83.720001
2023-06-27,85.370003
2023-06-28,85.419998
2023-06-29,85.570000
2023-06-30,86.930000
2023-07-03,86.745003
2023-07-05,86.209999
2023-07-06,85.980003
2023-07-07,85.605003
2023-07-10,85.830002
2023-07-11,86.014999
2023-07-12,86.989998
2023-07-13,88.125000
2023-07-14,87.995003
2023-07-17,89.120003
2023-07-18,90.129997
2023-07-19,89.904999
2023-07-20,88.110001
2023-07-21,88.065002
2023-07-24,88.220001
2023-07-25,89.230003
2023-07-26,88.029999
2023-07-27,87.775002
2023-07-28,88.970001
2023-07-31,89.175003
2023-08-01,89.324997
2023-08-02,87.114998
2023-08-03,86.760002
2023-08-04,85.580002
2023-08-07,85.820000
2023-08-08,85.160004
2023-08-09,84.059998
2023-08-10,84.070000
2023-08-11,83.449997
2023-08-14,84.779999
2023-08-15,83.945000
2023-08-16,83.144997
2023-08-17,82.355003
2023-08-18,82.480003
2023-08-21,84.055000
2023-08-22,83.959999
2023-08-23,85.474998
2023-08-24,83.504997
2023-08-25,84.355003
2023-08-28,85.044998
2023-08-29,86.750000
2023-08-30,87.404999
2023-08-31,87.830002
2023-09-01,88.099998
2023-09-05,88.415001
2023-09-06,87.480003
2023-09-07,86.214996
2023-09-08,86.394997
2023-09-11,86.845001
2023-09-12,85.269997
2023-09-13,85.485001
2023-09-14,86.105003
2023-09-15,84.449997
2023-09-18,84.675003
2023-09-19,84.629997
2023-09-20,83.300003
2023-09-21,82.029999
2023-09-22,82.205002
2023-09-25,82.470001
2023-09-26,80.985001
2023-09-27,81.110001
2023-09-28,81.684998
2023-09-29,81.964996
2023-10-02,82.845001
2023-10-03,81.440002
2023-10-04,82.455002
2023-10-05,82.565002
2023-10-06,84.110001
2023-10-09,84.544998
2023-10-10,84.675003
2023-10-11,85.459999
2023-10-12,85.540001
2023-10-13,84.315002
2023-10-16,85.125000
2023-10-17,84.730003
2023-10-18,83.860001
2023-10-19,83.379997
2023-10-20,81.970001
2023-10-23,82.065002
2023-10-24,82.629997
2023-10-25,81.654999
2023-10-26,80.095001
2023-10-27,80.559998
2023-10-30,81.425003
2023-10-31,82.004997
2023-11-01,83.589996
2023-11-02,85.004997
2023-11-03,85.879997
2023-11-06,86.445000
2023-11-07,87.389999
2023-11-08,87.885002
2023-11-09,87.474998
2023-11-10,89.760002
2023-11-13,89.235001
2023-11-14,91.019997
2023-11-15,91.135002
2023-11-16,91.589996
2023-11-17,91.400002
2023-11-20,92.724998
2023-11-21,91.974998
2023-11-22,92.385002
2023-11-24,92.205002
2023-11-27,92.199997
2023-11-28,92.375000
2023-11-29,92.445000
2023-11-30,92.580002
2023-12-01,92.790001
2023-12-04,91.660004
2023-12-05,92.209999
2023-12-06,91.430000
2023-12-07,92.540001
2023-12-08,93.330002
2023-12-11,94.144997
2023-12-12,94.769997
2023-12-13,95.605003
2023-12-14,95.370003
2023-12-15,95.849998
2023-12-18,95.925003
2023-12-19,96.290001
2023-12-20,94.834999
2023-12-21,95.900002
2023-12-22,96.025002
2023-12-26,96.425003
2023-12-27,96.419998
2023-12-28,96.535004
2023-12-29,96.239998
2024-01-02,93.720001
2024-01-03,92.764999
2024-01-04,92.084999
2024-01-05,92.059998
2024-01-08,94.370003
2024-01-09,94.519997
2024-01-10,95.324997
2024-01-11,95.809998
2024-01-12,96.120003
2024-01-16,96.360001
2024-01-17,95.885002
2024-01-18,97.830002
2024-01-19,100.084999
2024-01-22,100.525002
2024-01-23,100.930000
2024-01-24,101.625000
2024-01-25,102.050003
2024-01-26,100.875000
2024-01-29,101.800003
2024-01-30,100.959999
2024-01-31,98.839996
2024-02-01,100.084999
2024-02-02,101.120003
2024-02-05,101.349998
2024-02-06,100.885002
2024-02-07,102.220001
2024-02-08,102.540001
2024-02-09,103.919998
2024-02-12,103.129997
2024-02-13,101.379997
2024-02-14,102.440002
2024-02-15,102.224998
2024-02-16,101.285004
2024-02-20,100.254997
2024-02-21,99.625000
2024-02-22,102.885002
2024-02-23,102.644997
2024-02-26,102.745003
2024-02-27,102.834999
2024-02-28,102.349998
2024-02-29,103.489998
2024-03-01,105.379997
2024-03-04,105.379997
2024-03-05,102.790001
2024-03-06,103.605003
2024-03-07,105.239998
2024-03-08,103.675003
2024-03-11,103.389999
2024-03-12,105.510002
2024-03-13,104.370003
2024-03-14,104.389999
2024-03-15,102.815002
2024-03-18,103.150002
2024-03-19,103.684998
2024-03-20,104.845001
2024-03-21,104.919998
2024-03-22,104.955002
2024-03-25,104.260002
2024-03-26,103.830002
2024-03-27,104.360001
2024-03-28,104.135002
2024-04-01,104.425003
2024-04-02,103.419998
2024-04-03,103.695000
2024-04-04,102.055000
2024-04-05,103.224998
2024-04-08,103.105003
2024-04-09,103.625000
2024-04-10,102.355003
2024-04-11,104.400002
2024-04-12,102.709999
2024-04-15,100.760002
2024-04-16,100.879997
2024-04-17,99.425003
2024-04-18,98.290001
2024-04-19,96.264999
2024-04-22,97.125000
2024-04-23,98.565002
2024-04-24,99.014999
2024-04-25,98.800003
2024-04-26,99.915001
2024-04-29,100.345001
2024-04-30,98.135002
2024-05-01,97.129997
2024-05-02,98.529999
2024-05-03,101.275002
2024-05-06,102.464996
2024-05-07,102.129997
2024-05-08,102.419998
2024-05-09,102.389999
2024-05-10,102.769997
2024-05-13,103.254997
2024-05-14,104.169998
2024-05-15,106.514999
2024-05-16,106.144997
2024-05-17,105.910004
2024-05-20,107.154999
2024-05-21,107.330002
2024-05-22,107.570000
2024-05-23,106.695000
2024-05-24,107.595001
2024-05-28,108.050003
2024-05-29,107.364998
2024-05-30,104.915001
2024-05-31,105.080002
2024-06-03,105.345001
2024-06-04,105.565002
2024-06-05,107.910004
2024-06-06,107.550003
2024-06-07,107.800003
2024-06-10,108.074997
2024-06-11,110.084999
2024-06-12,112.519997
2024-06-13,113.410004
2024-06-14,113.834999
2024-06-17,115.559998
2024-06-18,115.705002
2024-06-20,114.404999
2024-06-21,114.205002
2024-06-24,111.209999
2024-06-25,113.250000
2024-06-26,113.120003
2024-06-27,113.175003
2024-06-28,113.114998
2024-07-01,113.970001
2024-07-02,114.540001
2024-07-03,116.084999
2024-07-05,116.440002
2024-07-08,117.235001
2024-07-09,117.139999
2024-07-10,118.839996
2024-07-11,115.864998
2024-07-12,116.900002
2024-07-15,117.110001
2024-07-16,116.720001
2024-07-17,112.180000
2024-07-18,112.190002
2024-07-19,110.434998
2024-07-22,113.050003
2024-07-23,112.599998
2024-07-24,107.940002
2024-07-25,106.785004
2024-07-26,108.139999
2024-07-29,107.660004
2024-07-30,104.955002
2024-07-31,109.400002
2024-08-01,105.320000
2024-08-02,102.360001
2024-08-05,98.949997
2024-08-06,100.294998
2024-08-07,98.669998
2024-08-08,102.355003
2024-08-09,102.815002
2024-08-12,103.654999
2024-08-13,106.839996
2024-08-14,107.425003
2024-08-15,110.514999
2024-08-16,110.699997
2024-08-19,112.525002
2024-08-20,112.129997
2024-08-21,112.790001
2024-08-22,110.195000
2024-08-23,111.980003
2024-08-26,110.574997
2024-08-27,111.245003
2024-08-28,109.709999
2024-08-29,108.720001
2024-08-30,110.165001
2024-09-03,105.105003
2024-09-04,104.834999
2024-09-05,104.675003
2024-09-06,101.959999
2024-09-09,103.629997
2024-09-10,105.180000
2024-09-11,108.769997
2024-09-12,109.669998
2024-09-13,110.220001
2024-09-16,109.800003
2024-09-17,109.584999
2024-09-18,108.584999
2024-09-19,111.809998
2024-09-20,111.264999
2024-09-23,111.044998
2024-09-24,111.805000
2024-09-25,112.125000
2024-09-26,113.610001
2024-09-27,112.550003
2024-09-30,112.879997
2024-10-01,110.129997
2024-10-02,110.945000
2024-10-03,111.404999
2024-10-04,112.644997
2024-10-07,111.870003
2024-10-08,113.959999
2024-10-09,115.235001
2024-10-10,115.205002
2024-10-11,115.404999
2024-10-14,116.910004
2024-10-15,114.339996
2024-10-16,114.695000
2024-10-17,115.044998
2024-10-18,115.455002
2024-10-21,115.995003
2024-10-22,115.875000
2024-10-23,114.214996
2024-10-24,114.550003
2024-10-25,115.144997
2024-10-28,115.110001
2024-10-29,116.660004
2024-10-30,114.805000
2024-10-31,111.120003
2024-11-01,111.955002
2024-11-04,111.870003
2024-11-05,113.445000
2024-11-06,116.675003
2024-11-07,118.709999
2024-11-08,118.580002
2024-11-11,117.925003
2024-11-12,118.074997
2024-11-13,117.665001
2024-11-14,117.264999
2024-11-15,114.355003
2024-11-18,114.724998
2024-11-19,115.665001
2024-11-20,115.565002
2024-11-21,116.739998
2024-11-22,116.800003
2024-11-25,116.794998
2024-11-26,117.379997
2024-11-27,115.790001
2024-11-29,116.864998
2024-12-02,117.974998
2024-12-03,118.400002
2024-12-04,120.565002
2024-12-05,119.955002
2024-12-06,120.419998
2024-12-09,119.635002
2024-12-10,117.974998
2024-12-11,119.684998
2024-12-12,119.014999
2024-12-13,119.525002
2024-12-16,120.720001
2024-12-17,119.989998
2024-12-18,116.120003
2024-12-19,116.245003
2024-12-20,117.980003
2024-12-23,119.035004
2024-12-24,120.264999
2024-12-26,120.345001
2024-12-27,118.745003
2024-12-30,117.235001
2024-12-31,116.260002
2025-01-02,115.985001
2025-01-03,117.875000
2025-01-06,119.375000
2025-01-07,116.980003
2025-01-08,116.940002
2025-01-10,114.389999
2025-01-13,113.580002
2025-01-14,113.879997
2025-01-15,116.144997
2025-01-16,115.250000
2025-01-17,117.055000
2025-01-21,118.029999
2025-01-22,120.695000
2025-01-23,120.910004
2025-01-24,119.650002
2025-01-27,113.785004
2025-01-28,116.820000
2025-01-29,115.870003
2025-01-30,116.084999
2025-01-31,115.404999
2025-02-03,113.849998
2025-02-04,115.489998
2025-02-05,117.095001
2025-02-06,117.415001
2025-02-07,116.410004
2025-02-10,118.110001
2025-02-11,118.165001
2025-02-12,117.910004
2025-02-13,119.580002
2025-02-14,119.985001
2025-02-18,121.080002
2025-02-19,121.089996
2025-02-20,120.705002
2025-02-21,117.434998
2025-02-24,115.754997
2025-02-25,114.254997
2025-02-26,115.500000
2025-02-27,111.294998
2025-02-28,112.764999
2025-03-03,109.334999
2025-03-04,109.250000
2025-03-05,110.785004
2025-03-06,107.709999
2025-03-07,109.269997
2025-03-10,104.625000
2025-03-11,104.199997
2025-03-12,105.839996
2025-03-13,103.830002
2025-03-14,106.970001
2025-03-17,107.714996
2025-03-18,106.074997
2025-03-19,107.455002
2025-03-20,106.690002
2025-03-21,106.980003
2025-03-24,108.815002
2025-03-25,109.175003
2025-03-26,106.739998
2025-03-27,105.754997
2025-03-28,103.190002
2025-03-31,103.239998
2025-04-01,103.995003
2025-04-02,104.764999
2025-04-03,97.614998
2025-04-04,91.184998
2025-04-07,91.730003
2025-04-08,89.864998
2025-04-09,101.930000
2025-04-10,97.184998
2025-04-11,99.175003
2025-04-14,100.080002
2025-04-15,100.445000
2025-04-16,96.955002
2025-04-17,96.430000
2025-04-21,93.940002
2025-04-22,96.230003
2025-04-23,99.019997
2025-04-24,102.714996
2025-04-25,104.235001
2025-04-28,104.065002
2025-04-29,104.550003
2025-04-30,104.985001
2025-05-01,106.525002
2025-05-02,108.305000
2025-05-05,107.730003
2025-05-06,106.834999
2025-05-07,107.904999
2025-05-08,108.934998
2025-05-09,108.800003
2025-05-12,113.849998
2025-05-13,116.309998
2025-05-14,117.065002
2025-05-15,117.224998
2025-05-16,117.445000
2025-05-19,117.275002
2025-05-20,116.834999
2025-05-21,114.639999
2025-05-22,114.669998
2025-05-23,113.404999
2025-05-27,116.099998
2025-05-28,115.620003
2025-05-29,115.815002
2025-05-30,115.455002
2025-06-02,116.474998
2025-06-03,118.224998
2025-06-04,118.400002
2025-06-05,118.065002
2025-06-06,119.180000
2025-06-09,119.764999
2025-06-10,120.434998
2025-06-11,120.169998
2025-06-12,121.285004
2025-06-13,119.584999
2025-06-16,121.519997
2025-06-17,120.660004
2025-06-18,120.805000
2025-06-20,120.269997
2025-06-23,121.440002
2025-06-24,123.620003
2025-06-25,124.675003
2025-06-26,125.535004
2025-06-27,125.385002
2025-06-30,126.614998
2025-07-01,125.485001
2025-07-02,126.809998
2025-07-03,128.479996
2025-07-07,127.459999
2025-07-08,128.145004
2025-07-09,128.914993
2025-07-10,128.490005
2025-07-11,127.925003
2025-07-14,127.820000
2025-07-15,128.955002
2025-07-16,129.354996
2025-07-17,130.529999
2025-07-18,130.445007
2025-07-21,130.615005
2025-07-22,129.404999
2025-07-23,130.145004
2025-07-24,130.695007
2025-07-25,130.994995
2025-07-28,132.039993
2025-07-29,132.044998
2025-07-30,132.339996
2025-07-31,131.369995
2025-08-01,128.535004
2025-08-04,131.145004
2025-08-05,130.059998
2025-08-06,131.524994
2025-08-07,131.645004
2025-08-08,132.960007
2025-08-11,132.059998
2025-08-12,134.104996
2025-08-13,134.154999
2025-08-14,133.865005
2025-08-15,132.850006
2025-08-18,133.134995
2025-08-19,130.809998
2025-08-20,129.925003
2025-08-21,129.455002
2025-08-22,131.210007
2025-08-25,130.914993
2025-08-26,131.514999
2025-08-27,132.225006
2025-08-28,133.270004
2025-08-29,131.225006
2025-09-02,129.899994
2025-09-03,130.675003
2025-09-04,131.320007
2025-09-05,131.429993
2025-09-08,132.414993
2025-09-09,132.669998
2025-09-10,135.074997
2025-09-11,135.529999
2025-09-12,135.440002
2025-09-15,136.660004
2025-09-16,136.184998
2025-09-17,135.714996
2025-09-18,138.059998
2025-09-19,139.460007
2025-09-22,141.330002
2025-09-23,140.110001
2025-09-24,139.244995
2025-09-25,139.000000
2025-09-26,139.419998
2025-09-29,140.164993
2025-09-30,140.929993
2025-10-01,142.309998
2025-10-02,143.080002
2025-10-03,142.360001
2025-10-06,143.800003
2025-10-07,142.839996
2025-10-08,145.345001
2025-10-09,145.100006
2025-10-10,139.195007
2025-10-13,142.585007
2025-10-14,140.755005
2025-10-15,142.149994
2025-10-16,142.255005
2025-10-17,142.505005
2025-10-20,144.095001
2025-10-21,144.169998
2025-10-22,142.744995
2025-10-23,144.544998
2025-10-24,146.789993
2025-10-27,149.500000
2025-10-28,150.979996
2025-10-29,152.065002
2025-10-30,150.195007
2025-10-31,150.339996
2025-11-03,150.955002
2025-11-04,146.970001
2025-11-05,147.544998
2025-11-06,144.580002
2025-11-07,144.080002
2025-11-10,147.764999
2025-11-11,146.505005
2025-11-12,146.960007
2025-11-13,143.294998
2025-11-14,144.074997
2025-11-17,141.820007
2025-11-18,139.514999
2025-11-19,140.485001
2025-11-20,136.074997
2025-11-21,136.600006
2025-11-24,139.854996
2025-11-25,140.229996
2025-11-26,141.889999
2025-11-28,143.110001
2025-12-01,143.175003
2025-12-02,144.649994
2025-12-03,144.994995
2025-12-04,145.535004
2025-12-05,146.600006
2025-12-08,147.630005
2025-12-09,148.020004
2025-12-10,148.729996
2025-12-11,147.970001
2025-12-12,143.690002
2025-12-15,142.300003
2025-12-16,142.559998
2025-12-17,139.389999
2025-12-18,141.539993
2025-12-19,144.600006
2025-12-22,145.160004
2025-12-23,145.949997
2025-12-24,146.300003
2025-12-26,146.529999
2025-12-29,145.869995
2025-12-30,145.410004
2025-12-31,143.970001
2026-01-02,144.300003
2026-01-05,144.619995
2026-01-06,146.649994
2026-01-07,146.529999
2026-01-08,144.240005
2026-01-09,146.149994
2026-01-12,146.789993
2026-01-13,146.479996
2026-01-14,144.699997
2026-01-15,145.460007
2026-01-16,145.619995
2026-01-20,141.839996
2026-01-21,143.809998
2026-01-22,144.880005
2026-01-23,145.089996
2026-01-26,146.080002
2026-01-27,148.050003
2026-01-28,149.229996
2026-01-29,146.869995
2026-01-30,143.880005
2026-02-02,145.259995
2026-02-03,142.080002
2026-02-04,138.119995
2026-02-05,135.630005
2026-02-06,141.130005
2026-02-09,143.350006
2026-02-10,142.550003
2026-02-11,142.970001
2026-02-12,139.210007
2026-02-13,139.559998
2026-02-17,139.479996
2026-02-18,140.910004
2026-02-19,140.210007
2026-02-20,140.880005
2026-02-23,138.520004
2026-02-24,140.320007
2026-02-25,143.009995
2026-02-26,141.009995
2026-02-27,138.759995
2026-03-02,139.539993
2026-03-03,137.500000
2026-03-04,139.839996
2026-03-05,140.179993
2026-03-06,137.289993
2026-03-09,139.759995
2026-03-10,139.759995
2026-03-11,140.429993
2026-03-12,137.839996
2026-03-13,136.800003
2026-03-16,138.779999
2026-03-17,139.539993
2026-03-18,137.960007
2026-03-19,138.429993
2026-03-20,135.289993
2026-03-23,136.949997
2026-03-24,136.149994
2026-03-25,136.759995
2026-03-26,132.500000
2026-03-27,129.919998
2026-03-30,127.500000
2026-03-31,132.899994
2026-04-01,134.910004
2026-04-02,135.990005
2026-04-06,136.779999
2026-04-07,137.429993
2026-04-08,141.690002
2026-04-09,142.070007
2026-04-10,142.619995
2026-04-13,145.610001
2026-04-14,147.940002
2026-04-15,150.300003
2026-04-16,152.020004
2026-04-17,154.350006
2026-04-20,154.559998
2026-04-21,154.690002
2026-04-22,158.089996
2026-04-23,155.839996
2026-04-24,160.220001
2026-04-27,160.570007
2026-04-28,157.850006
2026-04-29,159.110001
2026-04-30,159.500000
2026-05-01,161.869995
2026-05-04,162.050003
2026-05-05,165.630005
2026-05-06,170.029999
2026-05-07,169.690002
2026-05-08,175.520004
2026-05-11,177.880005
2026-05-12,175.199997
2026-05-13,176.850006
2026-05-14,179.500000
2026-05-15,176.259995
2026-05-18,174.360001
2026-05-19,173.240005
2026-05-20,177.139999
2026-05-21,178.600006
2026-05-22,180.389999
2026-05-26,185.139999
2026-05-27,184.429993
2026-05-28,186.850006
2026-05-29,191.020004
2026-06-01,195.759995
2026-06-02,198.210007
2026-06-03,196.229996
2026-06-04,193.169998
2026-06-05,180.300003
2026-06-08,184.179993
2026-06-09,180.770004
2026-06-10,176.630005
2026-06-11,183.210007
2026-06-12,184.800003
2026-06-15,191.789993
2026-06-16,186.440002
2026-06-17,185.800003
2026-06-18,191.440002
2026-06-22,192.149994
2026-06-23,184.190002
2026-06-24,183.050003
2026-06-25,184.570007
2026-06-26,181.110001
2026-06-29,185.410004
2026-06-30,190.520004
2026-07-01,185.619995
2026-07-02,180.589996
2026-07-06,183.570007
2026-07-07,179.179993
2026-07-08,181.399994
2026-07-09,185.350006
2026-07-10,185.779999
2026-07-13,181.279999
2026-07-14,183.619995
2026-07-15,181.580002
2026-07-16,177.520004
2026-07-17,175.589996
2026-07-20,175.710007
2026-07-21,180.779999
2026-07-22,180.270004
2026-07-23,178.449997
2026-07-24,175.880005
2026-07-27,174.300003
2026-07-28,171.089996
2026-07-29,166.570007
2026-07-30,175.729996
2026-07-31,175.350006
2026-08-03,178.039993
2026-08-04,186.899994
2026-08-05,185.910004
2026-08-06,185.330002
2026-08-07,187.970001
2026-08-10,186.320007
2026-08-11,186.089996
2026-08-12,188.860001
2026-08-13,190.770004
2026-08-14,190.009995
2026-08-17,190.320007
2026-08-18,185.619995
2026-08-19,183.639999
2026-08-20,183.100006
2026-08-21,183.309998
2026-08-24,180.050003
2026-08-25,181.740005
2026-08-26,182.839996
2026-08-27,188.610001
2026-08-28,185.690002
2026-08-31,186.500000
2026-09-01,183.639999
2026-09-02,183.600006
2026-09-03,185.970001
2026-09-04,187.279999
2026-09-08,187.869995
2026-09-09,187.869995
