d,o,h,l,c
2015-10-01,21.695000,21.725000,21.227500,21.390000
2015-10-02,21.550000,21.675000,21.352500,21.675000
2015-10-05,21.735000,21.990000,21.655000,21.955000
2015-10-06,21.910000,21.975000,21.670000,21.805000
2015-10-07,21.830000,21.875000,21.695000,21.730000
2015-10-08,21.715000,22.035000,21.647500,22.000000
2015-10-09,21.995000,22.015000,21.825050,21.895000
2015-10-12,21.975000,22.220000,21.900500,22.090000
2015-10-13,22.070000,22.162500,21.995000,22.040000
2015-10-14,22.140000,22.197500,22.005000,22.035000
2015-10-15,22.120000,22.400000,22.015000,22.360000
2015-10-16,22.380000,22.530000,22.320000,22.390000
2015-10-19,22.370000,22.415000,22.180000,22.405000
2015-10-20,22.335000,22.572500,22.320000,22.480000
2015-10-21,22.545000,22.665000,22.420000,22.435000
2015-10-22,22.530000,22.760000,22.450000,22.695000
2015-10-23,22.675000,22.685000,22.281550,22.295000
2015-10-26,22.345000,22.360000,22.040500,22.215000
2015-10-27,22.195000,22.245000,22.062500,22.135000
2015-10-28,22.140000,22.225000,21.655000,21.900000
2015-10-29,21.790000,21.860000,21.482500,21.775000
2015-10-30,21.800000,21.960000,21.720000,21.875000
2015-11-02,21.860000,21.945000,21.730000,21.900000
2015-11-03,21.820000,21.990000,21.760000,21.965000
2015-11-04,21.940000,22.147500,21.940000,22.080000
2015-11-05,22.035000,22.100000,21.890000,21.890000
2015-11-06,21.535000,21.585000,20.945000,21.125000
2015-11-09,21.030000,21.280000,20.985000,21.180000
2015-11-10,21.190000,21.435000,21.150000,21.370000
2015-11-11,21.430000,21.595000,21.385000,21.555000
2015-11-12,21.500000,21.705000,21.335000,21.350000
2015-11-13,21.375000,21.523250,21.205000,21.270000
2015-11-16,21.310000,21.635000,21.235000,21.630000
2015-11-17,21.620000,21.747500,21.180000,21.240000
2015-11-18,21.255000,21.419950,21.065050,21.375000
2015-11-19,21.425000,21.647500,21.405000,21.605000
2015-11-20,21.640000,21.850000,21.600000,21.695000
2015-11-23,21.720000,21.745500,21.460000,21.495000
2015-11-24,21.400000,21.492500,21.295000,21.465000
2015-11-25,21.460000,21.460000,21.255000,21.335000
2015-11-27,21.395000,21.475000,21.345000,21.375000
2015-11-30,21.400000,21.565000,21.365000,21.410000
2015-12-01,21.460000,21.625000,21.375000,21.580000
2015-12-02,21.495000,21.550000,21.095000,21.100000
2015-12-03,21.065000,21.070000,20.870000,20.940000
2015-12-04,21.015000,21.265000,20.950000,21.235000
2015-12-07,21.185000,21.340000,21.085050,21.330000
2015-12-08,21.245000,21.330000,21.130000,21.300000
2015-12-09,21.205000,21.530000,21.135000,21.305000
2015-12-10,21.275000,21.315000,20.935000,20.952500
2015-12-11,20.905000,21.065000,20.750000,20.895000
2015-12-14,20.975000,21.002500,20.752500,21.000000
2015-12-15,21.030000,21.295000,21.017500,21.165000
2015-12-16,21.245000,21.735000,21.180000,21.700000
2015-12-17,21.740000,21.865000,21.578850,21.745000
2015-12-18,21.495000,21.520000,21.090000,21.255000
2015-12-21,21.305000,21.390000,21.130000,21.240000
2015-12-22,21.300000,21.475000,21.105000,21.420000
2015-12-23,21.455000,21.797500,21.425000,21.750000
2015-12-24,21.675000,21.800000,21.675000,21.735000
2015-12-28,21.605000,21.802500,21.605000,21.775000
2015-12-29,21.880000,21.970000,21.840000,21.895000
2015-12-30,21.910000,21.970000,21.830000,21.875000
2015-12-31,21.840000,21.900000,21.445000,21.640000
2016-01-04,21.515000,21.600000,21.335000,21.595000
2016-01-05,21.585000,21.805000,21.277500,21.750000
2016-01-06,21.620000,21.800000,21.535000,21.710000
2016-01-07,21.475000,21.674950,21.434750,21.565000
2016-01-08,21.580000,21.730000,21.515000,21.555000
2016-01-11,21.570000,21.767500,21.560000,21.670000
2016-01-12,21.685000,21.749850,21.415000,21.585000
2016-01-13,21.665000,21.757500,21.510000,21.575000
2016-01-14,21.570000,22.022500,21.500000,21.900000
2016-01-15,21.680000,21.840000,21.445000,21.705000
2016-01-19,21.820000,22.090000,21.735000,22.030000
2016-01-20,21.940000,21.975000,21.225000,21.535000
2016-01-21,21.600000,21.680000,21.325000,21.515000
2016-01-22,21.645000,21.915000,21.540000,21.900000
2016-01-25,21.890000,21.945000,21.635000,21.715000
2016-01-26,21.765000,22.080000,21.765000,21.865000
2016-01-27,21.825000,22.075000,21.730000,21.915000
2016-01-28,21.885000,22.409250,21.765000,22.265000
2016-01-29,22.410000,22.730000,22.410000,22.710000
2016-02-01,22.605000,23.030000,22.590000,22.925000
2016-02-02,22.840000,23.050000,22.730000,23.025000
2016-02-03,23.105000,23.415000,23.100000,23.310000
2016-02-04,23.290000,23.415000,23.147500,23.210000
2016-02-05,23.075000,23.375000,22.870000,23.285000
2016-02-08,23.235000,23.500000,22.990000,23.205000
2016-02-09,23.125000,23.375000,23.070000,23.285000
2016-02-10,23.230000,23.385000,22.857500,23.260000
2016-02-11,23.115000,23.305000,22.840000,22.850000
2016-02-12,22.835000,22.965000,22.595000,22.780000
2016-02-16,22.895000,22.975000,22.685000,22.925000
2016-02-17,23.000000,23.000000,22.730000,22.880000
2016-02-18,22.835000,23.335000,22.815000,23.255000
2016-02-19,23.155000,23.220000,22.950000,23.100000
2016-02-22,23.225000,23.370000,23.094950,23.370000
2016-02-23,23.295000,23.442500,23.190000,23.390000
2016-02-24,23.390000,23.544500,23.287500,23.500000
2016-02-25,23.575000,23.740000,23.505000,23.740000
2016-02-26,23.605000,23.660000,23.080000,23.085000
2016-02-29,23.050000,23.370000,23.030000,23.150000
2016-03-01,23.270000,23.325000,22.890000,23.035000
2016-03-02,22.975000,23.165000,22.540000,23.155000
2016-03-03,23.190000,23.295000,22.880000,23.295000
2016-03-04,23.145000,23.630000,23.090000,23.555000
2016-03-07,23.515000,23.735000,23.440000,23.685000
2016-03-08,23.730000,23.937500,23.602500,23.920000
2016-03-09,23.870000,24.105000,23.850000,24.030000
2016-03-10,24.020000,24.130000,23.820000,24.049600
2016-03-11,24.165000,24.225000,24.025000,24.075000
2016-03-14,24.070000,24.150000,23.970000,24.105000
2016-03-15,24.080000,24.227500,24.050000,24.150000
2016-03-16,24.060000,24.520000,23.897500,24.520000
2016-03-17,24.425000,24.710000,24.335000,24.655000
2016-03-18,24.470000,24.545000,24.305000,24.315000
2016-03-21,24.240000,24.410000,24.055500,24.290000
2016-03-22,24.260000,24.390000,24.180000,24.210000
2016-03-23,24.210000,24.485000,24.100000,24.390000
2016-03-24,24.380000,24.490000,24.310000,24.455000
2016-03-28,24.495000,24.625000,24.315000,24.365000
2016-03-29,24.440000,24.745000,24.342500,24.725000
2016-03-30,24.725000,24.780000,24.575000,24.665000
2016-03-31,24.700000,24.835000,24.610000,24.810000
2016-04-01,24.710000,24.940000,24.630000,24.905000
2016-04-04,24.910000,24.940000,24.672500,24.800000
2016-04-05,24.745000,24.785000,24.315000,24.335000
2016-04-06,24.300000,24.340000,24.155000,24.305000
2016-04-07,24.270000,24.455000,24.230000,24.295000
2016-04-08,24.370000,24.582500,24.345000,24.425000
2016-04-11,24.425000,24.580000,24.300000,24.320000
2016-04-12,24.325000,24.520000,24.285000,24.490000
2016-04-13,24.560000,24.560000,24.210000,24.340000
2016-04-14,24.280000,24.395000,24.230000,24.310000
2016-04-15,24.360000,24.500000,24.275000,24.445000
2016-04-18,24.430000,24.540000,24.265050,24.539600
2016-04-19,24.565000,24.615000,24.420000,24.580000
2016-04-20,24.600000,24.630000,23.950000,23.965000
2016-04-21,23.875000,23.940000,23.362500,23.465000
2016-04-22,23.530000,23.705000,23.515000,23.674600
2016-04-25,23.575000,23.725000,23.560000,23.720000
2016-04-26,23.735000,23.855000,23.690000,23.755000
2016-04-27,23.825000,24.237500,23.750000,24.100000
2016-04-28,23.890000,24.125000,23.750000,24.065000
2016-04-29,23.965000,24.235000,23.784050,24.210000
2016-05-02,24.225000,24.525000,24.195000,24.405000
2016-05-03,24.385000,24.515000,24.250000,24.385000
2016-05-04,24.395000,24.825000,24.320000,24.670000
2016-05-05,24.600000,24.872500,24.485000,24.575000
2016-05-06,24.455000,24.540000,24.195000,24.415000
2016-05-09,24.430000,24.590000,24.380000,24.555000
2016-05-10,24.580000,24.670000,24.490000,24.580000
2016-05-11,24.585000,24.690000,24.450000,24.670000
2016-05-12,24.630000,24.855000,24.540000,24.815000
2016-05-13,24.750000,24.805000,24.575000,24.695000
2016-05-16,24.610000,24.730000,24.520000,24.725000
2016-05-17,24.645000,24.705000,24.175000,24.305400
2016-05-18,24.165000,24.354800,23.770300,23.850000
2016-05-19,23.760000,24.095000,23.625000,24.090000
2016-05-20,24.145000,24.175000,23.960000,24.145000
2016-05-23,24.140000,24.200000,23.900000,23.930000
2016-05-24,23.970000,24.197500,23.935000,24.170000
2016-05-25,24.040000,24.175000,23.930000,24.100000
2016-05-26,24.070000,24.405000,24.070000,24.372500
2016-05-27,24.370000,24.460000,24.290000,24.415000
2016-05-31,24.375000,24.595000,24.370000,24.575000
2016-06-01,24.570000,24.670000,24.517500,24.640000
2016-06-02,24.620000,24.650000,24.405000,24.650000
2016-06-03,24.975000,25.175000,24.855000,25.040000
2016-06-06,25.050000,25.135000,24.900000,25.005000
2016-06-07,25.025000,25.155000,24.935000,24.985000
2016-06-08,24.980000,25.155000,24.942500,25.135000
2016-06-09,25.150000,25.395000,25.115000,25.350000
2016-06-10,25.325000,25.455000,25.185000,25.285000
2016-06-13,25.325000,25.417500,25.235000,25.255000
2016-06-14,25.265000,25.405000,25.130000,25.390000
2016-06-15,25.380000,25.430000,25.140000,25.230000
2016-06-16,25.200000,25.445000,25.180000,25.390000
2016-06-17,25.160000,25.280000,25.020000,25.275000
2016-06-20,25.235000,25.310000,24.990000,25.180000
2016-06-21,25.195000,25.335000,25.035000,25.215000
2016-06-22,25.215000,25.255000,25.070000,25.095000
2016-06-23,25.050000,25.175000,24.995000,25.165000
2016-06-24,25.110000,25.430000,24.895000,25.305000
2016-06-27,25.175000,25.585000,25.140000,25.515000
2016-06-28,25.525000,25.625000,25.315000,25.610000
2016-06-29,25.730000,25.800000,25.590000,25.680000
2016-06-30,25.795000,26.265000,25.680000,26.235000
2016-07-01,26.380000,26.380000,25.971550,26.240000
2016-07-05,26.320000,26.475000,26.240000,26.435000
2016-07-06,26.405000,26.510000,26.250000,26.490000
2016-07-07,26.400000,26.415000,25.950000,26.000000
2016-07-08,25.775000,26.285000,25.720000,26.270000
2016-07-11,26.190000,26.270000,25.945000,26.250000
2016-07-12,26.075000,26.180000,25.875000,25.890000
2016-07-13,26.000000,26.095000,25.940000,26.095000
2016-07-14,25.835000,26.045000,25.805000,25.925000
2016-07-15,25.895000,26.065000,25.875000,26.000000
2016-07-18,26.030000,26.155000,26.025000,26.075000
2016-07-19,26.050000,26.105000,25.910000,26.030000
2016-07-20,25.995000,26.055000,25.840000,25.880000
2016-07-21,25.765000,26.053750,25.735000,26.035000
2016-07-22,25.970000,26.405000,25.945000,26.380000
2016-07-25,26.345000,26.370000,26.175000,26.335000
2016-07-26,26.345000,26.365000,26.030000,26.105000
2016-07-27,26.045000,26.075000,25.580000,25.805000
2016-07-28,25.790000,25.950000,25.730000,25.905000
2016-07-29,25.910000,26.145000,25.865000,26.060000
2016-08-01,25.995000,26.135000,25.980000,26.075000
2016-08-02,25.940000,26.005000,25.785000,25.905000
2016-08-03,25.905000,25.950000,25.670000,25.750000
2016-08-04,25.780000,25.930000,25.662500,25.735000
2016-08-05,25.590000,25.645000,25.350000,25.365000
2016-08-08,25.355000,25.585000,25.287500,25.355000
2016-08-09,25.390000,25.485000,25.285000,25.350000
2016-08-10,25.410000,25.470000,25.290000,25.355000
2016-08-11,25.350000,25.430000,25.275000,25.415000
2016-08-12,25.505000,25.635000,25.445000,25.450000
2016-08-15,25.450000,25.540000,25.060000,25.060000
2016-08-16,25.000000,25.015000,24.765000,24.765000
2016-08-17,24.735000,25.182500,24.545000,25.135000
2016-08-18,25.130000,25.445000,25.085000,25.445000
2016-08-19,25.270000,25.375000,25.000000,25.135000
2016-08-22,25.175000,25.310000,25.125000,25.200000
2016-08-23,25.240000,25.360000,25.075000,25.090000
2016-08-24,25.050000,25.120000,24.885000,25.080000
2016-08-25,25.055000,25.180000,25.050000,25.095000
2016-08-26,25.110000,25.280000,24.555000,24.575000
2016-08-29,24.650000,24.835000,24.625000,24.775000
2016-08-30,24.755000,24.875000,24.485000,24.515000
2016-08-31,24.490000,24.625000,24.435000,24.615000
2016-09-01,24.550000,24.633750,24.460000,24.490000
2016-09-02,24.580000,24.840000,24.530000,24.815000
2016-09-06,24.945000,25.115000,24.875000,25.085000
2016-09-07,25.100000,25.145000,24.945000,25.090000
2016-09-08,24.920000,25.205000,24.920000,25.175000
2016-09-09,24.925000,24.955000,24.221900,24.230000
2016-09-12,24.190000,24.710000,24.190000,24.660000
2016-09-13,24.580000,24.610000,24.210000,24.320000
2016-09-14,24.410000,24.610000,24.305000,24.415000
2016-09-15,24.390000,24.645000,24.330000,24.600000
2016-09-16,24.425000,24.665000,24.245000,24.630000
2016-09-19,24.710000,24.885000,24.650000,24.875000
2016-09-20,24.975000,25.015000,24.815000,24.830000
2016-09-21,24.875000,25.355000,24.825000,25.335000
2016-09-22,25.540000,25.545000,25.305000,25.490000
2016-09-23,25.415000,25.540000,25.295000,25.470000
2016-09-26,25.470000,25.510000,25.320000,25.405000
2016-09-27,25.490000,25.615000,25.050000,25.075000
2016-09-28,25.090000,25.170000,24.825000,25.040000
2016-09-29,24.985000,24.995000,24.540000,24.665000
2016-09-30,24.685000,24.865000,24.370000,24.495000
2016-10-03,24.505000,24.505000,24.005000,24.150000
2016-10-04,24.135000,24.155000,23.500000,23.645000
2016-10-05,23.700000,23.885000,23.505000,23.595000
2016-10-06,23.515000,23.710000,23.395000,23.590000
2016-10-07,23.755000,23.980000,23.550000,23.560000
2016-10-10,23.575000,23.775000,23.575000,23.755000
2016-10-11,23.740000,23.740000,23.445000,23.485000
2016-10-12,23.500000,23.760000,23.460000,23.715000
2016-10-13,23.755000,24.165000,23.705000,24.010000
2016-10-14,23.885000,24.115000,23.840000,23.875000
2016-10-17,23.950000,24.065000,23.920000,24.005000
2016-10-18,24.110000,24.260000,23.900000,24.210000
2016-10-19,24.195000,24.230000,24.042500,24.155000
2016-10-20,24.200000,24.327500,24.095000,24.140000
2016-10-21,24.035000,24.125000,23.895050,24.000000
2016-10-24,24.105000,24.177500,23.945000,24.090000
2016-10-25,24.060000,24.240000,24.030000,24.240000
2016-10-26,24.175000,24.330000,24.055000,24.300000
2016-10-27,24.160000,24.255000,23.985000,24.155000
2016-10-28,24.140000,24.345000,24.100000,24.230000
2016-10-31,24.290000,24.860000,24.225000,24.715000
2016-11-01,24.645000,24.695000,24.200000,24.265000
2016-11-02,24.150000,24.215000,23.757500,23.960000
2016-11-03,23.900000,24.145000,23.815700,24.050000
2016-11-04,24.145000,24.375000,23.960000,23.975000
2016-11-07,24.075000,24.400000,23.845000,24.395000
2016-11-08,24.425000,24.680000,24.385000,24.585000
2016-11-09,24.155000,24.175000,23.640000,23.680000
2016-11-10,23.555000,23.580000,22.805000,23.110000
2016-11-11,23.060000,23.327500,22.925000,23.015000
2016-11-14,22.840000,23.050000,22.662500,23.000000
2016-11-15,23.130000,23.425000,23.120000,23.370000
2016-11-16,23.425000,23.485000,23.057500,23.210000
2016-11-17,23.100000,23.339000,23.100000,23.215000
2016-11-18,23.280000,23.330000,23.045000,23.145000
2016-11-21,23.210000,23.395000,23.175000,23.390000
2016-11-22,23.400000,23.513750,23.280000,23.480000
2016-11-23,23.150000,23.460000,23.150000,23.245000
2016-11-25,23.280000,23.660000,23.280000,23.580000
2016-11-28,23.650000,24.090000,23.645000,24.035000
2016-11-29,23.975000,24.250000,23.935000,24.135000
2016-11-30,23.780000,23.835000,23.375000,23.375000
2016-12-01,23.180000,23.285000,23.021900,23.190000
2016-12-02,23.325000,23.564150,23.245000,23.400000
2016-12-05,23.300000,23.435000,23.085000,23.430000
2016-12-06,23.420000,23.515000,23.330000,23.385000
2016-12-07,23.470000,23.690000,23.445000,23.690000
2016-12-08,23.540000,23.772500,23.370000,23.730000
2016-12-09,23.710000,23.990000,23.710000,23.980000
2016-12-12,23.880000,24.255000,23.875000,24.230000
2016-12-13,24.350000,24.500000,24.260000,24.480000
2016-12-14,24.590000,24.720000,23.945000,23.975000
2016-12-15,23.925000,24.167500,23.797500,24.145000
2016-12-16,23.975000,24.290000,23.920000,24.205000
2016-12-19,24.350000,24.360000,24.085000,24.295000
2016-12-20,24.225000,24.395000,24.195000,24.325000
2016-12-21,24.330000,24.445000,24.220000,24.225000
2016-12-22,24.210000,24.355000,24.165000,24.310000
2016-12-23,24.340000,24.400000,24.225000,24.305000
2016-12-27,24.210000,24.385000,24.185000,24.325000
2016-12-28,24.340000,24.355000,24.060000,24.095000
2016-12-29,24.190000,24.457500,24.130000,24.420000
2016-12-30,24.465000,24.474950,24.210000,24.285000
2017-01-03,24.250000,24.315000,24.069950,24.225000
2017-01-04,24.260000,24.440050,24.215050,24.315000
2017-01-05,24.370000,24.380000,24.080000,24.340000
2017-01-06,24.220000,24.460000,24.175000,24.415000
2017-01-09,24.505000,24.515000,24.090000,24.095000
2017-01-10,24.090000,24.100000,23.925000,24.020000
2017-01-11,24.015000,24.295000,24.010000,24.270000
2017-01-12,24.285000,24.330000,24.145000,24.290000
2017-01-13,24.240000,24.325000,24.100000,24.255000
2017-01-17,24.335000,24.600000,24.312500,24.520000
2017-01-18,24.450000,24.610000,24.450000,24.490000
2017-01-19,24.350000,24.490000,24.215000,24.275000
2017-01-20,24.310000,24.390000,24.165000,24.320000
2017-01-23,24.355000,24.410000,24.170000,24.195000
2017-01-24,24.190000,24.295000,24.145000,24.190000
2017-01-25,24.080000,24.215000,24.055500,24.190000
2017-01-26,24.180000,24.315000,24.090000,24.200000
2017-01-27,24.245000,24.320000,24.145000,24.195000
2017-01-30,24.205000,24.295000,24.070000,24.215000
2017-01-31,24.235000,24.610000,24.210000,24.590000
2017-02-01,24.460000,24.470000,24.095000,24.165000
2017-02-02,24.240000,24.420000,24.095000,24.420000
2017-02-03,24.490000,24.550000,24.396050,24.450000
2017-02-06,24.545000,24.560000,24.375000,24.400000
2017-02-07,24.440000,24.500000,24.375000,24.460000
2017-02-08,24.520000,24.745000,24.475000,24.700000
2017-02-09,24.675000,24.735000,24.430000,24.490000
2017-02-10,24.425000,24.677500,24.420000,24.645000
2017-02-13,24.665000,24.790000,24.580050,24.765000
2017-02-14,24.730000,24.740000,24.455000,24.585000
2017-02-15,24.410000,24.533300,24.325000,24.525000
2017-02-16,24.530000,24.780000,24.530000,24.770000
2017-02-17,24.835000,24.860000,24.645000,24.785000
2017-02-21,24.750000,25.100000,24.665000,25.045000
2017-02-22,25.045000,25.200000,24.945000,25.150000
2017-02-23,25.260000,25.500000,25.205000,25.410000
2017-02-24,25.495000,25.795000,25.495000,25.795000
2017-02-27,25.745000,25.764500,25.615000,25.650000
2017-02-28,25.645000,25.950000,25.600000,25.885000
2017-03-01,25.515000,25.842500,25.490000,25.655000
2017-03-02,25.565000,26.000000,25.530000,25.840000
2017-03-03,25.840000,25.852500,25.545000,25.760000
2017-03-06,25.715000,25.765000,25.620000,25.710000
2017-03-07,25.680000,25.790000,25.660000,25.695000
2017-03-08,25.475000,25.500000,25.275500,25.325000
2017-03-09,25.385000,25.475000,25.250000,25.270000
2017-03-10,25.405000,25.530000,25.320000,25.480000
2017-03-13,25.460000,25.570000,25.430000,25.555000
2017-03-14,25.525000,25.600000,25.445000,25.530000
2017-03-15,25.620000,26.070000,25.570000,25.940000
2017-03-16,25.890000,25.890000,25.605000,25.655000
2017-03-17,25.550000,25.760000,25.520000,25.615000
2017-03-20,25.675000,25.725000,25.375000,25.451900
2017-03-21,25.460000,25.900000,25.445000,25.805000
2017-03-22,25.910000,26.115000,25.825000,25.930000
2017-03-23,25.925000,26.085000,25.780000,25.850000
2017-03-24,25.865000,26.040000,25.800000,25.945000
2017-03-27,26.050000,26.105000,25.745000,25.845000
2017-03-28,25.840000,25.870000,25.710000,25.825000
2017-03-29,25.815000,25.837500,25.645000,25.755000
2017-03-30,25.715000,25.715000,25.485000,25.555000
2017-03-31,25.585000,25.780000,25.565000,25.655000
2017-04-03,25.655000,25.655000,25.415000,25.650000
2017-04-04,25.625000,25.825000,25.575000,25.730000
2017-04-05,25.700000,25.900000,25.645000,25.875000
2017-04-06,25.845000,25.855000,25.710000,25.810000
2017-04-07,25.910000,25.945000,25.680000,25.700000
2017-04-10,25.715000,25.775000,25.570000,25.745000
2017-04-11,25.760000,25.785000,25.565000,25.735000
2017-04-12,25.700000,25.940000,25.620000,25.925000
2017-04-13,25.955000,25.960000,25.725000,25.840000
2017-04-17,25.900000,25.965000,25.830000,25.955000
2017-04-18,25.995000,26.070000,25.915000,26.015000
2017-04-19,25.985000,25.995000,25.742500,25.835000
2017-04-20,25.805000,25.805000,25.550000,25.735000
2017-04-21,25.700000,25.975000,25.700000,25.865000
2017-04-24,25.890000,26.030000,25.715000,26.000000
2017-04-25,25.925000,26.005000,25.820000,25.965000
2017-04-26,25.960000,26.080000,25.860000,25.885000
2017-04-27,25.875000,26.100000,25.855000,25.975000
2017-04-28,25.940000,25.975000,25.770000,25.850000
2017-05-01,25.910000,25.910000,25.630000,25.695000
2017-05-02,25.725000,25.820000,25.620000,25.725000
2017-05-03,25.760000,25.790000,25.620000,25.635000
2017-05-04,25.560000,25.755000,25.555000,25.725000
2017-05-05,25.800000,25.960000,25.775000,25.865000
2017-05-08,25.885000,25.915000,25.725000,25.855000
2017-05-09,25.835000,25.855000,25.620000,25.665000
2017-05-10,25.685000,25.760000,25.565000,25.705000
2017-05-11,25.640000,25.740000,25.535000,25.740000
2017-05-12,25.800000,25.920000,25.765000,25.865000
2017-05-15,25.870000,26.020000,25.840000,25.975000
2017-05-16,25.935000,26.010000,25.755000,25.785000
2017-05-17,25.850000,25.970000,25.735000,25.850000
2017-05-18,25.905000,26.072500,25.717500,25.940000
2017-05-19,25.935000,26.040000,25.790000,26.040000
2017-05-22,26.000000,26.305000,25.985000,26.265000
2017-05-23,26.310000,26.490000,26.265000,26.335000
2017-05-24,26.360000,26.530000,26.335000,26.485000
2017-05-25,26.540000,26.745000,26.472500,26.700000
2017-05-26,26.715000,26.760000,26.650000,26.700000
2017-05-30,26.720000,26.850000,26.646700,26.785000
2017-05-31,26.815000,27.015000,26.785000,26.920000
2017-06-01,26.850000,27.115000,26.820000,27.110000
2017-06-02,27.315000,27.315000,27.060000,27.140000
2017-06-05,27.140000,27.165000,27.015000,27.055000
2017-06-06,27.115000,27.115000,26.960000,26.995000
2017-06-07,26.995000,27.147500,26.950000,27.085000
2017-06-08,27.030000,27.050000,26.695000,26.860000
2017-06-09,26.775000,26.855000,26.642500,26.835000
2017-06-12,26.870000,26.980000,26.635000,26.785000
2017-06-13,26.755000,26.870500,26.690000,26.850000
2017-06-14,27.020000,27.140000,26.910000,26.995000
2017-06-15,26.920000,27.177500,26.920000,27.150000
2017-06-16,27.010000,27.109950,26.960000,27.055000
2017-06-19,27.080000,27.095000,26.870000,26.965000
2017-06-20,26.995000,27.015000,26.930000,26.980000
2017-06-21,26.975000,27.020000,26.680000,26.820000
2017-06-22,26.780000,26.878250,26.675000,26.695000
2017-06-23,26.700000,26.800000,26.550000,26.605000
2017-06-26,26.665000,26.935000,26.570000,26.785000
2017-06-27,26.665000,26.740000,26.410000,26.485000
2017-06-28,26.565000,26.625000,26.205000,26.230000
2017-06-29,26.075000,26.110000,25.920000,26.020000
2017-06-30,26.050000,26.190000,25.980000,25.980000
2017-07-03,26.020000,26.090000,25.825000,25.860000
2017-07-05,25.945000,25.945000,25.667200,25.735000
2017-07-06,25.630000,25.755000,25.627500,25.725000
2017-07-07,25.720000,25.870000,25.695000,25.745000
2017-07-10,25.820000,25.877500,25.705000,25.725000
2017-07-11,25.765000,25.765000,25.585000,25.710000
2017-07-12,25.935000,26.005000,25.885000,25.930000
2017-07-13,25.915000,25.982500,25.820000,25.840000
2017-07-14,26.010000,26.080000,25.930000,25.960000
2017-07-17,25.975000,26.080000,25.920000,26.080000
2017-07-18,26.140000,26.182500,26.070000,26.155000
2017-07-19,26.200000,26.275000,26.125000,26.265000
2017-07-20,26.335000,26.460000,26.270000,26.455000
2017-07-21,26.460000,26.645000,26.370000,26.645000
2017-07-24,26.660000,26.660000,26.355000,26.395000
2017-07-25,26.340000,26.415000,26.215000,26.245000
2017-07-26,26.240000,26.495000,26.200000,26.495000
2017-07-27,26.420000,26.560000,26.387500,26.560000
2017-07-28,26.520000,26.595000,26.395000,26.520000
2017-07-31,26.490000,26.670000,26.450000,26.610000
2017-08-01,26.650000,26.810000,26.625000,26.760000
2017-08-02,26.705000,26.880000,26.545000,26.875000
2017-08-03,26.910000,27.010000,26.790000,27.010000
2017-08-04,26.870000,26.950000,26.745000,26.890000
2017-08-07,26.920000,26.985000,26.850000,26.975000
2017-08-08,26.950000,27.085000,26.915000,27.085000
2017-08-09,27.130000,27.200000,26.925000,26.945000
2017-08-10,26.905000,27.080000,26.845000,27.030000
2017-08-11,26.970000,27.026550,26.775000,26.870000
2017-08-14,26.875000,27.040000,26.870000,27.025000
2017-08-15,26.840000,27.194950,26.825000,27.175000
2017-08-16,27.130000,27.300000,27.130000,27.285000
2017-08-17,27.225000,27.315000,27.070050,27.090000
2017-08-18,27.000000,27.380000,27.000000,27.250000
2017-08-21,27.330000,27.395000,27.222500,27.350000
2017-08-22,27.365000,27.415000,27.270000,27.410000
2017-08-23,27.400000,27.510000,27.310000,27.500000
2017-08-24,27.485000,27.545000,27.430000,27.480000
2017-08-25,27.545000,27.668450,27.477500,27.570000
2017-08-28,27.665000,27.665000,27.490000,27.620000
2017-08-29,27.665000,27.710000,27.555000,27.560000
2017-08-30,27.545000,27.570000,27.440000,27.480000
2017-08-31,27.505000,27.557500,27.465000,27.485000
2017-09-01,27.525000,27.570000,27.320000,27.400000
2017-09-05,27.450000,27.490000,27.315000,27.470000
2017-09-06,27.500000,27.545000,27.295000,27.345000
2017-09-07,27.370000,27.580000,27.342500,27.550000
2017-09-08,27.510000,27.700000,27.460000,27.680000
2017-09-11,27.630000,27.950000,27.625000,27.915000
2017-09-12,27.895000,27.895000,27.300000,27.450000
2017-09-13,27.425000,27.445000,27.292500,27.315000
2017-09-14,27.300000,27.557500,27.220000,27.545000
2017-09-15,27.415000,27.455000,27.250000,27.375000
2017-09-18,27.355000,27.375000,26.915000,27.095000
2017-09-19,27.140000,27.157500,26.997500,27.040000
2017-09-20,27.085000,27.143500,26.735000,26.840000
2017-09-21,26.865000,27.010000,26.800000,26.835000
2017-09-22,26.910000,26.945000,26.615000,26.615000
2017-09-25,26.655000,26.887500,26.610000,26.860000
2017-09-26,26.850000,26.903750,26.760000,26.810000
2017-09-27,26.625000,26.730000,26.320000,26.450000
2017-09-28,26.355000,26.612500,26.285000,26.545000
2017-09-29,26.555000,26.632500,26.430000,26.525000
2017-10-02,26.510000,26.692500,26.480000,26.570000
2017-10-03,26.585000,26.590000,26.330000,26.495000
2017-10-04,26.510000,26.770000,26.430000,26.760000
2017-10-05,26.750000,26.787500,26.615000,26.735000
2017-10-06,26.610000,26.725000,26.510000,26.715000
2017-10-09,26.765000,26.815000,26.715000,26.750000
2017-10-10,26.815000,27.015000,26.730000,27.010000
2017-10-11,26.980000,27.257500,26.975000,27.125000
2017-10-12,27.155000,27.335000,27.110000,27.265000
2017-10-13,27.340000,27.385000,26.995000,27.075000
2017-10-16,27.065000,27.125000,26.795000,27.015000
2017-10-17,27.000000,27.230000,26.922500,27.175000
2017-10-18,27.060000,27.177500,27.020000,27.125000
2017-10-19,27.175000,27.410000,27.145000,27.410000
2017-10-20,27.300000,27.485000,27.290000,27.430000
2017-10-23,27.425000,27.500000,27.327500,27.445000
2017-10-24,27.400000,27.500000,27.332500,27.470000
2017-10-25,27.355000,27.405000,27.025000,27.350000
2017-10-26,27.480000,27.622500,27.345000,27.355000
2017-10-27,27.325000,27.590000,27.275000,27.525000
2017-10-30,27.515000,27.585000,27.440000,27.530000
2017-10-31,27.510000,27.615000,27.440000,27.560000
2017-11-01,27.605000,27.605000,27.357350,27.405000
2017-11-02,27.405000,27.620000,27.335000,27.505000
2017-11-03,27.470000,27.740000,27.410000,27.605000
2017-11-06,27.640000,27.655000,27.485000,27.500000
2017-11-07,27.545000,27.870000,27.445000,27.830000
2017-11-08,27.815000,27.922500,27.655000,27.850000
2017-11-09,27.770000,27.935000,27.705000,27.885000
2017-11-10,27.735000,27.817500,27.660000,27.755000
2017-11-13,27.785000,28.110000,27.785000,28.085000
2017-11-14,28.005000,28.455000,27.995000,28.435000
2017-11-15,28.545000,28.615000,28.160000,28.190000
2017-11-16,28.120000,28.185000,28.015000,28.100000
2017-11-17,28.040000,28.110050,27.880000,27.905000
2017-11-20,27.920000,27.952800,27.775000,27.820000
2017-11-21,27.900000,27.972500,27.820000,27.895000
2017-11-22,27.875000,27.947500,27.787500,27.895000
2017-11-24,27.910000,28.050000,27.895000,27.940000
2017-11-27,27.975000,28.107500,27.905000,28.060000
2017-11-28,28.130000,28.245000,28.070000,28.190000
2017-11-29,28.095000,28.325000,27.995000,28.205000
2017-11-30,28.240000,28.360000,28.182500,28.300000
2017-12-01,28.395000,28.450000,28.050000,28.205000
2017-12-04,28.220000,28.330000,27.997500,28.045000
2017-12-05,28.090000,28.090000,27.555000,27.690000
2017-12-06,27.735000,27.847500,27.645000,27.795000
2017-12-07,27.745000,27.850000,27.625000,27.845000
2017-12-08,27.810000,27.937500,27.700000,27.935000
2017-12-11,27.910000,28.120000,27.829750,28.105000
2017-12-12,28.000000,28.035000,27.610000,27.625000
2017-12-13,27.700000,27.855000,27.620000,27.700000
2017-12-14,27.675000,27.790000,27.450000,27.665000
2017-12-15,27.500000,27.610000,27.420000,27.510000
2017-12-18,27.535000,27.612500,27.165000,27.205000
2017-12-19,27.205000,27.240000,26.695000,26.710000
2017-12-20,26.690000,26.785000,26.485000,26.500000
2017-12-21,26.315000,26.320000,26.080000,26.185000
2017-12-22,26.215000,26.325000,26.200000,26.225000
2017-12-26,26.255000,26.335000,26.065000,26.070000
2017-12-27,26.165000,26.230000,26.110000,26.180000
2017-12-28,26.230000,26.335000,26.185000,26.325000
2017-12-29,26.405000,26.455000,26.285000,26.340000
2018-01-02,26.335000,26.370000,26.015000,26.095000
2018-01-03,26.000000,26.190000,25.800000,25.890000
2018-01-04,25.810000,25.980000,25.625000,25.675000
2018-01-05,25.765000,25.805000,25.535000,25.665000
2018-01-08,25.710000,25.925000,25.657500,25.905000
2018-01-09,25.900000,25.910000,25.610000,25.650000
2018-01-10,25.500000,25.540000,25.315000,25.370000
2018-01-11,25.342500,25.460000,25.190000,25.275000
2018-01-12,25.200000,25.335000,25.055000,25.130000
2018-01-16,25.230000,25.300000,24.930000,25.075000
2018-01-17,25.115000,25.300000,25.080000,25.230000
2018-01-18,25.230000,25.235000,24.940000,25.070000
2018-01-19,25.170000,25.225000,24.965000,24.995000
2018-01-22,25.115000,25.275000,24.990000,25.030000
2018-01-23,25.125000,25.447500,25.050000,25.270000
2018-01-24,25.230000,25.250000,25.075000,25.115000
2018-01-25,25.125000,25.525000,25.110000,25.505000
2018-01-26,25.575000,25.650000,25.265000,25.520000
2018-01-29,25.400000,25.445000,25.162500,25.195000
2018-01-30,25.175000,25.345000,25.165000,25.240000
2018-01-31,25.270000,25.545000,25.132100,25.520000
2018-02-01,25.490000,25.590000,25.042500,25.120000
2018-02-02,24.995000,25.180000,24.907500,24.940000
2018-02-05,24.900000,25.162500,24.485000,24.530000
2018-02-06,24.240000,24.370000,23.685000,24.165000
2018-02-07,24.150000,24.435000,24.040000,24.050000
2018-02-08,23.980000,24.305000,23.755000,23.780000
2018-02-09,23.845000,24.462500,23.775000,24.280000
2018-02-12,24.330000,24.600000,24.110000,24.465000
2018-02-13,24.455000,24.667500,24.200000,24.575000
2018-02-14,24.365000,24.527500,24.230000,24.300000
2018-02-15,24.360000,24.850000,24.325000,24.840000
2018-02-16,24.855000,25.120000,24.760000,25.060000
2018-02-20,24.975000,25.065000,24.615500,24.735000
2018-02-21,24.750000,24.915000,24.405000,24.410000
2018-02-22,24.490000,24.720000,24.400000,24.535000
2018-02-23,24.605000,25.205000,24.575000,25.175000
2018-02-26,25.275000,25.320000,25.050000,25.100000
2018-02-27,25.120000,25.270000,24.690000,24.700000
2018-02-28,24.790000,24.855000,24.530000,24.530000
2018-03-01,24.580000,24.930000,24.420000,24.535000
2018-03-02,24.520000,24.765000,24.265050,24.470000
2018-03-05,24.410000,25.025000,24.360000,24.970000
2018-03-06,24.940000,24.995000,24.580000,24.635000
2018-03-07,24.560000,24.665000,24.355000,24.450000
2018-03-08,24.505000,24.685000,24.465000,24.630000
2018-03-09,24.580000,24.705000,24.510000,24.700000
2018-03-12,24.710000,24.837000,24.677500,24.805000
2018-03-13,24.895000,25.010000,24.670000,24.860000
2018-03-14,24.935000,25.200000,24.920000,25.115000
2018-03-15,25.100000,25.330000,24.950000,25.100000
2018-03-16,24.905000,25.187500,24.890000,25.125000
2018-03-19,25.110000,25.195000,24.822500,24.970000
2018-03-20,24.975000,25.080650,24.795000,24.855000
2018-03-21,24.875000,25.110000,24.685000,24.770000
2018-03-22,24.795000,25.280000,24.725000,24.880000
2018-03-23,24.880000,25.105000,24.480000,24.530000
2018-03-26,24.610000,24.820000,24.560000,24.785000
2018-03-27,24.820000,25.400000,24.740000,25.140000
2018-03-28,25.170000,25.270000,24.965000,25.130000
2018-03-29,25.205000,25.385000,25.160000,25.265000
2018-04-02,25.310000,25.430000,24.890000,25.070000
2018-04-03,25.025000,25.272500,24.960000,25.155000
2018-04-04,25.150000,25.275000,24.945000,25.210000
2018-04-05,25.205000,25.485000,24.925000,25.410000
2018-04-06,25.445000,25.500000,25.155000,25.210000
2018-04-09,25.230000,25.435000,25.145000,25.260000
2018-04-10,25.265000,25.295000,25.010000,25.065000
2018-04-11,25.055000,25.145000,24.945000,25.030000
2018-04-12,25.035000,25.100000,24.650000,24.700000
2018-04-13,24.745000,25.002500,24.745000,24.895000
2018-04-16,24.950000,25.247500,24.935000,25.235000
2018-04-17,25.295000,25.580000,25.190000,25.490000
2018-04-18,25.520000,25.745000,25.390000,25.395000
2018-04-19,25.305000,25.437500,25.175500,25.380000
2018-04-20,25.350000,25.410000,25.070000,25.150000
2018-04-23,25.185000,25.310000,25.070000,25.165000
2018-04-24,25.185000,25.487500,25.142500,25.335000
2018-04-25,25.245000,25.430000,25.150000,25.340000
2018-04-26,25.365000,25.630000,25.250000,25.595000
2018-04-27,25.565000,25.950000,25.515000,25.855000
2018-04-30,25.895000,25.980000,25.755000,25.780000
2018-05-01,25.780000,25.825000,25.655000,25.700000
2018-05-02,25.705000,25.795000,25.572600,25.675000
2018-05-03,25.625000,25.760000,25.350000,25.640000
2018-05-04,25.685000,25.870000,25.685000,25.755000
2018-05-07,25.740000,25.792500,25.585000,25.620000
2018-05-08,25.515000,25.560000,24.935000,24.980000
2018-05-09,24.985000,25.030000,24.710000,24.805000
2018-05-10,25.015000,25.160000,24.880000,25.155000
2018-05-11,25.180000,25.257500,25.090000,25.190000
2018-05-14,25.230000,25.275000,24.985000,25.095000
2018-05-15,24.945000,25.060000,24.765000,24.885000
2018-05-16,24.895000,24.930000,24.596250,24.690000
2018-05-17,24.695000,24.765000,24.440000,24.490000
2018-05-18,24.560000,24.640000,24.305000,24.495000
2018-05-21,24.525000,24.687550,24.415000,24.620000
2018-05-22,24.610000,24.852500,24.610000,24.710000
2018-05-23,24.795000,24.990000,24.732500,24.935000
2018-05-24,24.970000,25.157500,24.885000,25.140000
2018-05-25,25.175000,25.315000,25.122500,25.250000
2018-05-29,25.205000,25.418750,25.070000,25.250000
2018-05-30,25.180000,25.500000,25.115000,25.455000
2018-05-31,25.425000,25.644000,25.270000,25.495000
2018-06-01,25.430000,25.440000,24.985000,25.105000
2018-06-04,25.155000,25.260000,24.885000,24.905000
2018-06-05,24.950000,24.982500,24.680000,24.775000
2018-06-06,24.770000,24.800000,24.185000,24.185000
2018-06-07,24.225000,24.592500,24.172500,24.355000
2018-06-08,24.445000,24.455000,24.267500,24.345000
2018-06-11,24.400000,24.490000,24.225000,24.295000
2018-06-12,24.275000,24.605000,24.260000,24.575000
2018-06-13,24.605000,24.750000,24.435000,24.510000
2018-06-14,24.550000,24.870000,24.520000,24.815000
2018-06-15,24.565000,24.780000,24.370000,24.770000
2018-06-18,24.755000,24.930000,24.705000,24.850000
2018-06-19,24.895000,25.185000,24.850000,25.095000
2018-06-20,25.135000,25.177500,25.005000,25.115000
2018-06-21,25.140000,25.330000,25.060000,25.200000
2018-06-22,25.215000,25.440000,25.165000,25.375000
2018-06-25,25.380000,25.847500,25.380000,25.795000
2018-06-26,25.725000,25.975000,25.670000,25.825000
2018-06-27,25.795000,26.000000,25.725000,25.950000
2018-06-28,25.975000,26.182500,25.897500,25.940000
2018-06-29,25.895000,26.085000,25.750000,25.980000
2018-07-02,25.995000,26.180000,25.872500,26.165000
2018-07-03,26.175000,26.395000,26.055000,26.240000
2018-07-05,26.255000,26.400000,26.145000,26.380000
2018-07-06,26.435000,26.645000,26.390000,26.585000
2018-07-09,26.580000,26.582500,25.675000,25.765000
2018-07-10,25.520000,26.150000,25.445000,26.010000
2018-07-11,26.000000,26.290000,25.980000,26.245000
2018-07-12,26.245000,26.317500,26.125000,26.265000
2018-07-13,26.300000,26.360000,26.095000,26.270000
2018-07-16,26.250000,26.315000,26.112500,26.245000
2018-07-17,26.285000,26.330000,26.200000,26.225000
2018-07-18,26.195000,26.240000,25.980000,26.090000
2018-07-19,26.115000,26.485000,26.115000,26.330000
2018-07-20,26.250000,26.320000,25.970000,26.145000
2018-07-23,26.150000,26.200000,25.870000,25.960000
2018-07-24,25.890000,26.130000,25.590000,26.050000
2018-07-25,26.045000,26.255000,25.965000,26.125000
2018-07-26,26.250000,26.479950,26.205000,26.405000
2018-07-27,26.420000,26.535000,26.215000,26.320000
2018-07-30,26.285000,26.285000,26.075000,26.160000
2018-07-31,26.275000,26.465000,26.180000,26.395000
2018-08-01,26.245000,26.300000,26.000000,26.225000
2018-08-02,26.215000,26.435000,26.060000,26.355000
2018-08-03,26.365000,26.717600,26.275000,26.650000
2018-08-06,26.675000,26.825000,26.620000,26.670000
2018-08-07,26.620000,26.672500,26.420000,26.630000
2018-08-08,26.540000,26.579500,26.395000,26.490000
2018-08-09,26.485000,26.625000,26.392500,26.610000
2018-08-10,26.645000,26.830000,26.485000,26.495000
2018-08-13,26.540000,26.580000,26.405000,26.530000
2018-08-14,26.540000,26.687600,26.510000,26.585000
2018-08-15,26.670000,26.990000,26.615050,26.830000
2018-08-16,26.770000,27.137500,26.715000,27.120000
2018-08-17,27.105000,27.377500,27.055000,27.260000
2018-08-20,27.315000,27.330000,27.097500,27.165000
2018-08-21,27.125000,27.140000,26.887500,26.970000
2018-08-22,26.995000,27.000000,26.667500,26.770000
2018-08-23,26.760000,26.940000,26.697500,26.750000
2018-08-24,26.720000,26.890000,26.615000,26.865000
2018-08-27,26.885000,26.960000,26.565000,26.700000
2018-08-28,26.635000,26.735000,26.565000,26.645000
2018-08-29,26.710000,26.840000,26.670000,26.840000
2018-08-30,26.885000,26.995000,26.755000,26.850000
2018-08-31,26.890000,27.000000,26.632500,26.735000
2018-09-04,26.765000,27.000000,26.740000,26.855000
2018-09-05,26.825000,27.245000,26.825000,27.230000
2018-09-06,27.245000,27.470000,27.165000,27.385000
2018-09-07,27.120000,27.250000,26.987500,27.050000
2018-09-10,27.105000,27.295000,27.085000,27.185000
2018-09-11,27.175000,27.285000,27.060000,27.115000
2018-09-12,27.110000,27.260000,27.030000,27.090000
2018-09-13,27.080000,27.305000,26.952500,27.295000
2018-09-14,27.185000,27.210000,26.920000,27.150000
2018-09-17,27.100000,27.280000,27.070000,27.240000
2018-09-18,27.200000,27.280000,27.060000,27.190000
2018-09-19,27.180000,27.180000,26.475000,26.600000
2018-09-20,26.565000,26.677550,26.345000,26.655000
2018-09-21,26.375000,26.625000,26.255000,26.530000
2018-09-24,26.440000,26.535000,26.270500,26.295000
2018-09-25,26.220000,26.235000,25.891850,25.935000
2018-09-26,26.060000,26.070000,25.670000,25.680000
2018-09-27,25.745000,26.085000,25.685000,25.945000
2018-09-28,26.000000,26.345000,25.965000,26.325000
2018-10-01,26.245000,26.295000,26.135000,26.235000
2018-10-02,26.285000,26.660000,26.285000,26.590000
2018-10-03,26.545000,26.685000,26.045000,26.270000
2018-10-04,26.205000,26.465000,26.010000,26.410000
2018-10-05,26.370000,26.901650,26.350000,26.815000
2018-10-08,26.920000,27.220000,26.797500,27.040000
2018-10-09,27.015000,27.270000,26.975000,27.150000
2018-10-10,27.105000,27.442500,26.990000,27.000000
2018-10-11,27.075000,27.140000,26.370000,26.505000
2018-10-12,26.470000,26.555000,26.252500,26.475000
2018-10-15,26.470000,26.767500,26.440000,26.600000
2018-10-16,26.570000,27.022500,26.487500,26.875000
2018-10-17,26.840000,26.955000,26.680000,26.825000
2018-10-18,26.895000,27.030000,26.725000,26.865000
2018-10-19,26.870000,27.430000,26.785000,27.285000
2018-10-22,27.315000,27.345000,27.045000,27.110000
2018-10-23,27.160000,27.335000,26.850000,26.960000
2018-10-24,27.080000,27.745000,26.966400,27.615000
2018-10-25,27.435000,27.435000,27.050000,27.185000
2018-10-26,27.330000,27.410000,26.500600,26.685000
2018-10-29,26.745000,27.177500,26.745000,27.060000
2018-10-30,27.165000,27.330000,26.845000,27.165000
2018-10-31,26.940000,27.105050,26.685000,26.845000
2018-11-01,26.885000,26.900000,26.550000,26.725000
2018-11-02,26.800000,26.870000,26.400000,26.575000
2018-11-05,26.695000,27.045000,26.630000,26.950000
2018-11-06,26.925000,27.190000,26.890000,27.130000
2018-11-07,27.330000,27.480000,27.115000,27.440000
2018-11-08,27.465000,27.555000,27.165000,27.395000
2018-11-09,27.300000,27.555000,27.245000,27.435000
2018-11-12,27.235000,27.702500,27.035000,27.420000
2018-11-13,27.415000,27.595000,27.205000,27.535000
2018-11-14,27.300000,27.480000,27.156600,27.250000
2018-11-15,27.110000,27.135000,26.782500,27.025000
2018-11-16,27.440000,27.570000,27.235000,27.440000
2018-11-19,27.400000,27.585000,27.285000,27.560000
2018-11-20,27.640000,27.835000,27.280000,27.445000
2018-11-21,27.350000,27.385000,26.965000,27.040000
2018-11-23,27.075000,27.120000,26.875000,27.055000
2018-11-26,27.085000,27.230050,26.940000,27.215000
2018-11-27,27.195000,27.450000,27.085000,27.420000
2018-11-28,27.450000,27.530000,27.307150,27.400000
2018-11-29,27.440000,27.440000,27.110000,27.390000
2018-11-30,27.455000,27.820000,27.385000,27.795000
2018-12-03,27.705000,28.075000,27.545000,28.075000
2018-12-04,28.145000,28.402500,28.022500,28.095000
2018-12-06,28.210000,28.220000,27.550000,28.125000
2018-12-07,28.085000,28.392500,27.895000,28.230000
2018-12-10,28.230000,28.375000,27.740000,28.285000
2018-12-11,28.320000,28.495000,28.170000,28.400000
2018-12-12,28.370000,28.555000,28.205000,28.220000
2018-12-13,28.240000,28.587500,28.235000,28.465000
2018-12-14,28.490000,28.555000,28.245000,28.410000
2018-12-17,28.465000,28.482500,27.385000,27.495000
2018-12-18,27.650000,27.845000,27.230000,27.310000
2018-12-19,27.365000,27.585000,27.105000,27.265000
2018-12-20,27.290000,27.640000,26.940000,27.250000
2018-12-21,27.225000,27.710000,26.825000,26.905000
2018-12-24,26.855000,27.055000,25.675000,25.780000
2018-12-26,25.785000,26.165000,25.405000,26.130000
2018-12-27,26.140000,26.385000,25.700000,26.350000
2018-12-28,26.410000,26.680000,26.312500,26.415000
2018-12-31,26.425000,26.535000,26.185000,26.460000
2019-01-02,26.355000,26.380000,25.850000,26.005000
2019-01-03,26.005000,26.220000,25.878800,26.000000
2019-01-04,25.880000,26.397500,25.845000,26.385000
2019-01-07,26.220000,26.335000,26.060000,26.205000
2019-01-08,26.230000,26.560000,26.085000,26.530000
2019-01-09,26.515000,26.625000,26.295000,26.370000
2019-01-10,26.400000,26.765000,26.365000,26.715000
2019-01-11,26.680000,26.736850,26.450000,26.615000
2019-01-14,26.300000,26.619950,25.770000,26.015000
2019-01-15,25.905000,26.480000,25.880000,26.335000
2019-01-16,26.285000,26.440000,26.135000,26.430000
2019-01-17,26.410000,26.600000,26.370000,26.540000
2019-01-18,26.575000,26.660000,26.450000,26.570000
2019-01-22,26.565000,26.766050,26.360000,26.620000
2019-01-23,26.625000,26.905000,26.578000,26.890000
2019-01-24,26.870000,27.055000,26.670000,27.030000
2019-01-25,26.945000,27.070000,26.620000,26.660000
2019-01-28,26.665000,26.765000,26.415000,26.535000
2019-01-29,26.660000,26.735000,26.520000,26.610000
2019-01-30,26.540000,26.930000,26.500000,26.815000
2019-01-31,26.805000,27.460000,26.685000,27.380000
2019-02-01,27.265000,27.380000,27.038500,27.275000
2019-02-04,27.155000,27.335000,26.965000,27.320000
2019-02-05,27.320000,27.425000,27.165000,27.375000
2019-02-06,27.335000,27.470000,27.225000,27.360000
2019-02-07,27.320000,27.720000,27.235550,27.720000
2019-02-08,27.655000,27.855000,27.595000,27.840000
2019-02-11,27.840000,27.975000,27.735000,27.830000
2019-02-12,27.835000,28.035000,27.675000,27.895000
2019-02-13,27.810000,27.885000,27.697500,27.815000
2019-02-14,27.835000,27.913450,27.670000,27.770000
2019-02-15,27.860000,27.960000,27.755000,27.855000
2019-02-19,27.875000,28.050000,27.790000,28.020000
2019-02-20,28.010000,28.195000,27.857500,28.145000
2019-02-21,28.060000,28.395000,27.965000,28.350000
2019-02-22,28.400000,28.530000,28.270000,28.525000
2019-02-25,28.550000,28.570000,28.225800,28.340000
2019-02-26,28.400000,28.440000,28.160050,28.305000
2019-02-27,28.240000,28.430000,28.207500,28.340000
2019-02-28,28.355000,28.575000,28.205000,28.505000
2019-03-01,28.515000,28.582500,28.325000,28.565000
2019-03-04,28.600000,28.675000,28.332500,28.615000
2019-03-05,28.615000,28.685000,28.530000,28.580000
2019-03-06,28.610000,28.685000,28.480000,28.580000
2019-03-07,28.630000,28.854950,28.595000,28.675000
2019-03-08,28.710000,28.800000,28.505000,28.775000
2019-03-11,28.785000,28.990000,28.765000,28.980000
2019-03-12,29.030000,29.210000,28.975000,29.180000
2019-03-13,29.125000,29.280000,29.105000,29.210000
2019-03-14,29.195000,29.370000,28.990000,29.205000
2019-03-15,29.035000,29.190000,28.870000,29.095000
2019-03-18,29.110000,29.150000,28.860000,28.985000
2019-03-19,28.940000,28.985000,28.550000,28.655000
2019-03-20,28.710000,28.960000,28.585000,28.730000
2019-03-21,28.750000,29.095000,28.705000,29.035000
2019-03-22,29.145000,29.448350,29.090000,29.245000
2019-03-25,29.270000,29.360000,29.150050,29.270000
2019-03-26,29.285000,29.497500,29.245000,29.480000
2019-03-27,29.510000,29.535000,29.140000,29.275000
2019-03-28,29.270000,29.370000,28.830000,28.930000
2019-03-29,28.890000,29.120000,28.820000,29.085000
2019-04-01,29.085000,29.085000,28.712500,28.885000
2019-04-02,28.945000,28.980000,28.746800,28.925000
2019-04-03,28.865000,29.000000,28.665000,28.880000
2019-04-04,28.930000,28.955000,28.610000,28.780000
2019-04-05,28.780000,29.065000,28.690000,29.050000
2019-04-08,28.985000,29.025000,28.770000,28.845000
2019-04-09,28.870000,28.942500,28.782500,28.915000
2019-04-10,28.975000,29.170000,28.757500,28.825000
2019-04-11,28.820000,28.980000,28.785000,28.970000
2019-04-12,28.865000,29.135000,28.720000,29.105000
2019-04-15,29.130000,29.227500,29.025000,29.100000
2019-04-16,29.100000,29.165000,28.645000,28.740000
2019-04-17,28.710000,28.785000,28.605000,28.630000
2019-04-18,28.700000,28.845000,28.630000,28.645000
2019-04-22,28.635000,28.730000,28.560000,28.620000
2019-04-23,28.630000,28.790000,28.490000,28.700000
2019-04-24,28.770000,28.983000,28.725000,28.885000
2019-04-25,28.755000,29.120000,28.725000,29.005000
2019-04-26,29.165000,29.340000,29.017500,29.050000
2019-04-29,29.025000,29.035000,28.760000,28.880000
2019-04-30,28.885000,29.375000,28.835000,29.355000
2019-05-01,29.270000,29.347500,29.030000,29.055000
2019-05-02,29.000000,29.155000,28.775000,28.990000
2019-05-03,28.990000,29.200000,28.945000,29.150000
2019-05-06,29.150000,29.227500,28.927500,28.990000
2019-05-07,28.945000,29.015000,28.765000,28.900000
2019-05-08,28.865000,28.895000,28.480000,28.505000
2019-05-09,28.505000,28.630000,28.330000,28.470000
2019-05-10,28.465000,28.995000,28.410000,28.980000
2019-05-13,28.890000,29.352500,28.850000,29.290000
2019-05-14,29.295000,29.317500,29.040000,29.095000
2019-05-15,29.110000,29.220000,29.007500,29.045000
2019-05-16,29.015000,29.330000,28.935000,29.240000
2019-05-17,29.110000,29.505000,29.070000,29.390000
2019-05-20,29.455000,29.615000,29.355000,29.430000
2019-05-21,29.475000,29.726000,29.405000,29.485000
2019-05-22,29.530000,29.735000,29.440000,29.705000
2019-05-23,29.735000,29.965000,29.705000,29.960000
2019-05-24,29.980000,30.135000,29.880000,29.915000
2019-05-28,29.955000,29.980000,29.375000,29.425000
2019-05-29,29.495000,29.522500,28.965000,29.035000
2019-05-30,29.040000,29.200000,28.900000,28.990000
2019-05-31,29.000000,29.205000,28.870000,29.125000
2019-06-03,29.220000,29.455000,29.070000,29.415000
2019-06-04,29.445000,29.477500,28.892500,29.440000
2019-06-05,29.550000,30.167500,29.460000,30.070000
2019-06-06,30.110000,30.310000,30.022500,30.255000
2019-06-07,30.410000,30.595000,30.015000,30.030000
2019-06-10,29.940000,30.000000,29.675000,29.825000
2019-06-11,29.815000,29.895000,29.472500,29.645000
2019-06-12,29.795000,30.075000,29.757500,30.030000
2019-06-13,30.100000,30.180000,29.889500,30.090000
2019-06-14,30.125000,30.460000,30.115000,30.405000
2019-06-17,30.405000,30.495000,30.130000,30.320000
2019-06-18,30.455000,30.505000,29.990000,30.195000
2019-06-19,30.060000,30.555000,30.050000,30.425000
2019-06-20,30.585000,30.690000,30.270000,30.620000
2019-06-21,30.350000,30.550000,30.132500,30.495000
2019-06-24,30.550000,30.595000,30.390000,30.505000
2019-06-25,30.530000,30.530000,30.250000,30.320000
2019-06-26,30.245000,30.260000,29.650000,29.660000
2019-06-27,29.755000,29.840000,29.582500,29.700000
2019-06-28,29.710000,29.980000,29.650000,29.815000
2019-07-01,29.835000,29.865000,29.470000,29.740000
2019-07-02,29.850000,30.195000,29.845000,30.145000
2019-07-03,30.235000,30.540000,30.210000,30.355000
2019-07-05,30.165000,30.385000,29.875000,30.340000
2019-07-08,30.360000,30.480000,30.195000,30.385000
2019-07-09,30.335000,30.435000,30.170000,30.425000
2019-07-10,30.460000,30.660000,30.355000,30.495000
2019-07-11,30.460000,30.617500,30.245000,30.505000
2019-07-12,30.495000,30.530000,30.194950,30.305000
2019-07-15,30.310000,30.470000,30.195000,30.425000
2019-07-16,30.350000,30.455000,30.090000,30.250000
2019-07-17,30.355000,30.540000,30.335000,30.365000
2019-07-18,30.370000,30.635000,30.200000,30.630000
2019-07-19,30.560000,30.645000,30.170050,30.185000
2019-07-22,30.260000,30.290000,29.943500,30.120000
2019-07-23,30.155000,30.175000,29.875000,29.930000
2019-07-24,30.015000,30.090000,29.725000,29.955000
2019-07-25,29.860000,30.072500,29.730000,29.880000
2019-07-26,29.905000,30.105000,29.837500,29.990000
2019-07-29,30.075000,30.187500,29.905000,30.145000
2019-07-30,30.075000,30.215000,29.765000,29.915000
2019-07-31,29.925000,30.070000,29.595000,29.775000
2019-08-01,29.725000,30.247500,29.625000,30.080000
2019-08-02,30.125000,30.325000,30.010000,30.075000
2019-08-05,30.140000,30.220000,29.485000,29.645000
2019-08-06,29.675000,30.130000,29.345000,30.015000
2019-08-07,30.025000,30.270000,29.600000,30.090000
2019-08-08,30.075000,30.480000,29.910000,30.400000
2019-08-09,30.425000,30.567500,30.322500,30.435000
2019-08-12,30.440000,30.520000,30.220000,30.375000
2019-08-13,30.370000,30.505000,30.190000,30.395000
2019-08-14,30.435000,30.590000,30.062500,30.145000
2019-08-15,30.250000,30.637500,30.070000,30.535000
2019-08-16,30.550000,30.785000,30.505000,30.690000
2019-08-19,30.625000,30.990000,30.575000,30.885000
2019-08-20,30.955000,30.960000,30.705000,30.835000
2019-08-21,30.785000,31.040000,30.760000,31.040000
2019-08-22,31.020000,31.110000,30.805000,31.070000
2019-08-23,31.130000,31.230000,30.585000,30.740000
2019-08-26,30.815000,31.105000,30.740000,31.095000
2019-08-27,31.245000,31.370000,31.115000,31.150000
2019-08-28,31.185000,31.295000,30.955000,31.065000
2019-08-29,31.240000,31.290000,30.990000,31.280000
2019-08-30,31.375000,31.400000,31.195000,31.290000
2019-09-03,31.280000,31.850000,31.245000,31.845000
2019-09-04,31.935000,32.015000,31.675000,31.875000
2019-09-05,31.665000,31.735000,31.420000,31.530000
2019-09-06,31.610000,31.680000,31.310000,31.405000
2019-09-09,31.340000,31.395000,31.190000,31.250000
2019-09-10,31.200000,31.290000,31.021900,31.290000
2019-09-11,31.245000,31.625000,31.105000,31.600000
2019-09-12,31.790000,31.885000,31.525000,31.670000
2019-09-13,31.490000,31.700000,31.375000,31.470000
2019-09-16,31.520000,31.545000,31.320500,31.495000
2019-09-17,31.550000,31.845000,31.535000,31.770000
2019-09-18,31.890000,32.005000,31.687500,31.905000
2019-09-19,32.005000,32.085000,31.885000,32.055000
2019-09-20,31.850000,31.970000,31.690000,31.935000
2019-09-23,31.925000,32.060000,31.860000,31.940000
2019-09-24,32.055000,32.425000,32.030000,32.315000
2019-09-25,32.290000,32.330000,32.120000,32.295000
2019-09-26,32.375000,32.555000,32.312500,32.465000
2019-09-27,32.510000,32.530000,32.170000,32.350000
2019-09-30,32.375000,32.535000,32.280000,32.370000
2019-10-01,32.260000,32.350000,32.120000,32.295000
2019-10-02,32.225000,32.280000,31.785000,31.865000
2019-10-03,31.875000,31.955000,31.710000,31.940000
2019-10-04,31.980000,32.455000,31.935000,32.385000
2019-10-07,32.355000,32.395000,32.180000,32.260000
2019-10-08,32.240000,32.265000,31.945000,31.960000
2019-10-09,32.045000,32.240000,31.967500,32.115000
2019-10-10,32.040000,32.150000,31.800000,32.080000
2019-10-11,32.050000,32.160000,31.850000,31.960000
2019-10-14,32.050000,32.065000,31.660000,31.755000
2019-10-15,31.775000,31.850000,31.572500,31.655000
2019-10-16,31.635000,31.740000,31.490000,31.725000
2019-10-17,31.725000,31.870000,31.647500,31.805000
2019-10-18,31.730000,31.979950,31.650000,31.910000
2019-10-21,31.915000,32.045000,31.815000,32.035000
2019-10-22,32.110000,32.315000,32.015000,32.170000
2019-10-23,32.245000,32.380000,32.157500,32.300000
2019-10-24,32.315000,32.465000,32.265000,32.410000
2019-10-25,32.435000,32.480000,31.950000,32.080000
2019-10-28,31.915000,32.000000,31.600250,31.640000
2019-10-29,31.620000,31.740000,31.530000,31.670000
2019-10-30,31.695000,32.030000,31.691000,31.950000
2019-10-31,31.980000,32.165000,31.872500,32.125000
2019-11-01,32.145000,32.245000,31.990000,32.045000
2019-11-04,32.015000,32.032500,31.520000,31.635000
2019-11-05,31.480000,31.580000,31.226450,31.310000
2019-11-06,31.365000,31.560000,31.315000,31.430000
2019-11-07,31.265000,31.300000,30.800000,31.005000
2019-11-08,30.910000,31.045000,30.740000,30.875000
2019-11-11,30.885000,30.920000,30.655000,30.685000
2019-11-12,30.690000,30.820000,30.670000,30.760000
2019-11-13,30.870000,31.285000,30.830000,31.215000
2019-11-14,31.315000,31.485000,31.225000,31.325000
2019-11-15,31.340000,31.440000,31.245000,31.425000
2019-11-18,31.490000,31.750000,31.435000,31.490000
2019-11-19,31.400000,31.583150,31.245000,31.410000
2019-11-20,31.455000,31.645000,31.380000,31.600000
2019-11-21,31.595000,31.625000,31.385000,31.490000
2019-11-22,31.560000,31.575000,31.272500,31.500000
2019-11-25,31.530000,31.620000,31.325000,31.395000
2019-11-26,31.445000,31.545000,31.375000,31.500000
2019-11-27,31.425000,31.590000,31.400000,31.555000
2019-11-29,31.615000,31.735000,31.492500,31.525000
2019-12-02,31.375000,31.455000,31.255000,31.320000
2019-12-03,31.400000,31.465000,31.330000,31.405000
2019-12-04,31.395000,31.695000,31.370000,31.645000
2019-12-05,31.595000,31.705000,31.515000,31.700000
2019-12-06,31.580000,31.790000,31.580000,31.605000
2019-12-09,31.675000,31.680000,31.440000,31.495000
2019-12-10,31.490000,31.555000,31.410000,31.490000
2019-12-11,31.530000,31.630000,31.415000,31.575000
2019-12-12,31.535000,31.660000,31.305000,31.440000
2019-12-13,31.455000,31.740000,31.332500,31.685000
2019-12-16,31.685000,32.100000,31.685000,32.080000
2019-12-17,32.100000,32.386000,32.070000,32.185000
2019-12-18,32.210000,32.360000,32.040000,32.315000
2019-12-19,32.315000,32.370000,32.125000,32.325000
2019-12-20,32.065000,32.470000,32.065000,32.295000
2019-12-23,32.350000,32.365000,31.910000,31.995000
2019-12-24,32.030000,32.055000,31.870000,32.040000
2019-12-26,32.070000,32.125000,31.962350,32.095000
2019-12-27,32.095000,32.190000,32.035000,32.190000
2019-12-30,32.055000,32.190000,32.012500,32.185000
2019-12-31,32.180000,32.350000,32.140000,32.310000
2020-01-02,32.365000,32.375000,31.782500,31.905000
2020-01-03,31.930000,32.085000,31.855000,31.970000
2020-01-06,31.930000,32.095000,31.880000,32.000000
2020-01-07,31.920000,31.970000,31.775000,31.955000
2020-01-08,31.970000,32.080000,31.890000,31.940000
2020-01-09,31.900000,32.150000,31.895000,32.115000
2020-01-10,32.160000,32.312500,32.145000,32.200000
2020-01-13,32.190000,32.490000,32.190000,32.395000
2020-01-14,32.395000,32.500000,32.250000,32.490000
2020-01-15,32.560000,32.997500,32.555000,32.945000
2020-01-16,32.970000,33.185000,32.960000,33.150000
2020-01-17,33.140000,33.425000,33.050000,33.380000
2020-01-21,33.455000,33.700000,33.320000,33.685000
2020-01-22,33.750000,33.884850,33.700000,33.790000
2020-01-23,33.785000,34.100000,33.750000,34.090000
2020-01-24,34.000000,34.305000,33.945000,34.180000
2020-01-27,34.160000,34.400000,34.000000,34.095000
2020-01-28,34.130000,34.380000,34.045000,34.235000
2020-01-29,34.255000,34.375000,34.117500,34.325000
2020-01-30,34.305000,34.665000,34.220000,34.645000
2020-01-31,34.580000,34.720000,34.310000,34.490000
2020-02-03,34.545000,34.637500,34.462500,34.600000
2020-02-04,34.580000,34.685000,34.220000,34.255000
2020-02-05,34.180000,34.477500,34.105000,34.395000
2020-02-06,34.430000,34.600000,34.320000,34.405000
2020-02-07,34.485000,34.535000,34.285000,34.295000
2020-02-10,34.350000,34.425000,34.225000,34.425000
2020-02-11,34.485000,34.662500,34.465000,34.550000
2020-02-12,34.495000,34.680000,34.385000,34.575000
2020-02-13,34.605000,34.980000,34.550000,34.960000
2020-02-14,35.025000,35.225000,34.975000,35.195000
2020-02-18,35.330000,35.550000,35.230000,35.490000
2020-02-19,35.350000,35.397500,35.105000,35.105000
2020-02-20,35.115000,35.250000,34.945000,35.230000
2020-02-21,35.165000,35.392500,35.130000,35.165000
2020-02-24,35.015000,35.210000,34.741000,34.755000
2020-02-25,34.790000,34.850000,33.962500,34.025000
2020-02-26,34.025000,34.330000,33.675000,33.680000
2020-02-27,33.545000,33.730000,32.155000,32.165000
2020-02-28,31.430000,31.465000,30.347500,31.090000
2020-03-02,31.250000,32.963500,31.175050,32.920000
2020-03-03,32.940000,33.620000,32.385000,32.515000
2020-03-04,32.945000,34.405000,32.925000,34.360000
2020-03-05,33.795000,34.290000,33.430000,33.830000
2020-03-06,32.935000,33.690000,32.305000,33.555000
2020-03-09,31.775000,32.622500,31.227500,31.730000
2020-03-10,32.250000,32.620000,30.595000,32.025000
2020-03-11,31.310000,31.330000,29.985000,30.415000
2020-03-12,28.750000,29.270000,27.005000,27.345000
2020-03-13,28.885000,28.885000,26.825000,28.835000
2020-03-16,26.230000,28.255000,25.460000,25.560000
2020-03-17,26.305000,29.075000,26.020000,28.830000
2020-03-18,27.105000,28.005000,26.115000,27.575000
2020-03-19,27.320000,27.440000,25.889950,25.970000
2020-03-20,26.210000,26.210000,23.740000,23.910000
2020-03-23,23.595000,23.595000,21.717500,22.465000
2020-03-24,23.324950,24.985000,23.165000,24.880000
2020-03-25,24.915000,26.585000,24.165000,25.515000
2020-03-26,25.790000,27.987500,25.530000,27.690000
2020-03-27,26.855000,28.842500,26.720550,27.840000
2020-03-30,28.080000,29.045000,27.960000,28.870000
2020-03-31,28.645000,28.645000,27.615000,27.705000
2020-04-01,26.610000,26.975000,25.537500,26.040000
2020-04-02,25.760000,27.037500,25.615000,26.855000
2020-04-03,26.560000,26.887500,25.695000,25.895000
2020-04-06,26.845000,28.175000,26.845000,27.895000
2020-04-07,28.645000,28.690000,27.507500,27.545000
2020-04-08,27.710000,29.285000,27.480000,29.045000
2020-04-09,29.485000,30.889400,29.375000,30.415000
2020-04-13,30.260000,30.260000,29.152500,29.450000
2020-04-14,30.085000,30.360000,29.795000,30.315000
2020-04-15,29.480000,29.840000,29.147500,29.315000
2020-04-16,29.440000,29.565000,29.030000,29.320000
2020-04-17,29.945000,30.425000,29.537500,30.265000
2020-04-20,30.075000,30.075000,29.072500,29.120000
2020-04-21,28.595000,28.985000,28.320000,28.640000
2020-04-22,29.180000,29.715000,28.985000,29.475000
2020-04-23,29.565000,29.645000,28.815000,28.980000
2020-04-24,29.030000,29.285000,28.655000,29.160000
2020-04-27,29.330000,29.677500,29.300000,29.465000
2020-04-28,29.880000,30.200000,29.438900,29.575000
2020-04-29,30.055000,30.070000,29.185000,29.305000
2020-04-30,29.095000,29.140000,28.365000,28.630000
2020-05-01,28.295000,28.315000,27.780000,27.940000
2020-05-04,27.795000,28.220000,27.625000,28.150000
2020-05-05,28.250000,28.720000,28.215000,28.380000
2020-05-06,28.480000,28.500000,27.375000,27.415000
2020-05-07,27.730000,27.975000,27.480000,27.525000
2020-05-08,27.860000,28.190000,27.730000,28.080000
2020-05-11,27.860000,28.065000,27.462500,27.960000
2020-05-12,28.030000,28.155000,27.660000,27.715000
2020-05-13,27.660000,27.660000,27.165000,27.480000
2020-05-14,27.205000,27.855000,26.830000,27.775000
2020-05-15,27.580000,27.590000,26.985000,27.405000
2020-05-18,28.050000,28.710000,28.050000,28.530000
2020-05-19,28.410000,28.490000,28.055000,28.060000
2020-05-20,28.350000,28.530000,28.105000,28.215000
2020-05-21,28.140000,28.340000,27.872500,27.930000
2020-05-22,27.930000,28.265000,27.840000,28.240000
2020-05-26,28.750000,28.975000,28.395000,28.425000
2020-05-27,28.925000,28.975000,28.370000,28.765000
2020-05-28,29.135000,29.740000,29.110000,29.615000
2020-05-29,29.545000,30.000000,29.370000,29.845000
2020-06-01,29.835000,30.382500,29.665000,30.200000
2020-06-02,30.315000,30.415000,29.990000,30.395000
2020-06-03,30.560000,30.975000,30.535000,30.760000
2020-06-04,30.595000,30.660000,29.820000,30.210000
2020-06-05,30.485000,31.180000,30.455000,30.595000
2020-06-08,30.650000,31.512500,30.430000,31.415000
2020-06-09,31.130000,31.142500,30.445000,30.785000
2020-06-10,30.785000,30.990000,30.505000,30.605000
2020-06-11,30.080000,30.165000,29.195000,29.410000
2020-06-12,29.970000,30.005000,28.975000,29.335000
2020-06-15,28.815000,29.750000,28.562500,29.535000
2020-06-16,30.250000,30.415000,29.507500,29.670000
2020-06-17,29.795000,29.800000,29.295000,29.580000
2020-06-18,29.395000,29.655000,29.240000,29.575000
2020-06-19,29.810000,29.935000,28.700000,28.745000
2020-06-22,28.490000,28.965000,28.225000,28.785000
2020-06-23,29.080000,29.115000,28.415000,28.495000
2020-06-24,28.280000,28.410000,27.895000,28.235000
2020-06-25,28.175000,28.190000,27.560000,27.885000
2020-06-26,27.845000,28.160000,27.405000,27.590000
2020-06-29,27.810000,28.125000,27.515000,28.110000
2020-06-30,28.115000,28.367500,27.947500,28.215000
2020-07-01,28.240000,29.000000,28.190000,28.875000
2020-07-02,29.080000,29.260000,28.875000,28.950000
2020-07-06,29.055000,29.245000,28.360000,28.595000
2020-07-07,28.280000,28.585800,28.145000,28.480000
2020-07-08,28.435000,28.830000,28.380000,28.735000
2020-07-09,28.595000,28.610000,27.952500,28.350000
2020-07-10,28.350000,28.965000,28.340000,28.885000
2020-07-13,28.885000,29.200000,28.780000,28.915000
2020-07-14,28.920000,29.355000,28.885000,29.185000
2020-07-15,29.460000,29.672500,29.015000,29.070000
2020-07-16,29.095000,29.520000,29.020000,29.440000
2020-07-17,29.600000,30.185000,29.575000,30.105000
2020-07-20,30.000000,30.085000,29.660000,29.710000
2020-07-21,29.785000,30.190000,29.690000,29.845000
2020-07-22,29.710000,30.417300,29.420000,30.305000
2020-07-23,30.295000,30.555000,30.160000,30.340000
2020-07-24,30.400000,30.710000,29.970000,30.140000
2020-07-27,30.150000,30.170000,29.560000,29.775000
2020-07-28,29.700000,30.477500,29.675000,30.225000
2020-07-29,30.280000,30.445000,30.137500,30.365000
2020-07-30,30.145000,30.370000,29.995000,30.365000
2020-07-31,30.285000,30.495000,29.990000,30.415000
2020-08-03,30.395000,30.400000,29.925000,30.085000
2020-08-04,30.065000,30.550150,29.990000,30.415000
2020-08-05,30.480000,30.500000,29.905000,30.025000
2020-08-06,29.995000,30.250050,29.839950,30.200000
2020-08-07,30.080000,30.862500,30.075000,30.745000
2020-08-10,30.845000,30.975000,30.635000,30.735000
2020-08-11,30.770000,30.830000,29.987500,30.070000
2020-08-12,30.160000,30.710000,30.150000,30.505000
2020-08-13,30.380000,30.517500,30.220000,30.455000
2020-08-14,30.390000,30.430000,30.110000,30.190000
2020-08-17,30.215000,30.412500,30.035000,30.150000
2020-08-18,30.130000,30.250000,29.857950,30.015000
2020-08-19,30.090000,30.105000,29.865000,29.925000
2020-08-20,29.805000,29.955000,29.580000,29.660000
2020-08-21,29.685000,29.765000,29.410000,29.710000
2020-08-24,29.795000,29.980000,29.520000,29.970000
2020-08-25,30.025000,30.030000,29.585000,29.685000
2020-08-26,29.580000,29.600000,29.245000,29.355000
2020-08-27,29.440000,29.657500,29.270000,29.450000
2020-08-28,29.510000,29.562500,29.230500,29.535000
2020-08-31,29.490000,29.806350,29.485000,29.625000
2020-09-01,29.530000,29.550000,29.170000,29.285000
2020-09-02,29.350000,30.330000,29.230000,30.195000
2020-09-03,30.205000,30.520000,29.575000,29.855000
2020-09-04,29.915000,30.085000,29.300000,29.685000
2020-09-08,29.715000,29.750000,29.237500,29.520000
2020-09-09,29.740000,30.292500,29.710000,29.910000
2020-09-10,29.795000,29.830000,29.360000,29.395000
2020-09-11,29.460000,29.560000,29.235000,29.465000
2020-09-14,29.610000,30.025000,29.580000,29.870000
2020-09-15,30.175000,30.515000,29.910000,30.070000
2020-09-16,29.965000,30.239900,29.835000,30.030000
2020-09-17,29.840000,29.950000,29.550000,29.785000
2020-09-18,29.780000,29.800000,29.195000,29.260000
2020-09-21,28.800000,28.965000,28.452500,28.830000
2020-09-22,28.845000,29.205000,28.822500,29.010000
2020-09-23,29.045000,29.095000,28.540000,28.565000
2020-09-24,28.535000,29.090000,28.360000,28.885000
2020-09-25,28.760000,29.389950,28.655000,29.360000
2020-09-28,29.490000,29.730000,29.385000,29.435000
2020-09-29,29.525000,29.725400,29.290000,29.425000
2020-09-30,29.610000,29.835000,29.440000,29.690000
2020-10-01,29.765000,30.065000,29.705000,29.990000
2020-10-02,29.750000,30.500000,29.685000,30.345000
2020-10-05,30.425000,30.810000,30.220000,30.725000
2020-10-06,30.745000,31.332500,30.610000,30.985000
2020-10-07,31.145000,31.305000,30.942500,31.175000
2020-10-08,31.310000,31.795000,31.290000,31.745000
2020-10-09,31.920000,31.935000,31.525000,31.740000
2020-10-12,31.760000,32.155000,31.680000,31.940000
2020-10-13,31.720000,31.804950,31.366250,31.720000
2020-10-14,31.760000,31.895000,31.515000,31.680000
2020-10-15,31.380000,31.835000,31.300000,31.660000
2020-10-16,31.700000,32.120000,31.665000,32.000000
2020-10-19,31.985000,32.155000,31.640000,31.730000
2020-10-20,31.860000,32.095000,31.740000,31.920000
2020-10-21,31.850000,32.045000,31.742500,31.835000
2020-10-22,31.880000,32.340000,31.790000,32.285000
2020-10-23,32.445000,32.500000,32.195000,32.375000
2020-10-26,32.125000,32.425000,31.915000,32.365000
2020-10-27,32.425000,32.670000,32.185000,32.340000
2020-10-28,31.890000,32.300000,31.335000,31.400000
2020-10-29,31.285000,31.870000,30.880000,31.485000
2020-10-30,31.310000,31.505000,30.890000,31.190000
2020-11-02,31.615000,31.920000,31.300000,31.875000
2020-11-03,32.275000,32.685000,32.145000,32.335000
2020-11-04,32.145000,32.645000,31.815000,31.850000
2020-11-05,32.185000,32.722500,32.107500,32.135000
2020-11-06,32.155000,32.440000,31.980000,32.065000
2020-11-09,32.995000,33.965000,32.627500,32.660000
2020-11-10,32.835000,33.225000,32.700000,33.130000
2020-11-11,33.300000,33.550000,33.125000,33.255000
2020-11-12,33.060000,33.135000,32.462500,32.720000
2020-11-13,32.880000,33.135000,32.820000,33.045000
2020-11-16,33.455000,33.475000,32.985000,33.380000
2020-11-17,33.165000,33.325000,32.675000,32.725000
2020-11-18,32.895000,32.935000,32.075000,32.085000
2020-11-19,32.050000,32.075000,31.537750,31.765000
2020-11-20,31.710000,31.990000,31.610000,31.770000
2020-11-23,31.895000,31.952500,31.630000,31.775000
2020-11-24,32.030000,32.195000,31.870000,32.115000
2020-11-25,32.075000,32.210000,31.795000,32.200000
2020-11-27,32.190000,32.220000,31.750000,31.880000
2020-11-30,31.790000,31.880300,31.295000,31.420000
2020-12-01,31.655000,32.085000,31.620000,31.640000
2020-12-02,31.490000,31.865000,31.290000,31.850000
2020-12-03,31.800000,31.829000,31.435000,31.520000
2020-12-04,31.550000,31.622500,31.027500,31.205000
2020-12-07,31.100000,31.532500,31.095000,31.380000
2020-12-08,31.175000,31.490000,31.045000,31.285000
2020-12-09,31.310000,31.360000,31.020000,31.230000
2020-12-10,31.215000,31.315000,30.925000,31.070000
2020-12-11,30.940000,31.157500,30.910000,31.120000
2020-12-14,31.340000,31.600000,30.930000,30.960000
2020-12-15,31.105000,31.650000,30.950000,31.570000
2020-12-16,31.630000,31.790000,31.165000,31.205000
2020-12-17,31.315000,31.642500,31.310000,31.415000
2020-12-18,31.420000,31.532500,30.995000,31.145000
2020-12-21,30.640000,30.640000,30.160000,30.510000
2020-12-22,30.500000,30.577500,30.360000,30.450000
2020-12-23,30.595000,30.835000,30.385000,30.390000
2020-12-24,30.455000,30.620000,30.289950,30.605000
2020-12-28,30.765000,30.937500,30.625000,30.740000
2020-12-29,30.815000,30.960000,30.647500,30.735000
2020-12-30,30.755000,30.990000,30.705000,30.890000
2020-12-31,30.895000,31.395000,30.812500,31.350000
2021-01-04,31.405000,31.405000,30.385000,30.560000
2021-01-05,30.625000,30.715000,30.303650,30.555000
2021-01-06,30.730000,31.520000,30.660000,31.315000
2021-01-07,31.485000,31.545000,30.875000,30.905000
2021-01-08,30.945000,31.227500,30.887500,31.165000
2021-01-11,31.050000,31.175000,30.645000,30.875000
2021-01-12,30.825000,30.930000,30.340000,30.710000
2021-01-13,30.805000,31.410000,30.750000,31.310000
2021-01-14,31.320000,31.345000,31.007500,31.190000
2021-01-15,31.125000,31.590000,31.007500,31.495000
2021-01-19,31.665000,31.696600,31.327500,31.375000
2021-01-20,31.365000,31.699500,31.180000,31.560000
2021-01-21,31.485000,31.550000,31.320000,31.375000
2021-01-22,31.285000,31.525000,31.165000,31.420000
2021-01-25,31.310000,32.095000,31.275000,32.050000
2021-01-26,32.005000,32.040000,31.600000,31.730000
2021-01-27,31.475000,31.707500,30.735000,30.875000
2021-01-28,30.980000,31.720000,30.900000,31.245000
2021-01-29,31.085000,31.390000,30.880000,31.075000
2021-02-01,31.275000,31.505000,30.985000,31.225000
2021-02-02,31.330000,31.962500,31.200000,31.480000
2021-02-03,31.445000,31.587500,31.310000,31.380000
2021-02-04,31.365000,31.670000,31.275000,31.625000
2021-02-05,31.765000,31.970000,31.635000,31.795000
2021-02-08,31.865000,31.875000,31.430000,31.550000
2021-02-09,31.605000,31.710000,31.335000,31.595000
2021-02-10,31.780000,31.850000,31.505000,31.720000
2021-02-11,31.705000,31.809950,31.491800,31.540000
2021-02-12,31.445000,31.590000,31.145000,31.310000
2021-02-16,31.275000,31.315000,30.912500,30.960000
2021-02-17,30.995000,31.040000,30.775000,30.985000
2021-02-18,30.935000,31.305000,30.935000,31.170000
2021-02-19,31.175000,31.190000,30.680000,30.705000
2021-02-22,30.620000,30.655000,29.820000,30.105000
2021-02-23,30.225000,30.460000,30.070000,30.355000
2021-02-24,30.280000,30.334000,29.970000,30.000000
2021-02-25,29.940000,30.085000,29.585000,29.730000
2021-02-26,29.830000,30.015000,29.170000,29.180000
2021-03-01,29.550000,30.157500,29.545000,29.825000
2021-03-02,29.870000,29.947500,29.567500,29.735000
2021-03-03,29.690000,29.690000,29.135000,29.385000
2021-03-04,29.405000,29.907500,29.200000,29.360000
2021-03-05,29.485000,29.980000,29.225000,29.840000
2021-03-08,29.925000,30.522500,29.845000,30.260000
2021-03-09,30.425000,30.760000,30.382500,30.660000
2021-03-10,30.650000,30.965000,30.565000,30.870000
2021-03-11,30.815000,31.177500,30.775000,30.790000
2021-03-12,30.925000,31.300000,30.780000,31.205000
2021-03-15,31.250000,31.685000,31.250000,31.605000
2021-03-16,31.530000,31.725000,31.445000,31.645000
2021-03-17,31.620000,31.625000,31.100000,31.130000
2021-03-18,31.100000,31.225000,30.797500,31.015000
2021-03-19,31.025000,31.370000,30.695000,31.100000
2021-03-22,30.800000,30.965000,30.602500,30.825000
2021-03-23,30.815000,31.402500,30.750000,31.285000
2021-03-24,31.185000,31.517500,31.075000,31.295000
2021-03-25,31.395000,31.735000,31.255000,31.630000
2021-03-26,31.625000,31.765000,31.317500,31.735000
2021-03-29,31.670000,32.225000,31.652500,32.075000
2021-03-30,31.975000,31.975000,31.550000,31.785000
2021-03-31,31.800000,32.080000,31.735000,32.020000
2021-04-01,31.970000,32.045000,31.775000,31.990000
2021-04-05,32.105000,32.545000,32.075000,32.340000
2021-04-06,32.305000,32.515000,32.067500,32.510000
2021-04-07,32.485000,32.642500,32.302500,32.470000
2021-04-08,32.555000,32.655000,32.375000,32.445000
2021-04-09,32.475000,32.612500,32.345000,32.410000
2021-04-12,32.415000,32.670000,32.331250,32.440000
2021-04-13,32.310000,32.882500,32.247500,32.825000
2021-04-14,32.745000,32.970000,32.660000,32.970000
2021-04-15,32.975000,33.350000,32.955000,33.335000
2021-04-16,33.460000,33.735000,33.390000,33.605000
2021-04-19,33.625000,33.680000,33.352500,33.435000
2021-04-20,33.435000,33.945000,33.415000,33.860000
2021-04-21,33.895000,34.025000,33.450950,33.575000
2021-04-22,33.550000,33.665000,33.302500,33.335000
2021-04-23,33.350000,33.460000,33.205000,33.290000
2021-04-26,33.305000,33.325000,33.000000,33.100000
2021-04-27,33.050000,33.065000,32.790000,32.845000
2021-04-28,32.860000,32.950000,32.645000,32.800000
2021-04-29,32.800000,33.120000,32.800000,33.100000
2021-04-30,33.170000,33.370000,32.972500,33.360000
2021-05-03,33.435000,33.665000,33.300000,33.355000
2021-05-04,33.320000,33.380000,33.007500,33.230000
2021-05-05,33.230000,33.230000,32.485000,32.670000
2021-05-06,32.760000,32.950000,32.540000,32.920000
2021-05-07,32.900000,33.270000,32.890000,33.020000
2021-05-10,33.090000,33.687500,33.090000,33.355000
2021-05-11,33.320000,33.365000,32.715050,32.945000
2021-05-12,32.910000,32.910000,32.160000,32.175000
2021-05-13,32.210000,32.989050,32.185000,32.795000
2021-05-14,32.875000,33.162500,32.875000,32.955000
2021-05-17,32.940000,33.130000,32.635000,32.685000
2021-05-18,32.615000,32.790000,32.530000,32.680000
2021-05-19,32.525000,32.652500,32.245000,32.625000
2021-05-20,32.685000,33.110000,32.675000,32.910000
2021-05-21,32.990000,33.202500,32.847500,33.080000
2021-05-24,33.240000,33.295000,33.000000,33.020000
2021-05-25,33.055000,33.055000,32.546250,32.620000
2021-05-26,32.640000,32.762500,32.527500,32.625000
2021-05-27,32.740000,32.740000,32.395000,32.405000
2021-05-28,32.600000,32.700000,32.480000,32.580000
2021-06-01,32.655000,32.730000,32.305000,32.380000
2021-06-02,32.430000,32.730000,32.300000,32.550000
2021-06-03,32.400000,32.850000,32.290100,32.745000
2021-06-04,32.830000,32.880000,32.654950,32.695000
2021-06-07,32.725000,32.805000,32.670000,32.755000
2021-06-08,32.825000,32.850000,32.335000,32.475000
2021-06-09,32.555000,32.825000,32.485000,32.765000
2021-06-10,32.790000,33.015000,32.710000,32.980000
2021-06-11,32.980000,33.080000,32.825000,33.055000
2021-06-14,33.060000,33.207500,32.925000,33.125000
2021-06-15,33.165000,33.405000,33.070000,33.225000
2021-06-16,33.310000,33.430000,32.710000,32.725000
2021-06-17,32.700000,33.085000,32.605000,32.905000
2021-06-18,32.715000,32.740000,32.000000,32.050000
2021-06-21,31.905000,32.295000,31.725050,32.215000
2021-06-22,32.215000,32.310000,32.005000,32.020000
2021-06-23,32.000000,32.000000,31.585000,31.680000
2021-06-24,31.720000,31.730000,31.510000,31.650000
2021-06-25,31.665000,32.015000,31.629950,31.990000
2021-06-28,32.120000,32.355000,32.075000,32.195000
2021-06-29,32.095000,32.285000,31.580000,31.675000
2021-06-30,31.650000,31.770000,31.495000,31.615000
2021-07-01,31.675000,32.067500,31.550000,31.960000
2021-07-02,32.045000,32.045000,31.847500,32.010000
2021-07-06,32.005000,32.165000,31.640000,32.145000
2021-07-07,32.160000,32.360000,31.980000,32.355000
2021-07-08,32.175000,32.455000,32.125000,32.260000
2021-07-09,32.305000,32.390000,32.035000,32.300000
2021-07-12,32.265000,32.432500,32.107500,32.405000
2021-07-13,32.350000,32.455000,32.045000,32.160000
2021-07-14,32.170000,32.580000,32.020000,32.440000
2021-07-15,32.330000,32.830000,32.320000,32.805000
2021-07-16,32.840000,33.305000,32.805000,33.135000
2021-07-19,33.000000,33.262500,32.240000,32.610000
2021-07-20,32.640000,33.080000,32.640000,32.750000
2021-07-21,32.770000,32.845000,32.365000,32.390000
2021-07-22,32.425000,32.585000,32.332500,32.440000
2021-07-23,32.520000,32.885000,32.460000,32.855000
2021-07-26,32.790000,32.965000,32.635000,32.865000
2021-07-27,32.840000,33.487500,32.650000,33.430000
2021-07-28,33.415000,33.475000,32.930000,33.175000
2021-07-29,33.235000,33.360000,33.072500,33.265000
2021-07-30,33.245000,33.522500,32.910000,32.985000
2021-08-02,33.060000,33.360000,33.020000,33.240000
2021-08-03,33.290000,33.585000,33.135000,33.430000
2021-08-04,33.295000,33.420000,32.965000,33.380000
2021-08-05,33.425000,33.790000,33.337500,33.745000
2021-08-06,33.710000,33.970000,33.630000,33.725000
2021-08-09,33.750000,33.840000,33.530000,33.715000
2021-08-10,33.745000,33.865000,33.595000,33.750000
2021-08-11,33.825000,34.220000,33.825000,34.065000
2021-08-12,34.005000,34.217500,33.988000,34.100000
2021-08-13,34.170000,34.380000,34.100000,34.340000
2021-08-16,34.340000,34.795000,34.305000,34.550000
2021-08-17,34.455000,34.575000,34.226200,34.570000
2021-08-18,34.565000,34.640000,34.280000,34.395000
2021-08-19,34.410000,34.815000,34.373200,34.535000
2021-08-20,34.475000,34.990000,34.295000,34.965000
2021-08-23,34.940000,34.950000,34.450000,34.515000
2021-08-24,34.500000,34.530000,34.060000,34.290000
2021-08-25,34.285000,34.465000,34.090000,34.355000
2021-08-26,34.355000,34.370000,34.195000,34.270000
2021-08-27,34.305000,34.417500,34.196450,34.260000
2021-08-30,34.250000,34.410000,34.135000,34.310000
2021-08-31,34.295000,34.463250,34.126800,34.270000
2021-09-01,34.365000,34.835000,34.320000,34.720000
2021-09-02,34.795000,35.035000,34.760000,35.035000
2021-09-03,34.930000,34.980000,34.660050,34.745000
2021-09-07,34.715000,34.720000,34.225000,34.285000
2021-09-08,34.265000,34.995000,34.185000,34.900000
2021-09-09,34.790000,34.912500,34.682500,34.710000
2021-09-10,34.685000,34.725000,34.215000,34.225000
2021-09-13,34.515000,34.555000,34.065000,34.165000
2021-09-14,34.275000,34.385000,33.965000,34.050000
2021-09-15,34.000000,34.227500,33.815000,34.005000
2021-09-16,34.000000,34.140000,33.670000,33.720000
2021-09-17,33.650000,33.830000,33.170000,33.200000
2021-09-20,32.880000,33.177500,32.530000,32.890000
2021-09-21,32.985000,33.210000,32.780000,32.800000
2021-09-22,32.920000,33.045000,32.655000,32.780000
2021-09-23,32.780000,33.025000,32.575000,32.605000
2021-09-24,32.600000,32.815000,32.490000,32.570000
2021-09-27,32.515000,32.845000,32.137500,32.185000
2021-09-28,32.155000,32.205000,31.685000,31.780000
2021-09-29,31.875000,32.420000,31.790000,32.195000
2021-09-30,32.315000,32.335000,31.895000,31.940000
2021-10-01,32.135000,32.195000,31.830000,31.940000
2021-10-04,31.905000,32.472500,31.890000,32.380000
2021-10-05,32.420000,32.535000,32.260000,32.300000
2021-10-06,32.200000,32.823200,32.007500,32.800000
2021-10-07,32.860000,33.120000,32.587500,32.625000
2021-10-08,32.620000,32.685000,32.362500,32.385000
2021-10-11,32.250000,32.315000,31.900000,31.945000
2021-10-12,31.990000,32.252500,31.905000,32.160000
2021-10-13,32.170000,32.560000,32.000000,32.535000
2021-10-14,32.645000,33.000000,32.565000,32.935000
2021-10-15,32.985000,33.100000,32.785000,32.840000
2021-10-18,32.620000,32.705000,32.350000,32.525000
2021-10-19,32.775000,32.980000,32.685000,32.935000
2021-10-20,33.070000,33.585000,33.035000,33.455000
2021-10-21,33.475000,33.590000,33.410000,33.455000
2021-10-22,33.545000,33.685000,33.470000,33.625000
2021-10-25,33.575000,33.685000,33.397500,33.480000
2021-10-26,33.510000,33.920000,33.455000,33.660000
2021-10-27,33.740000,33.825000,33.400000,33.435000
2021-10-28,33.405000,33.657500,33.365000,33.655000
2021-10-29,33.645000,33.785000,33.290000,33.455000
2021-11-01,33.445000,33.660000,33.340000,33.575000
2021-11-02,33.700000,33.765000,33.365000,33.605000
2021-11-03,33.550000,33.682500,33.207500,33.480000
2021-11-04,33.430000,33.500000,32.950000,33.295000
2021-11-05,33.405000,33.755000,33.370000,33.610000
2021-11-08,33.650000,33.655000,32.950000,33.110000
2021-11-09,33.170000,33.372500,33.065000,33.280000
2021-11-10,33.305000,33.577500,33.285000,33.550000
2021-11-11,33.530000,33.545000,33.171800,33.345000
2021-11-12,33.335000,33.415000,33.180000,33.325000
2021-11-15,33.470000,33.780000,33.400000,33.765000
2021-11-16,33.780000,33.845000,33.582500,33.605000
2021-11-17,33.525000,33.685000,33.355000,33.635000
2021-11-18,33.580000,33.645000,33.347500,33.460000
2021-11-19,33.505000,33.725000,33.415000,33.650000
2021-11-22,33.625000,34.035000,33.535000,33.855000
2021-11-23,33.850000,34.090000,33.685000,33.890000
2021-11-24,33.875000,33.978750,33.700000,33.910000
2021-11-26,33.670000,33.890000,33.295500,33.380000
2021-11-29,33.640000,33.967500,33.370000,33.875000
2021-11-30,33.715000,33.720000,32.855000,32.885000
2021-12-01,33.105000,33.740000,32.925000,32.945000
2021-12-02,33.025000,33.675000,33.025000,33.365000
2021-12-03,33.530000,33.710000,33.042500,33.700000
2021-12-06,33.920000,34.570000,33.905000,34.215000
2021-12-07,34.220000,34.552500,34.130000,34.470000
2021-12-08,34.500000,34.667500,34.250000,34.435000
2021-12-09,34.515000,34.582500,34.155000,34.390000
2021-12-10,34.530000,34.739500,34.395000,34.575000
2021-12-13,34.540000,35.170000,34.540000,35.000000
2021-12-14,34.995000,35.065000,34.625000,34.790000
2021-12-15,34.750000,35.390000,34.750000,35.360000
2021-12-16,35.325000,35.755000,35.295000,35.540000
2021-12-17,35.405000,35.580000,34.930000,35.005000
2021-12-20,34.400000,34.800000,34.117500,34.765000
2021-12-21,34.875000,35.102500,34.530000,34.715000
2021-12-22,34.660000,34.915000,34.610000,34.865000
2021-12-23,34.885000,35.040000,34.822500,34.860000
2021-12-27,34.875000,35.030000,34.770000,35.030000
2021-12-28,35.080000,35.355000,35.055000,35.345000
2021-12-29,35.385000,35.590000,35.325000,35.535000
2021-12-30,35.630000,35.700000,35.405000,35.665000
2021-12-31,35.590000,35.915000,35.520000,35.790000
2022-01-03,35.775000,35.783700,35.027500,35.435000
2022-01-04,35.435000,35.777500,35.315000,35.325000
2022-01-05,35.300000,35.702500,35.270000,35.305000
2022-01-06,35.305000,35.450000,34.900000,34.940000
2022-01-07,34.865000,35.375000,34.650000,35.205000
2022-01-10,35.175000,35.225000,34.802500,34.975000
2022-01-11,34.945000,35.075000,34.427500,34.660000
2022-01-12,34.550000,34.862000,34.450000,34.770000
2022-01-13,34.755000,35.075000,34.735000,34.940000
2022-01-14,34.940000,35.005000,34.525000,34.700000
2022-01-18,34.445000,34.505000,34.015000,34.285000
2022-01-19,34.295000,34.744400,34.285000,34.440000
2022-01-20,34.545000,34.985000,34.445000,34.485000
2022-01-21,34.655000,34.835000,34.352500,34.420000
2022-01-24,34.380000,34.490000,33.215000,34.090000
2022-01-25,33.560000,33.960000,33.400000,33.555000
2022-01-26,33.620000,33.982500,33.095000,33.280000
2022-01-27,33.590000,33.995000,33.410000,33.575000
2022-01-28,33.485000,34.008050,33.230000,33.980000
2022-01-31,33.780000,34.655000,33.710000,34.625000
2022-02-01,34.530000,34.715000,33.847500,34.165000
2022-02-02,34.140000,34.720000,34.080000,34.670000
2022-02-03,34.570000,34.730000,34.420000,34.515000
2022-02-04,34.215000,34.545000,33.895000,34.240000
2022-02-07,34.180000,34.330000,33.980000,34.190000
2022-02-08,34.330000,34.440000,34.130000,34.215000
2022-02-09,34.460000,34.540000,34.260000,34.365000
2022-02-10,34.025000,34.187500,33.424950,33.495000
2022-02-11,33.640000,33.890000,33.367500,33.515000
2022-02-14,33.625000,33.680000,32.910000,33.230000
2022-02-15,33.435000,33.565000,32.925000,33.075000
2022-02-16,33.120000,33.292500,32.825000,33.150000
2022-02-17,33.000000,33.327500,32.765000,33.170000
2022-02-18,33.060000,33.385000,32.960000,33.110000
2022-02-22,33.230000,33.310000,32.850000,33.075000
2022-02-23,33.135000,33.235000,32.480000,32.515000
2022-02-24,32.305000,32.837500,32.141750,32.775000
2022-02-25,33.065000,33.830000,32.990000,33.790000
2022-02-28,33.585000,34.015000,33.545000,33.965000
2022-03-01,33.895000,34.190000,33.417500,33.670000
2022-03-02,33.685000,34.205000,33.667500,34.080000
2022-03-03,34.215000,34.850000,34.185000,34.680000
2022-03-04,34.590000,35.475000,34.520000,35.445000
2022-03-07,35.525000,35.982500,35.225000,35.905000
2022-03-08,36.000000,36.185000,35.335000,35.350000
2022-03-09,35.605000,35.655000,35.035000,35.100000
2022-03-10,34.835000,35.405000,34.810000,35.335000
2022-03-11,35.390000,35.625000,35.180000,35.215000
2022-03-14,35.440000,35.620000,34.995000,35.175000
2022-03-15,35.515000,35.700000,35.310000,35.625000
2022-03-16,35.580000,35.735000,35.055000,35.560000
2022-03-17,35.580000,35.965000,35.510000,35.710000
2022-03-18,35.710000,35.870000,35.325000,35.405000
2022-03-21,35.220000,35.570050,35.210000,35.405000
2022-03-22,35.540000,35.540000,35.172500,35.455000
2022-03-23,35.420000,35.710000,35.245000,35.505000
2022-03-24,35.580000,35.915000,35.507500,35.870000
2022-03-25,36.000000,36.405000,35.915000,36.390000
2022-03-28,36.425000,36.625000,36.207500,36.625000
2022-03-29,36.610000,36.965000,36.545000,36.965000
2022-03-30,37.000000,37.280000,36.887500,37.270000
2022-03-31,37.245000,37.570000,37.210000,37.230000
2022-04-01,37.200000,37.775000,36.980000,37.750000
2022-04-04,37.595000,37.595000,37.075000,37.460000
2022-04-05,37.475000,38.125000,37.470000,37.695000
2022-04-06,37.815000,38.470000,37.645000,38.445000
2022-04-07,38.430000,38.445000,38.000000,38.350000
2022-04-08,38.490000,38.615000,38.155000,38.480000
2022-04-11,38.505000,38.557500,37.897500,37.955000
2022-04-12,37.850000,38.297500,37.715000,38.100000
2022-04-13,38.105000,38.205000,37.775000,38.025000
2022-04-14,38.100000,38.297500,37.990000,38.045000
2022-04-18,38.090000,38.305000,37.660000,37.840000
2022-04-19,37.950000,38.160000,37.840000,38.085000
2022-04-20,38.490000,38.582500,38.280000,38.395000
2022-04-21,38.270000,38.380000,37.730000,37.760000
2022-04-22,37.710000,37.750000,37.100000,37.125000
2022-04-25,37.255000,37.275000,36.257500,36.870000
2022-04-26,36.740000,37.192500,36.485000,36.500000
2022-04-27,36.525000,36.865000,36.205000,36.325000
2022-04-28,36.500000,36.860000,36.310000,36.730000
2022-04-29,36.570000,36.635000,35.575000,35.630000
2022-05-02,35.800000,35.965000,34.820000,35.265000
2022-05-03,35.395000,35.980000,35.237500,35.400000
2022-05-04,35.620000,36.255000,35.470000,36.190000
2022-05-05,35.950000,36.250200,35.500000,35.820000
2022-05-06,35.610000,36.220000,35.600000,36.105000
2022-05-09,35.885000,36.200000,35.535300,35.835000
2022-05-10,35.885000,36.375000,34.980500,35.400000
2022-05-11,35.375000,36.250000,35.342500,35.655000
2022-05-12,35.615000,35.702500,34.920000,35.295000
2022-05-13,35.605000,35.767500,35.145000,35.715000
2022-05-16,35.730000,35.980000,35.580000,35.825000
2022-05-17,35.995000,36.200000,35.440000,36.195000
2022-05-18,36.255000,36.330000,35.750000,35.845000
2022-05-19,35.680000,35.930000,35.265000,35.770000
2022-05-20,35.865000,35.972500,35.375000,35.870000
2022-05-23,36.280000,36.465000,35.940000,36.300000
2022-05-24,36.370000,37.095000,36.092500,37.025000
2022-05-25,37.065000,37.120000,36.760000,37.000000
2022-05-26,37.230000,37.376300,37.075000,37.105000
2022-05-27,37.075000,37.685000,36.915000,37.685000
2022-05-31,37.335000,37.475000,37.005000,37.165000
2022-06-01,37.300000,37.300000,36.765000,37.105000
2022-06-02,37.285000,37.390000,36.530000,37.355000
2022-06-03,37.200000,37.405000,37.105000,37.175000
2022-06-06,37.510000,37.628050,37.295000,37.340000
2022-06-07,37.245000,37.600000,37.015000,37.565000
2022-06-08,37.400000,37.400900,36.772500,36.830000
2022-06-09,36.810000,36.987500,35.920000,35.945000
2022-06-10,35.590000,35.990000,35.370000,35.670000
2022-06-13,35.215000,35.295000,33.862500,34.030000
2022-06-14,34.070000,34.195000,32.795000,33.170000
2022-06-15,33.465000,33.895000,32.980000,33.385000
2022-06-16,32.970000,32.970000,32.480000,32.740000
2022-06-17,32.790000,33.020000,32.165000,32.435000
2022-06-21,32.290000,32.970000,32.210000,32.790000
2022-06-22,32.615000,33.377500,32.605000,33.135000
2022-06-23,33.330000,33.975000,33.285000,33.915000
2022-06-24,34.095000,34.575000,33.960000,34.505000
2022-06-27,34.430000,34.865000,34.295000,34.785000
2022-06-28,34.900000,35.170000,34.610000,34.655000
2022-06-29,34.710000,34.815000,34.460000,34.680000
2022-06-30,34.465000,35.325000,34.420000,35.065000
2022-07-01,35.245000,35.982500,35.102500,35.925000
2022-07-05,35.845000,35.870000,34.155000,34.700000
2022-07-06,34.870000,35.380000,34.595000,35.060000
2022-07-07,35.240000,35.355000,34.987500,35.025000
2022-07-08,34.990000,35.065000,34.795000,34.910000
2022-07-11,34.775000,35.192500,34.695000,35.130000
2022-07-12,34.925000,35.405000,34.812500,34.960000
2022-07-13,34.635000,35.190000,34.602500,34.815000
2022-07-14,34.255000,34.865000,34.175000,34.815000
2022-07-15,34.850000,34.930000,34.280000,34.880000
2022-07-18,34.800000,34.850000,34.380000,34.395000
2022-07-19,34.620000,34.805000,34.500000,34.615000
2022-07-20,34.675000,34.690000,34.112500,34.155000
2022-07-21,34.250000,34.260000,33.922500,34.245000
2022-07-22,34.520000,34.850000,34.440000,34.715000
2022-07-25,34.660000,35.160000,34.565000,35.150000
2022-07-26,35.120000,35.469950,35.080000,35.360000
2022-07-27,35.195000,35.487500,35.097500,35.390000
2022-07-28,36.015000,36.735000,35.985000,36.660000
2022-07-29,36.590000,37.130000,36.585000,36.975000
2022-08-01,36.860000,37.045000,36.622500,37.015000
2022-08-02,37.180000,37.395000,36.910000,36.940000
2022-08-03,36.885000,37.257500,36.310000,37.170000
2022-08-04,37.190000,37.520000,37.070000,37.250000
2022-08-05,37.150000,37.320000,36.765000,37.115000
2022-08-08,37.435000,37.610000,36.995000,37.170000
2022-08-09,37.285000,37.655000,37.260000,37.585000
2022-08-10,37.755000,37.835000,37.475000,37.750000
2022-08-11,37.805000,38.125000,37.635000,37.745000
2022-08-12,38.000000,38.365000,37.925000,38.360000
2022-08-15,38.285000,38.720000,38.215000,38.680000
2022-08-16,38.595000,38.932500,38.552500,38.790000
2022-08-17,38.630000,38.892500,38.600000,38.725000
2022-08-18,38.760000,38.990000,38.732500,38.870000
2022-08-19,38.820000,39.025000,38.675000,38.850000
2022-08-22,38.665000,38.737500,38.220000,38.320000
2022-08-23,38.250000,38.335000,37.935000,38.090000
2022-08-24,38.040000,38.260000,37.944950,38.210000
2022-08-25,38.300000,38.445000,38.010000,38.445000
2022-08-26,38.460000,38.587500,37.817500,37.855000
2022-08-29,37.660000,38.250000,37.440000,37.970000
2022-08-30,37.960000,37.990000,37.275000,37.415000
2022-08-31,37.435000,37.665000,37.152500,37.170000
2022-09-01,37.025000,37.757500,37.025000,37.705000
2022-09-02,37.800000,38.155000,37.190000,37.300000
2022-09-06,37.510000,37.917500,37.300000,37.395000
2022-09-07,37.575000,38.619950,37.535000,38.565000
2022-09-08,38.420000,38.788550,38.330000,38.535000
2022-09-09,38.765000,38.910000,38.425000,38.690000
2022-09-12,38.795000,39.110000,38.675000,39.060000
2022-09-13,38.665000,38.825000,37.835000,38.020000
2022-09-14,38.035000,38.545000,37.995000,38.330000
2022-09-15,38.025000,38.025000,37.280000,37.375000
2022-09-16,37.240000,37.525000,37.170000,37.235000
2022-09-19,36.870000,37.485000,36.770000,37.480000
2022-09-20,37.235000,37.235000,36.667500,36.935000
2022-09-21,37.175000,37.425000,36.415000,36.430000
2022-09-22,36.400000,36.545000,36.110000,36.300000
2022-09-23,35.945000,35.995000,35.420000,35.880000
2022-09-26,35.790000,35.835000,34.664350,35.015000
2022-09-27,35.245000,35.300000,34.255000,34.425000
2022-09-28,34.825000,35.008500,34.370000,34.795000
2022-09-29,34.615000,34.695000,33.327500,33.400000
2022-09-30,33.560000,33.690000,32.685000,32.755000
2022-10-03,33.290000,33.897500,33.060000,33.715000
2022-10-04,33.950000,34.460000,33.740000,34.430000
2022-10-05,33.990000,33.990000,33.287500,33.665000
2022-10-06,33.520000,33.575000,32.520000,32.555000
2022-10-07,32.460000,32.580000,31.660000,31.880000
2022-10-10,31.945000,32.315000,31.887500,31.935000
2022-10-11,31.815000,32.235000,31.650000,31.820000
2022-10-12,31.770000,31.830000,30.740000,30.760000
2022-10-13,30.295000,31.655000,30.175000,31.530000
2022-10-14,31.855000,32.085000,30.917500,31.075000
2022-10-17,31.500000,32.025000,31.500000,31.725000
2022-10-18,32.355000,32.477500,31.985000,32.305000
2022-10-19,31.885000,32.100000,31.607500,31.885000
2022-10-20,31.895000,31.895000,30.930000,31.080000
2022-10-21,31.195000,31.890000,30.980000,31.655000
2022-10-24,31.825000,32.170000,31.572500,31.920000
2022-10-25,32.025000,32.642500,31.950000,32.560000
2022-10-26,32.735000,32.900000,32.405000,32.545000
2022-10-27,32.780000,33.175000,32.710000,32.805000
2022-10-28,32.940000,33.775000,32.895000,33.705000
2022-10-31,33.620000,33.760000,33.188750,33.390000
2022-11-01,33.590000,33.715000,33.255000,33.520000
2022-11-02,33.410000,34.105000,33.182500,33.195000
2022-11-03,32.880000,33.635000,32.700000,33.340000
2022-11-04,33.410000,33.680000,32.960500,33.545000
2022-11-07,33.480000,33.535000,32.382500,32.905000
2022-11-08,32.950000,33.340000,32.845000,33.135000
2022-11-09,33.000000,33.252500,32.810000,32.875000
2022-11-10,33.865000,34.487500,33.365000,34.425000
2022-11-11,34.425000,34.515000,33.716950,34.040000
2022-11-14,34.060000,34.245000,33.620000,33.635000
2022-11-15,33.990000,34.240000,33.595000,34.005000
2022-11-16,34.020000,34.485000,34.020000,34.310000
2022-11-17,33.935000,34.030000,33.545000,33.710000
2022-11-18,34.025000,34.460000,34.010000,34.425000
2022-11-21,34.370000,34.682500,34.345000,34.580000
2022-11-22,34.745000,35.090000,34.652500,34.875000
2022-11-23,34.775000,35.280000,34.775000,35.265000
2022-11-25,35.395000,35.580000,35.370000,35.470000
2022-11-28,35.225000,35.360000,34.955000,35.105000
2022-11-29,34.890000,34.920000,34.640000,34.845000
2022-11-30,34.780000,35.790000,34.745000,35.715000
2022-12-01,36.065000,36.255000,35.592500,35.685000
2022-12-02,35.305000,35.607500,35.160000,35.515000
2022-12-05,35.245000,35.450000,35.180000,35.315000
2022-12-06,35.265000,35.555000,35.130500,35.535000
2022-12-07,35.565000,35.805000,35.240000,35.370000
2022-12-08,35.375000,35.730000,35.245000,35.600000
2022-12-09,35.475000,35.725000,35.380000,35.415000
2022-12-12,35.605000,36.235000,35.472500,36.225000
2022-12-13,36.735000,36.895000,35.937500,36.335000
2022-12-14,36.460000,36.847500,36.025000,36.290000
2022-12-15,36.150000,36.210000,35.680000,35.850000
2022-12-16,35.580000,35.580000,34.800000,35.240000
2022-12-19,34.775000,35.150000,34.590000,34.815000
2022-12-20,34.795000,35.015000,34.570000,34.825000
2022-12-21,35.035000,35.322500,34.920000,35.310000
2022-12-22,35.255000,35.255000,34.515000,35.095000
2022-12-23,35.030000,35.477500,35.025000,35.455000
2022-12-27,35.535000,35.750000,35.310000,35.675000
2022-12-28,35.755000,35.905000,35.277500,35.335000
2022-12-29,35.510000,35.787800,35.485000,35.590000
2022-12-30,35.555000,35.615000,34.920000,35.250000
2023-01-03,35.350000,35.470000,34.768550,35.250000
2023-01-04,35.410000,35.887500,35.352500,35.570000
2023-01-05,35.300000,35.435000,34.692500,34.800000
2023-01-06,35.195000,35.670000,35.145000,35.500000
2023-01-09,35.495000,36.010000,35.390000,35.740000
2023-01-10,35.645000,35.770000,35.330000,35.750000
2023-01-11,35.750000,36.090000,35.745000,36.040000
2023-01-12,36.085000,36.135000,35.765000,35.795000
2023-01-13,35.645000,35.785000,35.400000,35.665000
2023-01-17,35.690000,35.945000,35.555000,35.615000
2023-01-18,35.770000,35.770000,34.715000,34.760000
2023-01-19,34.745000,34.780000,34.325000,34.410000
2023-01-20,34.390000,34.627500,33.920000,34.615000
2023-01-23,34.495000,34.960000,34.345000,34.625000
2023-01-24,34.660000,34.905000,34.215000,34.800000
2023-01-25,34.290000,34.410000,33.980000,34.330000
2023-01-26,34.150000,34.500000,34.085000,34.445000
2023-01-27,34.370000,34.592500,34.235000,34.445000
2023-01-30,34.320000,34.680000,34.262500,34.290000
2023-01-31,34.385000,34.555000,33.980000,34.545000
2023-02-01,34.380000,34.850000,34.135000,34.605000
2023-02-02,34.625000,35.064950,34.355000,34.680000
2023-02-03,34.370000,34.505000,33.500000,33.955000
2023-02-06,33.830000,34.272500,33.770000,34.245000
2023-02-07,34.090000,34.340000,33.755000,34.230000
2023-02-08,34.030000,34.045000,33.485000,33.655000
2023-02-09,33.735000,33.920000,33.137500,33.195000
2023-02-10,33.230000,33.885000,33.190000,33.855000
2023-02-13,33.870000,34.145000,33.870000,34.060000
2023-02-14,34.025000,34.260000,33.735000,33.915000
2023-02-15,33.720000,34.157500,33.720000,34.135000
2023-02-16,33.800000,34.033750,33.512500,33.875000
2023-02-17,33.885000,34.400000,33.705000,34.240000
2023-02-21,33.990000,34.085000,33.575000,33.600000
2023-02-22,33.595000,33.852500,33.377500,33.470000
2023-02-23,33.620000,33.620000,33.147500,33.295000
2023-02-24,33.005000,33.422500,32.870000,33.305000
2023-02-27,33.470000,33.790000,33.010200,33.080000
2023-02-28,32.930000,33.090000,32.500000,32.500000
2023-03-01,32.330000,32.360000,31.812500,31.965000
2023-03-02,31.920000,32.590000,31.875000,32.570000
2023-03-03,32.700000,33.145000,32.380000,33.125000
2023-03-06,33.145000,33.385000,33.100000,33.285000
2023-03-07,33.315000,33.397500,32.577500,32.740000
2023-03-08,32.730000,33.055000,32.605000,32.990000
2023-03-09,33.080000,33.385000,32.615000,32.725000
2023-03-10,32.885000,32.885000,32.045000,32.210000
2023-03-13,32.170000,33.425000,32.125000,32.705000
2023-03-14,32.950000,33.405000,32.810000,33.135000
2023-03-15,33.040000,33.800000,32.880000,33.585000
2023-03-16,33.460000,34.005000,33.330000,33.810000
2023-03-17,33.730000,33.800000,33.235000,33.485000
2023-03-20,33.290000,33.610000,33.280000,33.500000
2023-03-21,33.555000,33.595000,32.385000,32.825000
2023-03-22,32.780000,32.952500,32.165000,32.180000
2023-03-23,32.190000,32.500000,31.690000,31.850000
2023-03-24,31.885000,32.855000,31.855000,32.845000
2023-03-27,32.945000,33.182500,32.795000,32.885000
2023-03-28,32.805000,33.322650,32.805000,32.975000
2023-03-29,33.150000,33.507500,33.150000,33.455000
2023-03-30,33.535000,33.765000,33.410000,33.600000
2023-03-31,33.710000,33.860000,33.515000,33.845000
2023-04-03,33.720000,33.865000,33.425000,33.615000
2023-04-04,33.595000,33.847500,33.505000,33.785000
2023-04-05,33.930000,34.755000,33.925000,34.660000
2023-04-06,34.940000,34.977500,34.550000,34.905000
2023-04-10,34.705000,34.845000,34.357500,34.835000
2023-04-11,34.785000,34.962500,34.695000,34.865000
2023-04-12,34.930000,35.080000,34.705000,34.830000
2023-04-13,34.675000,34.927500,34.175000,34.835000
2023-04-14,34.580000,34.650000,34.282500,34.445000
2023-04-17,34.505000,34.695000,34.290000,34.635000
2023-04-18,34.650000,34.720000,34.325000,34.455000
2023-04-19,34.540000,34.825000,34.490000,34.720000
2023-04-20,34.750000,34.847500,34.505000,34.710000
2023-04-21,34.935000,35.055000,34.605000,34.810000
2023-04-24,34.800000,35.045000,34.590500,34.985000
2023-04-25,34.855000,35.140000,34.845000,34.950000
2023-04-26,34.680000,34.787500,34.090000,34.130000
2023-04-27,34.230000,34.570000,34.200000,34.540000
2023-04-28,34.440000,34.695000,34.275000,34.490000
2023-05-01,34.410000,34.885000,34.380000,34.550000
2023-05-02,34.520000,34.610000,33.935000,34.130000
2023-05-03,34.320000,34.525000,33.995000,34.035000
2023-05-04,34.095000,34.427500,33.775000,34.295000
2023-05-05,34.180000,34.600000,34.180000,34.515000
2023-05-08,34.480000,34.730000,34.295000,34.410000
2023-05-09,34.330000,34.455000,34.120000,34.365000
2023-05-10,34.580000,34.770000,34.330000,34.680000
2023-05-11,34.700000,34.710000,34.165000,34.325000
2023-05-12,34.515000,34.735000,34.309950,34.515000
2023-05-15,34.645000,34.695000,33.940000,34.080000
2023-05-16,34.040000,34.105000,33.305000,33.325000
2023-05-17,33.430000,33.440000,33.065000,33.205000
2023-05-18,33.050000,33.137500,32.812500,33.105000
2023-05-19,33.260000,33.445000,33.032500,33.055000
2023-05-22,33.140000,33.310000,32.945000,33.065000
2023-05-23,32.940000,33.275000,32.860000,32.950000
2023-05-24,32.905000,33.025000,32.680000,32.735000
2023-05-25,32.672500,32.687500,32.065000,32.295000
2023-05-26,32.245000,32.320000,31.965000,32.295000
2023-05-30,32.350000,32.515000,32.120000,32.170000
2023-05-31,32.185000,32.610000,31.977500,32.465000
2023-06-01,32.525000,32.570000,32.025000,32.225000
2023-06-02,32.060000,32.685000,31.985000,32.560000
2023-06-05,32.630000,33.070000,32.560000,32.715000
2023-06-06,32.560000,32.920000,32.560000,32.690000
2023-06-07,32.715000,33.325000,32.512500,33.245000
2023-06-08,33.235000,33.440000,32.987500,33.390000
2023-06-09,33.400000,33.425000,33.175000,33.195000
2023-06-12,33.220000,33.310000,33.000000,33.135000
2023-06-13,32.935000,33.242500,32.880000,33.130000
2023-06-14,33.250000,33.505000,33.045000,33.110000
2023-06-15,33.235000,33.550000,33.165000,33.470000
2023-06-16,33.550000,33.920000,33.522500,33.650000
2023-06-20,33.285000,33.355000,32.952500,32.990000
2023-06-21,32.875000,33.290000,32.515000,33.255000
2023-06-22,33.380000,33.445000,32.905000,33.000000
2023-06-23,33.095000,33.210000,32.472500,32.515000
2023-06-26,32.570000,32.935000,32.442500,32.835000
2023-06-27,32.860000,32.960000,32.741650,32.845000
2023-06-28,32.835000,32.835000,32.275000,32.360000
2023-06-29,32.105000,32.540000,32.035000,32.360000
2023-06-30,32.405000,32.755000,32.390000,32.720000
2023-07-03,32.650000,32.980000,32.540000,32.965000
2023-07-05,32.850000,33.590000,32.805000,33.340000
2023-07-06,33.075000,33.170000,32.755000,32.935000
2023-07-07,32.720000,32.926200,32.610000,32.695000
2023-07-10,32.640000,32.750000,32.295000,32.555000
2023-07-11,32.620000,32.970000,32.500000,32.960000
2023-07-12,33.060000,33.480000,33.000000,33.440000
2023-07-13,33.440000,33.565000,33.317500,33.555000
2023-07-14,33.470000,33.570500,33.235000,33.425000
2023-07-17,33.315000,33.390000,33.022500,33.040000
2023-07-18,33.010000,33.295000,32.495000,32.785000
2023-07-19,32.810000,33.315000,32.810000,33.120000
2023-07-20,33.210000,33.775000,33.037500,33.725000
2023-07-21,33.860000,34.365000,33.800000,34.230000
2023-07-24,34.280000,34.340000,33.980000,34.140000
2023-07-25,34.100000,34.305000,33.995000,34.200000
2023-07-26,34.110000,34.577500,34.042500,34.200000
2023-07-27,34.065000,34.210000,33.525000,33.595000
2023-07-28,33.815000,33.950000,33.352500,33.520000
2023-07-31,33.655000,33.790000,33.377500,33.535000
2023-08-01,33.495000,33.670000,33.105000,33.125000
2023-08-02,32.990000,33.280000,32.936800,33.125000
2023-08-03,33.025000,33.050000,32.337500,32.370000
2023-08-04,32.455000,32.665000,31.852500,31.995000
2023-08-07,32.115000,32.262500,31.980000,31.990000
2023-08-08,31.985000,32.152500,31.690000,32.140000
2023-08-09,32.125000,32.495000,32.070000,32.210000
2023-08-10,32.340000,32.535000,32.017050,32.110000
2023-08-11,32.140000,32.330000,32.041500,32.285000
2023-08-14,32.265000,32.285000,31.890000,32.030000
2023-08-15,31.845000,31.860000,31.487500,31.510000
2023-08-16,31.645000,31.790000,31.525000,31.650000
2023-08-17,31.685000,31.992500,31.562500,31.580000
2023-08-18,31.575000,31.817500,31.545000,31.745000
2023-08-21,31.650000,31.736050,31.292500,31.545000
2023-08-22,31.525000,31.725000,31.405000,31.635000
2023-08-23,31.805000,31.840000,31.540000,31.760000
2023-08-24,31.705000,32.140000,31.542500,31.575000
2023-08-25,31.620000,31.975000,31.600000,31.815000
2023-08-28,31.870000,32.045000,31.745000,31.810000
2023-08-29,31.850000,32.022500,31.720000,31.930000
2023-08-30,31.825000,32.034550,31.662500,31.785000
2023-08-31,31.910000,31.937500,31.470000,31.480000
2023-09-01,31.645000,31.752500,31.072500,31.320000
2023-09-05,31.300000,31.320050,30.672150,30.840000
2023-09-06,30.885000,30.945000,30.709950,30.910000
2023-09-07,31.175000,31.565000,31.095000,31.315000
2023-09-08,31.370000,31.645000,31.270000,31.590000
2023-09-11,31.555000,31.883900,31.545000,31.720000
2023-09-12,31.715000,31.850000,31.505000,31.760000
2023-09-13,31.775000,32.285000,31.775000,32.140000
2023-09-14,32.340000,32.630000,32.295000,32.610000
2023-09-15,32.555000,32.805000,32.435000,32.470000
2023-09-18,32.230000,32.290000,31.960000,32.185000
2023-09-19,32.160000,32.275000,32.000000,32.010000
2023-09-20,32.140000,32.375000,31.945000,32.040000
2023-09-21,32.015000,32.072500,31.690000,31.705000
2023-09-22,31.565000,31.852500,31.435000,31.645000
2023-09-25,31.460000,31.622800,31.267500,31.600000
2023-09-26,31.470000,31.505000,30.570000,30.655000
2023-09-27,30.595000,30.670000,29.982500,30.065000
2023-09-28,30.180000,30.240000,29.367500,29.415000
2023-09-29,29.670000,29.910000,29.302500,29.465000
2023-10-02,29.295000,29.295000,27.757500,28.095000
2023-10-03,27.875000,28.515000,27.462500,28.420000
2023-10-04,28.565000,28.620500,27.945000,28.390000
2023-10-05,28.315000,28.400000,27.950000,28.225000
2023-10-06,27.875000,28.695000,27.385000,28.625000
2023-10-09,28.575000,28.910000,28.455000,28.910000
2023-10-10,28.910000,29.317500,28.910000,29.305000
2023-10-11,29.470000,29.805000,29.260000,29.780000
2023-10-12,29.630000,29.805000,29.055000,29.320000
2023-10-13,29.515000,29.840000,29.440000,29.650000
2023-10-16,29.710000,30.065000,29.480000,29.955000
2023-10-17,29.700000,30.065000,29.652500,29.875000
2023-10-18,29.845000,30.022500,29.425000,29.615000
2023-10-19,29.520000,29.795000,29.297500,29.320000
2023-10-20,29.250000,29.535000,29.010000,29.015000
2023-10-23,28.750000,29.185000,28.520000,28.770000
2023-10-24,29.205000,29.630000,29.115000,29.510000
2023-10-25,29.460000,29.735000,29.340000,29.675000
2023-10-26,29.755000,30.195000,29.744900,29.930000
2023-10-27,29.800000,29.970000,29.275000,29.365000
2023-10-30,29.490000,29.785000,29.265000,29.590000
2023-10-31,29.710000,29.875000,29.500000,29.845000
2023-11-01,29.885000,30.365000,29.595000,30.185000
2023-11-02,30.250000,30.910000,30.200000,30.750000
2023-11-03,31.285000,31.325000,30.920000,30.930000
2023-11-06,30.985000,31.085000,30.820000,30.850000
2023-11-07,30.865000,30.905000,30.575000,30.625000
2023-11-08,30.495000,30.502500,30.060000,30.400000
2023-11-09,30.400000,30.550000,29.985000,30.000000
2023-11-10,30.135000,30.245000,29.960000,30.160000
2023-11-13,30.095000,30.165000,29.754350,29.800000
2023-11-14,30.470000,31.015000,30.407500,30.990000
2023-11-15,30.905000,31.345000,30.825000,30.895000
2023-11-16,31.150000,31.307500,31.035000,31.060000
2023-11-17,31.230000,31.265000,30.972500,31.145000
2023-11-20,31.000000,31.169900,30.640000,31.050000
2023-11-21,31.025000,31.177500,30.825000,31.115000
2023-11-22,31.225000,31.275000,30.970000,31.265000
2023-11-24,31.260000,31.350050,31.140000,31.345000
2023-11-27,31.370000,31.460000,31.145000,31.395000
2023-11-28,31.400000,31.722500,31.275000,31.495000
2023-11-29,31.505000,31.630000,31.132500,31.245000
2023-11-30,31.335000,31.420000,31.120000,31.380000
2023-12-01,31.395000,31.770000,31.190000,31.765000
2023-12-04,31.615000,31.905000,31.480000,31.640000
2023-12-05,31.670000,31.675000,31.290000,31.415000
2023-12-06,31.555000,31.845000,31.510000,31.835000
2023-12-07,31.880000,31.995000,31.620000,31.765000
2023-12-08,31.715000,31.850000,31.470000,31.705000
2023-12-11,31.540000,31.950000,31.540000,31.910000
2023-12-12,31.955000,31.970000,31.535000,31.780000
2023-12-13,31.815000,32.980000,31.642500,32.980000
2023-12-14,33.180000,33.350000,32.485000,32.550000
2023-12-15,32.225000,32.390000,31.750000,31.985000
2023-12-18,31.686413,31.952500,31.547500,31.615000
2023-12-19,31.725000,31.835000,31.587500,31.795000
2023-12-20,31.755000,31.845000,31.145000,31.150000
2023-12-21,31.255000,31.420000,30.985000,31.205000
2023-12-22,31.320000,31.617500,31.250000,31.310000
2023-12-26,31.260000,31.617500,31.250000,31.500000
2023-12-27,31.440000,31.540000,31.320000,31.480000
2023-12-28,31.380000,31.747500,31.380000,31.705000
2023-12-29,31.635000,31.730000,31.455000,31.665000
2024-01-02,31.530000,32.197500,31.465000,32.125000
2024-01-03,32.115000,32.302500,31.895000,32.245000
2024-01-04,32.280000,32.448500,32.105000,32.145000
2024-01-05,32.100000,32.417800,31.955000,32.265000
2024-01-08,32.195000,32.510000,32.095150,32.500000
2024-01-09,32.330000,32.380000,32.165000,32.235000
2024-01-10,32.235000,32.380000,32.115000,32.230000
2024-01-11,32.125000,32.129250,31.377500,31.480000
2024-01-12,31.690000,31.790000,31.532500,31.660000
2024-01-16,31.505000,31.587500,31.240000,31.315000
2024-01-17,31.135000,31.420000,30.625000,30.860000
2024-01-18,30.705000,30.735000,30.355000,30.530000
2024-01-19,30.560000,30.610000,30.295000,30.490000
2024-01-22,30.480000,30.705000,30.202500,30.335000
2024-01-23,30.345000,30.485000,30.207500,30.390000
2024-01-24,30.600000,30.650000,29.930000,29.975000
2024-01-25,30.375000,30.520000,30.092250,30.515000
2024-01-26,30.595000,30.717500,30.505000,30.605000
2024-01-29,30.625000,30.917500,30.442500,30.800000
2024-01-30,30.725000,30.975000,30.525100,30.790000
2024-01-31,31.045000,31.180000,30.547500,30.725000
2024-02-01,30.595000,31.310000,30.455000,31.310000
2024-02-02,30.955000,31.045000,30.530000,30.745000
2024-02-05,30.445000,30.462500,30.090000,30.105000
2024-02-06,30.090000,30.312950,29.995000,30.215000
2024-02-07,30.335000,30.400000,30.075000,30.235000
2024-02-08,30.100000,30.165000,29.757500,30.020000
2024-02-09,29.935000,30.165000,29.875000,30.135000
2024-02-12,30.135000,30.510000,30.060000,30.485000
2024-02-13,30.315000,30.470000,29.570000,29.980000
2024-02-14,30.090000,30.215000,29.920000,30.145000
2024-02-15,30.240000,30.672500,30.240000,30.650000
2024-02-16,30.500000,30.757500,30.315000,30.615000
2024-02-20,30.560000,30.945000,30.530000,30.595000
2024-02-21,30.795000,31.040000,30.645000,31.000000
2024-02-22,30.755000,30.887500,30.525000,30.760000
2024-02-23,30.825000,31.125000,30.747500,30.980000
2024-02-26,30.830000,30.850000,30.312500,30.370000
2024-02-27,30.550000,30.955000,30.425000,30.945000
2024-02-28,30.910000,31.085000,30.840000,31.040000
2024-02-29,31.160000,31.310000,30.905000,31.050000
2024-03-01,30.955000,30.960000,30.480000,30.860000
2024-03-04,30.715000,31.425000,30.715000,31.380000
2024-03-05,31.475000,31.985000,31.160000,31.290000
2024-03-06,31.515000,31.750000,31.442500,31.590000
2024-03-07,31.850000,31.930000,31.735000,31.795000
2024-03-08,31.885000,31.967500,31.610000,31.875000
2024-03-11,31.830000,32.102500,31.708150,32.035000
2024-03-12,31.970000,31.985000,31.525000,31.725000
2024-03-13,31.975000,32.225000,31.870000,31.940000
2024-03-14,31.870000,31.992500,31.460000,31.685000
2024-03-15,31.585000,31.897500,31.555000,31.730000
2024-03-18,31.510000,31.815000,31.325000,31.615000
2024-03-19,31.690000,31.925000,31.600000,31.895000
2024-03-20,31.840000,32.100000,31.752500,31.935000
2024-03-21,32.020000,32.237500,31.870000,31.880000
2024-03-22,32.085000,32.145000,31.890000,31.930000
2024-03-25,32.020000,32.100000,31.882500,32.080000
2024-03-26,32.115000,32.210000,31.690000,31.715000
2024-03-27,31.950000,32.600000,31.915000,32.600000
2024-03-28,32.595000,32.877550,32.510000,32.825000
2024-04-01,32.830000,32.865000,32.415000,32.625000
2024-04-02,32.550000,32.870000,32.535000,32.680000
2024-04-03,32.675000,32.762500,32.432500,32.550000
2024-04-04,32.805000,32.900000,32.262500,32.485000
2024-04-05,32.275000,32.667500,32.117500,32.580000
2024-04-08,32.585000,32.850000,32.540000,32.795000
2024-04-09,32.865000,33.040000,32.767500,32.975000
2024-04-10,32.315000,32.532500,32.125000,32.410000
2024-04-11,32.595000,32.635000,32.125000,32.345000
2024-04-12,32.405000,32.500000,31.945000,32.100000
2024-04-15,32.320000,32.455000,31.682500,31.805000
2024-04-16,31.705000,31.740000,31.275000,31.385000
2024-04-17,31.590000,32.120000,31.530000,32.040000
2024-04-18,32.150000,32.330000,31.912500,32.220000
2024-04-19,32.305000,32.782500,32.267500,32.715000
2024-04-22,32.735000,33.105000,32.510000,33.015000
2024-04-23,33.000000,33.380000,32.920000,33.180000
2024-04-24,32.870000,33.480000,32.705000,33.370000
2024-04-25,33.290000,33.592500,32.997500,33.460000
2024-04-26,33.460000,33.505000,33.080000,33.095000
2024-04-29,33.325000,33.605850,33.295000,33.545000
2024-04-30,33.360000,33.627500,33.140000,33.370000
2024-05-01,33.365000,34.060000,33.235000,33.762500
2024-05-02,33.895000,34.020000,33.625000,33.932500
2024-05-03,34.200000,34.312500,33.900000,34.205000
2024-05-06,34.310000,34.417500,34.100000,34.380000
2024-05-07,34.525000,34.800000,34.450000,34.770000
2024-05-08,34.695000,35.155000,34.610000,35.135000
2024-05-09,35.110000,35.702500,35.035000,35.670000
2024-05-10,35.870000,35.925000,35.535000,35.635000
2024-05-13,35.755000,35.932500,35.565000,35.635000
2024-05-14,35.790000,35.840000,35.530000,35.730000
2024-05-15,36.100000,36.365000,36.040000,36.265000
2024-05-16,36.285000,36.452500,36.085000,36.127500
2024-05-17,36.095000,36.255000,35.970000,36.170000
2024-05-20,36.250000,36.250000,36.030000,36.110000
2024-05-21,36.090000,36.450000,36.077500,36.435000
2024-05-22,36.235000,36.362500,35.970000,36.005000
2024-05-23,35.950000,35.950000,35.375000,35.395000
2024-05-24,35.485000,35.890000,35.420000,35.750000
2024-05-28,35.785000,35.930000,35.640000,35.715000
2024-05-29,35.405000,35.450000,35.122500,35.255000
2024-05-30,35.370000,35.755000,35.305000,35.730000
2024-05-31,35.850000,36.395000,35.695000,36.365000
2024-06-03,36.300000,36.332500,35.815000,35.945000
2024-06-04,35.855000,36.055000,35.535000,35.930000
2024-06-05,35.890000,35.920000,35.662500,35.725000
2024-06-06,35.645000,35.855000,35.305000,35.355000
2024-06-07,35.050000,35.330000,34.957500,34.970000
2024-06-10,34.965000,35.480000,34.872500,35.420000
2024-06-11,35.120000,35.255000,34.905000,35.205000
2024-06-12,35.650000,35.655000,34.860000,34.975000
2024-06-13,35.030000,35.185000,34.690650,35.055000
2024-06-14,34.850000,35.015000,34.705000,34.970000
2024-06-17,34.785000,34.865000,34.550000,34.585000
2024-06-18,34.305000,34.612500,34.275000,34.600000
2024-06-20,34.710000,34.972500,34.595000,34.900000
2024-06-21,35.030000,35.067500,34.670000,34.695000
2024-06-24,34.410000,34.985000,34.385000,34.870000
2024-06-25,34.800000,34.895000,34.430000,34.540000
2024-06-26,34.410000,34.467500,34.190000,34.395000
2024-06-27,34.425000,34.500000,34.220000,34.455000
2024-06-28,34.455000,34.500000,33.910000,34.070000
2024-07-01,34.425000,34.485000,33.797500,33.835000
2024-07-02,33.915000,34.072500,33.860000,34.010000
2024-07-03,34.060000,34.455000,33.995000,34.215000
2024-07-05,34.270000,34.420000,34.115000,34.275000
2024-07-08,34.305000,34.420000,34.177500,34.310000
2024-07-09,34.310000,34.700000,34.275000,34.410000
2024-07-10,34.540000,34.745000,34.280000,34.735000
2024-07-11,34.910000,35.465000,34.895000,35.370000
2024-07-12,35.495000,35.862500,35.340000,35.625000
2024-07-15,35.230000,35.340000,34.707500,34.765000
2024-07-16,34.975000,35.095000,34.870000,35.035000
2024-07-17,35.000000,35.500000,34.910000,35.055000
2024-07-18,35.010000,35.365000,34.965000,35.025000
2024-07-19,35.090000,35.172500,34.855000,35.065000
2024-07-22,35.250000,35.440000,35.130000,35.360000
2024-07-23,35.290000,35.355500,35.115000,35.140000
2024-07-24,35.390000,35.674500,35.175000,35.535000
2024-07-25,35.700000,35.890000,35.090000,35.240000
2024-07-26,35.520000,35.655000,35.387500,35.585000
2024-07-29,35.720000,35.860000,35.430000,35.745000
2024-07-30,35.705000,35.960000,35.630000,35.930000
2024-07-31,36.435000,36.475000,36.045000,36.395000
2024-08-01,36.465000,37.100000,36.420000,37.050000
2024-08-02,37.520000,37.780000,36.602500,37.110000
2024-08-05,37.305000,37.305000,36.090000,36.130000
2024-08-06,36.270000,36.855000,36.245000,36.435000
2024-08-07,36.735000,37.067500,36.500000,36.640000
2024-08-08,36.500000,36.902500,36.395000,36.680000
2024-08-09,36.770000,36.855000,36.172500,36.805000
2024-08-12,36.815000,36.885050,36.595000,36.870000
2024-08-13,37.025000,37.120000,36.862500,37.085000
2024-08-14,37.000000,37.280000,36.785000,37.060000
2024-08-15,36.845000,37.162950,36.722500,37.055000
2024-08-16,37.095000,37.347500,36.935000,37.220000
2024-08-19,37.255000,37.490000,37.225000,37.465000
2024-08-20,37.465000,37.590000,37.345000,37.385000
2024-08-21,37.440000,37.765000,37.390000,37.650000
2024-08-22,37.690000,37.770000,37.452500,37.605000
2024-08-23,37.735000,37.890000,37.600000,37.710000
2024-08-26,37.840000,38.108450,37.832500,37.955000
2024-08-27,37.875000,38.010000,37.637500,37.655000
2024-08-28,37.770000,37.977500,37.625000,37.655000
2024-08-29,37.780000,37.895000,37.410000,37.860000
2024-08-30,37.930000,38.200000,37.790000,38.145000
2024-09-03,38.155000,38.365000,37.970000,38.090000
2024-09-04,38.275000,38.702500,38.225000,38.415000
2024-09-05,38.705000,38.755000,38.205000,38.320000
2024-09-06,38.405000,38.485000,37.950000,37.955000
2024-09-09,38.120000,38.345000,37.900000,38.340000
2024-09-10,38.410000,38.682500,38.280000,38.520000
2024-09-11,38.525000,38.677500,38.075000,38.640000
2024-09-12,38.725000,38.792500,38.485000,38.725000
2024-09-13,38.855000,39.279550,38.705000,39.270000
2024-09-16,39.395000,39.680000,39.290000,39.570000
2024-09-17,39.590000,39.687500,39.410000,39.540000
2024-09-18,39.470000,39.580000,39.071350,39.240000
2024-09-19,39.100000,39.190000,38.690000,39.010000
2024-09-20,39.500000,40.125000,39.445000,40.040000
2024-09-23,40.015000,40.200000,39.870000,40.165000
2024-09-24,39.940000,40.385000,39.795000,39.880000
2024-09-25,40.100000,40.210000,39.740000,40.090000
2024-09-26,40.015000,40.190000,39.705000,39.815000
2024-09-27,39.980000,40.317500,39.940000,40.210000
2024-09-30,40.290000,40.415000,39.930000,40.390000
2024-10-01,40.345000,40.772500,40.100000,40.715000
2024-10-02,40.455000,40.810000,40.385000,40.735000
2024-10-03,40.960000,41.027500,40.620000,40.720000
2024-10-04,40.370000,40.700000,40.240000,40.655000
2024-10-07,40.520000,40.545000,39.614250,39.720000
2024-10-08,39.895000,40.017500,39.735000,39.740000
2024-10-09,39.630000,39.750000,39.175000,39.400000
2024-10-10,39.440000,39.750000,39.260000,39.280000
2024-10-11,39.150000,39.625000,39.025000,39.625000
2024-10-14,39.685000,40.160000,39.610000,40.125000
2024-10-15,40.300000,40.600000,40.257500,40.305000
2024-10-16,40.505000,41.185000,40.322500,41.105000
2024-10-17,41.240000,41.250000,40.710000,40.740000
2024-10-18,40.705000,40.995000,40.525000,40.975000
2024-10-21,41.070000,41.189950,40.652550,40.815000
2024-10-22,40.540000,40.755000,40.347500,40.670000
2024-10-23,40.700000,41.075000,40.625000,41.060000
2024-10-24,41.065000,41.150000,40.657500,40.795000
2024-10-25,41.000000,41.035000,40.160000,40.190000
2024-10-28,40.405000,40.710000,40.310000,40.505000
2024-10-29,40.055000,40.060000,39.630000,39.640000
2024-10-30,39.795000,39.870000,39.475000,39.545000
2024-10-31,39.645000,40.250000,39.615000,39.955000
2024-11-01,39.950000,40.070000,39.030000,39.065000
2024-11-04,38.675000,38.880000,38.390000,38.600000
2024-11-05,38.580000,39.180000,38.465000,39.180000
2024-11-06,38.675000,38.945000,38.410000,38.775000
2024-11-07,38.970000,39.232500,38.640000,38.845000
2024-11-08,39.040000,39.672500,39.010000,39.590000
2024-11-11,39.595000,39.933211,39.505000,39.700000
2024-11-12,39.580000,39.670000,39.057500,39.245000
2024-11-13,39.500000,39.515000,39.010000,39.175000
2024-11-14,39.225000,39.425000,38.980000,39.040000
2024-11-15,39.070000,39.672500,38.995000,39.625000
2024-11-18,39.590000,40.077500,39.540700,39.970000
2024-11-19,39.820000,40.230000,39.630000,40.225000
2024-11-20,40.300000,40.435000,40.045000,40.245000
2024-11-21,40.305000,40.995000,40.112500,40.945000
2024-11-22,41.075000,41.135000,40.710000,40.725000
2024-11-25,41.050000,41.125000,40.497500,40.800000
2024-11-26,40.915000,41.474900,40.810000,41.450000
2024-11-27,41.575000,41.705000,41.407500,41.450000
2024-11-29,41.585000,41.615000,41.375000,41.465000
2024-12-02,41.460000,41.475000,40.560000,40.575000
2024-12-03,40.820000,40.950000,40.215000,40.225000
2024-12-04,40.350000,40.450000,40.065000,40.220000
2024-12-05,40.265000,40.570000,40.160000,40.345000
2024-12-06,40.365000,40.460000,39.770000,39.845000
2024-12-09,39.845000,39.900000,39.320000,39.345000
2024-12-10,39.280000,39.280000,38.745000,39.060000
2024-12-11,39.165000,39.192500,38.745000,38.815000
2024-12-12,39.000000,39.122500,38.760000,38.795000
2024-12-13,38.850000,39.022500,38.755000,38.820000
2024-12-16,38.855000,38.955000,38.495000,38.510000
2024-12-17,38.270000,38.510000,38.195000,38.350000
2024-12-18,38.325000,38.380000,37.420000,37.445000
2024-12-19,37.480000,38.037500,37.470000,37.615000
2024-12-20,37.400000,38.300000,37.350200,38.215000
2024-12-23,37.805000,38.060000,37.435000,38.030000
2024-12-24,38.030000,38.249950,37.915000,38.240000
2024-12-26,38.080000,38.255000,37.995000,38.150000
2024-12-27,37.950000,38.150000,37.795000,38.040000
2024-12-30,37.870000,37.975000,37.532500,37.880000
2024-12-31,37.955000,38.070000,37.665000,37.845000
2025-01-02,38.120000,38.330000,37.860000,38.135000
2025-01-03,38.355000,38.743150,38.190000,38.540000
2025-01-06,38.540000,38.570000,37.982500,38.110000
2025-01-07,38.240000,38.405000,37.917500,38.015000
2025-01-08,37.950000,38.045000,37.380000,38.005000
2025-01-10,38.125000,38.420000,37.610000,37.790000
2025-01-13,37.750000,37.790000,36.955000,37.350000
2025-01-14,37.495000,37.955000,37.399750,37.840000
2025-01-15,38.500000,38.775000,38.352500,38.395000
2025-01-16,38.375000,39.377500,38.360000,39.365000
2025-01-17,39.340000,39.600000,39.215000,39.420000
2025-01-21,39.865000,40.222500,39.762500,40.025000
2025-01-22,40.135000,40.135000,39.137500,39.160000
2025-01-23,39.305000,39.627500,39.237500,39.345000
2025-01-24,39.285000,39.860000,39.200000,39.745000
2025-01-27,38.945000,39.042500,37.912500,38.825000
2025-01-28,38.805000,38.805000,37.950000,38.290000
2025-01-29,38.280000,38.810000,38.240000,38.370000
2025-01-30,38.815000,39.230000,38.780000,39.170000
2025-01-31,39.205000,39.240000,38.850000,38.940000
2025-02-03,38.425000,39.295000,38.365000,39.150000
2025-02-04,38.925000,38.987600,38.415000,38.805000
2025-02-05,39.190000,39.460000,38.870350,39.195000
2025-02-06,39.365000,39.365000,38.870000,39.150000
2025-02-07,39.140000,39.417500,39.022500,39.070000
2025-02-10,39.180000,39.510000,38.962500,39.495000
2025-02-11,39.340000,39.712500,39.010000,39.695000
2025-02-12,39.185000,39.720000,39.010000,39.625000
2025-02-13,39.700000,39.792500,39.472500,39.715000
2025-02-14,39.695000,40.015000,39.522500,39.550000
2025-02-18,39.715000,39.985000,39.580000,39.920000
2025-02-19,39.875000,40.247500,39.835000,40.130000
2025-02-20,40.000000,40.220000,39.645000,40.125000
2025-02-21,40.130000,40.265000,39.940000,40.135000
2025-02-24,40.250000,40.255000,39.755000,39.935000
2025-02-25,39.700000,39.815000,39.160000,39.735000
2025-02-26,39.810000,40.250000,39.680000,39.900000
2025-02-27,39.790000,39.879350,38.975000,39.015000
2025-02-28,39.270000,39.625000,39.060000,39.610000
2025-03-03,39.570000,39.790000,39.400000,39.665000
2025-03-04,39.665000,39.875000,38.960000,39.020000
2025-03-05,38.760000,39.020000,38.427500,38.745000
2025-03-06,38.445000,38.480000,37.830000,37.940000
2025-03-07,38.025000,38.815000,37.915000,38.645000
2025-03-10,38.510000,39.185000,38.510000,39.070000
2025-03-11,39.050000,39.200000,38.500000,38.705000
2025-03-12,38.700000,38.925000,38.350000,38.585000
2025-03-13,38.715000,38.840000,38.435000,38.680000
2025-03-14,38.795000,39.480000,38.655000,39.435000
2025-03-17,39.425000,39.827500,39.230000,39.600000
2025-03-18,39.365000,39.435000,39.070000,39.325000
2025-03-19,39.345000,39.525000,39.205000,39.470000
2025-03-20,39.475000,39.690000,39.390000,39.630000
2025-03-21,39.475000,39.665000,39.130000,39.375000
2025-03-24,39.250000,39.560000,39.050000,39.085000
2025-03-25,39.045000,39.055000,38.277500,38.460000
2025-03-26,38.465000,38.805000,38.465000,38.715000
2025-03-27,38.680000,39.025000,38.588750,38.705000
2025-03-28,38.940000,39.232500,38.870000,38.990000
2025-03-31,39.050000,39.582500,39.040000,39.425000
2025-04-01,39.400000,39.640000,39.142500,39.525000
2025-04-02,39.495000,39.800000,39.295000,39.710000
2025-04-03,39.660000,40.105000,39.410000,39.460000
2025-04-04,39.645000,39.645000,37.020000,37.265000
2025-04-07,36.695000,37.820000,35.887500,36.695000
2025-04-08,37.350000,37.615000,36.120000,36.545000
2025-04-09,36.230000,38.082500,35.510000,37.985000
2025-04-10,37.700000,38.140000,36.917500,37.700000
2025-04-11,37.680000,38.292500,37.215000,38.160000
2025-04-14,38.460000,38.972500,38.235000,38.845000
2025-04-15,38.930000,39.185000,38.792500,38.840000
2025-04-16,38.935000,39.082500,38.362500,38.490000
2025-04-17,38.640000,39.372500,38.640000,38.885000
2025-04-21,38.707500,38.755000,37.515000,37.965000
2025-04-22,38.370000,39.085000,38.338850,39.000000
2025-04-23,39.385000,39.605000,38.810000,39.165000
2025-04-24,39.135000,39.405000,38.855000,39.225000
2025-04-25,39.260000,39.285000,38.930000,39.105000
2025-04-28,39.125000,39.422500,38.855000,39.345000
2025-04-29,39.290000,39.715000,39.125000,39.650000
2025-04-30,39.495000,39.585000,38.767500,39.450000
2025-05-01,39.695000,40.062500,39.435000,39.565000
2025-05-02,39.710000,39.992500,39.492500,39.875000
2025-05-05,39.745000,39.895000,39.385000,39.775000
2025-05-06,39.780000,40.540000,39.745000,40.260000
2025-05-07,40.190000,40.610000,40.050000,40.375000
2025-05-08,40.395000,40.495000,39.992500,40.050000
2025-05-09,40.155000,40.165000,39.860000,40.120000
2025-05-12,40.307500,40.410000,39.700000,39.880000
2025-05-13,39.820000,40.135000,39.605000,39.825000
2025-05-14,39.740000,39.752500,39.055000,39.650000
2025-05-15,39.810000,40.602500,39.785000,40.495000
2025-05-16,40.555000,41.105000,40.455000,41.090000
2025-05-19,40.745000,41.282500,40.735000,41.265000
2025-05-20,41.200000,41.525000,41.200000,41.385000
2025-05-21,41.250000,41.327500,40.550000,40.630000
2025-05-22,40.285000,40.285000,39.582500,40.050000
2025-05-23,40.320000,40.565000,39.850000,40.530000
2025-05-27,40.845000,40.940000,40.522500,40.835000
2025-05-28,40.810000,40.830000,40.090000,40.265000
2025-05-29,40.285000,40.610000,40.105000,40.545000
2025-05-30,40.465000,41.030000,40.390000,40.960000
2025-06-02,40.785000,41.145000,40.620000,41.090000
2025-06-03,41.585000,41.585000,40.870000,41.200000
2025-06-04,41.130000,41.130000,40.480000,40.480000
2025-06-05,40.595000,40.595000,40.332500,40.415000
2025-06-06,40.620000,40.662500,40.247500,40.595000
2025-06-09,40.525000,40.677500,40.267500,40.335000
2025-06-10,40.440000,40.525000,40.127500,40.430000
2025-06-11,40.550000,40.605500,40.322500,40.455000
2025-06-12,40.480000,40.967500,40.460000,40.945000
2025-06-13,40.885000,40.955000,40.590000,40.710000
2025-06-16,40.910000,41.130000,40.312500,40.510000
2025-06-17,40.450000,40.550000,39.890000,40.175000
2025-06-18,40.270000,40.480000,40.070000,40.280000
2025-06-20,40.365000,40.720000,40.335000,40.390000
2025-06-23,40.320000,40.685000,40.235000,40.620000
2025-06-24,40.665000,40.910000,40.592500,40.795000
2025-06-25,40.700000,40.700000,40.175000,40.250000
2025-06-26,40.325000,40.605000,40.247500,40.585000
2025-06-27,40.690000,40.995000,40.540000,40.665000
2025-06-30,40.470000,40.872500,40.340000,40.830000
2025-07-01,40.815000,41.000000,40.340000,40.970000
2025-07-02,40.820000,41.004950,40.420000,40.615000
2025-07-03,40.635000,41.085000,40.565000,40.920000
2025-07-07,40.830000,41.032500,40.745000,41.005000
2025-07-08,40.720000,40.720000,40.172500,40.570000
2025-07-09,40.730000,41.030000,40.442500,40.950000
2025-07-10,40.810000,41.362500,40.685000,41.285000
2025-07-11,40.955000,41.382500,40.840000,41.225000
2025-07-14,41.195000,41.525000,40.970000,41.390000
2025-07-15,41.385000,41.385000,40.787500,40.995000
2025-07-16,41.020000,41.177500,40.693250,41.015000
2025-07-17,40.990000,41.307500,40.922500,41.185000
2025-07-18,41.320000,42.020000,41.265000,41.875000
2025-07-21,41.980000,42.265000,41.842500,42.010000
2025-07-22,42.167500,42.550000,42.055000,42.525000
2025-07-23,42.905000,43.010000,42.032500,42.205000
2025-07-24,42.260000,42.347500,42.040000,42.150000
2025-07-25,42.215000,42.302500,42.055000,42.260000
2025-07-28,42.255000,42.265000,41.702500,41.810000
2025-07-29,41.970000,42.315000,41.880000,42.290000
2025-07-30,42.415000,42.985000,42.375000,42.605000
2025-07-31,42.475000,42.900000,42.440000,42.835000
2025-08-01,42.785000,43.130000,42.455000,42.900000
2025-08-04,43.110000,43.780000,43.020000,43.660000
2025-08-05,43.675000,43.832500,43.065000,43.195000
2025-08-06,43.260000,43.272500,42.772500,42.810000
2025-08-07,42.670000,43.395000,42.590000,43.275000
2025-08-08,43.395000,43.472500,42.985000,43.090000
2025-08-11,43.200000,43.231350,42.745000,42.955000
2025-08-12,43.095000,43.150000,42.756750,43.140000
2025-08-13,43.200000,43.265000,42.835000,43.235000
2025-08-14,43.075000,43.205000,42.890000,42.935000
2025-08-15,42.870000,43.045000,42.545000,42.810000
2025-08-18,42.875000,43.035000,42.565000,42.625000
2025-08-19,42.640000,43.057500,42.565000,43.040000
2025-08-20,43.110000,43.360000,42.929850,43.085000
2025-08-21,43.090000,43.310000,42.667500,42.790000
2025-08-22,43.085000,43.270000,42.892500,43.020000
2025-08-25,42.875000,43.000000,42.490000,42.535000
2025-08-26,42.575000,42.722500,42.377500,42.630000
2025-08-27,42.630000,42.740000,42.507500,42.640000
2025-08-28,42.670000,42.685000,42.250000,42.315000
2025-08-29,42.290000,42.380000,42.092500,42.160000
2025-09-02,42.000000,42.070000,41.755000,42.020000
2025-09-03,41.875000,41.995000,41.690050,41.915000
2025-09-04,42.210000,42.320000,41.642500,41.865000
2025-09-05,41.975000,42.072500,41.405000,41.735000
2025-09-08,41.760000,41.780000,41.150000,41.310000
2025-09-09,41.300000,41.732500,41.222500,41.595000
2025-09-10,41.745000,42.377500,41.744500,42.310000
2025-09-11,42.255000,42.565000,42.195000,42.535000
2025-09-12,42.415000,42.875000,42.340000,42.750000
2025-09-15,42.755000,43.050000,42.752500,42.850000
2025-09-16,42.775000,42.790000,42.050000,42.070000
2025-09-17,42.345000,42.532500,42.087500,42.175000
2025-09-18,42.100000,42.475000,41.910000,42.205000
2025-09-19,42.310000,42.645000,42.085000,42.475000
2025-09-22,42.210000,42.692500,42.110000,42.600000
2025-09-23,42.535000,42.887500,42.455000,42.820000
2025-09-24,42.900000,43.200000,42.775000,43.125000
2025-09-25,43.085000,43.175000,42.707500,42.710000
2025-09-26,42.855000,43.417500,42.815000,43.405000
2025-09-29,43.385000,43.600000,43.080000,43.530000
2025-09-30,43.582500,43.772500,43.292500,43.605000
2025-10-01,43.690000,44.120000,43.635000,44.025000
2025-10-02,43.910000,43.960000,43.620000,43.945000
2025-10-03,44.080000,44.865000,44.045000,44.455000
2025-10-06,44.715000,44.935000,44.410000,44.885000
2025-10-07,45.070000,45.285000,44.950050,45.090000
2025-10-08,45.410000,45.465000,45.062500,45.400000
2025-10-09,45.550000,45.685000,45.195000,45.285000
2025-10-10,45.435000,45.685000,45.050000,45.100000
2025-10-13,45.130000,45.655000,45.110000,45.445000
2025-10-14,45.365000,45.999950,45.290000,45.850000
2025-10-15,46.055000,46.590000,46.055000,46.450000
2025-10-16,46.590000,46.885000,45.935000,45.945000
2025-10-17,46.030000,46.095000,45.590000,45.785000
2025-10-20,46.135000,46.245000,45.595000,45.770000
2025-10-21,45.815000,45.870000,45.085000,45.305000
2025-10-22,45.405000,45.430000,44.986150,45.200000
2025-10-23,45.495000,45.520000,44.915000,45.165000
2025-10-24,45.425000,45.920000,45.380000,45.695000
2025-10-27,45.695000,45.862500,45.257500,45.820000
2025-10-28,45.985000,45.985000,45.010000,45.065000
2025-10-29,45.060000,45.355000,44.865000,45.050000
2025-10-30,45.000000,45.425000,44.842500,44.860000
2025-10-31,44.660000,44.790000,44.315000,44.550000
2025-11-03,44.515000,44.700000,44.055000,44.575000
2025-11-04,44.555000,44.590000,44.222500,44.415000
2025-11-05,44.405000,44.635000,44.220000,44.425000
2025-11-06,44.345000,44.680000,44.207500,44.230000
2025-11-07,44.050000,44.855000,44.050000,44.845000
2025-11-10,44.975000,45.180000,44.445000,44.830000
2025-11-11,44.850000,45.031250,44.602500,44.855000
2025-11-12,44.885000,44.997500,44.710000,44.960000
2025-11-13,44.845000,44.845000,44.305000,44.340000
2025-11-14,44.212500,44.720000,44.110000,44.380000
2025-11-17,44.465000,44.930000,44.420000,44.780000
2025-11-18,44.820000,45.035000,44.595000,44.610000
2025-11-19,44.645000,44.770000,44.140000,44.235000
2025-11-20,44.585000,44.860000,43.980000,44.010000
2025-11-21,44.195000,44.250000,43.760000,44.075000
2025-11-24,44.140000,44.690000,43.862500,44.575000
2025-11-25,44.690000,44.760000,44.222500,44.405000
2025-11-26,44.642500,45.047500,44.560000,44.995000
2025-11-28,45.070000,45.350000,45.022500,45.315000
2025-12-01,45.060000,45.060000,44.230000,44.255000
2025-12-02,44.460000,44.460000,43.882500,43.940000
2025-12-03,43.975000,44.100000,43.627500,43.800000
2025-12-04,43.775000,44.060000,43.560000,43.710000
2025-12-05,43.720000,43.780000,43.280000,43.300000
2025-12-08,43.380000,43.410000,42.660000,42.720000
2025-12-09,42.950000,43.170000,42.730000,42.750000
2025-12-10,42.800000,42.825000,42.415000,42.730000
2025-12-11,42.650000,43.150000,42.650000,43.040000
2025-12-12,43.170000,43.378900,42.770000,42.830000
2025-12-15,43.110000,43.290000,42.830000,43.220000
2025-12-16,43.200000,43.310000,42.780000,43.040000
2025-12-17,43.060000,43.140000,42.540000,42.760000
2025-12-18,43.030000,43.415000,42.970000,43.180000
2025-12-19,43.120000,43.370000,42.600000,42.630000
2025-12-22,42.290000,42.530000,42.032000,42.470000
2025-12-23,42.400000,42.745000,42.380000,42.620000
2025-12-24,42.610000,42.860000,42.550000,42.810000
2025-12-26,42.790000,42.870000,42.632000,42.780000
2025-12-29,42.810000,43.110000,42.770000,42.860000
2025-12-30,42.880000,43.035000,42.812000,42.960000
2025-12-31,42.970000,43.010000,42.680000,42.690000
2026-01-02,42.890000,43.390000,42.659000,43.180000
2026-01-05,43.190000,43.290000,42.064900,42.700000
2026-01-06,42.750000,42.955000,42.520000,42.910000
2026-01-07,42.950000,42.970000,41.740000,41.870000
2026-01-08,41.820000,42.290000,41.810000,41.990000
2026-01-09,42.520000,42.885000,42.490000,42.510000
2026-01-12,42.380000,42.710000,42.295000,42.580000
2026-01-13,42.620000,42.960000,42.415000,42.850000
2026-01-14,42.810000,43.319900,42.765000,43.170000
2026-01-15,43.320000,43.818500,43.320000,43.610000
2026-01-16,43.170000,43.520000,42.935000,43.390000
2026-01-20,43.120000,43.355000,42.825000,42.960000
2026-01-21,43.305000,43.305000,42.690000,43.020000
2026-01-22,43.200000,43.270000,42.604262,42.710000
2026-01-23,42.710000,42.750000,42.300000,42.560000
2026-01-26,42.700000,43.180000,42.660000,42.870000
2026-01-27,42.820000,43.545000,42.595000,43.430000
2026-01-28,43.500000,43.665000,43.130000,43.330000
2026-01-29,43.510000,43.770000,43.080000,43.330000
2026-01-30,43.230000,43.375000,42.770000,43.250000
2026-02-02,43.300000,43.475000,42.550000,42.620000
2026-02-03,42.660000,43.420000,42.660000,43.240000
2026-02-04,43.470000,43.650000,42.990000,43.080000
2026-02-05,43.220000,43.368700,42.865000,43.100000
2026-02-06,43.490000,43.860000,42.975000,43.350000
2026-02-09,43.370000,43.550000,43.055000,43.480000
2026-02-10,43.750000,44.530000,43.555000,44.200000
2026-02-11,44.360000,44.625000,44.135000,44.590000
2026-02-12,44.790000,45.740000,44.740000,45.250000
2026-02-13,45.200000,46.600000,45.195000,46.500000
2026-02-17,46.800000,47.075000,46.240000,46.380000
2026-02-18,46.610000,46.610000,45.510000,45.610000
2026-02-19,45.780000,46.180000,45.680000,46.110000
2026-02-20,46.300000,46.485000,45.880000,46.330000
2026-02-23,46.470000,46.960000,46.370000,46.680000
2026-02-24,46.640000,47.230000,46.290000,47.200000
2026-02-25,47.210000,47.430000,46.595000,47.360000
2026-02-26,47.270000,47.390000,46.914000,47.180000
2026-02-27,47.200000,47.800000,47.130000,47.730000
2026-03-02,47.410000,47.740000,47.355000,47.370000
2026-03-03,46.700000,47.450000,45.955000,47.070000
2026-03-04,47.090000,47.420000,46.760000,47.270000
2026-03-05,46.950000,47.020000,46.470000,46.900000
2026-03-06,46.630000,46.960000,46.340000,46.740000
2026-03-09,46.560000,46.950000,46.040000,46.850000
2026-03-10,46.640000,47.035000,46.470000,46.560000
2026-03-11,46.500000,46.560000,46.000000,46.170000
2026-03-12,46.000000,47.040100,45.960000,46.500000
2026-03-13,46.970000,47.315000,46.860000,46.960000
2026-03-16,47.450000,47.500000,46.950000,47.260000
2026-03-17,47.520000,47.635000,47.080000,47.130000
2026-03-18,46.950000,47.150000,46.730000,46.730000
2026-03-19,46.650000,46.900000,46.040000,46.540000
2026-03-20,46.460000,46.660000,44.430000,44.650000
2026-03-23,44.930000,45.185300,44.570000,44.780000
2026-03-24,44.560000,45.535100,44.485000,45.090000
2026-03-25,45.520000,45.645000,45.210000,45.250000
2026-03-26,45.240000,45.480000,45.015000,45.330000
2026-03-27,45.370000,46.075000,45.300000,45.590000
2026-03-30,46.170000,46.335000,45.755000,45.920000
2026-03-31,45.850000,45.949800,45.260000,45.890000
2026-04-01,45.780000,46.280000,45.695000,46.110000
2026-04-02,46.040000,46.590000,45.909900,46.340000
2026-04-06,46.145000,46.496544,46.090000,46.170000
2026-04-07,46.060000,46.430000,46.040000,46.270000
2026-04-08,46.290000,46.780000,45.980000,46.780000
2026-04-09,46.660000,47.705000,46.620000,47.150000
2026-04-10,47.060000,47.455000,46.865000,46.960000
2026-04-13,46.840000,46.878500,46.120000,46.390000
2026-04-14,46.400000,46.560000,45.900000,46.470000
2026-04-15,46.310000,46.315000,45.880000,46.020000
2026-04-16,46.000000,46.370000,45.835000,46.350000
2026-04-17,46.230000,46.280000,45.640000,46.160000
2026-04-20,46.120000,46.335000,45.650000,45.750000
2026-04-21,45.910000,45.950000,44.910000,44.950000
2026-04-22,45.340000,45.620000,44.710000,44.870000
2026-04-23,45.370000,46.140000,45.200000,46.090000
2026-04-24,46.030000,46.300000,45.740000,46.180000
2026-04-27,46.370000,46.495000,46.170000,46.190000
2026-04-28,46.440000,46.520000,46.040000,46.250000
2026-04-29,46.070000,46.270000,45.560000,45.680000
2026-04-30,45.850000,46.890000,45.850000,46.850000
2026-05-01,46.840000,47.296000,46.515000,46.550000
2026-05-04,46.260000,46.850000,46.090000,46.370000
2026-05-05,46.530000,46.820000,46.360000,46.370000
2026-05-06,46.280000,46.380000,45.640100,45.710000
2026-05-07,45.620000,45.680000,45.000000,45.120000
2026-05-08,45.360000,45.510000,44.690000,44.720000
2026-05-11,45.095000,45.305000,44.830000,45.140000
2026-05-12,45.060000,45.379900,44.800000,45.190000
2026-05-13,44.800000,44.815300,44.360000,44.670000
2026-05-14,44.630000,44.920000,44.545000,44.900000
2026-05-15,44.710000,44.765000,43.825000,43.870000
2026-05-18,44.070000,44.210000,43.525000,43.940000
2026-05-19,43.820000,44.410000,43.620000,44.340000
2026-05-20,44.660000,44.855000,44.410000,44.510000
2026-05-21,44.550000,45.010000,44.435000,45.000000
2026-05-22,45.060000,45.440000,44.920000,45.350000
2026-05-26,45.585000,45.635000,45.330000,45.330000
2026-05-27,45.250000,45.365000,44.945000,45.140000
2026-05-28,45.030000,45.270000,44.580000,44.630000
2026-05-29,44.670000,44.715000,44.250000,44.420000
2026-06-01,43.900000,43.960000,43.070000,43.100000
2026-06-02,43.210000,43.960000,43.175000,43.900000
2026-06-03,43.960000,44.480000,43.675000,43.710000
2026-06-04,43.870000,44.110000,43.340000,43.940000
2026-06-05,44.040000,44.620000,43.965000,44.350000
2026-06-08,44.320000,44.375000,43.470000,43.520000
2026-06-09,43.640000,44.080000,43.465000,43.980000
2026-06-10,44.220000,44.280000,43.790000,44.000000
2026-06-11,44.220000,44.520000,44.010000,44.050000
2026-06-12,44.190000,44.610000,44.187500,44.530000
2026-06-15,44.480000,44.999900,44.190000,44.740000
2026-06-16,44.840000,45.500000,44.760000,45.060000
2026-06-17,44.820000,45.170000,44.240000,44.460000
2026-06-18,44.600000,45.340000,44.530000,44.760000
2026-06-22,44.480000,44.965000,44.430000,44.720000
2026-06-23,44.750000,45.200000,44.460000,45.070000
2026-06-24,45.290000,45.600000,45.085000,45.540000
2026-06-25,45.660000,46.185000,45.495000,45.850000
2026-06-26,46.000000,46.230000,45.885000,46.200000
2026-06-29,46.200000,46.310000,45.770000,46.020000
2026-06-30,45.860000,45.945000,45.320000,45.340000
2026-07-01,45.240000,45.360000,44.640000,44.770000
2026-07-02,45.030000,45.800000,45.000000,45.760000
2026-07-06,45.710000,45.825000,45.110100,45.300000
2026-07-07,45.630000,46.320000,45.530000,45.700000
2026-07-08,45.740000,45.820000,45.310000,45.360000
2026-07-09,45.555000,45.660000,45.040000,45.130000
2026-07-10,45.120000,45.480000,45.090000,45.410000
2026-07-13,45.450000,45.877500,45.430000,45.720000
2026-07-14,45.930000,46.280000,45.560000,45.690000
2026-07-15,45.730000,45.945000,45.165000,45.220000
2026-07-16,45.240000,45.620000,45.120000,45.470000
2026-07-17,45.900000,46.150000,45.055000,45.170000
2026-07-20,45.325000,45.660000,44.810000,44.940000
2026-07-21,44.870000,45.040000,44.640000,44.920000
2026-07-22,45.270000,45.985000,45.210000,45.930000
2026-07-23,45.650000,46.327900,45.600000,46.190000
2026-07-24,46.400000,46.625000,46.100000,46.290000
2026-07-27,46.125000,46.280000,45.560000,45.680000
2026-07-28,45.860000,46.425100,45.500000,45.520000
2026-07-29,45.760000,45.799700,44.730000,44.910000
2026-07-30,45.195000,45.235000,44.360000,44.660000
2026-07-31,44.610000,44.740000,44.305000,44.350000
2026-08-03,44.240000,44.660000,43.940000,44.360000
2026-08-04,44.250000,44.290000,43.585000,44.110000
2026-08-05,44.100000,44.130000,43.285000,43.660000
2026-08-06,44.150000,44.270000,43.155000,43.380000
2026-08-07,43.200000,43.865300,42.945000,43.610000
2026-08-10,43.430000,43.520000,43.055000,43.130000
2026-08-11,43.130000,43.710000,43.080000,43.630000
2026-08-12,43.760000,43.960000,43.640000,43.840000
2026-08-13,43.890000,44.195000,43.880000,44.040000
2026-08-14,44.010000,44.410000,43.975000,44.310000
2026-08-17,44.200000,44.250000,43.820000,44.180000
2026-08-18,44.530000,44.650100,43.950000,44.020000
2026-08-19,44.260000,44.380000,43.800000,44.020000
2026-08-20,43.830000,44.260000,43.750000,43.770000
2026-08-21,43.900000,43.960000,42.750000,42.770000
2026-08-24,42.870000,43.260000,42.700000,43.220000
2026-08-25,43.240000,43.480000,43.070000,43.310000
2026-08-26,43.310000,43.705000,43.275000,43.510000
2026-08-27,43.220000,43.330000,42.920000,43.180000
2026-08-28,43.340000,43.380000,42.560100,42.730000
2026-08-31,42.000000,42.395000,41.860000,42.230000
2026-09-01,42.300000,42.610000,42.090000,42.560000
2026-09-02,42.400000,42.710000,42.020000,42.670000
2026-09-03,42.820000,43.130000,42.770000,43.030000
2026-09-04,42.770000,43.230000,42.750000,43.080000
