d,c
1998-12-22,14.914063
1998-12-23,14.851563
1998-12-24,15.125000
1998-12-28,15.046875
1998-12-29,15.296875
1998-12-30,15.171875
1998-12-31,15.117188
1999-01-04,14.875000
1999-01-05,15.054688
1999-01-06,15.210938
1999-01-07,15.156250
1999-01-08,15.242188
1999-01-11,14.835938
1999-01-12,14.843750
1999-01-13,14.945313
1999-01-14,14.695313
1999-01-15,14.765625
1999-01-19,15.265625
1999-01-20,15.203125
1999-01-21,15.148438
1999-01-22,15.250000
1999-01-25,14.679688
1999-01-26,14.968750
1999-01-27,14.742188
1999-01-28,14.765625
1999-01-29,14.742188
1999-02-01,14.710938
1999-02-02,14.515625
1999-02-03,14.593750
1999-02-04,14.375000
1999-02-05,14.382813
1999-02-08,14.382813
1999-02-09,14.445313
1999-02-10,14.343750
1999-02-11,14.406250
1999-02-12,14.171875
1999-02-16,14.429688
1999-02-17,14.328125
1999-02-18,14.585938
1999-02-19,14.429688
1999-02-22,14.898438
1999-02-23,14.429688
1999-02-24,14.562500
1999-02-25,14.250000
1999-02-26,14.335938
1999-03-01,14.125000
1999-03-02,13.914063
1999-03-03,13.921875
1999-03-04,14.140625
1999-03-05,14.382813
1999-03-08,14.218750
1999-03-09,14.179688
1999-03-10,14.132813
1999-03-11,14.242188
1999-03-12,14.398438
1999-03-15,14.437500
1999-03-16,14.382813
1999-03-17,14.250000
1999-03-18,14.460938
1999-03-19,14.101563
1999-03-22,14.148438
1999-03-23,13.703125
1999-03-24,13.890625
1999-03-25,13.843750
1999-03-26,13.664063
1999-03-29,13.593750
1999-03-30,13.375000
1999-03-31,13.343750
1999-04-01,13.625000
1999-04-05,13.734375
1999-04-06,13.664063
1999-04-07,13.843750
1999-04-08,14.210938
1999-04-09,14.109375
1999-04-12,14.312500
1999-04-13,14.078125
1999-04-14,13.875000
1999-04-15,14.015625
1999-04-16,14.171875
1999-04-19,14.312500
1999-04-20,14.468750
1999-04-21,14.726563
1999-04-22,14.679688
1999-04-23,14.671875
1999-04-26,14.593750
1999-04-27,14.679688
1999-04-28,14.617188
1999-04-29,14.828125
1999-04-30,14.632813
1999-05-03,14.851563
1999-05-04,14.726563
1999-05-05,14.843750
1999-05-06,14.531250
1999-05-07,14.710938
1999-05-10,14.671875
1999-05-11,14.726563
1999-05-12,14.765625
1999-05-13,14.960938
1999-05-14,14.679688
1999-05-17,14.984375
1999-05-18,14.656250
1999-05-19,14.960938
1999-05-20,14.929688
1999-05-21,14.789063
1999-05-24,14.937500
1999-05-25,14.953125
1999-05-26,15.031250
1999-05-27,14.773438
1999-05-28,14.804688
1999-06-01,14.796875
1999-06-02,14.796875
1999-06-03,14.656250
1999-06-04,14.875000
1999-06-07,15.000000
1999-06-08,15.000000
1999-06-09,15.117188
1999-06-10,14.992188
1999-06-11,14.890625
1999-06-14,15.304688
1999-06-15,15.320313
1999-06-16,15.468750
1999-06-17,15.335938
1999-06-18,15.296875
1999-06-21,15.179688
1999-06-22,15.125000
1999-06-23,15.078125
1999-06-24,14.914063
1999-06-25,14.835938
1999-06-28,14.992188
1999-06-29,15.000000
1999-06-30,15.320313
1999-07-01,15.265625
1999-07-02,15.273438
1999-07-06,15.226563
1999-07-07,15.367188
1999-07-08,15.242188
1999-07-09,15.242188
1999-07-12,15.179688
1999-07-13,15.109375
1999-07-14,15.203125
1999-07-15,15.437500
1999-07-16,15.617188
1999-07-19,15.468750
1999-07-20,15.539063
1999-07-21,15.632813
1999-07-22,15.609375
1999-07-23,15.507813
1999-07-26,15.531250
1999-07-27,15.625000
1999-07-28,15.593750
1999-07-29,15.335938
1999-07-30,15.367188
1999-08-02,15.601563
1999-08-03,15.500000
1999-08-04,15.265625
1999-08-05,15.406250
1999-08-06,15.343750
1999-08-09,15.406250
1999-08-10,15.125000
1999-08-11,15.046875
1999-08-12,14.968750
1999-08-13,15.164063
1999-08-16,15.046875
1999-08-17,15.210938
1999-08-18,15.117188
1999-08-19,14.945313
1999-08-20,14.906250
1999-08-23,14.976563
1999-08-24,14.937500
1999-08-25,15.148438
1999-08-26,15.156250
1999-08-27,14.953125
1999-08-30,14.750000
1999-08-31,14.632813
1999-09-01,14.687500
1999-09-02,14.484375
1999-09-03,14.757813
1999-09-07,14.656250
1999-09-08,14.445313
1999-09-09,14.500000
1999-09-10,14.554688
1999-09-13,14.687500
1999-09-14,14.695313
1999-09-15,14.710938
1999-09-16,14.632813
1999-09-17,14.710938
1999-09-20,14.632813
1999-09-21,14.437500
1999-09-22,14.710938
1999-09-23,14.578125
1999-09-24,14.367188
1999-09-27,14.578125
1999-09-28,14.414063
1999-09-29,14.601563
1999-09-30,14.890625
1999-10-01,14.789063
1999-10-04,15.031250
1999-10-05,14.632813
1999-10-06,14.851563
1999-10-07,14.640625
1999-10-08,14.750000
1999-10-11,14.656250
1999-10-12,14.367188
1999-10-13,14.500000
1999-10-14,14.593750
1999-10-15,14.250000
1999-10-18,14.359375
1999-10-19,14.187500
1999-10-20,14.210938
1999-10-21,13.992188
1999-10-22,14.164063
1999-10-25,14.007813
1999-10-26,14.093750
1999-10-27,14.460938
1999-10-28,15.000000
1999-10-29,14.968750
1999-11-01,15.109375
1999-11-02,14.968750
1999-11-03,14.796875
1999-11-04,14.718750
1999-11-05,14.843750
1999-11-08,14.937500
1999-11-09,14.718750
1999-11-10,14.781250
1999-11-11,14.734375
1999-11-12,14.781250
1999-11-15,14.710938
1999-11-16,14.679688
1999-11-17,14.789063
1999-11-18,14.679688
1999-11-19,14.687500
1999-11-22,14.523438
1999-11-23,14.375000
1999-11-24,14.296875
1999-11-26,14.460938
1999-11-29,14.296875
1999-11-30,14.476563
1999-12-01,14.546875
1999-12-02,14.460938
1999-12-03,14.742188
1999-12-06,14.640625
1999-12-07,14.750000
1999-12-08,14.632813
1999-12-09,14.648438
1999-12-10,14.539063
1999-12-13,14.531250
1999-12-14,14.523438
1999-12-15,14.585938
1999-12-16,14.437500
1999-12-17,14.531250
1999-12-20,14.195313
1999-12-21,14.382813
1999-12-22,14.343750
1999-12-23,14.414063
1999-12-27,14.031250
1999-12-28,14.156250
1999-12-29,13.945313
1999-12-30,13.945313
1999-12-31,14.070313
2000-01-03,13.726563
2000-01-04,13.312500
2000-01-05,13.648438
2000-01-06,13.625000
2000-01-07,13.742188
2000-01-10,13.789063
2000-01-11,13.640625
2000-01-12,13.500000
2000-01-13,13.375000
2000-01-14,13.484375
2000-01-18,13.429688
2000-01-19,13.437500
2000-01-20,13.500000
2000-01-21,13.937500
2000-01-24,13.750000
2000-01-25,13.429688
2000-01-26,13.367188
2000-01-27,13.281250
2000-01-28,13.210938
2000-01-31,13.820313
2000-02-01,13.718750
2000-02-02,13.648438
2000-02-03,13.625000
2000-02-04,13.554688
2000-02-07,13.515625
2000-02-08,13.546875
2000-02-09,13.546875
2000-02-10,13.351563
2000-02-11,13.117188
2000-02-14,13.132813
2000-02-15,13.101563
2000-02-16,13.046875
2000-02-17,12.968750
2000-02-18,12.492188
2000-02-22,12.445313
2000-02-23,12.187500
2000-02-24,11.781250
2000-02-25,11.718750
2000-02-28,12.054688
2000-02-29,12.140625
2000-03-01,12.671875
2000-03-02,13.000000
2000-03-03,13.117188
2000-03-06,12.750000
2000-03-07,12.601563
2000-03-08,12.687500
2000-03-09,12.789063
2000-03-10,12.789063
2000-03-13,12.828125
2000-03-14,12.742188
2000-03-15,12.812500
2000-03-16,13.312500
2000-03-17,13.320313
2000-03-20,13.265625
2000-03-21,13.179688
2000-03-22,12.875000
2000-03-23,13.093750
2000-03-24,12.968750
2000-03-27,13.148438
2000-03-28,13.085938
2000-03-29,13.320313
2000-03-30,13.289063
2000-03-31,13.367188
2000-04-03,13.453125
2000-04-04,13.640625
2000-04-05,13.820313
2000-04-06,13.906250
2000-04-07,13.867188
2000-04-10,13.835938
2000-04-11,14.195313
2000-04-12,14.320313
2000-04-13,14.335938
2000-04-14,13.812500
2000-04-17,13.601563
2000-04-18,13.640625
2000-04-19,13.765625
2000-04-20,13.812500
2000-04-24,14.187500
2000-04-25,14.609375
2000-04-26,14.578125
2000-04-27,14.250000
2000-04-28,14.242188
2000-05-01,14.242188
2000-05-02,13.726563
2000-05-03,13.773438
2000-05-04,13.750000
2000-05-05,13.781250
2000-05-08,13.875000
2000-05-09,13.828125
2000-05-10,14.093750
2000-05-11,14.304688
2000-05-12,14.078125
2000-05-15,14.351563
2000-05-16,14.289063
2000-05-17,14.070313
2000-05-18,14.187500
2000-05-19,13.921875
2000-05-22,14.015625
2000-05-23,13.757813
2000-05-24,13.992188
2000-05-25,13.757813
2000-05-26,14.031250
2000-05-30,14.132813
2000-05-31,14.210938
2000-06-01,14.312500
2000-06-02,14.265625
2000-06-05,13.937500
2000-06-06,14.265625
2000-06-07,14.320313
2000-06-08,14.406250
2000-06-09,14.585938
2000-06-12,14.523438
2000-06-13,14.835938
2000-06-14,14.773438
2000-06-15,14.695313
2000-06-16,14.421875
2000-06-19,14.656250
2000-06-20,14.500000
2000-06-21,14.546875
2000-06-22,14.453125
2000-06-23,14.500000
2000-06-26,14.453125
2000-06-27,14.062500
2000-06-28,14.179688
2000-06-29,13.953125
2000-06-30,13.625000
2000-07-03,14.031250
2000-07-05,14.156250
2000-07-06,14.171875
2000-07-07,14.320313
2000-07-10,14.320313
2000-07-11,14.187500
2000-07-12,14.250000
2000-07-13,14.312500
2000-07-14,14.117188
2000-07-17,14.000000
2000-07-18,13.945313
2000-07-19,14.085938
2000-07-20,13.859375
2000-07-21,14.000000
2000-07-24,13.953125
2000-07-25,14.070313
2000-07-26,13.937500
2000-07-27,13.882813
2000-07-28,13.796875
2000-07-31,13.835938
2000-08-01,14.140625
2000-08-02,14.375000
2000-08-03,14.398438
2000-08-04,14.320313
2000-08-07,14.601563
2000-08-08,14.218750
2000-08-09,13.992188
2000-08-10,13.992188
2000-08-11,14.148438
2000-08-14,14.234375
2000-08-15,14.328125
2000-08-16,14.125000
2000-08-17,13.937500
2000-08-18,14.015625
2000-08-21,14.109375
2000-08-22,13.937500
2000-08-23,14.046875
2000-08-24,14.015625
2000-08-25,14.000000
2000-08-28,14.250000
2000-08-29,14.125000
2000-08-30,14.265625
2000-08-31,14.375000
2000-09-01,14.546875
2000-09-05,14.601563
2000-09-06,14.781250
2000-09-07,14.781250
2000-09-08,15.250000
2000-09-11,15.601563
2000-09-12,15.562500
2000-09-13,15.453125
2000-09-14,15.250000
2000-09-15,15.265625
2000-09-18,15.171875
2000-09-19,14.921875
2000-09-20,14.656250
2000-09-21,14.765625
2000-09-22,15.140625
2000-09-25,15.250000
2000-09-26,15.468750
2000-09-27,15.406250
2000-09-28,15.906250
2000-09-29,16.140625
2000-10-02,16.234375
2000-10-03,16.031250
2000-10-04,16.031250
2000-10-05,16.171875
2000-10-06,16.093750
2000-10-09,16.093750
2000-10-10,16.062500
2000-10-11,15.812500
2000-10-12,15.593750
2000-10-13,15.828125
2000-10-16,15.921875
2000-10-17,16.132812
2000-10-18,16.000000
2000-10-19,15.921875
2000-10-20,15.835938
2000-10-23,16.171875
2000-10-24,16.101562
2000-10-25,16.000000
2000-10-26,15.945313
2000-10-27,16.312500
2000-10-30,16.945312
2000-10-31,17.078125
2000-11-01,16.976562
2000-11-02,16.984375
2000-11-03,16.906250
2000-11-06,16.828125
2000-11-07,16.851562
2000-11-08,16.937500
2000-11-09,17.031250
2000-11-10,17.062500
2000-11-13,17.140625
2000-11-14,16.843750
2000-11-15,16.828125
2000-11-16,17.023438
2000-11-17,16.765625
2000-11-20,16.929688
2000-11-21,16.765625
2000-11-22,16.890625
2000-11-24,16.859375
2000-11-27,16.742188
2000-11-28,16.984375
2000-11-29,17.093750
2000-11-30,17.070312
2000-12-01,16.742188
2000-12-04,16.921875
2000-12-05,17.031250
2000-12-06,17.093750
2000-12-07,17.085938
2000-12-08,16.671875
2000-12-11,16.718750
2000-12-12,16.765625
2000-12-13,17.179688
2000-12-14,17.078125
2000-12-15,16.812500
2000-12-18,16.656250
2000-12-19,16.078125
2000-12-20,15.929688
2000-12-21,15.835938
2000-12-22,16.085938
2000-12-26,16.539062
2000-12-27,16.539062
2000-12-28,16.406250
2000-12-29,16.593750
2001-01-02,16.343750
2001-01-03,16.000000
2001-01-04,15.750000
2001-01-05,15.593750
2001-01-08,15.828125
2001-01-09,15.898438
2001-01-10,15.859375
2001-01-11,15.492188
2001-01-12,15.609375
2001-01-16,15.359375
2001-01-17,15.398438
2001-01-18,15.671875
2001-01-19,15.625000
2001-01-22,15.593750
2001-01-23,15.578125
2001-01-24,15.601563
2001-01-25,15.710938
2001-01-26,15.562500
2001-01-29,15.805000
2001-01-30,15.805000
2001-01-31,15.660000
2001-02-01,15.850000
2001-02-02,15.675000
2001-02-05,15.790000
2001-02-06,15.885000
2001-02-07,15.890000
2001-02-08,16.030001
2001-02-09,16.010000
2001-02-12,16.025000
2001-02-13,16.160000
2001-02-14,15.890000
2001-02-15,15.915000
2001-02-16,16.004999
2001-02-20,16.080000
2001-02-21,15.890000
2001-02-22,16.059999
2001-02-23,15.970000
2001-02-26,16.150000
2001-02-27,16.170000
2001-02-28,15.985000
2001-03-01,15.810000
2001-03-02,15.850000
2001-03-05,15.820000
2001-03-06,15.800000
2001-03-07,15.725000
2001-03-08,16.020000
2001-03-09,15.740000
2001-03-12,15.920000
2001-03-13,15.550000
2001-03-14,15.015000
2001-03-15,15.280000
2001-03-16,15.050000
2001-03-19,15.240000
2001-03-20,15.020000
2001-03-21,14.685000
2001-03-22,14.500000
2001-03-23,14.475000
2001-03-26,14.955000
2001-03-27,15.505000
2001-03-28,15.175000
2001-03-29,15.530000
2001-03-30,15.645000
2001-04-02,15.695000
2001-04-03,15.620000
2001-04-04,15.680000
2001-04-05,15.575000
2001-04-06,15.285000
2001-04-09,15.620000
2001-04-10,15.945000
2001-04-11,15.730000
2001-04-12,15.720000
2001-04-16,15.970000
2001-04-17,16.340000
2001-04-18,16.000000
2001-04-19,16.030001
2001-04-20,15.840000
2001-04-23,15.875000
2001-04-24,15.950000
2001-04-25,16.230000
2001-04-26,16.375000
2001-04-27,16.385000
2001-04-30,16.400000
2001-05-01,16.555000
2001-05-02,16.344999
2001-05-03,16.135000
2001-05-04,16.299999
2001-05-07,16.385000
2001-05-08,16.150000
2001-05-09,16.174999
2001-05-10,16.184999
2001-05-11,16.195000
2001-05-14,16.410000
2001-05-15,16.299999
2001-05-16,16.650000
2001-05-17,16.549999
2001-05-18,16.650000
2001-05-21,16.709999
2001-05-22,16.650000
2001-05-23,16.645000
2001-05-24,16.600000
2001-05-25,16.340000
2001-05-29,16.330000
2001-05-30,16.260000
2001-05-31,16.514999
2001-06-01,16.375000
2001-06-04,16.385000
2001-06-05,16.145000
2001-06-06,16.014999
2001-06-07,15.880000
2001-06-08,15.940000
2001-06-11,16.090000
2001-06-12,16.230000
2001-06-13,15.895000
2001-06-14,15.425000
2001-06-15,15.410000
2001-06-18,15.430000
2001-06-19,15.490000
2001-06-20,15.530000
2001-06-21,15.125000
2001-06-22,15.295000
2001-06-25,15.115000
2001-06-26,15.340000
2001-06-27,15.375000
2001-06-28,15.410000
2001-06-29,15.575000
2001-07-02,15.620000
2001-07-03,15.660000
2001-07-05,15.790000
2001-07-06,15.775000
2001-07-09,15.920000
2001-07-10,15.945000
2001-07-11,16.020000
2001-07-12,15.855000
2001-07-13,15.815000
2001-07-16,15.925000
2001-07-17,15.950000
2001-07-18,15.785000
2001-07-19,15.885000
2001-07-20,15.550000
2001-07-23,15.125000
2001-07-24,14.690000
2001-07-25,15.340000
2001-07-26,15.395000
2001-07-27,15.385000
2001-07-30,15.560000
2001-07-31,15.435000
2001-08-01,15.615000
2001-08-02,15.590000
2001-08-03,15.545000
2001-08-06,15.245000
2001-08-07,15.365000
2001-08-08,15.060000
2001-08-09,15.085000
2001-08-10,15.380000
2001-08-13,15.210000
2001-08-14,15.210000
2001-08-15,15.020000
2001-08-16,15.185000
2001-08-17,15.000000
2001-08-20,15.120000
2001-08-21,15.125000
2001-08-22,15.100000
2001-08-23,15.065000
2001-08-24,15.170000
2001-08-27,15.210000
2001-08-28,15.140000
2001-08-29,15.050000
2001-08-30,14.875000
2001-08-31,14.885000
2001-09-04,15.040000
2001-09-05,14.950000
2001-09-06,14.835000
2001-09-07,14.815000
2001-09-10,15.060000
2001-09-17,14.925000
2001-09-18,15.030000
2001-09-19,14.915000
2001-09-20,15.105000
2001-09-21,14.565000
2001-09-24,14.615000
2001-09-25,14.835000
2001-09-26,14.480000
2001-09-27,14.300000
2001-09-28,14.630000
2001-10-01,14.755000
2001-10-02,14.915000
2001-10-03,15.075000
2001-10-04,14.925000
2001-10-05,14.955000
2001-10-08,15.095000
2001-10-09,15.020000
2001-10-10,15.050000
2001-10-11,14.830000
2001-10-12,14.730000
2001-10-15,14.705000
2001-10-16,14.815000
2001-10-17,14.800000
2001-10-18,14.515000
2001-10-19,14.765000
2001-10-22,14.485000
2001-10-23,14.115000
2001-10-24,13.990000
2001-10-25,14.085000
2001-10-26,14.130000
2001-10-29,14.105000
2001-10-30,13.895000
2001-10-31,13.860000
2001-11-01,13.975000
2001-11-02,14.030000
2001-11-05,14.165000
2001-11-06,14.225000
2001-11-07,14.040000
2001-11-08,14.230000
2001-11-09,14.320000
2001-11-12,14.270000
2001-11-13,14.260000
2001-11-14,14.110000
2001-11-15,14.085000
2001-11-16,14.235000
2001-11-19,14.200000
2001-11-20,14.230000
2001-11-21,14.125000
2001-11-23,14.110000
2001-11-26,14.125000
2001-11-27,13.935000
2001-11-28,13.750000
2001-11-29,13.745000
2001-11-30,13.685000
2001-12-03,13.710000
2001-12-04,13.865000
2001-12-05,13.965000
2001-12-06,13.835000
2001-12-07,13.850000
2001-12-10,13.755000
2001-12-11,13.535000
2001-12-12,13.685000
2001-12-13,13.670000
2001-12-14,13.575000
2001-12-17,13.635000
2001-12-18,13.760000
2001-12-19,14.055000
2001-12-20,13.985000
2001-12-21,13.780000
2001-12-24,13.890000
2001-12-26,13.875000
2001-12-27,14.060000
2001-12-28,14.010000
2001-12-31,14.015000
2002-01-02,14.215000
2002-01-03,14.290000
2002-01-04,14.225000
2002-01-07,14.240000
2002-01-08,14.065000
2002-01-09,13.940000
2002-01-10,14.050000
2002-01-11,13.915000
2002-01-14,14.045000
2002-01-15,14.050000
2002-01-16,13.990000
2002-01-17,13.850000
2002-01-18,13.825000
2002-01-22,13.525000
2002-01-23,13.725000
2002-01-24,13.695000
2002-01-25,13.610000
2002-01-28,13.610000
2002-01-29,13.435000
2002-01-30,13.420000
2002-01-31,13.510000
2002-02-01,13.540000
2002-02-04,13.400000
2002-02-05,13.220000
2002-02-06,12.955000
2002-02-07,13.140000
2002-02-08,13.210000
2002-02-11,13.300000
2002-02-12,13.300000
2002-02-13,13.380000
2002-02-14,13.410000
2002-02-15,13.385000
2002-02-19,13.155000
2002-02-20,13.320000
2002-02-21,13.055000
2002-02-22,13.235000
2002-02-25,13.385000
2002-02-26,13.370000
2002-02-27,13.460000
2002-02-28,13.485000
2002-03-01,13.775000
2002-03-04,13.940000
2002-03-05,13.950000
2002-03-06,14.225000
2002-03-07,14.140000
2002-03-08,14.100000
2002-03-11,14.145000
2002-03-12,14.000000
2002-03-13,14.000000
2002-03-14,13.950000
2002-03-15,13.955000
2002-03-18,14.020000
2002-03-19,14.085000
2002-03-20,14.000000
2002-03-21,14.150000
2002-03-22,13.985000
2002-03-25,14.005000
2002-03-26,13.930000
2002-03-27,13.965000
2002-03-28,14.090000
2002-04-01,13.945000
2002-04-02,14.025000
2002-04-03,14.025000
2002-04-04,14.045000
2002-04-05,13.970000
2002-04-08,13.870000
2002-04-09,13.575000
2002-04-10,13.860000
2002-04-11,13.445000
2002-04-12,13.535000
2002-04-15,13.325000
2002-04-16,13.650000
2002-04-17,13.720000
2002-04-18,13.685000
2002-04-19,13.565000
2002-04-22,13.360000
2002-04-23,13.425000
2002-04-24,13.460000
2002-04-25,13.370000
2002-04-26,13.155000
2002-04-29,12.960000
2002-04-30,13.235000
2002-05-01,13.360000
2002-05-02,13.275000
2002-05-03,13.200000
2002-05-06,13.130000
2002-05-07,13.000000
2002-05-08,13.185000
2002-05-09,13.075000
2002-05-10,12.775000
2002-05-13,12.930000
2002-05-14,13.125000
2002-05-15,13.055000
2002-05-16,13.105000
2002-05-17,12.980000
2002-05-20,13.050000
2002-05-21,13.145000
2002-05-22,13.380000
2002-05-23,13.620000
2002-05-24,13.480000
2002-05-28,13.575000
2002-05-29,13.350000
2002-05-30,13.225000
2002-05-31,13.125000
2002-06-03,12.825000
2002-06-04,12.870000
2002-06-05,12.820000
2002-06-06,12.445000
2002-06-07,12.590000
2002-06-10,12.635000
2002-06-11,12.425000
2002-06-12,12.680000
2002-06-13,12.665000
2002-06-14,12.505000
2002-06-17,12.785000
2002-06-18,12.880000
2002-06-19,12.525000
2002-06-20,12.375000
2002-06-21,12.300000
2002-06-24,12.095000
2002-06-25,12.015000
2002-06-26,11.890000
2002-06-27,11.880000
2002-06-28,12.125000
2002-07-01,11.875000
2002-07-02,11.625000
2002-07-03,11.555000
2002-07-05,11.690000
2002-07-08,11.540000
2002-07-09,11.235000
2002-07-10,10.600000
2002-07-11,10.970000
2002-07-12,10.560000
2002-07-15,10.725000
2002-07-16,10.410000
2002-07-17,10.215000
2002-07-18,9.975000
2002-07-19,9.415000
2002-07-22,9.185000
2002-07-23,8.470000
2002-07-24,9.225000
2002-07-25,9.500000
2002-07-26,9.375000
2002-07-29,9.525000
2002-07-30,10.300000
2002-07-31,10.340000
2002-08-01,10.190000
2002-08-02,9.990000
2002-08-05,9.815000
2002-08-06,10.220000
2002-08-07,10.295000
2002-08-08,10.485000
2002-08-09,10.510000
2002-08-12,10.690000
2002-08-13,10.395000
2002-08-14,10.710000
2002-08-15,10.730000
2002-08-16,10.560000
2002-08-19,10.725000
2002-08-20,10.695000
2002-08-21,11.025000
2002-08-22,11.250000
2002-08-23,11.075000
2002-08-26,11.250000
2002-08-27,11.140000
2002-08-28,11.070000
2002-08-29,10.915000
2002-08-30,10.750000
2002-09-03,10.455000
2002-09-04,10.390000
2002-09-05,10.360000
2002-09-06,10.360000
2002-09-09,10.340000
2002-09-10,10.105000
2002-09-11,10.115000
2002-09-12,9.855000
2002-09-13,10.000000
2002-09-16,9.885000
2002-09-17,9.525000
2002-09-18,9.840000
2002-09-19,9.635000
2002-09-20,9.295000
2002-09-23,9.050000
2002-09-24,8.755000
2002-09-25,9.015000
2002-09-26,9.370000
2002-09-27,9.210000
2002-09-30,9.335000
2002-10-01,9.485000
2002-10-02,9.200000
2002-10-03,9.150000
2002-10-04,8.730000
2002-10-07,8.650000
2002-10-08,8.325000
2002-10-09,7.615000
2002-10-10,8.130000
2002-10-11,8.240000
2002-10-14,8.225000
2002-10-15,8.250000
2002-10-16,7.965000
2002-10-17,8.100000
2002-10-18,8.170000
2002-10-21,8.650000
2002-10-22,8.540000
2002-10-23,8.695000
2002-10-24,8.700000
2002-10-25,8.825000
2002-10-28,9.000000
2002-10-29,8.940000
2002-10-30,9.140000
2002-10-31,9.120000
2002-11-01,9.165000
2002-11-04,9.495000
2002-11-05,9.495000
2002-11-06,9.695000
2002-11-07,9.245000
2002-11-08,8.960000
2002-11-11,8.860000
2002-11-12,8.695000
2002-11-13,8.750000
2002-11-14,8.945000
2002-11-15,9.075000
2002-11-18,9.050000
2002-11-19,9.100000
2002-11-20,9.095000
2002-11-21,9.250000
2002-11-22,9.510000
2002-11-25,9.530000
2002-11-26,9.290000
2002-11-27,9.345000
2002-11-29,9.385000
2002-12-02,9.245000
2002-12-03,9.345000
2002-12-04,9.135000
2002-12-05,9.105000
2002-12-06,9.095000
2002-12-09,9.220000
2002-12-10,9.290000
2002-12-11,9.375000
2002-12-12,9.405000
2002-12-13,9.500000
2002-12-16,9.650000
2002-12-17,9.660000
2002-12-18,9.630000
2002-12-19,9.640000
2002-12-20,9.625000
2002-12-23,9.585000
2002-12-24,9.545000
2002-12-26,9.605000
2002-12-27,9.570000
2002-12-30,9.595000
2002-12-31,9.575000
2003-01-02,9.800000
2003-01-03,9.900000
2003-01-06,10.345000
2003-01-07,10.120000
2003-01-08,10.190000
2003-01-09,10.140000
2003-01-10,10.140000
2003-01-13,9.925000
2003-01-14,9.945000
2003-01-15,9.915000
2003-01-16,9.900000
2003-01-17,9.855000
2003-01-21,9.650000
2003-01-22,9.565000
2003-01-23,9.740000
2003-01-24,9.490000
2003-01-27,9.125000
2003-01-28,9.400000
2003-01-29,9.395000
2003-01-30,9.245000
2003-01-31,9.350000
2003-02-03,9.380000
2003-02-04,9.335000
2003-02-05,9.195000
2003-02-06,9.110000
2003-02-07,8.950000
2003-02-10,8.980000
2003-02-11,8.830000
2003-02-12,8.525000
2003-02-13,8.645000
2003-02-14,8.790000
2003-02-18,8.885000
2003-02-19,8.890000
2003-02-20,8.885000
2003-02-21,9.000000
2003-02-24,8.940000
2003-02-25,9.000000
2003-02-26,8.845000
2003-02-27,8.860000
2003-02-28,8.850000
2003-03-03,8.910000
2003-03-04,8.855000
2003-03-05,8.945000
2003-03-06,8.945000
2003-03-07,8.975000
2003-03-10,8.765000
2003-03-11,8.750000
2003-03-12,8.765000
2003-03-13,8.920000
2003-03-14,8.955000
2003-03-17,9.155000
2003-03-18,9.260000
2003-03-19,9.210000
2003-03-20,9.315000
2003-03-21,9.370000
2003-03-24,9.140000
2003-03-25,9.265000
2003-03-26,9.185000
2003-03-27,9.230000
2003-03-28,9.245000
2003-03-31,9.200000
2003-04-01,9.265000
2003-04-02,9.270000
2003-04-03,9.235000
2003-04-04,9.350000
2003-04-07,9.350000
2003-04-08,9.290000
2003-04-09,9.270000
2003-04-10,9.350000
2003-04-11,9.320000
2003-04-14,9.440000
2003-04-15,9.560000
2003-04-16,9.550000
2003-04-17,9.570000
2003-04-21,9.660000
2003-04-22,9.795000
2003-04-23,9.795000
2003-04-24,9.885000
2003-04-25,9.860000
2003-04-28,9.995000
2003-04-29,10.010000
2003-04-30,9.995000
2003-05-01,9.860000
2003-05-02,9.940000
2003-05-05,9.980000
2003-05-06,9.965000
2003-05-07,9.950000
2003-05-08,9.935000
2003-05-09,10.000000
2003-05-12,10.075000
2003-05-13,10.095000
2003-05-14,10.140000
2003-05-15,10.295000
2003-05-16,10.510000
2003-05-19,10.345000
2003-05-20,10.390000
2003-05-21,10.365000
2003-05-22,10.550000
2003-05-23,10.950000
2003-05-27,11.110000
2003-05-28,11.060000
2003-05-29,10.895000
2003-05-30,11.005000
2003-06-02,11.100000
2003-06-03,11.145000
2003-06-04,11.300000
2003-06-05,11.170000
2003-06-06,11.050000
2003-06-09,11.040000
2003-06-10,11.090000
2003-06-11,11.175000
2003-06-12,11.310000
2003-06-13,11.160000
2003-06-16,11.375000
2003-06-17,11.320000
2003-06-18,11.375000
2003-06-19,11.410000
2003-06-20,11.260000
2003-06-23,11.140000
2003-06-24,11.070000
2003-06-25,11.050000
2003-06-26,11.155000
2003-06-27,11.010000
2003-06-30,11.060000
2003-07-01,10.985000
2003-07-02,11.065000
2003-07-03,11.000000
2003-07-07,11.020000
2003-07-08,10.935000
2003-07-09,10.855000
2003-07-10,10.660000
2003-07-11,10.725000
2003-07-14,10.710000
2003-07-15,10.500000
2003-07-16,10.325000
2003-07-17,10.300000
2003-07-18,10.460000
2003-07-21,10.310000
2003-07-22,10.485000
2003-07-23,10.420000
2003-07-24,10.415000
2003-07-25,10.500000
2003-07-28,10.425000
2003-07-29,10.380000
2003-07-30,10.305000
2003-07-31,10.320000
2003-08-01,10.275000
2003-08-04,10.275000
2003-08-05,10.115000
2003-08-06,10.175000
2003-08-07,10.270000
2003-08-08,10.320000
2003-08-11,10.320000
2003-08-12,10.460000
2003-08-13,10.360000
2003-08-14,10.400000
2003-08-15,10.380000
2003-08-18,10.355000
2003-08-19,10.365000
2003-08-20,10.465000
2003-08-21,10.505000
2003-08-22,10.360000
2003-08-25,10.410000
2003-08-26,10.440000
2003-08-27,10.475000
2003-08-28,10.500000
2003-08-29,10.525000
2003-09-02,10.720000
2003-09-03,10.755000
2003-09-04,10.760000
2003-09-05,10.740000
2003-09-08,10.820000
2003-09-09,10.795000
2003-09-10,10.780000
2003-09-11,10.750000
2003-09-12,10.830000
2003-09-15,10.770000
2003-09-16,10.865000
2003-09-17,10.835000
2003-09-18,10.955000
2003-09-19,10.875000
2003-09-22,10.815000
2003-09-23,10.865000
2003-09-24,10.735000
2003-09-25,10.755000
2003-09-26,10.855000
2003-09-29,10.970000
2003-09-30,10.950000
2003-10-01,10.965000
2003-10-02,11.070000
2003-10-03,11.095000
2003-10-06,11.080000
2003-10-07,11.045000
2003-10-08,11.005000
2003-10-09,11.025000
2003-10-10,10.990000
2003-10-13,11.060000
2003-10-14,11.090000
2003-10-15,10.950000
2003-10-16,11.000000
2003-10-17,10.930000
2003-10-20,10.985000
2003-10-21,10.970000
2003-10-22,10.965000
2003-10-23,10.985000
2003-10-24,10.950000
2003-10-27,10.995000
2003-10-28,10.965000
2003-10-29,10.955000
2003-10-30,11.045000
2003-10-31,11.025000
2003-11-03,11.080000
2003-11-04,11.025000
2003-11-05,11.020000
2003-11-06,10.975000
2003-11-07,10.905000
2003-11-10,10.880000
2003-11-11,10.890000
2003-11-12,10.915000
2003-11-13,10.930000
2003-11-14,10.915000
2003-11-17,10.825000
2003-11-18,10.630000
2003-11-19,10.765000
2003-11-20,10.740000
2003-11-21,10.720000
2003-11-24,10.885000
2003-11-25,10.945000
2003-11-26,11.025000
2003-11-28,11.050000
2003-12-01,11.080000
2003-12-02,11.100000
2003-12-03,11.080000
2003-12-04,11.105000
2003-12-05,11.165000
2003-12-08,11.195000
2003-12-09,11.100000
2003-12-10,11.150000
2003-12-11,11.200000
2003-12-12,11.225000
2003-12-15,11.185000
2003-12-16,11.255000
2003-12-17,11.305000
2003-12-18,11.450000
2003-12-19,11.370000
2003-12-22,11.475000
2003-12-23,11.535000
2003-12-24,11.555000
2003-12-26,11.570000
2003-12-29,11.655000
2003-12-30,11.685000
2003-12-31,11.665000
2004-01-02,11.635000
2004-01-05,11.655000
2004-01-06,11.630000
2004-01-07,11.690000
2004-01-08,11.685000
2004-01-09,11.645000
2004-01-12,11.640000
2004-01-13,11.585000
2004-01-14,11.725000
2004-01-15,11.685000
2004-01-16,11.665000
2004-01-20,11.750000
2004-01-21,11.955000
2004-01-22,12.000000
2004-01-23,11.895000
2004-01-26,11.825000
2004-01-27,11.785000
2004-01-28,11.830000
2004-01-29,11.925000
2004-01-30,11.905000
2004-02-02,11.835000
2004-02-03,11.940000
2004-02-04,11.745000
2004-02-05,11.675000
2004-02-06,11.775000
2004-02-09,11.845000
2004-02-10,11.945000
2004-02-11,11.935000
2004-02-12,11.900000
2004-02-13,11.885000
2004-02-17,11.975000
2004-02-18,12.015000
2004-02-19,11.935000
2004-02-20,11.820000
2004-02-23,11.865000
2004-02-24,11.800000
2004-02-25,11.920000
2004-02-26,12.000000
2004-02-27,12.130000
2004-03-01,12.190000
2004-03-02,12.135000
2004-03-03,12.130000
2004-03-04,12.215000
2004-03-05,12.310000
2004-03-08,12.275000
2004-03-09,12.205000
2004-03-10,12.065000
2004-03-11,11.890000
2004-03-12,12.005000
2004-03-15,11.970000
2004-03-16,12.085000
2004-03-17,12.275000
2004-03-18,12.220000
2004-03-19,12.050000
2004-03-22,11.910000
2004-03-23,11.905000
2004-03-24,11.930000
2004-03-25,11.950000
2004-03-26,11.990000
2004-03-29,12.065000
2004-03-30,12.110000
2004-03-31,12.160000
2004-04-01,12.195000
2004-04-02,12.135000
2004-04-05,12.170000
2004-04-06,12.175000
2004-04-07,12.050000
2004-04-08,12.040000
2004-04-12,11.850000
2004-04-13,11.635000
2004-04-14,11.650000
2004-04-15,11.715000
2004-04-16,11.755000
2004-04-19,11.680000
2004-04-20,11.550000
2004-04-21,11.640000
2004-04-22,11.770000
2004-04-23,11.775000
2004-04-26,11.810000
2004-04-27,11.830000
2004-04-28,11.840000
2004-04-29,11.655000
2004-04-30,11.640000
2004-05-03,11.720000
2004-05-04,11.765000
2004-05-05,11.685000
2004-05-06,11.725000
2004-05-07,11.370000
2004-05-10,11.210000
2004-05-11,11.180000
2004-05-12,11.170000
2004-05-13,11.215000
2004-05-14,11.275000
2004-05-17,11.155000
2004-05-18,11.250000
2004-05-19,11.170000
2004-05-20,11.285000
2004-05-21,11.270000
2004-05-24,11.425000
2004-05-25,11.630000
2004-05-26,11.635000
2004-05-27,11.755000
2004-05-28,11.780000
2004-06-01,11.765000
2004-06-02,11.785000
2004-06-03,11.660000
2004-06-04,11.700000
2004-06-07,11.800000
2004-06-08,11.690000
2004-06-09,11.615000
2004-06-10,11.695000
2004-06-14,11.615000
2004-06-15,11.665000
2004-06-16,11.730000
2004-06-17,11.810000
2004-06-18,11.770000
2004-06-21,11.850000
2004-06-22,11.805000
2004-06-23,11.895000
2004-06-24,11.935000
2004-06-25,11.865000
2004-06-28,11.920000
2004-06-29,11.830000
2004-06-30,11.880000
2004-07-01,11.740000
2004-07-02,11.860000
2004-07-06,11.840000
2004-07-07,11.865000
2004-07-08,11.820000
2004-07-09,11.795000
2004-07-12,11.820000
2004-07-13,11.795000
2004-07-14,11.900000
2004-07-15,11.955000
2004-07-16,12.040000
2004-07-19,12.095000
2004-07-20,12.120000
2004-07-21,11.930000
2004-07-22,11.850000
2004-07-23,11.780000
2004-07-26,11.750000
2004-07-27,11.735000
2004-07-28,11.890000
2004-07-29,11.975000
2004-07-30,12.060000
2004-08-02,12.150000
2004-08-03,12.125000
2004-08-04,12.230000
2004-08-05,12.085000
2004-08-06,12.175000
2004-08-09,12.145000
2004-08-10,12.235000
2004-08-11,12.285000
2004-08-12,12.280000
2004-08-13,12.235000
2004-08-16,12.290000
2004-08-17,12.285000
2004-08-18,12.365000
2004-08-19,12.305000
2004-08-20,12.355000
2004-08-23,12.330000
2004-08-24,12.355000
2004-08-25,12.405000
2004-08-26,12.405000
2004-08-27,12.400000
2004-08-30,12.430000
2004-08-31,12.550000
2004-09-01,12.510000
2004-09-02,12.625000
2004-09-03,12.580000
2004-09-07,12.670000
2004-09-08,12.550000
2004-09-09,12.605000
2004-09-10,12.630000
2004-09-13,12.530000
2004-09-14,12.510000
2004-09-15,12.535000
2004-09-16,12.610000
2004-09-17,12.580000
2004-09-20,12.535000
2004-09-21,12.605000
2004-09-22,12.550000
2004-09-23,12.425000
2004-09-24,12.430000
2004-09-27,12.445000
2004-09-28,12.525000
2004-09-29,12.500000
2004-09-30,12.525000
2004-10-01,12.625000
2004-10-04,12.675000
2004-10-05,12.730000
2004-10-06,12.780000
2004-10-07,12.710000
2004-10-08,12.765000
2004-10-11,12.730000
2004-10-12,12.835000
2004-10-13,12.665000
2004-10-14,12.690000
2004-10-15,12.790000
2004-10-18,12.700000
2004-10-19,12.680000
2004-10-20,12.695000
2004-10-21,12.750000
2004-10-22,12.830000
2004-10-25,13.025000
2004-10-26,13.155000
2004-10-27,13.140000
2004-10-28,13.065000
2004-10-29,13.135000
2004-11-01,13.240000
2004-11-02,12.980000
2004-11-03,13.255000
2004-11-04,13.520000
2004-11-05,13.470000
2004-11-08,13.600000
2004-11-09,13.605000
2004-11-10,13.600000
2004-11-11,13.745000
2004-11-12,13.910000
2004-11-15,13.840000
2004-11-16,13.815000
2004-11-17,13.700000
2004-11-18,13.700000
2004-11-19,13.650000
2004-11-22,13.865000
2004-11-23,13.950000
2004-11-24,14.000000
2004-11-26,14.055000
2004-11-29,13.870000
2004-11-30,13.720000
2004-12-01,13.600000
2004-12-02,13.430000
2004-12-03,13.530000
2004-12-06,13.655000
2004-12-07,13.550000
2004-12-08,13.480000
2004-12-09,13.485000
2004-12-10,13.535000
2004-12-13,13.735000
2004-12-14,13.785000
2004-12-15,13.850000
2004-12-16,13.855000
2004-12-17,13.760000
2004-12-20,13.835000
2004-12-21,13.980000
2004-12-22,14.010000
2004-12-23,14.005000
2004-12-27,13.915000
2004-12-28,13.950000
2004-12-29,13.990000
2004-12-30,13.995000
2004-12-31,13.925000
2005-01-03,13.765000
2005-01-04,13.670000
2005-01-05,13.455000
2005-01-06,13.525000
2005-01-07,13.525000
2005-01-10,13.595000
2005-01-11,13.555000
2005-01-12,13.595000
2005-01-13,13.660000
2005-01-14,13.775000
2005-01-18,13.895000
2005-01-19,13.835000
2005-01-20,13.790000
2005-01-21,13.735000
2005-01-24,13.855000
2005-01-25,13.775000
2005-01-26,13.975000
2005-01-27,14.045000
2005-01-28,14.060000
2005-01-31,14.220000
2005-02-01,14.315000
2005-02-02,14.370000
2005-02-03,14.410000
2005-02-04,14.550000
2005-02-07,14.520000
2005-02-08,14.605000
2005-02-09,14.520000
2005-02-10,14.535000
2005-02-11,14.545000
2005-02-14,14.675000
2005-02-15,14.650000
2005-02-16,14.690000
2005-02-17,14.660000
2005-02-18,14.505000
2005-02-22,14.160000
2005-02-23,14.235000
2005-02-24,14.345000
2005-02-25,14.625000
2005-02-28,14.525000
2005-03-01,14.565000
2005-03-02,14.550000
2005-03-03,14.625000
2005-03-04,14.855000
2005-03-07,14.960000
2005-03-08,14.860000
2005-03-09,14.595000
2005-03-10,14.690000
2005-03-11,14.625000
2005-03-14,14.850000
2005-03-15,14.785000
2005-03-16,14.650000
2005-03-17,14.735000
2005-03-18,14.580000
2005-03-21,14.575000
2005-03-22,14.280000
2005-03-23,14.210000
2005-03-24,14.360000
2005-03-28,14.385000
2005-03-29,14.205000
2005-03-30,14.435000
2005-03-31,14.575000
2005-04-01,14.625000
2005-04-04,14.665000
2005-04-05,14.750000
2005-04-06,14.705000
2005-04-07,14.840000
2005-04-08,14.725000
2005-04-11,14.870000
2005-04-12,15.010000
2005-04-13,14.905000
2005-04-14,14.765000
2005-04-15,14.505000
2005-04-18,14.560000
2005-04-19,14.765000
2005-04-20,14.635000
2005-04-21,14.765000
2005-04-22,14.860000
2005-04-25,14.960000
2005-04-26,14.770000
2005-04-27,14.880000
2005-04-28,14.815000
2005-04-29,15.025000
2005-05-02,15.065000
2005-05-03,14.990000
2005-05-04,15.005000
2005-05-05,14.945000
2005-05-06,14.910000
2005-05-09,15.035000
2005-05-10,14.925000
2005-05-11,14.995000
2005-05-12,14.825000
2005-05-13,14.585000
2005-05-16,14.680000
2005-05-17,14.850000
2005-05-18,14.855000
2005-05-19,14.940000
2005-05-20,14.935000
2005-05-23,14.880000
2005-05-24,14.880000
2005-05-25,14.920000
2005-05-26,14.960000
2005-05-27,15.020000
2005-05-31,15.015000
2005-06-01,15.210000
2005-06-02,15.190000
2005-06-03,15.240000
2005-06-06,15.225000
2005-06-07,15.260000
2005-06-08,15.290000
2005-06-09,15.305000
2005-06-10,15.360000
2005-06-13,15.425000
2005-06-14,15.465000
2005-06-15,15.390000
2005-06-16,15.365000
2005-06-17,15.435000
2005-06-20,15.465000
2005-06-21,15.485000
2005-06-22,15.625000
2005-06-23,15.670000
2005-06-24,15.560000
2005-06-27,15.655000
2005-06-28,15.810000
2005-06-29,15.765000
2005-06-30,15.780000
2005-07-01,15.925000
2005-07-05,15.955000
2005-07-06,15.685000
2005-07-07,15.810000
2005-07-08,15.995000
2005-07-11,16.084999
2005-07-12,16.129999
2005-07-13,16.174999
2005-07-14,16.014999
2005-07-15,16.010000
2005-07-18,16.000000
2005-07-19,16.014999
2005-07-20,16.100000
2005-07-21,15.810000
2005-07-22,15.900000
2005-07-25,15.905000
2005-07-26,15.960000
2005-07-27,16.030001
2005-07-28,16.129999
2005-07-29,16.135000
2005-08-01,15.925000
2005-08-02,16.295000
2005-08-03,16.340000
2005-08-04,16.235001
2005-08-05,15.955000
2005-08-08,15.630000
2005-08-09,15.795000
2005-08-10,15.790000
2005-08-11,15.885000
2005-08-12,15.870000
2005-08-15,15.930000
2005-08-16,15.680000
2005-08-17,15.665000
2005-08-18,15.725000
2005-08-19,15.820000
2005-08-22,15.925000
2005-08-23,16.055000
2005-08-24,15.980000
2005-08-25,16.100000
2005-08-26,16.075001
2005-08-29,16.139999
2005-08-30,16.115000
2005-08-31,16.240000
2005-09-01,16.495001
2005-09-02,16.500000
2005-09-06,16.655001
2005-09-07,16.665001
2005-09-08,16.520000
2005-09-09,16.715000
2005-09-12,16.700001
2005-09-13,16.555000
2005-09-14,16.615000
2005-09-15,16.770000
2005-09-16,16.795000
2005-09-19,16.745001
2005-09-20,16.680000
2005-09-21,16.389999
2005-09-22,16.299999
2005-09-23,16.340000
2005-09-26,16.475000
2005-09-27,16.480000
2005-09-28,16.650000
2005-09-29,16.815001
2005-09-30,16.799999
2005-10-03,16.990000
2005-10-04,16.695000
2005-10-05,16.209999
2005-10-06,15.995000
2005-10-07,16.135000
2005-10-10,15.850000
2005-10-11,15.885000
2005-10-12,15.585000
2005-10-13,15.255000
2005-10-14,15.430000
2005-10-17,15.600000
2005-10-18,15.340000
2005-10-19,15.380000
2005-10-20,14.975000
2005-10-21,15.175000
2005-10-24,15.565000
2005-10-25,15.585000
2005-10-26,15.395000
2005-10-27,15.220000
2005-10-28,15.525000
2005-10-31,15.725000
2005-11-01,15.415000
2005-11-02,15.475000
2005-11-03,15.465000
2005-11-04,15.445000
2005-11-07,15.405000
2005-11-08,15.400000
2005-11-09,15.535000
2005-11-10,15.460000
2005-11-11,15.320000
2005-11-14,15.220000
2005-11-15,15.250000
2005-11-16,15.390000
2005-11-17,15.615000
2005-11-18,15.585000
2005-11-21,15.620000
2005-11-22,15.620000
2005-11-23,15.815000
2005-11-25,15.875000
2005-11-28,15.815000
2005-11-29,15.855000
2005-11-30,15.700000
2005-12-01,15.760000
2005-12-02,15.785000
2005-12-05,15.775000
2005-12-06,15.730000
2005-12-07,15.655000
2005-12-08,15.820000
2005-12-09,16.000000
2005-12-12,15.850000
2005-12-13,16.084999
2005-12-14,16.264999
2005-12-15,16.299999
2005-12-16,16.155001
2005-12-19,15.940000
2005-12-20,15.965000
2005-12-21,15.820000
2005-12-22,15.890000
2005-12-23,15.920000
2005-12-27,15.890000
2005-12-28,15.810000
2005-12-29,15.780000
2005-12-30,15.695000
2006-01-03,16.000000
2006-01-04,16.025000
2006-01-05,15.920000
2006-01-06,16.090000
2006-01-09,15.990000
2006-01-10,16.014999
2006-01-11,15.990000
2006-01-12,15.990000
2006-01-13,16.100000
2006-01-17,16.270000
2006-01-18,16.305000
2006-01-19,16.450001
2006-01-20,16.355000
2006-01-23,16.330000
2006-01-24,16.475000
2006-01-25,16.250000
2006-01-26,16.105000
2006-01-27,16.195000
2006-01-30,16.084999
2006-01-31,16.075001
2006-02-01,16.120001
2006-02-02,15.910000
2006-02-03,15.830000
2006-02-06,15.925000
2006-02-07,15.830000
2006-02-08,15.825000
2006-02-09,15.880000
2006-02-10,15.890000
2006-02-13,15.870000
2006-02-14,15.855000
2006-02-15,15.880000
2006-02-16,16.004999
2006-02-17,16.150000
2006-02-21,16.174999
2006-02-22,16.235001
2006-02-23,16.215000
2006-02-24,16.264999
2006-02-27,16.395000
2006-02-28,16.285000
2006-03-01,16.240000
2006-03-02,16.230000
2006-03-03,16.150000
2006-03-06,15.890000
2006-03-07,15.815000
2006-03-08,15.800000
2006-03-09,15.755000
2006-03-10,15.855000
2006-03-13,15.875000
2006-03-14,16.045000
2006-03-15,16.150000
2006-03-16,16.235001
2006-03-17,16.075001
2006-03-20,15.840000
2006-03-21,15.720000
2006-03-22,15.795000
2006-03-23,15.775000
2006-03-24,15.745000
2006-03-27,15.640000
2006-03-28,15.575000
2006-03-29,15.670000
2006-03-30,15.530000
2006-03-31,15.415000
2006-04-03,15.435000
2006-04-04,15.600000
2006-04-05,15.750000
2006-04-06,15.555000
2006-04-07,15.335000
2006-04-10,15.330000
2006-04-11,15.155000
2006-04-12,15.190000
2006-04-13,15.120000
2006-04-17,15.105000
2006-04-18,15.395000
2006-04-19,15.445000
2006-04-20,15.555000
2006-04-21,15.625000
2006-04-24,15.770000
2006-04-25,15.545000
2006-04-26,15.390000
2006-04-27,15.595000
2006-04-28,15.660000
2006-05-01,15.515000
2006-05-02,15.765000
2006-05-03,15.715000
2006-05-04,15.735000
2006-05-05,16.090000
2006-05-08,15.965000
2006-05-09,15.830000
2006-05-10,15.955000
2006-05-11,15.805000
2006-05-12,15.630000
2006-05-15,15.730000
2006-05-16,15.660000
2006-05-17,15.420000
2006-05-18,15.415000
2006-05-19,15.545000
2006-05-22,15.665000
2006-05-23,15.445000
2006-05-24,15.500000
2006-05-25,15.645000
2006-05-26,15.815000
2006-05-30,15.655000
2006-05-31,15.915000
2006-06-01,16.075001
2006-06-02,16.270000
2006-06-05,16.075001
2006-06-06,16.105000
2006-06-07,16.045000
2006-06-08,16.100000
2006-06-09,16.235001
2006-06-12,16.270000
2006-06-13,16.075001
2006-06-14,15.955000
2006-06-15,16.200001
2006-06-16,16.055000
2006-06-19,15.835000
2006-06-20,15.875000
2006-06-21,15.860000
2006-06-22,15.805000
2006-06-23,15.830000
2006-06-26,15.895000
2006-06-27,15.835000
2006-06-28,15.880000
2006-06-29,16.084999
2006-06-30,16.145000
2006-07-03,16.325001
2006-07-05,16.215000
2006-07-06,16.129999
2006-07-07,16.254999
2006-07-10,16.344999
2006-07-11,16.469999
2006-07-12,16.389999
2006-07-13,16.330000
2006-07-14,16.330000
2006-07-17,16.375000
2006-07-18,16.400000
2006-07-19,16.650000
2006-07-20,16.690001
2006-07-21,16.730000
2006-07-24,16.885000
2006-07-25,16.955000
2006-07-26,17.014999
2006-07-27,16.879999
2006-07-28,16.995001
2006-07-31,16.920000
2006-08-01,17.129999
2006-08-02,17.115000
2006-08-03,17.030001
2006-08-04,17.035000
2006-08-07,16.834999
2006-08-08,16.995001
2006-08-09,17.000000
2006-08-10,16.975000
2006-08-11,16.934999
2006-08-14,17.049999
2006-08-15,17.160000
2006-08-16,17.000000
2006-08-17,16.980000
2006-08-18,17.170000
2006-08-21,17.205000
2006-08-22,17.264999
2006-08-23,17.084999
2006-08-24,17.155001
2006-08-25,17.155001
2006-08-28,17.285000
2006-08-29,17.299999
2006-08-30,17.209999
2006-08-31,17.385000
2006-09-01,17.400000
2006-09-05,17.215000
2006-09-06,17.150000
2006-09-07,17.174999
2006-09-08,17.174999
2006-09-11,17.115000
2006-09-12,17.025000
2006-09-13,17.059999
2006-09-14,16.990000
2006-09-15,16.860001
2006-09-18,16.809999
2006-09-19,16.844999
2006-09-20,16.820000
2006-09-21,16.795000
2006-09-22,16.775000
2006-09-25,17.010000
2006-09-26,16.985001
2006-09-27,17.219999
2006-09-28,17.165001
2006-09-29,16.995001
2006-10-02,17.120001
2006-10-03,17.190001
2006-10-04,17.260000
2006-10-05,17.205000
2006-10-06,17.110001
2006-10-09,17.094999
2006-10-10,17.219999
2006-10-11,17.260000
2006-10-12,17.254999
2006-10-13,17.275000
2006-10-16,17.360001
2006-10-17,17.434999
2006-10-18,17.625000
2006-10-19,17.695000
2006-10-20,17.805000
2006-10-23,17.825001
2006-10-24,17.840000
2006-10-25,18.030001
2006-10-26,17.950001
2006-10-27,17.885000
2006-10-30,17.875000
2006-10-31,17.895000
2006-11-01,18.004999
2006-11-02,17.920000
2006-11-03,17.790001
2006-11-06,17.709999
2006-11-07,17.650000
2006-11-08,17.825001
2006-11-09,17.820000
2006-11-10,17.955000
2006-11-13,17.950001
2006-11-14,17.995001
2006-11-15,17.934999
2006-11-16,18.000000
2006-11-17,18.020000
2006-11-20,17.959999
2006-11-21,17.990000
2006-11-22,18.030001
2006-11-24,18.100000
2006-11-27,17.900000
2006-11-28,18.030001
2006-11-29,18.254999
2006-11-30,18.370001
2006-12-01,18.360001
2006-12-04,18.504999
2006-12-05,18.549999
2006-12-06,18.459999
2006-12-07,18.440001
2006-12-08,18.385000
2006-12-11,18.485001
2006-12-12,18.555000
2006-12-13,18.625000
2006-12-14,18.655001
2006-12-15,18.469999
2006-12-18,18.340000
2006-12-19,18.420000
2006-12-20,18.360001
2006-12-21,18.350000
2006-12-22,18.285000
2006-12-26,18.375000
2006-12-27,18.475000
2006-12-28,18.365000
2006-12-29,18.360001
2007-01-03,18.410000
2007-01-04,18.385000
2007-01-05,18.055000
2007-01-08,18.045000
2007-01-09,18.059999
2007-01-10,18.065001
2007-01-11,18.084999
2007-01-12,17.934999
2007-01-16,17.990000
2007-01-17,18.030001
2007-01-18,18.020000
2007-01-19,18.025000
2007-01-22,18.020000
2007-01-23,18.125000
2007-01-24,18.184999
2007-01-25,18.170000
2007-01-26,18.125000
2007-01-29,18.184999
2007-01-30,18.240000
2007-01-31,18.295000
2007-02-01,18.450001
2007-02-02,18.549999
2007-02-05,18.750000
2007-02-06,18.850000
2007-02-07,18.920000
2007-02-08,18.955000
2007-02-09,19.020000
2007-02-12,18.950001
2007-02-13,19.115000
2007-02-14,19.250000
2007-02-15,19.084999
2007-02-16,19.120001
2007-02-20,19.170000
2007-02-21,19.090000
2007-02-22,19.115000
2007-02-23,19.334999
2007-02-26,19.795000
2007-02-27,19.075001
2007-02-28,19.264999
2007-03-01,19.325001
2007-03-02,19.025000
2007-03-05,18.785000
2007-03-06,19.065001
2007-03-07,19.025000
2007-03-08,19.125000
2007-03-09,19.100000
2007-03-12,19.290001
2007-03-13,19.030001
2007-03-14,19.125000
2007-03-15,19.370001
2007-03-16,19.200001
2007-03-19,19.340000
2007-03-20,19.620001
2007-03-21,19.850000
2007-03-22,19.830000
2007-03-23,19.924999
2007-03-26,20.010000
2007-03-27,19.980000
2007-03-28,19.940001
2007-03-29,20.055000
2007-03-30,19.850000
2007-04-02,20.325001
2007-04-03,20.350000
2007-04-04,20.260000
2007-04-05,20.350000
2007-04-09,20.500000
2007-04-10,20.504999
2007-04-11,20.455000
2007-04-12,20.365000
2007-04-13,20.360001
2007-04-16,20.480000
2007-04-17,20.575001
2007-04-18,20.725000
2007-04-19,20.625000
2007-04-20,20.785000
2007-04-23,20.940001
2007-04-24,21.090000
2007-04-25,21.150000
2007-04-26,21.080000
2007-04-27,20.905001
2007-04-30,20.825001
2007-05-01,20.995001
2007-05-02,21.110001
2007-05-03,21.084999
2007-05-04,21.045000
2007-05-07,21.295000
2007-05-08,21.200001
2007-05-09,21.215000
2007-05-10,21.000000
2007-05-11,21.100000
2007-05-14,21.184999
2007-05-15,21.299999
2007-05-16,21.350000
2007-05-17,21.299999
2007-05-18,21.415001
2007-05-21,21.385000
2007-05-22,21.344999
2007-05-23,21.010000
2007-05-24,20.540001
2007-05-25,20.549999
2007-05-29,20.610001
2007-05-30,20.865000
2007-05-31,20.920000
2007-06-01,20.805000
2007-06-04,20.725000
2007-06-05,20.450001
2007-06-06,20.125000
2007-06-07,19.500000
2007-06-08,19.639999
2007-06-11,19.900000
2007-06-12,19.575001
2007-06-13,19.965000
2007-06-14,20.090000
2007-06-15,20.219999
2007-06-18,20.000000
2007-06-19,20.129999
2007-06-20,19.605000
2007-06-21,19.730000
2007-06-22,19.355000
2007-06-25,19.459999
2007-06-26,19.355000
2007-06-27,19.639999
2007-06-28,19.635000
2007-06-29,19.790001
2007-07-02,20.075001
2007-07-03,20.075001
2007-07-05,20.035000
2007-07-06,19.930000
2007-07-09,19.959999
2007-07-10,19.775000
2007-07-11,19.825001
2007-07-12,20.075001
2007-07-13,20.375000
2007-07-16,20.080000
2007-07-17,20.100000
2007-07-18,20.250000
2007-07-19,20.575001
2007-07-20,20.350000
2007-07-23,20.370001
2007-07-24,19.760000
2007-07-25,19.799999
2007-07-26,19.350000
2007-07-27,18.775000
2007-07-30,19.035000
2007-07-31,19.000000
2007-08-01,19.430000
2007-08-02,19.639999
2007-08-03,18.975000
2007-08-06,19.570000
2007-08-07,19.924999
2007-08-08,20.215000
2007-08-09,19.850000
2007-08-10,19.504999
2007-08-13,19.605000
2007-08-14,19.275000
2007-08-15,19.014999
2007-08-16,19.150000
2007-08-17,19.315001
2007-08-20,19.420000
2007-08-21,19.400000
2007-08-22,19.625000
2007-08-23,19.684999
2007-08-24,19.805000
2007-08-27,19.299999
2007-08-28,19.000000
2007-08-29,19.375000
2007-08-30,19.340000
2007-08-31,19.299999
2007-09-04,19.674999
2007-09-05,19.625000
2007-09-06,19.650000
2007-09-07,19.504999
2007-09-10,19.520000
2007-09-11,19.650000
2007-09-12,19.815001
2007-09-13,19.855000
2007-09-14,19.850000
2007-09-17,19.865000
2007-09-18,20.325001
2007-09-19,20.549999
2007-09-20,20.270000
2007-09-21,20.160000
2007-09-24,20.235001
2007-09-25,20.260000
2007-09-26,20.360001
2007-09-27,20.215000
2007-09-28,19.900000
2007-10-01,20.170000
2007-10-02,20.245001
2007-10-03,20.180000
2007-10-04,20.290001
2007-10-05,20.450001
2007-10-08,20.420000
2007-10-09,20.645000
2007-10-10,20.490000
2007-10-11,20.700001
2007-10-12,20.645000
2007-10-15,20.495001
2007-10-16,20.445000
2007-10-17,20.500000
2007-10-18,20.320000
2007-10-19,19.870001
2007-10-22,20.010000
2007-10-23,20.020000
2007-10-24,20.000000
2007-10-25,20.490000
2007-10-26,20.770000
2007-10-29,20.955000
2007-10-30,20.980000
2007-10-31,21.225000
2007-11-01,20.790001
2007-11-02,20.959999
2007-11-05,21.190001
2007-11-06,21.209999
2007-11-07,20.725000
2007-11-08,21.129999
2007-11-09,20.965000
2007-11-12,20.600000
2007-11-13,20.775000
2007-11-14,20.650000
2007-11-15,20.834999
2007-11-16,20.840000
2007-11-19,20.900000
2007-11-20,21.155001
2007-11-21,20.980000
2007-11-23,20.959999
2007-11-26,20.924999
2007-11-27,21.004999
2007-11-28,21.370001
2007-11-29,21.225000
2007-11-30,21.365000
2007-12-03,21.575001
2007-12-04,21.730000
2007-12-05,22.105000
2007-12-06,21.975000
2007-12-07,22.090000
2007-12-10,22.190001
2007-12-11,21.674999
2007-12-12,21.680000
2007-12-13,22.000000
2007-12-14,21.590000
2007-12-17,21.389999
2007-12-18,21.580000
2007-12-19,21.525000
2007-12-20,21.620001
2007-12-21,21.500000
2007-12-24,21.605000
2007-12-26,21.495001
2007-12-27,21.305000
2007-12-28,21.459999
2007-12-31,21.165001
2008-01-02,21.045000
2008-01-03,21.014999
2008-01-04,21.174999
2008-01-07,21.615000
2008-01-08,21.620001
2008-01-09,21.855000
2008-01-10,21.719999
2008-01-11,21.715000
2008-01-14,21.745001
2008-01-15,21.514999
2008-01-16,21.129999
2008-01-17,20.315001
2008-01-18,20.014999
2008-01-22,19.325001
2008-01-23,19.840000
2008-01-24,19.299999
2008-01-25,19.090000
2008-01-28,19.389999
2008-01-29,19.455000
2008-01-30,19.355000
2008-01-31,19.610001
2008-02-01,20.120001
2008-02-04,20.410000
2008-02-05,19.795000
2008-02-06,19.760000
2008-02-07,19.655001
2008-02-08,19.500000
2008-02-11,19.660000
2008-02-12,19.995001
2008-02-13,19.900000
2008-02-14,19.650000
2008-02-15,19.924999
2008-02-19,19.764999
2008-02-20,19.805000
2008-02-21,19.370001
2008-02-22,19.709999
2008-02-25,19.730000
2008-02-26,19.985001
2008-02-27,19.504999
2008-02-28,19.375000
2008-02-29,18.805000
2008-03-03,19.090000
2008-03-04,19.420000
2008-03-05,19.365000
2008-03-06,18.969999
2008-03-07,18.850000
2008-03-10,18.825001
2008-03-11,19.150000
2008-03-12,19.150000
2008-03-13,19.090000
2008-03-14,18.950001
2008-03-17,18.959999
2008-03-18,19.295000
2008-03-19,18.915001
2008-03-20,18.725000
2008-03-24,18.785000
2008-03-25,18.730000
2008-03-26,18.799999
2008-03-27,18.990000
2008-03-28,18.815001
2008-03-31,18.969999
2008-04-01,19.459999
2008-04-02,19.709999
2008-04-03,19.605000
2008-04-04,19.584999
2008-04-07,19.670000
2008-04-08,19.799999
2008-04-09,19.750000
2008-04-10,19.610001
2008-04-11,19.635000
2008-04-14,19.605000
2008-04-15,19.820000
2008-04-16,20.235001
2008-04-17,20.275000
2008-04-18,20.340000
2008-04-21,20.155001
2008-04-22,20.094999
2008-04-23,20.125000
2008-04-24,20.105000
2008-04-25,20.170000
2008-04-28,19.975000
2008-04-29,20.070000
2008-04-30,19.940001
2008-05-01,20.174999
2008-05-02,20.510000
2008-05-05,20.215000
2008-05-06,20.209999
2008-05-07,19.905001
2008-05-08,19.955000
2008-05-09,20.020000
2008-05-12,20.215000
2008-05-13,20.184999
2008-05-14,20.260000
2008-05-15,20.240000
2008-05-16,20.389999
2008-05-19,20.620001
2008-05-20,20.760000
2008-05-21,20.655001
2008-05-22,20.775000
2008-05-23,20.455000
2008-05-27,20.559999
2008-05-28,20.575001
2008-05-29,20.795000
2008-05-30,20.655001
2008-06-02,20.504999
2008-06-03,20.325001
2008-06-04,20.570000
2008-06-05,20.815001
2008-06-06,20.270000
2008-06-09,20.584999
2008-06-10,20.565001
2008-06-11,20.545000
2008-06-12,20.459999
2008-06-13,20.645000
2008-06-16,20.665001
2008-06-17,20.780001
2008-06-18,20.700001
2008-06-19,20.725000
2008-06-20,20.334999
2008-06-23,20.580000
2008-06-24,20.410000
2008-06-25,20.650000
2008-06-26,20.035000
2008-06-27,19.865000
2008-06-30,20.350000
2008-07-01,20.455000
2008-07-02,20.400000
2008-07-03,20.190001
2008-07-07,19.990000
2008-07-08,20.094999
2008-07-09,20.334999
2008-07-10,20.385000
2008-07-11,20.230000
2008-07-14,20.090000
2008-07-15,19.950001
2008-07-16,19.555000
2008-07-17,19.245001
2008-07-18,19.264999
2008-07-21,19.605000
2008-07-22,19.540001
2008-07-23,19.065001
2008-07-24,19.035000
2008-07-25,18.805000
2008-07-28,18.850000
2008-07-29,18.875000
2008-07-30,19.245001
2008-07-31,19.040001
2008-08-01,18.495001
2008-08-04,18.295000
2008-08-05,18.445000
2008-08-06,18.545000
2008-08-07,18.530001
2008-08-08,18.584999
2008-08-11,18.790001
2008-08-12,18.570000
2008-08-13,18.570000
2008-08-14,18.410000
2008-08-15,18.475000
2008-08-18,18.500000
2008-08-19,18.600000
2008-08-20,18.670000
2008-08-21,18.850000
2008-08-22,18.924999
2008-08-25,18.725000
2008-08-26,18.930000
2008-08-27,19.065001
2008-08-28,19.094999
2008-08-29,18.830000
2008-09-02,18.600000
2008-09-03,18.305000
2008-09-04,18.075001
2008-09-05,17.695000
2008-09-08,18.139999
2008-09-09,17.570000
2008-09-10,17.764999
2008-09-11,17.905001
2008-09-12,18.240000
2008-09-15,17.605000
2008-09-16,17.340000
2008-09-17,16.500000
2008-09-18,17.105000
2008-09-19,17.500000
2008-09-22,17.065001
2008-09-23,16.770000
2008-09-24,16.924999
2008-09-25,17.260000
2008-09-26,17.264999
2008-09-29,16.360001
2008-09-30,16.615000
2008-10-01,16.545000
2008-10-02,16.305000
2008-10-03,16.059999
2008-10-06,15.275000
2008-10-07,14.650000
2008-10-08,14.395000
2008-10-09,13.425000
2008-10-10,12.880000
2008-10-13,14.435000
2008-10-14,14.315000
2008-10-15,13.250000
2008-10-16,13.635000
2008-10-17,13.705000
2008-10-20,14.860000
2008-10-21,14.390000
2008-10-22,13.780000
2008-10-23,14.110000
2008-10-24,13.735000
2008-10-27,13.200000
2008-10-28,14.530000
2008-10-29,14.065000
2008-10-30,14.850000
2008-10-31,14.455000
2008-11-03,14.605000
2008-11-04,14.880000
2008-11-05,14.605000
2008-11-06,13.920000
2008-11-07,14.530000
2008-11-10,14.180000
2008-11-11,14.180000
2008-11-12,13.710000
2008-11-13,14.750000
2008-11-14,14.400000
2008-11-17,14.375000
2008-11-18,14.220000
2008-11-19,13.915000
2008-11-20,13.105000
2008-11-21,14.415000
2008-11-24,14.560000
2008-11-25,14.850000
2008-11-26,14.800000
2008-11-28,15.060000
2008-12-01,14.060000
2008-12-02,14.425000
2008-12-03,14.675000
2008-12-04,14.145000
2008-12-05,14.235000
2008-12-08,14.465000
2008-12-09,14.260000
2008-12-10,14.475000
2008-12-11,14.360000
2008-12-12,14.450000
2008-12-15,14.225000
2008-12-16,14.710000
2008-12-17,14.265000
2008-12-18,14.385000
2008-12-19,14.290000
2008-12-22,14.100000
2008-12-23,13.940000
2008-12-24,14.010000
2008-12-26,14.040000
2008-12-29,14.070000
2008-12-30,14.285000
2008-12-31,14.515000
2009-01-02,14.855000
2009-01-05,15.065000
2009-01-06,14.850000
2009-01-07,14.730000
2009-01-08,14.655000
2009-01-09,14.540000
2009-01-12,14.545000
2009-01-13,14.270000
2009-01-14,14.095000
2009-01-15,14.170000
2009-01-16,14.450000
2009-01-20,14.200000
2009-01-21,14.360000
2009-01-22,14.355000
2009-01-23,14.385000
2009-01-26,14.730000
2009-01-27,14.800000
2009-01-28,14.895000
2009-01-29,14.785000
2009-01-30,14.490000
2009-02-02,14.570000
2009-02-03,14.635000
2009-02-04,14.745000
2009-02-05,14.850000
2009-02-06,14.945000
2009-02-09,14.860000
2009-02-10,14.440000
2009-02-11,14.395000
2009-02-12,14.270000
2009-02-13,14.185000
2009-02-17,13.570000
2009-02-18,13.365000
2009-02-19,13.425000
2009-02-20,13.120000
2009-02-23,12.805000
2009-02-24,13.175000
2009-02-25,13.090000
2009-02-26,12.875000
2009-02-27,12.675000
2009-03-02,12.275000
2009-03-03,11.835000
2009-03-04,11.945000
2009-03-05,11.605000
2009-03-06,11.590000
2009-03-09,11.370000
2009-03-10,11.520000
2009-03-11,11.500000
2009-03-12,11.650000
2009-03-13,11.810000
2009-03-16,12.130000
2009-03-17,12.320000
2009-03-18,12.720000
2009-03-19,12.905000
2009-03-20,12.675000
2009-03-23,13.165000
2009-03-24,12.880000
2009-03-25,12.875000
2009-03-26,13.030000
2009-03-27,12.900000
2009-03-30,12.645000
2009-03-31,12.775000
2009-04-01,12.825000
2009-04-02,12.990000
2009-04-03,13.075000
2009-04-06,12.965000
2009-04-07,12.905000
2009-04-08,13.030000
2009-04-09,13.035000
2009-04-13,12.865000
2009-04-14,12.700000
2009-04-15,12.820000
2009-04-16,12.910000
2009-04-17,12.890000
2009-04-20,12.745000
2009-04-21,12.790000
2009-04-22,12.655000
2009-04-23,12.700000
2009-04-24,12.680000
2009-04-27,12.770000
2009-04-28,12.820000
2009-04-29,12.915000
2009-04-30,12.925000
2009-05-01,13.265000
2009-05-04,13.465000
2009-05-05,13.440000
2009-05-06,13.360000
2009-05-07,13.430000
2009-05-08,13.625000
2009-05-11,13.565000
2009-05-12,13.660000
2009-05-13,13.295000
2009-05-14,13.285000
2009-05-15,12.970000
2009-05-18,12.970000
2009-05-19,13.205000
2009-05-20,12.965000
2009-05-21,12.810000
2009-05-22,12.915000
2009-05-26,13.290000
2009-05-27,13.020000
2009-05-28,13.290000
2009-05-29,13.385000
2009-06-01,13.815000
2009-06-02,13.650000
2009-06-03,13.420000
2009-06-04,13.545000
2009-06-05,13.560000
2009-06-08,13.475000
2009-06-09,13.440000
2009-06-10,13.650000
2009-06-11,13.915000
2009-06-12,14.090000
2009-06-15,13.805000
2009-06-16,13.710000
2009-06-17,13.750000
2009-06-18,14.060000
2009-06-19,13.735000
2009-06-22,13.695000
2009-06-23,13.575000
2009-06-24,13.690000
2009-06-25,13.920000
2009-06-26,13.870000
2009-06-29,14.050000
2009-06-30,13.945000
2009-07-01,14.125000
2009-07-02,13.720000
2009-07-06,13.800000
2009-07-07,13.525000
2009-07-08,13.465000
2009-07-09,13.470000
2009-07-10,13.455000
2009-07-13,13.690000
2009-07-14,13.795000
2009-07-15,14.070000
2009-07-16,14.075000
2009-07-17,14.010000
2009-07-20,14.115000
2009-07-21,14.255000
2009-07-22,14.180000
2009-07-23,14.550000
2009-07-24,14.780000
2009-07-27,14.745000
2009-07-28,14.505000
2009-07-29,14.435000
2009-07-30,14.655000
2009-07-31,14.470000
2009-08-03,14.615000
2009-08-04,14.400000
2009-08-05,14.300000
2009-08-06,14.325000
2009-08-07,14.460000
2009-08-10,14.490000
2009-08-11,14.500000
2009-08-12,14.570000
2009-08-13,14.520000
2009-08-14,14.520000
2009-08-17,14.320000
2009-08-18,14.350000
2009-08-19,14.455000
2009-08-20,14.575000
2009-08-21,14.860000
2009-08-24,14.885000
2009-08-25,14.790000
2009-08-26,14.775000
2009-08-27,14.775000
2009-08-28,14.740000
2009-08-31,14.615000
2009-09-01,14.500000
2009-09-02,14.400000
2009-09-03,14.390000
2009-09-04,14.460000
2009-09-08,14.495000
2009-09-09,14.475000
2009-09-10,14.475000
2009-09-11,14.470000
2009-09-14,14.680000
2009-09-15,14.790000
2009-09-16,15.025000
2009-09-17,14.925000
2009-09-18,14.840000
2009-09-21,14.770000
2009-09-22,14.730000
2009-09-23,14.680000
2009-09-24,14.640000
2009-09-25,14.600000
2009-09-28,14.725000
2009-09-29,14.755000
2009-09-30,14.665000
2009-10-01,14.415000
2009-10-02,14.260000
2009-10-05,14.415000
2009-10-06,14.525000
2009-10-07,14.535000
2009-10-08,14.535000
2009-10-09,14.625000
2009-10-12,14.775000
2009-10-13,14.670000
2009-10-14,14.680000
2009-10-15,14.795000
2009-10-16,14.845000
2009-10-19,15.055000
2009-10-20,14.905000
2009-10-21,14.925000
2009-10-22,14.960000
2009-10-23,14.715000
2009-10-26,14.520000
2009-10-27,14.485000
2009-10-28,14.340000
2009-10-29,14.465000
2009-10-30,14.195000
2009-11-02,14.170000
2009-11-03,14.140000
2009-11-04,14.235000
2009-11-05,14.475000
2009-11-06,14.460000
2009-11-09,14.720000
2009-11-10,14.790000
2009-11-11,14.755000
2009-11-12,14.550000
2009-11-13,14.680000
2009-11-16,14.885000
2009-11-17,14.805000
2009-11-18,14.740000
2009-11-19,14.560000
2009-11-20,14.625000
2009-11-23,14.810000
2009-11-24,14.840000
2009-11-25,15.010000
2009-11-27,14.755000
2009-11-30,14.880000
2009-12-01,15.160000
2009-12-02,15.365000
2009-12-03,15.415000
2009-12-04,15.320000
2009-12-07,15.455000
2009-12-08,15.390000
2009-12-09,15.445000
2009-12-10,15.640000
2009-12-11,15.910000
2009-12-14,15.985000
2009-12-15,15.885000
2009-12-16,15.815000
2009-12-17,15.725000
2009-12-18,15.675000
2009-12-21,15.720000
2009-12-22,15.590000
2009-12-23,15.625000
2009-12-24,15.740000
2009-12-28,15.750000
2009-12-29,15.740000
2009-12-30,15.735000
2009-12-31,15.510000
2010-01-04,15.540000
2010-01-05,15.355000
2010-01-06,15.445000
2010-01-07,15.375000
2010-01-08,15.360000
2010-01-11,15.520000
2010-01-12,15.455000
2010-01-13,15.625000
2010-01-14,15.555000
2010-01-15,15.455000
2010-01-19,15.635000
2010-01-20,15.470000
2010-01-21,15.245000
2010-01-22,14.910000
2010-01-25,15.010000
2010-01-26,15.070000
2010-01-27,14.970000
2010-01-28,14.855000
2010-01-29,14.765000
2010-02-01,14.860000
2010-02-02,14.980000
2010-02-03,14.875000
2010-02-04,14.485000
2010-02-05,14.460000
2010-02-08,14.295000
2010-02-09,14.440000
2010-02-10,14.375000
2010-02-11,14.460000
2010-02-12,14.405000
2010-02-16,14.655000
2010-02-17,14.595000
2010-02-18,14.675000
2010-02-19,14.880000
2010-02-22,14.800000
2010-02-23,14.700000
2010-02-24,14.715000
2010-02-25,14.685000
2010-02-26,14.570000
2010-03-01,14.780000
2010-03-02,14.825000
2010-03-03,14.800000
2010-03-04,14.830000
2010-03-05,14.980000
2010-03-08,14.980000
2010-03-09,14.960000
2010-03-10,14.965000
2010-03-11,15.015000
2010-03-12,14.920000
2010-03-15,14.975000
2010-03-16,15.150000
2010-03-17,15.200000
2010-03-18,15.130000
2010-03-19,14.980000
2010-03-22,14.880000
2010-03-23,14.940000
2010-03-24,14.785000
2010-03-25,14.690000
2010-03-26,14.725000
2010-03-29,14.905000
2010-03-30,14.865000
2010-03-31,14.830000
2010-04-01,15.035000
2010-04-05,15.125000
2010-04-06,15.250000
2010-04-07,15.100000
2010-04-08,15.010000
2010-04-09,15.120000
2010-04-12,15.160000
2010-04-13,15.080000
2010-04-14,15.095000
2010-04-15,15.090000
2010-04-16,14.915000
2010-04-19,14.930000
2010-04-20,15.120000
2010-04-21,15.135000
2010-04-22,15.185000
2010-04-23,15.305000
2010-04-26,15.250000
2010-04-27,14.990000
2010-04-28,15.145000
2010-04-29,15.160000
2010-04-30,15.220000
2010-05-03,15.415000
2010-05-04,15.150000
2010-05-05,15.045000
2010-05-06,14.630000
2010-05-07,14.550000
2010-05-10,15.000000
2010-05-11,15.030000
2010-05-12,15.155000
2010-05-13,15.090000
2010-05-14,14.965000
2010-05-17,14.980000
2010-05-18,14.835000
2010-05-19,14.685000
2010-05-20,14.245000
2010-05-21,14.310000
2010-05-24,14.175000
2010-05-25,14.100000
2010-05-26,14.095000
2010-05-27,14.365000
2010-05-28,14.380000
2010-06-01,14.045000
2010-06-02,14.340000
2010-06-03,14.490000
2010-06-04,14.060000
2010-06-07,14.145000
2010-06-08,14.330000
2010-06-09,14.250000
2010-06-10,14.600000
2010-06-11,14.610000
2010-06-14,14.695000
2010-06-15,14.980000
2010-06-16,15.075000
2010-06-17,15.185000
2010-06-18,15.040000
2010-06-21,14.935000
2010-06-22,14.565000
2010-06-23,14.435000
2010-06-24,14.355000
2010-06-25,14.420000
2010-06-28,14.515000
2010-06-29,14.220000
2010-06-30,14.130000
2010-07-01,14.065000
2010-07-02,14.080000
2010-07-06,14.245000
2010-07-07,14.685000
2010-07-08,14.800000
2010-07-09,14.900000
2010-07-12,14.950000
2010-07-13,15.000000
2010-07-14,15.005000
2010-07-15,15.105000
2010-07-16,14.845000
2010-07-19,15.075000
2010-07-20,15.210000
2010-07-21,14.975000
2010-07-22,15.215000
2010-07-23,15.240000
2010-07-26,15.350000
2010-07-27,15.575000
2010-07-28,15.500000
2010-07-29,15.260000
2010-07-30,15.185000
2010-08-02,15.500000
2010-08-03,15.425000
2010-08-04,15.490000
2010-08-05,15.465000
2010-08-06,15.495000
2010-08-09,15.550000
2010-08-10,15.640000
2010-08-11,15.325000
2010-08-12,15.295000
2010-08-13,15.350000
2010-08-16,15.350000
2010-08-17,15.500000
2010-08-18,15.415000
2010-08-19,15.195000
2010-08-20,15.235000
2010-08-23,15.335000
2010-08-24,15.360000
2010-08-25,15.350000
2010-08-26,15.280000
2010-08-27,15.570000
2010-08-30,15.335000
2010-08-31,15.405000
2010-09-01,15.740000
2010-09-02,15.740000
2010-09-03,15.810000
2010-09-07,15.730000
2010-09-08,15.655000
2010-09-09,15.810000
2010-09-10,15.720000
2010-09-13,15.775000
2010-09-14,15.755000
2010-09-15,15.665000
2010-09-16,15.610000
2010-09-17,15.425000
2010-09-20,15.630000
2010-09-21,15.550000
2010-09-22,15.660000
2010-09-23,15.480000
2010-09-24,15.730000
2010-09-27,15.760000
2010-09-28,15.770000
2010-09-29,15.740000
2010-09-30,15.690000
2010-10-01,15.775000
2010-10-04,15.745000
2010-10-05,15.920000
2010-10-06,15.845000
2010-10-07,15.875000
2010-10-08,15.925000
2010-10-11,15.930000
2010-10-12,15.865000
2010-10-13,15.925000
2010-10-14,15.900000
2010-10-15,15.950000
2010-10-18,15.950000
2010-10-19,15.980000
2010-10-20,16.110001
2010-10-21,16.040001
2010-10-22,15.935000
2010-10-25,15.900000
2010-10-26,15.860000
2010-10-27,15.795000
2010-10-28,15.835000
2010-10-29,15.860000
2010-11-01,15.705000
2010-11-02,15.890000
2010-11-03,15.860000
2010-11-04,16.030001
2010-11-05,16.025000
2010-11-08,15.935000
2010-11-09,15.880000
2010-11-10,15.810000
2010-11-11,15.800000
2010-11-12,15.670000
2010-11-15,15.725000
2010-11-16,15.540000
2010-11-17,15.535000
2010-11-18,15.625000
2010-11-19,15.565000
2010-11-22,15.610000
2010-11-23,15.440000
2010-11-24,15.535000
2010-11-26,15.430000
2010-11-29,15.400000
2010-11-30,15.380000
2010-12-01,15.560000
2010-12-02,15.605000
2010-12-03,15.640000
2010-12-06,15.595000
2010-12-07,15.490000
2010-12-08,15.435000
2010-12-09,15.500000
2010-12-10,15.560000
2010-12-13,15.635000
2010-12-14,15.675000
2010-12-15,15.540000
2010-12-16,15.680000
2010-12-17,15.575000
2010-12-20,15.595000
2010-12-21,15.600000
2010-12-22,15.670000
2010-12-23,15.680000
2010-12-27,15.690000
2010-12-28,15.745000
2010-12-29,15.690000
2010-12-30,15.665000
2010-12-31,15.670000
2011-01-03,15.745000
2011-01-04,15.820000
2011-01-05,15.720000
2011-01-06,15.735000
2011-01-07,15.790000
2011-01-10,15.705000
2011-01-11,15.730000
2011-01-12,15.810000
2011-01-13,15.795000
2011-01-14,15.870000
2011-01-18,15.910000
2011-01-19,15.870000
2011-01-20,15.990000
2011-01-21,15.975000
2011-01-24,16.065001
2011-01-25,16.040001
2011-01-26,15.980000
2011-01-27,16.040001
2011-01-28,15.825000
2011-01-31,15.860000
2011-02-01,16.020000
2011-02-02,15.935000
2011-02-03,16.000000
2011-02-04,15.900000
2011-02-07,16.004999
2011-02-08,16.000000
2011-02-09,16.000000
2011-02-10,16.030001
2011-02-11,16.000000
2011-02-14,15.885000
2011-02-15,15.935000
2011-02-16,15.900000
2011-02-17,15.930000
2011-02-18,15.955000
2011-02-22,15.885000
2011-02-23,15.850000
2011-02-24,15.790000
2011-02-25,15.880000
2011-02-28,16.055000
2011-03-01,15.895000
2011-03-02,15.920000
2011-03-03,16.100000
2011-03-04,16.004999
2011-03-07,16.065001
2011-03-08,16.245001
2011-03-09,16.410000
2011-03-10,16.225000
2011-03-11,16.260000
2011-03-14,16.045000
2011-03-15,15.740000
2011-03-16,15.495000
2011-03-17,15.515000
2011-03-18,15.440000
2011-03-21,15.620000
2011-03-22,15.645000
2011-03-23,15.635000
2011-03-24,15.700000
2011-03-25,15.695000
2011-03-28,15.640000
2011-03-29,15.795000
2011-03-30,15.975000
2011-03-31,15.935000
2011-04-01,16.059999
2011-04-04,16.049999
2011-04-05,15.985000
2011-04-06,16.100000
2011-04-07,16.035000
2011-04-08,15.990000
2011-04-11,15.780000
2011-04-12,15.740000
2011-04-13,15.780000
2011-04-14,15.875000
2011-04-15,16.049999
2011-04-18,15.910000
2011-04-19,15.915000
2011-04-20,16.120001
2011-04-21,16.120001
2011-04-25,16.139999
2011-04-26,16.270000
2011-04-27,16.400000
2011-04-28,16.545000
2011-04-29,16.580000
2011-05-02,16.584999
2011-05-03,16.690001
2011-05-04,16.670000
2011-05-05,16.549999
2011-05-06,16.645000
2011-05-09,16.680000
2011-05-10,16.920000
2011-05-11,16.865000
2011-05-12,17.035000
2011-05-13,16.955000
2011-05-16,16.975000
2011-05-17,17.100000
2011-05-18,17.045000
2011-05-19,17.084999
2011-05-20,17.065001
2011-05-23,16.865000
2011-05-24,16.850000
2011-05-25,16.815001
2011-05-26,16.809999
2011-05-27,16.809999
2011-05-31,16.934999
2011-06-01,16.760000
2011-06-02,16.709999
2011-06-03,16.594999
2011-06-06,16.520000
2011-06-07,16.540001
2011-06-08,16.580000
2011-06-09,16.594999
2011-06-10,16.485001
2011-06-13,16.559999
2011-06-14,16.625000
2011-06-15,16.420000
2011-06-16,16.549999
2011-06-17,16.495001
2011-06-20,16.590000
2011-06-21,16.600000
2011-06-22,16.490000
2011-06-23,16.350000
2011-06-24,16.400000
2011-06-27,16.520000
2011-06-28,16.594999
2011-06-29,16.705000
2011-06-30,16.740000
2011-07-01,16.940001
2011-07-05,16.840000
2011-07-06,16.875000
2011-07-07,16.945000
2011-07-08,16.879999
2011-07-11,16.700001
2011-07-12,16.775000
2011-07-13,16.730000
2011-07-14,16.655001
2011-07-15,16.680000
2011-07-18,16.520000
2011-07-19,16.665001
2011-07-20,16.764999
2011-07-21,17.014999
2011-07-22,16.910000
2011-07-25,16.969999
2011-07-26,16.910000
2011-07-27,16.860001
2011-07-28,16.754999
2011-07-29,16.584999
2011-08-01,16.635000
2011-08-02,16.350000
2011-08-03,16.350000
2011-08-04,15.815000
2011-08-05,15.945000
2011-08-08,15.100000
2011-08-09,15.595000
2011-08-10,15.300000
2011-08-11,15.945000
2011-08-12,15.850000
2011-08-15,16.389999
2011-08-16,16.370001
2011-08-17,16.490000
2011-08-18,16.295000
2011-08-19,16.195000
2011-08-22,16.155001
2011-08-23,16.445000
2011-08-24,16.799999
2011-08-25,16.525000
2011-08-26,16.500000
2011-08-29,16.825001
2011-08-30,16.834999
2011-08-31,16.945000
2011-09-01,16.834999
2011-09-02,16.645000
2011-09-06,16.565001
2011-09-07,16.750000
2011-09-08,16.740000
2011-09-09,16.400000
2011-09-12,16.535000
2011-09-13,16.645000
2011-09-14,16.760000
2011-09-15,16.969999
2011-09-16,16.990000
2011-09-19,16.895000
2011-09-20,17.139999
2011-09-21,16.825001
2011-09-22,16.540001
2011-09-23,16.705000
2011-09-26,16.840000
2011-09-27,16.900000
2011-09-28,16.730000
2011-09-29,17.000000
2011-09-30,16.809999
2011-10-03,16.410000
2011-10-04,16.330000
2011-10-05,16.340000
2011-10-06,16.629999
2011-10-07,16.700001
2011-10-10,17.025000
2011-10-11,16.870001
2011-10-12,16.830000
2011-10-13,16.830000
2011-10-14,16.990000
2011-10-17,16.920000
2011-10-18,17.040001
2011-10-19,17.055000
2011-10-20,17.150000
2011-10-21,17.440001
2011-10-24,17.365000
2011-10-25,17.170000
2011-10-26,17.240000
2011-10-27,17.650000
2011-10-28,17.504999
2011-10-31,17.424999
2011-11-01,17.059999
2011-11-02,17.360001
2011-11-03,17.570000
2011-11-04,17.490000
2011-11-07,17.584999
2011-11-08,17.700001
2011-11-09,17.315001
2011-11-10,17.430000
2011-11-11,17.680000
2011-11-14,17.469999
2011-11-15,17.500000
2011-11-16,17.290001
2011-11-17,17.200001
2011-11-18,17.320000
2011-11-21,17.105000
2011-11-22,16.895000
2011-11-23,16.629999
2011-11-25,16.715000
2011-11-28,16.924999
2011-11-29,17.110001
2011-11-30,17.605000
2011-12-01,17.555000
2011-12-02,17.375000
2011-12-05,17.510000
2011-12-06,17.559999
2011-12-07,17.535000
2011-12-08,17.280001
2011-12-09,17.500000
2011-12-12,17.350000
2011-12-13,17.415001
2011-12-14,17.305000
2011-12-15,17.514999
2011-12-16,17.270000
2011-12-19,17.139999
2011-12-20,17.504999
2011-12-21,17.764999
2011-12-22,17.785000
2011-12-23,17.900000
2011-12-27,18.045000
2011-12-28,17.980000
2011-12-29,18.120001
2011-12-30,17.990000
2012-01-03,17.670000
2012-01-04,17.570000
2012-01-05,17.605000
2012-01-06,17.510000
2012-01-09,17.535000
2012-01-10,17.559999
2012-01-11,17.480000
2012-01-12,17.455000
2012-01-13,17.445000
2012-01-17,17.430000
2012-01-18,17.424999
2012-01-19,17.280001
2012-01-20,17.305000
2012-01-23,17.375000
2012-01-24,17.235001
2012-01-25,17.520000
2012-01-26,17.580000
2012-01-27,17.365000
2012-01-30,17.254999
2012-01-31,17.340000
2012-02-01,17.400000
2012-02-02,17.370001
2012-02-03,17.415001
2012-02-06,17.340000
2012-02-07,17.465000
2012-02-08,17.485001
2012-02-09,17.434999
2012-02-10,17.400000
2012-02-13,17.379999
2012-02-14,17.385000
2012-02-15,17.350000
2012-02-16,17.535000
2012-02-17,17.525000
2012-02-21,17.459999
2012-02-22,17.480000
2012-02-23,17.465000
2012-02-24,17.540001
2012-02-27,17.535000
2012-02-28,17.450001
2012-02-29,17.445000
2012-03-01,17.490000
2012-03-02,17.480000
2012-03-05,17.520000
2012-03-06,17.450001
2012-03-07,17.459999
2012-03-08,17.514999
2012-03-09,17.584999
2012-03-12,17.785000
2012-03-13,17.844999
2012-03-14,17.580000
2012-03-15,17.565001
2012-03-16,17.389999
2012-03-19,17.270000
2012-03-20,17.290001
2012-03-21,17.254999
2012-03-22,17.295000
2012-03-23,17.299999
2012-03-26,17.420000
2012-03-27,17.504999
2012-03-28,17.360001
2012-03-29,17.430000
2012-03-30,17.520000
2012-04-02,17.610001
2012-04-03,17.600000
2012-04-04,17.575001
2012-04-05,17.445000
2012-04-09,17.355000
2012-04-10,17.129999
2012-04-11,17.170000
2012-04-12,17.225000
2012-04-13,17.165001
2012-04-16,17.325001
2012-04-17,17.415001
2012-04-18,17.385000
2012-04-19,17.340000
2012-04-20,17.510000
2012-04-23,17.434999
2012-04-24,17.555000
2012-04-25,17.645000
2012-04-26,17.745001
2012-04-27,17.805000
2012-04-30,17.830000
2012-05-01,17.920000
2012-05-02,17.815001
2012-05-03,17.760000
2012-05-04,17.785000
2012-05-07,17.750000
2012-05-08,17.780001
2012-05-09,17.790001
2012-05-10,17.955000
2012-05-11,17.965000
2012-05-14,17.945000
2012-05-15,17.820000
2012-05-16,17.844999
2012-05-17,17.745001
2012-05-18,17.709999
2012-05-21,17.730000
2012-05-22,17.855000
2012-05-23,17.760000
2012-05-24,17.830000
2012-05-25,17.889999
2012-05-29,17.945000
2012-05-30,17.834999
2012-05-31,17.930000
2012-06-01,17.855000
2012-06-04,17.915001
2012-06-05,17.980000
2012-06-06,18.230000
2012-06-07,18.370001
2012-06-08,18.410000
2012-06-11,18.395000
2012-06-12,18.415001
2012-06-13,18.420000
2012-06-14,18.545000
2012-06-15,18.465000
2012-06-18,18.535000
2012-06-19,18.495001
2012-06-20,18.315001
2012-06-21,18.125000
2012-06-22,18.129999
2012-06-25,18.094999
2012-06-26,18.120001
2012-06-27,18.325001
2012-06-28,18.389999
2012-06-29,18.495001
2012-07-02,18.610001
2012-07-03,18.565001
2012-07-05,18.455000
2012-07-06,18.415001
2012-07-09,18.355000
2012-07-10,18.385000
2012-07-11,18.480000
2012-07-12,18.504999
2012-07-13,18.670000
2012-07-16,18.660000
2012-07-17,18.700001
2012-07-18,18.760000
2012-07-19,18.795000
2012-07-20,18.834999
2012-07-23,18.709999
2012-07-24,18.545000
2012-07-25,18.535000
2012-07-26,18.825001
2012-07-27,19.045000
2012-07-30,19.115000
2012-07-31,18.959999
2012-08-01,18.815001
2012-08-02,18.709999
2012-08-03,18.930000
2012-08-06,18.885000
2012-08-07,18.690001
2012-08-08,18.715000
2012-08-09,18.715000
2012-08-10,18.770000
2012-08-13,18.750000
2012-08-14,18.730000
2012-08-15,18.639999
2012-08-16,18.594999
2012-08-17,18.545000
2012-08-20,18.580000
2012-08-21,18.445000
2012-08-22,18.415001
2012-08-23,18.225000
2012-08-24,18.309999
2012-08-27,18.350000
2012-08-28,18.315001
2012-08-29,18.285000
2012-08-30,18.195000
2012-08-31,18.174999
2012-09-04,18.245001
2012-09-05,18.165001
2012-09-06,18.370001
2012-09-07,18.309999
2012-09-10,18.290001
2012-09-11,18.245001
2012-09-12,18.139999
2012-09-13,18.395000
2012-09-14,18.270000
2012-09-17,18.155001
2012-09-18,18.100000
2012-09-19,18.120001
2012-09-20,18.195000
2012-09-21,18.014999
2012-09-24,18.184999
2012-09-25,18.145000
2012-09-26,18.184999
2012-09-27,18.110001
2012-09-28,18.195000
2012-10-01,18.110001
2012-10-02,18.205000
2012-10-03,18.295000
2012-10-04,18.400000
2012-10-05,18.370001
2012-10-08,18.400000
2012-10-09,18.365000
2012-10-10,18.334999
2012-10-11,18.355000
2012-10-12,18.250000
2012-10-15,18.325001
2012-10-16,18.395000
2012-10-17,18.620001
2012-10-18,18.705000
2012-10-19,18.555000
2012-10-22,18.504999
2012-10-23,18.334999
2012-10-24,18.200001
2012-10-25,18.290001
2012-10-26,18.290001
2012-10-31,18.450001
2012-11-01,18.254999
2012-11-02,18.129999
2012-11-05,17.834999
2012-11-06,17.844999
2012-11-07,17.469999
2012-11-08,17.440001
2012-11-09,17.334999
2012-11-12,17.190001
2012-11-13,17.254999
2012-11-14,17.135000
2012-11-15,17.035000
2012-11-16,17.180000
2012-11-19,17.195000
2012-11-20,17.165001
2012-11-21,17.090000
2012-11-23,17.045000
2012-11-26,17.260000
2012-11-27,17.305000
2012-11-28,17.375000
2012-11-29,17.475000
2012-11-30,17.660000
2012-12-03,17.549999
2012-12-04,17.459999
2012-12-05,17.725000
2012-12-06,17.715000
2012-12-07,17.730000
2012-12-10,17.735001
2012-12-11,17.775000
2012-12-12,17.745001
2012-12-13,17.674999
2012-12-14,17.605000
2012-12-17,17.875000
2012-12-18,18.000000
2012-12-19,17.865000
2012-12-20,17.920000
2012-12-21,17.655001
2012-12-24,17.580000
2012-12-26,17.430000
2012-12-27,17.400000
2012-12-28,17.225000
2012-12-31,17.459999
2013-01-02,17.780001
2013-01-03,17.780001
2013-01-04,17.870001
2013-01-07,17.695000
2013-01-08,17.639999
2013-01-09,17.605000
2013-01-10,17.680000
2013-01-11,17.700001
2013-01-14,17.665001
2013-01-15,17.715000
2013-01-16,17.629999
2013-01-17,17.700001
2013-01-18,17.840000
2013-01-22,17.990000
2013-01-23,17.945000
2013-01-24,18.025000
2013-01-25,18.115000
2013-01-28,18.105000
2013-01-29,18.230000
2013-01-30,18.245001
2013-01-31,18.290001
2013-02-01,18.340000
2013-02-04,18.215000
2013-02-05,18.264999
2013-02-06,18.320000
2013-02-07,18.344999
2013-02-08,18.344999
2013-02-11,18.389999
2013-02-12,18.469999
2013-02-13,18.469999
2013-02-14,18.320000
2013-02-15,18.360001
2013-02-19,18.520000
2013-02-20,18.485001
2013-02-21,18.405001
2013-02-22,18.590000
2013-02-25,18.424999
2013-02-26,18.480000
2013-02-27,18.650000
2013-02-28,18.715000
2013-03-01,18.750000
2013-03-04,18.940001
2013-03-05,19.040001
2013-03-06,19.030001
2013-03-07,18.945000
2013-03-08,18.985001
2013-03-11,19.030001
2013-03-12,18.980000
2013-03-13,19.065001
2013-03-14,19.105000
2013-03-15,19.065001
2013-03-18,18.959999
2013-03-19,19.010000
2013-03-20,19.150000
2013-03-21,19.055000
2013-03-22,19.084999
2013-03-25,19.045000
2013-03-26,19.225000
2013-03-27,19.315001
2013-03-28,19.549999
2013-04-01,19.504999
2013-04-02,19.570000
2013-04-03,19.514999
2013-04-04,19.700001
2013-04-05,19.785000
2013-04-08,19.934999
2013-04-09,19.875000
2013-04-10,20.035000
2013-04-11,20.080000
2013-04-12,20.165001
2013-04-15,19.875000
2013-04-16,20.115000
2013-04-17,20.000000
2013-04-18,20.065001
2013-04-19,20.365000
2013-04-22,20.340000
2013-04-23,20.389999
2013-04-24,20.455000
2013-04-25,20.459999
2013-04-26,20.490000
2013-04-29,20.660000
2013-04-30,20.715000
2013-05-01,20.510000
2013-05-02,20.485001
2013-05-03,20.445000
2013-05-06,20.160000
2013-05-07,20.355000
2013-05-08,20.174999
2013-05-09,19.870001
2013-05-10,19.915001
2013-05-13,19.809999
2013-05-14,19.945000
2013-05-15,20.135000
2013-05-16,19.969999
2013-05-17,20.160000
2013-05-20,20.059999
2013-05-21,20.100000
2013-05-22,19.760000
2013-05-23,19.625000
2013-05-24,19.415001
2013-05-28,19.190001
2013-05-29,18.905001
2013-05-30,18.955000
2013-05-31,18.840000
2013-06-03,18.879999
2013-06-04,18.815001
2013-06-05,18.650000
2013-06-06,18.870001
2013-06-07,18.985001
2013-06-10,18.980000
2013-06-11,18.855000
2013-06-12,18.670000
2013-06-13,18.975000
2013-06-14,19.000000
2013-06-17,19.059999
2013-06-18,19.190001
2013-06-19,18.750000
2013-06-20,18.219999
2013-06-21,18.270000
2013-06-24,18.254999
2013-06-25,18.495001
2013-06-26,18.730000
2013-06-27,18.770000
2013-06-28,18.815001
2013-07-01,18.580000
2013-07-02,18.575001
2013-07-03,18.504999
2013-07-05,18.450001
2013-07-08,18.715000
2013-07-09,18.850000
2013-07-10,18.955000
2013-07-11,19.260000
2013-07-12,19.320000
2013-07-15,19.635000
2013-07-16,19.530001
2013-07-17,19.520000
2013-07-18,19.690001
2013-07-19,19.695000
2013-07-22,19.674999
2013-07-23,19.725000
2013-07-24,19.424999
2013-07-25,19.605000
2013-07-26,19.674999
2013-07-29,19.709999
2013-07-30,19.775000
2013-07-31,19.629999
2013-08-01,19.795000
2013-08-02,19.770000
2013-08-05,19.639999
2013-08-06,19.540001
2013-08-07,19.629999
2013-08-08,19.705000
2013-08-09,19.570000
2013-08-12,19.465000
2013-08-13,19.360001
2013-08-14,19.235001
2013-08-15,18.990000
2013-08-16,18.770000
2013-08-19,18.610001
2013-08-20,18.785000
2013-08-21,18.570000
2013-08-22,18.674999
2013-08-23,18.830000
2013-08-26,18.690001
2013-08-27,18.680000
2013-08-28,18.745001
2013-08-29,18.635000
2013-08-30,18.650000
2013-09-03,18.434999
2013-09-04,18.434999
2013-09-05,18.360001
2013-09-06,18.490000
2013-09-09,18.555000
2013-09-10,18.700001
2013-09-11,18.514999
2013-09-12,18.465000
2013-09-13,18.605000
2013-09-16,18.655001
2013-09-17,18.764999
2013-09-18,19.325001
2013-09-19,19.235001
2013-09-20,18.764999
2013-09-23,18.990000
2013-09-24,18.980000
2013-09-25,18.850000
2013-09-26,18.825001
2013-09-27,18.705000
2013-09-30,18.684999
2013-10-01,18.740000
2013-10-02,18.760000
2013-10-03,18.540001
2013-10-04,18.575001
2013-10-07,18.485001
2013-10-08,18.615000
2013-10-09,18.690001
2013-10-10,18.969999
2013-10-11,19.059999
2013-10-14,18.955000
2013-10-15,18.690001
2013-10-16,18.860001
2013-10-17,19.165001
2013-10-18,19.215000
2013-10-21,19.174999
2013-10-22,19.420000
2013-10-23,19.434999
2013-10-24,19.395000
2013-10-25,19.600000
2013-10-28,19.559999
2013-10-29,19.584999
2013-10-30,19.459999
2013-10-31,19.389999
2013-11-01,19.530001
2013-11-04,19.570000
2013-11-05,19.430000
2013-11-06,19.695000
2013-11-07,19.510000
2013-11-08,19.475000
2013-11-11,19.469999
2013-11-12,19.305000
2013-11-13,19.400000
2013-11-14,19.570000
2013-11-15,19.684999
2013-11-18,19.660000
2013-11-19,19.514999
2013-11-20,19.299999
2013-11-21,19.344999
2013-11-22,19.330000
2013-11-25,19.254999
2013-11-26,19.065001
2013-11-27,19.025000
2013-11-29,19.014999
2013-12-02,18.934999
2013-12-03,19.030001
2013-12-04,19.115000
2013-12-05,18.959999
2013-12-06,19.219999
2013-12-09,19.105000
2013-12-10,18.915001
2013-12-11,18.760000
2013-12-12,18.785000
2013-12-13,18.754999
2013-12-16,18.855000
2013-12-17,18.820000
2013-12-18,19.070000
2013-12-19,18.930000
2013-12-20,18.915001
2013-12-23,18.840000
2013-12-24,18.915001
2013-12-26,18.830000
2013-12-27,18.905001
2013-12-30,18.950001
2013-12-31,18.985001
2014-01-02,18.695000
2014-01-03,18.635000
2014-01-06,18.665001
2014-01-07,18.830000
2014-01-08,18.730000
2014-01-09,18.840000
2014-01-10,19.110001
2014-01-13,18.915001
2014-01-14,18.940001
2014-01-15,18.905001
2014-01-16,19.035000
2014-01-17,19.030001
2014-01-21,19.240000
2014-01-22,19.260000
2014-01-23,19.205000
2014-01-24,18.990000
2014-01-27,19.035000
2014-01-28,19.105000
2014-01-29,19.094999
2014-01-30,19.389999
2014-01-31,19.549999
2014-02-03,19.395000
2014-02-04,19.280001
2014-02-05,19.195000
2014-02-06,19.334999
2014-02-07,19.440001
2014-02-10,19.584999
2014-02-11,19.770000
2014-02-12,19.795000
2014-02-13,20.010000
2014-02-14,20.139999
2014-02-18,20.209999
2014-02-19,20.094999
2014-02-20,20.250000
2014-02-21,20.275000
2014-02-24,20.225000
2014-02-25,20.200001
2014-02-26,20.135000
2014-02-27,20.084999
2014-02-28,20.225000
2014-03-03,20.025000
2014-03-04,20.170000
2014-03-05,20.035000
2014-03-06,19.934999
2014-03-07,19.995001
2014-03-10,19.945000
2014-03-11,19.889999
2014-03-12,20.139999
2014-03-13,20.350000
2014-03-14,20.445000
2014-03-17,20.580000
2014-03-18,20.549999
2014-03-19,20.225000
2014-03-20,20.270000
2014-03-21,20.254999
2014-03-24,20.309999
2014-03-25,20.395000
2014-03-26,20.309999
2014-03-27,20.475000
2014-03-28,20.504999
2014-03-31,20.730000
2014-04-01,20.584999
2014-04-02,20.555000
2014-04-03,20.620001
2014-04-04,20.730000
2014-04-07,20.695000
2014-04-08,20.990000
2014-04-09,20.945000
2014-04-10,20.865000
2014-04-11,20.844999
2014-04-14,20.969999
2014-04-15,21.260000
2014-04-16,21.415001
2014-04-17,21.150000
2014-04-21,21.125000
2014-04-22,21.155001
2014-04-23,21.165001
2014-04-24,21.309999
2014-04-25,21.555000
2014-04-28,21.660000
2014-04-29,21.570000
2014-04-30,21.605000
2014-05-01,21.695000
2014-05-02,21.250000
2014-05-05,21.440001
2014-05-06,21.334999
2014-05-07,21.680000
2014-05-08,21.445000
2014-05-09,21.129999
2014-05-12,20.934999
2014-05-13,20.985001
2014-05-14,21.090000
2014-05-15,21.004999
2014-05-16,21.070000
2014-05-19,20.745001
2014-05-20,20.745001
2014-05-21,20.760000
2014-05-22,20.930000
2014-05-23,20.879999
2014-05-27,21.045000
2014-05-28,21.170000
2014-05-29,21.230000
2014-05-30,21.370001
2014-06-02,21.365000
2014-06-03,21.445000
2014-06-04,21.434999
2014-06-05,21.615000
2014-06-06,21.540001
2014-06-09,21.395000
2014-06-10,21.344999
2014-06-11,21.075001
2014-06-12,21.139999
2014-06-13,21.275000
2014-06-16,21.420000
2014-06-17,21.389999
2014-06-18,21.875000
2014-06-19,22.055000
2014-06-20,21.735001
2014-06-23,21.660000
2014-06-24,21.725000
2014-06-25,21.805000
2014-06-26,21.870001
2014-06-27,21.955000
2014-06-30,22.129999
2014-07-01,21.910000
2014-07-02,21.485001
2014-07-03,21.250000
2014-07-07,21.350000
2014-07-08,21.495001
2014-07-09,21.434999
2014-07-10,21.580000
2014-07-11,21.415001
2014-07-14,21.170000
2014-07-15,21.280001
2014-07-16,21.350000
2014-07-17,21.155001
2014-07-18,21.370001
2014-07-21,21.350000
2014-07-22,21.305000
2014-07-23,21.325001
2014-07-24,21.389999
2014-07-25,21.219999
2014-07-28,21.514999
2014-07-29,21.315001
2014-07-30,20.955000
2014-07-31,20.625000
2014-08-01,20.705000
2014-08-04,20.594999
2014-08-05,20.344999
2014-08-06,20.084999
2014-08-07,20.315001
2014-08-08,20.719999
2014-08-11,20.645000
2014-08-12,20.629999
2014-08-13,20.725000
2014-08-14,20.905001
2014-08-15,20.985001
2014-08-18,20.930000
2014-08-19,21.195000
2014-08-20,21.240000
2014-08-21,21.290001
2014-08-22,21.225000
2014-08-25,21.370001
2014-08-26,21.115000
2014-08-27,21.344999
2014-08-28,21.500000
2014-08-29,21.639999
2014-09-02,21.445000
2014-09-03,21.549999
2014-09-04,21.540001
2014-09-05,21.809999
2014-09-08,21.680000
2014-09-09,21.430000
2014-09-10,21.334999
2014-09-11,21.514999
2014-09-12,21.129999
2014-09-15,21.195000
2014-09-16,21.465000
2014-09-17,21.424999
2014-09-18,21.270000
2014-09-19,21.270000
2014-09-22,21.110001
2014-09-23,21.049999
2014-09-24,20.975000
2014-09-25,20.850000
2014-09-26,20.879999
2014-09-29,21.014999
2014-09-30,21.045000
2014-10-01,21.165001
2014-10-02,21.135000
2014-10-03,21.270000
2014-10-06,21.270000
2014-10-07,21.240000
2014-10-08,21.719999
2014-10-09,21.365000
2014-10-10,21.465000
2014-10-13,21.445000
2014-10-14,21.639999
2014-10-15,21.355000
2014-10-16,21.375000
2014-10-17,21.500000
2014-10-20,21.799999
2014-10-21,21.875000
2014-10-22,22.010000
2014-10-23,22.049999
2014-10-24,22.264999
2014-10-27,22.215000
2014-10-28,22.370001
2014-10-29,22.240000
2014-10-30,22.730000
2014-10-31,22.735001
2014-11-03,22.885000
2014-11-04,22.764999
2014-11-05,23.280001
2014-11-06,22.885000
2014-11-07,23.125000
2014-11-10,23.240000
2014-11-11,23.155001
2014-11-12,22.750000
2014-11-13,22.565001
2014-11-14,22.469999
2014-11-17,22.764999
2014-11-18,22.830000
2014-11-19,22.809999
2014-11-20,22.760000
2014-11-21,22.850000
2014-11-24,22.660000
2014-11-25,22.660000
2014-11-26,22.760000
2014-11-28,23.000000
2014-12-01,23.045000
2014-12-02,23.200001
2014-12-03,23.135000
2014-12-04,23.115000
2014-12-05,22.934999
2014-12-08,23.120001
2014-12-09,23.235001
2014-12-10,22.945000
2014-12-11,23.174999
2014-12-12,22.955000
2014-12-15,22.760000
2014-12-16,22.740000
2014-12-17,23.145000
2014-12-18,23.600000
2014-12-19,23.430000
2014-12-22,23.490000
2014-12-23,23.549999
2014-12-24,23.985001
2014-12-26,24.275000
2014-12-29,24.555000
2014-12-30,24.045000
2014-12-31,23.610001
2015-01-02,23.719999
2015-01-05,23.430000
2015-01-06,23.445000
2015-01-07,23.674999
2015-01-08,23.840000
2015-01-09,23.690001
2015-01-12,23.635000
2015-01-13,23.700001
2015-01-14,23.905001
2015-01-15,24.094999
2015-01-16,24.309999
2015-01-20,24.370001
2015-01-21,24.605000
2015-01-22,24.500000
2015-01-23,24.570000
2015-01-26,24.555000
2015-01-27,24.590000
2015-01-28,24.379999
2015-01-29,24.705000
2015-01-30,24.160000
2015-02-02,24.264999
2015-02-03,24.355000
2015-02-04,24.059999
2015-02-05,24.280001
2015-02-06,23.280001
2015-02-09,23.075001
2015-02-10,23.549999
2015-02-11,23.040001
2015-02-12,22.934999
2015-02-13,22.584999
2015-02-17,22.565001
2015-02-18,23.100000
2015-02-19,22.840000
2015-02-20,22.844999
2015-02-23,23.000000
2015-02-24,23.170000
2015-02-25,22.790001
2015-02-26,22.639999
2015-02-27,22.615000
2015-03-02,22.180000
2015-03-03,22.315001
2015-03-04,22.190001
2015-03-05,22.365000
2015-03-06,21.695000
2015-03-09,21.735001
2015-03-10,21.695000
2015-03-11,21.555000
2015-03-12,21.965000
2015-03-13,21.740000
2015-03-16,22.115000
2015-03-17,22.080000
2015-03-18,22.674999
2015-03-19,22.465000
2015-03-20,22.490000
2015-03-23,22.504999
2015-03-24,22.254999
2015-03-25,21.995001
2015-03-26,21.809999
2015-03-27,21.940001
2015-03-30,22.209999
2015-03-31,22.215000
2015-04-01,22.235001
2015-04-02,22.275000
2015-04-06,22.584999
2015-04-07,22.325001
2015-04-08,22.260000
2015-04-09,22.165001
2015-04-10,22.330000
2015-04-13,22.110001
2015-04-14,22.219999
2015-04-15,22.275000
2015-04-16,22.129999
2015-04-17,22.049999
2015-04-20,22.379999
2015-04-21,22.180000
2015-04-22,22.225000
2015-04-23,22.350000
2015-04-24,22.575001
2015-04-27,22.305000
2015-04-28,22.465000
2015-04-29,22.370001
2015-04-30,22.110001
2015-05-01,22.235001
2015-05-04,22.400000
2015-05-05,21.900000
2015-05-06,21.780001
2015-05-07,21.860001
2015-05-08,22.014999
2015-05-11,21.865000
2015-05-12,21.840000
2015-05-13,21.625000
2015-05-14,21.875000
2015-05-15,22.160000
2015-05-18,22.245001
2015-05-19,22.295000
2015-05-20,22.330000
2015-05-21,22.320000
2015-05-22,22.285000
2015-05-26,22.145000
2015-05-27,22.235001
2015-05-28,22.285000
2015-05-29,22.250000
2015-06-01,22.280001
2015-06-02,21.985001
2015-06-03,21.660000
2015-06-04,21.629999
2015-06-05,21.360001
2015-06-08,21.235001
2015-06-09,21.184999
2015-06-10,21.290001
2015-06-11,21.459999
2015-06-12,21.270000
2015-06-15,21.235001
2015-06-16,21.334999
2015-06-17,21.514999
2015-06-18,21.799999
2015-06-19,21.395000
2015-06-22,21.365000
2015-06-23,21.075001
2015-06-24,20.910000
2015-06-25,20.770000
2015-06-26,20.895000
2015-06-29,20.785000
2015-06-30,20.730000
2015-07-01,20.855000
2015-07-02,21.115000
2015-07-06,21.200001
2015-07-07,21.725000
2015-07-08,21.610001
2015-07-09,21.370001
2015-07-10,21.485001
2015-07-13,21.495001
2015-07-14,21.465000
2015-07-15,21.570000
2015-07-16,21.889999
2015-07-17,21.674999
2015-07-20,21.565001
2015-07-21,21.370001
2015-07-22,21.465000
2015-07-23,21.145000
2015-07-24,21.165001
2015-07-27,21.434999
2015-07-28,21.535000
2015-07-29,21.615000
2015-07-30,21.775000
2015-07-31,21.995001
2015-08-03,22.110001
2015-08-04,21.754999
2015-08-05,21.809999
2015-08-06,21.924999
2015-08-07,22.195000
2015-08-10,22.105000
2015-08-11,22.215000
2015-08-12,22.610001
2015-08-13,22.615000
2015-08-14,22.785000
2015-08-17,22.895000
2015-08-18,22.840000
2015-08-19,22.934999
2015-08-20,22.799999
2015-08-21,22.525000
2015-08-24,21.680000
2015-08-25,21.014999
2015-08-26,21.389999
2015-08-27,21.639999
2015-08-28,21.575001
2015-08-31,21.230000
2015-09-01,20.655001
2015-09-02,20.670000
2015-09-03,20.764999
2015-09-04,20.480000
2015-09-08,20.915001
2015-09-09,20.655001
2015-09-10,20.620001
2015-09-11,20.775000
2015-09-14,20.825001
2015-09-15,20.934999
2015-09-16,21.145000
2015-09-17,21.434999
2015-09-18,21.115000
2015-09-21,21.200001
2015-09-22,20.934999
2015-09-23,20.990000
2015-09-24,21.160000
2015-09-25,21.365000
2015-09-28,21.260000
2015-09-29,21.264999
2015-09-30,21.645000
2015-10-01,21.389999
2015-10-02,21.674999
2015-10-05,21.955000
2015-10-06,21.805000
2015-10-07,21.730000
2015-10-08,22.000000
2015-10-09,21.895000
2015-10-12,22.090000
2015-10-13,22.040001
2015-10-14,22.035000
2015-10-15,22.360001
2015-10-16,22.389999
2015-10-19,22.405001
2015-10-20,22.480000
2015-10-21,22.434999
2015-10-22,22.695000
2015-10-23,22.295000
2015-10-26,22.215000
2015-10-27,22.135000
2015-10-28,21.900000
2015-10-29,21.775000
2015-10-30,21.875000
2015-11-02,21.900000
2015-11-03,21.965000
2015-11-04,22.080000
2015-11-05,21.889999
2015-11-06,21.125000
2015-11-09,21.180000
2015-11-10,21.370001
2015-11-11,21.555000
2015-11-12,21.350000
2015-11-13,21.270000
2015-11-16,21.629999
2015-11-17,21.240000
2015-11-18,21.375000
2015-11-19,21.605000
2015-11-20,21.695000
2015-11-23,21.495001
2015-11-24,21.465000
2015-11-25,21.334999
2015-11-27,21.375000
2015-11-30,21.410000
2015-12-01,21.580000
2015-12-02,21.100000
2015-12-03,20.940001
2015-12-04,21.235001
2015-12-07,21.330000
2015-12-08,21.299999
2015-12-09,21.305000
2015-12-10,20.955000
2015-12-11,20.895000
2015-12-14,21.000000
2015-12-15,21.165001
2015-12-16,21.700001
2015-12-17,21.745001
2015-12-18,21.254999
2015-12-21,21.240000
2015-12-22,21.420000
2015-12-23,21.750000
2015-12-24,21.735001
2015-12-28,21.775000
2015-12-29,21.895000
2015-12-30,21.875000
2015-12-31,21.639999
2016-01-04,21.594999
2016-01-05,21.750000
2016-01-06,21.709999
2016-01-07,21.565001
2016-01-08,21.555000
2016-01-11,21.670000
2016-01-12,21.584999
2016-01-13,21.575001
2016-01-14,21.900000
2016-01-15,21.705000
2016-01-19,22.030001
2016-01-20,21.535000
2016-01-21,21.514999
2016-01-22,21.900000
2016-01-25,21.715000
2016-01-26,21.865000
2016-01-27,21.915001
2016-01-28,22.264999
2016-01-29,22.709999
2016-02-01,22.924999
2016-02-02,23.025000
2016-02-03,23.309999
2016-02-04,23.209999
2016-02-05,23.285000
2016-02-08,23.205000
2016-02-09,23.285000
2016-02-10,23.260000
2016-02-11,22.850000
2016-02-12,22.780001
2016-02-16,22.924999
2016-02-17,22.879999
2016-02-18,23.254999
2016-02-19,23.100000
2016-02-22,23.370001
2016-02-23,23.389999
2016-02-24,23.500000
2016-02-25,23.740000
2016-02-26,23.084999
2016-02-29,23.150000
2016-03-01,23.035000
2016-03-02,23.155001
2016-03-03,23.295000
2016-03-04,23.555000
2016-03-07,23.684999
2016-03-08,23.920000
2016-03-09,24.030001
2016-03-10,24.049999
2016-03-11,24.075001
2016-03-14,24.105000
2016-03-15,24.150000
2016-03-16,24.520000
2016-03-17,24.655001
2016-03-18,24.315001
2016-03-21,24.290001
2016-03-22,24.209999
2016-03-23,24.389999
2016-03-24,24.455000
2016-03-28,24.365000
2016-03-29,24.725000
2016-03-30,24.665001
2016-03-31,24.809999
2016-04-01,24.905001
2016-04-04,24.799999
2016-04-05,24.334999
2016-04-06,24.305000
2016-04-07,24.295000
2016-04-08,24.424999
2016-04-11,24.320000
2016-04-12,24.490000
2016-04-13,24.340000
2016-04-14,24.309999
2016-04-15,24.445000
2016-04-18,24.540001
2016-04-19,24.580000
2016-04-20,23.965000
2016-04-21,23.465000
2016-04-22,23.674999
2016-04-25,23.719999
2016-04-26,23.754999
2016-04-27,24.100000
2016-04-28,24.065001
2016-04-29,24.209999
2016-05-02,24.405001
2016-05-03,24.385000
2016-05-04,24.670000
2016-05-05,24.575001
2016-05-06,24.415001
2016-05-09,24.555000
2016-05-10,24.580000
2016-05-11,24.670000
2016-05-12,24.815001
2016-05-13,24.695000
2016-05-16,24.725000
2016-05-17,24.305000
2016-05-18,23.850000
2016-05-19,24.090000
2016-05-20,24.145000
2016-05-23,23.930000
2016-05-24,24.170000
2016-05-25,24.100000
2016-05-26,24.375000
2016-05-27,24.415001
2016-05-31,24.575001
2016-06-01,24.639999
2016-06-02,24.650000
2016-06-03,25.040001
2016-06-06,25.004999
2016-06-07,24.985001
2016-06-08,25.135000
2016-06-09,25.350000
2016-06-10,25.285000
2016-06-13,25.254999
2016-06-14,25.389999
2016-06-15,25.230000
2016-06-16,25.389999
2016-06-17,25.275000
2016-06-20,25.180000
2016-06-21,25.215000
2016-06-22,25.094999
2016-06-23,25.165001
2016-06-24,25.205000
2016-06-27,25.514999
2016-06-28,25.610001
2016-06-29,25.680000
2016-06-30,26.235001
2016-07-01,26.240000
2016-07-05,26.434999
2016-07-06,26.490000
2016-07-07,26.000000
2016-07-08,26.270000
2016-07-11,26.250000
2016-07-12,25.889999
2016-07-13,26.094999
2016-07-14,25.924999
2016-07-15,26.000000
2016-07-18,26.075001
2016-07-19,26.030001
2016-07-20,25.879999
2016-07-21,26.035000
2016-07-22,26.379999
2016-07-25,26.334999
2016-07-26,26.105000
2016-07-27,25.805000
2016-07-28,25.905001
2016-07-29,26.059999
2016-08-01,26.075001
2016-08-02,25.905001
2016-08-03,25.750000
2016-08-04,25.735001
2016-08-05,25.365000
2016-08-08,25.355000
2016-08-09,25.350000
2016-08-10,25.355000
2016-08-11,25.415001
2016-08-12,25.450001
2016-08-15,25.059999
2016-08-16,24.764999
2016-08-17,25.135000
2016-08-18,25.445000
2016-08-19,25.135000
2016-08-22,25.200001
2016-08-23,25.090000
2016-08-24,25.080000
2016-08-25,25.094999
2016-08-26,24.575001
2016-08-29,24.775000
2016-08-30,24.514999
2016-08-31,24.615000
2016-09-01,24.490000
2016-09-02,24.815001
2016-09-06,25.084999
2016-09-07,25.090000
2016-09-08,25.174999
2016-09-09,24.230000
2016-09-12,24.660000
2016-09-13,24.320000
2016-09-14,24.415001
2016-09-15,24.600000
2016-09-16,24.629999
2016-09-19,24.875000
2016-09-20,24.830000
2016-09-21,25.334999
2016-09-22,25.490000
2016-09-23,25.469999
2016-09-26,25.405001
2016-09-27,25.075001
2016-09-28,25.040001
2016-09-29,24.665001
2016-09-30,24.495001
2016-10-03,24.150000
2016-10-04,23.645000
2016-10-05,23.594999
2016-10-06,23.590000
2016-10-07,23.559999
2016-10-10,23.754999
2016-10-11,23.485001
2016-10-12,23.715000
2016-10-13,24.010000
2016-10-14,23.875000
2016-10-17,24.004999
2016-10-18,24.209999
2016-10-19,24.155001
2016-10-20,24.139999
2016-10-21,24.000000
2016-10-24,24.090000
2016-10-25,24.240000
2016-10-26,24.299999
2016-10-27,24.155001
2016-10-28,24.230000
2016-10-31,24.715000
2016-11-01,24.264999
2016-11-02,23.959999
2016-11-03,24.049999
2016-11-04,23.975000
2016-11-07,24.395000
2016-11-08,24.584999
2016-11-09,23.680000
2016-11-10,23.110001
2016-11-11,23.014999
2016-11-14,23.000000
2016-11-15,23.370001
2016-11-16,23.209999
2016-11-17,23.215000
2016-11-18,23.145000
2016-11-21,23.389999
2016-11-22,23.480000
2016-11-23,23.245001
2016-11-25,23.580000
2016-11-28,24.035000
2016-11-29,24.135000
2016-11-30,23.375000
2016-12-01,23.190001
2016-12-02,23.400000
2016-12-05,23.430000
2016-12-06,23.385000
2016-12-07,23.690001
2016-12-08,23.730000
2016-12-09,23.980000
2016-12-12,24.230000
2016-12-13,24.480000
2016-12-14,23.975000
2016-12-15,24.145000
2016-12-16,24.205000
2016-12-19,24.295000
2016-12-20,24.325001
2016-12-21,24.225000
2016-12-22,24.309999
2016-12-23,24.305000
2016-12-27,24.325001
2016-12-28,24.094999
2016-12-29,24.420000
2016-12-30,24.285000
2017-01-03,24.225000
2017-01-04,24.315001
2017-01-05,24.340000
2017-01-06,24.415001
2017-01-09,24.094999
2017-01-10,24.020000
2017-01-11,24.270000
2017-01-12,24.290001
2017-01-13,24.254999
2017-01-17,24.520000
2017-01-18,24.490000
2017-01-19,24.275000
2017-01-20,24.320000
2017-01-23,24.195000
2017-01-24,24.190001
2017-01-25,24.190001
2017-01-26,24.200001
2017-01-27,24.195000
2017-01-30,24.215000
2017-01-31,24.590000
2017-02-01,24.165001
2017-02-02,24.420000
2017-02-03,24.450001
2017-02-06,24.400000
2017-02-07,24.459999
2017-02-08,24.700001
2017-02-09,24.490000
2017-02-10,24.645000
2017-02-13,24.764999
2017-02-14,24.584999
2017-02-15,24.525000
2017-02-16,24.770000
2017-02-17,24.785000
2017-02-21,25.045000
2017-02-22,25.150000
2017-02-23,25.410000
2017-02-24,25.795000
2017-02-27,25.650000
2017-02-28,25.885000
2017-03-01,25.655001
2017-03-02,25.840000
2017-03-03,25.760000
2017-03-06,25.709999
2017-03-07,25.695000
2017-03-08,25.325001
2017-03-09,25.270000
2017-03-10,25.480000
2017-03-13,25.555000
2017-03-14,25.530001
2017-03-15,25.940001
2017-03-16,25.655001
2017-03-17,25.615000
2017-03-20,25.445000
2017-03-21,25.805000
2017-03-22,25.930000
2017-03-23,25.850000
2017-03-24,25.945000
2017-03-27,25.844999
2017-03-28,25.825001
2017-03-29,25.754999
2017-03-30,25.555000
2017-03-31,25.655001
2017-04-03,25.650000
2017-04-04,25.730000
2017-04-05,25.875000
2017-04-06,25.809999
2017-04-07,25.700001
2017-04-10,25.745001
2017-04-11,25.735001
2017-04-12,25.924999
2017-04-13,25.840000
2017-04-17,25.955000
2017-04-18,26.014999
2017-04-19,25.834999
2017-04-20,25.735001
2017-04-21,25.865000
2017-04-24,26.000000
2017-04-25,25.965000
2017-04-26,25.885000
2017-04-27,25.975000
2017-04-28,25.850000
2017-05-01,25.695000
2017-05-02,25.725000
2017-05-03,25.635000
2017-05-04,25.725000
2017-05-05,25.865000
2017-05-08,25.855000
2017-05-09,25.665001
2017-05-10,25.705000
2017-05-11,25.740000
2017-05-12,25.865000
2017-05-15,25.975000
2017-05-16,25.785000
2017-05-17,25.850000
2017-05-18,25.940001
2017-05-19,26.040001
2017-05-22,26.264999
2017-05-23,26.334999
2017-05-24,26.485001
2017-05-25,26.700001
2017-05-26,26.700001
2017-05-30,26.785000
2017-05-31,26.920000
2017-06-01,27.110001
2017-06-02,27.139999
2017-06-05,27.055000
2017-06-06,26.995001
2017-06-07,27.084999
2017-06-08,26.860001
2017-06-09,26.834999
2017-06-12,26.785000
2017-06-13,26.850000
2017-06-14,26.995001
2017-06-15,27.150000
2017-06-16,27.055000
2017-06-19,26.965000
2017-06-20,26.980000
2017-06-21,26.820000
2017-06-22,26.695000
2017-06-23,26.605000
2017-06-26,26.785000
2017-06-27,26.485001
2017-06-28,26.230000
2017-06-29,26.020000
2017-06-30,25.980000
2017-07-03,25.860001
2017-07-05,25.735001
2017-07-06,25.725000
2017-07-07,25.745001
2017-07-10,25.725000
2017-07-11,25.709999
2017-07-12,25.930000
2017-07-13,25.840000
2017-07-14,25.959999
2017-07-17,26.080000
2017-07-18,26.155001
2017-07-19,26.264999
2017-07-20,26.455000
2017-07-21,26.645000
2017-07-24,26.395000
2017-07-25,26.245001
2017-07-26,26.495001
2017-07-27,26.559999
2017-07-28,26.520000
2017-07-31,26.610001
2017-08-01,26.760000
2017-08-02,26.875000
2017-08-03,27.010000
2017-08-04,26.889999
2017-08-07,26.975000
2017-08-08,27.084999
2017-08-09,26.945000
2017-08-10,27.030001
2017-08-11,26.870001
2017-08-14,27.025000
2017-08-15,27.174999
2017-08-16,27.285000
2017-08-17,27.090000
2017-08-18,27.250000
2017-08-21,27.350000
2017-08-22,27.410000
2017-08-23,27.500000
2017-08-24,27.480000
2017-08-25,27.570000
2017-08-28,27.620001
2017-08-29,27.559999
2017-08-30,27.480000
2017-08-31,27.485001
2017-09-01,27.400000
2017-09-05,27.469999
2017-09-06,27.344999
2017-09-07,27.549999
2017-09-08,27.680000
2017-09-11,27.915001
2017-09-12,27.450001
2017-09-13,27.315001
2017-09-14,27.545000
2017-09-15,27.375000
2017-09-18,27.094999
2017-09-19,27.040001
2017-09-20,26.840000
2017-09-21,26.834999
2017-09-22,26.615000
2017-09-25,26.860001
2017-09-26,26.809999
2017-09-27,26.450001
2017-09-28,26.545000
2017-09-29,26.525000
2017-10-02,26.570000
2017-10-03,26.495001
2017-10-04,26.760000
2017-10-05,26.735001
2017-10-06,26.715000
2017-10-09,26.750000
2017-10-10,27.010000
2017-10-11,27.125000
2017-10-12,27.264999
2017-10-13,27.075001
2017-10-16,27.014999
2017-10-17,27.174999
2017-10-18,27.125000
2017-10-19,27.410000
2017-10-20,27.430000
2017-10-23,27.445000
2017-10-24,27.469999
2017-10-25,27.350000
2017-10-26,27.355000
2017-10-27,27.525000
2017-10-30,27.530001
2017-10-31,27.559999
2017-11-01,27.405001
2017-11-02,27.504999
2017-11-03,27.605000
2017-11-06,27.500000
2017-11-07,27.830000
2017-11-08,27.850000
2017-11-09,27.885000
2017-11-10,27.754999
2017-11-13,28.084999
2017-11-14,28.434999
2017-11-15,28.190001
2017-11-16,28.100000
2017-11-17,27.905001
2017-11-20,27.820000
2017-11-21,27.895000
2017-11-22,27.895000
2017-11-24,27.940001
2017-11-27,28.059999
2017-11-28,28.190001
2017-11-29,28.205000
2017-11-30,28.299999
2017-12-01,28.205000
2017-12-04,28.045000
2017-12-05,27.690001
2017-12-06,27.795000
2017-12-07,27.844999
2017-12-08,27.934999
2017-12-11,28.105000
2017-12-12,27.625000
2017-12-13,27.700001
2017-12-14,27.665001
2017-12-15,27.510000
2017-12-18,27.205000
2017-12-19,26.709999
2017-12-20,26.500000
2017-12-21,26.184999
2017-12-22,26.225000
2017-12-26,26.070000
2017-12-27,26.180000
2017-12-28,26.325001
2017-12-29,26.340000
2018-01-02,26.094999
2018-01-03,25.889999
2018-01-04,25.674999
2018-01-05,25.665001
2018-01-08,25.905001
2018-01-09,25.650000
2018-01-10,25.370001
2018-01-11,25.275000
2018-01-12,25.129999
2018-01-16,25.075001
2018-01-17,25.230000
2018-01-18,25.070000
2018-01-19,24.995001
2018-01-22,25.030001
2018-01-23,25.270000
2018-01-24,25.115000
2018-01-25,25.504999
2018-01-26,25.520000
2018-01-29,25.195000
2018-01-30,25.240000
2018-01-31,25.520000
2018-02-01,25.120001
2018-02-02,24.940001
2018-02-05,24.530001
2018-02-06,24.165001
2018-02-07,24.049999
2018-02-08,23.780001
2018-02-09,24.280001
2018-02-12,24.465000
2018-02-13,24.575001
2018-02-14,24.299999
2018-02-15,24.840000
2018-02-16,25.059999
2018-02-20,24.735001
2018-02-21,24.410000
2018-02-22,24.535000
2018-02-23,25.174999
2018-02-26,25.100000
2018-02-27,24.700001
2018-02-28,24.530001
2018-03-01,24.535000
2018-03-02,24.469999
2018-03-05,24.969999
2018-03-06,24.635000
2018-03-07,24.450001
2018-03-08,24.629999
2018-03-09,24.700001
2018-03-12,24.805000
2018-03-13,24.860001
2018-03-14,25.115000
2018-03-15,25.100000
2018-03-16,25.125000
2018-03-19,24.969999
2018-03-20,24.855000
2018-03-21,24.770000
2018-03-22,24.879999
2018-03-23,24.530001
2018-03-26,24.785000
2018-03-27,25.139999
2018-03-28,25.129999
2018-03-29,25.264999
2018-04-02,25.070000
2018-04-03,25.155001
2018-04-04,25.209999
2018-04-05,25.410000
2018-04-06,25.209999
2018-04-09,25.260000
2018-04-10,25.065001
2018-04-11,25.030001
2018-04-12,24.700001
2018-04-13,24.895000
2018-04-16,25.235001
2018-04-17,25.490000
2018-04-18,25.395000
2018-04-19,25.379999
2018-04-20,25.150000
2018-04-23,25.165001
2018-04-24,25.334999
2018-04-25,25.340000
2018-04-26,25.594999
2018-04-27,25.855000
2018-04-30,25.780001
2018-05-01,25.700001
2018-05-02,25.674999
2018-05-03,25.639999
2018-05-04,25.754999
2018-05-07,25.620001
2018-05-08,24.980000
2018-05-09,24.805000
2018-05-10,25.155001
2018-05-11,25.190001
2018-05-14,25.094999
2018-05-15,24.885000
2018-05-16,24.690001
2018-05-17,24.490000
2018-05-18,24.495001
2018-05-21,24.620001
2018-05-22,24.709999
2018-05-23,24.934999
2018-05-24,25.139999
2018-05-25,25.250000
2018-05-29,25.250000
2018-05-30,25.455000
2018-05-31,25.495001
2018-06-01,25.105000
2018-06-04,24.905001
2018-06-05,24.775000
2018-06-06,24.184999
2018-06-07,24.355000
2018-06-08,24.344999
2018-06-11,24.295000
2018-06-12,24.575001
2018-06-13,24.510000
2018-06-14,24.815001
2018-06-15,24.770000
2018-06-18,24.850000
2018-06-19,25.094999
2018-06-20,25.115000
2018-06-21,25.200001
2018-06-22,25.375000
2018-06-25,25.795000
2018-06-26,25.825001
2018-06-27,25.950001
2018-06-28,25.940001
2018-06-29,25.980000
2018-07-02,26.165001
2018-07-03,26.240000
2018-07-05,26.379999
2018-07-06,26.584999
2018-07-09,25.764999
2018-07-10,26.010000
2018-07-11,26.245001
2018-07-12,26.264999
2018-07-13,26.270000
2018-07-16,26.245001
2018-07-17,26.225000
2018-07-18,26.090000
2018-07-19,26.330000
2018-07-20,26.145000
2018-07-23,25.959999
2018-07-24,26.049999
2018-07-25,26.125000
2018-07-26,26.405001
2018-07-27,26.320000
2018-07-30,26.160000
2018-07-31,26.395000
2018-08-01,26.225000
2018-08-02,26.355000
2018-08-03,26.650000
2018-08-06,26.670000
2018-08-07,26.629999
2018-08-08,26.490000
2018-08-09,26.610001
2018-08-10,26.495001
2018-08-13,26.530001
2018-08-14,26.584999
2018-08-15,26.830000
2018-08-16,27.120001
2018-08-17,27.260000
2018-08-20,27.165001
2018-08-21,26.969999
2018-08-22,26.770000
2018-08-23,26.750000
2018-08-24,26.865000
2018-08-27,26.700001
2018-08-28,26.645000
2018-08-29,26.840000
2018-08-30,26.850000
2018-08-31,26.735001
2018-09-04,26.855000
2018-09-05,27.230000
2018-09-06,27.385000
2018-09-07,27.049999
2018-09-10,27.184999
2018-09-11,27.115000
2018-09-12,27.090000
2018-09-13,27.295000
2018-09-14,27.150000
2018-09-17,27.240000
2018-09-18,27.190001
2018-09-19,26.600000
2018-09-20,26.655001
2018-09-21,26.530001
2018-09-24,26.295000
2018-09-25,25.934999
2018-09-26,25.680000
2018-09-27,25.945000
2018-09-28,26.325001
2018-10-01,26.235001
2018-10-02,26.590000
2018-10-03,26.270000
2018-10-04,26.410000
2018-10-05,26.815001
2018-10-08,27.040001
2018-10-09,27.150000
2018-10-10,27.000000
2018-10-11,26.504999
2018-10-12,26.475000
2018-10-15,26.600000
2018-10-16,26.875000
2018-10-17,26.825001
2018-10-18,26.865000
2018-10-19,27.285000
2018-10-22,27.110001
2018-10-23,26.959999
2018-10-24,27.615000
2018-10-25,27.184999
2018-10-26,26.684999
2018-10-29,27.059999
2018-10-30,27.165001
2018-10-31,26.844999
2018-11-01,26.725000
2018-11-02,26.575001
2018-11-05,26.950001
2018-11-06,27.129999
2018-11-07,27.440001
2018-11-08,27.395000
2018-11-09,27.434999
2018-11-12,27.420000
2018-11-13,27.535000
2018-11-14,27.250000
2018-11-15,27.025000
2018-11-16,27.440001
2018-11-19,27.559999
2018-11-20,27.445000
2018-11-21,27.040001
2018-11-23,27.055000
2018-11-26,27.215000
2018-11-27,27.420000
2018-11-28,27.400000
2018-11-29,27.389999
2018-11-30,27.795000
2018-12-03,28.075001
2018-12-04,28.094999
2018-12-06,28.125000
2018-12-07,28.230000
2018-12-10,28.285000
2018-12-11,28.400000
2018-12-12,28.219999
2018-12-13,28.465000
2018-12-14,28.410000
2018-12-17,27.495001
2018-12-18,27.309999
2018-12-19,27.264999
2018-12-20,27.250000
2018-12-21,26.905001
2018-12-24,25.780001
2018-12-26,26.129999
2018-12-27,26.350000
2018-12-28,26.415001
2018-12-31,26.459999
2019-01-02,26.004999
2019-01-03,26.000000
2019-01-04,26.385000
2019-01-07,26.205000
2019-01-08,26.530001
2019-01-09,26.370001
2019-01-10,26.715000
2019-01-11,26.615000
2019-01-14,26.014999
2019-01-15,26.334999
2019-01-16,26.430000
2019-01-17,26.540001
2019-01-18,26.570000
2019-01-22,26.620001
2019-01-23,26.889999
2019-01-24,27.030001
2019-01-25,26.660000
2019-01-28,26.535000
2019-01-29,26.610001
2019-01-30,26.815001
2019-01-31,27.379999
2019-02-01,27.275000
2019-02-04,27.320000
2019-02-05,27.375000
2019-02-06,27.360001
2019-02-07,27.719999
2019-02-08,27.840000
2019-02-11,27.830000
2019-02-12,27.895000
2019-02-13,27.815001
2019-02-14,27.770000
2019-02-15,27.855000
2019-02-19,28.020000
2019-02-20,28.145000
2019-02-21,28.350000
2019-02-22,28.525000
2019-02-25,28.340000
2019-02-26,28.305000
2019-02-27,28.340000
2019-02-28,28.504999
2019-03-01,28.565001
2019-03-04,28.615000
2019-03-05,28.580000
2019-03-06,28.580000
2019-03-07,28.674999
2019-03-08,28.775000
2019-03-11,28.980000
2019-03-12,29.180000
2019-03-13,29.209999
2019-03-14,29.205000
2019-03-15,29.094999
2019-03-18,28.985001
2019-03-19,28.655001
2019-03-20,28.730000
2019-03-21,29.035000
2019-03-22,29.245001
2019-03-25,29.270000
2019-03-26,29.480000
2019-03-27,29.275000
2019-03-28,28.930000
2019-03-29,29.084999
2019-04-01,28.885000
2019-04-02,28.924999
2019-04-03,28.879999
2019-04-04,28.780001
2019-04-05,29.049999
2019-04-08,28.844999
2019-04-09,28.915001
2019-04-10,28.825001
2019-04-11,28.969999
2019-04-12,29.105000
2019-04-15,29.100000
2019-04-16,28.740000
2019-04-17,28.629999
2019-04-18,28.645000
2019-04-22,28.620001
2019-04-23,28.700001
2019-04-24,28.885000
2019-04-25,29.004999
2019-04-26,29.049999
2019-04-29,28.879999
2019-04-30,29.355000
2019-05-01,29.055000
2019-05-02,28.990000
2019-05-03,29.150000
2019-05-06,28.990000
2019-05-07,28.900000
2019-05-08,28.504999
2019-05-09,28.469999
2019-05-10,28.980000
2019-05-13,29.290001
2019-05-14,29.094999
2019-05-15,29.045000
2019-05-16,29.240000
2019-05-17,29.389999
2019-05-20,29.430000
2019-05-21,29.485001
2019-05-22,29.705000
2019-05-23,29.959999
2019-05-24,29.915001
2019-05-28,29.424999
2019-05-29,29.035000
2019-05-30,28.990000
2019-05-31,29.125000
2019-06-03,29.415001
2019-06-04,29.440001
2019-06-05,30.070000
2019-06-06,30.254999
2019-06-07,30.030001
2019-06-10,29.825001
2019-06-11,29.645000
2019-06-12,30.030001
2019-06-13,30.090000
2019-06-14,30.405001
2019-06-17,30.320000
2019-06-18,30.195000
2019-06-19,30.424999
2019-06-20,30.620001
2019-06-21,30.495001
2019-06-24,30.504999
2019-06-25,30.320000
2019-06-26,29.660000
2019-06-27,29.700001
2019-06-28,29.815001
2019-07-01,29.740000
2019-07-02,30.145000
2019-07-03,30.355000
2019-07-05,30.340000
2019-07-08,30.385000
2019-07-09,30.424999
2019-07-10,30.495001
2019-07-11,30.504999
2019-07-12,30.305000
2019-07-15,30.424999
2019-07-16,30.250000
2019-07-17,30.365000
2019-07-18,30.629999
2019-07-19,30.184999
2019-07-22,30.120001
2019-07-23,29.930000
2019-07-24,29.955000
2019-07-25,29.879999
2019-07-26,29.990000
2019-07-29,30.145000
2019-07-30,29.915001
2019-07-31,29.775000
2019-08-01,30.080000
2019-08-02,30.075001
2019-08-05,29.645000
2019-08-06,30.014999
2019-08-07,30.090000
2019-08-08,30.400000
2019-08-09,30.434999
2019-08-12,30.375000
2019-08-13,30.395000
2019-08-14,30.145000
2019-08-15,30.535000
2019-08-16,30.690001
2019-08-19,30.885000
2019-08-20,30.834999
2019-08-21,31.040001
2019-08-22,31.070000
2019-08-23,30.740000
2019-08-26,31.094999
2019-08-27,31.150000
2019-08-28,31.065001
2019-08-29,31.280001
2019-08-30,31.290001
2019-09-03,31.844999
2019-09-04,31.875000
2019-09-05,31.530001
2019-09-06,31.405001
2019-09-09,31.250000
2019-09-10,31.290001
2019-09-11,31.600000
2019-09-12,31.670000
2019-09-13,31.469999
2019-09-16,31.495001
2019-09-17,31.770000
2019-09-18,31.905001
2019-09-19,32.055000
2019-09-20,31.934999
2019-09-23,31.940001
2019-09-24,32.314999
2019-09-25,32.294998
2019-09-26,32.465000
2019-09-27,32.349998
2019-09-30,32.369999
2019-10-01,32.294998
2019-10-02,31.865000
2019-10-03,31.940001
2019-10-04,32.384998
2019-10-07,32.259998
2019-10-08,31.959999
2019-10-09,32.115002
2019-10-10,32.080002
2019-10-11,31.959999
2019-10-14,31.754999
2019-10-15,31.655001
2019-10-16,31.725000
2019-10-17,31.805000
2019-10-18,31.910000
2019-10-21,32.035000
2019-10-22,32.169998
2019-10-23,32.299999
2019-10-24,32.410000
2019-10-25,32.080002
2019-10-28,31.639999
2019-10-29,31.670000
2019-10-30,31.950001
2019-10-31,32.125000
2019-11-01,32.044998
2019-11-04,31.635000
2019-11-05,31.309999
2019-11-06,31.430000
2019-11-07,31.004999
2019-11-08,30.875000
2019-11-11,30.684999
2019-11-12,30.760000
2019-11-13,31.215000
2019-11-14,31.325001
2019-11-15,31.424999
2019-11-18,31.490000
2019-11-19,31.410000
2019-11-20,31.600000
2019-11-21,31.490000
2019-11-22,31.500000
2019-11-25,31.395000
2019-11-26,31.500000
2019-11-27,31.555000
2019-11-29,31.525000
2019-12-02,31.320000
2019-12-03,31.405001
2019-12-04,31.645000
2019-12-05,31.700001
2019-12-06,31.605000
2019-12-09,31.495001
2019-12-10,31.490000
2019-12-11,31.575001
2019-12-12,31.440001
2019-12-13,31.684999
2019-12-16,32.080002
2019-12-17,32.185001
2019-12-18,32.314999
2019-12-19,32.325001
2019-12-20,32.294998
2019-12-23,31.995001
2019-12-24,32.040001
2019-12-26,32.095001
2019-12-27,32.189999
2019-12-30,32.185001
2019-12-31,32.310001
2020-01-02,31.905001
2020-01-03,31.969999
2020-01-06,32.000000
2020-01-07,31.955000
2020-01-08,31.940001
2020-01-09,32.115002
2020-01-10,32.200001
2020-01-13,32.395000
2020-01-14,32.490002
2020-01-15,32.945000
2020-01-16,33.150002
2020-01-17,33.380001
2020-01-21,33.685001
2020-01-22,33.790001
2020-01-23,34.090000
2020-01-24,34.180000
2020-01-27,34.095001
2020-01-28,34.235001
2020-01-29,34.325001
2020-01-30,34.645000
2020-01-31,34.490002
2020-02-03,34.599998
2020-02-04,34.255001
2020-02-05,34.395000
2020-02-06,34.404999
2020-02-07,34.294998
2020-02-10,34.424999
2020-02-11,34.549999
2020-02-12,34.575001
2020-02-13,34.959999
2020-02-14,35.195000
2020-02-18,35.490002
2020-02-19,35.105000
2020-02-20,35.230000
2020-02-21,35.165001
2020-02-24,34.755001
2020-02-25,34.025002
2020-02-26,33.680000
2020-02-27,32.165001
2020-02-28,31.090000
2020-03-02,32.919998
2020-03-03,32.514999
2020-03-04,34.360001
2020-03-05,33.830002
2020-03-06,33.555000
2020-03-09,31.730000
2020-03-10,32.025002
2020-03-11,30.415001
2020-03-12,27.344999
2020-03-13,28.834999
2020-03-16,25.559999
2020-03-17,28.830000
2020-03-18,27.575001
2020-03-19,25.969999
2020-03-20,23.910000
2020-03-23,22.465000
2020-03-24,24.879999
2020-03-25,25.514999
2020-03-26,27.690001
2020-03-27,27.840000
2020-03-30,28.870001
2020-03-31,27.705000
2020-04-01,26.040001
2020-04-02,26.855000
2020-04-03,25.895000
2020-04-06,27.895000
2020-04-07,27.545000
2020-04-08,29.045000
2020-04-09,30.415001
2020-04-13,29.450001
2020-04-14,30.315001
2020-04-15,29.315001
2020-04-16,29.320000
2020-04-17,30.264999
2020-04-20,29.120001
2020-04-21,28.639999
2020-04-22,29.475000
2020-04-23,28.980000
2020-04-24,29.160000
2020-04-27,29.465000
2020-04-28,29.575001
2020-04-29,29.305000
2020-04-30,28.629999
2020-05-01,27.940001
2020-05-04,28.150000
2020-05-05,28.379999
2020-05-06,27.415001
2020-05-07,27.525000
2020-05-08,28.080000
2020-05-11,27.959999
2020-05-12,27.715000
2020-05-13,27.480000
2020-05-14,27.775000
2020-05-15,27.405001
2020-05-18,28.530001
2020-05-19,28.059999
2020-05-20,28.215000
2020-05-21,27.930000
2020-05-22,28.240000
2020-05-26,28.424999
2020-05-27,28.764999
2020-05-28,29.615000
2020-05-29,29.844999
2020-06-01,30.200001
2020-06-02,30.395000
2020-06-03,30.760000
2020-06-04,30.209999
2020-06-05,30.594999
2020-06-08,31.415001
2020-06-09,30.785000
2020-06-10,30.605000
2020-06-11,29.410000
2020-06-12,29.334999
2020-06-15,29.535000
2020-06-16,29.670000
2020-06-17,29.580000
2020-06-18,29.575001
2020-06-19,28.745001
2020-06-22,28.785000
2020-06-23,28.495001
2020-06-24,28.235001
2020-06-25,27.885000
2020-06-26,27.590000
2020-06-29,28.110001
2020-06-30,28.215000
2020-07-01,28.875000
2020-07-02,28.950001
2020-07-06,28.594999
2020-07-07,28.480000
2020-07-08,28.735001
2020-07-09,28.350000
2020-07-10,28.885000
2020-07-13,28.915001
2020-07-14,29.184999
2020-07-15,29.070000
2020-07-16,29.440001
2020-07-17,30.105000
2020-07-20,29.709999
2020-07-21,29.844999
2020-07-22,30.305000
2020-07-23,30.340000
2020-07-24,30.139999
2020-07-27,29.775000
2020-07-28,30.225000
2020-07-29,30.365000
2020-07-30,30.365000
2020-07-31,30.415001
2020-08-03,30.084999
2020-08-04,30.415001
2020-08-05,30.025000
2020-08-06,30.200001
2020-08-07,30.745001
2020-08-10,30.735001
2020-08-11,30.070000
2020-08-12,30.504999
2020-08-13,30.455000
2020-08-14,30.190001
2020-08-17,30.150000
2020-08-18,30.014999
2020-08-19,29.924999
2020-08-20,29.660000
2020-08-21,29.709999
2020-08-24,29.969999
2020-08-25,29.684999
2020-08-26,29.355000
2020-08-27,29.450001
2020-08-28,29.535000
2020-08-31,29.625000
2020-09-01,29.285000
2020-09-02,30.195000
2020-09-03,29.855000
2020-09-04,29.684999
2020-09-08,29.520000
2020-09-09,29.910000
2020-09-10,29.395000
2020-09-11,29.465000
2020-09-14,29.870001
2020-09-15,30.070000
2020-09-16,30.030001
2020-09-17,29.785000
2020-09-18,29.260000
2020-09-21,28.830000
2020-09-22,29.010000
2020-09-23,28.565001
2020-09-24,28.885000
2020-09-25,29.360001
2020-09-28,29.434999
2020-09-29,29.424999
2020-09-30,29.690001
2020-10-01,29.990000
2020-10-02,30.344999
2020-10-05,30.725000
2020-10-06,30.985001
2020-10-07,31.174999
2020-10-08,31.745001
2020-10-09,31.740000
2020-10-12,31.940001
2020-10-13,31.719999
2020-10-14,31.680000
2020-10-15,31.660000
2020-10-16,32.000000
2020-10-19,31.730000
2020-10-20,31.920000
2020-10-21,31.834999
2020-10-22,32.285000
2020-10-23,32.375000
2020-10-26,32.365002
2020-10-27,32.340000
2020-10-28,31.400000
2020-10-29,31.485001
2020-10-30,31.190001
2020-11-02,31.875000
2020-11-03,32.334999
2020-11-04,31.850000
2020-11-05,32.134998
2020-11-06,32.064999
2020-11-09,32.660000
2020-11-10,33.130001
2020-11-11,33.255001
2020-11-12,32.720001
2020-11-13,33.044998
2020-11-16,33.380001
2020-11-17,32.724998
2020-11-18,32.084999
2020-11-19,31.764999
2020-11-20,31.770000
2020-11-23,31.775000
2020-11-24,32.115002
2020-11-25,32.200001
2020-11-27,31.879999
2020-11-30,31.420000
2020-12-01,31.639999
2020-12-02,31.850000
2020-12-03,31.520000
2020-12-04,31.205000
2020-12-07,31.379999
2020-12-08,31.285000
2020-12-09,31.230000
2020-12-10,31.070000
2020-12-11,31.120001
2020-12-14,30.959999
2020-12-15,31.570000
2020-12-16,31.205000
2020-12-17,31.415001
2020-12-18,31.145000
2020-12-21,30.510000
2020-12-22,30.450001
2020-12-23,30.389999
2020-12-24,30.605000
2020-12-28,30.740000
2020-12-29,30.735001
2020-12-30,30.889999
2020-12-31,31.350000
2021-01-04,30.559999
2021-01-05,30.555000
2021-01-06,31.315001
2021-01-07,30.905001
2021-01-08,31.165001
2021-01-11,30.875000
2021-01-12,30.709999
2021-01-13,31.309999
2021-01-14,31.190001
2021-01-15,31.495001
2021-01-19,31.375000
2021-01-20,31.559999
2021-01-21,31.375000
2021-01-22,31.420000
2021-01-25,32.049999
2021-01-26,31.730000
2021-01-27,30.875000
2021-01-28,31.245001
2021-01-29,31.075001
2021-02-01,31.225000
2021-02-02,31.480000
2021-02-03,31.379999
2021-02-04,31.625000
2021-02-05,31.795000
2021-02-08,31.549999
2021-02-09,31.594999
2021-02-10,31.719999
2021-02-11,31.540001
2021-02-12,31.309999
2021-02-16,30.959999
2021-02-17,30.985001
2021-02-18,31.170000
2021-02-19,30.705000
2021-02-22,30.105000
2021-02-23,30.355000
2021-02-24,30.000000
2021-02-25,29.730000
2021-02-26,29.180000
2021-03-01,29.825001
2021-03-02,29.735001
2021-03-03,29.385000
2021-03-04,29.360001
2021-03-05,29.840000
2021-03-08,30.260000
2021-03-09,30.660000
2021-03-10,30.870001
2021-03-11,30.790001
2021-03-12,31.205000
2021-03-15,31.605000
2021-03-16,31.645000
2021-03-17,31.129999
2021-03-18,31.014999
2021-03-19,31.100000
2021-03-22,30.825001
2021-03-23,31.285000
2021-03-24,31.295000
2021-03-25,31.629999
2021-03-26,31.735001
2021-03-29,32.075001
2021-03-30,31.785000
2021-03-31,32.020000
2021-04-01,31.990000
2021-04-05,32.340000
2021-04-06,32.509998
2021-04-07,32.470001
2021-04-08,32.445000
2021-04-09,32.410000
2021-04-12,32.439999
2021-04-13,32.825001
2021-04-14,32.970001
2021-04-15,33.334999
2021-04-16,33.605000
2021-04-19,33.435001
2021-04-20,33.860001
2021-04-21,33.575001
2021-04-22,33.334999
2021-04-23,33.290001
2021-04-26,33.099998
2021-04-27,32.845001
2021-04-28,32.799999
2021-04-29,33.099998
2021-04-30,33.360001
2021-05-03,33.355000
2021-05-04,33.230000
2021-05-05,32.669998
2021-05-06,32.919998
2021-05-07,33.020000
2021-05-10,33.355000
2021-05-11,32.945000
2021-05-12,32.174999
2021-05-13,32.794998
2021-05-14,32.955002
2021-05-17,32.685001
2021-05-18,32.680000
2021-05-19,32.625000
2021-05-20,32.910000
2021-05-21,33.080002
2021-05-24,33.020000
2021-05-25,32.619999
2021-05-26,32.625000
2021-05-27,32.404999
2021-05-28,32.580002
2021-06-01,32.380001
2021-06-02,32.549999
2021-06-03,32.744999
2021-06-04,32.695000
2021-06-07,32.755001
2021-06-08,32.474998
2021-06-09,32.764999
2021-06-10,32.980000
2021-06-11,33.055000
2021-06-14,33.125000
2021-06-15,33.224998
2021-06-16,32.724998
2021-06-17,32.904999
2021-06-18,32.049999
2021-06-21,32.215000
2021-06-22,32.020000
2021-06-23,31.680000
2021-06-24,31.650000
2021-06-25,31.990000
2021-06-28,32.195000
2021-06-29,31.674999
2021-06-30,31.615000
2021-07-01,31.959999
2021-07-02,32.009998
2021-07-06,32.145000
2021-07-07,32.355000
2021-07-08,32.259998
2021-07-09,32.299999
2021-07-12,32.404999
2021-07-13,32.160000
2021-07-14,32.439999
2021-07-15,32.805000
2021-07-16,33.134998
2021-07-19,32.610001
2021-07-20,32.750000
2021-07-21,32.389999
2021-07-22,32.439999
2021-07-23,32.855000
2021-07-26,32.865002
2021-07-27,33.430000
2021-07-28,33.174999
2021-07-29,33.264999
2021-07-30,32.985001
2021-08-02,33.240002
2021-08-03,33.430000
2021-08-04,33.380001
2021-08-05,33.744999
2021-08-06,33.724998
2021-08-09,33.715000
2021-08-10,33.750000
2021-08-11,34.064999
2021-08-12,34.099998
2021-08-13,34.340000
2021-08-16,34.549999
2021-08-17,34.570000
2021-08-18,34.395000
2021-08-19,34.535000
2021-08-20,34.965000
2021-08-23,34.514999
2021-08-24,34.290001
2021-08-25,34.355000
2021-08-26,34.270000
2021-08-27,34.259998
2021-08-30,34.310001
2021-08-31,34.270000
2021-09-01,34.720001
2021-09-02,35.035000
2021-09-03,34.744999
2021-09-07,34.285000
2021-09-08,34.900002
2021-09-09,34.709999
2021-09-10,34.224998
2021-09-13,34.165001
2021-09-14,34.049999
2021-09-15,34.005001
2021-09-16,33.720001
2021-09-17,33.200001
2021-09-20,32.889999
2021-09-21,32.799999
2021-09-22,32.779999
2021-09-23,32.605000
2021-09-24,32.570000
2021-09-27,32.185001
2021-09-28,31.780001
2021-09-29,32.195000
2021-09-30,31.940001
2021-10-01,31.940001
2021-10-04,32.380001
2021-10-05,32.299999
2021-10-06,32.799999
2021-10-07,32.625000
2021-10-08,32.384998
2021-10-11,31.945000
2021-10-12,32.160000
2021-10-13,32.535000
2021-10-14,32.935001
2021-10-15,32.840000
2021-10-18,32.525002
2021-10-19,32.935001
2021-10-20,33.455002
2021-10-21,33.455002
2021-10-22,33.625000
2021-10-25,33.480000
2021-10-26,33.660000
2021-10-27,33.435001
2021-10-28,33.654999
2021-10-29,33.455002
2021-11-01,33.575001
2021-11-02,33.605000
2021-11-03,33.480000
2021-11-04,33.294998
2021-11-05,33.610001
2021-11-08,33.110001
2021-11-09,33.279999
2021-11-10,33.549999
2021-11-11,33.345001
2021-11-12,33.325001
2021-11-15,33.764999
2021-11-16,33.605000
2021-11-17,33.634998
2021-11-18,33.459999
2021-11-19,33.650002
2021-11-22,33.855000
2021-11-23,33.889999
2021-11-24,33.910000
2021-11-26,33.380001
2021-11-29,33.875000
2021-11-30,32.884998
2021-12-01,32.945000
2021-12-02,33.365002
2021-12-03,33.700001
2021-12-06,34.215000
2021-12-07,34.470001
2021-12-08,34.435001
2021-12-09,34.389999
2021-12-10,34.575001
2021-12-13,35.000000
2021-12-14,34.790001
2021-12-15,35.360001
2021-12-16,35.540001
2021-12-17,35.005001
2021-12-20,34.764999
2021-12-21,34.715000
2021-12-22,34.865002
2021-12-23,34.860001
2021-12-27,35.029999
2021-12-28,35.345001
2021-12-29,35.535000
2021-12-30,35.665001
2021-12-31,35.790001
2022-01-03,35.435001
2022-01-04,35.325001
2022-01-05,35.305000
2022-01-06,34.939999
2022-01-07,35.205002
2022-01-10,34.974998
2022-01-11,34.660000
2022-01-12,34.770000
2022-01-13,34.939999
2022-01-14,34.700001
2022-01-18,34.285000
2022-01-19,34.439999
2022-01-20,34.485001
2022-01-21,34.419998
2022-01-24,34.090000
2022-01-25,33.555000
2022-01-26,33.279999
2022-01-27,33.575001
2022-01-28,33.980000
2022-01-31,34.625000
2022-02-01,34.165001
2022-02-02,34.669998
2022-02-03,34.514999
2022-02-04,34.240002
2022-02-07,34.189999
2022-02-08,34.215000
2022-02-09,34.365002
2022-02-10,33.494999
2022-02-11,33.514999
2022-02-14,33.230000
2022-02-15,33.075001
2022-02-16,33.150002
2022-02-17,33.169998
2022-02-18,33.110001
2022-02-22,33.075001
2022-02-23,32.514999
2022-02-24,32.775002
2022-02-25,33.790001
2022-02-28,33.965000
2022-03-01,33.669998
2022-03-02,34.080002
2022-03-03,34.680000
2022-03-04,35.445000
2022-03-07,35.904999
2022-03-08,35.349998
2022-03-09,35.099998
2022-03-10,35.334999
2022-03-11,35.215000
2022-03-14,35.174999
2022-03-15,35.625000
2022-03-16,35.560001
2022-03-17,35.709999
2022-03-18,35.404999
2022-03-21,35.404999
2022-03-22,35.455002
2022-03-23,35.505001
2022-03-24,35.869999
2022-03-25,36.389999
2022-03-28,36.625000
2022-03-29,36.965000
2022-03-30,37.270000
2022-03-31,37.230000
2022-04-01,37.750000
2022-04-04,37.459999
2022-04-05,37.695000
2022-04-06,38.445000
2022-04-07,38.349998
2022-04-08,38.480000
2022-04-11,37.955002
2022-04-12,38.099998
2022-04-13,38.025002
2022-04-14,38.044998
2022-04-18,37.840000
2022-04-19,38.084999
2022-04-20,38.395000
2022-04-21,37.759998
2022-04-22,37.125000
2022-04-25,36.869999
2022-04-26,36.500000
2022-04-27,36.325001
2022-04-28,36.730000
2022-04-29,35.630001
2022-05-02,35.264999
2022-05-03,35.400002
2022-05-04,36.189999
2022-05-05,35.820000
2022-05-06,36.105000
2022-05-09,35.834999
2022-05-10,35.400002
2022-05-11,35.654999
2022-05-12,35.294998
2022-05-13,35.715000
2022-05-16,35.825001
2022-05-17,36.195000
2022-05-18,35.845001
2022-05-19,35.770000
2022-05-20,35.869999
2022-05-23,36.299999
2022-05-24,37.025002
2022-05-25,37.000000
2022-05-26,37.105000
2022-05-27,37.685001
2022-05-31,37.165001
2022-06-01,37.105000
2022-06-02,37.355000
2022-06-03,37.174999
2022-06-06,37.340000
2022-06-07,37.564999
2022-06-08,36.830002
2022-06-09,35.945000
2022-06-10,35.669998
2022-06-13,34.029999
2022-06-14,33.169998
2022-06-15,33.384998
2022-06-16,32.740002
2022-06-17,32.435001
2022-06-21,32.790001
2022-06-22,33.134998
2022-06-23,33.915001
2022-06-24,34.505001
2022-06-27,34.785000
2022-06-28,34.654999
2022-06-29,34.680000
2022-06-30,35.064999
2022-07-01,35.924999
2022-07-05,34.700001
2022-07-06,35.060001
2022-07-07,35.025002
2022-07-08,34.910000
2022-07-11,35.130001
2022-07-12,34.959999
2022-07-13,34.814999
2022-07-14,34.814999
2022-07-15,34.880001
2022-07-18,34.395000
2022-07-19,34.615002
2022-07-20,34.154999
2022-07-21,34.244999
2022-07-22,34.715000
2022-07-25,35.150002
2022-07-26,35.360001
2022-07-27,35.389999
2022-07-28,36.660000
2022-07-29,36.974998
2022-08-01,37.014999
2022-08-02,36.939999
2022-08-03,37.169998
2022-08-04,37.250000
2022-08-05,37.115002
2022-08-08,37.169998
2022-08-09,37.584999
2022-08-10,37.750000
2022-08-11,37.744999
2022-08-12,38.360001
2022-08-15,38.680000
2022-08-16,38.790001
2022-08-17,38.724998
2022-08-18,38.869999
2022-08-19,38.849998
2022-08-22,38.320000
2022-08-23,38.090000
2022-08-24,38.209999
2022-08-25,38.445000
2022-08-26,37.855000
2022-08-29,37.970001
2022-08-30,37.415001
2022-08-31,37.169998
2022-09-01,37.705002
2022-09-02,37.299999
2022-09-06,37.395000
2022-09-07,38.564999
2022-09-08,38.535000
2022-09-09,38.689999
2022-09-12,39.060001
2022-09-13,38.020000
2022-09-14,38.330002
2022-09-15,37.375000
2022-09-16,37.235001
2022-09-19,37.480000
2022-09-20,36.935001
2022-09-21,36.430000
2022-09-22,36.299999
2022-09-23,35.880001
2022-09-26,35.014999
2022-09-27,34.424999
2022-09-28,34.794998
2022-09-29,33.400002
2022-09-30,32.755001
2022-10-03,33.715000
2022-10-04,34.430000
2022-10-05,33.665001
2022-10-06,32.555000
2022-10-07,31.879999
2022-10-10,31.934999
2022-10-11,31.820000
2022-10-12,30.760000
2022-10-13,31.530001
2022-10-14,31.075001
2022-10-17,31.725000
2022-10-18,32.305000
2022-10-19,31.885000
2022-10-20,31.080000
2022-10-21,31.655001
2022-10-24,31.920000
2022-10-25,32.560001
2022-10-26,32.544998
2022-10-27,32.805000
2022-10-28,33.705002
2022-10-31,33.389999
2022-11-01,33.520000
2022-11-02,33.195000
2022-11-03,33.340000
2022-11-04,33.544998
2022-11-07,32.904999
2022-11-08,33.134998
2022-11-09,32.875000
2022-11-10,34.424999
2022-11-11,34.040001
2022-11-14,33.634998
2022-11-15,34.005001
2022-11-16,34.310001
2022-11-17,33.709999
2022-11-18,34.424999
2022-11-21,34.580002
2022-11-22,34.875000
2022-11-23,35.264999
2022-11-25,35.470001
2022-11-28,35.105000
2022-11-29,34.845001
2022-11-30,35.715000
2022-12-01,35.685001
2022-12-02,35.514999
2022-12-05,35.314999
2022-12-06,35.535000
2022-12-07,35.369999
2022-12-08,35.599998
2022-12-09,35.415001
2022-12-12,36.224998
2022-12-13,36.334999
2022-12-14,36.290001
2022-12-15,35.849998
2022-12-16,35.240002
2022-12-19,34.814999
2022-12-20,34.825001
2022-12-21,35.310001
2022-12-22,35.095001
2022-12-23,35.455002
2022-12-27,35.674999
2022-12-28,35.334999
2022-12-29,35.590000
2022-12-30,35.250000
2023-01-03,35.250000
2023-01-04,35.570000
2023-01-05,34.799999
2023-01-06,35.500000
2023-01-09,35.740002
2023-01-10,35.750000
2023-01-11,36.040001
2023-01-12,35.794998
2023-01-13,35.665001
2023-01-17,35.615002
2023-01-18,34.759998
2023-01-19,34.410000
2023-01-20,34.615002
2023-01-23,34.625000
2023-01-24,34.799999
2023-01-25,34.330002
2023-01-26,34.445000
2023-01-27,34.445000
2023-01-30,34.290001
2023-01-31,34.544998
2023-02-01,34.605000
2023-02-02,34.680000
2023-02-03,33.955002
2023-02-06,34.244999
2023-02-07,34.230000
2023-02-08,33.654999
2023-02-09,33.195000
2023-02-10,33.855000
2023-02-13,34.060001
2023-02-14,33.915001
2023-02-15,34.134998
2023-02-16,33.875000
2023-02-17,34.240002
2023-02-21,33.599998
2023-02-22,33.470001
2023-02-23,33.294998
2023-02-24,33.305000
2023-02-27,33.080002
2023-02-28,32.500000
2023-03-01,31.965000
2023-03-02,32.570000
2023-03-03,33.125000
2023-03-06,33.285000
2023-03-07,32.740002
2023-03-08,32.990002
2023-03-09,32.724998
2023-03-10,32.209999
2023-03-13,32.705002
2023-03-14,33.134998
2023-03-15,33.584999
2023-03-16,33.810001
2023-03-17,33.485001
2023-03-20,33.500000
2023-03-21,32.825001
2023-03-22,32.180000
2023-03-23,31.850000
2023-03-24,32.845001
2023-03-27,32.884998
2023-03-28,32.974998
2023-03-29,33.455002
2023-03-30,33.599998
2023-03-31,33.845001
2023-04-03,33.615002
2023-04-04,33.785000
2023-04-05,34.660000
2023-04-06,34.904999
2023-04-10,34.834999
2023-04-11,34.865002
2023-04-12,34.830002
2023-04-13,34.834999
2023-04-14,34.445000
2023-04-17,34.634998
2023-04-18,34.455002
2023-04-19,34.720001
2023-04-20,34.709999
2023-04-21,34.810001
2023-04-24,34.985001
2023-04-25,34.950001
2023-04-26,34.130001
2023-04-27,34.540001
2023-04-28,34.490002
2023-05-01,34.549999
2023-05-02,34.130001
2023-05-03,34.035000
2023-05-04,34.294998
2023-05-05,34.514999
2023-05-08,34.410000
2023-05-09,34.365002
2023-05-10,34.680000
2023-05-11,34.325001
2023-05-12,34.514999
2023-05-15,34.080002
2023-05-16,33.325001
2023-05-17,33.205002
2023-05-18,33.105000
2023-05-19,33.055000
2023-05-22,33.064999
2023-05-23,32.950001
2023-05-24,32.735001
2023-05-25,32.294998
2023-05-26,32.294998
2023-05-30,32.169998
2023-05-31,32.465000
2023-06-01,32.224998
2023-06-02,32.560001
2023-06-05,32.715000
2023-06-06,32.689999
2023-06-07,33.244999
2023-06-08,33.389999
2023-06-09,33.195000
2023-06-12,33.134998
2023-06-13,33.130001
2023-06-14,33.110001
2023-06-15,33.470001
2023-06-16,33.650002
2023-06-20,32.990002
2023-06-21,33.255001
2023-06-22,33.000000
2023-06-23,32.514999
2023-06-26,32.834999
2023-06-27,32.845001
2023-06-28,32.360001
2023-06-29,32.360001
2023-06-30,32.720001
2023-07-03,32.965000
2023-07-05,33.340000
2023-07-06,32.935001
2023-07-07,32.695000
2023-07-10,32.555000
2023-07-11,32.959999
2023-07-12,33.439999
2023-07-13,33.555000
2023-07-14,33.424999
2023-07-17,33.040001
2023-07-18,32.785000
2023-07-19,33.119999
2023-07-20,33.724998
2023-07-21,34.230000
2023-07-24,34.139999
2023-07-25,34.200001
2023-07-26,34.200001
2023-07-27,33.595001
2023-07-28,33.520000
2023-07-31,33.535000
2023-08-01,33.125000
2023-08-02,33.125000
2023-08-03,32.369999
2023-08-04,31.995001
2023-08-07,31.990000
2023-08-08,32.139999
2023-08-09,32.209999
2023-08-10,32.110001
2023-08-11,32.285000
2023-08-14,32.029999
2023-08-15,31.510000
2023-08-16,31.650000
2023-08-17,31.580000
2023-08-18,31.745001
2023-08-21,31.545000
2023-08-22,31.635000
2023-08-23,31.760000
2023-08-24,31.575001
2023-08-25,31.815001
2023-08-28,31.809999
2023-08-29,31.930000
2023-08-30,31.785000
2023-08-31,31.480000
2023-09-01,31.320000
2023-09-05,30.840000
2023-09-06,30.910000
2023-09-07,31.315001
2023-09-08,31.590000
2023-09-11,31.719999
2023-09-12,31.760000
2023-09-13,32.139999
2023-09-14,32.610001
2023-09-15,32.470001
2023-09-18,32.185001
2023-09-19,32.009998
2023-09-20,32.040001
2023-09-21,31.705000
2023-09-22,31.645000
2023-09-25,31.600000
2023-09-26,30.655001
2023-09-27,30.065001
2023-09-28,29.415001
2023-09-29,29.465000
2023-10-02,28.094999
2023-10-03,28.420000
2023-10-04,28.389999
2023-10-05,28.225000
2023-10-06,28.625000
2023-10-09,28.910000
2023-10-10,29.305000
2023-10-11,29.780001
2023-10-12,29.320000
2023-10-13,29.650000
2023-10-16,29.955000
2023-10-17,29.875000
2023-10-18,29.615000
2023-10-19,29.320000
2023-10-20,29.014999
2023-10-23,28.770000
2023-10-24,29.510000
2023-10-25,29.674999
2023-10-26,29.930000
2023-10-27,29.365000
2023-10-30,29.590000
2023-10-31,29.844999
2023-11-01,30.184999
2023-11-02,30.750000
2023-11-03,30.930000
2023-11-06,30.850000
2023-11-07,30.625000
2023-11-08,30.400000
2023-11-09,30.000000
2023-11-10,30.160000
2023-11-13,29.799999
2023-11-14,30.990000
2023-11-15,30.895000
2023-11-16,31.059999
2023-11-17,31.145000
2023-11-20,31.049999
2023-11-21,31.115000
2023-11-22,31.264999
2023-11-24,31.344999
2023-11-27,31.395000
2023-11-28,31.495001
2023-11-29,31.245001
2023-11-30,31.379999
2023-12-01,31.764999
2023-12-04,31.639999
2023-12-05,31.415001
2023-12-06,31.834999
2023-12-07,31.764999
2023-12-08,31.705000
2023-12-11,31.910000
2023-12-12,31.780001
2023-12-13,32.980000
2023-12-14,32.549999
2023-12-15,31.985001
2023-12-18,31.615000
2023-12-19,31.795000
2023-12-20,31.150000
2023-12-21,31.205000
2023-12-22,31.309999
2023-12-26,31.500000
2023-12-27,31.480000
2023-12-28,31.705000
2023-12-29,31.665001
2024-01-02,32.125000
2024-01-03,32.244999
2024-01-04,32.145000
2024-01-05,32.264999
2024-01-08,32.500000
2024-01-09,32.235001
2024-01-10,32.230000
2024-01-11,31.480000
2024-01-12,31.660000
2024-01-16,31.315001
2024-01-17,30.860001
2024-01-18,30.530001
2024-01-19,30.490000
2024-01-22,30.334999
2024-01-23,30.389999
2024-01-24,29.975000
2024-01-25,30.514999
2024-01-26,30.605000
2024-01-29,30.799999
2024-01-30,30.790001
2024-01-31,30.725000
2024-02-01,31.309999
2024-02-02,30.745001
2024-02-05,30.105000
2024-02-06,30.215000
2024-02-07,30.235001
2024-02-08,30.020000
2024-02-09,30.135000
2024-02-12,30.485001
2024-02-13,29.980000
2024-02-14,30.145000
2024-02-15,30.650000
2024-02-16,30.615000
2024-02-20,30.594999
2024-02-21,31.000000
2024-02-22,30.760000
2024-02-23,30.980000
2024-02-26,30.370001
2024-02-27,30.945000
2024-02-28,31.040001
2024-02-29,31.049999
2024-03-01,30.860001
2024-03-04,31.379999
2024-03-05,31.290001
2024-03-06,31.590000
2024-03-07,31.795000
2024-03-08,31.875000
2024-03-11,32.035000
2024-03-12,31.725000
2024-03-13,31.940001
2024-03-14,31.684999
2024-03-15,31.730000
2024-03-18,31.615000
2024-03-19,31.895000
2024-03-20,31.934999
2024-03-21,31.885000
2024-03-22,31.930000
2024-03-25,32.080002
2024-03-26,31.715000
2024-03-27,32.599998
2024-03-28,32.825001
2024-04-01,32.625000
2024-04-02,32.680000
2024-04-03,32.549999
2024-04-04,32.485001
2024-04-05,32.580002
2024-04-08,32.794998
2024-04-09,32.974998
2024-04-10,32.410000
2024-04-11,32.345001
2024-04-12,32.099998
2024-04-15,31.805000
2024-04-16,31.385000
2024-04-17,32.040001
2024-04-18,32.220001
2024-04-19,32.715000
2024-04-22,33.014999
2024-04-23,33.169998
2024-04-24,33.369999
2024-04-25,33.459999
2024-04-26,33.095001
2024-04-29,33.544998
2024-04-30,33.369999
2024-05-01,33.755001
2024-05-02,33.935001
2024-05-03,34.205002
2024-05-06,34.380001
2024-05-07,34.770000
2024-05-08,35.134998
2024-05-09,35.669998
2024-05-10,35.634998
2024-05-13,35.634998
2024-05-14,35.730000
2024-05-15,36.264999
2024-05-16,36.139999
2024-05-17,36.169998
2024-05-20,36.110001
2024-05-21,36.435001
2024-05-22,36.005001
2024-05-23,35.395000
2024-05-24,35.750000
2024-05-28,35.715000
2024-05-29,35.255001
2024-05-30,35.730000
2024-05-31,36.360001
2024-06-03,35.945000
2024-06-04,35.930000
2024-06-05,35.724998
2024-06-06,35.355000
2024-06-07,34.970001
2024-06-10,35.419998
2024-06-11,35.205002
2024-06-12,34.974998
2024-06-13,35.055000
2024-06-14,34.970001
2024-06-17,34.584999
2024-06-18,34.599998
2024-06-20,34.900002
2024-06-21,34.695000
2024-06-24,34.869999
2024-06-25,34.540001
2024-06-26,34.395000
2024-06-27,34.455002
2024-06-28,34.070000
2024-07-01,33.834999
2024-07-02,34.009998
2024-07-03,34.215000
2024-07-05,34.275002
2024-07-08,34.310001
2024-07-09,34.410000
2024-07-10,34.735001
2024-07-11,35.369999
2024-07-12,35.630001
2024-07-15,34.764999
2024-07-16,35.035000
2024-07-17,35.055000
2024-07-18,35.025002
2024-07-19,35.064999
2024-07-22,35.360001
2024-07-23,35.139999
2024-07-24,35.535000
2024-07-25,35.240002
2024-07-26,35.584999
2024-07-29,35.744999
2024-07-30,35.930000
2024-07-31,36.395000
2024-08-01,37.049999
2024-08-02,37.110001
2024-08-05,36.130001
2024-08-06,36.435001
2024-08-07,36.639999
2024-08-08,36.680000
2024-08-09,36.805000
2024-08-12,36.869999
2024-08-13,37.084999
2024-08-14,37.060001
2024-08-15,37.055000
2024-08-16,37.220001
2024-08-19,37.465000
2024-08-20,37.384998
2024-08-21,37.650002
2024-08-22,37.605000
2024-08-23,37.709999
2024-08-26,37.955002
2024-08-27,37.654999
2024-08-28,37.654999
2024-08-29,37.860001
2024-08-30,38.145000
2024-09-03,38.090000
2024-09-04,38.415001
2024-09-05,38.320000
2024-09-06,37.955002
2024-09-09,38.340000
2024-09-10,38.520000
2024-09-11,38.639999
2024-09-12,38.724998
2024-09-13,39.270000
2024-09-16,39.570000
2024-09-17,39.540001
2024-09-18,39.240002
2024-09-19,39.009998
2024-09-20,40.040001
2024-09-23,40.165001
2024-09-24,39.880001
2024-09-25,40.090000
2024-09-26,39.814999
2024-09-27,40.209999
2024-09-30,40.389999
2024-10-01,40.715000
2024-10-02,40.735001
2024-10-03,40.720001
2024-10-04,40.654999
2024-10-07,39.720001
2024-10-08,39.740002
2024-10-09,39.400002
2024-10-10,39.279999
2024-10-11,39.625000
2024-10-14,40.125000
2024-10-15,40.305000
2024-10-16,41.105000
2024-10-17,40.740002
2024-10-18,40.974998
2024-10-21,40.814999
2024-10-22,40.669998
2024-10-23,41.060001
2024-10-24,40.794998
2024-10-25,40.189999
2024-10-28,40.505001
2024-10-29,39.639999
2024-10-30,39.544998
2024-10-31,39.955002
2024-11-01,39.064999
2024-11-04,38.599998
2024-11-05,39.180000
2024-11-06,38.775002
2024-11-07,38.845001
2024-11-08,39.590000
2024-11-11,39.700001
2024-11-12,39.244999
2024-11-13,39.174999
2024-11-14,39.040001
2024-11-15,39.625000
2024-11-18,39.970001
2024-11-19,40.224998
2024-11-20,40.244999
2024-11-21,40.945000
2024-11-22,40.724998
2024-11-25,40.799999
2024-11-26,41.450001
2024-11-27,41.450001
2024-11-29,41.465000
2024-12-02,40.575001
2024-12-03,40.224998
2024-12-04,40.220001
2024-12-05,40.345001
2024-12-06,39.845001
2024-12-09,39.345001
2024-12-10,39.060001
2024-12-11,38.814999
2024-12-12,38.794998
2024-12-13,38.820000
2024-12-16,38.509998
2024-12-17,38.349998
2024-12-18,37.445000
2024-12-19,37.615002
2024-12-20,38.215000
2024-12-23,38.029999
2024-12-24,38.240002
2024-12-26,38.150002
2024-12-27,38.040001
2024-12-30,37.880001
2024-12-31,37.845001
2025-01-02,38.134998
2025-01-03,38.540001
2025-01-06,38.110001
2025-01-07,38.014999
2025-01-08,38.005001
2025-01-10,37.790001
2025-01-13,37.349998
2025-01-14,37.840000
2025-01-15,38.395000
2025-01-16,39.365002
2025-01-17,39.419998
2025-01-21,40.025002
2025-01-22,39.160000
2025-01-23,39.345001
2025-01-24,39.744999
2025-01-27,38.825001
2025-01-28,38.290001
2025-01-29,38.369999
2025-01-30,39.169998
2025-01-31,38.939999
2025-02-03,39.150002
2025-02-04,38.805000
2025-02-05,39.195000
2025-02-06,39.150002
2025-02-07,39.070000
2025-02-10,39.494999
2025-02-11,39.695000
2025-02-12,39.625000
2025-02-13,39.715000
2025-02-14,39.549999
2025-02-18,39.919998
2025-02-19,40.130001
2025-02-20,40.125000
2025-02-21,40.134998
2025-02-24,39.935001
2025-02-25,39.735001
2025-02-26,39.900002
2025-02-27,39.014999
2025-02-28,39.610001
2025-03-03,39.665001
2025-03-04,39.020000
2025-03-05,38.744999
2025-03-06,37.939999
2025-03-07,38.645000
2025-03-10,39.070000
2025-03-11,38.705002
2025-03-12,38.584999
2025-03-13,38.680000
2025-03-14,39.435001
2025-03-17,39.599998
2025-03-18,39.325001
2025-03-19,39.470001
2025-03-20,39.630001
2025-03-21,39.375000
2025-03-24,39.084999
2025-03-25,38.459999
2025-03-26,38.715000
2025-03-27,38.705002
2025-03-28,38.990002
2025-03-31,39.424999
2025-04-01,39.525002
2025-04-02,39.709999
2025-04-03,39.459999
2025-04-04,37.264999
2025-04-07,36.695000
2025-04-08,36.544998
2025-04-09,37.985001
2025-04-10,37.700001
2025-04-11,38.160000
2025-04-14,38.845001
2025-04-15,38.840000
2025-04-16,38.490002
2025-04-17,38.884998
2025-04-21,37.965000
2025-04-22,39.000000
2025-04-23,39.165001
2025-04-24,39.224998
2025-04-25,39.105000
2025-04-28,39.345001
2025-04-29,39.650002
2025-04-30,39.450001
2025-05-01,39.564999
2025-05-02,39.875000
2025-05-05,39.775002
2025-05-06,40.259998
2025-05-07,40.375000
2025-05-08,40.049999
2025-05-09,40.119999
2025-05-12,39.880001
2025-05-13,39.825001
2025-05-14,39.650002
2025-05-15,40.494999
2025-05-16,41.090000
2025-05-19,41.264999
2025-05-20,41.384998
2025-05-21,40.630001
2025-05-22,40.049999
2025-05-23,40.529999
2025-05-27,40.834999
2025-05-28,40.264999
2025-05-29,40.544998
2025-05-30,40.959999
2025-06-02,41.090000
2025-06-03,41.200001
2025-06-04,40.480000
2025-06-05,40.415001
2025-06-06,40.595001
2025-06-09,40.334999
2025-06-10,40.430000
2025-06-11,40.455002
2025-06-12,40.945000
2025-06-13,40.709999
2025-06-16,40.509998
2025-06-17,40.174999
2025-06-18,40.279999
2025-06-20,40.389999
2025-06-23,40.619999
2025-06-24,40.794998
2025-06-25,40.250000
2025-06-26,40.584999
2025-06-27,40.665001
2025-06-30,40.830002
2025-07-01,40.970001
2025-07-02,40.615002
2025-07-03,40.919998
2025-07-07,41.005001
2025-07-08,40.570000
2025-07-09,40.950001
2025-07-10,41.285000
2025-07-11,41.224998
2025-07-14,41.389999
2025-07-15,40.994999
2025-07-16,41.014999
2025-07-17,41.185001
2025-07-18,41.875000
2025-07-21,42.009998
2025-07-22,42.525002
2025-07-23,42.205002
2025-07-24,42.150002
2025-07-25,42.259998
2025-07-28,41.810001
2025-07-29,42.290001
2025-07-30,42.605000
2025-07-31,42.834999
2025-08-01,42.900002
2025-08-04,43.660000
2025-08-05,43.195000
2025-08-06,42.810001
2025-08-07,43.275002
2025-08-08,43.090000
2025-08-11,42.955002
2025-08-12,43.139999
2025-08-13,43.235001
2025-08-14,42.935001
2025-08-15,42.810001
2025-08-18,42.625000
2025-08-19,43.040001
2025-08-20,43.084999
2025-08-21,42.790001
2025-08-22,43.020000
2025-08-25,42.535000
2025-08-26,42.630001
2025-08-27,42.639999
2025-08-28,42.314999
2025-08-29,42.160000
2025-09-02,42.020000
2025-09-03,41.915001
2025-09-04,41.865002
2025-09-05,41.735001
2025-09-08,41.310001
2025-09-09,41.595001
2025-09-10,42.310001
2025-09-11,42.535000
2025-09-12,42.750000
2025-09-15,42.849998
2025-09-16,42.070000
2025-09-17,42.174999
2025-09-18,42.205002
2025-09-19,42.474998
2025-09-22,42.599998
2025-09-23,42.820000
2025-09-24,43.125000
2025-09-25,42.709999
2025-09-26,43.404999
2025-09-29,43.529999
2025-09-30,43.605000
2025-10-01,44.025002
2025-10-02,43.945000
2025-10-03,44.455002
2025-10-06,44.884998
2025-10-07,45.090000
2025-10-08,45.400002
2025-10-09,45.285000
2025-10-10,45.099998
2025-10-13,45.445000
2025-10-14,45.849998
2025-10-15,46.450001
2025-10-16,45.945000
2025-10-17,45.785000
2025-10-20,45.770000
2025-10-21,45.305000
2025-10-22,45.200001
2025-10-23,45.165001
2025-10-24,45.695000
2025-10-27,45.820000
2025-10-28,45.064999
2025-10-29,45.049999
2025-10-30,44.860001
2025-10-31,44.549999
2025-11-03,44.575001
2025-11-04,44.415001
2025-11-05,44.424999
2025-11-06,44.230000
2025-11-07,44.845001
2025-11-10,44.830002
2025-11-11,44.855000
2025-11-12,44.959999
2025-11-13,44.340000
2025-11-14,44.380001
2025-11-17,44.779999
2025-11-18,44.610001
2025-11-19,44.235001
2025-11-20,44.009998
2025-11-21,44.075001
2025-11-24,44.575001
2025-11-25,44.404999
2025-11-26,44.994999
2025-11-28,45.314999
2025-12-01,44.255001
2025-12-02,43.939999
2025-12-03,43.799999
2025-12-04,43.709999
2025-12-05,43.299999
2025-12-08,42.720001
2025-12-09,42.750000
2025-12-10,42.730000
2025-12-11,43.040001
2025-12-12,42.830002
2025-12-15,43.220001
2025-12-16,43.040001
2025-12-17,42.759998
2025-12-18,43.180000
2025-12-19,42.630001
2025-12-22,42.470001
2025-12-23,42.619999
2025-12-24,42.810001
2025-12-26,42.779999
2025-12-29,42.860001
2025-12-30,42.959999
2025-12-31,42.689999
2026-01-02,43.180000
2026-01-05,42.700001
2026-01-06,42.910000
2026-01-07,41.869999
2026-01-08,41.990002
2026-01-09,42.509998
2026-01-12,42.580002
2026-01-13,42.849998
2026-01-14,43.169998
2026-01-15,43.610001
2026-01-16,43.389999
2026-01-20,42.959999
2026-01-21,43.020000
2026-01-22,42.709999
2026-01-23,42.560001
2026-01-26,42.869999
2026-01-27,43.430000
2026-01-28,43.330002
2026-01-29,43.330002
2026-01-30,43.250000
2026-02-02,42.619999
2026-02-03,43.240002
2026-02-04,43.080002
2026-02-05,43.099998
2026-02-06,43.349998
2026-02-09,43.480000
2026-02-10,44.200001
2026-02-11,44.590000
2026-02-12,45.250000
2026-02-13,46.500000
2026-02-17,46.380001
2026-02-18,45.610001
2026-02-19,46.110001
2026-02-20,46.330002
2026-02-23,46.680000
2026-02-24,47.200001
2026-02-25,47.360001
2026-02-26,47.180000
2026-02-27,47.730000
2026-03-02,47.369999
2026-03-03,47.070000
2026-03-04,47.270000
2026-03-05,46.900002
2026-03-06,46.740002
2026-03-09,46.849998
2026-03-10,46.560001
2026-03-11,46.169998
2026-03-12,46.500000
2026-03-13,46.959999
2026-03-16,47.259998
2026-03-17,47.130001
2026-03-18,46.730000
2026-03-19,46.540001
2026-03-20,44.650002
2026-03-23,44.779999
2026-03-24,45.090000
2026-03-25,45.250000
2026-03-26,45.330002
2026-03-27,45.590000
2026-03-30,45.919998
2026-03-31,45.889999
2026-04-01,46.110001
2026-04-02,46.340000
2026-04-06,46.169998
2026-04-07,46.270000
2026-04-08,46.779999
2026-04-09,47.150002
2026-04-10,46.959999
2026-04-13,46.389999
2026-04-14,46.470001
2026-04-15,46.020000
2026-04-16,46.349998
2026-04-17,46.160000
2026-04-20,45.750000
2026-04-21,44.950001
2026-04-22,44.869999
2026-04-23,46.090000
2026-04-24,46.180000
2026-04-27,46.189999
2026-04-28,46.250000
2026-04-29,45.680000
2026-04-30,46.849998
2026-05-01,46.549999
2026-05-04,46.369999
2026-05-05,46.369999
2026-05-06,45.709999
2026-05-07,45.119999
2026-05-08,44.720001
2026-05-11,45.139999
2026-05-12,45.189999
2026-05-13,44.669998
2026-05-14,44.900002
2026-05-15,43.869999
2026-05-18,43.939999
2026-05-19,44.340000
2026-05-20,44.509998
2026-05-21,45.000000
2026-05-22,45.349998
2026-05-26,45.330002
2026-05-27,45.139999
2026-05-28,44.630001
2026-05-29,44.419998
2026-06-01,43.099998
2026-06-02,43.900002
2026-06-03,43.709999
2026-06-04,43.939999
2026-06-05,44.349998
2026-06-08,43.520000
2026-06-09,43.980000
2026-06-10,44.000000
2026-06-11,44.049999
2026-06-12,44.529999
2026-06-15,44.740002
2026-06-16,45.060001
2026-06-17,44.459999
2026-06-18,44.759998
2026-06-22,44.720001
2026-06-23,45.070000
2026-06-24,45.540001
2026-06-25,45.849998
2026-06-26,46.200001
2026-06-29,46.020000
2026-06-30,45.340000
2026-07-01,44.770000
2026-07-02,45.759998
2026-07-06,45.299999
2026-07-07,45.700001
2026-07-08,45.360001
2026-07-09,45.130001
2026-07-10,45.410000
2026-07-13,45.720001
2026-07-14,45.689999
2026-07-15,45.220001
2026-07-16,45.470001
2026-07-17,45.169998
2026-07-20,44.939999
2026-07-21,44.919998
2026-07-22,45.930000
2026-07-23,46.189999
2026-07-24,46.290001
2026-07-27,45.680000
2026-07-28,45.520000
2026-07-29,44.910000
2026-07-30,44.660000
2026-07-31,44.349998
2026-08-03,44.360001
2026-08-04,44.110001
2026-08-05,43.660000
2026-08-06,43.380001
2026-08-07,43.610001
2026-08-10,43.130001
2026-08-11,43.630001
2026-08-12,43.840000
2026-08-13,44.040001
2026-08-14,44.310001
2026-08-17,44.180000
2026-08-18,44.020000
2026-08-19,44.020000
2026-08-20,43.770000
2026-08-21,42.770000
2026-08-24,43.220001
2026-08-25,43.310001
2026-08-26,43.509998
2026-08-27,43.180000
2026-08-28,42.730000
2026-08-31,42.230000
2026-09-01,42.560001
2026-09-02,42.669998
2026-09-03,43.029999
2026-09-04,43.080002
2026-09-08,43.450001
2026-09-09,42.939999
