d,c
1998-12-22,25.031250
1998-12-23,25.593750
1998-12-24,25.750000
1998-12-28,25.375000
1998-12-29,25.937500
1998-12-30,25.718750
1998-12-31,26.000000
1999-01-04,25.937500
1999-01-05,26.343750
1999-01-06,26.781250
1999-01-07,26.656250
1999-01-08,26.984375
1999-01-11,27.046875
1999-01-12,26.937500
1999-01-13,26.687500
1999-01-14,26.468750
1999-01-15,26.828125
1999-01-19,27.593750
1999-01-20,27.750000
1999-01-21,26.781250
1999-01-22,26.671875
1999-01-25,26.890625
1999-01-26,27.015625
1999-01-27,26.750000
1999-01-28,27.250000
1999-01-29,27.250000
1999-02-01,27.406250
1999-02-02,27.000000
1999-02-03,27.515625
1999-02-04,27.312500
1999-02-05,27.000000
1999-02-08,26.984375
1999-02-09,26.500000
1999-02-10,26.562500
1999-02-11,27.281250
1999-02-12,26.875000
1999-02-16,27.125000
1999-02-17,26.843750
1999-02-18,27.187500
1999-02-19,27.265625
1999-02-22,27.843750
1999-02-23,27.796875
1999-02-24,27.468750
1999-02-25,27.203125
1999-02-26,27.281250
1999-03-01,27.234375
1999-03-02,27.218750
1999-03-03,27.046875
1999-03-04,27.531250
1999-03-05,28.156250
1999-03-08,28.187500
1999-03-09,27.968750
1999-03-10,28.218750
1999-03-11,28.406250
1999-03-12,28.250000
1999-03-15,28.343750
1999-03-16,28.281250
1999-03-17,28.125000
1999-03-18,28.515625
1999-03-19,28.390625
1999-03-22,28.312500
1999-03-23,27.531250
1999-03-24,27.656250
1999-03-25,28.125000
1999-03-26,27.906250
1999-03-29,28.250000
1999-03-30,28.156250
1999-03-31,28.000000
1999-04-01,28.000000
1999-04-05,28.625000
1999-04-06,28.656250
1999-04-07,29.203125
1999-04-08,29.500000
1999-04-09,29.593750
1999-04-12,30.343750
1999-04-13,30.031250
1999-04-14,29.750000
1999-04-15,29.000000
1999-04-16,28.718750
1999-04-19,27.937500
1999-04-20,28.468750
1999-04-21,29.125000
1999-04-22,29.718750
1999-04-23,30.390625
1999-04-26,30.343750
1999-04-27,30.375000
1999-04-28,29.562500
1999-04-29,29.218750
1999-04-30,29.000000
1999-05-03,29.562500
1999-05-04,29.000000
1999-05-05,29.250000
1999-05-06,29.375000
1999-05-07,29.281250
1999-05-10,29.218750
1999-05-11,29.687500
1999-05-12,29.968750
1999-05-13,29.781250
1999-05-14,29.250000
1999-05-17,29.062500
1999-05-18,28.750000
1999-05-19,29.093750
1999-05-20,29.484375
1999-05-21,29.156250
1999-05-24,28.468750
1999-05-25,28.187500
1999-05-26,28.218750
1999-05-27,27.906250
1999-05-28,28.109375
1999-06-01,28.187500
1999-06-02,28.093750
1999-06-03,28.312500
1999-06-04,29.000000
1999-06-07,28.750000
1999-06-08,28.515625
1999-06-09,28.531250
1999-06-10,28.296875
1999-06-11,27.968750
1999-06-14,28.125000
1999-06-15,28.437500
1999-06-16,29.000000
1999-06-17,29.140625
1999-06-18,29.000000
1999-06-21,28.859375
1999-06-22,28.812500
1999-06-23,28.875000
1999-06-24,28.343750
1999-06-25,28.375000
1999-06-28,28.687500
1999-06-29,28.968750
1999-06-30,29.343750
1999-07-01,29.437500
1999-07-02,29.437500
1999-07-06,29.375000
1999-07-07,29.562500
1999-07-08,29.500000
1999-07-09,29.625000
1999-07-12,29.687500
1999-07-13,29.625000
1999-07-14,29.687500
1999-07-15,29.828125
1999-07-16,29.843750
1999-07-19,29.718750
1999-07-20,29.593750
1999-07-21,29.531250
1999-07-22,29.062500
1999-07-23,28.812500
1999-07-26,28.843750
1999-07-27,29.375000
1999-07-28,29.156250
1999-07-29,28.656250
1999-07-30,28.468750
1999-08-02,28.281250
1999-08-03,28.156250
1999-08-04,27.750000
1999-08-05,27.671875
1999-08-06,27.375000
1999-08-09,27.406250
1999-08-10,26.859375
1999-08-11,27.125000
1999-08-12,27.125000
1999-08-13,27.593750
1999-08-16,27.593750
1999-08-17,27.937500
1999-08-18,28.125000
1999-08-19,28.000000
1999-08-20,27.937500
1999-08-23,28.203125
1999-08-24,27.812500
1999-08-25,28.375000
1999-08-26,28.156250
1999-08-27,27.953125
1999-08-30,27.281250
1999-08-31,27.187500
1999-09-01,27.218750
1999-09-02,26.937500
1999-09-03,27.796875
1999-09-07,28.125000
1999-09-08,28.000000
1999-09-09,27.812500
1999-09-10,27.968750
1999-09-13,27.921875
1999-09-14,27.640625
1999-09-15,27.375000
1999-09-16,27.390625
1999-09-17,28.171875
1999-09-20,27.828125
1999-09-21,27.328125
1999-09-22,27.265625
1999-09-23,26.968750
1999-09-24,26.546875
1999-09-27,26.750000
1999-09-28,26.500000
1999-09-29,26.578125
1999-09-30,26.812500
1999-10-01,26.718750
1999-10-04,27.125000
1999-10-05,26.765625
1999-10-06,27.437500
1999-10-07,27.187500
1999-10-08,27.484375
1999-10-11,27.406250
1999-10-12,26.937500
1999-10-13,26.343750
1999-10-14,26.250000
1999-10-15,25.796875
1999-10-18,25.671875
1999-10-19,25.687500
1999-10-20,26.312500
1999-10-21,26.359375
1999-10-22,26.687500
1999-10-25,26.687500
1999-10-26,26.500000
1999-10-27,26.500000
1999-10-28,27.640625
1999-10-29,28.171875
1999-11-01,28.187500
1999-11-02,27.828125
1999-11-03,27.953125
1999-11-04,28.265625
1999-11-05,28.140625
1999-11-08,28.187500
1999-11-09,28.000000
1999-11-10,28.171875
1999-11-11,28.500000
1999-11-12,29.062500
1999-11-15,29.187500
1999-11-16,29.562500
1999-11-17,29.265625
1999-11-18,29.453125
1999-11-19,29.312500
1999-11-22,29.000000
1999-11-23,28.515625
1999-11-24,28.921875
1999-11-26,28.687500
1999-11-29,28.515625
1999-11-30,28.500000
1999-12-01,28.437500
1999-12-02,28.687500
1999-12-03,29.250000
1999-12-06,29.421875
1999-12-07,29.343750
1999-12-08,29.625000
1999-12-09,30.078125
1999-12-10,29.890625
1999-12-13,29.687500
1999-12-14,29.750000
1999-12-15,29.500000
1999-12-16,29.734375
1999-12-17,30.250000
1999-12-20,29.968750
1999-12-21,29.781250
1999-12-22,29.812500
1999-12-23,30.437500
1999-12-27,30.437500
1999-12-28,30.500000
1999-12-29,30.484375
1999-12-30,30.593750
1999-12-31,30.890625
2000-01-03,30.296875
2000-01-04,29.609375
2000-01-05,29.343750
2000-01-06,29.437500
2000-01-07,29.796875
2000-01-10,32.843750
2000-01-11,31.968750
2000-01-12,31.437500
2000-01-13,32.375000
2000-01-14,32.093750
2000-01-18,31.500000
2000-01-19,32.250000
2000-01-20,32.000000
2000-01-21,31.937500
2000-01-24,30.984375
2000-01-25,31.203125
2000-01-26,31.062500
2000-01-27,30.875000
2000-01-28,30.250000
2000-01-31,30.109375
2000-02-01,30.500000
2000-02-02,31.250000
2000-02-03,31.531250
2000-02-04,31.640625
2000-02-07,31.125000
2000-02-08,31.468750
2000-02-09,30.906250
2000-02-10,30.640625
2000-02-11,30.656250
2000-02-14,30.093750
2000-02-15,29.859375
2000-02-16,29.015625
2000-02-17,29.000000
2000-02-18,28.203125
2000-02-22,28.000000
2000-02-23,28.437500
2000-02-24,28.218750
2000-02-25,27.343750
2000-02-28,27.828125
2000-02-29,28.140625
2000-03-01,28.375000
2000-03-02,28.250000
2000-03-03,28.640625
2000-03-06,28.078125
2000-03-07,27.562500
2000-03-08,27.421875
2000-03-09,28.062500
2000-03-10,27.828125
2000-03-13,27.625000
2000-03-14,27.703125
2000-03-15,27.843750
2000-03-16,29.281250
2000-03-17,29.312500
2000-03-20,29.875000
2000-03-21,30.062500
2000-03-22,30.828125
2000-03-23,30.953125
2000-03-24,31.218750
2000-03-27,31.000000
2000-03-28,31.031250
2000-03-29,30.562500
2000-03-30,30.125000
2000-03-31,30.671875
2000-04-03,30.656250
2000-04-04,30.312500
2000-04-05,30.109375
2000-04-06,30.687500
2000-04-07,30.765625
2000-04-10,30.562500
2000-04-11,30.828125
2000-04-12,30.265625
2000-04-13,29.500000
2000-04-14,27.718750
2000-04-17,27.953125
2000-04-18,28.718750
2000-04-19,29.468750
2000-04-20,29.593750
2000-04-24,29.171875
2000-04-25,29.906250
2000-04-26,30.218750
2000-04-27,30.031250
2000-04-28,30.312500
2000-05-01,30.406250
2000-05-02,29.796875
2000-05-03,28.968750
2000-05-04,28.875000
2000-05-05,28.843750
2000-05-08,28.906250
2000-05-09,28.703125
2000-05-10,28.656250
2000-05-11,28.625000
2000-05-12,29.125000
2000-05-15,29.609375
2000-05-16,30.000000
2000-05-17,29.656250
2000-05-18,29.625000
2000-05-19,28.843750
2000-05-22,28.515625
2000-05-23,28.281250
2000-05-24,28.468750
2000-05-25,28.250000
2000-05-26,28.031250
2000-05-30,29.187500
2000-05-31,29.500000
2000-06-01,29.312500
2000-06-02,30.031250
2000-06-05,29.937500
2000-06-06,29.687500
2000-06-07,29.609375
2000-06-08,29.375000
2000-06-09,29.812500
2000-06-12,29.531250
2000-06-13,29.125000
2000-06-14,29.625000
2000-06-15,30.468750
2000-06-16,30.125000
2000-06-19,30.312500
2000-06-20,30.265625
2000-06-21,30.125000
2000-06-22,30.062500
2000-06-23,29.500000
2000-06-26,29.218750
2000-06-27,29.156250
2000-06-28,29.031250
2000-06-29,29.468750
2000-06-30,29.562500
2000-07-03,29.500000
2000-07-05,29.687500
2000-07-06,29.625000
2000-07-07,29.875000
2000-07-10,29.625000
2000-07-11,29.296875
2000-07-12,29.843750
2000-07-13,29.937500
2000-07-14,30.406250
2000-07-17,30.031250
2000-07-18,29.562500
2000-07-19,29.750000
2000-07-20,30.218750
2000-07-21,29.468750
2000-07-24,29.187500
2000-07-25,29.203125
2000-07-26,28.968750
2000-07-27,29.156250
2000-07-28,28.843750
2000-07-31,29.125000
2000-08-01,29.375000
2000-08-02,29.500000
2000-08-03,29.656250
2000-08-04,30.265625
2000-08-07,30.031250
2000-08-08,30.125000
2000-08-09,29.843750
2000-08-10,29.906250
2000-08-11,30.093750
2000-08-14,30.437500
2000-08-15,30.281250
2000-08-16,29.843750
2000-08-17,30.125000
2000-08-18,30.125000
2000-08-21,30.218750
2000-08-22,29.843750
2000-08-23,29.875000
2000-08-24,29.796875
2000-08-25,30.296875
2000-08-28,30.000000
2000-08-29,30.140625
2000-08-30,30.343750
2000-08-31,30.156250
2000-09-01,30.125000
2000-09-05,29.531250
2000-09-06,29.406250
2000-09-07,29.171875
2000-09-08,29.187500
2000-09-11,29.296875
2000-09-12,29.281250
2000-09-13,29.593750
2000-09-14,29.281250
2000-09-15,29.156250
2000-09-18,29.109375
2000-09-19,28.921875
2000-09-20,28.359375
2000-09-21,28.625000
2000-09-22,28.375000
2000-09-25,28.796875
2000-09-26,28.796875
2000-09-27,28.312500
2000-09-28,29.140625
2000-09-29,29.062500
2000-10-02,29.437500
2000-10-03,29.546875
2000-10-04,29.781250
2000-10-05,30.046875
2000-10-06,29.343750
2000-10-09,29.156250
2000-10-10,29.187500
2000-10-11,28.453125
2000-10-12,27.500000
2000-10-13,28.015625
2000-10-16,27.750000
2000-10-17,26.375000
2000-10-18,26.812500
2000-10-19,27.125000
2000-10-20,27.687500
2000-10-23,28.093750
2000-10-24,28.156250
2000-10-25,27.656250
2000-10-26,28.046875
2000-10-27,28.296875
2000-10-30,28.843750
2000-10-31,29.500000
2000-11-01,29.703125
2000-11-02,29.968750
2000-11-03,29.859375
2000-11-06,30.062500
2000-11-07,30.187500
2000-11-08,29.937500
2000-11-09,28.562500
2000-11-10,28.453125
2000-11-13,27.843750
2000-11-14,28.515625
2000-11-15,28.656250
2000-11-16,28.312500
2000-11-17,28.125000
2000-11-20,27.968750
2000-11-21,27.312500
2000-11-22,27.046875
2000-11-24,27.171875
2000-11-27,27.343750
2000-11-28,27.000000
2000-11-29,27.062500
2000-11-30,26.812500
2000-12-01,27.000000
2000-12-04,27.015625
2000-12-05,27.718750
2000-12-06,28.015625
2000-12-07,27.546875
2000-12-08,28.140625
2000-12-11,28.437500
2000-12-12,28.500000
2000-12-13,28.656250
2000-12-14,28.406250
2000-12-15,27.687500
2000-12-18,27.531250
2000-12-19,27.562500
2000-12-20,26.312500
2000-12-21,26.500000
2000-12-22,26.953125
2000-12-26,27.000000
2000-12-27,27.093750
2000-12-28,27.562500
2000-12-29,27.250000
2001-01-02,26.140625
2001-01-03,28.203125
2001-01-04,29.031250
2001-01-05,28.250000
2001-01-08,27.843750
2001-01-09,28.187500
2001-01-10,28.406250
2001-01-11,29.046875
2001-01-12,29.437500
2001-01-16,29.750000
2001-01-17,29.968750
2001-01-18,29.875000
2001-01-19,29.140625
2001-01-22,28.937500
2001-01-23,29.609375
2001-01-24,29.328125
2001-01-25,29.281250
2001-01-26,28.984375
2001-01-29,29.459999
2001-01-30,29.400000
2001-01-31,29.219999
2001-02-01,29.610001
2001-02-02,29.260000
2001-02-05,29.240000
2001-02-06,29.270000
2001-02-07,29.549999
2001-02-08,29.730000
2001-02-09,29.250000
2001-02-12,29.490000
2001-02-13,29.520000
2001-02-14,29.200001
2001-02-15,29.320000
2001-02-16,29.190001
2001-02-20,29.160000
2001-02-21,29.010000
2001-02-22,28.459999
2001-02-23,28.379999
2001-02-26,28.530001
2001-02-27,29.040001
2001-02-28,28.660000
2001-03-01,28.559999
2001-03-02,28.610001
2001-03-05,28.450001
2001-03-06,28.549999
2001-03-07,28.680000
2001-03-08,28.840000
2001-03-09,28.590000
2001-03-12,27.160000
2001-03-13,27.170000
2001-03-14,26.650000
2001-03-15,27.440001
2001-03-16,27.070000
2001-03-19,27.070000
2001-03-20,26.500000
2001-03-21,25.799999
2001-03-22,25.230000
2001-03-23,25.799999
2001-03-26,26.250000
2001-03-27,27.030001
2001-03-28,26.469999
2001-03-29,26.799999
2001-03-30,26.820000
2001-04-02,26.490000
2001-04-03,25.900000
2001-04-04,26.059999
2001-04-05,26.709999
2001-04-06,26.590000
2001-04-09,26.920000
2001-04-10,27.450001
2001-04-11,27.120001
2001-04-12,27.100000
2001-04-16,27.290001
2001-04-17,27.760000
2001-04-18,28.870001
2001-04-19,28.900000
2001-04-20,28.980000
2001-04-23,28.309999
2001-04-24,28.389999
2001-04-25,28.719999
2001-04-26,29.080000
2001-04-27,28.799999
2001-04-30,28.799999
2001-05-01,29.250000
2001-05-02,29.340000
2001-05-03,28.770000
2001-05-04,28.860001
2001-05-07,28.930000
2001-05-08,28.450001
2001-05-09,28.629999
2001-05-10,28.820000
2001-05-11,28.959999
2001-05-14,28.830000
2001-05-15,28.959999
2001-05-16,29.760000
2001-05-17,30.020000
2001-05-18,30.100000
2001-05-21,30.559999
2001-05-22,30.600000
2001-05-23,30.090000
2001-05-24,30.459999
2001-05-25,30.240000
2001-05-29,30.010000
2001-05-30,29.910000
2001-05-31,29.900000
2001-06-01,29.809999
2001-06-04,29.850000
2001-06-05,30.129999
2001-06-06,29.889999
2001-06-07,30.059999
2001-06-08,29.900000
2001-06-11,29.750000
2001-06-12,29.680000
2001-06-13,29.540001
2001-06-14,28.990000
2001-06-15,28.900000
2001-06-18,28.459999
2001-06-19,28.540001
2001-06-20,29.160000
2001-06-21,29.490000
2001-06-22,29.110001
2001-06-25,29.180000
2001-06-26,28.730000
2001-06-27,29.200001
2001-06-28,29.420000
2001-06-29,29.549999
2001-07-02,29.760000
2001-07-03,29.760000
2001-07-05,29.410000
2001-07-06,28.860001
2001-07-09,28.700001
2001-07-10,28.700001
2001-07-11,28.680000
2001-07-12,28.959999
2001-07-13,29.160000
2001-07-16,29.020000
2001-07-17,29.219999
2001-07-18,28.930000
2001-07-19,28.760000
2001-07-20,28.830000
2001-07-23,28.270000
2001-07-24,28.139999
2001-07-25,28.299999
2001-07-26,29.129999
2001-07-27,29.170000
2001-07-30,29.170000
2001-07-31,28.959999
2001-08-01,28.930000
2001-08-02,29.230000
2001-08-03,28.990000
2001-08-06,28.799999
2001-08-07,28.879999
2001-08-08,28.680000
2001-08-09,28.549999
2001-08-10,28.600000
2001-08-13,28.820000
2001-08-14,28.450001
2001-08-15,28.059999
2001-08-16,28.200001
2001-08-17,27.889999
2001-08-20,28.100000
2001-08-21,28.260000
2001-08-22,28.150000
2001-08-23,28.299999
2001-08-24,28.809999
2001-08-27,28.450001
2001-08-28,28.049999
2001-08-29,27.799999
2001-08-30,27.230000
2001-08-31,27.490000
2001-09-04,27.370001
2001-09-05,27.389999
2001-09-06,26.590000
2001-09-07,26.070000
2001-09-10,25.730000
2001-09-17,23.580000
2001-09-18,23.150000
2001-09-19,22.770000
2001-09-20,21.900000
2001-09-21,21.959999
2001-09-24,22.639999
2001-09-25,22.480000
2001-09-26,22.690001
2001-09-27,23.040001
2001-09-28,23.500000
2001-10-01,23.059999
2001-10-02,23.360001
2001-10-03,24.230000
2001-10-04,24.160000
2001-10-05,23.900000
2001-10-08,23.719999
2001-10-09,23.500000
2001-10-10,24.010000
2001-10-11,24.580000
2001-10-12,24.360001
2001-10-15,24.450001
2001-10-16,24.690001
2001-10-17,23.950001
2001-10-18,23.570000
2001-10-19,23.490000
2001-10-22,24.150000
2001-10-23,24.299999
2001-10-24,23.910000
2001-10-25,24.049999
2001-10-26,24.260000
2001-10-29,23.639999
2001-10-30,23.309999
2001-10-31,23.620001
2001-11-01,23.950001
2001-11-02,24.080000
2001-11-05,24.450001
2001-11-06,24.750000
2001-11-07,24.610001
2001-11-08,24.820000
2001-11-09,24.670000
2001-11-12,24.730000
2001-11-13,25.450001
2001-11-14,25.750000
2001-11-15,26.049999
2001-11-16,26.049999
2001-11-19,26.500000
2001-11-20,26.500000
2001-11-21,26.240000
2001-11-23,26.350000
2001-11-26,26.690001
2001-11-27,26.600000
2001-11-28,26.190001
2001-11-29,26.250000
2001-11-30,26.360001
2001-12-03,26.379999
2001-12-04,26.719999
2001-12-05,27.650000
2001-12-06,27.750000
2001-12-07,27.590000
2001-12-10,26.959999
2001-12-11,27.150000
2001-12-12,27.030001
2001-12-13,26.450001
2001-12-14,26.400000
2001-12-17,26.650000
2001-12-18,27.040001
2001-12-19,26.900000
2001-12-20,26.570000
2001-12-21,26.480000
2001-12-24,26.600000
2001-12-26,26.799999
2001-12-27,27.100000
2001-12-28,27.370001
2001-12-31,26.950001
2002-01-02,27.180000
2002-01-03,27.299999
2002-01-04,27.620001
2002-01-07,27.650000
2002-01-08,27.799999
2002-01-09,27.650000
2002-01-10,27.730000
2002-01-11,27.549999
2002-01-14,27.350000
2002-01-15,27.690001
2002-01-16,27.010000
2002-01-17,27.180000
2002-01-18,26.969999
2002-01-22,26.900000
2002-01-23,26.799999
2002-01-24,27.020000
2002-01-25,27.049999
2002-01-28,27.100000
2002-01-29,26.590000
2002-01-30,26.480000
2002-01-31,26.750000
2002-02-01,26.700001
2002-02-04,26.190001
2002-02-05,26.330000
2002-02-06,26.190001
2002-02-07,26.700001
2002-02-08,27.250000
2002-02-11,27.500000
2002-02-12,27.250000
2002-02-13,27.700001
2002-02-14,27.780001
2002-02-15,27.350000
2002-02-19,26.900000
2002-02-20,27.549999
2002-02-21,27.350000
2002-02-22,27.600000
2002-02-25,28.080000
2002-02-26,28.000000
2002-02-27,27.900000
2002-02-28,27.980000
2002-03-01,28.510000
2002-03-04,28.799999
2002-03-05,28.760000
2002-03-06,29.160000
2002-03-07,28.940001
2002-03-08,29.240000
2002-03-11,29.100000
2002-03-12,29.000000
2002-03-13,28.900000
2002-03-14,29.100000
2002-03-15,29.620001
2002-03-18,29.879999
2002-03-19,29.850000
2002-03-20,29.860001
2002-03-21,29.670000
2002-03-22,29.510000
2002-03-25,29.070000
2002-03-26,28.900000
2002-03-27,29.330000
2002-03-28,29.590000
2002-04-01,29.320000
2002-04-02,29.150000
2002-04-03,28.770000
2002-04-04,29.180000
2002-04-05,29.530001
2002-04-08,29.650000
2002-04-09,29.690001
2002-04-10,29.959999
2002-04-11,29.459999
2002-04-12,29.559999
2002-04-15,29.540001
2002-04-16,29.740000
2002-04-17,29.809999
2002-04-18,30.120001
2002-04-19,30.360001
2002-04-22,30.219999
2002-04-23,30.000000
2002-04-24,30.200001
2002-04-25,30.290001
2002-04-26,29.799999
2002-04-29,29.120001
2002-04-30,29.410000
2002-05-01,29.940001
2002-05-02,29.840000
2002-05-03,29.650000
2002-05-06,29.090000
2002-05-07,29.150000
2002-05-08,29.799999
2002-05-09,29.459999
2002-05-10,29.070000
2002-05-13,29.410000
2002-05-14,29.940001
2002-05-15,30.200001
2002-05-16,30.280001
2002-05-17,30.270000
2002-05-20,30.000000
2002-05-21,29.740000
2002-05-22,29.559999
2002-05-23,29.830000
2002-05-24,29.709999
2002-05-28,29.680000
2002-05-29,29.660000
2002-05-30,29.600000
2002-05-31,29.820000
2002-06-03,29.309999
2002-06-04,29.240000
2002-06-05,29.490000
2002-06-06,29.090000
2002-06-07,29.299999
2002-06-10,29.360001
2002-06-11,29.139999
2002-06-12,28.540001
2002-06-13,28.020000
2002-06-14,27.809999
2002-06-17,28.590000
2002-06-18,28.719999
2002-06-19,28.620001
2002-06-20,27.860001
2002-06-21,27.270000
2002-06-24,27.480000
2002-06-25,27.049999
2002-06-26,27.500000
2002-06-27,28.200001
2002-06-28,27.680000
2002-07-01,26.520000
2002-07-02,25.920000
2002-07-03,25.959999
2002-07-05,26.830000
2002-07-08,26.500000
2002-07-09,25.290001
2002-07-10,24.120001
2002-07-11,24.580000
2002-07-12,24.900000
2002-07-15,24.450001
2002-07-16,24.280001
2002-07-17,24.809999
2002-07-18,23.639999
2002-07-19,22.670000
2002-07-22,22.480000
2002-07-23,22.059999
2002-07-24,23.490000
2002-07-25,24.290001
2002-07-26,24.830000
2002-07-29,25.940001
2002-07-30,26.129999
2002-07-31,26.879999
2002-08-01,26.129999
2002-08-02,25.920000
2002-08-05,24.809999
2002-08-06,25.420000
2002-08-07,26.270000
2002-08-08,27.250000
2002-08-09,27.209999
2002-08-12,27.250000
2002-08-13,26.600000
2002-08-14,27.270000
2002-08-15,27.459999
2002-08-16,27.240000
2002-08-19,27.620001
2002-08-20,27.270000
2002-08-21,27.730000
2002-08-22,28.600000
2002-08-23,27.860001
2002-08-26,28.170000
2002-08-27,27.370001
2002-08-28,27.150000
2002-08-29,27.219999
2002-08-30,27.139999
2002-09-03,26.010000
2002-09-04,26.809999
2002-09-05,26.500000
2002-09-06,26.500000
2002-09-09,26.799999
2002-09-10,26.900000
2002-09-11,26.950001
2002-09-12,26.440001
2002-09-13,26.639999
2002-09-16,26.639999
2002-09-17,26.240000
2002-09-18,26.389999
2002-09-19,25.500000
2002-09-20,25.620001
2002-09-23,25.320000
2002-09-24,25.299999
2002-09-25,26.020000
2002-09-26,26.480000
2002-09-27,25.500000
2002-09-30,25.379999
2002-10-01,26.170000
2002-10-02,26.190001
2002-10-03,26.090000
2002-10-04,25.270000
2002-10-07,25.209999
2002-10-08,25.950001
2002-10-09,25.680000
2002-10-10,26.000000
2002-10-11,26.309999
2002-10-14,27.000000
2002-10-15,27.480000
2002-10-16,27.559999
2002-10-17,27.900000
2002-10-18,27.910000
2002-10-21,28.000000
2002-10-22,27.480000
2002-10-23,27.299999
2002-10-24,26.850000
2002-10-25,27.340000
2002-10-28,27.219999
2002-10-29,26.879999
2002-10-30,27.059999
2002-10-31,26.860001
2002-11-01,27.129999
2002-11-04,27.170000
2002-11-05,27.510000
2002-11-06,28.070000
2002-11-07,27.950001
2002-11-08,27.770000
2002-11-11,27.389999
2002-11-12,27.410000
2002-11-13,27.090000
2002-11-14,27.520000
2002-11-15,27.780001
2002-11-18,27.629999
2002-11-19,27.600000
2002-11-20,27.850000
2002-11-21,28.000000
2002-11-22,27.799999
2002-11-25,27.719999
2002-11-26,27.280001
2002-11-27,27.799999
2002-11-29,27.690001
2002-12-02,27.440001
2002-12-03,27.260000
2002-12-04,27.510000
2002-12-05,27.350000
2002-12-06,27.469999
2002-12-09,27.350000
2002-12-10,27.450001
2002-12-11,27.410000
2002-12-12,27.129999
2002-12-13,26.980000
2002-12-16,27.250000
2002-12-17,26.889999
2002-12-18,26.809999
2002-12-19,26.549999
2002-12-20,26.680000
2002-12-23,26.850000
2002-12-24,27.000000
2002-12-26,26.540001
2002-12-27,26.190001
2002-12-30,26.430000
2002-12-31,26.549999
2003-01-02,27.270000
2003-01-03,27.549999
2003-01-06,27.850000
2003-01-07,27.450001
2003-01-08,27.240000
2003-01-09,27.520000
2003-01-10,27.510000
2003-01-13,27.530001
2003-01-14,27.510000
2003-01-15,27.200001
2003-01-16,27.120001
2003-01-17,27.100000
2003-01-21,26.900000
2003-01-22,26.830000
2003-01-23,26.910000
2003-01-24,26.320000
2003-01-27,25.740000
2003-01-28,26.180000
2003-01-29,26.430000
2003-01-30,25.940001
2003-01-31,26.459999
2003-02-03,26.350000
2003-02-04,26.040001
2003-02-05,25.850000
2003-02-06,25.799999
2003-02-07,25.750000
2003-02-10,25.940001
2003-02-11,25.639999
2003-02-12,25.350000
2003-02-13,25.049999
2003-02-14,25.320000
2003-02-18,25.940001
2003-02-19,25.820000
2003-02-20,25.530001
2003-02-21,25.790001
2003-02-24,25.450001
2003-02-25,25.620001
2003-02-26,25.480000
2003-02-27,25.799999
2003-02-28,25.870001
2003-03-03,25.740000
2003-03-04,25.459999
2003-03-05,25.700001
2003-03-06,25.750000
2003-03-07,26.000000
2003-03-10,25.559999
2003-03-11,25.219999
2003-03-12,25.299999
2003-03-13,25.660000
2003-03-14,25.450001
2003-03-17,26.170000
2003-03-18,26.450001
2003-03-19,26.750000
2003-03-20,26.719999
2003-03-21,27.340000
2003-03-24,26.570000
2003-03-25,27.100000
2003-03-26,26.889999
2003-03-27,26.990000
2003-03-28,27.030001
2003-03-31,26.719999
2003-04-01,27.090000
2003-04-02,27.490000
2003-04-03,27.420000
2003-04-04,27.530001
2003-04-07,27.290001
2003-04-08,27.320000
2003-04-09,26.959999
2003-04-10,26.910000
2003-04-11,26.780001
2003-04-14,27.219999
2003-04-15,27.049999
2003-04-16,26.410000
2003-04-17,26.670000
2003-04-21,26.740000
2003-04-22,27.190001
2003-04-23,27.420000
2003-04-24,27.590000
2003-04-25,27.209999
2003-04-28,27.430000
2003-04-29,27.600000
2003-04-30,27.600000
2003-05-01,27.680000
2003-05-02,28.100000
2003-05-05,28.139999
2003-05-06,28.190001
2003-05-07,27.950001
2003-05-08,27.850000
2003-05-09,28.160000
2003-05-12,28.440001
2003-05-13,28.500000
2003-05-14,28.450001
2003-05-15,28.719999
2003-05-16,28.650000
2003-05-19,27.680000
2003-05-20,27.340000
2003-05-21,27.540001
2003-05-22,27.850000
2003-05-23,27.740000
2003-05-27,28.139999
2003-05-28,28.090000
2003-05-29,27.860001
2003-05-30,28.170000
2003-06-02,27.950001
2003-06-03,28.170000
2003-06-04,28.660000
2003-06-05,28.930000
2003-06-06,29.190001
2003-06-09,28.889999
2003-06-10,29.110001
2003-06-11,29.440001
2003-06-12,29.500000
2003-06-13,29.320000
2003-06-16,30.209999
2003-06-17,30.809999
2003-06-18,30.730000
2003-06-19,30.070000
2003-06-20,30.200001
2003-06-23,29.700001
2003-06-24,29.719999
2003-06-25,29.559999
2003-06-26,29.980000
2003-06-27,29.520000
2003-06-30,29.330000
2003-07-01,29.490000
2003-07-02,29.770000
2003-07-03,29.590000
2003-07-07,29.799999
2003-07-08,29.809999
2003-07-09,29.629999
2003-07-10,29.309999
2003-07-11,29.650000
2003-07-14,29.620001
2003-07-15,29.510000
2003-07-16,29.340000
2003-07-17,29.150000
2003-07-18,29.420000
2003-07-21,28.959999
2003-07-22,28.910000
2003-07-23,29.120001
2003-07-24,28.889999
2003-07-25,29.120001
2003-07-28,29.049999
2003-07-29,28.920000
2003-07-30,29.040001
2003-07-31,28.889999
2003-08-01,28.450001
2003-08-04,28.500000
2003-08-05,28.030001
2003-08-06,28.010000
2003-08-07,28.459999
2003-08-08,28.570000
2003-08-11,28.510000
2003-08-12,28.590000
2003-08-13,28.180000
2003-08-14,28.160000
2003-08-15,28.100000
2003-08-18,28.290001
2003-08-19,28.139999
2003-08-20,28.059999
2003-08-21,27.900000
2003-08-22,27.480000
2003-08-25,27.680000
2003-08-26,27.700001
2003-08-27,27.719999
2003-08-28,27.740000
2003-08-29,27.820000
2003-09-02,28.240000
2003-09-03,28.129999
2003-09-04,28.200001
2003-09-05,28.129999
2003-09-08,28.629999
2003-09-09,28.719999
2003-09-10,28.760000
2003-09-11,28.920000
2003-09-12,28.980000
2003-09-15,28.900000
2003-09-16,29.080000
2003-09-17,29.010000
2003-09-18,29.110001
2003-09-19,28.790001
2003-09-22,28.400000
2003-09-23,28.639999
2003-09-24,28.129999
2003-09-25,27.940001
2003-09-26,27.809999
2003-09-29,27.940001
2003-09-30,27.809999
2003-10-01,28.309999
2003-10-02,28.500000
2003-10-03,28.370001
2003-10-06,28.260000
2003-10-07,28.240000
2003-10-08,28.090000
2003-10-09,28.129999
2003-10-10,28.059999
2003-10-13,28.139999
2003-10-14,28.180000
2003-10-15,28.120001
2003-10-16,28.270000
2003-10-17,27.950001
2003-10-20,28.090000
2003-10-21,28.350000
2003-10-22,27.590000
2003-10-23,27.870001
2003-10-24,27.950001
2003-10-27,27.879999
2003-10-28,28.100000
2003-10-29,28.020000
2003-10-30,27.760000
2003-10-31,28.000000
2003-11-03,27.920000
2003-11-04,27.740000
2003-11-05,27.709999
2003-11-06,27.850000
2003-11-07,27.600000
2003-11-10,27.389999
2003-11-11,27.450001
2003-11-12,27.959999
2003-11-13,28.610001
2003-11-14,29.030001
2003-11-17,28.940001
2003-11-18,28.770000
2003-11-19,29.070000
2003-11-20,28.690001
2003-11-21,28.340000
2003-11-24,28.799999
2003-11-25,28.660000
2003-11-26,28.660000
2003-11-28,28.600000
2003-12-01,29.059999
2003-12-02,29.080000
2003-12-03,29.150000
2003-12-04,29.200001
2003-12-05,28.980000
2003-12-08,29.200001
2003-12-09,29.080000
2003-12-10,28.879999
2003-12-11,29.240000
2003-12-12,29.330000
2003-12-15,29.280001
2003-12-16,29.389999
2003-12-17,29.450001
2003-12-18,29.670000
2003-12-19,29.520000
2003-12-22,29.510000
2003-12-23,29.530001
2003-12-24,29.620001
2003-12-26,29.700001
2003-12-29,29.940001
2003-12-30,30.020000
2003-12-31,30.150000
2004-01-02,30.219999
2004-01-05,30.360001
2004-01-06,30.450001
2004-01-07,30.639999
2004-01-08,30.510000
2004-01-09,30.320000
2004-01-12,30.270000
2004-01-13,30.139999
2004-01-14,30.309999
2004-01-15,30.389999
2004-01-16,30.459999
2004-01-20,30.360001
2004-01-21,30.870001
2004-01-22,30.930000
2004-01-23,30.780001
2004-01-26,31.170000
2004-01-27,30.969999
2004-01-28,30.700001
2004-01-29,31.150000
2004-01-30,30.980000
2004-02-02,31.379999
2004-02-03,31.580000
2004-02-04,31.680000
2004-02-05,31.520000
2004-02-06,31.760000
2004-02-09,31.450001
2004-02-10,31.590000
2004-02-11,31.879999
2004-02-12,31.680000
2004-02-13,31.540001
2004-02-17,31.740000
2004-02-18,31.600000
2004-02-19,31.490000
2004-02-20,31.320000
2004-02-23,31.260000
2004-02-24,31.400000
2004-02-25,31.440001
2004-02-26,31.400000
2004-02-27,31.309999
2004-03-01,31.400000
2004-03-02,31.200001
2004-03-03,31.330000
2004-03-04,31.469999
2004-03-05,31.629999
2004-03-08,31.600000
2004-03-09,31.240000
2004-03-10,30.760000
2004-03-11,30.170000
2004-03-12,30.250000
2004-03-15,29.980000
2004-03-16,30.190001
2004-03-17,30.160000
2004-03-18,30.129999
2004-03-19,29.580000
2004-03-22,29.209999
2004-03-23,29.309999
2004-03-24,29.150000
2004-03-25,29.309999
2004-03-26,29.430000
2004-03-29,29.830000
2004-03-30,29.760000
2004-03-31,29.930000
2004-04-01,30.139999
2004-04-02,30.500000
2004-04-05,30.850000
2004-04-06,30.750000
2004-04-07,30.610001
2004-04-08,30.400000
2004-04-12,30.650000
2004-04-13,30.379999
2004-04-14,30.690001
2004-04-15,31.250000
2004-04-16,31.480000
2004-04-19,31.350000
2004-04-20,30.830000
2004-04-21,31.190001
2004-04-22,31.440001
2004-04-23,31.350000
2004-04-26,31.180000
2004-04-27,31.299999
2004-04-28,31.020000
2004-04-29,30.830000
2004-04-30,30.860001
2004-05-03,31.260000
2004-05-04,31.209999
2004-05-05,31.389999
2004-05-06,31.270000
2004-05-07,31.059999
2004-05-10,30.660000
2004-05-11,30.690001
2004-05-12,30.799999
2004-05-13,30.760000
2004-05-14,30.700001
2004-05-17,30.610001
2004-05-18,30.600000
2004-05-19,30.299999
2004-05-20,30.100000
2004-05-21,30.160000
2004-05-24,30.010000
2004-05-25,30.299999
2004-05-26,30.459999
2004-05-27,30.770000
2004-05-28,30.760000
2004-06-01,30.920000
2004-06-02,31.110001
2004-06-03,31.030001
2004-06-04,31.090000
2004-06-07,31.400000
2004-06-08,31.440001
2004-06-09,31.070000
2004-06-10,31.080000
2004-06-14,30.860001
2004-06-15,30.900000
2004-06-16,30.910000
2004-06-17,30.959999
2004-06-18,30.860001
2004-06-21,30.650000
2004-06-22,30.520000
2004-06-23,30.700001
2004-06-24,30.709999
2004-06-25,30.440001
2004-06-28,30.290001
2004-06-29,30.450001
2004-06-30,30.559999
2004-07-01,30.129999
2004-07-02,30.110001
2004-07-06,29.889999
2004-07-07,29.820000
2004-07-08,29.750000
2004-07-09,29.680000
2004-07-12,29.549999
2004-07-13,29.790001
2004-07-14,29.900000
2004-07-15,29.570000
2004-07-16,29.309999
2004-07-19,29.170000
2004-07-20,29.290001
2004-07-21,28.959999
2004-07-22,29.100000
2004-07-23,28.920000
2004-07-26,28.629999
2004-07-27,28.750000
2004-07-28,28.680000
2004-07-29,28.809999
2004-07-30,28.920000
2004-08-02,28.889999
2004-08-03,28.860001
2004-08-04,28.799999
2004-08-05,28.270000
2004-08-06,27.879999
2004-08-09,27.750000
2004-08-10,28.160000
2004-08-11,28.629999
2004-08-12,28.469999
2004-08-13,28.250000
2004-08-16,28.629999
2004-08-17,28.670000
2004-08-18,29.049999
2004-08-19,28.950001
2004-08-20,29.190001
2004-08-23,29.129999
2004-08-24,29.150000
2004-08-25,29.430000
2004-08-26,29.389999
2004-08-27,29.600000
2004-08-30,29.230000
2004-08-31,29.389999
2004-09-01,29.510000
2004-09-02,29.809999
2004-09-03,29.750000
2004-09-07,29.950001
2004-09-08,29.879999
2004-09-09,29.760000
2004-09-10,29.719999
2004-09-13,29.750000
2004-09-14,29.980000
2004-09-15,29.860001
2004-09-16,29.850000
2004-09-17,29.850000
2004-09-20,29.520000
2004-09-21,29.670000
2004-09-22,29.299999
2004-09-23,29.090000
2004-09-24,29.170000
2004-09-27,29.000000
2004-09-28,29.219999
2004-09-29,29.350000
2004-09-30,28.790001
2004-10-01,29.059999
2004-10-04,29.190001
2004-10-05,29.100000
2004-10-06,29.070000
2004-10-07,28.410000
2004-10-08,28.020000
2004-10-11,28.209999
2004-10-12,28.160000
2004-10-13,27.860001
2004-10-14,27.670000
2004-10-15,27.709999
2004-10-18,27.969999
2004-10-19,27.510000
2004-10-20,27.500000
2004-10-21,27.240000
2004-10-22,27.040001
2004-10-25,26.889999
2004-10-26,27.400000
2004-10-27,28.120001
2004-10-28,28.070000
2004-10-29,28.150000
2004-11-01,27.889999
2004-11-02,27.680000
2004-11-03,28.500000
2004-11-04,28.559999
2004-11-05,28.730000
2004-11-08,28.719999
2004-11-09,28.730000
2004-11-10,28.650000
2004-11-11,28.799999
2004-11-12,28.840000
2004-11-15,28.990000
2004-11-16,28.850000
2004-11-17,28.840000
2004-11-18,28.760000
2004-11-19,28.410000
2004-11-22,28.459999
2004-11-23,28.370001
2004-11-24,28.440001
2004-11-26,28.610001
2004-11-29,28.600000
2004-11-30,28.700001
2004-12-01,29.180000
2004-12-02,29.459999
2004-12-03,29.260000
2004-12-06,29.200001
2004-12-07,28.900000
2004-12-08,29.320000
2004-12-09,29.510000
2004-12-10,29.490000
2004-12-13,29.629999
2004-12-14,29.889999
2004-12-15,29.980000
2004-12-16,30.400000
2004-12-17,29.700001
2004-12-20,29.340000
2004-12-21,29.620001
2004-12-22,29.840000
2004-12-23,29.959999
2004-12-27,29.920000
2004-12-28,30.230000
2004-12-29,30.290001
2004-12-30,30.309999
2004-12-31,30.190001
2005-01-03,29.840000
2005-01-04,29.600000
2005-01-05,29.549999
2005-01-06,29.770000
2005-01-07,29.750000
2005-01-10,30.010000
2005-01-11,29.799999
2005-01-12,30.000000
2005-01-13,29.549999
2005-01-14,29.670000
2005-01-18,29.910000
2005-01-19,29.719999
2005-01-20,29.570000
2005-01-21,29.370001
2005-01-24,29.120001
2005-01-25,29.320000
2005-01-26,29.500000
2005-01-27,29.440001
2005-01-28,29.200001
2005-01-31,29.250000
2005-02-01,29.530001
2005-02-02,29.650000
2005-02-03,29.559999
2005-02-04,29.830000
2005-02-07,29.850000
2005-02-08,29.920000
2005-02-09,29.600000
2005-02-10,29.650000
2005-02-11,29.950001
2005-02-14,29.969999
2005-02-15,29.959999
2005-02-16,29.920000
2005-02-17,29.879999
2005-02-18,30.330000
2005-02-22,29.969999
2005-02-23,30.110001
2005-02-24,30.340000
2005-02-25,30.590000
2005-02-28,30.129999
2005-03-01,30.370001
2005-03-02,30.400000
2005-03-03,30.370001
2005-03-04,30.650000
2005-03-07,30.719999
2005-03-08,30.520000
2005-03-09,30.330000
2005-03-10,30.440001
2005-03-11,30.200001
2005-03-14,30.250000
2005-03-15,29.900000
2005-03-16,29.610001
2005-03-17,29.709999
2005-03-18,29.580000
2005-03-21,29.459999
2005-03-22,29.469999
2005-03-23,29.790001
2005-03-24,29.799999
2005-03-28,29.780001
2005-03-29,29.680000
2005-03-30,30.150000
2005-03-31,29.860001
2005-04-01,29.600000
2005-04-04,29.750000
2005-04-05,30.350000
2005-04-06,30.370001
2005-04-07,30.680000
2005-04-08,30.459999
2005-04-11,30.430000
2005-04-12,30.629999
2005-04-13,30.770000
2005-04-14,30.650000
2005-04-15,30.799999
2005-04-18,30.590000
2005-04-19,30.570000
2005-04-20,30.190001
2005-04-21,30.600000
2005-04-22,30.490000
2005-04-25,30.559999
2005-04-26,30.370001
2005-04-27,30.600000
2005-04-28,30.450001
2005-04-29,30.900000
2005-05-02,31.030001
2005-05-03,31.010000
2005-05-04,31.320000
2005-05-05,31.309999
2005-05-06,31.170000
2005-05-09,31.400000
2005-05-10,31.200001
2005-05-11,31.330000
2005-05-12,31.290001
2005-05-13,31.080000
2005-05-16,31.450001
2005-05-17,31.430000
2005-05-18,31.500000
2005-05-19,31.490000
2005-05-20,31.469999
2005-05-23,31.530001
2005-05-24,31.570000
2005-05-25,31.370001
2005-05-26,31.490000
2005-05-27,31.389999
2005-05-31,31.290001
2005-06-01,31.370001
2005-06-02,31.370001
2005-06-03,31.260000
2005-06-06,31.270000
2005-06-07,31.280001
2005-06-08,31.059999
2005-06-09,31.190001
2005-06-10,31.120001
2005-06-13,31.250000
2005-06-14,31.520000
2005-06-15,31.400000
2005-06-16,31.600000
2005-06-17,31.660000
2005-06-20,31.620001
2005-06-21,31.570000
2005-06-22,31.459999
2005-06-23,31.250000
2005-06-24,31.100000
2005-06-27,30.969999
2005-06-28,31.280001
2005-06-29,31.240000
2005-06-30,31.030001
2005-07-01,30.990000
2005-07-05,31.100000
2005-07-06,30.900000
2005-07-07,30.889999
2005-07-08,31.260000
2005-07-11,31.360001
2005-07-12,31.340000
2005-07-13,31.170000
2005-07-14,31.360001
2005-07-15,31.510000
2005-07-18,31.320000
2005-07-19,31.330000
2005-07-20,31.780001
2005-07-21,31.440001
2005-07-22,31.400000
2005-07-25,31.209999
2005-07-26,31.360001
2005-07-27,31.650000
2005-07-28,31.950001
2005-07-29,31.730000
2005-08-01,31.889999
2005-08-02,32.009998
2005-08-03,32.090000
2005-08-04,31.770000
2005-08-05,31.549999
2005-08-08,31.430000
2005-08-09,31.790001
2005-08-10,31.740000
2005-08-11,31.930000
2005-08-12,31.750000
2005-08-15,31.770000
2005-08-16,31.549999
2005-08-17,31.610001
2005-08-18,31.620001
2005-08-19,31.400000
2005-08-22,31.400000
2005-08-23,31.200001
2005-08-24,31.100000
2005-08-25,31.139999
2005-08-26,31.030001
2005-08-29,31.340000
2005-08-30,31.299999
2005-08-31,31.620001
2005-09-01,31.629999
2005-09-02,31.610001
2005-09-06,32.110001
2005-09-07,32.320000
2005-09-08,32.299999
2005-09-09,32.410000
2005-09-12,32.299999
2005-09-13,31.959999
2005-09-14,31.870001
2005-09-15,31.850000
2005-09-16,32.000000
2005-09-19,31.770000
2005-09-20,31.530001
2005-09-21,31.379999
2005-09-22,31.450001
2005-09-23,31.469999
2005-09-26,31.420000
2005-09-27,31.240000
2005-09-28,31.260000
2005-09-29,31.330000
2005-09-30,31.350000
2005-10-03,31.379999
2005-10-04,31.510000
2005-10-05,30.990000
2005-10-06,30.780001
2005-10-07,30.750000
2005-10-10,30.709999
2005-10-11,30.450001
2005-10-12,30.520000
2005-10-13,30.670000
2005-10-14,30.809999
2005-10-17,30.799999
2005-10-18,30.760000
2005-10-19,31.059999
2005-10-20,30.420000
2005-10-21,30.230000
2005-10-24,30.480000
2005-10-25,30.290001
2005-10-26,29.910000
2005-10-27,29.799999
2005-10-28,30.250000
2005-10-31,30.389999
2005-11-01,30.299999
2005-11-02,30.299999
2005-11-03,30.490000
2005-11-04,30.650000
2005-11-07,30.709999
2005-11-08,30.639999
2005-11-09,30.670000
2005-11-10,31.070000
2005-11-11,31.080000
2005-11-14,30.870001
2005-11-15,31.030001
2005-11-16,30.969999
2005-11-17,31.129999
2005-11-18,31.260000
2005-11-21,31.320000
2005-11-22,31.139999
2005-11-23,31.219999
2005-11-25,31.260000
2005-11-28,30.930000
2005-11-29,30.959999
2005-11-30,30.760000
2005-12-01,31.070000
2005-12-02,31.180000
2005-12-05,31.240000
2005-12-06,31.180000
2005-12-07,31.049999
2005-12-08,31.160000
2005-12-09,31.200001
2005-12-12,31.209999
2005-12-13,31.549999
2005-12-14,31.639999
2005-12-15,31.730000
2005-12-16,31.700001
2005-12-19,31.980000
2005-12-20,31.940001
2005-12-21,32.040001
2005-12-22,32.250000
2005-12-23,32.290001
2005-12-27,32.029999
2005-12-28,32.029999
2005-12-29,31.920000
2005-12-30,31.719999
2006-01-03,32.110001
2006-01-04,32.430000
2006-01-05,32.349998
2006-01-06,32.560001
2006-01-09,32.709999
2006-01-10,32.590000
2006-01-11,32.509998
2006-01-12,32.480000
2006-01-13,32.459999
2006-01-17,32.369999
2006-01-18,32.419998
2006-01-19,32.590000
2006-01-20,31.969999
2006-01-23,31.950001
2006-01-24,31.799999
2006-01-25,31.760000
2006-01-26,31.920000
2006-01-27,32.290001
2006-01-30,32.139999
2006-01-31,32.130001
2006-02-01,32.330002
2006-02-02,32.070000
2006-02-03,32.009998
2006-02-06,31.719999
2006-02-07,31.670000
2006-02-08,32.080002
2006-02-09,32.110001
2006-02-10,32.040001
2006-02-13,32.000000
2006-02-14,32.310001
2006-02-15,32.500000
2006-02-16,32.709999
2006-02-17,32.689999
2006-02-21,32.520000
2006-02-22,32.799999
2006-02-23,32.680000
2006-02-24,32.680000
2006-02-27,32.930000
2006-02-28,32.500000
2006-03-01,32.529999
2006-03-02,32.470001
2006-03-03,32.360001
2006-03-06,32.189999
2006-03-07,32.200001
2006-03-08,32.419998
2006-03-09,32.310001
2006-03-10,32.430000
2006-03-13,32.410000
2006-03-14,32.639999
2006-03-15,32.750000
2006-03-16,32.750000
2006-03-17,32.720001
2006-03-20,32.779999
2006-03-21,32.580002
2006-03-22,32.910000
2006-03-23,32.730000
2006-03-24,32.680000
2006-03-27,32.430000
2006-03-28,32.130001
2006-03-29,32.220001
2006-03-30,32.160000
2006-03-31,31.980000
2006-04-03,31.959999
2006-04-04,32.000000
2006-04-05,31.900000
2006-04-06,31.660000
2006-04-07,31.280001
2006-04-10,31.219999
2006-04-11,30.879999
2006-04-12,31.090000
2006-04-13,31.020000
2006-04-17,30.840000
2006-04-18,31.129999
2006-04-19,30.950001
2006-04-20,31.230000
2006-04-21,31.160000
2006-04-24,31.040001
2006-04-25,30.850000
2006-04-26,30.850000
2006-04-27,30.680000
2006-04-28,30.990000
2006-05-01,30.719999
2006-05-02,30.719999
2006-05-03,30.379999
2006-05-04,30.480000
2006-05-05,30.780001
2006-05-08,30.770000
2006-05-09,30.549999
2006-05-10,30.520000
2006-05-11,30.459999
2006-05-12,30.389999
2006-05-15,30.820000
2006-05-16,30.900000
2006-05-17,30.580000
2006-05-18,30.450001
2006-05-19,30.280001
2006-05-22,30.150000
2006-05-23,30.010000
2006-05-24,30.100000
2006-05-25,30.379999
2006-05-26,30.549999
2006-05-30,30.150000
2006-05-31,30.340000
2006-06-01,30.770000
2006-06-02,30.889999
2006-06-05,30.410000
2006-06-06,30.459999
2006-06-07,30.600000
2006-06-08,30.650000
2006-06-09,30.430000
2006-06-12,30.120001
2006-06-13,30.040001
2006-06-14,30.090000
2006-06-15,30.459999
2006-06-16,30.309999
2006-06-19,30.080000
2006-06-20,29.969999
2006-06-21,30.120001
2006-06-22,29.950001
2006-06-23,29.980000
2006-06-26,29.870001
2006-06-27,29.559999
2006-06-28,29.559999
2006-06-29,30.070000
2006-06-30,30.240000
2006-07-03,30.299999
2006-07-05,30.270000
2006-07-06,30.379999
2006-07-07,30.410000
2006-07-10,30.520000
2006-07-11,30.590000
2006-07-12,30.480000
2006-07-13,30.160000
2006-07-14,29.969999
2006-07-17,30.090000
2006-07-18,30.090000
2006-07-19,30.799999
2006-07-20,30.830000
2006-07-21,30.969999
2006-07-24,31.570000
2006-07-25,31.840000
2006-07-26,31.990000
2006-07-27,31.830000
2006-07-28,32.000000
2006-07-31,31.889999
2006-08-01,31.889999
2006-08-02,32.090000
2006-08-03,31.809999
2006-08-04,31.820000
2006-08-07,31.719999
2006-08-08,31.709999
2006-08-09,31.740000
2006-08-10,31.709999
2006-08-11,31.559999
2006-08-14,31.629999
2006-08-15,31.900000
2006-08-16,32.180000
2006-08-17,32.259998
2006-08-18,32.310001
2006-08-21,32.200001
2006-08-22,32.299999
2006-08-23,32.279999
2006-08-24,32.500000
2006-08-25,32.520000
2006-08-28,32.730000
2006-08-29,32.880001
2006-08-30,32.900002
2006-08-31,32.799999
2006-09-01,32.970001
2006-09-05,32.820000
2006-09-06,32.700001
2006-09-07,32.459999
2006-09-08,32.720001
2006-09-11,32.930000
2006-09-12,33.310001
2006-09-13,33.240002
2006-09-14,33.200001
2006-09-15,33.139999
2006-09-18,33.130001
2006-09-19,33.180000
2006-09-20,33.310001
2006-09-21,33.099998
2006-09-22,32.889999
2006-09-25,33.020000
2006-09-26,33.049999
2006-09-27,33.139999
2006-09-28,33.080002
2006-09-29,33.189999
2006-10-02,33.000000
2006-10-03,33.099998
2006-10-04,33.389999
2006-10-05,33.389999
2006-10-06,33.259998
2006-10-09,33.189999
2006-10-10,33.049999
2006-10-11,33.040001
2006-10-12,33.240002
2006-10-13,33.130001
2006-10-16,33.180000
2006-10-17,33.270000
2006-10-18,33.630001
2006-10-19,33.599998
2006-10-20,33.860001
2006-10-23,33.950001
2006-10-24,33.840000
2006-10-25,33.639999
2006-10-26,33.770000
2006-10-27,33.630001
2006-10-30,33.439999
2006-10-31,33.299999
2006-11-01,33.060001
2006-11-02,33.240002
2006-11-03,33.070000
2006-11-06,33.470001
2006-11-07,33.730000
2006-11-08,33.220001
2006-11-09,32.439999
2006-11-10,32.490002
2006-11-13,32.549999
2006-11-14,32.820000
2006-11-15,32.980000
2006-11-16,33.119999
2006-11-17,33.220001
2006-11-20,33.139999
2006-11-21,33.090000
2006-11-22,33.160000
2006-11-24,33.020000
2006-11-27,32.799999
2006-11-28,32.869999
2006-11-29,33.099998
2006-11-30,33.259998
2006-12-01,33.230000
2006-12-04,33.070000
2006-12-05,33.200001
2006-12-06,33.250000
2006-12-07,33.180000
2006-12-08,33.240002
2006-12-11,33.310001
2006-12-12,33.320000
2006-12-13,33.250000
2006-12-14,33.419998
2006-12-15,33.410000
2006-12-18,33.480000
2006-12-19,33.650002
2006-12-20,33.669998
2006-12-21,33.580002
2006-12-22,33.439999
2006-12-26,33.459999
2006-12-27,33.619999
2006-12-28,33.580002
2006-12-29,33.490002
2007-01-03,33.500000
2007-01-04,33.880001
2007-01-05,33.689999
2007-01-08,33.730000
2007-01-09,33.689999
2007-01-10,33.750000
2007-01-11,34.119999
2007-01-12,34.279999
2007-01-16,34.360001
2007-01-17,34.560001
2007-01-18,34.660000
2007-01-19,34.669998
2007-01-22,34.459999
2007-01-23,34.279999
2007-01-24,34.540001
2007-01-25,34.419998
2007-01-26,34.230000
2007-01-29,34.180000
2007-01-30,34.349998
2007-01-31,34.509998
2007-02-01,34.799999
2007-02-02,34.730000
2007-02-05,34.720001
2007-02-06,34.619999
2007-02-07,34.669998
2007-02-08,34.639999
2007-02-09,34.540001
2007-02-12,34.389999
2007-02-13,34.529999
2007-02-14,34.709999
2007-02-15,34.869999
2007-02-16,34.730000
2007-02-20,34.750000
2007-02-21,34.590000
2007-02-22,34.540001
2007-02-23,34.389999
2007-02-26,34.529999
2007-02-27,33.480000
2007-02-28,33.709999
2007-03-01,33.560001
2007-03-02,33.259998
2007-03-05,33.090000
2007-03-06,33.439999
2007-03-07,33.450001
2007-03-08,33.560001
2007-03-09,33.630001
2007-03-12,33.630001
2007-03-13,33.080002
2007-03-14,33.209999
2007-03-15,33.290001
2007-03-16,33.200001
2007-03-19,33.459999
2007-03-20,33.630001
2007-03-21,33.970001
2007-03-22,34.090000
2007-03-23,33.919998
2007-03-26,33.970001
2007-03-27,33.730000
2007-03-28,33.500000
2007-03-29,33.660000
2007-03-30,33.650002
2007-04-02,33.830002
2007-04-03,34.180000
2007-04-04,34.380001
2007-04-05,34.619999
2007-04-09,34.630001
2007-04-10,34.680000
2007-04-11,34.529999
2007-04-12,34.919998
2007-04-13,35.430000
2007-04-16,35.770000
2007-04-17,35.880001
2007-04-18,35.869999
2007-04-19,36.020000
2007-04-20,36.160000
2007-04-23,36.200001
2007-04-24,36.200001
2007-04-25,36.310001
2007-04-26,36.349998
2007-04-27,36.230000
2007-04-30,36.110001
2007-05-01,36.189999
2007-05-02,36.419998
2007-05-03,36.500000
2007-05-04,36.700001
2007-05-07,36.779999
2007-05-08,36.639999
2007-05-09,36.759998
2007-05-10,36.110001
2007-05-11,36.250000
2007-05-14,36.209999
2007-05-15,36.169998
2007-05-16,36.580002
2007-05-17,36.439999
2007-05-18,36.590000
2007-05-21,36.669998
2007-05-22,36.650002
2007-05-23,36.779999
2007-05-24,36.639999
2007-05-25,36.619999
2007-05-29,36.639999
2007-05-30,36.650002
2007-05-31,36.730000
2007-06-01,36.770000
2007-06-04,36.700001
2007-06-05,36.610001
2007-06-06,36.270000
2007-06-07,35.730000
2007-06-08,35.849998
2007-06-11,35.860001
2007-06-12,35.599998
2007-06-13,35.889999
2007-06-14,35.990002
2007-06-15,36.070000
2007-06-18,35.860001
2007-06-19,35.860001
2007-06-20,35.410000
2007-06-21,35.509998
2007-06-22,34.970001
2007-06-25,34.910000
2007-06-26,35.090000
2007-06-27,35.380001
2007-06-28,35.410000
2007-06-29,35.310001
2007-07-02,35.509998
2007-07-03,35.570000
2007-07-05,35.560001
2007-07-06,35.639999
2007-07-09,35.529999
2007-07-10,35.230000
2007-07-11,35.349998
2007-07-12,36.009998
2007-07-13,35.919998
2007-07-16,35.959999
2007-07-17,35.849998
2007-07-18,35.750000
2007-07-19,35.560001
2007-07-20,35.230000
2007-07-23,35.500000
2007-07-24,35.139999
2007-07-25,35.119999
2007-07-26,34.400002
2007-07-27,33.580002
2007-07-30,34.000000
2007-07-31,33.630001
2007-08-01,33.860001
2007-08-02,34.150002
2007-08-03,33.680000
2007-08-06,34.340000
2007-08-07,34.500000
2007-08-08,34.900002
2007-08-09,34.080002
2007-08-10,33.900002
2007-08-13,34.000000
2007-08-14,33.720001
2007-08-15,33.639999
2007-08-16,33.650002
2007-08-17,33.730000
2007-08-20,33.889999
2007-08-21,33.980000
2007-08-22,34.150002
2007-08-23,34.369999
2007-08-24,34.580002
2007-08-27,34.340000
2007-08-28,33.990002
2007-08-29,34.240002
2007-08-30,34.240002
2007-08-31,34.400002
2007-09-04,34.700001
2007-09-05,34.630001
2007-09-06,34.740002
2007-09-07,34.369999
2007-09-10,34.400002
2007-09-11,34.660000
2007-09-12,34.810001
2007-09-13,34.889999
2007-09-14,34.790001
2007-09-17,34.680000
2007-09-18,35.299999
2007-09-19,35.439999
2007-09-20,35.400002
2007-09-21,35.450001
2007-09-24,35.380001
2007-09-25,35.259998
2007-09-26,35.459999
2007-09-27,35.599998
2007-09-28,35.349998
2007-10-01,35.889999
2007-10-02,35.689999
2007-10-03,35.830002
2007-10-04,35.790001
2007-10-05,36.250000
2007-10-08,36.000000
2007-10-09,36.299999
2007-10-10,36.360001
2007-10-11,36.049999
2007-10-12,36.250000
2007-10-15,35.860001
2007-10-16,35.590000
2007-10-17,35.619999
2007-10-18,35.630001
2007-10-19,35.200001
2007-10-22,35.200001
2007-10-23,35.610001
2007-10-24,35.349998
2007-10-25,35.560001
2007-10-26,35.680000
2007-10-29,35.830002
2007-10-30,35.790001
2007-10-31,36.009998
2007-11-01,35.509998
2007-11-02,35.410000
2007-11-05,35.389999
2007-11-06,35.580002
2007-11-07,34.770000
2007-11-08,35.000000
2007-11-09,34.910000
2007-11-12,35.000000
2007-11-13,35.459999
2007-11-14,35.599998
2007-11-15,35.380001
2007-11-16,35.540001
2007-11-19,35.340000
2007-11-20,35.410000
2007-11-21,34.619999
2007-11-23,35.180000
2007-11-26,34.910000
2007-11-27,35.360001
2007-11-28,36.200001
2007-11-29,36.419998
2007-11-30,36.470001
2007-12-03,36.240002
2007-12-04,36.230000
2007-12-05,36.520000
2007-12-06,36.770000
2007-12-07,36.750000
2007-12-10,36.820000
2007-12-11,36.250000
2007-12-12,36.270000
2007-12-13,36.250000
2007-12-14,35.700001
2007-12-17,35.320000
2007-12-18,35.590000
2007-12-19,35.570000
2007-12-20,35.779999
2007-12-21,35.869999
2007-12-24,35.990002
2007-12-26,35.950001
2007-12-27,35.580002
2007-12-28,35.439999
2007-12-31,35.310001
2008-01-02,34.939999
2008-01-03,35.150002
2008-01-04,34.790001
2008-01-07,35.480000
2008-01-08,35.770000
2008-01-09,36.410000
2008-01-10,36.360001
2008-01-11,36.470001
2008-01-14,36.189999
2008-01-15,35.779999
2008-01-16,35.869999
2008-01-17,35.180000
2008-01-18,34.669998
2008-01-22,33.410000
2008-01-23,33.650002
2008-01-24,33.520000
2008-01-25,32.990002
2008-01-28,33.410000
2008-01-29,33.500000
2008-01-30,33.110001
2008-01-31,33.700001
2008-02-01,33.860001
2008-02-04,33.980000
2008-02-05,33.360001
2008-02-06,33.450001
2008-02-07,33.320000
2008-02-08,33.110001
2008-02-11,33.009998
2008-02-12,33.490002
2008-02-13,33.439999
2008-02-14,33.299999
2008-02-15,33.330002
2008-02-19,33.750000
2008-02-20,33.650002
2008-02-21,33.299999
2008-02-22,33.369999
2008-02-25,33.799999
2008-02-26,33.500000
2008-02-27,33.650002
2008-02-28,33.259998
2008-02-29,32.799999
2008-03-03,32.790001
2008-03-04,32.830002
2008-03-05,32.770000
2008-03-06,32.110001
2008-03-07,31.740000
2008-03-10,31.000000
2008-03-11,31.299999
2008-03-12,31.299999
2008-03-13,31.260000
2008-03-14,30.680000
2008-03-17,30.639999
2008-03-18,31.600000
2008-03-19,31.190001
2008-03-20,31.090000
2008-03-24,31.500000
2008-03-25,31.559999
2008-03-26,31.250000
2008-03-27,31.410000
2008-03-28,31.330000
2008-03-31,31.170000
2008-04-01,31.670000
2008-04-02,31.450001
2008-04-03,31.350000
2008-04-04,31.600000
2008-04-07,31.959999
2008-04-08,31.850000
2008-04-09,31.700001
2008-04-10,31.950001
2008-04-11,31.530001
2008-04-14,31.389999
2008-04-15,31.360001
2008-04-16,31.530001
2008-04-17,31.330000
2008-04-18,31.629999
2008-04-21,31.530001
2008-04-22,31.200001
2008-04-23,31.299999
2008-04-24,31.400000
2008-04-25,31.809999
2008-04-28,32.000000
2008-04-29,31.650000
2008-04-30,31.480000
2008-05-01,32.040001
2008-05-02,32.049999
2008-05-05,31.959999
2008-05-06,31.900000
2008-05-07,31.620001
2008-05-08,31.500000
2008-05-09,31.469999
2008-05-12,31.709999
2008-05-13,31.410000
2008-05-14,31.670000
2008-05-15,31.580000
2008-05-16,31.700001
2008-05-19,31.900000
2008-05-20,31.809999
2008-05-21,31.530001
2008-05-22,31.870001
2008-05-23,31.350000
2008-05-27,31.480000
2008-05-28,31.450001
2008-05-29,32.130001
2008-05-30,32.080002
2008-06-02,31.700001
2008-06-03,31.910000
2008-06-04,31.920000
2008-06-05,32.200001
2008-06-06,31.420000
2008-06-09,31.250000
2008-06-10,30.950001
2008-06-11,30.639999
2008-06-12,30.379999
2008-06-13,30.860001
2008-06-16,30.959999
2008-06-17,30.879999
2008-06-18,30.530001
2008-06-19,30.570000
2008-06-20,30.000000
2008-06-23,30.219999
2008-06-24,30.330000
2008-06-25,30.670000
2008-06-26,30.049999
2008-06-27,30.250000
2008-06-30,30.580000
2008-07-01,30.580000
2008-07-02,30.370001
2008-07-03,30.500000
2008-07-07,30.299999
2008-07-08,31.100000
2008-07-09,31.250000
2008-07-10,31.420000
2008-07-11,30.820000
2008-07-14,31.030001
2008-07-15,31.180000
2008-07-16,31.400000
2008-07-17,31.709999
2008-07-18,31.700001
2008-07-21,31.139999
2008-07-22,31.570000
2008-07-23,31.709999
2008-07-24,31.680000
2008-07-25,31.870001
2008-07-28,31.610001
2008-07-29,31.930000
2008-07-30,31.920000
2008-07-31,31.950001
2008-08-01,31.709999
2008-08-04,31.980000
2008-08-05,33.020000
2008-08-06,33.150002
2008-08-07,32.750000
2008-08-08,33.320000
2008-08-11,33.349998
2008-08-12,33.279999
2008-08-13,33.299999
2008-08-14,33.279999
2008-08-15,33.610001
2008-08-18,33.330002
2008-08-19,33.180000
2008-08-20,32.970001
2008-08-21,32.759998
2008-08-22,33.310001
2008-08-25,32.770000
2008-08-26,32.730000
2008-08-27,32.779999
2008-08-28,32.970001
2008-08-29,32.610001
2008-09-02,32.549999
2008-09-03,32.740002
2008-09-04,32.020000
2008-09-05,31.850000
2008-09-08,32.380001
2008-09-09,32.099998
2008-09-10,31.969999
2008-09-11,32.099998
2008-09-12,32.400002
2008-09-15,31.500000
2008-09-16,31.450001
2008-09-17,30.950001
2008-09-18,31.350000
2008-09-19,31.549999
2008-09-22,30.799999
2008-09-23,30.070000
2008-09-24,30.350000
2008-09-25,30.900000
2008-09-26,30.840000
2008-09-29,30.150000
2008-09-30,30.049999
2008-10-01,30.250000
2008-10-02,30.299999
2008-10-03,29.650000
2008-10-06,28.540001
2008-10-07,27.850000
2008-10-08,27.350000
2008-10-09,25.250000
2008-10-10,24.139999
2008-10-13,27.049999
2008-10-14,27.600000
2008-10-15,24.900000
2008-10-16,26.200001
2008-10-17,26.100000
2008-10-20,27.150000
2008-10-21,27.070000
2008-10-22,26.400000
2008-10-23,25.790001
2008-10-24,25.700001
2008-10-27,24.600000
2008-10-28,26.150000
2008-10-29,25.969999
2008-10-30,26.580000
2008-10-31,26.600000
2008-11-03,26.799999
2008-11-04,27.150000
2008-11-05,26.750000
2008-11-06,26.100000
2008-11-07,26.430000
2008-11-10,26.240000
2008-11-11,25.770000
2008-11-12,25.200001
2008-11-13,26.549999
2008-11-14,25.540001
2008-11-17,25.100000
2008-11-18,25.270000
2008-11-19,24.250000
2008-11-20,23.559999
2008-11-21,23.590000
2008-11-24,24.059999
2008-11-25,24.219999
2008-11-26,24.600000
2008-11-28,24.920000
2008-12-01,23.639999
2008-12-02,24.250000
2008-12-03,24.830000
2008-12-04,24.360001
2008-12-05,25.190001
2008-12-08,25.389999
2008-12-09,24.990000
2008-12-10,24.920000
2008-12-11,25.070000
2008-12-12,25.120001
2008-12-15,25.070000
2008-12-16,26.059999
2008-12-17,25.900000
2008-12-18,26.090000
2008-12-19,26.090000
2008-12-22,25.910000
2008-12-23,25.920000
2008-12-24,25.830000
2008-12-26,25.850000
2008-12-29,25.809999
2008-12-30,26.309999
2008-12-31,26.549999
2009-01-02,27.090000
2009-01-05,26.959999
2009-01-06,26.520000
2009-01-07,26.280001
2009-01-08,26.430000
2009-01-09,26.150000
2009-01-12,25.809999
2009-01-13,26.030001
2009-01-14,25.660000
2009-01-15,25.840000
2009-01-16,26.059999
2009-01-20,25.430000
2009-01-21,25.969999
2009-01-22,26.080000
2009-01-23,26.080000
2009-01-26,25.940001
2009-01-27,26.480000
2009-01-28,26.889999
2009-01-29,26.510000
2009-01-30,26.230000
2009-02-02,26.400000
2009-02-03,27.080000
2009-02-04,26.959999
2009-02-05,27.190001
2009-02-06,27.410000
2009-02-09,27.330000
2009-02-10,26.420000
2009-02-11,26.750000
2009-02-12,27.059999
2009-02-13,26.650000
2009-02-17,26.190001
2009-02-18,26.180000
2009-02-19,26.129999
2009-02-20,25.860001
2009-02-23,25.350000
2009-02-24,25.719999
2009-02-25,25.200001
2009-02-26,23.940001
2009-02-27,22.980000
2009-03-02,21.990000
2009-03-03,21.940001
2009-03-04,22.570000
2009-03-05,21.969999
2009-03-06,22.290001
2009-03-09,21.879999
2009-03-10,22.670000
2009-03-11,22.260000
2009-03-12,23.350000
2009-03-13,24.129999
2009-03-16,23.870001
2009-03-17,24.240000
2009-03-18,24.280001
2009-03-19,23.690001
2009-03-20,23.549999
2009-03-23,24.410000
2009-03-24,24.090000
2009-03-25,24.250000
2009-03-26,24.520000
2009-03-27,24.260000
2009-03-30,24.120001
2009-03-31,24.209999
2009-04-01,24.200001
2009-04-02,24.299999
2009-04-03,23.900000
2009-04-06,24.129999
2009-04-07,23.860001
2009-04-08,24.020000
2009-04-09,24.129999
2009-04-13,24.320000
2009-04-14,24.209999
2009-04-15,24.350000
2009-04-16,24.459999
2009-04-17,24.740000
2009-04-20,24.260000
2009-04-21,24.030001
2009-04-22,23.770000
2009-04-23,23.790001
2009-04-24,23.760000
2009-04-27,24.020000
2009-04-28,24.110001
2009-04-29,24.200001
2009-04-30,24.180000
2009-05-01,24.139999
2009-05-04,24.540001
2009-05-05,24.820000
2009-05-06,24.670000
2009-05-07,25.170000
2009-05-08,25.590000
2009-05-11,25.150000
2009-05-12,25.559999
2009-05-13,25.500000
2009-05-14,25.530001
2009-05-15,25.330000
2009-05-18,25.580000
2009-05-19,25.389999
2009-05-20,25.490000
2009-05-21,25.260000
2009-05-22,25.290001
2009-05-26,25.520000
2009-05-27,25.260000
2009-05-28,25.389999
2009-05-29,25.830000
2009-06-01,26.000000
2009-06-02,26.160000
2009-06-03,26.100000
2009-06-04,25.740000
2009-06-05,25.790001
2009-06-08,25.510000
2009-06-09,25.379999
2009-06-10,25.270000
2009-06-11,25.540001
2009-06-12,25.629999
2009-06-15,24.840000
2009-06-16,24.940001
2009-06-17,25.510000
2009-06-18,26.000000
2009-06-19,26.080000
2009-06-22,25.610001
2009-06-23,25.530001
2009-06-24,25.660000
2009-06-25,26.370001
2009-06-26,26.370001
2009-06-29,26.530001
2009-06-30,26.309999
2009-07-01,26.379999
2009-07-02,25.750000
2009-07-06,25.950001
2009-07-07,25.850000
2009-07-08,26.090000
2009-07-09,25.760000
2009-07-10,25.639999
2009-07-13,26.090000
2009-07-14,26.209999
2009-07-15,26.440001
2009-07-16,26.610001
2009-07-17,26.530001
2009-07-20,26.590000
2009-07-21,26.980000
2009-07-22,26.879999
2009-07-23,27.420000
2009-07-24,27.900000
2009-07-27,27.879999
2009-07-28,28.070000
2009-07-29,28.049999
2009-07-30,28.090000
2009-07-31,27.870001
2009-08-03,28.040001
2009-08-04,28.110001
2009-08-05,27.709999
2009-08-06,27.510000
2009-08-07,27.629999
2009-08-10,27.850000
2009-08-11,27.809999
2009-08-12,27.959999
2009-08-13,27.930000
2009-08-14,27.930000
2009-08-17,27.820000
2009-08-18,27.799999
2009-08-19,28.190001
2009-08-20,28.389999
2009-08-21,28.680000
2009-08-24,28.879999
2009-08-25,28.879999
2009-08-26,28.889999
2009-08-27,28.879999
2009-08-28,28.670000
2009-08-31,28.620001
2009-09-01,28.160000
2009-09-02,28.219999
2009-09-03,28.090000
2009-09-04,28.490000
2009-09-08,28.360001
2009-09-09,28.690001
2009-09-10,28.910000
2009-09-11,28.920000
2009-09-14,29.030001
2009-09-15,28.770000
2009-09-16,29.030001
2009-09-17,29.010000
2009-09-18,28.760000
2009-09-21,29.040001
2009-09-22,28.950001
2009-09-23,28.540001
2009-09-24,28.510000
2009-09-25,28.530001
2009-09-28,28.840000
2009-09-29,28.879999
2009-09-30,28.670000
2009-10-01,28.260000
2009-10-02,28.150000
2009-10-05,28.330000
2009-10-06,28.559999
2009-10-07,28.580000
2009-10-08,28.610001
2009-10-09,28.879999
2009-10-12,29.020000
2009-10-13,28.740000
2009-10-14,29.180000
2009-10-15,29.260000
2009-10-16,29.240000
2009-10-19,29.490000
2009-10-20,29.209999
2009-10-21,28.830000
2009-10-22,29.010000
2009-10-23,28.709999
2009-10-26,28.400000
2009-10-27,28.520000
2009-10-28,28.230000
2009-10-29,28.480000
2009-10-30,28.070000
2009-11-02,28.190001
2009-11-03,28.200001
2009-11-04,28.559999
2009-11-05,29.030001
2009-11-06,29.160000
2009-11-09,29.650000
2009-11-10,29.850000
2009-11-11,29.889999
2009-11-12,29.719999
2009-11-13,29.780001
2009-11-16,30.080000
2009-11-17,30.160000
2009-11-18,30.330000
2009-11-19,30.180000
2009-11-20,30.389999
2009-11-23,30.670000
2009-11-24,30.910000
2009-11-25,31.100000
2009-11-27,30.790001
2009-11-30,30.680000
2009-12-01,31.219999
2009-12-02,31.150000
2009-12-03,31.000000
2009-12-04,30.980000
2009-12-07,30.940001
2009-12-08,30.700001
2009-12-09,30.959999
2009-12-10,31.280001
2009-12-11,31.280001
2009-12-14,31.570000
2009-12-15,31.580000
2009-12-16,31.420000
2009-12-17,31.129999
2009-12-18,31.129999
2009-12-21,31.420000
2009-12-22,31.559999
2009-12-23,31.459999
2009-12-24,31.459999
2009-12-28,31.620001
2009-12-29,31.580000
2009-12-30,31.490000
2009-12-31,31.070000
2010-01-04,31.610001
2010-01-05,31.299999
2010-01-06,31.620001
2010-01-07,31.730000
2010-01-08,31.780001
2010-01-11,31.959999
2010-01-12,31.730000
2010-01-13,32.150002
2010-01-14,32.439999
2010-01-15,32.220001
2010-01-19,33.000000
2010-01-20,32.720001
2010-01-21,32.009998
2010-01-22,31.660000
2010-01-25,31.660000
2010-01-26,31.480000
2010-01-27,31.700001
2010-01-28,31.500000
2010-01-29,31.280001
2010-02-01,31.459999
2010-02-02,32.110001
2010-02-03,31.680000
2010-02-04,30.879999
2010-02-05,30.830000
2010-02-08,30.680000
2010-02-09,30.920000
2010-02-10,30.730000
2010-02-11,30.940001
2010-02-12,30.870001
2010-02-16,31.139999
2010-02-17,31.379999
2010-02-18,31.530001
2010-02-19,31.530001
2010-02-22,31.440001
2010-02-23,31.139999
2010-02-24,31.370001
2010-02-25,31.389999
2010-02-26,31.400000
2010-03-01,31.700001
2010-03-02,31.809999
2010-03-03,31.680000
2010-03-04,31.580000
2010-03-05,32.020000
2010-03-08,31.830000
2010-03-09,31.809999
2010-03-10,31.830000
2010-03-11,32.080002
2010-03-12,31.840000
2010-03-15,32.049999
2010-03-16,32.139999
2010-03-17,32.150002
2010-03-18,32.369999
2010-03-19,32.250000
2010-03-22,32.459999
2010-03-23,32.619999
2010-03-24,32.270000
2010-03-25,32.139999
2010-03-26,31.900000
2010-03-29,32.240002
2010-03-30,32.240002
2010-03-31,32.130001
2010-04-01,32.310001
2010-04-05,32.220001
2010-04-06,32.200001
2010-04-07,32.060001
2010-04-08,31.940001
2010-04-09,32.080002
2010-04-12,31.990000
2010-04-13,32.020000
2010-04-14,31.910000
2010-04-15,31.820000
2010-04-16,31.629999
2010-04-19,31.889999
2010-04-20,31.959999
2010-04-21,31.400000
2010-04-22,31.040001
2010-04-23,31.350000
2010-04-26,31.020000
2010-04-27,30.660000
2010-04-28,30.860001
2010-04-29,31.280001
2010-04-30,30.879999
2010-05-03,31.030001
2010-05-04,30.850000
2010-05-05,30.950001
2010-05-06,30.120001
2010-05-07,29.719999
2010-05-10,30.520000
2010-05-11,30.459999
2010-05-12,30.709999
2010-05-13,30.379999
2010-05-14,29.969999
2010-05-17,29.969999
2010-05-18,29.730000
2010-05-19,29.660000
2010-05-20,28.730000
2010-05-21,28.799999
2010-05-24,28.730000
2010-05-25,28.610001
2010-05-26,28.430000
2010-05-27,29.010000
2010-05-28,28.870001
2010-06-01,28.549999
2010-06-02,29.170000
2010-06-03,29.340000
2010-06-04,28.480000
2010-06-07,28.440001
2010-06-08,28.510000
2010-06-09,28.379999
2010-06-10,28.920000
2010-06-11,29.160000
2010-06-14,29.209999
2010-06-15,29.709999
2010-06-16,29.820000
2010-06-17,29.860001
2010-06-18,29.549999
2010-06-21,29.500000
2010-06-22,29.209999
2010-06-23,29.090000
2010-06-24,28.879999
2010-06-25,29.010000
2010-06-28,28.959999
2010-06-29,28.430000
2010-06-30,28.200001
2010-07-01,27.959999
2010-07-02,28.030001
2010-07-06,28.170000
2010-07-07,28.719999
2010-07-08,28.959999
2010-07-09,29.030001
2010-07-12,28.980000
2010-07-13,29.200001
2010-07-14,29.200001
2010-07-15,29.290001
2010-07-16,28.680000
2010-07-19,28.809999
2010-07-20,28.730000
2010-07-21,28.260000
2010-07-22,28.440001
2010-07-23,28.430000
2010-07-26,28.840000
2010-07-27,28.870001
2010-07-28,28.480000
2010-07-29,28.459999
2010-07-30,28.570000
2010-08-02,29.110001
2010-08-03,29.350000
2010-08-04,29.639999
2010-08-05,29.650000
2010-08-06,29.709999
2010-08-09,29.790001
2010-08-10,29.860001
2010-08-11,29.090000
2010-08-12,29.209999
2010-08-13,29.100000
2010-08-16,28.950001
2010-08-17,29.350000
2010-08-18,29.309999
2010-08-19,28.770000
2010-08-20,28.670000
2010-08-23,28.799999
2010-08-24,28.180000
2010-08-25,28.459999
2010-08-26,28.280001
2010-08-27,28.570000
2010-08-30,28.209999
2010-08-31,28.100000
2010-09-01,28.750000
2010-09-02,28.900000
2010-09-03,29.170000
2010-09-07,29.000000
2010-09-08,29.160000
2010-09-09,29.469999
2010-09-10,29.770000
2010-09-13,29.840000
2010-09-14,29.940001
2010-09-15,30.219999
2010-09-16,30.100000
2010-09-17,29.940001
2010-09-20,30.340000
2010-09-21,30.360001
2010-09-22,30.410000
2010-09-23,30.250000
2010-09-24,30.660000
2010-09-27,30.430000
2010-09-28,30.680000
2010-09-29,30.570000
2010-09-30,30.490000
2010-10-01,30.490000
2010-10-04,30.190001
2010-10-05,30.750000
2010-10-06,30.629999
2010-10-07,30.690001
2010-10-08,30.770000
2010-10-11,30.790001
2010-10-12,30.860001
2010-10-13,31.080000
2010-10-14,31.020000
2010-10-15,31.150000
2010-10-18,31.440001
2010-10-19,30.850000
2010-10-20,31.139999
2010-10-21,31.219999
2010-10-22,31.230000
2010-10-25,31.400000
2010-10-26,31.309999
2010-10-27,31.120001
2010-10-28,31.299999
2010-10-29,31.170000
2010-11-01,31.170000
2010-11-02,31.469999
2010-11-03,31.490000
2010-11-04,31.639999
2010-11-05,31.450001
2010-11-08,31.370001
2010-11-09,31.240000
2010-11-10,31.230000
2010-11-11,31.320000
2010-11-12,30.930000
2010-11-15,30.940001
2010-11-16,30.490000
2010-11-17,30.540001
2010-11-18,30.969999
2010-11-19,31.000000
2010-11-22,31.010000
2010-11-23,30.559999
2010-11-24,30.850000
2010-11-26,30.580000
2010-11-29,30.549999
2010-11-30,30.270000
2010-12-01,30.850000
2010-12-02,31.090000
2010-12-03,31.090000
2010-12-06,30.889999
2010-12-07,30.910000
2010-12-08,30.940001
2010-12-09,30.990000
2010-12-10,31.290001
2010-12-13,31.340000
2010-12-14,31.660000
2010-12-15,31.559999
2010-12-16,31.780001
2010-12-17,31.670000
2010-12-20,31.660000
2010-12-21,31.580000
2010-12-22,31.670000
2010-12-23,31.650000
2010-12-27,31.590000
2010-12-28,31.610001
2010-12-29,31.620001
2010-12-30,31.510000
2010-12-31,31.500000
2011-01-03,31.790001
2011-01-04,31.889999
2011-01-05,31.959999
2011-01-06,32.090000
2011-01-07,32.070000
2011-01-10,31.980000
2011-01-11,32.139999
2011-01-12,32.310001
2011-01-13,32.139999
2011-01-14,32.180000
2011-01-18,32.299999
2011-01-19,32.080002
2011-01-20,32.160000
2011-01-21,32.189999
2011-01-24,32.150002
2011-01-25,32.150002
2011-01-26,32.110001
2011-01-27,32.189999
2011-01-28,31.610001
2011-01-31,31.680000
2011-02-01,32.250000
2011-02-02,32.139999
2011-02-03,32.180000
2011-02-04,32.330002
2011-02-07,32.279999
2011-02-08,32.369999
2011-02-09,32.299999
2011-02-10,32.310001
2011-02-11,32.380001
2011-02-14,32.490002
2011-02-15,32.419998
2011-02-16,32.590000
2011-02-17,32.730000
2011-02-18,32.810001
2011-02-22,32.310001
2011-02-23,32.000000
2011-02-24,32.110001
2011-02-25,32.310001
2011-02-28,32.669998
2011-03-01,32.410000
2011-03-02,32.509998
2011-03-03,33.180000
2011-03-04,33.130001
2011-03-07,32.880001
2011-03-08,33.060001
2011-03-09,33.110001
2011-03-10,32.590000
2011-03-11,32.700001
2011-03-14,32.540001
2011-03-15,32.160000
2011-03-16,31.600000
2011-03-17,31.969999
2011-03-18,31.969999
2011-03-21,32.240002
2011-03-22,32.220001
2011-03-23,32.200001
2011-03-24,32.580002
2011-03-25,32.669998
2011-03-28,32.660000
2011-03-29,32.849998
2011-03-30,33.090000
2011-03-31,33.110001
2011-04-01,33.279999
2011-04-04,33.480000
2011-04-05,33.330002
2011-04-06,33.400002
2011-04-07,33.340000
2011-04-08,33.320000
2011-04-11,33.509998
2011-04-12,33.470001
2011-04-13,33.439999
2011-04-14,33.619999
2011-04-15,33.919998
2011-04-18,33.540001
2011-04-19,33.820000
2011-04-20,34.150002
2011-04-21,34.250000
2011-04-25,34.290001
2011-04-26,34.689999
2011-04-27,35.080002
2011-04-28,35.259998
2011-04-29,35.240002
2011-05-02,35.599998
2011-05-03,35.509998
2011-05-04,35.480000
2011-05-05,35.250000
2011-05-06,35.500000
2011-05-09,35.700001
2011-05-10,35.919998
2011-05-11,35.860001
2011-05-12,36.189999
2011-05-13,36.080002
2011-05-16,36.139999
2011-05-17,36.139999
2011-05-18,36.419998
2011-05-19,36.340000
2011-05-20,36.040001
2011-05-23,35.669998
2011-05-24,35.570000
2011-05-25,35.619999
2011-05-26,35.669998
2011-05-27,35.689999
2011-05-31,36.110001
2011-06-01,35.610001
2011-06-02,35.529999
2011-06-03,35.189999
2011-06-06,34.980000
2011-06-07,35.049999
2011-06-08,35.090000
2011-06-09,35.459999
2011-06-10,34.810001
2011-06-13,34.980000
2011-06-14,35.279999
2011-06-15,34.799999
2011-06-16,34.860001
2011-06-17,34.770000
2011-06-20,35.119999
2011-06-21,35.340000
2011-06-22,35.130001
2011-06-23,35.090000
2011-06-24,34.680000
2011-06-27,34.860001
2011-06-28,35.349998
2011-06-29,35.419998
2011-06-30,35.529999
2011-07-01,35.959999
2011-07-05,35.860001
2011-07-06,35.959999
2011-07-07,35.939999
2011-07-08,35.779999
2011-07-11,35.290001
2011-07-12,35.290001
2011-07-13,35.430000
2011-07-14,35.369999
2011-07-15,35.189999
2011-07-18,34.930000
2011-07-19,35.240002
2011-07-20,35.119999
2011-07-21,35.650002
2011-07-22,35.590000
2011-07-25,35.220001
2011-07-26,34.939999
2011-07-27,34.330002
2011-07-28,34.299999
2011-07-29,34.119999
2011-08-01,33.540001
2011-08-02,32.820000
2011-08-03,32.880001
2011-08-04,31.570000
2011-08-05,31.809999
2011-08-08,30.180000
2011-08-09,31.280001
2011-08-10,29.959999
2011-08-11,31.330000
2011-08-12,31.639999
2011-08-15,32.169998
2011-08-16,32.139999
2011-08-17,32.169998
2011-08-18,31.110001
2011-08-19,31.030001
2011-08-22,31.010000
2011-08-23,32.020000
2011-08-24,32.389999
2011-08-25,31.840000
2011-08-26,32.240002
2011-08-29,33.060001
2011-08-30,33.169998
2011-08-31,33.400002
2011-09-01,33.180000
2011-09-02,32.450001
2011-09-06,32.529999
2011-09-07,33.310001
2011-09-08,32.950001
2011-09-09,31.969999
2011-09-12,32.080002
2011-09-13,32.410000
2011-09-14,32.720001
2011-09-15,33.020000
2011-09-16,33.020000
2011-09-19,32.709999
2011-09-20,33.009998
2011-09-21,32.119999
2011-09-22,31.469999
2011-09-23,31.480000
2011-09-26,32.000000
2011-09-27,32.490002
2011-09-28,31.930000
2011-09-29,32.139999
2011-09-30,31.730000
2011-10-03,30.719999
2011-10-04,31.049999
2011-10-05,31.549999
2011-10-06,31.930000
2011-10-07,31.900000
2011-10-10,32.630001
2011-10-11,32.580002
2011-10-12,32.599998
2011-10-13,32.570000
2011-10-14,32.880001
2011-10-17,32.310001
2011-10-18,32.549999
2011-10-19,32.490002
2011-10-20,32.459999
2011-10-21,33.110001
2011-10-24,33.610001
2011-10-25,32.930000
2011-10-26,33.369999
2011-10-27,34.180000
2011-10-28,34.209999
2011-10-31,33.560001
2011-11-01,32.919998
2011-11-02,33.139999
2011-11-03,33.500000
2011-11-04,33.189999
2011-11-07,33.580002
2011-11-08,33.990002
2011-11-09,33.009998
2011-11-10,33.480000
2011-11-11,34.070000
2011-11-14,33.840000
2011-11-15,33.919998
2011-11-16,33.270000
2011-11-17,32.919998
2011-11-18,32.849998
2011-11-21,32.220001
2011-11-22,32.299999
2011-11-23,31.830000
2011-11-25,31.709999
2011-11-28,32.560001
2011-11-29,32.700001
2011-11-30,33.880001
2011-12-01,33.930000
2011-12-02,33.509998
2011-12-05,33.570000
2011-12-06,33.709999
2011-12-07,33.959999
2011-12-08,33.330002
2011-12-09,33.820000
2011-12-12,33.419998
2011-12-13,33.360001
2011-12-14,33.340000
2011-12-15,33.709999
2011-12-16,33.410000
2011-12-19,33.410000
2011-12-20,34.110001
2011-12-21,34.330002
2011-12-22,34.580002
2011-12-23,34.799999
2011-12-27,34.880001
2011-12-28,34.500000
2011-12-29,34.750000
2011-12-30,34.689999
2012-01-03,35.139999
2012-01-04,34.970001
2012-01-05,35.070000
2012-01-06,35.130001
2012-01-09,35.189999
2012-01-10,35.450001
2012-01-11,35.480000
2012-01-12,35.590000
2012-01-13,35.430000
2012-01-17,35.650002
2012-01-18,35.849998
2012-01-19,35.849998
2012-01-20,35.849998
2012-01-23,35.689999
2012-01-24,35.700001
2012-01-25,35.959999
2012-01-26,35.799999
2012-01-27,35.820000
2012-01-30,35.770000
2012-01-31,35.799999
2012-02-01,36.150002
2012-02-02,36.009998
2012-02-03,36.220001
2012-02-06,36.020000
2012-02-07,36.150002
2012-02-08,36.150002
2012-02-09,35.959999
2012-02-10,35.810001
2012-02-13,36.080002
2012-02-14,36.230000
2012-02-15,36.160000
2012-02-16,36.360001
2012-02-17,36.240002
2012-02-21,35.980000
2012-02-22,35.980000
2012-02-23,36.009998
2012-02-24,36.189999
2012-02-27,36.259998
2012-02-28,36.400002
2012-02-29,36.180000
2012-03-01,36.369999
2012-03-02,36.310001
2012-03-05,36.230000
2012-03-06,35.759998
2012-03-07,35.919998
2012-03-08,36.320000
2012-03-09,36.470001
2012-03-12,36.470001
2012-03-13,36.990002
2012-03-14,36.980000
2012-03-15,37.040001
2012-03-16,36.849998
2012-03-19,36.840000
2012-03-20,36.650002
2012-03-21,36.630001
2012-03-22,36.509998
2012-03-23,36.619999
2012-03-26,37.259998
2012-03-27,37.330002
2012-03-28,37.250000
2012-03-29,37.330002
2012-03-30,37.610001
2012-04-02,37.740002
2012-04-03,37.720001
2012-04-04,37.520000
2012-04-05,37.509998
2012-04-09,37.040001
2012-04-10,36.619999
2012-04-11,36.750000
2012-04-12,36.950001
2012-04-13,36.580002
2012-04-16,36.590000
2012-04-17,37.130001
2012-04-18,37.029999
2012-04-19,37.090000
2012-04-20,37.290001
2012-04-23,37.000000
2012-04-24,37.130001
2012-04-25,37.520000
2012-04-26,37.509998
2012-04-27,37.529999
2012-04-30,37.509998
2012-05-01,37.650002
2012-05-02,37.580002
2012-05-03,37.439999
2012-05-04,36.950001
2012-05-07,37.029999
2012-05-08,37.040001
2012-05-09,36.790001
2012-05-10,37.049999
2012-05-11,37.009998
2012-05-14,36.889999
2012-05-15,36.669998
2012-05-16,36.730000
2012-05-17,36.389999
2012-05-18,36.070000
2012-05-21,36.419998
2012-05-22,36.320000
2012-05-23,36.160000
2012-05-24,36.509998
2012-05-25,36.419998
2012-05-29,36.540001
2012-05-30,36.330002
2012-05-31,36.150002
2012-06-01,35.509998
2012-06-04,35.590000
2012-06-05,35.790001
2012-06-06,36.349998
2012-06-07,36.369999
2012-06-08,36.590000
2012-06-11,36.270000
2012-06-12,36.610001
2012-06-13,36.570000
2012-06-14,37.119999
2012-06-15,37.060001
2012-06-18,37.310001
2012-06-19,37.650002
2012-06-20,37.549999
2012-06-21,37.029999
2012-06-22,37.419998
2012-06-25,36.959999
2012-06-26,37.070000
2012-06-27,37.470001
2012-06-28,37.299999
2012-06-29,38.009998
2012-07-02,38.130001
2012-07-03,38.119999
2012-07-05,37.880001
2012-07-06,37.630001
2012-07-09,37.830002
2012-07-10,37.650002
2012-07-11,37.619999
2012-07-12,37.709999
2012-07-13,38.130001
2012-07-16,38.200001
2012-07-17,38.689999
2012-07-18,38.750000
2012-07-19,38.750000
2012-07-20,38.250000
2012-07-23,37.799999
2012-07-24,37.380001
2012-07-25,37.560001
2012-07-26,37.919998
2012-07-27,38.830002
2012-07-30,38.630001
2012-07-31,38.389999
2012-08-01,38.410000
2012-08-02,38.040001
2012-08-03,38.490002
2012-08-06,38.500000
2012-08-07,38.410000
2012-08-08,38.549999
2012-08-09,38.529999
2012-08-10,38.689999
2012-08-13,38.590000
2012-08-14,38.689999
2012-08-15,38.779999
2012-08-16,38.680000
2012-08-17,38.480000
2012-08-20,38.560001
2012-08-21,38.430000
2012-08-22,38.459999
2012-08-23,38.410000
2012-08-24,38.740002
2012-08-27,38.779999
2012-08-28,38.720001
2012-08-29,38.849998
2012-08-30,38.720001
2012-08-31,38.840000
2012-09-04,38.919998
2012-09-05,38.930000
2012-09-06,39.549999
2012-09-07,39.529999
2012-09-10,39.389999
2012-09-11,39.410000
2012-09-12,39.430000
2012-09-13,39.830002
2012-09-14,39.669998
2012-09-17,39.900002
2012-09-18,40.029999
2012-09-19,40.070000
2012-09-20,40.240002
2012-09-21,40.189999
2012-09-24,40.299999
2012-09-25,40.270000
2012-09-26,40.060001
2012-09-27,40.290001
2012-09-28,40.119999
2012-10-01,40.360001
2012-10-02,40.540001
2012-10-03,40.880001
2012-10-04,41.130001
2012-10-05,41.169998
2012-10-08,41.139999
2012-10-09,40.639999
2012-10-10,40.340000
2012-10-11,40.369999
2012-10-12,40.310001
2012-10-15,40.889999
2012-10-16,41.330002
2012-10-17,41.330002
2012-10-18,41.340000
2012-10-19,40.599998
2012-10-22,40.630001
2012-10-23,40.090000
2012-10-24,40.160000
2012-10-25,40.480000
2012-10-26,40.320000
2012-10-31,40.029999
2012-11-01,40.360001
2012-11-02,40.139999
2012-11-05,40.160000
2012-11-06,40.200001
2012-11-07,39.529999
2012-11-08,39.060001
2012-11-09,39.169998
2012-11-12,39.369999
2012-11-13,39.220001
2012-11-14,38.750000
2012-11-15,38.639999
2012-11-16,38.930000
2012-11-19,39.340000
2012-11-20,39.560001
2012-11-21,39.529999
2012-11-23,40.020000
2012-11-26,39.840000
2012-11-27,39.599998
2012-11-28,39.910000
2012-11-29,40.189999
2012-11-30,40.240002
2012-12-03,40.150002
2012-12-04,40.240002
2012-12-05,40.369999
2012-12-06,40.349998
2012-12-07,40.480000
2012-12-10,40.650002
2012-12-11,41.080002
2012-12-12,41.020000
2012-12-13,40.669998
2012-12-14,40.509998
2012-12-17,40.830002
2012-12-18,41.150002
2012-12-19,40.709999
2012-12-20,40.770000
2012-12-21,40.209999
2012-12-24,40.049999
2012-12-26,39.910000
2012-12-27,39.849998
2012-12-28,39.459999
2012-12-31,39.880001
2013-01-02,40.669998
2013-01-03,40.720001
2013-01-04,40.900002
2013-01-07,41.029999
2013-01-08,41.040001
2013-01-09,41.490002
2013-01-10,41.779999
2013-01-11,41.770000
2013-01-14,41.810001
2013-01-15,41.759998
2013-01-16,41.669998
2013-01-17,42.040001
2013-01-18,42.180000
2013-01-22,42.299999
2013-01-23,42.250000
2013-01-24,42.520000
2013-01-25,42.849998
2013-01-28,42.700001
2013-01-29,43.160000
2013-01-30,43.029999
2013-01-31,42.910000
2013-02-01,43.250000
2013-02-04,42.770000
2013-02-05,43.240002
2013-02-06,43.230000
2013-02-07,43.070000
2013-02-08,43.389999
2013-02-11,43.299999
2013-02-12,43.250000
2013-02-13,43.220001
2013-02-14,43.310001
2013-02-15,43.410000
2013-02-19,43.680000
2013-02-20,43.400002
2013-02-21,43.200001
2013-02-22,43.389999
2013-02-25,42.910000
2013-02-26,43.020000
2013-02-27,43.490002
2013-02-28,43.450001
2013-03-01,43.779999
2013-03-04,44.020000
2013-03-05,44.400002
2013-03-06,44.490002
2013-03-07,44.459999
2013-03-08,44.540001
2013-03-11,44.770000
2013-03-12,44.970001
2013-03-13,44.980000
2013-03-14,45.020000
2013-03-15,44.730000
2013-03-18,44.439999
2013-03-19,44.470001
2013-03-20,44.840000
2013-03-21,44.590000
2013-03-22,44.930000
2013-03-25,44.799999
2013-03-26,45.320000
2013-03-27,45.549999
2013-03-28,45.950001
2013-04-01,46.070000
2013-04-02,46.740002
2013-04-03,46.459999
2013-04-04,46.669998
2013-04-05,46.410000
2013-04-08,46.450001
2013-04-09,46.599998
2013-04-10,47.380001
2013-04-11,47.840000
2013-04-12,47.930000
2013-04-15,47.060001
2013-04-16,47.740002
2013-04-17,47.520000
2013-04-18,46.939999
2013-04-19,47.599998
2013-04-22,47.889999
2013-04-23,48.189999
2013-04-24,47.360001
2013-04-25,47.549999
2013-04-26,47.540001
2013-04-29,47.689999
2013-04-30,47.330002
2013-05-01,46.830002
2013-05-02,47.349998
2013-05-03,47.669998
2013-05-06,47.360001
2013-05-07,47.509998
2013-05-08,47.650002
2013-05-09,47.709999
2013-05-10,48.180000
2013-05-13,48.580002
2013-05-14,49.070000
2013-05-15,49.330002
2013-05-16,48.820000
2013-05-17,49.099998
2013-05-20,48.759998
2013-05-21,49.290001
2013-05-22,49.290001
2013-05-23,49.270000
2013-05-24,49.119999
2013-05-28,49.619999
2013-05-29,48.840000
2013-05-30,49.189999
2013-05-31,48.110001
2013-06-03,48.369999
2013-06-04,48.070000
2013-06-05,47.369999
2013-06-06,48.060001
2013-06-07,48.500000
2013-06-10,48.570000
2013-06-11,48.369999
2013-06-12,47.880001
2013-06-13,48.619999
2013-06-14,48.540001
2013-06-17,48.650002
2013-06-18,49.060001
2013-06-19,48.279999
2013-06-20,47.040001
2013-06-21,47.290001
2013-06-24,46.889999
2013-06-25,47.130001
2013-06-26,47.810001
2013-06-27,47.980000
2013-06-28,47.610001
2013-07-01,47.740002
2013-07-02,47.639999
2013-07-03,47.570000
2013-07-05,48.220001
2013-07-08,48.490002
2013-07-09,48.630001
2013-07-10,48.950001
2013-07-11,49.580002
2013-07-12,49.880001
2013-07-15,49.930000
2013-07-16,49.639999
2013-07-17,49.770000
2013-07-18,49.910000
2013-07-19,50.570000
2013-07-22,50.820000
2013-07-23,50.639999
2013-07-24,50.560001
2013-07-25,50.810001
2013-07-26,51.139999
2013-07-29,50.990002
2013-07-30,51.000000
2013-07-31,51.020000
2013-08-01,51.340000
2013-08-02,51.360001
2013-08-05,51.290001
2013-08-06,51.049999
2013-08-07,51.090000
2013-08-08,51.090000
2013-08-09,50.910000
2013-08-12,50.700001
2013-08-13,50.889999
2013-08-14,50.490002
2013-08-15,49.639999
2013-08-16,49.410000
2013-08-19,49.500000
2013-08-20,49.639999
2013-08-21,49.340000
2013-08-22,49.660000
2013-08-23,49.790001
2013-08-26,49.860001
2013-08-27,49.049999
2013-08-28,49.259998
2013-08-29,49.410000
2013-08-30,49.220001
2013-09-03,49.540001
2013-09-04,50.110001
2013-09-05,50.180000
2013-09-06,50.200001
2013-09-09,50.509998
2013-09-10,50.830002
2013-09-11,51.169998
2013-09-12,51.090000
2013-09-13,51.209999
2013-09-16,51.669998
2013-09-17,51.700001
2013-09-18,52.020000
2013-09-19,51.849998
2013-09-20,51.540001
2013-09-23,51.180000
2013-09-24,50.919998
2013-09-25,50.520000
2013-09-26,50.700001
2013-09-27,50.700001
2013-09-30,50.590000
2013-10-01,51.230000
2013-10-02,51.110001
2013-10-03,50.660000
2013-10-04,51.220001
2013-10-07,50.650002
2013-10-08,49.919998
2013-10-09,49.830002
2013-10-10,50.990002
2013-10-11,51.230000
2013-10-14,51.599998
2013-10-15,51.270000
2013-10-16,52.320000
2013-10-17,52.759998
2013-10-18,52.549999
2013-10-21,52.279999
2013-10-22,52.770000
2013-10-23,52.669998
2013-10-24,52.669998
2013-10-25,52.740002
2013-10-28,52.919998
2013-10-29,53.270000
2013-10-30,52.980000
2013-10-31,52.770000
2013-11-01,53.119999
2013-11-04,53.160000
2013-11-05,52.980000
2013-11-06,52.860001
2013-11-07,52.389999
2013-11-08,53.160000
2013-11-11,53.290001
2013-11-12,53.259998
2013-11-13,53.560001
2013-11-14,54.009998
2013-11-15,54.320000
2013-11-18,54.080002
2013-11-19,54.139999
2013-11-20,54.299999
2013-11-21,54.520000
2013-11-22,55.250000
2013-11-25,55.470001
2013-11-26,55.310001
2013-11-27,55.290001
2013-11-29,55.259998
2013-12-02,55.279999
2013-12-03,54.799999
2013-12-04,54.610001
2013-12-05,54.509998
2013-12-06,55.220001
2013-12-09,55.330002
2013-12-10,55.110001
2013-12-11,54.160000
2013-12-12,53.770000
2013-12-13,53.810001
2013-12-16,53.910000
2013-12-17,53.650002
2013-12-18,54.980000
2013-12-19,54.860001
2013-12-20,54.910000
2013-12-23,55.119999
2013-12-24,55.020000
2013-12-26,55.430000
2013-12-27,55.380001
2013-12-30,55.470001
2013-12-31,55.439999
2014-01-02,55.130001
2014-01-03,55.259998
2014-01-06,55.029999
2014-01-07,55.610001
2014-01-08,56.099998
2014-01-09,56.520000
2014-01-10,56.740002
2014-01-13,56.279999
2014-01-14,56.990002
2014-01-15,56.939999
2014-01-16,57.080002
2014-01-17,57.020000
2014-01-21,57.349998
2014-01-22,57.400002
2014-01-23,57.000000
2014-01-24,55.660000
2014-01-27,55.209999
2014-01-28,55.950001
2014-01-29,55.439999
2014-01-30,56.450001
2014-01-31,55.959999
2014-02-03,54.860001
2014-02-04,55.400002
2014-02-05,55.090000
2014-02-06,55.400002
2014-02-07,56.349998
2014-02-10,56.820000
2014-02-11,57.590000
2014-02-12,57.590000
2014-02-13,58.000000
2014-02-14,58.209999
2014-02-18,58.750000
2014-02-19,58.389999
2014-02-20,58.919998
2014-02-21,58.810001
2014-02-24,59.250000
2014-02-25,59.099998
2014-02-26,59.099998
2014-02-27,59.439999
2014-02-28,59.439999
2014-03-03,59.000000
2014-03-04,60.119999
2014-03-05,59.970001
2014-03-06,59.599998
2014-03-07,59.450001
2014-03-10,59.700001
2014-03-11,59.580002
2014-03-12,59.570000
2014-03-13,58.759998
2014-03-14,58.439999
2014-03-17,59.009998
2014-03-18,59.639999
2014-03-19,59.459999
2014-03-20,59.459999
2014-03-21,58.180000
2014-03-24,57.529999
2014-03-25,58.040001
2014-03-26,58.060001
2014-03-27,57.930000
2014-03-28,57.709999
2014-03-31,58.490002
2014-04-01,58.860001
2014-04-02,59.119999
2014-04-03,58.990002
2014-04-04,58.009998
2014-04-07,57.430000
2014-04-08,56.959999
2014-04-09,58.180000
2014-04-10,56.240002
2014-04-11,55.709999
2014-04-14,56.020000
2014-04-15,56.619999
2014-04-16,56.900002
2014-04-17,56.889999
2014-04-21,57.570000
2014-04-22,58.200001
2014-04-23,57.910000
2014-04-24,57.820000
2014-04-25,57.389999
2014-04-28,57.730000
2014-04-29,58.070000
2014-04-30,58.119999
2014-05-01,58.250000
2014-05-02,57.750000
2014-05-05,58.130001
2014-05-06,57.619999
2014-05-07,57.779999
2014-05-08,57.470001
2014-05-09,57.820000
2014-05-12,58.410000
2014-05-13,58.500000
2014-05-14,58.540001
2014-05-15,57.950001
2014-05-16,58.150002
2014-05-19,58.509998
2014-05-20,58.139999
2014-05-21,58.630001
2014-05-22,58.980000
2014-05-23,59.009998
2014-05-27,59.330002
2014-05-28,59.160000
2014-05-29,59.630001
2014-05-30,59.790001
2014-06-02,59.869999
2014-06-03,59.980000
2014-06-04,60.150002
2014-06-05,60.220001
2014-06-06,60.160000
2014-06-09,59.849998
2014-06-10,60.049999
2014-06-11,59.980000
2014-06-12,59.680000
2014-06-13,59.630001
2014-06-16,59.750000
2014-06-17,59.720001
2014-06-18,60.200001
2014-06-19,60.400002
2014-06-20,60.680000
2014-06-23,60.450001
2014-06-24,60.490002
2014-06-25,61.150002
2014-06-26,61.230000
2014-06-27,61.070000
2014-06-30,60.830002
2014-07-01,61.599998
2014-07-02,62.070000
2014-07-03,62.320000
2014-07-07,61.849998
2014-07-08,61.270000
2014-07-09,61.529999
2014-07-10,61.490002
2014-07-11,61.619999
2014-07-14,61.820000
2014-07-15,61.290001
2014-07-16,61.090000
2014-07-17,60.419998
2014-07-18,61.410000
2014-07-21,61.160000
2014-07-22,61.689999
2014-07-23,62.189999
2014-07-24,62.060001
2014-07-25,61.830002
2014-07-28,61.889999
2014-07-29,61.939999
2014-07-30,62.189999
2014-07-31,60.910000
2014-08-01,60.959999
2014-08-04,61.220001
2014-08-05,60.630001
2014-08-06,60.599998
2014-08-07,59.820000
2014-08-08,60.529999
2014-08-11,60.500000
2014-08-12,60.450001
2014-08-13,61.180000
2014-08-14,61.900002
2014-08-15,61.959999
2014-08-18,62.439999
2014-08-19,62.849998
2014-08-20,62.840000
2014-08-21,62.930000
2014-08-22,62.990002
2014-08-25,63.470001
2014-08-26,63.700001
2014-08-27,63.650002
2014-08-28,63.630001
2014-08-29,63.860001
2014-09-02,63.830002
2014-09-03,64.120003
2014-09-04,63.799999
2014-09-05,64.169998
2014-09-08,64.180000
2014-09-09,64.010002
2014-09-10,64.459999
2014-09-11,64.279999
2014-09-12,63.810001
2014-09-15,63.639999
2014-09-16,64.510002
2014-09-17,64.559998
2014-09-18,65.040001
2014-09-19,64.879997
2014-09-22,64.529999
2014-09-23,64.150002
2014-09-24,65.269997
2014-09-25,64.199997
2014-09-26,64.400002
2014-09-29,64.260002
2014-09-30,63.910000
2014-10-01,63.240002
2014-10-02,63.110001
2014-10-03,64.410004
2014-10-06,64.110001
2014-10-07,63.090000
2014-10-08,64.699997
2014-10-09,63.360001
2014-10-10,62.970001
2014-10-13,61.480000
2014-10-14,61.020000
2014-10-15,60.520000
2014-10-16,60.209999
2014-10-17,61.169998
2014-10-20,61.910000
2014-10-21,63.549999
2014-10-22,63.230000
2014-10-23,64.309998
2014-10-24,65.209999
2014-10-27,65.279999
2014-10-28,65.760002
2014-10-29,65.790001
2014-10-30,67.000000
2014-10-31,67.269997
2014-11-03,67.349998
2014-11-04,67.360001
2014-11-05,67.290001
2014-11-06,67.699997
2014-11-07,67.029999
2014-11-10,67.709999
2014-11-11,67.959999
2014-11-12,67.860001
2014-11-13,67.809998
2014-11-14,67.250000
2014-11-17,67.580002
2014-11-18,68.669998
2014-11-19,68.290001
2014-11-20,68.000000
2014-11-21,68.320000
2014-11-24,68.669998
2014-11-25,68.760002
2014-11-26,69.180000
2014-11-28,69.610001
2014-12-01,69.440002
2014-12-02,70.209999
2014-12-03,70.320000
2014-12-04,70.230003
2014-12-05,70.790001
2014-12-08,71.040001
2014-12-09,70.739998
2014-12-10,69.650002
2014-12-11,69.849998
2014-12-12,68.779999
2014-12-15,68.150002
2014-12-16,67.360001
2014-12-17,68.620003
2014-12-18,70.500000
2014-12-19,70.410004
2014-12-22,69.739998
2014-12-23,68.139999
2014-12-24,68.639999
2014-12-26,69.129997
2014-12-29,69.370003
2014-12-30,69.070000
2014-12-31,68.379997
2015-01-02,68.629997
2015-01-05,68.279999
2015-01-06,68.050003
2015-01-07,69.650002
2015-01-08,70.839996
2015-01-09,70.209999
2015-01-12,70.239998
2015-01-13,69.930000
2015-01-14,69.820000
2015-01-15,69.070000
2015-01-16,70.370003
2015-01-20,70.370003
2015-01-21,70.510002
2015-01-22,71.349998
2015-01-23,70.940002
2015-01-26,71.309998
2015-01-27,70.800003
2015-01-28,69.779999
2015-01-29,70.370003
2015-01-30,69.269997
2015-02-02,69.660004
2015-02-03,70.129997
2015-02-04,69.250000
2015-02-05,70.419998
2015-02-06,69.779999
2015-02-09,68.959999
2015-02-10,70.120003
2015-02-11,70.190002
2015-02-12,70.440002
2015-02-13,70.720001
2015-02-17,71.230003
2015-02-18,71.309998
2015-02-19,71.430000
2015-02-20,72.180000
2015-02-23,72.510002
2015-02-24,72.419998
2015-02-25,72.389999
2015-02-26,72.589996
2015-02-27,72.239998
2015-03-02,72.889999
2015-03-03,72.230003
2015-03-04,72.580002
2015-03-05,72.839996
2015-03-06,71.410004
2015-03-09,71.849998
2015-03-10,71.050003
2015-03-11,71.010002
2015-03-12,71.949997
2015-03-13,71.809998
2015-03-16,73.400002
2015-03-17,73.190002
2015-03-18,74.139999
2015-03-19,74.570000
2015-03-20,74.900002
2015-03-23,74.690002
2015-03-24,74.040001
2015-03-25,72.690002
2015-03-26,72.519997
2015-03-27,73.040001
2015-03-30,73.779999
2015-03-31,72.500000
2015-04-01,71.769997
2015-04-02,71.989998
2015-04-06,72.099998
2015-04-07,72.269997
2015-04-08,72.879997
2015-04-09,73.430000
2015-04-10,74.059998
2015-04-13,73.660004
2015-04-14,73.779999
2015-04-15,73.970001
2015-04-16,73.930000
2015-04-17,73.290001
2015-04-20,73.739998
2015-04-21,74.230003
2015-04-22,74.349998
2015-04-23,74.629997
2015-04-24,74.389999
2015-04-27,73.040001
2015-04-28,73.400002
2015-04-29,72.730003
2015-04-30,71.709999
2015-05-01,72.680000
2015-05-04,73.139999
2015-05-05,72.220001
2015-05-06,71.940002
2015-05-07,72.279999
2015-05-08,73.449997
2015-05-11,73.489998
2015-05-12,73.019997
2015-05-13,73.099998
2015-05-14,74.110001
2015-05-15,74.260002
2015-05-18,74.699997
2015-05-19,75.050003
2015-05-20,75.150002
2015-05-21,75.160004
2015-05-22,74.980003
2015-05-26,74.220001
2015-05-27,75.080002
2015-05-28,75.129997
2015-05-29,74.940002
2015-06-01,75.239998
2015-06-02,74.750000
2015-06-03,74.889999
2015-06-04,74.370003
2015-06-05,74.339996
2015-06-08,73.970001
2015-06-09,73.949997
2015-06-10,74.860001
2015-06-11,75.370003
2015-06-12,74.440002
2015-06-15,74.529999
2015-06-16,74.900002
2015-06-17,74.970001
2015-06-18,76.029999
2015-06-19,75.709999
2015-06-22,76.300003
2015-06-23,76.449997
2015-06-24,75.680000
2015-06-25,76.099998
2015-06-26,75.989998
2015-06-29,74.129997
2015-06-30,74.389999
2015-07-01,75.190002
2015-07-02,74.839996
2015-07-06,74.809998
2015-07-07,75.169998
2015-07-08,73.879997
2015-07-09,74.279999
2015-07-10,75.279999
2015-07-13,75.919998
2015-07-14,76.680000
2015-07-15,76.779999
2015-07-16,77.139999
2015-07-17,76.970001
2015-07-20,77.220001
2015-07-21,76.879997
2015-07-22,77.050003
2015-07-23,76.769997
2015-07-24,74.849998
2015-07-27,74.779999
2015-07-28,76.129997
2015-07-29,76.260002
2015-07-30,76.150002
2015-07-31,76.589996
2015-08-03,76.529999
2015-08-04,76.489998
2015-08-05,77.129997
2015-08-06,75.449997
2015-08-07,75.320000
2015-08-10,75.930000
2015-08-11,75.290001
2015-08-12,75.339996
2015-08-13,75.169998
2015-08-14,75.379997
2015-08-17,76.139999
2015-08-18,76.029999
2015-08-19,75.720001
2015-08-20,73.959999
2015-08-21,71.699997
2015-08-24,68.650002
2015-08-25,67.959999
2015-08-26,70.830002
2015-08-27,72.209999
2015-08-28,71.800003
2015-08-31,70.489998
2015-09-01,68.639999
2015-09-02,70.050003
2015-09-03,69.550003
2015-09-04,68.680000
2015-09-08,70.599998
2015-09-09,69.510002
2015-09-10,70.180000
2015-09-11,70.629997
2015-09-14,70.410004
2015-09-15,71.419998
2015-09-16,71.620003
2015-09-17,72.269997
2015-09-18,70.910004
2015-09-21,69.970001
2015-09-22,69.540001
2015-09-23,69.470001
2015-09-24,68.760002
2015-09-25,66.879997
2015-09-28,64.290001
2015-09-29,64.879997
2015-09-30,66.230003
2015-10-01,66.900002
2015-10-02,68.290001
2015-10-05,68.470001
2015-10-06,66.860001
2015-10-07,67.930000
2015-10-08,68.129997
2015-10-09,68.440002
2015-10-12,68.620003
2015-10-13,67.760002
2015-10-14,67.629997
2015-10-15,69.139999
2015-10-16,69.760002
2015-10-19,70.010002
2015-10-20,68.910004
2015-10-21,68.290001
2015-10-22,67.879997
2015-10-23,69.330002
2015-10-26,69.599998
2015-10-27,70.879997
2015-10-28,71.470001
2015-10-29,71.790001
2015-10-30,71.339996
2015-11-02,72.860001
2015-11-03,72.599998
2015-11-04,72.279999
2015-11-05,72.050003
2015-11-06,71.750000
2015-11-09,71.199997
2015-11-10,71.680000
2015-11-11,70.970001
2015-11-12,69.739998
2015-11-13,69.570000
2015-11-16,70.440002
2015-11-17,70.739998
2015-11-18,72.120003
2015-11-19,70.910004
2015-11-20,71.519997
2015-11-23,71.339996
2015-11-24,71.559998
2015-11-25,71.949997
2015-11-27,72.089996
2015-11-30,71.110001
2015-12-01,72.309998
2015-12-02,71.699997
2015-12-03,70.129997
2015-12-04,71.779999
2015-12-07,71.379997
2015-12-08,71.540001
2015-12-09,70.820000
2015-12-10,71.349998
2015-12-11,70.300003
2015-12-14,70.760002
2015-12-15,71.680000
2015-12-16,72.610001
2015-12-17,71.830002
2015-12-18,70.489998
2015-12-21,71.129997
2015-12-22,71.610001
2015-12-23,72.379997
2015-12-24,72.449997
2015-12-28,72.110001
2015-12-29,72.989998
2015-12-30,72.680000
2015-12-31,72.029999
2016-01-04,70.730003
2016-01-05,71.070000
2016-01-06,70.489998
2016-01-07,69.059998
2016-01-08,68.019997
2016-01-11,67.209999
2016-01-12,68.070000
2016-01-13,66.050003
2016-01-14,67.820000
2016-01-15,66.870003
2016-01-19,66.860001
2016-01-20,66.989998
2016-01-21,66.790001
2016-01-22,67.849998
2016-01-25,67.220001
2016-01-26,67.730003
2016-01-27,66.959999
2016-01-28,65.400002
2016-01-29,66.470001
2016-02-01,66.570000
2016-02-02,65.610001
2016-02-03,66.040001
2016-02-04,65.680000
2016-02-05,64.400002
2016-02-08,63.520000
2016-02-09,63.990002
2016-02-10,64.559998
2016-02-11,63.520000
2016-02-12,64.370003
2016-02-16,65.580002
2016-02-17,66.410004
2016-02-18,66.000000
2016-02-19,65.930000
2016-02-22,66.870003
2016-02-23,66.370003
2016-02-24,66.589996
2016-02-25,67.419998
2016-02-26,67.300003
2016-02-29,66.230003
2016-03-01,67.650002
2016-03-02,67.760002
2016-03-03,67.570000
2016-03-04,67.410004
2016-03-07,67.949997
2016-03-08,67.120003
2016-03-09,67.239998
2016-03-10,67.279999
2016-03-11,68.589996
2016-03-14,68.300003
2016-03-15,67.239998
2016-03-16,67.080002
2016-03-17,66.300003
2016-03-18,66.839996
2016-03-21,67.230003
2016-03-22,67.900002
2016-03-23,67.419998
2016-03-24,67.389999
2016-03-28,67.199997
2016-03-29,67.980003
2016-03-30,67.989998
2016-03-31,67.779999
2016-04-01,68.550003
2016-04-04,69.370003
2016-04-05,68.470001
2016-04-06,70.309998
2016-04-07,69.540001
2016-04-08,69.349998
2016-04-11,68.820000
2016-04-12,69.379997
2016-04-13,70.029999
2016-04-14,70.070000
2016-04-15,70.019997
2016-04-18,70.669998
2016-04-19,70.919998
2016-04-20,71.300003
2016-04-21,71.720001
2016-04-22,71.870003
2016-04-25,71.589996
2016-04-26,71.320000
2016-04-27,71.239998
2016-04-28,70.900002
2016-04-29,69.790001
2016-05-02,70.190002
2016-05-03,69.970001
2016-05-04,69.300003
2016-05-05,69.589996
2016-05-06,69.180000
2016-05-09,69.970001
2016-05-10,70.559998
2016-05-11,69.709999
2016-05-12,69.300003
2016-05-13,69.139999
2016-05-16,70.080002
2016-05-17,69.349998
2016-05-18,69.639999
2016-05-19,69.050003
2016-05-20,69.690002
2016-05-23,69.410004
2016-05-24,70.410004
2016-05-25,70.849998
2016-05-26,70.860001
2016-05-27,71.180000
2016-05-31,71.349998
2016-06-01,71.610001
2016-06-02,72.529999
2016-06-03,72.290001
2016-06-06,72.680000
2016-06-07,72.230003
2016-06-08,72.480003
2016-06-09,72.360001
2016-06-10,71.779999
2016-06-13,71.209999
2016-06-14,71.320000
2016-06-15,70.830002
2016-06-16,71.080002
2016-06-17,70.059998
2016-06-20,70.500000
2016-06-21,70.260002
2016-06-22,70.459999
2016-06-23,71.379997
2016-06-24,69.309998
2016-06-27,68.379997
2016-06-28,69.709999
2016-06-29,71.040001
2016-06-30,71.709999
2016-07-01,72.160004
2016-07-05,72.089996
2016-07-06,72.900002
2016-07-07,72.790001
2016-07-08,73.690002
2016-07-11,73.489998
2016-07-12,73.849998
2016-07-13,73.820000
2016-07-14,74.139999
2016-07-15,74.080002
2016-07-18,74.110001
2016-07-19,73.949997
2016-07-20,74.620003
2016-07-21,74.839996
2016-07-22,74.989998
2016-07-25,74.910004
2016-07-26,74.779999
2016-07-27,75.120003
2016-07-28,75.050003
2016-07-29,75.199997
2016-08-01,75.680000
2016-08-02,75.389999
2016-08-03,75.180000
2016-08-04,75.070000
2016-08-05,75.250000
2016-08-08,74.610001
2016-08-09,74.790001
2016-08-10,74.540001
2016-08-11,74.970001
2016-08-12,74.779999
2016-08-15,74.910004
2016-08-16,74.239998
2016-08-17,74.389999
2016-08-18,74.419998
2016-08-19,74.360001
2016-08-22,74.510002
2016-08-23,74.580002
2016-08-24,73.410004
2016-08-25,72.790001
2016-08-26,73.070000
2016-08-29,73.230003
2016-08-30,72.980003
2016-08-31,72.760002
2016-09-01,72.570000
2016-09-02,72.650002
2016-09-06,72.910004
2016-09-07,72.910004
2016-09-08,72.970001
2016-09-09,71.510002
2016-09-12,72.570000
2016-09-13,71.599998
2016-09-14,71.599998
2016-09-15,72.339996
2016-09-16,72.110001
2016-09-19,71.849998
2016-09-20,72.070000
2016-09-21,72.790001
2016-09-22,73.339996
2016-09-23,73.110001
2016-09-26,72.260002
2016-09-27,72.769997
2016-09-28,72.660004
2016-09-29,71.379997
2016-09-30,72.110001
2016-10-03,72.050003
2016-10-04,71.910004
2016-10-05,72.190002
2016-10-06,71.919998
2016-10-07,71.870003
2016-10-10,72.199997
2016-10-11,70.389999
2016-10-12,70.059998
2016-10-13,70.089996
2016-10-14,69.620003
2016-10-17,69.389999
2016-10-18,70.220001
2016-10-19,69.959999
2016-10-20,70.290001
2016-10-21,69.709999
2016-10-24,69.580002
2016-10-25,69.379997
2016-10-26,68.959999
2016-10-27,69.279999
2016-10-28,67.779999
2016-10-31,67.360001
2016-11-01,67.000000
2016-11-02,66.650002
2016-11-03,66.019997
2016-11-04,66.480003
2016-11-07,68.180000
2016-11-08,68.370003
2016-11-09,70.779999
2016-11-10,71.559998
2016-11-11,70.489998
2016-11-14,70.269997
2016-11-15,70.470001
2016-11-16,70.169998
2016-11-17,70.449997
2016-11-18,69.699997
2016-11-21,69.949997
2016-11-22,68.940002
2016-11-23,69.209999
2016-11-25,69.480003
2016-11-28,68.959999
2016-11-29,69.410004
2016-11-30,68.750000
2016-12-01,68.250000
2016-12-02,68.410004
2016-12-05,68.290001
2016-12-06,68.480003
2016-12-07,67.889999
2016-12-08,68.019997
2016-12-09,68.849998
2016-12-12,69.180000
2016-12-13,69.739998
2016-12-14,69.379997
2016-12-15,69.830002
2016-12-16,69.580002
2016-12-19,69.290001
2016-12-20,69.239998
2016-12-21,68.849998
2016-12-22,68.940002
2016-12-23,69.459999
2016-12-27,69.599998
2016-12-28,69.070000
2016-12-29,69.190002
2016-12-30,68.940002
2017-01-03,69.839996
2017-01-04,70.389999
2017-01-05,70.750000
2017-01-06,70.949997
2017-01-09,71.250000
2017-01-10,71.500000
2017-01-11,70.779999
2017-01-12,70.849998
2017-01-13,70.919998
2017-01-17,70.559998
2017-01-18,70.470001
2017-01-19,70.019997
2017-01-20,69.839996
2017-01-23,69.550003
2017-01-24,69.070000
2017-01-25,69.720001
2017-01-26,69.180000
2017-01-27,69.750000
2017-01-30,69.410004
2017-01-31,70.519997
2017-02-01,71.129997
2017-02-02,71.110001
2017-02-03,71.419998
2017-02-06,71.500000
2017-02-07,71.570000
2017-02-08,71.459999
2017-02-09,71.720001
2017-02-10,71.860001
2017-02-13,72.300003
2017-02-14,72.870003
2017-02-15,73.660004
2017-02-16,73.559998
2017-02-17,73.660004
2017-02-21,73.989998
2017-02-22,73.879997
2017-02-23,74.419998
2017-02-24,74.779999
2017-02-27,75.139999
2017-02-28,74.989998
2017-03-01,75.739998
2017-03-02,75.500000
2017-03-03,75.800003
2017-03-06,75.510002
2017-03-07,74.980003
2017-03-08,75.279999
2017-03-09,75.690002
2017-03-10,75.980003
2017-03-13,75.919998
2017-03-14,75.639999
2017-03-15,76.589996
2017-03-16,75.849998
2017-03-17,75.160004
2017-03-20,75.050003
2017-03-21,74.459999
2017-03-22,74.480003
2017-03-23,74.250000
2017-03-24,74.290001
2017-03-27,74.489998
2017-03-28,74.540001
2017-03-29,74.559998
2017-03-30,74.570000
2017-03-31,74.360001
2017-04-03,74.419998
2017-04-04,74.379997
2017-04-05,74.150002
2017-04-06,74.279999
2017-04-07,74.410004
2017-04-10,74.269997
2017-04-11,74.169998
2017-04-12,74.169998
2017-04-13,73.980003
2017-04-17,74.250000
2017-04-18,73.440002
2017-04-19,73.660004
2017-04-20,74.120003
2017-04-21,73.680000
2017-04-24,74.410004
2017-04-25,74.730003
2017-04-26,75.139999
2017-04-27,75.300003
2017-04-28,75.500000
2017-05-01,75.669998
2017-05-02,75.879997
2017-05-03,75.510002
2017-05-04,76.010002
2017-05-05,75.970001
2017-05-08,75.500000
2017-05-09,75.589996
2017-05-10,75.370003
2017-05-11,75.410004
2017-05-12,75.279999
2017-05-15,75.769997
2017-05-16,75.480003
2017-05-17,74.489998
2017-05-18,74.820000
2017-05-19,75.029999
2017-05-22,75.230003
2017-05-23,75.480003
2017-05-24,75.669998
2017-05-25,76.029999
2017-05-26,75.889999
2017-05-30,75.779999
2017-05-31,76.080002
2017-06-01,76.919998
2017-06-02,77.419998
2017-06-05,77.199997
2017-06-06,77.010002
2017-06-07,77.220001
2017-06-08,77.000000
2017-06-09,77.519997
2017-06-12,77.419998
2017-06-13,77.580002
2017-06-14,77.949997
2017-06-15,77.870003
2017-06-16,77.690002
2017-06-19,78.500000
2017-06-20,78.760002
2017-06-21,79.760002
2017-06-22,80.589996
2017-06-23,80.470001
2017-06-26,80.389999
2017-06-27,79.660004
2017-06-28,80.080002
2017-06-29,79.349998
2017-06-30,79.239998
2017-07-03,79.379997
2017-07-05,79.849998
2017-07-06,78.820000
2017-07-07,79.220001
2017-07-10,79.070000
2017-07-11,78.980003
2017-07-12,79.519997
2017-07-13,79.589996
2017-07-14,80.129997
2017-07-17,79.839996
2017-07-18,79.900002
2017-07-19,80.550003
2017-07-20,81.080002
2017-07-21,80.989998
2017-07-24,80.959999
2017-07-25,80.379997
2017-07-26,80.110001
2017-07-27,79.559998
2017-07-28,79.959999
2017-07-31,79.889999
2017-08-01,79.709999
2017-08-02,79.529999
2017-08-03,79.660004
2017-08-04,79.480003
2017-08-07,79.650002
2017-08-08,79.279999
2017-08-09,79.370003
2017-08-10,78.379997
2017-08-11,78.599998
2017-08-14,79.129997
2017-08-15,79.129997
2017-08-16,79.349998
2017-08-17,78.360001
2017-08-18,78.000000
2017-08-21,78.349998
2017-08-22,79.300003
2017-08-23,78.699997
2017-08-24,78.930000
2017-08-25,78.949997
2017-08-28,79.370003
2017-08-29,79.519997
2017-08-30,79.930000
2017-08-31,81.290001
2017-09-01,81.230003
2017-09-05,80.879997
2017-09-06,81.269997
2017-09-07,82.169998
2017-09-08,82.540001
2017-09-11,83.180000
2017-09-12,83.360001
2017-09-13,83.050003
2017-09-14,83.160004
2017-09-15,82.589996
2017-09-18,82.570000
2017-09-19,81.919998
2017-09-20,82.000000
2017-09-21,81.580002
2017-09-22,81.580002
2017-09-25,81.339996
2017-09-26,81.209999
2017-09-27,81.180000
2017-09-28,81.250000
2017-09-29,81.730003
2017-10-02,82.559998
2017-10-03,82.540001
2017-10-04,82.940002
2017-10-05,83.000000
2017-10-06,82.889999
2017-10-09,82.370003
2017-10-10,82.559998
2017-10-11,82.720001
2017-10-12,82.629997
2017-10-13,82.419998
2017-10-16,82.059998
2017-10-17,83.160004
2017-10-18,83.279999
2017-10-19,83.790001
2017-10-20,83.879997
2017-10-23,83.669998
2017-10-24,83.110001
2017-10-25,82.989998
2017-10-26,82.160004
2017-10-27,82.139999
2017-10-30,81.260002
2017-10-31,81.110001
2017-11-01,81.309998
2017-11-02,80.940002
2017-11-03,81.610001
2017-11-06,81.360001
2017-11-07,81.529999
2017-11-08,81.720001
2017-11-09,81.730003
2017-11-10,81.199997
2017-11-13,81.279999
2017-11-14,80.949997
2017-11-15,80.720001
2017-11-16,81.559998
2017-11-17,81.239998
2017-11-20,80.900002
2017-11-21,81.610001
2017-11-22,81.580002
2017-11-24,81.769997
2017-11-27,81.839996
2017-11-28,82.440002
2017-11-29,82.849998
2017-11-30,83.470001
2017-12-01,83.300003
2017-12-04,82.279999
2017-12-05,82.139999
2017-12-06,82.070000
2017-12-07,82.089996
2017-12-08,83.010002
2017-12-11,83.360001
2017-12-12,83.690002
2017-12-13,83.980003
2017-12-14,83.129997
2017-12-15,83.709999
2017-12-18,83.739998
2017-12-19,83.639999
2017-12-20,83.370003
2017-12-21,83.180000
2017-12-22,82.910004
2017-12-26,82.930000
2017-12-27,83.070000
2017-12-28,83.190002
2017-12-29,82.680000
2018-01-02,83.610001
2018-01-03,84.410004
2018-01-04,84.529999
2018-01-05,85.250000
2018-01-08,84.940002
2018-01-09,85.940002
2018-01-10,85.790001
2018-01-11,86.160004
2018-01-12,86.820000
2018-01-16,87.250000
2018-01-17,88.089996
2018-01-18,88.110001
2018-01-19,88.440002
2018-01-22,89.019997
2018-01-23,88.589996
2018-01-24,88.849998
2018-01-25,89.610001
2018-01-26,91.540001
2018-01-29,91.290001
2018-01-30,89.370003
2018-01-31,88.099998
2018-02-01,88.129997
2018-02-02,86.889999
2018-02-05,83.040001
2018-02-06,83.959999
2018-02-07,83.860001
2018-02-08,80.949997
2018-02-09,82.099998
2018-02-12,82.870003
2018-02-13,82.930000
2018-02-14,83.870003
2018-02-15,84.800003
2018-02-16,85.410004
2018-02-20,84.470001
2018-02-21,84.120003
2018-02-22,83.989998
2018-02-23,85.330002
2018-02-26,86.410004
2018-02-27,85.510002
2018-02-28,84.139999
2018-03-01,82.800003
2018-03-02,83.639999
2018-03-05,84.400002
2018-03-06,84.279999
2018-03-07,84.709999
2018-03-08,85.279999
2018-03-09,86.510002
2018-03-12,86.139999
2018-03-13,86.250000
2018-03-14,85.830002
2018-03-15,85.690002
2018-03-16,85.389999
2018-03-19,84.010002
2018-03-20,84.129997
2018-03-21,83.769997
2018-03-22,81.360001
2018-03-23,79.669998
2018-03-26,81.320000
2018-03-27,80.360001
2018-03-28,80.790001
2018-03-29,81.400002
2018-04-02,79.550003
2018-04-03,80.760002
2018-04-04,81.910004
2018-04-05,81.849998
2018-04-06,79.879997
2018-04-09,80.669998
2018-04-10,82.029999
2018-04-11,81.360001
2018-04-12,81.910004
2018-04-13,81.870003
2018-04-16,82.519997
2018-04-17,83.160004
2018-04-18,83.230003
2018-04-19,82.529999
2018-04-20,82.089996
2018-04-23,82.410004
2018-04-24,81.790001
2018-04-25,82.160004
2018-04-26,83.199997
2018-04-27,83.540001
2018-04-30,82.260002
2018-05-01,82.220001
2018-05-02,81.089996
2018-05-03,80.360001
2018-05-04,81.000000
2018-05-07,80.879997
2018-05-08,80.269997
2018-05-09,80.730003
2018-05-10,81.809998
2018-05-11,83.029999
2018-05-14,83.580002
2018-05-15,82.500000
2018-05-16,82.959999
2018-05-17,82.989998
2018-05-18,83.199997
2018-05-21,83.279999
2018-05-22,83.120003
2018-05-23,83.389999
2018-05-24,83.059998
2018-05-25,82.940002
2018-05-29,82.089996
2018-05-30,83.320000
2018-05-31,82.410004
2018-06-01,83.360001
2018-06-04,83.669998
2018-06-05,83.500000
2018-06-06,84.440002
2018-06-07,84.550003
2018-06-08,85.040001
2018-06-11,85.199997
2018-06-12,85.150002
2018-06-13,85.169998
2018-06-14,85.610001
2018-06-15,85.459999
2018-06-18,84.639999
2018-06-19,84.860001
2018-06-20,85.040001
2018-06-21,84.550003
2018-06-22,84.930000
2018-06-25,84.150002
2018-06-26,83.889999
2018-06-27,83.180000
2018-06-28,83.290001
2018-06-29,83.459999
2018-07-02,83.720001
2018-07-03,83.919998
2018-07-05,84.790001
2018-07-06,86.010002
2018-07-09,86.639999
2018-07-10,86.970001
2018-07-11,86.279999
2018-07-12,87.239998
2018-07-13,87.400002
2018-07-16,86.870003
2018-07-17,87.349998
2018-07-18,87.419998
2018-07-19,86.930000
2018-07-20,86.760002
2018-07-23,86.940002
2018-07-24,87.730003
2018-07-25,88.849998
2018-07-26,88.599998
2018-07-27,87.959999
2018-07-30,88.010002
2018-07-31,88.930000
2018-08-01,88.949997
2018-08-02,89.279999
2018-08-03,89.809998
2018-08-06,89.970001
2018-08-07,89.980003
2018-08-08,90.120003
2018-08-09,90.019997
2018-08-10,89.629997
2018-08-13,89.660004
2018-08-14,90.080002
2018-08-15,89.930000
2018-08-16,90.809998
2018-08-17,91.089996
2018-08-20,91.389999
2018-08-21,91.389999
2018-08-22,91.480003
2018-08-23,91.449997
2018-08-24,91.889999
2018-08-27,92.220001
2018-08-28,92.269997
2018-08-29,92.870003
2018-08-30,92.800003
2018-08-31,92.779999
2018-09-04,92.040001
2018-09-05,92.410004
2018-09-06,92.410004
2018-09-07,92.550003
2018-09-10,92.309998
2018-09-11,92.230003
2018-09-12,92.690002
2018-09-13,93.839996
2018-09-14,93.529999
2018-09-17,93.190002
2018-09-18,93.730003
2018-09-19,93.599998
2018-09-20,94.510002
2018-09-21,94.269997
2018-09-24,94.459999
2018-09-25,94.169998
2018-09-26,94.379997
2018-09-27,94.860001
2018-09-28,95.150002
2018-10-01,95.620003
2018-10-02,95.510002
2018-10-03,95.330002
2018-10-04,94.400002
2018-10-05,94.290001
2018-10-08,94.250000
2018-10-09,94.410004
2018-10-10,92.180000
2018-10-11,89.690002
2018-10-12,91.070000
2018-10-15,90.440002
2018-10-16,92.919998
2018-10-17,93.410004
2018-10-18,92.349998
2018-10-19,91.510002
2018-10-22,90.760002
2018-10-23,90.269997
2018-10-24,87.290001
2018-10-25,88.419998
2018-10-26,87.419998
2018-10-29,87.639999
2018-10-30,88.580002
2018-10-31,88.699997
2018-11-01,89.820000
2018-11-02,89.260002
2018-11-05,90.050003
2018-11-06,90.510002
2018-11-07,93.169998
2018-11-08,93.220001
2018-11-09,92.949997
2018-11-12,91.690002
2018-11-13,91.050003
2018-11-14,90.320000
2018-11-15,91.120003
2018-11-16,92.040001
2018-11-19,90.870003
2018-11-20,90.019997
2018-11-21,89.510002
2018-11-23,89.639999
2018-11-26,90.510002
2018-11-27,91.449997
2018-11-28,93.650002
2018-11-29,93.959999
2018-11-30,95.870003
2018-12-03,95.410004
2018-12-04,93.279999
2018-12-06,92.930000
2018-12-07,90.559998
2018-12-10,90.910004
2018-12-11,91.190002
2018-12-12,91.970001
2018-12-13,92.059998
2018-12-14,88.959999
2018-12-17,87.190002
2018-12-18,86.430000
2018-12-19,85.300003
2018-12-20,84.099998
2018-12-21,82.680000
2018-12-24,80.699997
2018-12-26,84.220001
2018-12-27,85.150002
2018-12-28,85.250000
2018-12-31,86.510002
2019-01-02,85.199997
2019-01-03,83.470001
2019-01-04,85.959999
2019-01-07,86.290001
2019-01-08,86.959999
2019-01-09,87.349998
2019-01-10,87.519997
2019-01-11,87.809998
2019-01-14,86.839996
2019-01-15,88.400002
2019-01-16,88.239998
2019-01-17,89.019997
2019-01-18,90.080002
2019-01-22,89.459999
2019-01-23,89.559998
2019-01-24,88.809998
2019-01-25,88.919998
2019-01-28,87.910004
2019-01-29,88.339996
2019-01-30,89.550003
2019-01-31,90.669998
2019-02-01,90.750000
2019-02-04,90.489998
2019-02-05,90.360001
2019-02-06,90.769997
2019-02-07,89.769997
2019-02-08,89.940002
2019-02-11,89.830002
2019-02-12,91.059998
2019-02-13,91.260002
2019-02-14,91.470001
2019-02-15,92.849998
2019-02-19,92.629997
2019-02-20,92.519997
2019-02-21,91.709999
2019-02-22,92.550003
2019-02-25,92.680000
2019-02-26,92.349998
2019-02-27,91.919998
2019-02-28,91.650002
2019-03-01,92.949997
2019-03-04,91.690002
2019-03-05,91.639999
2019-03-06,90.300003
2019-03-07,89.589996
2019-03-08,89.400002
2019-03-11,90.419998
2019-03-12,91.080002
2019-03-13,92.059998
2019-03-14,91.910004
2019-03-15,91.989998
2019-03-18,91.849998
2019-03-19,92.580002
2019-03-20,91.940002
2019-03-21,92.300003
2019-03-22,90.620003
2019-03-25,90.570000
2019-03-26,91.190002
2019-03-27,90.430000
2019-03-28,90.660004
2019-03-29,91.750000
2019-04-01,91.889999
2019-04-02,91.680000
2019-04-03,91.559998
2019-04-04,91.370003
2019-04-05,92.000000
2019-04-08,91.980003
2019-04-09,91.739998
2019-04-10,91.769997
2019-04-11,90.639999
2019-04-12,89.809998
2019-04-15,90.169998
2019-04-16,88.320000
2019-04-17,85.779999
2019-04-18,85.919998
2019-04-22,85.970001
2019-04-23,87.330002
2019-04-24,87.230003
2019-04-25,88.129997
2019-04-26,89.010002
2019-04-29,88.849998
2019-04-30,89.260002
2019-05-01,89.099998
2019-05-02,89.480003
2019-05-03,90.160004
2019-05-06,90.620003
2019-05-07,88.879997
2019-05-08,89.070000
2019-05-09,88.879997
2019-05-10,88.910004
2019-05-13,87.239998
2019-05-14,87.680000
2019-05-15,87.940002
2019-05-16,88.629997
2019-05-17,88.440002
2019-05-20,88.400002
2019-05-21,89.230003
2019-05-22,89.739998
2019-05-23,89.430000
2019-05-24,89.559998
2019-05-28,88.279999
2019-05-29,87.430000
2019-05-30,87.910004
2019-05-31,87.279999
2019-06-03,87.489998
2019-06-04,88.940002
2019-06-05,89.610001
2019-06-06,90.070000
2019-06-07,91.010002
2019-06-10,91.279999
2019-06-11,91.129997
2019-06-12,91.570000
2019-06-13,91.459999
2019-06-14,91.250000
2019-06-17,91.660004
2019-06-18,92.440002
2019-06-19,93.269997
2019-06-20,93.680000
2019-06-21,93.730003
2019-06-24,93.239998
2019-06-25,92.860001
2019-06-26,91.690002
2019-06-27,92.330002
2019-06-28,92.639999
2019-07-01,93.099998
2019-07-02,93.599998
2019-07-03,94.400002
2019-07-05,93.750000
2019-07-08,93.050003
2019-07-09,93.139999
2019-07-10,93.459999
2019-07-11,93.480003
2019-07-12,92.440002
2019-07-15,92.639999
2019-07-16,92.180000
2019-07-17,92.199997
2019-07-18,92.720001
2019-07-19,91.760002
2019-07-22,91.570000
2019-07-23,92.139999
2019-07-24,92.190002
2019-07-25,91.739998
2019-07-26,92.070000
2019-07-29,92.449997
2019-07-30,92.050003
2019-07-31,91.139999
2019-08-01,91.260002
2019-08-02,91.050003
2019-08-05,88.910004
2019-08-06,90.059998
2019-08-07,90.089996
2019-08-08,91.290001
2019-08-09,91.400002
2019-08-12,90.510002
2019-08-13,91.690002
2019-08-14,89.139999
2019-08-15,89.449997
2019-08-16,90.550003
2019-08-19,91.419998
2019-08-20,90.639999
2019-08-21,91.309998
2019-08-22,90.860001
2019-08-23,88.760002
2019-08-26,89.690002
2019-08-27,89.160004
2019-08-28,89.809998
2019-08-29,90.489998
2019-08-30,90.599998
2019-09-03,90.070000
2019-09-04,90.129997
2019-09-05,91.019997
2019-09-06,91.269997
2019-09-09,90.430000
2019-09-10,90.690002
2019-09-11,91.589996
2019-09-12,91.559998
2019-09-13,91.510002
2019-09-16,91.309998
2019-09-17,91.449997
2019-09-18,91.440002
2019-09-19,91.870003
2019-09-20,92.000000
2019-09-23,91.510002
2019-09-24,90.669998
2019-09-25,90.230003
2019-09-26,89.730003
2019-09-27,89.330002
2019-09-30,90.129997
2019-10-01,89.250000
2019-10-02,87.949997
2019-10-03,88.739998
2019-10-04,90.129997
2019-10-07,89.830002
2019-10-08,88.120003
2019-10-09,88.760002
2019-10-10,89.199997
2019-10-11,89.940002
2019-10-14,89.900002
2019-10-15,91.540001
2019-10-16,91.419998
2019-10-17,92.099998
2019-10-18,91.760002
2019-10-21,91.660004
2019-10-22,91.860001
2019-10-23,92.430000
2019-10-24,91.959999
2019-10-25,92.059998
2019-10-28,93.010002
2019-10-29,94.330002
2019-10-30,94.860001
2019-10-31,94.750000
2019-11-01,94.870003
2019-11-04,94.580002
2019-11-05,93.910004
2019-11-06,94.230003
2019-11-07,94.440002
2019-11-08,95.129997
2019-11-11,94.739998
2019-11-12,95.309998
2019-11-13,95.419998
2019-11-14,95.430000
2019-11-15,97.459999
2019-11-18,97.129997
2019-11-19,97.790001
2019-11-20,97.660004
2019-11-21,97.910004
2019-11-22,98.260002
2019-11-25,99.410004
2019-11-26,99.330002
2019-11-27,99.839996
2019-11-29,99.489998
2019-12-02,99.050003
2019-12-03,98.830002
2019-12-04,99.750000
2019-12-05,99.750000
2019-12-06,100.410004
2019-12-09,99.709999
2019-12-10,99.930000
2019-12-11,100.019997
2019-12-12,100.949997
2019-12-13,100.879997
2019-12-16,101.970001
2019-12-17,101.860001
2019-12-18,102.000000
2019-12-19,102.400002
2019-12-20,102.699997
2019-12-23,103.110001
2019-12-24,102.980003
2019-12-26,102.910004
2019-12-27,102.940002
2019-12-30,101.660004
2019-12-31,101.860001
2020-01-02,102.129997
2020-01-03,101.239998
2020-01-06,101.870003
2020-01-07,101.669998
2020-01-08,102.330002
2020-01-09,102.769997
2020-01-10,102.800003
2020-01-13,102.440002
2020-01-14,103.059998
2020-01-15,103.949997
2020-01-16,104.489998
2020-01-17,104.489998
2020-01-21,104.599998
2020-01-22,104.730003
2020-01-23,104.199997
2020-01-24,102.459999
2020-01-27,101.680000
2020-01-28,102.180000
2020-01-29,101.900002
2020-01-30,101.160004
2020-01-31,99.139999
2020-02-03,100.040001
2020-02-04,101.800003
2020-02-05,103.760002
2020-02-06,103.849998
2020-02-07,103.040001
2020-02-10,103.589996
2020-02-11,104.209999
2020-02-12,104.339996
2020-02-13,103.849998
2020-02-14,103.930000
2020-02-18,103.559998
2020-02-19,104.040001
2020-02-20,103.370003
2020-02-21,103.430000
2020-02-24,100.169998
2020-02-25,97.129997
2020-02-26,97.120003
2020-02-27,93.820000
2020-02-28,92.610001
2020-03-02,96.949997
2020-03-03,94.540001
2020-03-04,99.989998
2020-03-05,97.669998
2020-03-06,97.150002
2020-03-09,92.099998
2020-03-10,95.260002
2020-03-11,91.620003
2020-03-12,84.779999
2020-03-13,90.660004
2020-03-16,81.720001
2020-03-17,86.849998
2020-03-18,83.970001
2020-03-19,82.250000
2020-03-20,79.089996
2020-03-23,74.620003
2020-03-24,80.370003
2020-03-25,81.440002
2020-03-26,86.849998
2020-03-27,84.989998
2020-03-30,88.970001
2020-03-31,88.580002
2020-04-01,85.209999
2020-04-02,87.570000
2020-04-03,86.779999
2020-04-06,91.330002
2020-04-07,90.580002
2020-04-08,94.309998
2020-04-09,94.830002
2020-04-13,94.000000
2020-04-14,97.120003
2020-04-15,96.620003
2020-04-16,98.730003
2020-04-17,100.779999
2020-04-20,99.980003
2020-04-21,96.940002
2020-04-22,98.419998
2020-04-23,98.959999
2020-04-24,100.290001
2020-04-27,101.580002
2020-04-28,99.529999
2020-04-29,100.190002
2020-04-30,99.730003
2020-05-01,97.830002
2020-05-04,97.779999
2020-05-05,99.900002
2020-05-06,98.910004
2020-05-07,98.900002
2020-05-08,99.410004
2020-05-11,101.120003
2020-05-12,99.580002
2020-05-13,98.500000
2020-05-14,99.580002
2020-05-15,100.419998
2020-05-18,101.250000
2020-05-19,100.029999
2020-05-20,100.150002
2020-05-21,99.410004
2020-05-22,99.620003
2020-05-26,99.440002
2020-05-27,100.470001
2020-05-28,101.779999
2020-05-29,103.010002
2020-06-01,101.989998
2020-06-02,102.580002
2020-06-03,102.379997
2020-06-04,101.570000
2020-06-05,103.209999
2020-06-08,103.919998
2020-06-09,102.839996
2020-06-10,102.680000
2020-06-11,96.970001
2020-06-12,97.599998
2020-06-15,97.820000
2020-06-16,100.230003
2020-06-17,100.129997
2020-06-18,99.790001
2020-06-19,100.750000
2020-06-22,99.940002
2020-06-23,100.370003
2020-06-24,97.750000
2020-06-25,98.709999
2020-06-26,97.510002
2020-06-29,98.389999
2020-06-30,100.070000
2020-07-01,100.839996
2020-07-02,101.599998
2020-07-06,102.629997
2020-07-07,101.739998
2020-07-08,101.750000
2020-07-09,100.949997
2020-07-10,100.709999
2020-07-13,101.279999
2020-07-14,103.290001
2020-07-15,104.629997
2020-07-16,104.459999
2020-07-17,105.889999
2020-07-20,105.870003
2020-07-21,105.800003
2020-07-22,106.750000
2020-07-23,106.269997
2020-07-24,105.099998
2020-07-27,105.889999
2020-07-28,105.769997
2020-07-29,106.879997
2020-07-30,106.139999
2020-07-31,105.529999
2020-08-03,106.620003
2020-08-04,106.150002
2020-08-05,106.639999
2020-08-06,106.070000
2020-08-07,106.410004
2020-08-10,106.050003
2020-08-11,105.379997
2020-08-12,107.150002
2020-08-13,107.010002
2020-08-14,106.800003
2020-08-17,107.430000
2020-08-18,107.400002
2020-08-19,107.050003
2020-08-20,106.709999
2020-08-21,106.820000
2020-08-24,106.330002
2020-08-25,107.050003
2020-08-26,106.919998
2020-08-27,107.760002
2020-08-28,108.000000
2020-08-31,108.260002
2020-09-01,107.290001
2020-09-02,109.440002
2020-09-03,106.459999
2020-09-04,105.699997
2020-09-08,103.959999
2020-09-09,105.800003
2020-09-10,104.180000
2020-09-11,104.589996
2020-09-14,106.089996
2020-09-15,106.230003
2020-09-16,106.050003
2020-09-17,105.699997
2020-09-18,105.540001
2020-09-21,103.180000
2020-09-22,102.959999
2020-09-23,101.900002
2020-09-24,101.389999
2020-09-25,103.019997
2020-09-28,103.949997
2020-09-29,103.820000
2020-09-30,105.480003
2020-10-01,105.120003
2020-10-02,104.160004
2020-10-05,106.300003
2020-10-06,104.889999
2020-10-07,106.870003
2020-10-08,107.389999
2020-10-09,108.360001
2020-10-12,109.099998
2020-10-13,108.269997
2020-10-14,107.639999
2020-10-15,106.860001
2020-10-16,107.919998
2020-10-19,106.209999
2020-10-20,106.349998
2020-10-21,105.820000
2020-10-22,107.419998
2020-10-23,107.820000
2020-10-26,106.620003
2020-10-27,105.889999
2020-10-28,102.529999
2020-10-29,101.690002
2020-10-30,101.660004
2020-11-02,103.489998
2020-11-03,105.000000
2020-11-04,109.660004
2020-11-05,109.879997
2020-11-06,109.919998
2020-11-09,110.949997
2020-11-10,111.269997
2020-11-11,111.129997
2020-11-12,110.720001
2020-11-13,112.120003
2020-11-16,111.930000
2020-11-17,111.199997
2020-11-18,109.129997
2020-11-19,109.050003
2020-11-20,108.800003
2020-11-23,108.519997
2020-11-24,108.839996
2020-11-25,108.440002
2020-11-27,109.440002
2020-11-30,109.739998
2020-12-01,110.660004
2020-12-02,111.489998
2020-12-03,111.349998
2020-12-04,112.540001
2020-12-07,111.849998
2020-12-08,112.699997
2020-12-09,112.309998
2020-12-10,112.120003
2020-12-11,111.680000
2020-12-14,110.839996
2020-12-15,112.040001
2020-12-16,111.709999
2020-12-17,112.910004
2020-12-18,113.000000
2020-12-21,111.410004
2020-12-22,111.070000
2020-12-23,111.150002
2020-12-24,111.470001
2020-12-28,111.750000
2020-12-29,112.279999
2020-12-30,112.260002
2020-12-31,113.440002
2021-01-04,112.949997
2021-01-05,113.769997
2021-01-06,115.330002
2021-01-07,116.830002
2021-01-08,117.389999
2021-01-11,117.940002
2021-01-12,116.660004
2021-01-13,116.980003
2021-01-14,116.610001
2021-01-15,116.970001
2021-01-19,117.849998
2021-01-20,118.500000
2021-01-21,117.940002
2021-01-22,117.589996
2021-01-25,118.360001
2021-01-26,117.919998
2021-01-27,114.339996
2021-01-28,116.010002
2021-01-29,115.029999
2021-02-01,115.470001
2021-02-02,115.800003
2021-02-03,114.980003
2021-02-04,115.459999
2021-02-05,115.669998
2021-02-08,115.809998
2021-02-09,115.980003
2021-02-10,116.190002
2021-02-11,116.410004
2021-02-12,117.279999
2021-02-16,116.120003
2021-02-17,116.540001
2021-02-18,115.809998
2021-02-19,114.410004
2021-02-22,114.139999
2021-02-23,113.949997
2021-02-24,114.739998
2021-02-25,113.589996
2021-02-26,112.610001
2021-03-01,114.080002
2021-03-02,113.750000
2021-03-03,112.309998
2021-03-04,110.800003
2021-03-05,113.019997
2021-03-08,112.739998
2021-03-09,113.400002
2021-03-10,113.660004
2021-03-11,114.349998
2021-03-12,114.599998
2021-03-15,115.389999
2021-03-16,115.320000
2021-03-17,114.900002
2021-03-18,114.660004
2021-03-19,115.070000
2021-03-22,115.669998
2021-03-23,114.500000
2021-03-24,114.370003
2021-03-25,114.849998
2021-03-26,117.019997
2021-03-29,117.570000
2021-03-30,116.510002
2021-03-31,116.739998
2021-04-01,116.389999
2021-04-05,117.199997
2021-04-06,116.750000
2021-04-07,116.489998
2021-04-08,116.669998
2021-04-09,117.949997
2021-04-12,118.070000
2021-04-13,118.559998
2021-04-14,118.550003
2021-04-15,120.580002
2021-04-16,121.480003
2021-04-19,121.510002
2021-04-20,121.980003
2021-04-21,123.419998
2021-04-22,122.870003
2021-04-23,123.680000
2021-04-26,123.260002
2021-04-27,122.550003
2021-04-28,122.180000
2021-04-29,121.690002
2021-04-30,121.330002
2021-05-03,122.709999
2021-05-04,122.839996
2021-05-05,123.059998
2021-05-06,123.220001
2021-05-07,124.070000
2021-05-10,124.230003
2021-05-11,122.889999
2021-05-12,121.730003
2021-05-13,122.830002
2021-05-14,123.449997
2021-05-17,123.220001
2021-05-18,123.260002
2021-05-19,123.050003
2021-05-20,124.339996
2021-05-21,124.360001
2021-05-24,124.480003
2021-05-25,124.110001
2021-05-26,123.389999
2021-05-27,123.120003
2021-05-28,123.599998
2021-06-01,121.570000
2021-06-02,121.330002
2021-06-03,121.699997
2021-06-04,122.089996
2021-06-07,122.529999
2021-06-08,122.150002
2021-06-09,123.330002
2021-06-10,125.440002
2021-06-11,124.550003
2021-06-14,124.660004
2021-06-15,124.699997
2021-06-16,124.220001
2021-06-17,125.169998
2021-06-18,123.739998
2021-06-21,124.739998
2021-06-22,125.010002
2021-06-23,124.489998
2021-06-24,125.129997
2021-06-25,125.699997
2021-06-28,125.889999
2021-06-29,126.029999
2021-06-30,125.949997
2021-07-01,127.070000
2021-07-02,128.289993
2021-07-06,128.169998
2021-07-07,128.979996
2021-07-08,128.270004
2021-07-09,128.710007
2021-07-12,128.960007
2021-07-13,128.839996
2021-07-14,128.720001
2021-07-15,128.270004
2021-07-16,128.619995
2021-07-19,127.269997
2021-07-20,128.820007
2021-07-21,129.029999
2021-07-22,129.979996
2021-07-23,131.479996
2021-07-26,130.630005
2021-07-27,131.240005
2021-07-28,131.710007
2021-07-29,132.029999
2021-07-30,132.149994
2021-08-02,132.330002
2021-08-03,134.169998
2021-08-04,133.600006
2021-08-05,133.050003
2021-08-06,132.940002
2021-08-09,133.449997
2021-08-10,133.139999
2021-08-11,131.820007
2021-08-12,132.860001
2021-08-13,133.690002
2021-08-16,135.210007
2021-08-17,136.809998
2021-08-18,134.729996
2021-08-19,135.339996
2021-08-20,136.110001
2021-08-23,136.160004
2021-08-24,135.679993
2021-08-25,135.309998
2021-08-26,134.779999
2021-08-27,134.630005
2021-08-30,135.389999
2021-08-31,135.210007
2021-09-01,135.250000
2021-09-02,136.699997
2021-09-03,136.850006
2021-09-07,136.050003
2021-09-08,135.990005
2021-09-09,134.419998
2021-09-10,133.190002
2021-09-13,132.369995
2021-09-14,132.350006
2021-09-15,133.210007
2021-09-16,132.869995
2021-09-17,133.000000
2021-09-20,131.149994
2021-09-21,131.350006
2021-09-22,131.570007
2021-09-23,132.520004
2021-09-24,131.979996
2021-09-27,130.100006
2021-09-28,127.870003
2021-09-29,128.880005
2021-09-30,127.300003
2021-10-01,127.330002
2021-10-04,125.389999
2021-10-05,126.139999
2021-10-06,125.910004
2021-10-07,127.580002
2021-10-08,126.940002
2021-10-11,125.949997
2021-10-12,125.339996
2021-10-13,125.540001
2021-10-14,127.339996
2021-10-15,127.970001
2021-10-18,127.099998
2021-10-19,128.770004
2021-10-20,130.610001
2021-10-21,131.139999
2021-10-22,131.669998
2021-10-25,131.830002
2021-10-26,132.479996
2021-10-27,131.429993
2021-10-28,132.529999
2021-10-29,133.820007
2021-11-01,133.660004
2021-11-02,134.500000
2021-11-03,135.289993
2021-11-04,134.360001
2021-11-05,132.860001
2021-11-08,133.649994
2021-11-09,133.160004
2021-11-10,133.539993
2021-11-11,133.149994
2021-11-12,133.809998
2021-11-15,132.979996
2021-11-16,133.539993
2021-11-17,133.729996
2021-11-18,133.779999
2021-11-19,132.970001
2021-11-22,132.369995
2021-11-23,132.509995
2021-11-24,132.460007
2021-11-26,131.970001
2021-11-29,132.330002
2021-11-30,129.729996
2021-12-01,129.500000
2021-12-02,130.130005
2021-12-03,130.369995
2021-12-06,131.110001
2021-12-07,132.800003
2021-12-08,133.800003
2021-12-09,134.110001
2021-12-10,134.580002
2021-12-13,135.850006
2021-12-14,135.300003
2021-12-15,138.070007
2021-12-16,138.889999
2021-12-17,137.919998
2021-12-20,136.559998
2021-12-21,137.130005
2021-12-22,138.729996
2021-12-23,139.300003
2021-12-27,140.770004
2021-12-28,140.399994
2021-12-29,141.199997
2021-12-30,141.490005
2021-12-31,140.889999
2022-01-03,139.440002
2022-01-04,137.600006
2022-01-05,136.619995
2022-01-06,135.039993
2022-01-07,134.350006
2022-01-10,135.729996
2022-01-11,136.809998
2022-01-12,136.419998
2022-01-13,134.300003
2022-01-14,134.070007
2022-01-18,132.190002
2022-01-19,131.649994
2022-01-20,130.789993
2022-01-21,129.470001
2022-01-24,129.039993
2022-01-25,128.210007
2022-01-26,127.540001
2022-01-27,127.870003
2022-01-28,130.479996
2022-01-31,131.229996
2022-02-01,131.580002
2022-02-02,133.350006
2022-02-03,132.779999
2022-02-04,132.300003
2022-02-07,132.070007
2022-02-08,133.149994
2022-02-09,134.179993
2022-02-10,132.080002
2022-02-11,130.250000
2022-02-14,128.919998
2022-02-15,130.369995
2022-02-16,130.570007
2022-02-17,128.470001
2022-02-18,127.510002
2022-02-22,127.190002
2022-02-23,126.550003
2022-02-24,127.059998
2022-02-25,130.949997
2022-02-28,129.960007
2022-03-01,129.240005
2022-03-02,131.190002
2022-03-03,131.860001
2022-03-04,132.520004
2022-03-07,130.210007
2022-03-08,127.550003
2022-03-09,129.960007
2022-03-10,129.910004
2022-03-11,128.940002
2022-03-14,129.850006
2022-03-15,132.440002
2022-03-16,134.029999
2022-03-17,136.149994
2022-03-18,136.990005
2022-03-21,136.460007
2022-03-22,136.490005
2022-03-23,134.039993
2022-03-24,135.639999
2022-03-25,136.270004
2022-03-28,137.259995
2022-03-29,138.070007
2022-03-30,138.339996
2022-03-31,136.990005
2022-04-01,138.070007
2022-04-04,136.919998
2022-04-05,137.210007
2022-04-06,139.300003
2022-04-07,141.979996
2022-04-08,142.830002
2022-04-11,139.990005
2022-04-12,138.630005
2022-04-13,139.309998
2022-04-14,138.639999
2022-04-18,137.110001
2022-04-19,138.419998
2022-04-20,140.279999
2022-04-21,138.729996
2022-04-22,133.669998
2022-04-25,134.570007
2022-04-26,132.199997
2022-04-27,131.910004
2022-04-28,133.729996
2022-04-29,130.289993
2022-05-02,129.479996
2022-05-03,129.889999
2022-05-04,132.770004
2022-05-05,130.190002
2022-05-06,129.779999
2022-05-09,126.419998
2022-05-10,126.870003
2022-05-11,126.029999
2022-05-12,127.250000
2022-05-13,128.600006
2022-05-16,129.550003
2022-05-17,131.330002
2022-05-18,127.940002
2022-05-19,128.220001
2022-05-20,129.779999
2022-05-23,130.919998
2022-05-24,131.309998
2022-05-25,131.270004
2022-05-26,131.830002
2022-05-27,134.020004
2022-05-31,132.229996
2022-06-01,130.330002
2022-06-02,131.360001
2022-06-03,129.820007
2022-06-06,129.839996
2022-06-07,131.529999
2022-06-08,130.490005
2022-06-09,127.540001
2022-06-10,125.489998
2022-06-13,121.690002
2022-06-14,120.529999
2022-06-15,121.750000
2022-06-16,119.959999
2022-06-17,119.889999
2022-06-21,122.599998
2022-06-22,124.300003
2022-06-23,127.089996
2022-06-24,129.199997
2022-06-27,129.679993
2022-06-28,127.419998
2022-06-29,128.529999
2022-06-30,128.240005
2022-07-01,129.679993
2022-07-05,128.929993
2022-07-06,129.800003
2022-07-07,130.350006
2022-07-08,130.740005
2022-07-11,130.410004
2022-07-12,128.750000
2022-07-13,127.500000
2022-07-14,127.129997
2022-07-15,130.199997
2022-07-18,127.449997
2022-07-19,129.619995
2022-07-20,128.339996
2022-07-21,130.369995
2022-07-22,129.830002
2022-07-25,130.509995
2022-07-26,131.179993
2022-07-27,132.000000
2022-07-28,132.839996
2022-07-29,132.399994
2022-08-01,131.419998
2022-08-02,130.949997
2022-08-03,132.149994
2022-08-04,131.500000
2022-08-05,131.449997
2022-08-08,131.759995
2022-08-09,131.360001
2022-08-10,132.789993
2022-08-11,131.929993
2022-08-12,133.619995
2022-08-15,134.289993
2022-08-16,133.929993
2022-08-17,133.149994
2022-08-18,132.559998
2022-08-19,132.919998
2022-08-22,131.179993
2022-08-23,129.350006
2022-08-24,129.509995
2022-08-25,130.940002
2022-08-26,127.290001
2022-08-29,126.400002
2022-08-30,125.559998
2022-08-31,124.760002
2022-09-01,126.809998
2022-09-02,124.989998
2022-09-06,125.110001
2022-09-07,127.150002
2022-09-08,129.360001
2022-09-09,130.500000
2022-09-12,131.369995
2022-09-13,127.029999
2022-09-14,127.099998
2022-09-15,127.809998
2022-09-16,127.449997
2022-09-19,126.260002
2022-09-20,124.779999
2022-09-21,122.709999
2022-09-22,123.360001
2022-09-23,122.730003
2022-09-26,121.559998
2022-09-27,121.190002
2022-09-28,123.839996
2022-09-29,122.800003
2022-09-30,121.110001
2022-10-03,123.599998
2022-10-04,126.470001
2022-10-05,126.889999
2022-10-06,125.269997
2022-10-07,122.620003
2022-10-10,121.849998
2022-10-11,122.500000
2022-10-12,121.900002
2022-10-13,124.739998
2022-10-14,123.900002
2022-10-17,125.889999
2022-10-18,126.589996
2022-10-19,124.820000
2022-10-20,123.760002
2022-10-21,126.540001
2022-10-24,128.979996
2022-10-25,129.960007
2022-10-26,131.399994
2022-10-27,130.710007
2022-10-28,132.860001
2022-10-31,132.750000
2022-11-01,132.830002
2022-11-02,130.570007
2022-11-03,130.020004
2022-11-04,130.809998
2022-11-07,132.210007
2022-11-08,132.869995
2022-11-09,131.440002
2022-11-10,134.779999
2022-11-11,133.130005
2022-11-14,133.250000
2022-11-15,133.080002
2022-11-16,133.020004
2022-11-17,132.960007
2022-11-18,134.570007
2022-11-21,134.630005
2022-11-22,135.800003
2022-11-23,136.339996
2022-11-25,137.149994
2022-11-28,136.119995
2022-11-29,135.779999
2022-11-30,139.020004
2022-12-01,139.419998
2022-12-02,139.779999
2022-12-05,138.440002
2022-12-06,137.389999
2022-12-07,138.520004
2022-12-08,139.770004
2022-12-09,137.979996
2022-12-12,139.449997
2022-12-13,139.880005
2022-12-14,140.100006
2022-12-15,137.529999
2022-12-16,135.529999
2022-12-19,134.470001
2022-12-20,134.440002
2022-12-21,136.210007
2022-12-22,136.020004
2022-12-23,136.100006
2022-12-27,135.750000
2022-12-28,134.869995
2022-12-29,136.339996
2022-12-30,135.850006
2023-01-03,135.460007
2023-01-04,135.820007
2023-01-05,134.429993
2023-01-06,135.669998
2023-01-09,133.399994
2023-01-10,134.520004
2023-01-11,135.279999
2023-01-12,134.850006
2023-01-13,135.449997
2023-01-17,134.820007
2023-01-18,132.919998
2023-01-19,133.240005
2023-01-20,133.910004
2023-01-23,134.369995
2023-01-24,133.479996
2023-01-25,133.520004
2023-01-26,133.770004
2023-01-27,132.860001
2023-01-30,131.660004
2023-01-31,133.360001
2023-02-01,133.990005
2023-02-02,133.080002
2023-02-03,132.690002
2023-02-06,131.949997
2023-02-07,132.800003
2023-02-08,132.410004
2023-02-09,131.250000
2023-02-10,132.490005
2023-02-13,133.589996
2023-02-14,132.800003
2023-02-15,132.139999
2023-02-16,130.820007
2023-02-17,131.990005
2023-02-21,130.279999
2023-02-22,129.839996
2023-02-23,130.190002
2023-02-24,128.509995
2023-02-27,128.119995
2023-02-28,127.169998
2023-03-01,126.959999
2023-03-02,127.739998
2023-03-03,129.169998
2023-03-06,129.110001
2023-03-07,127.029999
2023-03-08,126.349998
2023-03-09,125.070000
2023-03-10,124.150002
2023-03-13,125.309998
2023-03-14,126.430000
2023-03-15,126.320000
2023-03-16,127.500000
2023-03-17,125.860001
2023-03-20,126.959999
2023-03-21,127.730003
2023-03-22,125.800003
2023-03-23,125.559998
2023-03-24,127.300003
2023-03-27,127.820000
2023-03-28,127.050003
2023-03-29,127.400002
2023-03-30,128.089996
2023-03-31,129.460007
2023-04-03,130.910004
2023-04-04,130.929993
2023-04-05,133.190002
2023-04-06,133.520004
2023-04-10,133.429993
2023-04-11,133.880005
2023-04-12,133.919998
2023-04-13,135.660004
2023-04-14,134.570007
2023-04-17,134.460007
2023-04-18,133.539993
2023-04-19,133.949997
2023-04-20,133.399994
2023-04-21,134.300003
2023-04-24,135.050003
2023-04-25,133.610001
2023-04-26,131.710007
2023-04-27,132.399994
2023-04-28,133.529999
2023-05-01,134.220001
2023-05-02,133.639999
2023-05-03,133.460007
2023-05-04,132.399994
2023-05-05,133.589996
2023-05-08,133.300003
2023-05-09,132.410004
2023-05-10,132.779999
2023-05-11,132.369995
2023-05-12,132.190002
2023-05-15,131.960007
2023-05-16,130.860001
2023-05-17,131.020004
2023-05-18,130.699997
2023-05-19,131.309998
2023-05-22,131.440002
2023-05-23,130.000000
2023-05-24,129.110001
2023-05-25,127.790001
2023-05-26,127.529999
2023-05-30,126.739998
2023-05-31,127.830002
2023-06-01,128.669998
2023-06-02,130.320007
2023-06-05,130.789993
2023-06-06,129.699997
2023-06-07,129.190002
2023-06-08,130.020004
2023-06-09,130.419998
2023-06-12,130.889999
2023-06-13,131.550003
2023-06-14,130.199997
2023-06-15,132.220001
2023-06-16,132.210007
2023-06-20,131.520004
2023-06-21,131.539993
2023-06-22,132.440002
2023-06-23,132.000000
2023-06-26,131.250000
2023-06-27,130.949997
2023-06-28,130.529999
2023-06-29,131.380005
2023-06-30,132.729996
2023-07-03,131.639999
2023-07-05,131.570007
2023-07-06,130.520004
2023-07-07,129.000000
2023-07-10,130.020004
2023-07-11,130.050003
2023-07-12,129.699997
2023-07-13,129.750000
2023-07-14,131.699997
2023-07-17,131.100006
2023-07-18,132.070007
2023-07-19,132.679993
2023-07-20,134.880005
2023-07-21,136.240005
2023-07-24,135.940002
2023-07-25,135.880005
2023-07-26,135.789993
2023-07-27,134.789993
2023-07-28,135.190002
2023-07-31,134.149994
2023-08-01,133.449997
2023-08-02,133.539993
2023-08-03,132.869995
2023-08-04,132.399994
2023-08-07,133.929993
2023-08-08,134.960007
2023-08-09,134.919998
2023-08-10,134.830002
2023-08-11,135.669998
2023-08-14,136.080002
2023-08-15,135.580002
2023-08-16,134.550003
2023-08-17,133.479996
2023-08-18,133.529999
2023-08-21,133.669998
2023-08-22,133.199997
2023-08-23,133.600006
2023-08-24,132.440002
2023-08-25,133.410004
2023-08-28,133.720001
2023-08-29,134.919998
2023-08-30,134.820007
2023-08-31,133.210007
2023-09-01,133.570007
2023-09-05,132.190002
2023-09-06,131.470001
2023-09-07,132.059998
2023-09-08,132.059998
2023-09-11,132.970001
2023-09-12,132.800003
2023-09-13,132.820007
2023-09-14,133.240005
2023-09-15,132.190002
2023-09-18,131.449997
2023-09-19,131.559998
2023-09-20,131.570007
2023-09-21,130.419998
2023-09-22,130.149994
2023-09-25,130.860001
2023-09-26,129.750000
2023-09-27,129.100006
2023-09-28,129.720001
2023-09-29,128.740005
2023-10-02,128.559998
2023-10-03,127.419998
2023-10-04,127.959999
2023-10-05,128.660004
2023-10-06,130.009995
2023-10-09,130.460007
2023-10-10,131.080002
2023-10-11,130.500000
2023-10-12,129.380005
2023-10-13,130.190002
2023-10-16,131.169998
2023-10-17,130.990005
2023-10-18,129.850006
2023-10-19,128.570007
2023-10-20,128.059998
2023-10-23,127.260002
2023-10-24,127.650002
2023-10-25,126.510002
2023-10-26,125.260002
2023-10-27,123.139999
2023-10-30,123.830002
2023-10-31,124.540001
2023-11-01,124.800003
2023-11-02,126.779999
2023-11-03,127.410004
2023-11-06,128.259995
2023-11-07,128.350006
2023-11-08,128.169998
2023-11-09,125.519997
2023-11-10,126.269997
2023-11-13,127.000000
2023-11-14,127.860001
2023-11-15,127.959999
2023-11-16,128.509995
2023-11-17,128.250000
2023-11-20,129.029999
2023-11-21,129.809998
2023-11-22,130.429993
2023-11-24,131.130005
2023-11-27,130.309998
2023-11-28,129.639999
2023-11-29,129.679993
2023-11-30,131.309998
2023-12-01,131.830002
2023-12-04,132.080002
2023-12-05,131.910004
2023-12-06,132.009995
2023-12-07,131.850006
2023-12-08,132.070007
2023-12-11,132.940002
2023-12-12,133.509995
2023-12-13,135.970001
2023-12-14,135.309998
2023-12-15,134.160004
2023-12-18,133.779999
2023-12-19,134.679993
2023-12-20,132.729996
2023-12-21,134.350006
2023-12-22,135.020004
2023-12-26,135.320007
2023-12-27,135.889999
2023-12-28,136.240005
2023-12-29,136.380005
2024-01-02,138.779999
2024-01-03,138.550003
2024-01-04,139.240005
2024-01-05,139.119995
2024-01-08,140.350006
2024-01-09,140.330002
2024-01-10,140.970001
2024-01-11,140.869995
2024-01-12,140.520004
2024-01-16,139.679993
2024-01-17,139.399994
2024-01-18,139.380005
2024-01-19,139.460007
2024-01-22,140.070007
2024-01-23,139.970001
2024-01-24,138.690002
2024-01-25,138.479996
2024-01-26,139.270004
2024-01-29,140.250000
2024-01-30,140.570007
2024-01-31,140.380005
2024-02-01,142.199997
2024-02-02,141.990005
2024-02-05,142.429993
2024-02-06,143.979996
2024-02-07,144.369995
2024-02-08,144.119995
2024-02-09,144.009995
2024-02-12,144.199997
2024-02-13,142.860001
2024-02-14,144.100006
2024-02-15,145.149994
2024-02-16,145.619995
2024-02-20,145.130005
2024-02-21,145.449997
2024-02-22,147.160004
2024-02-23,147.860001
2024-02-26,147.100006
2024-02-27,146.740005
2024-02-28,146.009995
2024-02-29,144.820007
2024-03-01,146.339996
2024-03-04,146.119995
2024-03-05,145.029999
2024-03-06,146.020004
2024-03-07,146.699997
2024-03-08,146.429993
2024-03-11,146.350006
2024-03-12,147.029999
2024-03-13,146.460007
2024-03-14,145.940002
2024-03-15,145.360001
2024-03-18,144.820007
2024-03-19,145.779999
2024-03-20,145.449997
2024-03-21,145.639999
2024-03-22,145.440002
2024-03-25,145.240005
2024-03-26,145.770004
2024-03-27,147.710007
2024-03-28,147.729996
2024-04-01,146.470001
2024-04-02,144.190002
2024-04-03,144.029999
2024-04-04,141.949997
2024-04-05,143.220001
2024-04-08,142.759995
2024-04-09,143.270004
2024-04-10,141.589996
2024-04-11,141.009995
2024-04-12,138.910004
2024-04-15,138.630005
2024-04-16,138.679993
2024-04-17,138.440002
2024-04-18,138.429993
2024-04-19,138.949997
2024-04-22,139.479996
2024-04-23,141.300003
2024-04-24,140.860001
2024-04-25,139.919998
2024-04-26,139.960007
2024-04-29,140.429993
2024-04-30,140.330002
2024-05-01,140.580002
2024-05-02,140.479996
2024-05-03,140.830002
2024-05-06,141.399994
2024-05-07,142.570007
2024-05-08,142.080002
2024-05-09,143.300003
2024-05-10,143.589996
2024-05-13,143.449997
2024-05-14,144.059998
2024-05-15,146.199997
2024-05-16,146.029999
2024-05-17,146.309998
2024-05-20,146.000000
2024-05-21,146.250000
2024-05-22,146.509995
2024-05-23,144.910004
2024-05-24,144.419998
2024-05-28,142.669998
2024-05-29,141.559998
2024-05-30,141.630005
2024-05-31,143.699997
2024-06-03,144.710007
2024-06-04,145.130005
2024-06-05,145.789993
2024-06-06,146.270004
2024-06-07,146.429993
2024-06-10,146.970001
2024-06-11,146.360001
2024-06-12,146.050003
2024-06-13,145.929993
2024-06-14,145.880005
2024-06-17,145.729996
2024-06-18,145.919998
2024-06-20,146.399994
2024-06-21,146.809998
2024-06-24,147.089996
2024-06-25,146.630005
2024-06-26,146.110001
2024-06-27,145.869995
2024-06-28,145.750000
2024-07-01,144.929993
2024-07-02,144.399994
2024-07-03,143.300003
2024-07-05,144.410004
2024-07-08,144.250000
2024-07-09,144.949997
2024-07-10,146.320007
2024-07-11,147.350006
2024-07-12,148.270004
2024-07-15,147.750000
2024-07-16,149.860001
2024-07-17,150.539993
2024-07-18,147.119995
2024-07-19,147.869995
2024-07-22,148.720001
2024-07-23,148.630005
2024-07-24,149.869995
2024-07-25,149.119995
2024-07-26,149.960007
2024-07-29,150.050003
2024-07-30,150.179993
2024-07-31,149.630005
2024-08-01,151.160004
2024-08-02,150.860001
2024-08-05,146.830002
2024-08-06,147.509995
2024-08-07,146.009995
2024-08-08,149.240005
2024-08-09,149.979996
2024-08-12,149.410004
2024-08-13,151.220001
2024-08-14,151.759995
2024-08-15,152.710007
2024-08-16,152.869995
2024-08-19,153.800003
2024-08-20,154.419998
2024-08-21,154.679993
2024-08-22,154.779999
2024-08-23,155.449997
2024-08-26,155.369995
2024-08-27,155.610001
2024-08-28,155.789993
2024-08-29,156.119995
2024-08-30,157.199997
2024-09-03,156.899994
2024-09-04,156.630005
2024-09-05,154.479996
2024-09-06,153.949997
2024-09-09,155.029999
2024-09-10,155.740005
2024-09-11,155.279999
2024-09-12,155.839996
2024-09-13,156.160004
2024-09-16,157.240005
2024-09-17,155.619995
2024-09-18,155.360001
2024-09-19,155.919998
2024-09-20,155.279999
2024-09-23,154.399994
2024-09-24,154.089996
2024-09-25,152.589996
2024-09-26,153.100006
2024-09-27,153.020004
2024-09-30,154.020004
2024-10-01,153.210007
2024-10-02,152.899994
2024-10-03,151.520004
2024-10-04,151.639999
2024-10-07,150.970001
2024-10-08,151.789993
2024-10-09,153.339996
2024-10-10,152.770004
2024-10-11,153.889999
2024-10-14,154.740005
2024-10-15,152.850006
2024-10-16,153.279999
2024-10-17,152.389999
2024-10-18,153.130005
2024-10-21,151.330002
2024-10-22,151.110001
2024-10-23,150.399994
2024-10-24,149.410004
2024-10-25,148.589996
2024-10-28,148.809998
2024-10-29,148.399994
2024-10-30,148.119995
2024-10-31,146.869995
2024-11-01,147.740005
2024-11-04,146.770004
2024-11-05,147.850006
2024-11-06,148.039993
2024-11-07,149.110001
2024-11-08,150.179993
2024-11-11,149.300003
2024-11-12,147.220001
2024-11-13,146.830002
2024-11-14,144.520004
2024-11-15,141.839996
2024-11-18,141.940002
2024-11-19,141.210007
2024-11-20,142.880005
2024-11-21,144.029999
2024-11-22,144.160004
2024-11-25,145.389999
2024-11-26,146.169998
2024-11-27,146.949997
2024-11-29,147.410004
2024-12-02,147.149994
2024-12-03,146.820007
2024-12-04,146.740005
2024-12-05,145.100006
2024-12-06,144.279999
2024-12-09,144.699997
2024-12-10,144.100006
2024-12-11,142.139999
2024-12-12,141.009995
2024-12-13,140.990005
2024-12-16,139.309998
2024-12-17,139.210007
2024-12-18,137.320007
2024-12-19,136.279999
2024-12-20,138.000000
2024-12-23,138.750000
2024-12-24,139.320007
2024-12-26,139.600006
2024-12-27,138.949997
2024-12-30,137.240005
2024-12-31,137.570007
2025-01-02,137.610001
2025-01-03,138.960007
2025-01-06,139.020004
2025-01-07,139.710007
2025-01-08,140.429993
2025-01-10,139.639999
2025-01-13,141.460007
2025-01-14,140.000000
2025-01-15,140.570007
2025-01-16,141.130005
2025-01-17,140.179993
2025-01-21,142.500000
2025-01-22,142.179993
2025-01-23,144.080002
2025-01-24,144.309998
2025-01-27,147.550003
2025-01-28,146.520004
2025-01-29,145.660004
2025-01-30,147.339996
2025-01-31,146.869995
2025-02-03,147.440002
2025-02-04,147.039993
2025-02-05,148.449997
2025-02-06,147.119995
2025-02-07,146.429993
2025-02-10,146.300003
2025-02-11,146.029999
2025-02-12,145.820007
2025-02-13,146.389999
2025-02-14,144.800003
2025-02-18,144.520004
2025-02-19,146.399994
2025-02-20,147.220001
2025-02-21,146.429993
2025-02-24,147.619995
2025-02-25,148.889999
2025-02-26,147.820007
2025-02-27,147.220001
2025-02-28,148.929993
2025-03-03,149.580002
2025-03-04,148.190002
2025-03-05,149.679993
2025-03-06,149.270004
2025-03-07,149.279999
2025-03-10,147.669998
2025-03-11,146.059998
2025-03-12,144.600006
2025-03-13,143.830002
2025-03-14,144.929993
2025-03-17,146.770004
2025-03-18,146.839996
2025-03-19,146.919998
2025-03-20,147.009995
2025-03-21,146.600006
2025-03-24,147.149994
2025-03-25,145.270004
2025-03-26,144.740005
2025-03-27,144.970001
2025-03-28,144.520004
2025-03-31,146.009995
2025-04-01,143.339996
2025-04-02,144.300003
2025-04-03,143.130005
2025-04-04,135.279999
2025-04-07,134.470001
2025-04-08,132.979996
2025-04-09,138.759995
2025-04-10,134.889999
2025-04-11,136.869995
2025-04-14,138.539993
2025-04-15,137.690002
2025-04-16,136.289993
2025-04-17,135.490005
2025-04-21,132.570007
2025-04-22,135.059998
2025-04-23,135.729996
2025-04-24,137.389999
2025-04-25,138.050003
2025-04-28,138.600006
2025-04-29,139.279999
2025-04-30,140.470001
2025-05-01,136.639999
2025-05-02,138.529999
2025-05-05,138.139999
2025-05-06,134.330002
2025-05-07,135.360001
2025-05-08,134.139999
2025-05-09,132.679993
2025-05-12,135.960007
2025-05-13,131.869995
2025-05-14,128.770004
2025-05-15,130.460007
2025-05-16,133.089996
2025-05-19,134.369995
2025-05-20,134.699997
2025-05-21,131.580002
2025-05-22,130.550003
2025-05-23,130.339996
2025-05-27,132.160004
2025-05-28,131.479996
2025-05-29,132.360001
2025-05-30,132.639999
2025-06-02,132.720001
2025-06-03,133.029999
2025-06-04,133.289993
2025-06-05,133.110001
2025-06-06,134.380005
2025-06-09,134.149994
2025-06-10,135.679993
2025-06-11,135.750000
2025-06-12,136.809998
2025-06-13,136.130005
2025-06-16,135.710007
2025-06-17,133.470001
2025-06-18,133.240005
2025-06-20,132.600006
2025-06-23,132.160004
2025-06-24,133.779999
2025-06-25,133.899994
2025-06-26,134.220001
2025-06-27,133.929993
2025-06-30,134.789993
2025-07-01,136.710007
2025-07-02,135.360001
2025-07-03,135.500000
2025-07-07,134.360001
2025-07-08,134.970001
2025-07-09,135.490005
2025-07-10,136.320007
2025-07-11,135.190002
2025-07-14,135.029999
2025-07-15,132.600006
2025-07-16,134.250000
2025-07-17,132.720001
2025-07-18,131.839996
2025-07-21,131.089996
2025-07-22,133.529999
2025-07-23,136.270004
2025-07-24,135.759995
2025-07-25,136.479996
2025-07-28,135.289993
2025-07-29,134.429993
2025-07-30,134.190002
2025-07-31,130.429993
2025-08-01,131.130005
2025-08-04,133.009995
2025-08-05,132.500000
2025-08-06,130.509995
2025-08-07,129.009995
2025-08-08,130.160004
2025-08-11,130.289993
2025-08-12,131.190002
2025-08-13,133.289993
2025-08-14,133.960007
2025-08-15,136.210007
2025-08-18,135.889999
2025-08-19,136.759995
2025-08-20,137.500000
2025-08-21,137.039993
2025-08-22,138.169998
2025-08-25,136.199997
2025-08-26,137.050003
2025-08-27,136.970001
2025-08-28,136.429993
2025-08-29,137.429993
2025-09-02,137.559998
2025-09-03,136.910004
2025-09-04,137.429993
2025-09-05,137.899994
2025-09-08,137.850006
2025-09-09,138.589996
2025-09-10,137.330002
2025-09-11,139.720001
2025-09-12,138.110001
2025-09-15,136.929993
2025-09-16,136.929993
2025-09-17,137.199997
2025-09-18,137.470001
2025-09-19,137.289993
2025-09-22,136.630005
2025-09-23,136.940002
2025-09-24,136.389999
2025-09-25,134.130005
2025-09-26,135.500000
2025-09-29,135.899994
2025-09-30,139.169998
2025-10-01,143.470001
2025-10-02,143.190002
2025-10-03,144.820007
2025-10-06,144.119995
2025-10-07,144.229996
2025-10-08,144.509995
2025-10-09,144.190002
2025-10-10,142.110001
2025-10-13,141.949997
2025-10-14,142.339996
2025-10-15,142.559998
2025-10-16,142.320007
2025-10-17,143.270004
2025-10-20,144.789993
2025-10-21,145.130005
2025-10-22,145.960007
2025-10-23,146.039993
2025-10-24,146.029999
2025-10-27,146.369995
2025-10-28,145.449997
2025-10-29,143.979996
2025-10-30,144.300003
2025-10-31,144.250000
2025-11-03,144.449997
2025-11-04,145.100006
2025-11-05,145.660004
2025-11-06,145.940002
2025-11-07,146.139999
2025-11-10,147.279999
2025-11-11,150.679993
2025-11-12,152.820007
2025-11-13,152.740005
2025-11-14,151.830002
2025-11-17,151.699997
2025-11-18,152.589996
2025-11-19,152.330002
2025-11-20,151.419998
2025-11-21,154.610001
2025-11-24,155.259995
2025-11-25,158.770004
2025-11-26,158.419998
2025-11-28,157.649994
2025-12-01,155.289993
2025-12-02,154.360001
2025-12-03,155.080002
2025-12-04,153.899994
2025-12-05,153.259995
2025-12-08,151.429993
2025-12-09,149.960007
2025-12-10,152.139999
2025-12-11,153.580002
2025-12-12,154.059998
2025-12-15,156.100006
2025-12-16,154.070007
2025-12-17,153.789993
2025-12-18,153.910004
2025-12-19,154.940002
2025-12-22,155.300003
2025-12-23,154.990005
2025-12-24,155.800003
2025-12-26,156.050003
2025-12-29,155.809998
2025-12-30,155.679993
2025-12-31,154.800003
2026-01-02,155.509995
2026-01-05,155.039993
2026-01-06,158.089996
2026-01-07,159.660004
2026-01-08,158.119995
2026-01-09,157.309998
2026-01-12,157.380005
2026-01-13,156.740005
2026-01-14,157.860001
2026-01-15,156.960007
2026-01-16,155.740005
2026-01-20,155.399994
2026-01-21,158.259995
2026-01-22,158.289993
2026-01-23,157.479996
2026-01-26,158.100006
2026-01-27,155.449997
2026-01-28,154.309998
2026-01-29,153.820007
2026-01-30,154.740005
2026-02-02,155.690002
2026-02-03,154.100006
2026-02-04,156.029999
2026-02-05,154.839996
2026-02-06,157.710007
2026-02-09,156.320007
2026-02-10,155.330002
2026-02-11,156.250000
2026-02-12,156.000000
2026-02-13,157.669998
2026-02-17,157.369995
2026-02-18,157.669998
2026-02-19,157.259995
2026-02-20,156.820007
2026-02-23,158.539993
2026-02-24,157.869995
2026-02-25,157.830002
2026-02-26,157.419998
2026-02-27,160.199997
2026-03-02,158.529999
2026-03-03,156.740005
2026-03-04,157.050003
2026-03-05,153.910004
2026-03-06,152.699997
2026-03-09,154.259995
2026-03-10,153.149994
2026-03-11,152.850006
2026-03-12,150.160004
2026-03-13,149.789993
2026-03-16,151.009995
2026-03-17,149.639999
2026-03-18,147.139999
2026-03-19,146.610001
2026-03-20,145.330002
2026-03-23,144.770004
2026-03-24,144.789993
2026-03-25,146.240005
2026-03-26,145.740005
2026-03-27,143.259995
2026-03-30,143.820007
2026-03-31,146.610001
2026-04-01,147.729996
2026-04-02,146.809998
2026-04-06,146.279999
2026-04-07,146.570007
2026-04-08,149.669998
2026-04-09,149.330002
2026-04-10,147.309998
2026-04-13,147.970001
2026-04-14,148.830002
2026-04-15,147.770004
2026-04-16,146.610001
2026-04-17,148.800003
2026-04-20,147.419998
2026-04-21,145.919998
2026-04-22,146.380005
2026-04-23,146.240005
2026-04-24,144.179993
2026-04-27,143.460007
2026-04-28,143.839996
2026-04-29,142.839996
2026-04-30,145.990005
2026-05-01,145.160004
2026-05-04,144.729996
2026-05-05,145.300003
2026-05-06,145.399994
2026-05-07,144.720001
2026-05-08,143.490005
2026-05-11,143.039993
2026-05-12,145.850006
2026-05-13,146.710007
2026-05-14,146.630005
2026-05-15,145.100006
2026-05-18,145.720001
2026-05-19,147.320007
2026-05-20,147.130005
2026-05-21,148.149994
2026-05-22,149.889999
2026-05-26,148.509995
2026-05-27,148.789993
2026-05-28,150.880005
2026-05-29,149.470001
2026-06-01,147.839996
2026-06-02,146.399994
2026-06-03,147.550003
2026-06-04,152.080002
2026-06-05,153.009995
2026-06-08,152.649994
2026-06-09,154.570007
2026-06-10,152.850006
2026-06-11,154.089996
2026-06-12,153.809998
2026-06-15,152.889999
2026-06-16,152.940002
2026-06-17,150.710007
2026-06-18,149.399994
2026-06-22,150.059998
2026-06-23,152.179993
2026-06-24,153.350006
2026-06-25,155.630005
2026-06-26,160.339996
2026-06-29,160.740005
2026-06-30,158.660004
2026-07-01,159.539993
2026-07-02,163.740005
2026-07-06,161.960007
2026-07-07,164.440002
2026-07-08,162.300003
2026-07-09,162.169998
2026-07-10,160.839996
2026-07-13,161.410004
2026-07-14,158.289993
2026-07-15,158.289993
2026-07-16,161.800003
2026-07-17,161.089996
2026-07-20,159.250000
2026-07-21,160.250000
2026-07-22,159.429993
2026-07-23,161.440002
2026-07-24,162.570007
2026-07-27,163.399994
2026-07-28,167.259995
2026-07-29,166.240005
2026-07-30,163.520004
2026-07-31,162.550003
2026-08-03,162.240005
2026-08-04,162.100006
2026-08-05,164.160004
2026-08-06,164.449997
2026-08-07,165.679993
2026-08-10,168.440002
2026-08-11,168.009995
2026-08-12,168.440002
2026-08-13,168.380005
2026-08-14,167.369995
2026-08-17,167.050003
2026-08-18,169.729996
2026-08-19,175.679993
2026-08-20,172.389999
2026-08-21,174.619995
2026-08-24,174.699997
2026-08-25,175.289993
2026-08-26,173.539993
2026-08-27,171.580002
2026-08-28,171.160004
2026-08-31,170.539993
2026-09-01,171.669998
2026-09-02,172.949997
2026-09-03,173.259995
2026-09-04,171.449997
2026-09-08,167.130005
2026-09-09,166.580002
