### grid stage
==============================================================================================================
RESEARCH LINE d_substate_fresh -- fresh sub-state search inside state D
==============================================================================================================
STANDING FIGURES (must match 22.18% / 0.913 / -33.6%, S 1.103, H 0.768; real weekly ~31.40% / 1.248 / -25.0%)
  26y proxy 22.18% / 0.913 / -33.6%  S 1.103  H 0.768  exposure 67.7% | real weekly 31.35% / 1.247 / -25.0%  (6575 proxy rows 2000-07-03..2026-08-26, 565 real weekly rows)
  live rebalances/yr 47.1
  state D: 934 proxy days (14.2%), search 382, holdout 552
  real DAILY harness (SPMO/TQQQ/QLD/XLU/BOXX-synthetic, 2015-11-02..2026-09-04, 2725 sessions): 29.66% / 1.145 / -32.9%  exposure 72.2%  45.2 rebalances/yr  (mirror verified against monthly_returns.simulate)
  real daily D days: 382

==============================================================================================================
STAGE grid: 890 candidates = 61 rules x 2 sides x 5 actions + 8C2 pairs x AND/OR x 5 actions
==============================================================================================================

--- screening table: next-day QLD-leg return on D days, flagged vs unflagged (bp/day, t of difference) ---
rule            family        nF    flag    unfl     t |  S nF    flag    unfl     t |  H nF    flag    unfl     t
px<sma10        DMA-line     606      20      14   0.3 |   265      21      27  -0.2 |   341      19       7   0.6
px<sma20        DMA-line     693      20      11   0.5 |   306      20      32  -0.4 |   387      20       1   0.9
px<sma30        DMA-line     765      18      16   0.1 |   338      16      69  -1.3 |   427      19      -2   1.0
px<sma100       DMA-line     438      37       1   1.9 |   162      52       1   1.5 |   276      28       1   1.3
px<sma150       DMA-line     129      17      18  -0.0 |    41      10      24  -0.2 |    88      20      14   0.2
gap20<-2%       DMA-gap      404      25      12   0.6 |   192      27      18   0.3 |   212      23       9   0.6
gap20<-4%       DMA-gap      121      61      11   1.3 |    71      71      12   1.1 |    50      48      11   0.8
gap100<2%       DMA-gap      715      21       6   0.7 |   286      31      -2   0.9 |   429      15      12   0.1
gap50<-2%       DMA-depth    425      32       6   1.4 |   190      49      -4   1.6 |   235      18      12   0.3
gap50<-4%       DMA-depth    144      52      11   1.3 |    56      42      19   0.4 |    88      59       6   1.6
gap50<-6%       DMA-depth     29     189      12   2.4 |    11     210      17   1.2 |    18     175       9   2.4
gap200<2%       DMA-depth    144     -12      23  -1.3 |    46     -47      32  -1.4 |    98       5      17  -0.4
gap200<5%       DMA-depth    497      21      14   0.4 |   168      13      30  -0.5 |   329      25      -1   1.2
gap200>10%      DMA-depth     94      63      13   1.8 |    47      56      18   0.8 |    47      70       9   1.8
slope20_5<0     DMA-slope    762      19      15   0.2 |   325      20      38  -0.4 |   437      18       3   0.6
slope20_10<0    DMA-slope    725      13      33  -0.8 |   297      13      55  -1.0 |   428      14      18  -0.2
slope20_20<0    DMA-slope    639      19      16   0.1 |   231      30      11   0.5 |   408      12      21  -0.3
slope50_5<0     DMA-slope    497      29       5   1.3 |   188      40       6   1.0 |   309      23       4   0.9
slope50_10<0    DMA-slope    430      31       6   1.4 |   159      32      16   0.5 |   271      31      -1   1.5
slope50_20<0    DMA-slope    275      21      16   0.2 |    87      29      21   0.2 |   188      18      13   0.2
slope100_5<0    DMA-slope     61      28      17   0.3 |    19     -12      24  -0.4 |    42      47      12   0.7
slope100_10<0   DMA-slope     41       5      18  -0.2 |    12     -15      24  -0.3 |    29      14      15  -0.0
slope100_20<0   DMA-slope     27      33      17   0.3 |     6      12      23  -0.0 |    21      39      14   0.4
slope200_5<0    DMA-slope     43      18      18   0.0 |    10       3      23  -0.2 |    33      23      14   0.3
slope200_10<0   DMA-slope     46      32      17   0.5 |    11      76      21   0.8 |    35      18      14   0.1
slope200_20<0   DMA-slope     46      45      16   1.0 |    10     127      20   2.1 |    36      22      14   0.2
sma20<sma50     DMA-cross    613      18      18   0.0 |   220      23      22   0.0 |   393      15      13   0.1
sma20<sma100    DMA-cross    227      20      17   0.2 |    60      14      24  -0.2 |   167      23      11   0.5
sma50<sma100    DMA-cross     73       2      19  -0.5 |    24     -13      25  -0.5 |    49       9      15  -0.1
fast_CDEF       DMA-fast     814      21      -5   1.2 |   349      21      38  -0.4 |   465      21     -21   1.7
fast_EF         DMA-fast     374      44       0   2.3 |   149      51       4   1.4 |   225      39      -2   1.8
px<ema20        DMA-ema      699      22       4   1.0 |   303      19      35  -0.5 |   396      25     -11   1.7
px<ema50        DMA-ema      702      23       1   1.2 |   295      24      17   0.2 |   407      23      -9   1.4
ema20<ema50     DMA-ema      481      44     -10   2.9 |   173      60      -8   2.1 |   308      34     -11   2.1
age>5           DMA-age      538      19      17   0.1 |   178      19      25  -0.2 |   360      18       7   0.5
age>10          DMA-age      345      37       6   1.7 |    85      71       8   1.9 |   260      26       4   1.0
age>20          DMA-age      137      36      15   1.0 |    11     -21      24  -0.6 |   126      41       7   1.5
volratio>1.0    vol          584      16      20  -0.2 |   257      27      13   0.4 |   327       8      24  -0.7
volratio>1.3    vol          177      -6      23  -1.1 |   101     -14      36  -1.2 |    76       5      16  -0.3
vol30pct>0.8    vol          288      12      20  -0.4 |   122      17      25  -0.2 |   166       9      17  -0.3
vol30>25%       vol          165      21      17   0.1 |    90      56      12   1.0 |    75     -21      20  -1.1
dd252<-5%       drawdown     575      28       1   1.5 |   246      41     -11   1.7 |   329      19       9   0.5
dd252<-10%      drawdown      64     155       8   2.6 |    31     162      10   1.6 |    33     148       6   2.1
rsi<30          rsi           13     276      14   2.3 |     7     288      18   1.8 |     6     262      12   1.3
rsi<40          rsi          276      32      12   0.9 |   121      40      15   0.6 |   155      27      10   0.7
rsi<50          rsi          717      21       6   0.8 |   307      18      41  -0.7 |   410      24     -12   1.7
down>=3         streak       129      38      15   0.9 |    45      67      16   1.1 |    84      23      13   0.3
down>=5         streak        29      26      18   0.1 |    10       4      23  -0.2 |    19      38      14   0.3
mom20<0         momentum     755      17      19  -0.1 |   326      21      30  -0.2 |   429      15      14   0.0
mom20<-5%       momentum     212      64       4   2.4 |    88      74       7   1.4 |   124      57       2   2.0
mom60<0         momentum     419      32       6   1.4 |   160      41       9   1.0 |   259      26       4   1.0
range>1.3       range        301      23      15   0.3 |   155      16      27  -0.3 |   146      30       9   0.8
range>1.6       range        137      39      14   0.7 |    85      15      25  -0.2 |    52      78       8   1.6
rs_spy20<0      relstr       683      30     -17   2.1 |   286      37     -21   1.4 |   397      26     -14   1.6
rs_spy20<-2%    relstr       298      25      14   0.6 |   134      53       6   1.4 |   164       2      20  -0.8
tb60>0          rates        455       9      26  -0.9 |   170       9      33  -0.7 |   285       9      20  -0.5
tb60<-25bp      rates        120      22      17   0.1 |    78      22      23  -0.0 |    42      22      14   0.2
vix>20          vix          326      32      10   1.0 |   145      61      -1   1.7 |   181       9      17  -0.3
vix>30          vix           38      67      16   0.6 |    17      64      21   0.3 |    21      69      12   0.6
vixpct>0.8      vix          285      16      18  -0.1 |   125      13      27  -0.3 |   160      18      13   0.2
vix5>0          vix          489       1      36  -1.9 |   204       1      47  -1.4 |   285       2      28  -1.3

--- grid: every candidate through the harness (proxy full / search / holdout; real daily; real weekly) ---
LIVE: proxy 22.18% / 0.913 / -33.6%  exp 67.7%  reb 47.1/yr  S 1.103 H 0.768 | real daily 29.66% / 1.145 / -32.9% | real weekly 31.35% / 1.247 / -25.0%
   # candidate                                     nOn   CAGR Sharpe  MaxDD   exp   reb    dS_S    dS_H    dS_F |  rdCAGR   rdSh   rdDD rdExp |   rwSh
   0 px<sma10 -> cash                              606 17.32%  0.836 -29.0% 59.0%  50.9  -0.020  -0.114  -0.077 |  24.65%  1.151 -27.7%   63% |  1.289
   1 px<sma10 -> spmo                              606 19.90%  0.906 -27.6% 67.7%  52.1  +0.035  -0.034  -0.007 |  26.25%  1.165 -27.8%   72% |  1.299
   2 px<sma10 -> half                              606 20.01%  0.910 -27.6% 63.4%  51.8  +0.040  -0.030  -0.002 |  27.52%  1.204 -26.2%   68% |  1.320
   3 px<sma10 -> xlu                               606 21.30%  0.943 -28.0% 67.7%  52.5  +0.065  +0.008  +0.031 |  28.66%  1.223 -25.2%   72% |  1.351
   4 px<sma10 -> arow                              606 21.99%  0.907 -33.4% 67.7%  52.5  -0.004  -0.007  -0.006 |  28.79%  1.131 -33.4%   72% |  1.237
   5 NOT px<sma10 -> cash                          328 20.45%  0.887 -36.5% 63.1%  51.9  -0.042  -0.012  -0.025 |  26.93%  1.106 -25.4%   68% |  1.109
   6 NOT px<sma10 -> spmo                          328 21.23%  0.906 -33.2% 67.7%  52.3  -0.013  -0.003  -0.007 |  28.47%  1.148 -28.5%   72% |  1.180
   7 NOT px<sma10 -> half                          328 21.42%  0.912 -33.2% 65.4%  52.1  -0.007  +0.004  -0.000 |  28.45%  1.143 -28.9%   70% |  1.188
   8 NOT px<sma10 -> xlu                           328 21.77%  0.920 -32.2% 67.7%  52.3  +0.019  -0.002  +0.007 |  29.32%  1.167 -28.9%   72% |  1.206
   9 NOT px<sma10 -> arow                          328 21.82%  0.901 -33.5% 67.7%  52.4  -0.009  -0.013  -0.011 |  29.54%  1.149 -32.6%   72% |  1.244
  10 px<sma20 -> cash                              693 16.89%  0.837 -31.0% 57.8%  49.0  +0.012  -0.133  -0.076 |  24.64%  1.192 -27.1%   62% |  1.292
  11 px<sma20 -> spmo                              693 19.80%  0.916 -30.3% 67.7%  50.6  +0.063  -0.037  +0.003 |  26.79%  1.218 -26.0%   72% |  1.315
  12 px<sma20 -> half                              693 19.83%  0.917 -30.4% 62.7%  50.2  +0.064  -0.035  +0.005 |  27.59%  1.235 -24.5%   67% |  1.328
  13 px<sma20 -> xlu                               693 21.58%  0.966 -29.1% 67.7%  51.1  +0.104  +0.020  +0.053 |  29.20%  1.267 -23.4%   72% |  1.352
  14 px<sma20 -> arow                              693 22.15%  0.912 -33.2% 67.7%  51.0  +0.004  -0.003  -0.000 |  29.24%  1.149 -33.4%   72% |  1.246
  15 NOT px<sma20 -> cash                          241 21.17%  0.897 -34.5% 64.4%  50.5  -0.050  +0.010  -0.015 |  27.40%  1.094 -28.2%   70% |  1.122
  16 NOT px<sma20 -> spmo                          241 21.60%  0.907 -34.0% 67.7%  50.7  -0.021  +0.006  -0.005 |  28.38%  1.122 -30.3%   72% |  1.178
  17 NOT px<sma20 -> half                          241 21.74%  0.912 -34.0% 66.0%  50.6  -0.018  +0.011  -0.001 |  28.62%  1.128 -30.5%   71% |  1.189
  18 NOT px<sma20 -> xlu                           241 21.62%  0.905 -34.1% 67.7%  50.7  -0.007  -0.009  -0.008 |  28.99%  1.138 -30.6%   72% |  1.212
  19 NOT px<sma20 -> arow                          241 21.92%  0.905 -33.5% 67.7%  50.8  -0.004  -0.012  -0.008 |  29.55%  1.144 -32.6%   72% |  1.243
  20 px<sma30 -> cash                              765 17.11%  0.854 -29.2% 56.8%  47.6  +0.045  -0.128  -0.059 |  25.24%  1.231 -24.4%   61% |  1.272
  21 px<sma30 -> spmo                              765 19.98%  0.929 -29.5% 67.7%  49.6  +0.085  -0.031  +0.016 |  26.87%  1.230 -24.7%   72% |  1.299
  22 px<sma30 -> half                              765 19.94%  0.927 -29.6% 62.3%  49.1  +0.083  -0.031  +0.015 |  27.90%  1.256 -23.0%   67% |  1.320
  23 px<sma30 -> xlu                               765 21.68%  0.975 -28.6% 67.7%  50.1  +0.118  +0.025  +0.062 |  29.38%  1.282 -22.0%   72% |  1.359
  24 px<sma30 -> arow                              765 22.25%  0.915 -33.2% 67.7%  50.1  +0.008  -0.001  +0.003 |  29.28%  1.150 -33.4%   72% |  1.244
  25 NOT px<sma30 -> cash                          169 21.15%  0.891 -34.3% 65.3%  49.7  -0.066  +0.011  -0.022 |  27.04%  1.075 -30.9%   71% |  1.141
  26 NOT px<sma30 -> spmo                          169 21.62%  0.903 -32.4% 67.7%  49.9  -0.031  +0.006  -0.010 |  28.54%  1.121 -31.6%   72% |  1.194
  27 NOT px<sma30 -> half                          169 21.70%  0.906 -32.3% 66.5%  49.8  -0.030  +0.010  -0.007 |  28.37%  1.114 -31.9%   71% |  1.197
  28 NOT px<sma30 -> xlu                           169 21.58%  0.900 -32.3% 67.7%  49.9  -0.015  -0.011  -0.012 |  28.87%  1.129 -31.9%   72% |  1.206
  29 NOT px<sma30 -> arow                          169 22.01%  0.907 -33.5% 67.7%  49.9  -0.001  -0.009  -0.005 |  29.72%  1.150 -32.7%   72% |  1.247
  30 px<sma100 -> cash                             438 15.75%  0.750 -36.2% 61.5%  50.6  -0.186  -0.146  -0.163 |  21.36%  0.960 -35.0%   67% |  1.297
  31 px<sma100 -> spmo                             438 18.93%  0.850 -32.8% 67.7%  51.2  -0.072  -0.056  -0.062 |  24.26%  1.043 -31.2%   72% |  1.278
  32 px<sma100 -> half                             438 19.14%  0.858 -32.7% 64.6%  51.0  -0.061  -0.051  -0.055 |  25.70%  1.088 -27.8%   69% |  1.304
  33 px<sma100 -> xlu                              438 20.33%  0.891 -30.9% 67.7%  51.2  -0.014  -0.028  -0.022 |  27.41%  1.133 -25.0%   72% |  1.297
  34 px<sma100 -> arow                             438 21.81%  0.901 -33.6% 67.7%  51.3  -0.014  -0.009  -0.012 |  28.41%  1.114 -33.1%   72% |  1.229
  35 NOT px<sma100 -> cash                         496 22.19%  0.977 -32.6% 60.7%  50.4  +0.116  +0.030  +0.064 |  30.23%  1.286 -26.2%   65% |  1.092
  36 NOT px<sma100 -> spmo                         496 22.32%  0.964 -31.5% 67.7%  51.1  +0.086  +0.028  +0.051 |  30.37%  1.264 -29.9%   72% |  1.198
  37 NOT px<sma100 -> half                         496 22.37%  0.965 -31.4% 64.2%  50.7  +0.088  +0.029  +0.052 |  30.24%  1.250 -29.4%   69% |  1.198
  38 NOT px<sma100 -> xlu                          496 22.77%  0.972 -30.8% 67.7%  51.2  +0.094  +0.038  +0.060 |  30.48%  1.250 -29.2%   72% |  1.256
  39 NOT px<sma100 -> arow                         496 22.09%  0.910 -33.4% 67.7%  51.2  -0.002  -0.003  -0.003 |  29.75%  1.161 -33.0%   72% |  1.259
  40 px<sma150 -> cash                             129 21.51%  0.912 -36.0% 65.9%  49.4  +0.023  -0.020  -0.000 |  29.73%  1.174 -24.7%   71% |  1.264
  41 px<sma150 -> spmo                             129 21.78%  0.916 -33.2% 67.7%  49.5  +0.015  -0.007  +0.003 |  29.67%  1.166 -29.2%   72% |  1.262
  42 px<sma150 -> half                             129 21.93%  0.921 -33.1% 66.8%  49.4  +0.020  -0.002  +0.008 |  29.79%  1.169 -28.7%   72% |  1.265
  43 px<sma150 -> xlu                              129 21.95%  0.919 -32.2% 67.7%  49.4  +0.029  -0.012  +0.006 |  30.14%  1.178 -28.0%   72% |  1.262
  44 px<sma150 -> arow                             129 21.95%  0.906 -33.6% 67.7%  49.5  -0.007  -0.007  -0.007 |  29.44%  1.141 -33.2%   72% |  1.244
  45 NOT px<sma150 -> cash                         805 16.84%  0.830 -36.1% 56.2%  47.4  -0.072  -0.084  -0.082 |  22.52%  1.097 -22.7%   61% |  1.122
  46 NOT px<sma150 -> spmo                         805 19.91%  0.916 -32.5% 67.7%  49.2  +0.027  -0.009  +0.004 |  25.67%  1.170 -27.4%   72% |  1.218
  47 NOT px<sma150 -> half                         805 19.76%  0.911 -32.5% 62.0%  48.6  +0.021  -0.014  -0.002 |  26.47%  1.186 -26.6%   66% |  1.240
  48 NOT px<sma150 -> xlu                          805 21.37%  0.954 -32.1% 67.7%  49.4  +0.064  +0.030  +0.042 |  28.09%  1.221 -26.3%   72% |  1.295
  49 NOT px<sma150 -> arow                         805 22.38%  0.919 -33.4% 67.7%  49.4  +0.010  +0.004  +0.007 |  29.42%  1.155 -33.2%   72% |  1.247
  50 gap20<-2% -> cash                             404 18.13%  0.845 -34.7% 62.0%  50.5  -0.044  -0.079  -0.068 |  24.48%  1.117 -27.9%   66% |  1.211
  51 gap20<-2% -> spmo                             404 20.22%  0.901 -32.4% 67.7%  51.6  +0.014  -0.026  -0.012 |  26.13%  1.140 -28.2%   72% |  1.259
  52 gap20<-2% -> half                             404 20.35%  0.905 -32.4% 64.8%  51.4  +0.021  -0.023  -0.007 |  27.39%  1.180 -26.7%   69% |  1.271
  53 gap20<-2% -> xlu                              404 20.92%  0.916 -31.1% 67.7%  51.8  +0.023  -0.007  +0.003 |  27.76%  1.176 -26.1%   72% |  1.293
  54 gap20<-2% -> arow                             404 21.93%  0.905 -33.6% 67.7%  51.9  -0.007  -0.008  -0.008 |  28.64%  1.123 -33.5%   72% |  1.235
  55 NOT gap20<-2% -> cash                         530 19.74%  0.883 -37.7% 60.1%  51.0  -0.023  -0.037  -0.029 |  27.11%  1.132 -25.6%   66% |  1.174
  56 NOT gap20<-2% -> spmo                         530 21.02%  0.914 -32.7% 67.7%  51.7  +0.004  -0.003  +0.001 |  28.60%  1.170 -28.3%   72% |  1.214
  57 NOT gap20<-2% -> half                         530 21.13%  0.918 -32.7% 63.9%  51.3  +0.009  +0.000  +0.005 |  28.58%  1.162 -28.5%   69% |  1.231
  58 NOT gap20<-2% -> xlu                          530 22.18%  0.947 -31.9% 67.7%  51.7  +0.056  +0.016  +0.034 |  30.20%  1.208 -28.2%   72% |  1.257
  59 NOT gap20<-2% -> arow                         530 21.98%  0.906 -33.5% 67.7%  51.8  -0.006  -0.007  -0.006 |  29.66%  1.156 -32.6%   72% |  1.249
  60 gap20<-4% -> cash                             121 18.84%  0.828 -36.7% 66.1%  49.0  -0.122  -0.051  -0.084 |  24.01%  1.025 -35.8%   70% |  1.123
  61 gap20<-4% -> spmo                             121 20.48%  0.877 -33.6% 67.7%  49.4  -0.046  -0.024  -0.035 |  26.51%  1.092 -33.4%   72% |  1.224
  62 gap20<-4% -> half                             121 20.58%  0.881 -33.6% 66.9%  49.2  -0.041  -0.021  -0.032 |  26.97%  1.108 -33.0%   71% |  1.212
  63 gap20<-4% -> xlu                              121 21.03%  0.892 -33.6% 67.7%  49.4  -0.030  -0.011  -0.021 |  27.52%  1.116 -33.2%   72% |  1.261
  64 gap20<-4% -> arow                             121 21.94%  0.905 -33.6% 67.7%  49.5  -0.009  -0.006  -0.007 |  29.08%  1.129 -33.2%   72% |  1.243
  65 NOT gap20<-4% -> cash                         813 19.44%  0.923 -29.0% 56.0%  48.1  +0.075  -0.042  +0.010 |  27.90%  1.247 -22.7%   62% |  1.266
  66 NOT gap20<-4% -> spmo                         813 21.19%  0.956 -28.9% 67.7%  49.3  +0.079  +0.016  +0.044 |  28.52%  1.235 -23.1%   72% |  1.254
  67 NOT gap20<-4% -> half                         813 21.14%  0.954 -28.8% 61.9%  48.8  +0.080  +0.011  +0.042 |  29.22%  1.245 -23.2%   67% |  1.291
  68 NOT gap20<-4% -> xlu                          813 22.28%  0.982 -29.7% 67.7%  49.5  +0.121  +0.031  +0.070 |  30.59%  1.280 -23.6%   72% |  1.292
  69 NOT gap20<-4% -> arow                         813 22.39%  0.920 -33.2% 67.7%  49.5  +0.005  +0.009  +0.007 |  29.55%  1.159 -33.0%   72% |  1.245
  70 gap100<2% -> cash                             715 16.72%  0.821 -30.8% 57.5%  48.3  -0.103  -0.082  -0.091 |  22.43%  1.062 -23.9%   63% |  1.096
  71 gap100<2% -> spmo                             715 19.70%  0.906 -30.3% 67.7%  49.6  -0.003  -0.009  -0.007 |  24.55%  1.101 -23.8%   72% |  1.161
  72 gap100<2% -> half                             715 19.72%  0.907 -30.3% 62.6%  49.3  -0.001  -0.009  -0.006 |  26.38%  1.161 -24.1%   67% |  1.225
  73 gap100<2% -> xlu                              715 20.97%  0.938 -28.7% 67.7%  50.0  +0.042  +0.013  +0.025 |  28.00%  1.198 -24.4%   72% |  1.246
  74 gap100<2% -> arow                             715 22.16%  0.912 -33.6% 67.7%  50.1  +0.001  -0.001  -0.000 |  28.65%  1.126 -33.1%   72% |  1.216
  75 NOT gap100<2% -> cash                         219 21.51%  0.915 -33.3% 64.6%  49.5  +0.045  -0.026  +0.003 |  29.70%  1.198 -32.9%   69% |  1.284
  76 NOT gap100<2% -> spmo                         219 21.85%  0.920 -33.3% 67.7%  49.8  +0.034  -0.011  +0.008 |  30.65%  1.219 -32.9%   72% |  1.313
  77 NOT gap100<2% -> half                         219 21.91%  0.922 -33.3% 66.2%  49.6  +0.036  -0.008  +0.010 |  29.79%  1.187 -32.9%   71% |  1.277
  78 NOT gap100<2% -> xlu                          219 22.27%  0.931 -33.3% 67.7%  49.8  +0.044  +0.002  +0.019 |  30.10%  1.193 -32.9%   72% |  1.306
  79 NOT gap100<2% -> arow                         219 22.03%  0.908 -33.5% 67.7%  49.8  -0.003  -0.006  -0.005 |  30.05%  1.165 -32.9%   72% |  1.273
  80 gap50<-2% -> cash                             425 16.50%  0.780 -34.0% 61.8%  51.9  -0.202  -0.077  -0.133 |  20.37%  0.947 -29.8%   66% |  1.181
  81 gap50<-2% -> spmo                             425 19.24%  0.863 -32.1% 67.7%  52.7  -0.073  -0.029  -0.050 |  23.35%  1.028 -26.8%   72% |  1.227
  82 gap50<-2% -> half                             425 19.49%  0.872 -32.1% 64.7%  52.5  -0.062  -0.022  -0.041 |  25.22%  1.091 -26.1%   69% |  1.258
  83 gap50<-2% -> xlu                              425 20.12%  0.885 -30.5% 67.7%  52.9  -0.052  -0.006  -0.028 |  25.76%  1.096 -25.3%   72% |  1.250
  84 gap50<-2% -> arow                             425 21.64%  0.896 -33.6% 67.7%  53.0  -0.019  -0.015  -0.017 |  28.02%  1.102 -33.2%   72% |  1.225
  85 NOT gap50<-2% -> cash                         509 21.11%  0.936 -31.6% 60.4%  52.5  +0.112  -0.045  +0.024 |  30.92%  1.277 -25.4%   66% |  1.200
  86 NOT gap50<-2% -> spmo                         509 21.69%  0.940 -31.6% 67.7%  52.9  +0.072  -0.008  +0.028 |  30.94%  1.261 -29.7%   72% |  1.243
  87 NOT gap50<-2% -> half                         509 21.80%  0.944 -31.5% 64.1%  52.7  +0.078  -0.005  +0.031 |  30.47%  1.236 -29.2%   69% |  1.242
  88 NOT gap50<-2% -> xlu                          509 22.78%  0.970 -31.1% 67.7%  52.9  +0.119  +0.011  +0.058 |  31.89%  1.275 -29.0%   72% |  1.299
  89 NOT gap50<-2% -> arow                         509 21.91%  0.904 -33.5% 67.7%  52.9  -0.012  -0.006  -0.009 |  29.67%  1.158 -33.1%   72% |  1.258
  90 gap50<-4% -> cash                             144 18.92%  0.831 -36.1% 65.7%  49.4  -0.037  -0.114  -0.082 |  27.14%  1.114 -29.8%   70% |  1.147
  91 gap50<-4% -> spmo                             144 20.47%  0.877 -33.3% 67.7%  49.7  -0.010  -0.054  -0.036 |  28.41%  1.143 -30.7%   72% |  1.221
  92 gap50<-4% -> half                             144 20.62%  0.882 -33.2% 66.7%  49.6  -0.003  -0.050  -0.031 |  28.54%  1.147 -29.8%   71% |  1.219
  93 gap50<-4% -> xlu                              144 21.19%  0.897 -31.9% 67.7%  49.7  +0.002  -0.027  -0.015 |  28.84%  1.151 -29.0%   72% |  1.229
  94 gap50<-4% -> arow                             144 21.88%  0.903 -33.7% 67.7%  49.7  -0.009  -0.009  -0.009 |  29.34%  1.138 -33.3%   72% |  1.239
  95 NOT gap50<-4% -> cash                         790 19.29%  0.918 -29.0% 56.4%  48.3  -0.012  +0.021  +0.005 |  24.82%  1.156 -22.7%   61% |  1.243
  96 NOT gap50<-4% -> spmo                         790 21.12%  0.955 -28.9% 67.7%  49.6  +0.045  +0.042  +0.042 |  26.69%  1.185 -25.6%   72% |  1.257
  97 NOT gap50<-4% -> half                         790 21.03%  0.951 -28.8% 62.1%  49.0  +0.042  +0.038  +0.039 |  27.63%  1.206 -25.3%   67% |  1.285
  98 NOT gap50<-4% -> xlu                          790 22.08%  0.975 -29.7% 67.7%  49.6  +0.088  +0.046  +0.063 |  29.26%  1.245 -25.1%   72% |  1.325
  99 NOT gap50<-4% -> arow                         790 22.38%  0.919 -33.3% 67.7%  49.7  +0.008  +0.006  +0.007 |  29.35%  1.152 -32.8%   72% |  1.249
 100 gap50<-6% -> cash                              29 19.80%  0.842 -33.6% 67.3%  47.7  -0.064  -0.076  -0.071 |  27.17%  1.080 -32.9%   72% |  1.245
 101 gap50<-6% -> spmo                              29 20.96%  0.878 -33.6% 67.7%  47.7  -0.030  -0.038  -0.034 |  28.36%  1.113 -32.9%   72% |  1.255
 102 gap50<-6% -> half                              29 21.01%  0.880 -33.6% 67.5%  47.7  -0.028  -0.036  -0.033 |  28.45%  1.117 -32.9%   72% |  1.246
 103 gap50<-6% -> xlu                               29 21.25%  0.887 -33.6% 67.7%  47.7  -0.024  -0.027  -0.026 |  28.64%  1.121 -32.9%   72% |  1.257
 104 gap50<-6% -> arow                              29 22.09%  0.910 -33.6% 67.7%  47.7  -0.003  -0.003  -0.003 |  29.54%  1.142 -32.9%   72% |  1.250
 105 NOT gap50<-6% -> cash                         905 18.84%  0.931 -29.1% 54.8%  45.6  +0.050  -0.001  +0.018 |  25.33%  1.234 -22.6%   60% |  1.151
 106 NOT gap50<-6% -> spmo                         905 21.06%  0.974 -29.3% 67.7%  47.4  +0.092  +0.042  +0.061 |  27.29%  1.250 -23.2%   72% |  1.233
 107 NOT gap50<-6% -> half                         905 20.84%  0.966 -29.5% 61.3%  46.6  +0.085  +0.033  +0.053 |  27.97%  1.258 -21.8%   66% |  1.267
 108 NOT gap50<-6% -> xlu                          905 22.26%  0.999 -28.9% 67.7%  47.8  +0.134  +0.055  +0.087 |  29.79%  1.298 -22.6%   72% |  1.305
 109 NOT gap50<-6% -> arow                         905 22.62%  0.927 -33.2% 67.7%  47.7  +0.017  +0.013  +0.014 |  29.74%  1.167 -33.1%   72% |  1.244
 110 gap200<2% -> cash                             144 23.34%  0.974 -29.5% 65.7%  49.2  +0.125  +0.011  +0.061 |  33.04%  1.284 -24.6%   71% |  1.244
 111 gap200<2% -> spmo                             144 22.72%  0.947 -29.8% 67.7%  49.3  +0.068  +0.008  +0.034 |  31.75%  1.238 -28.0%   72% |  1.244
 112 gap200<2% -> half                             144 22.86%  0.952 -29.7% 66.7%  49.3  +0.073  +0.013  +0.039 |  31.48%  1.226 -27.3%   71% |  1.257
 113 gap200<2% -> xlu                              144 22.82%  0.948 -29.2% 67.7%  49.3  +0.074  +0.006  +0.035 |  31.54%  1.227 -26.6%   72% |  1.270
 114 gap200<2% -> arow                             144 22.00%  0.907 -33.5% 67.7%  49.3  -0.003  -0.007  -0.005 |  29.76%  1.153 -33.1%   72% |  1.239
 115 NOT gap200<2% -> cash                         790 15.16%  0.762 -35.3% 56.5%  47.2  -0.186  -0.119  -0.150 |  19.63%  0.972 -25.3%   61% |  1.143
 116 NOT gap200<2% -> spmo                         790 19.06%  0.884 -33.6% 67.7%  49.0  -0.029  -0.025  -0.028 |  23.84%  1.092 -28.4%   72% |  1.237
 117 NOT gap200<2% -> half                         790 18.88%  0.878 -33.7% 62.1%  48.4  -0.037  -0.030  -0.035 |  24.92%  1.123 -27.8%   67% |  1.248
 118 NOT gap200<2% -> xlu                          790 20.54%  0.924 -33.0% 67.7%  49.3  +0.017  +0.011  +0.012 |  26.82%  1.170 -27.6%   72% |  1.286
 119 NOT gap200<2% -> arow                         790 22.40%  0.920 -33.6% 67.7%  49.3  +0.012  +0.004  +0.007 |  29.27%  1.147 -33.0%   72% |  1.251
 120 gap200<5% -> cash                             497 18.05%  0.840 -37.0% 60.6%  49.7  +0.035  -0.158  -0.073 |  27.91%  1.196 -29.8%   67% |  1.358
 121 gap200<5% -> spmo                             497 20.18%  0.898 -33.6% 67.7%  50.5  +0.040  -0.057  -0.015 |  27.65%  1.163 -26.6%   72% |  1.320
 122 gap200<5% -> half                             497 20.35%  0.904 -33.5% 64.2%  50.2  +0.050  -0.054  -0.008 |  29.14%  1.207 -22.8%   69% |  1.336
 123 gap200<5% -> xlu                              497 20.96%  0.916 -31.9% 67.7%  50.5  +0.071  -0.048  +0.004 |  30.01%  1.224 -24.3%   72% |  1.324
 124 gap200<5% -> arow                             497 21.97%  0.906 -33.2% 67.7%  50.6  -0.008  -0.005  -0.006 |  28.63%  1.124 -33.2%   72% |  1.243
 125 NOT gap200<5% -> cash                         437 19.97%  0.892 -35.1% 61.5%  49.5  -0.099  +0.043  -0.020 |  23.82%  1.056 -32.0%   65% |  1.035
 126 NOT gap200<5% -> spmo                         437 21.20%  0.921 -33.6% 67.7%  50.3  -0.019  +0.032  +0.008 |  27.19%  1.150 -32.6%   72% |  1.160
 127 NOT gap200<5% -> half                         437 21.21%  0.921 -33.6% 64.6%  49.9  -0.019  +0.032  +0.009 |  26.95%  1.136 -32.5%   69% |  1.169
 128 NOT gap200<5% -> xlu                          437 22.21%  0.949 -33.6% 67.7%  50.5  +0.011  +0.058  +0.036 |  28.00%  1.162 -32.2%   72% |  1.229
 129 NOT gap200<5% -> arow                         437 22.08%  0.909 -33.6% 67.7%  50.5  -0.001  -0.005  -0.003 |  29.81%  1.158 -32.9%   72% |  1.246
 130 gap200>10% -> cash                             94 19.78%  0.844 -33.6% 66.4%  47.7  -0.061  -0.074  -0.069 |  27.03%  1.082 -32.9%   71% |  1.207
 131 gap200>10% -> spmo                             94 21.00%  0.881 -33.6% 67.7%  47.9  -0.026  -0.035  -0.031 |  28.34%  1.120 -32.9%   72% |  1.223
 132 gap200>10% -> half                             94 21.01%  0.882 -33.6% 67.1%  47.8  -0.025  -0.035  -0.031 |  28.39%  1.120 -32.9%   71% |  1.236
 133 gap200>10% -> xlu                              94 21.39%  0.893 -33.6% 67.7%  47.9  -0.012  -0.024  -0.019 |  28.84%  1.133 -32.9%   72% |  1.239
 134 gap200>10% -> arow                             94 22.17%  0.912 -33.6% 67.7%  47.9  -0.002  +0.000  -0.001 |  29.57%  1.144 -32.9%   72% |  1.242
 135 NOT gap200>10% -> cash                        840 18.85%  0.926 -28.5% 55.7%  45.7  +0.039  -0.002  +0.014 |  25.35%  1.221 -23.0%   61% |  1.190
 136 NOT gap200>10% -> spmo                        840 21.01%  0.969 -28.9% 67.7%  47.7  +0.080  +0.040  +0.056 |  27.17%  1.232 -23.2%   72% |  1.264
 137 NOT gap200>10% -> half                        840 20.85%  0.963 -29.2% 61.7%  47.2  +0.077  +0.033  +0.050 |  27.96%  1.248 -21.8%   67% |  1.274
 138 NOT gap200>10% -> xlu                         840 22.11%  0.991 -28.6% 67.7%  48.2  +0.116  +0.053  +0.078 |  29.53%  1.280 -21.7%   72% |  1.321
 139 NOT gap200>10% -> arow                        840 22.53%  0.924 -33.2% 67.7%  48.3  +0.012  +0.011  +0.011 |  29.58%  1.160 -33.1%   72% |  1.251
 140 slope20_5<0 -> cash                           762 17.18%  0.848 -31.9% 56.9%  46.1  -0.011  -0.099  -0.064 |  24.18%  1.164 -23.4%   61% |  1.234
 141 slope20_5<0 -> spmo                           762 20.05%  0.925 -30.8% 67.7%  47.9  +0.053  -0.014  +0.012 |  26.58%  1.202 -23.6%   72% |  1.300
 142 slope20_5<0 -> half                           762 19.96%  0.922 -31.0% 62.3%  47.4  +0.051  -0.019  +0.009 |  27.35%  1.219 -22.4%   67% |  1.298
 143 slope20_5<0 -> xlu                            762 21.85%  0.975 -29.6% 67.7%  48.4  +0.124  +0.020  +0.062 |  29.89%  1.286 -22.3%   72% |  1.363
 144 slope20_5<0 -> arow                           762 22.40%  0.920 -33.2% 67.7%  48.4  +0.009  +0.006  +0.007 |  29.45%  1.154 -33.2%   72% |  1.254
 145 NOT slope20_5<0 -> cash                       172 21.40%  0.905 -32.5% 65.3%  47.8  -0.021  +0.002  -0.008 |  28.23%  1.126 -32.0%   70% |  1.170
 146 NOT slope20_5<0 -> spmo                       172 21.86%  0.916 -32.9% 67.7%  48.1  -0.002  +0.007  +0.003 |  28.93%  1.144 -32.6%   72% |  1.192
 147 NOT slope20_5<0 -> half                       172 21.86%  0.915 -32.9% 66.5%  47.9  -0.003  +0.007  +0.003 |  29.00%  1.144 -32.5%   71% |  1.215
 148 NOT slope20_5<0 -> xlu                        172 21.59%  0.905 -32.6% 67.7%  48.1  -0.019  +0.001  -0.008 |  28.48%  1.125 -32.2%   72% |  1.202
 149 NOT slope20_5<0 -> arow                       172 22.21%  0.914 -33.6% 67.7%  48.1  +0.002  -0.000  +0.001 |  29.69%  1.150 -32.9%   72% |  1.238
 150 slope20_10<0 -> cash                          725 18.87%  0.894 -29.1% 57.4%  46.4  +0.049  -0.066  -0.018 |  26.92%  1.225 -20.9%   62% |  1.206
 151 slope20_10<0 -> spmo                          725 20.86%  0.940 -29.4% 67.7%  47.9  +0.070  -0.003  +0.027 |  27.75%  1.213 -23.6%   72% |  1.275
 152 slope20_10<0 -> half                          725 20.80%  0.938 -29.4% 62.6%  47.6  +0.070  -0.007  +0.025 |  28.72%  1.238 -22.4%   67% |  1.273
 153 slope20_10<0 -> xlu                           725 22.16%  0.974 -28.7% 67.7%  48.5  +0.139  +0.005  +0.061 |  31.08%  1.302 -22.1%   72% |  1.326
 154 slope20_10<0 -> arow                          725 22.37%  0.919 -33.2% 67.7%  48.4  +0.009  +0.005  +0.006 |  29.48%  1.154 -33.2%   72% |  1.256
 155 NOT slope20_10<0 -> cash                      209 19.71%  0.863 -35.8% 64.7%  47.6  -0.079  -0.027  -0.050 |  25.52%  1.067 -35.5%   69% |  1.186
 156 NOT slope20_10<0 -> spmo                      209 21.09%  0.902 -32.9% 67.7%  48.1  -0.021  -0.003  -0.011 |  27.83%  1.131 -33.3%   72% |  1.208
 157 NOT slope20_10<0 -> half                      209 21.05%  0.900 -32.9% 66.2%  47.9  -0.022  -0.004  -0.012 |  27.73%  1.125 -32.5%   71% |  1.232
 158 NOT slope20_10<0 -> xlu                       209 21.31%  0.905 -32.6% 67.7%  48.1  -0.038  +0.015  -0.008 |  27.37%  1.106 -32.2%   72% |  1.231
 159 NOT slope20_10<0 -> arow                      209 22.28%  0.916 -33.6% 67.7%  48.1  +0.005  +0.002  +0.003 |  29.79%  1.154 -32.9%   72% |  1.233
 160 slope20_20<0 -> cash                          639 17.85%  0.830 -35.0% 58.6%  47.1  -0.120  -0.056  -0.083 |  23.45%  1.031 -22.9%   65% |  1.112
 161 slope20_20<0 -> spmo                          639 20.25%  0.898 -32.4% 67.7%  48.2  -0.030  -0.003  -0.014 |  25.68%  1.091 -27.2%   72% |  1.212
 162 slope20_20<0 -> half                          639 20.29%  0.900 -32.5% 63.2%  47.9  -0.027  -0.003  -0.013 |  26.87%  1.125 -26.7%   68% |  1.219
 163 slope20_20<0 -> xlu                           639 21.52%  0.935 -31.8% 67.7%  48.6  +0.016  +0.026  +0.022 |  28.29%  1.165 -25.3%   72% |  1.234
 164 slope20_20<0 -> arow                          639 22.33%  0.918 -33.4% 67.7%  48.6  +0.007  +0.004  +0.005 |  29.38%  1.147 -32.8%   72% |  1.257
 165 NOT slope20_20<0 -> cash                      295 20.72%  0.922 -31.9% 63.5%  47.4  +0.080  -0.036  +0.010 |  28.99%  1.247 -26.4%   67% |  1.270
 166 NOT slope20_20<0 -> spmo                      295 21.71%  0.941 -30.5% 67.7%  48.3  +0.075  -0.003  +0.028 |  29.88%  1.247 -29.2%   72% |  1.263
 167 NOT slope20_20<0 -> half                      295 21.63%  0.938 -30.5% 65.6%  47.9  +0.072  -0.006  +0.025 |  29.61%  1.233 -28.4%   70% |  1.282
 168 NOT slope20_20<0 -> xlu                       295 21.97%  0.942 -30.5% 67.7%  48.4  +0.078  -0.004  +0.029 |  30.11%  1.234 -28.9%   72% |  1.316
 169 NOT slope20_20<0 -> arow                      295 22.36%  0.918 -33.5% 67.7%  48.4  +0.006  +0.005  +0.006 |  29.86%  1.160 -33.1%   72% |  1.230
 170 slope50_5<0 -> cash                           497 16.81%  0.786 -29.8% 60.6%  48.0  -0.120  -0.133  -0.127 |  23.48%  1.031 -21.4%   66% |  1.088
 171 slope50_5<0 -> spmo                           497 19.63%  0.872 -30.6% 67.7%  48.9  -0.033  -0.046  -0.040 |  25.31%  1.076 -27.2%   72% |  1.151
 172 slope50_5<0 -> half                           497 19.67%  0.874 -30.6% 64.2%  48.6  -0.030  -0.046  -0.039 |  26.80%  1.122 -26.7%   69% |  1.204
 173 slope50_5<0 -> xlu                            497 19.83%  0.872 -30.4% 67.7%  49.0  -0.024  -0.054  -0.041 |  27.10%  1.124 -25.3%   72% |  1.202
 174 slope50_5<0 -> arow                           497 22.17%  0.912 -33.6% 67.7%  48.9  +0.001  -0.002  -0.000 |  28.98%  1.132 -32.8%   72% |  1.225
 175 NOT slope50_5<0 -> cash                       437 21.69%  0.963 -31.8% 61.6%  47.5  +0.079  +0.034  +0.050 |  28.87%  1.245 -28.5%   66% |  1.297
 176 NOT slope50_5<0 -> spmo                       437 22.19%  0.962 -30.8% 67.7%  48.8  +0.075  +0.033  +0.049 |  30.15%  1.259 -29.2%   72% |  1.325
 177 NOT slope50_5<0 -> half                       437 22.10%  0.959 -31.0% 64.6%  48.3  +0.072  +0.030  +0.046 |  29.54%  1.231 -28.4%   69% |  1.298
 178 NOT slope50_5<0 -> xlu                        437 23.59%  1.001 -30.3% 67.7%  48.8  +0.117  +0.070  +0.089 |  31.24%  1.273 -28.9%   72% |  1.349
 179 NOT slope50_5<0 -> arow                       437 22.34%  0.918 -33.2% 67.7%  48.9  +0.008  +0.004  +0.005 |  30.08%  1.169 -33.1%   72% |  1.263
 180 slope50_10<0 -> cash                          430 16.93%  0.780 -33.8% 61.5%  47.5  -0.080  -0.176  -0.133 |  25.27%  1.071 -22.7%   67% |  1.080
 181 slope50_10<0 -> spmo                          430 19.69%  0.866 -31.0% 67.7%  48.4  -0.019  -0.070  -0.047 |  26.42%  1.096 -28.2%   72% |  1.154
 182 slope50_10<0 -> half                          430 19.68%  0.865 -31.0% 64.6%  48.1  -0.019  -0.070  -0.047 |  27.66%  1.133 -27.7%   70% |  1.183
 183 slope50_10<0 -> xlu                           430 19.93%  0.868 -30.4% 67.7%  48.4  -0.015  -0.068  -0.045 |  27.86%  1.133 -26.4%   72% |  1.184
 184 slope50_10<0 -> arow                          430 22.21%  0.914 -33.6% 67.7%  48.4  +0.003  -0.001  +0.001 |  29.19%  1.137 -32.9%   72% |  1.234
 185 NOT slope50_10<0 -> cash                      504 21.68%  0.978 -29.3% 60.6%  46.8  +0.048  +0.083  +0.065 |  27.20%  1.215 -24.4%   65% |  1.319
 186 NOT slope50_10<0 -> spmo                      504 22.27%  0.975 -29.4% 67.7%  48.1  +0.068  +0.062  +0.062 |  29.22%  1.250 -28.3%   72% |  1.330
 187 NOT slope50_10<0 -> half                      504 22.15%  0.971 -29.6% 64.2%  47.7  +0.064  +0.058  +0.058 |  28.78%  1.226 -27.5%   69% |  1.324
 188 NOT slope50_10<0 -> xlu                       504 23.56%  1.009 -29.7% 67.7%  48.4  +0.113  +0.088  +0.097 |  30.60%  1.271 -27.8%   72% |  1.374
 189 NOT slope50_10<0 -> arow                      504 22.42%  0.920 -33.3% 67.7%  48.4  +0.010  +0.006  +0.008 |  30.08%  1.171 -33.2%   72% |  1.254
 190 slope50_20<0 -> cash                          275 20.11%  0.874 -33.6% 63.8%  47.5  -0.024  -0.053  -0.039 |  27.96%  1.124 -24.6%   69% |  1.222
 191 slope50_20<0 -> spmo                          275 21.26%  0.905 -33.6% 67.7%  47.8  -0.002  -0.014  -0.008 |  28.24%  1.127 -27.4%   72% |  1.235
 192 slope50_20<0 -> half                          275 21.25%  0.905 -33.6% 65.8%  47.6  -0.002  -0.014  -0.008 |  28.91%  1.146 -27.3%   71% |  1.247
 193 slope50_20<0 -> xlu                           275 21.60%  0.913 -33.6% 67.7%  47.8  +0.021  -0.018  -0.000 |  29.70%  1.168 -26.9%   72% |  1.248
 194 slope50_20<0 -> arow                          275 22.24%  0.915 -33.6% 67.7%  47.9  +0.002  +0.002  +0.002 |  29.43%  1.142 -32.7%   72% |  1.241
 195 NOT slope50_20<0 -> cash                      659 18.58%  0.887 -29.5% 58.4%  45.7  -0.004  -0.034  -0.026 |  24.60%  1.170 -29.3%   62% |  1.167
 196 NOT slope50_20<0 -> spmo                      659 20.81%  0.941 -29.6% 67.7%  47.6  +0.057  +0.012  +0.028 |  27.46%  1.226 -28.8%   72% |  1.246
 197 NOT slope50_20<0 -> half                      659 20.65%  0.935 -29.7% 63.0%  47.1  +0.052  +0.006  +0.023 |  27.56%  1.219 -27.7%   67% |  1.258
 198 NOT slope50_20<0 -> xlu                       659 21.92%  0.967 -29.1% 67.7%  48.0  +0.079  +0.042  +0.055 |  28.73%  1.239 -27.1%   72% |  1.309
 199 NOT slope50_20<0 -> arow                      659 22.51%  0.924 -33.2% 67.7%  48.1  +0.014  +0.009  +0.011 |  29.92%  1.169 -33.2%   72% |  1.249
 200 slope100_5<0 -> cash                           61 21.60%  0.901 -31.0% 66.9%  47.7  +0.026  -0.041  -0.012 |  30.31%  1.174 -28.2%   72% |  1.230
 201 slope100_5<0 -> spmo                           61 21.88%  0.908 -31.9% 67.7%  47.8  +0.014  -0.019  -0.004 |  30.32%  1.173 -30.3%   72% |  1.241
 202 slope100_5<0 -> half                           61 21.92%  0.910 -31.8% 67.3%  47.8  +0.016  -0.018  -0.003 |  30.04%  1.163 -30.5%   72% |  1.243
 203 slope100_5<0 -> xlu                            61 21.97%  0.910 -32.1% 67.7%  47.8  +0.014  -0.015  -0.002 |  29.99%  1.160 -30.6%   72% |  1.248
 204 slope100_5<0 -> arow                           61 22.16%  0.912 -33.7% 67.7%  47.8  -0.001  -0.000  -0.001 |  29.82%  1.151 -32.6%   72% |  1.246
 205 NOT slope100_5<0 -> cash                      873 17.14%  0.861 -29.6% 55.2%  45.3  -0.059  -0.041  -0.052 |  22.35%  1.118 -29.4%   60% |  1.165
 206 NOT slope100_5<0 -> spmo                      873 20.20%  0.941 -28.9% 67.7%  47.4  +0.042  +0.022  +0.029 |  25.40%  1.179 -26.0%   72% |  1.245
 207 NOT slope100_5<0 -> half                      873 19.98%  0.933 -29.2% 61.5%  46.8  +0.035  +0.013  +0.020 |  26.44%  1.205 -24.5%   66% |  1.267
 208 NOT slope100_5<0 -> xlu                       873 21.54%  0.973 -29.1% 67.7%  48.0  +0.091  +0.043  +0.061 |  28.43%  1.253 -23.4%   72% |  1.312
 209 NOT slope100_5<0 -> arow                      873 22.60%  0.926 -33.5% 67.7%  48.0  +0.016  +0.012  +0.014 |  29.44%  1.156 -33.4%   72% |  1.246
 210 slope100_10<0 -> cash                          41 22.23%  0.918 -35.6% 67.2%  47.2  +0.019  -0.005  +0.006 |  30.21%  1.166 -28.2%   72% |  1.241
 211 slope100_10<0 -> spmo                          41 22.21%  0.917 -34.6% 67.7%  47.3  +0.010  -0.001  +0.004 |  29.93%  1.156 -30.3%   72% |  1.244
 212 slope100_10<0 -> half                          41 22.22%  0.917 -34.6% 67.5%  47.2  +0.011  -0.001  +0.004 |  29.96%  1.157 -30.5%   72% |  1.245
 213 slope100_10<0 -> xlu                           41 22.09%  0.912 -34.2% 67.7%  47.3  +0.006  -0.006  -0.000 |  29.80%  1.151 -30.6%   72% |  1.241
 214 slope100_10<0 -> arow                          41 22.19%  0.913 -33.7% 67.7%  47.3  +0.000  +0.001  +0.001 |  29.67%  1.146 -32.6%   72% |  1.246
 215 NOT slope100_10<0 -> cash                     893 16.61%  0.844 -28.5% 54.9%  44.8  -0.047  -0.080  -0.069 |  22.52%  1.133 -27.8%   60% |  1.155
 216 NOT slope100_10<0 -> spmo                     893 19.96%  0.936 -28.9% 67.7%  46.9  +0.051  +0.006  +0.023 |  25.86%  1.203 -26.0%   72% |  1.246
 217 NOT slope100_10<0 -> half                     893 19.72%  0.927 -29.2% 61.3%  46.3  +0.043  -0.004  +0.014 |  26.54%  1.214 -24.5%   66% |  1.268
 218 NOT slope100_10<0 -> xlu                      893 21.46%  0.973 -28.1% 67.7%  47.5  +0.103  +0.034  +0.061 |  28.67%  1.266 -23.4%   72% |  1.323
 219 NOT slope100_10<0 -> arow                     893 22.63%  0.927 -33.4% 67.7%  47.5  +0.016  +0.013  +0.015 |  29.69%  1.165 -33.4%   72% |  1.247
 220 slope100_20<0 -> cash                          27 21.96%  0.907 -34.5% 67.4%  47.1  +0.009  -0.016  -0.005 |  29.90%  1.154 -28.2%   72% |  1.260
 221 slope100_20<0 -> spmo                          27 22.08%  0.911 -34.0% 67.7%  47.1  +0.005  -0.007  -0.002 |  29.78%  1.150 -30.3%   72% |  1.252
 222 slope100_20<0 -> half                          27 22.09%  0.911 -34.0% 67.6%  47.1  +0.005  -0.007  -0.002 |  29.80%  1.151 -30.5%   72% |  1.254
 223 slope100_20<0 -> xlu                           27 22.04%  0.909 -34.1% 67.7%  47.1  +0.007  -0.012  -0.003 |  29.86%  1.153 -30.6%   72% |  1.254
 224 slope100_20<0 -> arow                          27 22.21%  0.914 -33.5% 67.7%  47.1  +0.001  +0.001  +0.001 |  29.69%  1.146 -32.6%   72% |  1.246
 225 NOT slope100_20<0 -> cash                     907 16.91%  0.860 -28.5% 54.7%  44.7  -0.030  -0.065  -0.053 |  22.88%  1.152 -23.0%   60% |  1.134
 226 NOT slope100_20<0 -> spmo                     907 20.13%  0.945 -28.9% 67.7%  46.8  +0.060  +0.015  +0.032 |  26.08%  1.214 -26.0%   72% |  1.238
 227 NOT slope100_20<0 -> half                     907 19.88%  0.935 -29.2% 61.2%  46.1  +0.052  +0.004  +0.023 |  26.75%  1.224 -24.5%   66% |  1.258
 228 NOT slope100_20<0 -> xlu                      907 21.55%  0.978 -28.0% 67.7%  47.4  +0.103  +0.042  +0.065 |  28.65%  1.266 -23.4%   72% |  1.309
 229 NOT slope100_20<0 -> arow                     907 22.67%  0.929 -33.2% 67.7%  47.4  +0.018  +0.014  +0.016 |  29.77%  1.168 -33.4%   72% |  1.248
 230 slope200_5<0 -> cash                           43 21.84%  0.905 -34.5% 67.1%  47.2  +0.004  -0.017  -0.008 |  29.67%  1.149 -32.9%   72% |  1.237
 231 slope200_5<0 -> spmo                           43 22.02%  0.910 -34.0% 67.7%  47.3  +0.003  -0.007  -0.003 |  29.53%  1.145 -32.9%   72% |  1.244
 232 slope200_5<0 -> half                           43 22.03%  0.910 -34.0% 67.4%  47.3  +0.003  -0.007  -0.002 |  29.69%  1.149 -32.9%   72% |  1.244
 233 slope200_5<0 -> xlu                            43 21.90%  0.905 -34.1% 67.7%  47.3  -0.002  -0.011  -0.007 |  29.48%  1.143 -32.9%   72% |  1.245
 234 slope200_5<0 -> arow                           43 22.18%  0.913 -33.5% 67.7%  47.3  +0.000  +0.000  +0.000 |  29.60%  1.145 -32.9%   72% |  1.247
 235 NOT slope200_5<0 -> cash                      891 16.99%  0.861 -28.5% 55.1%  44.8  -0.026  -0.066  -0.052 |  23.06%  1.155 -23.0%   60% |  1.159
 236 NOT slope200_5<0 -> spmo                      891 20.16%  0.944 -28.9% 67.7%  47.0  +0.061  +0.013  +0.031 |  26.28%  1.219 -23.2%   72% |  1.245
 237 NOT slope200_5<0 -> half                      891 19.92%  0.935 -29.2% 61.4%  46.3  +0.053  +0.003  +0.023 |  26.82%  1.225 -21.8%   66% |  1.268
 238 NOT slope200_5<0 -> xlu                       891 21.66%  0.981 -28.6% 67.7%  47.5  +0.112  +0.040  +0.069 |  28.99%  1.276 -21.7%   72% |  1.318
 239 NOT slope200_5<0 -> arow                      891 22.66%  0.928 -33.2% 67.7%  47.5  +0.018  +0.014  +0.016 |  29.80%  1.168 -33.1%   72% |  1.246
 240 slope200_10<0 -> cash                          46 21.56%  0.896 -34.5% 67.0%  47.1  -0.023  -0.012  -0.017 |  28.74%  1.121 -32.9%   72% |  1.196
 241 slope200_10<0 -> spmo                          46 21.88%  0.906 -34.0% 67.7%  47.2  -0.011  -0.004  -0.007 |  28.90%  1.125 -32.9%   72% |  1.217
 242 slope200_10<0 -> half                          46 21.89%  0.906 -34.0% 67.4%  47.2  -0.010  -0.004  -0.007 |  29.22%  1.134 -32.9%   72% |  1.224
 243 slope200_10<0 -> xlu                           46 21.83%  0.903 -34.1% 67.7%  47.2  -0.008  -0.010  -0.009 |  29.28%  1.137 -32.9%   72% |  1.231
 244 slope200_10<0 -> arow                          46 22.20%  0.913 -33.5% 67.7%  47.2  +0.000  +0.001  +0.001 |  29.53%  1.142 -32.9%   72% |  1.244
 245 NOT slope200_10<0 -> cash                     888 17.29%  0.873 -28.5% 55.1%  44.7  +0.009  -0.071  -0.040 |  23.97%  1.194 -23.0%   60% |  1.209
 246 NOT slope200_10<0 -> spmo                     888 20.31%  0.950 -28.9% 67.7%  46.8  +0.077  +0.010  +0.037 |  26.92%  1.243 -23.2%   72% |  1.276
 247 NOT slope200_10<0 -> half                     888 20.07%  0.941 -29.2% 61.4%  46.2  +0.070  +0.000  +0.028 |  27.30%  1.243 -21.8%   66% |  1.291
 248 NOT slope200_10<0 -> xlu                      888 21.74%  0.984 -28.6% 67.7%  47.4  +0.119  +0.040  +0.071 |  29.22%  1.284 -21.7%   72% |  1.333
 249 NOT slope200_10<0 -> arow                     888 22.67%  0.929 -33.2% 67.7%  47.4  +0.018  +0.014  +0.016 |  29.90%  1.171 -33.1%   72% |  1.250
 250 slope200_20<0 -> cash                          46 21.28%  0.887 -34.5% 67.0%  47.1  -0.040  -0.016  -0.026 |  28.23%  1.104 -34.1%   72% |  1.221
 251 slope200_20<0 -> spmo                          46 21.74%  0.901 -34.0% 67.7%  47.1  -0.019  -0.006  -0.012 |  28.49%  1.112 -32.9%   72% |  1.228
 252 slope200_20<0 -> half                          46 21.74%  0.901 -34.0% 67.4%  47.1  -0.019  -0.006  -0.012 |  28.96%  1.126 -32.9%   72% |  1.235
 253 slope200_20<0 -> xlu                           46 21.64%  0.897 -34.1% 67.7%  47.1  -0.019  -0.013  -0.016 |  28.96%  1.126 -32.9%   72% |  1.238
 254 slope200_20<0 -> arow                          46 22.20%  0.913 -33.5% 67.7%  47.1  +0.001  +0.001  +0.001 |  29.46%  1.140 -32.9%   72% |  1.244
 255 NOT slope200_20<0 -> cash                     888 17.57%  0.885 -28.5% 55.1%  44.7  +0.031  -0.066  -0.028 |  24.48%  1.217 -23.0%   60% |  1.180
 256 NOT slope200_20<0 -> spmo                     888 20.46%  0.955 -28.9% 67.7%  46.8  +0.088  +0.013  +0.043 |  27.34%  1.261 -23.2%   72% |  1.265
 257 NOT slope200_20<0 -> half                     888 20.22%  0.946 -29.2% 61.4%  46.1  +0.081  +0.003  +0.034 |  27.57%  1.254 -21.8%   66% |  1.279
 258 NOT slope200_20<0 -> xlu                      888 21.94%  0.992 -28.6% 67.7%  47.4  +0.132  +0.043  +0.079 |  29.55%  1.297 -21.7%   72% |  1.327
 259 NOT slope200_20<0 -> arow                     888 22.67%  0.929 -33.2% 67.7%  47.4  +0.019  +0.014  +0.016 |  30.01%  1.174 -33.1%   72% |  1.250
 260 sma20<sma50 -> cash                           613 18.46%  0.850 -32.5% 59.0%  46.9  -0.044  -0.080  -0.063 |  25.85%  1.111 -23.6%   65% |  1.090
 261 sma20<sma50 -> spmo                           613 20.56%  0.907 -29.6% 67.7%  48.1  +0.006  -0.015  -0.005 |  26.93%  1.129 -27.2%   72% |  1.185
 262 sma20<sma50 -> half                           613 20.55%  0.907 -29.5% 63.4%  47.8  +0.007  -0.017  -0.005 |  28.07%  1.162 -26.7%   69% |  1.207
 263 sma20<sma50 -> xlu                            613 21.39%  0.928 -29.6% 67.7%  48.4  +0.043  -0.006  +0.016 |  29.26%  1.194 -25.3%   72% |  1.220
 264 sma20<sma50 -> arow                           613 22.31%  0.917 -33.4% 67.7%  48.4  +0.007  +0.003  +0.004 |  29.39%  1.147 -32.8%   72% |  1.250
 265 NOT sma20<sma50 -> cash                       321 20.16%  0.905 -32.1% 63.1%  47.1  +0.007  -0.013  -0.008 |  26.64%  1.170 -30.5%   67% |  1.293
 266 NOT sma20<sma50 -> spmo                       321 21.45%  0.933 -30.5% 67.7%  48.1  +0.042  +0.009  +0.021 |  28.73%  1.213 -29.2%   72% |  1.290
 267 NOT sma20<sma50 -> half                       321 21.33%  0.929 -30.6% 65.4%  47.8  +0.038  +0.006  +0.017 |  28.43%  1.196 -28.4%   69% |  1.294
 268 NOT sma20<sma50 -> xlu                        321 22.10%  0.948 -30.6% 67.7%  48.3  +0.054  +0.026  +0.035 |  29.21%  1.208 -28.9%   72% |  1.331
 269 NOT sma20<sma50 -> arow                       321 22.39%  0.919 -33.4% 67.7%  48.2  +0.009  +0.005  +0.007 |  29.94%  1.163 -33.1%   72% |  1.238
 270 sma20<sma100 -> cash                          227 20.60%  0.883 -33.6% 64.5%  47.4  +0.020  -0.071  -0.029 |  29.72%  1.170 -24.7%   70% |  1.235
 271 sma20<sma100 -> spmo                          227 21.47%  0.907 -33.6% 67.7%  47.7  +0.017  -0.025  -0.006 |  29.61%  1.163 -26.5%   72% |  1.243
 272 sma20<sma100 -> half                          227 21.46%  0.907 -33.6% 66.1%  47.5  +0.017  -0.026  -0.006 |  29.76%  1.166 -27.2%   71% |  1.249
 273 sma20<sma100 -> xlu                           227 21.66%  0.910 -33.6% 67.7%  47.7  +0.039  -0.036  -0.003 |  30.52%  1.187 -26.4%   72% |  1.252
 274 sma20<sma100 -> arow                          227 22.20%  0.914 -33.6% 67.7%  47.8  +0.001  +0.001  +0.001 |  29.68%  1.148 -32.2%   72% |  1.245
 275 NOT sma20<sma100 -> cash                      707 18.12%  0.878 -29.8% 57.7%  45.5  -0.052  -0.014  -0.034 |  22.98%  1.120 -29.6%   61% |  1.158
 276 NOT sma20<sma100 -> spmo                      707 20.62%  0.941 -28.9% 67.7%  47.4  +0.039  +0.025  +0.028 |  26.18%  1.190 -29.8%   72% |  1.242
 277 NOT sma20<sma100 -> half                      707 20.42%  0.934 -29.2% 62.7%  46.9  +0.033  +0.017  +0.021 |  26.74%  1.200 -27.9%   67% |  1.259
 278 NOT sma20<sma100 -> xlu                       707 21.87%  0.971 -28.5% 67.7%  48.0  +0.062  +0.062  +0.059 |  27.97%  1.220 -27.7%   72% |  1.307
 279 NOT sma20<sma100 -> arow                      707 22.54%  0.924 -33.2% 67.7%  47.9  +0.015  +0.009  +0.012 |  29.68%  1.163 -33.7%   72% |  1.247
 280 sma50<sma100 -> cash                           73 22.27%  0.926 -33.6% 66.7%  47.2  +0.034  -0.004  +0.013 |  30.53%  1.182 -28.8%   71% |  1.250
 281 sma50<sma100 -> spmo                           73 22.27%  0.923 -33.6% 67.7%  47.3  +0.020  +0.002  +0.010 |  30.24%  1.171 -30.5%   72% |  1.254
 282 sma50<sma100 -> half                           73 22.26%  0.923 -33.6% 67.2%  47.3  +0.020  +0.002  +0.010 |  30.12%  1.167 -30.9%   72% |  1.255
 283 sma50<sma100 -> xlu                            73 22.14%  0.917 -33.6% 67.7%  47.4  +0.023  -0.010  +0.005 |  30.26%  1.169 -30.8%   72% |  1.248
 284 sma50<sma100 -> arow                           73 22.21%  0.914 -33.6% 67.7%  47.3  +0.000  +0.002  +0.001 |  29.76%  1.149 -32.7%   72% |  1.247
 285 NOT sma50<sma100 -> cash                      861 16.58%  0.834 -29.5% 55.5%  44.9  -0.065  -0.082  -0.078 |  22.25%  1.111 -29.0%   60% |  1.142
 286 NOT sma50<sma100 -> spmo                      861 19.91%  0.927 -28.9% 67.7%  47.0  +0.039  +0.001  +0.015 |  25.59%  1.185 -25.9%   72% |  1.232
 287 NOT sma50<sma100 -> half                      861 19.68%  0.919 -29.2% 61.6%  46.4  +0.033  -0.009  +0.007 |  26.41%  1.202 -24.2%   66% |  1.254
 288 NOT sma50<sma100 -> xlu                       861 21.42%  0.967 -28.8% 67.7%  47.5  +0.083  +0.037  +0.054 |  28.23%  1.244 -23.2%   72% |  1.313
 289 NOT sma50<sma100 -> arow                      861 22.62%  0.927 -33.2% 67.7%  47.6  +0.017  +0.012  +0.014 |  29.65%  1.163 -33.4%   72% |  1.246
 290 fast_CDEF -> cash                             814 16.26%  0.824 -31.4% 56.1%  45.8  +0.016  -0.158  -0.088 |  24.26%  1.198 -25.6%   60% |  1.149
 291 fast_CDEF -> spmo                             814 19.67%  0.921 -30.6% 67.7%  47.7  +0.075  -0.037  +0.008 |  26.95%  1.239 -23.2%   72% |  1.205
 292 fast_CDEF -> half                             814 19.54%  0.916 -30.6% 61.9%  47.2  +0.071  -0.043  +0.003 |  27.43%  1.243 -21.8%   66% |  1.256
 293 fast_CDEF -> xlu                              814 21.47%  0.970 -29.5% 67.7%  48.2  +0.108  +0.025  +0.058 |  29.00%  1.272 -21.7%   72% |  1.289
 294 fast_CDEF -> arow                             814 22.50%  0.923 -33.4% 67.7%  48.2  +0.012  +0.009  +0.011 |  29.69%  1.164 -33.1%   72% |  1.225
 295 NOT fast_CDEF -> cash                         120 22.40%  0.928 -33.3% 66.1%  47.8  -0.036  +0.054  +0.015 |  28.23%  1.109 -32.9%   71% |  1.240
 296 NOT fast_CDEF -> spmo                         120 22.30%  0.923 -33.3% 67.7%  47.9  -0.016  +0.029  +0.010 |  28.66%  1.121 -32.9%   72% |  1.274
 297 NOT fast_CDEF -> half                         120 22.31%  0.923 -33.3% 66.9%  47.8  -0.016  +0.030  +0.010 |  28.96%  1.129 -32.9%   72% |  1.251
 298 NOT fast_CDEF -> xlu                          120 21.99%  0.911 -33.3% 67.7%  47.9  -0.003  -0.001  -0.002 |  29.39%  1.142 -32.9%   72% |  1.267
 299 NOT fast_CDEF -> arow                         120 22.14%  0.911 -33.5% 67.7%  47.9  -0.000  -0.002  -0.001 |  29.52%  1.142 -32.9%   72% |  1.265
 300 fast_EF -> cash                               374 15.53%  0.736 -41.6% 62.4%  48.5  -0.183  -0.173  -0.177 |  21.70%  0.963 -35.3%   67% |  1.274
 301 fast_EF -> spmo                               374 18.89%  0.844 -36.2% 67.7%  48.9  -0.069  -0.070  -0.069 |  24.24%  1.033 -30.3%   72% |  1.267
 302 fast_EF -> half                               374 19.01%  0.848 -36.0% 65.0%  48.7  -0.063  -0.066  -0.065 |  25.89%  1.087 -28.3%   70% |  1.290
 303 fast_EF -> xlu                                374 20.17%  0.881 -34.7% 67.7%  49.0  -0.028  -0.035  -0.032 |  27.17%  1.119 -27.5%   72% |  1.304
 304 fast_EF -> arow                               374 22.00%  0.907 -33.5% 67.7%  49.0  -0.006  -0.005  -0.006 |  28.55%  1.116 -33.4%   72% |  1.231
 305 NOT fast_EF -> cash                           560 22.83%  1.009 -32.7% 59.8%  47.8  +0.136  +0.070  +0.096 |  30.49%  1.310 -29.2%   64% |  1.110
 306 NOT fast_EF -> spmo                           560 22.79%  0.986 -31.3% 67.7%  48.8  +0.104  +0.053  +0.073 |  31.06%  1.298 -27.1%   72% |  1.206
 307 NOT fast_EF -> half                           560 22.72%  0.984 -31.3% 63.8%  48.3  +0.102  +0.051  +0.071 |  30.43%  1.267 -27.0%   68% |  1.210
 308 NOT fast_EF -> xlu                            560 23.15%  0.990 -30.7% 67.7%  48.9  +0.117  +0.050  +0.077 |  31.08%  1.276 -26.7%   72% |  1.247
 309 NOT fast_EF -> arow                           560 22.33%  0.918 -33.2% 67.7%  48.9  +0.007  +0.003  +0.005 |  30.28%  1.178 -32.8%   72% |  1.255
 310 px<ema20 -> cash                              699 16.17%  0.807 -30.8% 57.7%  50.6  +0.005  -0.181  -0.106 |  24.60%  1.184 -24.9%   62% |  1.319
 311 px<ema20 -> spmo                              699 19.36%  0.899 -30.3% 67.7%  52.0  +0.056  -0.062  -0.014 |  26.01%  1.182 -24.7%   72% |  1.327
 312 px<ema20 -> half                              699 19.48%  0.904 -30.3% 62.7%  51.8  +0.059  -0.056  -0.009 |  27.55%  1.229 -23.0%   67% |  1.341
 313 px<ema20 -> xlu                               699 21.14%  0.949 -28.6% 67.7%  52.5  +0.083  +0.006  +0.037 |  28.65%  1.244 -22.0%   72% |  1.366
 314 px<ema20 -> arow                              699 22.03%  0.908 -33.4% 67.7%  52.5  -0.001  -0.007  -0.004 |  28.72%  1.131 -33.4%   72% |  1.244
 315 NOT px<ema20 -> cash                          235 21.67%  0.915 -34.3% 64.4%  52.0  -0.054  +0.044  +0.002 |  27.14%  1.090 -30.9%   70% |  1.097
 316 NOT px<ema20 -> spmo                          235 21.80%  0.914 -32.4% 67.7%  52.2  -0.024  +0.021  +0.001 |  28.87%  1.141 -31.6%   72% |  1.166
 317 NOT px<ema20 -> half                          235 22.00%  0.921 -32.3% 66.1%  52.1  -0.019  +0.029  +0.008 |  28.49%  1.127 -31.9%   71% |  1.176
 318 NOT px<ema20 -> xlu                           235 21.94%  0.916 -32.3% 67.7%  52.2  +0.007  +0.001  +0.004 |  29.36%  1.152 -31.9%   72% |  1.198
 319 NOT px<ema20 -> arow                          235 21.81%  0.901 -33.6% 67.7%  52.3  -0.008  -0.015  -0.012 |  29.74%  1.152 -32.7%   72% |  1.243
 320 px<ema50 -> cash                              702 15.67%  0.783 -31.8% 57.7%  50.1  -0.065  -0.173  -0.129 |  22.96%  1.103 -30.2%   62% |  1.219
 321 px<ema50 -> spmo                              702 19.09%  0.886 -30.3% 67.7%  51.5  +0.018  -0.057  -0.027 |  25.00%  1.133 -25.7%   72% |  1.261
 322 px<ema50 -> half                              702 19.22%  0.891 -30.3% 62.7%  51.1  +0.025  -0.054  -0.021 |  26.74%  1.189 -21.8%   67% |  1.292
 323 px<ema50 -> xlu                               702 20.90%  0.938 -28.6% 67.7%  51.9  +0.056  +0.005  +0.025 |  28.06%  1.213 -21.0%   72% |  1.329
 324 px<ema50 -> arow                              702 22.02%  0.908 -33.4% 67.7%  51.9  -0.002  -0.007  -0.005 |  28.62%  1.126 -33.1%   72% |  1.236
 325 NOT px<ema50 -> cash                          232 22.23%  0.936 -33.8% 64.4%  51.5  +0.000  +0.041  +0.023 |  28.74%  1.151 -32.9%   69% |  1.178
 326 NOT px<ema50 -> spmo                          232 22.10%  0.926 -33.3% 67.7%  51.7  +0.005  +0.021  +0.014 |  29.80%  1.179 -32.9%   72% |  1.221
 327 NOT px<ema50 -> half                          232 22.28%  0.932 -33.3% 66.1%  51.5  +0.010  +0.027  +0.019 |  29.31%  1.160 -32.9%   71% |  1.218
 328 NOT px<ema50 -> xlu                           232 22.18%  0.926 -33.3% 67.7%  51.7  +0.029  +0.003  +0.014 |  29.93%  1.177 -32.9%   72% |  1.230
 329 NOT px<ema50 -> arow                          232 21.85%  0.902 -33.5% 67.7%  51.7  -0.009  -0.012  -0.011 |  29.80%  1.156 -32.9%   72% |  1.251
 330 ema20<ema50 -> cash                           481 14.35%  0.687 -38.4% 60.9%  47.6  -0.233  -0.222  -0.225 |  20.57%  0.909 -28.1%   67% |  1.106
 331 ema20<ema50 -> spmo                           481 18.34%  0.821 -34.0% 67.7%  48.6  -0.095  -0.091  -0.092 |  23.88%  1.011 -27.2%   72% |  1.190
 332 ema20<ema50 -> half                           481 18.37%  0.822 -34.0% 64.3%  48.3  -0.093  -0.092  -0.091 |  25.26%  1.054 -26.7%   69% |  1.204
 333 ema20<ema50 -> xlu                            481 19.27%  0.848 -34.1% 67.7%  48.7  -0.050  -0.077  -0.065 |  26.63%  1.095 -25.3%   72% |  1.246
 334 ema20<ema50 -> arow                           481 22.17%  0.913 -33.5% 67.7%  48.8  +0.001  -0.001  -0.000 |  29.03%  1.131 -32.8%   72% |  1.242
 335 NOT ema20<ema50 -> cash                       453 24.34%  1.069 -32.0% 61.2%  47.5  +0.206  +0.127  +0.157 |  31.97%  1.385 -27.9%   65% |  1.282
 336 NOT ema20<ema50 -> spmo                       453 23.57%  1.018 -30.4% 67.7%  48.6  +0.143  +0.082  +0.105 |  31.68%  1.335 -29.2%   72% |  1.287
 337 NOT ema20<ema50 -> half                       453 23.46%  1.014 -30.5% 64.5%  48.2  +0.140  +0.077  +0.101 |  31.16%  1.306 -28.4%   69% |  1.298
 338 NOT ema20<ema50 -> xlu                        453 24.20%  1.027 -30.9% 67.7%  48.8  +0.147  +0.095  +0.115 |  31.78%  1.308 -28.9%   72% |  1.306
 339 NOT ema20<ema50 -> arow                       453 22.39%  0.920 -33.2% 67.7%  48.7  +0.008  +0.006  +0.007 |  30.08%  1.172 -33.1%   72% |  1.245
 340 age>5 -> cash                                 538 18.32%  0.840 -37.5% 60.0%  47.5  -0.028  -0.111  -0.073 |  26.65%  1.127 -26.3%   66% |  1.089
 341 age>5 -> spmo                                 538 20.43%  0.900 -33.6% 67.7%  48.6  +0.008  -0.032  -0.013 |  27.54%  1.139 -29.5%   72% |  1.186
 342 age>5 -> half                                 538 20.46%  0.901 -33.6% 63.9%  48.1  +0.011  -0.032  -0.012 |  28.44%  1.165 -29.4%   69% |  1.195
 343 age>5 -> xlu                                  538 20.85%  0.906 -33.6% 67.7%  48.8  +0.033  -0.039  -0.007 |  29.23%  1.184 -28.8%   72% |  1.184
 344 age>5 -> arow                                 538 22.23%  0.914 -33.6% 67.7%  48.8  +0.002  +0.002  +0.002 |  29.31%  1.141 -32.7%   72% |  1.240
 345 NOT age>5 -> cash                             396 20.22%  0.912 -31.3% 62.1%  47.4  -0.014  +0.016  -0.001 |  25.66%  1.148 -28.4%   65% |  1.296
 346 NOT age>5 -> spmo                             396 21.49%  0.939 -30.1% 67.7%  48.5  +0.035  +0.025  +0.026 |  27.93%  1.198 -28.4%   72% |  1.287
 347 NOT age>5 -> half                             396 21.40%  0.936 -30.1% 64.9%  48.2  +0.032  +0.021  +0.023 |  27.98%  1.191 -25.5%   69% |  1.305
 348 NOT age>5 -> xlu                              396 22.62%  0.969 -30.3% 67.7%  48.7  +0.060  +0.059  +0.057 |  29.10%  1.214 -25.2%   72% |  1.368
 349 NOT age>5 -> arow                             396 22.39%  0.920 -33.2% 67.7%  48.6  +0.008  +0.006  +0.007 |  29.78%  1.162 -33.1%   72% |  1.243
 350 age>10 -> cash                                345 17.27%  0.777 -34.6% 62.8%  47.5  -0.143  -0.135  -0.136 |  24.22%  0.999 -32.9%   69% |  1.087
 351 age>10 -> spmo                                345 19.81%  0.857 -33.6% 67.7%  48.0  -0.063  -0.053  -0.056 |  26.99%  1.083 -32.9%   72% |  1.174
 352 age>10 -> half                                345 19.79%  0.856 -33.6% 65.2%  47.8  -0.062  -0.055  -0.056 |  27.03%  1.083 -32.9%   71% |  1.177
 353 age>10 -> xlu                                 345 20.28%  0.868 -33.6% 67.7%  48.0  -0.034  -0.055  -0.044 |  27.98%  1.110 -32.9%   72% |  1.200
 354 age>10 -> arow                                345 22.17%  0.913 -33.6% 67.7%  48.1  +0.001  -0.001  -0.000 |  29.68%  1.149 -32.9%   72% |  1.244
 355 NOT age>10 -> cash                            589 21.38%  0.992 -29.8% 59.4%  46.2  +0.137  +0.050  +0.080 |  28.29%  1.323 -29.6%   62% |  1.322
 356 NOT age>10 -> spmo                            589 22.21%  0.990 -27.4% 67.7%  47.9  +0.125  +0.050  +0.077 |  28.64%  1.277 -23.2%   72% |  1.314
 357 NOT age>10 -> half                            589 22.07%  0.986 -27.4% 63.6%  47.4  +0.121  +0.045  +0.073 |  29.44%  1.293 -22.2%   67% |  1.337
 358 NOT age>10 -> xlu                             589 23.21%  1.013 -28.6% 67.7%  48.3  +0.140  +0.077  +0.100 |  30.43%  1.304 -21.7%   72% |  1.361
 359 NOT age>10 -> arow                            589 22.51%  0.924 -33.2% 67.7%  48.3  +0.013  +0.009  +0.011 |  29.58%  1.159 -33.1%   72% |  1.244
 360 age>20 -> cash                                137 20.14%  0.857 -34.3% 65.7%  47.4  +0.014  -0.114  -0.056 |  30.06%  1.161 -32.9%   72% |  1.274
 361 age>20 -> spmo                                137 21.20%  0.889 -33.6% 67.7%  47.5  +0.008  -0.050  -0.023 |  29.65%  1.148 -32.9%   72% |  1.258
 362 age>20 -> half                                137 21.20%  0.889 -33.6% 66.7%  47.5  +0.008  -0.050  -0.023 |  29.87%  1.155 -32.9%   72% |  1.261
 363 age>20 -> xlu                                 137 21.06%  0.883 -33.6% 67.7%  47.5  -0.002  -0.053  -0.030 |  29.53%  1.143 -32.9%   72% |  1.251
 364 age>20 -> arow                                137 22.19%  0.913 -33.6% 67.7%  47.6  -0.000  +0.001  +0.000 |  29.54%  1.142 -32.9%   72% |  1.245
 365 NOT age>20 -> cash                            797 18.60%  0.914 -27.5% 56.5%  45.1  -0.039  +0.040  +0.001 |  22.69%  1.140 -27.1%   60% |  1.116
 366 NOT age>20 -> spmo                            797 20.92%  0.964 -27.9% 67.7%  47.2  +0.054  +0.055  +0.051 |  26.17%  1.215 -23.2%   72% |  1.230
 367 NOT age>20 -> half                            797 20.72%  0.956 -28.1% 62.1%  46.6  +0.047  +0.047  +0.044 |  26.65%  1.218 -21.8%   66% |  1.249
 368 NOT age>20 -> xlu                             797 22.49%  1.004 -28.6% 67.7%  47.8  +0.112  +0.082  +0.091 |  28.96%  1.276 -21.7%   72% |  1.313
 369 NOT age>20 -> arow                            797 22.62%  0.927 -33.2% 67.7%  47.8  +0.018  +0.012  +0.015 |  29.88%  1.171 -33.1%   72% |  1.249
 370 volratio>1.0 -> cash                          584 18.38%  0.872 -32.3% 59.2%  48.8  -0.080  -0.006  -0.041 |  23.10%  1.083 -24.4%   63% |  1.272
 371 volratio>1.0 -> spmo                          584 20.51%  0.925 -31.1% 67.7%  49.9  +0.007  +0.019  +0.012 |  25.61%  1.138 -26.3%   72% |  1.310
 372 volratio>1.0 -> half                          584 20.47%  0.924 -31.2% 63.5%  49.6  +0.006  +0.018  +0.011 |  26.66%  1.167 -24.8%   68% |  1.305
 373 volratio>1.0 -> xlu                           584 21.78%  0.957 -30.2% 67.7%  50.2  +0.063  +0.035  +0.045 |  28.67%  1.220 -24.1%   72% |  1.367
 374 volratio>1.0 -> arow                          584 22.11%  0.911 -33.5% 67.7%  50.2  +0.001  -0.004  -0.002 |  29.07%  1.140 -33.5%   72% |  1.253
 375 NOT volratio>1.0 -> cash                      350 19.77%  0.868 -30.1% 62.9%  49.4  +0.025  -0.099  -0.045 |  28.98%  1.178 -27.9%   68% |  1.122
 376 NOT volratio>1.0 -> spmo                      350 21.01%  0.901 -31.8% 67.7%  50.0  +0.026  -0.041  -0.012 |  29.55%  1.185 -30.2%   72% |  1.171
 377 NOT volratio>1.0 -> half                      350 21.09%  0.904 -31.8% 65.3%  49.8  +0.028  -0.038  -0.009 |  29.45%  1.179 -30.4%   70% |  1.201
 378 NOT volratio>1.0 -> xlu                       350 21.44%  0.911 -31.9% 67.7%  50.1  +0.025  -0.022  -0.001 |  29.44%  1.173 -30.1%   72% |  1.191
 379 NOT volratio>1.0 -> arow                      350 22.03%  0.908 -33.6% 67.7%  50.2  -0.003  -0.006  -0.005 |  29.56%  1.148 -32.7%   72% |  1.232
 380 volratio>1.3 -> cash                          177 22.15%  0.941 -33.6% 65.2%  48.6  +0.078  -0.006  +0.028 |  30.64%  1.237 -25.9%   69% |  1.315
 381 volratio>1.3 -> spmo                          177 22.19%  0.935 -33.6% 67.7%  49.2  +0.052  +0.002  +0.022 |  30.05%  1.205 -29.3%   72% |  1.308
 382 volratio>1.3 -> half                          177 22.24%  0.936 -33.6% 66.5%  48.9  +0.054  +0.002  +0.023 |  30.29%  1.209 -28.3%   71% |  1.294
 383 volratio>1.3 -> xlu                           177 22.91%  0.955 -33.6% 67.7%  49.2  +0.068  +0.025  +0.042 |  30.84%  1.220 -27.5%   72% |  1.310
 384 volratio>1.3 -> arow                          177 22.08%  0.910 -33.6% 67.7%  49.1  -0.003  -0.003  -0.003 |  29.45%  1.144 -33.4%   72% |  1.246
 385 NOT volratio>1.3 -> cash                      757 16.33%  0.802 -31.5% 56.9%  47.4  -0.133  -0.093  -0.111 |  21.69%  1.024 -27.5%   63% |  1.062
 386 NOT volratio>1.3 -> spmo                      757 19.60%  0.899 -30.5% 67.7%  48.9  -0.017  -0.012  -0.014 |  25.30%  1.123 -27.1%   72% |  1.164
 387 NOT volratio>1.3 -> half                      757 19.54%  0.897 -30.6% 62.3%  48.4  -0.016  -0.016  -0.016 |  26.05%  1.141 -27.0%   67% |  1.207
 388 NOT volratio>1.3 -> xlu                       757 20.49%  0.918 -29.5% 67.7%  49.3  +0.022  -0.007  +0.005 |  27.45%  1.174 -26.7%   72% |  1.242
 389 NOT volratio>1.3 -> arow                      757 22.40%  0.920 -33.2% 67.7%  49.3  +0.010  +0.005  +0.007 |  29.53%  1.155 -32.8%   72% |  1.241
 390 vol30pct>0.8 -> cash                          288 20.84%  0.911 -36.8% 64.0%  46.2  +0.010  -0.009  -0.002 |  27.96%  1.167 -31.6%   69% |  1.220
 391 vol30pct>0.8 -> spmo                          288 21.66%  0.927 -35.2% 67.7%  47.6  +0.028  +0.006  +0.014 |  28.96%  1.180 -30.3%   72% |  1.269
 392 vol30pct>0.8 -> half                          288 21.64%  0.926 -35.2% 65.8%  47.1  +0.028  +0.005  +0.014 |  29.04%  1.182 -30.5%   70% |  1.254
 393 vol30pct>0.8 -> xlu                           288 21.88%  0.929 -34.4% 67.7%  47.6  +0.041  -0.001  +0.017 |  29.67%  1.193 -30.6%   72% |  1.280
 394 vol30pct>0.8 -> arow                          288 22.25%  0.915 -33.6% 67.7%  47.9  +0.007  -0.001  +0.002 |  29.85%  1.154 -32.6%   72% |  1.251
 395 NOT vol30pct>0.8 -> cash                      646 17.84%  0.845 -31.5% 58.2%  47.0  -0.045  -0.084  -0.068 |  24.65%  1.116 -24.6%   63% |  1.171
 396 NOT vol30pct>0.8 -> spmo                      646 20.38%  0.915 -30.0% 67.7%  47.7  +0.022  -0.011  +0.003 |  26.79%  1.165 -26.0%   72% |  1.212
 397 NOT vol30pct>0.8 -> half                      646 20.23%  0.910 -30.0% 62.9%  47.5  +0.016  -0.016  -0.003 |  27.43%  1.175 -24.6%   68% |  1.250
 398 NOT vol30pct>0.8 -> xlu                       646 21.61%  0.948 -29.5% 67.7%  48.2  +0.055  +0.022  +0.035 |  28.81%  1.209 -24.6%   72% |  1.275
 399 NOT vol30pct>0.8 -> arow                      646 22.46%  0.922 -33.3% 67.7%  47.9  +0.010  +0.009  +0.009 |  29.52%  1.157 -33.4%   72% |  1.241
 400 vol30>25% -> cash                             165 21.16%  0.899 -33.6% 66.0%  46.0  -0.093  +0.049  -0.014 |  25.37%  1.051 -28.2%   70% |  1.120
 401 vol30>25% -> spmo                             165 21.73%  0.913 -33.6% 67.7%  46.9  -0.033  +0.028  +0.000 |  27.51%  1.110 -30.3%   72% |  1.207
 402 vol30>25% -> half                             165 21.75%  0.914 -33.6% 66.8%  46.5  -0.031  +0.028  +0.001 |  27.66%  1.115 -30.5%   71% |  1.199
 403 vol30>25% -> xlu                              165 21.84%  0.914 -33.6% 67.7%  47.0  -0.023  +0.022  +0.001 |  28.04%  1.121 -30.6%   72% |  1.200
 404 vol30>25% -> arow                             165 22.24%  0.915 -33.6% 67.7%  47.1  +0.003  +0.001  +0.002 |  29.70%  1.148 -32.6%   72% |  1.245
 405 NOT vol30>25% -> cash                         769 17.64%  0.864 -29.1% 56.2%  46.1  +0.074  -0.143  -0.049 |  27.25%  1.254 -22.6%   62% |  1.284
 406 NOT vol30>25% -> spmo                         769 20.43%  0.937 -28.0% 67.7%  47.1  +0.091  -0.027  +0.024 |  28.27%  1.247 -26.0%   72% |  1.280
 407 NOT vol30>25% -> half                         769 20.20%  0.929 -28.0% 62.0%  47.0  +0.084  -0.036  +0.016 |  28.84%  1.253 -24.5%   67% |  1.312
 408 NOT vol30>25% -> xlu                          769 21.73%  0.969 -28.5% 67.7%  47.6  +0.128  +0.004  +0.057 |  30.46%  1.291 -23.4%   72% |  1.362
 409 NOT vol30>25% -> arow                         769 22.61%  0.927 -33.2% 67.7%  47.4  +0.015  +0.014  +0.014 |  29.71%  1.165 -33.4%   72% |  1.248
 410 dd252<-5% -> cash                             575 15.98%  0.779 -35.2% 59.8%  49.7  -0.170  -0.101  -0.133 |  20.45%  0.985 -34.3%   64% |  1.151
 411 dd252<-5% -> spmo                             575 19.16%  0.876 -30.0% 67.7%  51.4  -0.039  -0.031  -0.037 |  23.93%  1.079 -31.3%   72% |  1.235
 412 dd252<-5% -> half                             575 19.30%  0.881 -30.2% 63.7%  50.9  -0.033  -0.027  -0.032 |  25.37%  1.125 -27.1%   68% |  1.247
 413 dd252<-5% -> xlu                              575 20.26%  0.904 -29.7% 67.7%  51.7  -0.008  -0.005  -0.008 |  26.41%  1.144 -25.0%   72% |  1.270
 414 dd252<-5% -> arow                             575 21.95%  0.906 -33.5% 67.7%  51.7  -0.005  -0.009  -0.007 |  28.67%  1.126 -33.1%   72% |  1.235
 415 NOT dd252<-5% -> cash                         359 21.97%  0.944 -36.7% 62.4%  51.5  +0.092  -0.018  +0.031 |  31.39%  1.252 -26.0%   67% |  1.234
 416 NOT dd252<-5% -> spmo                         359 22.10%  0.938 -34.6% 67.7%  51.7  +0.056  +0.000  +0.025 |  30.90%  1.227 -29.9%   72% |  1.242
 417 NOT dd252<-5% -> half                         359 22.18%  0.940 -34.6% 65.0%  51.6  +0.059  +0.003  +0.028 |  30.64%  1.214 -29.4%   70% |  1.256
 418 NOT dd252<-5% -> xlu                          359 22.85%  0.958 -33.5% 67.7%  51.7  +0.086  +0.013  +0.045 |  31.60%  1.239 -29.2%   72% |  1.282
 419 NOT dd252<-5% -> arow                         359 21.97%  0.906 -33.4% 67.7%  51.7  -0.007  -0.007  -0.007 |  29.69%  1.155 -33.0%   72% |  1.252
 420 dd252<-10% -> cash                             64 18.37%  0.801 -37.0% 67.0%  47.8  -0.113  -0.110  -0.112 |  25.20%  1.029 -32.9%   71% |  1.132
 421 dd252<-10% -> spmo                             64 20.23%  0.860 -33.8% 67.7%  47.9  -0.052  -0.053  -0.052 |  27.44%  1.095 -32.9%   72% |  1.217
 422 dd252<-10% -> half                             64 20.32%  0.863 -33.6% 67.4%  47.8  -0.048  -0.050  -0.050 |  27.48%  1.096 -32.9%   72% |  1.206
 423 dd252<-10% -> xlu                              64 20.61%  0.871 -33.6% 67.7%  47.9  -0.045  -0.040  -0.042 |  27.73%  1.099 -32.9%   72% |  1.210
 424 dd252<-10% -> arow                             64 22.05%  0.909 -33.6% 67.7%  47.9  -0.004  -0.003  -0.004 |  29.48%  1.141 -32.9%   72% |  1.246
 425 NOT dd252<-10% -> cash                        870 20.20%  0.971 -27.4% 55.2%  46.3  +0.097  +0.033  +0.059 |  27.14%  1.281 -22.6%   60% |  1.268
 426 NOT dd252<-10% -> spmo                        870 21.70%  0.989 -27.4% 67.7%  47.7  +0.107  +0.055  +0.076 |  28.01%  1.260 -23.2%   72% |  1.268
 427 NOT dd252<-10% -> half                        870 21.52%  0.982 -27.4% 61.4%  47.2  +0.103  +0.047  +0.069 |  28.87%  1.275 -21.8%   66% |  1.303
 428 NOT dd252<-10% -> xlu                         870 22.85%  1.014 -28.0% 67.7%  48.2  +0.151  +0.068  +0.101 |  30.58%  1.315 -21.7%   72% |  1.350
 429 NOT dd252<-10% -> arow                        870 22.55%  0.925 -33.2% 67.7%  48.2  +0.013  +0.012  +0.012 |  29.57%  1.162 -33.1%   72% |  1.246
 430 rsi<30 -> cash                                 13 20.61%  0.867 -33.6% 67.5%  47.7  -0.057  -0.037  -0.046 |  27.50%  1.085 -31.2%   72% |  1.207
 431 rsi<30 -> spmo                                 13 21.38%  0.891 -33.6% 67.7%  47.7  -0.027  -0.018  -0.022 |  28.18%  1.105 -32.3%   72% |  1.225
 432 rsi<30 -> half                                 13 21.41%  0.892 -33.6% 67.6%  47.7  -0.026  -0.017  -0.021 |  28.60%  1.118 -32.0%   72% |  1.229
 433 rsi<30 -> xlu                                  13 21.56%  0.896 -33.6% 67.7%  47.7  -0.022  -0.014  -0.017 |  28.80%  1.122 -32.6%   72% |  1.234
 434 rsi<30 -> arow                                 13 22.12%  0.911 -33.6% 67.7%  47.7  -0.002  -0.002  -0.002 |  29.34%  1.136 -33.1%   72% |  1.244
 435 NOT rsi<30 -> cash                            921 18.10%  0.903 -28.5% 54.6%  45.2  +0.044  -0.044  -0.010 |  25.03%  1.231 -23.0%   60% |  1.195
 436 NOT rsi<30 -> spmo                            921 20.70%  0.962 -28.9% 67.7%  47.3  +0.090  +0.022  +0.050 |  27.47%  1.261 -23.9%   72% |  1.267
 437 NOT rsi<30 -> half                            921 20.52%  0.955 -29.2% 61.2%  46.5  +0.087  +0.013  +0.043 |  27.91%  1.261 -22.9%   66% |  1.285
 438 NOT rsi<30 -> xlu                             921 21.97%  0.991 -28.6% 67.7%  47.7  +0.133  +0.041  +0.078 |  29.64%  1.299 -21.7%   72% |  1.330
 439 NOT rsi<30 -> arow                            921 22.66%  0.928 -33.2% 67.7%  47.7  +0.018  +0.014  +0.016 |  30.00%  1.174 -33.0%   72% |  1.248
 440 rsi<40 -> cash                                276 18.55%  0.838 -35.7% 63.7%  51.7  -0.068  -0.076  -0.075 |  25.02%  1.088 -28.1%   68% |  1.260
 441 rsi<40 -> spmo                                276 20.32%  0.887 -33.0% 67.7%  52.0  -0.012  -0.033  -0.026 |  26.53%  1.117 -27.3%   72% |  1.256
 442 rsi<40 -> half                                276 20.48%  0.893 -32.9% 65.7%  51.9  -0.005  -0.027  -0.020 |  27.55%  1.149 -26.4%   70% |  1.285
 443 rsi<40 -> xlu                                 276 21.12%  0.908 -32.2% 67.7%  52.1  +0.005  -0.009  -0.004 |  28.11%  1.156 -25.2%   72% |  1.268
 444 rsi<40 -> arow                                276 21.77%  0.900 -33.6% 67.7%  52.2  -0.011  -0.014  -0.013 |  28.75%  1.123 -33.1%   72% |  1.223
 445 NOT rsi<40 -> cash                            658 19.20%  0.888 -31.0% 58.5%  50.9  -0.001  -0.044  -0.025 |  26.50%  1.159 -24.8%   64% |  1.125
 446 NOT rsi<40 -> spmo                            658 20.80%  0.924 -32.1% 67.7%  52.0  +0.028  -0.003  +0.011 |  28.14%  1.192 -29.3%   72% |  1.218
 447 NOT rsi<40 -> half                            658 20.93%  0.928 -32.1% 63.1%  51.4  +0.033  +0.002  +0.015 |  28.39%  1.190 -28.8%   68% |  1.216
 448 NOT rsi<40 -> xlu                             658 21.89%  0.952 -30.8% 67.7%  52.0  +0.074  +0.014  +0.040 |  29.77%  1.227 -29.1%   72% |  1.282
 449 NOT rsi<40 -> arow                            658 21.97%  0.906 -33.4% 67.7%  52.1  -0.006  -0.008  -0.007 |  29.45%  1.152 -33.1%   72% |  1.263
 450 rsi<50 -> cash                                717 16.30%  0.814 -30.8% 57.5%  49.8  +0.013  -0.176  -0.098 |  24.81%  1.193 -23.8%   62% |  1.244
 451 rsi<50 -> spmo                                717 19.47%  0.904 -30.3% 67.7%  51.3  +0.061  -0.057  -0.008 |  26.22%  1.190 -24.7%   72% |  1.285
 452 rsi<50 -> half                                717 19.55%  0.908 -30.3% 62.6%  51.0  +0.064  -0.053  -0.005 |  27.66%  1.233 -23.0%   67% |  1.305
 453 rsi<50 -> xlu                                 717 21.42%  0.961 -28.6% 67.7%  51.8  +0.099  +0.014  +0.048 |  29.13%  1.261 -22.0%   72% |  1.343
 454 rsi<50 -> arow                                717 22.09%  0.910 -33.4% 67.7%  51.8  +0.000  -0.005  -0.002 |  28.83%  1.134 -33.4%   72% |  1.242
 455 NOT rsi<50 -> cash                            217 21.65%  0.912 -34.3% 64.7%  51.3  -0.059  +0.044  -0.001 |  26.99%  1.085 -30.9%   70% |  1.158
 456 NOT rsi<50 -> spmo                            217 21.81%  0.913 -32.4% 67.7%  51.5  -0.027  +0.021  +0.000 |  28.71%  1.136 -31.6%   72% |  1.201
 457 NOT rsi<50 -> half                            217 21.99%  0.919 -32.3% 66.2%  51.4  -0.022  +0.028  +0.006 |  28.41%  1.124 -31.9%   71% |  1.207
 458 NOT rsi<50 -> xlu                             217 21.72%  0.908 -32.3% 67.7%  51.5  -0.006  -0.003  -0.005 |  28.94%  1.139 -31.9%   72% |  1.218
 459 NOT rsi<50 -> arow                            217 21.87%  0.903 -33.5% 67.7%  51.5  -0.007  -0.012  -0.010 |  29.72%  1.152 -32.7%   72% |  1.245
 460 down>=3 -> cash                               129 19.74%  0.851 -34.2% 65.9%  51.2  -0.089  -0.042  -0.062 |  26.08%  1.055 -33.4%   71% |  1.252
 461 down>=3 -> spmo                               129 20.85%  0.883 -33.6% 67.7%  51.3  -0.042  -0.020  -0.029 |  27.71%  1.101 -33.2%   72% |  1.236
 462 down>=3 -> half                               129 21.01%  0.889 -33.6% 66.8%  51.3  -0.038  -0.014  -0.024 |  27.92%  1.108 -33.1%   71% |  1.254
 463 down>=3 -> xlu                                129 21.27%  0.895 -33.4% 67.7%  51.2  -0.040  -0.001  -0.018 |  27.89%  1.105 -33.0%   72% |  1.233
 464 down>=3 -> arow                               129 21.85%  0.902 -33.6% 67.7%  51.3  -0.008  -0.012  -0.011 |  29.25%  1.135 -33.0%   72% |  1.238
 465 NOT down>=3 -> cash                           805 18.22%  0.887 -31.8% 56.3%  49.3  +0.054  -0.077  -0.025 |  25.84%  1.235 -22.6%   61% |  1.135
 466 NOT down>=3 -> spmo                           805 20.45%  0.938 -32.2% 67.7%  51.2  +0.082  -0.012  +0.026 |  27.33%  1.236 -23.0%   72% |  1.248
 467 NOT down>=3 -> half                           805 20.52%  0.941 -32.2% 62.0%  50.3  +0.085  -0.009  +0.028 |  28.28%  1.256 -21.7%   67% |  1.253
 468 NOT down>=3 -> xlu                            805 21.85%  0.973 -31.2% 67.7%  51.4  +0.138  +0.008  +0.061 |  30.26%  1.302 -20.8%   72% |  1.328
 469 NOT down>=3 -> arow                           805 22.17%  0.912 -33.4% 67.7%  51.2  +0.005  -0.005  -0.000 |  29.41%  1.154 -33.2%   72% |  1.251
 470 down>=5 -> cash                                29 21.74%  0.904 -33.3% 67.3%  47.8  +0.006  -0.020  -0.008 |  29.61%  1.151 -32.9%   72% |  1.234
 471 down>=5 -> spmo                                29 21.95%  0.910 -33.3% 67.7%  47.9  +0.004  -0.008  -0.003 |  30.11%  1.165 -32.9%   72% |  1.230
 472 down>=5 -> half                                29 21.98%  0.911 -33.3% 67.5%  47.8  +0.005  -0.008  -0.002 |  29.65%  1.151 -32.9%   72% |  1.241
 473 down>=5 -> xlu                                 29 22.04%  0.912 -33.3% 67.7%  47.8  +0.003  -0.003  -0.000 |  29.60%  1.148 -32.9%   72% |  1.233
 474 down>=5 -> arow                                29 22.12%  0.911 -33.7% 67.7%  47.9  -0.002  -0.001  -0.002 |  29.78%  1.150 -32.9%   72% |  1.242
 475 NOT down>=5 -> cash                           905 16.97%  0.856 -28.5% 54.9%  45.4  -0.034  -0.068  -0.056 |  23.00%  1.146 -23.0%   60% |  1.165
 476 NOT down>=5 -> spmo                           905 20.10%  0.939 -28.9% 67.7%  47.5  +0.054  +0.009  +0.026 |  25.60%  1.188 -23.2%   72% |  1.262
 477 NOT down>=5 -> half                           905 19.90%  0.932 -29.2% 61.3%  46.8  +0.049  +0.000  +0.019 |  26.82%  1.220 -21.8%   66% |  1.273
 478 NOT down>=5 -> xlu                            905 21.45%  0.971 -28.6% 67.7%  48.1  +0.103  +0.028  +0.058 |  28.82%  1.266 -21.7%   72% |  1.332
 479 NOT down>=5 -> arow                           905 22.58%  0.926 -33.3% 67.7%  48.0  +0.016  +0.011  +0.013 |  29.48%  1.157 -33.1%   72% |  1.251
 480 mom20<0 -> cash                               755 17.38%  0.861 -30.9% 57.0%  48.4  -0.022  -0.067  -0.052 |  23.53%  1.154 -26.1%   61% |  1.242
 481 mom20<0 -> spmo                               755 20.08%  0.930 -30.3% 67.7%  50.3  +0.050  -0.003  +0.017 |  26.43%  1.208 -24.7%   72% |  1.293
 482 mom20<0 -> half                               755 20.08%  0.930 -30.4% 62.3%  49.9  +0.050  -0.003  +0.017 |  27.05%  1.219 -23.0%   67% |  1.301
 483 mom20<0 -> xlu                                755 21.73%  0.974 -28.6% 67.7%  50.8  +0.097  +0.040  +0.062 |  28.84%  1.259 -22.0%   72% |  1.354
 484 mom20<0 -> arow                               755 22.22%  0.914 -33.2% 67.7%  50.9  +0.006  -0.002  +0.002 |  29.47%  1.156 -33.4%   72% |  1.248
 485 NOT mom20<0 -> cash                           179 20.75%  0.880 -34.5% 65.2%  50.3  -0.019  -0.045  -0.033 |  28.61%  1.128 -30.9%   70% |  1.161
 486 NOT mom20<0 -> spmo                           179 21.40%  0.898 -34.0% 67.7%  50.6  -0.007  -0.022  -0.015 |  28.80%  1.132 -31.6%   72% |  1.197
 487 NOT mom20<0 -> half                           179 21.51%  0.902 -34.0% 66.5%  50.4  -0.005  -0.017  -0.011 |  29.18%  1.142 -31.9%   71% |  1.211
 488 NOT mom20<0 -> xlu                            179 21.48%  0.898 -34.1% 67.7%  50.6  +0.000  -0.026  -0.014 |  29.37%  1.147 -31.9%   72% |  1.209
 489 NOT mom20<0 -> arow                           179 21.96%  0.906 -33.5% 67.7%  50.6  -0.004  -0.009  -0.007 |  29.37%  1.139 -32.7%   72% |  1.243
 490 mom20<-5% -> cash                             212 16.69%  0.760 -37.1% 64.8%  50.4  -0.142  -0.159  -0.153 |  23.37%  1.003 -31.4%   69% |  1.194
 491 mom20<-5% -> spmo                             212 19.32%  0.843 -33.7% 67.7%  50.9  -0.058  -0.076  -0.069 |  26.46%  1.092 -30.7%   72% |  1.242
 492 mom20<-5% -> half                             212 19.51%  0.850 -33.6% 66.3%  50.7  -0.050  -0.071  -0.062 |  26.68%  1.098 -29.8%   71% |  1.234
 493 mom20<-5% -> xlu                              212 20.26%  0.871 -32.2% 67.7%  50.9  -0.033  -0.046  -0.041 |  27.35%  1.114 -29.0%   72% |  1.243
 494 mom20<-5% -> arow                             212 21.78%  0.900 -33.6% 67.7%  51.0  -0.010  -0.014  -0.013 |  29.23%  1.137 -33.3%   72% |  1.239
 495 NOT mom20<-5% -> cash                         722 21.34%  0.984 -28.3% 57.3%  50.0  +0.094  +0.056  +0.071 |  28.47%  1.269 -22.6%   62% |  1.192
 496 NOT mom20<-5% -> spmo                         722 22.06%  0.980 -28.8% 67.7%  50.8  +0.088  +0.054  +0.068 |  28.49%  1.232 -25.6%   72% |  1.232
 497 NOT mom20<-5% -> half                         722 22.05%  0.980 -28.8% 62.5%  50.4  +0.088  +0.053  +0.067 |  29.44%  1.253 -25.3%   67% |  1.270
 498 NOT mom20<-5% -> xlu                          722 22.91%  0.997 -29.0% 67.7%  51.0  +0.122  +0.059  +0.085 |  30.73%  1.281 -25.1%   72% |  1.312
 499 NOT mom20<-5% -> arow                         722 22.23%  0.914 -33.3% 67.7%  51.0  +0.004  -0.000  +0.002 |  29.33%  1.150 -32.8%   72% |  1.245
 500 mom60<0 -> cash                               419 16.90%  0.782 -29.6% 61.7%  50.2  -0.128  -0.134  -0.130 |  23.69%  1.024 -21.4%   67% |  1.179
 501 mom60<0 -> spmo                               419 19.55%  0.864 -29.0% 67.7%  50.7  -0.045  -0.052  -0.049 |  26.00%  1.087 -27.0%   72% |  1.188
 502 mom60<0 -> half                               419 19.67%  0.868 -29.0% 64.7%  50.5  -0.041  -0.048  -0.044 |  26.81%  1.111 -26.0%   69% |  1.236
 503 mom60<0 -> xlu                                419 20.38%  0.886 -28.8% 67.7%  50.9  -0.005  -0.043  -0.026 |  28.06%  1.145 -25.1%   72% |  1.229
 504 mom60<0 -> arow                               419 21.94%  0.905 -33.5% 67.7%  50.8  -0.007  -0.007  -0.007 |  28.95%  1.130 -33.3%   72% |  1.226
 505 NOT mom60<0 -> cash                           515 21.19%  0.955 -31.0% 60.5%  49.4  +0.076  +0.023  +0.042 |  28.17%  1.241 -25.7%   65% |  1.211
 506 NOT mom60<0 -> spmo                           515 21.87%  0.958 -32.1% 67.7%  50.6  +0.074  +0.027  +0.045 |  28.97%  1.236 -29.7%   72% |  1.294
 507 NOT mom60<0 -> half                           515 21.89%  0.958 -32.1% 64.1%  50.1  +0.076  +0.026  +0.045 |  29.28%  1.236 -29.3%   69% |  1.268
 508 NOT mom60<0 -> xlu                            515 22.82%  0.981 -31.3% 67.7%  50.6  +0.092  +0.054  +0.068 |  30.02%  1.246 -29.2%   72% |  1.326
 509 NOT mom60<0 -> arow                           515 22.15%  0.912 -33.4% 67.7%  50.8  +0.002  -0.003  -0.001 |  29.63%  1.158 -33.1%   72% |  1.264
 510 range>1.3 -> cash                             301 19.28%  0.869 -34.3% 63.4%  48.8  +0.010  -0.078  -0.044 |  26.89%  1.169 -27.5%   67% |  1.398
 511 range>1.3 -> spmo                             301 20.82%  0.908 -33.8% 67.7%  49.8  +0.034  -0.028  -0.004 |  27.32%  1.156 -26.8%   72% |  1.332
 512 range>1.3 -> half                             301 20.85%  0.910 -33.8% 65.6%  49.6  +0.036  -0.028  -0.003 |  28.51%  1.192 -25.1%   70% |  1.350
 513 range>1.3 -> xlu                              301 21.59%  0.927 -33.8% 67.7%  49.9  +0.043  -0.002  +0.015 |  28.99%  1.195 -25.8%   72% |  1.399
 514 range>1.3 -> arow                             301 22.03%  0.908 -33.7% 67.7%  50.0  -0.004  -0.005  -0.005 |  28.85%  1.127 -33.4%   72% |  1.232
 515 NOT range>1.3 -> cash                         633 18.97%  0.874 -28.6% 58.7%  48.8  -0.065  -0.021  -0.039 |  25.05%  1.092 -28.2%   65% |  0.988
 516 NOT range>1.3 -> spmo                         633 20.81%  0.920 -31.0% 67.7%  49.7  -0.004  +0.015  +0.007 |  27.77%  1.166 -30.3%   72% |  1.141
 517 NOT range>1.3 -> half                         633 20.80%  0.920 -30.9% 63.2%  49.5  -0.003  +0.013  +0.007 |  27.60%  1.153 -30.5%   68% |  1.150
 518 NOT range>1.3 -> xlu                          633 21.69%  0.942 -30.9% 67.7%  50.0  +0.042  +0.019  +0.029 |  29.12%  1.194 -30.6%   72% |  1.152
 519 NOT range>1.3 -> arow                         633 22.26%  0.915 -33.5% 67.7%  49.9  +0.002  +0.004  +0.003 |  29.82%  1.162 -32.6%   72% |  1.253
 520 range>1.6 -> cash                             137 19.67%  0.858 -33.7% 65.8%  47.9  +0.001  -0.091  -0.055 |  27.78%  1.154 -30.9%   69% |  1.340
 521 range>1.6 -> spmo                             137 20.96%  0.894 -33.6% 67.7%  48.6  +0.019  -0.043  -0.019 |  28.49%  1.161 -32.9%   72% |  1.328
 522 range>1.6 -> half                             137 20.98%  0.895 -33.6% 66.8%  48.4  +0.018  -0.041  -0.018 |  28.84%  1.170 -31.5%   71% |  1.307
 523 range>1.6 -> xlu                              137 21.52%  0.909 -33.6% 67.7%  48.7  +0.023  -0.021  -0.004 |  29.21%  1.172 -31.5%   72% |  1.334
 524 range>1.6 -> arow                             137 22.09%  0.910 -33.6% 67.7%  48.8  -0.002  -0.004  -0.003 |  29.31%  1.138 -33.7%   72% |  1.246
 525 NOT range>1.6 -> cash                         797 18.83%  0.898 -27.5% 56.3%  47.1  -0.045  +0.008  -0.014 |  24.56%  1.121 -24.6%   62% |  1.036
 526 NOT range>1.6 -> spmo                         797 20.92%  0.946 -27.4% 67.7%  48.5  +0.024  +0.040  +0.033 |  26.98%  1.176 -24.6%   72% |  1.144
 527 NOT range>1.6 -> half                         797 20.83%  0.943 -27.4% 62.0%  47.9  +0.022  +0.035  +0.030 |  27.50%  1.184 -24.6%   67% |  1.193
 528 NOT range>1.6 -> xlu                          797 21.92%  0.969 -28.6% 67.7%  48.8  +0.071  +0.044  +0.056 |  29.14%  1.228 -24.6%   72% |  1.216
 529 NOT range>1.6 -> arow                         797 22.48%  0.922 -33.2% 67.7%  48.8  +0.010  +0.009  +0.010 |  29.78%  1.165 -32.4%   72% |  1.243
 530 rs_spy20<0 -> cash                            683 14.58%  0.723 -40.7% 58.0%  48.6  -0.188  -0.189  -0.190 |  20.31%  0.966 -28.2%   63% |  1.201
 531 rs_spy20<0 -> spmo                            683 18.56%  0.852 -35.7% 67.7%  50.0  -0.047  -0.069  -0.061 |  24.36%  1.085 -24.6%   72% |  1.238
 532 rs_spy20<0 -> half                            683 18.59%  0.853 -35.6% 62.8%  49.6  -0.046  -0.067  -0.059 |  25.29%  1.110 -24.6%   67% |  1.266
 533 rs_spy20<0 -> xlu                             683 20.27%  0.905 -33.2% 67.7%  50.4  +0.037  -0.038  -0.007 |  27.86%  1.191 -24.6%   72% |  1.319
 534 rs_spy20<0 -> arow                            683 22.17%  0.913 -33.4% 67.7%  50.4  +0.004  -0.003  -0.000 |  29.24%  1.146 -32.9%   72% |  1.245
 535 NOT rs_spy20<0 -> cash                        251 23.73%  1.005 -39.5% 64.2%  49.7  +0.126  +0.068  +0.093 |  32.05%  1.287 -33.6%   69% |  1.188
 536 NOT rs_spy20<0 -> spmo                        251 22.98%  0.969 -36.5% 67.7%  50.2  +0.078  +0.041  +0.056 |  30.94%  1.237 -33.7%   72% |  1.240
 537 NOT rs_spy20<0 -> half                        251 23.08%  0.972 -36.6% 66.0%  50.1  +0.080  +0.045  +0.060 |  31.01%  1.235 -32.9%   71% |  1.237
 538 NOT rs_spy20<0 -> xlu                         251 22.98%  0.962 -35.7% 67.7%  50.2  +0.051  +0.048  +0.049 |  30.32%  1.202 -32.8%   72% |  1.237
 539 NOT rs_spy20<0 -> arow                        251 22.03%  0.908 -33.4% 67.7%  50.2  -0.001  -0.007  -0.005 |  29.61%  1.149 -33.4%   72% |  1.244
 540 rs_spy20<-2% -> cash                          298 19.49%  0.854 -33.6% 63.5%  49.0  -0.170  +0.028  -0.058 |  22.70%  0.975 -28.6%   68% |  1.127
 541 rs_spy20<-2% -> spmo                          298 20.86%  0.893 -33.6% 67.7%  49.8  -0.069  +0.019  -0.020 |  25.72%  1.063 -31.1%   72% |  1.192
 542 rs_spy20<-2% -> half                          298 20.92%  0.895 -33.6% 65.6%  49.6  -0.066  +0.021  -0.018 |  26.30%  1.081 -30.7%   70% |  1.201
 543 rs_spy20<-2% -> xlu                           298 21.72%  0.919 -33.6% 67.7%  49.9  -0.030  +0.035  +0.006 |  27.50%  1.117 -31.4%   72% |  1.236
 544 rs_spy20<-2% -> arow                          298 22.03%  0.908 -33.6% 67.7%  50.0  -0.004  -0.006  -0.005 |  29.26%  1.136 -33.2%   72% |  1.243
 545 NOT rs_spy20<-2% -> cash                      636 18.79%  0.893 -32.6% 58.6%  48.5  +0.135  -0.136  -0.020 |  29.42%  1.311 -22.4%   64% |  1.272
 546 NOT rs_spy20<-2% -> spmo                      636 20.80%  0.939 -28.1% 67.7%  49.9  +0.108  -0.036  +0.026 |  29.49%  1.274 -25.4%   72% |  1.291
 547 NOT rs_spy20<-2% -> half                      636 20.76%  0.937 -28.1% 63.2%  49.5  +0.108  -0.037  +0.025 |  29.90%  1.274 -24.5%   68% |  1.307
 548 NOT rs_spy20<-2% -> xlu                       636 21.61%  0.953 -28.1% 67.7%  50.1  +0.122  -0.019  +0.041 |  30.71%  1.281 -22.7%   72% |  1.319
 549 NOT rs_spy20<-2% -> arow                      636 22.33%  0.917 -33.3% 67.7%  50.0  +0.004  +0.005  +0.005 |  29.55%  1.158 -33.1%   72% |  1.245
 550 tb60>0 -> cash                                455 20.78%  0.926 -29.6% 61.2%  48.4  +0.040  -0.008  +0.013 |  28.53%  1.202 -24.7%   66% |  1.228
 551 tb60>0 -> spmo                                455 21.67%  0.940 -29.8% 67.7%  49.2  +0.047  +0.012  +0.027 |  28.38%  1.178 -24.7%   72% |  1.228
 552 tb60>0 -> half                                455 21.69%  0.941 -29.8% 64.4%  49.0  +0.048  +0.013  +0.028 |  29.38%  1.204 -24.7%   69% |  1.269
 553 tb60>0 -> xlu                                 455 22.00%  0.944 -29.6% 67.7%  49.5  +0.058  +0.012  +0.031 |  29.81%  1.211 -24.7%   72% |  1.264
 554 tb60>0 -> arow                                455 22.24%  0.915 -33.2% 67.7%  49.4  +0.008  -0.002  +0.002 |  29.47%  1.150 -33.1%   72% |  1.242
 555 NOT tb60>0 -> cash                            479 17.63%  0.820 -33.6% 61.0%  47.6  -0.078  -0.099  -0.092 |  24.02%  1.076 -32.9%   65% |  1.164
 556 NOT tb60>0 -> spmo                            479 20.10%  0.892 -33.6% 67.7%  49.0  -0.000  -0.033  -0.020 |  27.26%  1.163 -32.9%   72% |  1.254
 557 NOT tb60>0 -> half                            479 20.08%  0.892 -33.6% 64.4%  48.6  -0.005  -0.031  -0.021 |  27.06%  1.150 -32.9%   69% |  1.235
 558 NOT tb60>0 -> xlu                             479 21.38%  0.929 -33.6% 67.7%  49.1  +0.037  +0.003  +0.016 |  28.61%  1.188 -32.9%   72% |  1.291
 559 NOT tb60>0 -> arow                            479 22.22%  0.914 -33.6% 67.7%  49.3  +0.007  -0.003  +0.001 |  29.81%  1.159 -32.9%   72% |  1.251
 560 tb60<-25bp -> cash                            120 21.09%  0.896 -33.6% 66.1%  46.9  -0.027  -0.007  -0.017 |  27.57%  1.122 -32.9%   70% |  1.192
 561 tb60<-25bp -> spmo                            120 21.71%  0.911 -33.6% 67.7%  47.4  -0.000  +0.000  -0.001 |  28.37%  1.140 -32.9%   72% |  1.208
 562 tb60<-25bp -> half                            120 21.69%  0.911 -33.6% 66.9%  47.3  -0.001  -0.000  -0.002 |  28.72%  1.147 -32.9%   71% |  1.231
 563 tb60<-25bp -> xlu                             120 21.98%  0.918 -33.6% 67.7%  47.4  +0.013  +0.002  +0.005 |  29.30%  1.160 -32.9%   72% |  1.221
 564 tb60<-25bp -> arow                            120 22.21%  0.914 -33.6% 67.7%  47.5  +0.003  +0.000  +0.001 |  29.51%  1.145 -32.9%   72% |  1.232
 565 NOT tb60<-25bp -> cash                        814 17.66%  0.866 -30.5% 56.0%  45.6  -0.004  -0.079  -0.047 |  24.96%  1.168 -23.8%   62% |  1.205
 566 NOT tb60<-25bp -> spmo                        814 20.40%  0.937 -30.3% 67.7%  47.2  +0.053  +0.003  +0.024 |  27.30%  1.209 -25.1%   72% |  1.281
 567 NOT tb60<-25bp -> half                        814 20.23%  0.931 -30.3% 61.9%  46.8  +0.049  -0.005  +0.018 |  27.70%  1.214 -24.1%   67% |  1.278
 568 NOT tb60<-25bp -> xlu                         814 21.56%  0.964 -30.0% 67.7%  47.8  +0.088  +0.025  +0.051 |  29.13%  1.247 -25.5%   72% |  1.340
 569 NOT tb60<-25bp -> arow                        814 22.58%  0.926 -33.2% 67.7%  47.7  +0.012  +0.014  +0.013 |  29.76%  1.163 -33.1%   72% |  1.260
 570 vix>20 -> cash                                326 18.01%  0.825 -36.4% 63.3%  49.0  -0.188  -0.008  -0.087 |  21.20%  0.961 -35.2%   68% |  1.090
 571 vix>20 -> spmo                                326 20.14%  0.887 -32.2% 67.7%  50.2  -0.068  +0.008  -0.026 |  25.09%  1.076 -29.9%   72% |  1.195
 572 vix>20 -> half                                326 20.24%  0.890 -32.1% 65.5%  49.7  -0.060  +0.009  -0.022 |  25.63%  1.091 -29.7%   70% |  1.196
 573 vix>20 -> xlu                                 326 20.89%  0.905 -32.1% 67.7%  50.3  -0.049  +0.026  -0.008 |  26.22%  1.099 -28.6%   72% |  1.224
 574 vix>20 -> arow                                326 21.98%  0.907 -33.8% 67.7%  50.4  -0.009  -0.004  -0.006 |  28.98%  1.131 -33.0%   72% |  1.237
 575 NOT vix>20 -> cash                            608 20.13%  0.913 -35.6% 58.8%  49.8  +0.120  -0.092  +0.000 |  30.52%  1.286 -24.6%   64% |  1.296
 576 NOT vix>20 -> spmo                            608 21.37%  0.937 -31.5% 67.7%  50.3  +0.085  -0.022  +0.025 |  29.65%  1.233 -26.7%   72% |  1.280
 577 NOT vix>20 -> half                            608 21.36%  0.937 -31.6% 63.3%  50.1  +0.088  -0.024  +0.025 |  30.37%  1.248 -25.5%   68% |  1.305
 578 NOT vix>20 -> xlu                             608 22.34%  0.963 -31.0% 67.7%  50.5  +0.129  -0.009  +0.050 |  31.76%  1.285 -25.7%   72% |  1.328
 579 NOT vix>20 -> arow                            608 22.20%  0.913 -33.6% 67.7%  50.5  -0.005  +0.005  +0.001 |  29.27%  1.145 -33.4%   72% |  1.248
 580 vix>30 -> cash                                 38 21.11%  0.890 -34.6% 67.3%  47.3  -0.019  -0.026  -0.023 |  28.45%  1.128 -32.9%   72% |  1.254
 581 vix>30 -> spmo                                 38 21.66%  0.905 -33.6% 67.7%  47.4  -0.004  -0.010  -0.008 |  29.03%  1.141 -32.9%   72% |  1.265
 582 vix>30 -> half                                 38 21.69%  0.906 -33.6% 67.5%  47.4  -0.003  -0.010  -0.007 |  29.12%  1.144 -32.9%   72% |  1.257
 583 vix>30 -> xlu                                  38 21.73%  0.905 -33.6% 67.7%  47.4  -0.007  -0.008  -0.008 |  29.10%  1.139 -32.9%   72% |  1.249
 584 vix>30 -> arow                                 38 22.16%  0.912 -33.6% 67.7%  47.4  +0.001  -0.002  -0.000 |  29.66%  1.147 -32.9%   72% |  1.245
 585 NOT vix>30 -> cash                            896 17.64%  0.875 -27.5% 54.9%  45.4  -0.004  -0.060  -0.038 |  24.21%  1.174 -22.6%   60% |  1.139
 586 NOT vix>30 -> spmo                            896 20.45%  0.946 -27.4% 67.7%  47.2  +0.063  +0.013  +0.033 |  26.75%  1.217 -23.2%   72% |  1.221
 587 NOT vix>30 -> half                            896 20.25%  0.938 -27.4% 61.3%  46.6  +0.056  +0.005  +0.026 |  27.38%  1.226 -21.8%   66% |  1.252
 588 NOT vix>30 -> xlu                             896 21.82%  0.980 -28.6% 67.7%  47.7  +0.114  +0.036  +0.067 |  29.38%  1.277 -23.2%   72% |  1.312
 589 NOT vix>30 -> arow                            896 22.62%  0.927 -33.2% 67.7%  47.8  +0.016  +0.013  +0.014 |  29.74%  1.166 -33.1%   72% |  1.249
 590 vixpct>0.8 -> cash                            285 20.56%  0.915 -31.8% 63.8%  48.1  +0.063  -0.040  +0.002 |  28.83%  1.227 -28.5%   68% |  1.209
 591 vixpct>0.8 -> spmo                            285 21.48%  0.931 -30.9% 67.7%  49.1  +0.057  -0.007  +0.019 |  29.22%  1.212 -29.3%   72% |  1.240
 592 vixpct>0.8 -> half                            285 21.54%  0.933 -31.0% 65.8%  48.8  +0.062  -0.007  +0.021 |  29.54%  1.220 -28.3%   70% |  1.254
 593 vixpct>0.8 -> xlu                             285 22.10%  0.944 -29.3% 67.7%  49.3  +0.061  +0.012  +0.031 |  29.79%  1.215 -27.5%   72% |  1.267
 594 vixpct>0.8 -> arow                            285 22.11%  0.911 -33.7% 67.7%  49.3  -0.002  -0.002  -0.002 |  29.33%  1.141 -33.4%   72% |  1.232
 595 NOT vixpct>0.8 -> cash                        649 17.80%  0.830 -30.9% 58.3%  48.3  -0.116  -0.057  -0.083 |  23.26%  1.036 -25.6%   63% |  1.180
 596 NOT vixpct>0.8 -> spmo                        649 20.25%  0.900 -31.0% 67.7%  49.1  -0.025  -0.004  -0.013 |  25.98%  1.112 -27.1%   72% |  1.239
 597 NOT vixpct>0.8 -> half                        649 20.21%  0.898 -30.9% 63.0%  48.8  -0.026  -0.005  -0.014 |  26.70%  1.128 -27.0%   68% |  1.250
 598 NOT vixpct>0.8 -> xlu                         649 21.26%  0.928 -29.9% 67.7%  49.4  +0.026  +0.007  +0.015 |  28.39%  1.176 -26.7%   72% |  1.287
 599 NOT vixpct>0.8 -> arow                        649 22.32%  0.917 -33.6% 67.7%  49.4  +0.002  +0.006  +0.004 |  29.43%  1.152 -32.8%   72% |  1.259
 600 vix5>0 -> cash                                489 21.70%  0.982 -27.8% 60.7%  52.4  +0.131  +0.029  +0.070 |  29.75%  1.309 -25.4%   65% |  1.299
 601 vix5>0 -> spmo                                489 21.98%  0.967 -28.4% 67.7%  53.5  +0.097  +0.026  +0.055 |  30.22%  1.282 -26.9%   72% |  1.316
 602 vix5>0 -> half                                489 22.20%  0.975 -28.4% 64.2%  53.2  +0.106  +0.034  +0.063 |  30.10%  1.273 -26.2%   69% |  1.311
 603 vix5>0 -> xlu                                 489 22.61%  0.978 -29.2% 67.7%  53.7  +0.088  +0.051  +0.065 |  29.90%  1.248 -25.3%   72% |  1.330
 604 vix5>0 -> arow                                489 21.80%  0.901 -33.4% 67.7%  53.7  -0.007  -0.015  -0.012 |  29.50%  1.151 -33.0%   72% |  1.249
 605 NOT vix5>0 -> cash                            445 15.87%  0.739 -35.3% 61.4%  53.2  -0.191  -0.161  -0.173 |  21.76%  0.950 -25.6%   66% |  1.086
 606 NOT vix5>0 -> spmo                            445 18.91%  0.837 -33.7% 67.7%  53.6  -0.081  -0.073  -0.076 |  24.38%  1.030 -29.6%   72% |  1.156
 607 NOT vix5>0 -> half                            445 19.12%  0.844 -33.7% 64.6%  53.4  -0.074  -0.065  -0.068 |  25.87%  1.074 -29.0%   69% |  1.190
 608 NOT vix5>0 -> xlu                             445 20.32%  0.881 -32.6% 67.7%  53.6  -0.009  -0.050  -0.032 |  27.99%  1.138 -28.9%   72% |  1.220
 609 NOT vix5>0 -> arow                            445 21.74%  0.899 -33.4% 67.7%  53.7  -0.011  -0.017  -0.014 |  28.68%  1.124 -33.1%   72% |  1.232
 610 (px<sma20 AND slope50_10<0) -> cash           269 17.39%  0.785 -29.4% 63.8%  50.2  -0.046  -0.191  -0.127 |  26.71%  1.107 -27.7%   68% |  1.162
 611 (px<sma20 AND slope50_10<0) -> spmo           269 19.72%  0.858 -30.7% 67.7%  50.6  -0.010  -0.090  -0.055 |  27.10%  1.108 -30.8%   72% |  1.196
 612 (px<sma20 AND slope50_10<0) -> half           269 19.87%  0.863 -30.6% 65.8%  50.5  -0.006  -0.083  -0.050 |  28.33%  1.145 -30.1%   70% |  1.220
 613 (px<sma20 AND slope50_10<0) -> xlu            269 20.28%  0.873 -30.4% 67.7%  50.7  -0.012  -0.061  -0.040 |  28.20%  1.136 -28.9%   72% |  1.199
 614 (px<sma20 AND slope50_10<0) -> arow           269 21.86%  0.903 -33.6% 67.7%  50.6  -0.006  -0.013  -0.010 |  28.90%  1.127 -33.1%   72% |  1.234
 615 (px<sma20 OR slope50_10<0) -> cash            854 16.44%  0.835 -32.2% 55.5%  46.3  -0.024  -0.112  -0.078 |  23.24%  1.156 -24.3%   60% |  1.201
 616 (px<sma20 OR slope50_10<0) -> spmo            854 19.78%  0.927 -30.9% 67.7%  48.2  +0.057  -0.013  +0.015 |  26.13%  1.208 -23.2%   72% |  1.270
 617 (px<sma20 OR slope50_10<0) -> half            854 19.65%  0.923 -31.1% 61.6%  47.7  +0.053  -0.019  +0.010 |  26.92%  1.224 -21.8%   66% |  1.289
 618 (px<sma20 OR slope50_10<0) -> xlu             854 21.23%  0.963 -29.7% 67.7%  48.8  +0.104  +0.014  +0.050 |  28.85%  1.267 -21.7%   72% |  1.337
 619 (px<sma20 OR slope50_10<0) -> arow            854 22.52%  0.924 -33.2% 67.7%  48.8  +0.014  +0.009  +0.011 |  29.56%  1.160 -33.1%   72% |  1.247
 620 (px<sma20 AND sma20<sma50) -> cash            380 18.20%  0.823 -31.4% 62.2%  50.9  -0.026  -0.140  -0.090 |  26.99%  1.128 -25.7%   67% |  1.213
 621 (px<sma20 AND sma20<sma50) -> spmo            380 20.12%  0.878 -30.7% 67.7%  51.4  +0.001  -0.062  -0.034 |  27.32%  1.125 -29.9%   72% |  1.251
 622 (px<sma20 AND sma20<sma50) -> half            380 20.34%  0.886 -30.6% 65.0%  51.4  +0.008  -0.054  -0.026 |  28.54%  1.161 -29.2%   70% |  1.262
 623 (px<sma20 AND sma20<sma50) -> xlu             380 21.34%  0.915 -29.2% 67.7%  51.7  +0.032  -0.020  +0.003 |  29.38%  1.182 -27.8%   72% |  1.251
 624 (px<sma20 AND sma20<sma50) -> arow            380 21.79%  0.901 -33.4% 67.7%  51.6  -0.008  -0.015  -0.012 |  28.87%  1.129 -33.1%   72% |  1.251
 625 (px<sma20 OR sma20<sma50) -> cash             926 17.16%  0.872 -28.5% 54.5%  44.8  -0.003  -0.064  -0.041 |  23.52%  1.181 -23.0%   60% |  1.160
 626 (px<sma20 OR sma20<sma50) -> spmo             926 20.25%  0.950 -28.9% 67.7%  47.1  +0.072  +0.015  +0.038 |  26.39%  1.228 -23.2%   72% |  1.246
 627 (px<sma20 OR sma20<sma50) -> half             926 20.04%  0.942 -29.2% 61.1%  46.5  +0.065  +0.007  +0.030 |  27.08%  1.239 -21.8%   66% |  1.271
 628 (px<sma20 OR sma20<sma50) -> xlu              926 21.62%  0.981 -28.6% 67.7%  47.6  +0.117  +0.037  +0.069 |  29.05%  1.282 -21.7%   72% |  1.321
 629 (px<sma20 OR sma20<sma50) -> arow             926 22.67%  0.929 -33.2% 67.7%  47.7  +0.017  +0.015  +0.016 |  29.75%  1.167 -33.1%   72% |  1.246
 630 (px<sma20 AND fast_CDEF) -> cash              675 17.00%  0.839 -31.0% 58.0%  48.6  -0.000  -0.120  -0.074 |  24.38%  1.179 -27.1%   62% |  1.200
 631 (px<sma20 AND fast_CDEF) -> spmo              675 19.86%  0.916 -30.3% 67.7%  50.2  +0.057  -0.031  +0.004 |  26.40%  1.201 -26.0%   72% |  1.233
 632 (px<sma20 AND fast_CDEF) -> half              675 19.88%  0.917 -30.4% 62.9%  49.9  +0.058  -0.030  +0.005 |  27.45%  1.228 -24.5%   67% |  1.278
 633 (px<sma20 AND fast_CDEF) -> xlu               675 21.66%  0.967 -29.1% 67.7%  50.7  +0.096  +0.028  +0.054 |  29.00%  1.259 -23.4%   72% |  1.304
 634 (px<sma20 AND fast_CDEF) -> arow              675 22.17%  0.913 -33.4% 67.7%  50.7  +0.003  -0.002  +0.000 |  29.09%  1.144 -33.4%   72% |  1.226
 635 (px<sma20 OR fast_CDEF) -> cash               832 16.15%  0.822 -31.4% 55.8%  46.1  +0.028  -0.172  -0.090 |  24.53%  1.212 -25.6%   60% |  1.240
 636 (px<sma20 OR fast_CDEF) -> spmo               832 19.61%  0.921 -30.6% 67.7%  48.0  +0.081  -0.043  +0.008 |  27.34%  1.256 -23.2%   72% |  1.286
 637 (px<sma20 OR fast_CDEF) -> half               832 19.49%  0.916 -30.6% 61.8%  47.5  +0.077  -0.048  +0.003 |  27.58%  1.250 -21.8%   66% |  1.306
 638 (px<sma20 OR fast_CDEF) -> xlu                832 21.39%  0.969 -29.5% 67.7%  48.6  +0.116  +0.016  +0.056 |  29.19%  1.280 -21.7%   72% |  1.337
 639 (px<sma20 OR fast_CDEF) -> arow               832 22.48%  0.923 -33.2% 67.7%  48.5  +0.013  +0.008  +0.010 |  29.85%  1.169 -33.1%   72% |  1.245
 640 (px<sma20 AND age>10) -> cash                 179 17.02%  0.757 -36.9% 65.1%  50.2  -0.111  -0.193  -0.155 |  25.53%  1.031 -32.9%   71% |  1.169
 641 (px<sma20 AND age>10) -> spmo                 179 19.47%  0.837 -33.6% 67.7%  50.2  -0.055  -0.095  -0.076 |  27.34%  1.086 -32.9%   72% |  1.210
 642 (px<sma20 AND age>10) -> half                 179 19.62%  0.842 -33.6% 66.4%  50.2  -0.051  -0.089  -0.071 |  27.63%  1.094 -32.9%   71% |  1.215
 643 (px<sma20 AND age>10) -> xlu                  179 20.11%  0.855 -33.6% 67.7%  50.2  -0.037  -0.074  -0.057 |  28.10%  1.107 -32.9%   72% |  1.218
 644 (px<sma20 AND age>10) -> arow                 179 21.84%  0.902 -33.6% 67.7%  50.2  -0.007  -0.014  -0.011 |  29.31%  1.137 -32.9%   72% |  1.242
 645 (px<sma20 OR age>10) -> cash                  859 17.14%  0.865 -28.5% 55.4%  46.2  -0.021  -0.064  -0.048 |  23.36%  1.160 -27.0%   61% |  1.200
 646 (px<sma20 OR age>10) -> spmo                  859 20.14%  0.941 -28.9% 67.7%  48.2  +0.057  +0.011  +0.029 |  26.46%  1.219 -26.0%   72% |  1.278
 647 (px<sma20 OR age>10) -> half                  859 20.00%  0.936 -29.2% 61.6%  47.6  +0.053  +0.005  +0.024 |  26.97%  1.225 -24.5%   66% |  1.287
 648 (px<sma20 OR age>10) -> xlu                   859 21.75%  0.983 -28.0% 67.7%  48.8  +0.110  +0.043  +0.070 |  29.08%  1.275 -23.4%   72% |  1.333
 649 (px<sma20 OR age>10) -> arow                  859 22.49%  0.923 -33.2% 67.7%  48.8  +0.011  +0.010  +0.010 |  29.62%  1.162 -33.4%   72% |  1.251
 650 (px<sma20 AND volratio>1.0) -> cash           468 18.93%  0.881 -32.3% 60.9%  49.6  -0.046  -0.015  -0.031 |  24.42%  1.117 -25.3%   65% |  1.360
 651 (px<sma20 AND volratio>1.0) -> spmo           468 20.70%  0.923 -31.1% 67.7%  50.5  +0.016  +0.010  +0.010 |  26.14%  1.144 -26.4%   72% |  1.352
 652 (px<sma20 AND volratio>1.0) -> half           468 20.73%  0.924 -31.2% 64.3%  50.2  +0.018  +0.011  +0.012 |  27.30%  1.177 -25.0%   69% |  1.344
 653 (px<sma20 AND volratio>1.0) -> xlu            468 22.23%  0.966 -30.2% 67.7%  50.7  +0.076  +0.040  +0.054 |  29.37%  1.234 -24.3%   72% |  1.383
 654 (px<sma20 AND volratio>1.0) -> arow           468 22.00%  0.907 -33.5% 67.7%  50.7  -0.005  -0.006  -0.005 |  28.82%  1.131 -33.5%   72% |  1.252
 655 (px<sma20 OR volratio>1.0) -> cash            809 16.45%  0.831 -31.0% 56.1%  47.1  -0.020  -0.120  -0.081 |  23.38%  1.162 -25.7%   60% |  1.200
 656 (px<sma20 OR volratio>1.0) -> spmo            809 19.72%  0.922 -30.3% 67.7%  49.1  +0.058  -0.022  +0.009 |  26.34%  1.216 -25.9%   72% |  1.273
 657 (px<sma20 OR volratio>1.0) -> half            809 19.62%  0.919 -30.4% 61.9%  48.5  +0.054  -0.025  +0.006 |  26.97%  1.226 -24.2%   66% |  1.288
 658 (px<sma20 OR volratio>1.0) -> xlu             809 21.18%  0.959 -29.1% 67.7%  49.6  +0.092  +0.016  +0.046 |  28.53%  1.255 -23.2%   72% |  1.335
 659 (px<sma20 OR volratio>1.0) -> arow            809 22.38%  0.919 -33.2% 67.7%  49.6  +0.011  +0.004  +0.007 |  29.56%  1.160 -33.4%   72% |  1.249
 660 (px<sma20 AND dd252<-5%) -> cash              480 16.47%  0.790 -37.9% 61.0%  51.1  -0.117  -0.120  -0.123 |  22.15%  1.040 -36.8%   65% |  1.187
 661 (px<sma20 AND dd252<-5%) -> spmo              480 19.32%  0.875 -30.3% 67.7%  52.4  -0.020  -0.047  -0.038 |  24.98%  1.109 -32.5%   72% |  1.256
 662 (px<sma20 AND dd252<-5%) -> half              480 19.53%  0.883 -30.4% 64.3%  52.0  -0.011  -0.040  -0.030 |  26.22%  1.146 -28.8%   69% |  1.263
 663 (px<sma20 AND dd252<-5%) -> xlu               480 20.37%  0.902 -29.7% 67.7%  52.6  +0.001  -0.015  -0.011 |  26.90%  1.153 -27.5%   72% |  1.273
 664 (px<sma20 AND dd252<-5%) -> arow              480 21.78%  0.900 -33.6% 67.7%  52.6  -0.010  -0.015  -0.012 |  28.63%  1.124 -33.4%   72% |  1.236
 665 (px<sma20 OR dd252<-5%) -> cash               788 16.39%  0.827 -30.5% 56.6%  47.6  -0.042  -0.112  -0.086 |  22.91%  1.137 -27.1%   61% |  1.254
 666 (px<sma20 OR dd252<-5%) -> spmo               788 19.64%  0.917 -30.0% 67.7%  49.6  +0.044  -0.020  +0.005 |  25.72%  1.188 -23.2%   72% |  1.293
 667 (px<sma20 OR dd252<-5%) -> half               788 19.61%  0.916 -30.2% 62.2%  49.0  +0.043  -0.022  +0.004 |  26.74%  1.213 -21.8%   67% |  1.312
 668 (px<sma20 OR dd252<-5%) -> xlu                788 21.47%  0.969 -28.6% 67.7%  50.1  +0.096  +0.030  +0.056 |  28.70%  1.259 -21.7%   72% |  1.349
 669 (px<sma20 OR dd252<-5%) -> arow               788 22.32%  0.918 -33.2% 67.7%  50.1  +0.008  +0.002  +0.005 |  29.29%  1.151 -33.1%   72% |  1.245
 670 (px<sma20 AND vixpct>0.8) -> cash             236 20.39%  0.904 -33.2% 64.5%  48.6  +0.037  -0.038  -0.009 |  28.12%  1.199 -29.4%   68% |  1.207
 671 (px<sma20 AND vixpct>0.8) -> spmo             236 21.34%  0.923 -31.6% 67.7%  49.4  +0.042  -0.010  +0.010 |  28.81%  1.196 -29.3%   72% |  1.241
 672 (px<sma20 AND vixpct>0.8) -> half             236 21.44%  0.926 -31.7% 66.1%  49.2  +0.048  -0.008  +0.014 |  29.17%  1.205 -28.3%   70% |  1.253
 673 (px<sma20 AND vixpct>0.8) -> xlu              236 22.09%  0.941 -30.5% 67.7%  49.6  +0.045  +0.019  +0.028 |  29.34%  1.198 -27.5%   72% |  1.262
 674 (px<sma20 AND vixpct>0.8) -> arow             236 22.02%  0.908 -33.7% 67.7%  49.6  -0.004  -0.005  -0.005 |  29.25%  1.138 -33.4%   72% |  1.233
 675 (px<sma20 OR vixpct>0.8) -> cash              742 17.05%  0.849 -29.5% 57.1%  48.4  +0.042  -0.135  -0.064 |  25.33%  1.225 -24.3%   62% |  1.293
 676 (px<sma20 OR vixpct>0.8) -> spmo              742 19.93%  0.925 -29.6% 67.7%  50.2  +0.080  -0.034  +0.013 |  27.19%  1.237 -26.0%   72% |  1.314
 677 (px<sma20 OR vixpct>0.8) -> half              742 19.93%  0.925 -29.7% 62.4%  49.8  +0.080  -0.034  +0.013 |  27.96%  1.252 -24.5%   67% |  1.329
 678 (px<sma20 OR vixpct>0.8) -> xlu               742 21.59%  0.969 -28.0% 67.7%  50.7  +0.122  +0.012  +0.057 |  29.64%  1.286 -23.4%   72% |  1.357
 679 (px<sma20 OR vixpct>0.8) -> arow              742 22.24%  0.915 -33.2% 67.7%  50.7  +0.006  -0.000  +0.002 |  29.32%  1.152 -33.4%   72% |  1.246
 680 (slope50_10<0 AND sma20<sma50) -> cash        395 17.32%  0.789 -36.2% 62.0%  47.7  -0.088  -0.155  -0.124 |  25.31%  1.061 -22.7%   68% |  1.095
 681 (slope50_10<0 AND sma20<sma50) -> spmo        395 19.85%  0.867 -33.6% 67.7%  48.4  -0.027  -0.061  -0.045 |  26.36%  1.084 -28.2%   72% |  1.168
 682 (slope50_10<0 AND sma20<sma50) -> half        395 19.86%  0.867 -33.6% 64.9%  48.1  -0.026  -0.062  -0.045 |  27.65%  1.124 -27.7%   70% |  1.190
 683 (slope50_10<0 AND sma20<sma50) -> xlu         395 20.19%  0.873 -33.6% 67.7%  48.4  -0.012  -0.062  -0.039 |  28.18%  1.135 -26.4%   72% |  1.194
 684 (slope50_10<0 AND sma20<sma50) -> arow        395 22.17%  0.912 -33.6% 67.7%  48.4  +0.002  -0.002  -0.000 |  29.13%  1.134 -32.9%   72% |  1.237
 685 (slope50_10<0 OR sma20<sma50) -> cash         648 18.06%  0.842 -32.5% 58.5%  46.8  -0.035  -0.101  -0.071 |  25.82%  1.124 -23.6%   64% |  1.074
 686 (slope50_10<0 OR sma20<sma50) -> spmo         648 20.39%  0.906 -29.6% 67.7%  48.1  +0.014  -0.024  -0.006 |  26.99%  1.143 -27.2%   72% |  1.170
 687 (slope50_10<0 OR sma20<sma50) -> half         648 20.37%  0.906 -29.5% 63.1%  47.7  +0.015  -0.025  -0.007 |  28.07%  1.172 -26.7%   68% |  1.199
 688 (slope50_10<0 OR sma20<sma50) -> xlu          648 21.12%  0.923 -28.8% 67.7%  48.4  +0.040  -0.012  +0.010 |  28.94%  1.192 -25.3%   72% |  1.210
 689 (slope50_10<0 OR sma20<sma50) -> arow         648 22.35%  0.918 -33.4% 67.7%  48.4  +0.008  +0.004  +0.006 |  29.45%  1.151 -32.8%   72% |  1.247
 690 (slope50_10<0 AND fast_CDEF) -> cash          366 16.95%  0.777 -32.1% 62.4%  48.0  -0.046  -0.206  -0.136 |  26.41%  1.107 -22.7%   67% |  1.147
 691 (slope50_10<0 AND fast_CDEF) -> spmo          366 19.64%  0.861 -31.0% 67.7%  48.6  -0.004  -0.089  -0.052 |  27.26%  1.122 -28.2%   72% |  1.189
 692 (slope50_10<0 AND fast_CDEF) -> half          366 19.68%  0.863 -31.0% 65.1%  48.4  -0.003  -0.087  -0.050 |  28.21%  1.149 -27.7%   70% |  1.214
 693 (slope50_10<0 AND fast_CDEF) -> xlu           366 20.19%  0.875 -30.4% 67.7%  48.7  -0.012  -0.058  -0.038 |  28.00%  1.136 -26.4%   72% |  1.199
 694 (slope50_10<0 AND fast_CDEF) -> arow          366 22.12%  0.911 -33.6% 67.7%  48.6  +0.000  -0.004  -0.002 |  29.26%  1.139 -32.9%   72% |  1.235
 695 (slope50_10<0 OR fast_CDEF) -> cash           878 16.24%  0.829 -32.6% 55.2%  45.3  -0.023  -0.124  -0.084 |  23.16%  1.157 -23.0%   60% |  1.075
 696 (slope50_10<0 OR fast_CDEF) -> spmo           878 19.73%  0.927 -31.1% 67.7%  47.4  +0.060  -0.016  +0.014 |  26.12%  1.210 -23.2%   72% |  1.169
 697 (slope50_10<0 OR fast_CDEF) -> half           878 19.54%  0.920 -31.3% 61.4%  46.8  +0.054  -0.024  +0.007 |  26.87%  1.225 -21.8%   66% |  1.224
 698 (slope50_10<0 OR fast_CDEF) -> xlu            878 21.21%  0.963 -30.1% 67.7%  47.9  +0.106  +0.014  +0.051 |  28.84%  1.269 -21.7%   72% |  1.275
 699 (slope50_10<0 OR fast_CDEF) -> arow           878 22.60%  0.926 -33.4% 67.7%  47.9  +0.015  +0.012  +0.014 |  29.62%  1.162 -33.1%   72% |  1.226
 700 (slope50_10<0 AND age>10) -> cash             260 17.50%  0.779 -35.2% 63.9%  47.8  -0.130  -0.142  -0.134 |  24.86%  1.012 -32.9%   70% |  1.164
 701 (slope50_10<0 AND age>10) -> spmo             260 19.88%  0.854 -33.6% 67.7%  48.1  -0.059  -0.060  -0.058 |  27.14%  1.080 -32.9%   72% |  1.214
 702 (slope50_10<0 AND age>10) -> half             260 19.88%  0.855 -33.6% 65.8%  47.9  -0.059  -0.061  -0.058 |  27.32%  1.086 -32.9%   71% |  1.212
 703 (slope50_10<0 AND age>10) -> xlu              260 20.23%  0.863 -33.6% 67.7%  48.1  -0.042  -0.059  -0.050 |  27.92%  1.102 -32.9%   72% |  1.223
 704 (slope50_10<0 AND age>10) -> arow             260 22.14%  0.911 -33.6% 67.7%  48.2  +0.001  -0.003  -0.001 |  29.59%  1.144 -32.9%   72% |  1.248
 705 (slope50_10<0 OR age>10) -> cash              515 16.70%  0.778 -32.1% 60.4%  47.2  -0.093  -0.169  -0.134 |  24.63%  1.059 -22.7%   66% |  1.001
 706 (slope50_10<0 OR age>10) -> spmo              515 19.61%  0.869 -31.0% 67.7%  48.3  -0.022  -0.062  -0.044 |  26.28%  1.099 -28.2%   72% |  1.112
 707 (slope50_10<0 OR age>10) -> half              515 19.58%  0.867 -31.0% 64.1%  47.9  -0.022  -0.065  -0.045 |  27.36%  1.131 -27.7%   69% |  1.147
 708 (slope50_10<0 OR age>10) -> xlu               515 19.97%  0.874 -30.4% 67.7%  48.3  -0.006  -0.064  -0.039 |  27.92%  1.142 -26.4%   72% |  1.161
 709 (slope50_10<0 OR age>10) -> arow              515 22.24%  0.915 -33.6% 67.7%  48.3  +0.003  +0.001  +0.002 |  29.28%  1.142 -32.9%   72% |  1.231
 710 (slope50_10<0 AND volratio>1.0) -> cash       256 18.21%  0.808 -33.5% 64.0%  49.5  -0.105  -0.104  -0.105 |  24.96%  1.041 -27.2%   68% |  1.070
 711 (slope50_10<0 AND volratio>1.0) -> spmo       256 20.17%  0.868 -31.7% 67.7%  49.8  -0.040  -0.047  -0.045 |  26.09%  1.070 -30.7%   72% |  1.147
 712 (slope50_10<0 AND volratio>1.0) -> half       256 20.28%  0.872 -31.7% 65.9%  49.7  -0.037  -0.043  -0.041 |  27.45%  1.111 -29.9%   70% |  1.173
 713 (slope50_10<0 AND volratio>1.0) -> xlu        256 20.64%  0.880 -31.3% 67.7%  49.8  -0.024  -0.038  -0.032 |  27.90%  1.122 -28.7%   72% |  1.204
 714 (slope50_10<0 AND volratio>1.0) -> arow       256 21.97%  0.906 -33.6% 67.7%  49.8  -0.003  -0.009  -0.007 |  28.93%  1.129 -33.2%   72% |  1.234
 715 (slope50_10<0 OR volratio>1.0) -> cash        758 17.10%  0.846 -32.2% 56.8%  46.9  -0.049  -0.077  -0.066 |  23.41%  1.123 -24.4%   62% |  1.289
 716 (slope50_10<0 OR volratio>1.0) -> spmo        758 20.02%  0.925 -30.9% 67.7%  48.5  +0.033  -0.001  +0.012 |  25.95%  1.170 -23.6%   72% |  1.321
 717 (slope50_10<0 OR volratio>1.0) -> half        758 19.88%  0.920 -31.1% 62.3%  47.9  +0.028  -0.007  +0.007 |  26.87%  1.195 -22.4%   67% |  1.318
 718 (slope50_10<0 OR volratio>1.0) -> xlu         758 21.07%  0.947 -29.7% 67.7%  48.8  +0.075  +0.006  +0.034 |  28.63%  1.235 -21.9%   72% |  1.347
 719 (slope50_10<0 OR volratio>1.0) -> arow        758 22.35%  0.918 -33.5% 67.7%  48.8  +0.007  +0.005  +0.006 |  29.35%  1.149 -33.2%   72% |  1.254
 720 (slope50_10<0 AND dd252<-5%) -> cash          290 18.05%  0.809 -29.4% 63.6%  48.7  -0.043  -0.152  -0.104 |  26.81%  1.107 -22.7%   69% |  1.182
 721 (slope50_10<0 AND dd252<-5%) -> spmo          290 20.11%  0.872 -30.6% 67.7%  49.5  -0.009  -0.066  -0.041 |  27.89%  1.131 -28.2%   72% |  1.227
 722 (slope50_10<0 AND dd252<-5%) -> half          290 20.22%  0.875 -30.6% 65.7%  49.2  -0.005  -0.063  -0.037 |  28.40%  1.145 -27.7%   71% |  1.230
 723 (slope50_10<0 AND dd252<-5%) -> xlu           290 20.60%  0.884 -30.4% 67.7%  49.6  -0.011  -0.043  -0.029 |  28.27%  1.137 -26.4%   72% |  1.222
 724 (slope50_10<0 AND dd252<-5%) -> arow          290 22.01%  0.907 -33.6% 67.7%  49.5  -0.004  -0.006  -0.005 |  29.37%  1.141 -32.9%   72% |  1.244
 725 (slope50_10<0 OR dd252<-5%) -> cash           715 14.87%  0.748 -33.5% 57.7%  48.5  -0.212  -0.124  -0.164 |  19.00%  0.945 -32.1%   62% |  1.041
 726 (slope50_10<0 OR dd252<-5%) -> spmo           715 18.73%  0.870 -30.3% 67.7%  50.3  -0.049  -0.034  -0.042 |  22.51%  1.041 -30.5%   72% |  1.159
 727 (slope50_10<0 OR dd252<-5%) -> half           715 18.76%  0.871 -30.2% 62.7%  49.7  -0.047  -0.033  -0.041 |  24.65%  1.112 -26.0%   67% |  1.198
 728 (slope50_10<0 OR dd252<-5%) -> xlu            715 19.59%  0.888 -29.7% 67.7%  50.6  -0.011  -0.031  -0.025 |  26.01%  1.141 -25.0%   72% |  1.231
 729 (slope50_10<0 OR dd252<-5%) -> arow           715 22.15%  0.912 -33.5% 67.7%  50.6  +0.003  -0.004  -0.001 |  28.49%  1.123 -33.1%   72% |  1.226
 730 (slope50_10<0 AND vixpct>0.8) -> cash         130 20.62%  0.879 -33.6% 66.0%  48.1  +0.033  -0.083  -0.033 |  29.87%  1.185 -27.7%   70% |  1.244
 731 (slope50_10<0 AND vixpct>0.8) -> spmo         130 21.39%  0.900 -33.6% 67.7%  48.5  +0.024  -0.039  -0.012 |  29.37%  1.161 -30.8%   72% |  1.247
 732 (slope50_10<0 AND vixpct>0.8) -> half         130 21.47%  0.903 -33.6% 66.8%  48.3  +0.027  -0.037  -0.010 |  29.89%  1.177 -30.1%   71% |  1.253
 733 (slope50_10<0 AND vixpct>0.8) -> xlu          130 21.60%  0.905 -33.6% 67.7%  48.5  +0.027  -0.034  -0.008 |  29.95%  1.176 -28.9%   72% |  1.242
 734 (slope50_10<0 AND vixpct>0.8) -> arow         130 22.07%  0.909 -33.6% 67.7%  48.5  -0.002  -0.004  -0.003 |  29.35%  1.138 -33.1%   72% |  1.242
 735 (slope50_10<0 OR vixpct>0.8) -> cash          585 16.87%  0.814 -31.3% 59.4%  47.5  -0.054  -0.132  -0.099 |  24.28%  1.111 -29.8%   65% |  1.037
 736 (slope50_10<0 OR vixpct>0.8) -> spmo          585 19.77%  0.898 -30.2% 67.7%  49.0  +0.014  -0.036  -0.015 |  26.27%  1.147 -30.1%   72% |  1.145
 737 (slope50_10<0 OR vixpct>0.8) -> half          585 19.74%  0.897 -30.3% 63.6%  48.5  +0.016  -0.039  -0.016 |  27.31%  1.177 -26.4%   68% |  1.183
 738 (slope50_10<0 OR vixpct>0.8) -> xlu           585 20.41%  0.908 -28.9% 67.7%  49.2  +0.019  -0.021  -0.005 |  27.70%  1.173 -25.0%   72% |  1.209
 739 (slope50_10<0 OR vixpct>0.8) -> arow          585 22.24%  0.915 -33.7% 67.7%  49.2  +0.003  +0.001  +0.002 |  29.17%  1.140 -33.1%   72% |  1.225
 740 (sma20<sma50 AND fast_CDEF) -> cash           493 18.01%  0.825 -32.3% 60.7%  48.1  -0.013  -0.147  -0.088 |  27.03%  1.143 -22.2%   66% |  1.095
 741 (sma20<sma50 AND fast_CDEF) -> spmo           493 20.19%  0.888 -30.9% 67.7%  49.0  +0.015  -0.056  -0.024 |  27.69%  1.147 -27.2%   72% |  1.153
 742 (sma20<sma50 AND fast_CDEF) -> half           493 20.29%  0.891 -30.8% 64.2%  48.8  +0.019  -0.053  -0.021 |  28.61%  1.173 -26.7%   69% |  1.200
 743 (sma20<sma50 AND fast_CDEF) -> xlu            493 21.46%  0.925 -30.6% 67.7%  49.3  +0.041  -0.009  +0.013 |  29.41%  1.192 -25.3%   72% |  1.197
 744 (sma20<sma50 AND fast_CDEF) -> arow           493 22.10%  0.910 -33.6% 67.7%  49.2  -0.000  -0.004  -0.002 |  29.27%  1.142 -32.8%   72% |  1.229
 745 (sma20<sma50 OR fast_CDEF) -> cash            934 16.71%  0.854 -28.5% 54.4%  44.5  -0.018  -0.084  -0.059 |  23.11%  1.164 -23.0%   59% |  1.150
 746 (sma20<sma50 OR fast_CDEF) -> spmo            934 20.04%  0.943 -28.9% 67.7%  46.8  +0.066  +0.007  +0.030 |  26.19%  1.221 -23.2%   72% |  1.244
 747 (sma20<sma50 OR fast_CDEF) -> half            934 19.79%  0.934 -29.2% 61.1%  46.1  +0.059  -0.004  +0.021 |  26.88%  1.231 -21.8%   66% |  1.266
 748 (sma20<sma50 OR fast_CDEF) -> xlu             934 21.41%  0.974 -28.6% 67.7%  47.3  +0.111  +0.029  +0.062 |  28.85%  1.275 -21.7%   72% |  1.317
 749 (sma20<sma50 OR fast_CDEF) -> arow            934 22.71%  0.930 -33.2% 67.7%  47.3  +0.019  +0.016  +0.017 |  29.80%  1.169 -33.1%   72% |  1.247
 750 (sma20<sma50 AND age>10) -> cash              345 17.27%  0.777 -34.6% 62.8%  47.5  -0.143  -0.135  -0.136 |  24.22%  0.999 -32.9%   69% |  1.087
 751 (sma20<sma50 AND age>10) -> spmo              345 19.81%  0.857 -33.6% 67.7%  48.0  -0.063  -0.053  -0.056 |  26.99%  1.083 -32.9%   72% |  1.174
 752 (sma20<sma50 AND age>10) -> half              345 19.79%  0.856 -33.6% 65.2%  47.8  -0.062  -0.055  -0.056 |  27.03%  1.083 -32.9%   71% |  1.177
 753 (sma20<sma50 AND age>10) -> xlu               345 20.28%  0.868 -33.6% 67.7%  48.0  -0.034  -0.055  -0.044 |  27.98%  1.110 -32.9%   72% |  1.200
 754 (sma20<sma50 AND age>10) -> arow              345 22.17%  0.913 -33.6% 67.7%  48.1  +0.001  -0.001  -0.000 |  29.68%  1.149 -32.9%   72% |  1.244
 755 (sma20<sma50 OR age>10) -> cash               613 18.46%  0.850 -32.5% 59.0%  46.9  -0.044  -0.080  -0.063 |  25.85%  1.111 -23.6%   65% |  1.090
 756 (sma20<sma50 OR age>10) -> spmo               613 20.56%  0.907 -29.6% 67.7%  48.1  +0.006  -0.015  -0.005 |  26.93%  1.129 -27.2%   72% |  1.185
 757 (sma20<sma50 OR age>10) -> half               613 20.55%  0.907 -29.5% 63.4%  47.8  +0.007  -0.017  -0.005 |  28.07%  1.162 -26.7%   69% |  1.207
 758 (sma20<sma50 OR age>10) -> xlu                613 21.39%  0.928 -29.6% 67.7%  48.4  +0.043  -0.006  +0.016 |  29.26%  1.194 -25.3%   72% |  1.220
 759 (sma20<sma50 OR age>10) -> arow               613 22.31%  0.917 -33.4% 67.7%  48.4  +0.007  +0.003  +0.004 |  29.39%  1.147 -32.8%   72% |  1.250
 760 (sma20<sma50 AND volratio>1.0) -> cash        344 18.48%  0.824 -32.9% 62.7%  49.8  -0.098  -0.082  -0.089 |  24.99%  1.048 -26.0%   68% |  1.151
 761 (sma20<sma50 AND volratio>1.0) -> spmo        344 20.32%  0.878 -32.5% 67.7%  50.2  -0.036  -0.033  -0.034 |  26.13%  1.076 -29.8%   72% |  1.221
 762 (sma20<sma50 AND volratio>1.0) -> half        344 20.44%  0.883 -32.5% 65.2%  50.1  -0.032  -0.029  -0.030 |  27.49%  1.117 -28.9%   70% |  1.227
 763 (sma20<sma50 AND volratio>1.0) -> xlu         344 21.14%  0.902 -32.4% 67.7%  50.3  +0.006  -0.023  -0.011 |  28.72%  1.153 -27.6%   72% |  1.267
 764 (sma20<sma50 AND volratio>1.0) -> arow        344 21.94%  0.905 -33.5% 67.7%  50.4  -0.005  -0.010  -0.007 |  28.90%  1.128 -33.2%   72% |  1.252
 765 (sma20<sma50 OR volratio>1.0) -> cash         853 18.37%  0.907 -28.5% 55.6%  45.9  -0.014  +0.004  -0.005 |  23.94%  1.164 -24.4%   61% |  1.214
 766 (sma20<sma50 OR volratio>1.0) -> spmo         853 20.76%  0.960 -28.9% 67.7%  47.7  +0.056  +0.042  +0.047 |  26.41%  1.203 -23.6%   72% |  1.277
 767 (sma20<sma50 OR volratio>1.0) -> half         853 20.58%  0.953 -29.2% 61.6%  47.1  +0.051  +0.035  +0.041 |  27.23%  1.221 -22.4%   66% |  1.287
 768 (sma20<sma50 OR volratio>1.0) -> xlu          853 22.04%  0.989 -28.6% 67.7%  48.2  +0.106  +0.056  +0.076 |  29.21%  1.269 -22.3%   72% |  1.320
 769 (sma20<sma50 OR volratio>1.0) -> arow         853 22.49%  0.923 -33.3% 67.7%  48.2  +0.012  +0.009  +0.010 |  29.59%  1.160 -33.2%   72% |  1.251
 770 (sma20<sma50 AND dd252<-5%) -> cash           383 18.57%  0.834 -31.0% 62.5%  49.1  -0.061  -0.094  -0.079 |  26.01%  1.090 -23.6%   68% |  1.161
 771 (sma20<sma50 AND dd252<-5%) -> spmo           383 20.37%  0.886 -31.2% 67.7%  50.0  -0.016  -0.036  -0.027 |  27.21%  1.115 -27.2%   72% |  1.216
 772 (sma20<sma50 AND dd252<-5%) -> half           383 20.52%  0.891 -31.2% 65.1%  49.7  -0.011  -0.031  -0.022 |  28.01%  1.140 -26.7%   70% |  1.229
 773 (sma20<sma50 AND dd252<-5%) -> xlu            383 21.10%  0.906 -31.6% 67.7%  50.1  -0.002  -0.011  -0.007 |  28.35%  1.146 -25.3%   72% |  1.227
 774 (sma20<sma50 AND dd252<-5%) -> arow           383 21.95%  0.906 -33.6% 67.7%  50.1  -0.005  -0.008  -0.007 |  29.16%  1.134 -32.8%   72% |  1.241
 775 (sma20<sma50 OR dd252<-5%) -> cash            805 15.89%  0.798 -34.9% 56.4%  47.1  -0.150  -0.084  -0.115 |  20.34%  1.011 -34.2%   62% |  1.078
 776 (sma20<sma50 OR dd252<-5%) -> spmo            805 19.37%  0.900 -29.4% 67.7%  49.2  -0.013  -0.008  -0.012 |  23.69%  1.097 -31.6%   72% |  1.206
 777 (sma20<sma50 OR dd252<-5%) -> half            805 19.34%  0.900 -29.3% 62.0%  48.5  -0.011  -0.011  -0.013 |  25.44%  1.151 -26.9%   67% |  1.225
 778 (sma20<sma50 OR dd252<-5%) -> xlu             805 20.56%  0.929 -28.8% 67.7%  49.7  +0.041  +0.002  +0.016 |  27.32%  1.197 -25.0%   72% |  1.265
 779 (sma20<sma50 OR dd252<-5%) -> arow            805 22.32%  0.917 -33.3% 67.7%  49.6  +0.008  +0.002  +0.005 |  28.95%  1.140 -33.1%   72% |  1.244
 780 (sma20<sma50 AND vixpct>0.8) -> cash          163 20.71%  0.885 -32.2% 65.5%  48.2  +0.061  -0.095  -0.027 |  30.80%  1.216 -25.7%   70% |  1.252
 781 (sma20<sma50 AND vixpct>0.8) -> spmo          163 21.43%  0.904 -31.4% 67.7%  48.7  +0.038  -0.044  -0.009 |  30.35%  1.194 -29.9%   72% |  1.249
 782 (sma20<sma50 AND vixpct>0.8) -> half          163 21.53%  0.907 -31.3% 66.6%  48.6  +0.041  -0.041  -0.005 |  30.35%  1.192 -29.2%   71% |  1.257
 783 (sma20<sma50 AND vixpct>0.8) -> xlu           163 21.88%  0.916 -31.3% 67.7%  48.7  +0.050  -0.032  +0.003 |  30.69%  1.201 -27.8%   72% |  1.252
 784 (sma20<sma50 AND vixpct>0.8) -> arow          163 22.05%  0.909 -33.8% 67.7%  48.8  -0.003  -0.005  -0.004 |  29.60%  1.147 -33.1%   72% |  1.241
 785 (sma20<sma50 OR vixpct>0.8) -> cash           735 18.33%  0.884 -29.5% 57.3%  46.6  -0.044  -0.015  -0.029 |  23.97%  1.122 -28.7%   63% |  1.041
 786 (sma20<sma50 OR vixpct>0.8) -> spmo           735 20.62%  0.939 -28.9% 67.7%  48.3  +0.027  +0.027  +0.026 |  25.84%  1.149 -27.6%   72% |  1.177
 787 (sma20<sma50 OR vixpct>0.8) -> half           735 20.57%  0.937 -29.2% 62.5%  47.9  +0.030  +0.022  +0.024 |  27.26%  1.192 -25.8%   67% |  1.205
 788 (sma20<sma50 OR vixpct>0.8) -> xlu            735 21.61%  0.959 -28.8% 67.7%  48.8  +0.055  +0.042  +0.046 |  28.38%  1.211 -25.0%   72% |  1.237
 789 (sma20<sma50 OR vixpct>0.8) -> arow           735 22.37%  0.919 -33.3% 67.7%  48.8  +0.007  +0.006  +0.007 |  29.12%  1.141 -33.1%   72% |  1.241
 790 (fast_CDEF AND age>10) -> cash                251 17.49%  0.779 -37.2% 64.1%  48.1  -0.097  -0.166  -0.133 |  25.77%  1.046 -32.9%   70% |  1.126
 791 (fast_CDEF AND age>10) -> spmo                251 19.84%  0.854 -33.8% 67.7%  48.4  -0.043  -0.074  -0.059 |  27.89%  1.109 -32.9%   72% |  1.187
 792 (fast_CDEF AND age>10) -> half                251 19.88%  0.855 -33.7% 65.9%  48.3  -0.041  -0.073  -0.057 |  27.79%  1.105 -32.9%   71% |  1.195
 793 (fast_CDEF AND age>10) -> xlu                 251 20.40%  0.869 -33.6% 67.7%  48.4  -0.024  -0.060  -0.043 |  28.36%  1.120 -32.9%   72% |  1.205
 794 (fast_CDEF AND age>10) -> arow                251 22.06%  0.909 -33.6% 67.7%  48.4  -0.002  -0.005  -0.004 |  29.68%  1.148 -32.9%   72% |  1.241
 795 (fast_CDEF OR age>10) -> cash                 908 16.05%  0.824 -28.5% 54.8%  45.1  -0.039  -0.122  -0.089 |  22.74%  1.140 -25.6%   60% |  1.104
 796 (fast_CDEF OR age>10) -> spmo                 908 19.65%  0.926 -28.9% 67.7%  47.2  +0.052  -0.013  +0.013 |  26.06%  1.209 -23.2%   72% |  1.191
 797 (fast_CDEF OR age>10) -> half                 908 19.44%  0.918 -29.2% 61.2%  46.6  +0.046  -0.022  +0.006 |  26.66%  1.217 -21.8%   66% |  1.236
 798 (fast_CDEF OR age>10) -> xlu                  908 21.35%  0.971 -28.5% 67.7%  47.7  +0.098  +0.032  +0.058 |  28.61%  1.261 -21.7%   72% |  1.285
 799 (fast_CDEF OR age>10) -> arow                 908 22.62%  0.927 -33.4% 67.7%  47.8  +0.014  +0.014  +0.014 |  29.68%  1.164 -33.1%   72% |  1.229
 800 (fast_CDEF AND volratio>1.0) -> cash          541 17.89%  0.850 -32.3% 59.9%  49.1  -0.080  -0.045  -0.063 |  23.22%  1.082 -24.4%   64% |  1.243
 801 (fast_CDEF AND volratio>1.0) -> spmo          541 20.21%  0.911 -31.1% 67.7%  50.1  +0.003  -0.001  -0.001 |  25.55%  1.131 -26.3%   72% |  1.261
 802 (fast_CDEF AND volratio>1.0) -> half          541 20.21%  0.911 -31.2% 63.8%  49.8  +0.004  -0.002  -0.001 |  26.70%  1.164 -24.8%   68% |  1.283
 803 (fast_CDEF AND volratio>1.0) -> xlu           541 21.71%  0.953 -30.2% 67.7%  50.3  +0.052  +0.035  +0.041 |  28.45%  1.208 -24.1%   72% |  1.329
 804 (fast_CDEF AND volratio>1.0) -> arow          541 22.04%  0.909 -33.6% 67.7%  50.3  -0.003  -0.005  -0.004 |  28.91%  1.134 -33.5%   72% |  1.233
 805 (fast_CDEF OR volratio>1.0) -> cash           857 16.75%  0.848 -31.4% 55.5%  45.4  +0.017  -0.117  -0.064 |  24.14%  1.201 -25.6%   60% |  1.180
 806 (fast_CDEF OR volratio>1.0) -> spmo           857 19.97%  0.935 -30.6% 67.7%  47.4  +0.079  -0.015  +0.023 |  27.02%  1.247 -23.2%   72% |  1.257
 807 (fast_CDEF OR volratio>1.0) -> half           857 19.81%  0.929 -30.6% 61.6%  46.9  +0.073  -0.022  +0.016 |  27.40%  1.247 -21.8%   66% |  1.280
 808 (fast_CDEF OR volratio>1.0) -> xlu            857 21.55%  0.975 -29.5% 67.7%  48.0  +0.120  +0.024  +0.062 |  29.23%  1.285 -21.7%   72% |  1.328
 809 (fast_CDEF OR volratio>1.0) -> arow           857 22.58%  0.926 -33.2% 67.7%  48.0  +0.016  +0.011  +0.013 |  29.87%  1.171 -33.1%   72% |  1.246
 810 (fast_CDEF AND dd252<-5%) -> cash             540 16.04%  0.780 -35.4% 60.2%  50.0  -0.150  -0.114  -0.133 |  21.06%  1.005 -34.5%   65% |  1.192
 811 (fast_CDEF AND dd252<-5%) -> spmo             540 19.17%  0.874 -30.6% 67.7%  51.5  -0.032  -0.039  -0.038 |  24.48%  1.096 -29.9%   72% |  1.256
 812 (fast_CDEF AND dd252<-5%) -> half             540 19.33%  0.881 -30.6% 63.9%  51.0  -0.024  -0.034  -0.032 |  25.70%  1.133 -26.3%   68% |  1.265
 813 (fast_CDEF AND dd252<-5%) -> xlu              540 20.30%  0.904 -29.7% 67.7%  51.7  -0.005  -0.008  -0.009 |  26.59%  1.147 -25.0%   72% |  1.282
 814 (fast_CDEF AND dd252<-5%) -> arow             540 21.92%  0.905 -33.6% 67.7%  51.7  -0.006  -0.009  -0.008 |  28.77%  1.129 -33.1%   72% |  1.235
 815 (fast_CDEF OR dd252<-5%) -> cash              849 16.19%  0.824 -30.5% 55.7%  45.5  -0.005  -0.144  -0.089 |  23.64%  1.178 -23.1%   60% |  1.107
 816 (fast_CDEF OR dd252<-5%) -> spmo              849 19.66%  0.922 -30.0% 67.7%  47.6  +0.067  -0.029  +0.010 |  26.38%  1.221 -23.2%   72% |  1.184
 817 (fast_CDEF OR dd252<-5%) -> half              849 19.50%  0.916 -30.2% 61.7%  47.0  +0.062  -0.036  +0.004 |  27.11%  1.234 -21.8%   66% |  1.237
 818 (fast_CDEF OR dd252<-5%) -> xlu               849 21.43%  0.971 -28.6% 67.7%  48.1  +0.105  +0.027  +0.058 |  28.82%  1.269 -21.7%   72% |  1.277
 819 (fast_CDEF OR dd252<-5%) -> arow              849 22.53%  0.924 -33.4% 67.7%  48.1  +0.014  +0.010  +0.012 |  29.59%  1.161 -33.1%   72% |  1.225
 820 (fast_CDEF AND vixpct>0.8) -> cash            257 19.96%  0.891 -33.6% 64.2%  48.2  +0.049  -0.070  -0.022 |  28.41%  1.212 -31.0%   68% |  1.207
 821 (fast_CDEF AND vixpct>0.8) -> spmo            257 21.15%  0.918 -31.8% 67.7%  49.2  +0.049  -0.024  +0.005 |  29.03%  1.205 -29.3%   72% |  1.241
 822 (fast_CDEF AND vixpct>0.8) -> half            257 21.23%  0.921 -31.9% 66.0%  48.9  +0.055  -0.023  +0.008 |  29.33%  1.213 -28.3%   70% |  1.253
 823 (fast_CDEF AND vixpct>0.8) -> xlu             257 21.98%  0.938 -30.9% 67.7%  49.3  +0.053  +0.009  +0.026 |  29.55%  1.207 -27.5%   72% |  1.262
 824 (fast_CDEF AND vixpct>0.8) -> arow            257 22.07%  0.909 -33.7% 67.7%  49.3  -0.003  -0.004  -0.003 |  29.34%  1.141 -33.4%   72% |  1.233
 825 (fast_CDEF OR vixpct>0.8) -> cash             842 16.84%  0.851 -29.5% 55.7%  45.6  +0.032  -0.125  -0.061 |  24.68%  1.216 -22.9%   60% |  1.151
 826 (fast_CDEF OR vixpct>0.8) -> spmo             842 20.00%  0.936 -29.6% 67.7%  47.6  +0.083  -0.018  +0.023 |  27.13%  1.246 -23.2%   72% |  1.205
 827 (fast_CDEF OR vixpct>0.8) -> half             842 19.84%  0.930 -29.7% 61.7%  47.1  +0.079  -0.025  +0.017 |  27.63%  1.251 -21.8%   66% |  1.257
 828 (fast_CDEF OR vixpct>0.8) -> xlu              842 21.59%  0.976 -28.5% 67.7%  48.2  +0.117  +0.028  +0.064 |  29.23%  1.281 -21.7%   72% |  1.295
 829 (fast_CDEF OR vixpct>0.8) -> arow             842 22.54%  0.924 -33.4% 67.7%  48.1  +0.013  +0.011  +0.012 |  29.68%  1.163 -33.1%   72% |  1.225
 830 (age>10 AND volratio>1.0) -> cash             186 18.39%  0.803 -33.6% 65.0%  49.2  -0.139  -0.090  -0.110 |  24.60%  1.001 -32.9%   70% |  1.110
 831 (age>10 AND volratio>1.0) -> spmo             186 20.22%  0.861 -33.6% 67.7%  49.4  -0.067  -0.042  -0.052 |  26.84%  1.070 -32.9%   72% |  1.183
 832 (age>10 AND volratio>1.0) -> half             186 20.31%  0.864 -33.6% 66.4%  49.3  -0.064  -0.039  -0.049 |  27.16%  1.079 -32.9%   71% |  1.185
 833 (age>10 AND volratio>1.0) -> xlu              186 20.69%  0.874 -33.6% 67.7%  49.4  -0.045  -0.035  -0.039 |  27.79%  1.098 -32.9%   72% |  1.218
 834 (age>10 AND volratio>1.0) -> arow             186 21.96%  0.906 -33.6% 67.7%  49.5  -0.005  -0.009  -0.007 |  29.37%  1.138 -32.9%   72% |  1.244
 835 (age>10 OR volratio>1.0) -> cash              743 17.27%  0.848 -33.9% 57.0%  47.0  -0.082  -0.051  -0.065 |  22.75%  1.085 -24.4%   62% |  1.251
 836 (age>10 OR volratio>1.0) -> spmo              743 20.10%  0.924 -31.8% 67.7%  48.4  +0.014  +0.010  +0.011 |  25.78%  1.157 -26.3%   72% |  1.303
 837 (age>10 OR volratio>1.0) -> half              743 19.96%  0.919 -32.0% 62.4%  47.9  +0.010  +0.004  +0.006 |  26.54%  1.174 -24.8%   67% |  1.298
 838 (age>10 OR volratio>1.0) -> xlu               743 21.37%  0.954 -30.8% 67.7%  48.7  +0.078  +0.016  +0.042 |  28.89%  1.237 -24.1%   72% |  1.349
 839 (age>10 OR volratio>1.0) -> arow              743 22.35%  0.918 -33.5% 67.7%  48.7  +0.008  +0.004  +0.006 |  29.45%  1.153 -33.5%   72% |  1.255
 840 (age>10 AND dd252<-5%) -> cash                211 18.16%  0.799 -36.5% 64.8%  48.3  -0.145  -0.092  -0.114 |  24.36%  0.995 -32.9%   71% |  1.136
 841 (age>10 AND dd252<-5%) -> spmo                211 20.14%  0.861 -33.6% 67.7%  48.6  -0.070  -0.039  -0.051 |  26.87%  1.072 -32.9%   72% |  1.196
 842 (age>10 AND dd252<-5%) -> half                211 20.20%  0.863 -33.6% 66.2%  48.5  -0.067  -0.038  -0.049 |  27.05%  1.077 -32.9%   71% |  1.199
 843 (age>10 AND dd252<-5%) -> xlu                 211 20.68%  0.876 -33.6% 67.7%  48.7  -0.053  -0.025  -0.036 |  27.55%  1.091 -32.9%   72% |  1.210
 844 (age>10 AND dd252<-5%) -> arow                211 22.02%  0.908 -33.6% 67.7%  48.7  -0.004  -0.006  -0.005 |  29.46%  1.141 -32.9%   72% |  1.244
 845 (age>10 OR dd252<-5%) -> cash                 709 15.12%  0.756 -34.0% 57.8%  48.7  -0.165  -0.146  -0.157 |  20.33%  0.992 -33.0%   63% |  1.099
 846 (age>10 OR dd252<-5%) -> spmo                 709 18.84%  0.872 -28.9% 67.7%  50.6  -0.030  -0.045  -0.040 |  24.07%  1.093 -30.2%   72% |  1.212
 847 (age>10 OR dd252<-5%) -> half                 709 18.89%  0.875 -29.2% 62.7%  50.0  -0.026  -0.044  -0.038 |  25.35%  1.133 -26.3%   68% |  1.224
 848 (age>10 OR dd252<-5%) -> xlu                  709 19.86%  0.897 -29.7% 67.7%  50.9  +0.014  -0.035  -0.016 |  26.83%  1.167 -25.0%   72% |  1.260
 849 (age>10 OR dd252<-5%) -> arow                 709 22.11%  0.911 -33.5% 67.7%  50.9  +0.000  -0.003  -0.002 |  28.91%  1.134 -33.1%   72% |  1.236
 850 (age>10 AND vixpct>0.8) -> cash                88 20.66%  0.872 -33.6% 66.5%  47.8  -0.019  -0.059  -0.041 |  28.85%  1.128 -32.9%   71% |  1.245
 851 (age>10 AND vixpct>0.8) -> spmo                88 21.40%  0.894 -33.6% 67.7%  48.1  -0.008  -0.027  -0.018 |  29.18%  1.136 -32.9%   72% |  1.249
 852 (age>10 AND vixpct>0.8) -> half                88 21.44%  0.896 -33.6% 67.1%  48.0  -0.007  -0.026  -0.017 |  29.29%  1.139 -32.9%   72% |  1.248
 853 (age>10 AND vixpct>0.8) -> xlu                 88 21.36%  0.891 -33.6% 67.7%  48.1  -0.014  -0.028  -0.022 |  29.06%  1.131 -32.9%   72% |  1.240
 854 (age>10 AND vixpct>0.8) -> arow                88 22.10%  0.910 -33.6% 67.7%  48.1  -0.001  -0.003  -0.003 |  29.57%  1.143 -32.9%   72% |  1.246
 855 (age>10 OR vixpct>0.8) -> cash                542 17.17%  0.816 -34.4% 60.0%  47.7  -0.070  -0.117  -0.097 |  24.20%  1.089 -25.5%   66% |  1.041
 856 (age>10 OR vixpct>0.8) -> spmo                542 19.88%  0.894 -32.1% 67.7%  49.0  -0.000  -0.032  -0.018 |  27.03%  1.158 -29.3%   72% |  1.161
 857 (age>10 OR vixpct>0.8) -> half                542 19.88%  0.894 -32.3% 63.9%  48.6  +0.005  -0.035  -0.018 |  27.27%  1.162 -28.3%   69% |  1.179
 858 (age>10 OR vixpct>0.8) -> xlu                 542 21.01%  0.922 -31.1% 67.7%  49.1  +0.042  -0.014  +0.010 |  28.70%  1.196 -27.5%   72% |  1.226
 859 (age>10 OR vixpct>0.8) -> arow                542 22.19%  0.913 -33.7% 67.7%  49.3  -0.000  +0.001  +0.000 |  29.44%  1.146 -33.4%   72% |  1.230
 860 (volratio>1.0 AND dd252<-5%) -> cash          354 17.32%  0.803 -38.3% 62.7%  50.6  -0.200  -0.038  -0.109 |  20.59%  0.946 -37.6%   67% |  1.267
 861 (volratio>1.0 AND dd252<-5%) -> spmo          354 19.73%  0.874 -32.5% 67.7%  51.4  -0.071  -0.010  -0.038 |  23.90%  1.042 -36.5%   72% |  1.287
 862 (volratio>1.0 AND dd252<-5%) -> half          354 19.88%  0.880 -32.0% 65.2%  51.1  -0.064  -0.006  -0.033 |  25.32%  1.087 -31.4%   70% |  1.288
 863 (volratio>1.0 AND dd252<-5%) -> xlu           354 20.76%  0.904 -30.6% 67.7%  51.4  -0.028  +0.008  -0.009 |  26.62%  1.121 -30.1%   72% |  1.319
 864 (volratio>1.0 AND dd252<-5%) -> arow          354 21.82%  0.901 -33.5% 67.7%  51.5  -0.010  -0.013  -0.011 |  28.57%  1.119 -33.4%   72% |  1.236
 865 (volratio>1.0 OR dd252<-5%) -> cash           805 17.11%  0.856 -30.5% 56.3%  47.1  -0.036  -0.066  -0.056 |  23.07%  1.142 -24.0%   61% |  1.154
 866 (volratio>1.0 OR dd252<-5%) -> spmo           805 20.04%  0.933 -30.0% 67.7%  49.1  +0.048  +0.003  +0.020 |  25.75%  1.188 -25.3%   72% |  1.259
 867 (volratio>1.0 OR dd252<-5%) -> half           805 19.95%  0.929 -30.2% 62.0%  48.5  +0.044  +0.000  +0.017 |  26.78%  1.214 -23.3%   66% |  1.264
 868 (volratio>1.0 OR dd252<-5%) -> xlu            805 21.32%  0.963 -30.2% 67.7%  49.5  +0.090  +0.025  +0.050 |  28.52%  1.252 -24.1%   72% |  1.318
 869 (volratio>1.0 OR dd252<-5%) -> arow           805 22.35%  0.919 -33.3% 67.7%  49.5  +0.009  +0.003  +0.006 |  29.31%  1.151 -33.2%   72% |  1.252
 870 (volratio>1.0 AND vixpct>0.8) -> cash         216 20.90%  0.914 -32.3% 64.7%  48.5  +0.037  -0.024  +0.001 |  28.77%  1.194 -26.7%   69% |  1.278
 871 (volratio>1.0 AND vixpct>0.8) -> spmo         216 21.60%  0.926 -31.2% 67.7%  49.2  +0.035  -0.002  +0.013 |  28.47%  1.165 -29.3%   72% |  1.266
 872 (volratio>1.0 AND vixpct>0.8) -> half         216 21.66%  0.928 -31.2% 66.2%  49.0  +0.040  -0.001  +0.016 |  29.40%  1.194 -28.3%   71% |  1.279
 873 (volratio>1.0 AND vixpct>0.8) -> xlu          216 22.07%  0.935 -31.3% 67.7%  49.3  +0.042  +0.010  +0.023 |  29.67%  1.193 -27.5%   72% |  1.282
 874 (volratio>1.0 AND vixpct>0.8) -> arow         216 22.04%  0.908 -33.6% 67.7%  49.4  -0.005  -0.004  -0.004 |  28.96%  1.127 -33.4%   72% |  1.232
 875 (volratio>1.0 OR vixpct>0.8) -> cash          653 18.08%  0.875 -31.8% 58.4%  48.1  -0.050  -0.022  -0.038 |  23.22%  1.123 -23.6%   62% |  1.200
 876 (volratio>1.0 OR vixpct>0.8) -> spmo          653 20.43%  0.932 -30.9% 67.7%  49.6  +0.033  +0.015  +0.020 |  26.41%  1.194 -26.3%   72% |  1.285
 877 (volratio>1.0 OR vixpct>0.8) -> half          653 20.37%  0.930 -31.0% 63.0%  49.1  +0.031  +0.013  +0.018 |  26.82%  1.198 -24.8%   67% |  1.280
 878 (volratio>1.0 OR vixpct>0.8) -> xlu           653 21.82%  0.968 -29.4% 67.7%  49.9  +0.086  +0.037  +0.055 |  28.81%  1.246 -24.1%   72% |  1.353
 879 (volratio>1.0 OR vixpct>0.8) -> arow          653 22.21%  0.914 -33.5% 67.7%  49.9  +0.006  -0.002  +0.001 |  29.50%  1.155 -33.5%   72% |  1.254
 880 (dd252<-5% AND vixpct>0.8) -> cash            212 20.18%  0.890 -31.8% 64.9%  48.4  +0.021  -0.048  -0.022 |  27.67%  1.180 -28.5%   69% |  1.241
 881 (dd252<-5% AND vixpct>0.8) -> spmo            212 21.20%  0.914 -30.9% 67.7%  49.4  +0.034  -0.019  +0.001 |  28.72%  1.189 -29.3%   72% |  1.275
 882 (dd252<-5% AND vixpct>0.8) -> half            212 21.30%  0.917 -31.0% 66.3%  49.0  +0.039  -0.016  +0.005 |  28.91%  1.194 -28.3%   70% |  1.268
 883 (dd252<-5% AND vixpct>0.8) -> xlu             212 21.82%  0.929 -30.7% 67.7%  49.4  +0.039  +0.003  +0.016 |  29.17%  1.191 -27.5%   72% |  1.286
 884 (dd252<-5% AND vixpct>0.8) -> arow            212 21.99%  0.907 -33.6% 67.7%  49.4  -0.003  -0.008  -0.006 |  29.37%  1.141 -33.4%   72% |  1.241
 885 (dd252<-5% OR vixpct>0.8) -> cash             648 16.36%  0.805 -35.2% 58.7%  49.3  -0.125  -0.092  -0.108 |  21.57%  1.036 -34.3%   64% |  1.116
 886 (dd252<-5% OR vixpct>0.8) -> spmo             648 19.44%  0.895 -30.0% 67.7%  51.1  -0.015  -0.018  -0.018 |  24.43%  1.103 -31.3%   72% |  1.198
 887 (dd252<-5% OR vixpct>0.8) -> half             648 19.54%  0.898 -30.2% 63.2%  50.6  -0.008  -0.017  -0.014 |  25.99%  1.152 -27.1%   68% |  1.231
 888 (dd252<-5% OR vixpct>0.8) -> xlu              648 20.54%  0.920 -29.7% 67.7%  51.4  +0.016  +0.005  +0.008 |  27.03%  1.170 -25.0%   72% |  1.250
 889 (dd252<-5% OR vixpct>0.8) -> arow             648 22.07%  0.910 -33.5% 67.7%  51.5  -0.003  -0.003  -0.003 |  28.65%  1.127 -33.1%   72% |  1.226

[grid saved: /tmp/claude-0/-home-user-Robinhood-stock/e898e69c-6aab-5817-bca0-552f786d2da8/scratchpad/dsf_grid.json]  elapsed 284s

### perm stage
==============================================================================================================
RESEARCH LINE d_substate_fresh -- fresh sub-state search inside state D
==============================================================================================================
STANDING FIGURES (must match 22.18% / 0.913 / -33.6%, S 1.103, H 0.768; real weekly ~31.40% / 1.248 / -25.0%)
  26y proxy 22.18% / 0.913 / -33.6%  S 1.103  H 0.768  exposure 67.7% | real weekly 31.35% / 1.247 / -25.0%  (6575 proxy rows 2000-07-03..2026-08-26, 565 real weekly rows)
  live rebalances/yr 47.1
  state D: 934 proxy days (14.2%), search 382, holdout 552
  real DAILY harness (SPMO/TQQQ/QLD/XLU/BOXX-synthetic, 2015-11-02..2026-09-04, 2725 sessions): 29.66% / 1.145 / -32.9%  exposure 72.2%  45.2 rebalances/yr  (mirror verified against monthly_returns.simulate)
  real daily D days: 382

==============================================================================================================
STAGE perm: max-statistic permutation over the whole grid (890 candidates), 200 circular shifts of the D-day flag sequences (common shift per draw, so the dependence between candidates is preserved)
==============================================================================================================
  200 permutations in 911s

  null best-of-890 FULL-period Sharpe gain: median +0.101  95th +0.165  max +0.217
  best REAL candidate on that statistic: #335 NOT ema20<ema50 -> cash  dS_full +0.157  -> p = 0.070
  null best-of-890 BOTH-ERA gain min(dS_S, dS_H): median +0.074  95th +0.132  max +0.197
  best REAL candidate on that statistic: #335 NOT ema20<ema50 -> cash  min(dS_S,dS_H) +0.127  -> p = 0.050
  per-action null 95th pct of the full-period gain: cash +0.165, spmo +0.096, half +0.100, xlu +0.113, arow +0.017
[perm saved: /tmp/claude-0/-home-user-Robinhood-stock/e898e69c-6aab-5817-bca0-552f786d2da8/scratchpad/dsf_perm.json]  elapsed 930s

### diag stage (DSF_DEEP=335,305,535,355)
==============================================================================================================
RESEARCH LINE d_substate_fresh -- fresh sub-state search inside state D
==============================================================================================================
STANDING FIGURES (must match 22.18% / 0.913 / -33.6%, S 1.103, H 0.768; real weekly ~31.40% / 1.248 / -25.0%)
  26y proxy 22.18% / 0.913 / -33.6%  S 1.103  H 0.768  exposure 67.7% | real weekly 31.35% / 1.247 / -25.0%  (6575 proxy rows 2000-07-03..2026-08-26, 565 real weekly rows)
  live rebalances/yr 47.1
  state D: 934 proxy days (14.2%), search 382, holdout 552
  real DAILY harness (SPMO/TQQQ/QLD/XLU/BOXX-synthetic, 2015-11-02..2026-09-04, 2725 sessions): 29.66% / 1.145 / -32.9%  exposure 72.2%  45.2 rebalances/yr  (mirror verified against monthly_returns.simulate)
  real daily D days: 382

==============================================================================================================
STAGE diag: hurdles, controls and survivor diagnostics
==============================================================================================================

HURDLE 1-2 (Sharpe up in full period AND both eras): 278 of 890 candidates
   # candidate                                     nOn    dS_S    dS_H    dS_F   CAGR  MaxDD   exp   rdSh   rwSh  perm p
 335 NOT ema20<ema50 -> cash                       453  +0.206  +0.127  +0.157 24.34% -32.0% 61.2%  1.385  1.282   0.070
 338 NOT ema20<ema50 -> xlu                        453  +0.147  +0.095  +0.115 24.20% -30.9% 67.7%  1.308  1.306   0.230
 336 NOT ema20<ema50 -> spmo                       453  +0.143  +0.082  +0.105 23.57% -30.4% 67.7%  1.335  1.287   0.370
 337 NOT ema20<ema50 -> half                       453  +0.140  +0.077  +0.101 23.46% -30.5% 64.5%  1.306  1.298   0.500
 428 NOT dd252<-10% -> xlu                         870  +0.151  +0.068  +0.101 22.85% -28.0% 67.7%  1.315  1.350   0.500
 358 NOT age>10 -> xlu                             589  +0.140  +0.077  +0.100 23.21% -28.6% 67.7%  1.304  1.361   0.500
 188 NOT slope50_10<0 -> xlu                       504  +0.113  +0.088  +0.097 23.56% -29.7% 67.7%  1.271  1.374   0.550
 305 NOT fast_EF -> cash                           560  +0.136  +0.070  +0.096 22.83% -32.7% 59.8%  1.310  1.110   0.565
 535 NOT rs_spy20<0 -> cash                        251  +0.126  +0.068  +0.093 23.73% -39.5% 64.2%  1.287  1.188   0.630
 368 NOT age>20 -> xlu                             797  +0.112  +0.082  +0.091 22.49% -28.6% 67.7%  1.276  1.313   0.655
 178 NOT slope50_5<0 -> xlu                        437  +0.117  +0.070  +0.089 23.59% -30.3% 67.7%  1.273  1.349   0.735
 108 NOT gap50<-6% -> xlu                          905  +0.134  +0.055  +0.087 22.26% -28.9% 67.7%  1.298  1.305   0.780
 498 NOT mom20<-5% -> xlu                          722  +0.122  +0.059  +0.085 22.91% -29.0% 67.7%  1.281  1.312   0.855
 355 NOT age>10 -> cash                            589  +0.137  +0.050  +0.080 21.38% -29.8% 59.4%  1.323  1.322   0.950
 258 NOT slope200_20<0 -> xlu                      888  +0.132  +0.043  +0.079 21.94% -28.6% 67.7%  1.297  1.327   0.955
 438 NOT rsi<30 -> xlu                             921  +0.133  +0.041  +0.078 21.97% -28.6% 67.7%  1.299  1.330   0.960
 138 NOT gap200>10% -> xlu                         840  +0.116  +0.053  +0.078 22.11% -28.6% 67.7%  1.280  1.321   0.960
 356 NOT age>10 -> spmo                            589  +0.125  +0.050  +0.077 22.21% -27.4% 67.7%  1.277  1.314   0.970
 308 NOT fast_EF -> xlu                            560  +0.117  +0.050  +0.077 23.15% -30.7% 67.7%  1.276  1.247   0.970
 768 (sma20<sma50 OR volratio>1.0) -> xlu          853  +0.106  +0.056  +0.076 22.04% -28.6% 67.7%  1.269  1.320   0.980
 426 NOT dd252<-10% -> spmo                        870  +0.107  +0.055  +0.076 21.70% -27.4% 67.7%  1.260  1.268   0.980
 306 NOT fast_EF -> spmo                           560  +0.104  +0.053  +0.073 22.79% -31.3% 67.7%  1.298  1.206   1.000
 357 NOT age>10 -> half                            589  +0.121  +0.045  +0.073 22.07% -27.4% 63.6%  1.293  1.337   1.000
 248 NOT slope200_10<0 -> xlu                      888  +0.119  +0.040  +0.071 21.74% -28.6% 67.7%  1.284  1.333   1.000
 495 NOT mom20<-5% -> cash                         722  +0.094  +0.056  +0.071 21.34% -28.3% 57.3%  1.269  1.192   1.000

TOP 8 by FULL-period CAGR (any hurdle status) -- the upside view:
 335 NOT ema20<ema50 -> cash                      24.34%  1.069 -32.0%  dS_S +0.206 dS_H +0.127  real daily 31.97% / 1.385 / -27.9%
 338 NOT ema20<ema50 -> xlu                       24.20%  1.027 -30.9%  dS_S +0.147 dS_H +0.095  real daily 31.78% / 1.308 / -28.9%
 535 NOT rs_spy20<0 -> cash                       23.73%  1.005 -39.5%  dS_S +0.126 dS_H +0.068  real daily 32.05% / 1.287 / -33.6%
 178 NOT slope50_5<0 -> xlu                       23.59%  1.001 -30.3%  dS_S +0.117 dS_H +0.070  real daily 31.24% / 1.273 / -28.9%
 336 NOT ema20<ema50 -> spmo                      23.57%  1.018 -30.4%  dS_S +0.143 dS_H +0.082  real daily 31.68% / 1.335 / -29.2%
 188 NOT slope50_10<0 -> xlu                      23.56%  1.009 -29.7%  dS_S +0.113 dS_H +0.088  real daily 30.60% / 1.271 / -27.8%
 337 NOT ema20<ema50 -> half                      23.46%  1.014 -30.5%  dS_S +0.140 dS_H +0.077  real daily 31.16% / 1.306 / -28.4%
 110 gap200<2% -> cash                            23.34%  0.974 -29.5%  dS_S +0.125 dS_H +0.011  real daily 33.04% / 1.284 / -24.6%

TOP 8 by REAL DAILY Sharpe (2015-11..2026-09, search era only, no holdout exists for real instruments):
 335 NOT ema20<ema50 -> cash                      real 31.97% / 1.385 / -27.9%  proxy dS_S +0.206 dS_H +0.127
 336 NOT ema20<ema50 -> spmo                      real 31.68% / 1.335 / -29.2%  proxy dS_S +0.143 dS_H +0.082
 355 NOT age>10 -> cash                           real 28.29% / 1.323 / -29.6%  proxy dS_S +0.137 dS_H +0.050
 428 NOT dd252<-10% -> xlu                        real 30.58% / 1.315 / -21.7%  proxy dS_S +0.151 dS_H +0.068
 545 NOT rs_spy20<-2% -> cash                     real 29.42% / 1.311 / -22.4%  proxy dS_S +0.135 dS_H -0.136
 305 NOT fast_EF -> cash                          real 30.49% / 1.310 / -29.2%  proxy dS_S +0.136 dS_H +0.070
 600 vix5>0 -> cash                               real 29.75% / 1.309 / -25.4%  proxy dS_S +0.131 dS_H +0.029
 338 NOT ema20<ema50 -> xlu                       real 31.78% / 1.308 / -28.9%  proxy dS_S +0.147 dS_H +0.095

CONSTANT-D CONTROLS (action on all 934 D days -- a row change, not a sub-state):
flat row                         CAGR Sharpe  MaxDD   exp    dS_S    dS_H    dS_F |  rdCAGR   rdSh   rdDD |   rwSh
D -> 100% cash                 16.71%  0.854 -28.5% 54.4%  -0.018  -0.084  -0.059 |  23.11%  1.164 -23.0% |  1.150
D -> 100% SPMO core            20.04%  0.943 -28.9% 67.7%  +0.066  +0.007  +0.030 |  26.19%  1.221 -23.2% |  1.244
D -> 50% QLD / 50% cash        19.79%  0.934 -29.2% 61.1%  +0.059  -0.004  +0.021 |  26.88%  1.231 -21.8% |  1.266
D -> 50% QLD / 50% XLU         21.41%  0.974 -28.6% 67.7%  +0.111  +0.029  +0.062 |  28.85%  1.275 -21.7% |  1.317
D -> A row (50/50 SPMO/TQQQ)   22.71%  0.930 -33.2% 67.7%  +0.019  +0.016  +0.017 |  29.80%  1.169 -33.1% |  1.247
  -> a candidate's SPLIT value below is quoted against max(live, its flat row) in each era ('vs flat')
    #335 NOT ema20<ema50 -> cash                      vs flat: S +0.225  H +0.211  F +0.215   real daily Sh +0.221
    #338 NOT ema20<ema50 -> xlu                       vs flat: S +0.036  H +0.066  F +0.053   real daily Sh +0.033
    #336 NOT ema20<ema50 -> spmo                      vs flat: S +0.077  H +0.075  F +0.075   real daily Sh +0.114
    #337 NOT ema20<ema50 -> half                      vs flat: S +0.081  H +0.081  F +0.080   real daily Sh +0.075
    #428 NOT dd252<-10% -> xlu                        vs flat: S +0.040  H +0.039  F +0.039   real daily Sh +0.040
    #358 NOT age>10 -> xlu                            vs flat: S +0.029  H +0.048  F +0.038   real daily Sh +0.029
    #188 NOT slope50_10<0 -> xlu                      vs flat: S +0.002  H +0.059  F +0.035   real daily Sh -0.004
    #305 NOT fast_EF -> cash                          vs flat: S +0.155  H +0.154  F +0.155   real daily Sh +0.146
    #535 NOT rs_spy20<0 -> cash                       vs flat: S +0.144  H +0.152  F +0.152   real daily Sh +0.123
    #368 NOT age>20 -> xlu                            vs flat: S +0.001  H +0.053  F +0.030   real daily Sh +0.001
    #178 NOT slope50_5<0 -> xlu                       vs flat: S +0.006  H +0.041  F +0.027   real daily Sh -0.002
    #108 NOT gap50<-6% -> xlu                         vs flat: S +0.023  H +0.026  F +0.025   real daily Sh +0.023
    #498 NOT mom20<-5% -> xlu                         vs flat: S +0.010  H +0.030  F +0.023   real daily Sh +0.006
    #355 NOT age>10 -> cash                           vs flat: S +0.155  H +0.133  F +0.138   real daily Sh +0.159
    #258 NOT slope200_20<0 -> xlu                     vs flat: S +0.021  H +0.014  F +0.017   real daily Sh +0.022
    #438 NOT rsi<30 -> xlu                            vs flat: S +0.022  H +0.012  F +0.016   real daily Sh +0.024
    #138 NOT gap200>10% -> xlu                        vs flat: S +0.005  H +0.024  F +0.016   real daily Sh +0.004
    #356 NOT age>10 -> spmo                           vs flat: S +0.059  H +0.043  F +0.047   real daily Sh +0.057
    #308 NOT fast_EF -> xlu                           vs flat: S +0.006  H +0.021  F +0.015   real daily Sh +0.001
    #768 (sma20<sma50 OR volratio>1.0) -> xlu         vs flat: S -0.005  H +0.027  F +0.014   real daily Sh -0.006
    #426 NOT dd252<-10% -> spmo                       vs flat: S +0.041  H +0.048  F +0.046   real daily Sh +0.039
    #306 NOT fast_EF -> spmo                          vs flat: S +0.038  H +0.046  F +0.043   real daily Sh +0.078
    #357 NOT age>10 -> half                           vs flat: S +0.063  H +0.048  F +0.052   real daily Sh +0.062
    #248 NOT slope200_10<0 -> xlu                     vs flat: S +0.008  H +0.011  F +0.009   real daily Sh +0.008
    #495 NOT mom20<-5% -> cash                        vs flat: S +0.112  H +0.140  F +0.130   real daily Sh +0.105

HURDLE 3: exposure-matched and beta-matched controls (full proxy), on 12 passers + 3 near-misses
   # candidate                                    cand Sh   exp k_exp ctrl Sh  beta   k_b  bctrl  verdict
 335 NOT ema20<ema50 -> cash                        1.069 61.2% 0.903   0.920  1.14 0.897  0.920  PASS-exp PASS-beta  vs ctrl S +0.198 H +0.121
 338 NOT ema20<ema50 -> xlu                         1.027 67.7% 1.000   0.913  1.22 0.961  0.916  PASS-exp PASS-beta  vs ctrl S +0.147 H +0.095
 336 NOT ema20<ema50 -> spmo                        1.018 67.7% 1.000   0.913  1.20 0.949  0.917  PASS-exp PASS-beta  vs ctrl S +0.143 H +0.082
 337 NOT ema20<ema50 -> half                        1.014 64.5% 0.951   0.917  1.20 0.949  0.917  PASS-exp PASS-beta  vs ctrl S +0.134 H +0.074
 428 NOT dd252<-10% -> xlu                          1.014 67.7% 1.000   0.913  1.18 0.926  0.919  PASS-exp PASS-beta  vs ctrl S +0.151 H +0.068
 358 NOT age>10 -> xlu                              1.013 67.7% 1.000   0.913  1.21 0.951  0.917  PASS-exp PASS-beta  vs ctrl S +0.140 H +0.077
 188 NOT slope50_10<0 -> xlu                        1.009 67.7% 1.000   0.913  1.22 0.958  0.917  PASS-exp PASS-beta  vs ctrl S +0.113 H +0.088
 305 NOT fast_EF -> cash                            1.009 59.8% 0.882   0.922  1.11 0.875  0.922  PASS-exp PASS-beta  vs ctrl S +0.127 H +0.063
 535 NOT rs_spy20<0 -> cash                         1.005 64.2% 0.947   0.917  1.20 0.944  0.918  PASS-exp PASS-beta  vs ctrl S +0.119 H +0.065
 368 NOT age>20 -> xlu                              1.004 67.7% 1.000   0.913  1.19 0.933  0.919  PASS-exp PASS-beta  vs ctrl S +0.112 H +0.082
 178 NOT slope50_5<0 -> xlu                         1.001 67.7% 1.000   0.913  1.22 0.964  0.916  PASS-exp PASS-beta  vs ctrl S +0.117 H +0.070
 108 NOT gap50<-6% -> xlu                           0.999 67.7% 1.000   0.913  1.17 0.924  0.919  PASS-exp PASS-beta  vs ctrl S +0.134 H +0.055
 578 NOT vix>20 -> xlu                              0.963 67.7% 1.000   0.913  1.20 0.947  0.917  PASS-exp PASS-beta  vs ctrl S +0.129 H -0.009  (near-miss)
 548 NOT rs_spy20<-2% -> xlu                        0.953 67.7% 1.000   0.913  1.20 0.946  0.917  PASS-exp PASS-beta  vs ctrl S +0.122 H -0.019  (near-miss)
  87 NOT gap50<-2% -> half                          0.944 64.1% 0.945   0.918  1.20 0.942  0.918  PASS-exp PASS-beta  vs ctrl S +0.071 H -0.009  (near-miss)

HURDLE 4: max-statistic permutation (null = best of 890 under a common circular shift within D days, 200 draws)
  null best full-period gain: median +0.101, 95th +0.165; best real #335 NOT ema20<ema50 -> cash +0.157 p = 0.070
  null best both-era gain: median +0.074, 95th +0.132; best real #335 NOT ema20<ema50 -> cash +0.127 p = 0.050

SURVIVORS of hurdles 1-4: 0  (none)

DSF_DEEP override: deep diagnostics on #335 NOT ema20<ema50 -> cash, #305 NOT fast_EF -> cash, #535 NOT rs_spy20<0 -> cash, #355 NOT age>10 -> cash

SPY-core proxy (independent series; classifier + signals on SPY): live 12.94% / 0.660 / -41.6%  S 0.926 H 0.456  (6575 rows, 896 D days)

--------------------------------------------------------------------------------------------------------------
DEEP #335: NOT ema20<ema50 -> cash   [D -> 100% cash]   nOn 453 (S 209, H 244)
  proxy 24.34% / 1.069 / -32.0%  exp 61.2%  reb 47.5/yr  S 1.309 (+0.206)  H 0.895 (+0.127) | real daily 31.97% / 1.385 / -27.9% exp 65% reb 45/yr | real weekly 29.10% / 1.282 / -25.0% | perm p 0.070
  vs its FLAT row (D -> 100% cash on all D days: 16.71% / 0.854 / -28.5%, S 1.084 H 0.684): split adds S +0.225  H +0.211  F +0.215; real daily +0.221
  (a) threshold sensitivity:
      ex20_50 < -0.020             nOn  933  16.80% / 0.858 / -28.5%  dS_S -0.009 dS_H -0.084 dS_F -0.055
      ex20_50 < -0.010             nOn  857  17.74% / 0.881 / -28.5%  dS_S -0.018 dS_H -0.035 dS_F -0.032
      ex20_50 < +0.000             nOn  453  24.34% / 1.069 / -32.0%  dS_S +0.206 dS_H +0.127 dS_F +0.157
      ex20_50 < +0.010             nOn  103  20.13% / 0.864 / -33.6%  dS_S -0.005 dS_H -0.080 dS_F -0.049
      ex20_50 < +0.020             nOn   12  22.40% / 0.923 / -33.6%  dS_S +0.015 dS_H +0.007 dS_F +0.010
      EMA10 < EMA30                nOn  121  23.22% / 0.961 / -32.5%  dS_S +0.015 dS_H +0.073 dS_F +0.048
      EMA10 < EMA50                nOn  294  21.95% / 0.948 / -32.0%  dS_S +0.049 dS_H +0.025 dS_F +0.035
      EMA15 < EMA50                nOn  377  21.73% / 0.960 / -31.3%  dS_S +0.042 dS_H +0.055 dS_F +0.048
      EMA20 < EMA40                nOn  356  21.16% / 0.938 / -31.3%  dS_S +0.044 dS_H +0.016 dS_F +0.026
      EMA25 < EMA50                nOn  526  23.07% / 1.036 / -29.0%  dS_S +0.127 dS_H +0.127 dS_F +0.123
      EMA30 < EMA50                nOn  601  22.45% / 1.025 / -28.3%  dS_S +0.064 dS_H +0.155 dS_F +0.112
      EMA20 < EMA60                nOn  562  22.22% / 1.009 / -29.0%  dS_S +0.054 dS_H +0.134 dS_F +0.097
      EMA20 < EMA100               nOn  820  17.00% / 0.847 / -28.5%  dS_S -0.045 dS_H -0.073 dS_F -0.066
      EMA50 < EMA100               nOn  926  16.55% / 0.846 / -28.5%  dS_S -0.030 dS_H -0.089 dS_F -0.067
      SMA10 < SMA30                nOn  186  21.41% / 0.912 / -33.6%  dS_S -0.069 dS_H +0.052 dS_F -0.001
      SMA10 < SMA50                nOn  192  20.04% / 0.875 / -32.0%  dS_S +0.005 dS_H -0.069 dS_F -0.038
      SMA15 < SMA50                nOn  273  20.08% / 0.893 / -32.1%  dS_S +0.045 dS_H -0.063 dS_F -0.019
      SMA20 < SMA40                nOn  295  20.72% / 0.922 / -31.9%  dS_S +0.080 dS_H -0.036 dS_F +0.010
      SMA20 < SMA50                nOn  321  20.16% / 0.905 / -32.1%  dS_S +0.007 dS_H -0.013 dS_F -0.008
      SMA25 < SMA50                nOn  390  20.84% / 0.939 / -33.3%  dS_S +0.010 dS_H +0.045 dS_F +0.026
      SMA30 < SMA50                nOn  443  21.26% / 0.961 / -33.3%  dS_S +0.091 dS_H +0.024 dS_F +0.048
      SMA20 < SMA60                nOn  415  22.35% / 0.994 / -31.3%  dS_S +0.135 dS_H +0.049 dS_F +0.082
      SMA20 < SMA100               nOn  707  18.12% / 0.878 / -29.8%  dS_S -0.052 dS_H -0.014 dS_F -0.034
      SMA50 < SMA100               nOn  861  16.58% / 0.834 / -29.5%  dS_S -0.065 dS_H -0.082 dS_F -0.078
  (b) next-day QLD-leg return by search-era quintile of ex20_50 (cuts -0.004699, -0.001092, 0.00275, 0.007965); bp/day, t vs the rest:
      full     Q1 n252   +39bp t+1.4 | Q2 n170   +52bp t+2.0 | Q3 n187   -30bp t-2.5 | Q4 n175    -6bp t-1.3 | Q5 n150   +31bp t+0.6
      search   Q1 n 76   +42bp t+0.6 | Q2 n 76   +71bp t+1.8 | Q3 n 77   -25bp t-1.4 | Q4 n 76    +1bp t-0.6 | Q5 n 77   +24bp t+0.1
      holdout  Q1 n176   +38bp t+1.5 | Q2 n 94   +37bp t+1.0 | Q3 n110   -34bp t-2.2 | Q4 n 99   -12bp t-1.3 | Q5 n 73   +39bp t+0.8
      full     flagged n 481    +44 bp/day   unflagged n 453    -10 bp/day   t +2.9   (QQQ leg: flagged +22 bp, unflagged -4 bp)
      search   flagged n 173    +60 bp/day   unflagged n 209     -8 bp/day   t +2.1   (QQQ leg: flagged +31 bp, unflagged -4 bp)
      holdout  flagged n 308    +34 bp/day   unflagged n 244    -11 bp/day   t +2.1   (QQQ leg: flagged +18 bp, unflagged -5 bp)
  (c) SPY-core proxy, same rule on SPY: 8.62% / 0.508 / -45.1%  dS_S -0.100 dS_H -0.188 dS_F -0.152  nOn 448 | SPY D days: 2x-leg flagged n448 +8 bp, unflagged n448 +26 bp, t -1.3
  (d) circular block bootstrap of the Sharpe / log-return difference (2000 draws):
      vs LIVE                    block 20d: Sharpe 95% CI [-0.013, +0.330] P(<=0)=0.039   log-return [-2.19, +5.80] pp/yr P(<=0)=0.196
      vs LIVE                    block 60d: Sharpe 95% CI [-0.004, +0.318] P(<=0)=0.030   log-return [-2.04, +5.68] pp/yr P(<=0)=0.185
      vs exposure-matched live   block 20d: Sharpe 95% CI [-0.021, +0.325] P(<=0)=0.046   log-return [-0.47, +7.12] pp/yr P(<=0)=0.050
      vs exposure-matched live   block 60d: Sharpe 95% CI [-0.012, +0.313] P(<=0)=0.035   log-return [-0.31, +6.92] pp/yr P(<=0)=0.038
      vs its flat row            block 20d: Sharpe 95% CI [+0.044, +0.399] P(<=0)=0.009   log-return [+2.41, +10.59] pp/yr P(<=0)=0.001
      vs its flat row            block 60d: Sharpe 95% CI [+0.043, +0.404] P(<=0)=0.007   log-return [+2.55, +10.54] pp/yr P(<=0)=0.001
  (e) leave-one-major-regime-out (Sharpe / log-return difference vs live, that window removed):
      drop dot-com 2000-2002          Sharpe +0.176   log-return +1.94 pp/yr
      drop GFC 2007-2009              Sharpe +0.171   log-return +1.99 pp/yr
      drop COVID 2020                 Sharpe +0.147   log-return +1.75 pp/yr
      drop 2022 bear                  Sharpe +0.165   log-return +1.74 pp/yr
      drop whole SPMO era 2015-11+    Sharpe +0.127   log-return +1.77 pp/yr
  (f) log-return difference vs live accumulated on override days, by year (top 8 by size): 2003 -22.2pp, 2024 +18.5pp, 2010 +13.9pp, 2007 +13.7pp, 2013 -13.5pp, 2009 -13.1pp, 2016 +12.6pp, 2025 -12.2pp; years positive 16/24

--------------------------------------------------------------------------------------------------------------
DEEP #305: NOT fast_EF -> cash   [D -> 100% cash]   nOn 560 (S 233, H 327)
  proxy 22.83% / 1.009 / -32.7%  exp 59.8%  reb 47.8/yr  S 1.239 (+0.136)  H 0.838 (+0.070) | real daily 30.49% / 1.310 / -29.2% exp 64% reb 46/yr | real weekly 24.73% / 1.110 / -25.0% | perm p 0.565
  vs its FLAT row (D -> 100% cash on all D days: 16.71% / 0.854 / -28.5%, S 1.084 H 0.684): split adds S +0.155  H +0.154  F +0.155; real daily +0.146
  (a) threshold sensitivity:
  (b) next-day QLD-leg return by search-era quintile of fastEF (cuts 0, 0, 0, 1); bp/day, t vs the rest:
      full     Q1 n  0  +nanbp t+nan | Q2 n  0  +nanbp t+nan | Q3 n  0  +nanbp t+nan | Q4 n560    +0bp t-2.3 | Q5 n374   +44bp t+2.3
      search   Q1 n  0  +nanbp t+nan | Q2 n  0  +nanbp t+nan | Q3 n  0  +nanbp t+nan | Q4 n233    +4bp t-1.4 | Q5 n149   +51bp t+1.4
      holdout  Q1 n  0  +nanbp t+nan | Q2 n  0  +nanbp t+nan | Q3 n  0  +nanbp t+nan | Q4 n327    -2bp t-1.8 | Q5 n225   +39bp t+1.8
      full     flagged n 374    +44 bp/day   unflagged n 560     +0 bp/day   t +2.3   (QQQ leg: flagged +23 bp, unflagged +1 bp)
      search   flagged n 149    +51 bp/day   unflagged n 233     +4 bp/day   t +1.4   (QQQ leg: flagged +27 bp, unflagged +3 bp)
      holdout  flagged n 225    +39 bp/day   unflagged n 327     -2 bp/day   t +1.8   (QQQ leg: flagged +20 bp, unflagged -1 bp)
  (c) SPY-core proxy, same rule on SPY: 8.18% / 0.489 / -40.5%  dS_S -0.071 dS_H -0.248 dS_F -0.171  nOn 567 | SPY D days: 2x-leg flagged n329 +8 bp, unflagged n567 +22 bp, t -0.9
  (d) circular block bootstrap of the Sharpe / log-return difference (2000 draws):
      vs LIVE                    block 20d: Sharpe 95% CI [-0.070, +0.256] P(<=0)=0.128   log-return [-3.47, +4.55] pp/yr P(<=0)=0.402
      vs LIVE                    block 60d: Sharpe 95% CI [-0.069, +0.263] P(<=0)=0.138   log-return [-3.42, +4.69] pp/yr P(<=0)=0.393
      vs exposure-matched live   block 20d: Sharpe 95% CI [-0.080, +0.247] P(<=0)=0.147   log-return [-1.35, +5.99] pp/yr P(<=0)=0.106
      vs exposure-matched live   block 60d: Sharpe 95% CI [-0.078, +0.254] P(<=0)=0.163   log-return [-1.34, +6.10] pp/yr P(<=0)=0.107
      vs its flat row            block 20d: Sharpe 95% CI [-0.024, +0.321] P(<=0)=0.041   log-return [+1.41, +8.69] pp/yr P(<=0)=0.004
      vs its flat row            block 60d: Sharpe 95% CI [-0.016, +0.334] P(<=0)=0.040   log-return [+1.39, +9.07] pp/yr P(<=0)=0.004
  (e) leave-one-major-regime-out (Sharpe / log-return difference vs live, that window removed):
      drop dot-com 2000-2002          Sharpe +0.113   log-return +0.67 pp/yr
      drop GFC 2007-2009              Sharpe +0.092   log-return +0.42 pp/yr
      drop COVID 2020                 Sharpe +0.093   log-return +0.60 pp/yr
      drop 2022 bear                  Sharpe +0.100   log-return +0.44 pp/yr
      drop whole SPMO era 2015-11+    Sharpe +0.070   log-return +0.51 pp/yr
  (f) log-return difference vs live accumulated on override days, by year (top 8 by size): 2005 +24.8pp, 2003 -22.2pp, 2010 +21.6pp, 2018 +16.8pp, 2016 +14.7pp, 2021 -14.4pp, 2025 -14.3pp, 2013 -13.5pp; years positive 11/25

--------------------------------------------------------------------------------------------------------------
DEEP #535: NOT rs_spy20<0 -> cash   [D -> 100% cash]   nOn 251 (S 96, H 155)
  proxy 23.73% / 1.005 / -39.5%  exp 64.2%  reb 49.7/yr  S 1.228 (+0.126)  H 0.836 (+0.068) | real daily 32.05% / 1.287 / -33.6% exp 69% reb 47/yr | real weekly 27.80% / 1.188 / -25.0% | perm p 0.630
  vs its FLAT row (D -> 100% cash on all D days: 16.71% / 0.854 / -28.5%, S 1.084 H 0.684): split adds S +0.144  H +0.152  F +0.152; real daily +0.123
  (a) threshold sensitivity:
      rs_spy20 < -0.02             nOn  636  18.79% / 0.893 / -32.6%  dS_S +0.135 dS_H -0.136 dS_F -0.020
      rs_spy20 < -0.01             nOn  479  18.08% / 0.839 / -37.6%  dS_S +0.093 dS_H -0.200 dS_F -0.073
      rs_spy20 < 0                 nOn  251  23.73% / 1.005 / -39.5%  dS_S +0.126 dS_H +0.068 dS_F +0.093
      rs_spy20 < 0.01              nOn   97  23.55% / 0.975 / -33.6%  dS_S +0.106 dS_H +0.031 dS_F +0.062
      rs_spy20 < 0.02              nOn   27  22.91% / 0.944 / -33.6%  dS_S +0.049 dS_H +0.019 dS_F +0.032
  (b) next-day QLD-leg return by search-era quintile of rs_spy20 (cuts -0.02929, -0.01719, -0.005385, 0.003359); bp/day, t vs the rest:
      full     Q1 n162   +44bp t+1.4 | Q2 n177    +2bp t-0.9 | Q3 n206   +22bp t+0.2 | Q4 n187   +40bp t+1.2 | Q5 n202   -15bp t-1.6
      search   Q1 n 76   +65bp t+1.3 | Q2 n 76   +31bp t+0.3 | Q3 n 77   +39bp t+0.5 | Q4 n 76   -11bp t-1.0 | Q5 n 77   -11bp t-0.9
      holdout  Q1 n 86   +26bp t+0.5 | Q2 n101   -20bp t-1.7 | Q3 n129   +12bp t-0.1 | Q4 n111   +75bp t+2.9 | Q5 n125   -17bp t-1.5
      full     flagged n 683    +30 bp/day   unflagged n 251    -17 bp/day   t +2.1   (QQQ leg: flagged +16 bp, unflagged -8 bp)
      search   flagged n 286    +37 bp/day   unflagged n  96    -21 bp/day   t +1.4   (QQQ leg: flagged +19 bp, unflagged -10 bp)
      holdout  flagged n 397    +26 bp/day   unflagged n 155    -14 bp/day   t +1.6   (QQQ leg: flagged +13 bp, unflagged -6 bp)
  (c) SPY: signal not computable on SPY (needs QQQ-specific input)
  (d) circular block bootstrap of the Sharpe / log-return difference (2000 draws):
      vs LIVE                    block 20d: Sharpe 95% CI [-0.044, +0.219] P(<=0)=0.086   log-return [-1.91, +4.27] pp/yr P(<=0)=0.213
      vs LIVE                    block 60d: Sharpe 95% CI [-0.032, +0.235] P(<=0)=0.087   log-return [-1.62, +4.56] pp/yr P(<=0)=0.219
      vs exposure-matched live   block 20d: Sharpe 95% CI [-0.047, +0.215] P(<=0)=0.096   log-return [-1.06, +4.89] pp/yr P(<=0)=0.093
      vs exposure-matched live   block 60d: Sharpe 95% CI [-0.037, +0.231] P(<=0)=0.098   log-return [-0.85, +5.23] pp/yr P(<=0)=0.096
      vs its flat row            block 20d: Sharpe 95% CI [-0.054, +0.348] P(<=0)=0.070   log-return [+1.32, +10.30] pp/yr P(<=0)=0.009
      vs its flat row            block 60d: Sharpe 95% CI [-0.051, +0.339] P(<=0)=0.062   log-return [+1.12, +10.37] pp/yr P(<=0)=0.009
  (e) leave-one-major-regime-out (Sharpe / log-return difference vs live, that window removed):
      drop dot-com 2000-2002          Sharpe +0.103   log-return +1.39 pp/yr
      drop GFC 2007-2009              Sharpe +0.094   log-return +1.35 pp/yr
      drop COVID 2020                 Sharpe +0.059   log-return +0.62 pp/yr
      drop 2022 bear                  Sharpe +0.099   log-return +1.31 pp/yr
      drop whole SPMO era 2015-11+    Sharpe +0.068   log-return +0.89 pp/yr
  (f) log-return difference vs live accumulated on override days, by year (top 8 by size): 2020 +17.2pp, 2018 -16.1pp, 2010 +14.7pp, 2023 +12.1pp, 2026 +9.4pp, 2015 -8.1pp, 2008 +7.8pp, 2004 -7.4pp; years positive 13/22

--------------------------------------------------------------------------------------------------------------
DEEP #355: NOT age>10 -> cash   [D -> 100% cash]   nOn 589 (S 297, H 292)
  proxy 21.38% / 0.992 / -29.8%  exp 59.4%  reb 46.2/yr  S 1.239 (+0.137)  H 0.817 (+0.050) | real daily 28.29% / 1.323 / -29.6% exp 62% reb 43/yr | real weekly 28.27% / 1.322 / -22.1% | perm p 0.950
  vs its FLAT row (D -> 100% cash on all D days: 16.71% / 0.854 / -28.5%, S 1.084 H 0.684): split adds S +0.155  H +0.133  F +0.138; real daily +0.159
  (a) threshold sensitivity:
      age > 0                      nOn   88  22.25% / 0.927 / -31.9%  dS_S +0.026 dS_H +0.005 dS_F +0.014
      age > 5                      nOn  396  20.22% / 0.912 / -31.3%  dS_S -0.014 dS_H +0.016 dS_F -0.001
      age > 10                     nOn  589  21.38% / 0.992 / -29.8%  dS_S +0.137 dS_H +0.050 dS_F +0.080
      age > 15                     nOn  713  19.15% / 0.926 / -29.3%  dS_S +0.048 dS_H -0.002 dS_F +0.013
      age > 20                     nOn  797  18.60% / 0.914 / -27.5%  dS_S -0.039 dS_H +0.040 dS_F +0.001
  (b) next-day QLD-leg return by search-era quintile of age (cuts 1, 4, 7, 11); bp/day, t vs the rest:
      full     Q1 n 88    -2bp t-0.7 | Q2 n205   +17bp t-0.0 | Q3 n150   +17bp t-0.0 | Q4 n146   -14bp t-1.4 | Q5 n345   +37bp t+1.7
      search   Q1 n 43    -6bp t-0.6 | Q2 n105   +17bp t-0.2 | Q3 n 80   +20bp t-0.1 | Q4 n 69    -9bp t-0.8 | Q5 n 85   +71bp t+1.9
      holdout  Q1 n 45    +1bp t-0.3 | Q2 n100   +17bp t+0.1 | Q3 n 70   +15bp t+0.0 | Q4 n 77   -19bp t-1.2 | Q5 n260   +26bp t+1.0
      full     flagged n 345    +37 bp/day   unflagged n 589     +6 bp/day   t +1.7   (QQQ leg: flagged +19 bp, unflagged +4 bp)
      search   flagged n  85    +71 bp/day   unflagged n 297     +8 bp/day   t +1.9   (QQQ leg: flagged +37 bp, unflagged +5 bp)
      holdout  flagged n 260    +26 bp/day   unflagged n 292     +4 bp/day   t +1.0   (QQQ leg: flagged +14 bp, unflagged +3 bp)
  (c) SPY-core proxy, same rule on SPY: 10.44% / 0.608 / -42.8%  dS_S +0.078 dS_H -0.146 dS_F -0.052  nOn 623 | SPY D days: 2x-leg flagged n273 +29 bp, unflagged n623 +12 bp, t +1.3
  (d) circular block bootstrap of the Sharpe / log-return difference (2000 draws):
      vs LIVE                    block 20d: Sharpe 95% CI [-0.108, +0.267] P(<=0)=0.208   log-return [-5.07, +3.71] pp/yr P(<=0)=0.611
      vs LIVE                    block 60d: Sharpe 95% CI [-0.114, +0.261] P(<=0)=0.221   log-return [-5.10, +3.83] pp/yr P(<=0)=0.634
      vs exposure-matched live   block 20d: Sharpe 95% CI [-0.117, +0.257] P(<=0)=0.236   log-return [-2.78, +5.04] pp/yr P(<=0)=0.267
      vs exposure-matched live   block 60d: Sharpe 95% CI [-0.123, +0.254] P(<=0)=0.244   log-return [-2.89, +5.19] pp/yr P(<=0)=0.285
      vs its flat row            block 20d: Sharpe 95% CI [+0.017, +0.261] P(<=0)=0.013   log-return [+1.23, +6.65] pp/yr P(<=0)=0.001
      vs its flat row            block 60d: Sharpe 95% CI [+0.020, +0.258] P(<=0)=0.010   log-return [+1.38, +6.55] pp/yr P(<=0)=0.001
  (e) leave-one-major-regime-out (Sharpe / log-return difference vs live, that window removed):
      drop dot-com 2000-2002          Sharpe +0.095   log-return -0.72 pp/yr
      drop GFC 2007-2009              Sharpe +0.107   log-return -0.12 pp/yr
      drop COVID 2020                 Sharpe +0.062   log-return -0.83 pp/yr
      drop 2022 bear                  Sharpe +0.072   log-return -1.09 pp/yr
      drop whole SPMO era 2015-11+    Sharpe +0.050   log-return -0.30 pp/yr
  (f) log-return difference vs live accumulated on override days, by year (top 8 by size): 2003 -22.2pp, 2021 -17.7pp, 2019 -17.7pp, 2018 +16.3pp, 2010 +14.1pp, 2009 -13.1pp, 2013 -11.1pp, 2022 +10.4pp; years positive 13/25

REFERENCE (already studied, breadth_signal/dgate_anatomy; not part of this grid): QQEW/QQQ 60d-change bottom-quintile D gate -> cash, same 4800 rows 2007-07-27..2026-08-26: live 26.09% / 1.006 (S 1.103 H 0.876) -> gate 31.71% / 1.218 (S 1.332 H 1.065), nOn 124

[diag done]  elapsed 158s
